ARM GAS  /tmp/cc1MtXAT.s 			page 1


   1              		.cpu cortex-m4
   2              		.arch armv7e-m
   3              		.fpu fpv4-sp-d16
   4              		.eabi_attribute 27, 1
   5              		.eabi_attribute 28, 1
   6              		.eabi_attribute 20, 1
   7              		.eabi_attribute 21, 1
   8              		.eabi_attribute 23, 3
   9              		.eabi_attribute 24, 1
  10              		.eabi_attribute 25, 1
  11              		.eabi_attribute 26, 1
  12              		.eabi_attribute 30, 1
  13              		.eabi_attribute 34, 1
  14              		.eabi_attribute 18, 4
  15              		.file	"chschd.c"
  16              		.text
  17              	.Ltext0:
  18              		.cfi_sections	.debug_frame
  19              		.file 1 "ChibiOS/os/rt/src/chschd.c"
  20              		.section	.text._scheduler_init,"ax",%progbits
  21              		.align	1
  22              		.p2align 4,,15
  23              		.global	_scheduler_init
  24              		.syntax unified
  25              		.thumb
  26              		.thumb_func
  27              		.type	_scheduler_init, %function
  28              	_scheduler_init:
  29              	.LFB202:
  30              		.loc 1 65 28 view -0
  31              		.cfi_startproc
  32              		@ args = 0, pretend = 0, frame = 0
  33              		@ frame_needed = 0, uses_anonymous_args = 0
  34              		@ link register save eliminated.
  35              		.loc 1 67 3 view .LVU1
  36              	.LVL0:
  37              	.LBB86:
  38              	.LBI86:
  39              		.file 2 "ChibiOS/os/rt/include/chschd.h"
  40              		.loc 2 548 20 view .LVU2
  41              	.LBB87:
  42              		.loc 2 550 3 view .LVU3
  43              		.loc 2 550 13 is_stmt 0 view .LVU4
  44 0000 034B     		ldr	r3, .L2
  45 0002 1B60     		str	r3, [r3]
  46              		.loc 2 551 3 is_stmt 1 view .LVU5
  47              		.loc 2 551 13 is_stmt 0 view .LVU6
  48 0004 5B60     		str	r3, [r3, #4]
  49              	.LVL1:
  50              		.loc 2 551 13 view .LVU7
  51              	.LBE87:
  52              	.LBE86:
  53              		.loc 1 68 3 is_stmt 1 view .LVU8
  54              		.loc 1 68 17 is_stmt 0 view .LVU9
  55 0006 0022     		movs	r2, #0
  56 0008 9A60     		str	r2, [r3, #8]
  57              		.loc 1 70 3 is_stmt 1 view .LVU10
ARM GAS  /tmp/cc1MtXAT.s 			page 2


  58              		.loc 1 70 18 is_stmt 0 view .LVU11
  59 000a 1B61     		str	r3, [r3, #16]
  60              		.loc 1 71 3 is_stmt 1 view .LVU12
  61              		.loc 1 71 18 is_stmt 0 view .LVU13
  62 000c 5B61     		str	r3, [r3, #20]
  63              		.loc 1 73 1 view .LVU14
  64 000e 7047     		bx	lr
  65              	.L3:
  66              		.align	2
  67              	.L2:
  68 0010 00000000 		.word	ch
  69              		.cfi_endproc
  70              	.LFE202:
  71              		.size	_scheduler_init, .-_scheduler_init
  72              		.section	.text.chSchReadyI,"ax",%progbits
  73              		.align	1
  74              		.p2align 4,,15
  75              		.global	chSchReadyI
  76              		.syntax unified
  77              		.thumb
  78              		.thumb_func
  79              		.type	chSchReadyI, %function
  80              	chSchReadyI:
  81              	.LVL2:
  82              	.LFB203:
  83              		.loc 1 218 37 is_stmt 1 view -0
  84              		.cfi_startproc
  85              		@ args = 0, pretend = 0, frame = 0
  86              		@ frame_needed = 0, uses_anonymous_args = 0
  87              		@ link register save eliminated.
  88              		.loc 1 219 3 view .LVU16
  89              		.loc 1 221 21 view .LVU17
  90              		.loc 1 222 3 view .LVU18
  91              		.loc 1 222 3 view .LVU19
  92              		.loc 1 222 3 discriminator 5 view .LVU20
  93              		.loc 1 223 3 view .LVU21
  94              		.loc 1 223 3 view .LVU22
  95              		.loc 1 223 3 discriminator 7 view .LVU23
  96              		.loc 1 227 3 view .LVU24
  97              		.loc 1 227 13 is_stmt 0 view .LVU25
  98 0000 0023     		movs	r3, #0
  99 0002 80F82030 		strb	r3, [r0, #32]
 100              		.loc 1 228 3 is_stmt 1 view .LVU26
 101              	.LVL3:
 102              		.loc 1 228 6 is_stmt 0 view .LVU27
 103 0006 064B     		ldr	r3, .L6
 104              	.LVL4:
 105              	.L5:
 106              		.loc 1 229 3 is_stmt 1 view .LVU28
 107              		.loc 1 230 5 view .LVU29
 108              		.loc 1 230 8 is_stmt 0 view .LVU30
 109 0008 1B68     		ldr	r3, [r3]
 110              	.LVL5:
 111              		.loc 1 231 21 is_stmt 1 discriminator 1 view .LVU31
 112              		.loc 1 231 14 is_stmt 0 discriminator 1 view .LVU32
 113 000a 9968     		ldr	r1, [r3, #8]
 114              		.loc 1 231 26 discriminator 1 view .LVU33
ARM GAS  /tmp/cc1MtXAT.s 			page 3


 115 000c 8268     		ldr	r2, [r0, #8]
 116              		.loc 1 231 21 discriminator 1 view .LVU34
 117 000e 9142     		cmp	r1, r2
 118 0010 FAD2     		bcs	.L5
 119              		.loc 1 233 3 is_stmt 1 view .LVU35
 120              		.loc 1 233 30 is_stmt 0 view .LVU36
 121 0012 0360     		str	r3, [r0]
 122              		.loc 1 234 3 is_stmt 1 view .LVU37
 123              		.loc 1 234 41 is_stmt 0 view .LVU38
 124 0014 5A68     		ldr	r2, [r3, #4]
 125              		.loc 1 234 30 view .LVU39
 126 0016 4260     		str	r2, [r0, #4]
 127              		.loc 1 235 3 is_stmt 1 view .LVU40
 128              		.loc 1 235 30 is_stmt 0 view .LVU41
 129 0018 1060     		str	r0, [r2]
 130              		.loc 1 236 3 is_stmt 1 view .LVU42
 131              		.loc 1 236 30 is_stmt 0 view .LVU43
 132 001a 5860     		str	r0, [r3, #4]
 133              		.loc 1 238 3 is_stmt 1 view .LVU44
 134              		.loc 1 239 1 is_stmt 0 view .LVU45
 135 001c 7047     		bx	lr
 136              	.L7:
 137 001e 00BF     		.align	2
 138              	.L6:
 139 0020 00000000 		.word	ch
 140              		.cfi_endproc
 141              	.LFE203:
 142              		.size	chSchReadyI, .-chSchReadyI
 143              		.section	.text.wakeup,"ax",%progbits
 144              		.align	1
 145              		.p2align 4,,15
 146              		.syntax unified
 147              		.thumb
 148              		.thumb_func
 149              		.type	wakeup, %function
 150              	wakeup:
 151              	.LVL6:
 152              	.LFB206:
 153              		.loc 1 319 29 is_stmt 1 view -0
 154              		.cfi_startproc
 155              		@ args = 0, pretend = 0, frame = 0
 156              		@ frame_needed = 0, uses_anonymous_args = 0
 157              		.loc 1 319 29 is_stmt 0 view .LVU47
 158 0000 08B5     		push	{r3, lr}
 159              		.cfi_def_cfa_offset 8
 160              		.cfi_offset 3, -8
 161              		.cfi_offset 14, -4
 162              		.loc 1 320 3 is_stmt 1 view .LVU48
 163              	.LVL7:
 164              		.loc 1 322 3 view .LVU49
 165              	.LBB88:
 166              	.LBI88:
 167              		.file 3 "ChibiOS/os/rt/include/chsys.h"
 168              		.loc 3 414 20 view .LVU50
 169              		.loc 3 416 3 view .LVU51
 170              	.LBB89:
 171              	.LBI89:
ARM GAS  /tmp/cc1MtXAT.s 			page 4


 172              		.file 4 "ChibiOS/os/common/ports/ARMCMx/chcore_v7m.h"
 173              		.loc 4 643 20 view .LVU52
 174              		.loc 4 645 3 view .LVU53
 175              	.LBB90:
 176              	.LBI90:
 177              		.loc 4 604 20 view .LVU54
 178              		.loc 4 612 3 view .LVU55
 179              	.LBB91:
 180              	.LBI91:
 181              		.file 5 "ChibiOS/os/common/ext/CMSIS/include/core_cmFunc.h"
 182              		.loc 5 546 57 view .LVU56
 183              	.LBB92:
 184              		.loc 5 548 3 view .LVU57
 185 0002 2023     		movs	r3, #32
 186              		.syntax unified
 187              	@ 548 "ChibiOS/os/common/ext/CMSIS/include/core_cmFunc.h" 1
 188 0004 83F31188 		MSR basepri, r3
 189              	@ 0 "" 2
 190              	.LVL8:
 191              		.loc 5 548 3 is_stmt 0 view .LVU58
 192              		.thumb
 193              		.syntax unified
 194              	.LBE92:
 195              	.LBE91:
 196              	.LBE90:
 197              	.LBE89:
 198              		.loc 3 417 34 is_stmt 1 view .LVU59
 199              		.loc 3 418 29 view .LVU60
 200              	.LBE88:
 201              		.loc 1 323 3 view .LVU61
 202              		.loc 1 323 13 is_stmt 0 view .LVU62
 203 0008 90F82030 		ldrb	r3, [r0, #32]	@ zero_extendqisi2
 204              		.loc 1 323 3 view .LVU63
 205 000c 032B     		cmp	r3, #3
 206 000e 05D0     		beq	.L9
 207 0010 042B     		cmp	r3, #4
 208 0012 0FD0     		beq	.L10
 209 0014 2BB9     		cbnz	r3, .L11
 210              		.loc 1 327 5 is_stmt 1 view .LVU64
 211              	.LBB93:
 212              	.LBI93:
 213              		.loc 3 434 20 view .LVU65
 214              	.LBB94:
 215              		.loc 3 436 31 view .LVU66
 216              		.loc 3 437 33 view .LVU67
 217              		.loc 3 438 3 view .LVU68
 218              	.LBB95:
 219              	.LBI95:
 220              		.loc 4 654 20 view .LVU69
 221              		.loc 4 656 3 view .LVU70
 222              	.LBB96:
 223              	.LBI96:
 224              		.loc 4 628 20 view .LVU71
 225              		.loc 4 631 3 view .LVU72
 226              	.LVL9:
 227              	.LBB97:
 228              	.LBI97:
ARM GAS  /tmp/cc1MtXAT.s 			page 5


 229              		.loc 5 546 57 view .LVU73
 230              	.LBB98:
 231              		.loc 5 548 3 view .LVU74
 232              		.syntax unified
 233              	@ 548 "ChibiOS/os/common/ext/CMSIS/include/core_cmFunc.h" 1
 234 0016 83F31188 		MSR basepri, r3
 235              	@ 0 "" 2
 236              	.LVL10:
 237              		.loc 5 548 3 is_stmt 0 view .LVU75
 238              		.thumb
 239              		.syntax unified
 240              	.LBE98:
 241              	.LBE97:
 242              	.LBE96:
 243              	.LBE95:
 244              	.LBE94:
 245              	.LBE93:
 246              		.loc 1 328 5 is_stmt 1 view .LVU76
 247              	.LBB100:
 248              	.LBB99:
 249              		.loc 3 439 1 is_stmt 0 view .LVU77
 250 001a 0AE0     		b	.L8
 251              	.L9:
 252              	.LBE99:
 253              	.LBE100:
 254              		.loc 1 330 5 is_stmt 1 view .LVU78
 255              		.loc 1 330 11 is_stmt 0 view .LVU79
 256 001c 436A     		ldr	r3, [r0, #36]
 257              		.loc 1 330 18 view .LVU80
 258 001e 0022     		movs	r2, #0
 259 0020 1A60     		str	r2, [r3]
 260              		.loc 1 331 5 is_stmt 1 view .LVU81
 261              	.L11:
 262              		.loc 1 348 3 view .LVU82
 263              		.loc 1 348 16 is_stmt 0 view .LVU83
 264 0022 4FF0FF33 		mov	r3, #-1
 265 0026 4362     		str	r3, [r0, #36]
 266              		.loc 1 349 3 is_stmt 1 view .LVU84
 267              		.loc 1 349 10 is_stmt 0 view .LVU85
 268 0028 FFF7FEFF 		bl	chSchReadyI
 269              	.LVL11:
 270              		.loc 1 350 3 is_stmt 1 view .LVU86
 271              	.LBB101:
 272              	.LBI101:
 273              		.loc 3 434 20 view .LVU87
 274              	.LBB102:
 275              		.loc 3 436 31 view .LVU88
 276              		.loc 3 437 33 view .LVU89
 277              		.loc 3 438 3 view .LVU90
 278              	.LBB103:
 279              	.LBI103:
 280              		.loc 4 654 20 view .LVU91
 281              		.loc 4 656 3 view .LVU92
 282              	.LBB104:
 283              	.LBI104:
 284              		.loc 4 628 20 view .LVU93
 285              		.loc 4 631 3 view .LVU94
ARM GAS  /tmp/cc1MtXAT.s 			page 6


 286              	.LBB105:
 287              	.LBI105:
 288              		.loc 5 546 57 view .LVU95
 289              	.LBB106:
 290              		.loc 5 548 3 view .LVU96
 291 002c 0023     		movs	r3, #0
 292              		.syntax unified
 293              	@ 548 "ChibiOS/os/common/ext/CMSIS/include/core_cmFunc.h" 1
 294 002e 83F31188 		MSR basepri, r3
 295              	@ 0 "" 2
 296              	.LVL12:
 297              		.thumb
 298              		.syntax unified
 299              	.L8:
 300              		.loc 5 548 3 is_stmt 0 view .LVU97
 301              	.LBE106:
 302              	.LBE105:
 303              	.LBE104:
 304              	.LBE103:
 305              	.LBE102:
 306              	.LBE101:
 307              		.loc 1 351 1 view .LVU98
 308 0032 08BD     		pop	{r3, pc}
 309              	.LVL13:
 310              	.L10:
 311              		.loc 1 342 5 is_stmt 1 view .LVU99
 312              	.LBB107:
 313              	.LBI107:
 314              		.loc 2 635 25 view .LVU100
 315              	.LBB108:
 316              		.loc 2 637 3 view .LVU101
 317              		.loc 2 637 12 is_stmt 0 view .LVU102
 318 0034 4268     		ldr	r2, [r0, #4]
 319              		.loc 2 637 41 view .LVU103
 320 0036 0368     		ldr	r3, [r0]
 321              		.loc 2 637 30 view .LVU104
 322 0038 1360     		str	r3, [r2]
 323              		.loc 2 638 3 is_stmt 1 view .LVU105
 324              		.loc 2 638 41 is_stmt 0 view .LVU106
 325 003a 4268     		ldr	r2, [r0, #4]
 326              		.loc 2 638 30 view .LVU107
 327 003c 5A60     		str	r2, [r3, #4]
 328              		.loc 2 640 3 is_stmt 1 view .LVU108
 329              	.LVL14:
 330              		.loc 2 640 3 is_stmt 0 view .LVU109
 331              	.LBE108:
 332              	.LBE107:
 333              		.loc 1 343 5 is_stmt 1 view .LVU110
 334              	.LBB110:
 335              	.LBB109:
 336              		.loc 2 640 10 is_stmt 0 view .LVU111
 337 003e F0E7     		b	.L11
 338              	.LBE109:
 339              	.LBE110:
 340              		.cfi_endproc
 341              	.LFE206:
 342              		.size	wakeup, .-wakeup
ARM GAS  /tmp/cc1MtXAT.s 			page 7


 343              		.section	.text.chSchReadyAheadI,"ax",%progbits
 344              		.align	1
 345              		.p2align 4,,15
 346              		.global	chSchReadyAheadI
 347              		.syntax unified
 348              		.thumb
 349              		.thumb_func
 350              		.type	chSchReadyAheadI, %function
 351              	chSchReadyAheadI:
 352              	.LVL15:
 353              	.LFB204:
 354              		.loc 1 257 42 is_stmt 1 view -0
 355              		.cfi_startproc
 356              		@ args = 0, pretend = 0, frame = 0
 357              		@ frame_needed = 0, uses_anonymous_args = 0
 358              		@ link register save eliminated.
 359              		.loc 1 258 3 view .LVU113
 360              		.loc 1 260 21 view .LVU114
 361              		.loc 1 261 3 view .LVU115
 362              		.loc 1 261 3 view .LVU116
 363              		.loc 1 261 3 discriminator 5 view .LVU117
 364              		.loc 1 262 3 view .LVU118
 365              		.loc 1 262 3 view .LVU119
 366              		.loc 1 262 3 discriminator 7 view .LVU120
 367              		.loc 1 266 3 view .LVU121
 368              		.loc 1 266 13 is_stmt 0 view .LVU122
 369 0000 0023     		movs	r3, #0
 370 0002 80F82030 		strb	r3, [r0, #32]
 371              		.loc 1 267 3 is_stmt 1 view .LVU123
 372              	.LVL16:
 373              		.loc 1 267 6 is_stmt 0 view .LVU124
 374 0006 064B     		ldr	r3, .L16
 375              	.LVL17:
 376              	.L15:
 377              		.loc 1 268 3 is_stmt 1 view .LVU125
 378              		.loc 1 269 5 view .LVU126
 379              		.loc 1 269 8 is_stmt 0 view .LVU127
 380 0008 1B68     		ldr	r3, [r3]
 381              	.LVL18:
 382              		.loc 1 270 21 is_stmt 1 discriminator 1 view .LVU128
 383              		.loc 1 270 14 is_stmt 0 discriminator 1 view .LVU129
 384 000a 9968     		ldr	r1, [r3, #8]
 385              		.loc 1 270 25 discriminator 1 view .LVU130
 386 000c 8268     		ldr	r2, [r0, #8]
 387              		.loc 1 270 21 discriminator 1 view .LVU131
 388 000e 9142     		cmp	r1, r2
 389 0010 FAD8     		bhi	.L15
 390              		.loc 1 272 3 is_stmt 1 view .LVU132
 391              		.loc 1 272 30 is_stmt 0 view .LVU133
 392 0012 0360     		str	r3, [r0]
 393              		.loc 1 273 3 is_stmt 1 view .LVU134
 394              		.loc 1 273 41 is_stmt 0 view .LVU135
 395 0014 5A68     		ldr	r2, [r3, #4]
 396              		.loc 1 273 30 view .LVU136
 397 0016 4260     		str	r2, [r0, #4]
 398              		.loc 1 274 3 is_stmt 1 view .LVU137
 399              		.loc 1 274 30 is_stmt 0 view .LVU138
ARM GAS  /tmp/cc1MtXAT.s 			page 8


 400 0018 1060     		str	r0, [r2]
 401              		.loc 1 275 3 is_stmt 1 view .LVU139
 402              		.loc 1 275 30 is_stmt 0 view .LVU140
 403 001a 5860     		str	r0, [r3, #4]
 404              		.loc 1 277 3 is_stmt 1 view .LVU141
 405              		.loc 1 278 1 is_stmt 0 view .LVU142
 406 001c 7047     		bx	lr
 407              	.L17:
 408 001e 00BF     		.align	2
 409              	.L16:
 410 0020 00000000 		.word	ch
 411              		.cfi_endproc
 412              	.LFE204:
 413              		.size	chSchReadyAheadI, .-chSchReadyAheadI
 414              		.section	.rodata.chSchGoSleepS.str1.4,"aMS",%progbits,1
 415              		.align	2
 416              	.LC0:
 417 0000 73746163 		.ascii	"stack overflow\000"
 417      6B206F76 
 417      6572666C 
 417      6F7700
 418              		.section	.text.chSchGoSleepS,"ax",%progbits
 419              		.align	1
 420              		.p2align 4,,15
 421              		.global	chSchGoSleepS
 422              		.syntax unified
 423              		.thumb
 424              		.thumb_func
 425              		.type	chSchGoSleepS, %function
 426              	chSchGoSleepS:
 427              	.LVL19:
 428              	.LFB205:
 429              		.loc 1 289 39 is_stmt 1 view -0
 430              		.cfi_startproc
 431              		@ args = 0, pretend = 0, frame = 0
 432              		@ frame_needed = 0, uses_anonymous_args = 0
 433              		.loc 1 289 39 is_stmt 0 view .LVU144
 434 0000 10B5     		push	{r4, lr}
 435              		.cfi_def_cfa_offset 8
 436              		.cfi_offset 4, -8
 437              		.cfi_offset 14, -4
 438              		.loc 1 290 3 is_stmt 1 view .LVU145
 439              		.loc 1 290 13 is_stmt 0 view .LVU146
 440 0002 0E4B     		ldr	r3, .L22
 441 0004 9C69     		ldr	r4, [r3, #24]
 442              	.LVL20:
 443              		.loc 1 292 21 is_stmt 1 view .LVU147
 444              		.loc 1 295 3 view .LVU148
 445              		.loc 1 295 14 is_stmt 0 view .LVU149
 446 0006 84F82000 		strb	r0, [r4, #32]
 447              		.loc 1 304 3 is_stmt 1 view .LVU150
 448              	.LVL21:
 449              	.LBB111:
 450              	.LBI111:
 451              		.loc 2 617 25 view .LVU151
 452              	.LBB112:
 453              		.loc 2 618 3 view .LVU152
ARM GAS  /tmp/cc1MtXAT.s 			page 9


 454              		.loc 2 618 13 is_stmt 0 view .LVU153
 455 000a 1A68     		ldr	r2, [r3]
 456              	.LVL22:
 457              		.loc 2 620 3 is_stmt 1 view .LVU154
 458              		.loc 2 620 36 is_stmt 0 view .LVU155
 459 000c 1168     		ldr	r1, [r2]
 460              		.loc 2 620 25 view .LVU156
 461 000e 1960     		str	r1, [r3]
 462              		.loc 2 621 3 is_stmt 1 view .LVU157
 463              		.loc 2 621 25 is_stmt 0 view .LVU158
 464 0010 4B60     		str	r3, [r1, #4]
 465              		.loc 2 623 3 is_stmt 1 view .LVU159
 466              	.LVL23:
 467              		.loc 2 623 3 is_stmt 0 view .LVU160
 468              	.LBE112:
 469              	.LBE111:
 470              		.loc 1 304 9 discriminator 1 view .LVU161
 471 0012 9A61     		str	r2, [r3, #24]
 472              		.loc 1 305 3 is_stmt 1 view .LVU162
 473              		.loc 1 305 16 is_stmt 0 view .LVU163
 474 0014 0123     		movs	r3, #1
 475 0016 82F82030 		strb	r3, [r2, #32]
 476              		.loc 1 308 3 is_stmt 1 view .LVU164
 477              		.loc 1 309 5 view .LVU165
 478              		.loc 1 309 29 view .LVU166
 479              		.loc 1 313 3 view .LVU167
 480              		.loc 1 313 3 view .LVU168
 481              		.loc 1 313 3 view .LVU169
 482              		.loc 1 313 3 view .LVU170
 483              	.LBB113:
 484              		.loc 1 313 3 view .LVU171
 485              	.LBB114:
 486              	.LBI114:
 487              		.loc 5 426 61 view .LVU172
 488              	.LBB115:
 489              		.loc 5 428 3 view .LVU173
 490              		.loc 5 430 3 view .LVU174
 491              		.syntax unified
 492              	@ 430 "ChibiOS/os/common/ext/CMSIS/include/core_cmFunc.h" 1
 493 001a EFF30983 		MRS r3, psp
 494              	
 495              	@ 0 "" 2
 496              	.LVL24:
 497              		.loc 5 431 3 view .LVU175
 498              		.loc 5 431 3 is_stmt 0 view .LVU176
 499              		.thumb
 500              		.syntax unified
 501              	.LBE115:
 502              	.LBE114:
 503              		.loc 1 313 3 is_stmt 1 discriminator 1 view .LVU177
 504 001e 643B     		subs	r3, r3, #100
 505              	.LVL25:
 506              		.loc 1 313 3 is_stmt 0 discriminator 1 view .LVU178
 507 0020 E269     		ldr	r2, [r4, #28]
 508 0022 9342     		cmp	r3, r2
 509 0024 05D3     		bcc	.L21
 510              	.LVL26:
ARM GAS  /tmp/cc1MtXAT.s 			page 10


 511              	.L19:
 512              		.loc 1 313 3 is_stmt 1 discriminator 3 view .LVU179
 513 0026 2146     		mov	r1, r4
 514 0028 044B     		ldr	r3, .L22
 515 002a 9869     		ldr	r0, [r3, #24]
 516 002c FFF7FEFF 		bl	_port_switch
 517              	.LVL27:
 518              	.LBE113:
 519              		.loc 1 313 3 discriminator 1 view .LVU180
 520              		.loc 1 313 26 discriminator 1 view .LVU181
 521              		.loc 1 314 1 is_stmt 0 view .LVU182
 522 0030 10BD     		pop	{r4, pc}
 523              	.LVL28:
 524              	.L21:
 525              	.LBB116:
 526              		.loc 1 313 3 is_stmt 1 discriminator 1 view .LVU183
 527 0032 0348     		ldr	r0, .L22+4
 528              	.LVL29:
 529              		.loc 1 313 3 is_stmt 0 discriminator 1 view .LVU184
 530 0034 FFF7FEFF 		bl	chSysHalt
 531              	.LVL30:
 532              		.loc 1 313 3 discriminator 1 view .LVU185
 533 0038 F5E7     		b	.L19
 534              	.L23:
 535 003a 00BF     		.align	2
 536              	.L22:
 537 003c 00000000 		.word	ch
 538 0040 00000000 		.word	.LC0
 539              	.LBE116:
 540              		.cfi_endproc
 541              	.LFE205:
 542              		.size	chSchGoSleepS, .-chSchGoSleepS
 543              		.section	.text.chSchGoSleepTimeoutS,"ax",%progbits
 544              		.align	1
 545              		.p2align 4,,15
 546              		.global	chSchGoSleepTimeoutS
 547              		.syntax unified
 548              		.thumb
 549              		.thumb_func
 550              		.type	chSchGoSleepTimeoutS, %function
 551              	chSchGoSleepTimeoutS:
 552              	.LVL31:
 553              	.LFB207:
 554              		.loc 1 374 63 is_stmt 1 view -0
 555              		.cfi_startproc
 556              		@ args = 0, pretend = 0, frame = 24
 557              		@ frame_needed = 0, uses_anonymous_args = 0
 558              		.loc 1 374 63 is_stmt 0 view .LVU187
 559 0000 10B5     		push	{r4, lr}
 560              		.cfi_def_cfa_offset 8
 561              		.cfi_offset 4, -8
 562              		.cfi_offset 14, -4
 563 0002 86B0     		sub	sp, sp, #24
 564              		.cfi_def_cfa_offset 32
 565 0004 0446     		mov	r4, r0
 566              		.loc 1 376 21 is_stmt 1 view .LVU188
 567              		.loc 1 378 3 view .LVU189
ARM GAS  /tmp/cc1MtXAT.s 			page 11


 568              		.loc 1 378 6 is_stmt 0 view .LVU190
 569 0006 B1F1FF3F 		cmp	r1, #-1
 570 000a 12D0     		beq	.L25
 571              	.LBB117:
 572              		.loc 1 379 5 is_stmt 1 view .LVU191
 573              		.loc 1 381 5 view .LVU192
 574 000c 0A4B     		ldr	r3, .L29
 575 000e 9B69     		ldr	r3, [r3, #24]
 576 0010 0A4A     		ldr	r2, .L29+4
 577 0012 01A8     		add	r0, sp, #4
 578              	.LVL32:
 579              		.loc 1 381 5 is_stmt 0 view .LVU193
 580 0014 FFF7FEFF 		bl	chVTDoSetI
 581              	.LVL33:
 582              		.loc 1 382 5 is_stmt 1 view .LVU194
 583 0018 2046     		mov	r0, r4
 584 001a FFF7FEFF 		bl	chSchGoSleepS
 585              	.LVL34:
 586              		.loc 1 383 5 view .LVU195
 587              	.LBB118:
 588              	.LBI118:
 589              		.file 6 "ChibiOS/os/rt/include/chvt.h"
 590              		.loc 6 373 20 view .LVU196
 591              	.LBB119:
 592              		.loc 6 375 21 view .LVU197
 593              		.loc 6 377 3 view .LVU198
 594              		.loc 6 377 20 is_stmt 0 view .LVU199
 595 001e 049B     		ldr	r3, [sp, #16]
 596              	.LVL35:
 597              		.loc 6 377 20 view .LVU200
 598              	.LBE119:
 599              	.LBE118:
 600              		.loc 1 383 8 discriminator 1 view .LVU201
 601 0020 13B1     		cbz	r3, .L27
 602              		.loc 1 384 7 is_stmt 1 view .LVU202
 603 0022 01A8     		add	r0, sp, #4
 604 0024 FFF7FEFF 		bl	chVTDoResetI
 605              	.LVL36:
 606              	.L27:
 607              	.LBE117:
 608              		.loc 1 391 3 view .LVU203
 609              		.loc 1 391 10 is_stmt 0 view .LVU204
 610 0028 034B     		ldr	r3, .L29
 611 002a 9B69     		ldr	r3, [r3, #24]
 612              		.loc 1 392 1 view .LVU205
 613 002c 586A     		ldr	r0, [r3, #36]
 614 002e 06B0     		add	sp, sp, #24
 615              		.cfi_remember_state
 616              		.cfi_def_cfa_offset 8
 617              		@ sp needed
 618 0030 10BD     		pop	{r4, pc}
 619              	.LVL37:
 620              	.L25:
 621              		.cfi_restore_state
 622              		.loc 1 388 5 is_stmt 1 view .LVU206
 623 0032 FFF7FEFF 		bl	chSchGoSleepS
 624              	.LVL38:
ARM GAS  /tmp/cc1MtXAT.s 			page 12


 625              		.loc 1 388 5 is_stmt 0 view .LVU207
 626 0036 F7E7     		b	.L27
 627              	.L30:
 628              		.align	2
 629              	.L29:
 630 0038 00000000 		.word	ch
 631 003c 00000000 		.word	wakeup
 632              		.cfi_endproc
 633              	.LFE207:
 634              		.size	chSchGoSleepTimeoutS, .-chSchGoSleepTimeoutS
 635              		.section	.text.chSchWakeupS,"ax",%progbits
 636              		.align	1
 637              		.p2align 4,,15
 638              		.global	chSchWakeupS
 639              		.syntax unified
 640              		.thumb
 641              		.thumb_func
 642              		.type	chSchWakeupS, %function
 643              	chSchWakeupS:
 644              	.LVL39:
 645              	.LFB208:
 646              		.loc 1 411 45 is_stmt 1 view -0
 647              		.cfi_startproc
 648              		@ args = 0, pretend = 0, frame = 0
 649              		@ frame_needed = 0, uses_anonymous_args = 0
 650              		.loc 1 411 45 is_stmt 0 view .LVU209
 651 0000 38B5     		push	{r3, r4, r5, lr}
 652              		.cfi_def_cfa_offset 16
 653              		.cfi_offset 3, -16
 654              		.cfi_offset 4, -12
 655              		.cfi_offset 5, -8
 656              		.cfi_offset 14, -4
 657 0002 0446     		mov	r4, r0
 658              		.loc 1 412 3 is_stmt 1 view .LVU210
 659              		.loc 1 412 13 is_stmt 0 view .LVU211
 660 0004 104B     		ldr	r3, .L37
 661 0006 9869     		ldr	r0, [r3, #24]
 662              	.LVL40:
 663              		.loc 1 414 21 is_stmt 1 view .LVU212
 664              		.loc 1 416 3 view .LVU213
 665              		.loc 1 416 3 view .LVU214
 666              		.loc 1 416 3 discriminator 7 view .LVU215
 667              		.loc 1 422 3 view .LVU216
 668              		.loc 1 422 17 is_stmt 0 view .LVU217
 669 0008 6162     		str	r1, [r4, #36]
 670              		.loc 1 428 3 is_stmt 1 view .LVU218
 671              		.loc 1 428 10 is_stmt 0 view .LVU219
 672 000a A268     		ldr	r2, [r4, #8]
 673              		.loc 1 428 23 view .LVU220
 674 000c 8368     		ldr	r3, [r0, #8]
 675              		.loc 1 428 6 view .LVU221
 676 000e 9A42     		cmp	r2, r3
 677 0010 03D8     		bhi	.L32
 678              		.loc 1 429 5 is_stmt 1 view .LVU222
 679              		.loc 1 429 12 is_stmt 0 view .LVU223
 680 0012 2046     		mov	r0, r4
 681              	.LVL41:
ARM GAS  /tmp/cc1MtXAT.s 			page 13


 682              		.loc 1 429 12 view .LVU224
 683 0014 FFF7FEFF 		bl	chSchReadyI
 684              	.LVL42:
 685              	.L31:
 686              		.loc 1 446 1 view .LVU225
 687 0018 38BD     		pop	{r3, r4, r5, pc}
 688              	.LVL43:
 689              	.L32:
 690              		.loc 1 432 5 is_stmt 1 view .LVU226
 691              		.loc 1 432 11 is_stmt 0 view .LVU227
 692 001a FFF7FEFF 		bl	chSchReadyI
 693              	.LVL44:
 694              		.loc 1 432 11 view .LVU228
 695 001e 0546     		mov	r5, r0
 696              	.LVL45:
 697              		.loc 1 435 5 is_stmt 1 view .LVU229
 698              		.loc 1 436 7 view .LVU230
 699              		.loc 1 436 31 view .LVU231
 700              		.loc 1 440 5 view .LVU232
 701              		.loc 1 440 11 is_stmt 0 view .LVU233
 702 0020 094B     		ldr	r3, .L37
 703 0022 9C61     		str	r4, [r3, #24]
 704              		.loc 1 441 5 is_stmt 1 view .LVU234
 705              		.loc 1 441 16 is_stmt 0 view .LVU235
 706 0024 0123     		movs	r3, #1
 707 0026 84F82030 		strb	r3, [r4, #32]
 708              		.loc 1 444 5 is_stmt 1 view .LVU236
 709              		.loc 1 444 5 view .LVU237
 710              		.loc 1 444 5 view .LVU238
 711              		.loc 1 444 5 view .LVU239
 712              	.LBB120:
 713              		.loc 1 444 5 view .LVU240
 714              	.LBB121:
 715              	.LBI121:
 716              		.loc 5 426 61 view .LVU241
 717              	.LBB122:
 718              		.loc 5 428 3 view .LVU242
 719              		.loc 5 430 3 view .LVU243
 720              		.syntax unified
 721              	@ 430 "ChibiOS/os/common/ext/CMSIS/include/core_cmFunc.h" 1
 722 002a EFF30983 		MRS r3, psp
 723              	
 724              	@ 0 "" 2
 725              	.LVL46:
 726              		.loc 5 431 3 view .LVU244
 727              		.loc 5 431 3 is_stmt 0 view .LVU245
 728              		.thumb
 729              		.syntax unified
 730              	.LBE122:
 731              	.LBE121:
 732              		.loc 1 444 5 is_stmt 1 discriminator 1 view .LVU246
 733 002e 643B     		subs	r3, r3, #100
 734              	.LVL47:
 735              		.loc 1 444 5 is_stmt 0 discriminator 1 view .LVU247
 736 0030 C269     		ldr	r2, [r0, #28]
 737 0032 9342     		cmp	r3, r2
 738 0034 04D3     		bcc	.L36
ARM GAS  /tmp/cc1MtXAT.s 			page 14


 739              	.LVL48:
 740              	.L34:
 741              		.loc 1 444 5 is_stmt 1 discriminator 3 view .LVU248
 742 0036 2946     		mov	r1, r5
 743 0038 2046     		mov	r0, r4
 744 003a FFF7FEFF 		bl	_port_switch
 745              	.LVL49:
 746              	.LBE120:
 747              		.loc 1 444 5 discriminator 4 view .LVU249
 748              		.loc 1 444 26 discriminator 4 view .LVU250
 749              		.loc 1 446 1 is_stmt 0 view .LVU251
 750 003e EBE7     		b	.L31
 751              	.LVL50:
 752              	.L36:
 753              	.LBB123:
 754              		.loc 1 444 5 is_stmt 1 discriminator 1 view .LVU252
 755 0040 0248     		ldr	r0, .L37+4
 756              	.LVL51:
 757              		.loc 1 444 5 is_stmt 0 discriminator 1 view .LVU253
 758 0042 FFF7FEFF 		bl	chSysHalt
 759              	.LVL52:
 760              		.loc 1 444 5 discriminator 1 view .LVU254
 761 0046 F6E7     		b	.L34
 762              	.L38:
 763              		.align	2
 764              	.L37:
 765 0048 00000000 		.word	ch
 766 004c 00000000 		.word	.LC0
 767              	.LBE123:
 768              		.cfi_endproc
 769              	.LFE208:
 770              		.size	chSchWakeupS, .-chSchWakeupS
 771              		.section	.text.chSchIsPreemptionRequired,"ax",%progbits
 772              		.align	1
 773              		.p2align 4,,15
 774              		.global	chSchIsPreemptionRequired
 775              		.syntax unified
 776              		.thumb
 777              		.thumb_func
 778              		.type	chSchIsPreemptionRequired, %function
 779              	chSchIsPreemptionRequired:
 780              	.LFB210:
 781              		.loc 1 477 38 is_stmt 1 view -0
 782              		.cfi_startproc
 783              		@ args = 0, pretend = 0, frame = 0
 784              		@ frame_needed = 0, uses_anonymous_args = 0
 785              		@ link register save eliminated.
 786              		.loc 1 478 3 view .LVU256
 787              		.loc 1 478 16 is_stmt 0 view .LVU257
 788 0000 044B     		ldr	r3, .L40
 789 0002 1A68     		ldr	r2, [r3]
 790              		.loc 1 478 11 view .LVU258
 791 0004 9068     		ldr	r0, [r2, #8]
 792              	.LVL53:
 793              		.loc 1 479 3 is_stmt 1 view .LVU259
 794              		.loc 1 479 16 is_stmt 0 view .LVU260
 795 0006 9B69     		ldr	r3, [r3, #24]
ARM GAS  /tmp/cc1MtXAT.s 			page 15


 796              		.loc 1 479 11 view .LVU261
 797 0008 9B68     		ldr	r3, [r3, #8]
 798              	.LVL54:
 799              		.loc 1 490 3 is_stmt 1 view .LVU262
 800              		.loc 1 492 1 is_stmt 0 view .LVU263
 801 000a 9842     		cmp	r0, r3
 802 000c 94BF     		ite	ls
 803 000e 0020     		movls	r0, #0
 804              	.LVL55:
 805              		.loc 1 492 1 view .LVU264
 806 0010 0120     		movhi	r0, #1
 807 0012 7047     		bx	lr
 808              	.L41:
 809              		.align	2
 810              	.L40:
 811 0014 00000000 		.word	ch
 812              		.cfi_endproc
 813              	.LFE210:
 814              		.size	chSchIsPreemptionRequired, .-chSchIsPreemptionRequired
 815              		.section	.text.chSchDoRescheduleBehind,"ax",%progbits
 816              		.align	1
 817              		.p2align 4,,15
 818              		.global	chSchDoRescheduleBehind
 819              		.syntax unified
 820              		.thumb
 821              		.thumb_func
 822              		.type	chSchDoRescheduleBehind, %function
 823              	chSchDoRescheduleBehind:
 824              	.LFB211:
 825              		.loc 1 504 36 is_stmt 1 view -0
 826              		.cfi_startproc
 827              		@ args = 0, pretend = 0, frame = 0
 828              		@ frame_needed = 0, uses_anonymous_args = 0
 829 0000 10B5     		push	{r4, lr}
 830              		.cfi_def_cfa_offset 8
 831              		.cfi_offset 4, -8
 832              		.cfi_offset 14, -4
 833              		.loc 1 505 3 view .LVU266
 834              		.loc 1 505 13 is_stmt 0 view .LVU267
 835 0002 0E4B     		ldr	r3, .L46
 836 0004 9869     		ldr	r0, [r3, #24]
 837              	.LVL56:
 838              		.loc 1 508 3 is_stmt 1 view .LVU268
 839              	.LBB124:
 840              	.LBI124:
 841              		.loc 2 617 25 view .LVU269
 842              	.LBB125:
 843              		.loc 2 618 3 view .LVU270
 844              		.loc 2 618 13 is_stmt 0 view .LVU271
 845 0006 1A68     		ldr	r2, [r3]
 846              	.LVL57:
 847              		.loc 2 620 3 is_stmt 1 view .LVU272
 848              		.loc 2 620 36 is_stmt 0 view .LVU273
 849 0008 1168     		ldr	r1, [r2]
 850              		.loc 2 620 25 view .LVU274
 851 000a 1960     		str	r1, [r3]
 852              		.loc 2 621 3 is_stmt 1 view .LVU275
ARM GAS  /tmp/cc1MtXAT.s 			page 16


 853              		.loc 2 621 25 is_stmt 0 view .LVU276
 854 000c 4B60     		str	r3, [r1, #4]
 855              		.loc 2 623 3 is_stmt 1 view .LVU277
 856              	.LVL58:
 857              		.loc 2 623 3 is_stmt 0 view .LVU278
 858              	.LBE125:
 859              	.LBE124:
 860              		.loc 1 508 9 discriminator 1 view .LVU279
 861 000e 9A61     		str	r2, [r3, #24]
 862              		.loc 1 509 3 is_stmt 1 view .LVU280
 863              		.loc 1 509 16 is_stmt 0 view .LVU281
 864 0010 0123     		movs	r3, #1
 865 0012 82F82030 		strb	r3, [r2, #32]
 866              		.loc 1 512 3 is_stmt 1 view .LVU282
 867              		.loc 1 513 5 view .LVU283
 868              		.loc 1 513 29 view .LVU284
 869              		.loc 1 522 3 view .LVU285
 870              		.loc 1 522 9 is_stmt 0 view .LVU286
 871 0016 FFF7FEFF 		bl	chSchReadyI
 872              	.LVL59:
 873              		.loc 1 522 9 view .LVU287
 874 001a 0446     		mov	r4, r0
 875              	.LVL60:
 876              		.loc 1 525 3 is_stmt 1 view .LVU288
 877              		.loc 1 525 3 view .LVU289
 878              		.loc 1 525 3 view .LVU290
 879              		.loc 1 525 3 view .LVU291
 880              	.LBB126:
 881              		.loc 1 525 3 view .LVU292
 882              	.LBB127:
 883              	.LBI127:
 884              		.loc 5 426 61 view .LVU293
 885              	.LBB128:
 886              		.loc 5 428 3 view .LVU294
 887              		.loc 5 430 3 view .LVU295
 888              		.syntax unified
 889              	@ 430 "ChibiOS/os/common/ext/CMSIS/include/core_cmFunc.h" 1
 890 001c EFF30983 		MRS r3, psp
 891              	
 892              	@ 0 "" 2
 893              	.LVL61:
 894              		.loc 5 431 3 view .LVU296
 895              		.loc 5 431 3 is_stmt 0 view .LVU297
 896              		.thumb
 897              		.syntax unified
 898              	.LBE128:
 899              	.LBE127:
 900              		.loc 1 525 3 is_stmt 1 discriminator 1 view .LVU298
 901 0020 643B     		subs	r3, r3, #100
 902              	.LVL62:
 903              		.loc 1 525 3 is_stmt 0 discriminator 1 view .LVU299
 904 0022 C269     		ldr	r2, [r0, #28]
 905 0024 9342     		cmp	r3, r2
 906 0026 05D3     		bcc	.L45
 907              	.LVL63:
 908              	.L43:
 909              		.loc 1 525 3 is_stmt 1 discriminator 3 view .LVU300
ARM GAS  /tmp/cc1MtXAT.s 			page 17


 910 0028 2146     		mov	r1, r4
 911 002a 044B     		ldr	r3, .L46
 912 002c 9869     		ldr	r0, [r3, #24]
 913 002e FFF7FEFF 		bl	_port_switch
 914              	.LVL64:
 915              	.LBE126:
 916              		.loc 1 525 3 discriminator 1 view .LVU301
 917              		.loc 1 525 26 discriminator 1 view .LVU302
 918              		.loc 1 526 1 is_stmt 0 view .LVU303
 919 0032 10BD     		pop	{r4, pc}
 920              	.LVL65:
 921              	.L45:
 922              	.LBB129:
 923              		.loc 1 525 3 is_stmt 1 discriminator 1 view .LVU304
 924 0034 0248     		ldr	r0, .L46+4
 925              	.LVL66:
 926              		.loc 1 525 3 is_stmt 0 discriminator 1 view .LVU305
 927 0036 FFF7FEFF 		bl	chSysHalt
 928              	.LVL67:
 929              		.loc 1 525 3 discriminator 1 view .LVU306
 930 003a F5E7     		b	.L43
 931              	.L47:
 932              		.align	2
 933              	.L46:
 934 003c 00000000 		.word	ch
 935 0040 00000000 		.word	.LC0
 936              	.LBE129:
 937              		.cfi_endproc
 938              	.LFE211:
 939              		.size	chSchDoRescheduleBehind, .-chSchDoRescheduleBehind
 940              		.section	.text.chSchDoRescheduleAhead,"ax",%progbits
 941              		.align	1
 942              		.p2align 4,,15
 943              		.global	chSchDoRescheduleAhead
 944              		.syntax unified
 945              		.thumb
 946              		.thumb_func
 947              		.type	chSchDoRescheduleAhead, %function
 948              	chSchDoRescheduleAhead:
 949              	.LFB212:
 950              		.loc 1 537 35 is_stmt 1 view -0
 951              		.cfi_startproc
 952              		@ args = 0, pretend = 0, frame = 0
 953              		@ frame_needed = 0, uses_anonymous_args = 0
 954 0000 10B5     		push	{r4, lr}
 955              		.cfi_def_cfa_offset 8
 956              		.cfi_offset 4, -8
 957              		.cfi_offset 14, -4
 958              		.loc 1 538 3 view .LVU308
 959              		.loc 1 538 13 is_stmt 0 view .LVU309
 960 0002 0E4B     		ldr	r3, .L52
 961 0004 9869     		ldr	r0, [r3, #24]
 962              	.LVL68:
 963              		.loc 1 541 3 is_stmt 1 view .LVU310
 964              	.LBB130:
 965              	.LBI130:
 966              		.loc 2 617 25 view .LVU311
ARM GAS  /tmp/cc1MtXAT.s 			page 18


 967              	.LBB131:
 968              		.loc 2 618 3 view .LVU312
 969              		.loc 2 618 13 is_stmt 0 view .LVU313
 970 0006 1A68     		ldr	r2, [r3]
 971              	.LVL69:
 972              		.loc 2 620 3 is_stmt 1 view .LVU314
 973              		.loc 2 620 36 is_stmt 0 view .LVU315
 974 0008 1168     		ldr	r1, [r2]
 975              		.loc 2 620 25 view .LVU316
 976 000a 1960     		str	r1, [r3]
 977              		.loc 2 621 3 is_stmt 1 view .LVU317
 978              		.loc 2 621 25 is_stmt 0 view .LVU318
 979 000c 4B60     		str	r3, [r1, #4]
 980              		.loc 2 623 3 is_stmt 1 view .LVU319
 981              	.LVL70:
 982              		.loc 2 623 3 is_stmt 0 view .LVU320
 983              	.LBE131:
 984              	.LBE130:
 985              		.loc 1 541 9 discriminator 1 view .LVU321
 986 000e 9A61     		str	r2, [r3, #24]
 987              		.loc 1 542 3 is_stmt 1 view .LVU322
 988              		.loc 1 542 16 is_stmt 0 view .LVU323
 989 0010 0123     		movs	r3, #1
 990 0012 82F82030 		strb	r3, [r2, #32]
 991              		.loc 1 545 3 is_stmt 1 view .LVU324
 992              		.loc 1 546 5 view .LVU325
 993              		.loc 1 546 29 view .LVU326
 994              		.loc 1 550 3 view .LVU327
 995              		.loc 1 550 9 is_stmt 0 view .LVU328
 996 0016 FFF7FEFF 		bl	chSchReadyAheadI
 997              	.LVL71:
 998              		.loc 1 550 9 view .LVU329
 999 001a 0446     		mov	r4, r0
 1000              	.LVL72:
 1001              		.loc 1 553 3 is_stmt 1 view .LVU330
 1002              		.loc 1 553 3 view .LVU331
 1003              		.loc 1 553 3 view .LVU332
 1004              		.loc 1 553 3 view .LVU333
 1005              	.LBB132:
 1006              		.loc 1 553 3 view .LVU334
 1007              	.LBB133:
 1008              	.LBI133:
 1009              		.loc 5 426 61 view .LVU335
 1010              	.LBB134:
 1011              		.loc 5 428 3 view .LVU336
 1012              		.loc 5 430 3 view .LVU337
 1013              		.syntax unified
 1014              	@ 430 "ChibiOS/os/common/ext/CMSIS/include/core_cmFunc.h" 1
 1015 001c EFF30983 		MRS r3, psp
 1016              	
 1017              	@ 0 "" 2
 1018              	.LVL73:
 1019              		.loc 5 431 3 view .LVU338
 1020              		.loc 5 431 3 is_stmt 0 view .LVU339
 1021              		.thumb
 1022              		.syntax unified
 1023              	.LBE134:
ARM GAS  /tmp/cc1MtXAT.s 			page 19


 1024              	.LBE133:
 1025              		.loc 1 553 3 is_stmt 1 discriminator 1 view .LVU340
 1026 0020 643B     		subs	r3, r3, #100
 1027              	.LVL74:
 1028              		.loc 1 553 3 is_stmt 0 discriminator 1 view .LVU341
 1029 0022 C269     		ldr	r2, [r0, #28]
 1030 0024 9342     		cmp	r3, r2
 1031 0026 05D3     		bcc	.L51
 1032              	.LVL75:
 1033              	.L49:
 1034              		.loc 1 553 3 is_stmt 1 discriminator 3 view .LVU342
 1035 0028 2146     		mov	r1, r4
 1036 002a 044B     		ldr	r3, .L52
 1037 002c 9869     		ldr	r0, [r3, #24]
 1038 002e FFF7FEFF 		bl	_port_switch
 1039              	.LVL76:
 1040              	.LBE132:
 1041              		.loc 1 553 3 discriminator 1 view .LVU343
 1042              		.loc 1 553 26 discriminator 1 view .LVU344
 1043              		.loc 1 554 1 is_stmt 0 view .LVU345
 1044 0032 10BD     		pop	{r4, pc}
 1045              	.LVL77:
 1046              	.L51:
 1047              	.LBB135:
 1048              		.loc 1 553 3 is_stmt 1 discriminator 1 view .LVU346
 1049 0034 0248     		ldr	r0, .L52+4
 1050              	.LVL78:
 1051              		.loc 1 553 3 is_stmt 0 discriminator 1 view .LVU347
 1052 0036 FFF7FEFF 		bl	chSysHalt
 1053              	.LVL79:
 1054              		.loc 1 553 3 discriminator 1 view .LVU348
 1055 003a F5E7     		b	.L49
 1056              	.L53:
 1057              		.align	2
 1058              	.L52:
 1059 003c 00000000 		.word	ch
 1060 0040 00000000 		.word	.LC0
 1061              	.LBE135:
 1062              		.cfi_endproc
 1063              	.LFE212:
 1064              		.size	chSchDoRescheduleAhead, .-chSchDoRescheduleAhead
 1065              		.section	.text.chSchRescheduleS,"ax",%progbits
 1066              		.align	1
 1067              		.p2align 4,,15
 1068              		.global	chSchRescheduleS
 1069              		.syntax unified
 1070              		.thumb
 1071              		.thumb_func
 1072              		.type	chSchRescheduleS, %function
 1073              	chSchRescheduleS:
 1074              	.LFB209:
 1075              		.loc 1 455 29 is_stmt 1 view -0
 1076              		.cfi_startproc
 1077              		@ args = 0, pretend = 0, frame = 0
 1078              		@ frame_needed = 0, uses_anonymous_args = 0
 1079 0000 08B5     		push	{r3, lr}
 1080              		.cfi_def_cfa_offset 8
ARM GAS  /tmp/cc1MtXAT.s 			page 20


 1081              		.cfi_offset 3, -8
 1082              		.cfi_offset 14, -4
 1083              		.loc 1 457 21 view .LVU350
 1084              		.loc 1 459 3 view .LVU351
 1085              	.LBB136:
 1086              	.LBI136:
 1087              		.loc 2 655 20 view .LVU352
 1088              	.LBB137:
 1089              		.loc 2 657 21 view .LVU353
 1090              		.loc 2 659 3 view .LVU354
 1091              		.loc 2 659 10 is_stmt 0 view .LVU355
 1092 0002 054B     		ldr	r3, .L58
 1093 0004 1A68     		ldr	r2, [r3]
 1094 0006 9268     		ldr	r2, [r2, #8]
 1095              		.loc 2 659 39 view .LVU356
 1096 0008 9B69     		ldr	r3, [r3, #24]
 1097              		.loc 2 659 44 view .LVU357
 1098 000a 9B68     		ldr	r3, [r3, #8]
 1099              	.LBE137:
 1100              	.LBE136:
 1101              		.loc 1 459 6 discriminator 1 view .LVU358
 1102 000c 9A42     		cmp	r2, r3
 1103 000e 00D8     		bhi	.L57
 1104              	.L54:
 1105              		.loc 1 462 1 view .LVU359
 1106 0010 08BD     		pop	{r3, pc}
 1107              	.L57:
 1108              		.loc 1 460 5 is_stmt 1 view .LVU360
 1109 0012 FFF7FEFF 		bl	chSchDoRescheduleAhead
 1110              	.LVL80:
 1111              		.loc 1 462 1 is_stmt 0 view .LVU361
 1112 0016 FBE7     		b	.L54
 1113              	.L59:
 1114              		.align	2
 1115              	.L58:
 1116 0018 00000000 		.word	ch
 1117              		.cfi_endproc
 1118              	.LFE209:
 1119              		.size	chSchRescheduleS, .-chSchRescheduleS
 1120              		.section	.text.chSchDoReschedule,"ax",%progbits
 1121              		.align	1
 1122              		.p2align 4,,15
 1123              		.global	chSchDoReschedule
 1124              		.syntax unified
 1125              		.thumb
 1126              		.thumb_func
 1127              		.type	chSchDoReschedule, %function
 1128              	chSchDoReschedule:
 1129              	.LFB213:
 1130              		.loc 1 566 30 is_stmt 1 view -0
 1131              		.cfi_startproc
 1132              		@ args = 0, pretend = 0, frame = 0
 1133              		@ frame_needed = 0, uses_anonymous_args = 0
 1134 0000 10B5     		push	{r4, lr}
 1135              		.cfi_def_cfa_offset 8
 1136              		.cfi_offset 4, -8
 1137              		.cfi_offset 14, -4
ARM GAS  /tmp/cc1MtXAT.s 			page 21


 1138              		.loc 1 567 3 view .LVU363
 1139              		.loc 1 567 13 is_stmt 0 view .LVU364
 1140 0002 0E4B     		ldr	r3, .L64
 1141 0004 9869     		ldr	r0, [r3, #24]
 1142              	.LVL81:
 1143              		.loc 1 570 3 is_stmt 1 view .LVU365
 1144              	.LBB138:
 1145              	.LBI138:
 1146              		.loc 2 617 25 view .LVU366
 1147              	.LBB139:
 1148              		.loc 2 618 3 view .LVU367
 1149              		.loc 2 618 13 is_stmt 0 view .LVU368
 1150 0006 1A68     		ldr	r2, [r3]
 1151              	.LVL82:
 1152              		.loc 2 620 3 is_stmt 1 view .LVU369
 1153              		.loc 2 620 36 is_stmt 0 view .LVU370
 1154 0008 1168     		ldr	r1, [r2]
 1155              		.loc 2 620 25 view .LVU371
 1156 000a 1960     		str	r1, [r3]
 1157              		.loc 2 621 3 is_stmt 1 view .LVU372
 1158              		.loc 2 621 25 is_stmt 0 view .LVU373
 1159 000c 4B60     		str	r3, [r1, #4]
 1160              		.loc 2 623 3 is_stmt 1 view .LVU374
 1161              	.LVL83:
 1162              		.loc 2 623 3 is_stmt 0 view .LVU375
 1163              	.LBE139:
 1164              	.LBE138:
 1165              		.loc 1 570 9 discriminator 1 view .LVU376
 1166 000e 9A61     		str	r2, [r3, #24]
 1167              		.loc 1 571 3 is_stmt 1 view .LVU377
 1168              		.loc 1 571 16 is_stmt 0 view .LVU378
 1169 0010 0123     		movs	r3, #1
 1170 0012 82F82030 		strb	r3, [r2, #32]
 1171              		.loc 1 574 3 is_stmt 1 view .LVU379
 1172              		.loc 1 575 5 view .LVU380
 1173              		.loc 1 575 29 view .LVU381
 1174              		.loc 1 598 3 view .LVU382
 1175              		.loc 1 598 9 is_stmt 0 view .LVU383
 1176 0016 FFF7FEFF 		bl	chSchReadyAheadI
 1177              	.LVL84:
 1178              		.loc 1 598 9 view .LVU384
 1179 001a 0446     		mov	r4, r0
 1180              	.LVL85:
 1181              		.loc 1 602 3 is_stmt 1 view .LVU385
 1182              		.loc 1 602 3 view .LVU386
 1183              		.loc 1 602 3 view .LVU387
 1184              		.loc 1 602 3 view .LVU388
 1185              	.LBB140:
 1186              		.loc 1 602 3 view .LVU389
 1187              	.LBB141:
 1188              	.LBI141:
 1189              		.loc 5 426 61 view .LVU390
 1190              	.LBB142:
 1191              		.loc 5 428 3 view .LVU391
 1192              		.loc 5 430 3 view .LVU392
 1193              		.syntax unified
 1194              	@ 430 "ChibiOS/os/common/ext/CMSIS/include/core_cmFunc.h" 1
ARM GAS  /tmp/cc1MtXAT.s 			page 22


 1195 001c EFF30983 		MRS r3, psp
 1196              	
 1197              	@ 0 "" 2
 1198              	.LVL86:
 1199              		.loc 5 431 3 view .LVU393
 1200              		.loc 5 431 3 is_stmt 0 view .LVU394
 1201              		.thumb
 1202              		.syntax unified
 1203              	.LBE142:
 1204              	.LBE141:
 1205              		.loc 1 602 3 is_stmt 1 discriminator 1 view .LVU395
 1206 0020 643B     		subs	r3, r3, #100
 1207              	.LVL87:
 1208              		.loc 1 602 3 is_stmt 0 discriminator 1 view .LVU396
 1209 0022 C269     		ldr	r2, [r0, #28]
 1210 0024 9342     		cmp	r3, r2
 1211 0026 05D3     		bcc	.L63
 1212              	.LVL88:
 1213              	.L61:
 1214              		.loc 1 602 3 is_stmt 1 discriminator 3 view .LVU397
 1215 0028 2146     		mov	r1, r4
 1216 002a 044B     		ldr	r3, .L64
 1217 002c 9869     		ldr	r0, [r3, #24]
 1218 002e FFF7FEFF 		bl	_port_switch
 1219              	.LVL89:
 1220              	.LBE140:
 1221              		.loc 1 602 3 discriminator 1 view .LVU398
 1222              		.loc 1 602 26 discriminator 1 view .LVU399
 1223              		.loc 1 603 1 is_stmt 0 view .LVU400
 1224 0032 10BD     		pop	{r4, pc}
 1225              	.LVL90:
 1226              	.L63:
 1227              	.LBB143:
 1228              		.loc 1 602 3 is_stmt 1 discriminator 1 view .LVU401
 1229 0034 0248     		ldr	r0, .L64+4
 1230              	.LVL91:
 1231              		.loc 1 602 3 is_stmt 0 discriminator 1 view .LVU402
 1232 0036 FFF7FEFF 		bl	chSysHalt
 1233              	.LVL92:
 1234              		.loc 1 602 3 discriminator 1 view .LVU403
 1235 003a F5E7     		b	.L61
 1236              	.L65:
 1237              		.align	2
 1238              	.L64:
 1239 003c 00000000 		.word	ch
 1240 0040 00000000 		.word	.LC0
 1241              	.LBE143:
 1242              		.cfi_endproc
 1243              	.LFE213:
 1244              		.size	chSchDoReschedule, .-chSchDoReschedule
 1245              		.global	ch
 1246              		.section	.bss.ch,"aw",%nobits
 1247              		.align	2
 1248              		.type	ch, %object
 1249              		.size	ch, 92
 1250              	ch:
 1251 0000 00000000 		.space	92
ARM GAS  /tmp/cc1MtXAT.s 			page 23


 1251      00000000 
 1251      00000000 
 1251      00000000 
 1251      00000000 
 1252              		.text
 1253              	.Letext0:
 1254              		.file 7 "/usr/lib/gcc/arm-none-eabi/13.2.1/include/stdint.h"
 1255              		.file 8 "ChibiOS/os/common/ports/ARMCMx/compilers/GCC/chtypes.h"
 1256              		.file 9 "ChibiOS/os/rt/include/chsystypes.h"
 1257              		.file 10 "ChibiOS/os/common/ports/ARMCMx/chcore.h"
 1258              		.section	.debug_info,"",%progbits
 1259              	.Ldebug_info0:
 1260 0000 580F0000 		.4byte	0xf58
 1261 0004 0500     		.2byte	0x5
 1262 0006 01       		.byte	0x1
 1263 0007 04       		.byte	0x4
 1264 0008 00000000 		.4byte	.Ldebug_abbrev0
 1265 000c 25       		.uleb128 0x25
 1266 000d 22000000 		.4byte	.LASF100
 1267 0011 1D       		.byte	0x1d
 1268 0012 8A040000 		.4byte	.LASF101
 1269 0016 15040000 		.4byte	.LASF102
 1270 001a 60000000 		.4byte	.LLRL47
 1271 001e 00000000 		.4byte	0
 1272 0022 00000000 		.4byte	.Ldebug_line0
 1273 0026 06       		.uleb128 0x6
 1274 0027 08       		.byte	0x8
 1275 0028 07       		.byte	0x7
 1276 0029 5F020000 		.4byte	.LASF0
 1277 002d 06       		.uleb128 0x6
 1278 002e 04       		.byte	0x4
 1279 002f 07       		.byte	0x7
 1280 0030 69010000 		.4byte	.LASF1
 1281 0034 06       		.uleb128 0x6
 1282 0035 01       		.byte	0x1
 1283 0036 08       		.byte	0x8
 1284 0037 37050000 		.4byte	.LASF2
 1285 003b 26       		.uleb128 0x26
 1286 003c 04       		.byte	0x4
 1287 003d 05       		.byte	0x5
 1288 003e 696E7400 		.ascii	"int\000"
 1289 0042 06       		.uleb128 0x6
 1290 0043 08       		.byte	0x8
 1291 0044 05       		.byte	0x5
 1292 0045 94030000 		.4byte	.LASF3
 1293 0049 06       		.uleb128 0x6
 1294 004a 08       		.byte	0x8
 1295 004b 04       		.byte	0x4
 1296 004c 09040000 		.4byte	.LASF4
 1297 0050 06       		.uleb128 0x6
 1298 0051 01       		.byte	0x1
 1299 0052 06       		.byte	0x6
 1300 0053 A9050000 		.4byte	.LASF5
 1301 0057 06       		.uleb128 0x6
 1302 0058 02       		.byte	0x2
 1303 0059 05       		.byte	0x5
 1304 005a 28040000 		.4byte	.LASF6
ARM GAS  /tmp/cc1MtXAT.s 			page 24


 1305 005e 02       		.uleb128 0x2
 1306 005f 00050000 		.4byte	.LASF8
 1307 0063 07       		.byte	0x7
 1308 0064 28       		.byte	0x28
 1309 0065 18       		.byte	0x18
 1310 0066 6A000000 		.4byte	0x6a
 1311 006a 06       		.uleb128 0x6
 1312 006b 04       		.byte	0x4
 1313 006c 05       		.byte	0x5
 1314 006d 32040000 		.4byte	.LASF7
 1315 0071 02       		.uleb128 0x2
 1316 0072 62030000 		.4byte	.LASF9
 1317 0076 07       		.byte	0x7
 1318 0077 2E       		.byte	0x2e
 1319 0078 18       		.byte	0x18
 1320 0079 34000000 		.4byte	0x34
 1321 007d 06       		.uleb128 0x6
 1322 007e 02       		.byte	0x2
 1323 007f 07       		.byte	0x7
 1324 0080 BB050000 		.4byte	.LASF10
 1325 0084 02       		.uleb128 0x2
 1326 0085 36020000 		.4byte	.LASF11
 1327 0089 07       		.byte	0x7
 1328 008a 34       		.byte	0x34
 1329 008b 19       		.byte	0x19
 1330 008c 90000000 		.4byte	0x90
 1331 0090 06       		.uleb128 0x6
 1332 0091 04       		.byte	0x4
 1333 0092 07       		.byte	0x7
 1334 0093 BB040000 		.4byte	.LASF12
 1335 0097 02       		.uleb128 0x2
 1336 0098 68040000 		.4byte	.LASF13
 1337 009c 07       		.byte	0x7
 1338 009d 37       		.byte	0x37
 1339 009e 19       		.byte	0x19
 1340 009f 26000000 		.4byte	0x26
 1341 00a3 02       		.uleb128 0x2
 1342 00a4 E1030000 		.4byte	.LASF14
 1343 00a8 08       		.byte	0x8
 1344 00a9 3C       		.byte	0x3c
 1345 00aa 1D       		.byte	0x1d
 1346 00ab 71000000 		.4byte	0x71
 1347 00af 02       		.uleb128 0x2
 1348 00b0 59030000 		.4byte	.LASF15
 1349 00b4 08       		.byte	0x8
 1350 00b5 3D       		.byte	0x3d
 1351 00b6 1D       		.byte	0x1d
 1352 00b7 71000000 		.4byte	0x71
 1353 00bb 02       		.uleb128 0x2
 1354 00bc B3040000 		.4byte	.LASF16
 1355 00c0 08       		.byte	0x8
 1356 00c1 3E       		.byte	0x3e
 1357 00c2 1D       		.byte	0x1d
 1358 00c3 71000000 		.4byte	0x71
 1359 00c7 02       		.uleb128 0x2
 1360 00c8 3F020000 		.4byte	.LASF17
 1361 00cc 08       		.byte	0x8
ARM GAS  /tmp/cc1MtXAT.s 			page 25


 1362 00cd 40       		.byte	0x40
 1363 00ce 1D       		.byte	0x1d
 1364 00cf 84000000 		.4byte	0x84
 1365 00d3 02       		.uleb128 0x2
 1366 00d4 A2030000 		.4byte	.LASF18
 1367 00d8 08       		.byte	0x8
 1368 00d9 41       		.byte	0x41
 1369 00da 1D       		.byte	0x1d
 1370 00db 5E000000 		.4byte	0x5e
 1371 00df 02       		.uleb128 0x2
 1372 00e0 5F010000 		.4byte	.LASF19
 1373 00e4 09       		.byte	0x9
 1374 00e5 33       		.byte	0x33
 1375 00e6 12       		.byte	0x12
 1376 00e7 84000000 		.4byte	0x84
 1377 00eb 02       		.uleb128 0x2
 1378 00ec CF020000 		.4byte	.LASF20
 1379 00f0 09       		.byte	0x9
 1380 00f1 3F       		.byte	0x3f
 1381 00f2 1A       		.byte	0x1a
 1382 00f3 F7000000 		.4byte	0xf7
 1383 00f7 15       		.uleb128 0x15
 1384 00f8 7B030000 		.4byte	.LASF33
 1385 00fc 2C       		.byte	0x2c
 1386 00fd 02       		.byte	0x2
 1387 00fe 9A       		.byte	0x9a
 1388 00ff 96010000 		.4byte	0x196
 1389 0103 07       		.uleb128 0x7
 1390 0104 FA040000 		.4byte	.LASF21
 1391 0108 9B       		.byte	0x9b
 1392 0109 19       		.byte	0x19
 1393 010a CC010000 		.4byte	0x1cc
 1394 010e 00       		.byte	0
 1395 010f 07       		.uleb128 0x7
 1396 0110 35030000 		.4byte	.LASF22
 1397 0114 9C       		.byte	0x9c
 1398 0115 19       		.byte	0x19
 1399 0116 C7000000 		.4byte	0xc7
 1400 011a 08       		.byte	0x8
 1401 011b 20       		.uleb128 0x20
 1402 011c 63747800 		.ascii	"ctx\000"
 1403 0120 02       		.byte	0x2
 1404 0121 9D       		.byte	0x9d
 1405 0122 19       		.byte	0x19
 1406 0123 BC030000 		.4byte	0x3bc
 1407 0127 0C       		.byte	0xc
 1408 0128 07       		.uleb128 0x7
 1409 0129 11050000 		.4byte	.LASF23
 1410 012d 9F       		.byte	0x9f
 1411 012e 1A       		.byte	0x1a
 1412 012f A2010000 		.4byte	0x1a2
 1413 0133 10       		.byte	0x10
 1414 0134 07       		.uleb128 0x7
 1415 0135 F6050000 		.4byte	.LASF24
 1416 0139 A0       		.byte	0xa0
 1417 013a 1A       		.byte	0x1a
 1418 013b A2010000 		.4byte	0x1a2
ARM GAS  /tmp/cc1MtXAT.s 			page 26


 1419 013f 14       		.byte	0x14
 1420 0140 07       		.uleb128 0x7
 1421 0141 85040000 		.4byte	.LASF25
 1422 0145 A7       		.byte	0xa7
 1423 0146 1A       		.byte	0x1a
 1424 0147 7A050000 		.4byte	0x57a
 1425 014b 18       		.byte	0x18
 1426 014c 07       		.uleb128 0x7
 1427 014d 52030000 		.4byte	.LASF26
 1428 0151 B0       		.byte	0xb0
 1429 0152 1A       		.byte	0x1a
 1430 0153 90050000 		.4byte	0x590
 1431 0157 1C       		.byte	0x1c
 1432 0158 07       		.uleb128 0x7
 1433 0159 70050000 		.4byte	.LASF27
 1434 015d B5       		.byte	0xb5
 1435 015e 19       		.byte	0x19
 1436 015f AF000000 		.4byte	0xaf
 1437 0163 20       		.byte	0x20
 1438 0164 07       		.uleb128 0x7
 1439 0165 59010000 		.4byte	.LASF28
 1440 0169 B9       		.byte	0xb9
 1441 016a 19       		.byte	0x19
 1442 016b A3000000 		.4byte	0xa3
 1443 016f 21       		.byte	0x21
 1444 0170 07       		.uleb128 0x7
 1445 0171 8A010000 		.4byte	.LASF29
 1446 0175 BE       		.byte	0xbe
 1447 0176 19       		.byte	0x19
 1448 0177 BB000000 		.4byte	0xbb
 1449 017b 22       		.byte	0x22
 1450 017c 01       		.uleb128 0x1
 1451 017d 7500     		.ascii	"u\000"
 1452 017f 02       		.byte	0x2
 1453 0180 0F01     		.2byte	0x10f
 1454 0182 19       		.byte	0x19
 1455 0183 3F050000 		.4byte	0x53f
 1456 0187 24       		.byte	0x24
 1457 0188 03       		.uleb128 0x3
 1458 0189 45050000 		.4byte	.LASF30
 1459 018d 1401     		.2byte	0x114
 1460 018f 19       		.byte	0x19
 1461 0190 A7010000 		.4byte	0x1a7
 1462 0194 28       		.byte	0x28
 1463 0195 00       		.byte	0
 1464 0196 02       		.uleb128 0x2
 1465 0197 3F030000 		.4byte	.LASF31
 1466 019b 09       		.byte	0x9
 1467 019c 44       		.byte	0x44
 1468 019d 14       		.byte	0x14
 1469 019e A2010000 		.4byte	0x1a2
 1470 01a2 0D       		.uleb128 0xd
 1471 01a3 EB000000 		.4byte	0xeb
 1472 01a7 02       		.uleb128 0x2
 1473 01a8 7B010000 		.4byte	.LASF32
 1474 01ac 09       		.byte	0x9
 1475 01ad 49       		.byte	0x49
ARM GAS  /tmp/cc1MtXAT.s 			page 27


 1476 01ae 20       		.byte	0x20
 1477 01af B3010000 		.4byte	0x1b3
 1478 01b3 15       		.uleb128 0x15
 1479 01b4 00000000 		.4byte	.LASF34
 1480 01b8 04       		.byte	0x4
 1481 01b9 02       		.byte	0x2
 1482 01ba 88       		.byte	0x88
 1483 01bb CC010000 		.4byte	0x1cc
 1484 01bf 07       		.uleb128 0x7
 1485 01c0 76010000 		.4byte	.LASF35
 1486 01c4 89       		.byte	0x89
 1487 01c5 1A       		.byte	0x1a
 1488 01c6 A2010000 		.4byte	0x1a2
 1489 01ca 00       		.byte	0
 1490 01cb 00       		.byte	0
 1491 01cc 02       		.uleb128 0x2
 1492 01cd A2020000 		.4byte	.LASF36
 1493 01d1 09       		.byte	0x9
 1494 01d2 50       		.byte	0x50
 1495 01d3 21       		.byte	0x21
 1496 01d4 D8010000 		.4byte	0x1d8
 1497 01d8 15       		.uleb128 0x15
 1498 01d9 DF010000 		.4byte	.LASF37
 1499 01dd 08       		.byte	0x8
 1500 01de 02       		.byte	0x2
 1501 01df 8F       		.byte	0x8f
 1502 01e0 FD010000 		.4byte	0x1fd
 1503 01e4 07       		.uleb128 0x7
 1504 01e5 76010000 		.4byte	.LASF35
 1505 01e9 90       		.byte	0x90
 1506 01ea 1A       		.byte	0x1a
 1507 01eb A2010000 		.4byte	0x1a2
 1508 01ef 00       		.byte	0
 1509 01f0 07       		.uleb128 0x7
 1510 01f1 DA010000 		.4byte	.LASF38
 1511 01f5 91       		.byte	0x91
 1512 01f6 1A       		.byte	0x1a
 1513 01f7 A2010000 		.4byte	0x1a2
 1514 01fb 04       		.byte	0x4
 1515 01fc 00       		.byte	0
 1516 01fd 02       		.uleb128 0x2
 1517 01fe D8040000 		.4byte	.LASF39
 1518 0202 09       		.byte	0x9
 1519 0203 57       		.byte	0x57
 1520 0204 1E       		.byte	0x1e
 1521 0205 09020000 		.4byte	0x209
 1522 0209 10       		.uleb128 0x10
 1523 020a C7010000 		.4byte	.LASF40
 1524 020e 1C       		.byte	0x1c
 1525 020f 02       		.byte	0x2
 1526 0210 6A01     		.2byte	0x16a
 1527 0212 66020000 		.4byte	0x266
 1528 0216 03       		.uleb128 0x3
 1529 0217 FA040000 		.4byte	.LASF21
 1530 021b 6B01     		.2byte	0x16b
 1531 021d 19       		.byte	0x19
 1532 021e CC010000 		.4byte	0x1cc
ARM GAS  /tmp/cc1MtXAT.s 			page 28


 1533 0222 00       		.byte	0
 1534 0223 03       		.uleb128 0x3
 1535 0224 35030000 		.4byte	.LASF22
 1536 0228 6C01     		.2byte	0x16c
 1537 022a 19       		.byte	0x19
 1538 022b C7000000 		.4byte	0xc7
 1539 022f 08       		.byte	0x8
 1540 0230 01       		.uleb128 0x1
 1541 0231 63747800 		.ascii	"ctx\000"
 1542 0235 02       		.byte	0x2
 1543 0236 6E01     		.2byte	0x16e
 1544 0238 19       		.byte	0x19
 1545 0239 BC030000 		.4byte	0x3bc
 1546 023d 0C       		.byte	0xc
 1547 023e 03       		.uleb128 0x3
 1548 023f 11050000 		.4byte	.LASF23
 1549 0243 7101     		.2byte	0x171
 1550 0245 1A       		.byte	0x1a
 1551 0246 A2010000 		.4byte	0x1a2
 1552 024a 10       		.byte	0x10
 1553 024b 03       		.uleb128 0x3
 1554 024c F6050000 		.4byte	.LASF24
 1555 0250 7201     		.2byte	0x172
 1556 0252 1A       		.byte	0x1a
 1557 0253 A2010000 		.4byte	0x1a2
 1558 0257 14       		.byte	0x14
 1559 0258 03       		.uleb128 0x3
 1560 0259 D9050000 		.4byte	.LASF41
 1561 025d 7501     		.2byte	0x175
 1562 025f 1A       		.byte	0x1a
 1563 0260 A2010000 		.4byte	0x1a2
 1564 0264 18       		.byte	0x18
 1565 0265 00       		.byte	0
 1566 0266 02       		.uleb128 0x2
 1567 0267 01020000 		.4byte	.LASF42
 1568 026b 09       		.byte	0x9
 1569 026c 5C       		.byte	0x5c
 1570 026d 10       		.byte	0x10
 1571 026e 72020000 		.4byte	0x272
 1572 0272 0D       		.uleb128 0xd
 1573 0273 77020000 		.4byte	0x277
 1574 0277 27       		.uleb128 0x27
 1575 0278 82020000 		.4byte	0x282
 1576 027c 0B       		.uleb128 0xb
 1577 027d 82020000 		.4byte	0x282
 1578 0281 00       		.byte	0
 1579 0282 28       		.uleb128 0x28
 1580 0283 04       		.byte	0x4
 1581 0284 02       		.uleb128 0x2
 1582 0285 B5030000 		.4byte	.LASF43
 1583 0289 09       		.byte	0x9
 1584 028a 61       		.byte	0x61
 1585 028b 21       		.byte	0x21
 1586 028c 90020000 		.4byte	0x290
 1587 0290 10       		.uleb128 0x10
 1588 0291 47020000 		.4byte	.LASF44
 1589 0295 14       		.byte	0x14
ARM GAS  /tmp/cc1MtXAT.s 			page 29


 1590 0296 02       		.byte	0x2
 1591 0297 4501     		.2byte	0x145
 1592 0299 E0020000 		.4byte	0x2e0
 1593 029d 03       		.uleb128 0x3
 1594 029e 76010000 		.4byte	.LASF35
 1595 02a2 4601     		.2byte	0x146
 1596 02a4 1A       		.byte	0x1a
 1597 02a5 95050000 		.4byte	0x595
 1598 02a9 00       		.byte	0
 1599 02aa 03       		.uleb128 0x3
 1600 02ab DA010000 		.4byte	.LASF38
 1601 02af 4701     		.2byte	0x147
 1602 02b1 1A       		.byte	0x1a
 1603 02b2 95050000 		.4byte	0x595
 1604 02b6 04       		.byte	0x4
 1605 02b7 03       		.uleb128 0x3
 1606 02b8 B5050000 		.4byte	.LASF45
 1607 02bc 4801     		.2byte	0x148
 1608 02be 19       		.byte	0x19
 1609 02bf DF000000 		.4byte	0xdf
 1610 02c3 08       		.byte	0x8
 1611 02c4 03       		.uleb128 0x3
 1612 02c5 D5010000 		.4byte	.LASF46
 1613 02c9 4901     		.2byte	0x149
 1614 02cb 19       		.byte	0x19
 1615 02cc 66020000 		.4byte	0x266
 1616 02d0 0C       		.byte	0xc
 1617 02d1 01       		.uleb128 0x1
 1618 02d2 70617200 		.ascii	"par\000"
 1619 02d6 02       		.byte	0x2
 1620 02d7 4B01     		.2byte	0x14b
 1621 02d9 1A       		.byte	0x1a
 1622 02da 82020000 		.4byte	0x282
 1623 02de 10       		.byte	0x10
 1624 02df 00       		.byte	0
 1625 02e0 02       		.uleb128 0x2
 1626 02e1 4D050000 		.4byte	.LASF47
 1627 02e5 09       		.byte	0x9
 1628 02e6 66       		.byte	0x66
 1629 02e7 28       		.byte	0x28
 1630 02e8 EC020000 		.4byte	0x2ec
 1631 02ec 10       		.uleb128 0x10
 1632 02ed B8020000 		.4byte	.LASF48
 1633 02f1 10       		.byte	0x10
 1634 02f2 02       		.byte	0x2
 1635 02f3 5501     		.2byte	0x155
 1636 02f5 2E030000 		.4byte	0x32e
 1637 02f9 03       		.uleb128 0x3
 1638 02fa 76010000 		.4byte	.LASF35
 1639 02fe 5601     		.2byte	0x156
 1640 0300 1A       		.byte	0x1a
 1641 0301 95050000 		.4byte	0x595
 1642 0305 00       		.byte	0
 1643 0306 03       		.uleb128 0x3
 1644 0307 DA010000 		.4byte	.LASF38
 1645 030b 5801     		.2byte	0x158
 1646 030d 1A       		.byte	0x1a
ARM GAS  /tmp/cc1MtXAT.s 			page 30


 1647 030e 95050000 		.4byte	0x595
 1648 0312 04       		.byte	0x4
 1649 0313 03       		.uleb128 0x3
 1650 0314 B5050000 		.4byte	.LASF45
 1651 0318 5A01     		.2byte	0x15a
 1652 031a 19       		.byte	0x19
 1653 031b DF000000 		.4byte	0xdf
 1654 031f 08       		.byte	0x8
 1655 0320 03       		.uleb128 0x3
 1656 0321 5F040000 		.4byte	.LASF49
 1657 0325 6201     		.2byte	0x162
 1658 0327 19       		.byte	0x19
 1659 0328 DF000000 		.4byte	0xdf
 1660 032c 0C       		.byte	0xc
 1661 032d 00       		.byte	0
 1662 032e 02       		.uleb128 0x2
 1663 032f 85030000 		.4byte	.LASF50
 1664 0333 09       		.byte	0x9
 1665 0334 6B       		.byte	0x6b
 1666 0335 20       		.byte	0x20
 1667 0336 3A030000 		.4byte	0x33a
 1668 033a 10       		.uleb128 0x10
 1669 033b 16020000 		.4byte	.LASF51
 1670 033f 04       		.byte	0x4
 1671 0340 02       		.byte	0x2
 1672 0341 7C01     		.2byte	0x17c
 1673 0343 55030000 		.4byte	0x355
 1674 0347 03       		.uleb128 0x3
 1675 0348 D7030000 		.4byte	.LASF52
 1676 034c 8401     		.2byte	0x184
 1677 034e 24       		.byte	0x24
 1678 034f 7F050000 		.4byte	0x57f
 1679 0353 00       		.byte	0
 1680 0354 00       		.byte	0
 1681 0355 02       		.uleb128 0x2
 1682 0356 97050000 		.4byte	.LASF53
 1683 035a 09       		.byte	0x9
 1684 035b 70       		.byte	0x70
 1685 035c 1A       		.byte	0x1a
 1686 035d 61030000 		.4byte	0x361
 1687 0361 10       		.uleb128 0x10
 1688 0362 47040000 		.4byte	.LASF54
 1689 0366 5C       		.byte	0x5c
 1690 0367 02       		.byte	0x2
 1691 0368 9C01     		.2byte	0x19c
 1692 036a A4030000 		.4byte	0x3a4
 1693 036e 03       		.uleb128 0x3
 1694 036f 71040000 		.4byte	.LASF55
 1695 0373 A001     		.2byte	0x1a0
 1696 0375 19       		.byte	0x19
 1697 0376 FD010000 		.4byte	0x1fd
 1698 037a 00       		.byte	0
 1699 037b 03       		.uleb128 0x3
 1700 037c A0010000 		.4byte	.LASF56
 1701 0380 A401     		.2byte	0x1a4
 1702 0382 19       		.byte	0x19
 1703 0383 E0020000 		.4byte	0x2e0
ARM GAS  /tmp/cc1MtXAT.s 			page 31


 1704 0387 1C       		.byte	0x1c
 1705 0388 01       		.uleb128 0x1
 1706 0389 64626700 		.ascii	"dbg\000"
 1707 038d 02       		.byte	0x2
 1708 038e A801     		.2byte	0x1a8
 1709 0390 19       		.byte	0x19
 1710 0391 2E030000 		.4byte	0x32e
 1711 0395 2C       		.byte	0x2c
 1712 0396 03       		.uleb128 0x3
 1713 0397 E9030000 		.4byte	.LASF57
 1714 039b AC01     		.2byte	0x1ac
 1715 039d 19       		.byte	0x19
 1716 039e EB000000 		.4byte	0xeb
 1717 03a2 30       		.byte	0x30
 1718 03a3 00       		.byte	0
 1719 03a4 02       		.uleb128 0x2
 1720 03a5 50010000 		.4byte	.LASF58
 1721 03a9 0A       		.byte	0xa
 1722 03aa 65       		.byte	0x65
 1723 03ab 0F       		.byte	0xf
 1724 03ac 82020000 		.4byte	0x282
 1725 03b0 02       		.uleb128 0x2
 1726 03b1 CE050000 		.4byte	.LASF59
 1727 03b5 0A       		.byte	0xa
 1728 03b6 6D       		.byte	0x6d
 1729 03b7 12       		.byte	0x12
 1730 03b8 97000000 		.4byte	0x97
 1731 03bc 15       		.uleb128 0x15
 1732 03bd A7010000 		.4byte	.LASF60
 1733 03c1 04       		.byte	0x4
 1734 03c2 0A       		.byte	0xa
 1735 03c3 89       		.byte	0x89
 1736 03c4 D5030000 		.4byte	0x3d5
 1737 03c8 20       		.uleb128 0x20
 1738 03c9 737000   		.ascii	"sp\000"
 1739 03cc 0A       		.byte	0xa
 1740 03cd 8A       		.byte	0x8a
 1741 03ce 17       		.byte	0x17
 1742 03cf 3A050000 		.4byte	0x53a
 1743 03d3 00       		.byte	0
 1744 03d4 00       		.byte	0
 1745 03d5 10       		.uleb128 0x10
 1746 03d6 3B040000 		.4byte	.LASF61
 1747 03da 64       		.byte	0x64
 1748 03db 04       		.byte	0x4
 1749 03dc 6001     		.2byte	0x160
 1750 03de 3A050000 		.4byte	0x53a
 1751 03e2 01       		.uleb128 0x1
 1752 03e3 73313600 		.ascii	"s16\000"
 1753 03e7 04       		.byte	0x4
 1754 03e8 6201     		.2byte	0x162
 1755 03ea 11       		.byte	0x11
 1756 03eb A4030000 		.4byte	0x3a4
 1757 03ef 00       		.byte	0
 1758 03f0 01       		.uleb128 0x1
 1759 03f1 73313700 		.ascii	"s17\000"
 1760 03f5 04       		.byte	0x4
ARM GAS  /tmp/cc1MtXAT.s 			page 32


 1761 03f6 6301     		.2byte	0x163
 1762 03f8 11       		.byte	0x11
 1763 03f9 A4030000 		.4byte	0x3a4
 1764 03fd 04       		.byte	0x4
 1765 03fe 01       		.uleb128 0x1
 1766 03ff 73313800 		.ascii	"s18\000"
 1767 0403 04       		.byte	0x4
 1768 0404 6401     		.2byte	0x164
 1769 0406 11       		.byte	0x11
 1770 0407 A4030000 		.4byte	0x3a4
 1771 040b 08       		.byte	0x8
 1772 040c 01       		.uleb128 0x1
 1773 040d 73313900 		.ascii	"s19\000"
 1774 0411 04       		.byte	0x4
 1775 0412 6501     		.2byte	0x165
 1776 0414 11       		.byte	0x11
 1777 0415 A4030000 		.4byte	0x3a4
 1778 0419 0C       		.byte	0xc
 1779 041a 01       		.uleb128 0x1
 1780 041b 73323000 		.ascii	"s20\000"
 1781 041f 04       		.byte	0x4
 1782 0420 6601     		.2byte	0x166
 1783 0422 11       		.byte	0x11
 1784 0423 A4030000 		.4byte	0x3a4
 1785 0427 10       		.byte	0x10
 1786 0428 01       		.uleb128 0x1
 1787 0429 73323100 		.ascii	"s21\000"
 1788 042d 04       		.byte	0x4
 1789 042e 6701     		.2byte	0x167
 1790 0430 11       		.byte	0x11
 1791 0431 A4030000 		.4byte	0x3a4
 1792 0435 14       		.byte	0x14
 1793 0436 01       		.uleb128 0x1
 1794 0437 73323200 		.ascii	"s22\000"
 1795 043b 04       		.byte	0x4
 1796 043c 6801     		.2byte	0x168
 1797 043e 11       		.byte	0x11
 1798 043f A4030000 		.4byte	0x3a4
 1799 0443 18       		.byte	0x18
 1800 0444 01       		.uleb128 0x1
 1801 0445 73323300 		.ascii	"s23\000"
 1802 0449 04       		.byte	0x4
 1803 044a 6901     		.2byte	0x169
 1804 044c 11       		.byte	0x11
 1805 044d A4030000 		.4byte	0x3a4
 1806 0451 1C       		.byte	0x1c
 1807 0452 01       		.uleb128 0x1
 1808 0453 73323400 		.ascii	"s24\000"
 1809 0457 04       		.byte	0x4
 1810 0458 6A01     		.2byte	0x16a
 1811 045a 11       		.byte	0x11
 1812 045b A4030000 		.4byte	0x3a4
 1813 045f 20       		.byte	0x20
 1814 0460 01       		.uleb128 0x1
 1815 0461 73323500 		.ascii	"s25\000"
 1816 0465 04       		.byte	0x4
 1817 0466 6B01     		.2byte	0x16b
ARM GAS  /tmp/cc1MtXAT.s 			page 33


 1818 0468 11       		.byte	0x11
 1819 0469 A4030000 		.4byte	0x3a4
 1820 046d 24       		.byte	0x24
 1821 046e 01       		.uleb128 0x1
 1822 046f 73323600 		.ascii	"s26\000"
 1823 0473 04       		.byte	0x4
 1824 0474 6C01     		.2byte	0x16c
 1825 0476 11       		.byte	0x11
 1826 0477 A4030000 		.4byte	0x3a4
 1827 047b 28       		.byte	0x28
 1828 047c 01       		.uleb128 0x1
 1829 047d 73323700 		.ascii	"s27\000"
 1830 0481 04       		.byte	0x4
 1831 0482 6D01     		.2byte	0x16d
 1832 0484 11       		.byte	0x11
 1833 0485 A4030000 		.4byte	0x3a4
 1834 0489 2C       		.byte	0x2c
 1835 048a 01       		.uleb128 0x1
 1836 048b 73323800 		.ascii	"s28\000"
 1837 048f 04       		.byte	0x4
 1838 0490 6E01     		.2byte	0x16e
 1839 0492 11       		.byte	0x11
 1840 0493 A4030000 		.4byte	0x3a4
 1841 0497 30       		.byte	0x30
 1842 0498 01       		.uleb128 0x1
 1843 0499 73323900 		.ascii	"s29\000"
 1844 049d 04       		.byte	0x4
 1845 049e 6F01     		.2byte	0x16f
 1846 04a0 11       		.byte	0x11
 1847 04a1 A4030000 		.4byte	0x3a4
 1848 04a5 34       		.byte	0x34
 1849 04a6 01       		.uleb128 0x1
 1850 04a7 73333000 		.ascii	"s30\000"
 1851 04ab 04       		.byte	0x4
 1852 04ac 7001     		.2byte	0x170
 1853 04ae 11       		.byte	0x11
 1854 04af A4030000 		.4byte	0x3a4
 1855 04b3 38       		.byte	0x38
 1856 04b4 01       		.uleb128 0x1
 1857 04b5 73333100 		.ascii	"s31\000"
 1858 04b9 04       		.byte	0x4
 1859 04ba 7101     		.2byte	0x171
 1860 04bc 11       		.byte	0x11
 1861 04bd A4030000 		.4byte	0x3a4
 1862 04c1 3C       		.byte	0x3c
 1863 04c2 01       		.uleb128 0x1
 1864 04c3 723400   		.ascii	"r4\000"
 1865 04c6 04       		.byte	0x4
 1866 04c7 7301     		.2byte	0x173
 1867 04c9 11       		.byte	0x11
 1868 04ca A4030000 		.4byte	0x3a4
 1869 04ce 40       		.byte	0x40
 1870 04cf 01       		.uleb128 0x1
 1871 04d0 723500   		.ascii	"r5\000"
 1872 04d3 04       		.byte	0x4
 1873 04d4 7401     		.2byte	0x174
 1874 04d6 11       		.byte	0x11
ARM GAS  /tmp/cc1MtXAT.s 			page 34


 1875 04d7 A4030000 		.4byte	0x3a4
 1876 04db 44       		.byte	0x44
 1877 04dc 01       		.uleb128 0x1
 1878 04dd 723600   		.ascii	"r6\000"
 1879 04e0 04       		.byte	0x4
 1880 04e1 7501     		.2byte	0x175
 1881 04e3 11       		.byte	0x11
 1882 04e4 A4030000 		.4byte	0x3a4
 1883 04e8 48       		.byte	0x48
 1884 04e9 01       		.uleb128 0x1
 1885 04ea 723700   		.ascii	"r7\000"
 1886 04ed 04       		.byte	0x4
 1887 04ee 7601     		.2byte	0x176
 1888 04f0 11       		.byte	0x11
 1889 04f1 A4030000 		.4byte	0x3a4
 1890 04f5 4C       		.byte	0x4c
 1891 04f6 01       		.uleb128 0x1
 1892 04f7 723800   		.ascii	"r8\000"
 1893 04fa 04       		.byte	0x4
 1894 04fb 7701     		.2byte	0x177
 1895 04fd 11       		.byte	0x11
 1896 04fe A4030000 		.4byte	0x3a4
 1897 0502 50       		.byte	0x50
 1898 0503 01       		.uleb128 0x1
 1899 0504 723900   		.ascii	"r9\000"
 1900 0507 04       		.byte	0x4
 1901 0508 7801     		.2byte	0x178
 1902 050a 11       		.byte	0x11
 1903 050b A4030000 		.4byte	0x3a4
 1904 050f 54       		.byte	0x54
 1905 0510 01       		.uleb128 0x1
 1906 0511 72313000 		.ascii	"r10\000"
 1907 0515 04       		.byte	0x4
 1908 0516 7901     		.2byte	0x179
 1909 0518 11       		.byte	0x11
 1910 0519 A4030000 		.4byte	0x3a4
 1911 051d 58       		.byte	0x58
 1912 051e 01       		.uleb128 0x1
 1913 051f 72313100 		.ascii	"r11\000"
 1914 0523 04       		.byte	0x4
 1915 0524 7A01     		.2byte	0x17a
 1916 0526 11       		.byte	0x11
 1917 0527 A4030000 		.4byte	0x3a4
 1918 052b 5C       		.byte	0x5c
 1919 052c 01       		.uleb128 0x1
 1920 052d 6C7200   		.ascii	"lr\000"
 1921 0530 04       		.byte	0x4
 1922 0531 7B01     		.2byte	0x17b
 1923 0533 11       		.byte	0x11
 1924 0534 A4030000 		.4byte	0x3a4
 1925 0538 60       		.byte	0x60
 1926 0539 00       		.byte	0
 1927 053a 0D       		.uleb128 0xd
 1928 053b D5030000 		.4byte	0x3d5
 1929 053f 29       		.uleb128 0x29
 1930 0540 04       		.byte	0x4
 1931 0541 02       		.byte	0x2
ARM GAS  /tmp/cc1MtXAT.s 			page 35


 1932 0542 D2       		.byte	0xd2
 1933 0543 03       		.byte	0x3
 1934 0544 75050000 		.4byte	0x575
 1935 0548 16       		.uleb128 0x16
 1936 0549 EB020000 		.4byte	.LASF62
 1937 054d D9       		.byte	0xd9
 1938 054e 19       		.byte	0x19
 1939 054f D3000000 		.4byte	0xd3
 1940 0553 16       		.uleb128 0x16
 1941 0554 FC050000 		.4byte	.LASF63
 1942 0558 E0       		.byte	0xe0
 1943 0559 19       		.byte	0x19
 1944 055a D3000000 		.4byte	0xd3
 1945 055e 16       		.uleb128 0x16
 1946 055f 8F010000 		.4byte	.LASF64
 1947 0563 E7       		.byte	0xe7
 1948 0564 1A       		.byte	0x1a
 1949 0565 82020000 		.4byte	0x282
 1950 0569 16       		.uleb128 0x16
 1951 056a A3050000 		.4byte	.LASF65
 1952 056e EE       		.byte	0xee
 1953 056f 1A       		.byte	0x1a
 1954 0570 75050000 		.4byte	0x575
 1955 0574 00       		.byte	0
 1956 0575 0D       		.uleb128 0xd
 1957 0576 96010000 		.4byte	0x196
 1958 057a 0D       		.uleb128 0xd
 1959 057b 8B050000 		.4byte	0x58b
 1960 057f 2A       		.uleb128 0x2a
 1961 0580 7A050000 		.4byte	0x57a
 1962 0584 06       		.uleb128 0x6
 1963 0585 01       		.byte	0x1
 1964 0586 08       		.byte	0x8
 1965 0587 3A030000 		.4byte	.LASF66
 1966 058b 17       		.uleb128 0x17
 1967 058c 84050000 		.4byte	0x584
 1968 0590 0D       		.uleb128 0xd
 1969 0591 B0030000 		.4byte	0x3b0
 1970 0595 0D       		.uleb128 0xd
 1971 0596 84020000 		.4byte	0x284
 1972 059a 2B       		.uleb128 0x2b
 1973 059b 636800   		.ascii	"ch\000"
 1974 059e 02       		.byte	0x2
 1975 059f D201     		.2byte	0x1d2
 1976 05a1 14       		.byte	0x14
 1977 05a2 55030000 		.4byte	0x355
 1978 05a6 2C       		.uleb128 0x2c
 1979 05a7 9A050000 		.4byte	0x59a
 1980 05ab 01       		.byte	0x1
 1981 05ac 2A       		.byte	0x2a
 1982 05ad 0D       		.byte	0xd
 1983 05ae 05       		.uleb128 0x5
 1984 05af 03       		.byte	0x3
 1985 05b0 00000000 		.4byte	ch
 1986 05b4 21       		.uleb128 0x21
 1987 05b5 A8030000 		.4byte	.LASF67
 1988 05b9 BE       		.byte	0xbe
ARM GAS  /tmp/cc1MtXAT.s 			page 36


 1989 05ba C4050000 		.4byte	0x5c4
 1990 05be 0B       		.uleb128 0xb
 1991 05bf 95050000 		.4byte	0x595
 1992 05c3 00       		.byte	0
 1993 05c4 21       		.uleb128 0x21
 1994 05c5 CD040000 		.4byte	.LASF68
 1995 05c9 BC       		.byte	0xbc
 1996 05ca E3050000 		.4byte	0x5e3
 1997 05ce 0B       		.uleb128 0xb
 1998 05cf 95050000 		.4byte	0x595
 1999 05d3 0B       		.uleb128 0xb
 2000 05d4 DF000000 		.4byte	0xdf
 2001 05d8 0B       		.uleb128 0xb
 2002 05d9 66020000 		.4byte	0x266
 2003 05dd 0B       		.uleb128 0xb
 2004 05de 82020000 		.4byte	0x282
 2005 05e2 00       		.byte	0
 2006 05e3 22       		.uleb128 0x22
 2007 05e4 F2020000 		.4byte	.LASF69
 2008 05e8 04       		.byte	0x4
 2009 05e9 F201     		.2byte	0x1f2
 2010 05eb FA050000 		.4byte	0x5fa
 2011 05ef 0B       		.uleb128 0xb
 2012 05f0 A2010000 		.4byte	0x1a2
 2013 05f4 0B       		.uleb128 0xb
 2014 05f5 A2010000 		.4byte	0x1a2
 2015 05f9 00       		.byte	0
 2016 05fa 22       		.uleb128 0x22
 2017 05fb 76050000 		.4byte	.LASF70
 2018 05ff 03       		.byte	0x3
 2019 0600 3201     		.2byte	0x132
 2020 0602 0C060000 		.4byte	0x60c
 2021 0606 0B       		.uleb128 0xb
 2022 0607 7A050000 		.4byte	0x57a
 2023 060b 00       		.byte	0
 2024 060c 11       		.uleb128 0x11
 2025 060d 10000000 		.4byte	.LASF71
 2026 0611 3602     		.2byte	0x236
 2027 0613 00000000 		.4byte	.LFB213
 2028 0617 44000000 		.4byte	.LFE213-.LFB213
 2029 061b 01       		.uleb128 0x1
 2030 061c 9C       		.byte	0x9c
 2031 061d DF060000 		.4byte	0x6df
 2032 0621 05       		.uleb128 0x5
 2033 0622 6F747000 		.ascii	"otp\000"
 2034 0626 3702     		.2byte	0x237
 2035 0628 0D       		.byte	0xd
 2036 0629 A2010000 		.4byte	0x1a2
 2037 062d 16000000 		.4byte	.LLST41
 2038 0631 0C000000 		.4byte	.LVUS41
 2039 0635 14       		.uleb128 0x14
 2040 0636 54000000 		.4byte	.LLRL44
 2041 063a A1060000 		.4byte	0x6a1
 2042 063e 05       		.uleb128 0x5
 2043 063f 72313300 		.ascii	"r13\000"
 2044 0643 5A02     		.2byte	0x25a
 2045 0645 03       		.byte	0x3
ARM GAS  /tmp/cc1MtXAT.s 			page 37


 2046 0646 3A050000 		.4byte	0x53a
 2047 064a 3B000000 		.4byte	.LLST45
 2048 064e 35000000 		.4byte	.LVUS45
 2049 0652 08       		.uleb128 0x8
 2050 0653 3F0F0000 		.4byte	0xf3f
 2051 0657 1C000000 		.4byte	.LBI141
 2052 065b 05       		.byte	.LVU390
 2053 065c 1C000000 		.4byte	.LBB141
 2054 0660 04000000 		.4byte	.LBE141-.LBB141
 2055 0664 5A02     		.2byte	0x25a
 2056 0666 03       		.byte	0x3
 2057 0667 79060000 		.4byte	0x679
 2058 066b 0C       		.uleb128 0xc
 2059 066c 4D0F0000 		.4byte	0xf4d
 2060 0670 58000000 		.4byte	.LLST46
 2061 0674 56000000 		.4byte	.LVUS46
 2062 0678 00       		.byte	0
 2063 0679 0E       		.uleb128 0xe
 2064 067a 32000000 		.4byte	.LVL89
 2065 067e E3050000 		.4byte	0x5e3
 2066 0682 8D060000 		.4byte	0x68d
 2067 0686 04       		.uleb128 0x4
 2068 0687 01       		.uleb128 0x1
 2069 0688 51       		.byte	0x51
 2070 0689 02       		.uleb128 0x2
 2071 068a 74       		.byte	0x74
 2072 068b 00       		.sleb128 0
 2073 068c 00       		.byte	0
 2074 068d 0F       		.uleb128 0xf
 2075 068e 3A000000 		.4byte	.LVL92
 2076 0692 FA050000 		.4byte	0x5fa
 2077 0696 04       		.uleb128 0x4
 2078 0697 01       		.uleb128 0x1
 2079 0698 50       		.byte	0x50
 2080 0699 05       		.uleb128 0x5
 2081 069a 03       		.byte	0x3
 2082 069b 00000000 		.4byte	.LC0
 2083 069f 00       		.byte	0
 2084 06a0 00       		.byte	0
 2085 06a1 08       		.uleb128 0x8
 2086 06a2 B90E0000 		.4byte	0xeb9
 2087 06a6 06000000 		.4byte	.LBI138
 2088 06aa 01       		.byte	.LVU366
 2089 06ab 06000000 		.4byte	.LBB138
 2090 06af 08000000 		.4byte	.LBE138-.LBB138
 2091 06b3 3A02     		.2byte	0x23a
 2092 06b5 0B       		.byte	0xb
 2093 06b6 D5060000 		.4byte	0x6d5
 2094 06ba 09       		.uleb128 0x9
 2095 06bb CA0E0000 		.4byte	0xeca
 2096 06bf 63000000 		.4byte	.LLST42
 2097 06c3 61000000 		.4byte	.LVUS42
 2098 06c7 0C       		.uleb128 0xc
 2099 06c8 D70E0000 		.4byte	0xed7
 2100 06cc 73000000 		.4byte	.LLST43
 2101 06d0 71000000 		.4byte	.LVUS43
 2102 06d4 00       		.byte	0
ARM GAS  /tmp/cc1MtXAT.s 			page 38


 2103 06d5 12       		.uleb128 0x12
 2104 06d6 1A000000 		.4byte	.LVL84
 2105 06da 710D0000 		.4byte	0xd71
 2106 06de 00       		.byte	0
 2107 06df 11       		.uleb128 0x11
 2108 06e0 80050000 		.4byte	.LASF72
 2109 06e4 1902     		.2byte	0x219
 2110 06e6 00000000 		.4byte	.LFB212
 2111 06ea 44000000 		.4byte	.LFE212-.LFB212
 2112 06ee 01       		.uleb128 0x1
 2113 06ef 9C       		.byte	0x9c
 2114 06f0 B2070000 		.4byte	0x7b2
 2115 06f4 05       		.uleb128 0x5
 2116 06f5 6F747000 		.ascii	"otp\000"
 2117 06f9 1A02     		.2byte	0x21a
 2118 06fb 0D       		.byte	0xd
 2119 06fc A2010000 		.4byte	0x1a2
 2120 0700 86000000 		.4byte	.LLST35
 2121 0704 7C000000 		.4byte	.LVUS35
 2122 0708 14       		.uleb128 0x14
 2123 0709 48000000 		.4byte	.LLRL38
 2124 070d 74070000 		.4byte	0x774
 2125 0711 05       		.uleb128 0x5
 2126 0712 72313300 		.ascii	"r13\000"
 2127 0716 2902     		.2byte	0x229
 2128 0718 03       		.byte	0x3
 2129 0719 3A050000 		.4byte	0x53a
 2130 071d AB000000 		.4byte	.LLST39
 2131 0721 A5000000 		.4byte	.LVUS39
 2132 0725 08       		.uleb128 0x8
 2133 0726 3F0F0000 		.4byte	0xf3f
 2134 072a 1C000000 		.4byte	.LBI133
 2135 072e 05       		.byte	.LVU335
 2136 072f 1C000000 		.4byte	.LBB133
 2137 0733 04000000 		.4byte	.LBE133-.LBB133
 2138 0737 2902     		.2byte	0x229
 2139 0739 03       		.byte	0x3
 2140 073a 4C070000 		.4byte	0x74c
 2141 073e 0C       		.uleb128 0xc
 2142 073f 4D0F0000 		.4byte	0xf4d
 2143 0743 C8000000 		.4byte	.LLST40
 2144 0747 C6000000 		.4byte	.LVUS40
 2145 074b 00       		.byte	0
 2146 074c 0E       		.uleb128 0xe
 2147 074d 32000000 		.4byte	.LVL76
 2148 0751 E3050000 		.4byte	0x5e3
 2149 0755 60070000 		.4byte	0x760
 2150 0759 04       		.uleb128 0x4
 2151 075a 01       		.uleb128 0x1
 2152 075b 51       		.byte	0x51
 2153 075c 02       		.uleb128 0x2
 2154 075d 74       		.byte	0x74
 2155 075e 00       		.sleb128 0
 2156 075f 00       		.byte	0
 2157 0760 0F       		.uleb128 0xf
 2158 0761 3A000000 		.4byte	.LVL79
 2159 0765 FA050000 		.4byte	0x5fa
ARM GAS  /tmp/cc1MtXAT.s 			page 39


 2160 0769 04       		.uleb128 0x4
 2161 076a 01       		.uleb128 0x1
 2162 076b 50       		.byte	0x50
 2163 076c 05       		.uleb128 0x5
 2164 076d 03       		.byte	0x3
 2165 076e 00000000 		.4byte	.LC0
 2166 0772 00       		.byte	0
 2167 0773 00       		.byte	0
 2168 0774 08       		.uleb128 0x8
 2169 0775 B90E0000 		.4byte	0xeb9
 2170 0779 06000000 		.4byte	.LBI130
 2171 077d 01       		.byte	.LVU311
 2172 077e 06000000 		.4byte	.LBB130
 2173 0782 08000000 		.4byte	.LBE130-.LBB130
 2174 0786 1D02     		.2byte	0x21d
 2175 0788 0B       		.byte	0xb
 2176 0789 A8070000 		.4byte	0x7a8
 2177 078d 09       		.uleb128 0x9
 2178 078e CA0E0000 		.4byte	0xeca
 2179 0792 D3000000 		.4byte	.LLST36
 2180 0796 D1000000 		.4byte	.LVUS36
 2181 079a 0C       		.uleb128 0xc
 2182 079b D70E0000 		.4byte	0xed7
 2183 079f E3000000 		.4byte	.LLST37
 2184 07a3 E1000000 		.4byte	.LVUS37
 2185 07a7 00       		.byte	0
 2186 07a8 12       		.uleb128 0x12
 2187 07a9 1A000000 		.4byte	.LVL71
 2188 07ad 710D0000 		.4byte	0xd71
 2189 07b1 00       		.byte	0
 2190 07b2 11       		.uleb128 0x11
 2191 07b3 0C030000 		.4byte	.LASF73
 2192 07b7 F801     		.2byte	0x1f8
 2193 07b9 00000000 		.4byte	.LFB211
 2194 07bd 44000000 		.4byte	.LFE211-.LFB211
 2195 07c1 01       		.uleb128 0x1
 2196 07c2 9C       		.byte	0x9c
 2197 07c3 85080000 		.4byte	0x885
 2198 07c7 05       		.uleb128 0x5
 2199 07c8 6F747000 		.ascii	"otp\000"
 2200 07cc F901     		.2byte	0x1f9
 2201 07ce 0D       		.byte	0xd
 2202 07cf A2010000 		.4byte	0x1a2
 2203 07d3 F6000000 		.4byte	.LLST29
 2204 07d7 EC000000 		.4byte	.LVUS29
 2205 07db 14       		.uleb128 0x14
 2206 07dc 3C000000 		.4byte	.LLRL32
 2207 07e0 47080000 		.4byte	0x847
 2208 07e4 05       		.uleb128 0x5
 2209 07e5 72313300 		.ascii	"r13\000"
 2210 07e9 0D02     		.2byte	0x20d
 2211 07eb 03       		.byte	0x3
 2212 07ec 3A050000 		.4byte	0x53a
 2213 07f0 1B010000 		.4byte	.LLST33
 2214 07f4 15010000 		.4byte	.LVUS33
 2215 07f8 08       		.uleb128 0x8
 2216 07f9 3F0F0000 		.4byte	0xf3f
ARM GAS  /tmp/cc1MtXAT.s 			page 40


 2217 07fd 1C000000 		.4byte	.LBI127
 2218 0801 05       		.byte	.LVU293
 2219 0802 1C000000 		.4byte	.LBB127
 2220 0806 04000000 		.4byte	.LBE127-.LBB127
 2221 080a 0D02     		.2byte	0x20d
 2222 080c 03       		.byte	0x3
 2223 080d 1F080000 		.4byte	0x81f
 2224 0811 0C       		.uleb128 0xc
 2225 0812 4D0F0000 		.4byte	0xf4d
 2226 0816 38010000 		.4byte	.LLST34
 2227 081a 36010000 		.4byte	.LVUS34
 2228 081e 00       		.byte	0
 2229 081f 0E       		.uleb128 0xe
 2230 0820 32000000 		.4byte	.LVL64
 2231 0824 E3050000 		.4byte	0x5e3
 2232 0828 33080000 		.4byte	0x833
 2233 082c 04       		.uleb128 0x4
 2234 082d 01       		.uleb128 0x1
 2235 082e 51       		.byte	0x51
 2236 082f 02       		.uleb128 0x2
 2237 0830 74       		.byte	0x74
 2238 0831 00       		.sleb128 0
 2239 0832 00       		.byte	0
 2240 0833 0F       		.uleb128 0xf
 2241 0834 3A000000 		.4byte	.LVL67
 2242 0838 FA050000 		.4byte	0x5fa
 2243 083c 04       		.uleb128 0x4
 2244 083d 01       		.uleb128 0x1
 2245 083e 50       		.byte	0x50
 2246 083f 05       		.uleb128 0x5
 2247 0840 03       		.byte	0x3
 2248 0841 00000000 		.4byte	.LC0
 2249 0845 00       		.byte	0
 2250 0846 00       		.byte	0
 2251 0847 08       		.uleb128 0x8
 2252 0848 B90E0000 		.4byte	0xeb9
 2253 084c 06000000 		.4byte	.LBI124
 2254 0850 01       		.byte	.LVU269
 2255 0851 06000000 		.4byte	.LBB124
 2256 0855 08000000 		.4byte	.LBE124-.LBB124
 2257 0859 FC01     		.2byte	0x1fc
 2258 085b 0B       		.byte	0xb
 2259 085c 7B080000 		.4byte	0x87b
 2260 0860 09       		.uleb128 0x9
 2261 0861 CA0E0000 		.4byte	0xeca
 2262 0865 43010000 		.4byte	.LLST30
 2263 0869 41010000 		.4byte	.LVUS30
 2264 086d 0C       		.uleb128 0xc
 2265 086e D70E0000 		.4byte	0xed7
 2266 0872 53010000 		.4byte	.LLST31
 2267 0876 51010000 		.4byte	.LVUS31
 2268 087a 00       		.byte	0
 2269 087b 12       		.uleb128 0x12
 2270 087c 1A000000 		.4byte	.LVL59
 2271 0880 CB0D0000 		.4byte	0xdcb
 2272 0884 00       		.byte	0
 2273 0885 19       		.uleb128 0x19
ARM GAS  /tmp/cc1MtXAT.s 			page 41


 2274 0886 76020000 		.4byte	.LASF77
 2275 088a DD01     		.2byte	0x1dd
 2276 088c 06       		.byte	0x6
 2277 088d C6080000 		.4byte	0x8c6
 2278 0891 00000000 		.4byte	.LFB210
 2279 0895 18000000 		.4byte	.LFE210-.LFB210
 2280 0899 01       		.uleb128 0x1
 2281 089a 9C       		.byte	0x9c
 2282 089b C6080000 		.4byte	0x8c6
 2283 089f 05       		.uleb128 0x5
 2284 08a0 703100   		.ascii	"p1\000"
 2285 08a3 DE01     		.2byte	0x1de
 2286 08a5 0B       		.byte	0xb
 2287 08a6 C7000000 		.4byte	0xc7
 2288 08aa 60010000 		.4byte	.LLST27
 2289 08ae 5C010000 		.4byte	.LVUS27
 2290 08b2 05       		.uleb128 0x5
 2291 08b3 703200   		.ascii	"p2\000"
 2292 08b6 DF01     		.2byte	0x1df
 2293 08b8 0B       		.byte	0xb
 2294 08b9 C7000000 		.4byte	0xc7
 2295 08bd 73010000 		.4byte	.LLST28
 2296 08c1 71010000 		.4byte	.LVUS28
 2297 08c5 00       		.byte	0
 2298 08c6 06       		.uleb128 0x6
 2299 08c7 01       		.byte	0x1
 2300 08c8 02       		.byte	0x2
 2301 08c9 FF020000 		.4byte	.LASF74
 2302 08cd 11       		.uleb128 0x11
 2303 08ce 24030000 		.4byte	.LASF75
 2304 08d2 C701     		.2byte	0x1c7
 2305 08d4 00000000 		.4byte	.LFB209
 2306 08d8 1C000000 		.4byte	.LFE209-.LFB209
 2307 08dc 01       		.uleb128 0x1
 2308 08dd 9C       		.byte	0x9c
 2309 08de 02090000 		.4byte	0x902
 2310 08e2 2D       		.uleb128 0x2d
 2311 08e3 8D0E0000 		.4byte	0xe8d
 2312 08e7 02000000 		.4byte	.LBI136
 2313 08eb 02       		.byte	.LVU352
 2314 08ec 02000000 		.4byte	.LBB136
 2315 08f0 0A000000 		.4byte	.LBE136-.LBB136
 2316 08f4 01       		.byte	0x1
 2317 08f5 CB01     		.2byte	0x1cb
 2318 08f7 07       		.byte	0x7
 2319 08f8 12       		.uleb128 0x12
 2320 08f9 16000000 		.4byte	.LVL80
 2321 08fd DF060000 		.4byte	0x6df
 2322 0901 00       		.byte	0
 2323 0902 11       		.uleb128 0x11
 2324 0903 63050000 		.4byte	.LASF76
 2325 0907 9B01     		.2byte	0x19b
 2326 0909 00000000 		.4byte	.LFB208
 2327 090d 50000000 		.4byte	.LFE208-.LFB208
 2328 0911 01       		.uleb128 0x1
 2329 0912 9C       		.byte	0x9c
 2330 0913 EC090000 		.4byte	0x9ec
ARM GAS  /tmp/cc1MtXAT.s 			page 42


 2331 0917 1A       		.uleb128 0x1a
 2332 0918 6E747000 		.ascii	"ntp\000"
 2333 091c 9B01     		.2byte	0x19b
 2334 091e 1D       		.byte	0x1d
 2335 091f A2010000 		.4byte	0x1a2
 2336 0923 80010000 		.4byte	.LLST21
 2337 0927 7C010000 		.4byte	.LVUS21
 2338 092b 1A       		.uleb128 0x1a
 2339 092c 6D736700 		.ascii	"msg\000"
 2340 0930 9B01     		.2byte	0x19b
 2341 0932 28       		.byte	0x28
 2342 0933 D3000000 		.4byte	0xd3
 2343 0937 98010000 		.4byte	.LLST22
 2344 093b 90010000 		.4byte	.LVUS22
 2345 093f 05       		.uleb128 0x5
 2346 0940 6F747000 		.ascii	"otp\000"
 2347 0944 9C01     		.2byte	0x19c
 2348 0946 0D       		.byte	0xd
 2349 0947 A2010000 		.4byte	0x1a2
 2350 094b D0010000 		.4byte	.LLST23
 2351 094f C4010000 		.4byte	.LVUS23
 2352 0953 1B       		.uleb128 0x1b
 2353 0954 E1050000 		.4byte	.LASF83
 2354 0958 FC090000 		.4byte	0x9fc
 2355 095c 14       		.uleb128 0x14
 2356 095d 30000000 		.4byte	.LLRL24
 2357 0961 CE090000 		.4byte	0x9ce
 2358 0965 05       		.uleb128 0x5
 2359 0966 72313300 		.ascii	"r13\000"
 2360 096a BC01     		.2byte	0x1bc
 2361 096c 05       		.byte	0x5
 2362 096d 3A050000 		.4byte	0x53a
 2363 0971 FA010000 		.4byte	.LLST25
 2364 0975 F4010000 		.4byte	.LVUS25
 2365 0979 08       		.uleb128 0x8
 2366 097a 3F0F0000 		.4byte	0xf3f
 2367 097e 2A000000 		.4byte	.LBI121
 2368 0982 05       		.byte	.LVU241
 2369 0983 2A000000 		.4byte	.LBB121
 2370 0987 04000000 		.4byte	.LBE121-.LBB121
 2371 098b BC01     		.2byte	0x1bc
 2372 098d 05       		.byte	0x5
 2373 098e A0090000 		.4byte	0x9a0
 2374 0992 0C       		.uleb128 0xc
 2375 0993 4D0F0000 		.4byte	0xf4d
 2376 0997 17020000 		.4byte	.LLST26
 2377 099b 15020000 		.4byte	.LVUS26
 2378 099f 00       		.byte	0
 2379 09a0 0E       		.uleb128 0xe
 2380 09a1 3E000000 		.4byte	.LVL49
 2381 09a5 E3050000 		.4byte	0x5e3
 2382 09a9 BA090000 		.4byte	0x9ba
 2383 09ad 04       		.uleb128 0x4
 2384 09ae 01       		.uleb128 0x1
 2385 09af 50       		.byte	0x50
 2386 09b0 02       		.uleb128 0x2
 2387 09b1 74       		.byte	0x74
ARM GAS  /tmp/cc1MtXAT.s 			page 43


 2388 09b2 00       		.sleb128 0
 2389 09b3 04       		.uleb128 0x4
 2390 09b4 01       		.uleb128 0x1
 2391 09b5 51       		.byte	0x51
 2392 09b6 02       		.uleb128 0x2
 2393 09b7 75       		.byte	0x75
 2394 09b8 00       		.sleb128 0
 2395 09b9 00       		.byte	0
 2396 09ba 0F       		.uleb128 0xf
 2397 09bb 46000000 		.4byte	.LVL52
 2398 09bf FA050000 		.4byte	0x5fa
 2399 09c3 04       		.uleb128 0x4
 2400 09c4 01       		.uleb128 0x1
 2401 09c5 50       		.byte	0x50
 2402 09c6 05       		.uleb128 0x5
 2403 09c7 03       		.byte	0x3
 2404 09c8 00000000 		.4byte	.LC0
 2405 09cc 00       		.byte	0
 2406 09cd 00       		.byte	0
 2407 09ce 0E       		.uleb128 0xe
 2408 09cf 18000000 		.4byte	.LVL42
 2409 09d3 CB0D0000 		.4byte	0xdcb
 2410 09d7 E2090000 		.4byte	0x9e2
 2411 09db 04       		.uleb128 0x4
 2412 09dc 01       		.uleb128 0x1
 2413 09dd 50       		.byte	0x50
 2414 09de 02       		.uleb128 0x2
 2415 09df 74       		.byte	0x74
 2416 09e0 00       		.sleb128 0
 2417 09e1 00       		.byte	0
 2418 09e2 12       		.uleb128 0x12
 2419 09e3 1E000000 		.4byte	.LVL44
 2420 09e7 CB0D0000 		.4byte	0xdcb
 2421 09eb 00       		.byte	0
 2422 09ec 1C       		.uleb128 0x1c
 2423 09ed 8B050000 		.4byte	0x58b
 2424 09f1 FC090000 		.4byte	0x9fc
 2425 09f5 1D       		.uleb128 0x1d
 2426 09f6 2D000000 		.4byte	0x2d
 2427 09fa 0C       		.byte	0xc
 2428 09fb 00       		.byte	0
 2429 09fc 17       		.uleb128 0x17
 2430 09fd EC090000 		.4byte	0x9ec
 2431 0a01 19       		.uleb128 0x19
 2432 0a02 E5040000 		.4byte	.LASF78
 2433 0a06 7601     		.2byte	0x176
 2434 0a08 07       		.byte	0x7
 2435 0a09 D3000000 		.4byte	0xd3
 2436 0a0d 00000000 		.4byte	.LFB207
 2437 0a11 40000000 		.4byte	.LFE207-.LFB207
 2438 0a15 01       		.uleb128 0x1
 2439 0a16 9C       		.byte	0x9c
 2440 0a17 DF0A0000 		.4byte	0xadf
 2441 0a1b 1E       		.uleb128 0x1e
 2442 0a1c 08050000 		.4byte	.LASF79
 2443 0a20 7601     		.2byte	0x176
 2444 0a22 25       		.byte	0x25
ARM GAS  /tmp/cc1MtXAT.s 			page 44


 2445 0a23 AF000000 		.4byte	0xaf
 2446 0a27 28020000 		.4byte	.LLST18
 2447 0a2b 20020000 		.4byte	.LVUS18
 2448 0a2f 1E       		.uleb128 0x1e
 2449 0a30 9D020000 		.4byte	.LASF80
 2450 0a34 7601     		.2byte	0x176
 2451 0a36 39       		.byte	0x39
 2452 0a37 DF000000 		.4byte	0xdf
 2453 0a3b 4A020000 		.4byte	.LLST19
 2454 0a3f 42020000 		.4byte	.LVUS19
 2455 0a43 2E       		.uleb128 0x2e
 2456 0a44 0C000000 		.4byte	.LBB117
 2457 0a48 1C000000 		.4byte	.LBE117-.LBB117
 2458 0a4c D50A0000 		.4byte	0xad5
 2459 0a50 2F       		.uleb128 0x2f
 2460 0a51 767400   		.ascii	"vt\000"
 2461 0a54 01       		.byte	0x1
 2462 0a55 7B01     		.2byte	0x17b
 2463 0a57 15       		.byte	0x15
 2464 0a58 84020000 		.4byte	0x284
 2465 0a5c 02       		.uleb128 0x2
 2466 0a5d 91       		.byte	0x91
 2467 0a5e 64       		.sleb128 -28
 2468 0a5f 08       		.uleb128 0x8
 2469 0a60 5E0E0000 		.4byte	0xe5e
 2470 0a64 1E000000 		.4byte	.LBI118
 2471 0a68 01       		.byte	.LVU196
 2472 0a69 1E000000 		.4byte	.LBB118
 2473 0a6d 02000000 		.4byte	.LBE118-.LBB118
 2474 0a71 7F01     		.2byte	0x17f
 2475 0a73 09       		.byte	0x9
 2476 0a74 860A0000 		.4byte	0xa86
 2477 0a78 09       		.uleb128 0x9
 2478 0a79 6F0E0000 		.4byte	0xe6f
 2479 0a7d 78020000 		.4byte	.LLST20
 2480 0a81 76020000 		.4byte	.LVUS20
 2481 0a85 00       		.byte	0
 2482 0a86 0E       		.uleb128 0xe
 2483 0a87 18000000 		.4byte	.LVL33
 2484 0a8b C4050000 		.4byte	0x5c4
 2485 0a8f B00A0000 		.4byte	0xab0
 2486 0a93 04       		.uleb128 0x4
 2487 0a94 01       		.uleb128 0x1
 2488 0a95 50       		.byte	0x50
 2489 0a96 02       		.uleb128 0x2
 2490 0a97 91       		.byte	0x91
 2491 0a98 64       		.sleb128 -28
 2492 0a99 04       		.uleb128 0x4
 2493 0a9a 01       		.uleb128 0x1
 2494 0a9b 51       		.byte	0x51
 2495 0a9c 09       		.uleb128 0x9
 2496 0a9d A3       		.byte	0xa3
 2497 0a9e 03       		.uleb128 0x3
 2498 0a9f A5       		.byte	0xa5
 2499 0aa0 01       		.uleb128 0x1
 2500 0aa1 26       		.uleb128 0x26
 2501 0aa2 A8       		.byte	0xa8
ARM GAS  /tmp/cc1MtXAT.s 			page 45


 2502 0aa3 2D       		.uleb128 0x2d
 2503 0aa4 A8       		.byte	0xa8
 2504 0aa5 00       		.uleb128 0
 2505 0aa6 04       		.uleb128 0x4
 2506 0aa7 01       		.uleb128 0x1
 2507 0aa8 52       		.byte	0x52
 2508 0aa9 05       		.uleb128 0x5
 2509 0aaa 03       		.byte	0x3
 2510 0aab 00000000 		.4byte	wakeup
 2511 0aaf 00       		.byte	0
 2512 0ab0 0E       		.uleb128 0xe
 2513 0ab1 1E000000 		.4byte	.LVL34
 2514 0ab5 960C0000 		.4byte	0xc96
 2515 0ab9 C40A0000 		.4byte	0xac4
 2516 0abd 04       		.uleb128 0x4
 2517 0abe 01       		.uleb128 0x1
 2518 0abf 50       		.byte	0x50
 2519 0ac0 02       		.uleb128 0x2
 2520 0ac1 74       		.byte	0x74
 2521 0ac2 00       		.sleb128 0
 2522 0ac3 00       		.byte	0
 2523 0ac4 0F       		.uleb128 0xf
 2524 0ac5 28000000 		.4byte	.LVL36
 2525 0ac9 B4050000 		.4byte	0x5b4
 2526 0acd 04       		.uleb128 0x4
 2527 0ace 01       		.uleb128 0x1
 2528 0acf 50       		.byte	0x50
 2529 0ad0 02       		.uleb128 0x2
 2530 0ad1 91       		.byte	0x91
 2531 0ad2 64       		.sleb128 -28
 2532 0ad3 00       		.byte	0
 2533 0ad4 00       		.byte	0
 2534 0ad5 12       		.uleb128 0x12
 2535 0ad6 36000000 		.4byte	.LVL38
 2536 0ada 960C0000 		.4byte	0xc96
 2537 0ade 00       		.byte	0
 2538 0adf 30       		.uleb128 0x30
 2539 0ae0 05030000 		.4byte	.LASF103
 2540 0ae4 01       		.byte	0x1
 2541 0ae5 3F01     		.2byte	0x13f
 2542 0ae7 0D       		.byte	0xd
 2543 0ae8 00000000 		.4byte	.LFB206
 2544 0aec 40000000 		.4byte	.LFE206-.LFB206
 2545 0af0 01       		.uleb128 0x1
 2546 0af1 9C       		.byte	0x9c
 2547 0af2 960C0000 		.4byte	0xc96
 2548 0af6 1A       		.uleb128 0x1a
 2549 0af7 7000     		.ascii	"p\000"
 2550 0af9 3F01     		.2byte	0x13f
 2551 0afb 1A       		.byte	0x1a
 2552 0afc 82020000 		.4byte	0x282
 2553 0b00 89020000 		.4byte	.LLST2
 2554 0b04 83020000 		.4byte	.LVUS2
 2555 0b08 05       		.uleb128 0x5
 2556 0b09 747000   		.ascii	"tp\000"
 2557 0b0c 4001     		.2byte	0x140
 2558 0b0e 0D       		.byte	0xd
ARM GAS  /tmp/cc1MtXAT.s 			page 46


 2559 0b0f A2010000 		.4byte	0x1a2
 2560 0b13 AD020000 		.4byte	.LLST3
 2561 0b17 A7020000 		.4byte	.LVUS3
 2562 0b1b 08       		.uleb128 0x8
 2563 0b1c 850E0000 		.4byte	0xe85
 2564 0b20 02000000 		.4byte	.LBI88
 2565 0b24 02       		.byte	.LVU50
 2566 0b25 02000000 		.4byte	.LBB88
 2567 0b29 06000000 		.4byte	.LBE88-.LBB88
 2568 0b2d 4201     		.2byte	0x142
 2569 0b2f 03       		.byte	0x3
 2570 0b30 870B0000 		.4byte	0xb87
 2571 0b34 0A       		.uleb128 0xa
 2572 0b35 0C0F0000 		.4byte	0xf0c
 2573 0b39 02000000 		.4byte	.LBI89
 2574 0b3d 04       		.byte	.LVU52
 2575 0b3e 02000000 		.4byte	.LBB89
 2576 0b42 06000000 		.4byte	.LBE89-.LBB89
 2577 0b46 03       		.byte	0x3
 2578 0b47 A001     		.2byte	0x1a0
 2579 0b49 03       		.byte	0x3
 2580 0b4a 0A       		.uleb128 0xa
 2581 0b4b 1C0F0000 		.4byte	0xf1c
 2582 0b4f 02000000 		.4byte	.LBI90
 2583 0b53 06       		.byte	.LVU54
 2584 0b54 02000000 		.4byte	.LBB90
 2585 0b58 06000000 		.4byte	.LBE90-.LBB90
 2586 0b5c 04       		.byte	0x4
 2587 0b5d 8502     		.2byte	0x285
 2588 0b5f 03       		.byte	0x3
 2589 0b60 0A       		.uleb128 0xa
 2590 0b61 240F0000 		.4byte	0xf24
 2591 0b65 02000000 		.4byte	.LBI91
 2592 0b69 08       		.byte	.LVU56
 2593 0b6a 02000000 		.4byte	.LBB91
 2594 0b6e 06000000 		.4byte	.LBE91-.LBB91
 2595 0b72 04       		.byte	0x4
 2596 0b73 6402     		.2byte	0x264
 2597 0b75 03       		.byte	0x3
 2598 0b76 09       		.uleb128 0x9
 2599 0b77 310F0000 		.4byte	0xf31
 2600 0b7b CD020000 		.4byte	.LLST4
 2601 0b7f CB020000 		.4byte	.LVUS4
 2602 0b83 00       		.byte	0
 2603 0b84 00       		.byte	0
 2604 0b85 00       		.byte	0
 2605 0b86 00       		.byte	0
 2606 0b87 23       		.uleb128 0x23
 2607 0b88 7D0E0000 		.4byte	0xe7d
 2608 0b8c 16000000 		.4byte	.LBI93
 2609 0b90 01       		.byte	.LVU65
 2610 0b91 0C000000 		.4byte	.LLRL5
 2611 0b95 4701     		.2byte	0x147
 2612 0b97 05       		.byte	0x5
 2613 0b98 EF0B0000 		.4byte	0xbef
 2614 0b9c 0A       		.uleb128 0xa
 2615 0b9d 040F0000 		.4byte	0xf04
ARM GAS  /tmp/cc1MtXAT.s 			page 47


 2616 0ba1 16000000 		.4byte	.LBI95
 2617 0ba5 05       		.byte	.LVU69
 2618 0ba6 16000000 		.4byte	.LBB95
 2619 0baa 04000000 		.4byte	.LBE95-.LBB95
 2620 0bae 03       		.byte	0x3
 2621 0baf B601     		.2byte	0x1b6
 2622 0bb1 03       		.byte	0x3
 2623 0bb2 0A       		.uleb128 0xa
 2624 0bb3 140F0000 		.4byte	0xf14
 2625 0bb7 16000000 		.4byte	.LBI96
 2626 0bbb 07       		.byte	.LVU71
 2627 0bbc 16000000 		.4byte	.LBB96
 2628 0bc0 04000000 		.4byte	.LBE96-.LBB96
 2629 0bc4 04       		.byte	0x4
 2630 0bc5 9002     		.2byte	0x290
 2631 0bc7 03       		.byte	0x3
 2632 0bc8 0A       		.uleb128 0xa
 2633 0bc9 240F0000 		.4byte	0xf24
 2634 0bcd 16000000 		.4byte	.LBI97
 2635 0bd1 09       		.byte	.LVU73
 2636 0bd2 16000000 		.4byte	.LBB97
 2637 0bd6 04000000 		.4byte	.LBE97-.LBB97
 2638 0bda 04       		.byte	0x4
 2639 0bdb 7702     		.2byte	0x277
 2640 0bdd 03       		.byte	0x3
 2641 0bde 09       		.uleb128 0x9
 2642 0bdf 310F0000 		.4byte	0xf31
 2643 0be3 DA020000 		.4byte	.LLST6
 2644 0be7 D8020000 		.4byte	.LVUS6
 2645 0beb 00       		.byte	0
 2646 0bec 00       		.byte	0
 2647 0bed 00       		.byte	0
 2648 0bee 00       		.byte	0
 2649 0bef 08       		.uleb128 0x8
 2650 0bf0 7D0E0000 		.4byte	0xe7d
 2651 0bf4 2C000000 		.4byte	.LBI101
 2652 0bf8 01       		.byte	.LVU87
 2653 0bf9 2C000000 		.4byte	.LBB101
 2654 0bfd 06000000 		.4byte	.LBE101-.LBB101
 2655 0c01 5E01     		.2byte	0x15e
 2656 0c03 03       		.byte	0x3
 2657 0c04 5B0C0000 		.4byte	0xc5b
 2658 0c08 0A       		.uleb128 0xa
 2659 0c09 040F0000 		.4byte	0xf04
 2660 0c0d 2C000000 		.4byte	.LBI103
 2661 0c11 05       		.byte	.LVU91
 2662 0c12 2C000000 		.4byte	.LBB103
 2663 0c16 06000000 		.4byte	.LBE103-.LBB103
 2664 0c1a 03       		.byte	0x3
 2665 0c1b B601     		.2byte	0x1b6
 2666 0c1d 03       		.byte	0x3
 2667 0c1e 0A       		.uleb128 0xa
 2668 0c1f 140F0000 		.4byte	0xf14
 2669 0c23 2C000000 		.4byte	.LBI104
 2670 0c27 07       		.byte	.LVU93
 2671 0c28 2C000000 		.4byte	.LBB104
 2672 0c2c 06000000 		.4byte	.LBE104-.LBB104
ARM GAS  /tmp/cc1MtXAT.s 			page 48


 2673 0c30 04       		.byte	0x4
 2674 0c31 9002     		.2byte	0x290
 2675 0c33 03       		.byte	0x3
 2676 0c34 0A       		.uleb128 0xa
 2677 0c35 240F0000 		.4byte	0xf24
 2678 0c39 2C000000 		.4byte	.LBI105
 2679 0c3d 09       		.byte	.LVU95
 2680 0c3e 2C000000 		.4byte	.LBB105
 2681 0c42 06000000 		.4byte	.LBE105-.LBB105
 2682 0c46 04       		.byte	0x4
 2683 0c47 7702     		.2byte	0x277
 2684 0c49 03       		.byte	0x3
 2685 0c4a 09       		.uleb128 0x9
 2686 0c4b 310F0000 		.4byte	0xf31
 2687 0c4f E6020000 		.4byte	.LLST7
 2688 0c53 E4020000 		.4byte	.LVUS7
 2689 0c57 00       		.byte	0
 2690 0c58 00       		.byte	0
 2691 0c59 00       		.byte	0
 2692 0c5a 00       		.byte	0
 2693 0c5b 23       		.uleb128 0x23
 2694 0c5c 9B0E0000 		.4byte	0xe9b
 2695 0c60 34000000 		.4byte	.LBI107
 2696 0c64 01       		.byte	.LVU100
 2697 0c65 18000000 		.4byte	.LLRL8
 2698 0c69 5601     		.2byte	0x156
 2699 0c6b 0C       		.byte	0xc
 2700 0c6c 7E0C0000 		.4byte	0xc7e
 2701 0c70 09       		.uleb128 0x9
 2702 0c71 AC0E0000 		.4byte	0xeac
 2703 0c75 F2020000 		.4byte	.LLST9
 2704 0c79 F0020000 		.4byte	.LVUS9
 2705 0c7d 00       		.byte	0
 2706 0c7e 0F       		.uleb128 0xf
 2707 0c7f 2C000000 		.4byte	.LVL11
 2708 0c83 CB0D0000 		.4byte	0xdcb
 2709 0c87 04       		.uleb128 0x4
 2710 0c88 01       		.uleb128 0x1
 2711 0c89 50       		.byte	0x50
 2712 0c8a 09       		.uleb128 0x9
 2713 0c8b A3       		.byte	0xa3
 2714 0c8c 03       		.uleb128 0x3
 2715 0c8d A5       		.byte	0xa5
 2716 0c8e 00       		.uleb128 0
 2717 0c8f 26       		.uleb128 0x26
 2718 0c90 A8       		.byte	0xa8
 2719 0c91 2D       		.uleb128 0x2d
 2720 0c92 A8       		.byte	0xa8
 2721 0c93 00       		.uleb128 0
 2722 0c94 00       		.byte	0
 2723 0c95 00       		.byte	0
 2724 0c96 11       		.uleb128 0x11
 2725 0c97 A5040000 		.4byte	.LASF81
 2726 0c9b 2101     		.2byte	0x121
 2727 0c9d 00000000 		.4byte	.LFB205
 2728 0ca1 44000000 		.4byte	.LFE205-.LFB205
 2729 0ca5 01       		.uleb128 0x1
ARM GAS  /tmp/cc1MtXAT.s 			page 49


 2730 0ca6 9C       		.byte	0x9c
 2731 0ca7 710D0000 		.4byte	0xd71
 2732 0cab 1E       		.uleb128 0x1e
 2733 0cac 08050000 		.4byte	.LASF79
 2734 0cb0 2101     		.2byte	0x121
 2735 0cb2 1D       		.byte	0x1d
 2736 0cb3 AF000000 		.4byte	0xaf
 2737 0cb7 03030000 		.4byte	.LLST11
 2738 0cbb FB020000 		.4byte	.LVUS11
 2739 0cbf 05       		.uleb128 0x5
 2740 0cc0 6F747000 		.ascii	"otp\000"
 2741 0cc4 2201     		.2byte	0x122
 2742 0cc6 0D       		.byte	0xd
 2743 0cc7 A2010000 		.4byte	0x1a2
 2744 0ccb 31030000 		.4byte	.LLST12
 2745 0ccf 2F030000 		.4byte	.LVUS12
 2746 0cd3 14       		.uleb128 0x14
 2747 0cd4 24000000 		.4byte	.LLRL15
 2748 0cd8 3F0D0000 		.4byte	0xd3f
 2749 0cdc 05       		.uleb128 0x5
 2750 0cdd 72313300 		.ascii	"r13\000"
 2751 0ce1 3901     		.2byte	0x139
 2752 0ce3 03       		.byte	0x3
 2753 0ce4 3A050000 		.4byte	0x53a
 2754 0ce8 40030000 		.4byte	.LLST16
 2755 0cec 3A030000 		.4byte	.LVUS16
 2756 0cf0 08       		.uleb128 0x8
 2757 0cf1 3F0F0000 		.4byte	0xf3f
 2758 0cf5 1A000000 		.4byte	.LBI114
 2759 0cf9 08       		.byte	.LVU172
 2760 0cfa 1A000000 		.4byte	.LBB114
 2761 0cfe 04000000 		.4byte	.LBE114-.LBB114
 2762 0d02 3901     		.2byte	0x139
 2763 0d04 03       		.byte	0x3
 2764 0d05 170D0000 		.4byte	0xd17
 2765 0d09 0C       		.uleb128 0xc
 2766 0d0a 4D0F0000 		.4byte	0xf4d
 2767 0d0e 5D030000 		.4byte	.LLST17
 2768 0d12 5B030000 		.4byte	.LVUS17
 2769 0d16 00       		.byte	0
 2770 0d17 0E       		.uleb128 0xe
 2771 0d18 30000000 		.4byte	.LVL27
 2772 0d1c E3050000 		.4byte	0x5e3
 2773 0d20 2B0D0000 		.4byte	0xd2b
 2774 0d24 04       		.uleb128 0x4
 2775 0d25 01       		.uleb128 0x1
 2776 0d26 51       		.byte	0x51
 2777 0d27 02       		.uleb128 0x2
 2778 0d28 74       		.byte	0x74
 2779 0d29 00       		.sleb128 0
 2780 0d2a 00       		.byte	0
 2781 0d2b 0F       		.uleb128 0xf
 2782 0d2c 38000000 		.4byte	.LVL30
 2783 0d30 FA050000 		.4byte	0x5fa
 2784 0d34 04       		.uleb128 0x4
 2785 0d35 01       		.uleb128 0x1
 2786 0d36 50       		.byte	0x50
ARM GAS  /tmp/cc1MtXAT.s 			page 50


 2787 0d37 05       		.uleb128 0x5
 2788 0d38 03       		.byte	0x3
 2789 0d39 00000000 		.4byte	.LC0
 2790 0d3d 00       		.byte	0
 2791 0d3e 00       		.byte	0
 2792 0d3f 0A       		.uleb128 0xa
 2793 0d40 B90E0000 		.4byte	0xeb9
 2794 0d44 0A000000 		.4byte	.LBI111
 2795 0d48 01       		.byte	.LVU151
 2796 0d49 0A000000 		.4byte	.LBB111
 2797 0d4d 08000000 		.4byte	.LBE111-.LBB111
 2798 0d51 01       		.byte	0x1
 2799 0d52 3001     		.2byte	0x130
 2800 0d54 0B       		.byte	0xb
 2801 0d55 09       		.uleb128 0x9
 2802 0d56 CA0E0000 		.4byte	0xeca
 2803 0d5a 68030000 		.4byte	.LLST13
 2804 0d5e 66030000 		.4byte	.LVUS13
 2805 0d62 0C       		.uleb128 0xc
 2806 0d63 D70E0000 		.4byte	0xed7
 2807 0d67 78030000 		.4byte	.LLST14
 2808 0d6b 76030000 		.4byte	.LVUS14
 2809 0d6f 00       		.byte	0
 2810 0d70 00       		.byte	0
 2811 0d71 19       		.uleb128 0x19
 2812 0d72 6A030000 		.4byte	.LASF82
 2813 0d76 0101     		.2byte	0x101
 2814 0d78 0B       		.byte	0xb
 2815 0d79 A2010000 		.4byte	0x1a2
 2816 0d7d 00000000 		.4byte	.LFB204
 2817 0d81 24000000 		.4byte	.LFE204-.LFB204
 2818 0d85 01       		.uleb128 0x1
 2819 0d86 9C       		.byte	0x9c
 2820 0d87 B60D0000 		.4byte	0xdb6
 2821 0d8b 31       		.uleb128 0x31
 2822 0d8c 747000   		.ascii	"tp\000"
 2823 0d8f 01       		.byte	0x1
 2824 0d90 0101     		.2byte	0x101
 2825 0d92 26       		.byte	0x26
 2826 0d93 A2010000 		.4byte	0x1a2
 2827 0d97 01       		.uleb128 0x1
 2828 0d98 50       		.byte	0x50
 2829 0d99 05       		.uleb128 0x5
 2830 0d9a 637000   		.ascii	"cp\000"
 2831 0d9d 0201     		.2byte	0x102
 2832 0d9f 0D       		.byte	0xd
 2833 0da0 A2010000 		.4byte	0x1a2
 2834 0da4 85030000 		.4byte	.LLST10
 2835 0da8 81030000 		.4byte	.LVUS10
 2836 0dac 1B       		.uleb128 0x1b
 2837 0dad E1050000 		.4byte	.LASF83
 2838 0db1 C60D0000 		.4byte	0xdc6
 2839 0db5 00       		.byte	0
 2840 0db6 1C       		.uleb128 0x1c
 2841 0db7 8B050000 		.4byte	0x58b
 2842 0dbb C60D0000 		.4byte	0xdc6
 2843 0dbf 1D       		.uleb128 0x1d
ARM GAS  /tmp/cc1MtXAT.s 			page 51


 2844 0dc0 2D000000 		.4byte	0x2d
 2845 0dc4 10       		.byte	0x10
 2846 0dc5 00       		.byte	0
 2847 0dc6 17       		.uleb128 0x17
 2848 0dc7 B60D0000 		.4byte	0xdb6
 2849 0dcb 32       		.uleb128 0x32
 2850 0dcc 0A020000 		.4byte	.LASF84
 2851 0dd0 01       		.byte	0x1
 2852 0dd1 DA       		.byte	0xda
 2853 0dd2 0B       		.byte	0xb
 2854 0dd3 A2010000 		.4byte	0x1a2
 2855 0dd7 00000000 		.4byte	.LFB203
 2856 0ddb 24000000 		.4byte	.LFE203-.LFB203
 2857 0ddf 01       		.uleb128 0x1
 2858 0de0 9C       		.byte	0x9c
 2859 0de1 0F0E0000 		.4byte	0xe0f
 2860 0de5 33       		.uleb128 0x33
 2861 0de6 747000   		.ascii	"tp\000"
 2862 0de9 01       		.byte	0x1
 2863 0dea DA       		.byte	0xda
 2864 0deb 21       		.byte	0x21
 2865 0dec A2010000 		.4byte	0x1a2
 2866 0df0 01       		.uleb128 0x1
 2867 0df1 50       		.byte	0x50
 2868 0df2 34       		.uleb128 0x34
 2869 0df3 637000   		.ascii	"cp\000"
 2870 0df6 01       		.byte	0x1
 2871 0df7 DB       		.byte	0xdb
 2872 0df8 0D       		.byte	0xd
 2873 0df9 A2010000 		.4byte	0x1a2
 2874 0dfd 9E030000 		.4byte	.LLST1
 2875 0e01 9A030000 		.4byte	.LVUS1
 2876 0e05 1B       		.uleb128 0x1b
 2877 0e06 E1050000 		.4byte	.LASF83
 2878 0e0a 1F0E0000 		.4byte	0xe1f
 2879 0e0e 00       		.byte	0
 2880 0e0f 1C       		.uleb128 0x1c
 2881 0e10 8B050000 		.4byte	0x58b
 2882 0e14 1F0E0000 		.4byte	0xe1f
 2883 0e18 1D       		.uleb128 0x1d
 2884 0e19 2D000000 		.4byte	0x2d
 2885 0e1d 0B       		.byte	0xb
 2886 0e1e 00       		.byte	0
 2887 0e1f 17       		.uleb128 0x17
 2888 0e20 0F0E0000 		.4byte	0xe0f
 2889 0e24 35       		.uleb128 0x35
 2890 0e25 26020000 		.4byte	.LASF85
 2891 0e29 01       		.byte	0x1
 2892 0e2a 41       		.byte	0x41
 2893 0e2b 06       		.byte	0x6
 2894 0e2c 00000000 		.4byte	.LFB202
 2895 0e30 14000000 		.4byte	.LFE202-.LFB202
 2896 0e34 01       		.uleb128 0x1
 2897 0e35 9C       		.byte	0x9c
 2898 0e36 5E0E0000 		.4byte	0xe5e
 2899 0e3a 36       		.uleb128 0x36
 2900 0e3b E90E0000 		.4byte	0xee9
ARM GAS  /tmp/cc1MtXAT.s 			page 52


 2901 0e3f 00000000 		.4byte	.LBI86
 2902 0e43 02       		.byte	.LVU2
 2903 0e44 00000000 		.4byte	.LBB86
 2904 0e48 06000000 		.4byte	.LBE86-.LBB86
 2905 0e4c 01       		.byte	0x1
 2906 0e4d 43       		.byte	0x43
 2907 0e4e 03       		.byte	0x3
 2908 0e4f 09       		.uleb128 0x9
 2909 0e50 F60E0000 		.4byte	0xef6
 2910 0e54 B5030000 		.4byte	.LLST0
 2911 0e58 B3030000 		.4byte	.LVUS0
 2912 0e5c 00       		.byte	0
 2913 0e5d 00       		.byte	0
 2914 0e5e 1F       		.uleb128 0x1f
 2915 0e5f 90020000 		.4byte	.LASF88
 2916 0e63 06       		.byte	0x6
 2917 0e64 7501     		.2byte	0x175
 2918 0e66 14       		.byte	0x14
 2919 0e67 C6080000 		.4byte	0x8c6
 2920 0e6b 7D0E0000 		.4byte	0xe7d
 2921 0e6f 18       		.uleb128 0x18
 2922 0e70 76747000 		.ascii	"vtp\000"
 2923 0e74 06       		.byte	0x6
 2924 0e75 7501     		.2byte	0x175
 2925 0e77 32       		.byte	0x32
 2926 0e78 95050000 		.4byte	0x595
 2927 0e7c 00       		.byte	0
 2928 0e7d 13       		.uleb128 0x13
 2929 0e7e D8020000 		.4byte	.LASF86
 2930 0e82 03       		.byte	0x3
 2931 0e83 B201     		.2byte	0x1b2
 2932 0e85 13       		.uleb128 0x13
 2933 0e86 F0010000 		.4byte	.LASF87
 2934 0e8a 03       		.byte	0x3
 2935 0e8b 9E01     		.2byte	0x19e
 2936 0e8d 37       		.uleb128 0x37
 2937 0e8e F4030000 		.4byte	.LASF104
 2938 0e92 02       		.byte	0x2
 2939 0e93 8F02     		.2byte	0x28f
 2940 0e95 14       		.byte	0x14
 2941 0e96 C6080000 		.4byte	0x8c6
 2942 0e9a 03       		.byte	0x3
 2943 0e9b 1F       		.uleb128 0x1f
 2944 0e9c 77040000 		.4byte	.LASF89
 2945 0ea0 02       		.byte	0x2
 2946 0ea1 7B02     		.2byte	0x27b
 2947 0ea3 19       		.byte	0x19
 2948 0ea4 A2010000 		.4byte	0x1a2
 2949 0ea8 B90E0000 		.4byte	0xeb9
 2950 0eac 18       		.uleb128 0x18
 2951 0ead 747000   		.ascii	"tp\000"
 2952 0eb0 02       		.byte	0x2
 2953 0eb1 7B02     		.2byte	0x27b
 2954 0eb3 31       		.byte	0x31
 2955 0eb4 A2010000 		.4byte	0x1a2
 2956 0eb8 00       		.byte	0
 2957 0eb9 1F       		.uleb128 0x1f
ARM GAS  /tmp/cc1MtXAT.s 			page 53


 2958 0eba C5030000 		.4byte	.LASF90
 2959 0ebe 02       		.byte	0x2
 2960 0ebf 6902     		.2byte	0x269
 2961 0ec1 19       		.byte	0x19
 2962 0ec2 A2010000 		.4byte	0x1a2
 2963 0ec6 E40E0000 		.4byte	0xee4
 2964 0eca 18       		.uleb128 0x18
 2965 0ecb 74717000 		.ascii	"tqp\000"
 2966 0ecf 02       		.byte	0x2
 2967 0ed0 6902     		.2byte	0x269
 2968 0ed2 3C       		.byte	0x3c
 2969 0ed3 E40E0000 		.4byte	0xee4
 2970 0ed7 38       		.uleb128 0x38
 2971 0ed8 747000   		.ascii	"tp\000"
 2972 0edb 02       		.byte	0x2
 2973 0edc 6A02     		.2byte	0x26a
 2974 0ede 0D       		.byte	0xd
 2975 0edf A2010000 		.4byte	0x1a2
 2976 0ee3 00       		.byte	0
 2977 0ee4 0D       		.uleb128 0xd
 2978 0ee5 CC010000 		.4byte	0x1cc
 2979 0ee9 24       		.uleb128 0x24
 2980 0eea 17050000 		.4byte	.LASF95
 2981 0eee 02       		.byte	0x2
 2982 0eef 2402     		.2byte	0x224
 2983 0ef1 14       		.byte	0x14
 2984 0ef2 040F0000 		.4byte	0xf04
 2985 0ef6 18       		.uleb128 0x18
 2986 0ef7 74717000 		.ascii	"tqp\000"
 2987 0efb 02       		.byte	0x2
 2988 0efc 2402     		.2byte	0x224
 2989 0efe 30       		.byte	0x30
 2990 0eff E40E0000 		.4byte	0xee4
 2991 0f03 00       		.byte	0
 2992 0f04 13       		.uleb128 0x13
 2993 0f05 22050000 		.4byte	.LASF91
 2994 0f09 04       		.byte	0x4
 2995 0f0a 8E02     		.2byte	0x28e
 2996 0f0c 13       		.uleb128 0x13
 2997 0f0d B4010000 		.4byte	.LASF92
 2998 0f11 04       		.byte	0x4
 2999 0f12 8302     		.2byte	0x283
 3000 0f14 13       		.uleb128 0x13
 3001 0f15 EA050000 		.4byte	.LASF93
 3002 0f19 04       		.byte	0x4
 3003 0f1a 7402     		.2byte	0x274
 3004 0f1c 13       		.uleb128 0x13
 3005 0f1d 96010000 		.4byte	.LASF94
 3006 0f21 04       		.byte	0x4
 3007 0f22 5C02     		.2byte	0x25c
 3008 0f24 24       		.uleb128 0x24
 3009 0f25 51040000 		.4byte	.LASF96
 3010 0f29 05       		.byte	0x5
 3011 0f2a 2202     		.2byte	0x222
 3012 0f2c 39       		.byte	0x39
 3013 0f2d 3F0F0000 		.4byte	0xf3f
 3014 0f31 39       		.uleb128 0x39
ARM GAS  /tmp/cc1MtXAT.s 			page 54


 3015 0f32 B2020000 		.4byte	.LASF97
 3016 0f36 05       		.byte	0x5
 3017 0f37 2202     		.2byte	0x222
 3018 0f39 50       		.byte	0x50
 3019 0f3a 84000000 		.4byte	0x84
 3020 0f3e 00       		.byte	0
 3021 0f3f 3A       		.uleb128 0x3a
 3022 0f40 05060000 		.4byte	.LASF98
 3023 0f44 05       		.byte	0x5
 3024 0f45 AA01     		.2byte	0x1aa
 3025 0f47 3D       		.byte	0x3d
 3026 0f48 84000000 		.4byte	0x84
 3027 0f4c 03       		.byte	0x3
 3028 0f4d 3B       		.uleb128 0x3b
 3029 0f4e 58020000 		.4byte	.LASF99
 3030 0f52 05       		.byte	0x5
 3031 0f53 AC01     		.2byte	0x1ac
 3032 0f55 15       		.byte	0x15
 3033 0f56 84000000 		.4byte	0x84
 3034 0f5a 00       		.byte	0
 3035 0f5b 00       		.byte	0
 3036              		.section	.debug_abbrev,"",%progbits
 3037              	.Ldebug_abbrev0:
 3038 0000 01       		.uleb128 0x1
 3039 0001 0D       		.uleb128 0xd
 3040 0002 00       		.byte	0
 3041 0003 03       		.uleb128 0x3
 3042 0004 08       		.uleb128 0x8
 3043 0005 3A       		.uleb128 0x3a
 3044 0006 0B       		.uleb128 0xb
 3045 0007 3B       		.uleb128 0x3b
 3046 0008 05       		.uleb128 0x5
 3047 0009 39       		.uleb128 0x39
 3048 000a 0B       		.uleb128 0xb
 3049 000b 49       		.uleb128 0x49
 3050 000c 13       		.uleb128 0x13
 3051 000d 38       		.uleb128 0x38
 3052 000e 0B       		.uleb128 0xb
 3053 000f 00       		.byte	0
 3054 0010 00       		.byte	0
 3055 0011 02       		.uleb128 0x2
 3056 0012 16       		.uleb128 0x16
 3057 0013 00       		.byte	0
 3058 0014 03       		.uleb128 0x3
 3059 0015 0E       		.uleb128 0xe
 3060 0016 3A       		.uleb128 0x3a
 3061 0017 0B       		.uleb128 0xb
 3062 0018 3B       		.uleb128 0x3b
 3063 0019 0B       		.uleb128 0xb
 3064 001a 39       		.uleb128 0x39
 3065 001b 0B       		.uleb128 0xb
 3066 001c 49       		.uleb128 0x49
 3067 001d 13       		.uleb128 0x13
 3068 001e 00       		.byte	0
 3069 001f 00       		.byte	0
 3070 0020 03       		.uleb128 0x3
 3071 0021 0D       		.uleb128 0xd
ARM GAS  /tmp/cc1MtXAT.s 			page 55


 3072 0022 00       		.byte	0
 3073 0023 03       		.uleb128 0x3
 3074 0024 0E       		.uleb128 0xe
 3075 0025 3A       		.uleb128 0x3a
 3076 0026 21       		.uleb128 0x21
 3077 0027 02       		.sleb128 2
 3078 0028 3B       		.uleb128 0x3b
 3079 0029 05       		.uleb128 0x5
 3080 002a 39       		.uleb128 0x39
 3081 002b 0B       		.uleb128 0xb
 3082 002c 49       		.uleb128 0x49
 3083 002d 13       		.uleb128 0x13
 3084 002e 38       		.uleb128 0x38
 3085 002f 0B       		.uleb128 0xb
 3086 0030 00       		.byte	0
 3087 0031 00       		.byte	0
 3088 0032 04       		.uleb128 0x4
 3089 0033 49       		.uleb128 0x49
 3090 0034 00       		.byte	0
 3091 0035 02       		.uleb128 0x2
 3092 0036 18       		.uleb128 0x18
 3093 0037 7E       		.uleb128 0x7e
 3094 0038 18       		.uleb128 0x18
 3095 0039 00       		.byte	0
 3096 003a 00       		.byte	0
 3097 003b 05       		.uleb128 0x5
 3098 003c 34       		.uleb128 0x34
 3099 003d 00       		.byte	0
 3100 003e 03       		.uleb128 0x3
 3101 003f 08       		.uleb128 0x8
 3102 0040 3A       		.uleb128 0x3a
 3103 0041 21       		.uleb128 0x21
 3104 0042 01       		.sleb128 1
 3105 0043 3B       		.uleb128 0x3b
 3106 0044 05       		.uleb128 0x5
 3107 0045 39       		.uleb128 0x39
 3108 0046 0B       		.uleb128 0xb
 3109 0047 49       		.uleb128 0x49
 3110 0048 13       		.uleb128 0x13
 3111 0049 02       		.uleb128 0x2
 3112 004a 17       		.uleb128 0x17
 3113 004b B742     		.uleb128 0x2137
 3114 004d 17       		.uleb128 0x17
 3115 004e 00       		.byte	0
 3116 004f 00       		.byte	0
 3117 0050 06       		.uleb128 0x6
 3118 0051 24       		.uleb128 0x24
 3119 0052 00       		.byte	0
 3120 0053 0B       		.uleb128 0xb
 3121 0054 0B       		.uleb128 0xb
 3122 0055 3E       		.uleb128 0x3e
 3123 0056 0B       		.uleb128 0xb
 3124 0057 03       		.uleb128 0x3
 3125 0058 0E       		.uleb128 0xe
 3126 0059 00       		.byte	0
 3127 005a 00       		.byte	0
 3128 005b 07       		.uleb128 0x7
ARM GAS  /tmp/cc1MtXAT.s 			page 56


 3129 005c 0D       		.uleb128 0xd
 3130 005d 00       		.byte	0
 3131 005e 03       		.uleb128 0x3
 3132 005f 0E       		.uleb128 0xe
 3133 0060 3A       		.uleb128 0x3a
 3134 0061 21       		.uleb128 0x21
 3135 0062 02       		.sleb128 2
 3136 0063 3B       		.uleb128 0x3b
 3137 0064 0B       		.uleb128 0xb
 3138 0065 39       		.uleb128 0x39
 3139 0066 0B       		.uleb128 0xb
 3140 0067 49       		.uleb128 0x49
 3141 0068 13       		.uleb128 0x13
 3142 0069 38       		.uleb128 0x38
 3143 006a 0B       		.uleb128 0xb
 3144 006b 00       		.byte	0
 3145 006c 00       		.byte	0
 3146 006d 08       		.uleb128 0x8
 3147 006e 1D       		.uleb128 0x1d
 3148 006f 01       		.byte	0x1
 3149 0070 31       		.uleb128 0x31
 3150 0071 13       		.uleb128 0x13
 3151 0072 52       		.uleb128 0x52
 3152 0073 01       		.uleb128 0x1
 3153 0074 B842     		.uleb128 0x2138
 3154 0076 0B       		.uleb128 0xb
 3155 0077 11       		.uleb128 0x11
 3156 0078 01       		.uleb128 0x1
 3157 0079 12       		.uleb128 0x12
 3158 007a 06       		.uleb128 0x6
 3159 007b 58       		.uleb128 0x58
 3160 007c 21       		.uleb128 0x21
 3161 007d 01       		.sleb128 1
 3162 007e 59       		.uleb128 0x59
 3163 007f 05       		.uleb128 0x5
 3164 0080 57       		.uleb128 0x57
 3165 0081 0B       		.uleb128 0xb
 3166 0082 01       		.uleb128 0x1
 3167 0083 13       		.uleb128 0x13
 3168 0084 00       		.byte	0
 3169 0085 00       		.byte	0
 3170 0086 09       		.uleb128 0x9
 3171 0087 05       		.uleb128 0x5
 3172 0088 00       		.byte	0
 3173 0089 31       		.uleb128 0x31
 3174 008a 13       		.uleb128 0x13
 3175 008b 02       		.uleb128 0x2
 3176 008c 17       		.uleb128 0x17
 3177 008d B742     		.uleb128 0x2137
 3178 008f 17       		.uleb128 0x17
 3179 0090 00       		.byte	0
 3180 0091 00       		.byte	0
 3181 0092 0A       		.uleb128 0xa
 3182 0093 1D       		.uleb128 0x1d
 3183 0094 01       		.byte	0x1
 3184 0095 31       		.uleb128 0x31
 3185 0096 13       		.uleb128 0x13
ARM GAS  /tmp/cc1MtXAT.s 			page 57


 3186 0097 52       		.uleb128 0x52
 3187 0098 01       		.uleb128 0x1
 3188 0099 B842     		.uleb128 0x2138
 3189 009b 0B       		.uleb128 0xb
 3190 009c 11       		.uleb128 0x11
 3191 009d 01       		.uleb128 0x1
 3192 009e 12       		.uleb128 0x12
 3193 009f 06       		.uleb128 0x6
 3194 00a0 58       		.uleb128 0x58
 3195 00a1 0B       		.uleb128 0xb
 3196 00a2 59       		.uleb128 0x59
 3197 00a3 05       		.uleb128 0x5
 3198 00a4 57       		.uleb128 0x57
 3199 00a5 0B       		.uleb128 0xb
 3200 00a6 00       		.byte	0
 3201 00a7 00       		.byte	0
 3202 00a8 0B       		.uleb128 0xb
 3203 00a9 05       		.uleb128 0x5
 3204 00aa 00       		.byte	0
 3205 00ab 49       		.uleb128 0x49
 3206 00ac 13       		.uleb128 0x13
 3207 00ad 00       		.byte	0
 3208 00ae 00       		.byte	0
 3209 00af 0C       		.uleb128 0xc
 3210 00b0 34       		.uleb128 0x34
 3211 00b1 00       		.byte	0
 3212 00b2 31       		.uleb128 0x31
 3213 00b3 13       		.uleb128 0x13
 3214 00b4 02       		.uleb128 0x2
 3215 00b5 17       		.uleb128 0x17
 3216 00b6 B742     		.uleb128 0x2137
 3217 00b8 17       		.uleb128 0x17
 3218 00b9 00       		.byte	0
 3219 00ba 00       		.byte	0
 3220 00bb 0D       		.uleb128 0xd
 3221 00bc 0F       		.uleb128 0xf
 3222 00bd 00       		.byte	0
 3223 00be 0B       		.uleb128 0xb
 3224 00bf 21       		.uleb128 0x21
 3225 00c0 04       		.sleb128 4
 3226 00c1 49       		.uleb128 0x49
 3227 00c2 13       		.uleb128 0x13
 3228 00c3 00       		.byte	0
 3229 00c4 00       		.byte	0
 3230 00c5 0E       		.uleb128 0xe
 3231 00c6 48       		.uleb128 0x48
 3232 00c7 01       		.byte	0x1
 3233 00c8 7D       		.uleb128 0x7d
 3234 00c9 01       		.uleb128 0x1
 3235 00ca 7F       		.uleb128 0x7f
 3236 00cb 13       		.uleb128 0x13
 3237 00cc 01       		.uleb128 0x1
 3238 00cd 13       		.uleb128 0x13
 3239 00ce 00       		.byte	0
 3240 00cf 00       		.byte	0
 3241 00d0 0F       		.uleb128 0xf
 3242 00d1 48       		.uleb128 0x48
ARM GAS  /tmp/cc1MtXAT.s 			page 58


 3243 00d2 01       		.byte	0x1
 3244 00d3 7D       		.uleb128 0x7d
 3245 00d4 01       		.uleb128 0x1
 3246 00d5 7F       		.uleb128 0x7f
 3247 00d6 13       		.uleb128 0x13
 3248 00d7 00       		.byte	0
 3249 00d8 00       		.byte	0
 3250 00d9 10       		.uleb128 0x10
 3251 00da 13       		.uleb128 0x13
 3252 00db 01       		.byte	0x1
 3253 00dc 03       		.uleb128 0x3
 3254 00dd 0E       		.uleb128 0xe
 3255 00de 0B       		.uleb128 0xb
 3256 00df 0B       		.uleb128 0xb
 3257 00e0 3A       		.uleb128 0x3a
 3258 00e1 0B       		.uleb128 0xb
 3259 00e2 3B       		.uleb128 0x3b
 3260 00e3 05       		.uleb128 0x5
 3261 00e4 39       		.uleb128 0x39
 3262 00e5 21       		.uleb128 0x21
 3263 00e6 08       		.sleb128 8
 3264 00e7 01       		.uleb128 0x1
 3265 00e8 13       		.uleb128 0x13
 3266 00e9 00       		.byte	0
 3267 00ea 00       		.byte	0
 3268 00eb 11       		.uleb128 0x11
 3269 00ec 2E       		.uleb128 0x2e
 3270 00ed 01       		.byte	0x1
 3271 00ee 3F       		.uleb128 0x3f
 3272 00ef 19       		.uleb128 0x19
 3273 00f0 03       		.uleb128 0x3
 3274 00f1 0E       		.uleb128 0xe
 3275 00f2 3A       		.uleb128 0x3a
 3276 00f3 21       		.uleb128 0x21
 3277 00f4 01       		.sleb128 1
 3278 00f5 3B       		.uleb128 0x3b
 3279 00f6 05       		.uleb128 0x5
 3280 00f7 39       		.uleb128 0x39
 3281 00f8 21       		.uleb128 0x21
 3282 00f9 06       		.sleb128 6
 3283 00fa 27       		.uleb128 0x27
 3284 00fb 19       		.uleb128 0x19
 3285 00fc 11       		.uleb128 0x11
 3286 00fd 01       		.uleb128 0x1
 3287 00fe 12       		.uleb128 0x12
 3288 00ff 06       		.uleb128 0x6
 3289 0100 40       		.uleb128 0x40
 3290 0101 18       		.uleb128 0x18
 3291 0102 7A       		.uleb128 0x7a
 3292 0103 19       		.uleb128 0x19
 3293 0104 01       		.uleb128 0x1
 3294 0105 13       		.uleb128 0x13
 3295 0106 00       		.byte	0
 3296 0107 00       		.byte	0
 3297 0108 12       		.uleb128 0x12
 3298 0109 48       		.uleb128 0x48
 3299 010a 00       		.byte	0
ARM GAS  /tmp/cc1MtXAT.s 			page 59


 3300 010b 7D       		.uleb128 0x7d
 3301 010c 01       		.uleb128 0x1
 3302 010d 7F       		.uleb128 0x7f
 3303 010e 13       		.uleb128 0x13
 3304 010f 00       		.byte	0
 3305 0110 00       		.byte	0
 3306 0111 13       		.uleb128 0x13
 3307 0112 2E       		.uleb128 0x2e
 3308 0113 00       		.byte	0
 3309 0114 03       		.uleb128 0x3
 3310 0115 0E       		.uleb128 0xe
 3311 0116 3A       		.uleb128 0x3a
 3312 0117 0B       		.uleb128 0xb
 3313 0118 3B       		.uleb128 0x3b
 3314 0119 05       		.uleb128 0x5
 3315 011a 39       		.uleb128 0x39
 3316 011b 21       		.uleb128 0x21
 3317 011c 14       		.sleb128 20
 3318 011d 27       		.uleb128 0x27
 3319 011e 19       		.uleb128 0x19
 3320 011f 20       		.uleb128 0x20
 3321 0120 21       		.uleb128 0x21
 3322 0121 03       		.sleb128 3
 3323 0122 00       		.byte	0
 3324 0123 00       		.byte	0
 3325 0124 14       		.uleb128 0x14
 3326 0125 0B       		.uleb128 0xb
 3327 0126 01       		.byte	0x1
 3328 0127 55       		.uleb128 0x55
 3329 0128 17       		.uleb128 0x17
 3330 0129 01       		.uleb128 0x1
 3331 012a 13       		.uleb128 0x13
 3332 012b 00       		.byte	0
 3333 012c 00       		.byte	0
 3334 012d 15       		.uleb128 0x15
 3335 012e 13       		.uleb128 0x13
 3336 012f 01       		.byte	0x1
 3337 0130 03       		.uleb128 0x3
 3338 0131 0E       		.uleb128 0xe
 3339 0132 0B       		.uleb128 0xb
 3340 0133 0B       		.uleb128 0xb
 3341 0134 3A       		.uleb128 0x3a
 3342 0135 0B       		.uleb128 0xb
 3343 0136 3B       		.uleb128 0x3b
 3344 0137 0B       		.uleb128 0xb
 3345 0138 39       		.uleb128 0x39
 3346 0139 21       		.uleb128 0x21
 3347 013a 08       		.sleb128 8
 3348 013b 01       		.uleb128 0x1
 3349 013c 13       		.uleb128 0x13
 3350 013d 00       		.byte	0
 3351 013e 00       		.byte	0
 3352 013f 16       		.uleb128 0x16
 3353 0140 0D       		.uleb128 0xd
 3354 0141 00       		.byte	0
 3355 0142 03       		.uleb128 0x3
 3356 0143 0E       		.uleb128 0xe
ARM GAS  /tmp/cc1MtXAT.s 			page 60


 3357 0144 3A       		.uleb128 0x3a
 3358 0145 21       		.uleb128 0x21
 3359 0146 02       		.sleb128 2
 3360 0147 3B       		.uleb128 0x3b
 3361 0148 0B       		.uleb128 0xb
 3362 0149 39       		.uleb128 0x39
 3363 014a 0B       		.uleb128 0xb
 3364 014b 49       		.uleb128 0x49
 3365 014c 13       		.uleb128 0x13
 3366 014d 00       		.byte	0
 3367 014e 00       		.byte	0
 3368 014f 17       		.uleb128 0x17
 3369 0150 26       		.uleb128 0x26
 3370 0151 00       		.byte	0
 3371 0152 49       		.uleb128 0x49
 3372 0153 13       		.uleb128 0x13
 3373 0154 00       		.byte	0
 3374 0155 00       		.byte	0
 3375 0156 18       		.uleb128 0x18
 3376 0157 05       		.uleb128 0x5
 3377 0158 00       		.byte	0
 3378 0159 03       		.uleb128 0x3
 3379 015a 08       		.uleb128 0x8
 3380 015b 3A       		.uleb128 0x3a
 3381 015c 0B       		.uleb128 0xb
 3382 015d 3B       		.uleb128 0x3b
 3383 015e 05       		.uleb128 0x5
 3384 015f 39       		.uleb128 0x39
 3385 0160 0B       		.uleb128 0xb
 3386 0161 49       		.uleb128 0x49
 3387 0162 13       		.uleb128 0x13
 3388 0163 00       		.byte	0
 3389 0164 00       		.byte	0
 3390 0165 19       		.uleb128 0x19
 3391 0166 2E       		.uleb128 0x2e
 3392 0167 01       		.byte	0x1
 3393 0168 3F       		.uleb128 0x3f
 3394 0169 19       		.uleb128 0x19
 3395 016a 03       		.uleb128 0x3
 3396 016b 0E       		.uleb128 0xe
 3397 016c 3A       		.uleb128 0x3a
 3398 016d 21       		.uleb128 0x21
 3399 016e 01       		.sleb128 1
 3400 016f 3B       		.uleb128 0x3b
 3401 0170 05       		.uleb128 0x5
 3402 0171 39       		.uleb128 0x39
 3403 0172 0B       		.uleb128 0xb
 3404 0173 27       		.uleb128 0x27
 3405 0174 19       		.uleb128 0x19
 3406 0175 49       		.uleb128 0x49
 3407 0176 13       		.uleb128 0x13
 3408 0177 11       		.uleb128 0x11
 3409 0178 01       		.uleb128 0x1
 3410 0179 12       		.uleb128 0x12
 3411 017a 06       		.uleb128 0x6
 3412 017b 40       		.uleb128 0x40
 3413 017c 18       		.uleb128 0x18
ARM GAS  /tmp/cc1MtXAT.s 			page 61


 3414 017d 7A       		.uleb128 0x7a
 3415 017e 19       		.uleb128 0x19
 3416 017f 01       		.uleb128 0x1
 3417 0180 13       		.uleb128 0x13
 3418 0181 00       		.byte	0
 3419 0182 00       		.byte	0
 3420 0183 1A       		.uleb128 0x1a
 3421 0184 05       		.uleb128 0x5
 3422 0185 00       		.byte	0
 3423 0186 03       		.uleb128 0x3
 3424 0187 08       		.uleb128 0x8
 3425 0188 3A       		.uleb128 0x3a
 3426 0189 21       		.uleb128 0x21
 3427 018a 01       		.sleb128 1
 3428 018b 3B       		.uleb128 0x3b
 3429 018c 05       		.uleb128 0x5
 3430 018d 39       		.uleb128 0x39
 3431 018e 0B       		.uleb128 0xb
 3432 018f 49       		.uleb128 0x49
 3433 0190 13       		.uleb128 0x13
 3434 0191 02       		.uleb128 0x2
 3435 0192 17       		.uleb128 0x17
 3436 0193 B742     		.uleb128 0x2137
 3437 0195 17       		.uleb128 0x17
 3438 0196 00       		.byte	0
 3439 0197 00       		.byte	0
 3440 0198 1B       		.uleb128 0x1b
 3441 0199 34       		.uleb128 0x34
 3442 019a 00       		.byte	0
 3443 019b 03       		.uleb128 0x3
 3444 019c 0E       		.uleb128 0xe
 3445 019d 49       		.uleb128 0x49
 3446 019e 13       		.uleb128 0x13
 3447 019f 34       		.uleb128 0x34
 3448 01a0 19       		.uleb128 0x19
 3449 01a1 00       		.byte	0
 3450 01a2 00       		.byte	0
 3451 01a3 1C       		.uleb128 0x1c
 3452 01a4 01       		.uleb128 0x1
 3453 01a5 01       		.byte	0x1
 3454 01a6 49       		.uleb128 0x49
 3455 01a7 13       		.uleb128 0x13
 3456 01a8 01       		.uleb128 0x1
 3457 01a9 13       		.uleb128 0x13
 3458 01aa 00       		.byte	0
 3459 01ab 00       		.byte	0
 3460 01ac 1D       		.uleb128 0x1d
 3461 01ad 21       		.uleb128 0x21
 3462 01ae 00       		.byte	0
 3463 01af 49       		.uleb128 0x49
 3464 01b0 13       		.uleb128 0x13
 3465 01b1 2F       		.uleb128 0x2f
 3466 01b2 0B       		.uleb128 0xb
 3467 01b3 00       		.byte	0
 3468 01b4 00       		.byte	0
 3469 01b5 1E       		.uleb128 0x1e
 3470 01b6 05       		.uleb128 0x5
ARM GAS  /tmp/cc1MtXAT.s 			page 62


 3471 01b7 00       		.byte	0
 3472 01b8 03       		.uleb128 0x3
 3473 01b9 0E       		.uleb128 0xe
 3474 01ba 3A       		.uleb128 0x3a
 3475 01bb 21       		.uleb128 0x21
 3476 01bc 01       		.sleb128 1
 3477 01bd 3B       		.uleb128 0x3b
 3478 01be 05       		.uleb128 0x5
 3479 01bf 39       		.uleb128 0x39
 3480 01c0 0B       		.uleb128 0xb
 3481 01c1 49       		.uleb128 0x49
 3482 01c2 13       		.uleb128 0x13
 3483 01c3 02       		.uleb128 0x2
 3484 01c4 17       		.uleb128 0x17
 3485 01c5 B742     		.uleb128 0x2137
 3486 01c7 17       		.uleb128 0x17
 3487 01c8 00       		.byte	0
 3488 01c9 00       		.byte	0
 3489 01ca 1F       		.uleb128 0x1f
 3490 01cb 2E       		.uleb128 0x2e
 3491 01cc 01       		.byte	0x1
 3492 01cd 03       		.uleb128 0x3
 3493 01ce 0E       		.uleb128 0xe
 3494 01cf 3A       		.uleb128 0x3a
 3495 01d0 0B       		.uleb128 0xb
 3496 01d1 3B       		.uleb128 0x3b
 3497 01d2 05       		.uleb128 0x5
 3498 01d3 39       		.uleb128 0x39
 3499 01d4 0B       		.uleb128 0xb
 3500 01d5 27       		.uleb128 0x27
 3501 01d6 19       		.uleb128 0x19
 3502 01d7 49       		.uleb128 0x49
 3503 01d8 13       		.uleb128 0x13
 3504 01d9 20       		.uleb128 0x20
 3505 01da 21       		.uleb128 0x21
 3506 01db 03       		.sleb128 3
 3507 01dc 01       		.uleb128 0x1
 3508 01dd 13       		.uleb128 0x13
 3509 01de 00       		.byte	0
 3510 01df 00       		.byte	0
 3511 01e0 20       		.uleb128 0x20
 3512 01e1 0D       		.uleb128 0xd
 3513 01e2 00       		.byte	0
 3514 01e3 03       		.uleb128 0x3
 3515 01e4 08       		.uleb128 0x8
 3516 01e5 3A       		.uleb128 0x3a
 3517 01e6 0B       		.uleb128 0xb
 3518 01e7 3B       		.uleb128 0x3b
 3519 01e8 0B       		.uleb128 0xb
 3520 01e9 39       		.uleb128 0x39
 3521 01ea 0B       		.uleb128 0xb
 3522 01eb 49       		.uleb128 0x49
 3523 01ec 13       		.uleb128 0x13
 3524 01ed 38       		.uleb128 0x38
 3525 01ee 0B       		.uleb128 0xb
 3526 01ef 00       		.byte	0
 3527 01f0 00       		.byte	0
ARM GAS  /tmp/cc1MtXAT.s 			page 63


 3528 01f1 21       		.uleb128 0x21
 3529 01f2 2E       		.uleb128 0x2e
 3530 01f3 01       		.byte	0x1
 3531 01f4 3F       		.uleb128 0x3f
 3532 01f5 19       		.uleb128 0x19
 3533 01f6 03       		.uleb128 0x3
 3534 01f7 0E       		.uleb128 0xe
 3535 01f8 3A       		.uleb128 0x3a
 3536 01f9 21       		.uleb128 0x21
 3537 01fa 06       		.sleb128 6
 3538 01fb 3B       		.uleb128 0x3b
 3539 01fc 0B       		.uleb128 0xb
 3540 01fd 39       		.uleb128 0x39
 3541 01fe 21       		.uleb128 0x21
 3542 01ff 08       		.sleb128 8
 3543 0200 27       		.uleb128 0x27
 3544 0201 19       		.uleb128 0x19
 3545 0202 3C       		.uleb128 0x3c
 3546 0203 19       		.uleb128 0x19
 3547 0204 01       		.uleb128 0x1
 3548 0205 13       		.uleb128 0x13
 3549 0206 00       		.byte	0
 3550 0207 00       		.byte	0
 3551 0208 22       		.uleb128 0x22
 3552 0209 2E       		.uleb128 0x2e
 3553 020a 01       		.byte	0x1
 3554 020b 3F       		.uleb128 0x3f
 3555 020c 19       		.uleb128 0x19
 3556 020d 03       		.uleb128 0x3
 3557 020e 0E       		.uleb128 0xe
 3558 020f 3A       		.uleb128 0x3a
 3559 0210 0B       		.uleb128 0xb
 3560 0211 3B       		.uleb128 0x3b
 3561 0212 05       		.uleb128 0x5
 3562 0213 39       		.uleb128 0x39
 3563 0214 21       		.uleb128 0x21
 3564 0215 08       		.sleb128 8
 3565 0216 27       		.uleb128 0x27
 3566 0217 19       		.uleb128 0x19
 3567 0218 3C       		.uleb128 0x3c
 3568 0219 19       		.uleb128 0x19
 3569 021a 01       		.uleb128 0x1
 3570 021b 13       		.uleb128 0x13
 3571 021c 00       		.byte	0
 3572 021d 00       		.byte	0
 3573 021e 23       		.uleb128 0x23
 3574 021f 1D       		.uleb128 0x1d
 3575 0220 01       		.byte	0x1
 3576 0221 31       		.uleb128 0x31
 3577 0222 13       		.uleb128 0x13
 3578 0223 52       		.uleb128 0x52
 3579 0224 01       		.uleb128 0x1
 3580 0225 B842     		.uleb128 0x2138
 3581 0227 0B       		.uleb128 0xb
 3582 0228 55       		.uleb128 0x55
 3583 0229 17       		.uleb128 0x17
 3584 022a 58       		.uleb128 0x58
ARM GAS  /tmp/cc1MtXAT.s 			page 64


 3585 022b 21       		.uleb128 0x21
 3586 022c 01       		.sleb128 1
 3587 022d 59       		.uleb128 0x59
 3588 022e 05       		.uleb128 0x5
 3589 022f 57       		.uleb128 0x57
 3590 0230 0B       		.uleb128 0xb
 3591 0231 01       		.uleb128 0x1
 3592 0232 13       		.uleb128 0x13
 3593 0233 00       		.byte	0
 3594 0234 00       		.byte	0
 3595 0235 24       		.uleb128 0x24
 3596 0236 2E       		.uleb128 0x2e
 3597 0237 01       		.byte	0x1
 3598 0238 03       		.uleb128 0x3
 3599 0239 0E       		.uleb128 0xe
 3600 023a 3A       		.uleb128 0x3a
 3601 023b 0B       		.uleb128 0xb
 3602 023c 3B       		.uleb128 0x3b
 3603 023d 05       		.uleb128 0x5
 3604 023e 39       		.uleb128 0x39
 3605 023f 0B       		.uleb128 0xb
 3606 0240 27       		.uleb128 0x27
 3607 0241 19       		.uleb128 0x19
 3608 0242 20       		.uleb128 0x20
 3609 0243 21       		.uleb128 0x21
 3610 0244 03       		.sleb128 3
 3611 0245 01       		.uleb128 0x1
 3612 0246 13       		.uleb128 0x13
 3613 0247 00       		.byte	0
 3614 0248 00       		.byte	0
 3615 0249 25       		.uleb128 0x25
 3616 024a 11       		.uleb128 0x11
 3617 024b 01       		.byte	0x1
 3618 024c 25       		.uleb128 0x25
 3619 024d 0E       		.uleb128 0xe
 3620 024e 13       		.uleb128 0x13
 3621 024f 0B       		.uleb128 0xb
 3622 0250 03       		.uleb128 0x3
 3623 0251 0E       		.uleb128 0xe
 3624 0252 1B       		.uleb128 0x1b
 3625 0253 0E       		.uleb128 0xe
 3626 0254 55       		.uleb128 0x55
 3627 0255 17       		.uleb128 0x17
 3628 0256 11       		.uleb128 0x11
 3629 0257 01       		.uleb128 0x1
 3630 0258 10       		.uleb128 0x10
 3631 0259 17       		.uleb128 0x17
 3632 025a 00       		.byte	0
 3633 025b 00       		.byte	0
 3634 025c 26       		.uleb128 0x26
 3635 025d 24       		.uleb128 0x24
 3636 025e 00       		.byte	0
 3637 025f 0B       		.uleb128 0xb
 3638 0260 0B       		.uleb128 0xb
 3639 0261 3E       		.uleb128 0x3e
 3640 0262 0B       		.uleb128 0xb
 3641 0263 03       		.uleb128 0x3
ARM GAS  /tmp/cc1MtXAT.s 			page 65


 3642 0264 08       		.uleb128 0x8
 3643 0265 00       		.byte	0
 3644 0266 00       		.byte	0
 3645 0267 27       		.uleb128 0x27
 3646 0268 15       		.uleb128 0x15
 3647 0269 01       		.byte	0x1
 3648 026a 27       		.uleb128 0x27
 3649 026b 19       		.uleb128 0x19
 3650 026c 01       		.uleb128 0x1
 3651 026d 13       		.uleb128 0x13
 3652 026e 00       		.byte	0
 3653 026f 00       		.byte	0
 3654 0270 28       		.uleb128 0x28
 3655 0271 0F       		.uleb128 0xf
 3656 0272 00       		.byte	0
 3657 0273 0B       		.uleb128 0xb
 3658 0274 0B       		.uleb128 0xb
 3659 0275 00       		.byte	0
 3660 0276 00       		.byte	0
 3661 0277 29       		.uleb128 0x29
 3662 0278 17       		.uleb128 0x17
 3663 0279 01       		.byte	0x1
 3664 027a 0B       		.uleb128 0xb
 3665 027b 0B       		.uleb128 0xb
 3666 027c 3A       		.uleb128 0x3a
 3667 027d 0B       		.uleb128 0xb
 3668 027e 3B       		.uleb128 0x3b
 3669 027f 0B       		.uleb128 0xb
 3670 0280 39       		.uleb128 0x39
 3671 0281 0B       		.uleb128 0xb
 3672 0282 01       		.uleb128 0x1
 3673 0283 13       		.uleb128 0x13
 3674 0284 00       		.byte	0
 3675 0285 00       		.byte	0
 3676 0286 2A       		.uleb128 0x2a
 3677 0287 35       		.uleb128 0x35
 3678 0288 00       		.byte	0
 3679 0289 49       		.uleb128 0x49
 3680 028a 13       		.uleb128 0x13
 3681 028b 00       		.byte	0
 3682 028c 00       		.byte	0
 3683 028d 2B       		.uleb128 0x2b
 3684 028e 34       		.uleb128 0x34
 3685 028f 00       		.byte	0
 3686 0290 03       		.uleb128 0x3
 3687 0291 08       		.uleb128 0x8
 3688 0292 3A       		.uleb128 0x3a
 3689 0293 0B       		.uleb128 0xb
 3690 0294 3B       		.uleb128 0x3b
 3691 0295 05       		.uleb128 0x5
 3692 0296 39       		.uleb128 0x39
 3693 0297 0B       		.uleb128 0xb
 3694 0298 49       		.uleb128 0x49
 3695 0299 13       		.uleb128 0x13
 3696 029a 3F       		.uleb128 0x3f
 3697 029b 19       		.uleb128 0x19
 3698 029c 3C       		.uleb128 0x3c
ARM GAS  /tmp/cc1MtXAT.s 			page 66


 3699 029d 19       		.uleb128 0x19
 3700 029e 00       		.byte	0
 3701 029f 00       		.byte	0
 3702 02a0 2C       		.uleb128 0x2c
 3703 02a1 34       		.uleb128 0x34
 3704 02a2 00       		.byte	0
 3705 02a3 47       		.uleb128 0x47
 3706 02a4 13       		.uleb128 0x13
 3707 02a5 3A       		.uleb128 0x3a
 3708 02a6 0B       		.uleb128 0xb
 3709 02a7 3B       		.uleb128 0x3b
 3710 02a8 0B       		.uleb128 0xb
 3711 02a9 39       		.uleb128 0x39
 3712 02aa 0B       		.uleb128 0xb
 3713 02ab 02       		.uleb128 0x2
 3714 02ac 18       		.uleb128 0x18
 3715 02ad 00       		.byte	0
 3716 02ae 00       		.byte	0
 3717 02af 2D       		.uleb128 0x2d
 3718 02b0 1D       		.uleb128 0x1d
 3719 02b1 00       		.byte	0
 3720 02b2 31       		.uleb128 0x31
 3721 02b3 13       		.uleb128 0x13
 3722 02b4 52       		.uleb128 0x52
 3723 02b5 01       		.uleb128 0x1
 3724 02b6 B842     		.uleb128 0x2138
 3725 02b8 0B       		.uleb128 0xb
 3726 02b9 11       		.uleb128 0x11
 3727 02ba 01       		.uleb128 0x1
 3728 02bb 12       		.uleb128 0x12
 3729 02bc 06       		.uleb128 0x6
 3730 02bd 58       		.uleb128 0x58
 3731 02be 0B       		.uleb128 0xb
 3732 02bf 59       		.uleb128 0x59
 3733 02c0 05       		.uleb128 0x5
 3734 02c1 57       		.uleb128 0x57
 3735 02c2 0B       		.uleb128 0xb
 3736 02c3 00       		.byte	0
 3737 02c4 00       		.byte	0
 3738 02c5 2E       		.uleb128 0x2e
 3739 02c6 0B       		.uleb128 0xb
 3740 02c7 01       		.byte	0x1
 3741 02c8 11       		.uleb128 0x11
 3742 02c9 01       		.uleb128 0x1
 3743 02ca 12       		.uleb128 0x12
 3744 02cb 06       		.uleb128 0x6
 3745 02cc 01       		.uleb128 0x1
 3746 02cd 13       		.uleb128 0x13
 3747 02ce 00       		.byte	0
 3748 02cf 00       		.byte	0
 3749 02d0 2F       		.uleb128 0x2f
 3750 02d1 34       		.uleb128 0x34
 3751 02d2 00       		.byte	0
 3752 02d3 03       		.uleb128 0x3
 3753 02d4 08       		.uleb128 0x8
 3754 02d5 3A       		.uleb128 0x3a
 3755 02d6 0B       		.uleb128 0xb
ARM GAS  /tmp/cc1MtXAT.s 			page 67


 3756 02d7 3B       		.uleb128 0x3b
 3757 02d8 05       		.uleb128 0x5
 3758 02d9 39       		.uleb128 0x39
 3759 02da 0B       		.uleb128 0xb
 3760 02db 49       		.uleb128 0x49
 3761 02dc 13       		.uleb128 0x13
 3762 02dd 02       		.uleb128 0x2
 3763 02de 18       		.uleb128 0x18
 3764 02df 00       		.byte	0
 3765 02e0 00       		.byte	0
 3766 02e1 30       		.uleb128 0x30
 3767 02e2 2E       		.uleb128 0x2e
 3768 02e3 01       		.byte	0x1
 3769 02e4 03       		.uleb128 0x3
 3770 02e5 0E       		.uleb128 0xe
 3771 02e6 3A       		.uleb128 0x3a
 3772 02e7 0B       		.uleb128 0xb
 3773 02e8 3B       		.uleb128 0x3b
 3774 02e9 05       		.uleb128 0x5
 3775 02ea 39       		.uleb128 0x39
 3776 02eb 0B       		.uleb128 0xb
 3777 02ec 27       		.uleb128 0x27
 3778 02ed 19       		.uleb128 0x19
 3779 02ee 11       		.uleb128 0x11
 3780 02ef 01       		.uleb128 0x1
 3781 02f0 12       		.uleb128 0x12
 3782 02f1 06       		.uleb128 0x6
 3783 02f2 40       		.uleb128 0x40
 3784 02f3 18       		.uleb128 0x18
 3785 02f4 7A       		.uleb128 0x7a
 3786 02f5 19       		.uleb128 0x19
 3787 02f6 01       		.uleb128 0x1
 3788 02f7 13       		.uleb128 0x13
 3789 02f8 00       		.byte	0
 3790 02f9 00       		.byte	0
 3791 02fa 31       		.uleb128 0x31
 3792 02fb 05       		.uleb128 0x5
 3793 02fc 00       		.byte	0
 3794 02fd 03       		.uleb128 0x3
 3795 02fe 08       		.uleb128 0x8
 3796 02ff 3A       		.uleb128 0x3a
 3797 0300 0B       		.uleb128 0xb
 3798 0301 3B       		.uleb128 0x3b
 3799 0302 05       		.uleb128 0x5
 3800 0303 39       		.uleb128 0x39
 3801 0304 0B       		.uleb128 0xb
 3802 0305 49       		.uleb128 0x49
 3803 0306 13       		.uleb128 0x13
 3804 0307 02       		.uleb128 0x2
 3805 0308 18       		.uleb128 0x18
 3806 0309 00       		.byte	0
 3807 030a 00       		.byte	0
 3808 030b 32       		.uleb128 0x32
 3809 030c 2E       		.uleb128 0x2e
 3810 030d 01       		.byte	0x1
 3811 030e 3F       		.uleb128 0x3f
 3812 030f 19       		.uleb128 0x19
ARM GAS  /tmp/cc1MtXAT.s 			page 68


 3813 0310 03       		.uleb128 0x3
 3814 0311 0E       		.uleb128 0xe
 3815 0312 3A       		.uleb128 0x3a
 3816 0313 0B       		.uleb128 0xb
 3817 0314 3B       		.uleb128 0x3b
 3818 0315 0B       		.uleb128 0xb
 3819 0316 39       		.uleb128 0x39
 3820 0317 0B       		.uleb128 0xb
 3821 0318 27       		.uleb128 0x27
 3822 0319 19       		.uleb128 0x19
 3823 031a 49       		.uleb128 0x49
 3824 031b 13       		.uleb128 0x13
 3825 031c 11       		.uleb128 0x11
 3826 031d 01       		.uleb128 0x1
 3827 031e 12       		.uleb128 0x12
 3828 031f 06       		.uleb128 0x6
 3829 0320 40       		.uleb128 0x40
 3830 0321 18       		.uleb128 0x18
 3831 0322 7A       		.uleb128 0x7a
 3832 0323 19       		.uleb128 0x19
 3833 0324 01       		.uleb128 0x1
 3834 0325 13       		.uleb128 0x13
 3835 0326 00       		.byte	0
 3836 0327 00       		.byte	0
 3837 0328 33       		.uleb128 0x33
 3838 0329 05       		.uleb128 0x5
 3839 032a 00       		.byte	0
 3840 032b 03       		.uleb128 0x3
 3841 032c 08       		.uleb128 0x8
 3842 032d 3A       		.uleb128 0x3a
 3843 032e 0B       		.uleb128 0xb
 3844 032f 3B       		.uleb128 0x3b
 3845 0330 0B       		.uleb128 0xb
 3846 0331 39       		.uleb128 0x39
 3847 0332 0B       		.uleb128 0xb
 3848 0333 49       		.uleb128 0x49
 3849 0334 13       		.uleb128 0x13
 3850 0335 02       		.uleb128 0x2
 3851 0336 18       		.uleb128 0x18
 3852 0337 00       		.byte	0
 3853 0338 00       		.byte	0
 3854 0339 34       		.uleb128 0x34
 3855 033a 34       		.uleb128 0x34
 3856 033b 00       		.byte	0
 3857 033c 03       		.uleb128 0x3
 3858 033d 08       		.uleb128 0x8
 3859 033e 3A       		.uleb128 0x3a
 3860 033f 0B       		.uleb128 0xb
 3861 0340 3B       		.uleb128 0x3b
 3862 0341 0B       		.uleb128 0xb
 3863 0342 39       		.uleb128 0x39
 3864 0343 0B       		.uleb128 0xb
 3865 0344 49       		.uleb128 0x49
 3866 0345 13       		.uleb128 0x13
 3867 0346 02       		.uleb128 0x2
 3868 0347 17       		.uleb128 0x17
 3869 0348 B742     		.uleb128 0x2137
ARM GAS  /tmp/cc1MtXAT.s 			page 69


 3870 034a 17       		.uleb128 0x17
 3871 034b 00       		.byte	0
 3872 034c 00       		.byte	0
 3873 034d 35       		.uleb128 0x35
 3874 034e 2E       		.uleb128 0x2e
 3875 034f 01       		.byte	0x1
 3876 0350 3F       		.uleb128 0x3f
 3877 0351 19       		.uleb128 0x19
 3878 0352 03       		.uleb128 0x3
 3879 0353 0E       		.uleb128 0xe
 3880 0354 3A       		.uleb128 0x3a
 3881 0355 0B       		.uleb128 0xb
 3882 0356 3B       		.uleb128 0x3b
 3883 0357 0B       		.uleb128 0xb
 3884 0358 39       		.uleb128 0x39
 3885 0359 0B       		.uleb128 0xb
 3886 035a 27       		.uleb128 0x27
 3887 035b 19       		.uleb128 0x19
 3888 035c 11       		.uleb128 0x11
 3889 035d 01       		.uleb128 0x1
 3890 035e 12       		.uleb128 0x12
 3891 035f 06       		.uleb128 0x6
 3892 0360 40       		.uleb128 0x40
 3893 0361 18       		.uleb128 0x18
 3894 0362 7A       		.uleb128 0x7a
 3895 0363 19       		.uleb128 0x19
 3896 0364 01       		.uleb128 0x1
 3897 0365 13       		.uleb128 0x13
 3898 0366 00       		.byte	0
 3899 0367 00       		.byte	0
 3900 0368 36       		.uleb128 0x36
 3901 0369 1D       		.uleb128 0x1d
 3902 036a 01       		.byte	0x1
 3903 036b 31       		.uleb128 0x31
 3904 036c 13       		.uleb128 0x13
 3905 036d 52       		.uleb128 0x52
 3906 036e 01       		.uleb128 0x1
 3907 036f B842     		.uleb128 0x2138
 3908 0371 0B       		.uleb128 0xb
 3909 0372 11       		.uleb128 0x11
 3910 0373 01       		.uleb128 0x1
 3911 0374 12       		.uleb128 0x12
 3912 0375 06       		.uleb128 0x6
 3913 0376 58       		.uleb128 0x58
 3914 0377 0B       		.uleb128 0xb
 3915 0378 59       		.uleb128 0x59
 3916 0379 0B       		.uleb128 0xb
 3917 037a 57       		.uleb128 0x57
 3918 037b 0B       		.uleb128 0xb
 3919 037c 00       		.byte	0
 3920 037d 00       		.byte	0
 3921 037e 37       		.uleb128 0x37
 3922 037f 2E       		.uleb128 0x2e
 3923 0380 00       		.byte	0
 3924 0381 03       		.uleb128 0x3
 3925 0382 0E       		.uleb128 0xe
 3926 0383 3A       		.uleb128 0x3a
ARM GAS  /tmp/cc1MtXAT.s 			page 70


 3927 0384 0B       		.uleb128 0xb
 3928 0385 3B       		.uleb128 0x3b
 3929 0386 05       		.uleb128 0x5
 3930 0387 39       		.uleb128 0x39
 3931 0388 0B       		.uleb128 0xb
 3932 0389 27       		.uleb128 0x27
 3933 038a 19       		.uleb128 0x19
 3934 038b 49       		.uleb128 0x49
 3935 038c 13       		.uleb128 0x13
 3936 038d 20       		.uleb128 0x20
 3937 038e 0B       		.uleb128 0xb
 3938 038f 00       		.byte	0
 3939 0390 00       		.byte	0
 3940 0391 38       		.uleb128 0x38
 3941 0392 34       		.uleb128 0x34
 3942 0393 00       		.byte	0
 3943 0394 03       		.uleb128 0x3
 3944 0395 08       		.uleb128 0x8
 3945 0396 3A       		.uleb128 0x3a
 3946 0397 0B       		.uleb128 0xb
 3947 0398 3B       		.uleb128 0x3b
 3948 0399 05       		.uleb128 0x5
 3949 039a 39       		.uleb128 0x39
 3950 039b 0B       		.uleb128 0xb
 3951 039c 49       		.uleb128 0x49
 3952 039d 13       		.uleb128 0x13
 3953 039e 00       		.byte	0
 3954 039f 00       		.byte	0
 3955 03a0 39       		.uleb128 0x39
 3956 03a1 05       		.uleb128 0x5
 3957 03a2 00       		.byte	0
 3958 03a3 03       		.uleb128 0x3
 3959 03a4 0E       		.uleb128 0xe
 3960 03a5 3A       		.uleb128 0x3a
 3961 03a6 0B       		.uleb128 0xb
 3962 03a7 3B       		.uleb128 0x3b
 3963 03a8 05       		.uleb128 0x5
 3964 03a9 39       		.uleb128 0x39
 3965 03aa 0B       		.uleb128 0xb
 3966 03ab 49       		.uleb128 0x49
 3967 03ac 13       		.uleb128 0x13
 3968 03ad 00       		.byte	0
 3969 03ae 00       		.byte	0
 3970 03af 3A       		.uleb128 0x3a
 3971 03b0 2E       		.uleb128 0x2e
 3972 03b1 01       		.byte	0x1
 3973 03b2 03       		.uleb128 0x3
 3974 03b3 0E       		.uleb128 0xe
 3975 03b4 3A       		.uleb128 0x3a
 3976 03b5 0B       		.uleb128 0xb
 3977 03b6 3B       		.uleb128 0x3b
 3978 03b7 05       		.uleb128 0x5
 3979 03b8 39       		.uleb128 0x39
 3980 03b9 0B       		.uleb128 0xb
 3981 03ba 27       		.uleb128 0x27
 3982 03bb 19       		.uleb128 0x19
 3983 03bc 49       		.uleb128 0x49
ARM GAS  /tmp/cc1MtXAT.s 			page 71


 3984 03bd 13       		.uleb128 0x13
 3985 03be 20       		.uleb128 0x20
 3986 03bf 0B       		.uleb128 0xb
 3987 03c0 00       		.byte	0
 3988 03c1 00       		.byte	0
 3989 03c2 3B       		.uleb128 0x3b
 3990 03c3 34       		.uleb128 0x34
 3991 03c4 00       		.byte	0
 3992 03c5 03       		.uleb128 0x3
 3993 03c6 0E       		.uleb128 0xe
 3994 03c7 3A       		.uleb128 0x3a
 3995 03c8 0B       		.uleb128 0xb
 3996 03c9 3B       		.uleb128 0x3b
 3997 03ca 05       		.uleb128 0x5
 3998 03cb 39       		.uleb128 0x39
 3999 03cc 0B       		.uleb128 0xb
 4000 03cd 49       		.uleb128 0x49
 4001 03ce 13       		.uleb128 0x13
 4002 03cf 00       		.byte	0
 4003 03d0 00       		.byte	0
 4004 03d1 00       		.byte	0
 4005              		.section	.debug_loclists,"",%progbits
 4006 0000 BF030000 		.4byte	.Ldebug_loc3-.Ldebug_loc2
 4007              	.Ldebug_loc2:
 4008 0004 0500     		.2byte	0x5
 4009 0006 04       		.byte	0x4
 4010 0007 00       		.byte	0
 4011 0008 00000000 		.4byte	0
 4012              	.Ldebug_loc0:
 4013              	.LVUS41:
 4014 000c 00       		.uleb128 .LVU365
 4015 000d 00       		.uleb128 .LVU384
 4016 000e 00       		.uleb128 .LVU385
 4017 000f 00       		.uleb128 .LVU397
 4018 0010 00       		.uleb128 .LVU397
 4019 0011 00       		.uleb128 .LVU401
 4020 0012 00       		.uleb128 .LVU401
 4021 0013 00       		.uleb128 .LVU402
 4022 0014 00       		.uleb128 .LVU402
 4023 0015 00       		.uleb128 0
 4024              	.LLST41:
 4025 0016 06       		.byte	0x6
 4026 0017 06000000 		.4byte	.LVL81
 4027 001b 04       		.byte	0x4
 4028 001c 00       		.uleb128 .LVL81-.LVL81
 4029 001d 13       		.uleb128 .LVL84-1-.LVL81
 4030 001e 01       		.uleb128 0x1
 4031 001f 50       		.byte	0x50
 4032 0020 04       		.byte	0x4
 4033 0021 16       		.uleb128 .LVL85-.LVL81
 4034 0022 22       		.uleb128 .LVL88-.LVL81
 4035 0023 01       		.uleb128 0x1
 4036 0024 50       		.byte	0x50
 4037 0025 04       		.byte	0x4
 4038 0026 22       		.uleb128 .LVL88-.LVL81
 4039 0027 2E       		.uleb128 .LVL90-.LVL81
 4040 0028 01       		.uleb128 0x1
ARM GAS  /tmp/cc1MtXAT.s 			page 72


 4041 0029 54       		.byte	0x54
 4042 002a 04       		.byte	0x4
 4043 002b 2E       		.uleb128 .LVL90-.LVL81
 4044 002c 30       		.uleb128 .LVL91-.LVL81
 4045 002d 01       		.uleb128 0x1
 4046 002e 50       		.byte	0x50
 4047 002f 04       		.byte	0x4
 4048 0030 30       		.uleb128 .LVL91-.LVL81
 4049 0031 3E       		.uleb128 .LFE213-.LVL81
 4050 0032 01       		.uleb128 0x1
 4051 0033 54       		.byte	0x54
 4052 0034 00       		.byte	0
 4053              	.LVUS45:
 4054 0035 01       		.uleb128 .LVU394
 4055 0036 00       		.uleb128 .LVU396
 4056 0037 00       		.uleb128 .LVU396
 4057 0038 00       		.uleb128 .LVU397
 4058 0039 00       		.uleb128 .LVU401
 4059 003a 00       		.uleb128 .LVU403
 4060              	.LLST45:
 4061 003b 06       		.byte	0x6
 4062 003c 20000000 		.4byte	.LVL86
 4063 0040 04       		.byte	0x4
 4064 0041 00       		.uleb128 .LVL86-.LVL86
 4065 0042 02       		.uleb128 .LVL87-.LVL86
 4066 0043 01       		.uleb128 0x1
 4067 0044 53       		.byte	0x53
 4068 0045 04       		.byte	0x4
 4069 0046 02       		.uleb128 .LVL87-.LVL86
 4070 0047 08       		.uleb128 .LVL88-.LVL86
 4071 0048 04       		.uleb128 0x4
 4072 0049 73       		.byte	0x73
 4073 004a E400     		.sleb128 100
 4074 004c 9F       		.byte	0x9f
 4075 004d 04       		.byte	0x4
 4076 004e 14       		.uleb128 .LVL90-.LVL86
 4077 004f 19       		.uleb128 .LVL92-1-.LVL86
 4078 0050 04       		.uleb128 0x4
 4079 0051 73       		.byte	0x73
 4080 0052 E400     		.sleb128 100
 4081 0054 9F       		.byte	0x9f
 4082 0055 00       		.byte	0
 4083              	.LVUS46:
 4084 0056 00       		.uleb128 .LVU393
 4085 0057 01       		.uleb128 .LVU394
 4086              	.LLST46:
 4087 0058 08       		.byte	0x8
 4088 0059 20000000 		.4byte	.LVL86
 4089 005d 00       		.uleb128 .LVL86-.LVL86
 4090 005e 01       		.uleb128 0x1
 4091 005f 53       		.byte	0x53
 4092 0060 00       		.byte	0
 4093              	.LVUS42:
 4094 0061 01       		.uleb128 .LVU366
 4095 0062 01       		.uleb128 .LVU375
 4096              	.LLST42:
 4097 0063 08       		.byte	0x8
ARM GAS  /tmp/cc1MtXAT.s 			page 73


 4098 0064 06000000 		.4byte	.LVL81
 4099 0068 08       		.uleb128 .LVL83-.LVL81
 4100 0069 06       		.uleb128 0x6
 4101 006a 03       		.byte	0x3
 4102 006b 00000000 		.4byte	ch
 4103 006f 9F       		.byte	0x9f
 4104 0070 00       		.byte	0
 4105              	.LVUS43:
 4106 0071 00       		.uleb128 .LVU369
 4107 0072 01       		.uleb128 .LVU375
 4108              	.LLST43:
 4109 0073 08       		.byte	0x8
 4110 0074 08000000 		.4byte	.LVL82
 4111 0078 06       		.uleb128 .LVL83-.LVL82
 4112 0079 01       		.uleb128 0x1
 4113 007a 52       		.byte	0x52
 4114 007b 00       		.byte	0
 4115              	.LVUS35:
 4116 007c 00       		.uleb128 .LVU310
 4117 007d 00       		.uleb128 .LVU329
 4118 007e 00       		.uleb128 .LVU330
 4119 007f 00       		.uleb128 .LVU342
 4120 0080 00       		.uleb128 .LVU342
 4121 0081 00       		.uleb128 .LVU346
 4122 0082 00       		.uleb128 .LVU346
 4123 0083 00       		.uleb128 .LVU347
 4124 0084 00       		.uleb128 .LVU347
 4125 0085 00       		.uleb128 0
 4126              	.LLST35:
 4127 0086 06       		.byte	0x6
 4128 0087 06000000 		.4byte	.LVL68
 4129 008b 04       		.byte	0x4
 4130 008c 00       		.uleb128 .LVL68-.LVL68
 4131 008d 13       		.uleb128 .LVL71-1-.LVL68
 4132 008e 01       		.uleb128 0x1
 4133 008f 50       		.byte	0x50
 4134 0090 04       		.byte	0x4
 4135 0091 16       		.uleb128 .LVL72-.LVL68
 4136 0092 22       		.uleb128 .LVL75-.LVL68
 4137 0093 01       		.uleb128 0x1
 4138 0094 50       		.byte	0x50
 4139 0095 04       		.byte	0x4
 4140 0096 22       		.uleb128 .LVL75-.LVL68
 4141 0097 2E       		.uleb128 .LVL77-.LVL68
 4142 0098 01       		.uleb128 0x1
 4143 0099 54       		.byte	0x54
 4144 009a 04       		.byte	0x4
 4145 009b 2E       		.uleb128 .LVL77-.LVL68
 4146 009c 30       		.uleb128 .LVL78-.LVL68
 4147 009d 01       		.uleb128 0x1
 4148 009e 50       		.byte	0x50
 4149 009f 04       		.byte	0x4
 4150 00a0 30       		.uleb128 .LVL78-.LVL68
 4151 00a1 3E       		.uleb128 .LFE212-.LVL68
 4152 00a2 01       		.uleb128 0x1
 4153 00a3 54       		.byte	0x54
 4154 00a4 00       		.byte	0
ARM GAS  /tmp/cc1MtXAT.s 			page 74


 4155              	.LVUS39:
 4156 00a5 01       		.uleb128 .LVU339
 4157 00a6 00       		.uleb128 .LVU341
 4158 00a7 00       		.uleb128 .LVU341
 4159 00a8 00       		.uleb128 .LVU342
 4160 00a9 00       		.uleb128 .LVU346
 4161 00aa 00       		.uleb128 .LVU348
 4162              	.LLST39:
 4163 00ab 06       		.byte	0x6
 4164 00ac 20000000 		.4byte	.LVL73
 4165 00b0 04       		.byte	0x4
 4166 00b1 00       		.uleb128 .LVL73-.LVL73
 4167 00b2 02       		.uleb128 .LVL74-.LVL73
 4168 00b3 01       		.uleb128 0x1
 4169 00b4 53       		.byte	0x53
 4170 00b5 04       		.byte	0x4
 4171 00b6 02       		.uleb128 .LVL74-.LVL73
 4172 00b7 08       		.uleb128 .LVL75-.LVL73
 4173 00b8 04       		.uleb128 0x4
 4174 00b9 73       		.byte	0x73
 4175 00ba E400     		.sleb128 100
 4176 00bc 9F       		.byte	0x9f
 4177 00bd 04       		.byte	0x4
 4178 00be 14       		.uleb128 .LVL77-.LVL73
 4179 00bf 19       		.uleb128 .LVL79-1-.LVL73
 4180 00c0 04       		.uleb128 0x4
 4181 00c1 73       		.byte	0x73
 4182 00c2 E400     		.sleb128 100
 4183 00c4 9F       		.byte	0x9f
 4184 00c5 00       		.byte	0
 4185              	.LVUS40:
 4186 00c6 00       		.uleb128 .LVU338
 4187 00c7 01       		.uleb128 .LVU339
 4188              	.LLST40:
 4189 00c8 08       		.byte	0x8
 4190 00c9 20000000 		.4byte	.LVL73
 4191 00cd 00       		.uleb128 .LVL73-.LVL73
 4192 00ce 01       		.uleb128 0x1
 4193 00cf 53       		.byte	0x53
 4194 00d0 00       		.byte	0
 4195              	.LVUS36:
 4196 00d1 01       		.uleb128 .LVU311
 4197 00d2 01       		.uleb128 .LVU320
 4198              	.LLST36:
 4199 00d3 08       		.byte	0x8
 4200 00d4 06000000 		.4byte	.LVL68
 4201 00d8 08       		.uleb128 .LVL70-.LVL68
 4202 00d9 06       		.uleb128 0x6
 4203 00da 03       		.byte	0x3
 4204 00db 00000000 		.4byte	ch
 4205 00df 9F       		.byte	0x9f
 4206 00e0 00       		.byte	0
 4207              	.LVUS37:
 4208 00e1 00       		.uleb128 .LVU314
 4209 00e2 01       		.uleb128 .LVU320
 4210              	.LLST37:
 4211 00e3 08       		.byte	0x8
ARM GAS  /tmp/cc1MtXAT.s 			page 75


 4212 00e4 08000000 		.4byte	.LVL69
 4213 00e8 06       		.uleb128 .LVL70-.LVL69
 4214 00e9 01       		.uleb128 0x1
 4215 00ea 52       		.byte	0x52
 4216 00eb 00       		.byte	0
 4217              	.LVUS29:
 4218 00ec 00       		.uleb128 .LVU268
 4219 00ed 00       		.uleb128 .LVU287
 4220 00ee 00       		.uleb128 .LVU288
 4221 00ef 00       		.uleb128 .LVU300
 4222 00f0 00       		.uleb128 .LVU300
 4223 00f1 00       		.uleb128 .LVU304
 4224 00f2 00       		.uleb128 .LVU304
 4225 00f3 00       		.uleb128 .LVU305
 4226 00f4 00       		.uleb128 .LVU305
 4227 00f5 00       		.uleb128 0
 4228              	.LLST29:
 4229 00f6 06       		.byte	0x6
 4230 00f7 06000000 		.4byte	.LVL56
 4231 00fb 04       		.byte	0x4
 4232 00fc 00       		.uleb128 .LVL56-.LVL56
 4233 00fd 13       		.uleb128 .LVL59-1-.LVL56
 4234 00fe 01       		.uleb128 0x1
 4235 00ff 50       		.byte	0x50
 4236 0100 04       		.byte	0x4
 4237 0101 16       		.uleb128 .LVL60-.LVL56
 4238 0102 22       		.uleb128 .LVL63-.LVL56
 4239 0103 01       		.uleb128 0x1
 4240 0104 50       		.byte	0x50
 4241 0105 04       		.byte	0x4
 4242 0106 22       		.uleb128 .LVL63-.LVL56
 4243 0107 2E       		.uleb128 .LVL65-.LVL56
 4244 0108 01       		.uleb128 0x1
 4245 0109 54       		.byte	0x54
 4246 010a 04       		.byte	0x4
 4247 010b 2E       		.uleb128 .LVL65-.LVL56
 4248 010c 30       		.uleb128 .LVL66-.LVL56
 4249 010d 01       		.uleb128 0x1
 4250 010e 50       		.byte	0x50
 4251 010f 04       		.byte	0x4
 4252 0110 30       		.uleb128 .LVL66-.LVL56
 4253 0111 3E       		.uleb128 .LFE211-.LVL56
 4254 0112 01       		.uleb128 0x1
 4255 0113 54       		.byte	0x54
 4256 0114 00       		.byte	0
 4257              	.LVUS33:
 4258 0115 01       		.uleb128 .LVU297
 4259 0116 00       		.uleb128 .LVU299
 4260 0117 00       		.uleb128 .LVU299
 4261 0118 00       		.uleb128 .LVU300
 4262 0119 00       		.uleb128 .LVU304
 4263 011a 00       		.uleb128 .LVU306
 4264              	.LLST33:
 4265 011b 06       		.byte	0x6
 4266 011c 20000000 		.4byte	.LVL61
 4267 0120 04       		.byte	0x4
 4268 0121 00       		.uleb128 .LVL61-.LVL61
ARM GAS  /tmp/cc1MtXAT.s 			page 76


 4269 0122 02       		.uleb128 .LVL62-.LVL61
 4270 0123 01       		.uleb128 0x1
 4271 0124 53       		.byte	0x53
 4272 0125 04       		.byte	0x4
 4273 0126 02       		.uleb128 .LVL62-.LVL61
 4274 0127 08       		.uleb128 .LVL63-.LVL61
 4275 0128 04       		.uleb128 0x4
 4276 0129 73       		.byte	0x73
 4277 012a E400     		.sleb128 100
 4278 012c 9F       		.byte	0x9f
 4279 012d 04       		.byte	0x4
 4280 012e 14       		.uleb128 .LVL65-.LVL61
 4281 012f 19       		.uleb128 .LVL67-1-.LVL61
 4282 0130 04       		.uleb128 0x4
 4283 0131 73       		.byte	0x73
 4284 0132 E400     		.sleb128 100
 4285 0134 9F       		.byte	0x9f
 4286 0135 00       		.byte	0
 4287              	.LVUS34:
 4288 0136 00       		.uleb128 .LVU296
 4289 0137 01       		.uleb128 .LVU297
 4290              	.LLST34:
 4291 0138 08       		.byte	0x8
 4292 0139 20000000 		.4byte	.LVL61
 4293 013d 00       		.uleb128 .LVL61-.LVL61
 4294 013e 01       		.uleb128 0x1
 4295 013f 53       		.byte	0x53
 4296 0140 00       		.byte	0
 4297              	.LVUS30:
 4298 0141 01       		.uleb128 .LVU269
 4299 0142 01       		.uleb128 .LVU278
 4300              	.LLST30:
 4301 0143 08       		.byte	0x8
 4302 0144 06000000 		.4byte	.LVL56
 4303 0148 08       		.uleb128 .LVL58-.LVL56
 4304 0149 06       		.uleb128 0x6
 4305 014a 03       		.byte	0x3
 4306 014b 00000000 		.4byte	ch
 4307 014f 9F       		.byte	0x9f
 4308 0150 00       		.byte	0
 4309              	.LVUS31:
 4310 0151 00       		.uleb128 .LVU272
 4311 0152 01       		.uleb128 .LVU278
 4312              	.LLST31:
 4313 0153 08       		.byte	0x8
 4314 0154 08000000 		.4byte	.LVL57
 4315 0158 06       		.uleb128 .LVL58-.LVL57
 4316 0159 01       		.uleb128 0x1
 4317 015a 52       		.byte	0x52
 4318 015b 00       		.byte	0
 4319              	.LVUS27:
 4320 015c 00       		.uleb128 .LVU259
 4321 015d 00       		.uleb128 .LVU264
 4322 015e 00       		.uleb128 .LVU264
 4323 015f 00       		.uleb128 0
 4324              	.LLST27:
 4325 0160 06       		.byte	0x6
ARM GAS  /tmp/cc1MtXAT.s 			page 77


 4326 0161 06000000 		.4byte	.LVL53
 4327 0165 04       		.byte	0x4
 4328 0166 00       		.uleb128 .LVL53-.LVL53
 4329 0167 0A       		.uleb128 .LVL55-.LVL53
 4330 0168 01       		.uleb128 0x1
 4331 0169 50       		.byte	0x50
 4332 016a 04       		.byte	0x4
 4333 016b 0A       		.uleb128 .LVL55-.LVL53
 4334 016c 12       		.uleb128 .LFE210-.LVL53
 4335 016d 02       		.uleb128 0x2
 4336 016e 72       		.byte	0x72
 4337 016f 08       		.sleb128 8
 4338 0170 00       		.byte	0
 4339              	.LVUS28:
 4340 0171 00       		.uleb128 .LVU262
 4341 0172 00       		.uleb128 0
 4342              	.LLST28:
 4343 0173 08       		.byte	0x8
 4344 0174 0A000000 		.4byte	.LVL54
 4345 0178 0E       		.uleb128 .LFE210-.LVL54
 4346 0179 01       		.uleb128 0x1
 4347 017a 53       		.byte	0x53
 4348 017b 00       		.byte	0
 4349              	.LVUS21:
 4350 017c 00       		.uleb128 0
 4351 017d 00       		.uleb128 .LVU212
 4352 017e 00       		.uleb128 .LVU212
 4353 017f 00       		.uleb128 0
 4354              	.LLST21:
 4355 0180 06       		.byte	0x6
 4356 0181 00000000 		.4byte	.LVL39
 4357 0185 04       		.byte	0x4
 4358 0186 00       		.uleb128 .LVL39-.LVL39
 4359 0187 08       		.uleb128 .LVL40-.LVL39
 4360 0188 01       		.uleb128 0x1
 4361 0189 50       		.byte	0x50
 4362 018a 04       		.byte	0x4
 4363 018b 08       		.uleb128 .LVL40-.LVL39
 4364 018c 50       		.uleb128 .LFE208-.LVL39
 4365 018d 01       		.uleb128 0x1
 4366 018e 54       		.byte	0x54
 4367 018f 00       		.byte	0
 4368              	.LVUS22:
 4369 0190 00       		.uleb128 0
 4370 0191 00       		.uleb128 .LVU225
 4371 0192 00       		.uleb128 .LVU225
 4372 0193 00       		.uleb128 .LVU226
 4373 0194 00       		.uleb128 .LVU226
 4374 0195 00       		.uleb128 .LVU228
 4375 0196 00       		.uleb128 .LVU228
 4376 0197 00       		.uleb128 0
 4377              	.LLST22:
 4378 0198 06       		.byte	0x6
 4379 0199 00000000 		.4byte	.LVL39
 4380 019d 04       		.byte	0x4
 4381 019e 00       		.uleb128 .LVL39-.LVL39
 4382 019f 17       		.uleb128 .LVL42-1-.LVL39
ARM GAS  /tmp/cc1MtXAT.s 			page 78


 4383 01a0 01       		.uleb128 0x1
 4384 01a1 51       		.byte	0x51
 4385 01a2 04       		.byte	0x4
 4386 01a3 17       		.uleb128 .LVL42-1-.LVL39
 4387 01a4 1A       		.uleb128 .LVL43-.LVL39
 4388 01a5 0A       		.uleb128 0xa
 4389 01a6 A3       		.byte	0xa3
 4390 01a7 03       		.uleb128 0x3
 4391 01a8 A5       		.byte	0xa5
 4392 01a9 01       		.uleb128 0x1
 4393 01aa 26       		.uleb128 0x26
 4394 01ab A8       		.byte	0xa8
 4395 01ac 2D       		.uleb128 0x2d
 4396 01ad A8       		.byte	0xa8
 4397 01ae 00       		.uleb128 0
 4398 01af 9F       		.byte	0x9f
 4399 01b0 04       		.byte	0x4
 4400 01b1 1A       		.uleb128 .LVL43-.LVL39
 4401 01b2 1D       		.uleb128 .LVL44-1-.LVL39
 4402 01b3 01       		.uleb128 0x1
 4403 01b4 51       		.byte	0x51
 4404 01b5 04       		.byte	0x4
 4405 01b6 1D       		.uleb128 .LVL44-1-.LVL39
 4406 01b7 50       		.uleb128 .LFE208-.LVL39
 4407 01b8 0A       		.uleb128 0xa
 4408 01b9 A3       		.byte	0xa3
 4409 01ba 03       		.uleb128 0x3
 4410 01bb A5       		.byte	0xa5
 4411 01bc 01       		.uleb128 0x1
 4412 01bd 26       		.uleb128 0x26
 4413 01be A8       		.byte	0xa8
 4414 01bf 2D       		.uleb128 0x2d
 4415 01c0 A8       		.byte	0xa8
 4416 01c1 00       		.uleb128 0
 4417 01c2 9F       		.byte	0x9f
 4418 01c3 00       		.byte	0
 4419              	.LVUS23:
 4420 01c4 00       		.uleb128 .LVU212
 4421 01c5 00       		.uleb128 .LVU224
 4422 01c6 00       		.uleb128 .LVU226
 4423 01c7 00       		.uleb128 .LVU228
 4424 01c8 00       		.uleb128 .LVU229
 4425 01c9 00       		.uleb128 .LVU248
 4426 01ca 00       		.uleb128 .LVU248
 4427 01cb 00       		.uleb128 .LVU252
 4428 01cc 00       		.uleb128 .LVU252
 4429 01cd 00       		.uleb128 .LVU253
 4430 01ce 00       		.uleb128 .LVU253
 4431 01cf 00       		.uleb128 0
 4432              	.LLST23:
 4433 01d0 06       		.byte	0x6
 4434 01d1 08000000 		.4byte	.LVL40
 4435 01d5 04       		.byte	0x4
 4436 01d6 00       		.uleb128 .LVL40-.LVL40
 4437 01d7 0C       		.uleb128 .LVL41-.LVL40
 4438 01d8 01       		.uleb128 0x1
 4439 01d9 50       		.byte	0x50
ARM GAS  /tmp/cc1MtXAT.s 			page 79


 4440 01da 04       		.byte	0x4
 4441 01db 12       		.uleb128 .LVL43-.LVL40
 4442 01dc 15       		.uleb128 .LVL44-1-.LVL40
 4443 01dd 01       		.uleb128 0x1
 4444 01de 50       		.byte	0x50
 4445 01df 04       		.byte	0x4
 4446 01e0 18       		.uleb128 .LVL45-.LVL40
 4447 01e1 2E       		.uleb128 .LVL48-.LVL40
 4448 01e2 01       		.uleb128 0x1
 4449 01e3 50       		.byte	0x50
 4450 01e4 04       		.byte	0x4
 4451 01e5 2E       		.uleb128 .LVL48-.LVL40
 4452 01e6 38       		.uleb128 .LVL50-.LVL40
 4453 01e7 01       		.uleb128 0x1
 4454 01e8 55       		.byte	0x55
 4455 01e9 04       		.byte	0x4
 4456 01ea 38       		.uleb128 .LVL50-.LVL40
 4457 01eb 3A       		.uleb128 .LVL51-.LVL40
 4458 01ec 01       		.uleb128 0x1
 4459 01ed 50       		.byte	0x50
 4460 01ee 04       		.byte	0x4
 4461 01ef 3A       		.uleb128 .LVL51-.LVL40
 4462 01f0 48       		.uleb128 .LFE208-.LVL40
 4463 01f1 01       		.uleb128 0x1
 4464 01f2 55       		.byte	0x55
 4465 01f3 00       		.byte	0
 4466              	.LVUS25:
 4467 01f4 01       		.uleb128 .LVU245
 4468 01f5 00       		.uleb128 .LVU247
 4469 01f6 00       		.uleb128 .LVU247
 4470 01f7 00       		.uleb128 .LVU248
 4471 01f8 00       		.uleb128 .LVU252
 4472 01f9 00       		.uleb128 .LVU254
 4473              	.LLST25:
 4474 01fa 06       		.byte	0x6
 4475 01fb 2E000000 		.4byte	.LVL46
 4476 01ff 04       		.byte	0x4
 4477 0200 00       		.uleb128 .LVL46-.LVL46
 4478 0201 02       		.uleb128 .LVL47-.LVL46
 4479 0202 01       		.uleb128 0x1
 4480 0203 53       		.byte	0x53
 4481 0204 04       		.byte	0x4
 4482 0205 02       		.uleb128 .LVL47-.LVL46
 4483 0206 08       		.uleb128 .LVL48-.LVL46
 4484 0207 04       		.uleb128 0x4
 4485 0208 73       		.byte	0x73
 4486 0209 E400     		.sleb128 100
 4487 020b 9F       		.byte	0x9f
 4488 020c 04       		.byte	0x4
 4489 020d 12       		.uleb128 .LVL50-.LVL46
 4490 020e 17       		.uleb128 .LVL52-1-.LVL46
 4491 020f 04       		.uleb128 0x4
 4492 0210 73       		.byte	0x73
 4493 0211 E400     		.sleb128 100
 4494 0213 9F       		.byte	0x9f
 4495 0214 00       		.byte	0
 4496              	.LVUS26:
ARM GAS  /tmp/cc1MtXAT.s 			page 80


 4497 0215 00       		.uleb128 .LVU244
 4498 0216 01       		.uleb128 .LVU245
 4499              	.LLST26:
 4500 0217 08       		.byte	0x8
 4501 0218 2E000000 		.4byte	.LVL46
 4502 021c 00       		.uleb128 .LVL46-.LVL46
 4503 021d 01       		.uleb128 0x1
 4504 021e 53       		.byte	0x53
 4505 021f 00       		.byte	0
 4506              	.LVUS18:
 4507 0220 00       		.uleb128 0
 4508 0221 00       		.uleb128 .LVU193
 4509 0222 00       		.uleb128 .LVU193
 4510 0223 00       		.uleb128 .LVU206
 4511 0224 00       		.uleb128 .LVU206
 4512 0225 00       		.uleb128 .LVU207
 4513 0226 00       		.uleb128 .LVU207
 4514 0227 00       		.uleb128 0
 4515              	.LLST18:
 4516 0228 06       		.byte	0x6
 4517 0229 00000000 		.4byte	.LVL31
 4518 022d 04       		.byte	0x4
 4519 022e 00       		.uleb128 .LVL31-.LVL31
 4520 022f 14       		.uleb128 .LVL32-.LVL31
 4521 0230 01       		.uleb128 0x1
 4522 0231 50       		.byte	0x50
 4523 0232 04       		.byte	0x4
 4524 0233 14       		.uleb128 .LVL32-.LVL31
 4525 0234 32       		.uleb128 .LVL37-.LVL31
 4526 0235 01       		.uleb128 0x1
 4527 0236 54       		.byte	0x54
 4528 0237 04       		.byte	0x4
 4529 0238 32       		.uleb128 .LVL37-.LVL31
 4530 0239 35       		.uleb128 .LVL38-1-.LVL31
 4531 023a 01       		.uleb128 0x1
 4532 023b 50       		.byte	0x50
 4533 023c 04       		.byte	0x4
 4534 023d 35       		.uleb128 .LVL38-1-.LVL31
 4535 023e 40       		.uleb128 .LFE207-.LVL31
 4536 023f 01       		.uleb128 0x1
 4537 0240 54       		.byte	0x54
 4538 0241 00       		.byte	0
 4539              	.LVUS19:
 4540 0242 00       		.uleb128 0
 4541 0243 00       		.uleb128 .LVU194
 4542 0244 00       		.uleb128 .LVU194
 4543 0245 00       		.uleb128 .LVU206
 4544 0246 00       		.uleb128 .LVU206
 4545 0247 00       		.uleb128 .LVU207
 4546 0248 00       		.uleb128 .LVU207
 4547 0249 00       		.uleb128 0
 4548              	.LLST19:
 4549 024a 06       		.byte	0x6
 4550 024b 00000000 		.4byte	.LVL31
 4551 024f 04       		.byte	0x4
 4552 0250 00       		.uleb128 .LVL31-.LVL31
 4553 0251 17       		.uleb128 .LVL33-1-.LVL31
ARM GAS  /tmp/cc1MtXAT.s 			page 81


 4554 0252 01       		.uleb128 0x1
 4555 0253 51       		.byte	0x51
 4556 0254 04       		.byte	0x4
 4557 0255 17       		.uleb128 .LVL33-1-.LVL31
 4558 0256 32       		.uleb128 .LVL37-.LVL31
 4559 0257 0A       		.uleb128 0xa
 4560 0258 A3       		.byte	0xa3
 4561 0259 03       		.uleb128 0x3
 4562 025a A5       		.byte	0xa5
 4563 025b 01       		.uleb128 0x1
 4564 025c 26       		.uleb128 0x26
 4565 025d A8       		.byte	0xa8
 4566 025e 2D       		.uleb128 0x2d
 4567 025f A8       		.byte	0xa8
 4568 0260 00       		.uleb128 0
 4569 0261 9F       		.byte	0x9f
 4570 0262 04       		.byte	0x4
 4571 0263 32       		.uleb128 .LVL37-.LVL31
 4572 0264 35       		.uleb128 .LVL38-1-.LVL31
 4573 0265 01       		.uleb128 0x1
 4574 0266 51       		.byte	0x51
 4575 0267 04       		.byte	0x4
 4576 0268 35       		.uleb128 .LVL38-1-.LVL31
 4577 0269 40       		.uleb128 .LFE207-.LVL31
 4578 026a 0A       		.uleb128 0xa
 4579 026b A3       		.byte	0xa3
 4580 026c 03       		.uleb128 0x3
 4581 026d A5       		.byte	0xa5
 4582 026e 01       		.uleb128 0x1
 4583 026f 26       		.uleb128 0x26
 4584 0270 A8       		.byte	0xa8
 4585 0271 2D       		.uleb128 0x2d
 4586 0272 A8       		.byte	0xa8
 4587 0273 00       		.uleb128 0
 4588 0274 9F       		.byte	0x9f
 4589 0275 00       		.byte	0
 4590              	.LVUS20:
 4591 0276 01       		.uleb128 .LVU196
 4592 0277 00       		.uleb128 .LVU200
 4593              	.LLST20:
 4594 0278 08       		.byte	0x8
 4595 0279 1E000000 		.4byte	.LVL34
 4596 027d 02       		.uleb128 .LVL35-.LVL34
 4597 027e 03       		.uleb128 0x3
 4598 027f 91       		.byte	0x91
 4599 0280 64       		.sleb128 -28
 4600 0281 9F       		.byte	0x9f
 4601 0282 00       		.byte	0
 4602              	.LVUS2:
 4603 0283 00       		.uleb128 0
 4604 0284 00       		.uleb128 .LVU86
 4605 0285 00       		.uleb128 .LVU86
 4606 0286 00       		.uleb128 .LVU99
 4607 0287 00       		.uleb128 .LVU99
 4608 0288 00       		.uleb128 0
 4609              	.LLST2:
 4610 0289 06       		.byte	0x6
ARM GAS  /tmp/cc1MtXAT.s 			page 82


 4611 028a 00000000 		.4byte	.LVL6
 4612 028e 04       		.byte	0x4
 4613 028f 00       		.uleb128 .LVL6-.LVL6
 4614 0290 2B       		.uleb128 .LVL11-1-.LVL6
 4615 0291 01       		.uleb128 0x1
 4616 0292 50       		.byte	0x50
 4617 0293 04       		.byte	0x4
 4618 0294 2B       		.uleb128 .LVL11-1-.LVL6
 4619 0295 34       		.uleb128 .LVL13-.LVL6
 4620 0296 0A       		.uleb128 0xa
 4621 0297 A3       		.byte	0xa3
 4622 0298 03       		.uleb128 0x3
 4623 0299 A5       		.byte	0xa5
 4624 029a 00       		.uleb128 0
 4625 029b 26       		.uleb128 0x26
 4626 029c A8       		.byte	0xa8
 4627 029d 2D       		.uleb128 0x2d
 4628 029e A8       		.byte	0xa8
 4629 029f 00       		.uleb128 0
 4630 02a0 9F       		.byte	0x9f
 4631 02a1 04       		.byte	0x4
 4632 02a2 34       		.uleb128 .LVL13-.LVL6
 4633 02a3 40       		.uleb128 .LFE206-.LVL6
 4634 02a4 01       		.uleb128 0x1
 4635 02a5 50       		.byte	0x50
 4636 02a6 00       		.byte	0
 4637              	.LVUS3:
 4638 02a7 01       		.uleb128 .LVU49
 4639 02a8 00       		.uleb128 .LVU86
 4640 02a9 00       		.uleb128 .LVU86
 4641 02aa 00       		.uleb128 .LVU99
 4642 02ab 00       		.uleb128 .LVU99
 4643 02ac 00       		.uleb128 0
 4644              	.LLST3:
 4645 02ad 06       		.byte	0x6
 4646 02ae 02000000 		.4byte	.LVL7
 4647 02b2 04       		.byte	0x4
 4648 02b3 00       		.uleb128 .LVL7-.LVL7
 4649 02b4 29       		.uleb128 .LVL11-1-.LVL7
 4650 02b5 01       		.uleb128 0x1
 4651 02b6 50       		.byte	0x50
 4652 02b7 04       		.byte	0x4
 4653 02b8 29       		.uleb128 .LVL11-1-.LVL7
 4654 02b9 32       		.uleb128 .LVL13-.LVL7
 4655 02ba 0A       		.uleb128 0xa
 4656 02bb A3       		.byte	0xa3
 4657 02bc 03       		.uleb128 0x3
 4658 02bd A5       		.byte	0xa5
 4659 02be 00       		.uleb128 0
 4660 02bf 26       		.uleb128 0x26
 4661 02c0 A8       		.byte	0xa8
 4662 02c1 2D       		.uleb128 0x2d
 4663 02c2 A8       		.byte	0xa8
 4664 02c3 00       		.uleb128 0
 4665 02c4 9F       		.byte	0x9f
 4666 02c5 04       		.byte	0x4
 4667 02c6 32       		.uleb128 .LVL13-.LVL7
ARM GAS  /tmp/cc1MtXAT.s 			page 83


 4668 02c7 3E       		.uleb128 .LFE206-.LVL7
 4669 02c8 01       		.uleb128 0x1
 4670 02c9 50       		.byte	0x50
 4671 02ca 00       		.byte	0
 4672              	.LVUS4:
 4673 02cb 08       		.uleb128 .LVU56
 4674 02cc 00       		.uleb128 .LVU58
 4675              	.LLST4:
 4676 02cd 08       		.byte	0x8
 4677 02ce 02000000 		.4byte	.LVL7
 4678 02d2 06       		.uleb128 .LVL8-.LVL7
 4679 02d3 03       		.uleb128 0x3
 4680 02d4 08       		.byte	0x8
 4681 02d5 20       		.byte	0x20
 4682 02d6 9F       		.byte	0x9f
 4683 02d7 00       		.byte	0
 4684              	.LVUS6:
 4685 02d8 09       		.uleb128 .LVU73
 4686 02d9 00       		.uleb128 .LVU75
 4687              	.LLST6:
 4688 02da 08       		.byte	0x8
 4689 02db 16000000 		.4byte	.LVL9
 4690 02df 04       		.uleb128 .LVL10-.LVL9
 4691 02e0 02       		.uleb128 0x2
 4692 02e1 30       		.byte	0x30
 4693 02e2 9F       		.byte	0x9f
 4694 02e3 00       		.byte	0
 4695              	.LVUS7:
 4696 02e4 09       		.uleb128 .LVU95
 4697 02e5 00       		.uleb128 .LVU97
 4698              	.LLST7:
 4699 02e6 08       		.byte	0x8
 4700 02e7 2C000000 		.4byte	.LVL11
 4701 02eb 06       		.uleb128 .LVL12-.LVL11
 4702 02ec 02       		.uleb128 0x2
 4703 02ed 30       		.byte	0x30
 4704 02ee 9F       		.byte	0x9f
 4705 02ef 00       		.byte	0
 4706              	.LVUS9:
 4707 02f0 01       		.uleb128 .LVU100
 4708 02f1 01       		.uleb128 .LVU109
 4709              	.LLST9:
 4710 02f2 08       		.byte	0x8
 4711 02f3 34000000 		.4byte	.LVL13
 4712 02f7 0A       		.uleb128 .LVL14-.LVL13
 4713 02f8 01       		.uleb128 0x1
 4714 02f9 50       		.byte	0x50
 4715 02fa 00       		.byte	0
 4716              	.LVUS11:
 4717 02fb 00       		.uleb128 0
 4718 02fc 00       		.uleb128 .LVU179
 4719 02fd 00       		.uleb128 .LVU179
 4720 02fe 00       		.uleb128 .LVU183
 4721 02ff 00       		.uleb128 .LVU183
 4722 0300 00       		.uleb128 .LVU184
 4723 0301 00       		.uleb128 .LVU184
 4724 0302 00       		.uleb128 0
ARM GAS  /tmp/cc1MtXAT.s 			page 84


 4725              	.LLST11:
 4726 0303 06       		.byte	0x6
 4727 0304 00000000 		.4byte	.LVL19
 4728 0308 04       		.byte	0x4
 4729 0309 00       		.uleb128 .LVL19-.LVL19
 4730 030a 26       		.uleb128 .LVL26-.LVL19
 4731 030b 01       		.uleb128 0x1
 4732 030c 50       		.byte	0x50
 4733 030d 04       		.byte	0x4
 4734 030e 26       		.uleb128 .LVL26-.LVL19
 4735 030f 32       		.uleb128 .LVL28-.LVL19
 4736 0310 0A       		.uleb128 0xa
 4737 0311 A3       		.byte	0xa3
 4738 0312 03       		.uleb128 0x3
 4739 0313 A5       		.byte	0xa5
 4740 0314 00       		.uleb128 0
 4741 0315 26       		.uleb128 0x26
 4742 0316 A8       		.byte	0xa8
 4743 0317 34       		.uleb128 0x34
 4744 0318 A8       		.byte	0xa8
 4745 0319 00       		.uleb128 0
 4746 031a 9F       		.byte	0x9f
 4747 031b 04       		.byte	0x4
 4748 031c 32       		.uleb128 .LVL28-.LVL19
 4749 031d 34       		.uleb128 .LVL29-.LVL19
 4750 031e 01       		.uleb128 0x1
 4751 031f 50       		.byte	0x50
 4752 0320 04       		.byte	0x4
 4753 0321 34       		.uleb128 .LVL29-.LVL19
 4754 0322 44       		.uleb128 .LFE205-.LVL19
 4755 0323 0A       		.uleb128 0xa
 4756 0324 A3       		.byte	0xa3
 4757 0325 03       		.uleb128 0x3
 4758 0326 A5       		.byte	0xa5
 4759 0327 00       		.uleb128 0
 4760 0328 26       		.uleb128 0x26
 4761 0329 A8       		.byte	0xa8
 4762 032a 34       		.uleb128 0x34
 4763 032b A8       		.byte	0xa8
 4764 032c 00       		.uleb128 0
 4765 032d 9F       		.byte	0x9f
 4766 032e 00       		.byte	0
 4767              	.LVUS12:
 4768 032f 00       		.uleb128 .LVU147
 4769 0330 00       		.uleb128 0
 4770              	.LLST12:
 4771 0331 08       		.byte	0x8
 4772 0332 06000000 		.4byte	.LVL20
 4773 0336 3E       		.uleb128 .LFE205-.LVL20
 4774 0337 01       		.uleb128 0x1
 4775 0338 54       		.byte	0x54
 4776 0339 00       		.byte	0
 4777              	.LVUS16:
 4778 033a 01       		.uleb128 .LVU176
 4779 033b 00       		.uleb128 .LVU178
 4780 033c 00       		.uleb128 .LVU178
 4781 033d 00       		.uleb128 .LVU179
ARM GAS  /tmp/cc1MtXAT.s 			page 85


 4782 033e 00       		.uleb128 .LVU183
 4783 033f 00       		.uleb128 .LVU185
 4784              	.LLST16:
 4785 0340 06       		.byte	0x6
 4786 0341 1E000000 		.4byte	.LVL24
 4787 0345 04       		.byte	0x4
 4788 0346 00       		.uleb128 .LVL24-.LVL24
 4789 0347 02       		.uleb128 .LVL25-.LVL24
 4790 0348 01       		.uleb128 0x1
 4791 0349 53       		.byte	0x53
 4792 034a 04       		.byte	0x4
 4793 034b 02       		.uleb128 .LVL25-.LVL24
 4794 034c 08       		.uleb128 .LVL26-.LVL24
 4795 034d 04       		.uleb128 0x4
 4796 034e 73       		.byte	0x73
 4797 034f E400     		.sleb128 100
 4798 0351 9F       		.byte	0x9f
 4799 0352 04       		.byte	0x4
 4800 0353 14       		.uleb128 .LVL28-.LVL24
 4801 0354 19       		.uleb128 .LVL30-1-.LVL24
 4802 0355 04       		.uleb128 0x4
 4803 0356 73       		.byte	0x73
 4804 0357 E400     		.sleb128 100
 4805 0359 9F       		.byte	0x9f
 4806 035a 00       		.byte	0
 4807              	.LVUS17:
 4808 035b 00       		.uleb128 .LVU175
 4809 035c 01       		.uleb128 .LVU176
 4810              	.LLST17:
 4811 035d 08       		.byte	0x8
 4812 035e 1E000000 		.4byte	.LVL24
 4813 0362 00       		.uleb128 .LVL24-.LVL24
 4814 0363 01       		.uleb128 0x1
 4815 0364 53       		.byte	0x53
 4816 0365 00       		.byte	0
 4817              	.LVUS13:
 4818 0366 01       		.uleb128 .LVU151
 4819 0367 01       		.uleb128 .LVU160
 4820              	.LLST13:
 4821 0368 08       		.byte	0x8
 4822 0369 0A000000 		.4byte	.LVL21
 4823 036d 08       		.uleb128 .LVL23-.LVL21
 4824 036e 06       		.uleb128 0x6
 4825 036f 03       		.byte	0x3
 4826 0370 00000000 		.4byte	ch
 4827 0374 9F       		.byte	0x9f
 4828 0375 00       		.byte	0
 4829              	.LVUS14:
 4830 0376 00       		.uleb128 .LVU154
 4831 0377 01       		.uleb128 .LVU160
 4832              	.LLST14:
 4833 0378 08       		.byte	0x8
 4834 0379 0C000000 		.4byte	.LVL22
 4835 037d 06       		.uleb128 .LVL23-.LVL22
 4836 037e 01       		.uleb128 0x1
 4837 037f 52       		.byte	0x52
 4838 0380 00       		.byte	0
ARM GAS  /tmp/cc1MtXAT.s 			page 86


 4839              	.LVUS10:
 4840 0381 01       		.uleb128 .LVU124
 4841 0382 00       		.uleb128 .LVU125
 4842 0383 00       		.uleb128 .LVU125
 4843 0384 00       		.uleb128 0
 4844              	.LLST10:
 4845 0385 06       		.byte	0x6
 4846 0386 06000000 		.4byte	.LVL16
 4847 038a 04       		.byte	0x4
 4848 038b 00       		.uleb128 .LVL16-.LVL16
 4849 038c 02       		.uleb128 .LVL17-.LVL16
 4850 038d 06       		.uleb128 0x6
 4851 038e 03       		.byte	0x3
 4852 038f 00000000 		.4byte	ch
 4853 0393 9F       		.byte	0x9f
 4854 0394 04       		.byte	0x4
 4855 0395 02       		.uleb128 .LVL17-.LVL16
 4856 0396 1E       		.uleb128 .LFE204-.LVL16
 4857 0397 01       		.uleb128 0x1
 4858 0398 53       		.byte	0x53
 4859 0399 00       		.byte	0
 4860              	.LVUS1:
 4861 039a 01       		.uleb128 .LVU27
 4862 039b 00       		.uleb128 .LVU28
 4863 039c 00       		.uleb128 .LVU28
 4864 039d 00       		.uleb128 0
 4865              	.LLST1:
 4866 039e 06       		.byte	0x6
 4867 039f 06000000 		.4byte	.LVL3
 4868 03a3 04       		.byte	0x4
 4869 03a4 00       		.uleb128 .LVL3-.LVL3
 4870 03a5 02       		.uleb128 .LVL4-.LVL3
 4871 03a6 06       		.uleb128 0x6
 4872 03a7 03       		.byte	0x3
 4873 03a8 00000000 		.4byte	ch
 4874 03ac 9F       		.byte	0x9f
 4875 03ad 04       		.byte	0x4
 4876 03ae 02       		.uleb128 .LVL4-.LVL3
 4877 03af 1E       		.uleb128 .LFE203-.LVL3
 4878 03b0 01       		.uleb128 0x1
 4879 03b1 53       		.byte	0x53
 4880 03b2 00       		.byte	0
 4881              	.LVUS0:
 4882 03b3 02       		.uleb128 .LVU2
 4883 03b4 00       		.uleb128 .LVU7
 4884              	.LLST0:
 4885 03b5 08       		.byte	0x8
 4886 03b6 00000000 		.4byte	.LVL0
 4887 03ba 06       		.uleb128 .LVL1-.LVL0
 4888 03bb 06       		.uleb128 0x6
 4889 03bc 03       		.byte	0x3
 4890 03bd 00000000 		.4byte	ch
 4891 03c1 9F       		.byte	0x9f
 4892 03c2 00       		.byte	0
 4893              	.Ldebug_loc3:
 4894              		.section	.debug_aranges,"",%progbits
 4895 0000 74000000 		.4byte	0x74
ARM GAS  /tmp/cc1MtXAT.s 			page 87


 4896 0004 0200     		.2byte	0x2
 4897 0006 00000000 		.4byte	.Ldebug_info0
 4898 000a 04       		.byte	0x4
 4899 000b 00       		.byte	0
 4900 000c 0000     		.2byte	0
 4901 000e 0000     		.2byte	0
 4902 0010 00000000 		.4byte	.LFB202
 4903 0014 14000000 		.4byte	.LFE202-.LFB202
 4904 0018 00000000 		.4byte	.LFB203
 4905 001c 24000000 		.4byte	.LFE203-.LFB203
 4906 0020 00000000 		.4byte	.LFB206
 4907 0024 40000000 		.4byte	.LFE206-.LFB206
 4908 0028 00000000 		.4byte	.LFB204
 4909 002c 24000000 		.4byte	.LFE204-.LFB204
 4910 0030 00000000 		.4byte	.LFB205
 4911 0034 44000000 		.4byte	.LFE205-.LFB205
 4912 0038 00000000 		.4byte	.LFB207
 4913 003c 40000000 		.4byte	.LFE207-.LFB207
 4914 0040 00000000 		.4byte	.LFB208
 4915 0044 50000000 		.4byte	.LFE208-.LFB208
 4916 0048 00000000 		.4byte	.LFB210
 4917 004c 18000000 		.4byte	.LFE210-.LFB210
 4918 0050 00000000 		.4byte	.LFB211
 4919 0054 44000000 		.4byte	.LFE211-.LFB211
 4920 0058 00000000 		.4byte	.LFB212
 4921 005c 44000000 		.4byte	.LFE212-.LFB212
 4922 0060 00000000 		.4byte	.LFB209
 4923 0064 1C000000 		.4byte	.LFE209-.LFB209
 4924 0068 00000000 		.4byte	.LFB213
 4925 006c 44000000 		.4byte	.LFE213-.LFB213
 4926 0070 00000000 		.4byte	0
 4927 0074 00000000 		.4byte	0
 4928              		.section	.debug_rnglists,"",%progbits
 4929              	.Ldebug_ranges0:
 4930 0000 A5000000 		.4byte	.Ldebug_ranges3-.Ldebug_ranges2
 4931              	.Ldebug_ranges2:
 4932 0004 0500     		.2byte	0x5
 4933 0006 04       		.byte	0x4
 4934 0007 00       		.byte	0
 4935 0008 00000000 		.4byte	0
 4936              	.LLRL5:
 4937 000c 05       		.byte	0x5
 4938 000d 16000000 		.4byte	.LBB93
 4939 0011 04       		.byte	0x4
 4940 0012 00       		.uleb128 .LBB93-.LBB93
 4941 0013 04       		.uleb128 .LBE93-.LBB93
 4942 0014 04       		.byte	0x4
 4943 0015 04       		.uleb128 .LBB100-.LBB93
 4944 0016 06       		.uleb128 .LBE100-.LBB93
 4945 0017 00       		.byte	0
 4946              	.LLRL8:
 4947 0018 05       		.byte	0x5
 4948 0019 34000000 		.4byte	.LBB107
 4949 001d 04       		.byte	0x4
 4950 001e 00       		.uleb128 .LBB107-.LBB107
 4951 001f 0A       		.uleb128 .LBE107-.LBB107
 4952 0020 04       		.byte	0x4
ARM GAS  /tmp/cc1MtXAT.s 			page 88


 4953 0021 0A       		.uleb128 .LBB110-.LBB107
 4954 0022 0C       		.uleb128 .LBE110-.LBB107
 4955 0023 00       		.byte	0
 4956              	.LLRL15:
 4957 0024 05       		.byte	0x5
 4958 0025 1A000000 		.4byte	.LBB113
 4959 0029 04       		.byte	0x4
 4960 002a 00       		.uleb128 .LBB113-.LBB113
 4961 002b 16       		.uleb128 .LBE113-.LBB113
 4962 002c 04       		.byte	0x4
 4963 002d 18       		.uleb128 .LBB116-.LBB113
 4964 002e 2A       		.uleb128 .LBE116-.LBB113
 4965 002f 00       		.byte	0
 4966              	.LLRL24:
 4967 0030 05       		.byte	0x5
 4968 0031 2A000000 		.4byte	.LBB120
 4969 0035 04       		.byte	0x4
 4970 0036 00       		.uleb128 .LBB120-.LBB120
 4971 0037 14       		.uleb128 .LBE120-.LBB120
 4972 0038 04       		.byte	0x4
 4973 0039 16       		.uleb128 .LBB123-.LBB120
 4974 003a 26       		.uleb128 .LBE123-.LBB120
 4975 003b 00       		.byte	0
 4976              	.LLRL32:
 4977 003c 05       		.byte	0x5
 4978 003d 1C000000 		.4byte	.LBB126
 4979 0041 04       		.byte	0x4
 4980 0042 00       		.uleb128 .LBB126-.LBB126
 4981 0043 16       		.uleb128 .LBE126-.LBB126
 4982 0044 04       		.byte	0x4
 4983 0045 18       		.uleb128 .LBB129-.LBB126
 4984 0046 28       		.uleb128 .LBE129-.LBB126
 4985 0047 00       		.byte	0
 4986              	.LLRL38:
 4987 0048 05       		.byte	0x5
 4988 0049 1C000000 		.4byte	.LBB132
 4989 004d 04       		.byte	0x4
 4990 004e 00       		.uleb128 .LBB132-.LBB132
 4991 004f 16       		.uleb128 .LBE132-.LBB132
 4992 0050 04       		.byte	0x4
 4993 0051 18       		.uleb128 .LBB135-.LBB132
 4994 0052 28       		.uleb128 .LBE135-.LBB132
 4995 0053 00       		.byte	0
 4996              	.LLRL44:
 4997 0054 05       		.byte	0x5
 4998 0055 1C000000 		.4byte	.LBB140
 4999 0059 04       		.byte	0x4
 5000 005a 00       		.uleb128 .LBB140-.LBB140
 5001 005b 16       		.uleb128 .LBE140-.LBB140
 5002 005c 04       		.byte	0x4
 5003 005d 18       		.uleb128 .LBB143-.LBB140
 5004 005e 28       		.uleb128 .LBE143-.LBB140
 5005 005f 00       		.byte	0
 5006              	.LLRL47:
 5007 0060 07       		.byte	0x7
 5008 0061 00000000 		.4byte	.LFB202
 5009 0065 14       		.uleb128 .LFE202-.LFB202
ARM GAS  /tmp/cc1MtXAT.s 			page 89


 5010 0066 07       		.byte	0x7
 5011 0067 00000000 		.4byte	.LFB203
 5012 006b 24       		.uleb128 .LFE203-.LFB203
 5013 006c 07       		.byte	0x7
 5014 006d 00000000 		.4byte	.LFB206
 5015 0071 40       		.uleb128 .LFE206-.LFB206
 5016 0072 07       		.byte	0x7
 5017 0073 00000000 		.4byte	.LFB204
 5018 0077 24       		.uleb128 .LFE204-.LFB204
 5019 0078 07       		.byte	0x7
 5020 0079 00000000 		.4byte	.LFB205
 5021 007d 44       		.uleb128 .LFE205-.LFB205
 5022 007e 07       		.byte	0x7
 5023 007f 00000000 		.4byte	.LFB207
 5024 0083 40       		.uleb128 .LFE207-.LFB207
 5025 0084 07       		.byte	0x7
 5026 0085 00000000 		.4byte	.LFB208
 5027 0089 50       		.uleb128 .LFE208-.LFB208
 5028 008a 07       		.byte	0x7
 5029 008b 00000000 		.4byte	.LFB210
 5030 008f 18       		.uleb128 .LFE210-.LFB210
 5031 0090 07       		.byte	0x7
 5032 0091 00000000 		.4byte	.LFB211
 5033 0095 44       		.uleb128 .LFE211-.LFB211
 5034 0096 07       		.byte	0x7
 5035 0097 00000000 		.4byte	.LFB212
 5036 009b 44       		.uleb128 .LFE212-.LFB212
 5037 009c 07       		.byte	0x7
 5038 009d 00000000 		.4byte	.LFB209
 5039 00a1 1C       		.uleb128 .LFE209-.LFB209
 5040 00a2 07       		.byte	0x7
 5041 00a3 00000000 		.4byte	.LFB213
 5042 00a7 44       		.uleb128 .LFE213-.LFB213
 5043 00a8 00       		.byte	0
 5044              	.Ldebug_ranges3:
 5045              		.section	.debug_line,"",%progbits
 5046              	.Ldebug_line0:
 5047 0000 8C080000 		.section	.debug_str,"MS",%progbits,1
 5047      03005801 
 5047      00000201 
 5047      FB0E0D00 
 5047      01010101 
 5048              	.LASF34:
 5049 0000 63685F74 		.ascii	"ch_threads_list\000"
 5049      68726561 
 5049      64735F6C 
 5049      69737400 
 5050              	.LASF71:
 5051 0010 63685363 		.ascii	"chSchDoReschedule\000"
 5051      68446F52 
 5051      65736368 
 5051      6564756C 
 5051      6500
 5052              	.LASF100:
 5053 0022 474E5520 		.ascii	"GNU C11 13.2.1 20231009 -mcpu=cortex-m4 -mfloat-abi"
 5053      43313120 
 5053      31332E32 
ARM GAS  /tmp/cc1MtXAT.s 			page 90


 5053      2E312032 
 5053      30323331 
 5054 0055 3D686172 		.ascii	"=hard -mfpu=fpv4-sp-d16 -mno-thumb-interwork -mthum"
 5054      64202D6D 
 5054      6670753D 
 5054      66707634 
 5054      2D73702D 
 5055 0088 62202D6D 		.ascii	"b -march=armv7e-m+fp -ggdb -Og -std=c11 -fno-inline"
 5055      61726368 
 5055      3D61726D 
 5055      7637652D 
 5055      6D2B6670 
 5056 00bb 2D736D61 		.ascii	"-small-functions -fomit-frame-pointer -falign-funct"
 5056      6C6C2D66 
 5056      756E6374 
 5056      696F6E73 
 5056      202D666F 
 5057 00ee 696F6E73 		.ascii	"ions=16 -fstack-usage -ffunction-sections -fdata-se"
 5057      3D313620 
 5057      2D667374 
 5057      61636B2D 
 5057      75736167 
 5058 0121 6374696F 		.ascii	"ctions -fno-common -fsingle-precision-constant\000"
 5058      6E73202D 
 5058      666E6F2D 
 5058      636F6D6D 
 5058      6F6E202D 
 5059              	.LASF58:
 5060 0150 72656761 		.ascii	"regarm_t\000"
 5060      726D5F74 
 5060      00
 5061              	.LASF28:
 5062 0159 666C6167 		.ascii	"flags\000"
 5062      7300
 5063              	.LASF19:
 5064 015f 73797374 		.ascii	"systime_t\000"
 5064      696D655F 
 5064      7400
 5065              	.LASF1:
 5066 0169 756E7369 		.ascii	"unsigned int\000"
 5066      676E6564 
 5066      20696E74 
 5066      00
 5067              	.LASF35:
 5068 0176 6E657874 		.ascii	"next\000"
 5068      00
 5069              	.LASF32:
 5070 017b 74687265 		.ascii	"threads_list_t\000"
 5070      6164735F 
 5070      6C697374 
 5070      5F7400
 5071              	.LASF29:
 5072 018a 72656673 		.ascii	"refs\000"
 5072      00
 5073              	.LASF64:
 5074 018f 77746F62 		.ascii	"wtobjp\000"
 5074      6A7000
ARM GAS  /tmp/cc1MtXAT.s 			page 91


 5075              	.LASF94:
 5076 0196 706F7274 		.ascii	"port_lock\000"
 5076      5F6C6F63 
 5076      6B00
 5077              	.LASF56:
 5078 01a0 76746C69 		.ascii	"vtlist\000"
 5078      737400
 5079              	.LASF60:
 5080 01a7 706F7274 		.ascii	"port_context\000"
 5080      5F636F6E 
 5080      74657874 
 5080      00
 5081              	.LASF92:
 5082 01b4 706F7274 		.ascii	"port_lock_from_isr\000"
 5082      5F6C6F63 
 5082      6B5F6672 
 5082      6F6D5F69 
 5082      737200
 5083              	.LASF40:
 5084 01c7 63685F72 		.ascii	"ch_ready_list\000"
 5084      65616479 
 5084      5F6C6973 
 5084      7400
 5085              	.LASF46:
 5086 01d5 66756E63 		.ascii	"func\000"
 5086      00
 5087              	.LASF38:
 5088 01da 70726576 		.ascii	"prev\000"
 5088      00
 5089              	.LASF37:
 5090 01df 63685F74 		.ascii	"ch_threads_queue\000"
 5090      68726561 
 5090      64735F71 
 5090      75657565 
 5090      00
 5091              	.LASF87:
 5092 01f0 63685379 		.ascii	"chSysLockFromISR\000"
 5092      734C6F63 
 5092      6B46726F 
 5092      6D495352 
 5092      00
 5093              	.LASF42:
 5094 0201 76746675 		.ascii	"vtfunc_t\000"
 5094      6E635F74 
 5094      00
 5095              	.LASF84:
 5096 020a 63685363 		.ascii	"chSchReadyI\000"
 5096      68526561 
 5096      64794900 
 5097              	.LASF51:
 5098 0216 63685F73 		.ascii	"ch_system_debug\000"
 5098      79737465 
 5098      6D5F6465 
 5098      62756700 
 5099              	.LASF85:
 5100 0226 5F736368 		.ascii	"_scheduler_init\000"
 5100      6564756C 
ARM GAS  /tmp/cc1MtXAT.s 			page 92


 5100      65725F69 
 5100      6E697400 
 5101              	.LASF11:
 5102 0236 75696E74 		.ascii	"uint32_t\000"
 5102      33325F74 
 5102      00
 5103              	.LASF17:
 5104 023f 74707269 		.ascii	"tprio_t\000"
 5104      6F5F7400 
 5105              	.LASF44:
 5106 0247 63685F76 		.ascii	"ch_virtual_timer\000"
 5106      69727475 
 5106      616C5F74 
 5106      696D6572 
 5106      00
 5107              	.LASF99:
 5108 0258 72657375 		.ascii	"result\000"
 5108      6C7400
 5109              	.LASF0:
 5110 025f 6C6F6E67 		.ascii	"long long unsigned int\000"
 5110      206C6F6E 
 5110      6720756E 
 5110      7369676E 
 5110      65642069 
 5111              	.LASF77:
 5112 0276 63685363 		.ascii	"chSchIsPreemptionRequired\000"
 5112      68497350 
 5112      7265656D 
 5112      7074696F 
 5112      6E526571 
 5113              	.LASF88:
 5114 0290 63685654 		.ascii	"chVTIsArmedI\000"
 5114      49734172 
 5114      6D656449 
 5114      00
 5115              	.LASF80:
 5116 029d 74696D65 		.ascii	"time\000"
 5116      00
 5117              	.LASF36:
 5118 02a2 74687265 		.ascii	"threads_queue_t\000"
 5118      6164735F 
 5118      71756575 
 5118      655F7400 
 5119              	.LASF97:
 5120 02b2 76616C75 		.ascii	"value\000"
 5120      6500
 5121              	.LASF48:
 5122 02b8 63685F76 		.ascii	"ch_virtual_timers_list\000"
 5122      69727475 
 5122      616C5F74 
 5122      696D6572 
 5122      735F6C69 
 5123              	.LASF20:
 5124 02cf 74687265 		.ascii	"thread_t\000"
 5124      61645F74 
 5124      00
 5125              	.LASF86:
ARM GAS  /tmp/cc1MtXAT.s 			page 93


 5126 02d8 63685379 		.ascii	"chSysUnlockFromISR\000"
 5126      73556E6C 
 5126      6F636B46 
 5126      726F6D49 
 5126      535200
 5127              	.LASF62:
 5128 02eb 7264796D 		.ascii	"rdymsg\000"
 5128      736700
 5129              	.LASF69:
 5130 02f2 5F706F72 		.ascii	"_port_switch\000"
 5130      745F7377 
 5130      69746368 
 5130      00
 5131              	.LASF74:
 5132 02ff 5F426F6F 		.ascii	"_Bool\000"
 5132      6C00
 5133              	.LASF103:
 5134 0305 77616B65 		.ascii	"wakeup\000"
 5134      757000
 5135              	.LASF73:
 5136 030c 63685363 		.ascii	"chSchDoRescheduleBehind\000"
 5136      68446F52 
 5136      65736368 
 5136      6564756C 
 5136      65426568 
 5137              	.LASF75:
 5138 0324 63685363 		.ascii	"chSchRescheduleS\000"
 5138      68526573 
 5138      63686564 
 5138      756C6553 
 5138      00
 5139              	.LASF22:
 5140 0335 7072696F 		.ascii	"prio\000"
 5140      00
 5141              	.LASF66:
 5142 033a 63686172 		.ascii	"char\000"
 5142      00
 5143              	.LASF31:
 5144 033f 74687265 		.ascii	"thread_reference_t\000"
 5144      61645F72 
 5144      65666572 
 5144      656E6365 
 5144      5F7400
 5145              	.LASF26:
 5146 0352 77616261 		.ascii	"wabase\000"
 5146      736500
 5147              	.LASF15:
 5148 0359 74737461 		.ascii	"tstate_t\000"
 5148      74655F74 
 5148      00
 5149              	.LASF9:
 5150 0362 75696E74 		.ascii	"uint8_t\000"
 5150      385F7400 
 5151              	.LASF82:
 5152 036a 63685363 		.ascii	"chSchReadyAheadI\000"
 5152      68526561 
 5152      64794168 
ARM GAS  /tmp/cc1MtXAT.s 			page 94


 5152      65616449 
 5152      00
 5153              	.LASF33:
 5154 037b 63685F74 		.ascii	"ch_thread\000"
 5154      68726561 
 5154      6400
 5155              	.LASF50:
 5156 0385 73797374 		.ascii	"system_debug_t\000"
 5156      656D5F64 
 5156      65627567 
 5156      5F7400
 5157              	.LASF3:
 5158 0394 6C6F6E67 		.ascii	"long long int\000"
 5158      206C6F6E 
 5158      6720696E 
 5158      7400
 5159              	.LASF18:
 5160 03a2 6D73675F 		.ascii	"msg_t\000"
 5160      7400
 5161              	.LASF67:
 5162 03a8 63685654 		.ascii	"chVTDoResetI\000"
 5162      446F5265 
 5162      73657449 
 5162      00
 5163              	.LASF43:
 5164 03b5 76697274 		.ascii	"virtual_timer_t\000"
 5164      75616C5F 
 5164      74696D65 
 5164      725F7400 
 5165              	.LASF90:
 5166 03c5 71756575 		.ascii	"queue_fifo_remove\000"
 5166      655F6669 
 5166      666F5F72 
 5166      656D6F76 
 5166      6500
 5167              	.LASF52:
 5168 03d7 70616E69 		.ascii	"panic_msg\000"
 5168      635F6D73 
 5168      6700
 5169              	.LASF14:
 5170 03e1 746D6F64 		.ascii	"tmode_t\000"
 5170      655F7400 
 5171              	.LASF57:
 5172 03e9 6D61696E 		.ascii	"mainthread\000"
 5172      74687265 
 5172      616400
 5173              	.LASF104:
 5174 03f4 63685363 		.ascii	"chSchIsRescRequiredI\000"
 5174      68497352 
 5174      65736352 
 5174      65717569 
 5174      72656449 
 5175              	.LASF4:
 5176 0409 6C6F6E67 		.ascii	"long double\000"
 5176      20646F75 
 5176      626C6500 
 5177              	.LASF102:
ARM GAS  /tmp/cc1MtXAT.s 			page 95


 5178 0415 2F776F72 		.ascii	"/workspaces/tinySA\000"
 5178      6B737061 
 5178      6365732F 
 5178      74696E79 
 5178      534100
 5179              	.LASF6:
 5180 0428 73686F72 		.ascii	"short int\000"
 5180      7420696E 
 5180      7400
 5181              	.LASF7:
 5182 0432 6C6F6E67 		.ascii	"long int\000"
 5182      20696E74 
 5182      00
 5183              	.LASF61:
 5184 043b 706F7274 		.ascii	"port_intctx\000"
 5184      5F696E74 
 5184      63747800 
 5185              	.LASF54:
 5186 0447 63685F73 		.ascii	"ch_system\000"
 5186      79737465 
 5186      6D00
 5187              	.LASF96:
 5188 0451 5F5F7365 		.ascii	"__set_BASEPRI\000"
 5188      745F4241 
 5188      53455052 
 5188      4900
 5189              	.LASF49:
 5190 045f 6C617374 		.ascii	"lasttime\000"
 5190      74696D65 
 5190      00
 5191              	.LASF13:
 5192 0468 75696E74 		.ascii	"uint64_t\000"
 5192      36345F74 
 5192      00
 5193              	.LASF55:
 5194 0471 726C6973 		.ascii	"rlist\000"
 5194      7400
 5195              	.LASF89:
 5196 0477 71756575 		.ascii	"queue_dequeue\000"
 5196      655F6465 
 5196      71756575 
 5196      6500
 5197              	.LASF25:
 5198 0485 6E616D65 		.ascii	"name\000"
 5198      00
 5199              	.LASF101:
 5200 048a 43686962 		.ascii	"ChibiOS/os/rt/src/chschd.c\000"
 5200      694F532F 
 5200      6F732F72 
 5200      742F7372 
 5200      632F6368 
 5201              	.LASF81:
 5202 04a5 63685363 		.ascii	"chSchGoSleepS\000"
 5202      68476F53 
 5202      6C656570 
 5202      5300
 5203              	.LASF16:
ARM GAS  /tmp/cc1MtXAT.s 			page 96


 5204 04b3 74726566 		.ascii	"trefs_t\000"
 5204      735F7400 
 5205              	.LASF12:
 5206 04bb 6C6F6E67 		.ascii	"long unsigned int\000"
 5206      20756E73 
 5206      69676E65 
 5206      6420696E 
 5206      7400
 5207              	.LASF68:
 5208 04cd 63685654 		.ascii	"chVTDoSetI\000"
 5208      446F5365 
 5208      744900
 5209              	.LASF39:
 5210 04d8 72656164 		.ascii	"ready_list_t\000"
 5210      795F6C69 
 5210      73745F74 
 5210      00
 5211              	.LASF78:
 5212 04e5 63685363 		.ascii	"chSchGoSleepTimeoutS\000"
 5212      68476F53 
 5212      6C656570 
 5212      54696D65 
 5212      6F757453 
 5213              	.LASF21:
 5214 04fa 71756575 		.ascii	"queue\000"
 5214      6500
 5215              	.LASF8:
 5216 0500 696E7433 		.ascii	"int32_t\000"
 5216      325F7400 
 5217              	.LASF79:
 5218 0508 6E657773 		.ascii	"newstate\000"
 5218      74617465 
 5218      00
 5219              	.LASF23:
 5220 0511 6E657765 		.ascii	"newer\000"
 5220      7200
 5221              	.LASF95:
 5222 0517 71756575 		.ascii	"queue_init\000"
 5222      655F696E 
 5222      697400
 5223              	.LASF91:
 5224 0522 706F7274 		.ascii	"port_unlock_from_isr\000"
 5224      5F756E6C 
 5224      6F636B5F 
 5224      66726F6D 
 5224      5F697372 
 5225              	.LASF2:
 5226 0537 756E7369 		.ascii	"unsigned char\000"
 5226      676E6564 
 5226      20636861 
 5226      7200
 5227              	.LASF30:
 5228 0545 77616974 		.ascii	"waiting\000"
 5228      696E6700 
 5229              	.LASF47:
 5230 054d 76697274 		.ascii	"virtual_timers_list_t\000"
 5230      75616C5F 
ARM GAS  /tmp/cc1MtXAT.s 			page 97


 5230      74696D65 
 5230      72735F6C 
 5230      6973745F 
 5231              	.LASF76:
 5232 0563 63685363 		.ascii	"chSchWakeupS\000"
 5232      6857616B 
 5232      65757053 
 5232      00
 5233              	.LASF27:
 5234 0570 73746174 		.ascii	"state\000"
 5234      6500
 5235              	.LASF70:
 5236 0576 63685379 		.ascii	"chSysHalt\000"
 5236      7348616C 
 5236      7400
 5237              	.LASF72:
 5238 0580 63685363 		.ascii	"chSchDoRescheduleAhead\000"
 5238      68446F52 
 5238      65736368 
 5238      6564756C 
 5238      65416865 
 5239              	.LASF53:
 5240 0597 63685F73 		.ascii	"ch_system_t\000"
 5240      79737465 
 5240      6D5F7400 
 5241              	.LASF65:
 5242 05a3 77747472 		.ascii	"wttrp\000"
 5242      7000
 5243              	.LASF5:
 5244 05a9 7369676E 		.ascii	"signed char\000"
 5244      65642063 
 5244      68617200 
 5245              	.LASF45:
 5246 05b5 64656C74 		.ascii	"delta\000"
 5246      6100
 5247              	.LASF10:
 5248 05bb 73686F72 		.ascii	"short unsigned int\000"
 5248      7420756E 
 5248      7369676E 
 5248      65642069 
 5248      6E7400
 5249              	.LASF59:
 5250 05ce 73746B61 		.ascii	"stkalign_t\000"
 5250      6C69676E 
 5250      5F7400
 5251              	.LASF41:
 5252 05d9 63757272 		.ascii	"current\000"
 5252      656E7400 
 5253              	.LASF83:
 5254 05e1 5F5F6675 		.ascii	"__func__\000"
 5254      6E635F5F 
 5254      00
 5255              	.LASF93:
 5256 05ea 706F7274 		.ascii	"port_unlock\000"
 5256      5F756E6C 
 5256      6F636B00 
 5257              	.LASF24:
ARM GAS  /tmp/cc1MtXAT.s 			page 98


 5258 05f6 6F6C6465 		.ascii	"older\000"
 5258      7200
 5259              	.LASF63:
 5260 05fc 65786974 		.ascii	"exitcode\000"
 5260      636F6465 
 5260      00
 5261              	.LASF98:
 5262 0605 5F5F6765 		.ascii	"__get_PSP\000"
 5262      745F5053 
 5262      5000
 5263              		.ident	"GCC: (15:13.2.rel1-2) 13.2.1 20231009"
ARM GAS  /tmp/cc1MtXAT.s 			page 99


DEFINED SYMBOLS
                            *ABS*:00000000 chschd.c
     /tmp/cc1MtXAT.s:21     .text._scheduler_init:00000000 $t
     /tmp/cc1MtXAT.s:28     .text._scheduler_init:00000000 _scheduler_init
     /tmp/cc1MtXAT.s:68     .text._scheduler_init:00000010 $d
     /tmp/cc1MtXAT.s:1250   .bss.ch:00000000 ch
     /tmp/cc1MtXAT.s:73     .text.chSchReadyI:00000000 $t
     /tmp/cc1MtXAT.s:80     .text.chSchReadyI:00000000 chSchReadyI
     /tmp/cc1MtXAT.s:139    .text.chSchReadyI:00000020 $d
     /tmp/cc1MtXAT.s:144    .text.wakeup:00000000 $t
     /tmp/cc1MtXAT.s:150    .text.wakeup:00000000 wakeup
     /tmp/cc1MtXAT.s:344    .text.chSchReadyAheadI:00000000 $t
     /tmp/cc1MtXAT.s:351    .text.chSchReadyAheadI:00000000 chSchReadyAheadI
     /tmp/cc1MtXAT.s:410    .text.chSchReadyAheadI:00000020 $d
     /tmp/cc1MtXAT.s:415    .rodata.chSchGoSleepS.str1.4:00000000 $d
     /tmp/cc1MtXAT.s:419    .text.chSchGoSleepS:00000000 $t
     /tmp/cc1MtXAT.s:426    .text.chSchGoSleepS:00000000 chSchGoSleepS
     /tmp/cc1MtXAT.s:537    .text.chSchGoSleepS:0000003c $d
     /tmp/cc1MtXAT.s:544    .text.chSchGoSleepTimeoutS:00000000 $t
     /tmp/cc1MtXAT.s:551    .text.chSchGoSleepTimeoutS:00000000 chSchGoSleepTimeoutS
     /tmp/cc1MtXAT.s:630    .text.chSchGoSleepTimeoutS:00000038 $d
     /tmp/cc1MtXAT.s:636    .text.chSchWakeupS:00000000 $t
     /tmp/cc1MtXAT.s:643    .text.chSchWakeupS:00000000 chSchWakeupS
     /tmp/cc1MtXAT.s:765    .text.chSchWakeupS:00000048 $d
     /tmp/cc1MtXAT.s:772    .text.chSchIsPreemptionRequired:00000000 $t
     /tmp/cc1MtXAT.s:779    .text.chSchIsPreemptionRequired:00000000 chSchIsPreemptionRequired
     /tmp/cc1MtXAT.s:811    .text.chSchIsPreemptionRequired:00000014 $d
     /tmp/cc1MtXAT.s:816    .text.chSchDoRescheduleBehind:00000000 $t
     /tmp/cc1MtXAT.s:823    .text.chSchDoRescheduleBehind:00000000 chSchDoRescheduleBehind
     /tmp/cc1MtXAT.s:934    .text.chSchDoRescheduleBehind:0000003c $d
     /tmp/cc1MtXAT.s:941    .text.chSchDoRescheduleAhead:00000000 $t
     /tmp/cc1MtXAT.s:948    .text.chSchDoRescheduleAhead:00000000 chSchDoRescheduleAhead
     /tmp/cc1MtXAT.s:1059   .text.chSchDoRescheduleAhead:0000003c $d
     /tmp/cc1MtXAT.s:1066   .text.chSchRescheduleS:00000000 $t
     /tmp/cc1MtXAT.s:1073   .text.chSchRescheduleS:00000000 chSchRescheduleS
     /tmp/cc1MtXAT.s:1116   .text.chSchRescheduleS:00000018 $d
     /tmp/cc1MtXAT.s:1121   .text.chSchDoReschedule:00000000 $t
     /tmp/cc1MtXAT.s:1128   .text.chSchDoReschedule:00000000 chSchDoReschedule
     /tmp/cc1MtXAT.s:1239   .text.chSchDoReschedule:0000003c $d
     /tmp/cc1MtXAT.s:1247   .bss.ch:00000000 $d

UNDEFINED SYMBOLS
_port_switch
chSysHalt
chVTDoSetI
chVTDoResetI
