ARM GAS  /tmp/ccnze4xj.s 			page 1


   1              		.cpu cortex-m4
   2              		.arch armv7e-m
   3              		.fpu fpv4-sp-d16
   4              		.eabi_attribute 27, 1
   5              		.eabi_attribute 28, 1
   6              		.eabi_attribute 20, 1
   7              		.eabi_attribute 21, 1
   8              		.eabi_attribute 23, 3
   9              		.eabi_attribute 24, 1
  10              		.eabi_attribute 25, 1
  11              		.eabi_attribute 26, 1
  12              		.eabi_attribute 30, 1
  13              		.eabi_attribute 34, 1
  14              		.eabi_attribute 18, 4
  15              		.file	"chthreads.c"
  16              		.text
  17              	.Ltext0:
  18              		.cfi_sections	.debug_frame
  19              		.file 1 "ChibiOS/os/rt/src/chthreads.c"
  20              		.section	.text.chSchDoYieldS,"ax",%progbits
  21              		.align	1
  22              		.p2align 4,,15
  23              		.syntax unified
  24              		.thumb
  25              		.thumb_func
  26              		.type	chSchDoYieldS, %function
  27              	chSchDoYieldS:
  28              	.LFB162:
  29              		.file 2 "ChibiOS/os/rt/include/chschd.h"
  30              		.loc 2 687 40 view -0
  31              		.cfi_startproc
  32              		@ args = 0, pretend = 0, frame = 0
  33              		@ frame_needed = 0, uses_anonymous_args = 0
  34 0000 08B5     		push	{r3, lr}
  35              		.cfi_def_cfa_offset 8
  36              		.cfi_offset 3, -8
  37              		.cfi_offset 14, -4
  38              		.loc 2 689 21 view .LVU1
  39              		.loc 2 691 3 view .LVU2
  40              	.LBB222:
  41              	.LBI222:
  42              		.loc 2 673 20 view .LVU3
  43              	.LBB223:
  44              		.loc 2 675 21 view .LVU4
  45              		.loc 2 677 3 view .LVU5
  46              		.loc 2 677 10 is_stmt 0 view .LVU6
  47 0002 054B     		ldr	r3, .L5
  48 0004 1A68     		ldr	r2, [r3]
  49 0006 9268     		ldr	r2, [r2, #8]
  50              		.loc 2 677 40 view .LVU7
  51 0008 9B69     		ldr	r3, [r3, #24]
  52              		.loc 2 677 45 view .LVU8
  53 000a 9B68     		ldr	r3, [r3, #8]
  54              	.LBE223:
  55              	.LBE222:
  56              		.loc 2 691 6 discriminator 1 view .LVU9
  57 000c 9A42     		cmp	r2, r3
ARM GAS  /tmp/ccnze4xj.s 			page 2


  58 000e 00D2     		bcs	.L4
  59              	.L1:
  60              		.loc 2 694 1 view .LVU10
  61 0010 08BD     		pop	{r3, pc}
  62              	.L4:
  63              		.loc 2 692 5 is_stmt 1 view .LVU11
  64 0012 FFF7FEFF 		bl	chSchDoRescheduleBehind
  65              	.LVL0:
  66              		.loc 2 694 1 is_stmt 0 view .LVU12
  67 0016 FBE7     		b	.L1
  68              	.L6:
  69              		.align	2
  70              	.L5:
  71 0018 00000000 		.word	ch
  72              		.cfi_endproc
  73              	.LFE162:
  74              		.size	chSchDoYieldS, .-chSchDoYieldS
  75              		.section	.text._thread_init,"ax",%progbits
  76              		.align	1
  77              		.p2align 4,,15
  78              		.global	_thread_init
  79              		.syntax unified
  80              		.thumb
  81              		.thumb_func
  82              		.type	_thread_init, %function
  83              	_thread_init:
  84              	.LVL1:
  85              	.LFB202:
  86              		.loc 1 88 70 is_stmt 1 view -0
  87              		.cfi_startproc
  88              		@ args = 0, pretend = 0, frame = 0
  89              		@ frame_needed = 0, uses_anonymous_args = 0
  90              		@ link register save eliminated.
  91              		.loc 1 90 3 view .LVU14
  92              		.loc 1 90 17 is_stmt 0 view .LVU15
  93 0000 8260     		str	r2, [r0, #8]
  94              		.loc 1 91 3 is_stmt 1 view .LVU16
  95              		.loc 1 91 17 is_stmt 0 view .LVU17
  96 0002 0222     		movs	r2, #2
  97              	.LVL2:
  98              		.loc 1 91 17 view .LVU18
  99 0004 80F82020 		strb	r2, [r0, #32]
 100              		.loc 1 92 3 is_stmt 1 view .LVU19
 101              		.loc 1 92 17 is_stmt 0 view .LVU20
 102 0008 0022     		movs	r2, #0
 103 000a 80F82120 		strb	r2, [r0, #33]
 104              		.loc 1 107 3 is_stmt 1 view .LVU21
 105              		.loc 1 107 17 is_stmt 0 view .LVU22
 106 000e 0122     		movs	r2, #1
 107 0010 80F82220 		strb	r2, [r0, #34]
 108              		.loc 1 108 3 is_stmt 1 view .LVU23
 109              		.loc 1 108 17 is_stmt 0 view .LVU24
 110 0014 8161     		str	r1, [r0, #24]
 111              		.loc 1 109 3 is_stmt 1 view .LVU25
 112 0016 054A     		ldr	r2, .L8
 113 0018 0261     		str	r2, [r0, #16]
 114              		.loc 1 109 3 view .LVU26
ARM GAS  /tmp/ccnze4xj.s 			page 3


 115 001a 5169     		ldr	r1, [r2, #20]
 116              	.LVL3:
 117              		.loc 1 109 3 is_stmt 0 view .LVU27
 118 001c 4161     		str	r1, [r0, #20]
 119              		.loc 1 109 3 is_stmt 1 view .LVU28
 120 001e 0861     		str	r0, [r1, #16]
 121              	.LVL4:
 122              		.loc 1 109 3 view .LVU29
 123 0020 5061     		str	r0, [r2, #20]
 124              		.loc 1 109 17 view .LVU30
 125              		.loc 1 114 3 view .LVU31
 126 0022 00F12802 		add	r2, r0, #40
 127              	.LVL5:
 128              	.LBB224:
 129              	.LBI224:
 130              		.loc 2 510 20 view .LVU32
 131              	.LBB225:
 132              		.loc 2 512 3 view .LVU33
 133              		.loc 2 512 13 is_stmt 0 view .LVU34
 134 0026 8262     		str	r2, [r0, #40]
 135              	.LVL6:
 136              		.loc 2 512 13 view .LVU35
 137              	.LBE225:
 138              	.LBE224:
 139              		.loc 1 122 3 is_stmt 1 view .LVU36
 140              		.loc 1 122 30 view .LVU37
 141              		.loc 1 123 3 view .LVU38
 142              		.loc 1 124 1 is_stmt 0 view .LVU39
 143 0028 7047     		bx	lr
 144              	.L9:
 145 002a 00BF     		.align	2
 146              	.L8:
 147 002c 00000000 		.word	ch
 148              		.cfi_endproc
 149              	.LFE202:
 150              		.size	_thread_init, .-_thread_init
 151              		.section	.text._thread_memfill,"ax",%progbits
 152              		.align	1
 153              		.p2align 4,,15
 154              		.global	_thread_memfill
 155              		.syntax unified
 156              		.thumb
 157              		.thumb_func
 158              		.type	_thread_memfill, %function
 159              	_thread_memfill:
 160              	.LVL7:
 161              	.LFB203:
 162              		.loc 1 136 65 is_stmt 1 view -0
 163              		.cfi_startproc
 164              		@ args = 0, pretend = 0, frame = 0
 165              		@ frame_needed = 0, uses_anonymous_args = 0
 166              		@ link register save eliminated.
 167              		.loc 1 138 3 view .LVU41
 168              		.loc 1 138 9 is_stmt 0 view .LVU42
 169 0000 01E0     		b	.L11
 170              	.L12:
 171              		.loc 1 139 5 is_stmt 1 view .LVU43
ARM GAS  /tmp/ccnze4xj.s 			page 4


 172              	.LVL8:
 173              		.loc 1 139 15 is_stmt 0 view .LVU44
 174 0002 00F8012B 		strb	r2, [r0], #1
 175              	.LVL9:
 176              	.L11:
 177              		.loc 1 138 17 is_stmt 1 view .LVU45
 178 0006 8842     		cmp	r0, r1
 179 0008 FBD3     		bcc	.L12
 180              		.loc 1 141 1 is_stmt 0 view .LVU46
 181 000a 7047     		bx	lr
 182              		.cfi_endproc
 183              	.LFE203:
 184              		.size	_thread_memfill, .-_thread_memfill
 185              		.section	.text.chThdCreateSuspendedI,"ax",%progbits
 186              		.align	1
 187              		.p2align 4,,15
 188              		.global	chThdCreateSuspendedI
 189              		.syntax unified
 190              		.thumb
 191              		.thumb_func
 192              		.type	chThdCreateSuspendedI, %function
 193              	chThdCreateSuspendedI:
 194              	.LVL10:
 195              	.LFB204:
 196              		.loc 1 167 65 is_stmt 1 view -0
 197              		.cfi_startproc
 198              		@ args = 0, pretend = 0, frame = 0
 199              		@ frame_needed = 0, uses_anonymous_args = 0
 200              		.loc 1 167 65 is_stmt 0 view .LVU48
 201 0000 08B5     		push	{r3, lr}
 202              		.cfi_def_cfa_offset 8
 203              		.cfi_offset 3, -8
 204              		.cfi_offset 14, -4
 205              		.loc 1 168 3 is_stmt 1 view .LVU49
 206              		.loc 1 170 21 view .LVU50
 207              		.loc 1 171 3 view .LVU51
 208              		.loc 1 171 3 view .LVU52
 209              		.loc 1 171 3 discriminator 5 view .LVU53
 210              		.loc 1 172 3 view .LVU54
 211              		.loc 1 172 3 view .LVU55
 212              		.loc 1 172 3 discriminator 11 view .LVU56
 213              		.loc 1 176 3 view .LVU57
 214              		.loc 1 176 3 view .LVU58
 215              		.loc 1 176 3 discriminator 7 view .LVU59
 216              		.loc 1 181 3 view .LVU60
 217              		.loc 1 181 35 is_stmt 0 view .LVU61
 218 0002 8368     		ldr	r3, [r0, #8]
 219              	.LVL11:
 220              		.loc 1 186 3 is_stmt 1 view .LVU62
 221              		.loc 1 186 19 is_stmt 0 view .LVU63
 222 0004 4268     		ldr	r2, [r0, #4]
 223              		.loc 1 186 14 view .LVU64
 224 0006 43F8142C 		str	r2, [r3, #-20]
 225              		.loc 1 190 3 is_stmt 1 view .LVU65
 226 000a A3F19402 		sub	r2, r3, #148
 227 000e 43F8242C 		str	r2, [r3, #-36]
 228              		.loc 1 190 3 view .LVU66
ARM GAS  /tmp/ccnze4xj.s 			page 5


 229 0012 0169     		ldr	r1, [r0, #16]
 230 0014 43F8541C 		str	r1, [r3, #-84]
 231              		.loc 1 190 3 view .LVU67
 232 0018 4169     		ldr	r1, [r0, #20]
 233 001a 43F8501C 		str	r1, [r3, #-80]
 234              		.loc 1 190 3 view .LVU68
 235 001e 0549     		ldr	r1, .L15
 236 0020 43F8341C 		str	r1, [r3, #-52]
 237              		.loc 1 190 63 view .LVU69
 238              		.loc 1 193 3 view .LVU70
 239              		.loc 1 193 10 is_stmt 0 view .LVU71
 240 0024 C268     		ldr	r2, [r0, #12]
 241 0026 0168     		ldr	r1, [r0]
 242 0028 A3F13000 		sub	r0, r3, #48
 243              	.LVL12:
 244              		.loc 1 193 10 view .LVU72
 245 002c FFF7FEFF 		bl	_thread_init
 246              	.LVL13:
 247              		.loc 1 194 1 view .LVU73
 248 0030 08BD     		pop	{r3, pc}
 249              	.L16:
 250 0032 00BF     		.align	2
 251              	.L15:
 252 0034 00000000 		.word	_port_thread_start
 253              		.cfi_endproc
 254              	.LFE204:
 255              		.size	chThdCreateSuspendedI, .-chThdCreateSuspendedI
 256              		.section	.text.chThdCreateSuspended,"ax",%progbits
 257              		.align	1
 258              		.p2align 4,,15
 259              		.global	chThdCreateSuspended
 260              		.syntax unified
 261              		.thumb
 262              		.thumb_func
 263              		.type	chThdCreateSuspended, %function
 264              	chThdCreateSuspended:
 265              	.LVL14:
 266              	.LFB205:
 267              		.loc 1 217 64 is_stmt 1 view -0
 268              		.cfi_startproc
 269              		@ args = 0, pretend = 0, frame = 0
 270              		@ frame_needed = 0, uses_anonymous_args = 0
 271              		.loc 1 217 64 is_stmt 0 view .LVU75
 272 0000 10B5     		push	{r4, lr}
 273              		.cfi_def_cfa_offset 8
 274              		.cfi_offset 4, -8
 275              		.cfi_offset 14, -4
 276 0002 0446     		mov	r4, r0
 277              		.loc 1 218 3 is_stmt 1 view .LVU76
 278              		.loc 1 221 3 view .LVU77
 279              		.loc 1 221 3 view .LVU78
 280              		.loc 1 221 3 discriminator 5 view .LVU79
 281              		.loc 1 226 3 view .LVU80
 282 0004 5522     		movs	r2, #85
 283 0006 8168     		ldr	r1, [r0, #8]
 284 0008 4068     		ldr	r0, [r0, #4]
 285              	.LVL15:
ARM GAS  /tmp/ccnze4xj.s 			page 6


 286              		.loc 1 226 3 is_stmt 0 view .LVU81
 287 000a FFF7FEFF 		bl	_thread_memfill
 288              	.LVL16:
 289              		.loc 1 231 3 is_stmt 1 view .LVU82
 290              	.LBB226:
 291              	.LBI226:
 292              		.file 3 "ChibiOS/os/rt/include/chsys.h"
 293              		.loc 3 374 20 view .LVU83
 294              		.loc 3 376 3 view .LVU84
 295              	.LBB227:
 296              	.LBI227:
 297              		.file 4 "ChibiOS/os/common/ports/ARMCMx/chcore_v7m.h"
 298              		.loc 4 604 20 view .LVU85
 299              		.loc 4 612 3 view .LVU86
 300              	.LBB228:
 301              	.LBI228:
 302              		.file 5 "ChibiOS/os/common/ext/CMSIS/include/core_cmFunc.h"
 303              		.loc 5 546 57 view .LVU87
 304              	.LBB229:
 305              		.loc 5 548 3 view .LVU88
 306 000e 2023     		movs	r3, #32
 307              		.syntax unified
 308              	@ 548 "ChibiOS/os/common/ext/CMSIS/include/core_cmFunc.h" 1
 309 0010 83F31188 		MSR basepri, r3
 310              	@ 0 "" 2
 311              	.LVL17:
 312              		.loc 5 548 3 is_stmt 0 view .LVU89
 313              		.thumb
 314              		.syntax unified
 315              	.LBE229:
 316              	.LBE228:
 317              	.LBE227:
 318              		.loc 3 377 34 is_stmt 1 view .LVU90
 319              		.loc 3 378 20 view .LVU91
 320              	.LBE226:
 321              		.loc 1 232 3 view .LVU92
 322              		.loc 1 232 8 is_stmt 0 view .LVU93
 323 0014 2046     		mov	r0, r4
 324 0016 FFF7FEFF 		bl	chThdCreateSuspendedI
 325              	.LVL18:
 326              		.loc 1 233 3 is_stmt 1 view .LVU94
 327              	.LBB230:
 328              	.LBI230:
 329              		.loc 3 386 20 view .LVU95
 330              	.LBB231:
 331              		.loc 3 388 22 view .LVU96
 332              		.loc 3 389 33 view .LVU97
 333              		.loc 3 395 3 view .LVU98
 334              		.loc 3 395 3 view .LVU99
 335              		.loc 3 395 3 discriminator 7 view .LVU100
 336              		.loc 3 399 3 view .LVU101
 337              	.LBB232:
 338              	.LBI232:
 339              		.loc 4 628 20 view .LVU102
 340              		.loc 4 631 3 view .LVU103
 341              	.LBB233:
 342              	.LBI233:
ARM GAS  /tmp/ccnze4xj.s 			page 7


 343              		.loc 5 546 57 view .LVU104
 344              	.LBB234:
 345              		.loc 5 548 3 view .LVU105
 346 001a 0023     		movs	r3, #0
 347              		.syntax unified
 348              	@ 548 "ChibiOS/os/common/ext/CMSIS/include/core_cmFunc.h" 1
 349 001c 83F31188 		MSR basepri, r3
 350              	@ 0 "" 2
 351              	.LVL19:
 352              		.loc 5 548 3 is_stmt 0 view .LVU106
 353              		.thumb
 354              		.syntax unified
 355              	.LBE234:
 356              	.LBE233:
 357              	.LBE232:
 358              	.LBE231:
 359              	.LBE230:
 360              		.loc 1 235 3 is_stmt 1 view .LVU107
 361              		.loc 1 236 1 is_stmt 0 view .LVU108
 362 0020 10BD     		pop	{r4, pc}
 363              		.loc 1 236 1 view .LVU109
 364              		.cfi_endproc
 365              	.LFE205:
 366              		.size	chThdCreateSuspended, .-chThdCreateSuspended
 367 0022 00BF     		.section	.text.chThdCreateI,"ax",%progbits
 368              		.align	1
 369              		.p2align 4,,15
 370              		.global	chThdCreateI
 371              		.syntax unified
 372              		.thumb
 373              		.thumb_func
 374              		.type	chThdCreateI, %function
 375              	chThdCreateI:
 376              	.LVL20:
 377              	.LFB206:
 378              		.loc 1 260 56 is_stmt 1 view -0
 379              		.cfi_startproc
 380              		@ args = 0, pretend = 0, frame = 0
 381              		@ frame_needed = 0, uses_anonymous_args = 0
 382              		.loc 1 260 56 is_stmt 0 view .LVU111
 383 0000 08B5     		push	{r3, lr}
 384              		.cfi_def_cfa_offset 8
 385              		.cfi_offset 3, -8
 386              		.cfi_offset 14, -4
 387              		.loc 1 262 3 is_stmt 1 view .LVU112
 388              		.loc 1 262 10 is_stmt 0 view .LVU113
 389 0002 FFF7FEFF 		bl	chThdCreateSuspendedI
 390              	.LVL21:
 391              		.loc 1 262 10 discriminator 1 view .LVU114
 392 0006 FFF7FEFF 		bl	chSchReadyI
 393              	.LVL22:
 394              		.loc 1 263 1 view .LVU115
 395 000a 08BD     		pop	{r3, pc}
 396              		.cfi_endproc
 397              	.LFE206:
 398              		.size	chThdCreateI, .-chThdCreateI
 399              		.section	.text.chThdCreate,"ax",%progbits
ARM GAS  /tmp/ccnze4xj.s 			page 8


 400              		.align	1
 401              		.p2align 4,,15
 402              		.global	chThdCreate
 403              		.syntax unified
 404              		.thumb
 405              		.thumb_func
 406              		.type	chThdCreate, %function
 407              	chThdCreate:
 408              	.LVL23:
 409              	.LFB207:
 410              		.loc 1 281 55 is_stmt 1 view -0
 411              		.cfi_startproc
 412              		@ args = 0, pretend = 0, frame = 0
 413              		@ frame_needed = 0, uses_anonymous_args = 0
 414              		.loc 1 281 55 is_stmt 0 view .LVU117
 415 0000 10B5     		push	{r4, lr}
 416              		.cfi_def_cfa_offset 8
 417              		.cfi_offset 4, -8
 418              		.cfi_offset 14, -4
 419 0002 0446     		mov	r4, r0
 420              		.loc 1 282 3 is_stmt 1 view .LVU118
 421              		.loc 1 285 3 view .LVU119
 422              		.loc 1 285 3 view .LVU120
 423              		.loc 1 285 3 discriminator 5 view .LVU121
 424              		.loc 1 290 3 view .LVU122
 425 0004 5522     		movs	r2, #85
 426 0006 8168     		ldr	r1, [r0, #8]
 427 0008 4068     		ldr	r0, [r0, #4]
 428              	.LVL24:
 429              		.loc 1 290 3 is_stmt 0 view .LVU123
 430 000a FFF7FEFF 		bl	_thread_memfill
 431              	.LVL25:
 432              		.loc 1 295 3 is_stmt 1 view .LVU124
 433              	.LBB235:
 434              	.LBI235:
 435              		.loc 3 374 20 view .LVU125
 436              		.loc 3 376 3 view .LVU126
 437              	.LBB236:
 438              	.LBI236:
 439              		.loc 4 604 20 view .LVU127
 440              		.loc 4 612 3 view .LVU128
 441              	.LBB237:
 442              	.LBI237:
 443              		.loc 5 546 57 view .LVU129
 444              	.LBB238:
 445              		.loc 5 548 3 view .LVU130
 446 000e 2023     		movs	r3, #32
 447              		.syntax unified
 448              	@ 548 "ChibiOS/os/common/ext/CMSIS/include/core_cmFunc.h" 1
 449 0010 83F31188 		MSR basepri, r3
 450              	@ 0 "" 2
 451              	.LVL26:
 452              		.loc 5 548 3 is_stmt 0 view .LVU131
 453              		.thumb
 454              		.syntax unified
 455              	.LBE238:
 456              	.LBE237:
ARM GAS  /tmp/ccnze4xj.s 			page 9


 457              	.LBE236:
 458              		.loc 3 377 34 is_stmt 1 view .LVU132
 459              		.loc 3 378 20 view .LVU133
 460              	.LBE235:
 461              		.loc 1 296 3 view .LVU134
 462              		.loc 1 296 8 is_stmt 0 view .LVU135
 463 0014 2046     		mov	r0, r4
 464 0016 FFF7FEFF 		bl	chThdCreateSuspendedI
 465              	.LVL27:
 466 001a 0446     		mov	r4, r0
 467              	.LVL28:
 468              		.loc 1 297 3 is_stmt 1 view .LVU136
 469 001c 0021     		movs	r1, #0
 470 001e FFF7FEFF 		bl	chSchWakeupS
 471              	.LVL29:
 472              		.loc 1 298 3 view .LVU137
 473              	.LBB239:
 474              	.LBI239:
 475              		.loc 3 386 20 view .LVU138
 476              	.LBB240:
 477              		.loc 3 388 22 view .LVU139
 478              		.loc 3 389 33 view .LVU140
 479              		.loc 3 395 3 view .LVU141
 480              		.loc 3 395 3 view .LVU142
 481              		.loc 3 395 3 discriminator 7 view .LVU143
 482              		.loc 3 399 3 view .LVU144
 483              	.LBB241:
 484              	.LBI241:
 485              		.loc 4 628 20 view .LVU145
 486              		.loc 4 631 3 view .LVU146
 487              	.LBB242:
 488              	.LBI242:
 489              		.loc 5 546 57 view .LVU147
 490              	.LBB243:
 491              		.loc 5 548 3 view .LVU148
 492 0022 0023     		movs	r3, #0
 493              		.syntax unified
 494              	@ 548 "ChibiOS/os/common/ext/CMSIS/include/core_cmFunc.h" 1
 495 0024 83F31188 		MSR basepri, r3
 496              	@ 0 "" 2
 497              	.LVL30:
 498              		.loc 5 548 3 is_stmt 0 view .LVU149
 499              		.thumb
 500              		.syntax unified
 501              	.LBE243:
 502              	.LBE242:
 503              	.LBE241:
 504              	.LBE240:
 505              	.LBE239:
 506              		.loc 1 300 3 is_stmt 1 view .LVU150
 507              		.loc 1 301 1 is_stmt 0 view .LVU151
 508 0028 2046     		mov	r0, r4
 509 002a 10BD     		pop	{r4, pc}
 510              		.loc 1 301 1 view .LVU152
 511              		.cfi_endproc
 512              	.LFE207:
 513              		.size	chThdCreate, .-chThdCreate
ARM GAS  /tmp/ccnze4xj.s 			page 10


 514              		.section	.rodata.chThdCreateStatic.str1.4,"aMS",%progbits,1
 515              		.align	2
 516              	.LC0:
 517 0000 6E6F6E61 		.ascii	"noname\000"
 517      6D6500
 518              		.section	.text.chThdCreateStatic,"ax",%progbits
 519              		.align	1
 520              		.p2align 4,,15
 521              		.global	chThdCreateStatic
 522              		.syntax unified
 523              		.thumb
 524              		.thumb_func
 525              		.type	chThdCreateStatic, %function
 526              	chThdCreateStatic:
 527              	.LVL31:
 528              	.LFB208:
 529              		.loc 1 324 66 is_stmt 1 view -0
 530              		.cfi_startproc
 531              		@ args = 4, pretend = 0, frame = 0
 532              		@ frame_needed = 0, uses_anonymous_args = 0
 533              		.loc 1 324 66 is_stmt 0 view .LVU154
 534 0000 F8B5     		push	{r3, r4, r5, r6, r7, lr}
 535              		.cfi_def_cfa_offset 24
 536              		.cfi_offset 3, -24
 537              		.cfi_offset 4, -20
 538              		.cfi_offset 5, -16
 539              		.cfi_offset 6, -12
 540              		.cfi_offset 7, -8
 541              		.cfi_offset 14, -4
 542 0002 0546     		mov	r5, r0
 543 0004 0C46     		mov	r4, r1
 544 0006 1646     		mov	r6, r2
 545 0008 1F46     		mov	r7, r3
 546              		.loc 1 325 3 is_stmt 1 view .LVU155
 547              		.loc 1 327 3 view .LVU156
 548              		.loc 1 327 3 view .LVU157
 549              		.loc 1 327 3 discriminator 15 view .LVU158
 550              		.loc 1 334 3 view .LVU159
 551              		.loc 1 334 3 view .LVU160
 552              		.loc 1 334 3 discriminator 5 view .LVU161
 553              		.loc 1 339 3 view .LVU162
 554 000a 5522     		movs	r2, #85
 555              	.LVL32:
 556              		.loc 1 339 3 is_stmt 0 view .LVU163
 557 000c 4118     		adds	r1, r0, r1
 558              	.LVL33:
 559              		.loc 1 339 3 view .LVU164
 560 000e FFF7FEFF 		bl	_thread_memfill
 561              	.LVL34:
 562              		.loc 1 344 3 is_stmt 1 view .LVU165
 563              	.LBB244:
 564              	.LBI244:
 565              		.loc 3 374 20 view .LVU166
 566              		.loc 3 376 3 view .LVU167
 567              	.LBB245:
 568              	.LBI245:
 569              		.loc 4 604 20 view .LVU168
ARM GAS  /tmp/ccnze4xj.s 			page 11


 570              		.loc 4 612 3 view .LVU169
 571              	.LBB246:
 572              	.LBI246:
 573              		.loc 5 546 57 view .LVU170
 574              	.LBB247:
 575              		.loc 5 548 3 view .LVU171
 576 0012 2023     		movs	r3, #32
 577              		.syntax unified
 578              	@ 548 "ChibiOS/os/common/ext/CMSIS/include/core_cmFunc.h" 1
 579 0014 83F31188 		MSR basepri, r3
 580              	@ 0 "" 2
 581              	.LVL35:
 582              		.loc 5 548 3 is_stmt 0 view .LVU172
 583              		.thumb
 584              		.syntax unified
 585              	.LBE247:
 586              	.LBE246:
 587              	.LBE245:
 588              		.loc 3 377 34 is_stmt 1 view .LVU173
 589              		.loc 3 378 20 view .LVU174
 590              	.LBE244:
 591              		.loc 1 349 3 view .LVU175
 592              		.loc 1 349 43 is_stmt 0 view .LVU176
 593 0018 303C     		subs	r4, r4, #48
 594              	.LVL36:
 595              		.loc 1 349 6 view .LVU177
 596 001a 2819     		adds	r0, r5, r4
 597              	.LVL37:
 598              		.loc 1 354 3 is_stmt 1 view .LVU178
 599              		.loc 1 354 14 is_stmt 0 view .LVU179
 600 001c C561     		str	r5, [r0, #28]
 601              		.loc 1 358 3 is_stmt 1 view .LVU180
 602 001e A0F16401 		sub	r1, r0, #100
 603 0022 C160     		str	r1, [r0, #12]
 604              		.loc 1 358 3 view .LVU181
 605 0024 40F8247C 		str	r7, [r0, #-36]
 606              		.loc 1 358 3 view .LVU182
 607 0028 069B     		ldr	r3, [sp, #24]
 608 002a 40F8203C 		str	r3, [r0, #-32]
 609              		.loc 1 358 3 view .LVU183
 610 002e 084B     		ldr	r3, .L25
 611 0030 40F8043C 		str	r3, [r0, #-4]
 612              		.loc 1 358 43 view .LVU184
 613              		.loc 1 360 3 view .LVU185
 614              		.loc 1 360 8 is_stmt 0 view .LVU186
 615 0034 3246     		mov	r2, r6
 616 0036 0749     		ldr	r1, .L25+4
 617 0038 FFF7FEFF 		bl	_thread_init
 618              	.LVL38:
 619              		.loc 1 360 8 view .LVU187
 620 003c 0446     		mov	r4, r0
 621              	.LVL39:
 622              		.loc 1 363 3 is_stmt 1 view .LVU188
 623 003e 0021     		movs	r1, #0
 624 0040 FFF7FEFF 		bl	chSchWakeupS
 625              	.LVL40:
 626              		.loc 1 364 3 view .LVU189
ARM GAS  /tmp/ccnze4xj.s 			page 12


 627              	.LBB248:
 628              	.LBI248:
 629              		.loc 3 386 20 view .LVU190
 630              	.LBB249:
 631              		.loc 3 388 22 view .LVU191
 632              		.loc 3 389 33 view .LVU192
 633              		.loc 3 395 3 view .LVU193
 634              		.loc 3 395 3 view .LVU194
 635              		.loc 3 395 3 discriminator 7 view .LVU195
 636              		.loc 3 399 3 view .LVU196
 637              	.LBB250:
 638              	.LBI250:
 639              		.loc 4 628 20 view .LVU197
 640              		.loc 4 631 3 view .LVU198
 641              	.LBB251:
 642              	.LBI251:
 643              		.loc 5 546 57 view .LVU199
 644              	.LBB252:
 645              		.loc 5 548 3 view .LVU200
 646 0044 0023     		movs	r3, #0
 647              		.syntax unified
 648              	@ 548 "ChibiOS/os/common/ext/CMSIS/include/core_cmFunc.h" 1
 649 0046 83F31188 		MSR basepri, r3
 650              	@ 0 "" 2
 651              	.LVL41:
 652              		.loc 5 548 3 is_stmt 0 view .LVU201
 653              		.thumb
 654              		.syntax unified
 655              	.LBE252:
 656              	.LBE251:
 657              	.LBE250:
 658              	.LBE249:
 659              	.LBE248:
 660              		.loc 1 366 3 is_stmt 1 view .LVU202
 661              		.loc 1 367 1 is_stmt 0 view .LVU203
 662 004a 2046     		mov	r0, r4
 663 004c F8BD     		pop	{r3, r4, r5, r6, r7, pc}
 664              	.LVL42:
 665              	.L26:
 666              		.loc 1 367 1 view .LVU204
 667 004e 00BF     		.align	2
 668              	.L25:
 669 0050 00000000 		.word	_port_thread_start
 670 0054 00000000 		.word	.LC0
 671              		.cfi_endproc
 672              	.LFE208:
 673              		.size	chThdCreateStatic, .-chThdCreateStatic
 674              		.section	.text.chThdStart,"ax",%progbits
 675              		.align	1
 676              		.p2align 4,,15
 677              		.global	chThdStart
 678              		.syntax unified
 679              		.thumb
 680              		.thumb_func
 681              		.type	chThdStart, %function
 682              	chThdStart:
 683              	.LVL43:
ARM GAS  /tmp/ccnze4xj.s 			page 13


 684              	.LFB209:
 685              		.loc 1 378 36 is_stmt 1 view -0
 686              		.cfi_startproc
 687              		@ args = 0, pretend = 0, frame = 0
 688              		@ frame_needed = 0, uses_anonymous_args = 0
 689              		.loc 1 378 36 is_stmt 0 view .LVU206
 690 0000 08B5     		push	{r3, lr}
 691              		.cfi_def_cfa_offset 8
 692              		.cfi_offset 3, -8
 693              		.cfi_offset 14, -4
 694              		.loc 1 380 3 is_stmt 1 view .LVU207
 695              	.LBB253:
 696              	.LBI253:
 697              		.loc 3 374 20 view .LVU208
 698              		.loc 3 376 3 view .LVU209
 699              	.LBB254:
 700              	.LBI254:
 701              		.loc 4 604 20 view .LVU210
 702              		.loc 4 612 3 view .LVU211
 703              	.LVL44:
 704              	.LBB255:
 705              	.LBI255:
 706              		.loc 5 546 57 view .LVU212
 707              	.LBB256:
 708              		.loc 5 548 3 view .LVU213
 709 0002 2023     		movs	r3, #32
 710              		.syntax unified
 711              	@ 548 "ChibiOS/os/common/ext/CMSIS/include/core_cmFunc.h" 1
 712 0004 83F31188 		MSR basepri, r3
 713              	@ 0 "" 2
 714              	.LVL45:
 715              		.loc 5 548 3 is_stmt 0 view .LVU214
 716              		.thumb
 717              		.syntax unified
 718              	.LBE256:
 719              	.LBE255:
 720              	.LBE254:
 721              		.loc 3 377 34 is_stmt 1 view .LVU215
 722              		.loc 3 378 20 view .LVU216
 723              	.LBE253:
 724              		.loc 1 381 3 view .LVU217
 725              	.LBB257:
 726              	.LBI257:
 727              		.file 6 "ChibiOS/os/rt/include/chthreads.h"
 728              		.loc 6 362 25 view .LVU218
 729              	.LBB258:
 730              		.loc 6 364 3 view .LVU219
 731              		.loc 6 364 3 view .LVU220
 732              		.loc 6 364 3 discriminator 5 view .LVU221
 733              		.loc 6 366 3 view .LVU222
 734              		.loc 6 366 10 is_stmt 0 view .LVU223
 735 0008 FFF7FEFF 		bl	chSchReadyI
 736              	.LVL46:
 737              		.loc 6 366 10 view .LVU224
 738              	.LBE258:
 739              	.LBE257:
 740              		.loc 1 382 3 is_stmt 1 view .LVU225
ARM GAS  /tmp/ccnze4xj.s 			page 14


 741              	.LBB259:
 742              	.LBI259:
 743              		.loc 3 386 20 view .LVU226
 744              	.LBB260:
 745              		.loc 3 388 22 view .LVU227
 746              		.loc 3 389 33 view .LVU228
 747              		.loc 3 395 3 view .LVU229
 748              		.loc 3 395 3 view .LVU230
 749              		.loc 3 395 3 discriminator 7 view .LVU231
 750              		.loc 3 399 3 view .LVU232
 751              	.LBB261:
 752              	.LBI261:
 753              		.loc 4 628 20 view .LVU233
 754              		.loc 4 631 3 view .LVU234
 755              	.LBB262:
 756              	.LBI262:
 757              		.loc 5 546 57 view .LVU235
 758              	.LBB263:
 759              		.loc 5 548 3 view .LVU236
 760 000c 0023     		movs	r3, #0
 761              		.syntax unified
 762              	@ 548 "ChibiOS/os/common/ext/CMSIS/include/core_cmFunc.h" 1
 763 000e 83F31188 		MSR basepri, r3
 764              	@ 0 "" 2
 765              	.LVL47:
 766              		.loc 5 548 3 is_stmt 0 view .LVU237
 767              		.thumb
 768              		.syntax unified
 769              	.LBE263:
 770              	.LBE262:
 771              	.LBE261:
 772              	.LBE260:
 773              	.LBE259:
 774              		.loc 1 384 3 is_stmt 1 view .LVU238
 775              		.loc 1 385 1 is_stmt 0 view .LVU239
 776 0012 08BD     		pop	{r3, pc}
 777              		.cfi_endproc
 778              	.LFE209:
 779              		.size	chThdStart, .-chThdStart
 780              		.section	.text.chThdAddRef,"ax",%progbits
 781              		.align	1
 782              		.p2align 4,,15
 783              		.global	chThdAddRef
 784              		.syntax unified
 785              		.thumb
 786              		.thumb_func
 787              		.type	chThdAddRef, %function
 788              	chThdAddRef:
 789              	.LVL48:
 790              	.LFB210:
 791              		.loc 1 399 37 is_stmt 1 view -0
 792              		.cfi_startproc
 793              		@ args = 0, pretend = 0, frame = 0
 794              		@ frame_needed = 0, uses_anonymous_args = 0
 795              		@ link register save eliminated.
 796              		.loc 1 401 3 view .LVU241
 797              	.LBB264:
ARM GAS  /tmp/ccnze4xj.s 			page 15


 798              	.LBI264:
 799              		.loc 3 374 20 view .LVU242
 800              		.loc 3 376 3 view .LVU243
 801              	.LBB265:
 802              	.LBI265:
 803              		.loc 4 604 20 view .LVU244
 804              		.loc 4 612 3 view .LVU245
 805              	.LBB266:
 806              	.LBI266:
 807              		.loc 5 546 57 view .LVU246
 808              	.LBB267:
 809              		.loc 5 548 3 view .LVU247
 810 0000 2022     		movs	r2, #32
 811              		.syntax unified
 812              	@ 548 "ChibiOS/os/common/ext/CMSIS/include/core_cmFunc.h" 1
 813 0002 82F31188 		MSR basepri, r2
 814              	@ 0 "" 2
 815              	.LVL49:
 816              		.loc 5 548 3 is_stmt 0 view .LVU248
 817              		.thumb
 818              		.syntax unified
 819              	.LBE267:
 820              	.LBE266:
 821              	.LBE265:
 822              		.loc 3 377 34 is_stmt 1 view .LVU249
 823              		.loc 3 378 20 view .LVU250
 824              	.LBE264:
 825              		.loc 1 402 3 view .LVU251
 826              		.loc 1 402 3 view .LVU252
 827              		.loc 1 402 3 discriminator 5 view .LVU253
 828              		.loc 1 403 3 view .LVU254
 829              		.loc 1 403 5 is_stmt 0 view .LVU255
 830 0006 90F82220 		ldrb	r2, [r0, #34]	@ zero_extendqisi2
 831              		.loc 1 403 11 view .LVU256
 832 000a 0132     		adds	r2, r2, #1
 833 000c 80F82220 		strb	r2, [r0, #34]
 834              		.loc 1 404 3 is_stmt 1 view .LVU257
 835              	.LBB268:
 836              	.LBI268:
 837              		.loc 3 386 20 view .LVU258
 838              	.LBB269:
 839              		.loc 3 388 22 view .LVU259
 840              		.loc 3 389 33 view .LVU260
 841              		.loc 3 395 3 view .LVU261
 842              		.loc 3 395 3 view .LVU262
 843              		.loc 3 395 3 discriminator 7 view .LVU263
 844              		.loc 3 399 3 view .LVU264
 845              	.LBB270:
 846              	.LBI270:
 847              		.loc 4 628 20 view .LVU265
 848              		.loc 4 631 3 view .LVU266
 849              	.LVL50:
 850              	.LBB271:
 851              	.LBI271:
 852              		.loc 5 546 57 view .LVU267
 853              	.LBB272:
 854              		.loc 5 548 3 view .LVU268
ARM GAS  /tmp/ccnze4xj.s 			page 16


 855 0010 0023     		movs	r3, #0
 856              		.syntax unified
 857              	@ 548 "ChibiOS/os/common/ext/CMSIS/include/core_cmFunc.h" 1
 858 0012 83F31188 		MSR basepri, r3
 859              	@ 0 "" 2
 860              	.LVL51:
 861              		.loc 5 548 3 is_stmt 0 view .LVU269
 862              		.thumb
 863              		.syntax unified
 864              	.LBE272:
 865              	.LBE271:
 866              	.LBE270:
 867              	.LBE269:
 868              	.LBE268:
 869              		.loc 1 406 3 is_stmt 1 view .LVU270
 870              		.loc 1 407 1 is_stmt 0 view .LVU271
 871 0016 7047     		bx	lr
 872              		.cfi_endproc
 873              	.LFE210:
 874              		.size	chThdAddRef, .-chThdAddRef
 875              		.section	.text.chThdRelease,"ax",%progbits
 876              		.align	1
 877              		.p2align 4,,15
 878              		.global	chThdRelease
 879              		.syntax unified
 880              		.thumb
 881              		.thumb_func
 882              		.type	chThdRelease, %function
 883              	chThdRelease:
 884              	.LVL52:
 885              	.LFB211:
 886              		.loc 1 425 33 is_stmt 1 view -0
 887              		.cfi_startproc
 888              		@ args = 0, pretend = 0, frame = 0
 889              		@ frame_needed = 0, uses_anonymous_args = 0
 890              		@ link register save eliminated.
 891              		.loc 1 427 3 view .LVU273
 892              	.LBB273:
 893              	.LBI273:
 894              		.loc 3 374 20 view .LVU274
 895              		.loc 3 376 3 view .LVU275
 896              	.LBB274:
 897              	.LBI274:
 898              		.loc 4 604 20 view .LVU276
 899              		.loc 4 612 3 view .LVU277
 900              	.LBB275:
 901              	.LBI275:
 902              		.loc 5 546 57 view .LVU278
 903              	.LBB276:
 904              		.loc 5 548 3 view .LVU279
 905 0000 2023     		movs	r3, #32
 906              		.syntax unified
 907              	@ 548 "ChibiOS/os/common/ext/CMSIS/include/core_cmFunc.h" 1
 908 0002 83F31188 		MSR basepri, r3
 909              	@ 0 "" 2
 910              	.LVL53:
 911              		.loc 5 548 3 is_stmt 0 view .LVU280
ARM GAS  /tmp/ccnze4xj.s 			page 17


 912              		.thumb
 913              		.syntax unified
 914              	.LBE276:
 915              	.LBE275:
 916              	.LBE274:
 917              		.loc 3 377 34 is_stmt 1 view .LVU281
 918              		.loc 3 378 20 view .LVU282
 919              	.LBE273:
 920              		.loc 1 428 3 view .LVU283
 921              		.loc 1 428 3 view .LVU284
 922              		.loc 1 428 3 discriminator 5 view .LVU285
 923              		.loc 1 429 3 view .LVU286
 924              		.loc 1 429 5 is_stmt 0 view .LVU287
 925 0006 90F82230 		ldrb	r3, [r0, #34]	@ zero_extendqisi2
 926              		.loc 1 429 11 view .LVU288
 927 000a 013B     		subs	r3, r3, #1
 928 000c 80F82230 		strb	r3, [r0, #34]
 929              		.loc 1 434 3 is_stmt 1 view .LVU289
 930              		.loc 1 434 32 is_stmt 0 view .LVU290
 931 0010 036A     		ldr	r3, [r0, #32]
 932 0012 03F0FF13 		and	r3, r3, #16711935
 933              		.loc 1 434 6 view .LVU291
 934 0016 0F2B     		cmp	r3, #15
 935 0018 03D0     		beq	.L33
 936              		.loc 1 457 3 is_stmt 1 view .LVU292
 937              	.LBB277:
 938              	.LBI277:
 939              		.loc 3 386 20 view .LVU293
 940              	.LBB278:
 941              		.loc 3 388 22 view .LVU294
 942              		.loc 3 389 33 view .LVU295
 943              		.loc 3 395 3 view .LVU296
 944              		.loc 3 395 3 view .LVU297
 945              		.loc 3 395 3 discriminator 7 view .LVU298
 946              		.loc 3 399 3 view .LVU299
 947              	.LBB279:
 948              	.LBI279:
 949              		.loc 4 628 20 view .LVU300
 950              		.loc 4 631 3 view .LVU301
 951              	.LVL54:
 952              	.LBB280:
 953              	.LBI280:
 954              		.loc 5 546 57 view .LVU302
 955              	.LBB281:
 956              		.loc 5 548 3 view .LVU303
 957 001a 0023     		movs	r3, #0
 958              		.syntax unified
 959              	@ 548 "ChibiOS/os/common/ext/CMSIS/include/core_cmFunc.h" 1
 960 001c 83F31188 		MSR basepri, r3
 961              	@ 0 "" 2
 962              	.LVL55:
 963              		.loc 5 548 3 is_stmt 0 view .LVU304
 964              		.thumb
 965              		.syntax unified
 966              	.LBE281:
 967              	.LBE280:
 968              	.LBE279:
ARM GAS  /tmp/ccnze4xj.s 			page 18


 969              	.LBE278:
 970              	.LBE277:
 971              		.loc 1 458 1 view .LVU305
 972 0020 7047     		bx	lr
 973              	.L33:
 974              		.loc 1 435 5 is_stmt 1 view .LVU306
 975 0022 4269     		ldr	r2, [r0, #20]
 976 0024 0369     		ldr	r3, [r0, #16]
 977 0026 1361     		str	r3, [r2, #16]
 978              		.loc 1 435 5 view .LVU307
 979 0028 4269     		ldr	r2, [r0, #20]
 980 002a 5A61     		str	r2, [r3, #20]
 981              		.loc 1 435 19 view .LVU308
 982              		.loc 1 436 5 view .LVU309
 983              	.LBB282:
 984              	.LBI282:
 985              		.loc 3 386 20 view .LVU310
 986              	.LBB283:
 987              		.loc 3 388 22 view .LVU311
 988              		.loc 3 389 33 view .LVU312
 989              		.loc 3 395 3 view .LVU313
 990              		.loc 3 395 3 view .LVU314
 991              		.loc 3 395 3 discriminator 7 view .LVU315
 992              		.loc 3 399 3 view .LVU316
 993              	.LBB284:
 994              	.LBI284:
 995              		.loc 4 628 20 view .LVU317
 996              		.loc 4 631 3 view .LVU318
 997              	.LVL56:
 998              	.LBB285:
 999              	.LBI285:
 1000              		.loc 5 546 57 view .LVU319
 1001              	.LBB286:
 1002              		.loc 5 548 3 view .LVU320
 1003 002c 0023     		movs	r3, #0
 1004              		.syntax unified
 1005              	@ 548 "ChibiOS/os/common/ext/CMSIS/include/core_cmFunc.h" 1
 1006 002e 83F31188 		MSR basepri, r3
 1007              	@ 0 "" 2
 1008              	.LVL57:
 1009              		.loc 5 548 3 is_stmt 0 view .LVU321
 1010              		.thumb
 1011              		.syntax unified
 1012              	.LBE286:
 1013              	.LBE285:
 1014              	.LBE284:
 1015              	.LBE283:
 1016              	.LBE282:
 1017              		.loc 1 455 5 is_stmt 1 view .LVU322
 1018 0032 7047     		bx	lr
 1019              		.cfi_endproc
 1020              	.LFE211:
 1021              		.size	chThdRelease, .-chThdRelease
 1022              		.section	.text.chThdExitS,"ax",%progbits
 1023              		.align	1
 1024              		.p2align 4,,15
 1025              		.global	chThdExitS
ARM GAS  /tmp/ccnze4xj.s 			page 19


 1026              		.syntax unified
 1027              		.thumb
 1028              		.thumb_func
 1029              		.type	chThdExitS, %function
 1030              	chThdExitS:
 1031              	.LVL58:
 1032              	.LFB213:
 1033              		.loc 1 499 28 view -0
 1034              		.cfi_startproc
 1035              		@ args = 0, pretend = 0, frame = 0
 1036              		@ frame_needed = 0, uses_anonymous_args = 0
 1037              		.loc 1 499 28 is_stmt 0 view .LVU324
 1038 0000 10B5     		push	{r4, lr}
 1039              		.cfi_def_cfa_offset 8
 1040              		.cfi_offset 4, -8
 1041              		.cfi_offset 14, -4
 1042              		.loc 1 500 3 is_stmt 1 view .LVU325
 1043              		.loc 1 500 13 is_stmt 0 view .LVU326
 1044 0002 0C4B     		ldr	r3, .L39
 1045 0004 9C69     		ldr	r4, [r3, #24]
 1046              	.LVL59:
 1047              		.loc 1 503 3 is_stmt 1 view .LVU327
 1048              		.loc 1 503 18 is_stmt 0 view .LVU328
 1049 0006 6062     		str	r0, [r4, #36]
 1050              		.loc 1 506 3 is_stmt 1 view .LVU329
 1051              		.loc 1 506 30 view .LVU330
 1052              		.loc 1 510 3 view .LVU331
 1053              		.loc 1 510 9 is_stmt 0 view .LVU332
 1054 0008 03E0     		b	.L35
 1055              	.LVL60:
 1056              	.L36:
 1057              		.loc 1 511 5 is_stmt 1 view .LVU333
 1058              	.LBB287:
 1059              	.LBI287:
 1060              		.loc 2 589 25 view .LVU334
 1061              	.LBB288:
 1062              		.loc 2 591 3 view .LVU335
 1063              		.loc 2 592 3 view .LVU336
 1064              		.loc 2 592 24 is_stmt 0 view .LVU337
 1065 000a 0368     		ldr	r3, [r0]
 1066              		.loc 2 592 13 view .LVU338
 1067 000c A362     		str	r3, [r4, #40]
 1068              		.loc 2 594 3 is_stmt 1 view .LVU339
 1069              	.LVL61:
 1070              		.loc 2 594 3 is_stmt 0 view .LVU340
 1071              	.LBE288:
 1072              	.LBE287:
 1073              		.loc 1 511 12 discriminator 1 view .LVU341
 1074 000e FFF7FEFF 		bl	chSchReadyI
 1075              	.LVL62:
 1076              	.L35:
 1077              		.loc 1 510 10 is_stmt 1 view .LVU342
 1078              	.LBB289:
 1079              	.LBI289:
 1080              		.loc 2 536 20 view .LVU343
 1081              	.LBB290:
 1082              		.loc 2 538 3 view .LVU344
ARM GAS  /tmp/ccnze4xj.s 			page 20


 1083              		.loc 2 538 20 is_stmt 0 view .LVU345
 1084 0012 2346     		mov	r3, r4
 1085 0014 53F8280F 		ldr	r0, [r3, #40]!
 1086              	.LVL63:
 1087              		.loc 2 538 20 view .LVU346
 1088              	.LBE290:
 1089              	.LBE289:
 1090              		.loc 1 510 10 discriminator 1 view .LVU347
 1091 0018 9842     		cmp	r0, r3
 1092 001a F6D1     		bne	.L36
 1093              		.loc 1 524 3 is_stmt 1 view .LVU348
 1094              		.loc 1 524 9 is_stmt 0 view .LVU349
 1095 001c 94F82230 		ldrb	r3, [r4, #34]	@ zero_extendqisi2
 1096              		.loc 1 524 6 view .LVU350
 1097 0020 23B9     		cbnz	r3, .L37
 1098              		.loc 1 525 5 is_stmt 1 view .LVU351
 1099 0022 6269     		ldr	r2, [r4, #20]
 1100 0024 2369     		ldr	r3, [r4, #16]
 1101 0026 1361     		str	r3, [r2, #16]
 1102              		.loc 1 525 5 view .LVU352
 1103 0028 6269     		ldr	r2, [r4, #20]
 1104 002a 5A61     		str	r2, [r3, #20]
 1105              	.L37:
 1106              		.loc 1 525 19 discriminator 1 view .LVU353
 1107              		.loc 1 531 3 view .LVU354
 1108 002c 0F20     		movs	r0, #15
 1109 002e FFF7FEFF 		bl	chSchGoSleepS
 1110              	.LVL64:
 1111              		.loc 1 534 3 view .LVU355
 1112              		.loc 1 534 3 view .LVU356
 1113              		.loc 1 534 3 discriminator 5 view .LVU357
 1114              		.loc 1 535 1 is_stmt 0 view .LVU358
 1115 0032 10BD     		pop	{r4, pc}
 1116              	.LVL65:
 1117              	.L40:
 1118              		.loc 1 535 1 view .LVU359
 1119              		.align	2
 1120              	.L39:
 1121 0034 00000000 		.word	ch
 1122              		.cfi_endproc
 1123              	.LFE213:
 1124              		.size	chThdExitS, .-chThdExitS
 1125              		.section	.text.chThdExit,"ax",%progbits
 1126              		.align	1
 1127              		.p2align 4,,15
 1128              		.global	chThdExit
 1129              		.syntax unified
 1130              		.thumb
 1131              		.thumb_func
 1132              		.type	chThdExit, %function
 1133              	chThdExit:
 1134              	.LVL66:
 1135              	.LFB212:
 1136              		.loc 1 475 27 is_stmt 1 view -0
 1137              		.cfi_startproc
 1138              		@ args = 0, pretend = 0, frame = 0
 1139              		@ frame_needed = 0, uses_anonymous_args = 0
ARM GAS  /tmp/ccnze4xj.s 			page 21


 1140              		.loc 1 475 27 is_stmt 0 view .LVU361
 1141 0000 08B5     		push	{r3, lr}
 1142              		.cfi_def_cfa_offset 8
 1143              		.cfi_offset 3, -8
 1144              		.cfi_offset 14, -4
 1145              		.loc 1 477 3 is_stmt 1 view .LVU362
 1146              	.LBB291:
 1147              	.LBI291:
 1148              		.loc 3 374 20 view .LVU363
 1149              		.loc 3 376 3 view .LVU364
 1150              	.LBB292:
 1151              	.LBI292:
 1152              		.loc 4 604 20 view .LVU365
 1153              		.loc 4 612 3 view .LVU366
 1154              	.LVL67:
 1155              	.LBB293:
 1156              	.LBI293:
 1157              		.loc 5 546 57 view .LVU367
 1158              	.LBB294:
 1159              		.loc 5 548 3 view .LVU368
 1160 0002 2023     		movs	r3, #32
 1161              		.syntax unified
 1162              	@ 548 "ChibiOS/os/common/ext/CMSIS/include/core_cmFunc.h" 1
 1163 0004 83F31188 		MSR basepri, r3
 1164              	@ 0 "" 2
 1165              	.LVL68:
 1166              		.loc 5 548 3 is_stmt 0 view .LVU369
 1167              		.thumb
 1168              		.syntax unified
 1169              	.LBE294:
 1170              	.LBE293:
 1171              	.LBE292:
 1172              		.loc 3 377 34 is_stmt 1 view .LVU370
 1173              		.loc 3 378 20 view .LVU371
 1174              	.LBE291:
 1175              		.loc 1 478 3 view .LVU372
 1176 0008 FFF7FEFF 		bl	chThdExitS
 1177              	.LVL69:
 1178              		.loc 1 480 1 is_stmt 0 view .LVU373
 1179 000c 08BD     		pop	{r3, pc}
 1180              		.cfi_endproc
 1181              	.LFE212:
 1182              		.size	chThdExit, .-chThdExit
 1183 000e 00BF     		.section	.text.chThdWait,"ax",%progbits
 1184              		.align	1
 1185              		.p2align 4,,15
 1186              		.global	chThdWait
 1187              		.syntax unified
 1188              		.thumb
 1189              		.thumb_func
 1190              		.type	chThdWait, %function
 1191              	chThdWait:
 1192              	.LVL70:
 1193              	.LFB214:
 1194              		.loc 1 557 31 is_stmt 1 view -0
 1195              		.cfi_startproc
 1196              		@ args = 0, pretend = 0, frame = 0
ARM GAS  /tmp/ccnze4xj.s 			page 22


 1197              		@ frame_needed = 0, uses_anonymous_args = 0
 1198              		.loc 1 557 31 is_stmt 0 view .LVU375
 1199 0000 38B5     		push	{r3, r4, r5, lr}
 1200              		.cfi_def_cfa_offset 16
 1201              		.cfi_offset 3, -16
 1202              		.cfi_offset 4, -12
 1203              		.cfi_offset 5, -8
 1204              		.cfi_offset 14, -4
 1205 0002 0446     		mov	r4, r0
 1206              		.loc 1 558 3 is_stmt 1 view .LVU376
 1207              		.loc 1 560 3 view .LVU377
 1208              		.loc 1 560 3 view .LVU378
 1209              		.loc 1 560 3 discriminator 5 view .LVU379
 1210              		.loc 1 562 3 view .LVU380
 1211              	.LBB295:
 1212              	.LBI295:
 1213              		.loc 3 374 20 view .LVU381
 1214              		.loc 3 376 3 view .LVU382
 1215              	.LBB296:
 1216              	.LBI296:
 1217              		.loc 4 604 20 view .LVU383
 1218              		.loc 4 612 3 view .LVU384
 1219              	.LVL71:
 1220              	.LBB297:
 1221              	.LBI297:
 1222              		.loc 5 546 57 view .LVU385
 1223              	.LBB298:
 1224              		.loc 5 548 3 view .LVU386
 1225 0004 2023     		movs	r3, #32
 1226              		.syntax unified
 1227              	@ 548 "ChibiOS/os/common/ext/CMSIS/include/core_cmFunc.h" 1
 1228 0006 83F31188 		MSR basepri, r3
 1229              	@ 0 "" 2
 1230              	.LVL72:
 1231              		.loc 5 548 3 is_stmt 0 view .LVU387
 1232              		.thumb
 1233              		.syntax unified
 1234              	.LBE298:
 1235              	.LBE297:
 1236              	.LBE296:
 1237              		.loc 3 377 34 is_stmt 1 view .LVU388
 1238              		.loc 3 378 20 view .LVU389
 1239              	.LBE295:
 1240              		.loc 1 563 3 view .LVU390
 1241              		.loc 1 563 3 view .LVU391
 1242              		.loc 1 563 3 discriminator 5 view .LVU392
 1243              		.loc 1 565 3 view .LVU393
 1244              		.loc 1 565 3 view .LVU394
 1245              		.loc 1 565 3 discriminator 5 view .LVU395
 1246              		.loc 1 568 3 view .LVU396
 1247              		.loc 1 568 9 is_stmt 0 view .LVU397
 1248 000a 90F82030 		ldrb	r3, [r0, #32]	@ zero_extendqisi2
 1249              		.loc 1 568 6 view .LVU398
 1250 000e 0F2B     		cmp	r3, #15
 1251 0010 08D1     		bne	.L46
 1252              	.LVL73:
 1253              	.L44:
ARM GAS  /tmp/ccnze4xj.s 			page 23


 1254              		.loc 1 572 3 is_stmt 1 view .LVU399
 1255              		.loc 1 572 7 is_stmt 0 view .LVU400
 1256 0012 656A     		ldr	r5, [r4, #36]
 1257              	.LVL74:
 1258              		.loc 1 573 3 is_stmt 1 view .LVU401
 1259              	.LBB299:
 1260              	.LBI299:
 1261              		.loc 3 386 20 view .LVU402
 1262              	.LBB300:
 1263              		.loc 3 388 22 view .LVU403
 1264              		.loc 3 389 33 view .LVU404
 1265              		.loc 3 395 3 view .LVU405
 1266              		.loc 3 395 3 view .LVU406
 1267              		.loc 3 395 3 discriminator 7 view .LVU407
 1268              		.loc 3 399 3 view .LVU408
 1269              	.LBB301:
 1270              	.LBI301:
 1271              		.loc 4 628 20 view .LVU409
 1272              		.loc 4 631 3 view .LVU410
 1273              	.LBB302:
 1274              	.LBI302:
 1275              		.loc 5 546 57 view .LVU411
 1276              	.LBB303:
 1277              		.loc 5 548 3 view .LVU412
 1278 0014 0023     		movs	r3, #0
 1279              		.syntax unified
 1280              	@ 548 "ChibiOS/os/common/ext/CMSIS/include/core_cmFunc.h" 1
 1281 0016 83F31188 		MSR basepri, r3
 1282              	@ 0 "" 2
 1283              	.LVL75:
 1284              		.loc 5 548 3 is_stmt 0 view .LVU413
 1285              		.thumb
 1286              		.syntax unified
 1287              	.LBE303:
 1288              	.LBE302:
 1289              	.LBE301:
 1290              	.LBE300:
 1291              	.LBE299:
 1292              		.loc 1 577 3 is_stmt 1 view .LVU414
 1293 001a 2046     		mov	r0, r4
 1294 001c FFF7FEFF 		bl	chThdRelease
 1295              	.LVL76:
 1296              		.loc 1 580 3 view .LVU415
 1297              		.loc 1 581 1 is_stmt 0 view .LVU416
 1298 0020 2846     		mov	r0, r5
 1299 0022 38BD     		pop	{r3, r4, r5, pc}
 1300              	.LVL77:
 1301              	.L46:
 1302              		.loc 1 569 5 is_stmt 1 view .LVU417
 1303 0024 044B     		ldr	r3, .L47
 1304 0026 9B69     		ldr	r3, [r3, #24]
 1305              	.LVL78:
 1306              	.LBB304:
 1307              	.LBI304:
 1308              		.loc 2 583 20 view .LVU418
 1309              	.LBB305:
 1310              		.loc 2 585 3 view .LVU419
ARM GAS  /tmp/ccnze4xj.s 			page 24


 1311              		.loc 2 585 23 is_stmt 0 view .LVU420
 1312 0028 826A     		ldr	r2, [r0, #40]
 1313              		.loc 2 585 18 view .LVU421
 1314 002a 1A60     		str	r2, [r3]
 1315              		.loc 2 586 3 is_stmt 1 view .LVU422
 1316              		.loc 2 586 13 is_stmt 0 view .LVU423
 1317 002c 8362     		str	r3, [r0, #40]
 1318              	.LVL79:
 1319              		.loc 2 586 13 view .LVU424
 1320              	.LBE305:
 1321              	.LBE304:
 1322              		.loc 1 570 5 is_stmt 1 view .LVU425
 1323 002e 0920     		movs	r0, #9
 1324              	.LVL80:
 1325              		.loc 1 570 5 is_stmt 0 view .LVU426
 1326 0030 FFF7FEFF 		bl	chSchGoSleepS
 1327              	.LVL81:
 1328 0034 EDE7     		b	.L44
 1329              	.L48:
 1330 0036 00BF     		.align	2
 1331              	.L47:
 1332 0038 00000000 		.word	ch
 1333              		.cfi_endproc
 1334              	.LFE214:
 1335              		.size	chThdWait, .-chThdWait
 1336              		.section	.text.chThdSetPriority,"ax",%progbits
 1337              		.align	1
 1338              		.p2align 4,,15
 1339              		.global	chThdSetPriority
 1340              		.syntax unified
 1341              		.thumb
 1342              		.thumb_func
 1343              		.type	chThdSetPriority, %function
 1344              	chThdSetPriority:
 1345              	.LVL82:
 1346              	.LFB215:
 1347              		.loc 1 596 43 is_stmt 1 view -0
 1348              		.cfi_startproc
 1349              		@ args = 0, pretend = 0, frame = 0
 1350              		@ frame_needed = 0, uses_anonymous_args = 0
 1351              		.loc 1 596 43 is_stmt 0 view .LVU428
 1352 0000 10B5     		push	{r4, lr}
 1353              		.cfi_def_cfa_offset 8
 1354              		.cfi_offset 4, -8
 1355              		.cfi_offset 14, -4
 1356              		.loc 1 597 3 is_stmt 1 view .LVU429
 1357              		.loc 1 599 3 view .LVU430
 1358              		.loc 1 599 3 view .LVU431
 1359              		.loc 1 599 3 discriminator 5 view .LVU432
 1360              		.loc 1 601 3 view .LVU433
 1361              	.LBB306:
 1362              	.LBI306:
 1363              		.loc 3 374 20 view .LVU434
 1364              		.loc 3 376 3 view .LVU435
 1365              	.LBB307:
 1366              	.LBI307:
 1367              		.loc 4 604 20 view .LVU436
ARM GAS  /tmp/ccnze4xj.s 			page 25


 1368              		.loc 4 612 3 view .LVU437
 1369              	.LVL83:
 1370              	.LBB308:
 1371              	.LBI308:
 1372              		.loc 5 546 57 view .LVU438
 1373              	.LBB309:
 1374              		.loc 5 548 3 view .LVU439
 1375 0002 2023     		movs	r3, #32
 1376              		.syntax unified
 1377              	@ 548 "ChibiOS/os/common/ext/CMSIS/include/core_cmFunc.h" 1
 1378 0004 83F31188 		MSR basepri, r3
 1379              	@ 0 "" 2
 1380              	.LVL84:
 1381              		.loc 5 548 3 is_stmt 0 view .LVU440
 1382              		.thumb
 1383              		.syntax unified
 1384              	.LBE309:
 1385              	.LBE308:
 1386              	.LBE307:
 1387              		.loc 3 377 34 is_stmt 1 view .LVU441
 1388              		.loc 3 378 20 view .LVU442
 1389              	.LBE306:
 1390              		.loc 1 609 3 view .LVU443
 1391              		.loc 1 609 13 is_stmt 0 view .LVU444
 1392 0008 054B     		ldr	r3, .L51
 1393 000a 9B69     		ldr	r3, [r3, #24]
 1394              		.loc 1 609 11 view .LVU445
 1395 000c 9C68     		ldr	r4, [r3, #8]
 1396              	.LVL85:
 1397              		.loc 1 610 3 is_stmt 1 view .LVU446
 1398              		.loc 1 610 15 is_stmt 0 view .LVU447
 1399 000e 9860     		str	r0, [r3, #8]
 1400              		.loc 1 612 3 is_stmt 1 view .LVU448
 1401 0010 FFF7FEFF 		bl	chSchRescheduleS
 1402              	.LVL86:
 1403              		.loc 1 613 3 view .LVU449
 1404              	.LBB310:
 1405              	.LBI310:
 1406              		.loc 3 386 20 view .LVU450
 1407              	.LBB311:
 1408              		.loc 3 388 22 view .LVU451
 1409              		.loc 3 389 33 view .LVU452
 1410              		.loc 3 395 3 view .LVU453
 1411              		.loc 3 395 3 view .LVU454
 1412              		.loc 3 395 3 discriminator 7 view .LVU455
 1413              		.loc 3 399 3 view .LVU456
 1414              	.LBB312:
 1415              	.LBI312:
 1416              		.loc 4 628 20 view .LVU457
 1417              		.loc 4 631 3 view .LVU458
 1418              	.LBB313:
 1419              	.LBI313:
 1420              		.loc 5 546 57 view .LVU459
 1421              	.LBB314:
 1422              		.loc 5 548 3 view .LVU460
 1423 0014 0023     		movs	r3, #0
 1424              		.syntax unified
ARM GAS  /tmp/ccnze4xj.s 			page 26


 1425              	@ 548 "ChibiOS/os/common/ext/CMSIS/include/core_cmFunc.h" 1
 1426 0016 83F31188 		MSR basepri, r3
 1427              	@ 0 "" 2
 1428              	.LVL87:
 1429              		.loc 5 548 3 is_stmt 0 view .LVU461
 1430              		.thumb
 1431              		.syntax unified
 1432              	.LBE314:
 1433              	.LBE313:
 1434              	.LBE312:
 1435              	.LBE311:
 1436              	.LBE310:
 1437              		.loc 1 615 3 is_stmt 1 view .LVU462
 1438              		.loc 1 616 1 is_stmt 0 view .LVU463
 1439 001a 2046     		mov	r0, r4
 1440 001c 10BD     		pop	{r4, pc}
 1441              	.LVL88:
 1442              	.L52:
 1443              		.loc 1 616 1 view .LVU464
 1444 001e 00BF     		.align	2
 1445              	.L51:
 1446 0020 00000000 		.word	ch
 1447              		.cfi_endproc
 1448              	.LFE215:
 1449              		.size	chThdSetPriority, .-chThdSetPriority
 1450              		.section	.text.chThdTerminate,"ax",%progbits
 1451              		.align	1
 1452              		.p2align 4,,15
 1453              		.global	chThdTerminate
 1454              		.syntax unified
 1455              		.thumb
 1456              		.thumb_func
 1457              		.type	chThdTerminate, %function
 1458              	chThdTerminate:
 1459              	.LVL89:
 1460              	.LFB216:
 1461              		.loc 1 630 35 is_stmt 1 view -0
 1462              		.cfi_startproc
 1463              		@ args = 0, pretend = 0, frame = 0
 1464              		@ frame_needed = 0, uses_anonymous_args = 0
 1465              		@ link register save eliminated.
 1466              		.loc 1 632 3 view .LVU466
 1467              	.LBB315:
 1468              	.LBI315:
 1469              		.loc 3 374 20 view .LVU467
 1470              		.loc 3 376 3 view .LVU468
 1471              	.LBB316:
 1472              	.LBI316:
 1473              		.loc 4 604 20 view .LVU469
 1474              		.loc 4 612 3 view .LVU470
 1475              	.LBB317:
 1476              	.LBI317:
 1477              		.loc 5 546 57 view .LVU471
 1478              	.LBB318:
 1479              		.loc 5 548 3 view .LVU472
 1480 0000 2023     		movs	r3, #32
 1481              		.syntax unified
ARM GAS  /tmp/ccnze4xj.s 			page 27


 1482              	@ 548 "ChibiOS/os/common/ext/CMSIS/include/core_cmFunc.h" 1
 1483 0002 83F31188 		MSR basepri, r3
 1484              	@ 0 "" 2
 1485              	.LVL90:
 1486              		.loc 5 548 3 is_stmt 0 view .LVU473
 1487              		.thumb
 1488              		.syntax unified
 1489              	.LBE318:
 1490              	.LBE317:
 1491              	.LBE316:
 1492              		.loc 3 377 34 is_stmt 1 view .LVU474
 1493              		.loc 3 378 20 view .LVU475
 1494              	.LBE315:
 1495              		.loc 1 633 3 view .LVU476
 1496              		.loc 1 633 5 is_stmt 0 view .LVU477
 1497 0006 90F82130 		ldrb	r3, [r0, #33]	@ zero_extendqisi2
 1498              		.loc 1 633 13 view .LVU478
 1499 000a 43F00403 		orr	r3, r3, #4
 1500 000e 80F82130 		strb	r3, [r0, #33]
 1501              		.loc 1 634 3 is_stmt 1 view .LVU479
 1502              	.LBB319:
 1503              	.LBI319:
 1504              		.loc 3 386 20 view .LVU480
 1505              	.LBB320:
 1506              		.loc 3 388 22 view .LVU481
 1507              		.loc 3 389 33 view .LVU482
 1508              		.loc 3 395 3 view .LVU483
 1509              		.loc 3 395 3 view .LVU484
 1510              		.loc 3 395 3 discriminator 7 view .LVU485
 1511              		.loc 3 399 3 view .LVU486
 1512              	.LBB321:
 1513              	.LBI321:
 1514              		.loc 4 628 20 view .LVU487
 1515              		.loc 4 631 3 view .LVU488
 1516              	.LVL91:
 1517              	.LBB322:
 1518              	.LBI322:
 1519              		.loc 5 546 57 view .LVU489
 1520              	.LBB323:
 1521              		.loc 5 548 3 view .LVU490
 1522 0012 0023     		movs	r3, #0
 1523              		.syntax unified
 1524              	@ 548 "ChibiOS/os/common/ext/CMSIS/include/core_cmFunc.h" 1
 1525 0014 83F31188 		MSR basepri, r3
 1526              	@ 0 "" 2
 1527              	.LVL92:
 1528              		.loc 5 548 3 is_stmt 0 view .LVU491
 1529              		.thumb
 1530              		.syntax unified
 1531              	.LBE323:
 1532              	.LBE322:
 1533              	.LBE321:
 1534              	.LBE320:
 1535              	.LBE319:
 1536              		.loc 1 635 1 view .LVU492
 1537 0018 7047     		bx	lr
 1538              		.cfi_endproc
ARM GAS  /tmp/ccnze4xj.s 			page 28


 1539              	.LFE216:
 1540              		.size	chThdTerminate, .-chThdTerminate
 1541 001a 00BF     		.section	.text.chThdSleep,"ax",%progbits
 1542              		.align	1
 1543              		.p2align 4,,15
 1544              		.global	chThdSleep
 1545              		.syntax unified
 1546              		.thumb
 1547              		.thumb_func
 1548              		.type	chThdSleep, %function
 1549              	chThdSleep:
 1550              	.LVL93:
 1551              	.LFB217:
 1552              		.loc 1 649 33 is_stmt 1 view -0
 1553              		.cfi_startproc
 1554              		@ args = 0, pretend = 0, frame = 0
 1555              		@ frame_needed = 0, uses_anonymous_args = 0
 1556              		.loc 1 649 33 is_stmt 0 view .LVU494
 1557 0000 08B5     		push	{r3, lr}
 1558              		.cfi_def_cfa_offset 8
 1559              		.cfi_offset 3, -8
 1560              		.cfi_offset 14, -4
 1561 0002 0146     		mov	r1, r0
 1562              		.loc 1 651 3 is_stmt 1 view .LVU495
 1563              	.LBB324:
 1564              	.LBI324:
 1565              		.loc 3 374 20 view .LVU496
 1566              		.loc 3 376 3 view .LVU497
 1567              	.LBB325:
 1568              	.LBI325:
 1569              		.loc 4 604 20 view .LVU498
 1570              		.loc 4 612 3 view .LVU499
 1571              	.LVL94:
 1572              	.LBB326:
 1573              	.LBI326:
 1574              		.loc 5 546 57 view .LVU500
 1575              	.LBB327:
 1576              		.loc 5 548 3 view .LVU501
 1577 0004 2023     		movs	r3, #32
 1578              		.syntax unified
 1579              	@ 548 "ChibiOS/os/common/ext/CMSIS/include/core_cmFunc.h" 1
 1580 0006 83F31188 		MSR basepri, r3
 1581              	@ 0 "" 2
 1582              	.LVL95:
 1583              		.loc 5 548 3 is_stmt 0 view .LVU502
 1584              		.thumb
 1585              		.syntax unified
 1586              	.LBE327:
 1587              	.LBE326:
 1588              	.LBE325:
 1589              		.loc 3 377 34 is_stmt 1 view .LVU503
 1590              		.loc 3 378 20 view .LVU504
 1591              	.LBE324:
 1592              		.loc 1 652 3 view .LVU505
 1593              	.LBB328:
 1594              	.LBI328:
 1595              		.loc 6 381 20 view .LVU506
ARM GAS  /tmp/ccnze4xj.s 			page 29


 1596              	.LBB329:
 1597              		.loc 6 383 3 view .LVU507
 1598              		.loc 6 383 3 view .LVU508
 1599              		.loc 6 383 3 discriminator 5 view .LVU509
 1600              		.loc 6 385 3 view .LVU510
 1601              		.loc 6 385 10 is_stmt 0 view .LVU511
 1602 000a 0820     		movs	r0, #8
 1603              	.LVL96:
 1604              		.loc 6 385 10 view .LVU512
 1605 000c FFF7FEFF 		bl	chSchGoSleepTimeoutS
 1606              	.LVL97:
 1607              		.loc 6 385 10 view .LVU513
 1608              	.LBE329:
 1609              	.LBE328:
 1610              		.loc 1 653 3 is_stmt 1 view .LVU514
 1611              	.LBB330:
 1612              	.LBI330:
 1613              		.loc 3 386 20 view .LVU515
 1614              	.LBB331:
 1615              		.loc 3 388 22 view .LVU516
 1616              		.loc 3 389 33 view .LVU517
 1617              		.loc 3 395 3 view .LVU518
 1618              		.loc 3 395 3 view .LVU519
 1619              		.loc 3 395 3 discriminator 7 view .LVU520
 1620              		.loc 3 399 3 view .LVU521
 1621              	.LBB332:
 1622              	.LBI332:
 1623              		.loc 4 628 20 view .LVU522
 1624              		.loc 4 631 3 view .LVU523
 1625              	.LBB333:
 1626              	.LBI333:
 1627              		.loc 5 546 57 view .LVU524
 1628              	.LBB334:
 1629              		.loc 5 548 3 view .LVU525
 1630 0010 0023     		movs	r3, #0
 1631              		.syntax unified
 1632              	@ 548 "ChibiOS/os/common/ext/CMSIS/include/core_cmFunc.h" 1
 1633 0012 83F31188 		MSR basepri, r3
 1634              	@ 0 "" 2
 1635              	.LVL98:
 1636              		.loc 5 548 3 is_stmt 0 view .LVU526
 1637              		.thumb
 1638              		.syntax unified
 1639              	.LBE334:
 1640              	.LBE333:
 1641              	.LBE332:
 1642              	.LBE331:
 1643              	.LBE330:
 1644              		.loc 1 654 1 view .LVU527
 1645 0016 08BD     		pop	{r3, pc}
 1646              		.cfi_endproc
 1647              	.LFE217:
 1648              		.size	chThdSleep, .-chThdSleep
 1649              		.section	.text.chThdSleepUntil,"ax",%progbits
 1650              		.align	1
 1651              		.p2align 4,,15
 1652              		.global	chThdSleepUntil
ARM GAS  /tmp/ccnze4xj.s 			page 30


 1653              		.syntax unified
 1654              		.thumb
 1655              		.thumb_func
 1656              		.type	chThdSleepUntil, %function
 1657              	chThdSleepUntil:
 1658              	.LVL99:
 1659              	.LFB218:
 1660              		.loc 1 669 38 is_stmt 1 view -0
 1661              		.cfi_startproc
 1662              		@ args = 0, pretend = 0, frame = 0
 1663              		@ frame_needed = 0, uses_anonymous_args = 0
 1664              		.loc 1 669 38 is_stmt 0 view .LVU529
 1665 0000 08B5     		push	{r3, lr}
 1666              		.cfi_def_cfa_offset 8
 1667              		.cfi_offset 3, -8
 1668              		.cfi_offset 14, -4
 1669              		.loc 1 671 3 is_stmt 1 view .LVU530
 1670              	.LBB335:
 1671              	.LBI335:
 1672              		.loc 3 374 20 view .LVU531
 1673              		.loc 3 376 3 view .LVU532
 1674              	.LBB336:
 1675              	.LBI336:
 1676              		.loc 4 604 20 view .LVU533
 1677              		.loc 4 612 3 view .LVU534
 1678              	.LVL100:
 1679              	.LBB337:
 1680              	.LBI337:
 1681              		.loc 5 546 57 view .LVU535
 1682              	.LBB338:
 1683              		.loc 5 548 3 view .LVU536
 1684 0002 2023     		movs	r3, #32
 1685              		.syntax unified
 1686              	@ 548 "ChibiOS/os/common/ext/CMSIS/include/core_cmFunc.h" 1
 1687 0004 83F31188 		MSR basepri, r3
 1688              	@ 0 "" 2
 1689              	.LVL101:
 1690              		.loc 5 548 3 is_stmt 0 view .LVU537
 1691              		.thumb
 1692              		.syntax unified
 1693              	.LBE338:
 1694              	.LBE337:
 1695              	.LBE336:
 1696              		.loc 3 377 34 is_stmt 1 view .LVU538
 1697              		.loc 3 378 20 view .LVU539
 1698              	.LBE335:
 1699              		.loc 1 672 3 view .LVU540
 1700              	.LBB339:
 1701              	.LBI339:
 1702              		.file 7 "ChibiOS/os/rt/include/chvt.h"
 1703              		.loc 7 228 25 view .LVU541
 1704              		.loc 7 233 3 view .LVU542
 1705              	.LBB340:
 1706              	.LBI340:
 1707              		.file 8 "ChibiOS/os/common/ports/ARMCMx/chcore_timer.h"
 1708              		.loc 8 105 25 view .LVU543
 1709              		.loc 8 107 3 view .LVU544
ARM GAS  /tmp/ccnze4xj.s 			page 31


 1710              	.LBB341:
 1711              	.LBI341:
 1712              		.file 9 "ChibiOS/os/hal/ports/STM32/LLD/TIMv1/hal_st_lld.h"
 1713              		.loc 9 139 25 view .LVU545
 1714              	.LBB342:
 1715              		.loc 9 141 3 view .LVU546
 1716              		.loc 9 141 10 is_stmt 0 view .LVU547
 1717 0008 4FF08043 		mov	r3, #1073741824
 1718 000c 596A     		ldr	r1, [r3, #36]
 1719              	.LVL102:
 1720              		.loc 9 141 10 view .LVU548
 1721              	.LBE342:
 1722              	.LBE341:
 1723              	.LBE340:
 1724              	.LBE339:
 1725              		.loc 1 673 3 is_stmt 1 view .LVU549
 1726              		.loc 1 673 6 is_stmt 0 view .LVU550
 1727 000e 411A     		subs	r1, r0, r1
 1728              	.LVL103:
 1729              		.loc 1 673 6 view .LVU551
 1730 0010 03D1     		bne	.L59
 1731              	.LVL104:
 1732              	.L57:
 1733              		.loc 1 676 3 is_stmt 1 view .LVU552
 1734              	.LBB343:
 1735              	.LBI343:
 1736              		.loc 3 386 20 view .LVU553
 1737              	.LBB344:
 1738              		.loc 3 388 22 view .LVU554
 1739              		.loc 3 389 33 view .LVU555
 1740              		.loc 3 395 3 view .LVU556
 1741              		.loc 3 395 3 view .LVU557
 1742              		.loc 3 395 3 discriminator 7 view .LVU558
 1743              		.loc 3 399 3 view .LVU559
 1744              	.LBB345:
 1745              	.LBI345:
 1746              		.loc 4 628 20 view .LVU560
 1747              		.loc 4 631 3 view .LVU561
 1748              	.LBB346:
 1749              	.LBI346:
 1750              		.loc 5 546 57 view .LVU562
 1751              	.LBB347:
 1752              		.loc 5 548 3 view .LVU563
 1753 0012 0023     		movs	r3, #0
 1754              		.syntax unified
 1755              	@ 548 "ChibiOS/os/common/ext/CMSIS/include/core_cmFunc.h" 1
 1756 0014 83F31188 		MSR basepri, r3
 1757              	@ 0 "" 2
 1758              	.LVL105:
 1759              		.loc 5 548 3 is_stmt 0 view .LVU564
 1760              		.thumb
 1761              		.syntax unified
 1762              	.LBE347:
 1763              	.LBE346:
 1764              	.LBE345:
 1765              	.LBE344:
 1766              	.LBE343:
ARM GAS  /tmp/ccnze4xj.s 			page 32


 1767              		.loc 1 677 1 view .LVU565
 1768 0018 08BD     		pop	{r3, pc}
 1769              	.LVL106:
 1770              	.L59:
 1771              		.loc 1 674 5 is_stmt 1 view .LVU566
 1772              	.LBB348:
 1773              	.LBI348:
 1774              		.loc 6 381 20 view .LVU567
 1775              	.LBB349:
 1776              		.loc 6 383 3 view .LVU568
 1777              		.loc 6 383 3 view .LVU569
 1778              		.loc 6 383 3 discriminator 5 view .LVU570
 1779              		.loc 6 385 3 view .LVU571
 1780              		.loc 6 385 10 is_stmt 0 view .LVU572
 1781 001a 0820     		movs	r0, #8
 1782 001c FFF7FEFF 		bl	chSchGoSleepTimeoutS
 1783              	.LVL107:
 1784              		.loc 6 386 1 view .LVU573
 1785 0020 F7E7     		b	.L57
 1786              	.LBE349:
 1787              	.LBE348:
 1788              		.cfi_endproc
 1789              	.LFE218:
 1790              		.size	chThdSleepUntil, .-chThdSleepUntil
 1791 0022 00BF     		.section	.text.chThdSleepUntilWindowed,"ax",%progbits
 1792              		.align	1
 1793              		.p2align 4,,15
 1794              		.global	chThdSleepUntilWindowed
 1795              		.syntax unified
 1796              		.thumb
 1797              		.thumb_func
 1798              		.type	chThdSleepUntilWindowed, %function
 1799              	chThdSleepUntilWindowed:
 1800              	.LVL108:
 1801              	.LFB219:
 1802              		.loc 1 693 67 is_stmt 1 view -0
 1803              		.cfi_startproc
 1804              		@ args = 0, pretend = 0, frame = 0
 1805              		@ frame_needed = 0, uses_anonymous_args = 0
 1806              		.loc 1 693 67 is_stmt 0 view .LVU575
 1807 0000 10B5     		push	{r4, lr}
 1808              		.cfi_def_cfa_offset 8
 1809              		.cfi_offset 4, -8
 1810              		.cfi_offset 14, -4
 1811 0002 0C46     		mov	r4, r1
 1812              		.loc 1 694 3 is_stmt 1 view .LVU576
 1813              		.loc 1 696 3 view .LVU577
 1814              	.LBB350:
 1815              	.LBI350:
 1816              		.loc 3 374 20 view .LVU578
 1817              		.loc 3 376 3 view .LVU579
 1818              	.LBB351:
 1819              	.LBI351:
 1820              		.loc 4 604 20 view .LVU580
 1821              		.loc 4 612 3 view .LVU581
 1822              	.LVL109:
 1823              	.LBB352:
ARM GAS  /tmp/ccnze4xj.s 			page 33


 1824              	.LBI352:
 1825              		.loc 5 546 57 view .LVU582
 1826              	.LBB353:
 1827              		.loc 5 548 3 view .LVU583
 1828 0004 2023     		movs	r3, #32
 1829              		.syntax unified
 1830              	@ 548 "ChibiOS/os/common/ext/CMSIS/include/core_cmFunc.h" 1
 1831 0006 83F31188 		MSR basepri, r3
 1832              	@ 0 "" 2
 1833              	.LVL110:
 1834              		.loc 5 548 3 is_stmt 0 view .LVU584
 1835              		.thumb
 1836              		.syntax unified
 1837              	.LBE353:
 1838              	.LBE352:
 1839              	.LBE351:
 1840              		.loc 3 377 34 is_stmt 1 view .LVU585
 1841              		.loc 3 378 20 view .LVU586
 1842              	.LBE350:
 1843              		.loc 1 697 3 view .LVU587
 1844              	.LBB354:
 1845              	.LBI354:
 1846              		.loc 7 228 25 view .LVU588
 1847              		.loc 7 233 3 view .LVU589
 1848              	.LBB355:
 1849              	.LBI355:
 1850              		.loc 8 105 25 view .LVU590
 1851              		.loc 8 107 3 view .LVU591
 1852              	.LBB356:
 1853              	.LBI356:
 1854              		.loc 9 139 25 view .LVU592
 1855              	.LBB357:
 1856              		.loc 9 141 3 view .LVU593
 1857              		.loc 9 141 10 is_stmt 0 view .LVU594
 1858 000a 4FF08043 		mov	r3, #1073741824
 1859 000e 596A     		ldr	r1, [r3, #36]
 1860              	.LVL111:
 1861              		.loc 9 141 10 view .LVU595
 1862              	.LBE357:
 1863              	.LBE356:
 1864              	.LBE355:
 1865              	.LBE354:
 1866              		.loc 1 698 3 is_stmt 1 view .LVU596
 1867              	.LBB358:
 1868              	.LBI358:
 1869              		.loc 7 284 20 view .LVU597
 1870              	.LBB359:
 1871              		.loc 7 288 3 view .LVU598
 1872              		.loc 7 288 34 is_stmt 0 view .LVU599
 1873 0010 0B1A     		subs	r3, r1, r0
 1874              		.loc 7 288 61 view .LVU600
 1875 0012 201A     		subs	r0, r4, r0
 1876              	.LVL112:
 1877              		.loc 7 288 61 view .LVU601
 1878              	.LBE359:
 1879              	.LBE358:
 1880              		.loc 1 698 6 discriminator 1 view .LVU602
ARM GAS  /tmp/ccnze4xj.s 			page 34


 1881 0014 8342     		cmp	r3, r0
 1882 0016 04D3     		bcc	.L63
 1883              	.LVL113:
 1884              	.L61:
 1885              		.loc 1 701 3 is_stmt 1 view .LVU603
 1886              	.LBB360:
 1887              	.LBI360:
 1888              		.loc 3 386 20 view .LVU604
 1889              	.LBB361:
 1890              		.loc 3 388 22 view .LVU605
 1891              		.loc 3 389 33 view .LVU606
 1892              		.loc 3 395 3 view .LVU607
 1893              		.loc 3 395 3 view .LVU608
 1894              		.loc 3 395 3 discriminator 7 view .LVU609
 1895              		.loc 3 399 3 view .LVU610
 1896              	.LBB362:
 1897              	.LBI362:
 1898              		.loc 4 628 20 view .LVU611
 1899              		.loc 4 631 3 view .LVU612
 1900              	.LBB363:
 1901              	.LBI363:
 1902              		.loc 5 546 57 view .LVU613
 1903              	.LBB364:
 1904              		.loc 5 548 3 view .LVU614
 1905 0018 0023     		movs	r3, #0
 1906              		.syntax unified
 1907              	@ 548 "ChibiOS/os/common/ext/CMSIS/include/core_cmFunc.h" 1
 1908 001a 83F31188 		MSR basepri, r3
 1909              	@ 0 "" 2
 1910              	.LVL114:
 1911              		.loc 5 548 3 is_stmt 0 view .LVU615
 1912              		.thumb
 1913              		.syntax unified
 1914              	.LBE364:
 1915              	.LBE363:
 1916              	.LBE362:
 1917              	.LBE361:
 1918              	.LBE360:
 1919              		.loc 1 703 3 is_stmt 1 view .LVU616
 1920              		.loc 1 704 1 is_stmt 0 view .LVU617
 1921 001e 2046     		mov	r0, r4
 1922 0020 10BD     		pop	{r4, pc}
 1923              	.LVL115:
 1924              	.L63:
 1925              		.loc 1 699 5 is_stmt 1 view .LVU618
 1926              	.LBB365:
 1927              	.LBI365:
 1928              		.loc 6 381 20 view .LVU619
 1929              	.LBB366:
 1930              		.loc 6 383 3 view .LVU620
 1931              		.loc 6 383 3 view .LVU621
 1932              		.loc 6 383 3 discriminator 5 view .LVU622
 1933              		.loc 6 385 3 view .LVU623
 1934              		.loc 6 385 10 is_stmt 0 view .LVU624
 1935 0022 611A     		subs	r1, r4, r1
 1936              	.LVL116:
 1937              		.loc 6 385 10 view .LVU625
ARM GAS  /tmp/ccnze4xj.s 			page 35


 1938 0024 0820     		movs	r0, #8
 1939 0026 FFF7FEFF 		bl	chSchGoSleepTimeoutS
 1940              	.LVL117:
 1941              		.loc 6 386 1 view .LVU626
 1942 002a F5E7     		b	.L61
 1943              	.LBE366:
 1944              	.LBE365:
 1945              		.cfi_endproc
 1946              	.LFE219:
 1947              		.size	chThdSleepUntilWindowed, .-chThdSleepUntilWindowed
 1948              		.section	.text.chThdYield,"ax",%progbits
 1949              		.align	1
 1950              		.p2align 4,,15
 1951              		.global	chThdYield
 1952              		.syntax unified
 1953              		.thumb
 1954              		.thumb_func
 1955              		.type	chThdYield, %function
 1956              	chThdYield:
 1957              	.LFB220:
 1958              		.loc 1 713 23 is_stmt 1 view -0
 1959              		.cfi_startproc
 1960              		@ args = 0, pretend = 0, frame = 0
 1961              		@ frame_needed = 0, uses_anonymous_args = 0
 1962 0000 08B5     		push	{r3, lr}
 1963              		.cfi_def_cfa_offset 8
 1964              		.cfi_offset 3, -8
 1965              		.cfi_offset 14, -4
 1966              		.loc 1 715 3 view .LVU628
 1967              	.LBB367:
 1968              	.LBI367:
 1969              		.loc 3 374 20 view .LVU629
 1970              		.loc 3 376 3 view .LVU630
 1971              	.LBB368:
 1972              	.LBI368:
 1973              		.loc 4 604 20 view .LVU631
 1974              		.loc 4 612 3 view .LVU632
 1975              	.LVL118:
 1976              	.LBB369:
 1977              	.LBI369:
 1978              		.loc 5 546 57 view .LVU633
 1979              	.LBB370:
 1980              		.loc 5 548 3 view .LVU634
 1981 0002 2023     		movs	r3, #32
 1982              		.syntax unified
 1983              	@ 548 "ChibiOS/os/common/ext/CMSIS/include/core_cmFunc.h" 1
 1984 0004 83F31188 		MSR basepri, r3
 1985              	@ 0 "" 2
 1986              	.LVL119:
 1987              		.loc 5 548 3 is_stmt 0 view .LVU635
 1988              		.thumb
 1989              		.syntax unified
 1990              	.LBE370:
 1991              	.LBE369:
 1992              	.LBE368:
 1993              		.loc 3 377 34 is_stmt 1 view .LVU636
 1994              		.loc 3 378 20 view .LVU637
ARM GAS  /tmp/ccnze4xj.s 			page 36


 1995              	.LBE367:
 1996              		.loc 1 716 3 view .LVU638
 1997 0008 FFF7FEFF 		bl	chSchDoYieldS
 1998              	.LVL120:
 1999              		.loc 1 717 3 view .LVU639
 2000              	.LBB371:
 2001              	.LBI371:
 2002              		.loc 3 386 20 view .LVU640
 2003              	.LBB372:
 2004              		.loc 3 388 22 view .LVU641
 2005              		.loc 3 389 33 view .LVU642
 2006              		.loc 3 395 3 view .LVU643
 2007              		.loc 3 395 3 view .LVU644
 2008              		.loc 3 395 3 discriminator 7 view .LVU645
 2009              		.loc 3 399 3 view .LVU646
 2010              	.LBB373:
 2011              	.LBI373:
 2012              		.loc 4 628 20 view .LVU647
 2013              		.loc 4 631 3 view .LVU648
 2014              	.LBB374:
 2015              	.LBI374:
 2016              		.loc 5 546 57 view .LVU649
 2017              	.LBB375:
 2018              		.loc 5 548 3 view .LVU650
 2019 000c 0023     		movs	r3, #0
 2020              		.syntax unified
 2021              	@ 548 "ChibiOS/os/common/ext/CMSIS/include/core_cmFunc.h" 1
 2022 000e 83F31188 		MSR basepri, r3
 2023              	@ 0 "" 2
 2024              	.LVL121:
 2025              		.loc 5 548 3 is_stmt 0 view .LVU651
 2026              		.thumb
 2027              		.syntax unified
 2028              	.LBE375:
 2029              	.LBE374:
 2030              	.LBE373:
 2031              	.LBE372:
 2032              	.LBE371:
 2033              		.loc 1 718 1 view .LVU652
 2034 0012 08BD     		pop	{r3, pc}
 2035              		.cfi_endproc
 2036              	.LFE220:
 2037              		.size	chThdYield, .-chThdYield
 2038              		.section	.text.chThdSuspendS,"ax",%progbits
 2039              		.align	1
 2040              		.p2align 4,,15
 2041              		.global	chThdSuspendS
 2042              		.syntax unified
 2043              		.thumb
 2044              		.thumb_func
 2045              		.type	chThdSuspendS, %function
 2046              	chThdSuspendS:
 2047              	.LVL122:
 2048              	.LFB221:
 2049              		.loc 1 730 46 is_stmt 1 view -0
 2050              		.cfi_startproc
 2051              		@ args = 0, pretend = 0, frame = 0
ARM GAS  /tmp/ccnze4xj.s 			page 37


 2052              		@ frame_needed = 0, uses_anonymous_args = 0
 2053              		.loc 1 730 46 is_stmt 0 view .LVU654
 2054 0000 10B5     		push	{r4, lr}
 2055              		.cfi_def_cfa_offset 8
 2056              		.cfi_offset 4, -8
 2057              		.cfi_offset 14, -4
 2058              		.loc 1 731 3 is_stmt 1 view .LVU655
 2059              	.LBB376:
 2060              	.LBI376:
 2061              		.loc 6 275 25 view .LVU656
 2062              	.LBB377:
 2063              		.loc 6 277 3 view .LVU657
 2064              		.loc 6 277 18 is_stmt 0 view .LVU658
 2065 0002 054C     		ldr	r4, .L68
 2066 0004 A369     		ldr	r3, [r4, #24]
 2067              	.LVL123:
 2068              		.loc 6 277 18 view .LVU659
 2069              	.LBE377:
 2070              	.LBE376:
 2071              		.loc 1 733 3 is_stmt 1 view .LVU660
 2072              		.loc 1 733 3 view .LVU661
 2073              		.loc 1 733 3 discriminator 5 view .LVU662
 2074              		.loc 1 735 3 view .LVU663
 2075              		.loc 1 735 8 is_stmt 0 view .LVU664
 2076 0006 0360     		str	r3, [r0]
 2077              		.loc 1 736 3 is_stmt 1 view .LVU665
 2078              		.loc 1 736 15 is_stmt 0 view .LVU666
 2079 0008 5862     		str	r0, [r3, #36]
 2080              		.loc 1 737 3 is_stmt 1 view .LVU667
 2081 000a 0320     		movs	r0, #3
 2082              	.LVL124:
 2083              		.loc 1 737 3 is_stmt 0 view .LVU668
 2084 000c FFF7FEFF 		bl	chSchGoSleepS
 2085              	.LVL125:
 2086              		.loc 1 739 3 is_stmt 1 view .LVU669
 2087              	.LBB378:
 2088              	.LBI378:
 2089              		.loc 6 275 25 view .LVU670
 2090              	.LBB379:
 2091              		.loc 6 277 3 view .LVU671
 2092              		.loc 6 277 18 is_stmt 0 view .LVU672
 2093 0010 A369     		ldr	r3, [r4, #24]
 2094              	.LBE379:
 2095              	.LBE378:
 2096              		.loc 1 740 1 view .LVU673
 2097 0012 586A     		ldr	r0, [r3, #36]
 2098 0014 10BD     		pop	{r4, pc}
 2099              	.L69:
 2100 0016 00BF     		.align	2
 2101              	.L68:
 2102 0018 00000000 		.word	ch
 2103              		.cfi_endproc
 2104              	.LFE221:
 2105              		.size	chThdSuspendS, .-chThdSuspendS
 2106              		.section	.text.chThdSuspendTimeoutS,"ax",%progbits
 2107              		.align	1
 2108              		.p2align 4,,15
ARM GAS  /tmp/ccnze4xj.s 			page 38


 2109              		.global	chThdSuspendTimeoutS
 2110              		.syntax unified
 2111              		.thumb
 2112              		.thumb_func
 2113              		.type	chThdSuspendTimeoutS, %function
 2114              	chThdSuspendTimeoutS:
 2115              	.LVL126:
 2116              	.LFB222:
 2117              		.loc 1 761 72 is_stmt 1 view -0
 2118              		.cfi_startproc
 2119              		@ args = 0, pretend = 0, frame = 0
 2120              		@ frame_needed = 0, uses_anonymous_args = 0
 2121              		.loc 1 761 72 is_stmt 0 view .LVU675
 2122 0000 08B5     		push	{r3, lr}
 2123              		.cfi_def_cfa_offset 8
 2124              		.cfi_offset 3, -8
 2125              		.cfi_offset 14, -4
 2126              		.loc 1 762 3 is_stmt 1 view .LVU676
 2127              	.LBB380:
 2128              	.LBI380:
 2129              		.loc 6 275 25 view .LVU677
 2130              	.LBB381:
 2131              		.loc 6 277 3 view .LVU678
 2132              		.loc 6 277 18 is_stmt 0 view .LVU679
 2133 0002 064B     		ldr	r3, .L74
 2134 0004 9B69     		ldr	r3, [r3, #24]
 2135              	.LVL127:
 2136              		.loc 6 277 18 view .LVU680
 2137              	.LBE381:
 2138              	.LBE380:
 2139              		.loc 1 764 3 is_stmt 1 view .LVU681
 2140              		.loc 1 764 3 view .LVU682
 2141              		.loc 1 764 3 discriminator 5 view .LVU683
 2142              		.loc 1 766 3 view .LVU684
 2143              		.loc 1 766 6 is_stmt 0 view .LVU685
 2144 0006 29B1     		cbz	r1, .L72
 2145              		.loc 1 770 3 is_stmt 1 view .LVU686
 2146              		.loc 1 770 8 is_stmt 0 view .LVU687
 2147 0008 0360     		str	r3, [r0]
 2148              		.loc 1 771 3 is_stmt 1 view .LVU688
 2149              		.loc 1 771 15 is_stmt 0 view .LVU689
 2150 000a 5862     		str	r0, [r3, #36]
 2151              		.loc 1 773 3 is_stmt 1 view .LVU690
 2152              		.loc 1 773 10 is_stmt 0 view .LVU691
 2153 000c 0320     		movs	r0, #3
 2154              	.LVL128:
 2155              		.loc 1 773 10 view .LVU692
 2156 000e FFF7FEFF 		bl	chSchGoSleepTimeoutS
 2157              	.LVL129:
 2158              	.L70:
 2159              		.loc 1 774 1 view .LVU693
 2160 0012 08BD     		pop	{r3, pc}
 2161              	.LVL130:
 2162              	.L72:
 2163              		.loc 1 767 12 view .LVU694
 2164 0014 4FF0FF30 		mov	r0, #-1
 2165              	.LVL131:
ARM GAS  /tmp/ccnze4xj.s 			page 39


 2166              		.loc 1 767 12 view .LVU695
 2167 0018 FBE7     		b	.L70
 2168              	.L75:
 2169 001a 00BF     		.align	2
 2170              	.L74:
 2171 001c 00000000 		.word	ch
 2172              		.cfi_endproc
 2173              	.LFE222:
 2174              		.size	chThdSuspendTimeoutS, .-chThdSuspendTimeoutS
 2175              		.section	.text.chThdResumeI,"ax",%progbits
 2176              		.align	1
 2177              		.p2align 4,,15
 2178              		.global	chThdResumeI
 2179              		.syntax unified
 2180              		.thumb
 2181              		.thumb_func
 2182              		.type	chThdResumeI, %function
 2183              	chThdResumeI:
 2184              	.LVL132:
 2185              	.LFB223:
 2186              		.loc 1 786 55 is_stmt 1 view -0
 2187              		.cfi_startproc
 2188              		@ args = 0, pretend = 0, frame = 0
 2189              		@ frame_needed = 0, uses_anonymous_args = 0
 2190              		.loc 1 786 55 is_stmt 0 view .LVU697
 2191 0000 08B5     		push	{r3, lr}
 2192              		.cfi_def_cfa_offset 8
 2193              		.cfi_offset 3, -8
 2194              		.cfi_offset 14, -4
 2195 0002 0346     		mov	r3, r0
 2196              		.loc 1 788 3 is_stmt 1 view .LVU698
 2197              		.loc 1 788 7 is_stmt 0 view .LVU699
 2198 0004 0068     		ldr	r0, [r0]
 2199              	.LVL133:
 2200              		.loc 1 788 6 view .LVU700
 2201 0006 20B1     		cbz	r0, .L76
 2202              	.LBB382:
 2203              		.loc 1 789 5 is_stmt 1 view .LVU701
 2204              	.LVL134:
 2205              		.loc 1 791 5 view .LVU702
 2206              		.loc 1 791 5 view .LVU703
 2207              		.loc 1 791 5 discriminator 5 view .LVU704
 2208              		.loc 1 793 5 view .LVU705
 2209              		.loc 1 793 10 is_stmt 0 view .LVU706
 2210 0008 0022     		movs	r2, #0
 2211 000a 1A60     		str	r2, [r3]
 2212              		.loc 1 794 5 is_stmt 1 view .LVU707
 2213              		.loc 1 794 18 is_stmt 0 view .LVU708
 2214 000c 4162     		str	r1, [r0, #36]
 2215              		.loc 1 795 5 is_stmt 1 view .LVU709
 2216              		.loc 1 795 12 is_stmt 0 view .LVU710
 2217 000e FFF7FEFF 		bl	chSchReadyI
 2218              	.LVL135:
 2219              	.L76:
 2220              		.loc 1 795 12 view .LVU711
 2221              	.LBE382:
 2222              		.loc 1 797 1 view .LVU712
ARM GAS  /tmp/ccnze4xj.s 			page 40


 2223 0012 08BD     		pop	{r3, pc}
 2224              		.cfi_endproc
 2225              	.LFE223:
 2226              		.size	chThdResumeI, .-chThdResumeI
 2227              		.section	.text.chThdResumeS,"ax",%progbits
 2228              		.align	1
 2229              		.p2align 4,,15
 2230              		.global	chThdResumeS
 2231              		.syntax unified
 2232              		.thumb
 2233              		.thumb_func
 2234              		.type	chThdResumeS, %function
 2235              	chThdResumeS:
 2236              	.LVL136:
 2237              	.LFB224:
 2238              		.loc 1 809 55 is_stmt 1 view -0
 2239              		.cfi_startproc
 2240              		@ args = 0, pretend = 0, frame = 0
 2241              		@ frame_needed = 0, uses_anonymous_args = 0
 2242              		.loc 1 809 55 is_stmt 0 view .LVU714
 2243 0000 08B5     		push	{r3, lr}
 2244              		.cfi_def_cfa_offset 8
 2245              		.cfi_offset 3, -8
 2246              		.cfi_offset 14, -4
 2247 0002 0346     		mov	r3, r0
 2248              		.loc 1 811 3 is_stmt 1 view .LVU715
 2249              		.loc 1 811 7 is_stmt 0 view .LVU716
 2250 0004 0068     		ldr	r0, [r0]
 2251              	.LVL137:
 2252              		.loc 1 811 6 view .LVU717
 2253 0006 18B1     		cbz	r0, .L79
 2254              	.LBB383:
 2255              		.loc 1 812 5 is_stmt 1 view .LVU718
 2256              	.LVL138:
 2257              		.loc 1 814 5 view .LVU719
 2258              		.loc 1 814 5 view .LVU720
 2259              		.loc 1 814 5 discriminator 5 view .LVU721
 2260              		.loc 1 816 5 view .LVU722
 2261              		.loc 1 816 10 is_stmt 0 view .LVU723
 2262 0008 0022     		movs	r2, #0
 2263 000a 1A60     		str	r2, [r3]
 2264              		.loc 1 817 5 is_stmt 1 view .LVU724
 2265 000c FFF7FEFF 		bl	chSchWakeupS
 2266              	.LVL139:
 2267              	.L79:
 2268              		.loc 1 817 5 is_stmt 0 view .LVU725
 2269              	.LBE383:
 2270              		.loc 1 819 1 view .LVU726
 2271 0010 08BD     		pop	{r3, pc}
 2272              		.cfi_endproc
 2273              	.LFE224:
 2274              		.size	chThdResumeS, .-chThdResumeS
 2275 0012 00BF     		.section	.text.chThdResume,"ax",%progbits
 2276              		.align	1
 2277              		.p2align 4,,15
 2278              		.global	chThdResume
 2279              		.syntax unified
ARM GAS  /tmp/ccnze4xj.s 			page 41


 2280              		.thumb
 2281              		.thumb_func
 2282              		.type	chThdResume, %function
 2283              	chThdResume:
 2284              	.LVL140:
 2285              	.LFB225:
 2286              		.loc 1 831 54 is_stmt 1 view -0
 2287              		.cfi_startproc
 2288              		@ args = 0, pretend = 0, frame = 0
 2289              		@ frame_needed = 0, uses_anonymous_args = 0
 2290              		.loc 1 831 54 is_stmt 0 view .LVU728
 2291 0000 08B5     		push	{r3, lr}
 2292              		.cfi_def_cfa_offset 8
 2293              		.cfi_offset 3, -8
 2294              		.cfi_offset 14, -4
 2295              		.loc 1 833 3 is_stmt 1 view .LVU729
 2296              	.LBB384:
 2297              	.LBI384:
 2298              		.loc 3 374 20 view .LVU730
 2299              		.loc 3 376 3 view .LVU731
 2300              	.LBB385:
 2301              	.LBI385:
 2302              		.loc 4 604 20 view .LVU732
 2303              		.loc 4 612 3 view .LVU733
 2304              	.LVL141:
 2305              	.LBB386:
 2306              	.LBI386:
 2307              		.loc 5 546 57 view .LVU734
 2308              	.LBB387:
 2309              		.loc 5 548 3 view .LVU735
 2310 0002 2023     		movs	r3, #32
 2311              		.syntax unified
 2312              	@ 548 "ChibiOS/os/common/ext/CMSIS/include/core_cmFunc.h" 1
 2313 0004 83F31188 		MSR basepri, r3
 2314              	@ 0 "" 2
 2315              	.LVL142:
 2316              		.loc 5 548 3 is_stmt 0 view .LVU736
 2317              		.thumb
 2318              		.syntax unified
 2319              	.LBE387:
 2320              	.LBE386:
 2321              	.LBE385:
 2322              		.loc 3 377 34 is_stmt 1 view .LVU737
 2323              		.loc 3 378 20 view .LVU738
 2324              	.LBE384:
 2325              		.loc 1 834 3 view .LVU739
 2326 0008 FFF7FEFF 		bl	chThdResumeS
 2327              	.LVL143:
 2328              		.loc 1 835 3 view .LVU740
 2329              	.LBB388:
 2330              	.LBI388:
 2331              		.loc 3 386 20 view .LVU741
 2332              	.LBB389:
 2333              		.loc 3 388 22 view .LVU742
 2334              		.loc 3 389 33 view .LVU743
 2335              		.loc 3 395 3 view .LVU744
 2336              		.loc 3 395 3 view .LVU745
ARM GAS  /tmp/ccnze4xj.s 			page 42


 2337              		.loc 3 395 3 discriminator 7 view .LVU746
 2338              		.loc 3 399 3 view .LVU747
 2339              	.LBB390:
 2340              	.LBI390:
 2341              		.loc 4 628 20 view .LVU748
 2342              		.loc 4 631 3 view .LVU749
 2343              	.LBB391:
 2344              	.LBI391:
 2345              		.loc 5 546 57 view .LVU750
 2346              	.LBB392:
 2347              		.loc 5 548 3 view .LVU751
 2348 000c 0023     		movs	r3, #0
 2349              		.syntax unified
 2350              	@ 548 "ChibiOS/os/common/ext/CMSIS/include/core_cmFunc.h" 1
 2351 000e 83F31188 		MSR basepri, r3
 2352              	@ 0 "" 2
 2353              	.LVL144:
 2354              		.loc 5 548 3 is_stmt 0 view .LVU752
 2355              		.thumb
 2356              		.syntax unified
 2357              	.LBE392:
 2358              	.LBE391:
 2359              	.LBE390:
 2360              	.LBE389:
 2361              	.LBE388:
 2362              		.loc 1 836 1 view .LVU753
 2363 0012 08BD     		pop	{r3, pc}
 2364              		.cfi_endproc
 2365              	.LFE225:
 2366              		.size	chThdResume, .-chThdResume
 2367              		.section	.text.chThdEnqueueTimeoutS,"ax",%progbits
 2368              		.align	1
 2369              		.p2align 4,,15
 2370              		.global	chThdEnqueueTimeoutS
 2371              		.syntax unified
 2372              		.thumb
 2373              		.thumb_func
 2374              		.type	chThdEnqueueTimeoutS, %function
 2375              	chThdEnqueueTimeoutS:
 2376              	.LVL145:
 2377              	.LFB226:
 2378              		.loc 1 861 69 is_stmt 1 view -0
 2379              		.cfi_startproc
 2380              		@ args = 0, pretend = 0, frame = 0
 2381              		@ frame_needed = 0, uses_anonymous_args = 0
 2382              		.loc 1 863 3 view .LVU755
 2383              		.loc 1 863 6 is_stmt 0 view .LVU756
 2384 0000 59B1     		cbz	r1, .L86
 2385              		.loc 1 861 69 view .LVU757
 2386 0002 08B5     		push	{r3, lr}
 2387              		.cfi_def_cfa_offset 8
 2388              		.cfi_offset 3, -8
 2389              		.cfi_offset 14, -4
 2390              		.loc 1 867 3 is_stmt 1 view .LVU758
 2391 0004 064B     		ldr	r3, .L91
 2392 0006 9B69     		ldr	r3, [r3, #24]
 2393              	.LVL146:
ARM GAS  /tmp/ccnze4xj.s 			page 43


 2394              	.LBB393:
 2395              	.LBI393:
 2396              		.loc 2 609 20 view .LVU759
 2397              	.LBB394:
 2398              		.loc 2 611 3 view .LVU760
 2399              		.loc 2 611 30 is_stmt 0 view .LVU761
 2400 0008 1860     		str	r0, [r3]
 2401              		.loc 2 612 3 is_stmt 1 view .LVU762
 2402              		.loc 2 612 35 is_stmt 0 view .LVU763
 2403 000a 4268     		ldr	r2, [r0, #4]
 2404              		.loc 2 612 30 view .LVU764
 2405 000c 5A60     		str	r2, [r3, #4]
 2406              		.loc 2 613 3 is_stmt 1 view .LVU765
 2407              		.loc 2 613 30 is_stmt 0 view .LVU766
 2408 000e 1360     		str	r3, [r2]
 2409              		.loc 2 614 3 is_stmt 1 view .LVU767
 2410              		.loc 2 614 30 is_stmt 0 view .LVU768
 2411 0010 4360     		str	r3, [r0, #4]
 2412              	.LVL147:
 2413              		.loc 2 614 30 view .LVU769
 2414              	.LBE394:
 2415              	.LBE393:
 2416              		.loc 1 869 3 is_stmt 1 view .LVU770
 2417              		.loc 1 869 10 is_stmt 0 view .LVU771
 2418 0012 0420     		movs	r0, #4
 2419              	.LVL148:
 2420              		.loc 1 869 10 view .LVU772
 2421 0014 FFF7FEFF 		bl	chSchGoSleepTimeoutS
 2422              	.LVL149:
 2423              		.loc 1 870 1 view .LVU773
 2424 0018 08BD     		pop	{r3, pc}
 2425              	.LVL150:
 2426              	.L86:
 2427              		.cfi_def_cfa_offset 0
 2428              		.cfi_restore 3
 2429              		.cfi_restore 14
 2430              		.loc 1 864 12 view .LVU774
 2431 001a 4FF0FF30 		mov	r0, #-1
 2432              	.LVL151:
 2433              		.loc 1 870 1 view .LVU775
 2434 001e 7047     		bx	lr
 2435              	.L92:
 2436              		.align	2
 2437              	.L91:
 2438 0020 00000000 		.word	ch
 2439              		.cfi_endproc
 2440              	.LFE226:
 2441              		.size	chThdEnqueueTimeoutS, .-chThdEnqueueTimeoutS
 2442              		.section	.text.chThdDequeueNextI,"ax",%progbits
 2443              		.align	1
 2444              		.p2align 4,,15
 2445              		.global	chThdDequeueNextI
 2446              		.syntax unified
 2447              		.thumb
 2448              		.thumb_func
 2449              		.type	chThdDequeueNextI, %function
 2450              	chThdDequeueNextI:
ARM GAS  /tmp/ccnze4xj.s 			page 44


 2451              	.LVL152:
 2452              	.LFB227:
 2453              		.loc 1 881 57 is_stmt 1 view -0
 2454              		.cfi_startproc
 2455              		@ args = 0, pretend = 0, frame = 0
 2456              		@ frame_needed = 0, uses_anonymous_args = 0
 2457              		.loc 1 881 57 is_stmt 0 view .LVU777
 2458 0000 08B5     		push	{r3, lr}
 2459              		.cfi_def_cfa_offset 8
 2460              		.cfi_offset 3, -8
 2461              		.cfi_offset 14, -4
 2462 0002 0346     		mov	r3, r0
 2463              		.loc 1 883 3 is_stmt 1 view .LVU778
 2464              	.LVL153:
 2465              	.LBB395:
 2466              	.LBI395:
 2467              		.loc 2 575 20 view .LVU779
 2468              	.LBB396:
 2469              		.loc 2 577 3 view .LVU780
 2470              		.loc 2 577 20 is_stmt 0 view .LVU781
 2471 0004 0068     		ldr	r0, [r0]
 2472              	.LVL154:
 2473              		.loc 2 577 20 view .LVU782
 2474              	.LBE396:
 2475              	.LBE395:
 2476              		.loc 1 883 6 discriminator 1 view .LVU783
 2477 0006 8342     		cmp	r3, r0
 2478 0008 05D0     		beq	.L93
 2479              		.loc 1 884 5 is_stmt 1 view .LVU784
 2480              	.LVL155:
 2481              	.LBB397:
 2482              	.LBI397:
 2483              		.loc 6 429 20 view .LVU785
 2484              	.LBB398:
 2485              		.loc 6 430 3 view .LVU786
 2486              		.loc 6 432 3 view .LVU787
 2487              		.loc 6 432 3 view .LVU788
 2488              		.loc 6 432 3 discriminator 5 view .LVU789
 2489              		.loc 6 434 3 view .LVU790
 2490              	.LBB399:
 2491              	.LBI399:
 2492              		.loc 2 617 25 view .LVU791
 2493              	.LBB400:
 2494              		.loc 2 618 3 view .LVU792
 2495              		.loc 2 620 3 view .LVU793
 2496              		.loc 2 620 36 is_stmt 0 view .LVU794
 2497 000a 0268     		ldr	r2, [r0]
 2498              		.loc 2 620 25 view .LVU795
 2499 000c 1A60     		str	r2, [r3]
 2500              		.loc 2 621 3 is_stmt 1 view .LVU796
 2501              		.loc 2 621 25 is_stmt 0 view .LVU797
 2502 000e 5360     		str	r3, [r2, #4]
 2503              		.loc 2 623 3 is_stmt 1 view .LVU798
 2504              	.LVL156:
 2505              		.loc 2 623 3 is_stmt 0 view .LVU799
 2506              	.LBE400:
 2507              	.LBE399:
ARM GAS  /tmp/ccnze4xj.s 			page 45


 2508              		.loc 6 436 3 is_stmt 1 view .LVU800
 2509              		.loc 6 436 3 view .LVU801
 2510              		.loc 6 436 3 discriminator 5 view .LVU802
 2511              		.loc 6 438 3 view .LVU803
 2512              		.loc 6 438 16 is_stmt 0 view .LVU804
 2513 0010 4162     		str	r1, [r0, #36]
 2514              		.loc 6 439 3 is_stmt 1 view .LVU805
 2515              		.loc 6 439 10 is_stmt 0 view .LVU806
 2516 0012 FFF7FEFF 		bl	chSchReadyI
 2517              	.LVL157:
 2518              	.L93:
 2519              		.loc 6 439 10 view .LVU807
 2520              	.LBE398:
 2521              	.LBE397:
 2522              		.loc 1 886 1 view .LVU808
 2523 0016 08BD     		pop	{r3, pc}
 2524              		.cfi_endproc
 2525              	.LFE227:
 2526              		.size	chThdDequeueNextI, .-chThdDequeueNextI
 2527              		.section	.text.chThdDequeueAllI,"ax",%progbits
 2528              		.align	1
 2529              		.p2align 4,,15
 2530              		.global	chThdDequeueAllI
 2531              		.syntax unified
 2532              		.thumb
 2533              		.thumb_func
 2534              		.type	chThdDequeueAllI, %function
 2535              	chThdDequeueAllI:
 2536              	.LVL158:
 2537              	.LFB228:
 2538              		.loc 1 896 56 is_stmt 1 view -0
 2539              		.cfi_startproc
 2540              		@ args = 0, pretend = 0, frame = 0
 2541              		@ frame_needed = 0, uses_anonymous_args = 0
 2542              		.loc 1 896 56 is_stmt 0 view .LVU810
 2543 0000 38B5     		push	{r3, r4, r5, lr}
 2544              		.cfi_def_cfa_offset 16
 2545              		.cfi_offset 3, -16
 2546              		.cfi_offset 4, -12
 2547              		.cfi_offset 5, -8
 2548              		.cfi_offset 14, -4
 2549 0002 0446     		mov	r4, r0
 2550 0004 0D46     		mov	r5, r1
 2551              		.loc 1 898 3 is_stmt 1 view .LVU811
 2552              		.loc 1 898 9 is_stmt 0 view .LVU812
 2553 0006 05E0     		b	.L97
 2554              	.LVL159:
 2555              	.L98:
 2556              		.loc 1 899 5 is_stmt 1 view .LVU813
 2557              	.LBB401:
 2558              	.LBI401:
 2559              		.loc 6 429 20 view .LVU814
 2560              	.LBB402:
 2561              		.loc 6 430 3 view .LVU815
 2562              		.loc 6 432 3 view .LVU816
 2563              		.loc 6 432 3 view .LVU817
 2564              		.loc 6 432 3 discriminator 5 view .LVU818
ARM GAS  /tmp/ccnze4xj.s 			page 46


 2565              		.loc 6 434 3 view .LVU819
 2566              	.LBB403:
 2567              	.LBI403:
 2568              		.loc 2 617 25 view .LVU820
 2569              	.LBB404:
 2570              		.loc 2 618 3 view .LVU821
 2571              		.loc 2 620 3 view .LVU822
 2572              		.loc 2 620 36 is_stmt 0 view .LVU823
 2573 0008 0368     		ldr	r3, [r0]
 2574              		.loc 2 620 25 view .LVU824
 2575 000a 2360     		str	r3, [r4]
 2576              		.loc 2 621 3 is_stmt 1 view .LVU825
 2577              		.loc 2 621 25 is_stmt 0 view .LVU826
 2578 000c 5C60     		str	r4, [r3, #4]
 2579              		.loc 2 623 3 is_stmt 1 view .LVU827
 2580              	.LVL160:
 2581              		.loc 2 623 3 is_stmt 0 view .LVU828
 2582              	.LBE404:
 2583              	.LBE403:
 2584              		.loc 6 436 3 is_stmt 1 view .LVU829
 2585              		.loc 6 436 3 view .LVU830
 2586              		.loc 6 436 3 discriminator 5 view .LVU831
 2587              		.loc 6 438 3 view .LVU832
 2588              		.loc 6 438 16 is_stmt 0 view .LVU833
 2589 000e 4562     		str	r5, [r0, #36]
 2590              		.loc 6 439 3 is_stmt 1 view .LVU834
 2591              		.loc 6 439 10 is_stmt 0 view .LVU835
 2592 0010 FFF7FEFF 		bl	chSchReadyI
 2593              	.LVL161:
 2594              	.L97:
 2595              		.loc 6 439 10 view .LVU836
 2596              	.LBE402:
 2597              	.LBE401:
 2598              		.loc 1 898 10 is_stmt 1 view .LVU837
 2599              	.LBB405:
 2600              	.LBI405:
 2601              		.loc 2 575 20 view .LVU838
 2602              	.LBB406:
 2603              		.loc 2 577 3 view .LVU839
 2604              		.loc 2 577 20 is_stmt 0 view .LVU840
 2605 0014 2068     		ldr	r0, [r4]
 2606              	.LVL162:
 2607              		.loc 2 577 20 view .LVU841
 2608              	.LBE406:
 2609              	.LBE405:
 2610              		.loc 1 898 10 discriminator 1 view .LVU842
 2611 0016 8442     		cmp	r4, r0
 2612 0018 F6D1     		bne	.L98
 2613              		.loc 1 901 1 view .LVU843
 2614 001a 38BD     		pop	{r3, r4, r5, pc}
 2615              		.loc 1 901 1 view .LVU844
 2616              		.cfi_endproc
 2617              	.LFE228:
 2618              		.size	chThdDequeueAllI, .-chThdDequeueAllI
 2619              		.text
 2620              	.Letext0:
 2621              		.file 10 "/usr/lib/gcc/arm-none-eabi/13.2.1/include/stddef.h"
ARM GAS  /tmp/ccnze4xj.s 			page 47


 2622              		.file 11 "/usr/lib/gcc/arm-none-eabi/13.2.1/include/stdint.h"
 2623              		.file 12 "ChibiOS/os/common/ports/ARMCMx/compilers/GCC/chtypes.h"
 2624              		.file 13 "ChibiOS/os/rt/include/chsystypes.h"
 2625              		.file 14 "ChibiOS/os/common/ports/ARMCMx/chcore.h"
 2626              		.file 15 "ChibiOS/os/hal/ports/STM32/LLD/TIMv1/stm32_tim.h"
 2627              		.section	.debug_info,"",%progbits
 2628              	.Ldebug_info0:
 2629 0000 83220000 		.4byte	0x2283
 2630 0004 0500     		.2byte	0x5
 2631 0006 01       		.byte	0x1
 2632 0007 04       		.byte	0x4
 2633 0008 00000000 		.4byte	.Ldebug_abbrev0
 2634 000c 35       		.uleb128 0x35
 2635 000d 21000000 		.4byte	.LASF148
 2636 0011 1D       		.byte	0x1d
 2637 0012 05080000 		.4byte	.LASF149
 2638 0016 B9050000 		.4byte	.LASF150
 2639 001a 0C000000 		.4byte	.LLRL105
 2640 001e 00000000 		.4byte	0
 2641 0022 00000000 		.4byte	.Ldebug_line0
 2642 0026 0E       		.uleb128 0xe
 2643 0027 08       		.byte	0x8
 2644 0028 07       		.byte	0x7
 2645 0029 41030000 		.4byte	.LASF0
 2646 002d 0E       		.uleb128 0xe
 2647 002e 04       		.byte	0x4
 2648 002f 07       		.byte	0x7
 2649 0030 BF010000 		.4byte	.LASF1
 2650 0034 36       		.uleb128 0x36
 2651 0035 04       		.byte	0x4
 2652 0036 05       		.byte	0x5
 2653 0037 696E7400 		.ascii	"int\000"
 2654 003b 07       		.uleb128 0x7
 2655 003c D6030000 		.4byte	.LASF6
 2656 0040 0A       		.byte	0xa
 2657 0041 D6       		.byte	0xd6
 2658 0042 17       		.byte	0x17
 2659 0043 2D000000 		.4byte	0x2d
 2660 0047 0E       		.uleb128 0xe
 2661 0048 08       		.byte	0x8
 2662 0049 05       		.byte	0x5
 2663 004a DF040000 		.4byte	.LASF2
 2664 004e 0E       		.uleb128 0xe
 2665 004f 08       		.byte	0x8
 2666 0050 04       		.byte	0x4
 2667 0051 A8050000 		.4byte	.LASF3
 2668 0055 0E       		.uleb128 0xe
 2669 0056 01       		.byte	0x1
 2670 0057 06       		.byte	0x6
 2671 0058 54070000 		.4byte	.LASF4
 2672 005c 0E       		.uleb128 0xe
 2673 005d 02       		.byte	0x2
 2674 005e 05       		.byte	0x5
 2675 005f D6050000 		.4byte	.LASF5
 2676 0063 07       		.uleb128 0x7
 2677 0064 BA060000 		.4byte	.LASF7
 2678 0068 0B       		.byte	0xb
ARM GAS  /tmp/ccnze4xj.s 			page 48


 2679 0069 28       		.byte	0x28
 2680 006a 18       		.byte	0x18
 2681 006b 6F000000 		.4byte	0x6f
 2682 006f 0E       		.uleb128 0xe
 2683 0070 04       		.byte	0x4
 2684 0071 05       		.byte	0x5
 2685 0072 EC050000 		.4byte	.LASF8
 2686 0076 07       		.uleb128 0x7
 2687 0077 A9040000 		.4byte	.LASF9
 2688 007b 0B       		.byte	0xb
 2689 007c 2E       		.byte	0x2e
 2690 007d 18       		.byte	0x18
 2691 007e 82000000 		.4byte	0x82
 2692 0082 0E       		.uleb128 0xe
 2693 0083 01       		.byte	0x1
 2694 0084 08       		.byte	0x8
 2695 0085 F0060000 		.4byte	.LASF10
 2696 0089 0E       		.uleb128 0xe
 2697 008a 02       		.byte	0x2
 2698 008b 07       		.byte	0x7
 2699 008c 66070000 		.4byte	.LASF11
 2700 0090 07       		.uleb128 0x7
 2701 0091 93020000 		.4byte	.LASF12
 2702 0095 0B       		.byte	0xb
 2703 0096 34       		.byte	0x34
 2704 0097 19       		.byte	0x19
 2705 0098 A1000000 		.4byte	0xa1
 2706 009c 1D       		.uleb128 0x1d
 2707 009d 90000000 		.4byte	0x90
 2708 00a1 0E       		.uleb128 0xe
 2709 00a2 04       		.byte	0x4
 2710 00a3 07       		.byte	0x7
 2711 00a4 80060000 		.4byte	.LASF13
 2712 00a8 07       		.uleb128 0x7
 2713 00a9 2F060000 		.4byte	.LASF14
 2714 00ad 0B       		.byte	0xb
 2715 00ae 37       		.byte	0x37
 2716 00af 19       		.byte	0x19
 2717 00b0 26000000 		.4byte	0x26
 2718 00b4 07       		.uleb128 0x7
 2719 00b5 95050000 		.4byte	.LASF15
 2720 00b9 0C       		.byte	0xc
 2721 00ba 3C       		.byte	0x3c
 2722 00bb 1D       		.byte	0x1d
 2723 00bc 76000000 		.4byte	0x76
 2724 00c0 07       		.uleb128 0x7
 2725 00c1 94040000 		.4byte	.LASF16
 2726 00c5 0C       		.byte	0xc
 2727 00c6 3D       		.byte	0x3d
 2728 00c7 1D       		.byte	0x1d
 2729 00c8 76000000 		.4byte	0x76
 2730 00cc 07       		.uleb128 0x7
 2731 00cd 78060000 		.4byte	.LASF17
 2732 00d1 0C       		.byte	0xc
 2733 00d2 3E       		.byte	0x3e
 2734 00d3 1D       		.byte	0x1d
 2735 00d4 76000000 		.4byte	0x76
ARM GAS  /tmp/ccnze4xj.s 			page 49


 2736 00d8 07       		.uleb128 0x7
 2737 00d9 EC020000 		.4byte	.LASF18
 2738 00dd 0C       		.byte	0xc
 2739 00de 40       		.byte	0x40
 2740 00df 1D       		.byte	0x1d
 2741 00e0 90000000 		.4byte	0x90
 2742 00e4 07       		.uleb128 0x7
 2743 00e5 FC040000 		.4byte	.LASF19
 2744 00e9 0C       		.byte	0xc
 2745 00ea 41       		.byte	0x41
 2746 00eb 1D       		.byte	0x1d
 2747 00ec 63000000 		.4byte	0x63
 2748 00f0 07       		.uleb128 0x7
 2749 00f1 A3010000 		.4byte	.LASF20
 2750 00f5 0D       		.byte	0xd
 2751 00f6 33       		.byte	0x33
 2752 00f7 12       		.byte	0x12
 2753 00f8 90000000 		.4byte	0x90
 2754 00fc 07       		.uleb128 0x7
 2755 00fd CD030000 		.4byte	.LASF21
 2756 0101 0D       		.byte	0xd
 2757 0102 3F       		.byte	0x3f
 2758 0103 1A       		.byte	0x1a
 2759 0104 08010000 		.4byte	0x108
 2760 0108 1E       		.uleb128 0x1e
 2761 0109 B6040000 		.4byte	.LASF34
 2762 010d 2C       		.byte	0x2c
 2763 010e 02       		.byte	0x2
 2764 010f 9A       		.byte	0x9a
 2765 0110 B1010000 		.4byte	0x1b1
 2766 0114 09       		.uleb128 0x9
 2767 0115 B4060000 		.4byte	.LASF22
 2768 0119 02       		.byte	0x2
 2769 011a 9B       		.byte	0x9b
 2770 011b 19       		.byte	0x19
 2771 011c E8010000 		.4byte	0x1e8
 2772 0120 00       		.byte	0
 2773 0121 09       		.uleb128 0x9
 2774 0122 5C040000 		.4byte	.LASF23
 2775 0126 02       		.byte	0x2
 2776 0127 9C       		.byte	0x9c
 2777 0128 19       		.byte	0x19
 2778 0129 D8000000 		.4byte	0xd8
 2779 012d 08       		.byte	0x8
 2780 012e 22       		.uleb128 0x22
 2781 012f 63747800 		.ascii	"ctx\000"
 2782 0133 02       		.byte	0x2
 2783 0134 9D       		.byte	0x9d
 2784 0135 19       		.byte	0x19
 2785 0136 1A040000 		.4byte	0x41a
 2786 013a 0C       		.byte	0xc
 2787 013b 09       		.uleb128 0x9
 2788 013c DD060000 		.4byte	.LASF24
 2789 0140 02       		.byte	0x2
 2790 0141 9F       		.byte	0x9f
 2791 0142 1A       		.byte	0x1a
 2792 0143 BD010000 		.4byte	0x1bd
ARM GAS  /tmp/ccnze4xj.s 			page 50


 2793 0147 10       		.byte	0x10
 2794 0148 09       		.uleb128 0x9
 2795 0149 C9070000 		.4byte	.LASF25
 2796 014d 02       		.byte	0x2
 2797 014e A0       		.byte	0xa0
 2798 014f 1A       		.byte	0x1a
 2799 0150 BD010000 		.4byte	0x1bd
 2800 0154 14       		.byte	0x14
 2801 0155 09       		.uleb128 0x9
 2802 0156 59060000 		.4byte	.LASF26
 2803 015a 02       		.byte	0x2
 2804 015b A7       		.byte	0xa7
 2805 015c 1A       		.byte	0x1a
 2806 015d 06070000 		.4byte	0x706
 2807 0161 18       		.byte	0x18
 2808 0162 09       		.uleb128 0x9
 2809 0163 7E040000 		.4byte	.LASF27
 2810 0167 02       		.byte	0x2
 2811 0168 B0       		.byte	0xb0
 2812 0169 1A       		.byte	0x1a
 2813 016a 1C070000 		.4byte	0x71c
 2814 016e 1C       		.byte	0x1c
 2815 016f 09       		.uleb128 0x9
 2816 0170 3C070000 		.4byte	.LASF28
 2817 0174 02       		.byte	0x2
 2818 0175 B5       		.byte	0xb5
 2819 0176 19       		.byte	0x19
 2820 0177 C0000000 		.4byte	0xc0
 2821 017b 20       		.byte	0x20
 2822 017c 09       		.uleb128 0x9
 2823 017d 9D010000 		.4byte	.LASF29
 2824 0181 02       		.byte	0x2
 2825 0182 B9       		.byte	0xb9
 2826 0183 19       		.byte	0x19
 2827 0184 B4000000 		.4byte	0xb4
 2828 0188 21       		.byte	0x21
 2829 0189 09       		.uleb128 0x9
 2830 018a E0010000 		.4byte	.LASF30
 2831 018e 02       		.byte	0x2
 2832 018f BE       		.byte	0xbe
 2833 0190 19       		.byte	0x19
 2834 0191 CC000000 		.4byte	0xcc
 2835 0195 22       		.byte	0x22
 2836 0196 03       		.uleb128 0x3
 2837 0197 7500     		.ascii	"u\000"
 2838 0199 02       		.byte	0x2
 2839 019a 0F01     		.2byte	0x10f
 2840 019c 19       		.byte	0x19
 2841 019d CB060000 		.4byte	0x6cb
 2842 01a1 24       		.byte	0x24
 2843 01a2 06       		.uleb128 0x6
 2844 01a3 FE060000 		.4byte	.LASF31
 2845 01a7 02       		.byte	0x2
 2846 01a8 1401     		.2byte	0x114
 2847 01aa 19       		.byte	0x19
 2848 01ab C2010000 		.4byte	0x1c2
 2849 01af 28       		.byte	0x28
ARM GAS  /tmp/ccnze4xj.s 			page 51


 2850 01b0 00       		.byte	0
 2851 01b1 07       		.uleb128 0x7
 2852 01b2 6B040000 		.4byte	.LASF32
 2853 01b6 0D       		.byte	0xd
 2854 01b7 44       		.byte	0x44
 2855 01b8 14       		.byte	0x14
 2856 01b9 BD010000 		.4byte	0x1bd
 2857 01bd 0F       		.uleb128 0xf
 2858 01be FC000000 		.4byte	0xfc
 2859 01c2 07       		.uleb128 0x7
 2860 01c3 D1010000 		.4byte	.LASF33
 2861 01c7 0D       		.byte	0xd
 2862 01c8 49       		.byte	0x49
 2863 01c9 20       		.byte	0x20
 2864 01ca CE010000 		.4byte	0x1ce
 2865 01ce 1E       		.uleb128 0x1e
 2866 01cf 11000000 		.4byte	.LASF35
 2867 01d3 04       		.byte	0x4
 2868 01d4 02       		.byte	0x2
 2869 01d5 88       		.byte	0x88
 2870 01d6 E8010000 		.4byte	0x1e8
 2871 01da 09       		.uleb128 0x9
 2872 01db CC010000 		.4byte	.LASF36
 2873 01df 02       		.byte	0x2
 2874 01e0 89       		.byte	0x89
 2875 01e1 1A       		.byte	0x1a
 2876 01e2 BD010000 		.4byte	0x1bd
 2877 01e6 00       		.byte	0
 2878 01e7 00       		.byte	0
 2879 01e8 07       		.uleb128 0x7
 2880 01e9 92030000 		.4byte	.LASF37
 2881 01ed 0D       		.byte	0xd
 2882 01ee 50       		.byte	0x50
 2883 01ef 21       		.byte	0x21
 2884 01f0 F9010000 		.4byte	0x1f9
 2885 01f4 0C       		.uleb128 0xc
 2886 01f5 E8010000 		.4byte	0x1e8
 2887 01f9 1E       		.uleb128 0x1e
 2888 01fa 3D020000 		.4byte	.LASF38
 2889 01fe 08       		.byte	0x8
 2890 01ff 02       		.byte	0x2
 2891 0200 8F       		.byte	0x8f
 2892 0201 20020000 		.4byte	0x220
 2893 0205 09       		.uleb128 0x9
 2894 0206 CC010000 		.4byte	.LASF36
 2895 020a 02       		.byte	0x2
 2896 020b 90       		.byte	0x90
 2897 020c 1A       		.byte	0x1a
 2898 020d BD010000 		.4byte	0x1bd
 2899 0211 00       		.byte	0
 2900 0212 09       		.uleb128 0x9
 2901 0213 38020000 		.4byte	.LASF39
 2902 0217 02       		.byte	0x2
 2903 0218 91       		.byte	0x91
 2904 0219 1A       		.byte	0x1a
 2905 021a BD010000 		.4byte	0x1bd
 2906 021e 04       		.byte	0x4
ARM GAS  /tmp/ccnze4xj.s 			page 52


 2907 021f 00       		.byte	0
 2908 0220 07       		.uleb128 0x7
 2909 0221 92060000 		.4byte	.LASF40
 2910 0225 0D       		.byte	0xd
 2911 0226 57       		.byte	0x57
 2912 0227 1E       		.byte	0x1e
 2913 0228 2C020000 		.4byte	0x22c
 2914 022c 19       		.uleb128 0x19
 2915 022d 13020000 		.4byte	.LASF41
 2916 0231 1C       		.byte	0x1c
 2917 0232 02       		.byte	0x2
 2918 0233 6A01     		.2byte	0x16a
 2919 0235 8E020000 		.4byte	0x28e
 2920 0239 06       		.uleb128 0x6
 2921 023a B4060000 		.4byte	.LASF22
 2922 023e 02       		.byte	0x2
 2923 023f 6B01     		.2byte	0x16b
 2924 0241 19       		.byte	0x19
 2925 0242 E8010000 		.4byte	0x1e8
 2926 0246 00       		.byte	0
 2927 0247 06       		.uleb128 0x6
 2928 0248 5C040000 		.4byte	.LASF23
 2929 024c 02       		.byte	0x2
 2930 024d 6C01     		.2byte	0x16c
 2931 024f 19       		.byte	0x19
 2932 0250 D8000000 		.4byte	0xd8
 2933 0254 08       		.byte	0x8
 2934 0255 03       		.uleb128 0x3
 2935 0256 63747800 		.ascii	"ctx\000"
 2936 025a 02       		.byte	0x2
 2937 025b 6E01     		.2byte	0x16e
 2938 025d 19       		.byte	0x19
 2939 025e 1A040000 		.4byte	0x41a
 2940 0262 0C       		.byte	0xc
 2941 0263 06       		.uleb128 0x6
 2942 0264 DD060000 		.4byte	.LASF24
 2943 0268 02       		.byte	0x2
 2944 0269 7101     		.2byte	0x171
 2945 026b 1A       		.byte	0x1a
 2946 026c BD010000 		.4byte	0x1bd
 2947 0270 10       		.byte	0x10
 2948 0271 06       		.uleb128 0x6
 2949 0272 C9070000 		.4byte	.LASF25
 2950 0276 02       		.byte	0x2
 2951 0277 7201     		.2byte	0x172
 2952 0279 1A       		.byte	0x1a
 2953 027a BD010000 		.4byte	0x1bd
 2954 027e 14       		.byte	0x14
 2955 027f 06       		.uleb128 0x6
 2956 0280 91070000 		.4byte	.LASF42
 2957 0284 02       		.byte	0x2
 2958 0285 7501     		.2byte	0x175
 2959 0287 1A       		.byte	0x1a
 2960 0288 BD010000 		.4byte	0x1bd
 2961 028c 18       		.byte	0x18
 2962 028d 00       		.byte	0
 2963 028e 07       		.uleb128 0x7
ARM GAS  /tmp/ccnze4xj.s 			page 53


 2964 028f 61020000 		.4byte	.LASF43
 2965 0293 0D       		.byte	0xd
 2966 0294 5C       		.byte	0x5c
 2967 0295 10       		.byte	0x10
 2968 0296 9A020000 		.4byte	0x29a
 2969 029a 0F       		.uleb128 0xf
 2970 029b 9F020000 		.4byte	0x29f
 2971 029f 37       		.uleb128 0x37
 2972 02a0 AA020000 		.4byte	0x2aa
 2973 02a4 17       		.uleb128 0x17
 2974 02a5 AA020000 		.4byte	0x2aa
 2975 02a9 00       		.byte	0
 2976 02aa 38       		.uleb128 0x38
 2977 02ab 04       		.byte	0x4
 2978 02ac 07       		.uleb128 0x7
 2979 02ad 0E050000 		.4byte	.LASF44
 2980 02b1 0D       		.byte	0xd
 2981 02b2 61       		.byte	0x61
 2982 02b3 21       		.byte	0x21
 2983 02b4 B8020000 		.4byte	0x2b8
 2984 02b8 19       		.uleb128 0x19
 2985 02b9 01030000 		.4byte	.LASF45
 2986 02bd 14       		.byte	0x14
 2987 02be 02       		.byte	0x2
 2988 02bf 4501     		.2byte	0x145
 2989 02c1 0C030000 		.4byte	0x30c
 2990 02c5 06       		.uleb128 0x6
 2991 02c6 CC010000 		.4byte	.LASF36
 2992 02ca 02       		.byte	0x2
 2993 02cb 4601     		.2byte	0x146
 2994 02cd 1A       		.byte	0x1a
 2995 02ce 21070000 		.4byte	0x721
 2996 02d2 00       		.byte	0
 2997 02d3 06       		.uleb128 0x6
 2998 02d4 38020000 		.4byte	.LASF39
 2999 02d8 02       		.byte	0x2
 3000 02d9 4701     		.2byte	0x147
 3001 02db 1A       		.byte	0x1a
 3002 02dc 21070000 		.4byte	0x721
 3003 02e0 04       		.byte	0x4
 3004 02e1 06       		.uleb128 0x6
 3005 02e2 60070000 		.4byte	.LASF46
 3006 02e6 02       		.byte	0x2
 3007 02e7 4801     		.2byte	0x148
 3008 02e9 19       		.byte	0x19
 3009 02ea F0000000 		.4byte	0xf0
 3010 02ee 08       		.byte	0x8
 3011 02ef 06       		.uleb128 0x6
 3012 02f0 2D020000 		.4byte	.LASF47
 3013 02f4 02       		.byte	0x2
 3014 02f5 4901     		.2byte	0x149
 3015 02f7 19       		.byte	0x19
 3016 02f8 8E020000 		.4byte	0x28e
 3017 02fc 0C       		.byte	0xc
 3018 02fd 03       		.uleb128 0x3
 3019 02fe 70617200 		.ascii	"par\000"
 3020 0302 02       		.byte	0x2
ARM GAS  /tmp/ccnze4xj.s 			page 54


 3021 0303 4B01     		.2byte	0x14b
 3022 0305 1A       		.byte	0x1a
 3023 0306 AA020000 		.4byte	0x2aa
 3024 030a 10       		.byte	0x10
 3025 030b 00       		.byte	0
 3026 030c 07       		.uleb128 0x7
 3027 030d 06070000 		.4byte	.LASF48
 3028 0311 0D       		.byte	0xd
 3029 0312 66       		.byte	0x66
 3030 0313 28       		.byte	0x28
 3031 0314 18030000 		.4byte	0x318
 3032 0318 19       		.uleb128 0x19
 3033 0319 A8030000 		.4byte	.LASF49
 3034 031d 10       		.byte	0x10
 3035 031e 02       		.byte	0x2
 3036 031f 5501     		.2byte	0x155
 3037 0321 5E030000 		.4byte	0x35e
 3038 0325 06       		.uleb128 0x6
 3039 0326 CC010000 		.4byte	.LASF36
 3040 032a 02       		.byte	0x2
 3041 032b 5601     		.2byte	0x156
 3042 032d 1A       		.byte	0x1a
 3043 032e 21070000 		.4byte	0x721
 3044 0332 00       		.byte	0
 3045 0333 06       		.uleb128 0x6
 3046 0334 38020000 		.4byte	.LASF39
 3047 0338 02       		.byte	0x2
 3048 0339 5801     		.2byte	0x158
 3049 033b 1A       		.byte	0x1a
 3050 033c 21070000 		.4byte	0x721
 3051 0340 04       		.byte	0x4
 3052 0341 06       		.uleb128 0x6
 3053 0342 60070000 		.4byte	.LASF46
 3054 0346 02       		.byte	0x2
 3055 0347 5A01     		.2byte	0x15a
 3056 0349 19       		.byte	0x19
 3057 034a F0000000 		.4byte	0xf0
 3058 034e 08       		.byte	0x8
 3059 034f 06       		.uleb128 0x6
 3060 0350 26060000 		.4byte	.LASF50
 3061 0354 02       		.byte	0x2
 3062 0355 6201     		.2byte	0x162
 3063 0357 19       		.byte	0x19
 3064 0358 F0000000 		.4byte	0xf0
 3065 035c 0C       		.byte	0xc
 3066 035d 00       		.byte	0
 3067 035e 07       		.uleb128 0x7
 3068 035f CB040000 		.4byte	.LASF51
 3069 0363 0D       		.byte	0xd
 3070 0364 6B       		.byte	0x6b
 3071 0365 20       		.byte	0x20
 3072 0366 6A030000 		.4byte	0x36a
 3073 036a 19       		.uleb128 0x19
 3074 036b 76020000 		.4byte	.LASF52
 3075 036f 04       		.byte	0x4
 3076 0370 02       		.byte	0x2
 3077 0371 7C01     		.2byte	0x17c
ARM GAS  /tmp/ccnze4xj.s 			page 55


 3078 0373 86030000 		.4byte	0x386
 3079 0377 06       		.uleb128 0x6
 3080 0378 8B050000 		.4byte	.LASF53
 3081 037c 02       		.byte	0x2
 3082 037d 8401     		.2byte	0x184
 3083 037f 24       		.byte	0x24
 3084 0380 0B070000 		.4byte	0x70b
 3085 0384 00       		.byte	0
 3086 0385 00       		.byte	0
 3087 0386 07       		.uleb128 0x7
 3088 0387 42070000 		.4byte	.LASF54
 3089 038b 0D       		.byte	0xd
 3090 038c 70       		.byte	0x70
 3091 038d 1A       		.byte	0x1a
 3092 038e 92030000 		.4byte	0x392
 3093 0392 19       		.uleb128 0x19
 3094 0393 06060000 		.4byte	.LASF55
 3095 0397 5C       		.byte	0x5c
 3096 0398 02       		.byte	0x2
 3097 0399 9C01     		.2byte	0x19c
 3098 039b D8030000 		.4byte	0x3d8
 3099 039f 06       		.uleb128 0x6
 3100 03a0 38060000 		.4byte	.LASF56
 3101 03a4 02       		.byte	0x2
 3102 03a5 A001     		.2byte	0x1a0
 3103 03a7 19       		.byte	0x19
 3104 03a8 20020000 		.4byte	0x220
 3105 03ac 00       		.byte	0
 3106 03ad 06       		.uleb128 0x6
 3107 03ae FF010000 		.4byte	.LASF57
 3108 03b2 02       		.byte	0x2
 3109 03b3 A401     		.2byte	0x1a4
 3110 03b5 19       		.byte	0x19
 3111 03b6 0C030000 		.4byte	0x30c
 3112 03ba 1C       		.byte	0x1c
 3113 03bb 03       		.uleb128 0x3
 3114 03bc 64626700 		.ascii	"dbg\000"
 3115 03c0 02       		.byte	0x2
 3116 03c1 A801     		.2byte	0x1a8
 3117 03c3 19       		.byte	0x19
 3118 03c4 5E030000 		.4byte	0x35e
 3119 03c8 2C       		.byte	0x2c
 3120 03c9 06       		.uleb128 0x6
 3121 03ca 9D050000 		.4byte	.LASF58
 3122 03ce 02       		.byte	0x2
 3123 03cf AC01     		.2byte	0x1ac
 3124 03d1 19       		.byte	0x19
 3125 03d2 FC000000 		.4byte	0xfc
 3126 03d6 30       		.byte	0x30
 3127 03d7 00       		.byte	0
 3128 03d8 10       		.uleb128 0x10
 3129 03d9 9C000000 		.4byte	0x9c
 3130 03dd E8030000 		.4byte	0x3e8
 3131 03e1 11       		.uleb128 0x11
 3132 03e2 2D000000 		.4byte	0x2d
 3133 03e6 01       		.byte	0x1
 3134 03e7 00       		.byte	0
ARM GAS  /tmp/ccnze4xj.s 			page 56


 3135 03e8 1D       		.uleb128 0x1d
 3136 03e9 D8030000 		.4byte	0x3d8
 3137 03ed 10       		.uleb128 0x10
 3138 03ee 9C000000 		.4byte	0x9c
 3139 03f2 FD030000 		.4byte	0x3fd
 3140 03f6 11       		.uleb128 0x11
 3141 03f7 2D000000 		.4byte	0x2d
 3142 03fb 03       		.byte	0x3
 3143 03fc 00       		.byte	0
 3144 03fd 1D       		.uleb128 0x1d
 3145 03fe ED030000 		.4byte	0x3ed
 3146 0402 07       		.uleb128 0x7
 3147 0403 7F010000 		.4byte	.LASF59
 3148 0407 0E       		.byte	0xe
 3149 0408 65       		.byte	0x65
 3150 0409 0F       		.byte	0xf
 3151 040a AA020000 		.4byte	0x2aa
 3152 040e 07       		.uleb128 0x7
 3153 040f 86070000 		.4byte	.LASF60
 3154 0413 0E       		.byte	0xe
 3155 0414 6D       		.byte	0x6d
 3156 0415 12       		.byte	0x12
 3157 0416 A8000000 		.4byte	0xa8
 3158 041a 1E       		.uleb128 0x1e
 3159 041b 06020000 		.4byte	.LASF61
 3160 041f 04       		.byte	0x4
 3161 0420 0E       		.byte	0xe
 3162 0421 89       		.byte	0x89
 3163 0422 33040000 		.4byte	0x433
 3164 0426 22       		.uleb128 0x22
 3165 0427 737000   		.ascii	"sp\000"
 3166 042a 0E       		.byte	0xe
 3167 042b 8A       		.byte	0x8a
 3168 042c 17       		.byte	0x17
 3169 042d 98050000 		.4byte	0x598
 3170 0431 00       		.byte	0
 3171 0432 00       		.byte	0
 3172 0433 19       		.uleb128 0x19
 3173 0434 F5050000 		.4byte	.LASF62
 3174 0438 64       		.byte	0x64
 3175 0439 04       		.byte	0x4
 3176 043a 6001     		.2byte	0x160
 3177 043c 98050000 		.4byte	0x598
 3178 0440 03       		.uleb128 0x3
 3179 0441 73313600 		.ascii	"s16\000"
 3180 0445 04       		.byte	0x4
 3181 0446 6201     		.2byte	0x162
 3182 0448 11       		.byte	0x11
 3183 0449 02040000 		.4byte	0x402
 3184 044d 00       		.byte	0
 3185 044e 03       		.uleb128 0x3
 3186 044f 73313700 		.ascii	"s17\000"
 3187 0453 04       		.byte	0x4
 3188 0454 6301     		.2byte	0x163
 3189 0456 11       		.byte	0x11
 3190 0457 02040000 		.4byte	0x402
 3191 045b 04       		.byte	0x4
ARM GAS  /tmp/ccnze4xj.s 			page 57


 3192 045c 03       		.uleb128 0x3
 3193 045d 73313800 		.ascii	"s18\000"
 3194 0461 04       		.byte	0x4
 3195 0462 6401     		.2byte	0x164
 3196 0464 11       		.byte	0x11
 3197 0465 02040000 		.4byte	0x402
 3198 0469 08       		.byte	0x8
 3199 046a 03       		.uleb128 0x3
 3200 046b 73313900 		.ascii	"s19\000"
 3201 046f 04       		.byte	0x4
 3202 0470 6501     		.2byte	0x165
 3203 0472 11       		.byte	0x11
 3204 0473 02040000 		.4byte	0x402
 3205 0477 0C       		.byte	0xc
 3206 0478 03       		.uleb128 0x3
 3207 0479 73323000 		.ascii	"s20\000"
 3208 047d 04       		.byte	0x4
 3209 047e 6601     		.2byte	0x166
 3210 0480 11       		.byte	0x11
 3211 0481 02040000 		.4byte	0x402
 3212 0485 10       		.byte	0x10
 3213 0486 03       		.uleb128 0x3
 3214 0487 73323100 		.ascii	"s21\000"
 3215 048b 04       		.byte	0x4
 3216 048c 6701     		.2byte	0x167
 3217 048e 11       		.byte	0x11
 3218 048f 02040000 		.4byte	0x402
 3219 0493 14       		.byte	0x14
 3220 0494 03       		.uleb128 0x3
 3221 0495 73323200 		.ascii	"s22\000"
 3222 0499 04       		.byte	0x4
 3223 049a 6801     		.2byte	0x168
 3224 049c 11       		.byte	0x11
 3225 049d 02040000 		.4byte	0x402
 3226 04a1 18       		.byte	0x18
 3227 04a2 03       		.uleb128 0x3
 3228 04a3 73323300 		.ascii	"s23\000"
 3229 04a7 04       		.byte	0x4
 3230 04a8 6901     		.2byte	0x169
 3231 04aa 11       		.byte	0x11
 3232 04ab 02040000 		.4byte	0x402
 3233 04af 1C       		.byte	0x1c
 3234 04b0 03       		.uleb128 0x3
 3235 04b1 73323400 		.ascii	"s24\000"
 3236 04b5 04       		.byte	0x4
 3237 04b6 6A01     		.2byte	0x16a
 3238 04b8 11       		.byte	0x11
 3239 04b9 02040000 		.4byte	0x402
 3240 04bd 20       		.byte	0x20
 3241 04be 03       		.uleb128 0x3
 3242 04bf 73323500 		.ascii	"s25\000"
 3243 04c3 04       		.byte	0x4
 3244 04c4 6B01     		.2byte	0x16b
 3245 04c6 11       		.byte	0x11
 3246 04c7 02040000 		.4byte	0x402
 3247 04cb 24       		.byte	0x24
 3248 04cc 03       		.uleb128 0x3
ARM GAS  /tmp/ccnze4xj.s 			page 58


 3249 04cd 73323600 		.ascii	"s26\000"
 3250 04d1 04       		.byte	0x4
 3251 04d2 6C01     		.2byte	0x16c
 3252 04d4 11       		.byte	0x11
 3253 04d5 02040000 		.4byte	0x402
 3254 04d9 28       		.byte	0x28
 3255 04da 03       		.uleb128 0x3
 3256 04db 73323700 		.ascii	"s27\000"
 3257 04df 04       		.byte	0x4
 3258 04e0 6D01     		.2byte	0x16d
 3259 04e2 11       		.byte	0x11
 3260 04e3 02040000 		.4byte	0x402
 3261 04e7 2C       		.byte	0x2c
 3262 04e8 03       		.uleb128 0x3
 3263 04e9 73323800 		.ascii	"s28\000"
 3264 04ed 04       		.byte	0x4
 3265 04ee 6E01     		.2byte	0x16e
 3266 04f0 11       		.byte	0x11
 3267 04f1 02040000 		.4byte	0x402
 3268 04f5 30       		.byte	0x30
 3269 04f6 03       		.uleb128 0x3
 3270 04f7 73323900 		.ascii	"s29\000"
 3271 04fb 04       		.byte	0x4
 3272 04fc 6F01     		.2byte	0x16f
 3273 04fe 11       		.byte	0x11
 3274 04ff 02040000 		.4byte	0x402
 3275 0503 34       		.byte	0x34
 3276 0504 03       		.uleb128 0x3
 3277 0505 73333000 		.ascii	"s30\000"
 3278 0509 04       		.byte	0x4
 3279 050a 7001     		.2byte	0x170
 3280 050c 11       		.byte	0x11
 3281 050d 02040000 		.4byte	0x402
 3282 0511 38       		.byte	0x38
 3283 0512 03       		.uleb128 0x3
 3284 0513 73333100 		.ascii	"s31\000"
 3285 0517 04       		.byte	0x4
 3286 0518 7101     		.2byte	0x171
 3287 051a 11       		.byte	0x11
 3288 051b 02040000 		.4byte	0x402
 3289 051f 3C       		.byte	0x3c
 3290 0520 03       		.uleb128 0x3
 3291 0521 723400   		.ascii	"r4\000"
 3292 0524 04       		.byte	0x4
 3293 0525 7301     		.2byte	0x173
 3294 0527 11       		.byte	0x11
 3295 0528 02040000 		.4byte	0x402
 3296 052c 40       		.byte	0x40
 3297 052d 03       		.uleb128 0x3
 3298 052e 723500   		.ascii	"r5\000"
 3299 0531 04       		.byte	0x4
 3300 0532 7401     		.2byte	0x174
 3301 0534 11       		.byte	0x11
 3302 0535 02040000 		.4byte	0x402
 3303 0539 44       		.byte	0x44
 3304 053a 03       		.uleb128 0x3
 3305 053b 723600   		.ascii	"r6\000"
ARM GAS  /tmp/ccnze4xj.s 			page 59


 3306 053e 04       		.byte	0x4
 3307 053f 7501     		.2byte	0x175
 3308 0541 11       		.byte	0x11
 3309 0542 02040000 		.4byte	0x402
 3310 0546 48       		.byte	0x48
 3311 0547 03       		.uleb128 0x3
 3312 0548 723700   		.ascii	"r7\000"
 3313 054b 04       		.byte	0x4
 3314 054c 7601     		.2byte	0x176
 3315 054e 11       		.byte	0x11
 3316 054f 02040000 		.4byte	0x402
 3317 0553 4C       		.byte	0x4c
 3318 0554 03       		.uleb128 0x3
 3319 0555 723800   		.ascii	"r8\000"
 3320 0558 04       		.byte	0x4
 3321 0559 7701     		.2byte	0x177
 3322 055b 11       		.byte	0x11
 3323 055c 02040000 		.4byte	0x402
 3324 0560 50       		.byte	0x50
 3325 0561 03       		.uleb128 0x3
 3326 0562 723900   		.ascii	"r9\000"
 3327 0565 04       		.byte	0x4
 3328 0566 7801     		.2byte	0x178
 3329 0568 11       		.byte	0x11
 3330 0569 02040000 		.4byte	0x402
 3331 056d 54       		.byte	0x54
 3332 056e 03       		.uleb128 0x3
 3333 056f 72313000 		.ascii	"r10\000"
 3334 0573 04       		.byte	0x4
 3335 0574 7901     		.2byte	0x179
 3336 0576 11       		.byte	0x11
 3337 0577 02040000 		.4byte	0x402
 3338 057b 58       		.byte	0x58
 3339 057c 03       		.uleb128 0x3
 3340 057d 72313100 		.ascii	"r11\000"
 3341 0581 04       		.byte	0x4
 3342 0582 7A01     		.2byte	0x17a
 3343 0584 11       		.byte	0x11
 3344 0585 02040000 		.4byte	0x402
 3345 0589 5C       		.byte	0x5c
 3346 058a 03       		.uleb128 0x3
 3347 058b 6C7200   		.ascii	"lr\000"
 3348 058e 04       		.byte	0x4
 3349 058f 7B01     		.2byte	0x17b
 3350 0591 11       		.byte	0x11
 3351 0592 02040000 		.4byte	0x402
 3352 0596 60       		.byte	0x60
 3353 0597 00       		.byte	0
 3354 0598 0F       		.uleb128 0xf
 3355 0599 33040000 		.4byte	0x433
 3356 059d 39       		.uleb128 0x39
 3357 059e 60       		.byte	0x60
 3358 059f 0F       		.byte	0xf
 3359 05a0 A101     		.2byte	0x1a1
 3360 05a2 09       		.byte	0x9
 3361 05a3 BE060000 		.4byte	0x6be
 3362 05a7 03       		.uleb128 0x3
ARM GAS  /tmp/ccnze4xj.s 			page 60


 3363 05a8 43523100 		.ascii	"CR1\000"
 3364 05ac 0F       		.byte	0xf
 3365 05ad A201     		.2byte	0x1a2
 3366 05af 19       		.byte	0x19
 3367 05b0 9C000000 		.4byte	0x9c
 3368 05b4 00       		.byte	0
 3369 05b5 03       		.uleb128 0x3
 3370 05b6 43523200 		.ascii	"CR2\000"
 3371 05ba 0F       		.byte	0xf
 3372 05bb A301     		.2byte	0x1a3
 3373 05bd 19       		.byte	0x19
 3374 05be 9C000000 		.4byte	0x9c
 3375 05c2 04       		.byte	0x4
 3376 05c3 06       		.uleb128 0x6
 3377 05c4 B1040000 		.4byte	.LASF63
 3378 05c8 0F       		.byte	0xf
 3379 05c9 A401     		.2byte	0x1a4
 3380 05cb 19       		.byte	0x19
 3381 05cc 9C000000 		.4byte	0x9c
 3382 05d0 08       		.byte	0x8
 3383 05d1 06       		.uleb128 0x6
 3384 05d2 1A040000 		.4byte	.LASF64
 3385 05d6 0F       		.byte	0xf
 3386 05d7 A501     		.2byte	0x1a5
 3387 05d9 19       		.byte	0x19
 3388 05da 9C000000 		.4byte	0x9c
 3389 05de 0C       		.byte	0xc
 3390 05df 03       		.uleb128 0x3
 3391 05e0 535200   		.ascii	"SR\000"
 3392 05e3 0F       		.byte	0xf
 3393 05e4 A601     		.2byte	0x1a6
 3394 05e6 19       		.byte	0x19
 3395 05e7 9C000000 		.4byte	0x9c
 3396 05eb 10       		.byte	0x10
 3397 05ec 03       		.uleb128 0x3
 3398 05ed 45475200 		.ascii	"EGR\000"
 3399 05f1 0F       		.byte	0xf
 3400 05f2 A701     		.2byte	0x1a7
 3401 05f4 19       		.byte	0x19
 3402 05f5 9C000000 		.4byte	0x9c
 3403 05f9 14       		.byte	0x14
 3404 05fa 06       		.uleb128 0x6
 3405 05fb 12030000 		.4byte	.LASF65
 3406 05ff 0F       		.byte	0xf
 3407 0600 A801     		.2byte	0x1a8
 3408 0602 19       		.byte	0x19
 3409 0603 9C000000 		.4byte	0x9c
 3410 0607 18       		.byte	0x18
 3411 0608 06       		.uleb128 0x6
 3412 0609 18030000 		.4byte	.LASF66
 3413 060d 0F       		.byte	0xf
 3414 060e A901     		.2byte	0x1a9
 3415 0610 19       		.byte	0x19
 3416 0611 9C000000 		.4byte	0x9c
 3417 0615 1C       		.byte	0x1c
 3418 0616 06       		.uleb128 0x6
 3419 0617 61040000 		.4byte	.LASF67
ARM GAS  /tmp/ccnze4xj.s 			page 61


 3420 061b 0F       		.byte	0xf
 3421 061c AA01     		.2byte	0x1aa
 3422 061e 19       		.byte	0x19
 3423 061f 9C000000 		.4byte	0x9c
 3424 0623 20       		.byte	0x20
 3425 0624 03       		.uleb128 0x3
 3426 0625 434E5400 		.ascii	"CNT\000"
 3427 0629 0F       		.byte	0xf
 3428 062a AB01     		.2byte	0x1ab
 3429 062c 19       		.byte	0x19
 3430 062d 9C000000 		.4byte	0x9c
 3431 0631 24       		.byte	0x24
 3432 0632 03       		.uleb128 0x3
 3433 0633 50534300 		.ascii	"PSC\000"
 3434 0637 0F       		.byte	0xf
 3435 0638 AC01     		.2byte	0x1ac
 3436 063a 19       		.byte	0x19
 3437 063b 9C000000 		.4byte	0x9c
 3438 063f 28       		.byte	0x28
 3439 0640 03       		.uleb128 0x3
 3440 0641 41525200 		.ascii	"ARR\000"
 3441 0645 0F       		.byte	0xf
 3442 0646 AD01     		.2byte	0x1ad
 3443 0648 19       		.byte	0x19
 3444 0649 9C000000 		.4byte	0x9c
 3445 064d 2C       		.byte	0x2c
 3446 064e 03       		.uleb128 0x3
 3447 064f 52435200 		.ascii	"RCR\000"
 3448 0653 0F       		.byte	0xf
 3449 0654 AE01     		.2byte	0x1ae
 3450 0656 19       		.byte	0x19
 3451 0657 9C000000 		.4byte	0x9c
 3452 065b 30       		.byte	0x30
 3453 065c 03       		.uleb128 0x3
 3454 065d 43435200 		.ascii	"CCR\000"
 3455 0661 0F       		.byte	0xf
 3456 0662 AF01     		.2byte	0x1af
 3457 0664 19       		.byte	0x19
 3458 0665 FD030000 		.4byte	0x3fd
 3459 0669 34       		.byte	0x34
 3460 066a 06       		.uleb128 0x6
 3461 066b C0020000 		.4byte	.LASF68
 3462 066f 0F       		.byte	0xf
 3463 0670 B001     		.2byte	0x1b0
 3464 0672 19       		.byte	0x19
 3465 0673 9C000000 		.4byte	0x9c
 3466 0677 44       		.byte	0x44
 3467 0678 03       		.uleb128 0x3
 3468 0679 44435200 		.ascii	"DCR\000"
 3469 067d 0F       		.byte	0xf
 3470 067e B101     		.2byte	0x1b1
 3471 0680 19       		.byte	0x19
 3472 0681 9C000000 		.4byte	0x9c
 3473 0685 48       		.byte	0x48
 3474 0686 06       		.uleb128 0x6
 3475 0687 5C020000 		.4byte	.LASF69
 3476 068b 0F       		.byte	0xf
ARM GAS  /tmp/ccnze4xj.s 			page 62


 3477 068c B201     		.2byte	0x1b2
 3478 068e 19       		.byte	0x19
 3479 068f 9C000000 		.4byte	0x9c
 3480 0693 4C       		.byte	0x4c
 3481 0694 03       		.uleb128 0x3
 3482 0695 4F5200   		.ascii	"OR\000"
 3483 0698 0F       		.byte	0xf
 3484 0699 B301     		.2byte	0x1b3
 3485 069b 19       		.byte	0x19
 3486 069c 9C000000 		.4byte	0x9c
 3487 06a0 50       		.byte	0x50
 3488 06a1 06       		.uleb128 0x6
 3489 06a2 1E030000 		.4byte	.LASF70
 3490 06a6 0F       		.byte	0xf
 3491 06a7 B401     		.2byte	0x1b4
 3492 06a9 19       		.byte	0x19
 3493 06aa 9C000000 		.4byte	0x9c
 3494 06ae 54       		.byte	0x54
 3495 06af 06       		.uleb128 0x6
 3496 06b0 B4050000 		.4byte	.LASF71
 3497 06b4 0F       		.byte	0xf
 3498 06b5 B501     		.2byte	0x1b5
 3499 06b7 19       		.byte	0x19
 3500 06b8 E8030000 		.4byte	0x3e8
 3501 06bc 58       		.byte	0x58
 3502 06bd 00       		.byte	0
 3503 06be 3A       		.uleb128 0x3a
 3504 06bf E4030000 		.4byte	.LASF72
 3505 06c3 0F       		.byte	0xf
 3506 06c4 B601     		.2byte	0x1b6
 3507 06c6 03       		.byte	0x3
 3508 06c7 9D050000 		.4byte	0x59d
 3509 06cb 3B       		.uleb128 0x3b
 3510 06cc 04       		.byte	0x4
 3511 06cd 02       		.byte	0x2
 3512 06ce D2       		.byte	0xd2
 3513 06cf 03       		.byte	0x3
 3514 06d0 01070000 		.4byte	0x701
 3515 06d4 1F       		.uleb128 0x1f
 3516 06d5 DD030000 		.4byte	.LASF73
 3517 06d9 D9       		.byte	0xd9
 3518 06da 19       		.byte	0x19
 3519 06db E4000000 		.4byte	0xe4
 3520 06df 1F       		.uleb128 0x1f
 3521 06e0 D9070000 		.4byte	.LASF74
 3522 06e4 E0       		.byte	0xe0
 3523 06e5 19       		.byte	0x19
 3524 06e6 E4000000 		.4byte	0xe4
 3525 06ea 1F       		.uleb128 0x1f
 3526 06eb E5010000 		.4byte	.LASF75
 3527 06ef E7       		.byte	0xe7
 3528 06f0 1A       		.byte	0x1a
 3529 06f1 AA020000 		.4byte	0x2aa
 3530 06f5 1F       		.uleb128 0x1f
 3531 06f6 4E070000 		.4byte	.LASF76
 3532 06fa EE       		.byte	0xee
 3533 06fb 1A       		.byte	0x1a
ARM GAS  /tmp/ccnze4xj.s 			page 63


 3534 06fc 01070000 		.4byte	0x701
 3535 0700 00       		.byte	0
 3536 0701 0F       		.uleb128 0xf
 3537 0702 B1010000 		.4byte	0x1b1
 3538 0706 0F       		.uleb128 0xf
 3539 0707 17070000 		.4byte	0x717
 3540 070b 1D       		.uleb128 0x1d
 3541 070c 06070000 		.4byte	0x706
 3542 0710 0E       		.uleb128 0xe
 3543 0711 01       		.byte	0x1
 3544 0712 08       		.byte	0x8
 3545 0713 66040000 		.4byte	.LASF77
 3546 0717 0C       		.uleb128 0xc
 3547 0718 10070000 		.4byte	0x710
 3548 071c 0F       		.uleb128 0xf
 3549 071d 0E040000 		.4byte	0x40e
 3550 0721 0F       		.uleb128 0xf
 3551 0722 AC020000 		.4byte	0x2ac
 3552 0726 3C       		.uleb128 0x3c
 3553 0727 636800   		.ascii	"ch\000"
 3554 072a 02       		.byte	0x2
 3555 072b D201     		.2byte	0x1d2
 3556 072d 14       		.byte	0x14
 3557 072e 86030000 		.4byte	0x386
 3558 0732 07       		.uleb128 0x7
 3559 0733 24030000 		.4byte	.LASF78
 3560 0737 06       		.byte	0x6
 3561 0738 40       		.byte	0x40
 3562 0739 10       		.byte	0x10
 3563 073a 9A020000 		.4byte	0x29a
 3564 073e 3D       		.uleb128 0x3d
 3565 073f 18       		.byte	0x18
 3566 0740 06       		.byte	0x6
 3567 0741 45       		.byte	0x45
 3568 0742 09       		.byte	0x9
 3569 0743 96070000 		.4byte	0x796
 3570 0747 09       		.uleb128 0x9
 3571 0748 59060000 		.4byte	.LASF26
 3572 074c 06       		.byte	0x6
 3573 074d 49       		.byte	0x49
 3574 074e 16       		.byte	0x16
 3575 074f 06070000 		.4byte	0x706
 3576 0753 00       		.byte	0
 3577 0754 09       		.uleb128 0x9
 3578 0755 79010000 		.4byte	.LASF79
 3579 0759 06       		.byte	0x6
 3580 075a 4D       		.byte	0x4d
 3581 075b 16       		.byte	0x16
 3582 075c 1C070000 		.4byte	0x71c
 3583 0760 04       		.byte	0x4
 3584 0761 09       		.uleb128 0x9
 3585 0762 DA040000 		.4byte	.LASF80
 3586 0766 06       		.byte	0x6
 3587 0767 51       		.byte	0x51
 3588 0768 16       		.byte	0x16
 3589 0769 1C070000 		.4byte	0x71c
 3590 076d 08       		.byte	0x8
ARM GAS  /tmp/ccnze4xj.s 			page 64


 3591 076e 09       		.uleb128 0x9
 3592 076f 5C040000 		.4byte	.LASF23
 3593 0773 06       		.byte	0x6
 3594 0774 55       		.byte	0x55
 3595 0775 15       		.byte	0x15
 3596 0776 D8000000 		.4byte	0xd8
 3597 077a 0C       		.byte	0xc
 3598 077b 09       		.uleb128 0x9
 3599 077c 32020000 		.4byte	.LASF81
 3600 0780 06       		.byte	0x6
 3601 0781 59       		.byte	0x59
 3602 0782 15       		.byte	0x15
 3603 0783 32070000 		.4byte	0x732
 3604 0787 10       		.byte	0x10
 3605 0788 22       		.uleb128 0x22
 3606 0789 61726700 		.ascii	"arg\000"
 3607 078d 06       		.byte	0x6
 3608 078e 5D       		.byte	0x5d
 3609 078f 16       		.byte	0x16
 3610 0790 AA020000 		.4byte	0x2aa
 3611 0794 14       		.byte	0x14
 3612 0795 00       		.byte	0
 3613 0796 07       		.uleb128 0x7
 3614 0797 C5020000 		.4byte	.LASF82
 3615 079b 06       		.byte	0x6
 3616 079c 5E       		.byte	0x5e
 3617 079d 03       		.byte	0x3
 3618 079e 3E070000 		.4byte	0x73e
 3619 07a2 0C       		.uleb128 0xc
 3620 07a3 96070000 		.4byte	0x796
 3621 07a7 23       		.uleb128 0x23
 3622 07a8 F6030000 		.4byte	.LASF83
 3623 07ac 02       		.byte	0x2
 3624 07ad E301     		.2byte	0x1e3
 3625 07af 2B       		.uleb128 0x2b
 3626 07b0 9F060000 		.4byte	.LASF87
 3627 07b4 DF01     		.2byte	0x1df
 3628 07b6 09       		.byte	0x9
 3629 07b7 E4000000 		.4byte	0xe4
 3630 07bb CA070000 		.4byte	0x7ca
 3631 07bf 17       		.uleb128 0x17
 3632 07c0 C0000000 		.4byte	0xc0
 3633 07c4 17       		.uleb128 0x17
 3634 07c5 F0000000 		.4byte	0xf0
 3635 07c9 00       		.byte	0
 3636 07ca 23       		.uleb128 0x23
 3637 07cb 1F040000 		.4byte	.LASF84
 3638 07cf 02       		.byte	0x2
 3639 07d0 E101     		.2byte	0x1e1
 3640 07d2 2C       		.uleb128 0x2c
 3641 07d3 F7070000 		.4byte	.LASF85
 3642 07d7 DE01     		.2byte	0x1de
 3643 07d9 E3070000 		.4byte	0x7e3
 3644 07dd 17       		.uleb128 0x17
 3645 07de C0000000 		.4byte	0xc0
 3646 07e2 00       		.byte	0
 3647 07e3 2C       		.uleb128 0x2c
ARM GAS  /tmp/ccnze4xj.s 			page 65


 3648 07e4 2F070000 		.4byte	.LASF86
 3649 07e8 E001     		.2byte	0x1e0
 3650 07ea F9070000 		.4byte	0x7f9
 3651 07ee 17       		.uleb128 0x17
 3652 07ef BD010000 		.4byte	0x1bd
 3653 07f3 17       		.uleb128 0x17
 3654 07f4 E4000000 		.4byte	0xe4
 3655 07f8 00       		.byte	0
 3656 07f9 2B       		.uleb128 0x2b
 3657 07fa 6A020000 		.4byte	.LASF88
 3658 07fe DC01     		.2byte	0x1dc
 3659 0800 0D       		.byte	0xd
 3660 0801 BD010000 		.4byte	0x1bd
 3661 0805 0F080000 		.4byte	0x80f
 3662 0809 17       		.uleb128 0x17
 3663 080a BD010000 		.4byte	0x1bd
 3664 080e 00       		.byte	0
 3665 080f 23       		.uleb128 0x23
 3666 0810 EC010000 		.4byte	.LASF89
 3667 0814 04       		.byte	0x4
 3668 0815 F301     		.2byte	0x1f3
 3669 0817 12       		.uleb128 0x12
 3670 0818 00000000 		.4byte	.LASF90
 3671 081c 8003     		.2byte	0x380
 3672 081e 00000000 		.4byte	.LFB228
 3673 0822 1C000000 		.4byte	.LFE228-.LFB228
 3674 0826 01       		.uleb128 0x1
 3675 0827 9C       		.byte	0x9c
 3676 0828 F9080000 		.4byte	0x8f9
 3677 082c 08       		.uleb128 0x8
 3678 082d 74717000 		.ascii	"tqp\000"
 3679 0831 8003     		.2byte	0x380
 3680 0833 28       		.byte	0x28
 3681 0834 F9080000 		.4byte	0x8f9
 3682 0838 10000000 		.4byte	.LLST97
 3683 083c 0C000000 		.4byte	.LVUS97
 3684 0840 08       		.uleb128 0x8
 3685 0841 6D736700 		.ascii	"msg\000"
 3686 0845 8003     		.2byte	0x380
 3687 0847 33       		.byte	0x33
 3688 0848 E4000000 		.4byte	0xe4
 3689 084c 24000000 		.4byte	.LLST98
 3690 0850 20000000 		.4byte	.LVUS98
 3691 0854 04       		.uleb128 0x4
 3692 0855 F21F0000 		.4byte	0x1ff2
 3693 0859 08000000 		.4byte	.LBI401
 3694 085d 01       		.byte	.LVU814
 3695 085e 08000000 		.4byte	.LBB401
 3696 0862 0C000000 		.4byte	.LBE401-.LBB401
 3697 0866 01       		.byte	0x1
 3698 0867 8303     		.2byte	0x383
 3699 0869 05       		.byte	0x5
 3700 086a D4080000 		.4byte	0x8d4
 3701 086e 02       		.uleb128 0x2
 3702 086f 0B200000 		.4byte	0x200b
 3703 0873 36000000 		.4byte	.LLST99
 3704 0877 34000000 		.4byte	.LVUS99
ARM GAS  /tmp/ccnze4xj.s 			page 66


 3705 087b 02       		.uleb128 0x2
 3706 087c FE1F0000 		.4byte	0x1ffe
 3707 0880 41000000 		.4byte	.LLST100
 3708 0884 3F000000 		.4byte	.LVUS100
 3709 0888 1C       		.uleb128 0x1c
 3710 0889 18200000 		.4byte	0x2018
 3711 088d 4C000000 		.4byte	.LLST101
 3712 0891 4A000000 		.4byte	.LVUS101
 3713 0895 04       		.uleb128 0x4
 3714 0896 46210000 		.4byte	0x2146
 3715 089a 08000000 		.4byte	.LBI403
 3716 089e 07       		.byte	.LVU820
 3717 089f 08000000 		.4byte	.LBB403
 3718 08a3 06000000 		.4byte	.LBE403-.LBB403
 3719 08a7 06       		.byte	0x6
 3720 08a8 B201     		.2byte	0x1b2
 3721 08aa 08       		.byte	0x8
 3722 08ab CA080000 		.4byte	0x8ca
 3723 08af 02       		.uleb128 0x2
 3724 08b0 57210000 		.4byte	0x2157
 3725 08b4 57000000 		.4byte	.LLST102
 3726 08b8 55000000 		.4byte	.LVUS102
 3727 08bc 1C       		.uleb128 0x1c
 3728 08bd 64210000 		.4byte	0x2164
 3729 08c1 62000000 		.4byte	.LLST103
 3730 08c5 60000000 		.4byte	.LVUS103
 3731 08c9 00       		.byte	0
 3732 08ca 14       		.uleb128 0x14
 3733 08cb 14000000 		.4byte	.LVL161
 3734 08cf F9070000 		.4byte	0x7f9
 3735 08d3 00       		.byte	0
 3736 08d4 01       		.uleb128 0x1
 3737 08d5 EB210000 		.4byte	0x21eb
 3738 08d9 14000000 		.4byte	.LBI405
 3739 08dd 02       		.byte	.LVU838
 3740 08de 14000000 		.4byte	.LBB405
 3741 08e2 02000000 		.4byte	.LBE405-.LBB405
 3742 08e6 01       		.byte	0x1
 3743 08e7 8203     		.2byte	0x382
 3744 08e9 0A       		.byte	0xa
 3745 08ea 02       		.uleb128 0x2
 3746 08eb FC210000 		.4byte	0x21fc
 3747 08ef 6D000000 		.4byte	.LLST104
 3748 08f3 6B000000 		.4byte	.LVUS104
 3749 08f7 00       		.byte	0
 3750 08f8 00       		.byte	0
 3751 08f9 0F       		.uleb128 0xf
 3752 08fa E8010000 		.4byte	0x1e8
 3753 08fe 12       		.uleb128 0x12
 3754 08ff AD010000 		.4byte	.LASF91
 3755 0903 7103     		.2byte	0x371
 3756 0905 00000000 		.4byte	.LFB227
 3757 0909 18000000 		.4byte	.LFE227-.LFB227
 3758 090d 01       		.uleb128 0x1
 3759 090e 9C       		.byte	0x9c
 3760 090f E0090000 		.4byte	0x9e0
 3761 0913 08       		.uleb128 0x8
ARM GAS  /tmp/ccnze4xj.s 			page 67


 3762 0914 74717000 		.ascii	"tqp\000"
 3763 0918 7103     		.2byte	0x371
 3764 091a 29       		.byte	0x29
 3765 091b F9080000 		.4byte	0x8f9
 3766 091f 7C000000 		.4byte	.LLST89
 3767 0923 76000000 		.4byte	.LVUS89
 3768 0927 08       		.uleb128 0x8
 3769 0928 6D736700 		.ascii	"msg\000"
 3770 092c 7103     		.2byte	0x371
 3771 092e 34       		.byte	0x34
 3772 092f E4000000 		.4byte	0xe4
 3773 0933 9E000000 		.4byte	.LLST90
 3774 0937 9A000000 		.4byte	.LVUS90
 3775 093b 04       		.uleb128 0x4
 3776 093c EB210000 		.4byte	0x21eb
 3777 0940 04000000 		.4byte	.LBI395
 3778 0944 01       		.byte	.LVU779
 3779 0945 04000000 		.4byte	.LBB395
 3780 0949 02000000 		.4byte	.LBE395-.LBB395
 3781 094d 01       		.byte	0x1
 3782 094e 7303     		.2byte	0x373
 3783 0950 07       		.byte	0x7
 3784 0951 63090000 		.4byte	0x963
 3785 0955 02       		.uleb128 0x2
 3786 0956 FC210000 		.4byte	0x21fc
 3787 095a B9000000 		.4byte	.LLST91
 3788 095e B7000000 		.4byte	.LVUS91
 3789 0962 00       		.byte	0
 3790 0963 01       		.uleb128 0x1
 3791 0964 F21F0000 		.4byte	0x1ff2
 3792 0968 0A000000 		.4byte	.LBI397
 3793 096c 01       		.byte	.LVU785
 3794 096d 0A000000 		.4byte	.LBB397
 3795 0971 0C000000 		.4byte	.LBE397-.LBB397
 3796 0975 01       		.byte	0x1
 3797 0976 7403     		.2byte	0x374
 3798 0978 05       		.byte	0x5
 3799 0979 02       		.uleb128 0x2
 3800 097a 0B200000 		.4byte	0x200b
 3801 097e C6000000 		.4byte	.LLST92
 3802 0982 C2000000 		.4byte	.LVUS92
 3803 0986 02       		.uleb128 0x2
 3804 0987 FE1F0000 		.4byte	0x1ffe
 3805 098b E3000000 		.4byte	.LLST93
 3806 098f DF000000 		.4byte	.LVUS93
 3807 0993 1C       		.uleb128 0x1c
 3808 0994 18200000 		.4byte	0x2018
 3809 0998 FE000000 		.4byte	.LLST94
 3810 099c FC000000 		.4byte	.LVUS94
 3811 09a0 04       		.uleb128 0x4
 3812 09a1 46210000 		.4byte	0x2146
 3813 09a5 0A000000 		.4byte	.LBI399
 3814 09a9 07       		.byte	.LVU791
 3815 09aa 0A000000 		.4byte	.LBB399
 3816 09ae 06000000 		.4byte	.LBE399-.LBB399
 3817 09b2 06       		.byte	0x6
 3818 09b3 B201     		.2byte	0x1b2
ARM GAS  /tmp/ccnze4xj.s 			page 68


 3819 09b5 08       		.byte	0x8
 3820 09b6 D5090000 		.4byte	0x9d5
 3821 09ba 02       		.uleb128 0x2
 3822 09bb 57210000 		.4byte	0x2157
 3823 09bf 09010000 		.4byte	.LLST95
 3824 09c3 07010000 		.4byte	.LVUS95
 3825 09c7 1C       		.uleb128 0x1c
 3826 09c8 64210000 		.4byte	0x2164
 3827 09cc 14010000 		.4byte	.LLST96
 3828 09d0 12010000 		.4byte	.LVUS96
 3829 09d4 00       		.byte	0
 3830 09d5 14       		.uleb128 0x14
 3831 09d6 16000000 		.4byte	.LVL157
 3832 09da F9070000 		.4byte	0x7f9
 3833 09de 00       		.byte	0
 3834 09df 00       		.byte	0
 3835 09e0 13       		.uleb128 0x13
 3836 09e1 88010000 		.4byte	.LASF97
 3837 09e5 5D03     		.2byte	0x35d
 3838 09e7 07       		.byte	0x7
 3839 09e8 E4000000 		.4byte	0xe4
 3840 09ec 00000000 		.4byte	.LFB226
 3841 09f0 24000000 		.4byte	.LFE226-.LFB226
 3842 09f4 01       		.uleb128 0x1
 3843 09f5 9C       		.byte	0x9c
 3844 09f6 740A0000 		.4byte	0xa74
 3845 09fa 08       		.uleb128 0x8
 3846 09fb 74717000 		.ascii	"tqp\000"
 3847 09ff 5D03     		.2byte	0x35d
 3848 0a01 2D       		.byte	0x2d
 3849 0a02 F9080000 		.4byte	0x8f9
 3850 0a06 25010000 		.4byte	.LLST85
 3851 0a0a 1D010000 		.4byte	.LVUS85
 3852 0a0e 15       		.uleb128 0x15
 3853 0a0f 1C070000 		.4byte	.LASF92
 3854 0a13 5D03     		.2byte	0x35d
 3855 0a15 3C       		.byte	0x3c
 3856 0a16 F0000000 		.4byte	0xf0
 3857 0a1a 57010000 		.4byte	.LLST86
 3858 0a1e 51010000 		.4byte	.LVUS86
 3859 0a22 04       		.uleb128 0x4
 3860 0a23 70210000 		.4byte	0x2170
 3861 0a27 08000000 		.4byte	.LBI393
 3862 0a2b 00       		.byte	.LVU759
 3863 0a2c 08000000 		.4byte	.LBB393
 3864 0a30 0A000000 		.4byte	.LBE393-.LBB393
 3865 0a34 01       		.byte	0x1
 3866 0a35 6303     		.2byte	0x363
 3867 0a37 03       		.byte	0x3
 3868 0a38 570A0000 		.4byte	0xa57
 3869 0a3c 02       		.uleb128 0x2
 3870 0a3d 88210000 		.4byte	0x2188
 3871 0a41 77010000 		.4byte	.LLST87
 3872 0a45 75010000 		.4byte	.LVUS87
 3873 0a49 02       		.uleb128 0x2
 3874 0a4a 7C210000 		.4byte	0x217c
 3875 0a4e 82010000 		.4byte	.LLST88
ARM GAS  /tmp/ccnze4xj.s 			page 69


 3876 0a52 80010000 		.4byte	.LVUS88
 3877 0a56 00       		.byte	0
 3878 0a57 0B       		.uleb128 0xb
 3879 0a58 18000000 		.4byte	.LVL149
 3880 0a5c AF070000 		.4byte	0x7af
 3881 0a60 05       		.uleb128 0x5
 3882 0a61 01       		.uleb128 0x1
 3883 0a62 50       		.byte	0x50
 3884 0a63 01       		.uleb128 0x1
 3885 0a64 34       		.byte	0x34
 3886 0a65 05       		.uleb128 0x5
 3887 0a66 01       		.uleb128 0x1
 3888 0a67 51       		.byte	0x51
 3889 0a68 09       		.uleb128 0x9
 3890 0a69 A3       		.byte	0xa3
 3891 0a6a 03       		.uleb128 0x3
 3892 0a6b A5       		.byte	0xa5
 3893 0a6c 01       		.uleb128 0x1
 3894 0a6d 26       		.uleb128 0x26
 3895 0a6e A8       		.byte	0xa8
 3896 0a6f 2D       		.uleb128 0x2d
 3897 0a70 A8       		.byte	0xa8
 3898 0a71 00       		.uleb128 0
 3899 0a72 00       		.byte	0
 3900 0a73 00       		.byte	0
 3901 0a74 12       		.uleb128 0x12
 3902 0a75 9D040000 		.4byte	.LASF93
 3903 0a79 3F03     		.2byte	0x33f
 3904 0a7b 00000000 		.4byte	.LFB225
 3905 0a7f 14000000 		.4byte	.LFE225-.LFB225
 3906 0a83 01       		.uleb128 0x1
 3907 0a84 9C       		.byte	0x9c
 3908 0a85 820B0000 		.4byte	0xb82
 3909 0a89 08       		.uleb128 0x8
 3910 0a8a 74727000 		.ascii	"trp\000"
 3911 0a8e 3F03     		.2byte	0x33f
 3912 0a90 26       		.byte	0x26
 3913 0a91 01070000 		.4byte	0x701
 3914 0a95 8F010000 		.4byte	.LLST81
 3915 0a99 8B010000 		.4byte	.LVUS81
 3916 0a9d 08       		.uleb128 0x8
 3917 0a9e 6D736700 		.ascii	"msg\000"
 3918 0aa2 3F03     		.2byte	0x33f
 3919 0aa4 31       		.byte	0x31
 3920 0aa5 E4000000 		.4byte	0xe4
 3921 0aa9 AC010000 		.4byte	.LLST82
 3922 0aad A8010000 		.4byte	.LVUS82
 3923 0ab1 04       		.uleb128 0x4
 3924 0ab2 FA200000 		.4byte	0x20fa
 3925 0ab6 02000000 		.4byte	.LBI384
 3926 0aba 01       		.byte	.LVU730
 3927 0abb 02000000 		.4byte	.LBB384
 3928 0abf 06000000 		.4byte	.LBE384-.LBB384
 3929 0ac3 01       		.byte	0x1
 3930 0ac4 4103     		.2byte	0x341
 3931 0ac6 03       		.byte	0x3
 3932 0ac7 070B0000 		.4byte	0xb07
ARM GAS  /tmp/ccnze4xj.s 			page 70


 3933 0acb 01       		.uleb128 0x1
 3934 0acc 66220000 		.4byte	0x2266
 3935 0ad0 02000000 		.4byte	.LBI385
 3936 0ad4 03       		.byte	.LVU732
 3937 0ad5 02000000 		.4byte	.LBB385
 3938 0ad9 06000000 		.4byte	.LBE385-.LBB385
 3939 0add 03       		.byte	0x3
 3940 0ade 7801     		.2byte	0x178
 3941 0ae0 03       		.byte	0x3
 3942 0ae1 01       		.uleb128 0x1
 3943 0ae2 6E220000 		.4byte	0x226e
 3944 0ae6 02000000 		.4byte	.LBI386
 3945 0aea 05       		.byte	.LVU734
 3946 0aeb 02000000 		.4byte	.LBB386
 3947 0aef 06000000 		.4byte	.LBE386-.LBB386
 3948 0af3 04       		.byte	0x4
 3949 0af4 6402     		.2byte	0x264
 3950 0af6 03       		.byte	0x3
 3951 0af7 02       		.uleb128 0x2
 3952 0af8 78220000 		.4byte	0x2278
 3953 0afc C7010000 		.4byte	.LLST83
 3954 0b00 C5010000 		.4byte	.LVUS83
 3955 0b04 00       		.byte	0
 3956 0b05 00       		.byte	0
 3957 0b06 00       		.byte	0
 3958 0b07 04       		.uleb128 0x4
 3959 0b08 E4200000 		.4byte	0x20e4
 3960 0b0c 0C000000 		.4byte	.LBI388
 3961 0b10 01       		.byte	.LVU741
 3962 0b11 0C000000 		.4byte	.LBB388
 3963 0b15 06000000 		.4byte	.LBE388-.LBB388
 3964 0b19 01       		.byte	0x1
 3965 0b1a 4303     		.2byte	0x343
 3966 0b1c 03       		.byte	0x3
 3967 0b1d 5D0B0000 		.4byte	0xb5d
 3968 0b21 01       		.uleb128 0x1
 3969 0b22 5E220000 		.4byte	0x225e
 3970 0b26 0C000000 		.4byte	.LBI390
 3971 0b2a 08       		.byte	.LVU748
 3972 0b2b 0C000000 		.4byte	.LBB390
 3973 0b2f 06000000 		.4byte	.LBE390-.LBB390
 3974 0b33 03       		.byte	0x3
 3975 0b34 8F01     		.2byte	0x18f
 3976 0b36 03       		.byte	0x3
 3977 0b37 01       		.uleb128 0x1
 3978 0b38 6E220000 		.4byte	0x226e
 3979 0b3c 0C000000 		.4byte	.LBI391
 3980 0b40 0A       		.byte	.LVU750
 3981 0b41 0C000000 		.4byte	.LBB391
 3982 0b45 06000000 		.4byte	.LBE391-.LBB391
 3983 0b49 04       		.byte	0x4
 3984 0b4a 7702     		.2byte	0x277
 3985 0b4c 03       		.byte	0x3
 3986 0b4d 02       		.uleb128 0x2
 3987 0b4e 78220000 		.4byte	0x2278
 3988 0b52 D4010000 		.4byte	.LLST84
 3989 0b56 D2010000 		.4byte	.LVUS84
ARM GAS  /tmp/ccnze4xj.s 			page 71


 3990 0b5a 00       		.byte	0
 3991 0b5b 00       		.byte	0
 3992 0b5c 00       		.byte	0
 3993 0b5d 0B       		.uleb128 0xb
 3994 0b5e 0C000000 		.4byte	.LVL143
 3995 0b62 820B0000 		.4byte	0xb82
 3996 0b66 05       		.uleb128 0x5
 3997 0b67 01       		.uleb128 0x1
 3998 0b68 50       		.byte	0x50
 3999 0b69 09       		.uleb128 0x9
 4000 0b6a A3       		.byte	0xa3
 4001 0b6b 03       		.uleb128 0x3
 4002 0b6c A5       		.byte	0xa5
 4003 0b6d 00       		.uleb128 0
 4004 0b6e 26       		.uleb128 0x26
 4005 0b6f A8       		.byte	0xa8
 4006 0b70 2D       		.uleb128 0x2d
 4007 0b71 A8       		.byte	0xa8
 4008 0b72 00       		.uleb128 0
 4009 0b73 05       		.uleb128 0x5
 4010 0b74 01       		.uleb128 0x1
 4011 0b75 51       		.byte	0x51
 4012 0b76 09       		.uleb128 0x9
 4013 0b77 A3       		.byte	0xa3
 4014 0b78 03       		.uleb128 0x3
 4015 0b79 A5       		.byte	0xa5
 4016 0b7a 01       		.uleb128 0x1
 4017 0b7b 26       		.uleb128 0x26
 4018 0b7c A8       		.byte	0xa8
 4019 0b7d 2D       		.uleb128 0x2d
 4020 0b7e A8       		.byte	0xa8
 4021 0b7f 00       		.uleb128 0
 4022 0b80 00       		.byte	0
 4023 0b81 00       		.byte	0
 4024 0b82 12       		.uleb128 0x12
 4025 0b83 9C020000 		.4byte	.LASF94
 4026 0b87 2903     		.2byte	0x329
 4027 0b89 00000000 		.4byte	.LFB224
 4028 0b8d 12000000 		.4byte	.LFE224-.LFB224
 4029 0b91 01       		.uleb128 0x1
 4030 0b92 9C       		.byte	0x9c
 4031 0b93 FD0B0000 		.4byte	0xbfd
 4032 0b97 08       		.uleb128 0x8
 4033 0b98 74727000 		.ascii	"trp\000"
 4034 0b9c 2903     		.2byte	0x329
 4035 0b9e 27       		.byte	0x27
 4036 0b9f 01070000 		.4byte	0x701
 4037 0ba3 E4010000 		.4byte	.LLST78
 4038 0ba7 DE010000 		.4byte	.LVUS78
 4039 0bab 08       		.uleb128 0x8
 4040 0bac 6D736700 		.ascii	"msg\000"
 4041 0bb0 2903     		.2byte	0x329
 4042 0bb2 32       		.byte	0x32
 4043 0bb3 E4000000 		.4byte	0xe4
 4044 0bb7 06020000 		.4byte	.LLST79
 4045 0bbb 02020000 		.4byte	.LVUS79
 4046 0bbf 0A       		.uleb128 0xa
ARM GAS  /tmp/ccnze4xj.s 			page 72


 4047 0bc0 99070000 		.4byte	.LASF96
 4048 0bc4 0D0C0000 		.4byte	0xc0d
 4049 0bc8 2D       		.uleb128 0x2d
 4050 0bc9 08000000 		.4byte	.LBB383
 4051 0bcd 08000000 		.4byte	.LBE383-.LBB383
 4052 0bd1 16       		.uleb128 0x16
 4053 0bd2 747000   		.ascii	"tp\000"
 4054 0bd5 2C03     		.2byte	0x32c
 4055 0bd7 0F       		.byte	0xf
 4056 0bd8 BD010000 		.4byte	0x1bd
 4057 0bdc 21020000 		.4byte	.LLST80
 4058 0be0 1F020000 		.4byte	.LVUS80
 4059 0be4 0B       		.uleb128 0xb
 4060 0be5 10000000 		.4byte	.LVL139
 4061 0be9 E3070000 		.4byte	0x7e3
 4062 0bed 05       		.uleb128 0x5
 4063 0bee 01       		.uleb128 0x1
 4064 0bef 51       		.byte	0x51
 4065 0bf0 09       		.uleb128 0x9
 4066 0bf1 A3       		.byte	0xa3
 4067 0bf2 03       		.uleb128 0x3
 4068 0bf3 A5       		.byte	0xa5
 4069 0bf4 01       		.uleb128 0x1
 4070 0bf5 26       		.uleb128 0x26
 4071 0bf6 A8       		.byte	0xa8
 4072 0bf7 2D       		.uleb128 0x2d
 4073 0bf8 A8       		.byte	0xa8
 4074 0bf9 00       		.uleb128 0
 4075 0bfa 00       		.byte	0
 4076 0bfb 00       		.byte	0
 4077 0bfc 00       		.byte	0
 4078 0bfd 10       		.uleb128 0x10
 4079 0bfe 17070000 		.4byte	0x717
 4080 0c02 0D0C0000 		.4byte	0xc0d
 4081 0c06 11       		.uleb128 0x11
 4082 0c07 2D000000 		.4byte	0x2d
 4083 0c0b 0C       		.byte	0xc
 4084 0c0c 00       		.byte	0
 4085 0c0d 0C       		.uleb128 0xc
 4086 0c0e FD0B0000 		.4byte	0xbfd
 4087 0c12 12       		.uleb128 0x12
 4088 0c13 86020000 		.4byte	.LASF95
 4089 0c17 1203     		.2byte	0x312
 4090 0c19 00000000 		.4byte	.LFB223
 4091 0c1d 14000000 		.4byte	.LFE223-.LFB223
 4092 0c21 01       		.uleb128 0x1
 4093 0c22 9C       		.byte	0x9c
 4094 0c23 7F0C0000 		.4byte	0xc7f
 4095 0c27 08       		.uleb128 0x8
 4096 0c28 74727000 		.ascii	"trp\000"
 4097 0c2c 1203     		.2byte	0x312
 4098 0c2e 27       		.byte	0x27
 4099 0c2f 01070000 		.4byte	0x701
 4100 0c33 30020000 		.4byte	.LLST75
 4101 0c37 2A020000 		.4byte	.LVUS75
 4102 0c3b 08       		.uleb128 0x8
 4103 0c3c 6D736700 		.ascii	"msg\000"
ARM GAS  /tmp/ccnze4xj.s 			page 73


 4104 0c40 1203     		.2byte	0x312
 4105 0c42 32       		.byte	0x32
 4106 0c43 E4000000 		.4byte	0xe4
 4107 0c47 52020000 		.4byte	.LLST76
 4108 0c4b 4E020000 		.4byte	.LVUS76
 4109 0c4f 0A       		.uleb128 0xa
 4110 0c50 99070000 		.4byte	.LASF96
 4111 0c54 0D0C0000 		.4byte	0xc0d
 4112 0c58 2D       		.uleb128 0x2d
 4113 0c59 08000000 		.4byte	.LBB382
 4114 0c5d 0A000000 		.4byte	.LBE382-.LBB382
 4115 0c61 16       		.uleb128 0x16
 4116 0c62 747000   		.ascii	"tp\000"
 4117 0c65 1503     		.2byte	0x315
 4118 0c67 0F       		.byte	0xf
 4119 0c68 BD010000 		.4byte	0x1bd
 4120 0c6c 6D020000 		.4byte	.LLST77
 4121 0c70 6B020000 		.4byte	.LVUS77
 4122 0c74 14       		.uleb128 0x14
 4123 0c75 12000000 		.4byte	.LVL135
 4124 0c79 F9070000 		.4byte	0x7f9
 4125 0c7d 00       		.byte	0
 4126 0c7e 00       		.byte	0
 4127 0c7f 13       		.uleb128 0x13
 4128 0c80 E2070000 		.4byte	.LASF98
 4129 0c84 F902     		.2byte	0x2f9
 4130 0c86 07       		.byte	0x7
 4131 0c87 E4000000 		.4byte	0xe4
 4132 0c8b 00000000 		.4byte	.LFB222
 4133 0c8f 20000000 		.4byte	.LFE222-.LFB222
 4134 0c93 01       		.uleb128 0x1
 4135 0c94 9C       		.byte	0x9c
 4136 0c95 100D0000 		.4byte	0xd10
 4137 0c99 08       		.uleb128 0x8
 4138 0c9a 74727000 		.ascii	"trp\000"
 4139 0c9e F902     		.2byte	0x2f9
 4140 0ca0 30       		.byte	0x30
 4141 0ca1 01070000 		.4byte	0x701
 4142 0ca5 80020000 		.4byte	.LLST72
 4143 0ca9 76020000 		.4byte	.LVUS72
 4144 0cad 15       		.uleb128 0x15
 4145 0cae 1C070000 		.4byte	.LASF92
 4146 0cb2 F902     		.2byte	0x2f9
 4147 0cb4 3F       		.byte	0x3f
 4148 0cb5 F0000000 		.4byte	0xf0
 4149 0cb9 B8020000 		.4byte	.LLST73
 4150 0cbd B2020000 		.4byte	.LVUS73
 4151 0cc1 16       		.uleb128 0x16
 4152 0cc2 747000   		.ascii	"tp\000"
 4153 0cc5 FA02     		.2byte	0x2fa
 4154 0cc7 0D       		.byte	0xd
 4155 0cc8 BD010000 		.4byte	0x1bd
 4156 0ccc DA020000 		.4byte	.LLST74
 4157 0cd0 D6020000 		.4byte	.LVUS74
 4158 0cd4 0A       		.uleb128 0xa
 4159 0cd5 99070000 		.4byte	.LASF96
 4160 0cd9 200D0000 		.4byte	0xd20
ARM GAS  /tmp/ccnze4xj.s 			page 74


 4161 0cdd 20       		.uleb128 0x20
 4162 0cde 8C200000 		.4byte	0x208c
 4163 0ce2 02000000 		.4byte	.LBI380
 4164 0ce6 01       		.byte	.LVU677
 4165 0ce7 02000000 		.4byte	.LBB380
 4166 0ceb 04000000 		.4byte	.LBE380-.LBB380
 4167 0cef 01       		.byte	0x1
 4168 0cf0 FA02     		.2byte	0x2fa
 4169 0cf2 12       		.byte	0x12
 4170 0cf3 0B       		.uleb128 0xb
 4171 0cf4 12000000 		.4byte	.LVL129
 4172 0cf8 AF070000 		.4byte	0x7af
 4173 0cfc 05       		.uleb128 0x5
 4174 0cfd 01       		.uleb128 0x1
 4175 0cfe 50       		.byte	0x50
 4176 0cff 01       		.uleb128 0x1
 4177 0d00 33       		.byte	0x33
 4178 0d01 05       		.uleb128 0x5
 4179 0d02 01       		.uleb128 0x1
 4180 0d03 51       		.byte	0x51
 4181 0d04 09       		.uleb128 0x9
 4182 0d05 A3       		.byte	0xa3
 4183 0d06 03       		.uleb128 0x3
 4184 0d07 A5       		.byte	0xa5
 4185 0d08 01       		.uleb128 0x1
 4186 0d09 26       		.uleb128 0x26
 4187 0d0a A8       		.byte	0xa8
 4188 0d0b 2D       		.uleb128 0x2d
 4189 0d0c A8       		.byte	0xa8
 4190 0d0d 00       		.uleb128 0
 4191 0d0e 00       		.byte	0
 4192 0d0f 00       		.byte	0
 4193 0d10 10       		.uleb128 0x10
 4194 0d11 17070000 		.4byte	0x717
 4195 0d15 200D0000 		.4byte	0xd20
 4196 0d19 11       		.uleb128 0x11
 4197 0d1a 2D000000 		.4byte	0x2d
 4198 0d1e 14       		.byte	0x14
 4199 0d1f 00       		.byte	0
 4200 0d20 0C       		.uleb128 0xc
 4201 0d21 100D0000 		.4byte	0xd10
 4202 0d25 13       		.uleb128 0x13
 4203 0d26 4E020000 		.4byte	.LASF99
 4204 0d2a DA02     		.2byte	0x2da
 4205 0d2c 07       		.byte	0x7
 4206 0d2d E4000000 		.4byte	0xe4
 4207 0d31 00000000 		.4byte	.LFB221
 4208 0d35 1C000000 		.4byte	.LFE221-.LFB221
 4209 0d39 01       		.uleb128 0x1
 4210 0d3a 9C       		.byte	0x9c
 4211 0d3b AB0D0000 		.4byte	0xdab
 4212 0d3f 08       		.uleb128 0x8
 4213 0d40 74727000 		.ascii	"trp\000"
 4214 0d44 DA02     		.2byte	0x2da
 4215 0d46 29       		.byte	0x29
 4216 0d47 01070000 		.4byte	0x701
 4217 0d4b F0020000 		.4byte	.LLST70
ARM GAS  /tmp/ccnze4xj.s 			page 75


 4218 0d4f EA020000 		.4byte	.LVUS70
 4219 0d53 16       		.uleb128 0x16
 4220 0d54 747000   		.ascii	"tp\000"
 4221 0d57 DB02     		.2byte	0x2db
 4222 0d59 0D       		.byte	0xd
 4223 0d5a BD010000 		.4byte	0x1bd
 4224 0d5e 11030000 		.4byte	.LLST71
 4225 0d62 0F030000 		.4byte	.LVUS71
 4226 0d66 0A       		.uleb128 0xa
 4227 0d67 99070000 		.4byte	.LASF96
 4228 0d6b BB0D0000 		.4byte	0xdbb
 4229 0d6f 20       		.uleb128 0x20
 4230 0d70 8C200000 		.4byte	0x208c
 4231 0d74 02000000 		.4byte	.LBI376
 4232 0d78 01       		.byte	.LVU656
 4233 0d79 02000000 		.4byte	.LBB376
 4234 0d7d 04000000 		.4byte	.LBE376-.LBB376
 4235 0d81 01       		.byte	0x1
 4236 0d82 DB02     		.2byte	0x2db
 4237 0d84 12       		.byte	0x12
 4238 0d85 20       		.uleb128 0x20
 4239 0d86 8C200000 		.4byte	0x208c
 4240 0d8a 10000000 		.4byte	.LBI378
 4241 0d8e 01       		.byte	.LVU670
 4242 0d8f 10000000 		.4byte	.LBB378
 4243 0d93 02000000 		.4byte	.LBE378-.LBB378
 4244 0d97 01       		.byte	0x1
 4245 0d98 E302     		.2byte	0x2e3
 4246 0d9a 0A       		.byte	0xa
 4247 0d9b 0B       		.uleb128 0xb
 4248 0d9c 10000000 		.4byte	.LVL125
 4249 0da0 D2070000 		.4byte	0x7d2
 4250 0da4 05       		.uleb128 0x5
 4251 0da5 01       		.uleb128 0x1
 4252 0da6 50       		.byte	0x50
 4253 0da7 01       		.uleb128 0x1
 4254 0da8 33       		.byte	0x33
 4255 0da9 00       		.byte	0
 4256 0daa 00       		.byte	0
 4257 0dab 10       		.uleb128 0x10
 4258 0dac 17070000 		.4byte	0x717
 4259 0db0 BB0D0000 		.4byte	0xdbb
 4260 0db4 11       		.uleb128 0x11
 4261 0db5 2D000000 		.4byte	0x2d
 4262 0db9 0D       		.byte	0xd
 4263 0dba 00       		.byte	0
 4264 0dbb 0C       		.uleb128 0xc
 4265 0dbc AB0D0000 		.4byte	0xdab
 4266 0dc0 12       		.uleb128 0x12
 4267 0dc1 C0040000 		.4byte	.LASF100
 4268 0dc5 C902     		.2byte	0x2c9
 4269 0dc7 00000000 		.4byte	.LFB220
 4270 0dcb 14000000 		.4byte	.LFE220-.LFB220
 4271 0dcf 01       		.uleb128 0x1
 4272 0dd0 9C       		.byte	0x9c
 4273 0dd1 8B0E0000 		.4byte	0xe8b
 4274 0dd5 04       		.uleb128 0x4
ARM GAS  /tmp/ccnze4xj.s 			page 76


 4275 0dd6 FA200000 		.4byte	0x20fa
 4276 0dda 02000000 		.4byte	.LBI367
 4277 0dde 01       		.byte	.LVU629
 4278 0ddf 02000000 		.4byte	.LBB367
 4279 0de3 06000000 		.4byte	.LBE367-.LBB367
 4280 0de7 01       		.byte	0x1
 4281 0de8 CB02     		.2byte	0x2cb
 4282 0dea 03       		.byte	0x3
 4283 0deb 2B0E0000 		.4byte	0xe2b
 4284 0def 01       		.uleb128 0x1
 4285 0df0 66220000 		.4byte	0x2266
 4286 0df4 02000000 		.4byte	.LBI368
 4287 0df8 03       		.byte	.LVU631
 4288 0df9 02000000 		.4byte	.LBB368
 4289 0dfd 06000000 		.4byte	.LBE368-.LBB368
 4290 0e01 03       		.byte	0x3
 4291 0e02 7801     		.2byte	0x178
 4292 0e04 03       		.byte	0x3
 4293 0e05 01       		.uleb128 0x1
 4294 0e06 6E220000 		.4byte	0x226e
 4295 0e0a 02000000 		.4byte	.LBI369
 4296 0e0e 05       		.byte	.LVU633
 4297 0e0f 02000000 		.4byte	.LBB369
 4298 0e13 06000000 		.4byte	.LBE369-.LBB369
 4299 0e17 04       		.byte	0x4
 4300 0e18 6402     		.2byte	0x264
 4301 0e1a 03       		.byte	0x3
 4302 0e1b 02       		.uleb128 0x2
 4303 0e1c 78220000 		.4byte	0x2278
 4304 0e20 1C030000 		.4byte	.LLST68
 4305 0e24 1A030000 		.4byte	.LVUS68
 4306 0e28 00       		.byte	0
 4307 0e29 00       		.byte	0
 4308 0e2a 00       		.byte	0
 4309 0e2b 04       		.uleb128 0x4
 4310 0e2c E4200000 		.4byte	0x20e4
 4311 0e30 0C000000 		.4byte	.LBI371
 4312 0e34 01       		.byte	.LVU640
 4313 0e35 0C000000 		.4byte	.LBB371
 4314 0e39 06000000 		.4byte	.LBE371-.LBB371
 4315 0e3d 01       		.byte	0x1
 4316 0e3e CD02     		.2byte	0x2cd
 4317 0e40 03       		.byte	0x3
 4318 0e41 810E0000 		.4byte	0xe81
 4319 0e45 01       		.uleb128 0x1
 4320 0e46 5E220000 		.4byte	0x225e
 4321 0e4a 0C000000 		.4byte	.LBI373
 4322 0e4e 08       		.byte	.LVU647
 4323 0e4f 0C000000 		.4byte	.LBB373
 4324 0e53 06000000 		.4byte	.LBE373-.LBB373
 4325 0e57 03       		.byte	0x3
 4326 0e58 8F01     		.2byte	0x18f
 4327 0e5a 03       		.byte	0x3
 4328 0e5b 01       		.uleb128 0x1
 4329 0e5c 6E220000 		.4byte	0x226e
 4330 0e60 0C000000 		.4byte	.LBI374
 4331 0e64 0A       		.byte	.LVU649
ARM GAS  /tmp/ccnze4xj.s 			page 77


 4332 0e65 0C000000 		.4byte	.LBB374
 4333 0e69 06000000 		.4byte	.LBE374-.LBB374
 4334 0e6d 04       		.byte	0x4
 4335 0e6e 7702     		.2byte	0x277
 4336 0e70 03       		.byte	0x3
 4337 0e71 02       		.uleb128 0x2
 4338 0e72 78220000 		.4byte	0x2278
 4339 0e76 29030000 		.4byte	.LLST69
 4340 0e7a 27030000 		.4byte	.LVUS69
 4341 0e7e 00       		.byte	0
 4342 0e7f 00       		.byte	0
 4343 0e80 00       		.byte	0
 4344 0e81 14       		.uleb128 0x14
 4345 0e82 0C000000 		.4byte	.LVL120
 4346 0e86 02210000 		.4byte	0x2102
 4347 0e8a 00       		.byte	0
 4348 0e8b 13       		.uleb128 0x13
 4349 0e8c 4F010000 		.4byte	.LASF101
 4350 0e90 B502     		.2byte	0x2b5
 4351 0e92 0B       		.byte	0xb
 4352 0e93 F0000000 		.4byte	0xf0
 4353 0e97 00000000 		.4byte	.LFB219
 4354 0e9b 2C000000 		.4byte	.LFE219-.LFB219
 4355 0e9f 01       		.uleb128 0x1
 4356 0ea0 9C       		.byte	0x9c
 4357 0ea1 47100000 		.4byte	0x1047
 4358 0ea5 15       		.uleb128 0x15
 4359 0ea6 38020000 		.4byte	.LASF39
 4360 0eaa B502     		.2byte	0x2b5
 4361 0eac 2D       		.byte	0x2d
 4362 0ead F0000000 		.4byte	0xf0
 4363 0eb1 37030000 		.4byte	.LLST59
 4364 0eb5 33030000 		.4byte	.LVUS59
 4365 0eb9 15       		.uleb128 0x15
 4366 0eba CC010000 		.4byte	.LASF36
 4367 0ebe B502     		.2byte	0x2b5
 4368 0ec0 3D       		.byte	0x3d
 4369 0ec1 F0000000 		.4byte	0xf0
 4370 0ec5 54030000 		.4byte	.LLST60
 4371 0ec9 50030000 		.4byte	.LVUS60
 4372 0ecd 2E       		.uleb128 0x2e
 4373 0ece 7F030000 		.4byte	.LASF102
 4374 0ed2 B602     		.2byte	0x2b6
 4375 0ed4 0D       		.byte	0xd
 4376 0ed5 F0000000 		.4byte	0xf0
 4377 0ed9 68030000 		.4byte	.LLST61
 4378 0edd 64030000 		.4byte	.LVUS61
 4379 0ee1 04       		.uleb128 0x4
 4380 0ee2 FA200000 		.4byte	0x20fa
 4381 0ee6 04000000 		.4byte	.LBI350
 4382 0eea 02       		.byte	.LVU578
 4383 0eeb 04000000 		.4byte	.LBB350
 4384 0eef 06000000 		.4byte	.LBE350-.LBB350
 4385 0ef3 01       		.byte	0x1
 4386 0ef4 B802     		.2byte	0x2b8
 4387 0ef6 03       		.byte	0x3
 4388 0ef7 370F0000 		.4byte	0xf37
ARM GAS  /tmp/ccnze4xj.s 			page 78


 4389 0efb 01       		.uleb128 0x1
 4390 0efc 66220000 		.4byte	0x2266
 4391 0f00 04000000 		.4byte	.LBI351
 4392 0f04 04       		.byte	.LVU580
 4393 0f05 04000000 		.4byte	.LBB351
 4394 0f09 06000000 		.4byte	.LBE351-.LBB351
 4395 0f0d 03       		.byte	0x3
 4396 0f0e 7801     		.2byte	0x178
 4397 0f10 03       		.byte	0x3
 4398 0f11 01       		.uleb128 0x1
 4399 0f12 6E220000 		.4byte	0x226e
 4400 0f16 04000000 		.4byte	.LBI352
 4401 0f1a 06       		.byte	.LVU582
 4402 0f1b 04000000 		.4byte	.LBB352
 4403 0f1f 06000000 		.4byte	.LBE352-.LBB352
 4404 0f23 04       		.byte	0x4
 4405 0f24 6402     		.2byte	0x264
 4406 0f26 03       		.byte	0x3
 4407 0f27 02       		.uleb128 0x2
 4408 0f28 78220000 		.4byte	0x2278
 4409 0f2c 7A030000 		.4byte	.LLST62
 4410 0f30 78030000 		.4byte	.LVUS62
 4411 0f34 00       		.byte	0
 4412 0f35 00       		.byte	0
 4413 0f36 00       		.byte	0
 4414 0f37 04       		.uleb128 0x4
 4415 0f38 D9200000 		.4byte	0x20d9
 4416 0f3c 0A000000 		.4byte	.LBI354
 4417 0f40 04       		.byte	.LVU588
 4418 0f41 0A000000 		.4byte	.LBB354
 4419 0f45 06000000 		.4byte	.LBE354-.LBB354
 4420 0f49 01       		.byte	0x1
 4421 0f4a B902     		.2byte	0x2b9
 4422 0f4c 0A       		.byte	0xa
 4423 0f4d 7B0F0000 		.4byte	0xf7b
 4424 0f51 24       		.uleb128 0x24
 4425 0f52 48220000 		.4byte	0x2248
 4426 0f56 0A000000 		.4byte	.LBI355
 4427 0f5a 06       		.byte	.LVU590
 4428 0f5b 0A000000 		.4byte	.LBB355
 4429 0f5f 06000000 		.4byte	.LBE355-.LBB355
 4430 0f63 07       		.byte	0x7
 4431 0f64 E9       		.byte	0xe9
 4432 0f65 0A       		.byte	0xa
 4433 0f66 2F       		.uleb128 0x2f
 4434 0f67 53220000 		.4byte	0x2253
 4435 0f6b 0A000000 		.4byte	.LBI356
 4436 0f6f 08       		.byte	.LVU592
 4437 0f70 0A000000 		.4byte	.LBB356
 4438 0f74 06000000 		.4byte	.LBE356-.LBB356
 4439 0f78 6B       		.byte	0x6b
 4440 0f79 00       		.byte	0
 4441 0f7a 00       		.byte	0
 4442 0f7b 04       		.uleb128 0x4
 4443 0f7c 99200000 		.4byte	0x2099
 4444 0f80 10000000 		.4byte	.LBI358
 4445 0f84 02       		.byte	.LVU597
ARM GAS  /tmp/ccnze4xj.s 			page 79


 4446 0f85 10000000 		.4byte	.LBB358
 4447 0f89 04000000 		.4byte	.LBE358-.LBB358
 4448 0f8d 01       		.byte	0x1
 4449 0f8e BA02     		.2byte	0x2ba
 4450 0f90 07       		.byte	0x7
 4451 0f91 BD0F0000 		.4byte	0xfbd
 4452 0f95 02       		.uleb128 0x2
 4453 0f96 C4200000 		.4byte	0x20c4
 4454 0f9a 87030000 		.4byte	.LLST63
 4455 0f9e 85030000 		.4byte	.LVUS63
 4456 0fa2 02       		.uleb128 0x2
 4457 0fa3 B7200000 		.4byte	0x20b7
 4458 0fa7 92030000 		.4byte	.LLST64
 4459 0fab 90030000 		.4byte	.LVUS64
 4460 0faf 02       		.uleb128 0x2
 4461 0fb0 AA200000 		.4byte	0x20aa
 4462 0fb4 9D030000 		.4byte	.LLST65
 4463 0fb8 9B030000 		.4byte	.LVUS65
 4464 0fbc 00       		.byte	0
 4465 0fbd 04       		.uleb128 0x4
 4466 0fbe E4200000 		.4byte	0x20e4
 4467 0fc2 18000000 		.4byte	.LBI360
 4468 0fc6 01       		.byte	.LVU604
 4469 0fc7 18000000 		.4byte	.LBB360
 4470 0fcb 06000000 		.4byte	.LBE360-.LBB360
 4471 0fcf 01       		.byte	0x1
 4472 0fd0 BD02     		.2byte	0x2bd
 4473 0fd2 03       		.byte	0x3
 4474 0fd3 13100000 		.4byte	0x1013
 4475 0fd7 01       		.uleb128 0x1
 4476 0fd8 5E220000 		.4byte	0x225e
 4477 0fdc 18000000 		.4byte	.LBI362
 4478 0fe0 08       		.byte	.LVU611
 4479 0fe1 18000000 		.4byte	.LBB362
 4480 0fe5 06000000 		.4byte	.LBE362-.LBB362
 4481 0fe9 03       		.byte	0x3
 4482 0fea 8F01     		.2byte	0x18f
 4483 0fec 03       		.byte	0x3
 4484 0fed 01       		.uleb128 0x1
 4485 0fee 6E220000 		.4byte	0x226e
 4486 0ff2 18000000 		.4byte	.LBI363
 4487 0ff6 0A       		.byte	.LVU613
 4488 0ff7 18000000 		.4byte	.LBB363
 4489 0ffb 06000000 		.4byte	.LBE363-.LBB363
 4490 0fff 04       		.byte	0x4
 4491 1000 7702     		.2byte	0x277
 4492 1002 03       		.byte	0x3
 4493 1003 02       		.uleb128 0x2
 4494 1004 78220000 		.4byte	0x2278
 4495 1008 A8030000 		.4byte	.LLST66
 4496 100c A6030000 		.4byte	.LVUS66
 4497 1010 00       		.byte	0
 4498 1011 00       		.byte	0
 4499 1012 00       		.byte	0
 4500 1013 01       		.uleb128 0x1
 4501 1014 42200000 		.4byte	0x2042
 4502 1018 22000000 		.4byte	.LBI365
ARM GAS  /tmp/ccnze4xj.s 			page 80


 4503 101c 01       		.byte	.LVU619
 4504 101d 22000000 		.4byte	.LBB365
 4505 1021 0A000000 		.4byte	.LBE365-.LBB365
 4506 1025 01       		.byte	0x1
 4507 1026 BB02     		.2byte	0x2bb
 4508 1028 05       		.byte	0x5
 4509 1029 02       		.uleb128 0x2
 4510 102a 4E200000 		.4byte	0x204e
 4511 102e B6030000 		.4byte	.LLST67
 4512 1032 B2030000 		.4byte	.LVUS67
 4513 1036 0B       		.uleb128 0xb
 4514 1037 2A000000 		.4byte	.LVL117
 4515 103b AF070000 		.4byte	0x7af
 4516 103f 05       		.uleb128 0x5
 4517 1040 01       		.uleb128 0x1
 4518 1041 50       		.byte	0x50
 4519 1042 01       		.uleb128 0x1
 4520 1043 38       		.byte	0x38
 4521 1044 00       		.byte	0
 4522 1045 00       		.byte	0
 4523 1046 00       		.byte	0
 4524 1047 12       		.uleb128 0x12
 4525 1048 49060000 		.4byte	.LASF103
 4526 104c 9D02     		.2byte	0x29d
 4527 104e 00000000 		.4byte	.LFB218
 4528 1052 22000000 		.4byte	.LFE218-.LFB218
 4529 1056 01       		.uleb128 0x1
 4530 1057 9C       		.byte	0x9c
 4531 1058 94110000 		.4byte	0x1194
 4532 105c 15       		.uleb128 0x15
 4533 105d 7F030000 		.4byte	.LASF102
 4534 1061 9D02     		.2byte	0x29d
 4535 1063 20       		.byte	0x20
 4536 1064 F0000000 		.4byte	0xf0
 4537 1068 D3030000 		.4byte	.LLST55
 4538 106c CB030000 		.4byte	.LVUS55
 4539 1070 04       		.uleb128 0x4
 4540 1071 FA200000 		.4byte	0x20fa
 4541 1075 02000000 		.4byte	.LBI335
 4542 1079 01       		.byte	.LVU531
 4543 107a 02000000 		.4byte	.LBB335
 4544 107e 06000000 		.4byte	.LBE335-.LBB335
 4545 1082 01       		.byte	0x1
 4546 1083 9F02     		.2byte	0x29f
 4547 1085 03       		.byte	0x3
 4548 1086 C6100000 		.4byte	0x10c6
 4549 108a 01       		.uleb128 0x1
 4550 108b 66220000 		.4byte	0x2266
 4551 108f 02000000 		.4byte	.LBI336
 4552 1093 03       		.byte	.LVU533
 4553 1094 02000000 		.4byte	.LBB336
 4554 1098 06000000 		.4byte	.LBE336-.LBB336
 4555 109c 03       		.byte	0x3
 4556 109d 7801     		.2byte	0x178
 4557 109f 03       		.byte	0x3
 4558 10a0 01       		.uleb128 0x1
 4559 10a1 6E220000 		.4byte	0x226e
ARM GAS  /tmp/ccnze4xj.s 			page 81


 4560 10a5 02000000 		.4byte	.LBI337
 4561 10a9 05       		.byte	.LVU535
 4562 10aa 02000000 		.4byte	.LBB337
 4563 10ae 06000000 		.4byte	.LBE337-.LBB337
 4564 10b2 04       		.byte	0x4
 4565 10b3 6402     		.2byte	0x264
 4566 10b5 03       		.byte	0x3
 4567 10b6 02       		.uleb128 0x2
 4568 10b7 78220000 		.4byte	0x2278
 4569 10bb F4030000 		.4byte	.LLST56
 4570 10bf F2030000 		.4byte	.LVUS56
 4571 10c3 00       		.byte	0
 4572 10c4 00       		.byte	0
 4573 10c5 00       		.byte	0
 4574 10c6 04       		.uleb128 0x4
 4575 10c7 D9200000 		.4byte	0x20d9
 4576 10cb 08000000 		.4byte	.LBI339
 4577 10cf 04       		.byte	.LVU541
 4578 10d0 08000000 		.4byte	.LBB339
 4579 10d4 06000000 		.4byte	.LBE339-.LBB339
 4580 10d8 01       		.byte	0x1
 4581 10d9 A002     		.2byte	0x2a0
 4582 10db 0B       		.byte	0xb
 4583 10dc 0A110000 		.4byte	0x110a
 4584 10e0 24       		.uleb128 0x24
 4585 10e1 48220000 		.4byte	0x2248
 4586 10e5 08000000 		.4byte	.LBI340
 4587 10e9 06       		.byte	.LVU543
 4588 10ea 08000000 		.4byte	.LBB340
 4589 10ee 06000000 		.4byte	.LBE340-.LBB340
 4590 10f2 07       		.byte	0x7
 4591 10f3 E9       		.byte	0xe9
 4592 10f4 0A       		.byte	0xa
 4593 10f5 2F       		.uleb128 0x2f
 4594 10f6 53220000 		.4byte	0x2253
 4595 10fa 08000000 		.4byte	.LBI341
 4596 10fe 08       		.byte	.LVU545
 4597 10ff 08000000 		.4byte	.LBB341
 4598 1103 06000000 		.4byte	.LBE341-.LBB341
 4599 1107 6B       		.byte	0x6b
 4600 1108 00       		.byte	0
 4601 1109 00       		.byte	0
 4602 110a 04       		.uleb128 0x4
 4603 110b E4200000 		.4byte	0x20e4
 4604 110f 12000000 		.4byte	.LBI343
 4605 1113 01       		.byte	.LVU553
 4606 1114 12000000 		.4byte	.LBB343
 4607 1118 06000000 		.4byte	.LBE343-.LBB343
 4608 111c 01       		.byte	0x1
 4609 111d A402     		.2byte	0x2a4
 4610 111f 03       		.byte	0x3
 4611 1120 60110000 		.4byte	0x1160
 4612 1124 01       		.uleb128 0x1
 4613 1125 5E220000 		.4byte	0x225e
 4614 1129 12000000 		.4byte	.LBI345
 4615 112d 08       		.byte	.LVU560
 4616 112e 12000000 		.4byte	.LBB345
ARM GAS  /tmp/ccnze4xj.s 			page 82


 4617 1132 06000000 		.4byte	.LBE345-.LBB345
 4618 1136 03       		.byte	0x3
 4619 1137 8F01     		.2byte	0x18f
 4620 1139 03       		.byte	0x3
 4621 113a 01       		.uleb128 0x1
 4622 113b 6E220000 		.4byte	0x226e
 4623 113f 12000000 		.4byte	.LBI346
 4624 1143 0A       		.byte	.LVU562
 4625 1144 12000000 		.4byte	.LBB346
 4626 1148 06000000 		.4byte	.LBE346-.LBB346
 4627 114c 04       		.byte	0x4
 4628 114d 7702     		.2byte	0x277
 4629 114f 03       		.byte	0x3
 4630 1150 02       		.uleb128 0x2
 4631 1151 78220000 		.4byte	0x2278
 4632 1155 01040000 		.4byte	.LLST57
 4633 1159 FF030000 		.4byte	.LVUS57
 4634 115d 00       		.byte	0
 4635 115e 00       		.byte	0
 4636 115f 00       		.byte	0
 4637 1160 01       		.uleb128 0x1
 4638 1161 42200000 		.4byte	0x2042
 4639 1165 1A000000 		.4byte	.LBI348
 4640 1169 01       		.byte	.LVU567
 4641 116a 1A000000 		.4byte	.LBB348
 4642 116e 08000000 		.4byte	.LBE348-.LBB348
 4643 1172 01       		.byte	0x1
 4644 1173 A202     		.2byte	0x2a2
 4645 1175 05       		.byte	0x5
 4646 1176 02       		.uleb128 0x2
 4647 1177 4E200000 		.4byte	0x204e
 4648 117b 0D040000 		.4byte	.LLST58
 4649 117f 0B040000 		.4byte	.LVUS58
 4650 1183 0B       		.uleb128 0xb
 4651 1184 20000000 		.4byte	.LVL107
 4652 1188 AF070000 		.4byte	0x7af
 4653 118c 05       		.uleb128 0x5
 4654 118d 01       		.uleb128 0x1
 4655 118e 50       		.byte	0x50
 4656 118f 01       		.uleb128 0x1
 4657 1190 38       		.byte	0x38
 4658 1191 00       		.byte	0
 4659 1192 00       		.byte	0
 4660 1193 00       		.byte	0
 4661 1194 12       		.uleb128 0x12
 4662 1195 24070000 		.4byte	.LASF104
 4663 1199 8902     		.2byte	0x289
 4664 119b 00000000 		.4byte	.LFB217
 4665 119f 18000000 		.4byte	.LFE217-.LFB217
 4666 11a3 01       		.uleb128 0x1
 4667 11a4 9C       		.byte	0x9c
 4668 11a5 AA120000 		.4byte	0x12aa
 4669 11a9 15       		.uleb128 0x15
 4670 11aa 7F030000 		.4byte	.LASF102
 4671 11ae 8902     		.2byte	0x289
 4672 11b0 1B       		.byte	0x1b
 4673 11b1 F0000000 		.4byte	0xf0
ARM GAS  /tmp/ccnze4xj.s 			page 83


 4674 11b5 1C040000 		.4byte	.LLST51
 4675 11b9 16040000 		.4byte	.LVUS51
 4676 11bd 04       		.uleb128 0x4
 4677 11be FA200000 		.4byte	0x20fa
 4678 11c2 04000000 		.4byte	.LBI324
 4679 11c6 01       		.byte	.LVU496
 4680 11c7 04000000 		.4byte	.LBB324
 4681 11cb 06000000 		.4byte	.LBE324-.LBB324
 4682 11cf 01       		.byte	0x1
 4683 11d0 8B02     		.2byte	0x28b
 4684 11d2 03       		.byte	0x3
 4685 11d3 13120000 		.4byte	0x1213
 4686 11d7 01       		.uleb128 0x1
 4687 11d8 66220000 		.4byte	0x2266
 4688 11dc 04000000 		.4byte	.LBI325
 4689 11e0 03       		.byte	.LVU498
 4690 11e1 04000000 		.4byte	.LBB325
 4691 11e5 06000000 		.4byte	.LBE325-.LBB325
 4692 11e9 03       		.byte	0x3
 4693 11ea 7801     		.2byte	0x178
 4694 11ec 03       		.byte	0x3
 4695 11ed 01       		.uleb128 0x1
 4696 11ee 6E220000 		.4byte	0x226e
 4697 11f2 04000000 		.4byte	.LBI326
 4698 11f6 05       		.byte	.LVU500
 4699 11f7 04000000 		.4byte	.LBB326
 4700 11fb 06000000 		.4byte	.LBE326-.LBB326
 4701 11ff 04       		.byte	0x4
 4702 1200 6402     		.2byte	0x264
 4703 1202 03       		.byte	0x3
 4704 1203 02       		.uleb128 0x2
 4705 1204 78220000 		.4byte	0x2278
 4706 1208 3C040000 		.4byte	.LLST52
 4707 120c 3A040000 		.4byte	.LVUS52
 4708 1210 00       		.byte	0
 4709 1211 00       		.byte	0
 4710 1212 00       		.byte	0
 4711 1213 04       		.uleb128 0x4
 4712 1214 42200000 		.4byte	0x2042
 4713 1218 0A000000 		.4byte	.LBI328
 4714 121c 04       		.byte	.LVU506
 4715 121d 0A000000 		.4byte	.LBB328
 4716 1221 06000000 		.4byte	.LBE328-.LBB328
 4717 1225 01       		.byte	0x1
 4718 1226 8C02     		.2byte	0x28c
 4719 1228 03       		.byte	0x3
 4720 1229 57120000 		.4byte	0x1257
 4721 122d 02       		.uleb128 0x2
 4722 122e 4E200000 		.4byte	0x204e
 4723 1232 4D040000 		.4byte	.LLST53
 4724 1236 47040000 		.4byte	.LVUS53
 4725 123a 0B       		.uleb128 0xb
 4726 123b 10000000 		.4byte	.LVL97
 4727 123f AF070000 		.4byte	0x7af
 4728 1243 05       		.uleb128 0x5
 4729 1244 01       		.uleb128 0x1
 4730 1245 50       		.byte	0x50
ARM GAS  /tmp/ccnze4xj.s 			page 84


 4731 1246 01       		.uleb128 0x1
 4732 1247 38       		.byte	0x38
 4733 1248 05       		.uleb128 0x5
 4734 1249 01       		.uleb128 0x1
 4735 124a 51       		.byte	0x51
 4736 124b 09       		.uleb128 0x9
 4737 124c A3       		.byte	0xa3
 4738 124d 03       		.uleb128 0x3
 4739 124e A5       		.byte	0xa5
 4740 124f 00       		.uleb128 0
 4741 1250 26       		.uleb128 0x26
 4742 1251 A8       		.byte	0xa8
 4743 1252 2D       		.uleb128 0x2d
 4744 1253 A8       		.byte	0xa8
 4745 1254 00       		.uleb128 0
 4746 1255 00       		.byte	0
 4747 1256 00       		.byte	0
 4748 1257 01       		.uleb128 0x1
 4749 1258 E4200000 		.4byte	0x20e4
 4750 125c 10000000 		.4byte	.LBI330
 4751 1260 02       		.byte	.LVU515
 4752 1261 10000000 		.4byte	.LBB330
 4753 1265 06000000 		.4byte	.LBE330-.LBB330
 4754 1269 01       		.byte	0x1
 4755 126a 8D02     		.2byte	0x28d
 4756 126c 03       		.byte	0x3
 4757 126d 01       		.uleb128 0x1
 4758 126e 5E220000 		.4byte	0x225e
 4759 1272 10000000 		.4byte	.LBI332
 4760 1276 09       		.byte	.LVU522
 4761 1277 10000000 		.4byte	.LBB332
 4762 127b 06000000 		.4byte	.LBE332-.LBB332
 4763 127f 03       		.byte	0x3
 4764 1280 8F01     		.2byte	0x18f
 4765 1282 03       		.byte	0x3
 4766 1283 01       		.uleb128 0x1
 4767 1284 6E220000 		.4byte	0x226e
 4768 1288 10000000 		.4byte	.LBI333
 4769 128c 0B       		.byte	.LVU524
 4770 128d 10000000 		.4byte	.LBB333
 4771 1291 06000000 		.4byte	.LBE333-.LBB333
 4772 1295 04       		.byte	0x4
 4773 1296 7702     		.2byte	0x277
 4774 1298 03       		.byte	0x3
 4775 1299 02       		.uleb128 0x2
 4776 129a 78220000 		.4byte	0x2278
 4777 129e 6D040000 		.4byte	.LLST54
 4778 12a2 6B040000 		.4byte	.LVUS54
 4779 12a6 00       		.byte	0
 4780 12a7 00       		.byte	0
 4781 12a8 00       		.byte	0
 4782 12a9 00       		.byte	0
 4783 12aa 12       		.uleb128 0x12
 4784 12ab ED040000 		.4byte	.LASF105
 4785 12af 7602     		.2byte	0x276
 4786 12b1 00000000 		.4byte	.LFB216
 4787 12b5 1A000000 		.4byte	.LFE216-.LFB216
ARM GAS  /tmp/ccnze4xj.s 			page 85


 4788 12b9 01       		.uleb128 0x1
 4789 12ba 9C       		.byte	0x9c
 4790 12bb 75130000 		.4byte	0x1375
 4791 12bf 25       		.uleb128 0x25
 4792 12c0 747000   		.ascii	"tp\000"
 4793 12c3 7602     		.2byte	0x276
 4794 12c5 1F       		.byte	0x1f
 4795 12c6 BD010000 		.4byte	0x1bd
 4796 12ca 01       		.uleb128 0x1
 4797 12cb 50       		.byte	0x50
 4798 12cc 04       		.uleb128 0x4
 4799 12cd FA200000 		.4byte	0x20fa
 4800 12d1 00000000 		.4byte	.LBI315
 4801 12d5 02       		.byte	.LVU467
 4802 12d6 00000000 		.4byte	.LBB315
 4803 12da 06000000 		.4byte	.LBE315-.LBB315
 4804 12de 01       		.byte	0x1
 4805 12df 7802     		.2byte	0x278
 4806 12e1 03       		.byte	0x3
 4807 12e2 22130000 		.4byte	0x1322
 4808 12e6 01       		.uleb128 0x1
 4809 12e7 66220000 		.4byte	0x2266
 4810 12eb 00000000 		.4byte	.LBI316
 4811 12ef 04       		.byte	.LVU469
 4812 12f0 00000000 		.4byte	.LBB316
 4813 12f4 06000000 		.4byte	.LBE316-.LBB316
 4814 12f8 03       		.byte	0x3
 4815 12f9 7801     		.2byte	0x178
 4816 12fb 03       		.byte	0x3
 4817 12fc 01       		.uleb128 0x1
 4818 12fd 6E220000 		.4byte	0x226e
 4819 1301 00000000 		.4byte	.LBI317
 4820 1305 06       		.byte	.LVU471
 4821 1306 00000000 		.4byte	.LBB317
 4822 130a 06000000 		.4byte	.LBE317-.LBB317
 4823 130e 04       		.byte	0x4
 4824 130f 6402     		.2byte	0x264
 4825 1311 03       		.byte	0x3
 4826 1312 02       		.uleb128 0x2
 4827 1313 78220000 		.4byte	0x2278
 4828 1317 79040000 		.4byte	.LLST49
 4829 131b 77040000 		.4byte	.LVUS49
 4830 131f 00       		.byte	0
 4831 1320 00       		.byte	0
 4832 1321 00       		.byte	0
 4833 1322 01       		.uleb128 0x1
 4834 1323 E4200000 		.4byte	0x20e4
 4835 1327 12000000 		.4byte	.LBI319
 4836 132b 01       		.byte	.LVU480
 4837 132c 12000000 		.4byte	.LBB319
 4838 1330 06000000 		.4byte	.LBE319-.LBB319
 4839 1334 01       		.byte	0x1
 4840 1335 7A02     		.2byte	0x27a
 4841 1337 03       		.byte	0x3
 4842 1338 01       		.uleb128 0x1
 4843 1339 5E220000 		.4byte	0x225e
 4844 133d 12000000 		.4byte	.LBI321
ARM GAS  /tmp/ccnze4xj.s 			page 86


 4845 1341 08       		.byte	.LVU487
 4846 1342 12000000 		.4byte	.LBB321
 4847 1346 06000000 		.4byte	.LBE321-.LBB321
 4848 134a 03       		.byte	0x3
 4849 134b 8F01     		.2byte	0x18f
 4850 134d 03       		.byte	0x3
 4851 134e 01       		.uleb128 0x1
 4852 134f 6E220000 		.4byte	0x226e
 4853 1353 12000000 		.4byte	.LBI322
 4854 1357 0A       		.byte	.LVU489
 4855 1358 12000000 		.4byte	.LBB322
 4856 135c 06000000 		.4byte	.LBE322-.LBB322
 4857 1360 04       		.byte	0x4
 4858 1361 7702     		.2byte	0x277
 4859 1363 03       		.byte	0x3
 4860 1364 02       		.uleb128 0x2
 4861 1365 78220000 		.4byte	0x2278
 4862 1369 86040000 		.4byte	.LLST50
 4863 136d 84040000 		.4byte	.LVUS50
 4864 1371 00       		.byte	0
 4865 1372 00       		.byte	0
 4866 1373 00       		.byte	0
 4867 1374 00       		.byte	0
 4868 1375 13       		.uleb128 0x13
 4869 1376 AC070000 		.4byte	.LASF106
 4870 137a 5402     		.2byte	0x254
 4871 137c 09       		.byte	0x9
 4872 137d D8000000 		.4byte	0xd8
 4873 1381 00000000 		.4byte	.LFB215
 4874 1385 24000000 		.4byte	.LFE215-.LFB215
 4875 1389 01       		.uleb128 0x1
 4876 138a 9C       		.byte	0x9c
 4877 138b 76140000 		.4byte	0x1476
 4878 138f 15       		.uleb128 0x15
 4879 1390 6B030000 		.4byte	.LASF107
 4880 1394 5402     		.2byte	0x254
 4881 1396 22       		.byte	0x22
 4882 1397 D8000000 		.4byte	0xd8
 4883 139b 94040000 		.4byte	.LLST45
 4884 139f 90040000 		.4byte	.LVUS45
 4885 13a3 2E       		.uleb128 0x2e
 4886 13a4 1E060000 		.4byte	.LASF108
 4887 13a8 5502     		.2byte	0x255
 4888 13aa 0B       		.byte	0xb
 4889 13ab D8000000 		.4byte	0xd8
 4890 13af B1040000 		.4byte	.LLST46
 4891 13b3 AD040000 		.4byte	.LVUS46
 4892 13b7 0A       		.uleb128 0xa
 4893 13b8 99070000 		.4byte	.LASF96
 4894 13bc 86140000 		.4byte	0x1486
 4895 13c0 04       		.uleb128 0x4
 4896 13c1 FA200000 		.4byte	0x20fa
 4897 13c5 02000000 		.4byte	.LBI306
 4898 13c9 05       		.byte	.LVU434
 4899 13ca 02000000 		.4byte	.LBB306
 4900 13ce 06000000 		.4byte	.LBE306-.LBB306
 4901 13d2 01       		.byte	0x1
ARM GAS  /tmp/ccnze4xj.s 			page 87


 4902 13d3 5902     		.2byte	0x259
 4903 13d5 03       		.byte	0x3
 4904 13d6 16140000 		.4byte	0x1416
 4905 13da 01       		.uleb128 0x1
 4906 13db 66220000 		.4byte	0x2266
 4907 13df 02000000 		.4byte	.LBI307
 4908 13e3 07       		.byte	.LVU436
 4909 13e4 02000000 		.4byte	.LBB307
 4910 13e8 06000000 		.4byte	.LBE307-.LBB307
 4911 13ec 03       		.byte	0x3
 4912 13ed 7801     		.2byte	0x178
 4913 13ef 03       		.byte	0x3
 4914 13f0 01       		.uleb128 0x1
 4915 13f1 6E220000 		.4byte	0x226e
 4916 13f5 02000000 		.4byte	.LBI308
 4917 13f9 09       		.byte	.LVU438
 4918 13fa 02000000 		.4byte	.LBB308
 4919 13fe 06000000 		.4byte	.LBE308-.LBB308
 4920 1402 04       		.byte	0x4
 4921 1403 6402     		.2byte	0x264
 4922 1405 03       		.byte	0x3
 4923 1406 02       		.uleb128 0x2
 4924 1407 78220000 		.4byte	0x2278
 4925 140b C3040000 		.4byte	.LLST47
 4926 140f C1040000 		.4byte	.LVUS47
 4927 1413 00       		.byte	0
 4928 1414 00       		.byte	0
 4929 1415 00       		.byte	0
 4930 1416 04       		.uleb128 0x4
 4931 1417 E4200000 		.4byte	0x20e4
 4932 141b 14000000 		.4byte	.LBI310
 4933 141f 01       		.byte	.LVU450
 4934 1420 14000000 		.4byte	.LBB310
 4935 1424 06000000 		.4byte	.LBE310-.LBB310
 4936 1428 01       		.byte	0x1
 4937 1429 6502     		.2byte	0x265
 4938 142b 03       		.byte	0x3
 4939 142c 6C140000 		.4byte	0x146c
 4940 1430 01       		.uleb128 0x1
 4941 1431 5E220000 		.4byte	0x225e
 4942 1435 14000000 		.4byte	.LBI312
 4943 1439 08       		.byte	.LVU457
 4944 143a 14000000 		.4byte	.LBB312
 4945 143e 06000000 		.4byte	.LBE312-.LBB312
 4946 1442 03       		.byte	0x3
 4947 1443 8F01     		.2byte	0x18f
 4948 1445 03       		.byte	0x3
 4949 1446 01       		.uleb128 0x1
 4950 1447 6E220000 		.4byte	0x226e
 4951 144b 14000000 		.4byte	.LBI313
 4952 144f 0A       		.byte	.LVU459
 4953 1450 14000000 		.4byte	.LBB313
 4954 1454 06000000 		.4byte	.LBE313-.LBB313
 4955 1458 04       		.byte	0x4
 4956 1459 7702     		.2byte	0x277
 4957 145b 03       		.byte	0x3
 4958 145c 02       		.uleb128 0x2
ARM GAS  /tmp/ccnze4xj.s 			page 88


 4959 145d 78220000 		.4byte	0x2278
 4960 1461 D0040000 		.4byte	.LLST48
 4961 1465 CE040000 		.4byte	.LVUS48
 4962 1469 00       		.byte	0
 4963 146a 00       		.byte	0
 4964 146b 00       		.byte	0
 4965 146c 14       		.uleb128 0x14
 4966 146d 14000000 		.4byte	.LVL86
 4967 1471 CA070000 		.4byte	0x7ca
 4968 1475 00       		.byte	0
 4969 1476 10       		.uleb128 0x10
 4970 1477 17070000 		.4byte	0x717
 4971 147b 86140000 		.4byte	0x1486
 4972 147f 11       		.uleb128 0x11
 4973 1480 2D000000 		.4byte	0x2d
 4974 1484 10       		.byte	0x10
 4975 1485 00       		.byte	0
 4976 1486 0C       		.uleb128 0xc
 4977 1487 76140000 		.4byte	0x1476
 4978 148b 13       		.uleb128 0x13
 4979 148c CC050000 		.4byte	.LASF109
 4980 1490 2D02     		.2byte	0x22d
 4981 1492 07       		.byte	0x7
 4982 1493 E4000000 		.4byte	0xe4
 4983 1497 00000000 		.4byte	.LFB214
 4984 149b 3C000000 		.4byte	.LFE214-.LFB214
 4985 149f 01       		.uleb128 0x1
 4986 14a0 9C       		.byte	0x9c
 4987 14a1 DA150000 		.4byte	0x15da
 4988 14a5 08       		.uleb128 0x8
 4989 14a6 747000   		.ascii	"tp\000"
 4990 14a9 2D02     		.2byte	0x22d
 4991 14ab 1B       		.byte	0x1b
 4992 14ac BD010000 		.4byte	0x1bd
 4993 14b0 E2040000 		.4byte	.LLST39
 4994 14b4 DA040000 		.4byte	.LVUS39
 4995 14b8 16       		.uleb128 0x16
 4996 14b9 6D736700 		.ascii	"msg\000"
 4997 14bd 2E02     		.2byte	0x22e
 4998 14bf 09       		.byte	0x9
 4999 14c0 E4000000 		.4byte	0xe4
 5000 14c4 FE040000 		.4byte	.LLST40
 5001 14c8 FC040000 		.4byte	.LVUS40
 5002 14cc 0A       		.uleb128 0xa
 5003 14cd 99070000 		.4byte	.LASF96
 5004 14d1 EA150000 		.4byte	0x15ea
 5005 14d5 04       		.uleb128 0x4
 5006 14d6 FA200000 		.4byte	0x20fa
 5007 14da 04000000 		.4byte	.LBI295
 5008 14de 05       		.byte	.LVU381
 5009 14df 04000000 		.4byte	.LBB295
 5010 14e3 06000000 		.4byte	.LBE295-.LBB295
 5011 14e7 01       		.byte	0x1
 5012 14e8 3202     		.2byte	0x232
 5013 14ea 03       		.byte	0x3
 5014 14eb 2B150000 		.4byte	0x152b
 5015 14ef 01       		.uleb128 0x1
ARM GAS  /tmp/ccnze4xj.s 			page 89


 5016 14f0 66220000 		.4byte	0x2266
 5017 14f4 04000000 		.4byte	.LBI296
 5018 14f8 07       		.byte	.LVU383
 5019 14f9 04000000 		.4byte	.LBB296
 5020 14fd 06000000 		.4byte	.LBE296-.LBB296
 5021 1501 03       		.byte	0x3
 5022 1502 7801     		.2byte	0x178
 5023 1504 03       		.byte	0x3
 5024 1505 01       		.uleb128 0x1
 5025 1506 6E220000 		.4byte	0x226e
 5026 150a 04000000 		.4byte	.LBI297
 5027 150e 09       		.byte	.LVU385
 5028 150f 04000000 		.4byte	.LBB297
 5029 1513 06000000 		.4byte	.LBE297-.LBB297
 5030 1517 04       		.byte	0x4
 5031 1518 6402     		.2byte	0x264
 5032 151a 03       		.byte	0x3
 5033 151b 02       		.uleb128 0x2
 5034 151c 78220000 		.4byte	0x2278
 5035 1520 09050000 		.4byte	.LLST41
 5036 1524 07050000 		.4byte	.LVUS41
 5037 1528 00       		.byte	0
 5038 1529 00       		.byte	0
 5039 152a 00       		.byte	0
 5040 152b 04       		.uleb128 0x4
 5041 152c E4200000 		.4byte	0x20e4
 5042 1530 14000000 		.4byte	.LBI299
 5043 1534 01       		.byte	.LVU402
 5044 1535 14000000 		.4byte	.LBB299
 5045 1539 06000000 		.4byte	.LBE299-.LBB299
 5046 153d 01       		.byte	0x1
 5047 153e 3D02     		.2byte	0x23d
 5048 1540 03       		.byte	0x3
 5049 1541 81150000 		.4byte	0x1581
 5050 1545 01       		.uleb128 0x1
 5051 1546 5E220000 		.4byte	0x225e
 5052 154a 14000000 		.4byte	.LBI301
 5053 154e 08       		.byte	.LVU409
 5054 154f 14000000 		.4byte	.LBB301
 5055 1553 06000000 		.4byte	.LBE301-.LBB301
 5056 1557 03       		.byte	0x3
 5057 1558 8F01     		.2byte	0x18f
 5058 155a 03       		.byte	0x3
 5059 155b 01       		.uleb128 0x1
 5060 155c 6E220000 		.4byte	0x226e
 5061 1560 14000000 		.4byte	.LBI302
 5062 1564 0A       		.byte	.LVU411
 5063 1565 14000000 		.4byte	.LBB302
 5064 1569 06000000 		.4byte	.LBE302-.LBB302
 5065 156d 04       		.byte	0x4
 5066 156e 7702     		.2byte	0x277
 5067 1570 03       		.byte	0x3
 5068 1571 02       		.uleb128 0x2
 5069 1572 78220000 		.4byte	0x2278
 5070 1576 16050000 		.4byte	.LLST42
 5071 157a 14050000 		.4byte	.LVUS42
 5072 157e 00       		.byte	0
ARM GAS  /tmp/ccnze4xj.s 			page 90


 5073 157f 00       		.byte	0
 5074 1580 00       		.byte	0
 5075 1581 04       		.uleb128 0x4
 5076 1582 C5210000 		.4byte	0x21c5
 5077 1586 28000000 		.4byte	.LBI304
 5078 158a 00       		.byte	.LVU418
 5079 158b 28000000 		.4byte	.LBB304
 5080 158f 06000000 		.4byte	.LBE304-.LBB304
 5081 1593 01       		.byte	0x1
 5082 1594 3902     		.2byte	0x239
 5083 1596 05       		.byte	0x5
 5084 1597 B6150000 		.4byte	0x15b6
 5085 159b 02       		.uleb128 0x2
 5086 159c DD210000 		.4byte	0x21dd
 5087 15a0 22050000 		.4byte	.LLST43
 5088 15a4 20050000 		.4byte	.LVUS43
 5089 15a8 02       		.uleb128 0x2
 5090 15a9 D1210000 		.4byte	0x21d1
 5091 15ad 2F050000 		.4byte	.LLST44
 5092 15b1 2D050000 		.4byte	.LVUS44
 5093 15b5 00       		.byte	0
 5094 15b6 18       		.uleb128 0x18
 5095 15b7 20000000 		.4byte	.LVL76
 5096 15bb 56170000 		.4byte	0x1756
 5097 15bf CA150000 		.4byte	0x15ca
 5098 15c3 05       		.uleb128 0x5
 5099 15c4 01       		.uleb128 0x1
 5100 15c5 50       		.byte	0x50
 5101 15c6 02       		.uleb128 0x2
 5102 15c7 74       		.byte	0x74
 5103 15c8 00       		.sleb128 0
 5104 15c9 00       		.byte	0
 5105 15ca 0B       		.uleb128 0xb
 5106 15cb 34000000 		.4byte	.LVL81
 5107 15cf D2070000 		.4byte	0x7d2
 5108 15d3 05       		.uleb128 0x5
 5109 15d4 01       		.uleb128 0x1
 5110 15d5 50       		.byte	0x50
 5111 15d6 01       		.uleb128 0x1
 5112 15d7 39       		.byte	0x39
 5113 15d8 00       		.byte	0
 5114 15d9 00       		.byte	0
 5115 15da 10       		.uleb128 0x10
 5116 15db 17070000 		.4byte	0x717
 5117 15df EA150000 		.4byte	0x15ea
 5118 15e3 11       		.uleb128 0x11
 5119 15e4 2D000000 		.4byte	0x2d
 5120 15e8 09       		.byte	0x9
 5121 15e9 00       		.byte	0
 5122 15ea 0C       		.uleb128 0xc
 5123 15eb DA150000 		.4byte	0x15da
 5124 15ef 12       		.uleb128 0x12
 5125 15f0 A9020000 		.4byte	.LASF110
 5126 15f4 F301     		.2byte	0x1f3
 5127 15f6 00000000 		.4byte	.LFB213
 5128 15fa 38000000 		.4byte	.LFE213-.LFB213
 5129 15fe 01       		.uleb128 0x1
ARM GAS  /tmp/ccnze4xj.s 			page 91


 5130 15ff 9C       		.byte	0x9c
 5131 1600 AA160000 		.4byte	0x16aa
 5132 1604 08       		.uleb128 0x8
 5133 1605 6D736700 		.ascii	"msg\000"
 5134 1609 F301     		.2byte	0x1f3
 5135 160b 17       		.byte	0x17
 5136 160c E4000000 		.4byte	0xe4
 5137 1610 3C050000 		.4byte	.LLST32
 5138 1614 38050000 		.4byte	.LVUS32
 5139 1618 16       		.uleb128 0x16
 5140 1619 747000   		.ascii	"tp\000"
 5141 161c F401     		.2byte	0x1f4
 5142 161e 0D       		.byte	0xd
 5143 161f BD010000 		.4byte	0x1bd
 5144 1623 57050000 		.4byte	.LLST33
 5145 1627 55050000 		.4byte	.LVUS33
 5146 162b 0A       		.uleb128 0xa
 5147 162c 99070000 		.4byte	.LASF96
 5148 1630 BA160000 		.4byte	0x16ba
 5149 1634 04       		.uleb128 0x4
 5150 1635 96210000 		.4byte	0x2196
 5151 1639 0A000000 		.4byte	.LBI287
 5152 163d 01       		.byte	.LVU334
 5153 163e 0A000000 		.4byte	.LBB287
 5154 1642 04000000 		.4byte	.LBE287-.LBB287
 5155 1646 01       		.byte	0x1
 5156 1647 FF01     		.2byte	0x1ff
 5157 1649 0C       		.byte	0xc
 5158 164a 69160000 		.4byte	0x1669
 5159 164e 02       		.uleb128 0x2
 5160 164f A7210000 		.4byte	0x21a7
 5161 1653 62050000 		.4byte	.LLST34
 5162 1657 60050000 		.4byte	.LVUS34
 5163 165b 1C       		.uleb128 0x1c
 5164 165c B4210000 		.4byte	0x21b4
 5165 1660 6F050000 		.4byte	.LLST35
 5166 1664 6D050000 		.4byte	.LVUS35
 5167 1668 00       		.byte	0
 5168 1669 04       		.uleb128 0x4
 5169 166a 0F220000 		.4byte	0x220f
 5170 166e 12000000 		.4byte	.LBI289
 5171 1672 01       		.byte	.LVU343
 5172 1673 12000000 		.4byte	.LBB289
 5173 1677 06000000 		.4byte	.LBE289-.LBB289
 5174 167b 01       		.byte	0x1
 5175 167c FE01     		.2byte	0x1fe
 5176 167e 0A       		.byte	0xa
 5177 167f 91160000 		.4byte	0x1691
 5178 1683 02       		.uleb128 0x2
 5179 1684 20220000 		.4byte	0x2220
 5180 1688 7A050000 		.4byte	.LLST36
 5181 168c 78050000 		.4byte	.LVUS36
 5182 1690 00       		.byte	0
 5183 1691 14       		.uleb128 0x14
 5184 1692 12000000 		.4byte	.LVL62
 5185 1696 F9070000 		.4byte	0x7f9
 5186 169a 0B       		.uleb128 0xb
ARM GAS  /tmp/ccnze4xj.s 			page 92


 5187 169b 32000000 		.4byte	.LVL64
 5188 169f D2070000 		.4byte	0x7d2
 5189 16a3 05       		.uleb128 0x5
 5190 16a4 01       		.uleb128 0x1
 5191 16a5 50       		.byte	0x50
 5192 16a6 01       		.uleb128 0x1
 5193 16a7 3F       		.byte	0x3f
 5194 16a8 00       		.byte	0
 5195 16a9 00       		.byte	0
 5196 16aa 10       		.uleb128 0x10
 5197 16ab 17070000 		.4byte	0x717
 5198 16af BA160000 		.4byte	0x16ba
 5199 16b3 11       		.uleb128 0x11
 5200 16b4 2D000000 		.4byte	0x2d
 5201 16b8 0A       		.byte	0xa
 5202 16b9 00       		.byte	0
 5203 16ba 0C       		.uleb128 0xc
 5204 16bb AA160000 		.4byte	0x16aa
 5205 16bf 12       		.uleb128 0x12
 5206 16c0 A2070000 		.4byte	.LASF111
 5207 16c4 DB01     		.2byte	0x1db
 5208 16c6 00000000 		.4byte	.LFB212
 5209 16ca 0E000000 		.4byte	.LFE212-.LFB212
 5210 16ce 01       		.uleb128 0x1
 5211 16cf 9C       		.byte	0x9c
 5212 16d0 56170000 		.4byte	0x1756
 5213 16d4 08       		.uleb128 0x8
 5214 16d5 6D736700 		.ascii	"msg\000"
 5215 16d9 DB01     		.2byte	0x1db
 5216 16db 16       		.byte	0x16
 5217 16dc E4000000 		.4byte	0xe4
 5218 16e0 89050000 		.4byte	.LLST37
 5219 16e4 85050000 		.4byte	.LVUS37
 5220 16e8 04       		.uleb128 0x4
 5221 16e9 FA200000 		.4byte	0x20fa
 5222 16ed 02000000 		.4byte	.LBI291
 5223 16f1 01       		.byte	.LVU363
 5224 16f2 02000000 		.4byte	.LBB291
 5225 16f6 06000000 		.4byte	.LBE291-.LBB291
 5226 16fa 01       		.byte	0x1
 5227 16fb DD01     		.2byte	0x1dd
 5228 16fd 03       		.byte	0x3
 5229 16fe 3E170000 		.4byte	0x173e
 5230 1702 01       		.uleb128 0x1
 5231 1703 66220000 		.4byte	0x2266
 5232 1707 02000000 		.4byte	.LBI292
 5233 170b 03       		.byte	.LVU365
 5234 170c 02000000 		.4byte	.LBB292
 5235 1710 06000000 		.4byte	.LBE292-.LBB292
 5236 1714 03       		.byte	0x3
 5237 1715 7801     		.2byte	0x178
 5238 1717 03       		.byte	0x3
 5239 1718 01       		.uleb128 0x1
 5240 1719 6E220000 		.4byte	0x226e
 5241 171d 02000000 		.4byte	.LBI293
 5242 1721 05       		.byte	.LVU367
 5243 1722 02000000 		.4byte	.LBB293
ARM GAS  /tmp/ccnze4xj.s 			page 93


 5244 1726 06000000 		.4byte	.LBE293-.LBB293
 5245 172a 04       		.byte	0x4
 5246 172b 6402     		.2byte	0x264
 5247 172d 03       		.byte	0x3
 5248 172e 02       		.uleb128 0x2
 5249 172f 78220000 		.4byte	0x2278
 5250 1733 A4050000 		.4byte	.LLST38
 5251 1737 A2050000 		.4byte	.LVUS38
 5252 173b 00       		.byte	0
 5253 173c 00       		.byte	0
 5254 173d 00       		.byte	0
 5255 173e 0B       		.uleb128 0xb
 5256 173f 0C000000 		.4byte	.LVL69
 5257 1743 EF150000 		.4byte	0x15ef
 5258 1747 05       		.uleb128 0x5
 5259 1748 01       		.uleb128 0x1
 5260 1749 50       		.byte	0x50
 5261 174a 09       		.uleb128 0x9
 5262 174b A3       		.byte	0xa3
 5263 174c 03       		.uleb128 0x3
 5264 174d A5       		.byte	0xa5
 5265 174e 00       		.uleb128 0
 5266 174f 26       		.uleb128 0x26
 5267 1750 A8       		.byte	0xa8
 5268 1751 2D       		.uleb128 0x2d
 5269 1752 A8       		.byte	0xa8
 5270 1753 00       		.uleb128 0
 5271 1754 00       		.byte	0
 5272 1755 00       		.byte	0
 5273 1756 12       		.uleb128 0x12
 5274 1757 4F050000 		.4byte	.LASF112
 5275 175b A901     		.2byte	0x1a9
 5276 175d 00000000 		.4byte	.LFB211
 5277 1761 34000000 		.4byte	.LFE211-.LFB211
 5278 1765 01       		.uleb128 0x1
 5279 1766 9C       		.byte	0x9c
 5280 1767 80180000 		.4byte	0x1880
 5281 176b 25       		.uleb128 0x25
 5282 176c 747000   		.ascii	"tp\000"
 5283 176f A901     		.2byte	0x1a9
 5284 1771 1D       		.byte	0x1d
 5285 1772 BD010000 		.4byte	0x1bd
 5286 1776 01       		.uleb128 0x1
 5287 1777 50       		.byte	0x50
 5288 1778 0A       		.uleb128 0xa
 5289 1779 99070000 		.4byte	.LASF96
 5290 177d 0D0C0000 		.4byte	0xc0d
 5291 1781 04       		.uleb128 0x4
 5292 1782 FA200000 		.4byte	0x20fa
 5293 1786 00000000 		.4byte	.LBI273
 5294 178a 02       		.byte	.LVU274
 5295 178b 00000000 		.4byte	.LBB273
 5296 178f 06000000 		.4byte	.LBE273-.LBB273
 5297 1793 01       		.byte	0x1
 5298 1794 AB01     		.2byte	0x1ab
 5299 1796 03       		.byte	0x3
 5300 1797 D7170000 		.4byte	0x17d7
ARM GAS  /tmp/ccnze4xj.s 			page 94


 5301 179b 01       		.uleb128 0x1
 5302 179c 66220000 		.4byte	0x2266
 5303 17a0 00000000 		.4byte	.LBI274
 5304 17a4 04       		.byte	.LVU276
 5305 17a5 00000000 		.4byte	.LBB274
 5306 17a9 06000000 		.4byte	.LBE274-.LBB274
 5307 17ad 03       		.byte	0x3
 5308 17ae 7801     		.2byte	0x178
 5309 17b0 03       		.byte	0x3
 5310 17b1 01       		.uleb128 0x1
 5311 17b2 6E220000 		.4byte	0x226e
 5312 17b6 00000000 		.4byte	.LBI275
 5313 17ba 06       		.byte	.LVU278
 5314 17bb 00000000 		.4byte	.LBB275
 5315 17bf 06000000 		.4byte	.LBE275-.LBB275
 5316 17c3 04       		.byte	0x4
 5317 17c4 6402     		.2byte	0x264
 5318 17c6 03       		.byte	0x3
 5319 17c7 02       		.uleb128 0x2
 5320 17c8 78220000 		.4byte	0x2278
 5321 17cc B1050000 		.4byte	.LLST29
 5322 17d0 AF050000 		.4byte	.LVUS29
 5323 17d4 00       		.byte	0
 5324 17d5 00       		.byte	0
 5325 17d6 00       		.byte	0
 5326 17d7 04       		.uleb128 0x4
 5327 17d8 E4200000 		.4byte	0x20e4
 5328 17dc 1A000000 		.4byte	.LBI277
 5329 17e0 01       		.byte	.LVU293
 5330 17e1 1A000000 		.4byte	.LBB277
 5331 17e5 06000000 		.4byte	.LBE277-.LBB277
 5332 17e9 01       		.byte	0x1
 5333 17ea C901     		.2byte	0x1c9
 5334 17ec 03       		.byte	0x3
 5335 17ed 2D180000 		.4byte	0x182d
 5336 17f1 01       		.uleb128 0x1
 5337 17f2 5E220000 		.4byte	0x225e
 5338 17f6 1A000000 		.4byte	.LBI279
 5339 17fa 08       		.byte	.LVU300
 5340 17fb 1A000000 		.4byte	.LBB279
 5341 17ff 06000000 		.4byte	.LBE279-.LBB279
 5342 1803 03       		.byte	0x3
 5343 1804 8F01     		.2byte	0x18f
 5344 1806 03       		.byte	0x3
 5345 1807 01       		.uleb128 0x1
 5346 1808 6E220000 		.4byte	0x226e
 5347 180c 1A000000 		.4byte	.LBI280
 5348 1810 0A       		.byte	.LVU302
 5349 1811 1A000000 		.4byte	.LBB280
 5350 1815 06000000 		.4byte	.LBE280-.LBB280
 5351 1819 04       		.byte	0x4
 5352 181a 7702     		.2byte	0x277
 5353 181c 03       		.byte	0x3
 5354 181d 02       		.uleb128 0x2
 5355 181e 78220000 		.4byte	0x2278
 5356 1822 BE050000 		.4byte	.LLST30
 5357 1826 BC050000 		.4byte	.LVUS30
ARM GAS  /tmp/ccnze4xj.s 			page 95


 5358 182a 00       		.byte	0
 5359 182b 00       		.byte	0
 5360 182c 00       		.byte	0
 5361 182d 01       		.uleb128 0x1
 5362 182e E4200000 		.4byte	0x20e4
 5363 1832 2C000000 		.4byte	.LBI282
 5364 1836 02       		.byte	.LVU310
 5365 1837 2C000000 		.4byte	.LBB282
 5366 183b 06000000 		.4byte	.LBE282-.LBB282
 5367 183f 01       		.byte	0x1
 5368 1840 B401     		.2byte	0x1b4
 5369 1842 05       		.byte	0x5
 5370 1843 01       		.uleb128 0x1
 5371 1844 5E220000 		.4byte	0x225e
 5372 1848 2C000000 		.4byte	.LBI284
 5373 184c 09       		.byte	.LVU317
 5374 184d 2C000000 		.4byte	.LBB284
 5375 1851 06000000 		.4byte	.LBE284-.LBB284
 5376 1855 03       		.byte	0x3
 5377 1856 8F01     		.2byte	0x18f
 5378 1858 03       		.byte	0x3
 5379 1859 01       		.uleb128 0x1
 5380 185a 6E220000 		.4byte	0x226e
 5381 185e 2C000000 		.4byte	.LBI285
 5382 1862 0B       		.byte	.LVU319
 5383 1863 2C000000 		.4byte	.LBB285
 5384 1867 06000000 		.4byte	.LBE285-.LBB285
 5385 186b 04       		.byte	0x4
 5386 186c 7702     		.2byte	0x277
 5387 186e 03       		.byte	0x3
 5388 186f 02       		.uleb128 0x2
 5389 1870 78220000 		.4byte	0x2278
 5390 1874 CA050000 		.4byte	.LLST31
 5391 1878 C8050000 		.4byte	.LVUS31
 5392 187c 00       		.byte	0
 5393 187d 00       		.byte	0
 5394 187e 00       		.byte	0
 5395 187f 00       		.byte	0
 5396 1880 13       		.uleb128 0x13
 5397 1881 02050000 		.4byte	.LASF113
 5398 1885 8F01     		.2byte	0x18f
 5399 1887 0B       		.byte	0xb
 5400 1888 BD010000 		.4byte	0x1bd
 5401 188c 00000000 		.4byte	.LFB210
 5402 1890 18000000 		.4byte	.LFE210-.LFB210
 5403 1894 01       		.uleb128 0x1
 5404 1895 9C       		.byte	0x9c
 5405 1896 59190000 		.4byte	0x1959
 5406 189a 25       		.uleb128 0x25
 5407 189b 747000   		.ascii	"tp\000"
 5408 189e 8F01     		.2byte	0x18f
 5409 18a0 21       		.byte	0x21
 5410 18a1 BD010000 		.4byte	0x1bd
 5411 18a5 01       		.uleb128 0x1
 5412 18a6 50       		.byte	0x50
 5413 18a7 0A       		.uleb128 0xa
 5414 18a8 99070000 		.4byte	.LASF96
ARM GAS  /tmp/ccnze4xj.s 			page 96


 5415 18ac 69190000 		.4byte	0x1969
 5416 18b0 04       		.uleb128 0x4
 5417 18b1 FA200000 		.4byte	0x20fa
 5418 18b5 00000000 		.4byte	.LBI264
 5419 18b9 02       		.byte	.LVU242
 5420 18ba 00000000 		.4byte	.LBB264
 5421 18be 06000000 		.4byte	.LBE264-.LBB264
 5422 18c2 01       		.byte	0x1
 5423 18c3 9101     		.2byte	0x191
 5424 18c5 03       		.byte	0x3
 5425 18c6 06190000 		.4byte	0x1906
 5426 18ca 01       		.uleb128 0x1
 5427 18cb 66220000 		.4byte	0x2266
 5428 18cf 00000000 		.4byte	.LBI265
 5429 18d3 04       		.byte	.LVU244
 5430 18d4 00000000 		.4byte	.LBB265
 5431 18d8 06000000 		.4byte	.LBE265-.LBB265
 5432 18dc 03       		.byte	0x3
 5433 18dd 7801     		.2byte	0x178
 5434 18df 03       		.byte	0x3
 5435 18e0 01       		.uleb128 0x1
 5436 18e1 6E220000 		.4byte	0x226e
 5437 18e5 00000000 		.4byte	.LBI266
 5438 18e9 06       		.byte	.LVU246
 5439 18ea 00000000 		.4byte	.LBB266
 5440 18ee 06000000 		.4byte	.LBE266-.LBB266
 5441 18f2 04       		.byte	0x4
 5442 18f3 6402     		.2byte	0x264
 5443 18f5 03       		.byte	0x3
 5444 18f6 02       		.uleb128 0x2
 5445 18f7 78220000 		.4byte	0x2278
 5446 18fb D6050000 		.4byte	.LLST27
 5447 18ff D4050000 		.4byte	.LVUS27
 5448 1903 00       		.byte	0
 5449 1904 00       		.byte	0
 5450 1905 00       		.byte	0
 5451 1906 01       		.uleb128 0x1
 5452 1907 E4200000 		.4byte	0x20e4
 5453 190b 10000000 		.4byte	.LBI268
 5454 190f 01       		.byte	.LVU258
 5455 1910 10000000 		.4byte	.LBB268
 5456 1914 06000000 		.4byte	.LBE268-.LBB268
 5457 1918 01       		.byte	0x1
 5458 1919 9401     		.2byte	0x194
 5459 191b 03       		.byte	0x3
 5460 191c 01       		.uleb128 0x1
 5461 191d 5E220000 		.4byte	0x225e
 5462 1921 10000000 		.4byte	.LBI270
 5463 1925 08       		.byte	.LVU265
 5464 1926 10000000 		.4byte	.LBB270
 5465 192a 06000000 		.4byte	.LBE270-.LBB270
 5466 192e 03       		.byte	0x3
 5467 192f 8F01     		.2byte	0x18f
 5468 1931 03       		.byte	0x3
 5469 1932 01       		.uleb128 0x1
 5470 1933 6E220000 		.4byte	0x226e
 5471 1937 10000000 		.4byte	.LBI271
ARM GAS  /tmp/ccnze4xj.s 			page 97


 5472 193b 0A       		.byte	.LVU267
 5473 193c 10000000 		.4byte	.LBB271
 5474 1940 06000000 		.4byte	.LBE271-.LBB271
 5475 1944 04       		.byte	0x4
 5476 1945 7702     		.2byte	0x277
 5477 1947 03       		.byte	0x3
 5478 1948 02       		.uleb128 0x2
 5479 1949 78220000 		.4byte	0x2278
 5480 194d E3050000 		.4byte	.LLST28
 5481 1951 E1050000 		.4byte	.LVUS28
 5482 1955 00       		.byte	0
 5483 1956 00       		.byte	0
 5484 1957 00       		.byte	0
 5485 1958 00       		.byte	0
 5486 1959 10       		.uleb128 0x10
 5487 195a 17070000 		.4byte	0x717
 5488 195e 69190000 		.4byte	0x1969
 5489 1962 11       		.uleb128 0x11
 5490 1963 2D000000 		.4byte	0x2d
 5491 1967 0B       		.byte	0xb
 5492 1968 00       		.byte	0
 5493 1969 0C       		.uleb128 0xc
 5494 196a 59190000 		.4byte	0x1959
 5495 196e 13       		.uleb128 0x13
 5496 196f 3E060000 		.4byte	.LASF114
 5497 1973 7A01     		.2byte	0x17a
 5498 1975 0B       		.byte	0xb
 5499 1976 BD010000 		.4byte	0x1bd
 5500 197a 00000000 		.4byte	.LFB209
 5501 197e 14000000 		.4byte	.LFE209-.LFB209
 5502 1982 01       		.uleb128 0x1
 5503 1983 9C       		.byte	0x9c
 5504 1984 831A0000 		.4byte	0x1a83
 5505 1988 08       		.uleb128 0x8
 5506 1989 747000   		.ascii	"tp\000"
 5507 198c 7A01     		.2byte	0x17a
 5508 198e 20       		.byte	0x20
 5509 198f BD010000 		.4byte	0x1bd
 5510 1993 F3050000 		.4byte	.LLST23
 5511 1997 ED050000 		.4byte	.LVUS23
 5512 199b 04       		.uleb128 0x4
 5513 199c FA200000 		.4byte	0x20fa
 5514 19a0 02000000 		.4byte	.LBI253
 5515 19a4 01       		.byte	.LVU208
 5516 19a5 02000000 		.4byte	.LBB253
 5517 19a9 06000000 		.4byte	.LBE253-.LBB253
 5518 19ad 01       		.byte	0x1
 5519 19ae 7C01     		.2byte	0x17c
 5520 19b0 03       		.byte	0x3
 5521 19b1 F1190000 		.4byte	0x19f1
 5522 19b5 01       		.uleb128 0x1
 5523 19b6 66220000 		.4byte	0x2266
 5524 19ba 02000000 		.4byte	.LBI254
 5525 19be 03       		.byte	.LVU210
 5526 19bf 02000000 		.4byte	.LBB254
 5527 19c3 06000000 		.4byte	.LBE254-.LBB254
 5528 19c7 03       		.byte	0x3
ARM GAS  /tmp/ccnze4xj.s 			page 98


 5529 19c8 7801     		.2byte	0x178
 5530 19ca 03       		.byte	0x3
 5531 19cb 01       		.uleb128 0x1
 5532 19cc 6E220000 		.4byte	0x226e
 5533 19d0 02000000 		.4byte	.LBI255
 5534 19d4 05       		.byte	.LVU212
 5535 19d5 02000000 		.4byte	.LBB255
 5536 19d9 06000000 		.4byte	.LBE255-.LBB255
 5537 19dd 04       		.byte	0x4
 5538 19de 6402     		.2byte	0x264
 5539 19e0 03       		.byte	0x3
 5540 19e1 02       		.uleb128 0x2
 5541 19e2 78220000 		.4byte	0x2278
 5542 19e6 13060000 		.4byte	.LLST24
 5543 19ea 11060000 		.4byte	.LVUS24
 5544 19ee 00       		.byte	0
 5545 19ef 00       		.byte	0
 5546 19f0 00       		.byte	0
 5547 19f1 04       		.uleb128 0x4
 5548 19f2 65200000 		.4byte	0x2065
 5549 19f6 08000000 		.4byte	.LBI257
 5550 19fa 04       		.byte	.LVU218
 5551 19fb 08000000 		.4byte	.LBB257
 5552 19ff 04000000 		.4byte	.LBE257-.LBB257
 5553 1a03 01       		.byte	0x1
 5554 1a04 7D01     		.2byte	0x17d
 5555 1a06 08       		.byte	0x8
 5556 1a07 301A0000 		.4byte	0x1a30
 5557 1a0b 02       		.uleb128 0x2
 5558 1a0c 76200000 		.4byte	0x2076
 5559 1a10 22060000 		.4byte	.LLST25
 5560 1a14 1E060000 		.4byte	.LVUS25
 5561 1a18 0B       		.uleb128 0xb
 5562 1a19 0C000000 		.4byte	.LVL46
 5563 1a1d F9070000 		.4byte	0x7f9
 5564 1a21 05       		.uleb128 0x5
 5565 1a22 01       		.uleb128 0x1
 5566 1a23 50       		.byte	0x50
 5567 1a24 09       		.uleb128 0x9
 5568 1a25 A3       		.byte	0xa3
 5569 1a26 03       		.uleb128 0x3
 5570 1a27 A5       		.byte	0xa5
 5571 1a28 00       		.uleb128 0
 5572 1a29 26       		.uleb128 0x26
 5573 1a2a A8       		.byte	0xa8
 5574 1a2b 2D       		.uleb128 0x2d
 5575 1a2c A8       		.byte	0xa8
 5576 1a2d 00       		.uleb128 0
 5577 1a2e 00       		.byte	0
 5578 1a2f 00       		.byte	0
 5579 1a30 01       		.uleb128 0x1
 5580 1a31 E4200000 		.4byte	0x20e4
 5581 1a35 0C000000 		.4byte	.LBI259
 5582 1a39 02       		.byte	.LVU226
 5583 1a3a 0C000000 		.4byte	.LBB259
 5584 1a3e 06000000 		.4byte	.LBE259-.LBB259
 5585 1a42 01       		.byte	0x1
ARM GAS  /tmp/ccnze4xj.s 			page 99


 5586 1a43 7E01     		.2byte	0x17e
 5587 1a45 03       		.byte	0x3
 5588 1a46 01       		.uleb128 0x1
 5589 1a47 5E220000 		.4byte	0x225e
 5590 1a4b 0C000000 		.4byte	.LBI261
 5591 1a4f 09       		.byte	.LVU233
 5592 1a50 0C000000 		.4byte	.LBB261
 5593 1a54 06000000 		.4byte	.LBE261-.LBB261
 5594 1a58 03       		.byte	0x3
 5595 1a59 8F01     		.2byte	0x18f
 5596 1a5b 03       		.byte	0x3
 5597 1a5c 01       		.uleb128 0x1
 5598 1a5d 6E220000 		.4byte	0x226e
 5599 1a61 0C000000 		.4byte	.LBI262
 5600 1a65 0B       		.byte	.LVU235
 5601 1a66 0C000000 		.4byte	.LBB262
 5602 1a6a 06000000 		.4byte	.LBE262-.LBB262
 5603 1a6e 04       		.byte	0x4
 5604 1a6f 7702     		.2byte	0x277
 5605 1a71 03       		.byte	0x3
 5606 1a72 02       		.uleb128 0x2
 5607 1a73 78220000 		.4byte	0x2278
 5608 1a77 3D060000 		.4byte	.LLST26
 5609 1a7b 3B060000 		.4byte	.LVUS26
 5610 1a7f 00       		.byte	0
 5611 1a80 00       		.byte	0
 5612 1a81 00       		.byte	0
 5613 1a82 00       		.byte	0
 5614 1a83 13       		.uleb128 0x13
 5615 1a84 79050000 		.4byte	.LASF115
 5616 1a88 4301     		.2byte	0x143
 5617 1a8a 0B       		.byte	0xb
 5618 1a8b BD010000 		.4byte	0x1bd
 5619 1a8f 00000000 		.4byte	.LFB208
 5620 1a93 58000000 		.4byte	.LFE208-.LFB208
 5621 1a97 01       		.uleb128 0x1
 5622 1a98 9C       		.byte	0x9c
 5623 1a99 271C0000 		.4byte	0x1c27
 5624 1a9d 08       		.uleb128 0x8
 5625 1a9e 77737000 		.ascii	"wsp\000"
 5626 1aa2 4301     		.2byte	0x143
 5627 1aa4 23       		.byte	0x23
 5628 1aa5 AA020000 		.4byte	0x2aa
 5629 1aa9 4D060000 		.4byte	.LLST15
 5630 1aad 47060000 		.4byte	.LVUS15
 5631 1ab1 15       		.uleb128 0x15
 5632 1ab2 3A050000 		.4byte	.LASF116
 5633 1ab6 4301     		.2byte	0x143
 5634 1ab8 2F       		.byte	0x2f
 5635 1ab9 3B000000 		.4byte	0x3b
 5636 1abd 73060000 		.4byte	.LLST16
 5637 1ac1 6B060000 		.4byte	.LVUS16
 5638 1ac5 15       		.uleb128 0x15
 5639 1ac6 5C040000 		.4byte	.LASF23
 5640 1aca 4401     		.2byte	0x144
 5641 1acc 25       		.byte	0x25
 5642 1acd D8000000 		.4byte	0xd8
ARM GAS  /tmp/ccnze4xj.s 			page 100


 5643 1ad1 9E060000 		.4byte	.LLST17
 5644 1ad5 98060000 		.4byte	.LVUS17
 5645 1ad9 08       		.uleb128 0x8
 5646 1ada 706600   		.ascii	"pf\000"
 5647 1add 4401     		.2byte	0x144
 5648 1adf 33       		.byte	0x33
 5649 1ae0 32070000 		.4byte	0x732
 5650 1ae4 C2060000 		.4byte	.LLST18
 5651 1ae8 BC060000 		.4byte	.LVUS18
 5652 1aec 08       		.uleb128 0x8
 5653 1aed 61726700 		.ascii	"arg\000"
 5654 1af1 4401     		.2byte	0x144
 5655 1af3 3D       		.byte	0x3d
 5656 1af4 AA020000 		.4byte	0x2aa
 5657 1af8 E4060000 		.4byte	.LLST19
 5658 1afc E0060000 		.4byte	.LVUS19
 5659 1b00 16       		.uleb128 0x16
 5660 1b01 747000   		.ascii	"tp\000"
 5661 1b04 4501     		.2byte	0x145
 5662 1b06 0D       		.byte	0xd
 5663 1b07 BD010000 		.4byte	0x1bd
 5664 1b0b 00070000 		.4byte	.LLST20
 5665 1b0f F6060000 		.4byte	.LVUS20
 5666 1b13 0A       		.uleb128 0xa
 5667 1b14 99070000 		.4byte	.LASF96
 5668 1b18 371C0000 		.4byte	0x1c37
 5669 1b1c 04       		.uleb128 0x4
 5670 1b1d FA200000 		.4byte	0x20fa
 5671 1b21 12000000 		.4byte	.LBI244
 5672 1b25 01       		.byte	.LVU166
 5673 1b26 12000000 		.4byte	.LBB244
 5674 1b2a 06000000 		.4byte	.LBE244-.LBB244
 5675 1b2e 01       		.byte	0x1
 5676 1b2f 5801     		.2byte	0x158
 5677 1b31 03       		.byte	0x3
 5678 1b32 721B0000 		.4byte	0x1b72
 5679 1b36 01       		.uleb128 0x1
 5680 1b37 66220000 		.4byte	0x2266
 5681 1b3b 12000000 		.4byte	.LBI245
 5682 1b3f 03       		.byte	.LVU168
 5683 1b40 12000000 		.4byte	.LBB245
 5684 1b44 06000000 		.4byte	.LBE245-.LBB245
 5685 1b48 03       		.byte	0x3
 5686 1b49 7801     		.2byte	0x178
 5687 1b4b 03       		.byte	0x3
 5688 1b4c 01       		.uleb128 0x1
 5689 1b4d 6E220000 		.4byte	0x226e
 5690 1b51 12000000 		.4byte	.LBI246
 5691 1b55 05       		.byte	.LVU170
 5692 1b56 12000000 		.4byte	.LBB246
 5693 1b5a 06000000 		.4byte	.LBE246-.LBB246
 5694 1b5e 04       		.byte	0x4
 5695 1b5f 6402     		.2byte	0x264
 5696 1b61 03       		.byte	0x3
 5697 1b62 02       		.uleb128 0x2
 5698 1b63 78220000 		.4byte	0x2278
 5699 1b67 26070000 		.4byte	.LLST21
ARM GAS  /tmp/ccnze4xj.s 			page 101


 5700 1b6b 24070000 		.4byte	.LVUS21
 5701 1b6f 00       		.byte	0
 5702 1b70 00       		.byte	0
 5703 1b71 00       		.byte	0
 5704 1b72 04       		.uleb128 0x4
 5705 1b73 E4200000 		.4byte	0x20e4
 5706 1b77 44000000 		.4byte	.LBI248
 5707 1b7b 01       		.byte	.LVU190
 5708 1b7c 44000000 		.4byte	.LBB248
 5709 1b80 06000000 		.4byte	.LBE248-.LBB248
 5710 1b84 01       		.byte	0x1
 5711 1b85 6C01     		.2byte	0x16c
 5712 1b87 03       		.byte	0x3
 5713 1b88 C81B0000 		.4byte	0x1bc8
 5714 1b8c 01       		.uleb128 0x1
 5715 1b8d 5E220000 		.4byte	0x225e
 5716 1b91 44000000 		.4byte	.LBI250
 5717 1b95 08       		.byte	.LVU197
 5718 1b96 44000000 		.4byte	.LBB250
 5719 1b9a 06000000 		.4byte	.LBE250-.LBB250
 5720 1b9e 03       		.byte	0x3
 5721 1b9f 8F01     		.2byte	0x18f
 5722 1ba1 03       		.byte	0x3
 5723 1ba2 01       		.uleb128 0x1
 5724 1ba3 6E220000 		.4byte	0x226e
 5725 1ba7 44000000 		.4byte	.LBI251
 5726 1bab 0A       		.byte	.LVU199
 5727 1bac 44000000 		.4byte	.LBB251
 5728 1bb0 06000000 		.4byte	.LBE251-.LBB251
 5729 1bb4 04       		.byte	0x4
 5730 1bb5 7702     		.2byte	0x277
 5731 1bb7 03       		.byte	0x3
 5732 1bb8 02       		.uleb128 0x2
 5733 1bb9 78220000 		.4byte	0x2278
 5734 1bbd 33070000 		.4byte	.LLST22
 5735 1bc1 31070000 		.4byte	.LVUS22
 5736 1bc5 00       		.byte	0
 5737 1bc6 00       		.byte	0
 5738 1bc7 00       		.byte	0
 5739 1bc8 18       		.uleb128 0x18
 5740 1bc9 12000000 		.4byte	.LVL34
 5741 1bcd 3C1F0000 		.4byte	0x1f3c
 5742 1bd1 EB1B0000 		.4byte	0x1beb
 5743 1bd5 05       		.uleb128 0x5
 5744 1bd6 01       		.uleb128 0x1
 5745 1bd7 50       		.byte	0x50
 5746 1bd8 02       		.uleb128 0x2
 5747 1bd9 75       		.byte	0x75
 5748 1bda 00       		.sleb128 0
 5749 1bdb 05       		.uleb128 0x5
 5750 1bdc 01       		.uleb128 0x1
 5751 1bdd 51       		.byte	0x51
 5752 1bde 05       		.uleb128 0x5
 5753 1bdf 75       		.byte	0x75
 5754 1be0 00       		.sleb128 0
 5755 1be1 74       		.byte	0x74
 5756 1be2 00       		.sleb128 0
ARM GAS  /tmp/ccnze4xj.s 			page 102


 5757 1be3 22       		.byte	0x22
 5758 1be4 05       		.uleb128 0x5
 5759 1be5 01       		.uleb128 0x1
 5760 1be6 52       		.byte	0x52
 5761 1be7 02       		.uleb128 0x2
 5762 1be8 08       		.byte	0x8
 5763 1be9 55       		.byte	0x55
 5764 1bea 00       		.byte	0
 5765 1beb 18       		.uleb128 0x18
 5766 1bec 3C000000 		.4byte	.LVL38
 5767 1bf0 841F0000 		.4byte	0x1f84
 5768 1bf4 111C0000 		.4byte	0x1c11
 5769 1bf8 05       		.uleb128 0x5
 5770 1bf9 01       		.uleb128 0x1
 5771 1bfa 50       		.byte	0x50
 5772 1bfb 05       		.uleb128 0x5
 5773 1bfc 75       		.byte	0x75
 5774 1bfd 00       		.sleb128 0
 5775 1bfe 74       		.byte	0x74
 5776 1bff 00       		.sleb128 0
 5777 1c00 22       		.byte	0x22
 5778 1c01 05       		.uleb128 0x5
 5779 1c02 01       		.uleb128 0x1
 5780 1c03 51       		.byte	0x51
 5781 1c04 05       		.uleb128 0x5
 5782 1c05 03       		.byte	0x3
 5783 1c06 00000000 		.4byte	.LC0
 5784 1c0a 05       		.uleb128 0x5
 5785 1c0b 01       		.uleb128 0x1
 5786 1c0c 52       		.byte	0x52
 5787 1c0d 02       		.uleb128 0x2
 5788 1c0e 76       		.byte	0x76
 5789 1c0f 00       		.sleb128 0
 5790 1c10 00       		.byte	0
 5791 1c11 0B       		.uleb128 0xb
 5792 1c12 44000000 		.4byte	.LVL40
 5793 1c16 E3070000 		.4byte	0x7e3
 5794 1c1a 05       		.uleb128 0x5
 5795 1c1b 01       		.uleb128 0x1
 5796 1c1c 50       		.byte	0x50
 5797 1c1d 02       		.uleb128 0x2
 5798 1c1e 74       		.byte	0x74
 5799 1c1f 00       		.sleb128 0
 5800 1c20 05       		.uleb128 0x5
 5801 1c21 01       		.uleb128 0x1
 5802 1c22 51       		.byte	0x51
 5803 1c23 01       		.uleb128 0x1
 5804 1c24 30       		.byte	0x30
 5805 1c25 00       		.byte	0
 5806 1c26 00       		.byte	0
 5807 1c27 10       		.uleb128 0x10
 5808 1c28 17070000 		.4byte	0x717
 5809 1c2c 371C0000 		.4byte	0x1c37
 5810 1c30 11       		.uleb128 0x11
 5811 1c31 2D000000 		.4byte	0x2d
 5812 1c35 11       		.byte	0x11
 5813 1c36 00       		.byte	0
ARM GAS  /tmp/ccnze4xj.s 			page 103


 5814 1c37 0C       		.uleb128 0xc
 5815 1c38 271C0000 		.4byte	0x1c27
 5816 1c3c 13       		.uleb128 0x13
 5817 1c3d B4020000 		.4byte	.LASF117
 5818 1c41 1901     		.2byte	0x119
 5819 1c43 0B       		.byte	0xb
 5820 1c44 BD010000 		.4byte	0x1bd
 5821 1c48 00000000 		.4byte	.LFB207
 5822 1c4c 2C000000 		.4byte	.LFE207-.LFB207
 5823 1c50 01       		.uleb128 0x1
 5824 1c51 9C       		.byte	0x9c
 5825 1c52 701D0000 		.4byte	0x1d70
 5826 1c56 08       		.uleb128 0x8
 5827 1c57 74647000 		.ascii	"tdp\000"
 5828 1c5b 1901     		.2byte	0x119
 5829 1c5d 32       		.byte	0x32
 5830 1c5e 701D0000 		.4byte	0x1d70
 5831 1c62 43070000 		.4byte	.LLST11
 5832 1c66 3D070000 		.4byte	.LVUS11
 5833 1c6a 16       		.uleb128 0x16
 5834 1c6b 747000   		.ascii	"tp\000"
 5835 1c6e 1A01     		.2byte	0x11a
 5836 1c70 0D       		.byte	0xd
 5837 1c71 BD010000 		.4byte	0x1bd
 5838 1c75 65070000 		.4byte	.LLST12
 5839 1c79 61070000 		.4byte	.LVUS12
 5840 1c7d 0A       		.uleb128 0xa
 5841 1c7e 99070000 		.4byte	.LASF96
 5842 1c82 69190000 		.4byte	0x1969
 5843 1c86 04       		.uleb128 0x4
 5844 1c87 FA200000 		.4byte	0x20fa
 5845 1c8b 0E000000 		.4byte	.LBI235
 5846 1c8f 01       		.byte	.LVU125
 5847 1c90 0E000000 		.4byte	.LBB235
 5848 1c94 06000000 		.4byte	.LBE235-.LBB235
 5849 1c98 01       		.byte	0x1
 5850 1c99 2701     		.2byte	0x127
 5851 1c9b 03       		.byte	0x3
 5852 1c9c DC1C0000 		.4byte	0x1cdc
 5853 1ca0 01       		.uleb128 0x1
 5854 1ca1 66220000 		.4byte	0x2266
 5855 1ca5 0E000000 		.4byte	.LBI236
 5856 1ca9 03       		.byte	.LVU127
 5857 1caa 0E000000 		.4byte	.LBB236
 5858 1cae 06000000 		.4byte	.LBE236-.LBB236
 5859 1cb2 03       		.byte	0x3
 5860 1cb3 7801     		.2byte	0x178
 5861 1cb5 03       		.byte	0x3
 5862 1cb6 01       		.uleb128 0x1
 5863 1cb7 6E220000 		.4byte	0x226e
 5864 1cbb 0E000000 		.4byte	.LBI237
 5865 1cbf 05       		.byte	.LVU129
 5866 1cc0 0E000000 		.4byte	.LBB237
 5867 1cc4 06000000 		.4byte	.LBE237-.LBB237
 5868 1cc8 04       		.byte	0x4
 5869 1cc9 6402     		.2byte	0x264
 5870 1ccb 03       		.byte	0x3
ARM GAS  /tmp/ccnze4xj.s 			page 104


 5871 1ccc 02       		.uleb128 0x2
 5872 1ccd 78220000 		.4byte	0x2278
 5873 1cd1 77070000 		.4byte	.LLST13
 5874 1cd5 75070000 		.4byte	.LVUS13
 5875 1cd9 00       		.byte	0
 5876 1cda 00       		.byte	0
 5877 1cdb 00       		.byte	0
 5878 1cdc 04       		.uleb128 0x4
 5879 1cdd E4200000 		.4byte	0x20e4
 5880 1ce1 22000000 		.4byte	.LBI239
 5881 1ce5 01       		.byte	.LVU138
 5882 1ce6 22000000 		.4byte	.LBB239
 5883 1cea 06000000 		.4byte	.LBE239-.LBB239
 5884 1cee 01       		.byte	0x1
 5885 1cef 2A01     		.2byte	0x12a
 5886 1cf1 03       		.byte	0x3
 5887 1cf2 321D0000 		.4byte	0x1d32
 5888 1cf6 01       		.uleb128 0x1
 5889 1cf7 5E220000 		.4byte	0x225e
 5890 1cfb 22000000 		.4byte	.LBI241
 5891 1cff 08       		.byte	.LVU145
 5892 1d00 22000000 		.4byte	.LBB241
 5893 1d04 06000000 		.4byte	.LBE241-.LBB241
 5894 1d08 03       		.byte	0x3
 5895 1d09 8F01     		.2byte	0x18f
 5896 1d0b 03       		.byte	0x3
 5897 1d0c 01       		.uleb128 0x1
 5898 1d0d 6E220000 		.4byte	0x226e
 5899 1d11 22000000 		.4byte	.LBI242
 5900 1d15 0A       		.byte	.LVU147
 5901 1d16 22000000 		.4byte	.LBB242
 5902 1d1a 06000000 		.4byte	.LBE242-.LBB242
 5903 1d1e 04       		.byte	0x4
 5904 1d1f 7702     		.2byte	0x277
 5905 1d21 03       		.byte	0x3
 5906 1d22 02       		.uleb128 0x2
 5907 1d23 78220000 		.4byte	0x2278
 5908 1d27 84070000 		.4byte	.LLST14
 5909 1d2b 82070000 		.4byte	.LVUS14
 5910 1d2f 00       		.byte	0
 5911 1d30 00       		.byte	0
 5912 1d31 00       		.byte	0
 5913 1d32 18       		.uleb128 0x18
 5914 1d33 0E000000 		.4byte	.LVL25
 5915 1d37 3C1F0000 		.4byte	0x1f3c
 5916 1d3b 461D0000 		.4byte	0x1d46
 5917 1d3f 05       		.uleb128 0x5
 5918 1d40 01       		.uleb128 0x1
 5919 1d41 52       		.byte	0x52
 5920 1d42 02       		.uleb128 0x2
 5921 1d43 08       		.byte	0x8
 5922 1d44 55       		.byte	0x55
 5923 1d45 00       		.byte	0
 5924 1d46 18       		.uleb128 0x18
 5925 1d47 1A000000 		.4byte	.LVL27
 5926 1d4b D81E0000 		.4byte	0x1ed8
 5927 1d4f 5A1D0000 		.4byte	0x1d5a
ARM GAS  /tmp/ccnze4xj.s 			page 105


 5928 1d53 05       		.uleb128 0x5
 5929 1d54 01       		.uleb128 0x1
 5930 1d55 50       		.byte	0x50
 5931 1d56 02       		.uleb128 0x2
 5932 1d57 74       		.byte	0x74
 5933 1d58 00       		.sleb128 0
 5934 1d59 00       		.byte	0
 5935 1d5a 0B       		.uleb128 0xb
 5936 1d5b 22000000 		.4byte	.LVL29
 5937 1d5f E3070000 		.4byte	0x7e3
 5938 1d63 05       		.uleb128 0x5
 5939 1d64 01       		.uleb128 0x1
 5940 1d65 50       		.byte	0x50
 5941 1d66 02       		.uleb128 0x2
 5942 1d67 74       		.byte	0x74
 5943 1d68 00       		.sleb128 0
 5944 1d69 05       		.uleb128 0x5
 5945 1d6a 01       		.uleb128 0x1
 5946 1d6b 51       		.byte	0x51
 5947 1d6c 01       		.uleb128 0x1
 5948 1d6d 30       		.byte	0x30
 5949 1d6e 00       		.byte	0
 5950 1d6f 00       		.byte	0
 5951 1d70 0F       		.uleb128 0xf
 5952 1d71 A2070000 		.4byte	0x7a2
 5953 1d75 13       		.uleb128 0x13
 5954 1d76 E3060000 		.4byte	.LASF118
 5955 1d7a 0401     		.2byte	0x104
 5956 1d7c 0B       		.byte	0xb
 5957 1d7d BD010000 		.4byte	0x1bd
 5958 1d81 00000000 		.4byte	.LFB206
 5959 1d85 0C000000 		.4byte	.LFE206-.LFB206
 5960 1d89 01       		.uleb128 0x1
 5961 1d8a 9C       		.byte	0x9c
 5962 1d8b C81D0000 		.4byte	0x1dc8
 5963 1d8f 08       		.uleb128 0x8
 5964 1d90 74647000 		.ascii	"tdp\000"
 5965 1d94 0401     		.2byte	0x104
 5966 1d96 33       		.byte	0x33
 5967 1d97 701D0000 		.4byte	0x1d70
 5968 1d9b 92070000 		.4byte	.LLST10
 5969 1d9f 8E070000 		.4byte	.LVUS10
 5970 1da3 18       		.uleb128 0x18
 5971 1da4 06000000 		.4byte	.LVL21
 5972 1da8 D81E0000 		.4byte	0x1ed8
 5973 1dac BE1D0000 		.4byte	0x1dbe
 5974 1db0 05       		.uleb128 0x5
 5975 1db1 01       		.uleb128 0x1
 5976 1db2 50       		.byte	0x50
 5977 1db3 09       		.uleb128 0x9
 5978 1db4 A3       		.byte	0xa3
 5979 1db5 03       		.uleb128 0x3
 5980 1db6 A5       		.byte	0xa5
 5981 1db7 00       		.uleb128 0
 5982 1db8 26       		.uleb128 0x26
 5983 1db9 A8       		.byte	0xa8
 5984 1dba 2D       		.uleb128 0x2d
ARM GAS  /tmp/ccnze4xj.s 			page 106


 5985 1dbb A8       		.byte	0xa8
 5986 1dbc 00       		.uleb128 0
 5987 1dbd 00       		.byte	0
 5988 1dbe 14       		.uleb128 0x14
 5989 1dbf 0A000000 		.4byte	.LVL22
 5990 1dc3 F9070000 		.4byte	0x7f9
 5991 1dc7 00       		.byte	0
 5992 1dc8 26       		.uleb128 0x26
 5993 1dc9 2C030000 		.4byte	.LASF119
 5994 1dcd D9       		.byte	0xd9
 5995 1dce BD010000 		.4byte	0x1bd
 5996 1dd2 00000000 		.4byte	.LFB205
 5997 1dd6 22000000 		.4byte	.LFE205-.LFB205
 5998 1dda 01       		.uleb128 0x1
 5999 1ddb 9C       		.byte	0x9c
 6000 1ddc D81E0000 		.4byte	0x1ed8
 6001 1de0 30       		.uleb128 0x30
 6002 1de1 74647000 		.ascii	"tdp\000"
 6003 1de5 D9       		.byte	0xd9
 6004 1de6 3B       		.byte	0x3b
 6005 1de7 701D0000 		.4byte	0x1d70
 6006 1deb AF070000 		.4byte	.LLST6
 6007 1def AB070000 		.4byte	.LVUS6
 6008 1df3 31       		.uleb128 0x31
 6009 1df4 747000   		.ascii	"tp\000"
 6010 1df7 DA       		.byte	0xda
 6011 1df8 BD010000 		.4byte	0x1bd
 6012 1dfc C1070000 		.4byte	.LLST7
 6013 1e00 BF070000 		.4byte	.LVUS7
 6014 1e04 0A       		.uleb128 0xa
 6015 1e05 99070000 		.4byte	.LASF96
 6016 1e09 200D0000 		.4byte	0xd20
 6017 1e0d 32       		.uleb128 0x32
 6018 1e0e FA200000 		.4byte	0x20fa
 6019 1e12 0E000000 		.4byte	.LBI226
 6020 1e16 01       		.byte	.LVU83
 6021 1e17 0E000000 		.4byte	.LBB226
 6022 1e1b 06000000 		.4byte	.LBE226-.LBB226
 6023 1e1f E7       		.byte	0xe7
 6024 1e20 601E0000 		.4byte	0x1e60
 6025 1e24 01       		.uleb128 0x1
 6026 1e25 66220000 		.4byte	0x2266
 6027 1e29 0E000000 		.4byte	.LBI227
 6028 1e2d 03       		.byte	.LVU85
 6029 1e2e 0E000000 		.4byte	.LBB227
 6030 1e32 06000000 		.4byte	.LBE227-.LBB227
 6031 1e36 03       		.byte	0x3
 6032 1e37 7801     		.2byte	0x178
 6033 1e39 03       		.byte	0x3
 6034 1e3a 01       		.uleb128 0x1
 6035 1e3b 6E220000 		.4byte	0x226e
 6036 1e3f 0E000000 		.4byte	.LBI228
 6037 1e43 05       		.byte	.LVU87
 6038 1e44 0E000000 		.4byte	.LBB228
 6039 1e48 06000000 		.4byte	.LBE228-.LBB228
 6040 1e4c 04       		.byte	0x4
 6041 1e4d 6402     		.2byte	0x264
ARM GAS  /tmp/ccnze4xj.s 			page 107


 6042 1e4f 03       		.byte	0x3
 6043 1e50 02       		.uleb128 0x2
 6044 1e51 78220000 		.4byte	0x2278
 6045 1e55 CC070000 		.4byte	.LLST8
 6046 1e59 CA070000 		.4byte	.LVUS8
 6047 1e5d 00       		.byte	0
 6048 1e5e 00       		.byte	0
 6049 1e5f 00       		.byte	0
 6050 1e60 32       		.uleb128 0x32
 6051 1e61 E4200000 		.4byte	0x20e4
 6052 1e65 1A000000 		.4byte	.LBI230
 6053 1e69 01       		.byte	.LVU95
 6054 1e6a 1A000000 		.4byte	.LBB230
 6055 1e6e 06000000 		.4byte	.LBE230-.LBB230
 6056 1e72 E9       		.byte	0xe9
 6057 1e73 B31E0000 		.4byte	0x1eb3
 6058 1e77 01       		.uleb128 0x1
 6059 1e78 5E220000 		.4byte	0x225e
 6060 1e7c 1A000000 		.4byte	.LBI232
 6061 1e80 08       		.byte	.LVU102
 6062 1e81 1A000000 		.4byte	.LBB232
 6063 1e85 06000000 		.4byte	.LBE232-.LBB232
 6064 1e89 03       		.byte	0x3
 6065 1e8a 8F01     		.2byte	0x18f
 6066 1e8c 03       		.byte	0x3
 6067 1e8d 01       		.uleb128 0x1
 6068 1e8e 6E220000 		.4byte	0x226e
 6069 1e92 1A000000 		.4byte	.LBI233
 6070 1e96 0A       		.byte	.LVU104
 6071 1e97 1A000000 		.4byte	.LBB233
 6072 1e9b 06000000 		.4byte	.LBE233-.LBB233
 6073 1e9f 04       		.byte	0x4
 6074 1ea0 7702     		.2byte	0x277
 6075 1ea2 03       		.byte	0x3
 6076 1ea3 02       		.uleb128 0x2
 6077 1ea4 78220000 		.4byte	0x2278
 6078 1ea8 D9070000 		.4byte	.LLST9
 6079 1eac D7070000 		.4byte	.LVUS9
 6080 1eb0 00       		.byte	0
 6081 1eb1 00       		.byte	0
 6082 1eb2 00       		.byte	0
 6083 1eb3 18       		.uleb128 0x18
 6084 1eb4 0E000000 		.4byte	.LVL16
 6085 1eb8 3C1F0000 		.4byte	0x1f3c
 6086 1ebc C71E0000 		.4byte	0x1ec7
 6087 1ec0 05       		.uleb128 0x5
 6088 1ec1 01       		.uleb128 0x1
 6089 1ec2 52       		.byte	0x52
 6090 1ec3 02       		.uleb128 0x2
 6091 1ec4 08       		.byte	0x8
 6092 1ec5 55       		.byte	0x55
 6093 1ec6 00       		.byte	0
 6094 1ec7 0B       		.uleb128 0xb
 6095 1ec8 1A000000 		.4byte	.LVL18
 6096 1ecc D81E0000 		.4byte	0x1ed8
 6097 1ed0 05       		.uleb128 0x5
 6098 1ed1 01       		.uleb128 0x1
ARM GAS  /tmp/ccnze4xj.s 			page 108


 6099 1ed2 50       		.byte	0x50
 6100 1ed3 02       		.uleb128 0x2
 6101 1ed4 74       		.byte	0x74
 6102 1ed5 00       		.sleb128 0
 6103 1ed6 00       		.byte	0
 6104 1ed7 00       		.byte	0
 6105 1ed8 26       		.uleb128 0x26
 6106 1ed9 5C050000 		.4byte	.LASF120
 6107 1edd A7       		.byte	0xa7
 6108 1ede BD010000 		.4byte	0x1bd
 6109 1ee2 00000000 		.4byte	.LFB204
 6110 1ee6 38000000 		.4byte	.LFE204-.LFB204
 6111 1eea 01       		.uleb128 0x1
 6112 1eeb 9C       		.byte	0x9c
 6113 1eec 271F0000 		.4byte	0x1f27
 6114 1ef0 30       		.uleb128 0x30
 6115 1ef1 74647000 		.ascii	"tdp\000"
 6116 1ef5 A7       		.byte	0xa7
 6117 1ef6 3C       		.byte	0x3c
 6118 1ef7 701D0000 		.4byte	0x1d70
 6119 1efb E7070000 		.4byte	.LLST4
 6120 1eff E3070000 		.4byte	.LVUS4
 6121 1f03 31       		.uleb128 0x31
 6122 1f04 747000   		.ascii	"tp\000"
 6123 1f07 A8       		.byte	0xa8
 6124 1f08 BD010000 		.4byte	0x1bd
 6125 1f0c 04080000 		.4byte	.LLST5
 6126 1f10 00080000 		.4byte	.LVUS5
 6127 1f14 0A       		.uleb128 0xa
 6128 1f15 99070000 		.4byte	.LASF96
 6129 1f19 371F0000 		.4byte	0x1f37
 6130 1f1d 14       		.uleb128 0x14
 6131 1f1e 30000000 		.4byte	.LVL13
 6132 1f22 841F0000 		.4byte	0x1f84
 6133 1f26 00       		.byte	0
 6134 1f27 10       		.uleb128 0x10
 6135 1f28 17070000 		.4byte	0x717
 6136 1f2c 371F0000 		.4byte	0x1f37
 6137 1f30 11       		.uleb128 0x11
 6138 1f31 2D000000 		.4byte	0x2d
 6139 1f35 15       		.byte	0x15
 6140 1f36 00       		.byte	0
 6141 1f37 0C       		.uleb128 0xc
 6142 1f38 271F0000 		.4byte	0x1f27
 6143 1f3c 3E       		.uleb128 0x3e
 6144 1f3d 3F050000 		.4byte	.LASF121
 6145 1f41 01       		.byte	0x1
 6146 1f42 88       		.byte	0x88
 6147 1f43 06       		.byte	0x6
 6148 1f44 00000000 		.4byte	.LFB203
 6149 1f48 0C000000 		.4byte	.LFE203-.LFB203
 6150 1f4c 01       		.uleb128 0x1
 6151 1f4d 9C       		.byte	0x9c
 6152 1f4e 7F1F0000 		.4byte	0x1f7f
 6153 1f52 27       		.uleb128 0x27
 6154 1f53 72050000 		.4byte	.LASF122
 6155 1f57 88       		.byte	0x88
ARM GAS  /tmp/ccnze4xj.s 			page 109


 6156 1f58 1F       		.byte	0x1f
 6157 1f59 7F1F0000 		.4byte	0x1f7f
 6158 1f5d 1C080000 		.4byte	.LLST3
 6159 1f61 16080000 		.4byte	.LVUS3
 6160 1f65 3F       		.uleb128 0x3f
 6161 1f66 01060000 		.4byte	.LASF123
 6162 1f6a 01       		.byte	0x1
 6163 1f6b 88       		.byte	0x88
 6164 1f6c 30       		.byte	0x30
 6165 1f6d 7F1F0000 		.4byte	0x1f7f
 6166 1f71 01       		.uleb128 0x1
 6167 1f72 51       		.byte	0x51
 6168 1f73 33       		.uleb128 0x33
 6169 1f74 7600     		.ascii	"v\000"
 6170 1f76 88       		.byte	0x88
 6171 1f77 3E       		.byte	0x3e
 6172 1f78 76000000 		.4byte	0x76
 6173 1f7c 01       		.uleb128 0x1
 6174 1f7d 52       		.byte	0x52
 6175 1f7e 00       		.byte	0
 6176 1f7f 0F       		.uleb128 0xf
 6177 1f80 76000000 		.4byte	0x76
 6178 1f84 26       		.uleb128 0x26
 6179 1f85 F4020000 		.4byte	.LASF124
 6180 1f89 58       		.byte	0x58
 6181 1f8a BD010000 		.4byte	0x1bd
 6182 1f8e 00000000 		.4byte	.LFB202
 6183 1f92 30000000 		.4byte	.LFE202-.LFB202
 6184 1f96 01       		.uleb128 0x1
 6185 1f97 9C       		.byte	0x9c
 6186 1f98 F21F0000 		.4byte	0x1ff2
 6187 1f9c 33       		.uleb128 0x33
 6188 1f9d 747000   		.ascii	"tp\000"
 6189 1fa0 58       		.byte	0x58
 6190 1fa1 22       		.byte	0x22
 6191 1fa2 BD010000 		.4byte	0x1bd
 6192 1fa6 01       		.uleb128 0x1
 6193 1fa7 50       		.byte	0x50
 6194 1fa8 27       		.uleb128 0x27
 6195 1fa9 59060000 		.4byte	.LASF26
 6196 1fad 58       		.byte	0x58
 6197 1fae 32       		.byte	0x32
 6198 1faf 06070000 		.4byte	0x706
 6199 1fb3 39080000 		.4byte	.LLST0
 6200 1fb7 33080000 		.4byte	.LVUS0
 6201 1fbb 27       		.uleb128 0x27
 6202 1fbc 5C040000 		.4byte	.LASF23
 6203 1fc0 58       		.byte	0x58
 6204 1fc1 40       		.byte	0x40
 6205 1fc2 D8000000 		.4byte	0xd8
 6206 1fc6 5E080000 		.4byte	.LLST1
 6207 1fca 58080000 		.4byte	.LVUS1
 6208 1fce 24       		.uleb128 0x24
 6209 1fcf 2E220000 		.4byte	0x222e
 6210 1fd3 26000000 		.4byte	.LBI224
 6211 1fd7 00       		.byte	.LVU32
 6212 1fd8 26000000 		.4byte	.LBB224
ARM GAS  /tmp/ccnze4xj.s 			page 110


 6213 1fdc 02000000 		.4byte	.LBE224-.LBB224
 6214 1fe0 01       		.byte	0x1
 6215 1fe1 72       		.byte	0x72
 6216 1fe2 03       		.byte	0x3
 6217 1fe3 02       		.uleb128 0x2
 6218 1fe4 3A220000 		.4byte	0x223a
 6219 1fe8 7F080000 		.4byte	.LLST2
 6220 1fec 7D080000 		.4byte	.LVUS2
 6221 1ff0 00       		.byte	0
 6222 1ff1 00       		.byte	0
 6223 1ff2 1A       		.uleb128 0x1a
 6224 1ff3 64060000 		.4byte	.LASF125
 6225 1ff7 06       		.byte	0x6
 6226 1ff8 AD01     		.2byte	0x1ad
 6227 1ffa 2D200000 		.4byte	0x202d
 6228 1ffe 0D       		.uleb128 0xd
 6229 1fff 74717000 		.ascii	"tqp\000"
 6230 2003 06       		.byte	0x6
 6231 2004 AD01     		.2byte	0x1ad
 6232 2006 39       		.byte	0x39
 6233 2007 F9080000 		.4byte	0x8f9
 6234 200b 0D       		.uleb128 0xd
 6235 200c 6D736700 		.ascii	"msg\000"
 6236 2010 06       		.byte	0x6
 6237 2011 AD01     		.2byte	0x1ad
 6238 2013 44       		.byte	0x44
 6239 2014 E4000000 		.4byte	0xe4
 6240 2018 28       		.uleb128 0x28
 6241 2019 747000   		.ascii	"tp\000"
 6242 201c 06       		.byte	0x6
 6243 201d AE01     		.2byte	0x1ae
 6244 201f BD010000 		.4byte	0x1bd
 6245 2023 0A       		.uleb128 0xa
 6246 2024 99070000 		.4byte	.LASF96
 6247 2028 3D200000 		.4byte	0x203d
 6248 202c 00       		.byte	0
 6249 202d 10       		.uleb128 0x10
 6250 202e 17070000 		.4byte	0x717
 6251 2032 3D200000 		.4byte	0x203d
 6252 2036 11       		.uleb128 0x11
 6253 2037 2D000000 		.4byte	0x2d
 6254 203b 13       		.byte	0x13
 6255 203c 00       		.byte	0
 6256 203d 0C       		.uleb128 0xc
 6257 203e 2D200000 		.4byte	0x202d
 6258 2042 1A       		.uleb128 0x1a
 6259 2043 C2060000 		.4byte	.LASF126
 6260 2047 06       		.byte	0x6
 6261 2048 7D01     		.2byte	0x17d
 6262 204a 65200000 		.4byte	0x2065
 6263 204e 21       		.uleb128 0x21
 6264 204f 7F030000 		.4byte	.LASF102
 6265 2053 06       		.byte	0x6
 6266 2054 7D01     		.2byte	0x17d
 6267 2056 2A       		.byte	0x2a
 6268 2057 F0000000 		.4byte	0xf0
 6269 205b 0A       		.uleb128 0xa
ARM GAS  /tmp/ccnze4xj.s 			page 111


 6270 205c 99070000 		.4byte	.LASF96
 6271 2060 69190000 		.4byte	0x1969
 6272 2064 00       		.byte	0
 6273 2065 1B       		.uleb128 0x1b
 6274 2066 21020000 		.4byte	.LASF127
 6275 206a 06       		.byte	0x6
 6276 206b 6A01     		.2byte	0x16a
 6277 206d 19       		.byte	0x19
 6278 206e BD010000 		.4byte	0x1bd
 6279 2072 8C200000 		.4byte	0x208c
 6280 2076 0D       		.uleb128 0xd
 6281 2077 747000   		.ascii	"tp\000"
 6282 207a 06       		.byte	0x6
 6283 207b 6A01     		.2byte	0x16a
 6284 207d 2F       		.byte	0x2f
 6285 207e BD010000 		.4byte	0x1bd
 6286 2082 0A       		.uleb128 0xa
 6287 2083 99070000 		.4byte	.LASF96
 6288 2087 69190000 		.4byte	0x1969
 6289 208b 00       		.byte	0
 6290 208c 34       		.uleb128 0x34
 6291 208d 84030000 		.4byte	.LASF131
 6292 2091 06       		.byte	0x6
 6293 2092 1301     		.2byte	0x113
 6294 2094 19       		.byte	0x19
 6295 2095 BD010000 		.4byte	0x1bd
 6296 2099 1B       		.uleb128 0x1b
 6297 209a 67010000 		.4byte	.LASF128
 6298 209e 07       		.byte	0x7
 6299 209f 1C01     		.2byte	0x11c
 6300 20a1 14       		.byte	0x14
 6301 20a2 D2200000 		.4byte	0x20d2
 6302 20a6 D2200000 		.4byte	0x20d2
 6303 20aa 21       		.uleb128 0x21
 6304 20ab 7F030000 		.4byte	.LASF102
 6305 20af 07       		.byte	0x7
 6306 20b0 1C01     		.2byte	0x11c
 6307 20b2 30       		.byte	0x30
 6308 20b3 F0000000 		.4byte	0xf0
 6309 20b7 21       		.uleb128 0x21
 6310 20b8 5E060000 		.4byte	.LASF129
 6311 20bc 07       		.byte	0x7
 6312 20bd 1D01     		.2byte	0x11d
 6313 20bf 30       		.byte	0x30
 6314 20c0 F0000000 		.4byte	0xf0
 6315 20c4 0D       		.uleb128 0xd
 6316 20c5 656E6400 		.ascii	"end\000"
 6317 20c9 07       		.byte	0x7
 6318 20ca 1E01     		.2byte	0x11e
 6319 20cc 30       		.byte	0x30
 6320 20cd F0000000 		.4byte	0xf0
 6321 20d1 00       		.byte	0
 6322 20d2 0E       		.uleb128 0xe
 6323 20d3 01       		.byte	0x1
 6324 20d4 02       		.byte	0x2
 6325 20d5 F0030000 		.4byte	.LASF130
 6326 20d9 29       		.uleb128 0x29
ARM GAS  /tmp/ccnze4xj.s 			page 112


 6327 20da D9020000 		.4byte	.LASF132
 6328 20de 07       		.byte	0x7
 6329 20df E4       		.byte	0xe4
 6330 20e0 F0000000 		.4byte	0xf0
 6331 20e4 1A       		.uleb128 0x1a
 6332 20e5 73030000 		.4byte	.LASF133
 6333 20e9 03       		.byte	0x3
 6334 20ea 8201     		.2byte	0x182
 6335 20ec FA200000 		.4byte	0x20fa
 6336 20f0 0A       		.uleb128 0xa
 6337 20f1 99070000 		.4byte	.LASF96
 6338 20f5 69190000 		.4byte	0x1969
 6339 20f9 00       		.byte	0
 6340 20fa 2A       		.uleb128 0x2a
 6341 20fb 44040000 		.4byte	.LASF144
 6342 20ff 03       		.byte	0x3
 6343 2100 7601     		.2byte	0x176
 6344 2102 40       		.uleb128 0x40
 6345 2103 4E040000 		.4byte	.LASF151
 6346 2107 02       		.byte	0x2
 6347 2108 AF02     		.2byte	0x2af
 6348 210a 14       		.byte	0x14
 6349 210b 00000000 		.4byte	.LFB162
 6350 210f 1C000000 		.4byte	.LFE162-.LFB162
 6351 2113 01       		.uleb128 0x1
 6352 2114 9C       		.byte	0x9c
 6353 2115 39210000 		.4byte	0x2139
 6354 2119 20       		.uleb128 0x20
 6355 211a 39210000 		.4byte	0x2139
 6356 211e 02000000 		.4byte	.LBI222
 6357 2122 02       		.byte	.LVU3
 6358 2123 02000000 		.4byte	.LBB222
 6359 2127 0A000000 		.4byte	.LBE222-.LBB222
 6360 212b 02       		.byte	0x2
 6361 212c B302     		.2byte	0x2b3
 6362 212e 07       		.byte	0x7
 6363 212f 14       		.uleb128 0x14
 6364 2130 16000000 		.4byte	.LVL0
 6365 2134 A7070000 		.4byte	0x7a7
 6366 2138 00       		.byte	0
 6367 2139 34       		.uleb128 0x34
 6368 213a CE060000 		.4byte	.LASF134
 6369 213e 02       		.byte	0x2
 6370 213f A102     		.2byte	0x2a1
 6371 2141 14       		.byte	0x14
 6372 2142 D2200000 		.4byte	0x20d2
 6373 2146 1B       		.uleb128 0x1b
 6374 2147 1E050000 		.4byte	.LASF135
 6375 214b 02       		.byte	0x2
 6376 214c 6902     		.2byte	0x269
 6377 214e 19       		.byte	0x19
 6378 214f BD010000 		.4byte	0x1bd
 6379 2153 70210000 		.4byte	0x2170
 6380 2157 0D       		.uleb128 0xd
 6381 2158 74717000 		.ascii	"tqp\000"
 6382 215c 02       		.byte	0x2
 6383 215d 6902     		.2byte	0x269
ARM GAS  /tmp/ccnze4xj.s 			page 113


 6384 215f 3C       		.byte	0x3c
 6385 2160 F9080000 		.4byte	0x8f9
 6386 2164 28       		.uleb128 0x28
 6387 2165 747000   		.ascii	"tp\000"
 6388 2168 02       		.byte	0x2
 6389 2169 6A02     		.2byte	0x26a
 6390 216b BD010000 		.4byte	0x1bd
 6391 216f 00       		.byte	0
 6392 2170 1A       		.uleb128 0x1a
 6393 2171 79070000 		.4byte	.LASF136
 6394 2175 02       		.byte	0x2
 6395 2176 6102     		.2byte	0x261
 6396 2178 96210000 		.4byte	0x2196
 6397 217c 0D       		.uleb128 0xd
 6398 217d 747000   		.ascii	"tp\000"
 6399 2180 02       		.byte	0x2
 6400 2181 6102     		.2byte	0x261
 6401 2183 2B       		.byte	0x2b
 6402 2184 BD010000 		.4byte	0x1bd
 6403 2188 0D       		.uleb128 0xd
 6404 2189 74717000 		.ascii	"tqp\000"
 6405 218d 02       		.byte	0x2
 6406 218e 6102     		.2byte	0x261
 6407 2190 40       		.byte	0x40
 6408 2191 F9080000 		.4byte	0x8f9
 6409 2195 00       		.byte	0
 6410 2196 1B       		.uleb128 0x1b
 6411 2197 E0050000 		.4byte	.LASF137
 6412 219b 02       		.byte	0x2
 6413 219c 4D02     		.2byte	0x24d
 6414 219e 19       		.byte	0x19
 6415 219f BD010000 		.4byte	0x1bd
 6416 21a3 C0210000 		.4byte	0x21c0
 6417 21a7 0D       		.uleb128 0xd
 6418 21a8 746C7000 		.ascii	"tlp\000"
 6419 21ac 02       		.byte	0x2
 6420 21ad 4D02     		.2byte	0x24d
 6421 21af 35       		.byte	0x35
 6422 21b0 C0210000 		.4byte	0x21c0
 6423 21b4 28       		.uleb128 0x28
 6424 21b5 747000   		.ascii	"tp\000"
 6425 21b8 02       		.byte	0x2
 6426 21b9 4F02     		.2byte	0x24f
 6427 21bb BD010000 		.4byte	0x1bd
 6428 21bf 00       		.byte	0
 6429 21c0 0F       		.uleb128 0xf
 6430 21c1 C2010000 		.4byte	0x1c2
 6431 21c5 1A       		.uleb128 0x1a
 6432 21c6 0E040000 		.4byte	.LASF138
 6433 21ca 02       		.byte	0x2
 6434 21cb 4702     		.2byte	0x247
 6435 21cd EB210000 		.4byte	0x21eb
 6436 21d1 0D       		.uleb128 0xd
 6437 21d2 747000   		.ascii	"tp\000"
 6438 21d5 02       		.byte	0x2
 6439 21d6 4702     		.2byte	0x247
 6440 21d8 2A       		.byte	0x2a
ARM GAS  /tmp/ccnze4xj.s 			page 114


 6441 21d9 BD010000 		.4byte	0x1bd
 6442 21dd 0D       		.uleb128 0xd
 6443 21de 746C7000 		.ascii	"tlp\000"
 6444 21e2 02       		.byte	0x2
 6445 21e3 4702     		.2byte	0x247
 6446 21e5 3E       		.byte	0x3e
 6447 21e6 C0210000 		.4byte	0x21c0
 6448 21ea 00       		.byte	0
 6449 21eb 1B       		.uleb128 0x1b
 6450 21ec 85040000 		.4byte	.LASF139
 6451 21f0 02       		.byte	0x2
 6452 21f1 3F02     		.2byte	0x23f
 6453 21f3 14       		.byte	0x14
 6454 21f4 D2200000 		.4byte	0x20d2
 6455 21f8 0A220000 		.4byte	0x220a
 6456 21fc 0D       		.uleb128 0xd
 6457 21fd 74717000 		.ascii	"tqp\000"
 6458 2201 02       		.byte	0x2
 6459 2202 3F02     		.2byte	0x23f
 6460 2204 3A       		.byte	0x3a
 6461 2205 0A220000 		.4byte	0x220a
 6462 2209 00       		.byte	0
 6463 220a 0F       		.uleb128 0xf
 6464 220b F4010000 		.4byte	0x1f4
 6465 220f 1B       		.uleb128 0x1b
 6466 2210 BF030000 		.4byte	.LASF140
 6467 2214 02       		.byte	0x2
 6468 2215 1802     		.2byte	0x218
 6469 2217 14       		.byte	0x14
 6470 2218 D2200000 		.4byte	0x20d2
 6471 221c 2E220000 		.4byte	0x222e
 6472 2220 0D       		.uleb128 0xd
 6473 2221 746C7000 		.ascii	"tlp\000"
 6474 2225 02       		.byte	0x2
 6475 2226 1802     		.2byte	0x218
 6476 2228 32       		.byte	0x32
 6477 2229 C0210000 		.4byte	0x21c0
 6478 222d 00       		.byte	0
 6479 222e 1A       		.uleb128 0x1a
 6480 222f 30050000 		.4byte	.LASF141
 6481 2233 02       		.byte	0x2
 6482 2234 FE01     		.2byte	0x1fe
 6483 2236 48220000 		.4byte	0x2248
 6484 223a 0D       		.uleb128 0xd
 6485 223b 746C7000 		.ascii	"tlp\000"
 6486 223f 02       		.byte	0x2
 6487 2240 FE01     		.2byte	0x1fe
 6488 2242 2E       		.byte	0x2e
 6489 2243 C0210000 		.4byte	0x21c0
 6490 2247 00       		.byte	0
 6491 2248 29       		.uleb128 0x29
 6492 2249 30040000 		.4byte	.LASF142
 6493 224d 08       		.byte	0x8
 6494 224e 69       		.byte	0x69
 6495 224f F0000000 		.4byte	0xf0
 6496 2253 29       		.uleb128 0x29
 6497 2254 58030000 		.4byte	.LASF143
ARM GAS  /tmp/ccnze4xj.s 			page 115


 6498 2258 09       		.byte	0x9
 6499 2259 8B       		.byte	0x8b
 6500 225a F0000000 		.4byte	0xf0
 6501 225e 2A       		.uleb128 0x2a
 6502 225f BD070000 		.4byte	.LASF145
 6503 2263 04       		.byte	0x4
 6504 2264 7402     		.2byte	0x274
 6505 2266 2A       		.uleb128 0x2a
 6506 2267 CF070000 		.4byte	.LASF146
 6507 226b 04       		.byte	0x4
 6508 226c 5C02     		.2byte	0x25c
 6509 226e 41       		.uleb128 0x41
 6510 226f 10060000 		.4byte	.LASF152
 6511 2273 05       		.byte	0x5
 6512 2274 2202     		.2byte	0x222
 6513 2276 39       		.byte	0x39
 6514 2277 03       		.byte	0x3
 6515 2278 21       		.uleb128 0x21
 6516 2279 A2030000 		.4byte	.LASF147
 6517 227d 05       		.byte	0x5
 6518 227e 2202     		.2byte	0x222
 6519 2280 50       		.byte	0x50
 6520 2281 90000000 		.4byte	0x90
 6521 2285 00       		.byte	0
 6522 2286 00       		.byte	0
 6523              		.section	.debug_abbrev,"",%progbits
 6524              	.Ldebug_abbrev0:
 6525 0000 01       		.uleb128 0x1
 6526 0001 1D       		.uleb128 0x1d
 6527 0002 01       		.byte	0x1
 6528 0003 31       		.uleb128 0x31
 6529 0004 13       		.uleb128 0x13
 6530 0005 52       		.uleb128 0x52
 6531 0006 01       		.uleb128 0x1
 6532 0007 B842     		.uleb128 0x2138
 6533 0009 0B       		.uleb128 0xb
 6534 000a 11       		.uleb128 0x11
 6535 000b 01       		.uleb128 0x1
 6536 000c 12       		.uleb128 0x12
 6537 000d 06       		.uleb128 0x6
 6538 000e 58       		.uleb128 0x58
 6539 000f 0B       		.uleb128 0xb
 6540 0010 59       		.uleb128 0x59
 6541 0011 05       		.uleb128 0x5
 6542 0012 57       		.uleb128 0x57
 6543 0013 0B       		.uleb128 0xb
 6544 0014 00       		.byte	0
 6545 0015 00       		.byte	0
 6546 0016 02       		.uleb128 0x2
 6547 0017 05       		.uleb128 0x5
 6548 0018 00       		.byte	0
 6549 0019 31       		.uleb128 0x31
 6550 001a 13       		.uleb128 0x13
 6551 001b 02       		.uleb128 0x2
 6552 001c 17       		.uleb128 0x17
 6553 001d B742     		.uleb128 0x2137
 6554 001f 17       		.uleb128 0x17
ARM GAS  /tmp/ccnze4xj.s 			page 116


 6555 0020 00       		.byte	0
 6556 0021 00       		.byte	0
 6557 0022 03       		.uleb128 0x3
 6558 0023 0D       		.uleb128 0xd
 6559 0024 00       		.byte	0
 6560 0025 03       		.uleb128 0x3
 6561 0026 08       		.uleb128 0x8
 6562 0027 3A       		.uleb128 0x3a
 6563 0028 0B       		.uleb128 0xb
 6564 0029 3B       		.uleb128 0x3b
 6565 002a 05       		.uleb128 0x5
 6566 002b 39       		.uleb128 0x39
 6567 002c 0B       		.uleb128 0xb
 6568 002d 49       		.uleb128 0x49
 6569 002e 13       		.uleb128 0x13
 6570 002f 38       		.uleb128 0x38
 6571 0030 0B       		.uleb128 0xb
 6572 0031 00       		.byte	0
 6573 0032 00       		.byte	0
 6574 0033 04       		.uleb128 0x4
 6575 0034 1D       		.uleb128 0x1d
 6576 0035 01       		.byte	0x1
 6577 0036 31       		.uleb128 0x31
 6578 0037 13       		.uleb128 0x13
 6579 0038 52       		.uleb128 0x52
 6580 0039 01       		.uleb128 0x1
 6581 003a B842     		.uleb128 0x2138
 6582 003c 0B       		.uleb128 0xb
 6583 003d 11       		.uleb128 0x11
 6584 003e 01       		.uleb128 0x1
 6585 003f 12       		.uleb128 0x12
 6586 0040 06       		.uleb128 0x6
 6587 0041 58       		.uleb128 0x58
 6588 0042 0B       		.uleb128 0xb
 6589 0043 59       		.uleb128 0x59
 6590 0044 05       		.uleb128 0x5
 6591 0045 57       		.uleb128 0x57
 6592 0046 0B       		.uleb128 0xb
 6593 0047 01       		.uleb128 0x1
 6594 0048 13       		.uleb128 0x13
 6595 0049 00       		.byte	0
 6596 004a 00       		.byte	0
 6597 004b 05       		.uleb128 0x5
 6598 004c 49       		.uleb128 0x49
 6599 004d 00       		.byte	0
 6600 004e 02       		.uleb128 0x2
 6601 004f 18       		.uleb128 0x18
 6602 0050 7E       		.uleb128 0x7e
 6603 0051 18       		.uleb128 0x18
 6604 0052 00       		.byte	0
 6605 0053 00       		.byte	0
 6606 0054 06       		.uleb128 0x6
 6607 0055 0D       		.uleb128 0xd
 6608 0056 00       		.byte	0
 6609 0057 03       		.uleb128 0x3
 6610 0058 0E       		.uleb128 0xe
 6611 0059 3A       		.uleb128 0x3a
ARM GAS  /tmp/ccnze4xj.s 			page 117


 6612 005a 0B       		.uleb128 0xb
 6613 005b 3B       		.uleb128 0x3b
 6614 005c 05       		.uleb128 0x5
 6615 005d 39       		.uleb128 0x39
 6616 005e 0B       		.uleb128 0xb
 6617 005f 49       		.uleb128 0x49
 6618 0060 13       		.uleb128 0x13
 6619 0061 38       		.uleb128 0x38
 6620 0062 0B       		.uleb128 0xb
 6621 0063 00       		.byte	0
 6622 0064 00       		.byte	0
 6623 0065 07       		.uleb128 0x7
 6624 0066 16       		.uleb128 0x16
 6625 0067 00       		.byte	0
 6626 0068 03       		.uleb128 0x3
 6627 0069 0E       		.uleb128 0xe
 6628 006a 3A       		.uleb128 0x3a
 6629 006b 0B       		.uleb128 0xb
 6630 006c 3B       		.uleb128 0x3b
 6631 006d 0B       		.uleb128 0xb
 6632 006e 39       		.uleb128 0x39
 6633 006f 0B       		.uleb128 0xb
 6634 0070 49       		.uleb128 0x49
 6635 0071 13       		.uleb128 0x13
 6636 0072 00       		.byte	0
 6637 0073 00       		.byte	0
 6638 0074 08       		.uleb128 0x8
 6639 0075 05       		.uleb128 0x5
 6640 0076 00       		.byte	0
 6641 0077 03       		.uleb128 0x3
 6642 0078 08       		.uleb128 0x8
 6643 0079 3A       		.uleb128 0x3a
 6644 007a 21       		.uleb128 0x21
 6645 007b 01       		.sleb128 1
 6646 007c 3B       		.uleb128 0x3b
 6647 007d 05       		.uleb128 0x5
 6648 007e 39       		.uleb128 0x39
 6649 007f 0B       		.uleb128 0xb
 6650 0080 49       		.uleb128 0x49
 6651 0081 13       		.uleb128 0x13
 6652 0082 02       		.uleb128 0x2
 6653 0083 17       		.uleb128 0x17
 6654 0084 B742     		.uleb128 0x2137
 6655 0086 17       		.uleb128 0x17
 6656 0087 00       		.byte	0
 6657 0088 00       		.byte	0
 6658 0089 09       		.uleb128 0x9
 6659 008a 0D       		.uleb128 0xd
 6660 008b 00       		.byte	0
 6661 008c 03       		.uleb128 0x3
 6662 008d 0E       		.uleb128 0xe
 6663 008e 3A       		.uleb128 0x3a
 6664 008f 0B       		.uleb128 0xb
 6665 0090 3B       		.uleb128 0x3b
 6666 0091 0B       		.uleb128 0xb
 6667 0092 39       		.uleb128 0x39
 6668 0093 0B       		.uleb128 0xb
ARM GAS  /tmp/ccnze4xj.s 			page 118


 6669 0094 49       		.uleb128 0x49
 6670 0095 13       		.uleb128 0x13
 6671 0096 38       		.uleb128 0x38
 6672 0097 0B       		.uleb128 0xb
 6673 0098 00       		.byte	0
 6674 0099 00       		.byte	0
 6675 009a 0A       		.uleb128 0xa
 6676 009b 34       		.uleb128 0x34
 6677 009c 00       		.byte	0
 6678 009d 03       		.uleb128 0x3
 6679 009e 0E       		.uleb128 0xe
 6680 009f 49       		.uleb128 0x49
 6681 00a0 13       		.uleb128 0x13
 6682 00a1 34       		.uleb128 0x34
 6683 00a2 19       		.uleb128 0x19
 6684 00a3 00       		.byte	0
 6685 00a4 00       		.byte	0
 6686 00a5 0B       		.uleb128 0xb
 6687 00a6 48       		.uleb128 0x48
 6688 00a7 01       		.byte	0x1
 6689 00a8 7D       		.uleb128 0x7d
 6690 00a9 01       		.uleb128 0x1
 6691 00aa 7F       		.uleb128 0x7f
 6692 00ab 13       		.uleb128 0x13
 6693 00ac 00       		.byte	0
 6694 00ad 00       		.byte	0
 6695 00ae 0C       		.uleb128 0xc
 6696 00af 26       		.uleb128 0x26
 6697 00b0 00       		.byte	0
 6698 00b1 49       		.uleb128 0x49
 6699 00b2 13       		.uleb128 0x13
 6700 00b3 00       		.byte	0
 6701 00b4 00       		.byte	0
 6702 00b5 0D       		.uleb128 0xd
 6703 00b6 05       		.uleb128 0x5
 6704 00b7 00       		.byte	0
 6705 00b8 03       		.uleb128 0x3
 6706 00b9 08       		.uleb128 0x8
 6707 00ba 3A       		.uleb128 0x3a
 6708 00bb 0B       		.uleb128 0xb
 6709 00bc 3B       		.uleb128 0x3b
 6710 00bd 05       		.uleb128 0x5
 6711 00be 39       		.uleb128 0x39
 6712 00bf 0B       		.uleb128 0xb
 6713 00c0 49       		.uleb128 0x49
 6714 00c1 13       		.uleb128 0x13
 6715 00c2 00       		.byte	0
 6716 00c3 00       		.byte	0
 6717 00c4 0E       		.uleb128 0xe
 6718 00c5 24       		.uleb128 0x24
 6719 00c6 00       		.byte	0
 6720 00c7 0B       		.uleb128 0xb
 6721 00c8 0B       		.uleb128 0xb
 6722 00c9 3E       		.uleb128 0x3e
 6723 00ca 0B       		.uleb128 0xb
 6724 00cb 03       		.uleb128 0x3
 6725 00cc 0E       		.uleb128 0xe
ARM GAS  /tmp/ccnze4xj.s 			page 119


 6726 00cd 00       		.byte	0
 6727 00ce 00       		.byte	0
 6728 00cf 0F       		.uleb128 0xf
 6729 00d0 0F       		.uleb128 0xf
 6730 00d1 00       		.byte	0
 6731 00d2 0B       		.uleb128 0xb
 6732 00d3 21       		.uleb128 0x21
 6733 00d4 04       		.sleb128 4
 6734 00d5 49       		.uleb128 0x49
 6735 00d6 13       		.uleb128 0x13
 6736 00d7 00       		.byte	0
 6737 00d8 00       		.byte	0
 6738 00d9 10       		.uleb128 0x10
 6739 00da 01       		.uleb128 0x1
 6740 00db 01       		.byte	0x1
 6741 00dc 49       		.uleb128 0x49
 6742 00dd 13       		.uleb128 0x13
 6743 00de 01       		.uleb128 0x1
 6744 00df 13       		.uleb128 0x13
 6745 00e0 00       		.byte	0
 6746 00e1 00       		.byte	0
 6747 00e2 11       		.uleb128 0x11
 6748 00e3 21       		.uleb128 0x21
 6749 00e4 00       		.byte	0
 6750 00e5 49       		.uleb128 0x49
 6751 00e6 13       		.uleb128 0x13
 6752 00e7 2F       		.uleb128 0x2f
 6753 00e8 0B       		.uleb128 0xb
 6754 00e9 00       		.byte	0
 6755 00ea 00       		.byte	0
 6756 00eb 12       		.uleb128 0x12
 6757 00ec 2E       		.uleb128 0x2e
 6758 00ed 01       		.byte	0x1
 6759 00ee 3F       		.uleb128 0x3f
 6760 00ef 19       		.uleb128 0x19
 6761 00f0 03       		.uleb128 0x3
 6762 00f1 0E       		.uleb128 0xe
 6763 00f2 3A       		.uleb128 0x3a
 6764 00f3 21       		.uleb128 0x21
 6765 00f4 01       		.sleb128 1
 6766 00f5 3B       		.uleb128 0x3b
 6767 00f6 05       		.uleb128 0x5
 6768 00f7 39       		.uleb128 0x39
 6769 00f8 21       		.uleb128 0x21
 6770 00f9 06       		.sleb128 6
 6771 00fa 27       		.uleb128 0x27
 6772 00fb 19       		.uleb128 0x19
 6773 00fc 11       		.uleb128 0x11
 6774 00fd 01       		.uleb128 0x1
 6775 00fe 12       		.uleb128 0x12
 6776 00ff 06       		.uleb128 0x6
 6777 0100 40       		.uleb128 0x40
 6778 0101 18       		.uleb128 0x18
 6779 0102 7A       		.uleb128 0x7a
 6780 0103 19       		.uleb128 0x19
 6781 0104 01       		.uleb128 0x1
 6782 0105 13       		.uleb128 0x13
ARM GAS  /tmp/ccnze4xj.s 			page 120


 6783 0106 00       		.byte	0
 6784 0107 00       		.byte	0
 6785 0108 13       		.uleb128 0x13
 6786 0109 2E       		.uleb128 0x2e
 6787 010a 01       		.byte	0x1
 6788 010b 3F       		.uleb128 0x3f
 6789 010c 19       		.uleb128 0x19
 6790 010d 03       		.uleb128 0x3
 6791 010e 0E       		.uleb128 0xe
 6792 010f 3A       		.uleb128 0x3a
 6793 0110 21       		.uleb128 0x21
 6794 0111 01       		.sleb128 1
 6795 0112 3B       		.uleb128 0x3b
 6796 0113 05       		.uleb128 0x5
 6797 0114 39       		.uleb128 0x39
 6798 0115 0B       		.uleb128 0xb
 6799 0116 27       		.uleb128 0x27
 6800 0117 19       		.uleb128 0x19
 6801 0118 49       		.uleb128 0x49
 6802 0119 13       		.uleb128 0x13
 6803 011a 11       		.uleb128 0x11
 6804 011b 01       		.uleb128 0x1
 6805 011c 12       		.uleb128 0x12
 6806 011d 06       		.uleb128 0x6
 6807 011e 40       		.uleb128 0x40
 6808 011f 18       		.uleb128 0x18
 6809 0120 7A       		.uleb128 0x7a
 6810 0121 19       		.uleb128 0x19
 6811 0122 01       		.uleb128 0x1
 6812 0123 13       		.uleb128 0x13
 6813 0124 00       		.byte	0
 6814 0125 00       		.byte	0
 6815 0126 14       		.uleb128 0x14
 6816 0127 48       		.uleb128 0x48
 6817 0128 00       		.byte	0
 6818 0129 7D       		.uleb128 0x7d
 6819 012a 01       		.uleb128 0x1
 6820 012b 7F       		.uleb128 0x7f
 6821 012c 13       		.uleb128 0x13
 6822 012d 00       		.byte	0
 6823 012e 00       		.byte	0
 6824 012f 15       		.uleb128 0x15
 6825 0130 05       		.uleb128 0x5
 6826 0131 00       		.byte	0
 6827 0132 03       		.uleb128 0x3
 6828 0133 0E       		.uleb128 0xe
 6829 0134 3A       		.uleb128 0x3a
 6830 0135 21       		.uleb128 0x21
 6831 0136 01       		.sleb128 1
 6832 0137 3B       		.uleb128 0x3b
 6833 0138 05       		.uleb128 0x5
 6834 0139 39       		.uleb128 0x39
 6835 013a 0B       		.uleb128 0xb
 6836 013b 49       		.uleb128 0x49
 6837 013c 13       		.uleb128 0x13
 6838 013d 02       		.uleb128 0x2
 6839 013e 17       		.uleb128 0x17
ARM GAS  /tmp/ccnze4xj.s 			page 121


 6840 013f B742     		.uleb128 0x2137
 6841 0141 17       		.uleb128 0x17
 6842 0142 00       		.byte	0
 6843 0143 00       		.byte	0
 6844 0144 16       		.uleb128 0x16
 6845 0145 34       		.uleb128 0x34
 6846 0146 00       		.byte	0
 6847 0147 03       		.uleb128 0x3
 6848 0148 08       		.uleb128 0x8
 6849 0149 3A       		.uleb128 0x3a
 6850 014a 21       		.uleb128 0x21
 6851 014b 01       		.sleb128 1
 6852 014c 3B       		.uleb128 0x3b
 6853 014d 05       		.uleb128 0x5
 6854 014e 39       		.uleb128 0x39
 6855 014f 0B       		.uleb128 0xb
 6856 0150 49       		.uleb128 0x49
 6857 0151 13       		.uleb128 0x13
 6858 0152 02       		.uleb128 0x2
 6859 0153 17       		.uleb128 0x17
 6860 0154 B742     		.uleb128 0x2137
 6861 0156 17       		.uleb128 0x17
 6862 0157 00       		.byte	0
 6863 0158 00       		.byte	0
 6864 0159 17       		.uleb128 0x17
 6865 015a 05       		.uleb128 0x5
 6866 015b 00       		.byte	0
 6867 015c 49       		.uleb128 0x49
 6868 015d 13       		.uleb128 0x13
 6869 015e 00       		.byte	0
 6870 015f 00       		.byte	0
 6871 0160 18       		.uleb128 0x18
 6872 0161 48       		.uleb128 0x48
 6873 0162 01       		.byte	0x1
 6874 0163 7D       		.uleb128 0x7d
 6875 0164 01       		.uleb128 0x1
 6876 0165 7F       		.uleb128 0x7f
 6877 0166 13       		.uleb128 0x13
 6878 0167 01       		.uleb128 0x1
 6879 0168 13       		.uleb128 0x13
 6880 0169 00       		.byte	0
 6881 016a 00       		.byte	0
 6882 016b 19       		.uleb128 0x19
 6883 016c 13       		.uleb128 0x13
 6884 016d 01       		.byte	0x1
 6885 016e 03       		.uleb128 0x3
 6886 016f 0E       		.uleb128 0xe
 6887 0170 0B       		.uleb128 0xb
 6888 0171 0B       		.uleb128 0xb
 6889 0172 3A       		.uleb128 0x3a
 6890 0173 0B       		.uleb128 0xb
 6891 0174 3B       		.uleb128 0x3b
 6892 0175 05       		.uleb128 0x5
 6893 0176 39       		.uleb128 0x39
 6894 0177 21       		.uleb128 0x21
 6895 0178 08       		.sleb128 8
 6896 0179 01       		.uleb128 0x1
ARM GAS  /tmp/ccnze4xj.s 			page 122


 6897 017a 13       		.uleb128 0x13
 6898 017b 00       		.byte	0
 6899 017c 00       		.byte	0
 6900 017d 1A       		.uleb128 0x1a
 6901 017e 2E       		.uleb128 0x2e
 6902 017f 01       		.byte	0x1
 6903 0180 03       		.uleb128 0x3
 6904 0181 0E       		.uleb128 0xe
 6905 0182 3A       		.uleb128 0x3a
 6906 0183 0B       		.uleb128 0xb
 6907 0184 3B       		.uleb128 0x3b
 6908 0185 05       		.uleb128 0x5
 6909 0186 39       		.uleb128 0x39
 6910 0187 21       		.uleb128 0x21
 6911 0188 14       		.sleb128 20
 6912 0189 27       		.uleb128 0x27
 6913 018a 19       		.uleb128 0x19
 6914 018b 20       		.uleb128 0x20
 6915 018c 21       		.uleb128 0x21
 6916 018d 03       		.sleb128 3
 6917 018e 01       		.uleb128 0x1
 6918 018f 13       		.uleb128 0x13
 6919 0190 00       		.byte	0
 6920 0191 00       		.byte	0
 6921 0192 1B       		.uleb128 0x1b
 6922 0193 2E       		.uleb128 0x2e
 6923 0194 01       		.byte	0x1
 6924 0195 03       		.uleb128 0x3
 6925 0196 0E       		.uleb128 0xe
 6926 0197 3A       		.uleb128 0x3a
 6927 0198 0B       		.uleb128 0xb
 6928 0199 3B       		.uleb128 0x3b
 6929 019a 05       		.uleb128 0x5
 6930 019b 39       		.uleb128 0x39
 6931 019c 0B       		.uleb128 0xb
 6932 019d 27       		.uleb128 0x27
 6933 019e 19       		.uleb128 0x19
 6934 019f 49       		.uleb128 0x49
 6935 01a0 13       		.uleb128 0x13
 6936 01a1 20       		.uleb128 0x20
 6937 01a2 21       		.uleb128 0x21
 6938 01a3 03       		.sleb128 3
 6939 01a4 01       		.uleb128 0x1
 6940 01a5 13       		.uleb128 0x13
 6941 01a6 00       		.byte	0
 6942 01a7 00       		.byte	0
 6943 01a8 1C       		.uleb128 0x1c
 6944 01a9 34       		.uleb128 0x34
 6945 01aa 00       		.byte	0
 6946 01ab 31       		.uleb128 0x31
 6947 01ac 13       		.uleb128 0x13
 6948 01ad 02       		.uleb128 0x2
 6949 01ae 17       		.uleb128 0x17
 6950 01af B742     		.uleb128 0x2137
 6951 01b1 17       		.uleb128 0x17
 6952 01b2 00       		.byte	0
 6953 01b3 00       		.byte	0
ARM GAS  /tmp/ccnze4xj.s 			page 123


 6954 01b4 1D       		.uleb128 0x1d
 6955 01b5 35       		.uleb128 0x35
 6956 01b6 00       		.byte	0
 6957 01b7 49       		.uleb128 0x49
 6958 01b8 13       		.uleb128 0x13
 6959 01b9 00       		.byte	0
 6960 01ba 00       		.byte	0
 6961 01bb 1E       		.uleb128 0x1e
 6962 01bc 13       		.uleb128 0x13
 6963 01bd 01       		.byte	0x1
 6964 01be 03       		.uleb128 0x3
 6965 01bf 0E       		.uleb128 0xe
 6966 01c0 0B       		.uleb128 0xb
 6967 01c1 0B       		.uleb128 0xb
 6968 01c2 3A       		.uleb128 0x3a
 6969 01c3 0B       		.uleb128 0xb
 6970 01c4 3B       		.uleb128 0x3b
 6971 01c5 0B       		.uleb128 0xb
 6972 01c6 39       		.uleb128 0x39
 6973 01c7 21       		.uleb128 0x21
 6974 01c8 08       		.sleb128 8
 6975 01c9 01       		.uleb128 0x1
 6976 01ca 13       		.uleb128 0x13
 6977 01cb 00       		.byte	0
 6978 01cc 00       		.byte	0
 6979 01cd 1F       		.uleb128 0x1f
 6980 01ce 0D       		.uleb128 0xd
 6981 01cf 00       		.byte	0
 6982 01d0 03       		.uleb128 0x3
 6983 01d1 0E       		.uleb128 0xe
 6984 01d2 3A       		.uleb128 0x3a
 6985 01d3 21       		.uleb128 0x21
 6986 01d4 02       		.sleb128 2
 6987 01d5 3B       		.uleb128 0x3b
 6988 01d6 0B       		.uleb128 0xb
 6989 01d7 39       		.uleb128 0x39
 6990 01d8 0B       		.uleb128 0xb
 6991 01d9 49       		.uleb128 0x49
 6992 01da 13       		.uleb128 0x13
 6993 01db 00       		.byte	0
 6994 01dc 00       		.byte	0
 6995 01dd 20       		.uleb128 0x20
 6996 01de 1D       		.uleb128 0x1d
 6997 01df 00       		.byte	0
 6998 01e0 31       		.uleb128 0x31
 6999 01e1 13       		.uleb128 0x13
 7000 01e2 52       		.uleb128 0x52
 7001 01e3 01       		.uleb128 0x1
 7002 01e4 B842     		.uleb128 0x2138
 7003 01e6 0B       		.uleb128 0xb
 7004 01e7 11       		.uleb128 0x11
 7005 01e8 01       		.uleb128 0x1
 7006 01e9 12       		.uleb128 0x12
 7007 01ea 06       		.uleb128 0x6
 7008 01eb 58       		.uleb128 0x58
 7009 01ec 0B       		.uleb128 0xb
 7010 01ed 59       		.uleb128 0x59
ARM GAS  /tmp/ccnze4xj.s 			page 124


 7011 01ee 05       		.uleb128 0x5
 7012 01ef 57       		.uleb128 0x57
 7013 01f0 0B       		.uleb128 0xb
 7014 01f1 00       		.byte	0
 7015 01f2 00       		.byte	0
 7016 01f3 21       		.uleb128 0x21
 7017 01f4 05       		.uleb128 0x5
 7018 01f5 00       		.byte	0
 7019 01f6 03       		.uleb128 0x3
 7020 01f7 0E       		.uleb128 0xe
 7021 01f8 3A       		.uleb128 0x3a
 7022 01f9 0B       		.uleb128 0xb
 7023 01fa 3B       		.uleb128 0x3b
 7024 01fb 05       		.uleb128 0x5
 7025 01fc 39       		.uleb128 0x39
 7026 01fd 0B       		.uleb128 0xb
 7027 01fe 49       		.uleb128 0x49
 7028 01ff 13       		.uleb128 0x13
 7029 0200 00       		.byte	0
 7030 0201 00       		.byte	0
 7031 0202 22       		.uleb128 0x22
 7032 0203 0D       		.uleb128 0xd
 7033 0204 00       		.byte	0
 7034 0205 03       		.uleb128 0x3
 7035 0206 08       		.uleb128 0x8
 7036 0207 3A       		.uleb128 0x3a
 7037 0208 0B       		.uleb128 0xb
 7038 0209 3B       		.uleb128 0x3b
 7039 020a 0B       		.uleb128 0xb
 7040 020b 39       		.uleb128 0x39
 7041 020c 0B       		.uleb128 0xb
 7042 020d 49       		.uleb128 0x49
 7043 020e 13       		.uleb128 0x13
 7044 020f 38       		.uleb128 0x38
 7045 0210 0B       		.uleb128 0xb
 7046 0211 00       		.byte	0
 7047 0212 00       		.byte	0
 7048 0213 23       		.uleb128 0x23
 7049 0214 2E       		.uleb128 0x2e
 7050 0215 00       		.byte	0
 7051 0216 3F       		.uleb128 0x3f
 7052 0217 19       		.uleb128 0x19
 7053 0218 03       		.uleb128 0x3
 7054 0219 0E       		.uleb128 0xe
 7055 021a 3A       		.uleb128 0x3a
 7056 021b 0B       		.uleb128 0xb
 7057 021c 3B       		.uleb128 0x3b
 7058 021d 05       		.uleb128 0x5
 7059 021e 39       		.uleb128 0x39
 7060 021f 21       		.uleb128 0x21
 7061 0220 08       		.sleb128 8
 7062 0221 27       		.uleb128 0x27
 7063 0222 19       		.uleb128 0x19
 7064 0223 3C       		.uleb128 0x3c
 7065 0224 19       		.uleb128 0x19
 7066 0225 00       		.byte	0
 7067 0226 00       		.byte	0
ARM GAS  /tmp/ccnze4xj.s 			page 125


 7068 0227 24       		.uleb128 0x24
 7069 0228 1D       		.uleb128 0x1d
 7070 0229 01       		.byte	0x1
 7071 022a 31       		.uleb128 0x31
 7072 022b 13       		.uleb128 0x13
 7073 022c 52       		.uleb128 0x52
 7074 022d 01       		.uleb128 0x1
 7075 022e B842     		.uleb128 0x2138
 7076 0230 0B       		.uleb128 0xb
 7077 0231 11       		.uleb128 0x11
 7078 0232 01       		.uleb128 0x1
 7079 0233 12       		.uleb128 0x12
 7080 0234 06       		.uleb128 0x6
 7081 0235 58       		.uleb128 0x58
 7082 0236 0B       		.uleb128 0xb
 7083 0237 59       		.uleb128 0x59
 7084 0238 0B       		.uleb128 0xb
 7085 0239 57       		.uleb128 0x57
 7086 023a 0B       		.uleb128 0xb
 7087 023b 00       		.byte	0
 7088 023c 00       		.byte	0
 7089 023d 25       		.uleb128 0x25
 7090 023e 05       		.uleb128 0x5
 7091 023f 00       		.byte	0
 7092 0240 03       		.uleb128 0x3
 7093 0241 08       		.uleb128 0x8
 7094 0242 3A       		.uleb128 0x3a
 7095 0243 21       		.uleb128 0x21
 7096 0244 01       		.sleb128 1
 7097 0245 3B       		.uleb128 0x3b
 7098 0246 05       		.uleb128 0x5
 7099 0247 39       		.uleb128 0x39
 7100 0248 0B       		.uleb128 0xb
 7101 0249 49       		.uleb128 0x49
 7102 024a 13       		.uleb128 0x13
 7103 024b 02       		.uleb128 0x2
 7104 024c 18       		.uleb128 0x18
 7105 024d 00       		.byte	0
 7106 024e 00       		.byte	0
 7107 024f 26       		.uleb128 0x26
 7108 0250 2E       		.uleb128 0x2e
 7109 0251 01       		.byte	0x1
 7110 0252 3F       		.uleb128 0x3f
 7111 0253 19       		.uleb128 0x19
 7112 0254 03       		.uleb128 0x3
 7113 0255 0E       		.uleb128 0xe
 7114 0256 3A       		.uleb128 0x3a
 7115 0257 21       		.uleb128 0x21
 7116 0258 01       		.sleb128 1
 7117 0259 3B       		.uleb128 0x3b
 7118 025a 0B       		.uleb128 0xb
 7119 025b 39       		.uleb128 0x39
 7120 025c 21       		.uleb128 0x21
 7121 025d 0B       		.sleb128 11
 7122 025e 27       		.uleb128 0x27
 7123 025f 19       		.uleb128 0x19
 7124 0260 49       		.uleb128 0x49
ARM GAS  /tmp/ccnze4xj.s 			page 126


 7125 0261 13       		.uleb128 0x13
 7126 0262 11       		.uleb128 0x11
 7127 0263 01       		.uleb128 0x1
 7128 0264 12       		.uleb128 0x12
 7129 0265 06       		.uleb128 0x6
 7130 0266 40       		.uleb128 0x40
 7131 0267 18       		.uleb128 0x18
 7132 0268 7A       		.uleb128 0x7a
 7133 0269 19       		.uleb128 0x19
 7134 026a 01       		.uleb128 0x1
 7135 026b 13       		.uleb128 0x13
 7136 026c 00       		.byte	0
 7137 026d 00       		.byte	0
 7138 026e 27       		.uleb128 0x27
 7139 026f 05       		.uleb128 0x5
 7140 0270 00       		.byte	0
 7141 0271 03       		.uleb128 0x3
 7142 0272 0E       		.uleb128 0xe
 7143 0273 3A       		.uleb128 0x3a
 7144 0274 21       		.uleb128 0x21
 7145 0275 01       		.sleb128 1
 7146 0276 3B       		.uleb128 0x3b
 7147 0277 0B       		.uleb128 0xb
 7148 0278 39       		.uleb128 0x39
 7149 0279 0B       		.uleb128 0xb
 7150 027a 49       		.uleb128 0x49
 7151 027b 13       		.uleb128 0x13
 7152 027c 02       		.uleb128 0x2
 7153 027d 17       		.uleb128 0x17
 7154 027e B742     		.uleb128 0x2137
 7155 0280 17       		.uleb128 0x17
 7156 0281 00       		.byte	0
 7157 0282 00       		.byte	0
 7158 0283 28       		.uleb128 0x28
 7159 0284 34       		.uleb128 0x34
 7160 0285 00       		.byte	0
 7161 0286 03       		.uleb128 0x3
 7162 0287 08       		.uleb128 0x8
 7163 0288 3A       		.uleb128 0x3a
 7164 0289 0B       		.uleb128 0xb
 7165 028a 3B       		.uleb128 0x3b
 7166 028b 05       		.uleb128 0x5
 7167 028c 39       		.uleb128 0x39
 7168 028d 21       		.uleb128 0x21
 7169 028e 0D       		.sleb128 13
 7170 028f 49       		.uleb128 0x49
 7171 0290 13       		.uleb128 0x13
 7172 0291 00       		.byte	0
 7173 0292 00       		.byte	0
 7174 0293 29       		.uleb128 0x29
 7175 0294 2E       		.uleb128 0x2e
 7176 0295 00       		.byte	0
 7177 0296 03       		.uleb128 0x3
 7178 0297 0E       		.uleb128 0xe
 7179 0298 3A       		.uleb128 0x3a
 7180 0299 0B       		.uleb128 0xb
 7181 029a 3B       		.uleb128 0x3b
ARM GAS  /tmp/ccnze4xj.s 			page 127


 7182 029b 0B       		.uleb128 0xb
 7183 029c 39       		.uleb128 0x39
 7184 029d 21       		.uleb128 0x21
 7185 029e 19       		.sleb128 25
 7186 029f 27       		.uleb128 0x27
 7187 02a0 19       		.uleb128 0x19
 7188 02a1 49       		.uleb128 0x49
 7189 02a2 13       		.uleb128 0x13
 7190 02a3 20       		.uleb128 0x20
 7191 02a4 21       		.uleb128 0x21
 7192 02a5 03       		.sleb128 3
 7193 02a6 00       		.byte	0
 7194 02a7 00       		.byte	0
 7195 02a8 2A       		.uleb128 0x2a
 7196 02a9 2E       		.uleb128 0x2e
 7197 02aa 00       		.byte	0
 7198 02ab 03       		.uleb128 0x3
 7199 02ac 0E       		.uleb128 0xe
 7200 02ad 3A       		.uleb128 0x3a
 7201 02ae 0B       		.uleb128 0xb
 7202 02af 3B       		.uleb128 0x3b
 7203 02b0 05       		.uleb128 0x5
 7204 02b1 39       		.uleb128 0x39
 7205 02b2 21       		.uleb128 0x21
 7206 02b3 14       		.sleb128 20
 7207 02b4 27       		.uleb128 0x27
 7208 02b5 19       		.uleb128 0x19
 7209 02b6 20       		.uleb128 0x20
 7210 02b7 21       		.uleb128 0x21
 7211 02b8 03       		.sleb128 3
 7212 02b9 00       		.byte	0
 7213 02ba 00       		.byte	0
 7214 02bb 2B       		.uleb128 0x2b
 7215 02bc 2E       		.uleb128 0x2e
 7216 02bd 01       		.byte	0x1
 7217 02be 3F       		.uleb128 0x3f
 7218 02bf 19       		.uleb128 0x19
 7219 02c0 03       		.uleb128 0x3
 7220 02c1 0E       		.uleb128 0xe
 7221 02c2 3A       		.uleb128 0x3a
 7222 02c3 21       		.uleb128 0x21
 7223 02c4 02       		.sleb128 2
 7224 02c5 3B       		.uleb128 0x3b
 7225 02c6 05       		.uleb128 0x5
 7226 02c7 39       		.uleb128 0x39
 7227 02c8 0B       		.uleb128 0xb
 7228 02c9 27       		.uleb128 0x27
 7229 02ca 19       		.uleb128 0x19
 7230 02cb 49       		.uleb128 0x49
 7231 02cc 13       		.uleb128 0x13
 7232 02cd 3C       		.uleb128 0x3c
 7233 02ce 19       		.uleb128 0x19
 7234 02cf 01       		.uleb128 0x1
 7235 02d0 13       		.uleb128 0x13
 7236 02d1 00       		.byte	0
 7237 02d2 00       		.byte	0
 7238 02d3 2C       		.uleb128 0x2c
ARM GAS  /tmp/ccnze4xj.s 			page 128


 7239 02d4 2E       		.uleb128 0x2e
 7240 02d5 01       		.byte	0x1
 7241 02d6 3F       		.uleb128 0x3f
 7242 02d7 19       		.uleb128 0x19
 7243 02d8 03       		.uleb128 0x3
 7244 02d9 0E       		.uleb128 0xe
 7245 02da 3A       		.uleb128 0x3a
 7246 02db 21       		.uleb128 0x21
 7247 02dc 02       		.sleb128 2
 7248 02dd 3B       		.uleb128 0x3b
 7249 02de 05       		.uleb128 0x5
 7250 02df 39       		.uleb128 0x39
 7251 02e0 21       		.uleb128 0x21
 7252 02e1 08       		.sleb128 8
 7253 02e2 27       		.uleb128 0x27
 7254 02e3 19       		.uleb128 0x19
 7255 02e4 3C       		.uleb128 0x3c
 7256 02e5 19       		.uleb128 0x19
 7257 02e6 01       		.uleb128 0x1
 7258 02e7 13       		.uleb128 0x13
 7259 02e8 00       		.byte	0
 7260 02e9 00       		.byte	0
 7261 02ea 2D       		.uleb128 0x2d
 7262 02eb 0B       		.uleb128 0xb
 7263 02ec 01       		.byte	0x1
 7264 02ed 11       		.uleb128 0x11
 7265 02ee 01       		.uleb128 0x1
 7266 02ef 12       		.uleb128 0x12
 7267 02f0 06       		.uleb128 0x6
 7268 02f1 00       		.byte	0
 7269 02f2 00       		.byte	0
 7270 02f3 2E       		.uleb128 0x2e
 7271 02f4 34       		.uleb128 0x34
 7272 02f5 00       		.byte	0
 7273 02f6 03       		.uleb128 0x3
 7274 02f7 0E       		.uleb128 0xe
 7275 02f8 3A       		.uleb128 0x3a
 7276 02f9 21       		.uleb128 0x21
 7277 02fa 01       		.sleb128 1
 7278 02fb 3B       		.uleb128 0x3b
 7279 02fc 05       		.uleb128 0x5
 7280 02fd 39       		.uleb128 0x39
 7281 02fe 0B       		.uleb128 0xb
 7282 02ff 49       		.uleb128 0x49
 7283 0300 13       		.uleb128 0x13
 7284 0301 02       		.uleb128 0x2
 7285 0302 17       		.uleb128 0x17
 7286 0303 B742     		.uleb128 0x2137
 7287 0305 17       		.uleb128 0x17
 7288 0306 00       		.byte	0
 7289 0307 00       		.byte	0
 7290 0308 2F       		.uleb128 0x2f
 7291 0309 1D       		.uleb128 0x1d
 7292 030a 00       		.byte	0
 7293 030b 31       		.uleb128 0x31
 7294 030c 13       		.uleb128 0x13
 7295 030d 52       		.uleb128 0x52
ARM GAS  /tmp/ccnze4xj.s 			page 129


 7296 030e 01       		.uleb128 0x1
 7297 030f B842     		.uleb128 0x2138
 7298 0311 0B       		.uleb128 0xb
 7299 0312 11       		.uleb128 0x11
 7300 0313 01       		.uleb128 0x1
 7301 0314 12       		.uleb128 0x12
 7302 0315 06       		.uleb128 0x6
 7303 0316 58       		.uleb128 0x58
 7304 0317 21       		.uleb128 0x21
 7305 0318 08       		.sleb128 8
 7306 0319 59       		.uleb128 0x59
 7307 031a 0B       		.uleb128 0xb
 7308 031b 57       		.uleb128 0x57
 7309 031c 21       		.uleb128 0x21
 7310 031d 0A       		.sleb128 10
 7311 031e 00       		.byte	0
 7312 031f 00       		.byte	0
 7313 0320 30       		.uleb128 0x30
 7314 0321 05       		.uleb128 0x5
 7315 0322 00       		.byte	0
 7316 0323 03       		.uleb128 0x3
 7317 0324 08       		.uleb128 0x8
 7318 0325 3A       		.uleb128 0x3a
 7319 0326 21       		.uleb128 0x21
 7320 0327 01       		.sleb128 1
 7321 0328 3B       		.uleb128 0x3b
 7322 0329 0B       		.uleb128 0xb
 7323 032a 39       		.uleb128 0x39
 7324 032b 0B       		.uleb128 0xb
 7325 032c 49       		.uleb128 0x49
 7326 032d 13       		.uleb128 0x13
 7327 032e 02       		.uleb128 0x2
 7328 032f 17       		.uleb128 0x17
 7329 0330 B742     		.uleb128 0x2137
 7330 0332 17       		.uleb128 0x17
 7331 0333 00       		.byte	0
 7332 0334 00       		.byte	0
 7333 0335 31       		.uleb128 0x31
 7334 0336 34       		.uleb128 0x34
 7335 0337 00       		.byte	0
 7336 0338 03       		.uleb128 0x3
 7337 0339 08       		.uleb128 0x8
 7338 033a 3A       		.uleb128 0x3a
 7339 033b 21       		.uleb128 0x21
 7340 033c 01       		.sleb128 1
 7341 033d 3B       		.uleb128 0x3b
 7342 033e 0B       		.uleb128 0xb
 7343 033f 39       		.uleb128 0x39
 7344 0340 21       		.uleb128 0x21
 7345 0341 0D       		.sleb128 13
 7346 0342 49       		.uleb128 0x49
 7347 0343 13       		.uleb128 0x13
 7348 0344 02       		.uleb128 0x2
 7349 0345 17       		.uleb128 0x17
 7350 0346 B742     		.uleb128 0x2137
 7351 0348 17       		.uleb128 0x17
 7352 0349 00       		.byte	0
ARM GAS  /tmp/ccnze4xj.s 			page 130


 7353 034a 00       		.byte	0
 7354 034b 32       		.uleb128 0x32
 7355 034c 1D       		.uleb128 0x1d
 7356 034d 01       		.byte	0x1
 7357 034e 31       		.uleb128 0x31
 7358 034f 13       		.uleb128 0x13
 7359 0350 52       		.uleb128 0x52
 7360 0351 01       		.uleb128 0x1
 7361 0352 B842     		.uleb128 0x2138
 7362 0354 0B       		.uleb128 0xb
 7363 0355 11       		.uleb128 0x11
 7364 0356 01       		.uleb128 0x1
 7365 0357 12       		.uleb128 0x12
 7366 0358 06       		.uleb128 0x6
 7367 0359 58       		.uleb128 0x58
 7368 035a 21       		.uleb128 0x21
 7369 035b 01       		.sleb128 1
 7370 035c 59       		.uleb128 0x59
 7371 035d 0B       		.uleb128 0xb
 7372 035e 57       		.uleb128 0x57
 7373 035f 21       		.uleb128 0x21
 7374 0360 03       		.sleb128 3
 7375 0361 01       		.uleb128 0x1
 7376 0362 13       		.uleb128 0x13
 7377 0363 00       		.byte	0
 7378 0364 00       		.byte	0
 7379 0365 33       		.uleb128 0x33
 7380 0366 05       		.uleb128 0x5
 7381 0367 00       		.byte	0
 7382 0368 03       		.uleb128 0x3
 7383 0369 08       		.uleb128 0x8
 7384 036a 3A       		.uleb128 0x3a
 7385 036b 21       		.uleb128 0x21
 7386 036c 01       		.sleb128 1
 7387 036d 3B       		.uleb128 0x3b
 7388 036e 0B       		.uleb128 0xb
 7389 036f 39       		.uleb128 0x39
 7390 0370 0B       		.uleb128 0xb
 7391 0371 49       		.uleb128 0x49
 7392 0372 13       		.uleb128 0x13
 7393 0373 02       		.uleb128 0x2
 7394 0374 18       		.uleb128 0x18
 7395 0375 00       		.byte	0
 7396 0376 00       		.byte	0
 7397 0377 34       		.uleb128 0x34
 7398 0378 2E       		.uleb128 0x2e
 7399 0379 00       		.byte	0
 7400 037a 03       		.uleb128 0x3
 7401 037b 0E       		.uleb128 0xe
 7402 037c 3A       		.uleb128 0x3a
 7403 037d 0B       		.uleb128 0xb
 7404 037e 3B       		.uleb128 0x3b
 7405 037f 05       		.uleb128 0x5
 7406 0380 39       		.uleb128 0x39
 7407 0381 0B       		.uleb128 0xb
 7408 0382 27       		.uleb128 0x27
 7409 0383 19       		.uleb128 0x19
ARM GAS  /tmp/ccnze4xj.s 			page 131


 7410 0384 49       		.uleb128 0x49
 7411 0385 13       		.uleb128 0x13
 7412 0386 20       		.uleb128 0x20
 7413 0387 21       		.uleb128 0x21
 7414 0388 03       		.sleb128 3
 7415 0389 00       		.byte	0
 7416 038a 00       		.byte	0
 7417 038b 35       		.uleb128 0x35
 7418 038c 11       		.uleb128 0x11
 7419 038d 01       		.byte	0x1
 7420 038e 25       		.uleb128 0x25
 7421 038f 0E       		.uleb128 0xe
 7422 0390 13       		.uleb128 0x13
 7423 0391 0B       		.uleb128 0xb
 7424 0392 03       		.uleb128 0x3
 7425 0393 0E       		.uleb128 0xe
 7426 0394 1B       		.uleb128 0x1b
 7427 0395 0E       		.uleb128 0xe
 7428 0396 55       		.uleb128 0x55
 7429 0397 17       		.uleb128 0x17
 7430 0398 11       		.uleb128 0x11
 7431 0399 01       		.uleb128 0x1
 7432 039a 10       		.uleb128 0x10
 7433 039b 17       		.uleb128 0x17
 7434 039c 00       		.byte	0
 7435 039d 00       		.byte	0
 7436 039e 36       		.uleb128 0x36
 7437 039f 24       		.uleb128 0x24
 7438 03a0 00       		.byte	0
 7439 03a1 0B       		.uleb128 0xb
 7440 03a2 0B       		.uleb128 0xb
 7441 03a3 3E       		.uleb128 0x3e
 7442 03a4 0B       		.uleb128 0xb
 7443 03a5 03       		.uleb128 0x3
 7444 03a6 08       		.uleb128 0x8
 7445 03a7 00       		.byte	0
 7446 03a8 00       		.byte	0
 7447 03a9 37       		.uleb128 0x37
 7448 03aa 15       		.uleb128 0x15
 7449 03ab 01       		.byte	0x1
 7450 03ac 27       		.uleb128 0x27
 7451 03ad 19       		.uleb128 0x19
 7452 03ae 01       		.uleb128 0x1
 7453 03af 13       		.uleb128 0x13
 7454 03b0 00       		.byte	0
 7455 03b1 00       		.byte	0
 7456 03b2 38       		.uleb128 0x38
 7457 03b3 0F       		.uleb128 0xf
 7458 03b4 00       		.byte	0
 7459 03b5 0B       		.uleb128 0xb
 7460 03b6 0B       		.uleb128 0xb
 7461 03b7 00       		.byte	0
 7462 03b8 00       		.byte	0
 7463 03b9 39       		.uleb128 0x39
 7464 03ba 13       		.uleb128 0x13
 7465 03bb 01       		.byte	0x1
 7466 03bc 0B       		.uleb128 0xb
ARM GAS  /tmp/ccnze4xj.s 			page 132


 7467 03bd 0B       		.uleb128 0xb
 7468 03be 3A       		.uleb128 0x3a
 7469 03bf 0B       		.uleb128 0xb
 7470 03c0 3B       		.uleb128 0x3b
 7471 03c1 05       		.uleb128 0x5
 7472 03c2 39       		.uleb128 0x39
 7473 03c3 0B       		.uleb128 0xb
 7474 03c4 01       		.uleb128 0x1
 7475 03c5 13       		.uleb128 0x13
 7476 03c6 00       		.byte	0
 7477 03c7 00       		.byte	0
 7478 03c8 3A       		.uleb128 0x3a
 7479 03c9 16       		.uleb128 0x16
 7480 03ca 00       		.byte	0
 7481 03cb 03       		.uleb128 0x3
 7482 03cc 0E       		.uleb128 0xe
 7483 03cd 3A       		.uleb128 0x3a
 7484 03ce 0B       		.uleb128 0xb
 7485 03cf 3B       		.uleb128 0x3b
 7486 03d0 05       		.uleb128 0x5
 7487 03d1 39       		.uleb128 0x39
 7488 03d2 0B       		.uleb128 0xb
 7489 03d3 49       		.uleb128 0x49
 7490 03d4 13       		.uleb128 0x13
 7491 03d5 00       		.byte	0
 7492 03d6 00       		.byte	0
 7493 03d7 3B       		.uleb128 0x3b
 7494 03d8 17       		.uleb128 0x17
 7495 03d9 01       		.byte	0x1
 7496 03da 0B       		.uleb128 0xb
 7497 03db 0B       		.uleb128 0xb
 7498 03dc 3A       		.uleb128 0x3a
 7499 03dd 0B       		.uleb128 0xb
 7500 03de 3B       		.uleb128 0x3b
 7501 03df 0B       		.uleb128 0xb
 7502 03e0 39       		.uleb128 0x39
 7503 03e1 0B       		.uleb128 0xb
 7504 03e2 01       		.uleb128 0x1
 7505 03e3 13       		.uleb128 0x13
 7506 03e4 00       		.byte	0
 7507 03e5 00       		.byte	0
 7508 03e6 3C       		.uleb128 0x3c
 7509 03e7 34       		.uleb128 0x34
 7510 03e8 00       		.byte	0
 7511 03e9 03       		.uleb128 0x3
 7512 03ea 08       		.uleb128 0x8
 7513 03eb 3A       		.uleb128 0x3a
 7514 03ec 0B       		.uleb128 0xb
 7515 03ed 3B       		.uleb128 0x3b
 7516 03ee 05       		.uleb128 0x5
 7517 03ef 39       		.uleb128 0x39
 7518 03f0 0B       		.uleb128 0xb
 7519 03f1 49       		.uleb128 0x49
 7520 03f2 13       		.uleb128 0x13
 7521 03f3 3F       		.uleb128 0x3f
 7522 03f4 19       		.uleb128 0x19
 7523 03f5 3C       		.uleb128 0x3c
ARM GAS  /tmp/ccnze4xj.s 			page 133


 7524 03f6 19       		.uleb128 0x19
 7525 03f7 00       		.byte	0
 7526 03f8 00       		.byte	0
 7527 03f9 3D       		.uleb128 0x3d
 7528 03fa 13       		.uleb128 0x13
 7529 03fb 01       		.byte	0x1
 7530 03fc 0B       		.uleb128 0xb
 7531 03fd 0B       		.uleb128 0xb
 7532 03fe 3A       		.uleb128 0x3a
 7533 03ff 0B       		.uleb128 0xb
 7534 0400 3B       		.uleb128 0x3b
 7535 0401 0B       		.uleb128 0xb
 7536 0402 39       		.uleb128 0x39
 7537 0403 0B       		.uleb128 0xb
 7538 0404 01       		.uleb128 0x1
 7539 0405 13       		.uleb128 0x13
 7540 0406 00       		.byte	0
 7541 0407 00       		.byte	0
 7542 0408 3E       		.uleb128 0x3e
 7543 0409 2E       		.uleb128 0x2e
 7544 040a 01       		.byte	0x1
 7545 040b 3F       		.uleb128 0x3f
 7546 040c 19       		.uleb128 0x19
 7547 040d 03       		.uleb128 0x3
 7548 040e 0E       		.uleb128 0xe
 7549 040f 3A       		.uleb128 0x3a
 7550 0410 0B       		.uleb128 0xb
 7551 0411 3B       		.uleb128 0x3b
 7552 0412 0B       		.uleb128 0xb
 7553 0413 39       		.uleb128 0x39
 7554 0414 0B       		.uleb128 0xb
 7555 0415 27       		.uleb128 0x27
 7556 0416 19       		.uleb128 0x19
 7557 0417 11       		.uleb128 0x11
 7558 0418 01       		.uleb128 0x1
 7559 0419 12       		.uleb128 0x12
 7560 041a 06       		.uleb128 0x6
 7561 041b 40       		.uleb128 0x40
 7562 041c 18       		.uleb128 0x18
 7563 041d 7A       		.uleb128 0x7a
 7564 041e 19       		.uleb128 0x19
 7565 041f 01       		.uleb128 0x1
 7566 0420 13       		.uleb128 0x13
 7567 0421 00       		.byte	0
 7568 0422 00       		.byte	0
 7569 0423 3F       		.uleb128 0x3f
 7570 0424 05       		.uleb128 0x5
 7571 0425 00       		.byte	0
 7572 0426 03       		.uleb128 0x3
 7573 0427 0E       		.uleb128 0xe
 7574 0428 3A       		.uleb128 0x3a
 7575 0429 0B       		.uleb128 0xb
 7576 042a 3B       		.uleb128 0x3b
 7577 042b 0B       		.uleb128 0xb
 7578 042c 39       		.uleb128 0x39
 7579 042d 0B       		.uleb128 0xb
 7580 042e 49       		.uleb128 0x49
ARM GAS  /tmp/ccnze4xj.s 			page 134


 7581 042f 13       		.uleb128 0x13
 7582 0430 02       		.uleb128 0x2
 7583 0431 18       		.uleb128 0x18
 7584 0432 00       		.byte	0
 7585 0433 00       		.byte	0
 7586 0434 40       		.uleb128 0x40
 7587 0435 2E       		.uleb128 0x2e
 7588 0436 01       		.byte	0x1
 7589 0437 03       		.uleb128 0x3
 7590 0438 0E       		.uleb128 0xe
 7591 0439 3A       		.uleb128 0x3a
 7592 043a 0B       		.uleb128 0xb
 7593 043b 3B       		.uleb128 0x3b
 7594 043c 05       		.uleb128 0x5
 7595 043d 39       		.uleb128 0x39
 7596 043e 0B       		.uleb128 0xb
 7597 043f 27       		.uleb128 0x27
 7598 0440 19       		.uleb128 0x19
 7599 0441 11       		.uleb128 0x11
 7600 0442 01       		.uleb128 0x1
 7601 0443 12       		.uleb128 0x12
 7602 0444 06       		.uleb128 0x6
 7603 0445 40       		.uleb128 0x40
 7604 0446 18       		.uleb128 0x18
 7605 0447 7A       		.uleb128 0x7a
 7606 0448 19       		.uleb128 0x19
 7607 0449 01       		.uleb128 0x1
 7608 044a 13       		.uleb128 0x13
 7609 044b 00       		.byte	0
 7610 044c 00       		.byte	0
 7611 044d 41       		.uleb128 0x41
 7612 044e 2E       		.uleb128 0x2e
 7613 044f 01       		.byte	0x1
 7614 0450 03       		.uleb128 0x3
 7615 0451 0E       		.uleb128 0xe
 7616 0452 3A       		.uleb128 0x3a
 7617 0453 0B       		.uleb128 0xb
 7618 0454 3B       		.uleb128 0x3b
 7619 0455 05       		.uleb128 0x5
 7620 0456 39       		.uleb128 0x39
 7621 0457 0B       		.uleb128 0xb
 7622 0458 27       		.uleb128 0x27
 7623 0459 19       		.uleb128 0x19
 7624 045a 20       		.uleb128 0x20
 7625 045b 0B       		.uleb128 0xb
 7626 045c 00       		.byte	0
 7627 045d 00       		.byte	0
 7628 045e 00       		.byte	0
 7629              		.section	.debug_loclists,"",%progbits
 7630 0000 84080000 		.4byte	.Ldebug_loc3-.Ldebug_loc2
 7631              	.Ldebug_loc2:
 7632 0004 0500     		.2byte	0x5
 7633 0006 04       		.byte	0x4
 7634 0007 00       		.byte	0
 7635 0008 00000000 		.4byte	0
 7636              	.Ldebug_loc0:
 7637              	.LVUS97:
ARM GAS  /tmp/ccnze4xj.s 			page 135


 7638 000c 00       		.uleb128 0
 7639 000d 00       		.uleb128 .LVU813
 7640 000e 00       		.uleb128 .LVU813
 7641 000f 00       		.uleb128 0
 7642              	.LLST97:
 7643 0010 06       		.byte	0x6
 7644 0011 00000000 		.4byte	.LVL158
 7645 0015 04       		.byte	0x4
 7646 0016 00       		.uleb128 .LVL158-.LVL158
 7647 0017 08       		.uleb128 .LVL159-.LVL158
 7648 0018 01       		.uleb128 0x1
 7649 0019 50       		.byte	0x50
 7650 001a 04       		.byte	0x4
 7651 001b 08       		.uleb128 .LVL159-.LVL158
 7652 001c 1C       		.uleb128 .LFE228-.LVL158
 7653 001d 01       		.uleb128 0x1
 7654 001e 54       		.byte	0x54
 7655 001f 00       		.byte	0
 7656              	.LVUS98:
 7657 0020 00       		.uleb128 0
 7658 0021 00       		.uleb128 .LVU813
 7659 0022 00       		.uleb128 .LVU813
 7660 0023 00       		.uleb128 0
 7661              	.LLST98:
 7662 0024 06       		.byte	0x6
 7663 0025 00000000 		.4byte	.LVL158
 7664 0029 04       		.byte	0x4
 7665 002a 00       		.uleb128 .LVL158-.LVL158
 7666 002b 08       		.uleb128 .LVL159-.LVL158
 7667 002c 01       		.uleb128 0x1
 7668 002d 51       		.byte	0x51
 7669 002e 04       		.byte	0x4
 7670 002f 08       		.uleb128 .LVL159-.LVL158
 7671 0030 1C       		.uleb128 .LFE228-.LVL158
 7672 0031 01       		.uleb128 0x1
 7673 0032 55       		.byte	0x55
 7674 0033 00       		.byte	0
 7675              	.LVUS99:
 7676 0034 01       		.uleb128 .LVU814
 7677 0035 00       		.uleb128 .LVU836
 7678              	.LLST99:
 7679 0036 08       		.byte	0x8
 7680 0037 08000000 		.4byte	.LVL159
 7681 003b 0C       		.uleb128 .LVL161-.LVL159
 7682 003c 01       		.uleb128 0x1
 7683 003d 55       		.byte	0x55
 7684 003e 00       		.byte	0
 7685              	.LVUS100:
 7686 003f 01       		.uleb128 .LVU814
 7687 0040 00       		.uleb128 .LVU836
 7688              	.LLST100:
 7689 0041 08       		.byte	0x8
 7690 0042 08000000 		.4byte	.LVL159
 7691 0046 0C       		.uleb128 .LVL161-.LVL159
 7692 0047 01       		.uleb128 0x1
 7693 0048 54       		.byte	0x54
 7694 0049 00       		.byte	0
ARM GAS  /tmp/ccnze4xj.s 			page 136


 7695              	.LVUS101:
 7696 004a 01       		.uleb128 .LVU828
 7697 004b 00       		.uleb128 .LVU836
 7698              	.LLST101:
 7699 004c 08       		.byte	0x8
 7700 004d 0E000000 		.4byte	.LVL160
 7701 0051 05       		.uleb128 .LVL161-1-.LVL160
 7702 0052 01       		.uleb128 0x1
 7703 0053 50       		.byte	0x50
 7704 0054 00       		.byte	0
 7705              	.LVUS102:
 7706 0055 07       		.uleb128 .LVU820
 7707 0056 01       		.uleb128 .LVU828
 7708              	.LLST102:
 7709 0057 08       		.byte	0x8
 7710 0058 08000000 		.4byte	.LVL159
 7711 005c 06       		.uleb128 .LVL160-.LVL159
 7712 005d 01       		.uleb128 0x1
 7713 005e 54       		.byte	0x54
 7714 005f 00       		.byte	0
 7715              	.LVUS103:
 7716 0060 09       		.uleb128 .LVU822
 7717 0061 01       		.uleb128 .LVU828
 7718              	.LLST103:
 7719 0062 08       		.byte	0x8
 7720 0063 08000000 		.4byte	.LVL159
 7721 0067 06       		.uleb128 .LVL160-.LVL159
 7722 0068 01       		.uleb128 0x1
 7723 0069 50       		.byte	0x50
 7724 006a 00       		.byte	0
 7725              	.LVUS104:
 7726 006b 02       		.uleb128 .LVU838
 7727 006c 00       		.uleb128 .LVU841
 7728              	.LLST104:
 7729 006d 08       		.byte	0x8
 7730 006e 14000000 		.4byte	.LVL161
 7731 0072 02       		.uleb128 .LVL162-.LVL161
 7732 0073 01       		.uleb128 0x1
 7733 0074 54       		.byte	0x54
 7734 0075 00       		.byte	0
 7735              	.LVUS89:
 7736 0076 00       		.uleb128 0
 7737 0077 00       		.uleb128 .LVU782
 7738 0078 00       		.uleb128 .LVU782
 7739 0079 00       		.uleb128 .LVU807
 7740 007a 00       		.uleb128 .LVU807
 7741 007b 00       		.uleb128 0
 7742              	.LLST89:
 7743 007c 06       		.byte	0x6
 7744 007d 00000000 		.4byte	.LVL152
 7745 0081 04       		.byte	0x4
 7746 0082 00       		.uleb128 .LVL152-.LVL152
 7747 0083 06       		.uleb128 .LVL154-.LVL152
 7748 0084 01       		.uleb128 0x1
 7749 0085 50       		.byte	0x50
 7750 0086 04       		.byte	0x4
 7751 0087 06       		.uleb128 .LVL154-.LVL152
ARM GAS  /tmp/ccnze4xj.s 			page 137


 7752 0088 15       		.uleb128 .LVL157-1-.LVL152
 7753 0089 01       		.uleb128 0x1
 7754 008a 53       		.byte	0x53
 7755 008b 04       		.byte	0x4
 7756 008c 15       		.uleb128 .LVL157-1-.LVL152
 7757 008d 18       		.uleb128 .LFE227-.LVL152
 7758 008e 0A       		.uleb128 0xa
 7759 008f A3       		.byte	0xa3
 7760 0090 03       		.uleb128 0x3
 7761 0091 A5       		.byte	0xa5
 7762 0092 00       		.uleb128 0
 7763 0093 26       		.uleb128 0x26
 7764 0094 A8       		.byte	0xa8
 7765 0095 2D       		.uleb128 0x2d
 7766 0096 A8       		.byte	0xa8
 7767 0097 00       		.uleb128 0
 7768 0098 9F       		.byte	0x9f
 7769 0099 00       		.byte	0
 7770              	.LVUS90:
 7771 009a 00       		.uleb128 0
 7772 009b 00       		.uleb128 .LVU807
 7773 009c 00       		.uleb128 .LVU807
 7774 009d 00       		.uleb128 0
 7775              	.LLST90:
 7776 009e 06       		.byte	0x6
 7777 009f 00000000 		.4byte	.LVL152
 7778 00a3 04       		.byte	0x4
 7779 00a4 00       		.uleb128 .LVL152-.LVL152
 7780 00a5 15       		.uleb128 .LVL157-1-.LVL152
 7781 00a6 01       		.uleb128 0x1
 7782 00a7 51       		.byte	0x51
 7783 00a8 04       		.byte	0x4
 7784 00a9 15       		.uleb128 .LVL157-1-.LVL152
 7785 00aa 18       		.uleb128 .LFE227-.LVL152
 7786 00ab 0A       		.uleb128 0xa
 7787 00ac A3       		.byte	0xa3
 7788 00ad 03       		.uleb128 0x3
 7789 00ae A5       		.byte	0xa5
 7790 00af 01       		.uleb128 0x1
 7791 00b0 26       		.uleb128 0x26
 7792 00b1 A8       		.byte	0xa8
 7793 00b2 2D       		.uleb128 0x2d
 7794 00b3 A8       		.byte	0xa8
 7795 00b4 00       		.uleb128 0
 7796 00b5 9F       		.byte	0x9f
 7797 00b6 00       		.byte	0
 7798              	.LVUS91:
 7799 00b7 01       		.uleb128 .LVU779
 7800 00b8 00       		.uleb128 .LVU782
 7801              	.LLST91:
 7802 00b9 08       		.byte	0x8
 7803 00ba 04000000 		.4byte	.LVL153
 7804 00be 02       		.uleb128 .LVL154-.LVL153
 7805 00bf 01       		.uleb128 0x1
 7806 00c0 50       		.byte	0x50
 7807 00c1 00       		.byte	0
 7808              	.LVUS92:
ARM GAS  /tmp/ccnze4xj.s 			page 138


 7809 00c2 01       		.uleb128 .LVU785
 7810 00c3 00       		.uleb128 .LVU807
 7811 00c4 00       		.uleb128 .LVU807
 7812 00c5 00       		.uleb128 .LVU807
 7813              	.LLST92:
 7814 00c6 06       		.byte	0x6
 7815 00c7 0A000000 		.4byte	.LVL155
 7816 00cb 04       		.byte	0x4
 7817 00cc 00       		.uleb128 .LVL155-.LVL155
 7818 00cd 0B       		.uleb128 .LVL157-1-.LVL155
 7819 00ce 01       		.uleb128 0x1
 7820 00cf 51       		.byte	0x51
 7821 00d0 04       		.byte	0x4
 7822 00d1 0B       		.uleb128 .LVL157-1-.LVL155
 7823 00d2 0C       		.uleb128 .LVL157-.LVL155
 7824 00d3 0A       		.uleb128 0xa
 7825 00d4 A3       		.byte	0xa3
 7826 00d5 03       		.uleb128 0x3
 7827 00d6 A5       		.byte	0xa5
 7828 00d7 01       		.uleb128 0x1
 7829 00d8 26       		.uleb128 0x26
 7830 00d9 A8       		.byte	0xa8
 7831 00da 2D       		.uleb128 0x2d
 7832 00db A8       		.byte	0xa8
 7833 00dc 00       		.uleb128 0
 7834 00dd 9F       		.byte	0x9f
 7835 00de 00       		.byte	0
 7836              	.LVUS93:
 7837 00df 01       		.uleb128 .LVU785
 7838 00e0 00       		.uleb128 .LVU807
 7839 00e1 00       		.uleb128 .LVU807
 7840 00e2 00       		.uleb128 .LVU807
 7841              	.LLST93:
 7842 00e3 06       		.byte	0x6
 7843 00e4 0A000000 		.4byte	.LVL155
 7844 00e8 04       		.byte	0x4
 7845 00e9 00       		.uleb128 .LVL155-.LVL155
 7846 00ea 0B       		.uleb128 .LVL157-1-.LVL155
 7847 00eb 01       		.uleb128 0x1
 7848 00ec 53       		.byte	0x53
 7849 00ed 04       		.byte	0x4
 7850 00ee 0B       		.uleb128 .LVL157-1-.LVL155
 7851 00ef 0C       		.uleb128 .LVL157-.LVL155
 7852 00f0 0A       		.uleb128 0xa
 7853 00f1 A3       		.byte	0xa3
 7854 00f2 03       		.uleb128 0x3
 7855 00f3 A5       		.byte	0xa5
 7856 00f4 00       		.uleb128 0
 7857 00f5 26       		.uleb128 0x26
 7858 00f6 A8       		.byte	0xa8
 7859 00f7 2D       		.uleb128 0x2d
 7860 00f8 A8       		.byte	0xa8
 7861 00f9 00       		.uleb128 0
 7862 00fa 9F       		.byte	0x9f
 7863 00fb 00       		.byte	0
 7864              	.LVUS94:
 7865 00fc 01       		.uleb128 .LVU799
ARM GAS  /tmp/ccnze4xj.s 			page 139


 7866 00fd 00       		.uleb128 .LVU807
 7867              	.LLST94:
 7868 00fe 08       		.byte	0x8
 7869 00ff 10000000 		.4byte	.LVL156
 7870 0103 05       		.uleb128 .LVL157-1-.LVL156
 7871 0104 01       		.uleb128 0x1
 7872 0105 50       		.byte	0x50
 7873 0106 00       		.byte	0
 7874              	.LVUS95:
 7875 0107 07       		.uleb128 .LVU791
 7876 0108 01       		.uleb128 .LVU799
 7877              	.LLST95:
 7878 0109 08       		.byte	0x8
 7879 010a 0A000000 		.4byte	.LVL155
 7880 010e 06       		.uleb128 .LVL156-.LVL155
 7881 010f 01       		.uleb128 0x1
 7882 0110 53       		.byte	0x53
 7883 0111 00       		.byte	0
 7884              	.LVUS96:
 7885 0112 09       		.uleb128 .LVU793
 7886 0113 01       		.uleb128 .LVU799
 7887              	.LLST96:
 7888 0114 08       		.byte	0x8
 7889 0115 0A000000 		.4byte	.LVL155
 7890 0119 06       		.uleb128 .LVL156-.LVL155
 7891 011a 01       		.uleb128 0x1
 7892 011b 50       		.byte	0x50
 7893 011c 00       		.byte	0
 7894              	.LVUS85:
 7895 011d 00       		.uleb128 0
 7896 011e 00       		.uleb128 .LVU772
 7897 011f 00       		.uleb128 .LVU772
 7898 0120 00       		.uleb128 .LVU774
 7899 0121 00       		.uleb128 .LVU774
 7900 0122 00       		.uleb128 .LVU775
 7901 0123 00       		.uleb128 .LVU775
 7902 0124 00       		.uleb128 0
 7903              	.LLST85:
 7904 0125 06       		.byte	0x6
 7905 0126 00000000 		.4byte	.LVL145
 7906 012a 04       		.byte	0x4
 7907 012b 00       		.uleb128 .LVL145-.LVL145
 7908 012c 14       		.uleb128 .LVL148-.LVL145
 7909 012d 01       		.uleb128 0x1
 7910 012e 50       		.byte	0x50
 7911 012f 04       		.byte	0x4
 7912 0130 14       		.uleb128 .LVL148-.LVL145
 7913 0131 1A       		.uleb128 .LVL150-.LVL145
 7914 0132 0A       		.uleb128 0xa
 7915 0133 A3       		.byte	0xa3
 7916 0134 03       		.uleb128 0x3
 7917 0135 A5       		.byte	0xa5
 7918 0136 00       		.uleb128 0
 7919 0137 26       		.uleb128 0x26
 7920 0138 A8       		.byte	0xa8
 7921 0139 2D       		.uleb128 0x2d
 7922 013a A8       		.byte	0xa8
ARM GAS  /tmp/ccnze4xj.s 			page 140


 7923 013b 00       		.uleb128 0
 7924 013c 9F       		.byte	0x9f
 7925 013d 04       		.byte	0x4
 7926 013e 1A       		.uleb128 .LVL150-.LVL145
 7927 013f 1E       		.uleb128 .LVL151-.LVL145
 7928 0140 01       		.uleb128 0x1
 7929 0141 50       		.byte	0x50
 7930 0142 04       		.byte	0x4
 7931 0143 1E       		.uleb128 .LVL151-.LVL145
 7932 0144 24       		.uleb128 .LFE226-.LVL145
 7933 0145 0A       		.uleb128 0xa
 7934 0146 A3       		.byte	0xa3
 7935 0147 03       		.uleb128 0x3
 7936 0148 A5       		.byte	0xa5
 7937 0149 00       		.uleb128 0
 7938 014a 26       		.uleb128 0x26
 7939 014b A8       		.byte	0xa8
 7940 014c 2D       		.uleb128 0x2d
 7941 014d A8       		.byte	0xa8
 7942 014e 00       		.uleb128 0
 7943 014f 9F       		.byte	0x9f
 7944 0150 00       		.byte	0
 7945              	.LVUS86:
 7946 0151 00       		.uleb128 0
 7947 0152 00       		.uleb128 .LVU773
 7948 0153 00       		.uleb128 .LVU773
 7949 0154 00       		.uleb128 .LVU774
 7950 0155 00       		.uleb128 .LVU774
 7951 0156 00       		.uleb128 0
 7952              	.LLST86:
 7953 0157 06       		.byte	0x6
 7954 0158 00000000 		.4byte	.LVL145
 7955 015c 04       		.byte	0x4
 7956 015d 00       		.uleb128 .LVL145-.LVL145
 7957 015e 17       		.uleb128 .LVL149-1-.LVL145
 7958 015f 01       		.uleb128 0x1
 7959 0160 51       		.byte	0x51
 7960 0161 04       		.byte	0x4
 7961 0162 17       		.uleb128 .LVL149-1-.LVL145
 7962 0163 1A       		.uleb128 .LVL150-.LVL145
 7963 0164 0A       		.uleb128 0xa
 7964 0165 A3       		.byte	0xa3
 7965 0166 03       		.uleb128 0x3
 7966 0167 A5       		.byte	0xa5
 7967 0168 01       		.uleb128 0x1
 7968 0169 26       		.uleb128 0x26
 7969 016a A8       		.byte	0xa8
 7970 016b 2D       		.uleb128 0x2d
 7971 016c A8       		.byte	0xa8
 7972 016d 00       		.uleb128 0
 7973 016e 9F       		.byte	0x9f
 7974 016f 04       		.byte	0x4
 7975 0170 1A       		.uleb128 .LVL150-.LVL145
 7976 0171 24       		.uleb128 .LFE226-.LVL145
 7977 0172 01       		.uleb128 0x1
 7978 0173 51       		.byte	0x51
 7979 0174 00       		.byte	0
ARM GAS  /tmp/ccnze4xj.s 			page 141


 7980              	.LVUS87:
 7981 0175 00       		.uleb128 .LVU759
 7982 0176 00       		.uleb128 .LVU769
 7983              	.LLST87:
 7984 0177 08       		.byte	0x8
 7985 0178 08000000 		.4byte	.LVL146
 7986 017c 0A       		.uleb128 .LVL147-.LVL146
 7987 017d 01       		.uleb128 0x1
 7988 017e 50       		.byte	0x50
 7989 017f 00       		.byte	0
 7990              	.LVUS88:
 7991 0180 00       		.uleb128 .LVU759
 7992 0181 00       		.uleb128 .LVU769
 7993              	.LLST88:
 7994 0182 08       		.byte	0x8
 7995 0183 08000000 		.4byte	.LVL146
 7996 0187 0A       		.uleb128 .LVL147-.LVL146
 7997 0188 01       		.uleb128 0x1
 7998 0189 53       		.byte	0x53
 7999 018a 00       		.byte	0
 8000              	.LVUS81:
 8001 018b 00       		.uleb128 0
 8002 018c 00       		.uleb128 .LVU740
 8003 018d 00       		.uleb128 .LVU740
 8004 018e 00       		.uleb128 0
 8005              	.LLST81:
 8006 018f 06       		.byte	0x6
 8007 0190 00000000 		.4byte	.LVL140
 8008 0194 04       		.byte	0x4
 8009 0195 00       		.uleb128 .LVL140-.LVL140
 8010 0196 0B       		.uleb128 .LVL143-1-.LVL140
 8011 0197 01       		.uleb128 0x1
 8012 0198 50       		.byte	0x50
 8013 0199 04       		.byte	0x4
 8014 019a 0B       		.uleb128 .LVL143-1-.LVL140
 8015 019b 14       		.uleb128 .LFE225-.LVL140
 8016 019c 0A       		.uleb128 0xa
 8017 019d A3       		.byte	0xa3
 8018 019e 03       		.uleb128 0x3
 8019 019f A5       		.byte	0xa5
 8020 01a0 00       		.uleb128 0
 8021 01a1 26       		.uleb128 0x26
 8022 01a2 A8       		.byte	0xa8
 8023 01a3 2D       		.uleb128 0x2d
 8024 01a4 A8       		.byte	0xa8
 8025 01a5 00       		.uleb128 0
 8026 01a6 9F       		.byte	0x9f
 8027 01a7 00       		.byte	0
 8028              	.LVUS82:
 8029 01a8 00       		.uleb128 0
 8030 01a9 00       		.uleb128 .LVU740
 8031 01aa 00       		.uleb128 .LVU740
 8032 01ab 00       		.uleb128 0
 8033              	.LLST82:
 8034 01ac 06       		.byte	0x6
 8035 01ad 00000000 		.4byte	.LVL140
 8036 01b1 04       		.byte	0x4
ARM GAS  /tmp/ccnze4xj.s 			page 142


 8037 01b2 00       		.uleb128 .LVL140-.LVL140
 8038 01b3 0B       		.uleb128 .LVL143-1-.LVL140
 8039 01b4 01       		.uleb128 0x1
 8040 01b5 51       		.byte	0x51
 8041 01b6 04       		.byte	0x4
 8042 01b7 0B       		.uleb128 .LVL143-1-.LVL140
 8043 01b8 14       		.uleb128 .LFE225-.LVL140
 8044 01b9 0A       		.uleb128 0xa
 8045 01ba A3       		.byte	0xa3
 8046 01bb 03       		.uleb128 0x3
 8047 01bc A5       		.byte	0xa5
 8048 01bd 01       		.uleb128 0x1
 8049 01be 26       		.uleb128 0x26
 8050 01bf A8       		.byte	0xa8
 8051 01c0 2D       		.uleb128 0x2d
 8052 01c1 A8       		.byte	0xa8
 8053 01c2 00       		.uleb128 0
 8054 01c3 9F       		.byte	0x9f
 8055 01c4 00       		.byte	0
 8056              	.LVUS83:
 8057 01c5 05       		.uleb128 .LVU734
 8058 01c6 00       		.uleb128 .LVU736
 8059              	.LLST83:
 8060 01c7 08       		.byte	0x8
 8061 01c8 02000000 		.4byte	.LVL141
 8062 01cc 06       		.uleb128 .LVL142-.LVL141
 8063 01cd 03       		.uleb128 0x3
 8064 01ce 08       		.byte	0x8
 8065 01cf 20       		.byte	0x20
 8066 01d0 9F       		.byte	0x9f
 8067 01d1 00       		.byte	0
 8068              	.LVUS84:
 8069 01d2 0A       		.uleb128 .LVU750
 8070 01d3 00       		.uleb128 .LVU752
 8071              	.LLST84:
 8072 01d4 08       		.byte	0x8
 8073 01d5 0C000000 		.4byte	.LVL143
 8074 01d9 06       		.uleb128 .LVL144-.LVL143
 8075 01da 02       		.uleb128 0x2
 8076 01db 30       		.byte	0x30
 8077 01dc 9F       		.byte	0x9f
 8078 01dd 00       		.byte	0
 8079              	.LVUS78:
 8080 01de 00       		.uleb128 0
 8081 01df 00       		.uleb128 .LVU717
 8082 01e0 00       		.uleb128 .LVU717
 8083 01e1 00       		.uleb128 .LVU725
 8084 01e2 00       		.uleb128 .LVU725
 8085 01e3 00       		.uleb128 0
 8086              	.LLST78:
 8087 01e4 06       		.byte	0x6
 8088 01e5 00000000 		.4byte	.LVL136
 8089 01e9 04       		.byte	0x4
 8090 01ea 00       		.uleb128 .LVL136-.LVL136
 8091 01eb 06       		.uleb128 .LVL137-.LVL136
 8092 01ec 01       		.uleb128 0x1
 8093 01ed 50       		.byte	0x50
ARM GAS  /tmp/ccnze4xj.s 			page 143


 8094 01ee 04       		.byte	0x4
 8095 01ef 06       		.uleb128 .LVL137-.LVL136
 8096 01f0 0F       		.uleb128 .LVL139-1-.LVL136
 8097 01f1 01       		.uleb128 0x1
 8098 01f2 53       		.byte	0x53
 8099 01f3 04       		.byte	0x4
 8100 01f4 0F       		.uleb128 .LVL139-1-.LVL136
 8101 01f5 12       		.uleb128 .LFE224-.LVL136
 8102 01f6 0A       		.uleb128 0xa
 8103 01f7 A3       		.byte	0xa3
 8104 01f8 03       		.uleb128 0x3
 8105 01f9 A5       		.byte	0xa5
 8106 01fa 00       		.uleb128 0
 8107 01fb 26       		.uleb128 0x26
 8108 01fc A8       		.byte	0xa8
 8109 01fd 2D       		.uleb128 0x2d
 8110 01fe A8       		.byte	0xa8
 8111 01ff 00       		.uleb128 0
 8112 0200 9F       		.byte	0x9f
 8113 0201 00       		.byte	0
 8114              	.LVUS79:
 8115 0202 00       		.uleb128 0
 8116 0203 00       		.uleb128 .LVU725
 8117 0204 00       		.uleb128 .LVU725
 8118 0205 00       		.uleb128 0
 8119              	.LLST79:
 8120 0206 06       		.byte	0x6
 8121 0207 00000000 		.4byte	.LVL136
 8122 020b 04       		.byte	0x4
 8123 020c 00       		.uleb128 .LVL136-.LVL136
 8124 020d 0F       		.uleb128 .LVL139-1-.LVL136
 8125 020e 01       		.uleb128 0x1
 8126 020f 51       		.byte	0x51
 8127 0210 04       		.byte	0x4
 8128 0211 0F       		.uleb128 .LVL139-1-.LVL136
 8129 0212 12       		.uleb128 .LFE224-.LVL136
 8130 0213 0A       		.uleb128 0xa
 8131 0214 A3       		.byte	0xa3
 8132 0215 03       		.uleb128 0x3
 8133 0216 A5       		.byte	0xa5
 8134 0217 01       		.uleb128 0x1
 8135 0218 26       		.uleb128 0x26
 8136 0219 A8       		.byte	0xa8
 8137 021a 2D       		.uleb128 0x2d
 8138 021b A8       		.byte	0xa8
 8139 021c 00       		.uleb128 0
 8140 021d 9F       		.byte	0x9f
 8141 021e 00       		.byte	0
 8142              	.LVUS80:
 8143 021f 01       		.uleb128 .LVU719
 8144 0220 00       		.uleb128 .LVU725
 8145              	.LLST80:
 8146 0221 08       		.byte	0x8
 8147 0222 08000000 		.4byte	.LVL138
 8148 0226 07       		.uleb128 .LVL139-1-.LVL138
 8149 0227 01       		.uleb128 0x1
 8150 0228 50       		.byte	0x50
ARM GAS  /tmp/ccnze4xj.s 			page 144


 8151 0229 00       		.byte	0
 8152              	.LVUS75:
 8153 022a 00       		.uleb128 0
 8154 022b 00       		.uleb128 .LVU700
 8155 022c 00       		.uleb128 .LVU700
 8156 022d 00       		.uleb128 .LVU711
 8157 022e 00       		.uleb128 .LVU711
 8158 022f 00       		.uleb128 0
 8159              	.LLST75:
 8160 0230 06       		.byte	0x6
 8161 0231 00000000 		.4byte	.LVL132
 8162 0235 04       		.byte	0x4
 8163 0236 00       		.uleb128 .LVL132-.LVL132
 8164 0237 06       		.uleb128 .LVL133-.LVL132
 8165 0238 01       		.uleb128 0x1
 8166 0239 50       		.byte	0x50
 8167 023a 04       		.byte	0x4
 8168 023b 06       		.uleb128 .LVL133-.LVL132
 8169 023c 11       		.uleb128 .LVL135-1-.LVL132
 8170 023d 01       		.uleb128 0x1
 8171 023e 53       		.byte	0x53
 8172 023f 04       		.byte	0x4
 8173 0240 11       		.uleb128 .LVL135-1-.LVL132
 8174 0241 14       		.uleb128 .LFE223-.LVL132
 8175 0242 0A       		.uleb128 0xa
 8176 0243 A3       		.byte	0xa3
 8177 0244 03       		.uleb128 0x3
 8178 0245 A5       		.byte	0xa5
 8179 0246 00       		.uleb128 0
 8180 0247 26       		.uleb128 0x26
 8181 0248 A8       		.byte	0xa8
 8182 0249 2D       		.uleb128 0x2d
 8183 024a A8       		.byte	0xa8
 8184 024b 00       		.uleb128 0
 8185 024c 9F       		.byte	0x9f
 8186 024d 00       		.byte	0
 8187              	.LVUS76:
 8188 024e 00       		.uleb128 0
 8189 024f 00       		.uleb128 .LVU711
 8190 0250 00       		.uleb128 .LVU711
 8191 0251 00       		.uleb128 0
 8192              	.LLST76:
 8193 0252 06       		.byte	0x6
 8194 0253 00000000 		.4byte	.LVL132
 8195 0257 04       		.byte	0x4
 8196 0258 00       		.uleb128 .LVL132-.LVL132
 8197 0259 11       		.uleb128 .LVL135-1-.LVL132
 8198 025a 01       		.uleb128 0x1
 8199 025b 51       		.byte	0x51
 8200 025c 04       		.byte	0x4
 8201 025d 11       		.uleb128 .LVL135-1-.LVL132
 8202 025e 14       		.uleb128 .LFE223-.LVL132
 8203 025f 0A       		.uleb128 0xa
 8204 0260 A3       		.byte	0xa3
 8205 0261 03       		.uleb128 0x3
 8206 0262 A5       		.byte	0xa5
 8207 0263 01       		.uleb128 0x1
ARM GAS  /tmp/ccnze4xj.s 			page 145


 8208 0264 26       		.uleb128 0x26
 8209 0265 A8       		.byte	0xa8
 8210 0266 2D       		.uleb128 0x2d
 8211 0267 A8       		.byte	0xa8
 8212 0268 00       		.uleb128 0
 8213 0269 9F       		.byte	0x9f
 8214 026a 00       		.byte	0
 8215              	.LVUS77:
 8216 026b 01       		.uleb128 .LVU702
 8217 026c 00       		.uleb128 .LVU711
 8218              	.LLST77:
 8219 026d 08       		.byte	0x8
 8220 026e 08000000 		.4byte	.LVL134
 8221 0272 09       		.uleb128 .LVL135-1-.LVL134
 8222 0273 01       		.uleb128 0x1
 8223 0274 50       		.byte	0x50
 8224 0275 00       		.byte	0
 8225              	.LVUS72:
 8226 0276 00       		.uleb128 0
 8227 0277 00       		.uleb128 .LVU692
 8228 0278 00       		.uleb128 .LVU692
 8229 0279 00       		.uleb128 .LVU693
 8230 027a 00       		.uleb128 .LVU693
 8231 027b 00       		.uleb128 .LVU694
 8232 027c 00       		.uleb128 .LVU694
 8233 027d 00       		.uleb128 .LVU695
 8234 027e 00       		.uleb128 .LVU695
 8235 027f 00       		.uleb128 0
 8236              	.LLST72:
 8237 0280 06       		.byte	0x6
 8238 0281 00000000 		.4byte	.LVL126
 8239 0285 04       		.byte	0x4
 8240 0286 00       		.uleb128 .LVL126-.LVL126
 8241 0287 0E       		.uleb128 .LVL128-.LVL126
 8242 0288 01       		.uleb128 0x1
 8243 0289 50       		.byte	0x50
 8244 028a 04       		.byte	0x4
 8245 028b 0E       		.uleb128 .LVL128-.LVL126
 8246 028c 11       		.uleb128 .LVL129-1-.LVL126
 8247 028d 02       		.uleb128 0x2
 8248 028e 73       		.byte	0x73
 8249 028f 24       		.sleb128 36
 8250 0290 04       		.byte	0x4
 8251 0291 11       		.uleb128 .LVL129-1-.LVL126
 8252 0292 14       		.uleb128 .LVL130-.LVL126
 8253 0293 0A       		.uleb128 0xa
 8254 0294 A3       		.byte	0xa3
 8255 0295 03       		.uleb128 0x3
 8256 0296 A5       		.byte	0xa5
 8257 0297 00       		.uleb128 0
 8258 0298 26       		.uleb128 0x26
 8259 0299 A8       		.byte	0xa8
 8260 029a 2D       		.uleb128 0x2d
 8261 029b A8       		.byte	0xa8
 8262 029c 00       		.uleb128 0
 8263 029d 9F       		.byte	0x9f
 8264 029e 04       		.byte	0x4
ARM GAS  /tmp/ccnze4xj.s 			page 146


 8265 029f 14       		.uleb128 .LVL130-.LVL126
 8266 02a0 18       		.uleb128 .LVL131-.LVL126
 8267 02a1 01       		.uleb128 0x1
 8268 02a2 50       		.byte	0x50
 8269 02a3 04       		.byte	0x4
 8270 02a4 18       		.uleb128 .LVL131-.LVL126
 8271 02a5 20       		.uleb128 .LFE222-.LVL126
 8272 02a6 0A       		.uleb128 0xa
 8273 02a7 A3       		.byte	0xa3
 8274 02a8 03       		.uleb128 0x3
 8275 02a9 A5       		.byte	0xa5
 8276 02aa 00       		.uleb128 0
 8277 02ab 26       		.uleb128 0x26
 8278 02ac A8       		.byte	0xa8
 8279 02ad 2D       		.uleb128 0x2d
 8280 02ae A8       		.byte	0xa8
 8281 02af 00       		.uleb128 0
 8282 02b0 9F       		.byte	0x9f
 8283 02b1 00       		.byte	0
 8284              	.LVUS73:
 8285 02b2 00       		.uleb128 0
 8286 02b3 00       		.uleb128 .LVU693
 8287 02b4 00       		.uleb128 .LVU693
 8288 02b5 00       		.uleb128 .LVU694
 8289 02b6 00       		.uleb128 .LVU694
 8290 02b7 00       		.uleb128 0
 8291              	.LLST73:
 8292 02b8 06       		.byte	0x6
 8293 02b9 00000000 		.4byte	.LVL126
 8294 02bd 04       		.byte	0x4
 8295 02be 00       		.uleb128 .LVL126-.LVL126
 8296 02bf 11       		.uleb128 .LVL129-1-.LVL126
 8297 02c0 01       		.uleb128 0x1
 8298 02c1 51       		.byte	0x51
 8299 02c2 04       		.byte	0x4
 8300 02c3 11       		.uleb128 .LVL129-1-.LVL126
 8301 02c4 14       		.uleb128 .LVL130-.LVL126
 8302 02c5 0A       		.uleb128 0xa
 8303 02c6 A3       		.byte	0xa3
 8304 02c7 03       		.uleb128 0x3
 8305 02c8 A5       		.byte	0xa5
 8306 02c9 01       		.uleb128 0x1
 8307 02ca 26       		.uleb128 0x26
 8308 02cb A8       		.byte	0xa8
 8309 02cc 2D       		.uleb128 0x2d
 8310 02cd A8       		.byte	0xa8
 8311 02ce 00       		.uleb128 0
 8312 02cf 9F       		.byte	0x9f
 8313 02d0 04       		.byte	0x4
 8314 02d1 14       		.uleb128 .LVL130-.LVL126
 8315 02d2 20       		.uleb128 .LFE222-.LVL126
 8316 02d3 01       		.uleb128 0x1
 8317 02d4 51       		.byte	0x51
 8318 02d5 00       		.byte	0
 8319              	.LVUS74:
 8320 02d6 00       		.uleb128 .LVU680
 8321 02d7 00       		.uleb128 .LVU693
ARM GAS  /tmp/ccnze4xj.s 			page 147


 8322 02d8 00       		.uleb128 .LVU694
 8323 02d9 00       		.uleb128 0
 8324              	.LLST74:
 8325 02da 06       		.byte	0x6
 8326 02db 06000000 		.4byte	.LVL127
 8327 02df 04       		.byte	0x4
 8328 02e0 00       		.uleb128 .LVL127-.LVL127
 8329 02e1 0B       		.uleb128 .LVL129-1-.LVL127
 8330 02e2 01       		.uleb128 0x1
 8331 02e3 53       		.byte	0x53
 8332 02e4 04       		.byte	0x4
 8333 02e5 0E       		.uleb128 .LVL130-.LVL127
 8334 02e6 1A       		.uleb128 .LFE222-.LVL127
 8335 02e7 01       		.uleb128 0x1
 8336 02e8 53       		.byte	0x53
 8337 02e9 00       		.byte	0
 8338              	.LVUS70:
 8339 02ea 00       		.uleb128 0
 8340 02eb 00       		.uleb128 .LVU668
 8341 02ec 00       		.uleb128 .LVU668
 8342 02ed 00       		.uleb128 .LVU669
 8343 02ee 00       		.uleb128 .LVU669
 8344 02ef 00       		.uleb128 0
 8345              	.LLST70:
 8346 02f0 06       		.byte	0x6
 8347 02f1 00000000 		.4byte	.LVL122
 8348 02f5 04       		.byte	0x4
 8349 02f6 00       		.uleb128 .LVL122-.LVL122
 8350 02f7 0C       		.uleb128 .LVL124-.LVL122
 8351 02f8 01       		.uleb128 0x1
 8352 02f9 50       		.byte	0x50
 8353 02fa 04       		.byte	0x4
 8354 02fb 0C       		.uleb128 .LVL124-.LVL122
 8355 02fc 0F       		.uleb128 .LVL125-1-.LVL122
 8356 02fd 02       		.uleb128 0x2
 8357 02fe 73       		.byte	0x73
 8358 02ff 24       		.sleb128 36
 8359 0300 04       		.byte	0x4
 8360 0301 0F       		.uleb128 .LVL125-1-.LVL122
 8361 0302 1C       		.uleb128 .LFE221-.LVL122
 8362 0303 0A       		.uleb128 0xa
 8363 0304 A3       		.byte	0xa3
 8364 0305 03       		.uleb128 0x3
 8365 0306 A5       		.byte	0xa5
 8366 0307 00       		.uleb128 0
 8367 0308 26       		.uleb128 0x26
 8368 0309 A8       		.byte	0xa8
 8369 030a 2D       		.uleb128 0x2d
 8370 030b A8       		.byte	0xa8
 8371 030c 00       		.uleb128 0
 8372 030d 9F       		.byte	0x9f
 8373 030e 00       		.byte	0
 8374              	.LVUS71:
 8375 030f 00       		.uleb128 .LVU659
 8376 0310 00       		.uleb128 .LVU669
 8377              	.LLST71:
 8378 0311 08       		.byte	0x8
ARM GAS  /tmp/ccnze4xj.s 			page 148


 8379 0312 06000000 		.4byte	.LVL123
 8380 0316 09       		.uleb128 .LVL125-1-.LVL123
 8381 0317 01       		.uleb128 0x1
 8382 0318 53       		.byte	0x53
 8383 0319 00       		.byte	0
 8384              	.LVUS68:
 8385 031a 05       		.uleb128 .LVU633
 8386 031b 00       		.uleb128 .LVU635
 8387              	.LLST68:
 8388 031c 08       		.byte	0x8
 8389 031d 02000000 		.4byte	.LVL118
 8390 0321 06       		.uleb128 .LVL119-.LVL118
 8391 0322 03       		.uleb128 0x3
 8392 0323 08       		.byte	0x8
 8393 0324 20       		.byte	0x20
 8394 0325 9F       		.byte	0x9f
 8395 0326 00       		.byte	0
 8396              	.LVUS69:
 8397 0327 0A       		.uleb128 .LVU649
 8398 0328 00       		.uleb128 .LVU651
 8399              	.LLST69:
 8400 0329 08       		.byte	0x8
 8401 032a 0C000000 		.4byte	.LVL120
 8402 032e 06       		.uleb128 .LVL121-.LVL120
 8403 032f 02       		.uleb128 0x2
 8404 0330 30       		.byte	0x30
 8405 0331 9F       		.byte	0x9f
 8406 0332 00       		.byte	0
 8407              	.LVUS59:
 8408 0333 00       		.uleb128 0
 8409 0334 00       		.uleb128 .LVU601
 8410 0335 00       		.uleb128 .LVU601
 8411 0336 00       		.uleb128 0
 8412              	.LLST59:
 8413 0337 06       		.byte	0x6
 8414 0338 00000000 		.4byte	.LVL108
 8415 033c 04       		.byte	0x4
 8416 033d 00       		.uleb128 .LVL108-.LVL108
 8417 033e 14       		.uleb128 .LVL112-.LVL108
 8418 033f 01       		.uleb128 0x1
 8419 0340 50       		.byte	0x50
 8420 0341 04       		.byte	0x4
 8421 0342 14       		.uleb128 .LVL112-.LVL108
 8422 0343 2C       		.uleb128 .LFE219-.LVL108
 8423 0344 0A       		.uleb128 0xa
 8424 0345 A3       		.byte	0xa3
 8425 0346 03       		.uleb128 0x3
 8426 0347 A5       		.byte	0xa5
 8427 0348 00       		.uleb128 0
 8428 0349 26       		.uleb128 0x26
 8429 034a A8       		.byte	0xa8
 8430 034b 2D       		.uleb128 0x2d
 8431 034c A8       		.byte	0xa8
 8432 034d 00       		.uleb128 0
 8433 034e 9F       		.byte	0x9f
 8434 034f 00       		.byte	0
 8435              	.LVUS60:
ARM GAS  /tmp/ccnze4xj.s 			page 149


 8436 0350 00       		.uleb128 0
 8437 0351 00       		.uleb128 .LVU595
 8438 0352 00       		.uleb128 .LVU595
 8439 0353 00       		.uleb128 0
 8440              	.LLST60:
 8441 0354 06       		.byte	0x6
 8442 0355 00000000 		.4byte	.LVL108
 8443 0359 04       		.byte	0x4
 8444 035a 00       		.uleb128 .LVL108-.LVL108
 8445 035b 10       		.uleb128 .LVL111-.LVL108
 8446 035c 01       		.uleb128 0x1
 8447 035d 51       		.byte	0x51
 8448 035e 04       		.byte	0x4
 8449 035f 10       		.uleb128 .LVL111-.LVL108
 8450 0360 2C       		.uleb128 .LFE219-.LVL108
 8451 0361 01       		.uleb128 0x1
 8452 0362 54       		.byte	0x54
 8453 0363 00       		.byte	0
 8454              	.LVUS61:
 8455 0364 00       		.uleb128 .LVU595
 8456 0365 00       		.uleb128 .LVU603
 8457 0366 00       		.uleb128 .LVU618
 8458 0367 00       		.uleb128 .LVU625
 8459              	.LLST61:
 8460 0368 06       		.byte	0x6
 8461 0369 10000000 		.4byte	.LVL111
 8462 036d 04       		.byte	0x4
 8463 036e 00       		.uleb128 .LVL111-.LVL111
 8464 036f 08       		.uleb128 .LVL113-.LVL111
 8465 0370 01       		.uleb128 0x1
 8466 0371 51       		.byte	0x51
 8467 0372 04       		.byte	0x4
 8468 0373 12       		.uleb128 .LVL115-.LVL111
 8469 0374 14       		.uleb128 .LVL116-.LVL111
 8470 0375 01       		.uleb128 0x1
 8471 0376 51       		.byte	0x51
 8472 0377 00       		.byte	0
 8473              	.LVUS62:
 8474 0378 06       		.uleb128 .LVU582
 8475 0379 00       		.uleb128 .LVU584
 8476              	.LLST62:
 8477 037a 08       		.byte	0x8
 8478 037b 04000000 		.4byte	.LVL109
 8479 037f 06       		.uleb128 .LVL110-.LVL109
 8480 0380 03       		.uleb128 0x3
 8481 0381 08       		.byte	0x8
 8482 0382 20       		.byte	0x20
 8483 0383 9F       		.byte	0x9f
 8484 0384 00       		.byte	0
 8485              	.LVUS63:
 8486 0385 02       		.uleb128 .LVU597
 8487 0386 00       		.uleb128 .LVU601
 8488              	.LLST63:
 8489 0387 08       		.byte	0x8
 8490 0388 10000000 		.4byte	.LVL111
 8491 038c 04       		.uleb128 .LVL112-.LVL111
 8492 038d 01       		.uleb128 0x1
ARM GAS  /tmp/ccnze4xj.s 			page 150


 8493 038e 54       		.byte	0x54
 8494 038f 00       		.byte	0
 8495              	.LVUS64:
 8496 0390 02       		.uleb128 .LVU597
 8497 0391 00       		.uleb128 .LVU601
 8498              	.LLST64:
 8499 0392 08       		.byte	0x8
 8500 0393 10000000 		.4byte	.LVL111
 8501 0397 04       		.uleb128 .LVL112-.LVL111
 8502 0398 01       		.uleb128 0x1
 8503 0399 50       		.byte	0x50
 8504 039a 00       		.byte	0
 8505              	.LVUS65:
 8506 039b 02       		.uleb128 .LVU597
 8507 039c 00       		.uleb128 .LVU601
 8508              	.LLST65:
 8509 039d 08       		.byte	0x8
 8510 039e 10000000 		.4byte	.LVL111
 8511 03a2 04       		.uleb128 .LVL112-.LVL111
 8512 03a3 01       		.uleb128 0x1
 8513 03a4 51       		.byte	0x51
 8514 03a5 00       		.byte	0
 8515              	.LVUS66:
 8516 03a6 0A       		.uleb128 .LVU613
 8517 03a7 00       		.uleb128 .LVU615
 8518              	.LLST66:
 8519 03a8 08       		.byte	0x8
 8520 03a9 18000000 		.4byte	.LVL113
 8521 03ad 06       		.uleb128 .LVL114-.LVL113
 8522 03ae 02       		.uleb128 0x2
 8523 03af 30       		.byte	0x30
 8524 03b0 9F       		.byte	0x9f
 8525 03b1 00       		.byte	0
 8526              	.LVUS67:
 8527 03b2 01       		.uleb128 .LVU619
 8528 03b3 00       		.uleb128 .LVU625
 8529 03b4 00       		.uleb128 .LVU625
 8530 03b5 00       		.uleb128 .LVU626
 8531              	.LLST67:
 8532 03b6 06       		.byte	0x6
 8533 03b7 22000000 		.4byte	.LVL115
 8534 03bb 04       		.byte	0x4
 8535 03bc 00       		.uleb128 .LVL115-.LVL115
 8536 03bd 02       		.uleb128 .LVL116-.LVL115
 8537 03be 06       		.uleb128 0x6
 8538 03bf 74       		.byte	0x74
 8539 03c0 00       		.sleb128 0
 8540 03c1 71       		.byte	0x71
 8541 03c2 00       		.sleb128 0
 8542 03c3 1C       		.byte	0x1c
 8543 03c4 9F       		.byte	0x9f
 8544 03c5 04       		.byte	0x4
 8545 03c6 02       		.uleb128 .LVL116-.LVL115
 8546 03c7 07       		.uleb128 .LVL117-1-.LVL115
 8547 03c8 01       		.uleb128 0x1
 8548 03c9 51       		.byte	0x51
 8549 03ca 00       		.byte	0
ARM GAS  /tmp/ccnze4xj.s 			page 151


 8550              	.LVUS55:
 8551 03cb 00       		.uleb128 0
 8552 03cc 00       		.uleb128 .LVU548
 8553 03cd 00       		.uleb128 .LVU548
 8554 03ce 00       		.uleb128 .LVU551
 8555 03cf 00       		.uleb128 .LVU551
 8556 03d0 00       		.uleb128 .LVU552
 8557 03d1 00       		.uleb128 .LVU566
 8558 03d2 00       		.uleb128 .LVU573
 8559              	.LLST55:
 8560 03d3 06       		.byte	0x6
 8561 03d4 00000000 		.4byte	.LVL99
 8562 03d8 04       		.byte	0x4
 8563 03d9 00       		.uleb128 .LVL99-.LVL99
 8564 03da 0E       		.uleb128 .LVL102-.LVL99
 8565 03db 01       		.uleb128 0x1
 8566 03dc 50       		.byte	0x50
 8567 03dd 04       		.byte	0x4
 8568 03de 0E       		.uleb128 .LVL102-.LVL99
 8569 03df 10       		.uleb128 .LVL103-.LVL99
 8570 03e0 06       		.uleb128 0x6
 8571 03e1 70       		.byte	0x70
 8572 03e2 00       		.sleb128 0
 8573 03e3 71       		.byte	0x71
 8574 03e4 00       		.sleb128 0
 8575 03e5 1C       		.byte	0x1c
 8576 03e6 9F       		.byte	0x9f
 8577 03e7 04       		.byte	0x4
 8578 03e8 10       		.uleb128 .LVL103-.LVL99
 8579 03e9 12       		.uleb128 .LVL104-.LVL99
 8580 03ea 01       		.uleb128 0x1
 8581 03eb 51       		.byte	0x51
 8582 03ec 04       		.byte	0x4
 8583 03ed 1A       		.uleb128 .LVL106-.LVL99
 8584 03ee 1F       		.uleb128 .LVL107-1-.LVL99
 8585 03ef 01       		.uleb128 0x1
 8586 03f0 51       		.byte	0x51
 8587 03f1 00       		.byte	0
 8588              	.LVUS56:
 8589 03f2 05       		.uleb128 .LVU535
 8590 03f3 00       		.uleb128 .LVU537
 8591              	.LLST56:
 8592 03f4 08       		.byte	0x8
 8593 03f5 02000000 		.4byte	.LVL100
 8594 03f9 06       		.uleb128 .LVL101-.LVL100
 8595 03fa 03       		.uleb128 0x3
 8596 03fb 08       		.byte	0x8
 8597 03fc 20       		.byte	0x20
 8598 03fd 9F       		.byte	0x9f
 8599 03fe 00       		.byte	0
 8600              	.LVUS57:
 8601 03ff 0A       		.uleb128 .LVU562
 8602 0400 00       		.uleb128 .LVU564
 8603              	.LLST57:
 8604 0401 08       		.byte	0x8
 8605 0402 12000000 		.4byte	.LVL104
 8606 0406 06       		.uleb128 .LVL105-.LVL104
ARM GAS  /tmp/ccnze4xj.s 			page 152


 8607 0407 02       		.uleb128 0x2
 8608 0408 30       		.byte	0x30
 8609 0409 9F       		.byte	0x9f
 8610 040a 00       		.byte	0
 8611              	.LVUS58:
 8612 040b 01       		.uleb128 .LVU567
 8613 040c 00       		.uleb128 .LVU573
 8614              	.LLST58:
 8615 040d 08       		.byte	0x8
 8616 040e 1A000000 		.4byte	.LVL106
 8617 0412 05       		.uleb128 .LVL107-1-.LVL106
 8618 0413 01       		.uleb128 0x1
 8619 0414 51       		.byte	0x51
 8620 0415 00       		.byte	0
 8621              	.LVUS51:
 8622 0416 00       		.uleb128 0
 8623 0417 00       		.uleb128 .LVU512
 8624 0418 00       		.uleb128 .LVU512
 8625 0419 00       		.uleb128 .LVU513
 8626 041a 00       		.uleb128 .LVU513
 8627 041b 00       		.uleb128 0
 8628              	.LLST51:
 8629 041c 06       		.byte	0x6
 8630 041d 00000000 		.4byte	.LVL93
 8631 0421 04       		.byte	0x4
 8632 0422 00       		.uleb128 .LVL93-.LVL93
 8633 0423 0C       		.uleb128 .LVL96-.LVL93
 8634 0424 01       		.uleb128 0x1
 8635 0425 50       		.byte	0x50
 8636 0426 04       		.byte	0x4
 8637 0427 0C       		.uleb128 .LVL96-.LVL93
 8638 0428 0F       		.uleb128 .LVL97-1-.LVL93
 8639 0429 01       		.uleb128 0x1
 8640 042a 51       		.byte	0x51
 8641 042b 04       		.byte	0x4
 8642 042c 0F       		.uleb128 .LVL97-1-.LVL93
 8643 042d 18       		.uleb128 .LFE217-.LVL93
 8644 042e 0A       		.uleb128 0xa
 8645 042f A3       		.byte	0xa3
 8646 0430 03       		.uleb128 0x3
 8647 0431 A5       		.byte	0xa5
 8648 0432 00       		.uleb128 0
 8649 0433 26       		.uleb128 0x26
 8650 0434 A8       		.byte	0xa8
 8651 0435 2D       		.uleb128 0x2d
 8652 0436 A8       		.byte	0xa8
 8653 0437 00       		.uleb128 0
 8654 0438 9F       		.byte	0x9f
 8655 0439 00       		.byte	0
 8656              	.LVUS52:
 8657 043a 05       		.uleb128 .LVU500
 8658 043b 00       		.uleb128 .LVU502
 8659              	.LLST52:
 8660 043c 08       		.byte	0x8
 8661 043d 04000000 		.4byte	.LVL94
 8662 0441 06       		.uleb128 .LVL95-.LVL94
 8663 0442 03       		.uleb128 0x3
ARM GAS  /tmp/ccnze4xj.s 			page 153


 8664 0443 08       		.byte	0x8
 8665 0444 20       		.byte	0x20
 8666 0445 9F       		.byte	0x9f
 8667 0446 00       		.byte	0
 8668              	.LVUS53:
 8669 0447 04       		.uleb128 .LVU506
 8670 0448 00       		.uleb128 .LVU512
 8671 0449 00       		.uleb128 .LVU512
 8672 044a 00       		.uleb128 .LVU513
 8673 044b 00       		.uleb128 .LVU513
 8674 044c 00       		.uleb128 .LVU513
 8675              	.LLST53:
 8676 044d 06       		.byte	0x6
 8677 044e 0A000000 		.4byte	.LVL95
 8678 0452 04       		.byte	0x4
 8679 0453 00       		.uleb128 .LVL95-.LVL95
 8680 0454 02       		.uleb128 .LVL96-.LVL95
 8681 0455 01       		.uleb128 0x1
 8682 0456 50       		.byte	0x50
 8683 0457 04       		.byte	0x4
 8684 0458 02       		.uleb128 .LVL96-.LVL95
 8685 0459 05       		.uleb128 .LVL97-1-.LVL95
 8686 045a 01       		.uleb128 0x1
 8687 045b 51       		.byte	0x51
 8688 045c 04       		.byte	0x4
 8689 045d 05       		.uleb128 .LVL97-1-.LVL95
 8690 045e 06       		.uleb128 .LVL97-.LVL95
 8691 045f 0A       		.uleb128 0xa
 8692 0460 A3       		.byte	0xa3
 8693 0461 03       		.uleb128 0x3
 8694 0462 A5       		.byte	0xa5
 8695 0463 00       		.uleb128 0
 8696 0464 26       		.uleb128 0x26
 8697 0465 A8       		.byte	0xa8
 8698 0466 2D       		.uleb128 0x2d
 8699 0467 A8       		.byte	0xa8
 8700 0468 00       		.uleb128 0
 8701 0469 9F       		.byte	0x9f
 8702 046a 00       		.byte	0
 8703              	.LVUS54:
 8704 046b 0B       		.uleb128 .LVU524
 8705 046c 00       		.uleb128 .LVU526
 8706              	.LLST54:
 8707 046d 08       		.byte	0x8
 8708 046e 10000000 		.4byte	.LVL97
 8709 0472 06       		.uleb128 .LVL98-.LVL97
 8710 0473 02       		.uleb128 0x2
 8711 0474 30       		.byte	0x30
 8712 0475 9F       		.byte	0x9f
 8713 0476 00       		.byte	0
 8714              	.LVUS49:
 8715 0477 06       		.uleb128 .LVU471
 8716 0478 00       		.uleb128 .LVU473
 8717              	.LLST49:
 8718 0479 08       		.byte	0x8
 8719 047a 00000000 		.4byte	.LVL89
 8720 047e 06       		.uleb128 .LVL90-.LVL89
ARM GAS  /tmp/ccnze4xj.s 			page 154


 8721 047f 03       		.uleb128 0x3
 8722 0480 08       		.byte	0x8
 8723 0481 20       		.byte	0x20
 8724 0482 9F       		.byte	0x9f
 8725 0483 00       		.byte	0
 8726              	.LVUS50:
 8727 0484 0A       		.uleb128 .LVU489
 8728 0485 00       		.uleb128 .LVU491
 8729              	.LLST50:
 8730 0486 08       		.byte	0x8
 8731 0487 12000000 		.4byte	.LVL91
 8732 048b 06       		.uleb128 .LVL92-.LVL91
 8733 048c 02       		.uleb128 0x2
 8734 048d 30       		.byte	0x30
 8735 048e 9F       		.byte	0x9f
 8736 048f 00       		.byte	0
 8737              	.LVUS45:
 8738 0490 00       		.uleb128 0
 8739 0491 00       		.uleb128 .LVU449
 8740 0492 00       		.uleb128 .LVU449
 8741 0493 00       		.uleb128 0
 8742              	.LLST45:
 8743 0494 06       		.byte	0x6
 8744 0495 00000000 		.4byte	.LVL82
 8745 0499 04       		.byte	0x4
 8746 049a 00       		.uleb128 .LVL82-.LVL82
 8747 049b 13       		.uleb128 .LVL86-1-.LVL82
 8748 049c 01       		.uleb128 0x1
 8749 049d 50       		.byte	0x50
 8750 049e 04       		.byte	0x4
 8751 049f 13       		.uleb128 .LVL86-1-.LVL82
 8752 04a0 24       		.uleb128 .LFE215-.LVL82
 8753 04a1 0A       		.uleb128 0xa
 8754 04a2 A3       		.byte	0xa3
 8755 04a3 03       		.uleb128 0x3
 8756 04a4 A5       		.byte	0xa5
 8757 04a5 00       		.uleb128 0
 8758 04a6 26       		.uleb128 0x26
 8759 04a7 A8       		.byte	0xa8
 8760 04a8 2D       		.uleb128 0x2d
 8761 04a9 A8       		.byte	0xa8
 8762 04aa 00       		.uleb128 0
 8763 04ab 9F       		.byte	0x9f
 8764 04ac 00       		.byte	0
 8765              	.LVUS46:
 8766 04ad 00       		.uleb128 .LVU446
 8767 04ae 00       		.uleb128 .LVU464
 8768 04af 00       		.uleb128 .LVU464
 8769 04b0 00       		.uleb128 0
 8770              	.LLST46:
 8771 04b1 06       		.byte	0x6
 8772 04b2 0E000000 		.4byte	.LVL85
 8773 04b6 04       		.byte	0x4
 8774 04b7 00       		.uleb128 .LVL85-.LVL85
 8775 04b8 10       		.uleb128 .LVL88-.LVL85
 8776 04b9 01       		.uleb128 0x1
 8777 04ba 54       		.byte	0x54
ARM GAS  /tmp/ccnze4xj.s 			page 155


 8778 04bb 04       		.byte	0x4
 8779 04bc 10       		.uleb128 .LVL88-.LVL85
 8780 04bd 16       		.uleb128 .LFE215-.LVL85
 8781 04be 01       		.uleb128 0x1
 8782 04bf 50       		.byte	0x50
 8783 04c0 00       		.byte	0
 8784              	.LVUS47:
 8785 04c1 09       		.uleb128 .LVU438
 8786 04c2 00       		.uleb128 .LVU440
 8787              	.LLST47:
 8788 04c3 08       		.byte	0x8
 8789 04c4 02000000 		.4byte	.LVL83
 8790 04c8 06       		.uleb128 .LVL84-.LVL83
 8791 04c9 03       		.uleb128 0x3
 8792 04ca 08       		.byte	0x8
 8793 04cb 20       		.byte	0x20
 8794 04cc 9F       		.byte	0x9f
 8795 04cd 00       		.byte	0
 8796              	.LVUS48:
 8797 04ce 0A       		.uleb128 .LVU459
 8798 04cf 00       		.uleb128 .LVU461
 8799              	.LLST48:
 8800 04d0 08       		.byte	0x8
 8801 04d1 14000000 		.4byte	.LVL86
 8802 04d5 06       		.uleb128 .LVL87-.LVL86
 8803 04d6 02       		.uleb128 0x2
 8804 04d7 30       		.byte	0x30
 8805 04d8 9F       		.byte	0x9f
 8806 04d9 00       		.byte	0
 8807              	.LVUS39:
 8808 04da 00       		.uleb128 0
 8809 04db 00       		.uleb128 .LVU399
 8810 04dc 00       		.uleb128 .LVU399
 8811 04dd 00       		.uleb128 .LVU417
 8812 04de 00       		.uleb128 .LVU417
 8813 04df 00       		.uleb128 .LVU426
 8814 04e0 00       		.uleb128 .LVU426
 8815 04e1 00       		.uleb128 0
 8816              	.LLST39:
 8817 04e2 06       		.byte	0x6
 8818 04e3 00000000 		.4byte	.LVL70
 8819 04e7 04       		.byte	0x4
 8820 04e8 00       		.uleb128 .LVL70-.LVL70
 8821 04e9 12       		.uleb128 .LVL73-.LVL70
 8822 04ea 01       		.uleb128 0x1
 8823 04eb 50       		.byte	0x50
 8824 04ec 04       		.byte	0x4
 8825 04ed 12       		.uleb128 .LVL73-.LVL70
 8826 04ee 24       		.uleb128 .LVL77-.LVL70
 8827 04ef 01       		.uleb128 0x1
 8828 04f0 54       		.byte	0x54
 8829 04f1 04       		.byte	0x4
 8830 04f2 24       		.uleb128 .LVL77-.LVL70
 8831 04f3 30       		.uleb128 .LVL80-.LVL70
 8832 04f4 01       		.uleb128 0x1
 8833 04f5 50       		.byte	0x50
 8834 04f6 04       		.byte	0x4
ARM GAS  /tmp/ccnze4xj.s 			page 156


 8835 04f7 30       		.uleb128 .LVL80-.LVL70
 8836 04f8 3C       		.uleb128 .LFE214-.LVL70
 8837 04f9 01       		.uleb128 0x1
 8838 04fa 54       		.byte	0x54
 8839 04fb 00       		.byte	0
 8840              	.LVUS40:
 8841 04fc 00       		.uleb128 .LVU401
 8842 04fd 00       		.uleb128 .LVU417
 8843              	.LLST40:
 8844 04fe 08       		.byte	0x8
 8845 04ff 14000000 		.4byte	.LVL74
 8846 0503 10       		.uleb128 .LVL77-.LVL74
 8847 0504 01       		.uleb128 0x1
 8848 0505 55       		.byte	0x55
 8849 0506 00       		.byte	0
 8850              	.LVUS41:
 8851 0507 09       		.uleb128 .LVU385
 8852 0508 00       		.uleb128 .LVU387
 8853              	.LLST41:
 8854 0509 08       		.byte	0x8
 8855 050a 04000000 		.4byte	.LVL71
 8856 050e 06       		.uleb128 .LVL72-.LVL71
 8857 050f 03       		.uleb128 0x3
 8858 0510 08       		.byte	0x8
 8859 0511 20       		.byte	0x20
 8860 0512 9F       		.byte	0x9f
 8861 0513 00       		.byte	0
 8862              	.LVUS42:
 8863 0514 0A       		.uleb128 .LVU411
 8864 0515 00       		.uleb128 .LVU413
 8865              	.LLST42:
 8866 0516 08       		.byte	0x8
 8867 0517 14000000 		.4byte	.LVL74
 8868 051b 06       		.uleb128 .LVL75-.LVL74
 8869 051c 02       		.uleb128 0x2
 8870 051d 30       		.byte	0x30
 8871 051e 9F       		.byte	0x9f
 8872 051f 00       		.byte	0
 8873              	.LVUS43:
 8874 0520 00       		.uleb128 .LVU418
 8875 0521 00       		.uleb128 .LVU424
 8876              	.LLST43:
 8877 0522 08       		.byte	0x8
 8878 0523 28000000 		.4byte	.LVL78
 8879 0527 06       		.uleb128 .LVL79-.LVL78
 8880 0528 03       		.uleb128 0x3
 8881 0529 70       		.byte	0x70
 8882 052a 28       		.sleb128 40
 8883 052b 9F       		.byte	0x9f
 8884 052c 00       		.byte	0
 8885              	.LVUS44:
 8886 052d 00       		.uleb128 .LVU418
 8887 052e 00       		.uleb128 .LVU424
 8888              	.LLST44:
 8889 052f 08       		.byte	0x8
 8890 0530 28000000 		.4byte	.LVL78
 8891 0534 06       		.uleb128 .LVL79-.LVL78
ARM GAS  /tmp/ccnze4xj.s 			page 157


 8892 0535 01       		.uleb128 0x1
 8893 0536 53       		.byte	0x53
 8894 0537 00       		.byte	0
 8895              	.LVUS32:
 8896 0538 00       		.uleb128 0
 8897 0539 00       		.uleb128 .LVU333
 8898 053a 00       		.uleb128 .LVU333
 8899 053b 00       		.uleb128 0
 8900              	.LLST32:
 8901 053c 06       		.byte	0x6
 8902 053d 00000000 		.4byte	.LVL58
 8903 0541 04       		.byte	0x4
 8904 0542 00       		.uleb128 .LVL58-.LVL58
 8905 0543 0A       		.uleb128 .LVL60-.LVL58
 8906 0544 01       		.uleb128 0x1
 8907 0545 50       		.byte	0x50
 8908 0546 04       		.byte	0x4
 8909 0547 0A       		.uleb128 .LVL60-.LVL58
 8910 0548 38       		.uleb128 .LFE213-.LVL58
 8911 0549 0A       		.uleb128 0xa
 8912 054a A3       		.byte	0xa3
 8913 054b 03       		.uleb128 0x3
 8914 054c A5       		.byte	0xa5
 8915 054d 00       		.uleb128 0
 8916 054e 26       		.uleb128 0x26
 8917 054f A8       		.byte	0xa8
 8918 0550 2D       		.uleb128 0x2d
 8919 0551 A8       		.byte	0xa8
 8920 0552 00       		.uleb128 0
 8921 0553 9F       		.byte	0x9f
 8922 0554 00       		.byte	0
 8923              	.LVUS33:
 8924 0555 00       		.uleb128 .LVU327
 8925 0556 00       		.uleb128 .LVU359
 8926              	.LLST33:
 8927 0557 08       		.byte	0x8
 8928 0558 06000000 		.4byte	.LVL59
 8929 055c 2E       		.uleb128 .LVL65-.LVL59
 8930 055d 01       		.uleb128 0x1
 8931 055e 54       		.byte	0x54
 8932 055f 00       		.byte	0
 8933              	.LVUS34:
 8934 0560 01       		.uleb128 .LVU334
 8935 0561 01       		.uleb128 .LVU340
 8936              	.LLST34:
 8937 0562 08       		.byte	0x8
 8938 0563 0A000000 		.4byte	.LVL60
 8939 0567 04       		.uleb128 .LVL61-.LVL60
 8940 0568 03       		.uleb128 0x3
 8941 0569 74       		.byte	0x74
 8942 056a 28       		.sleb128 40
 8943 056b 9F       		.byte	0x9f
 8944 056c 00       		.byte	0
 8945              	.LVUS35:
 8946 056d 03       		.uleb128 .LVU336
 8947 056e 01       		.uleb128 .LVU340
 8948              	.LLST35:
ARM GAS  /tmp/ccnze4xj.s 			page 158


 8949 056f 08       		.byte	0x8
 8950 0570 0A000000 		.4byte	.LVL60
 8951 0574 04       		.uleb128 .LVL61-.LVL60
 8952 0575 01       		.uleb128 0x1
 8953 0576 50       		.byte	0x50
 8954 0577 00       		.byte	0
 8955              	.LVUS36:
 8956 0578 01       		.uleb128 .LVU343
 8957 0579 00       		.uleb128 .LVU346
 8958              	.LLST36:
 8959 057a 08       		.byte	0x8
 8960 057b 12000000 		.4byte	.LVL62
 8961 057f 06       		.uleb128 .LVL63-.LVL62
 8962 0580 03       		.uleb128 0x3
 8963 0581 74       		.byte	0x74
 8964 0582 28       		.sleb128 40
 8965 0583 9F       		.byte	0x9f
 8966 0584 00       		.byte	0
 8967              	.LVUS37:
 8968 0585 00       		.uleb128 0
 8969 0586 00       		.uleb128 .LVU373
 8970 0587 00       		.uleb128 .LVU373
 8971 0588 00       		.uleb128 0
 8972              	.LLST37:
 8973 0589 06       		.byte	0x6
 8974 058a 00000000 		.4byte	.LVL66
 8975 058e 04       		.byte	0x4
 8976 058f 00       		.uleb128 .LVL66-.LVL66
 8977 0590 0B       		.uleb128 .LVL69-1-.LVL66
 8978 0591 01       		.uleb128 0x1
 8979 0592 50       		.byte	0x50
 8980 0593 04       		.byte	0x4
 8981 0594 0B       		.uleb128 .LVL69-1-.LVL66
 8982 0595 0E       		.uleb128 .LFE212-.LVL66
 8983 0596 0A       		.uleb128 0xa
 8984 0597 A3       		.byte	0xa3
 8985 0598 03       		.uleb128 0x3
 8986 0599 A5       		.byte	0xa5
 8987 059a 00       		.uleb128 0
 8988 059b 26       		.uleb128 0x26
 8989 059c A8       		.byte	0xa8
 8990 059d 2D       		.uleb128 0x2d
 8991 059e A8       		.byte	0xa8
 8992 059f 00       		.uleb128 0
 8993 05a0 9F       		.byte	0x9f
 8994 05a1 00       		.byte	0
 8995              	.LVUS38:
 8996 05a2 05       		.uleb128 .LVU367
 8997 05a3 00       		.uleb128 .LVU369
 8998              	.LLST38:
 8999 05a4 08       		.byte	0x8
 9000 05a5 02000000 		.4byte	.LVL67
 9001 05a9 06       		.uleb128 .LVL68-.LVL67
 9002 05aa 03       		.uleb128 0x3
 9003 05ab 08       		.byte	0x8
 9004 05ac 20       		.byte	0x20
 9005 05ad 9F       		.byte	0x9f
ARM GAS  /tmp/ccnze4xj.s 			page 159


 9006 05ae 00       		.byte	0
 9007              	.LVUS29:
 9008 05af 06       		.uleb128 .LVU278
 9009 05b0 00       		.uleb128 .LVU280
 9010              	.LLST29:
 9011 05b1 08       		.byte	0x8
 9012 05b2 00000000 		.4byte	.LVL52
 9013 05b6 06       		.uleb128 .LVL53-.LVL52
 9014 05b7 03       		.uleb128 0x3
 9015 05b8 08       		.byte	0x8
 9016 05b9 20       		.byte	0x20
 9017 05ba 9F       		.byte	0x9f
 9018 05bb 00       		.byte	0
 9019              	.LVUS30:
 9020 05bc 0A       		.uleb128 .LVU302
 9021 05bd 00       		.uleb128 .LVU304
 9022              	.LLST30:
 9023 05be 08       		.byte	0x8
 9024 05bf 1A000000 		.4byte	.LVL54
 9025 05c3 06       		.uleb128 .LVL55-.LVL54
 9026 05c4 02       		.uleb128 0x2
 9027 05c5 30       		.byte	0x30
 9028 05c6 9F       		.byte	0x9f
 9029 05c7 00       		.byte	0
 9030              	.LVUS31:
 9031 05c8 0B       		.uleb128 .LVU319
 9032 05c9 00       		.uleb128 .LVU321
 9033              	.LLST31:
 9034 05ca 08       		.byte	0x8
 9035 05cb 2C000000 		.4byte	.LVL56
 9036 05cf 06       		.uleb128 .LVL57-.LVL56
 9037 05d0 02       		.uleb128 0x2
 9038 05d1 30       		.byte	0x30
 9039 05d2 9F       		.byte	0x9f
 9040 05d3 00       		.byte	0
 9041              	.LVUS27:
 9042 05d4 06       		.uleb128 .LVU246
 9043 05d5 00       		.uleb128 .LVU248
 9044              	.LLST27:
 9045 05d6 08       		.byte	0x8
 9046 05d7 00000000 		.4byte	.LVL48
 9047 05db 06       		.uleb128 .LVL49-.LVL48
 9048 05dc 03       		.uleb128 0x3
 9049 05dd 08       		.byte	0x8
 9050 05de 20       		.byte	0x20
 9051 05df 9F       		.byte	0x9f
 9052 05e0 00       		.byte	0
 9053              	.LVUS28:
 9054 05e1 0A       		.uleb128 .LVU267
 9055 05e2 00       		.uleb128 .LVU269
 9056              	.LLST28:
 9057 05e3 08       		.byte	0x8
 9058 05e4 10000000 		.4byte	.LVL50
 9059 05e8 06       		.uleb128 .LVL51-.LVL50
 9060 05e9 02       		.uleb128 0x2
 9061 05ea 30       		.byte	0x30
 9062 05eb 9F       		.byte	0x9f
ARM GAS  /tmp/ccnze4xj.s 			page 160


 9063 05ec 00       		.byte	0
 9064              	.LVUS23:
 9065 05ed 00       		.uleb128 0
 9066 05ee 00       		.uleb128 .LVU224
 9067 05ef 00       		.uleb128 .LVU224
 9068 05f0 00       		.uleb128 .LVU224
 9069 05f1 00       		.uleb128 .LVU224
 9070 05f2 00       		.uleb128 0
 9071              	.LLST23:
 9072 05f3 06       		.byte	0x6
 9073 05f4 00000000 		.4byte	.LVL43
 9074 05f8 04       		.byte	0x4
 9075 05f9 00       		.uleb128 .LVL43-.LVL43
 9076 05fa 0B       		.uleb128 .LVL46-1-.LVL43
 9077 05fb 01       		.uleb128 0x1
 9078 05fc 50       		.byte	0x50
 9079 05fd 04       		.byte	0x4
 9080 05fe 0B       		.uleb128 .LVL46-1-.LVL43
 9081 05ff 0C       		.uleb128 .LVL46-.LVL43
 9082 0600 0A       		.uleb128 0xa
 9083 0601 A3       		.byte	0xa3
 9084 0602 03       		.uleb128 0x3
 9085 0603 A5       		.byte	0xa5
 9086 0604 00       		.uleb128 0
 9087 0605 26       		.uleb128 0x26
 9088 0606 A8       		.byte	0xa8
 9089 0607 2D       		.uleb128 0x2d
 9090 0608 A8       		.byte	0xa8
 9091 0609 00       		.uleb128 0
 9092 060a 9F       		.byte	0x9f
 9093 060b 04       		.byte	0x4
 9094 060c 0C       		.uleb128 .LVL46-.LVL43
 9095 060d 14       		.uleb128 .LFE209-.LVL43
 9096 060e 01       		.uleb128 0x1
 9097 060f 50       		.byte	0x50
 9098 0610 00       		.byte	0
 9099              	.LVUS24:
 9100 0611 05       		.uleb128 .LVU212
 9101 0612 00       		.uleb128 .LVU214
 9102              	.LLST24:
 9103 0613 08       		.byte	0x8
 9104 0614 02000000 		.4byte	.LVL44
 9105 0618 06       		.uleb128 .LVL45-.LVL44
 9106 0619 03       		.uleb128 0x3
 9107 061a 08       		.byte	0x8
 9108 061b 20       		.byte	0x20
 9109 061c 9F       		.byte	0x9f
 9110 061d 00       		.byte	0
 9111              	.LVUS25:
 9112 061e 04       		.uleb128 .LVU218
 9113 061f 00       		.uleb128 .LVU224
 9114 0620 00       		.uleb128 .LVU224
 9115 0621 00       		.uleb128 .LVU224
 9116              	.LLST25:
 9117 0622 06       		.byte	0x6
 9118 0623 08000000 		.4byte	.LVL45
 9119 0627 04       		.byte	0x4
ARM GAS  /tmp/ccnze4xj.s 			page 161


 9120 0628 00       		.uleb128 .LVL45-.LVL45
 9121 0629 03       		.uleb128 .LVL46-1-.LVL45
 9122 062a 01       		.uleb128 0x1
 9123 062b 50       		.byte	0x50
 9124 062c 04       		.byte	0x4
 9125 062d 03       		.uleb128 .LVL46-1-.LVL45
 9126 062e 04       		.uleb128 .LVL46-.LVL45
 9127 062f 0A       		.uleb128 0xa
 9128 0630 A3       		.byte	0xa3
 9129 0631 03       		.uleb128 0x3
 9130 0632 A5       		.byte	0xa5
 9131 0633 00       		.uleb128 0
 9132 0634 26       		.uleb128 0x26
 9133 0635 A8       		.byte	0xa8
 9134 0636 2D       		.uleb128 0x2d
 9135 0637 A8       		.byte	0xa8
 9136 0638 00       		.uleb128 0
 9137 0639 9F       		.byte	0x9f
 9138 063a 00       		.byte	0
 9139              	.LVUS26:
 9140 063b 0B       		.uleb128 .LVU235
 9141 063c 00       		.uleb128 .LVU237
 9142              	.LLST26:
 9143 063d 08       		.byte	0x8
 9144 063e 0C000000 		.4byte	.LVL46
 9145 0642 06       		.uleb128 .LVL47-.LVL46
 9146 0643 02       		.uleb128 0x2
 9147 0644 30       		.byte	0x30
 9148 0645 9F       		.byte	0x9f
 9149 0646 00       		.byte	0
 9150              	.LVUS15:
 9151 0647 00       		.uleb128 0
 9152 0648 00       		.uleb128 .LVU165
 9153 0649 00       		.uleb128 .LVU165
 9154 064a 00       		.uleb128 .LVU204
 9155 064b 00       		.uleb128 .LVU204
 9156 064c 00       		.uleb128 0
 9157              	.LLST15:
 9158 064d 06       		.byte	0x6
 9159 064e 00000000 		.4byte	.LVL31
 9160 0652 04       		.byte	0x4
 9161 0653 00       		.uleb128 .LVL31-.LVL31
 9162 0654 11       		.uleb128 .LVL34-1-.LVL31
 9163 0655 01       		.uleb128 0x1
 9164 0656 50       		.byte	0x50
 9165 0657 04       		.byte	0x4
 9166 0658 11       		.uleb128 .LVL34-1-.LVL31
 9167 0659 4E       		.uleb128 .LVL42-.LVL31
 9168 065a 01       		.uleb128 0x1
 9169 065b 55       		.byte	0x55
 9170 065c 04       		.byte	0x4
 9171 065d 4E       		.uleb128 .LVL42-.LVL31
 9172 065e 58       		.uleb128 .LFE208-.LVL31
 9173 065f 0A       		.uleb128 0xa
 9174 0660 A3       		.byte	0xa3
 9175 0661 03       		.uleb128 0x3
 9176 0662 A5       		.byte	0xa5
ARM GAS  /tmp/ccnze4xj.s 			page 162


 9177 0663 00       		.uleb128 0
 9178 0664 26       		.uleb128 0x26
 9179 0665 A8       		.byte	0xa8
 9180 0666 2D       		.uleb128 0x2d
 9181 0667 A8       		.byte	0xa8
 9182 0668 00       		.uleb128 0
 9183 0669 9F       		.byte	0x9f
 9184 066a 00       		.byte	0
 9185              	.LVUS16:
 9186 066b 00       		.uleb128 0
 9187 066c 00       		.uleb128 .LVU164
 9188 066d 00       		.uleb128 .LVU164
 9189 066e 00       		.uleb128 .LVU177
 9190 066f 00       		.uleb128 .LVU177
 9191 0670 00       		.uleb128 .LVU188
 9192 0671 00       		.uleb128 .LVU188
 9193 0672 00       		.uleb128 0
 9194              	.LLST16:
 9195 0673 06       		.byte	0x6
 9196 0674 00000000 		.4byte	.LVL31
 9197 0678 04       		.byte	0x4
 9198 0679 00       		.uleb128 .LVL31-.LVL31
 9199 067a 0E       		.uleb128 .LVL33-.LVL31
 9200 067b 01       		.uleb128 0x1
 9201 067c 51       		.byte	0x51
 9202 067d 04       		.byte	0x4
 9203 067e 0E       		.uleb128 .LVL33-.LVL31
 9204 067f 1A       		.uleb128 .LVL36-.LVL31
 9205 0680 01       		.uleb128 0x1
 9206 0681 54       		.byte	0x54
 9207 0682 04       		.byte	0x4
 9208 0683 1A       		.uleb128 .LVL36-.LVL31
 9209 0684 3E       		.uleb128 .LVL39-.LVL31
 9210 0685 03       		.uleb128 0x3
 9211 0686 74       		.byte	0x74
 9212 0687 30       		.sleb128 48
 9213 0688 9F       		.byte	0x9f
 9214 0689 04       		.byte	0x4
 9215 068a 3E       		.uleb128 .LVL39-.LVL31
 9216 068b 58       		.uleb128 .LFE208-.LVL31
 9217 068c 0A       		.uleb128 0xa
 9218 068d A3       		.byte	0xa3
 9219 068e 03       		.uleb128 0x3
 9220 068f A5       		.byte	0xa5
 9221 0690 01       		.uleb128 0x1
 9222 0691 26       		.uleb128 0x26
 9223 0692 A8       		.byte	0xa8
 9224 0693 2D       		.uleb128 0x2d
 9225 0694 A8       		.byte	0xa8
 9226 0695 00       		.uleb128 0
 9227 0696 9F       		.byte	0x9f
 9228 0697 00       		.byte	0
 9229              	.LVUS17:
 9230 0698 00       		.uleb128 0
 9231 0699 00       		.uleb128 .LVU163
 9232 069a 00       		.uleb128 .LVU163
 9233 069b 00       		.uleb128 .LVU204
ARM GAS  /tmp/ccnze4xj.s 			page 163


 9234 069c 00       		.uleb128 .LVU204
 9235 069d 00       		.uleb128 0
 9236              	.LLST17:
 9237 069e 06       		.byte	0x6
 9238 069f 00000000 		.4byte	.LVL31
 9239 06a3 04       		.byte	0x4
 9240 06a4 00       		.uleb128 .LVL31-.LVL31
 9241 06a5 0C       		.uleb128 .LVL32-.LVL31
 9242 06a6 01       		.uleb128 0x1
 9243 06a7 52       		.byte	0x52
 9244 06a8 04       		.byte	0x4
 9245 06a9 0C       		.uleb128 .LVL32-.LVL31
 9246 06aa 4E       		.uleb128 .LVL42-.LVL31
 9247 06ab 01       		.uleb128 0x1
 9248 06ac 56       		.byte	0x56
 9249 06ad 04       		.byte	0x4
 9250 06ae 4E       		.uleb128 .LVL42-.LVL31
 9251 06af 58       		.uleb128 .LFE208-.LVL31
 9252 06b0 0A       		.uleb128 0xa
 9253 06b1 A3       		.byte	0xa3
 9254 06b2 03       		.uleb128 0x3
 9255 06b3 A5       		.byte	0xa5
 9256 06b4 02       		.uleb128 0x2
 9257 06b5 26       		.uleb128 0x26
 9258 06b6 A8       		.byte	0xa8
 9259 06b7 2D       		.uleb128 0x2d
 9260 06b8 A8       		.byte	0xa8
 9261 06b9 00       		.uleb128 0
 9262 06ba 9F       		.byte	0x9f
 9263 06bb 00       		.byte	0
 9264              	.LVUS18:
 9265 06bc 00       		.uleb128 0
 9266 06bd 00       		.uleb128 .LVU165
 9267 06be 00       		.uleb128 .LVU165
 9268 06bf 00       		.uleb128 .LVU204
 9269 06c0 00       		.uleb128 .LVU204
 9270 06c1 00       		.uleb128 0
 9271              	.LLST18:
 9272 06c2 06       		.byte	0x6
 9273 06c3 00000000 		.4byte	.LVL31
 9274 06c7 04       		.byte	0x4
 9275 06c8 00       		.uleb128 .LVL31-.LVL31
 9276 06c9 11       		.uleb128 .LVL34-1-.LVL31
 9277 06ca 01       		.uleb128 0x1
 9278 06cb 53       		.byte	0x53
 9279 06cc 04       		.byte	0x4
 9280 06cd 11       		.uleb128 .LVL34-1-.LVL31
 9281 06ce 4E       		.uleb128 .LVL42-.LVL31
 9282 06cf 01       		.uleb128 0x1
 9283 06d0 57       		.byte	0x57
 9284 06d1 04       		.byte	0x4
 9285 06d2 4E       		.uleb128 .LVL42-.LVL31
 9286 06d3 58       		.uleb128 .LFE208-.LVL31
 9287 06d4 0A       		.uleb128 0xa
 9288 06d5 A3       		.byte	0xa3
 9289 06d6 03       		.uleb128 0x3
 9290 06d7 A5       		.byte	0xa5
ARM GAS  /tmp/ccnze4xj.s 			page 164


 9291 06d8 03       		.uleb128 0x3
 9292 06d9 26       		.uleb128 0x26
 9293 06da A8       		.byte	0xa8
 9294 06db 2D       		.uleb128 0x2d
 9295 06dc A8       		.byte	0xa8
 9296 06dd 00       		.uleb128 0
 9297 06de 9F       		.byte	0x9f
 9298 06df 00       		.byte	0
 9299              	.LVUS19:
 9300 06e0 00       		.uleb128 0
 9301 06e1 00       		.uleb128 .LVU204
 9302 06e2 00       		.uleb128 .LVU204
 9303 06e3 00       		.uleb128 0
 9304              	.LLST19:
 9305 06e4 06       		.byte	0x6
 9306 06e5 00000000 		.4byte	.LVL31
 9307 06e9 04       		.byte	0x4
 9308 06ea 00       		.uleb128 .LVL31-.LVL31
 9309 06eb 4E       		.uleb128 .LVL42-.LVL31
 9310 06ec 02       		.uleb128 0x2
 9311 06ed 91       		.byte	0x91
 9312 06ee 00       		.sleb128 0
 9313 06ef 04       		.byte	0x4
 9314 06f0 4E       		.uleb128 .LVL42-.LVL31
 9315 06f1 58       		.uleb128 .LFE208-.LVL31
 9316 06f2 02       		.uleb128 0x2
 9317 06f3 7D       		.byte	0x7d
 9318 06f4 00       		.sleb128 0
 9319 06f5 00       		.byte	0
 9320              	.LVUS20:
 9321 06f6 00       		.uleb128 .LVU178
 9322 06f7 00       		.uleb128 .LVU187
 9323 06f8 00       		.uleb128 .LVU187
 9324 06f9 00       		.uleb128 .LVU188
 9325 06fa 00       		.uleb128 .LVU188
 9326 06fb 00       		.uleb128 .LVU189
 9327 06fc 00       		.uleb128 .LVU189
 9328 06fd 00       		.uleb128 .LVU204
 9329 06fe 00       		.uleb128 .LVU204
 9330 06ff 00       		.uleb128 0
 9331              	.LLST20:
 9332 0700 06       		.byte	0x6
 9333 0701 1C000000 		.4byte	.LVL37
 9334 0705 04       		.byte	0x4
 9335 0706 00       		.uleb128 .LVL37-.LVL37
 9336 0707 1F       		.uleb128 .LVL38-1-.LVL37
 9337 0708 01       		.uleb128 0x1
 9338 0709 50       		.byte	0x50
 9339 070a 04       		.byte	0x4
 9340 070b 1F       		.uleb128 .LVL38-1-.LVL37
 9341 070c 22       		.uleb128 .LVL39-.LVL37
 9342 070d 06       		.uleb128 0x6
 9343 070e 75       		.byte	0x75
 9344 070f 00       		.sleb128 0
 9345 0710 74       		.byte	0x74
 9346 0711 00       		.sleb128 0
 9347 0712 22       		.byte	0x22
ARM GAS  /tmp/ccnze4xj.s 			page 165


 9348 0713 9F       		.byte	0x9f
 9349 0714 04       		.byte	0x4
 9350 0715 22       		.uleb128 .LVL39-.LVL37
 9351 0716 27       		.uleb128 .LVL40-1-.LVL37
 9352 0717 01       		.uleb128 0x1
 9353 0718 50       		.byte	0x50
 9354 0719 04       		.byte	0x4
 9355 071a 27       		.uleb128 .LVL40-1-.LVL37
 9356 071b 32       		.uleb128 .LVL42-.LVL37
 9357 071c 01       		.uleb128 0x1
 9358 071d 54       		.byte	0x54
 9359 071e 04       		.byte	0x4
 9360 071f 32       		.uleb128 .LVL42-.LVL37
 9361 0720 3C       		.uleb128 .LFE208-.LVL37
 9362 0721 01       		.uleb128 0x1
 9363 0722 50       		.byte	0x50
 9364 0723 00       		.byte	0
 9365              	.LVUS21:
 9366 0724 05       		.uleb128 .LVU170
 9367 0725 00       		.uleb128 .LVU172
 9368              	.LLST21:
 9369 0726 08       		.byte	0x8
 9370 0727 12000000 		.4byte	.LVL34
 9371 072b 06       		.uleb128 .LVL35-.LVL34
 9372 072c 03       		.uleb128 0x3
 9373 072d 08       		.byte	0x8
 9374 072e 20       		.byte	0x20
 9375 072f 9F       		.byte	0x9f
 9376 0730 00       		.byte	0
 9377              	.LVUS22:
 9378 0731 0A       		.uleb128 .LVU199
 9379 0732 00       		.uleb128 .LVU201
 9380              	.LLST22:
 9381 0733 08       		.byte	0x8
 9382 0734 44000000 		.4byte	.LVL40
 9383 0738 06       		.uleb128 .LVL41-.LVL40
 9384 0739 02       		.uleb128 0x2
 9385 073a 30       		.byte	0x30
 9386 073b 9F       		.byte	0x9f
 9387 073c 00       		.byte	0
 9388              	.LVUS11:
 9389 073d 00       		.uleb128 0
 9390 073e 00       		.uleb128 .LVU123
 9391 073f 00       		.uleb128 .LVU123
 9392 0740 00       		.uleb128 .LVU136
 9393 0741 00       		.uleb128 .LVU136
 9394 0742 00       		.uleb128 0
 9395              	.LLST11:
 9396 0743 06       		.byte	0x6
 9397 0744 00000000 		.4byte	.LVL23
 9398 0748 04       		.byte	0x4
 9399 0749 00       		.uleb128 .LVL23-.LVL23
 9400 074a 0A       		.uleb128 .LVL24-.LVL23
 9401 074b 01       		.uleb128 0x1
 9402 074c 50       		.byte	0x50
 9403 074d 04       		.byte	0x4
 9404 074e 0A       		.uleb128 .LVL24-.LVL23
ARM GAS  /tmp/ccnze4xj.s 			page 166


 9405 074f 1C       		.uleb128 .LVL28-.LVL23
 9406 0750 01       		.uleb128 0x1
 9407 0751 54       		.byte	0x54
 9408 0752 04       		.byte	0x4
 9409 0753 1C       		.uleb128 .LVL28-.LVL23
 9410 0754 2C       		.uleb128 .LFE207-.LVL23
 9411 0755 0A       		.uleb128 0xa
 9412 0756 A3       		.byte	0xa3
 9413 0757 03       		.uleb128 0x3
 9414 0758 A5       		.byte	0xa5
 9415 0759 00       		.uleb128 0
 9416 075a 26       		.uleb128 0x26
 9417 075b A8       		.byte	0xa8
 9418 075c 2D       		.uleb128 0x2d
 9419 075d A8       		.byte	0xa8
 9420 075e 00       		.uleb128 0
 9421 075f 9F       		.byte	0x9f
 9422 0760 00       		.byte	0
 9423              	.LVUS12:
 9424 0761 00       		.uleb128 .LVU136
 9425 0762 00       		.uleb128 .LVU137
 9426 0763 00       		.uleb128 .LVU137
 9427 0764 00       		.uleb128 0
 9428              	.LLST12:
 9429 0765 06       		.byte	0x6
 9430 0766 1C000000 		.4byte	.LVL28
 9431 076a 04       		.byte	0x4
 9432 076b 00       		.uleb128 .LVL28-.LVL28
 9433 076c 05       		.uleb128 .LVL29-1-.LVL28
 9434 076d 01       		.uleb128 0x1
 9435 076e 50       		.byte	0x50
 9436 076f 04       		.byte	0x4
 9437 0770 05       		.uleb128 .LVL29-1-.LVL28
 9438 0771 10       		.uleb128 .LFE207-.LVL28
 9439 0772 01       		.uleb128 0x1
 9440 0773 54       		.byte	0x54
 9441 0774 00       		.byte	0
 9442              	.LVUS13:
 9443 0775 05       		.uleb128 .LVU129
 9444 0776 00       		.uleb128 .LVU131
 9445              	.LLST13:
 9446 0777 08       		.byte	0x8
 9447 0778 0E000000 		.4byte	.LVL25
 9448 077c 06       		.uleb128 .LVL26-.LVL25
 9449 077d 03       		.uleb128 0x3
 9450 077e 08       		.byte	0x8
 9451 077f 20       		.byte	0x20
 9452 0780 9F       		.byte	0x9f
 9453 0781 00       		.byte	0
 9454              	.LVUS14:
 9455 0782 0A       		.uleb128 .LVU147
 9456 0783 00       		.uleb128 .LVU149
 9457              	.LLST14:
 9458 0784 08       		.byte	0x8
 9459 0785 22000000 		.4byte	.LVL29
 9460 0789 06       		.uleb128 .LVL30-.LVL29
 9461 078a 02       		.uleb128 0x2
ARM GAS  /tmp/ccnze4xj.s 			page 167


 9462 078b 30       		.byte	0x30
 9463 078c 9F       		.byte	0x9f
 9464 078d 00       		.byte	0
 9465              	.LVUS10:
 9466 078e 00       		.uleb128 0
 9467 078f 00       		.uleb128 .LVU114
 9468 0790 00       		.uleb128 .LVU114
 9469 0791 00       		.uleb128 0
 9470              	.LLST10:
 9471 0792 06       		.byte	0x6
 9472 0793 00000000 		.4byte	.LVL20
 9473 0797 04       		.byte	0x4
 9474 0798 00       		.uleb128 .LVL20-.LVL20
 9475 0799 05       		.uleb128 .LVL21-1-.LVL20
 9476 079a 01       		.uleb128 0x1
 9477 079b 50       		.byte	0x50
 9478 079c 04       		.byte	0x4
 9479 079d 05       		.uleb128 .LVL21-1-.LVL20
 9480 079e 0C       		.uleb128 .LFE206-.LVL20
 9481 079f 0A       		.uleb128 0xa
 9482 07a0 A3       		.byte	0xa3
 9483 07a1 03       		.uleb128 0x3
 9484 07a2 A5       		.byte	0xa5
 9485 07a3 00       		.uleb128 0
 9486 07a4 26       		.uleb128 0x26
 9487 07a5 A8       		.byte	0xa8
 9488 07a6 2D       		.uleb128 0x2d
 9489 07a7 A8       		.byte	0xa8
 9490 07a8 00       		.uleb128 0
 9491 07a9 9F       		.byte	0x9f
 9492 07aa 00       		.byte	0
 9493              	.LVUS6:
 9494 07ab 00       		.uleb128 0
 9495 07ac 00       		.uleb128 .LVU81
 9496 07ad 00       		.uleb128 .LVU81
 9497 07ae 00       		.uleb128 0
 9498              	.LLST6:
 9499 07af 06       		.byte	0x6
 9500 07b0 00000000 		.4byte	.LVL14
 9501 07b4 04       		.byte	0x4
 9502 07b5 00       		.uleb128 .LVL14-.LVL14
 9503 07b6 0A       		.uleb128 .LVL15-.LVL14
 9504 07b7 01       		.uleb128 0x1
 9505 07b8 50       		.byte	0x50
 9506 07b9 04       		.byte	0x4
 9507 07ba 0A       		.uleb128 .LVL15-.LVL14
 9508 07bb 22       		.uleb128 .LFE205-.LVL14
 9509 07bc 01       		.uleb128 0x1
 9510 07bd 54       		.byte	0x54
 9511 07be 00       		.byte	0
 9512              	.LVUS7:
 9513 07bf 00       		.uleb128 .LVU94
 9514 07c0 00       		.uleb128 0
 9515              	.LLST7:
 9516 07c1 08       		.byte	0x8
 9517 07c2 1A000000 		.4byte	.LVL18
 9518 07c6 08       		.uleb128 .LFE205-.LVL18
ARM GAS  /tmp/ccnze4xj.s 			page 168


 9519 07c7 01       		.uleb128 0x1
 9520 07c8 50       		.byte	0x50
 9521 07c9 00       		.byte	0
 9522              	.LVUS8:
 9523 07ca 05       		.uleb128 .LVU87
 9524 07cb 00       		.uleb128 .LVU89
 9525              	.LLST8:
 9526 07cc 08       		.byte	0x8
 9527 07cd 0E000000 		.4byte	.LVL16
 9528 07d1 06       		.uleb128 .LVL17-.LVL16
 9529 07d2 03       		.uleb128 0x3
 9530 07d3 08       		.byte	0x8
 9531 07d4 20       		.byte	0x20
 9532 07d5 9F       		.byte	0x9f
 9533 07d6 00       		.byte	0
 9534              	.LVUS9:
 9535 07d7 0A       		.uleb128 .LVU104
 9536 07d8 00       		.uleb128 .LVU106
 9537              	.LLST9:
 9538 07d9 08       		.byte	0x8
 9539 07da 1A000000 		.4byte	.LVL18
 9540 07de 06       		.uleb128 .LVL19-.LVL18
 9541 07df 02       		.uleb128 0x2
 9542 07e0 30       		.byte	0x30
 9543 07e1 9F       		.byte	0x9f
 9544 07e2 00       		.byte	0
 9545              	.LVUS4:
 9546 07e3 00       		.uleb128 0
 9547 07e4 00       		.uleb128 .LVU72
 9548 07e5 00       		.uleb128 .LVU72
 9549 07e6 00       		.uleb128 0
 9550              	.LLST4:
 9551 07e7 06       		.byte	0x6
 9552 07e8 00000000 		.4byte	.LVL10
 9553 07ec 04       		.byte	0x4
 9554 07ed 00       		.uleb128 .LVL10-.LVL10
 9555 07ee 2C       		.uleb128 .LVL12-.LVL10
 9556 07ef 01       		.uleb128 0x1
 9557 07f0 50       		.byte	0x50
 9558 07f1 04       		.byte	0x4
 9559 07f2 2C       		.uleb128 .LVL12-.LVL10
 9560 07f3 38       		.uleb128 .LFE204-.LVL10
 9561 07f4 0A       		.uleb128 0xa
 9562 07f5 A3       		.byte	0xa3
 9563 07f6 03       		.uleb128 0x3
 9564 07f7 A5       		.byte	0xa5
 9565 07f8 00       		.uleb128 0
 9566 07f9 26       		.uleb128 0x26
 9567 07fa A8       		.byte	0xa8
 9568 07fb 2D       		.uleb128 0x2d
 9569 07fc A8       		.byte	0xa8
 9570 07fd 00       		.uleb128 0
 9571 07fe 9F       		.byte	0x9f
 9572 07ff 00       		.byte	0
 9573              	.LVUS5:
 9574 0800 00       		.uleb128 .LVU62
 9575 0801 00       		.uleb128 .LVU72
ARM GAS  /tmp/ccnze4xj.s 			page 169


 9576 0802 00       		.uleb128 .LVU72
 9577 0803 00       		.uleb128 .LVU73
 9578              	.LLST5:
 9579 0804 06       		.byte	0x6
 9580 0805 04000000 		.4byte	.LVL11
 9581 0809 04       		.byte	0x4
 9582 080a 00       		.uleb128 .LVL11-.LVL11
 9583 080b 28       		.uleb128 .LVL12-.LVL11
 9584 080c 03       		.uleb128 0x3
 9585 080d 73       		.byte	0x73
 9586 080e 50       		.sleb128 -48
 9587 080f 9F       		.byte	0x9f
 9588 0810 04       		.byte	0x4
 9589 0811 28       		.uleb128 .LVL12-.LVL11
 9590 0812 2B       		.uleb128 .LVL13-1-.LVL11
 9591 0813 01       		.uleb128 0x1
 9592 0814 50       		.byte	0x50
 9593 0815 00       		.byte	0
 9594              	.LVUS3:
 9595 0816 00       		.uleb128 0
 9596 0817 01       		.uleb128 .LVU44
 9597 0818 01       		.uleb128 .LVU44
 9598 0819 00       		.uleb128 .LVU45
 9599 081a 00       		.uleb128 .LVU45
 9600 081b 00       		.uleb128 0
 9601              	.LLST3:
 9602 081c 06       		.byte	0x6
 9603 081d 00000000 		.4byte	.LVL7
 9604 0821 04       		.byte	0x4
 9605 0822 00       		.uleb128 .LVL7-.LVL7
 9606 0823 02       		.uleb128 .LVL8-.LVL7
 9607 0824 01       		.uleb128 0x1
 9608 0825 50       		.byte	0x50
 9609 0826 04       		.byte	0x4
 9610 0827 02       		.uleb128 .LVL8-.LVL7
 9611 0828 06       		.uleb128 .LVL9-.LVL7
 9612 0829 03       		.uleb128 0x3
 9613 082a 70       		.byte	0x70
 9614 082b 01       		.sleb128 1
 9615 082c 9F       		.byte	0x9f
 9616 082d 04       		.byte	0x4
 9617 082e 06       		.uleb128 .LVL9-.LVL7
 9618 082f 0C       		.uleb128 .LFE203-.LVL7
 9619 0830 01       		.uleb128 0x1
 9620 0831 50       		.byte	0x50
 9621 0832 00       		.byte	0
 9622              	.LVUS0:
 9623 0833 00       		.uleb128 0
 9624 0834 00       		.uleb128 .LVU27
 9625 0835 00       		.uleb128 .LVU27
 9626 0836 00       		.uleb128 .LVU29
 9627 0837 00       		.uleb128 .LVU29
 9628 0838 00       		.uleb128 0
 9629              	.LLST0:
 9630 0839 06       		.byte	0x6
 9631 083a 00000000 		.4byte	.LVL1
 9632 083e 04       		.byte	0x4
ARM GAS  /tmp/ccnze4xj.s 			page 170


 9633 083f 00       		.uleb128 .LVL1-.LVL1
 9634 0840 1C       		.uleb128 .LVL3-.LVL1
 9635 0841 01       		.uleb128 0x1
 9636 0842 51       		.byte	0x51
 9637 0843 04       		.byte	0x4
 9638 0844 1C       		.uleb128 .LVL3-.LVL1
 9639 0845 20       		.uleb128 .LVL4-.LVL1
 9640 0846 02       		.uleb128 0x2
 9641 0847 70       		.byte	0x70
 9642 0848 18       		.sleb128 24
 9643 0849 04       		.byte	0x4
 9644 084a 20       		.uleb128 .LVL4-.LVL1
 9645 084b 30       		.uleb128 .LFE202-.LVL1
 9646 084c 0A       		.uleb128 0xa
 9647 084d A3       		.byte	0xa3
 9648 084e 03       		.uleb128 0x3
 9649 084f A5       		.byte	0xa5
 9650 0850 01       		.uleb128 0x1
 9651 0851 26       		.uleb128 0x26
 9652 0852 A8       		.byte	0xa8
 9653 0853 2D       		.uleb128 0x2d
 9654 0854 A8       		.byte	0xa8
 9655 0855 00       		.uleb128 0
 9656 0856 9F       		.byte	0x9f
 9657 0857 00       		.byte	0
 9658              	.LVUS1:
 9659 0858 00       		.uleb128 0
 9660 0859 00       		.uleb128 .LVU18
 9661 085a 00       		.uleb128 .LVU18
 9662 085b 00       		.uleb128 .LVU29
 9663 085c 00       		.uleb128 .LVU29
 9664 085d 00       		.uleb128 0
 9665              	.LLST1:
 9666 085e 06       		.byte	0x6
 9667 085f 00000000 		.4byte	.LVL1
 9668 0863 04       		.byte	0x4
 9669 0864 00       		.uleb128 .LVL1-.LVL1
 9670 0865 04       		.uleb128 .LVL2-.LVL1
 9671 0866 01       		.uleb128 0x1
 9672 0867 52       		.byte	0x52
 9673 0868 04       		.byte	0x4
 9674 0869 04       		.uleb128 .LVL2-.LVL1
 9675 086a 20       		.uleb128 .LVL4-.LVL1
 9676 086b 02       		.uleb128 0x2
 9677 086c 70       		.byte	0x70
 9678 086d 08       		.sleb128 8
 9679 086e 04       		.byte	0x4
 9680 086f 20       		.uleb128 .LVL4-.LVL1
 9681 0870 30       		.uleb128 .LFE202-.LVL1
 9682 0871 0A       		.uleb128 0xa
 9683 0872 A3       		.byte	0xa3
 9684 0873 03       		.uleb128 0x3
 9685 0874 A5       		.byte	0xa5
 9686 0875 02       		.uleb128 0x2
 9687 0876 26       		.uleb128 0x26
 9688 0877 A8       		.byte	0xa8
 9689 0878 2D       		.uleb128 0x2d
ARM GAS  /tmp/ccnze4xj.s 			page 171


 9690 0879 A8       		.byte	0xa8
 9691 087a 00       		.uleb128 0
 9692 087b 9F       		.byte	0x9f
 9693 087c 00       		.byte	0
 9694              	.LVUS2:
 9695 087d 00       		.uleb128 .LVU32
 9696 087e 00       		.uleb128 .LVU35
 9697              	.LLST2:
 9698 087f 08       		.byte	0x8
 9699 0880 26000000 		.4byte	.LVL5
 9700 0884 02       		.uleb128 .LVL6-.LVL5
 9701 0885 01       		.uleb128 0x1
 9702 0886 52       		.byte	0x52
 9703 0887 00       		.byte	0
 9704              	.Ldebug_loc3:
 9705              		.section	.debug_aranges,"",%progbits
 9706 0000 F4000000 		.4byte	0xf4
 9707 0004 0200     		.2byte	0x2
 9708 0006 00000000 		.4byte	.Ldebug_info0
 9709 000a 04       		.byte	0x4
 9710 000b 00       		.byte	0
 9711 000c 0000     		.2byte	0
 9712 000e 0000     		.2byte	0
 9713 0010 00000000 		.4byte	.LFB162
 9714 0014 1C000000 		.4byte	.LFE162-.LFB162
 9715 0018 00000000 		.4byte	.LFB202
 9716 001c 30000000 		.4byte	.LFE202-.LFB202
 9717 0020 00000000 		.4byte	.LFB203
 9718 0024 0C000000 		.4byte	.LFE203-.LFB203
 9719 0028 00000000 		.4byte	.LFB204
 9720 002c 38000000 		.4byte	.LFE204-.LFB204
 9721 0030 00000000 		.4byte	.LFB205
 9722 0034 22000000 		.4byte	.LFE205-.LFB205
 9723 0038 00000000 		.4byte	.LFB206
 9724 003c 0C000000 		.4byte	.LFE206-.LFB206
 9725 0040 00000000 		.4byte	.LFB207
 9726 0044 2C000000 		.4byte	.LFE207-.LFB207
 9727 0048 00000000 		.4byte	.LFB208
 9728 004c 58000000 		.4byte	.LFE208-.LFB208
 9729 0050 00000000 		.4byte	.LFB209
 9730 0054 14000000 		.4byte	.LFE209-.LFB209
 9731 0058 00000000 		.4byte	.LFB210
 9732 005c 18000000 		.4byte	.LFE210-.LFB210
 9733 0060 00000000 		.4byte	.LFB211
 9734 0064 34000000 		.4byte	.LFE211-.LFB211
 9735 0068 00000000 		.4byte	.LFB213
 9736 006c 38000000 		.4byte	.LFE213-.LFB213
 9737 0070 00000000 		.4byte	.LFB212
 9738 0074 0E000000 		.4byte	.LFE212-.LFB212
 9739 0078 00000000 		.4byte	.LFB214
 9740 007c 3C000000 		.4byte	.LFE214-.LFB214
 9741 0080 00000000 		.4byte	.LFB215
 9742 0084 24000000 		.4byte	.LFE215-.LFB215
 9743 0088 00000000 		.4byte	.LFB216
 9744 008c 1A000000 		.4byte	.LFE216-.LFB216
 9745 0090 00000000 		.4byte	.LFB217
 9746 0094 18000000 		.4byte	.LFE217-.LFB217
ARM GAS  /tmp/ccnze4xj.s 			page 172


 9747 0098 00000000 		.4byte	.LFB218
 9748 009c 22000000 		.4byte	.LFE218-.LFB218
 9749 00a0 00000000 		.4byte	.LFB219
 9750 00a4 2C000000 		.4byte	.LFE219-.LFB219
 9751 00a8 00000000 		.4byte	.LFB220
 9752 00ac 14000000 		.4byte	.LFE220-.LFB220
 9753 00b0 00000000 		.4byte	.LFB221
 9754 00b4 1C000000 		.4byte	.LFE221-.LFB221
 9755 00b8 00000000 		.4byte	.LFB222
 9756 00bc 20000000 		.4byte	.LFE222-.LFB222
 9757 00c0 00000000 		.4byte	.LFB223
 9758 00c4 14000000 		.4byte	.LFE223-.LFB223
 9759 00c8 00000000 		.4byte	.LFB224
 9760 00cc 12000000 		.4byte	.LFE224-.LFB224
 9761 00d0 00000000 		.4byte	.LFB225
 9762 00d4 14000000 		.4byte	.LFE225-.LFB225
 9763 00d8 00000000 		.4byte	.LFB226
 9764 00dc 24000000 		.4byte	.LFE226-.LFB226
 9765 00e0 00000000 		.4byte	.LFB227
 9766 00e4 18000000 		.4byte	.LFE227-.LFB227
 9767 00e8 00000000 		.4byte	.LFB228
 9768 00ec 1C000000 		.4byte	.LFE228-.LFB228
 9769 00f0 00000000 		.4byte	0
 9770 00f4 00000000 		.4byte	0
 9771              		.section	.debug_rnglists,"",%progbits
 9772              	.Ldebug_ranges0:
 9773 0000 B1000000 		.4byte	.Ldebug_ranges3-.Ldebug_ranges2
 9774              	.Ldebug_ranges2:
 9775 0004 0500     		.2byte	0x5
 9776 0006 04       		.byte	0x4
 9777 0007 00       		.byte	0
 9778 0008 00000000 		.4byte	0
 9779              	.LLRL105:
 9780 000c 07       		.byte	0x7
 9781 000d 00000000 		.4byte	.LFB162
 9782 0011 1C       		.uleb128 .LFE162-.LFB162
 9783 0012 07       		.byte	0x7
 9784 0013 00000000 		.4byte	.LFB202
 9785 0017 30       		.uleb128 .LFE202-.LFB202
 9786 0018 07       		.byte	0x7
 9787 0019 00000000 		.4byte	.LFB203
 9788 001d 0C       		.uleb128 .LFE203-.LFB203
 9789 001e 07       		.byte	0x7
 9790 001f 00000000 		.4byte	.LFB204
 9791 0023 38       		.uleb128 .LFE204-.LFB204
 9792 0024 07       		.byte	0x7
 9793 0025 00000000 		.4byte	.LFB205
 9794 0029 22       		.uleb128 .LFE205-.LFB205
 9795 002a 07       		.byte	0x7
 9796 002b 00000000 		.4byte	.LFB206
 9797 002f 0C       		.uleb128 .LFE206-.LFB206
 9798 0030 07       		.byte	0x7
 9799 0031 00000000 		.4byte	.LFB207
 9800 0035 2C       		.uleb128 .LFE207-.LFB207
 9801 0036 07       		.byte	0x7
 9802 0037 00000000 		.4byte	.LFB208
 9803 003b 58       		.uleb128 .LFE208-.LFB208
ARM GAS  /tmp/ccnze4xj.s 			page 173


 9804 003c 07       		.byte	0x7
 9805 003d 00000000 		.4byte	.LFB209
 9806 0041 14       		.uleb128 .LFE209-.LFB209
 9807 0042 07       		.byte	0x7
 9808 0043 00000000 		.4byte	.LFB210
 9809 0047 18       		.uleb128 .LFE210-.LFB210
 9810 0048 07       		.byte	0x7
 9811 0049 00000000 		.4byte	.LFB211
 9812 004d 34       		.uleb128 .LFE211-.LFB211
 9813 004e 07       		.byte	0x7
 9814 004f 00000000 		.4byte	.LFB213
 9815 0053 38       		.uleb128 .LFE213-.LFB213
 9816 0054 07       		.byte	0x7
 9817 0055 00000000 		.4byte	.LFB212
 9818 0059 0E       		.uleb128 .LFE212-.LFB212
 9819 005a 07       		.byte	0x7
 9820 005b 00000000 		.4byte	.LFB214
 9821 005f 3C       		.uleb128 .LFE214-.LFB214
 9822 0060 07       		.byte	0x7
 9823 0061 00000000 		.4byte	.LFB215
 9824 0065 24       		.uleb128 .LFE215-.LFB215
 9825 0066 07       		.byte	0x7
 9826 0067 00000000 		.4byte	.LFB216
 9827 006b 1A       		.uleb128 .LFE216-.LFB216
 9828 006c 07       		.byte	0x7
 9829 006d 00000000 		.4byte	.LFB217
 9830 0071 18       		.uleb128 .LFE217-.LFB217
 9831 0072 07       		.byte	0x7
 9832 0073 00000000 		.4byte	.LFB218
 9833 0077 22       		.uleb128 .LFE218-.LFB218
 9834 0078 07       		.byte	0x7
 9835 0079 00000000 		.4byte	.LFB219
 9836 007d 2C       		.uleb128 .LFE219-.LFB219
 9837 007e 07       		.byte	0x7
 9838 007f 00000000 		.4byte	.LFB220
 9839 0083 14       		.uleb128 .LFE220-.LFB220
 9840 0084 07       		.byte	0x7
 9841 0085 00000000 		.4byte	.LFB221
 9842 0089 1C       		.uleb128 .LFE221-.LFB221
 9843 008a 07       		.byte	0x7
 9844 008b 00000000 		.4byte	.LFB222
 9845 008f 20       		.uleb128 .LFE222-.LFB222
 9846 0090 07       		.byte	0x7
 9847 0091 00000000 		.4byte	.LFB223
 9848 0095 14       		.uleb128 .LFE223-.LFB223
 9849 0096 07       		.byte	0x7
 9850 0097 00000000 		.4byte	.LFB224
 9851 009b 12       		.uleb128 .LFE224-.LFB224
 9852 009c 07       		.byte	0x7
 9853 009d 00000000 		.4byte	.LFB225
 9854 00a1 14       		.uleb128 .LFE225-.LFB225
 9855 00a2 07       		.byte	0x7
 9856 00a3 00000000 		.4byte	.LFB226
 9857 00a7 24       		.uleb128 .LFE226-.LFB226
 9858 00a8 07       		.byte	0x7
 9859 00a9 00000000 		.4byte	.LFB227
 9860 00ad 18       		.uleb128 .LFE227-.LFB227
ARM GAS  /tmp/ccnze4xj.s 			page 174


 9861 00ae 07       		.byte	0x7
 9862 00af 00000000 		.4byte	.LFB228
 9863 00b3 1C       		.uleb128 .LFE228-.LFB228
 9864 00b4 00       		.byte	0
 9865              	.Ldebug_ranges3:
 9866              		.section	.debug_line,"",%progbits
 9867              	.Ldebug_line0:
 9868 0000 96100000 		.section	.debug_str,"MS",%progbits,1
 9868      0300CC01 
 9868      00000201 
 9868      FB0E0D00 
 9868      01010101 
 9869              	.LASF90:
 9870 0000 63685468 		.ascii	"chThdDequeueAllI\000"
 9870      64446571 
 9870      75657565 
 9870      416C6C49 
 9870      00
 9871              	.LASF35:
 9872 0011 63685F74 		.ascii	"ch_threads_list\000"
 9872      68726561 
 9872      64735F6C 
 9872      69737400 
 9873              	.LASF148:
 9874 0021 474E5520 		.ascii	"GNU C11 13.2.1 20231009 -mcpu=cortex-m4 -mfloat-abi"
 9874      43313120 
 9874      31332E32 
 9874      2E312032 
 9874      30323331 
 9875 0054 3D686172 		.ascii	"=hard -mfpu=fpv4-sp-d16 -mno-thumb-interwork -mthum"
 9875      64202D6D 
 9875      6670753D 
 9875      66707634 
 9875      2D73702D 
 9876 0087 62202D6D 		.ascii	"b -march=armv7e-m+fp -ggdb -Og -std=c11 -fno-inline"
 9876      61726368 
 9876      3D61726D 
 9876      7637652D 
 9876      6D2B6670 
 9877 00ba 2D736D61 		.ascii	"-small-functions -fomit-frame-pointer -falign-funct"
 9877      6C6C2D66 
 9877      756E6374 
 9877      696F6E73 
 9877      202D666F 
 9878 00ed 696F6E73 		.ascii	"ions=16 -fstack-usage -ffunction-sections -fdata-se"
 9878      3D313620 
 9878      2D667374 
 9878      61636B2D 
 9878      75736167 
 9879 0120 6374696F 		.ascii	"ctions -fno-common -fsingle-precision-constant\000"
 9879      6E73202D 
 9879      666E6F2D 
 9879      636F6D6D 
 9879      6F6E202D 
 9880              	.LASF101:
 9881 014f 63685468 		.ascii	"chThdSleepUntilWindowed\000"
 9881      64536C65 
ARM GAS  /tmp/ccnze4xj.s 			page 175


 9881      6570556E 
 9881      74696C57 
 9881      696E646F 
 9882              	.LASF128:
 9883 0167 63685654 		.ascii	"chVTIsTimeWithinX\000"
 9883      49735469 
 9883      6D655769 
 9883      7468696E 
 9883      5800
 9884              	.LASF79:
 9885 0179 77626173 		.ascii	"wbase\000"
 9885      6500
 9886              	.LASF59:
 9887 017f 72656761 		.ascii	"regarm_t\000"
 9887      726D5F74 
 9887      00
 9888              	.LASF97:
 9889 0188 63685468 		.ascii	"chThdEnqueueTimeoutS\000"
 9889      64456E71 
 9889      75657565 
 9889      54696D65 
 9889      6F757453 
 9890              	.LASF29:
 9891 019d 666C6167 		.ascii	"flags\000"
 9891      7300
 9892              	.LASF20:
 9893 01a3 73797374 		.ascii	"systime_t\000"
 9893      696D655F 
 9893      7400
 9894              	.LASF91:
 9895 01ad 63685468 		.ascii	"chThdDequeueNextI\000"
 9895      64446571 
 9895      75657565 
 9895      4E657874 
 9895      4900
 9896              	.LASF1:
 9897 01bf 756E7369 		.ascii	"unsigned int\000"
 9897      676E6564 
 9897      20696E74 
 9897      00
 9898              	.LASF36:
 9899 01cc 6E657874 		.ascii	"next\000"
 9899      00
 9900              	.LASF33:
 9901 01d1 74687265 		.ascii	"threads_list_t\000"
 9901      6164735F 
 9901      6C697374 
 9901      5F7400
 9902              	.LASF30:
 9903 01e0 72656673 		.ascii	"refs\000"
 9903      00
 9904              	.LASF75:
 9905 01e5 77746F62 		.ascii	"wtobjp\000"
 9905      6A7000
 9906              	.LASF89:
 9907 01ec 5F706F72 		.ascii	"_port_thread_start\000"
 9907      745F7468 
ARM GAS  /tmp/ccnze4xj.s 			page 176


 9907      72656164 
 9907      5F737461 
 9907      727400
 9908              	.LASF57:
 9909 01ff 76746C69 		.ascii	"vtlist\000"
 9909      737400
 9910              	.LASF61:
 9911 0206 706F7274 		.ascii	"port_context\000"
 9911      5F636F6E 
 9911      74657874 
 9911      00
 9912              	.LASF41:
 9913 0213 63685F72 		.ascii	"ch_ready_list\000"
 9913      65616479 
 9913      5F6C6973 
 9913      7400
 9914              	.LASF127:
 9915 0221 63685468 		.ascii	"chThdStartI\000"
 9915      64537461 
 9915      72744900 
 9916              	.LASF47:
 9917 022d 66756E63 		.ascii	"func\000"
 9917      00
 9918              	.LASF81:
 9919 0232 66756E63 		.ascii	"funcp\000"
 9919      7000
 9920              	.LASF39:
 9921 0238 70726576 		.ascii	"prev\000"
 9921      00
 9922              	.LASF38:
 9923 023d 63685F74 		.ascii	"ch_threads_queue\000"
 9923      68726561 
 9923      64735F71 
 9923      75657565 
 9923      00
 9924              	.LASF99:
 9925 024e 63685468 		.ascii	"chThdSuspendS\000"
 9925      64537573 
 9925      70656E64 
 9925      5300
 9926              	.LASF69:
 9927 025c 444D4152 		.ascii	"DMAR\000"
 9927      00
 9928              	.LASF43:
 9929 0261 76746675 		.ascii	"vtfunc_t\000"
 9929      6E635F74 
 9929      00
 9930              	.LASF88:
 9931 026a 63685363 		.ascii	"chSchReadyI\000"
 9931      68526561 
 9931      64794900 
 9932              	.LASF52:
 9933 0276 63685F73 		.ascii	"ch_system_debug\000"
 9933      79737465 
 9933      6D5F6465 
 9933      62756700 
 9934              	.LASF95:
ARM GAS  /tmp/ccnze4xj.s 			page 177


 9935 0286 63685468 		.ascii	"chThdResumeI\000"
 9935      64526573 
 9935      756D6549 
 9935      00
 9936              	.LASF12:
 9937 0293 75696E74 		.ascii	"uint32_t\000"
 9937      33325F74 
 9937      00
 9938              	.LASF94:
 9939 029c 63685468 		.ascii	"chThdResumeS\000"
 9939      64526573 
 9939      756D6553 
 9939      00
 9940              	.LASF110:
 9941 02a9 63685468 		.ascii	"chThdExitS\000"
 9941      64457869 
 9941      745300
 9942              	.LASF117:
 9943 02b4 63685468 		.ascii	"chThdCreate\000"
 9943      64437265 
 9943      61746500 
 9944              	.LASF68:
 9945 02c0 42445452 		.ascii	"BDTR\000"
 9945      00
 9946              	.LASF82:
 9947 02c5 74687265 		.ascii	"thread_descriptor_t\000"
 9947      61645F64 
 9947      65736372 
 9947      6970746F 
 9947      725F7400 
 9948              	.LASF132:
 9949 02d9 63685654 		.ascii	"chVTGetSystemTimeX\000"
 9949      47657453 
 9949      79737465 
 9949      6D54696D 
 9949      655800
 9950              	.LASF18:
 9951 02ec 74707269 		.ascii	"tprio_t\000"
 9951      6F5F7400 
 9952              	.LASF124:
 9953 02f4 5F746872 		.ascii	"_thread_init\000"
 9953      6561645F 
 9953      696E6974 
 9953      00
 9954              	.LASF45:
 9955 0301 63685F76 		.ascii	"ch_virtual_timer\000"
 9955      69727475 
 9955      616C5F74 
 9955      696D6572 
 9955      00
 9956              	.LASF65:
 9957 0312 43434D52 		.ascii	"CCMR1\000"
 9957      3100
 9958              	.LASF66:
 9959 0318 43434D52 		.ascii	"CCMR2\000"
 9959      3200
 9960              	.LASF70:
ARM GAS  /tmp/ccnze4xj.s 			page 178


 9961 031e 43434D52 		.ascii	"CCMR3\000"
 9961      3300
 9962              	.LASF78:
 9963 0324 7466756E 		.ascii	"tfunc_t\000"
 9963      635F7400 
 9964              	.LASF119:
 9965 032c 63685468 		.ascii	"chThdCreateSuspended\000"
 9965      64437265 
 9965      61746553 
 9965      75737065 
 9965      6E646564 
 9966              	.LASF0:
 9967 0341 6C6F6E67 		.ascii	"long long unsigned int\000"
 9967      206C6F6E 
 9967      6720756E 
 9967      7369676E 
 9967      65642069 
 9968              	.LASF143:
 9969 0358 73745F6C 		.ascii	"st_lld_get_counter\000"
 9969      6C645F67 
 9969      65745F63 
 9969      6F756E74 
 9969      657200
 9970              	.LASF107:
 9971 036b 6E657770 		.ascii	"newprio\000"
 9971      72696F00 
 9972              	.LASF133:
 9973 0373 63685379 		.ascii	"chSysUnlock\000"
 9973      73556E6C 
 9973      6F636B00 
 9974              	.LASF102:
 9975 037f 74696D65 		.ascii	"time\000"
 9975      00
 9976              	.LASF131:
 9977 0384 63685468 		.ascii	"chThdGetSelfX\000"
 9977      64476574 
 9977      53656C66 
 9977      5800
 9978              	.LASF37:
 9979 0392 74687265 		.ascii	"threads_queue_t\000"
 9979      6164735F 
 9979      71756575 
 9979      655F7400 
 9980              	.LASF147:
 9981 03a2 76616C75 		.ascii	"value\000"
 9981      6500
 9982              	.LASF49:
 9983 03a8 63685F76 		.ascii	"ch_virtual_timers_list\000"
 9983      69727475 
 9983      616C5F74 
 9983      696D6572 
 9983      735F6C69 
 9984              	.LASF140:
 9985 03bf 6C697374 		.ascii	"list_notempty\000"
 9985      5F6E6F74 
 9985      656D7074 
 9985      7900
ARM GAS  /tmp/ccnze4xj.s 			page 179


 9986              	.LASF21:
 9987 03cd 74687265 		.ascii	"thread_t\000"
 9987      61645F74 
 9987      00
 9988              	.LASF6:
 9989 03d6 73697A65 		.ascii	"size_t\000"
 9989      5F7400
 9990              	.LASF73:
 9991 03dd 7264796D 		.ascii	"rdymsg\000"
 9991      736700
 9992              	.LASF72:
 9993 03e4 73746D33 		.ascii	"stm32_tim_t\000"
 9993      325F7469 
 9993      6D5F7400 
 9994              	.LASF130:
 9995 03f0 5F426F6F 		.ascii	"_Bool\000"
 9995      6C00
 9996              	.LASF83:
 9997 03f6 63685363 		.ascii	"chSchDoRescheduleBehind\000"
 9997      68446F52 
 9997      65736368 
 9997      6564756C 
 9997      65426568 
 9998              	.LASF138:
 9999 040e 6C697374 		.ascii	"list_insert\000"
 9999      5F696E73 
 9999      65727400 
 10000              	.LASF64:
 10001 041a 44494552 		.ascii	"DIER\000"
 10001      00
 10002              	.LASF84:
 10003 041f 63685363 		.ascii	"chSchRescheduleS\000"
 10003      68526573 
 10003      63686564 
 10003      756C6553 
 10003      00
 10004              	.LASF142:
 10005 0430 706F7274 		.ascii	"port_timer_get_time\000"
 10005      5F74696D 
 10005      65725F67 
 10005      65745F74 
 10005      696D6500 
 10006              	.LASF144:
 10007 0444 63685379 		.ascii	"chSysLock\000"
 10007      734C6F63 
 10007      6B00
 10008              	.LASF151:
 10009 044e 63685363 		.ascii	"chSchDoYieldS\000"
 10009      68446F59 
 10009      69656C64 
 10009      5300
 10010              	.LASF23:
 10011 045c 7072696F 		.ascii	"prio\000"
 10011      00
 10012              	.LASF67:
 10013 0461 43434552 		.ascii	"CCER\000"
 10013      00
ARM GAS  /tmp/ccnze4xj.s 			page 180


 10014              	.LASF77:
 10015 0466 63686172 		.ascii	"char\000"
 10015      00
 10016              	.LASF32:
 10017 046b 74687265 		.ascii	"thread_reference_t\000"
 10017      61645F72 
 10017      65666572 
 10017      656E6365 
 10017      5F7400
 10018              	.LASF27:
 10019 047e 77616261 		.ascii	"wabase\000"
 10019      736500
 10020              	.LASF139:
 10021 0485 71756575 		.ascii	"queue_notempty\000"
 10021      655F6E6F 
 10021      74656D70 
 10021      747900
 10022              	.LASF16:
 10023 0494 74737461 		.ascii	"tstate_t\000"
 10023      74655F74 
 10023      00
 10024              	.LASF93:
 10025 049d 63685468 		.ascii	"chThdResume\000"
 10025      64526573 
 10025      756D6500 
 10026              	.LASF9:
 10027 04a9 75696E74 		.ascii	"uint8_t\000"
 10027      385F7400 
 10028              	.LASF63:
 10029 04b1 534D4352 		.ascii	"SMCR\000"
 10029      00
 10030              	.LASF34:
 10031 04b6 63685F74 		.ascii	"ch_thread\000"
 10031      68726561 
 10031      6400
 10032              	.LASF100:
 10033 04c0 63685468 		.ascii	"chThdYield\000"
 10033      64596965 
 10033      6C6400
 10034              	.LASF51:
 10035 04cb 73797374 		.ascii	"system_debug_t\000"
 10035      656D5F64 
 10035      65627567 
 10035      5F7400
 10036              	.LASF80:
 10037 04da 77656E64 		.ascii	"wend\000"
 10037      00
 10038              	.LASF2:
 10039 04df 6C6F6E67 		.ascii	"long long int\000"
 10039      206C6F6E 
 10039      6720696E 
 10039      7400
 10040              	.LASF105:
 10041 04ed 63685468 		.ascii	"chThdTerminate\000"
 10041      64546572 
 10041      6D696E61 
 10041      746500
ARM GAS  /tmp/ccnze4xj.s 			page 181


 10042              	.LASF19:
 10043 04fc 6D73675F 		.ascii	"msg_t\000"
 10043      7400
 10044              	.LASF113:
 10045 0502 63685468 		.ascii	"chThdAddRef\000"
 10045      64416464 
 10045      52656600 
 10046              	.LASF44:
 10047 050e 76697274 		.ascii	"virtual_timer_t\000"
 10047      75616C5F 
 10047      74696D65 
 10047      725F7400 
 10048              	.LASF135:
 10049 051e 71756575 		.ascii	"queue_fifo_remove\000"
 10049      655F6669 
 10049      666F5F72 
 10049      656D6F76 
 10049      6500
 10050              	.LASF141:
 10051 0530 6C697374 		.ascii	"list_init\000"
 10051      5F696E69 
 10051      7400
 10052              	.LASF116:
 10053 053a 73697A65 		.ascii	"size\000"
 10053      00
 10054              	.LASF121:
 10055 053f 5F746872 		.ascii	"_thread_memfill\000"
 10055      6561645F 
 10055      6D656D66 
 10055      696C6C00 
 10056              	.LASF112:
 10057 054f 63685468 		.ascii	"chThdRelease\000"
 10057      6452656C 
 10057      65617365 
 10057      00
 10058              	.LASF120:
 10059 055c 63685468 		.ascii	"chThdCreateSuspendedI\000"
 10059      64437265 
 10059      61746553 
 10059      75737065 
 10059      6E646564 
 10060              	.LASF122:
 10061 0572 73746172 		.ascii	"startp\000"
 10061      747000
 10062              	.LASF115:
 10063 0579 63685468 		.ascii	"chThdCreateStatic\000"
 10063      64437265 
 10063      61746553 
 10063      74617469 
 10063      6300
 10064              	.LASF53:
 10065 058b 70616E69 		.ascii	"panic_msg\000"
 10065      635F6D73 
 10065      6700
 10066              	.LASF15:
 10067 0595 746D6F64 		.ascii	"tmode_t\000"
 10067      655F7400 
ARM GAS  /tmp/ccnze4xj.s 			page 182


 10068              	.LASF58:
 10069 059d 6D61696E 		.ascii	"mainthread\000"
 10069      74687265 
 10069      616400
 10070              	.LASF3:
 10071 05a8 6C6F6E67 		.ascii	"long double\000"
 10071      20646F75 
 10071      626C6500 
 10072              	.LASF71:
 10073 05b4 43435852 		.ascii	"CCXR\000"
 10073      00
 10074              	.LASF150:
 10075 05b9 2F776F72 		.ascii	"/workspaces/tinySA\000"
 10075      6B737061 
 10075      6365732F 
 10075      74696E79 
 10075      534100
 10076              	.LASF109:
 10077 05cc 63685468 		.ascii	"chThdWait\000"
 10077      64576169 
 10077      7400
 10078              	.LASF5:
 10079 05d6 73686F72 		.ascii	"short int\000"
 10079      7420696E 
 10079      7400
 10080              	.LASF137:
 10081 05e0 6C697374 		.ascii	"list_remove\000"
 10081      5F72656D 
 10081      6F766500 
 10082              	.LASF8:
 10083 05ec 6C6F6E67 		.ascii	"long int\000"
 10083      20696E74 
 10083      00
 10084              	.LASF62:
 10085 05f5 706F7274 		.ascii	"port_intctx\000"
 10085      5F696E74 
 10085      63747800 
 10086              	.LASF123:
 10087 0601 656E6470 		.ascii	"endp\000"
 10087      00
 10088              	.LASF55:
 10089 0606 63685F73 		.ascii	"ch_system\000"
 10089      79737465 
 10089      6D00
 10090              	.LASF152:
 10091 0610 5F5F7365 		.ascii	"__set_BASEPRI\000"
 10091      745F4241 
 10091      53455052 
 10091      4900
 10092              	.LASF108:
 10093 061e 6F6C6470 		.ascii	"oldprio\000"
 10093      72696F00 
 10094              	.LASF50:
 10095 0626 6C617374 		.ascii	"lasttime\000"
 10095      74696D65 
 10095      00
 10096              	.LASF14:
ARM GAS  /tmp/ccnze4xj.s 			page 183


 10097 062f 75696E74 		.ascii	"uint64_t\000"
 10097      36345F74 
 10097      00
 10098              	.LASF56:
 10099 0638 726C6973 		.ascii	"rlist\000"
 10099      7400
 10100              	.LASF114:
 10101 063e 63685468 		.ascii	"chThdStart\000"
 10101      64537461 
 10101      727400
 10102              	.LASF103:
 10103 0649 63685468 		.ascii	"chThdSleepUntil\000"
 10103      64536C65 
 10103      6570556E 
 10103      74696C00 
 10104              	.LASF26:
 10105 0659 6E616D65 		.ascii	"name\000"
 10105      00
 10106              	.LASF129:
 10107 065e 73746172 		.ascii	"start\000"
 10107      7400
 10108              	.LASF125:
 10109 0664 63685468 		.ascii	"chThdDoDequeueNextI\000"
 10109      64446F44 
 10109      65717565 
 10109      75654E65 
 10109      78744900 
 10110              	.LASF17:
 10111 0678 74726566 		.ascii	"trefs_t\000"
 10111      735F7400 
 10112              	.LASF13:
 10113 0680 6C6F6E67 		.ascii	"long unsigned int\000"
 10113      20756E73 
 10113      69676E65 
 10113      6420696E 
 10113      7400
 10114              	.LASF40:
 10115 0692 72656164 		.ascii	"ready_list_t\000"
 10115      795F6C69 
 10115      73745F74 
 10115      00
 10116              	.LASF87:
 10117 069f 63685363 		.ascii	"chSchGoSleepTimeoutS\000"
 10117      68476F53 
 10117      6C656570 
 10117      54696D65 
 10117      6F757453 
 10118              	.LASF22:
 10119 06b4 71756575 		.ascii	"queue\000"
 10119      6500
 10120              	.LASF7:
 10121 06ba 696E7433 		.ascii	"int32_t\000"
 10121      325F7400 
 10122              	.LASF126:
 10123 06c2 63685468 		.ascii	"chThdSleepS\000"
 10123      64536C65 
 10123      65705300 
ARM GAS  /tmp/ccnze4xj.s 			page 184


 10124              	.LASF134:
 10125 06ce 63685363 		.ascii	"chSchCanYieldS\000"
 10125      6843616E 
 10125      5969656C 
 10125      645300
 10126              	.LASF24:
 10127 06dd 6E657765 		.ascii	"newer\000"
 10127      7200
 10128              	.LASF118:
 10129 06e3 63685468 		.ascii	"chThdCreateI\000"
 10129      64437265 
 10129      61746549 
 10129      00
 10130              	.LASF10:
 10131 06f0 756E7369 		.ascii	"unsigned char\000"
 10131      676E6564 
 10131      20636861 
 10131      7200
 10132              	.LASF31:
 10133 06fe 77616974 		.ascii	"waiting\000"
 10133      696E6700 
 10134              	.LASF48:
 10135 0706 76697274 		.ascii	"virtual_timers_list_t\000"
 10135      75616C5F 
 10135      74696D65 
 10135      72735F6C 
 10135      6973745F 
 10136              	.LASF92:
 10137 071c 74696D65 		.ascii	"timeout\000"
 10137      6F757400 
 10138              	.LASF104:
 10139 0724 63685468 		.ascii	"chThdSleep\000"
 10139      64536C65 
 10139      657000
 10140              	.LASF86:
 10141 072f 63685363 		.ascii	"chSchWakeupS\000"
 10141      6857616B 
 10141      65757053 
 10141      00
 10142              	.LASF28:
 10143 073c 73746174 		.ascii	"state\000"
 10143      6500
 10144              	.LASF54:
 10145 0742 63685F73 		.ascii	"ch_system_t\000"
 10145      79737465 
 10145      6D5F7400 
 10146              	.LASF76:
 10147 074e 77747472 		.ascii	"wttrp\000"
 10147      7000
 10148              	.LASF4:
 10149 0754 7369676E 		.ascii	"signed char\000"
 10149      65642063 
 10149      68617200 
 10150              	.LASF46:
 10151 0760 64656C74 		.ascii	"delta\000"
 10151      6100
 10152              	.LASF11:
ARM GAS  /tmp/ccnze4xj.s 			page 185


 10153 0766 73686F72 		.ascii	"short unsigned int\000"
 10153      7420756E 
 10153      7369676E 
 10153      65642069 
 10153      6E7400
 10154              	.LASF136:
 10155 0779 71756575 		.ascii	"queue_insert\000"
 10155      655F696E 
 10155      73657274 
 10155      00
 10156              	.LASF60:
 10157 0786 73746B61 		.ascii	"stkalign_t\000"
 10157      6C69676E 
 10157      5F7400
 10158              	.LASF42:
 10159 0791 63757272 		.ascii	"current\000"
 10159      656E7400 
 10160              	.LASF96:
 10161 0799 5F5F6675 		.ascii	"__func__\000"
 10161      6E635F5F 
 10161      00
 10162              	.LASF111:
 10163 07a2 63685468 		.ascii	"chThdExit\000"
 10163      64457869 
 10163      7400
 10164              	.LASF106:
 10165 07ac 63685468 		.ascii	"chThdSetPriority\000"
 10165      64536574 
 10165      5072696F 
 10165      72697479 
 10165      00
 10166              	.LASF145:
 10167 07bd 706F7274 		.ascii	"port_unlock\000"
 10167      5F756E6C 
 10167      6F636B00 
 10168              	.LASF25:
 10169 07c9 6F6C6465 		.ascii	"older\000"
 10169      7200
 10170              	.LASF146:
 10171 07cf 706F7274 		.ascii	"port_lock\000"
 10171      5F6C6F63 
 10171      6B00
 10172              	.LASF74:
 10173 07d9 65786974 		.ascii	"exitcode\000"
 10173      636F6465 
 10173      00
 10174              	.LASF98:
 10175 07e2 63685468 		.ascii	"chThdSuspendTimeoutS\000"
 10175      64537573 
 10175      70656E64 
 10175      54696D65 
 10175      6F757453 
 10176              	.LASF85:
 10177 07f7 63685363 		.ascii	"chSchGoSleepS\000"
 10177      68476F53 
 10177      6C656570 
 10177      5300
ARM GAS  /tmp/ccnze4xj.s 			page 186


 10178              	.LASF149:
 10179 0805 43686962 		.ascii	"ChibiOS/os/rt/src/chthreads.c\000"
 10179      694F532F 
 10179      6F732F72 
 10179      742F7372 
 10179      632F6368 
 10180              		.ident	"GCC: (15:13.2.rel1-2) 13.2.1 20231009"
ARM GAS  /tmp/ccnze4xj.s 			page 187


DEFINED SYMBOLS
                            *ABS*:00000000 chthreads.c
     /tmp/ccnze4xj.s:21     .text.chSchDoYieldS:00000000 $t
     /tmp/ccnze4xj.s:27     .text.chSchDoYieldS:00000000 chSchDoYieldS
     /tmp/ccnze4xj.s:71     .text.chSchDoYieldS:00000018 $d
     /tmp/ccnze4xj.s:76     .text._thread_init:00000000 $t
     /tmp/ccnze4xj.s:83     .text._thread_init:00000000 _thread_init
     /tmp/ccnze4xj.s:147    .text._thread_init:0000002c $d
     /tmp/ccnze4xj.s:152    .text._thread_memfill:00000000 $t
     /tmp/ccnze4xj.s:159    .text._thread_memfill:00000000 _thread_memfill
     /tmp/ccnze4xj.s:186    .text.chThdCreateSuspendedI:00000000 $t
     /tmp/ccnze4xj.s:193    .text.chThdCreateSuspendedI:00000000 chThdCreateSuspendedI
     /tmp/ccnze4xj.s:252    .text.chThdCreateSuspendedI:00000034 $d
     /tmp/ccnze4xj.s:257    .text.chThdCreateSuspended:00000000 $t
     /tmp/ccnze4xj.s:264    .text.chThdCreateSuspended:00000000 chThdCreateSuspended
     /tmp/ccnze4xj.s:368    .text.chThdCreateI:00000000 $t
     /tmp/ccnze4xj.s:375    .text.chThdCreateI:00000000 chThdCreateI
     /tmp/ccnze4xj.s:400    .text.chThdCreate:00000000 $t
     /tmp/ccnze4xj.s:407    .text.chThdCreate:00000000 chThdCreate
     /tmp/ccnze4xj.s:515    .rodata.chThdCreateStatic.str1.4:00000000 $d
     /tmp/ccnze4xj.s:519    .text.chThdCreateStatic:00000000 $t
     /tmp/ccnze4xj.s:526    .text.chThdCreateStatic:00000000 chThdCreateStatic
     /tmp/ccnze4xj.s:669    .text.chThdCreateStatic:00000050 $d
     /tmp/ccnze4xj.s:675    .text.chThdStart:00000000 $t
     /tmp/ccnze4xj.s:682    .text.chThdStart:00000000 chThdStart
     /tmp/ccnze4xj.s:781    .text.chThdAddRef:00000000 $t
     /tmp/ccnze4xj.s:788    .text.chThdAddRef:00000000 chThdAddRef
     /tmp/ccnze4xj.s:876    .text.chThdRelease:00000000 $t
     /tmp/ccnze4xj.s:883    .text.chThdRelease:00000000 chThdRelease
     /tmp/ccnze4xj.s:1023   .text.chThdExitS:00000000 $t
     /tmp/ccnze4xj.s:1030   .text.chThdExitS:00000000 chThdExitS
     /tmp/ccnze4xj.s:1121   .text.chThdExitS:00000034 $d
     /tmp/ccnze4xj.s:1126   .text.chThdExit:00000000 $t
     /tmp/ccnze4xj.s:1133   .text.chThdExit:00000000 chThdExit
     /tmp/ccnze4xj.s:1184   .text.chThdWait:00000000 $t
     /tmp/ccnze4xj.s:1191   .text.chThdWait:00000000 chThdWait
     /tmp/ccnze4xj.s:1332   .text.chThdWait:00000038 $d
     /tmp/ccnze4xj.s:1337   .text.chThdSetPriority:00000000 $t
     /tmp/ccnze4xj.s:1344   .text.chThdSetPriority:00000000 chThdSetPriority
     /tmp/ccnze4xj.s:1446   .text.chThdSetPriority:00000020 $d
     /tmp/ccnze4xj.s:1451   .text.chThdTerminate:00000000 $t
     /tmp/ccnze4xj.s:1458   .text.chThdTerminate:00000000 chThdTerminate
     /tmp/ccnze4xj.s:1542   .text.chThdSleep:00000000 $t
     /tmp/ccnze4xj.s:1549   .text.chThdSleep:00000000 chThdSleep
     /tmp/ccnze4xj.s:1650   .text.chThdSleepUntil:00000000 $t
     /tmp/ccnze4xj.s:1657   .text.chThdSleepUntil:00000000 chThdSleepUntil
     /tmp/ccnze4xj.s:1792   .text.chThdSleepUntilWindowed:00000000 $t
     /tmp/ccnze4xj.s:1799   .text.chThdSleepUntilWindowed:00000000 chThdSleepUntilWindowed
     /tmp/ccnze4xj.s:1949   .text.chThdYield:00000000 $t
     /tmp/ccnze4xj.s:1956   .text.chThdYield:00000000 chThdYield
     /tmp/ccnze4xj.s:2039   .text.chThdSuspendS:00000000 $t
     /tmp/ccnze4xj.s:2046   .text.chThdSuspendS:00000000 chThdSuspendS
     /tmp/ccnze4xj.s:2102   .text.chThdSuspendS:00000018 $d
     /tmp/ccnze4xj.s:2107   .text.chThdSuspendTimeoutS:00000000 $t
     /tmp/ccnze4xj.s:2114   .text.chThdSuspendTimeoutS:00000000 chThdSuspendTimeoutS
     /tmp/ccnze4xj.s:2171   .text.chThdSuspendTimeoutS:0000001c $d
     /tmp/ccnze4xj.s:2176   .text.chThdResumeI:00000000 $t
ARM GAS  /tmp/ccnze4xj.s 			page 188


     /tmp/ccnze4xj.s:2183   .text.chThdResumeI:00000000 chThdResumeI
     /tmp/ccnze4xj.s:2228   .text.chThdResumeS:00000000 $t
     /tmp/ccnze4xj.s:2235   .text.chThdResumeS:00000000 chThdResumeS
     /tmp/ccnze4xj.s:2276   .text.chThdResume:00000000 $t
     /tmp/ccnze4xj.s:2283   .text.chThdResume:00000000 chThdResume
     /tmp/ccnze4xj.s:2368   .text.chThdEnqueueTimeoutS:00000000 $t
     /tmp/ccnze4xj.s:2375   .text.chThdEnqueueTimeoutS:00000000 chThdEnqueueTimeoutS
     /tmp/ccnze4xj.s:2438   .text.chThdEnqueueTimeoutS:00000020 $d
     /tmp/ccnze4xj.s:2443   .text.chThdDequeueNextI:00000000 $t
     /tmp/ccnze4xj.s:2450   .text.chThdDequeueNextI:00000000 chThdDequeueNextI
     /tmp/ccnze4xj.s:2528   .text.chThdDequeueAllI:00000000 $t
     /tmp/ccnze4xj.s:2535   .text.chThdDequeueAllI:00000000 chThdDequeueAllI

UNDEFINED SYMBOLS
chSchDoRescheduleBehind
ch
_port_thread_start
chSchReadyI
chSchWakeupS
chSchGoSleepS
chSchRescheduleS
chSchGoSleepTimeoutS
