ARM GAS  /tmp/cc7IMVeb.s 			page 1


   1              		.cpu cortex-m4
   2              		.arch armv7e-m
   3              		.fpu fpv4-sp-d16
   4              		.eabi_attribute 27, 1
   5              		.eabi_attribute 28, 1
   6              		.eabi_attribute 20, 1
   7              		.eabi_attribute 21, 1
   8              		.eabi_attribute 23, 3
   9              		.eabi_attribute 24, 1
  10              		.eabi_attribute 25, 1
  11              		.eabi_attribute 26, 1
  12              		.eabi_attribute 30, 1
  13              		.eabi_attribute 34, 1
  14              		.eabi_attribute 18, 4
  15              		.file	"chvt.c"
  16              		.text
  17              	.Ltext0:
  18              		.cfi_sections	.debug_frame
  19              		.file 1 "ChibiOS/os/rt/src/chvt.c"
  20              		.section	.text._vt_init,"ax",%progbits
  21              		.align	1
  22              		.p2align 4,,15
  23              		.global	_vt_init
  24              		.syntax unified
  25              		.thumb
  26              		.thumb_func
  27              		.type	_vt_init, %function
  28              	_vt_init:
  29              	.LFB202:
  30              		.loc 1 61 21 view -0
  31              		.cfi_startproc
  32              		@ args = 0, pretend = 0, frame = 0
  33              		@ frame_needed = 0, uses_anonymous_args = 0
  34              		@ link register save eliminated.
  35              		.loc 1 63 3 view .LVU1
  36              		.loc 1 63 18 is_stmt 0 view .LVU2
  37 0000 054B     		ldr	r3, .L2
  38 0002 03F11C02 		add	r2, r3, #28
  39 0006 DA61     		str	r2, [r3, #28]
  40              		.loc 1 64 3 is_stmt 1 view .LVU3
  41              		.loc 1 64 18 is_stmt 0 view .LVU4
  42 0008 1A62     		str	r2, [r3, #32]
  43              		.loc 1 65 3 is_stmt 1 view .LVU5
  44              		.loc 1 65 19 is_stmt 0 view .LVU6
  45 000a 4FF0FF32 		mov	r2, #-1
  46 000e 5A62     		str	r2, [r3, #36]
  47              		.loc 1 69 3 is_stmt 1 view .LVU7
  48              		.loc 1 69 22 is_stmt 0 view .LVU8
  49 0010 0022     		movs	r2, #0
  50 0012 9A62     		str	r2, [r3, #40]
  51              		.loc 1 71 1 view .LVU9
  52 0014 7047     		bx	lr
  53              	.L3:
  54 0016 00BF     		.align	2
  55              	.L2:
  56 0018 00000000 		.word	ch
  57              		.cfi_endproc
ARM GAS  /tmp/cc7IMVeb.s 			page 2


  58              	.LFE202:
  59              		.size	_vt_init, .-_vt_init
  60              		.section	.text.chVTDoSetI,"ax",%progbits
  61              		.align	1
  62              		.p2align 4,,15
  63              		.global	chVTDoSetI
  64              		.syntax unified
  65              		.thumb
  66              		.thumb_func
  67              		.type	chVTDoSetI, %function
  68              	chVTDoSetI:
  69              	.LVL0:
  70              	.LFB203:
  71              		.loc 1 96 45 is_stmt 1 view -0
  72              		.cfi_startproc
  73              		@ args = 0, pretend = 0, frame = 0
  74              		@ frame_needed = 0, uses_anonymous_args = 0
  75              		.loc 1 96 45 is_stmt 0 view .LVU11
  76 0000 38B5     		push	{r3, r4, r5, lr}
  77              		.cfi_def_cfa_offset 16
  78              		.cfi_offset 3, -16
  79              		.cfi_offset 4, -12
  80              		.cfi_offset 5, -8
  81              		.cfi_offset 14, -4
  82 0002 0546     		mov	r5, r0
  83              		.loc 1 97 3 is_stmt 1 view .LVU12
  84              		.loc 1 98 3 view .LVU13
  85              		.loc 1 100 21 view .LVU14
  86              		.loc 1 101 3 view .LVU15
  87              		.loc 1 101 3 view .LVU16
  88              		.loc 1 101 3 discriminator 9 view .LVU17
  89              		.loc 1 103 3 view .LVU18
  90              		.loc 1 103 12 is_stmt 0 view .LVU19
  91 0004 0361     		str	r3, [r0, #16]
  92              		.loc 1 104 3 is_stmt 1 view .LVU20
  93              		.loc 1 104 13 is_stmt 0 view .LVU21
  94 0006 C260     		str	r2, [r0, #12]
  95              	.LBB27:
  96              		.loc 1 108 5 is_stmt 1 view .LVU22
  97              	.LBB28:
  98              	.LBI28:
  99              		.file 2 "ChibiOS/os/rt/include/chvt.h"
 100              		.loc 2 228 25 view .LVU23
 101              		.loc 2 233 3 view .LVU24
 102              	.LBB29:
 103              	.LBI29:
 104              		.file 3 "ChibiOS/os/common/ports/ARMCMx/chcore_timer.h"
 105              		.loc 3 105 25 view .LVU25
 106              		.loc 3 107 3 view .LVU26
 107              	.LBB30:
 108              	.LBI30:
 109              		.file 4 "ChibiOS/os/hal/ports/STM32/LLD/TIMv1/hal_st_lld.h"
 110              		.loc 4 139 25 view .LVU27
 111              	.LBB31:
 112              		.loc 4 141 3 view .LVU28
 113              		.loc 4 141 10 is_stmt 0 view .LVU29
 114 0008 4FF08043 		mov	r3, #1073741824
ARM GAS  /tmp/cc7IMVeb.s 			page 3


 115              	.LVL1:
 116              		.loc 4 141 10 view .LVU30
 117 000c 586A     		ldr	r0, [r3, #36]
 118              	.LVL2:
 119              		.loc 4 141 10 view .LVU31
 120              	.LBE31:
 121              	.LBE30:
 122              	.LBE29:
 123              	.LBE28:
 124              		.loc 1 112 5 is_stmt 1 view .LVU32
 125              		.loc 1 112 8 is_stmt 0 view .LVU33
 126 000e 0129     		cmp	r1, #1
 127 0010 0ED9     		bls	.L13
 128              	.LVL3:
 129              	.L5:
 130              		.loc 1 117 5 is_stmt 1 view .LVU34
 131              		.loc 1 117 57 is_stmt 0 view .LVU35
 132 0012 1A4B     		ldr	r3, .L16
 133 0014 53F81C2F 		ldr	r2, [r3, #28]!
 134              	.LVL4:
 135              		.loc 1 117 8 view .LVU36
 136 0018 9A42     		cmp	r2, r3
 137 001a 0BD0     		beq	.L14
 138              		.loc 1 136 5 is_stmt 1 view .LVU37
 139              		.loc 1 136 17 is_stmt 0 view .LVU38
 140 001c 0844     		add	r0, r0, r1
 141              	.LVL5:
 142              		.loc 1 136 36 view .LVU39
 143 001e 174B     		ldr	r3, .L16
 144 0020 9C6A     		ldr	r4, [r3, #40]
 145              		.loc 1 136 11 view .LVU40
 146 0022 041B     		subs	r4, r0, r4
 147              	.LVL6:
 148              		.loc 1 137 5 is_stmt 1 view .LVU41
 149              		.loc 1 137 31 is_stmt 0 view .LVU42
 150 0024 9368     		ldr	r3, [r2, #8]
 151              		.loc 1 137 8 view .LVU43
 152 0026 A342     		cmp	r3, r4
 153 0028 12D8     		bhi	.L15
 154              	.LVL7:
 155              	.L8:
 156              		.loc 1 137 8 view .LVU44
 157              	.LBE27:
 158              		.loc 1 150 3 is_stmt 1 view .LVU45
 159              		.loc 1 150 5 is_stmt 0 view .LVU46
 160 002a 144B     		ldr	r3, .L16
 161 002c DB69     		ldr	r3, [r3, #28]
 162              	.LVL8:
 163              		.loc 1 151 3 is_stmt 1 view .LVU47
 164              		.loc 1 151 9 is_stmt 0 view .LVU48
 165 002e 14E0     		b	.L9
 166              	.LVL9:
 167              	.L13:
 168              	.LBB36:
 169              		.loc 1 113 13 view .LVU49
 170 0030 0221     		movs	r1, #2
 171              	.LVL10:
ARM GAS  /tmp/cc7IMVeb.s 			page 4


 172              		.loc 1 113 13 view .LVU50
 173 0032 EEE7     		b	.L5
 174              	.LVL11:
 175              	.L14:
 176              		.loc 1 121 7 is_stmt 1 view .LVU51
 177              		.loc 1 121 26 is_stmt 0 view .LVU52
 178 0034 114B     		ldr	r3, .L16
 179 0036 9862     		str	r0, [r3, #40]
 180              	.LVL12:
 181              		.loc 1 122 7 is_stmt 1 view .LVU53
 182              		.loc 1 122 22 is_stmt 0 view .LVU54
 183 0038 DD61     		str	r5, [r3, #28]
 184              		.loc 1 123 7 is_stmt 1 view .LVU55
 185              		.loc 1 123 22 is_stmt 0 view .LVU56
 186 003a 1D62     		str	r5, [r3, #32]
 187              		.loc 1 124 7 is_stmt 1 view .LVU57
 188              		.loc 1 124 17 is_stmt 0 view .LVU58
 189 003c 03F11C02 		add	r2, r3, #28
 190 0040 2A60     		str	r2, [r5]
 191              		.loc 1 125 7 is_stmt 1 view .LVU59
 192              		.loc 1 125 17 is_stmt 0 view .LVU60
 193 0042 6A60     		str	r2, [r5, #4]
 194              		.loc 1 126 7 is_stmt 1 view .LVU61
 195              		.loc 1 126 18 is_stmt 0 view .LVU62
 196 0044 A960     		str	r1, [r5, #8]
 197              		.loc 1 129 7 is_stmt 1 view .LVU63
 198              		.loc 1 129 39 is_stmt 0 view .LVU64
 199 0046 986A     		ldr	r0, [r3, #40]
 200              	.LVL13:
 201              	.LBB32:
 202              	.LBI32:
 203              		.loc 3 71 20 is_stmt 1 view .LVU65
 204              	.LBB33:
 205              		.loc 3 73 3 view .LVU66
 206 0048 0844     		add	r0, r0, r1
 207              	.LVL14:
 208              		.loc 3 73 3 is_stmt 0 view .LVU67
 209 004a FFF7FEFF 		bl	stStartAlarm
 210              	.LVL15:
 211              		.loc 3 73 3 view .LVU68
 212              	.LBE33:
 213              	.LBE32:
 214              		.loc 1 131 7 is_stmt 1 view .LVU69
 215 004e 14E0     		b	.L4
 216              	.LVL16:
 217              	.L15:
 218              		.loc 1 140 7 view .LVU70
 219              	.LBB34:
 220              	.LBI34:
 221              		.loc 3 93 20 view .LVU71
 222              	.LBB35:
 223              		.loc 3 95 3 view .LVU72
 224 0050 FFF7FEFF 		bl	stSetAlarm
 225              	.LVL17:
 226              		.loc 3 96 1 is_stmt 0 view .LVU73
 227 0054 E9E7     		b	.L8
 228              	.LVL18:
ARM GAS  /tmp/cc7IMVeb.s 			page 5


 229              	.L10:
 230              		.loc 3 96 1 view .LVU74
 231              	.LBE35:
 232              	.LBE34:
 233              	.LBE36:
 234              		.loc 1 152 5 is_stmt 1 view .LVU75
 235              		.loc 1 152 11 is_stmt 0 view .LVU76
 236 0056 A41A     		subs	r4, r4, r2
 237              	.LVL19:
 238              		.loc 1 153 5 is_stmt 1 view .LVU77
 239              		.loc 1 153 7 is_stmt 0 view .LVU78
 240 0058 1B68     		ldr	r3, [r3]
 241              	.LVL20:
 242              	.L9:
 243              		.loc 1 151 19 is_stmt 1 view .LVU79
 244              		.loc 1 151 11 is_stmt 0 view .LVU80
 245 005a 9A68     		ldr	r2, [r3, #8]
 246              		.loc 1 151 19 view .LVU81
 247 005c A242     		cmp	r2, r4
 248 005e FAD3     		bcc	.L10
 249              		.loc 1 157 3 is_stmt 1 view .LVU82
 250              		.loc 1 157 13 is_stmt 0 view .LVU83
 251 0060 2B60     		str	r3, [r5]
 252              		.loc 1 158 3 is_stmt 1 view .LVU84
 253              		.loc 1 158 24 is_stmt 0 view .LVU85
 254 0062 5A68     		ldr	r2, [r3, #4]
 255              		.loc 1 158 13 view .LVU86
 256 0064 6A60     		str	r2, [r5, #4]
 257              		.loc 1 159 3 is_stmt 1 view .LVU87
 258              		.loc 1 159 19 is_stmt 0 view .LVU88
 259 0066 1560     		str	r5, [r2]
 260              		.loc 1 160 3 is_stmt 1 view .LVU89
 261              		.loc 1 160 11 is_stmt 0 view .LVU90
 262 0068 5D60     		str	r5, [r3, #4]
 263              		.loc 1 161 3 is_stmt 1 view .LVU91
 264              		.loc 1 161 14 is_stmt 0 view .LVU92
 265 006a AC60     		str	r4, [r5, #8]
 266              		.loc 1 165 3 is_stmt 1 view .LVU93
 267              		.loc 1 165 4 is_stmt 0 view .LVU94
 268 006c 9A68     		ldr	r2, [r3, #8]
 269              		.loc 1 165 12 view .LVU95
 270 006e 121B     		subs	r2, r2, r4
 271 0070 9A60     		str	r2, [r3, #8]
 272              		.loc 1 166 3 is_stmt 1 view .LVU96
 273              		.loc 1 166 19 is_stmt 0 view .LVU97
 274 0072 024B     		ldr	r3, .L16
 275              	.LVL21:
 276              		.loc 1 166 19 view .LVU98
 277 0074 4FF0FF32 		mov	r2, #-1
 278 0078 5A62     		str	r2, [r3, #36]
 279              	.LVL22:
 280              	.L4:
 281              		.loc 1 167 1 view .LVU99
 282 007a 38BD     		pop	{r3, r4, r5, pc}
 283              	.LVL23:
 284              	.L17:
 285              		.loc 1 167 1 view .LVU100
ARM GAS  /tmp/cc7IMVeb.s 			page 6


 286              		.align	2
 287              	.L16:
 288 007c 00000000 		.word	ch
 289              		.cfi_endproc
 290              	.LFE203:
 291              		.size	chVTDoSetI, .-chVTDoSetI
 292              		.section	.text.chVTDoResetI,"ax",%progbits
 293              		.align	1
 294              		.p2align 4,,15
 295              		.global	chVTDoResetI
 296              		.syntax unified
 297              		.thumb
 298              		.thumb_func
 299              		.type	chVTDoResetI, %function
 300              	chVTDoResetI:
 301              	.LVL24:
 302              	.LFB204:
 303              		.loc 1 177 41 is_stmt 1 view -0
 304              		.cfi_startproc
 305              		@ args = 0, pretend = 0, frame = 0
 306              		@ frame_needed = 0, uses_anonymous_args = 0
 307              		.loc 1 177 41 is_stmt 0 view .LVU102
 308 0000 08B5     		push	{r3, lr}
 309              		.cfi_def_cfa_offset 8
 310              		.cfi_offset 3, -8
 311              		.cfi_offset 14, -4
 312              		.loc 1 179 21 is_stmt 1 view .LVU103
 313              		.loc 1 180 3 view .LVU104
 314              		.loc 1 180 3 view .LVU105
 315              		.loc 1 180 3 discriminator 5 view .LVU106
 316              		.loc 1 181 3 view .LVU107
 317              		.loc 1 181 3 view .LVU108
 318              		.loc 1 181 3 discriminator 5 view .LVU109
 319              		.loc 1 197 3 view .LVU110
 320              		.loc 1 201 3 view .LVU111
 321              		.loc 1 201 16 is_stmt 0 view .LVU112
 322 0002 1D4B     		ldr	r3, .L28
 323 0004 DB69     		ldr	r3, [r3, #28]
 324              		.loc 1 201 6 view .LVU113
 325 0006 8342     		cmp	r3, r0
 326 0008 0FD0     		beq	.L19
 327              		.loc 1 203 5 is_stmt 1 view .LVU114
 328              		.loc 1 203 8 is_stmt 0 view .LVU115
 329 000a 4268     		ldr	r2, [r0, #4]
 330              		.loc 1 203 26 view .LVU116
 331 000c 0368     		ldr	r3, [r0]
 332              		.loc 1 203 21 view .LVU117
 333 000e 1360     		str	r3, [r2]
 334              		.loc 1 204 5 is_stmt 1 view .LVU118
 335              		.loc 1 204 26 is_stmt 0 view .LVU119
 336 0010 4268     		ldr	r2, [r0, #4]
 337              		.loc 1 204 21 view .LVU120
 338 0012 5A60     		str	r2, [r3, #4]
 339              		.loc 1 205 5 is_stmt 1 view .LVU121
 340              		.loc 1 205 15 is_stmt 0 view .LVU122
 341 0014 0023     		movs	r3, #0
 342 0016 C360     		str	r3, [r0, #12]
ARM GAS  /tmp/cc7IMVeb.s 			page 7


 343              		.loc 1 208 5 is_stmt 1 view .LVU123
 344              		.loc 1 208 51 is_stmt 0 view .LVU124
 345 0018 0368     		ldr	r3, [r0]
 346              		.loc 1 208 8 view .LVU125
 347 001a 184A     		ldr	r2, .L28+4
 348 001c 9342     		cmp	r3, r2
 349 001e 03D0     		beq	.L18
 350              		.loc 1 209 7 is_stmt 1 view .LVU126
 351              		.loc 1 209 16 is_stmt 0 view .LVU127
 352 0020 9A68     		ldr	r2, [r3, #8]
 353              		.loc 1 209 30 view .LVU128
 354 0022 8168     		ldr	r1, [r0, #8]
 355              		.loc 1 209 24 view .LVU129
 356 0024 0A44     		add	r2, r2, r1
 357 0026 9A60     		str	r2, [r3, #8]
 358              		.loc 1 211 5 is_stmt 1 view .LVU130
 359              	.LVL25:
 360              	.L18:
 361              		.loc 1 255 1 is_stmt 0 view .LVU131
 362 0028 08BD     		pop	{r3, pc}
 363              	.LVL26:
 364              	.L19:
 365              		.loc 1 215 3 is_stmt 1 view .LVU132
 366              		.loc 1 215 23 is_stmt 0 view .LVU133
 367 002a 0168     		ldr	r1, [r0]
 368              		.loc 1 215 18 view .LVU134
 369 002c 124A     		ldr	r2, .L28
 370 002e 1346     		mov	r3, r2
 371 0030 43F81C1F 		str	r1, [r3, #28]!
 372              		.loc 1 216 3 is_stmt 1 view .LVU135
 373              		.loc 1 216 24 is_stmt 0 view .LVU136
 374 0034 4B60     		str	r3, [r1, #4]
 375              		.loc 1 217 3 is_stmt 1 view .LVU137
 376              		.loc 1 217 13 is_stmt 0 view .LVU138
 377 0036 0021     		movs	r1, #0
 378 0038 C160     		str	r1, [r0, #12]
 379              		.loc 1 220 3 is_stmt 1 view .LVU139
 380              		.loc 1 220 55 is_stmt 0 view .LVU140
 381 003a D269     		ldr	r2, [r2, #28]
 382              		.loc 1 220 6 view .LVU141
 383 003c 9A42     		cmp	r2, r3
 384 003e 15D0     		beq	.L26
 385              		.loc 1 227 3 is_stmt 1 view .LVU142
 386              		.loc 1 227 17 is_stmt 0 view .LVU143
 387 0040 9368     		ldr	r3, [r2, #8]
 388              		.loc 1 227 31 view .LVU144
 389 0042 8168     		ldr	r1, [r0, #8]
 390              		.loc 1 227 25 view .LVU145
 391 0044 0B44     		add	r3, r3, r1
 392 0046 9360     		str	r3, [r2, #8]
 393              		.loc 1 236 3 is_stmt 1 view .LVU146
 394              	.LBB37:
 395              	.LBI37:
 396              		.loc 2 228 25 view .LVU147
 397              		.loc 2 233 3 view .LVU148
 398              	.LBB38:
 399              	.LBI38:
ARM GAS  /tmp/cc7IMVeb.s 			page 8


 400              		.loc 3 105 25 view .LVU149
 401              		.loc 3 107 3 view .LVU150
 402              	.LBB39:
 403              	.LBI39:
 404              		.loc 4 139 25 view .LVU151
 405              	.LBB40:
 406              		.loc 4 141 3 view .LVU152
 407              		.loc 4 141 10 is_stmt 0 view .LVU153
 408 0048 4FF08043 		mov	r3, #1073741824
 409 004c 586A     		ldr	r0, [r3, #36]
 410              	.LVL27:
 411              		.loc 4 141 10 view .LVU154
 412              	.LBE40:
 413              	.LBE39:
 414              	.LBE38:
 415              	.LBE37:
 416              		.loc 1 236 46 discriminator 1 view .LVU155
 417 004e 0A4A     		ldr	r2, .L28
 418 0050 936A     		ldr	r3, [r2, #40]
 419              		.loc 1 236 12 discriminator 1 view .LVU156
 420 0052 C11A     		subs	r1, r0, r3
 421              	.LVL28:
 422              		.loc 1 240 3 is_stmt 1 view .LVU157
 423              		.loc 1 240 28 is_stmt 0 view .LVU158
 424 0054 D269     		ldr	r2, [r2, #28]
 425              		.loc 1 240 33 view .LVU159
 426 0056 9268     		ldr	r2, [r2, #8]
 427              		.loc 1 240 6 view .LVU160
 428 0058 8A42     		cmp	r2, r1
 429 005a E5D9     		bls	.L18
 430              		.loc 1 245 3 is_stmt 1 view .LVU161
 431              		.loc 1 245 9 is_stmt 0 view .LVU162
 432 005c 1B1A     		subs	r3, r3, r0
 433 005e 1344     		add	r3, r3, r2
 434              	.LVL29:
 435              		.loc 1 249 3 is_stmt 1 view .LVU163
 436              		.loc 1 249 6 is_stmt 0 view .LVU164
 437 0060 012B     		cmp	r3, #1
 438 0062 06D9     		bls	.L27
 439              	.LVL30:
 440              	.L23:
 441              		.loc 1 253 3 is_stmt 1 view .LVU165
 442              	.LBB41:
 443              	.LBI41:
 444              		.loc 3 93 20 view .LVU166
 445              	.LBB42:
 446              		.loc 3 95 3 view .LVU167
 447 0064 1844     		add	r0, r0, r3
 448              	.LVL31:
 449              		.loc 3 95 3 is_stmt 0 view .LVU168
 450 0066 FFF7FEFF 		bl	stSetAlarm
 451              	.LVL32:
 452              		.loc 3 96 1 view .LVU169
 453 006a DDE7     		b	.L18
 454              	.LVL33:
 455              	.L26:
 456              		.loc 3 96 1 view .LVU170
ARM GAS  /tmp/cc7IMVeb.s 			page 9


 457              	.LBE42:
 458              	.LBE41:
 459              		.loc 1 221 5 is_stmt 1 view .LVU171
 460              	.LBB43:
 461              	.LBI43:
 462              		.loc 3 81 20 view .LVU172
 463              	.LBB44:
 464              		.loc 3 83 3 view .LVU173
 465 006c FFF7FEFF 		bl	stStopAlarm
 466              	.LVL34:
 467              		.loc 3 83 3 is_stmt 0 view .LVU174
 468              	.LBE44:
 469              	.LBE43:
 470              		.loc 1 223 5 is_stmt 1 view .LVU175
 471 0070 DAE7     		b	.L18
 472              	.LVL35:
 473              	.L27:
 474              		.loc 1 250 11 is_stmt 0 view .LVU176
 475 0072 0223     		movs	r3, #2
 476              	.LVL36:
 477              		.loc 1 250 11 view .LVU177
 478 0074 F6E7     		b	.L23
 479              	.L29:
 480 0076 00BF     		.align	2
 481              	.L28:
 482 0078 00000000 		.word	ch
 483 007c 1C000000 		.word	ch+28
 484              		.cfi_endproc
 485              	.LFE204:
 486              		.size	chVTDoResetI, .-chVTDoResetI
 487              		.text
 488              	.Letext0:
 489              		.file 5 "/usr/lib/gcc/arm-none-eabi/13.2.1/include/stdint.h"
 490              		.file 6 "ChibiOS/os/common/ports/ARMCMx/compilers/GCC/chtypes.h"
 491              		.file 7 "ChibiOS/os/rt/include/chsystypes.h"
 492              		.file 8 "ChibiOS/os/rt/include/chschd.h"
 493              		.file 9 "ChibiOS/os/common/ports/ARMCMx/chcore.h"
 494              		.file 10 "ChibiOS/os/common/ports/ARMCMx/chcore_v7m.h"
 495              		.file 11 "ChibiOS/os/hal/ports/STM32/LLD/TIMv1/stm32_tim.h"
 496              		.file 12 "ChibiOS/os/hal/include/hal_st.h"
 497              		.section	.debug_info,"",%progbits
 498              	.Ldebug_info0:
 499 0000 F7090000 		.4byte	0x9f7
 500 0004 0500     		.2byte	0x5
 501 0006 01       		.byte	0x1
 502 0007 04       		.byte	0x4
 503 0008 00000000 		.4byte	.Ldebug_abbrev0
 504 000c 1F       		.uleb128 0x1f
 505 000d 10000000 		.4byte	.LASF91
 506 0011 1D       		.byte	0x1d
 507 0012 DD030000 		.4byte	.LASF92
 508 0016 CA030000 		.4byte	.LASF93
 509 001a 18000000 		.4byte	.LLRL14
 510 001e 00000000 		.4byte	0
 511 0022 00000000 		.4byte	.Ldebug_line0
 512 0026 05       		.uleb128 0x5
 513 0027 08       		.byte	0x8
ARM GAS  /tmp/cc7IMVeb.s 			page 10


 514 0028 07       		.byte	0x7
 515 0029 53020000 		.4byte	.LASF0
 516 002d 05       		.uleb128 0x5
 517 002e 04       		.byte	0x4
 518 002f 07       		.byte	0x7
 519 0030 67010000 		.4byte	.LASF1
 520 0034 20       		.uleb128 0x20
 521 0035 04       		.byte	0x4
 522 0036 05       		.byte	0x5
 523 0037 696E7400 		.ascii	"int\000"
 524 003b 05       		.uleb128 0x5
 525 003c 08       		.byte	0x8
 526 003d 05       		.byte	0x5
 527 003e 56030000 		.4byte	.LASF2
 528 0042 05       		.uleb128 0x5
 529 0043 08       		.byte	0x8
 530 0044 04       		.byte	0x4
 531 0045 B9030000 		.4byte	.LASF3
 532 0049 05       		.uleb128 0x5
 533 004a 01       		.byte	0x1
 534 004b 06       		.byte	0x6
 535 004c EE040000 		.4byte	.LASF4
 536 0050 05       		.uleb128 0x5
 537 0051 02       		.byte	0x2
 538 0052 05       		.byte	0x5
 539 0053 F6030000 		.4byte	.LASF5
 540 0057 03       		.uleb128 0x3
 541 0058 9C040000 		.4byte	.LASF7
 542 005c 05       		.byte	0x5
 543 005d 28       		.byte	0x28
 544 005e 18       		.byte	0x18
 545 005f 63000000 		.4byte	0x63
 546 0063 05       		.uleb128 0x5
 547 0064 04       		.byte	0x4
 548 0065 05       		.byte	0x5
 549 0066 00040000 		.4byte	.LASF6
 550 006a 03       		.uleb128 0x3
 551 006b 19030000 		.4byte	.LASF8
 552 006f 05       		.byte	0x5
 553 0070 2E       		.byte	0x2e
 554 0071 18       		.byte	0x18
 555 0072 76000000 		.4byte	0x76
 556 0076 05       		.uleb128 0x5
 557 0077 01       		.byte	0x1
 558 0078 08       		.byte	0x8
 559 0079 AA040000 		.4byte	.LASF9
 560 007d 05       		.uleb128 0x5
 561 007e 02       		.byte	0x2
 562 007f 07       		.byte	0x7
 563 0080 00050000 		.4byte	.LASF10
 564 0084 03       		.uleb128 0x3
 565 0085 EF010000 		.4byte	.LASF11
 566 0089 05       		.byte	0x5
 567 008a 34       		.byte	0x34
 568 008b 19       		.byte	0x19
 569 008c 95000000 		.4byte	0x95
 570 0090 08       		.uleb128 0x8
ARM GAS  /tmp/cc7IMVeb.s 			page 11


 571 0091 84000000 		.4byte	0x84
 572 0095 05       		.uleb128 0x5
 573 0096 04       		.byte	0x4
 574 0097 07       		.byte	0x7
 575 0098 6C040000 		.4byte	.LASF12
 576 009c 03       		.uleb128 0x3
 577 009d 3A040000 		.4byte	.LASF13
 578 00a1 05       		.byte	0x5
 579 00a2 37       		.byte	0x37
 580 00a3 19       		.byte	0x19
 581 00a4 26000000 		.4byte	0x26
 582 00a8 03       		.uleb128 0x3
 583 00a9 91030000 		.4byte	.LASF14
 584 00ad 06       		.byte	0x6
 585 00ae 3C       		.byte	0x3c
 586 00af 1D       		.byte	0x1d
 587 00b0 6A000000 		.4byte	0x6a
 588 00b4 03       		.uleb128 0x3
 589 00b5 10030000 		.4byte	.LASF15
 590 00b9 06       		.byte	0x6
 591 00ba 3D       		.byte	0x3d
 592 00bb 1D       		.byte	0x1d
 593 00bc 6A000000 		.4byte	0x6a
 594 00c0 03       		.uleb128 0x3
 595 00c1 4E040000 		.4byte	.LASF16
 596 00c5 06       		.byte	0x6
 597 00c6 3E       		.byte	0x3e
 598 00c7 1D       		.byte	0x1d
 599 00c8 6A000000 		.4byte	0x6a
 600 00cc 03       		.uleb128 0x3
 601 00cd 28020000 		.4byte	.LASF17
 602 00d1 06       		.byte	0x6
 603 00d2 40       		.byte	0x40
 604 00d3 1D       		.byte	0x1d
 605 00d4 84000000 		.4byte	0x84
 606 00d8 03       		.uleb128 0x3
 607 00d9 64030000 		.4byte	.LASF18
 608 00dd 06       		.byte	0x6
 609 00de 41       		.byte	0x41
 610 00df 1D       		.byte	0x1d
 611 00e0 57000000 		.4byte	0x57
 612 00e4 03       		.uleb128 0x3
 613 00e5 56010000 		.4byte	.LASF19
 614 00e9 07       		.byte	0x7
 615 00ea 33       		.byte	0x33
 616 00eb 12       		.byte	0x12
 617 00ec 84000000 		.4byte	0x84
 618 00f0 03       		.uleb128 0x3
 619 00f1 B2020000 		.4byte	.LASF20
 620 00f5 07       		.byte	0x7
 621 00f6 3F       		.byte	0x3f
 622 00f7 1A       		.byte	0x1a
 623 00f8 FC000000 		.4byte	0xfc
 624 00fc 09       		.uleb128 0x9
 625 00fd 26030000 		.4byte	.LASF33
 626 0101 2C       		.byte	0x2c
 627 0102 08       		.byte	0x8
ARM GAS  /tmp/cc7IMVeb.s 			page 12


 628 0103 9A       		.byte	0x9a
 629 0104 9C010000 		.4byte	0x19c
 630 0108 04       		.uleb128 0x4
 631 0109 96040000 		.4byte	.LASF21
 632 010d 9B       		.byte	0x9b
 633 010e 19       		.byte	0x19
 634 010f D2010000 		.4byte	0x1d2
 635 0113 00       		.byte	0
 636 0114 04       		.uleb128 0x4
 637 0115 E7020000 		.4byte	.LASF22
 638 0119 9C       		.byte	0x9c
 639 011a 19       		.byte	0x19
 640 011b CC000000 		.4byte	0xcc
 641 011f 08       		.byte	0x8
 642 0120 16       		.uleb128 0x16
 643 0121 63747800 		.ascii	"ctx\000"
 644 0125 08       		.byte	0x8
 645 0126 9D       		.byte	0x9d
 646 0127 19       		.byte	0x19
 647 0128 FD030000 		.4byte	0x3fd
 648 012c 0C       		.byte	0xc
 649 012d 04       		.uleb128 0x4
 650 012e A4040000 		.4byte	.LASF23
 651 0132 9F       		.byte	0x9f
 652 0133 1A       		.byte	0x1a
 653 0134 A8010000 		.4byte	0x1a8
 654 0138 10       		.byte	0x10
 655 0139 04       		.uleb128 0x4
 656 013a 2F050000 		.4byte	.LASF24
 657 013e A0       		.byte	0xa0
 658 013f 1A       		.byte	0x1a
 659 0140 A8010000 		.4byte	0x1a8
 660 0144 14       		.byte	0x14
 661 0145 04       		.uleb128 0x4
 662 0146 49040000 		.4byte	.LASF25
 663 014a A7       		.byte	0xa7
 664 014b 1A       		.byte	0x1a
 665 014c E9060000 		.4byte	0x6e9
 666 0150 18       		.byte	0x18
 667 0151 04       		.uleb128 0x4
 668 0152 09030000 		.4byte	.LASF26
 669 0156 B0       		.byte	0xb0
 670 0157 1A       		.byte	0x1a
 671 0158 FF060000 		.4byte	0x6ff
 672 015c 1C       		.byte	0x1c
 673 015d 04       		.uleb128 0x4
 674 015e D6040000 		.4byte	.LASF27
 675 0162 B5       		.byte	0xb5
 676 0163 19       		.byte	0x19
 677 0164 B4000000 		.4byte	0xb4
 678 0168 20       		.byte	0x20
 679 0169 04       		.uleb128 0x4
 680 016a 50010000 		.4byte	.LASF28
 681 016e B9       		.byte	0xb9
 682 016f 19       		.byte	0x19
 683 0170 A8000000 		.4byte	0xa8
 684 0174 21       		.byte	0x21
ARM GAS  /tmp/cc7IMVeb.s 			page 13


 685 0175 04       		.uleb128 0x4
 686 0176 88010000 		.4byte	.LASF29
 687 017a BE       		.byte	0xbe
 688 017b 19       		.byte	0x19
 689 017c C0000000 		.4byte	0xc0
 690 0180 22       		.byte	0x22
 691 0181 01       		.uleb128 0x1
 692 0182 7500     		.ascii	"u\000"
 693 0184 08       		.byte	0x8
 694 0185 0F01     		.2byte	0x10f
 695 0187 19       		.byte	0x19
 696 0188 AE060000 		.4byte	0x6ae
 697 018c 24       		.byte	0x24
 698 018d 02       		.uleb128 0x2
 699 018e B8040000 		.4byte	.LASF30
 700 0192 08       		.byte	0x8
 701 0193 1401     		.2byte	0x114
 702 0195 19       		.byte	0x19
 703 0196 AD010000 		.4byte	0x1ad
 704 019a 28       		.byte	0x28
 705 019b 00       		.byte	0
 706 019c 03       		.uleb128 0x3
 707 019d F6020000 		.4byte	.LASF31
 708 01a1 07       		.byte	0x7
 709 01a2 44       		.byte	0x44
 710 01a3 14       		.byte	0x14
 711 01a4 A8010000 		.4byte	0x1a8
 712 01a8 06       		.uleb128 0x6
 713 01a9 F0000000 		.4byte	0xf0
 714 01ad 03       		.uleb128 0x3
 715 01ae 79010000 		.4byte	.LASF32
 716 01b2 07       		.byte	0x7
 717 01b3 49       		.byte	0x49
 718 01b4 20       		.byte	0x20
 719 01b5 B9010000 		.4byte	0x1b9
 720 01b9 09       		.uleb128 0x9
 721 01ba 00000000 		.4byte	.LASF34
 722 01be 04       		.byte	0x4
 723 01bf 08       		.byte	0x8
 724 01c0 88       		.byte	0x88
 725 01c1 D2010000 		.4byte	0x1d2
 726 01c5 04       		.uleb128 0x4
 727 01c6 74010000 		.4byte	.LASF35
 728 01ca 89       		.byte	0x89
 729 01cb 1A       		.byte	0x1a
 730 01cc A8010000 		.4byte	0x1a8
 731 01d0 00       		.byte	0
 732 01d1 00       		.byte	0
 733 01d2 03       		.uleb128 0x3
 734 01d3 8B020000 		.4byte	.LASF36
 735 01d7 07       		.byte	0x7
 736 01d8 50       		.byte	0x50
 737 01d9 21       		.byte	0x21
 738 01da DE010000 		.4byte	0x1de
 739 01de 09       		.uleb128 0x9
 740 01df C0010000 		.4byte	.LASF37
 741 01e3 08       		.byte	0x8
ARM GAS  /tmp/cc7IMVeb.s 			page 14


 742 01e4 08       		.byte	0x8
 743 01e5 8F       		.byte	0x8f
 744 01e6 03020000 		.4byte	0x203
 745 01ea 04       		.uleb128 0x4
 746 01eb 74010000 		.4byte	.LASF35
 747 01ef 90       		.byte	0x90
 748 01f0 1A       		.byte	0x1a
 749 01f1 A8010000 		.4byte	0x1a8
 750 01f5 00       		.byte	0
 751 01f6 04       		.uleb128 0x4
 752 01f7 BB010000 		.4byte	.LASF38
 753 01fb 91       		.byte	0x91
 754 01fc 1A       		.byte	0x1a
 755 01fd A8010000 		.4byte	0x1a8
 756 0201 04       		.byte	0x4
 757 0202 00       		.byte	0
 758 0203 03       		.uleb128 0x3
 759 0204 89040000 		.4byte	.LASF39
 760 0208 07       		.byte	0x7
 761 0209 57       		.byte	0x57
 762 020a 1E       		.byte	0x1e
 763 020b 0F020000 		.4byte	0x20f
 764 020f 07       		.uleb128 0x7
 765 0210 A8010000 		.4byte	.LASF40
 766 0214 1C       		.byte	0x1c
 767 0215 08       		.byte	0x8
 768 0216 6A01     		.2byte	0x16a
 769 0218 71020000 		.4byte	0x271
 770 021c 02       		.uleb128 0x2
 771 021d 96040000 		.4byte	.LASF21
 772 0221 08       		.byte	0x8
 773 0222 6B01     		.2byte	0x16b
 774 0224 19       		.byte	0x19
 775 0225 D2010000 		.4byte	0x1d2
 776 0229 00       		.byte	0
 777 022a 02       		.uleb128 0x2
 778 022b E7020000 		.4byte	.LASF22
 779 022f 08       		.byte	0x8
 780 0230 6C01     		.2byte	0x16c
 781 0232 19       		.byte	0x19
 782 0233 CC000000 		.4byte	0xcc
 783 0237 08       		.byte	0x8
 784 0238 01       		.uleb128 0x1
 785 0239 63747800 		.ascii	"ctx\000"
 786 023d 08       		.byte	0x8
 787 023e 6E01     		.2byte	0x16e
 788 0240 19       		.byte	0x19
 789 0241 FD030000 		.4byte	0x3fd
 790 0245 0C       		.byte	0xc
 791 0246 02       		.uleb128 0x2
 792 0247 A4040000 		.4byte	.LASF23
 793 024b 08       		.byte	0x8
 794 024c 7101     		.2byte	0x171
 795 024e 1A       		.byte	0x1a
 796 024f A8010000 		.4byte	0x1a8
 797 0253 10       		.byte	0x10
 798 0254 02       		.uleb128 0x2
ARM GAS  /tmp/cc7IMVeb.s 			page 15


 799 0255 2F050000 		.4byte	.LASF24
 800 0259 08       		.byte	0x8
 801 025a 7201     		.2byte	0x172
 802 025c 1A       		.byte	0x1a
 803 025d A8010000 		.4byte	0x1a8
 804 0261 14       		.byte	0x14
 805 0262 02       		.uleb128 0x2
 806 0263 1E050000 		.4byte	.LASF41
 807 0267 08       		.byte	0x8
 808 0268 7501     		.2byte	0x175
 809 026a 1A       		.byte	0x1a
 810 026b A8010000 		.4byte	0x1a8
 811 026f 18       		.byte	0x18
 812 0270 00       		.byte	0
 813 0271 03       		.uleb128 0x3
 814 0272 D6010000 		.4byte	.LASF42
 815 0276 07       		.byte	0x7
 816 0277 5C       		.byte	0x5c
 817 0278 10       		.byte	0x10
 818 0279 7D020000 		.4byte	0x27d
 819 027d 06       		.uleb128 0x6
 820 027e 82020000 		.4byte	0x282
 821 0282 21       		.uleb128 0x21
 822 0283 8D020000 		.4byte	0x28d
 823 0287 10       		.uleb128 0x10
 824 0288 8D020000 		.4byte	0x28d
 825 028c 00       		.byte	0
 826 028d 22       		.uleb128 0x22
 827 028e 04       		.byte	0x4
 828 028f 03       		.uleb128 0x3
 829 0290 77030000 		.4byte	.LASF43
 830 0294 07       		.byte	0x7
 831 0295 61       		.byte	0x61
 832 0296 21       		.byte	0x21
 833 0297 9B020000 		.4byte	0x29b
 834 029b 07       		.uleb128 0x7
 835 029c 30020000 		.4byte	.LASF44
 836 02a0 14       		.byte	0x14
 837 02a1 08       		.byte	0x8
 838 02a2 4501     		.2byte	0x145
 839 02a4 EF020000 		.4byte	0x2ef
 840 02a8 02       		.uleb128 0x2
 841 02a9 74010000 		.4byte	.LASF35
 842 02ad 08       		.byte	0x8
 843 02ae 4601     		.2byte	0x146
 844 02b0 1A       		.byte	0x1a
 845 02b1 04070000 		.4byte	0x704
 846 02b5 00       		.byte	0
 847 02b6 02       		.uleb128 0x2
 848 02b7 BB010000 		.4byte	.LASF38
 849 02bb 08       		.byte	0x8
 850 02bc 4701     		.2byte	0x147
 851 02be 1A       		.byte	0x1a
 852 02bf 04070000 		.4byte	0x704
 853 02c3 04       		.byte	0x4
 854 02c4 02       		.uleb128 0x2
 855 02c5 FA040000 		.4byte	.LASF45
ARM GAS  /tmp/cc7IMVeb.s 			page 16


 856 02c9 08       		.byte	0x8
 857 02ca 4801     		.2byte	0x148
 858 02cc 19       		.byte	0x19
 859 02cd E4000000 		.4byte	0xe4
 860 02d1 08       		.byte	0x8
 861 02d2 02       		.uleb128 0x2
 862 02d3 B6010000 		.4byte	.LASF46
 863 02d7 08       		.byte	0x8
 864 02d8 4901     		.2byte	0x149
 865 02da 19       		.byte	0x19
 866 02db 71020000 		.4byte	0x271
 867 02df 0C       		.byte	0xc
 868 02e0 01       		.uleb128 0x1
 869 02e1 70617200 		.ascii	"par\000"
 870 02e5 08       		.byte	0x8
 871 02e6 4B01     		.2byte	0x14b
 872 02e8 1A       		.byte	0x1a
 873 02e9 8D020000 		.4byte	0x28d
 874 02ed 10       		.byte	0x10
 875 02ee 00       		.byte	0
 876 02ef 03       		.uleb128 0x3
 877 02f0 C0040000 		.4byte	.LASF47
 878 02f4 07       		.byte	0x7
 879 02f5 66       		.byte	0x66
 880 02f6 28       		.byte	0x28
 881 02f7 FB020000 		.4byte	0x2fb
 882 02fb 07       		.uleb128 0x7
 883 02fc 9B020000 		.4byte	.LASF48
 884 0300 10       		.byte	0x10
 885 0301 08       		.byte	0x8
 886 0302 5501     		.2byte	0x155
 887 0304 41030000 		.4byte	0x341
 888 0308 02       		.uleb128 0x2
 889 0309 74010000 		.4byte	.LASF35
 890 030d 08       		.byte	0x8
 891 030e 5601     		.2byte	0x156
 892 0310 1A       		.byte	0x1a
 893 0311 04070000 		.4byte	0x704
 894 0315 00       		.byte	0
 895 0316 02       		.uleb128 0x2
 896 0317 BB010000 		.4byte	.LASF38
 897 031b 08       		.byte	0x8
 898 031c 5801     		.2byte	0x158
 899 031e 1A       		.byte	0x1a
 900 031f 04070000 		.4byte	0x704
 901 0323 04       		.byte	0x4
 902 0324 02       		.uleb128 0x2
 903 0325 FA040000 		.4byte	.LASF45
 904 0329 08       		.byte	0x8
 905 032a 5A01     		.2byte	0x15a
 906 032c 19       		.byte	0x19
 907 032d E4000000 		.4byte	0xe4
 908 0331 08       		.byte	0x8
 909 0332 02       		.uleb128 0x2
 910 0333 31040000 		.4byte	.LASF49
 911 0337 08       		.byte	0x8
 912 0338 6201     		.2byte	0x162
ARM GAS  /tmp/cc7IMVeb.s 			page 17


 913 033a 19       		.byte	0x19
 914 033b E4000000 		.4byte	0xe4
 915 033f 0C       		.byte	0xc
 916 0340 00       		.byte	0
 917 0341 03       		.uleb128 0x3
 918 0342 47030000 		.4byte	.LASF50
 919 0346 07       		.byte	0x7
 920 0347 6B       		.byte	0x6b
 921 0348 20       		.byte	0x20
 922 0349 4D030000 		.4byte	0x34d
 923 034d 07       		.uleb128 0x7
 924 034e DF010000 		.4byte	.LASF51
 925 0352 04       		.byte	0x4
 926 0353 08       		.byte	0x8
 927 0354 7C01     		.2byte	0x17c
 928 0356 69030000 		.4byte	0x369
 929 035a 02       		.uleb128 0x2
 930 035b 87030000 		.4byte	.LASF52
 931 035f 08       		.byte	0x8
 932 0360 8401     		.2byte	0x184
 933 0362 24       		.byte	0x24
 934 0363 EE060000 		.4byte	0x6ee
 935 0367 00       		.byte	0
 936 0368 00       		.byte	0
 937 0369 03       		.uleb128 0x3
 938 036a DC040000 		.4byte	.LASF53
 939 036e 07       		.byte	0x7
 940 036f 70       		.byte	0x70
 941 0370 1A       		.byte	0x1a
 942 0371 75030000 		.4byte	0x375
 943 0375 07       		.uleb128 0x7
 944 0376 1B040000 		.4byte	.LASF54
 945 037a 5C       		.byte	0x5c
 946 037b 08       		.byte	0x8
 947 037c 9C01     		.2byte	0x19c
 948 037e BB030000 		.4byte	0x3bb
 949 0382 02       		.uleb128 0x2
 950 0383 43040000 		.4byte	.LASF55
 951 0387 08       		.byte	0x8
 952 0388 A001     		.2byte	0x1a0
 953 038a 19       		.byte	0x19
 954 038b 03020000 		.4byte	0x203
 955 038f 00       		.byte	0
 956 0390 02       		.uleb128 0x2
 957 0391 94010000 		.4byte	.LASF56
 958 0395 08       		.byte	0x8
 959 0396 A401     		.2byte	0x1a4
 960 0398 19       		.byte	0x19
 961 0399 EF020000 		.4byte	0x2ef
 962 039d 1C       		.byte	0x1c
 963 039e 01       		.uleb128 0x1
 964 039f 64626700 		.ascii	"dbg\000"
 965 03a3 08       		.byte	0x8
 966 03a4 A801     		.2byte	0x1a8
 967 03a6 19       		.byte	0x19
 968 03a7 41030000 		.4byte	0x341
 969 03ab 2C       		.byte	0x2c
ARM GAS  /tmp/cc7IMVeb.s 			page 18


 970 03ac 02       		.uleb128 0x2
 971 03ad 99030000 		.4byte	.LASF57
 972 03b1 08       		.byte	0x8
 973 03b2 AC01     		.2byte	0x1ac
 974 03b4 19       		.byte	0x19
 975 03b5 F0000000 		.4byte	0xf0
 976 03b9 30       		.byte	0x30
 977 03ba 00       		.byte	0
 978 03bb 0A       		.uleb128 0xa
 979 03bc 90000000 		.4byte	0x90
 980 03c0 CB030000 		.4byte	0x3cb
 981 03c4 0B       		.uleb128 0xb
 982 03c5 2D000000 		.4byte	0x2d
 983 03c9 01       		.byte	0x1
 984 03ca 00       		.byte	0
 985 03cb 08       		.uleb128 0x8
 986 03cc BB030000 		.4byte	0x3bb
 987 03d0 0A       		.uleb128 0xa
 988 03d1 90000000 		.4byte	0x90
 989 03d5 E0030000 		.4byte	0x3e0
 990 03d9 0B       		.uleb128 0xb
 991 03da 2D000000 		.4byte	0x2d
 992 03de 03       		.byte	0x3
 993 03df 00       		.byte	0
 994 03e0 08       		.uleb128 0x8
 995 03e1 D0030000 		.4byte	0x3d0
 996 03e5 03       		.uleb128 0x3
 997 03e6 3E010000 		.4byte	.LASF58
 998 03ea 09       		.byte	0x9
 999 03eb 65       		.byte	0x65
 1000 03ec 0F       		.byte	0xf
 1001 03ed 8D020000 		.4byte	0x28d
 1002 03f1 03       		.uleb128 0x3
 1003 03f2 13050000 		.4byte	.LASF59
 1004 03f6 09       		.byte	0x9
 1005 03f7 6D       		.byte	0x6d
 1006 03f8 12       		.byte	0x12
 1007 03f9 9C000000 		.4byte	0x9c
 1008 03fd 09       		.uleb128 0x9
 1009 03fe 9B010000 		.4byte	.LASF60
 1010 0402 04       		.byte	0x4
 1011 0403 09       		.byte	0x9
 1012 0404 89       		.byte	0x89
 1013 0405 16040000 		.4byte	0x416
 1014 0409 16       		.uleb128 0x16
 1015 040a 737000   		.ascii	"sp\000"
 1016 040d 09       		.byte	0x9
 1017 040e 8A       		.byte	0x8a
 1018 040f 17       		.byte	0x17
 1019 0410 7B050000 		.4byte	0x57b
 1020 0414 00       		.byte	0
 1021 0415 00       		.byte	0
 1022 0416 07       		.uleb128 0x7
 1023 0417 09040000 		.4byte	.LASF61
 1024 041b 64       		.byte	0x64
 1025 041c 0A       		.byte	0xa
 1026 041d 6001     		.2byte	0x160
ARM GAS  /tmp/cc7IMVeb.s 			page 19


 1027 041f 7B050000 		.4byte	0x57b
 1028 0423 01       		.uleb128 0x1
 1029 0424 73313600 		.ascii	"s16\000"
 1030 0428 0A       		.byte	0xa
 1031 0429 6201     		.2byte	0x162
 1032 042b 11       		.byte	0x11
 1033 042c E5030000 		.4byte	0x3e5
 1034 0430 00       		.byte	0
 1035 0431 01       		.uleb128 0x1
 1036 0432 73313700 		.ascii	"s17\000"
 1037 0436 0A       		.byte	0xa
 1038 0437 6301     		.2byte	0x163
 1039 0439 11       		.byte	0x11
 1040 043a E5030000 		.4byte	0x3e5
 1041 043e 04       		.byte	0x4
 1042 043f 01       		.uleb128 0x1
 1043 0440 73313800 		.ascii	"s18\000"
 1044 0444 0A       		.byte	0xa
 1045 0445 6401     		.2byte	0x164
 1046 0447 11       		.byte	0x11
 1047 0448 E5030000 		.4byte	0x3e5
 1048 044c 08       		.byte	0x8
 1049 044d 01       		.uleb128 0x1
 1050 044e 73313900 		.ascii	"s19\000"
 1051 0452 0A       		.byte	0xa
 1052 0453 6501     		.2byte	0x165
 1053 0455 11       		.byte	0x11
 1054 0456 E5030000 		.4byte	0x3e5
 1055 045a 0C       		.byte	0xc
 1056 045b 01       		.uleb128 0x1
 1057 045c 73323000 		.ascii	"s20\000"
 1058 0460 0A       		.byte	0xa
 1059 0461 6601     		.2byte	0x166
 1060 0463 11       		.byte	0x11
 1061 0464 E5030000 		.4byte	0x3e5
 1062 0468 10       		.byte	0x10
 1063 0469 01       		.uleb128 0x1
 1064 046a 73323100 		.ascii	"s21\000"
 1065 046e 0A       		.byte	0xa
 1066 046f 6701     		.2byte	0x167
 1067 0471 11       		.byte	0x11
 1068 0472 E5030000 		.4byte	0x3e5
 1069 0476 14       		.byte	0x14
 1070 0477 01       		.uleb128 0x1
 1071 0478 73323200 		.ascii	"s22\000"
 1072 047c 0A       		.byte	0xa
 1073 047d 6801     		.2byte	0x168
 1074 047f 11       		.byte	0x11
 1075 0480 E5030000 		.4byte	0x3e5
 1076 0484 18       		.byte	0x18
 1077 0485 01       		.uleb128 0x1
 1078 0486 73323300 		.ascii	"s23\000"
 1079 048a 0A       		.byte	0xa
 1080 048b 6901     		.2byte	0x169
 1081 048d 11       		.byte	0x11
 1082 048e E5030000 		.4byte	0x3e5
 1083 0492 1C       		.byte	0x1c
ARM GAS  /tmp/cc7IMVeb.s 			page 20


 1084 0493 01       		.uleb128 0x1
 1085 0494 73323400 		.ascii	"s24\000"
 1086 0498 0A       		.byte	0xa
 1087 0499 6A01     		.2byte	0x16a
 1088 049b 11       		.byte	0x11
 1089 049c E5030000 		.4byte	0x3e5
 1090 04a0 20       		.byte	0x20
 1091 04a1 01       		.uleb128 0x1
 1092 04a2 73323500 		.ascii	"s25\000"
 1093 04a6 0A       		.byte	0xa
 1094 04a7 6B01     		.2byte	0x16b
 1095 04a9 11       		.byte	0x11
 1096 04aa E5030000 		.4byte	0x3e5
 1097 04ae 24       		.byte	0x24
 1098 04af 01       		.uleb128 0x1
 1099 04b0 73323600 		.ascii	"s26\000"
 1100 04b4 0A       		.byte	0xa
 1101 04b5 6C01     		.2byte	0x16c
 1102 04b7 11       		.byte	0x11
 1103 04b8 E5030000 		.4byte	0x3e5
 1104 04bc 28       		.byte	0x28
 1105 04bd 01       		.uleb128 0x1
 1106 04be 73323700 		.ascii	"s27\000"
 1107 04c2 0A       		.byte	0xa
 1108 04c3 6D01     		.2byte	0x16d
 1109 04c5 11       		.byte	0x11
 1110 04c6 E5030000 		.4byte	0x3e5
 1111 04ca 2C       		.byte	0x2c
 1112 04cb 01       		.uleb128 0x1
 1113 04cc 73323800 		.ascii	"s28\000"
 1114 04d0 0A       		.byte	0xa
 1115 04d1 6E01     		.2byte	0x16e
 1116 04d3 11       		.byte	0x11
 1117 04d4 E5030000 		.4byte	0x3e5
 1118 04d8 30       		.byte	0x30
 1119 04d9 01       		.uleb128 0x1
 1120 04da 73323900 		.ascii	"s29\000"
 1121 04de 0A       		.byte	0xa
 1122 04df 6F01     		.2byte	0x16f
 1123 04e1 11       		.byte	0x11
 1124 04e2 E5030000 		.4byte	0x3e5
 1125 04e6 34       		.byte	0x34
 1126 04e7 01       		.uleb128 0x1
 1127 04e8 73333000 		.ascii	"s30\000"
 1128 04ec 0A       		.byte	0xa
 1129 04ed 7001     		.2byte	0x170
 1130 04ef 11       		.byte	0x11
 1131 04f0 E5030000 		.4byte	0x3e5
 1132 04f4 38       		.byte	0x38
 1133 04f5 01       		.uleb128 0x1
 1134 04f6 73333100 		.ascii	"s31\000"
 1135 04fa 0A       		.byte	0xa
 1136 04fb 7101     		.2byte	0x171
 1137 04fd 11       		.byte	0x11
 1138 04fe E5030000 		.4byte	0x3e5
 1139 0502 3C       		.byte	0x3c
 1140 0503 01       		.uleb128 0x1
ARM GAS  /tmp/cc7IMVeb.s 			page 21


 1141 0504 723400   		.ascii	"r4\000"
 1142 0507 0A       		.byte	0xa
 1143 0508 7301     		.2byte	0x173
 1144 050a 11       		.byte	0x11
 1145 050b E5030000 		.4byte	0x3e5
 1146 050f 40       		.byte	0x40
 1147 0510 01       		.uleb128 0x1
 1148 0511 723500   		.ascii	"r5\000"
 1149 0514 0A       		.byte	0xa
 1150 0515 7401     		.2byte	0x174
 1151 0517 11       		.byte	0x11
 1152 0518 E5030000 		.4byte	0x3e5
 1153 051c 44       		.byte	0x44
 1154 051d 01       		.uleb128 0x1
 1155 051e 723600   		.ascii	"r6\000"
 1156 0521 0A       		.byte	0xa
 1157 0522 7501     		.2byte	0x175
 1158 0524 11       		.byte	0x11
 1159 0525 E5030000 		.4byte	0x3e5
 1160 0529 48       		.byte	0x48
 1161 052a 01       		.uleb128 0x1
 1162 052b 723700   		.ascii	"r7\000"
 1163 052e 0A       		.byte	0xa
 1164 052f 7601     		.2byte	0x176
 1165 0531 11       		.byte	0x11
 1166 0532 E5030000 		.4byte	0x3e5
 1167 0536 4C       		.byte	0x4c
 1168 0537 01       		.uleb128 0x1
 1169 0538 723800   		.ascii	"r8\000"
 1170 053b 0A       		.byte	0xa
 1171 053c 7701     		.2byte	0x177
 1172 053e 11       		.byte	0x11
 1173 053f E5030000 		.4byte	0x3e5
 1174 0543 50       		.byte	0x50
 1175 0544 01       		.uleb128 0x1
 1176 0545 723900   		.ascii	"r9\000"
 1177 0548 0A       		.byte	0xa
 1178 0549 7801     		.2byte	0x178
 1179 054b 11       		.byte	0x11
 1180 054c E5030000 		.4byte	0x3e5
 1181 0550 54       		.byte	0x54
 1182 0551 01       		.uleb128 0x1
 1183 0552 72313000 		.ascii	"r10\000"
 1184 0556 0A       		.byte	0xa
 1185 0557 7901     		.2byte	0x179
 1186 0559 11       		.byte	0x11
 1187 055a E5030000 		.4byte	0x3e5
 1188 055e 58       		.byte	0x58
 1189 055f 01       		.uleb128 0x1
 1190 0560 72313100 		.ascii	"r11\000"
 1191 0564 0A       		.byte	0xa
 1192 0565 7A01     		.2byte	0x17a
 1193 0567 11       		.byte	0x11
 1194 0568 E5030000 		.4byte	0x3e5
 1195 056c 5C       		.byte	0x5c
 1196 056d 01       		.uleb128 0x1
 1197 056e 6C7200   		.ascii	"lr\000"
ARM GAS  /tmp/cc7IMVeb.s 			page 22


 1198 0571 0A       		.byte	0xa
 1199 0572 7B01     		.2byte	0x17b
 1200 0574 11       		.byte	0x11
 1201 0575 E5030000 		.4byte	0x3e5
 1202 0579 60       		.byte	0x60
 1203 057a 00       		.byte	0
 1204 057b 06       		.uleb128 0x6
 1205 057c 16040000 		.4byte	0x416
 1206 0580 23       		.uleb128 0x23
 1207 0581 60       		.byte	0x60
 1208 0582 0B       		.byte	0xb
 1209 0583 A101     		.2byte	0x1a1
 1210 0585 09       		.byte	0x9
 1211 0586 A1060000 		.4byte	0x6a1
 1212 058a 01       		.uleb128 0x1
 1213 058b 43523100 		.ascii	"CR1\000"
 1214 058f 0B       		.byte	0xb
 1215 0590 A201     		.2byte	0x1a2
 1216 0592 19       		.byte	0x19
 1217 0593 90000000 		.4byte	0x90
 1218 0597 00       		.byte	0
 1219 0598 01       		.uleb128 0x1
 1220 0599 43523200 		.ascii	"CR2\000"
 1221 059d 0B       		.byte	0xb
 1222 059e A301     		.2byte	0x1a3
 1223 05a0 19       		.byte	0x19
 1224 05a1 90000000 		.4byte	0x90
 1225 05a5 04       		.byte	0x4
 1226 05a6 02       		.uleb128 0x2
 1227 05a7 21030000 		.4byte	.LASF62
 1228 05ab 0B       		.byte	0xb
 1229 05ac A401     		.2byte	0x1a4
 1230 05ae 19       		.byte	0x19
 1231 05af 90000000 		.4byte	0x90
 1232 05b3 08       		.byte	0x8
 1233 05b4 02       		.uleb128 0x2
 1234 05b5 CE020000 		.4byte	.LASF63
 1235 05b9 0B       		.byte	0xb
 1236 05ba A501     		.2byte	0x1a5
 1237 05bc 19       		.byte	0x19
 1238 05bd 90000000 		.4byte	0x90
 1239 05c1 0C       		.byte	0xc
 1240 05c2 01       		.uleb128 0x1
 1241 05c3 535200   		.ascii	"SR\000"
 1242 05c6 0B       		.byte	0xb
 1243 05c7 A601     		.2byte	0x1a6
 1244 05c9 19       		.byte	0x19
 1245 05ca 90000000 		.4byte	0x90
 1246 05ce 10       		.byte	0x10
 1247 05cf 01       		.uleb128 0x1
 1248 05d0 45475200 		.ascii	"EGR\000"
 1249 05d4 0B       		.byte	0xb
 1250 05d5 A701     		.2byte	0x1a7
 1251 05d7 19       		.byte	0x19
 1252 05d8 90000000 		.4byte	0x90
 1253 05dc 14       		.byte	0x14
 1254 05dd 02       		.uleb128 0x2
ARM GAS  /tmp/cc7IMVeb.s 			page 23


 1255 05de 41020000 		.4byte	.LASF64
 1256 05e2 0B       		.byte	0xb
 1257 05e3 A801     		.2byte	0x1a8
 1258 05e5 19       		.byte	0x19
 1259 05e6 90000000 		.4byte	0x90
 1260 05ea 18       		.byte	0x18
 1261 05eb 02       		.uleb128 0x2
 1262 05ec 47020000 		.4byte	.LASF65
 1263 05f0 0B       		.byte	0xb
 1264 05f1 A901     		.2byte	0x1a9
 1265 05f3 19       		.byte	0x19
 1266 05f4 90000000 		.4byte	0x90
 1267 05f8 1C       		.byte	0x1c
 1268 05f9 02       		.uleb128 0x2
 1269 05fa EC020000 		.4byte	.LASF66
 1270 05fe 0B       		.byte	0xb
 1271 05ff AA01     		.2byte	0x1aa
 1272 0601 19       		.byte	0x19
 1273 0602 90000000 		.4byte	0x90
 1274 0606 20       		.byte	0x20
 1275 0607 01       		.uleb128 0x1
 1276 0608 434E5400 		.ascii	"CNT\000"
 1277 060c 0B       		.byte	0xb
 1278 060d AB01     		.2byte	0x1ab
 1279 060f 19       		.byte	0x19
 1280 0610 90000000 		.4byte	0x90
 1281 0614 24       		.byte	0x24
 1282 0615 01       		.uleb128 0x1
 1283 0616 50534300 		.ascii	"PSC\000"
 1284 061a 0B       		.byte	0xb
 1285 061b AC01     		.2byte	0x1ac
 1286 061d 19       		.byte	0x19
 1287 061e 90000000 		.4byte	0x90
 1288 0622 28       		.byte	0x28
 1289 0623 01       		.uleb128 0x1
 1290 0624 41525200 		.ascii	"ARR\000"
 1291 0628 0B       		.byte	0xb
 1292 0629 AD01     		.2byte	0x1ad
 1293 062b 19       		.byte	0x19
 1294 062c 90000000 		.4byte	0x90
 1295 0630 2C       		.byte	0x2c
 1296 0631 01       		.uleb128 0x1
 1297 0632 52435200 		.ascii	"RCR\000"
 1298 0636 0B       		.byte	0xb
 1299 0637 AE01     		.2byte	0x1ae
 1300 0639 19       		.byte	0x19
 1301 063a 90000000 		.4byte	0x90
 1302 063e 30       		.byte	0x30
 1303 063f 01       		.uleb128 0x1
 1304 0640 43435200 		.ascii	"CCR\000"
 1305 0644 0B       		.byte	0xb
 1306 0645 AF01     		.2byte	0x1af
 1307 0647 19       		.byte	0x19
 1308 0648 E0030000 		.4byte	0x3e0
 1309 064c 34       		.byte	0x34
 1310 064d 02       		.uleb128 0x2
 1311 064e 03020000 		.4byte	.LASF67
ARM GAS  /tmp/cc7IMVeb.s 			page 24


 1312 0652 0B       		.byte	0xb
 1313 0653 B001     		.2byte	0x1b0
 1314 0655 19       		.byte	0x19
 1315 0656 90000000 		.4byte	0x90
 1316 065a 44       		.byte	0x44
 1317 065b 01       		.uleb128 0x1
 1318 065c 44435200 		.ascii	"DCR\000"
 1319 0660 0B       		.byte	0xb
 1320 0661 B101     		.2byte	0x1b1
 1321 0663 19       		.byte	0x19
 1322 0664 90000000 		.4byte	0x90
 1323 0668 48       		.byte	0x48
 1324 0669 02       		.uleb128 0x2
 1325 066a D1010000 		.4byte	.LASF68
 1326 066e 0B       		.byte	0xb
 1327 066f B201     		.2byte	0x1b2
 1328 0671 19       		.byte	0x19
 1329 0672 90000000 		.4byte	0x90
 1330 0676 4C       		.byte	0x4c
 1331 0677 01       		.uleb128 0x1
 1332 0678 4F5200   		.ascii	"OR\000"
 1333 067b 0B       		.byte	0xb
 1334 067c B301     		.2byte	0x1b3
 1335 067e 19       		.byte	0x19
 1336 067f 90000000 		.4byte	0x90
 1337 0683 50       		.byte	0x50
 1338 0684 02       		.uleb128 0x2
 1339 0685 4D020000 		.4byte	.LASF69
 1340 0689 0B       		.byte	0xb
 1341 068a B401     		.2byte	0x1b4
 1342 068c 19       		.byte	0x19
 1343 068d 90000000 		.4byte	0x90
 1344 0691 54       		.byte	0x54
 1345 0692 02       		.uleb128 0x2
 1346 0693 C5030000 		.4byte	.LASF70
 1347 0697 0B       		.byte	0xb
 1348 0698 B501     		.2byte	0x1b5
 1349 069a 19       		.byte	0x19
 1350 069b CB030000 		.4byte	0x3cb
 1351 069f 58       		.byte	0x58
 1352 06a0 00       		.byte	0
 1353 06a1 24       		.uleb128 0x24
 1354 06a2 C2020000 		.4byte	.LASF71
 1355 06a6 0B       		.byte	0xb
 1356 06a7 B601     		.2byte	0x1b6
 1357 06a9 03       		.byte	0x3
 1358 06aa 80050000 		.4byte	0x580
 1359 06ae 25       		.uleb128 0x25
 1360 06af 04       		.byte	0x4
 1361 06b0 08       		.byte	0x8
 1362 06b1 D2       		.byte	0xd2
 1363 06b2 03       		.byte	0x3
 1364 06b3 E4060000 		.4byte	0x6e4
 1365 06b7 0C       		.uleb128 0xc
 1366 06b8 BB020000 		.4byte	.LASF72
 1367 06bc D9       		.byte	0xd9
 1368 06bd 19       		.byte	0x19
ARM GAS  /tmp/cc7IMVeb.s 			page 25


 1369 06be D8000000 		.4byte	0xd8
 1370 06c2 0C       		.uleb128 0xc
 1371 06c3 35050000 		.4byte	.LASF73
 1372 06c7 E0       		.byte	0xe0
 1373 06c8 19       		.byte	0x19
 1374 06c9 D8000000 		.4byte	0xd8
 1375 06cd 0C       		.uleb128 0xc
 1376 06ce 8D010000 		.4byte	.LASF74
 1377 06d2 E7       		.byte	0xe7
 1378 06d3 1A       		.byte	0x1a
 1379 06d4 8D020000 		.4byte	0x28d
 1380 06d8 0C       		.uleb128 0xc
 1381 06d9 E8040000 		.4byte	.LASF75
 1382 06dd EE       		.byte	0xee
 1383 06de 1A       		.byte	0x1a
 1384 06df E4060000 		.4byte	0x6e4
 1385 06e3 00       		.byte	0
 1386 06e4 06       		.uleb128 0x6
 1387 06e5 9C010000 		.4byte	0x19c
 1388 06e9 06       		.uleb128 0x6
 1389 06ea FA060000 		.4byte	0x6fa
 1390 06ee 08       		.uleb128 0x8
 1391 06ef E9060000 		.4byte	0x6e9
 1392 06f3 05       		.uleb128 0x5
 1393 06f4 01       		.byte	0x1
 1394 06f5 08       		.byte	0x8
 1395 06f6 F1020000 		.4byte	.LASF76
 1396 06fa 11       		.uleb128 0x11
 1397 06fb F3060000 		.4byte	0x6f3
 1398 06ff 06       		.uleb128 0x6
 1399 0700 F1030000 		.4byte	0x3f1
 1400 0704 06       		.uleb128 0x6
 1401 0705 8F020000 		.4byte	0x28f
 1402 0709 26       		.uleb128 0x26
 1403 070a 636800   		.ascii	"ch\000"
 1404 070d 08       		.byte	0x8
 1405 070e D201     		.2byte	0x1d2
 1406 0710 14       		.byte	0x14
 1407 0711 69030000 		.4byte	0x369
 1408 0715 27       		.uleb128 0x27
 1409 0716 25040000 		.4byte	.LASF94
 1410 071a 0C       		.byte	0xc
 1411 071b 58       		.byte	0x58
 1412 071c 08       		.byte	0x8
 1413 071d 17       		.uleb128 0x17
 1414 071e F8010000 		.4byte	.LASF77
 1415 0722 59       		.byte	0x59
 1416 0723 2D070000 		.4byte	0x72d
 1417 0727 10       		.uleb128 0x10
 1418 0728 E4000000 		.4byte	0xe4
 1419 072c 00       		.byte	0
 1420 072d 17       		.uleb128 0x17
 1421 072e 08020000 		.4byte	.LASF78
 1422 0732 57       		.byte	0x57
 1423 0733 3D070000 		.4byte	0x73d
 1424 0737 10       		.uleb128 0x10
 1425 0738 E4000000 		.4byte	0xe4
ARM GAS  /tmp/cc7IMVeb.s 			page 26


 1426 073c 00       		.byte	0
 1427 073d 18       		.uleb128 0x18
 1428 073e 6A030000 		.4byte	.LASF80
 1429 0742 B1       		.byte	0xb1
 1430 0743 00000000 		.4byte	.LFB204
 1431 0747 80000000 		.4byte	.LFE204-.LFB204
 1432 074b 01       		.uleb128 0x1
 1433 074c 9C       		.byte	0x9c
 1434 074d 24080000 		.4byte	0x824
 1435 0751 12       		.uleb128 0x12
 1436 0752 76747000 		.ascii	"vtp\000"
 1437 0756 B1       		.byte	0xb1
 1438 0757 24       		.byte	0x24
 1439 0758 04070000 		.4byte	0x704
 1440 075c 18000000 		.4byte	.LLST10
 1441 0760 0C000000 		.4byte	.LVUS10
 1442 0764 19       		.uleb128 0x19
 1443 0765 26050000 		.4byte	.LASF84
 1444 0769 34080000 		.4byte	0x834
 1445 076d 13       		.uleb128 0x13
 1446 076e 7D020000 		.4byte	.LASF79
 1447 0772 C5       		.byte	0xc5
 1448 0773 0D       		.byte	0xd
 1449 0774 E4000000 		.4byte	0xe4
 1450 0778 5C000000 		.4byte	.LLST11
 1451 077c 58000000 		.4byte	.LVUS11
 1452 0780 13       		.uleb128 0x13
 1453 0781 FA040000 		.4byte	.LASF45
 1454 0785 C5       		.byte	0xc5
 1455 0786 17       		.byte	0x17
 1456 0787 E4000000 		.4byte	0xe4
 1457 078b 70000000 		.4byte	.LLST12
 1458 078f 6C000000 		.4byte	.LVUS12
 1459 0793 0D       		.uleb128 0xd
 1460 0794 A4090000 		.4byte	0x9a4
 1461 0798 48000000 		.4byte	.LBI37
 1462 079c 01       		.byte	.LVU147
 1463 079d 48000000 		.4byte	.LBB37
 1464 07a1 06000000 		.4byte	.LBE37-.LBB37
 1465 07a5 EC       		.byte	0xec
 1466 07a6 0E       		.byte	0xe
 1467 07a7 D5070000 		.4byte	0x7d5
 1468 07ab 0E       		.uleb128 0xe
 1469 07ac AF090000 		.4byte	0x9af
 1470 07b0 48000000 		.4byte	.LBI38
 1471 07b4 03       		.byte	.LVU149
 1472 07b5 48000000 		.4byte	.LBB38
 1473 07b9 06000000 		.4byte	.LBE38-.LBB38
 1474 07bd 02       		.byte	0x2
 1475 07be E9       		.byte	0xe9
 1476 07bf 0A       		.byte	0xa
 1477 07c0 1A       		.uleb128 0x1a
 1478 07c1 EF090000 		.4byte	0x9ef
 1479 07c5 48000000 		.4byte	.LBI39
 1480 07c9 05       		.byte	.LVU151
 1481 07ca 48000000 		.4byte	.LBB39
 1482 07ce 06000000 		.4byte	.LBE39-.LBB39
ARM GAS  /tmp/cc7IMVeb.s 			page 27


 1483 07d2 6B       		.byte	0x6b
 1484 07d3 00       		.byte	0
 1485 07d4 00       		.byte	0
 1486 07d5 0D       		.uleb128 0xd
 1487 07d6 BA090000 		.4byte	0x9ba
 1488 07da 64000000 		.4byte	.LBI41
 1489 07de 01       		.byte	.LVU166
 1490 07df 64000000 		.4byte	.LBB41
 1491 07e3 08000000 		.4byte	.LBE41-.LBB41
 1492 07e7 FD       		.byte	0xfd
 1493 07e8 03       		.byte	0x3
 1494 07e9 04080000 		.4byte	0x804
 1495 07ed 14       		.uleb128 0x14
 1496 07ee C4090000 		.4byte	0x9c4
 1497 07f2 84000000 		.4byte	.LLST13
 1498 07f6 80000000 		.4byte	.LVUS13
 1499 07fa 0F       		.uleb128 0xf
 1500 07fb 6A000000 		.4byte	.LVL32
 1501 07ff 1D070000 		.4byte	0x71d
 1502 0803 00       		.byte	0
 1503 0804 0E       		.uleb128 0xe
 1504 0805 D0090000 		.4byte	0x9d0
 1505 0809 6C000000 		.4byte	.LBI43
 1506 080d 02       		.byte	.LVU172
 1507 080e 6C000000 		.4byte	.LBB43
 1508 0812 04000000 		.4byte	.LBE43-.LBB43
 1509 0816 01       		.byte	0x1
 1510 0817 DD       		.byte	0xdd
 1511 0818 05       		.byte	0x5
 1512 0819 0F       		.uleb128 0xf
 1513 081a 70000000 		.4byte	.LVL34
 1514 081e 15070000 		.4byte	0x715
 1515 0822 00       		.byte	0
 1516 0823 00       		.byte	0
 1517 0824 0A       		.uleb128 0xa
 1518 0825 FA060000 		.4byte	0x6fa
 1519 0829 34080000 		.4byte	0x834
 1520 082d 0B       		.uleb128 0xb
 1521 082e 2D000000 		.4byte	0x2d
 1522 0832 0C       		.byte	0xc
 1523 0833 00       		.byte	0
 1524 0834 11       		.uleb128 0x11
 1525 0835 24080000 		.4byte	0x824
 1526 0839 18       		.uleb128 0x18
 1527 083a 7E040000 		.4byte	.LASF81
 1528 083e 5F       		.byte	0x5f
 1529 083f 00000000 		.4byte	.LFB203
 1530 0843 80000000 		.4byte	.LFE203-.LFB203
 1531 0847 01       		.uleb128 0x1
 1532 0848 9C       		.byte	0x9c
 1533 0849 7D090000 		.4byte	0x97d
 1534 084d 12       		.uleb128 0x12
 1535 084e 76747000 		.ascii	"vtp\000"
 1536 0852 5F       		.byte	0x5f
 1537 0853 22       		.byte	0x22
 1538 0854 04070000 		.4byte	0x704
 1539 0858 9F000000 		.4byte	.LLST0
ARM GAS  /tmp/cc7IMVeb.s 			page 28


 1540 085c 99000000 		.4byte	.LVUS0
 1541 0860 1B       		.uleb128 0x1b
 1542 0861 15040000 		.4byte	.LASF82
 1543 0865 5F       		.byte	0x5f
 1544 0866 31       		.byte	0x31
 1545 0867 E4000000 		.4byte	0xe4
 1546 086b CA000000 		.4byte	.LLST1
 1547 086f BE000000 		.4byte	.LVUS1
 1548 0873 1B       		.uleb128 0x1b
 1549 0874 60010000 		.4byte	.LASF83
 1550 0878 60       		.byte	0x60
 1551 0879 1A       		.byte	0x1a
 1552 087a 71020000 		.4byte	0x271
 1553 087e 07010000 		.4byte	.LLST2
 1554 0882 F7000000 		.4byte	.LVUS2
 1555 0886 12       		.uleb128 0x12
 1556 0887 70617200 		.ascii	"par\000"
 1557 088b 60       		.byte	0x60
 1558 088c 28       		.byte	0x28
 1559 088d 8D020000 		.4byte	0x28d
 1560 0891 64010000 		.4byte	.LLST3
 1561 0895 54010000 		.4byte	.LVUS3
 1562 0899 1C       		.uleb128 0x1c
 1563 089a 7000     		.ascii	"p\000"
 1564 089c 61       		.byte	0x61
 1565 089d 14       		.byte	0x14
 1566 089e 04070000 		.4byte	0x704
 1567 08a2 B6010000 		.4byte	.LLST4
 1568 08a6 B2010000 		.4byte	.LVUS4
 1569 08aa 13       		.uleb128 0x13
 1570 08ab FA040000 		.4byte	.LASF45
 1571 08af 62       		.byte	0x62
 1572 08b0 0D       		.byte	0xd
 1573 08b1 E4000000 		.4byte	0xe4
 1574 08b5 CA010000 		.4byte	.LLST5
 1575 08b9 C6010000 		.4byte	.LVUS5
 1576 08bd 19       		.uleb128 0x19
 1577 08be 26050000 		.4byte	.LASF84
 1578 08c2 8D090000 		.4byte	0x98d
 1579 08c6 28       		.uleb128 0x28
 1580 08c7 0C000000 		.4byte	.LLRL6
 1581 08cb 1C       		.uleb128 0x1c
 1582 08cc 6E6F7700 		.ascii	"now\000"
 1583 08d0 6C       		.byte	0x6c
 1584 08d1 0F       		.byte	0xf
 1585 08d2 E4000000 		.4byte	0xe4
 1586 08d6 DE010000 		.4byte	.LLST7
 1587 08da DA010000 		.4byte	.LVUS7
 1588 08de 0D       		.uleb128 0xd
 1589 08df A4090000 		.4byte	0x9a4
 1590 08e3 08000000 		.4byte	.LBI28
 1591 08e7 01       		.byte	.LVU23
 1592 08e8 08000000 		.4byte	.LBB28
 1593 08ec 06000000 		.4byte	.LBE28-.LBB28
 1594 08f0 6C       		.byte	0x6c
 1595 08f1 15       		.byte	0x15
 1596 08f2 20090000 		.4byte	0x920
ARM GAS  /tmp/cc7IMVeb.s 			page 29


 1597 08f6 0E       		.uleb128 0xe
 1598 08f7 AF090000 		.4byte	0x9af
 1599 08fb 08000000 		.4byte	.LBI29
 1600 08ff 03       		.byte	.LVU25
 1601 0900 08000000 		.4byte	.LBB29
 1602 0904 06000000 		.4byte	.LBE29-.LBB29
 1603 0908 02       		.byte	0x2
 1604 0909 E9       		.byte	0xe9
 1605 090a 0A       		.byte	0xa
 1606 090b 1A       		.uleb128 0x1a
 1607 090c EF090000 		.4byte	0x9ef
 1608 0910 08000000 		.4byte	.LBI30
 1609 0914 05       		.byte	.LVU27
 1610 0915 08000000 		.4byte	.LBB30
 1611 0919 06000000 		.4byte	.LBE30-.LBB30
 1612 091d 6B       		.byte	0x6b
 1613 091e 00       		.byte	0
 1614 091f 00       		.byte	0
 1615 0920 0D       		.uleb128 0xd
 1616 0921 D9090000 		.4byte	0x9d9
 1617 0925 48000000 		.4byte	.LBI32
 1618 0929 00       		.byte	.LVU65
 1619 092a 48000000 		.4byte	.LBB32
 1620 092e 06000000 		.4byte	.LBE32-.LBB32
 1621 0932 81       		.byte	0x81
 1622 0933 07       		.byte	0x7
 1623 0934 4F090000 		.4byte	0x94f
 1624 0938 14       		.uleb128 0x14
 1625 0939 E3090000 		.4byte	0x9e3
 1626 093d F2010000 		.4byte	.LLST8
 1627 0941 EE010000 		.4byte	.LVUS8
 1628 0945 0F       		.uleb128 0xf
 1629 0946 4E000000 		.4byte	.LVL15
 1630 094a 2D070000 		.4byte	0x72d
 1631 094e 00       		.byte	0
 1632 094f 0E       		.uleb128 0xe
 1633 0950 BA090000 		.4byte	0x9ba
 1634 0954 50000000 		.4byte	.LBI34
 1635 0958 01       		.byte	.LVU71
 1636 0959 50000000 		.4byte	.LBB34
 1637 095d 06000000 		.4byte	.LBE34-.LBB34
 1638 0961 01       		.byte	0x1
 1639 0962 8C       		.byte	0x8c
 1640 0963 07       		.byte	0x7
 1641 0964 14       		.uleb128 0x14
 1642 0965 C4090000 		.4byte	0x9c4
 1643 0969 0A020000 		.4byte	.LLST9
 1644 096d 08020000 		.4byte	.LVUS9
 1645 0971 0F       		.uleb128 0xf
 1646 0972 54000000 		.4byte	.LVL17
 1647 0976 1D070000 		.4byte	0x71d
 1648 097a 00       		.byte	0
 1649 097b 00       		.byte	0
 1650 097c 00       		.byte	0
 1651 097d 0A       		.uleb128 0xa
 1652 097e FA060000 		.4byte	0x6fa
 1653 0982 8D090000 		.4byte	0x98d
ARM GAS  /tmp/cc7IMVeb.s 			page 30


 1654 0986 0B       		.uleb128 0xb
 1655 0987 2D000000 		.4byte	0x2d
 1656 098b 0A       		.byte	0xa
 1657 098c 00       		.byte	0
 1658 098d 11       		.uleb128 0x11
 1659 098e 7D090000 		.4byte	0x97d
 1660 0992 29       		.uleb128 0x29
 1661 0993 47010000 		.4byte	.LASF95
 1662 0997 01       		.byte	0x1
 1663 0998 3D       		.byte	0x3d
 1664 0999 06       		.byte	0x6
 1665 099a 00000000 		.4byte	.LFB202
 1666 099e 1C000000 		.4byte	.LFE202-.LFB202
 1667 09a2 01       		.uleb128 0x1
 1668 09a3 9C       		.byte	0x9c
 1669 09a4 15       		.uleb128 0x15
 1670 09a5 15020000 		.4byte	.LASF85
 1671 09a9 02       		.byte	0x2
 1672 09aa E4       		.byte	0xe4
 1673 09ab E4000000 		.4byte	0xe4
 1674 09af 15       		.uleb128 0x15
 1675 09b0 D3020000 		.4byte	.LASF86
 1676 09b4 03       		.byte	0x3
 1677 09b5 69       		.byte	0x69
 1678 09b6 E4000000 		.4byte	0xe4
 1679 09ba 1D       		.uleb128 0x1d
 1680 09bb A4030000 		.4byte	.LASF87
 1681 09bf 5D       		.byte	0x5d
 1682 09c0 D0090000 		.4byte	0x9d0
 1683 09c4 1E       		.uleb128 0x1e
 1684 09c5 86020000 		.4byte	.LASF89
 1685 09c9 5D       		.byte	0x5d
 1686 09ca 33       		.byte	0x33
 1687 09cb E4000000 		.4byte	0xe4
 1688 09cf 00       		.byte	0
 1689 09d0 2A       		.uleb128 0x2a
 1690 09d1 56040000 		.4byte	.LASF96
 1691 09d5 03       		.byte	0x3
 1692 09d6 51       		.byte	0x51
 1693 09d7 14       		.byte	0x14
 1694 09d8 03       		.byte	0x3
 1695 09d9 1D       		.uleb128 0x1d
 1696 09da 30030000 		.4byte	.LASF88
 1697 09de 47       		.byte	0x47
 1698 09df EF090000 		.4byte	0x9ef
 1699 09e3 1E       		.uleb128 0x1e
 1700 09e4 86020000 		.4byte	.LASF89
 1701 09e8 47       		.byte	0x47
 1702 09e9 35       		.byte	0x35
 1703 09ea E4000000 		.4byte	0xe4
 1704 09ee 00       		.byte	0
 1705 09ef 15       		.uleb128 0x15
 1706 09f0 6A020000 		.4byte	.LASF90
 1707 09f4 04       		.byte	0x4
 1708 09f5 8B       		.byte	0x8b
 1709 09f6 E4000000 		.4byte	0xe4
 1710 09fa 00       		.byte	0
ARM GAS  /tmp/cc7IMVeb.s 			page 31


 1711              		.section	.debug_abbrev,"",%progbits
 1712              	.Ldebug_abbrev0:
 1713 0000 01       		.uleb128 0x1
 1714 0001 0D       		.uleb128 0xd
 1715 0002 00       		.byte	0
 1716 0003 03       		.uleb128 0x3
 1717 0004 08       		.uleb128 0x8
 1718 0005 3A       		.uleb128 0x3a
 1719 0006 0B       		.uleb128 0xb
 1720 0007 3B       		.uleb128 0x3b
 1721 0008 05       		.uleb128 0x5
 1722 0009 39       		.uleb128 0x39
 1723 000a 0B       		.uleb128 0xb
 1724 000b 49       		.uleb128 0x49
 1725 000c 13       		.uleb128 0x13
 1726 000d 38       		.uleb128 0x38
 1727 000e 0B       		.uleb128 0xb
 1728 000f 00       		.byte	0
 1729 0010 00       		.byte	0
 1730 0011 02       		.uleb128 0x2
 1731 0012 0D       		.uleb128 0xd
 1732 0013 00       		.byte	0
 1733 0014 03       		.uleb128 0x3
 1734 0015 0E       		.uleb128 0xe
 1735 0016 3A       		.uleb128 0x3a
 1736 0017 0B       		.uleb128 0xb
 1737 0018 3B       		.uleb128 0x3b
 1738 0019 05       		.uleb128 0x5
 1739 001a 39       		.uleb128 0x39
 1740 001b 0B       		.uleb128 0xb
 1741 001c 49       		.uleb128 0x49
 1742 001d 13       		.uleb128 0x13
 1743 001e 38       		.uleb128 0x38
 1744 001f 0B       		.uleb128 0xb
 1745 0020 00       		.byte	0
 1746 0021 00       		.byte	0
 1747 0022 03       		.uleb128 0x3
 1748 0023 16       		.uleb128 0x16
 1749 0024 00       		.byte	0
 1750 0025 03       		.uleb128 0x3
 1751 0026 0E       		.uleb128 0xe
 1752 0027 3A       		.uleb128 0x3a
 1753 0028 0B       		.uleb128 0xb
 1754 0029 3B       		.uleb128 0x3b
 1755 002a 0B       		.uleb128 0xb
 1756 002b 39       		.uleb128 0x39
 1757 002c 0B       		.uleb128 0xb
 1758 002d 49       		.uleb128 0x49
 1759 002e 13       		.uleb128 0x13
 1760 002f 00       		.byte	0
 1761 0030 00       		.byte	0
 1762 0031 04       		.uleb128 0x4
 1763 0032 0D       		.uleb128 0xd
 1764 0033 00       		.byte	0
 1765 0034 03       		.uleb128 0x3
 1766 0035 0E       		.uleb128 0xe
 1767 0036 3A       		.uleb128 0x3a
ARM GAS  /tmp/cc7IMVeb.s 			page 32


 1768 0037 21       		.uleb128 0x21
 1769 0038 08       		.sleb128 8
 1770 0039 3B       		.uleb128 0x3b
 1771 003a 0B       		.uleb128 0xb
 1772 003b 39       		.uleb128 0x39
 1773 003c 0B       		.uleb128 0xb
 1774 003d 49       		.uleb128 0x49
 1775 003e 13       		.uleb128 0x13
 1776 003f 38       		.uleb128 0x38
 1777 0040 0B       		.uleb128 0xb
 1778 0041 00       		.byte	0
 1779 0042 00       		.byte	0
 1780 0043 05       		.uleb128 0x5
 1781 0044 24       		.uleb128 0x24
 1782 0045 00       		.byte	0
 1783 0046 0B       		.uleb128 0xb
 1784 0047 0B       		.uleb128 0xb
 1785 0048 3E       		.uleb128 0x3e
 1786 0049 0B       		.uleb128 0xb
 1787 004a 03       		.uleb128 0x3
 1788 004b 0E       		.uleb128 0xe
 1789 004c 00       		.byte	0
 1790 004d 00       		.byte	0
 1791 004e 06       		.uleb128 0x6
 1792 004f 0F       		.uleb128 0xf
 1793 0050 00       		.byte	0
 1794 0051 0B       		.uleb128 0xb
 1795 0052 21       		.uleb128 0x21
 1796 0053 04       		.sleb128 4
 1797 0054 49       		.uleb128 0x49
 1798 0055 13       		.uleb128 0x13
 1799 0056 00       		.byte	0
 1800 0057 00       		.byte	0
 1801 0058 07       		.uleb128 0x7
 1802 0059 13       		.uleb128 0x13
 1803 005a 01       		.byte	0x1
 1804 005b 03       		.uleb128 0x3
 1805 005c 0E       		.uleb128 0xe
 1806 005d 0B       		.uleb128 0xb
 1807 005e 0B       		.uleb128 0xb
 1808 005f 3A       		.uleb128 0x3a
 1809 0060 0B       		.uleb128 0xb
 1810 0061 3B       		.uleb128 0x3b
 1811 0062 05       		.uleb128 0x5
 1812 0063 39       		.uleb128 0x39
 1813 0064 21       		.uleb128 0x21
 1814 0065 08       		.sleb128 8
 1815 0066 01       		.uleb128 0x1
 1816 0067 13       		.uleb128 0x13
 1817 0068 00       		.byte	0
 1818 0069 00       		.byte	0
 1819 006a 08       		.uleb128 0x8
 1820 006b 35       		.uleb128 0x35
 1821 006c 00       		.byte	0
 1822 006d 49       		.uleb128 0x49
 1823 006e 13       		.uleb128 0x13
 1824 006f 00       		.byte	0
ARM GAS  /tmp/cc7IMVeb.s 			page 33


 1825 0070 00       		.byte	0
 1826 0071 09       		.uleb128 0x9
 1827 0072 13       		.uleb128 0x13
 1828 0073 01       		.byte	0x1
 1829 0074 03       		.uleb128 0x3
 1830 0075 0E       		.uleb128 0xe
 1831 0076 0B       		.uleb128 0xb
 1832 0077 0B       		.uleb128 0xb
 1833 0078 3A       		.uleb128 0x3a
 1834 0079 0B       		.uleb128 0xb
 1835 007a 3B       		.uleb128 0x3b
 1836 007b 0B       		.uleb128 0xb
 1837 007c 39       		.uleb128 0x39
 1838 007d 21       		.uleb128 0x21
 1839 007e 08       		.sleb128 8
 1840 007f 01       		.uleb128 0x1
 1841 0080 13       		.uleb128 0x13
 1842 0081 00       		.byte	0
 1843 0082 00       		.byte	0
 1844 0083 0A       		.uleb128 0xa
 1845 0084 01       		.uleb128 0x1
 1846 0085 01       		.byte	0x1
 1847 0086 49       		.uleb128 0x49
 1848 0087 13       		.uleb128 0x13
 1849 0088 01       		.uleb128 0x1
 1850 0089 13       		.uleb128 0x13
 1851 008a 00       		.byte	0
 1852 008b 00       		.byte	0
 1853 008c 0B       		.uleb128 0xb
 1854 008d 21       		.uleb128 0x21
 1855 008e 00       		.byte	0
 1856 008f 49       		.uleb128 0x49
 1857 0090 13       		.uleb128 0x13
 1858 0091 2F       		.uleb128 0x2f
 1859 0092 0B       		.uleb128 0xb
 1860 0093 00       		.byte	0
 1861 0094 00       		.byte	0
 1862 0095 0C       		.uleb128 0xc
 1863 0096 0D       		.uleb128 0xd
 1864 0097 00       		.byte	0
 1865 0098 03       		.uleb128 0x3
 1866 0099 0E       		.uleb128 0xe
 1867 009a 3A       		.uleb128 0x3a
 1868 009b 21       		.uleb128 0x21
 1869 009c 08       		.sleb128 8
 1870 009d 3B       		.uleb128 0x3b
 1871 009e 0B       		.uleb128 0xb
 1872 009f 39       		.uleb128 0x39
 1873 00a0 0B       		.uleb128 0xb
 1874 00a1 49       		.uleb128 0x49
 1875 00a2 13       		.uleb128 0x13
 1876 00a3 00       		.byte	0
 1877 00a4 00       		.byte	0
 1878 00a5 0D       		.uleb128 0xd
 1879 00a6 1D       		.uleb128 0x1d
 1880 00a7 01       		.byte	0x1
 1881 00a8 31       		.uleb128 0x31
ARM GAS  /tmp/cc7IMVeb.s 			page 34


 1882 00a9 13       		.uleb128 0x13
 1883 00aa 52       		.uleb128 0x52
 1884 00ab 01       		.uleb128 0x1
 1885 00ac B842     		.uleb128 0x2138
 1886 00ae 0B       		.uleb128 0xb
 1887 00af 11       		.uleb128 0x11
 1888 00b0 01       		.uleb128 0x1
 1889 00b1 12       		.uleb128 0x12
 1890 00b2 06       		.uleb128 0x6
 1891 00b3 58       		.uleb128 0x58
 1892 00b4 21       		.uleb128 0x21
 1893 00b5 01       		.sleb128 1
 1894 00b6 59       		.uleb128 0x59
 1895 00b7 0B       		.uleb128 0xb
 1896 00b8 57       		.uleb128 0x57
 1897 00b9 0B       		.uleb128 0xb
 1898 00ba 01       		.uleb128 0x1
 1899 00bb 13       		.uleb128 0x13
 1900 00bc 00       		.byte	0
 1901 00bd 00       		.byte	0
 1902 00be 0E       		.uleb128 0xe
 1903 00bf 1D       		.uleb128 0x1d
 1904 00c0 01       		.byte	0x1
 1905 00c1 31       		.uleb128 0x31
 1906 00c2 13       		.uleb128 0x13
 1907 00c3 52       		.uleb128 0x52
 1908 00c4 01       		.uleb128 0x1
 1909 00c5 B842     		.uleb128 0x2138
 1910 00c7 0B       		.uleb128 0xb
 1911 00c8 11       		.uleb128 0x11
 1912 00c9 01       		.uleb128 0x1
 1913 00ca 12       		.uleb128 0x12
 1914 00cb 06       		.uleb128 0x6
 1915 00cc 58       		.uleb128 0x58
 1916 00cd 0B       		.uleb128 0xb
 1917 00ce 59       		.uleb128 0x59
 1918 00cf 0B       		.uleb128 0xb
 1919 00d0 57       		.uleb128 0x57
 1920 00d1 0B       		.uleb128 0xb
 1921 00d2 00       		.byte	0
 1922 00d3 00       		.byte	0
 1923 00d4 0F       		.uleb128 0xf
 1924 00d5 48       		.uleb128 0x48
 1925 00d6 00       		.byte	0
 1926 00d7 7D       		.uleb128 0x7d
 1927 00d8 01       		.uleb128 0x1
 1928 00d9 7F       		.uleb128 0x7f
 1929 00da 13       		.uleb128 0x13
 1930 00db 00       		.byte	0
 1931 00dc 00       		.byte	0
 1932 00dd 10       		.uleb128 0x10
 1933 00de 05       		.uleb128 0x5
 1934 00df 00       		.byte	0
 1935 00e0 49       		.uleb128 0x49
 1936 00e1 13       		.uleb128 0x13
 1937 00e2 00       		.byte	0
 1938 00e3 00       		.byte	0
ARM GAS  /tmp/cc7IMVeb.s 			page 35


 1939 00e4 11       		.uleb128 0x11
 1940 00e5 26       		.uleb128 0x26
 1941 00e6 00       		.byte	0
 1942 00e7 49       		.uleb128 0x49
 1943 00e8 13       		.uleb128 0x13
 1944 00e9 00       		.byte	0
 1945 00ea 00       		.byte	0
 1946 00eb 12       		.uleb128 0x12
 1947 00ec 05       		.uleb128 0x5
 1948 00ed 00       		.byte	0
 1949 00ee 03       		.uleb128 0x3
 1950 00ef 08       		.uleb128 0x8
 1951 00f0 3A       		.uleb128 0x3a
 1952 00f1 21       		.uleb128 0x21
 1953 00f2 01       		.sleb128 1
 1954 00f3 3B       		.uleb128 0x3b
 1955 00f4 0B       		.uleb128 0xb
 1956 00f5 39       		.uleb128 0x39
 1957 00f6 0B       		.uleb128 0xb
 1958 00f7 49       		.uleb128 0x49
 1959 00f8 13       		.uleb128 0x13
 1960 00f9 02       		.uleb128 0x2
 1961 00fa 17       		.uleb128 0x17
 1962 00fb B742     		.uleb128 0x2137
 1963 00fd 17       		.uleb128 0x17
 1964 00fe 00       		.byte	0
 1965 00ff 00       		.byte	0
 1966 0100 13       		.uleb128 0x13
 1967 0101 34       		.uleb128 0x34
 1968 0102 00       		.byte	0
 1969 0103 03       		.uleb128 0x3
 1970 0104 0E       		.uleb128 0xe
 1971 0105 3A       		.uleb128 0x3a
 1972 0106 21       		.uleb128 0x21
 1973 0107 01       		.sleb128 1
 1974 0108 3B       		.uleb128 0x3b
 1975 0109 0B       		.uleb128 0xb
 1976 010a 39       		.uleb128 0x39
 1977 010b 0B       		.uleb128 0xb
 1978 010c 49       		.uleb128 0x49
 1979 010d 13       		.uleb128 0x13
 1980 010e 02       		.uleb128 0x2
 1981 010f 17       		.uleb128 0x17
 1982 0110 B742     		.uleb128 0x2137
 1983 0112 17       		.uleb128 0x17
 1984 0113 00       		.byte	0
 1985 0114 00       		.byte	0
 1986 0115 14       		.uleb128 0x14
 1987 0116 05       		.uleb128 0x5
 1988 0117 00       		.byte	0
 1989 0118 31       		.uleb128 0x31
 1990 0119 13       		.uleb128 0x13
 1991 011a 02       		.uleb128 0x2
 1992 011b 17       		.uleb128 0x17
 1993 011c B742     		.uleb128 0x2137
 1994 011e 17       		.uleb128 0x17
 1995 011f 00       		.byte	0
ARM GAS  /tmp/cc7IMVeb.s 			page 36


 1996 0120 00       		.byte	0
 1997 0121 15       		.uleb128 0x15
 1998 0122 2E       		.uleb128 0x2e
 1999 0123 00       		.byte	0
 2000 0124 03       		.uleb128 0x3
 2001 0125 0E       		.uleb128 0xe
 2002 0126 3A       		.uleb128 0x3a
 2003 0127 0B       		.uleb128 0xb
 2004 0128 3B       		.uleb128 0x3b
 2005 0129 0B       		.uleb128 0xb
 2006 012a 39       		.uleb128 0x39
 2007 012b 21       		.uleb128 0x21
 2008 012c 19       		.sleb128 25
 2009 012d 27       		.uleb128 0x27
 2010 012e 19       		.uleb128 0x19
 2011 012f 49       		.uleb128 0x49
 2012 0130 13       		.uleb128 0x13
 2013 0131 20       		.uleb128 0x20
 2014 0132 21       		.uleb128 0x21
 2015 0133 03       		.sleb128 3
 2016 0134 00       		.byte	0
 2017 0135 00       		.byte	0
 2018 0136 16       		.uleb128 0x16
 2019 0137 0D       		.uleb128 0xd
 2020 0138 00       		.byte	0
 2021 0139 03       		.uleb128 0x3
 2022 013a 08       		.uleb128 0x8
 2023 013b 3A       		.uleb128 0x3a
 2024 013c 0B       		.uleb128 0xb
 2025 013d 3B       		.uleb128 0x3b
 2026 013e 0B       		.uleb128 0xb
 2027 013f 39       		.uleb128 0x39
 2028 0140 0B       		.uleb128 0xb
 2029 0141 49       		.uleb128 0x49
 2030 0142 13       		.uleb128 0x13
 2031 0143 38       		.uleb128 0x38
 2032 0144 0B       		.uleb128 0xb
 2033 0145 00       		.byte	0
 2034 0146 00       		.byte	0
 2035 0147 17       		.uleb128 0x17
 2036 0148 2E       		.uleb128 0x2e
 2037 0149 01       		.byte	0x1
 2038 014a 3F       		.uleb128 0x3f
 2039 014b 19       		.uleb128 0x19
 2040 014c 03       		.uleb128 0x3
 2041 014d 0E       		.uleb128 0xe
 2042 014e 3A       		.uleb128 0x3a
 2043 014f 21       		.uleb128 0x21
 2044 0150 0C       		.sleb128 12
 2045 0151 3B       		.uleb128 0x3b
 2046 0152 0B       		.uleb128 0xb
 2047 0153 39       		.uleb128 0x39
 2048 0154 21       		.uleb128 0x21
 2049 0155 08       		.sleb128 8
 2050 0156 27       		.uleb128 0x27
 2051 0157 19       		.uleb128 0x19
 2052 0158 3C       		.uleb128 0x3c
ARM GAS  /tmp/cc7IMVeb.s 			page 37


 2053 0159 19       		.uleb128 0x19
 2054 015a 01       		.uleb128 0x1
 2055 015b 13       		.uleb128 0x13
 2056 015c 00       		.byte	0
 2057 015d 00       		.byte	0
 2058 015e 18       		.uleb128 0x18
 2059 015f 2E       		.uleb128 0x2e
 2060 0160 01       		.byte	0x1
 2061 0161 3F       		.uleb128 0x3f
 2062 0162 19       		.uleb128 0x19
 2063 0163 03       		.uleb128 0x3
 2064 0164 0E       		.uleb128 0xe
 2065 0165 3A       		.uleb128 0x3a
 2066 0166 21       		.uleb128 0x21
 2067 0167 01       		.sleb128 1
 2068 0168 3B       		.uleb128 0x3b
 2069 0169 0B       		.uleb128 0xb
 2070 016a 39       		.uleb128 0x39
 2071 016b 21       		.uleb128 0x21
 2072 016c 06       		.sleb128 6
 2073 016d 27       		.uleb128 0x27
 2074 016e 19       		.uleb128 0x19
 2075 016f 11       		.uleb128 0x11
 2076 0170 01       		.uleb128 0x1
 2077 0171 12       		.uleb128 0x12
 2078 0172 06       		.uleb128 0x6
 2079 0173 40       		.uleb128 0x40
 2080 0174 18       		.uleb128 0x18
 2081 0175 7A       		.uleb128 0x7a
 2082 0176 19       		.uleb128 0x19
 2083 0177 01       		.uleb128 0x1
 2084 0178 13       		.uleb128 0x13
 2085 0179 00       		.byte	0
 2086 017a 00       		.byte	0
 2087 017b 19       		.uleb128 0x19
 2088 017c 34       		.uleb128 0x34
 2089 017d 00       		.byte	0
 2090 017e 03       		.uleb128 0x3
 2091 017f 0E       		.uleb128 0xe
 2092 0180 49       		.uleb128 0x49
 2093 0181 13       		.uleb128 0x13
 2094 0182 34       		.uleb128 0x34
 2095 0183 19       		.uleb128 0x19
 2096 0184 00       		.byte	0
 2097 0185 00       		.byte	0
 2098 0186 1A       		.uleb128 0x1a
 2099 0187 1D       		.uleb128 0x1d
 2100 0188 00       		.byte	0
 2101 0189 31       		.uleb128 0x31
 2102 018a 13       		.uleb128 0x13
 2103 018b 52       		.uleb128 0x52
 2104 018c 01       		.uleb128 0x1
 2105 018d B842     		.uleb128 0x2138
 2106 018f 0B       		.uleb128 0xb
 2107 0190 11       		.uleb128 0x11
 2108 0191 01       		.uleb128 0x1
 2109 0192 12       		.uleb128 0x12
ARM GAS  /tmp/cc7IMVeb.s 			page 38


 2110 0193 06       		.uleb128 0x6
 2111 0194 58       		.uleb128 0x58
 2112 0195 21       		.uleb128 0x21
 2113 0196 03       		.sleb128 3
 2114 0197 59       		.uleb128 0x59
 2115 0198 0B       		.uleb128 0xb
 2116 0199 57       		.uleb128 0x57
 2117 019a 21       		.uleb128 0x21
 2118 019b 0A       		.sleb128 10
 2119 019c 00       		.byte	0
 2120 019d 00       		.byte	0
 2121 019e 1B       		.uleb128 0x1b
 2122 019f 05       		.uleb128 0x5
 2123 01a0 00       		.byte	0
 2124 01a1 03       		.uleb128 0x3
 2125 01a2 0E       		.uleb128 0xe
 2126 01a3 3A       		.uleb128 0x3a
 2127 01a4 21       		.uleb128 0x21
 2128 01a5 01       		.sleb128 1
 2129 01a6 3B       		.uleb128 0x3b
 2130 01a7 0B       		.uleb128 0xb
 2131 01a8 39       		.uleb128 0x39
 2132 01a9 0B       		.uleb128 0xb
 2133 01aa 49       		.uleb128 0x49
 2134 01ab 13       		.uleb128 0x13
 2135 01ac 02       		.uleb128 0x2
 2136 01ad 17       		.uleb128 0x17
 2137 01ae B742     		.uleb128 0x2137
 2138 01b0 17       		.uleb128 0x17
 2139 01b1 00       		.byte	0
 2140 01b2 00       		.byte	0
 2141 01b3 1C       		.uleb128 0x1c
 2142 01b4 34       		.uleb128 0x34
 2143 01b5 00       		.byte	0
 2144 01b6 03       		.uleb128 0x3
 2145 01b7 08       		.uleb128 0x8
 2146 01b8 3A       		.uleb128 0x3a
 2147 01b9 21       		.uleb128 0x21
 2148 01ba 01       		.sleb128 1
 2149 01bb 3B       		.uleb128 0x3b
 2150 01bc 0B       		.uleb128 0xb
 2151 01bd 39       		.uleb128 0x39
 2152 01be 0B       		.uleb128 0xb
 2153 01bf 49       		.uleb128 0x49
 2154 01c0 13       		.uleb128 0x13
 2155 01c1 02       		.uleb128 0x2
 2156 01c2 17       		.uleb128 0x17
 2157 01c3 B742     		.uleb128 0x2137
 2158 01c5 17       		.uleb128 0x17
 2159 01c6 00       		.byte	0
 2160 01c7 00       		.byte	0
 2161 01c8 1D       		.uleb128 0x1d
 2162 01c9 2E       		.uleb128 0x2e
 2163 01ca 01       		.byte	0x1
 2164 01cb 03       		.uleb128 0x3
 2165 01cc 0E       		.uleb128 0xe
 2166 01cd 3A       		.uleb128 0x3a
ARM GAS  /tmp/cc7IMVeb.s 			page 39


 2167 01ce 21       		.uleb128 0x21
 2168 01cf 03       		.sleb128 3
 2169 01d0 3B       		.uleb128 0x3b
 2170 01d1 0B       		.uleb128 0xb
 2171 01d2 39       		.uleb128 0x39
 2172 01d3 21       		.uleb128 0x21
 2173 01d4 14       		.sleb128 20
 2174 01d5 27       		.uleb128 0x27
 2175 01d6 19       		.uleb128 0x19
 2176 01d7 20       		.uleb128 0x20
 2177 01d8 21       		.uleb128 0x21
 2178 01d9 03       		.sleb128 3
 2179 01da 01       		.uleb128 0x1
 2180 01db 13       		.uleb128 0x13
 2181 01dc 00       		.byte	0
 2182 01dd 00       		.byte	0
 2183 01de 1E       		.uleb128 0x1e
 2184 01df 05       		.uleb128 0x5
 2185 01e0 00       		.byte	0
 2186 01e1 03       		.uleb128 0x3
 2187 01e2 0E       		.uleb128 0xe
 2188 01e3 3A       		.uleb128 0x3a
 2189 01e4 21       		.uleb128 0x21
 2190 01e5 03       		.sleb128 3
 2191 01e6 3B       		.uleb128 0x3b
 2192 01e7 0B       		.uleb128 0xb
 2193 01e8 39       		.uleb128 0x39
 2194 01e9 0B       		.uleb128 0xb
 2195 01ea 49       		.uleb128 0x49
 2196 01eb 13       		.uleb128 0x13
 2197 01ec 00       		.byte	0
 2198 01ed 00       		.byte	0
 2199 01ee 1F       		.uleb128 0x1f
 2200 01ef 11       		.uleb128 0x11
 2201 01f0 01       		.byte	0x1
 2202 01f1 25       		.uleb128 0x25
 2203 01f2 0E       		.uleb128 0xe
 2204 01f3 13       		.uleb128 0x13
 2205 01f4 0B       		.uleb128 0xb
 2206 01f5 03       		.uleb128 0x3
 2207 01f6 0E       		.uleb128 0xe
 2208 01f7 1B       		.uleb128 0x1b
 2209 01f8 0E       		.uleb128 0xe
 2210 01f9 55       		.uleb128 0x55
 2211 01fa 17       		.uleb128 0x17
 2212 01fb 11       		.uleb128 0x11
 2213 01fc 01       		.uleb128 0x1
 2214 01fd 10       		.uleb128 0x10
 2215 01fe 17       		.uleb128 0x17
 2216 01ff 00       		.byte	0
 2217 0200 00       		.byte	0
 2218 0201 20       		.uleb128 0x20
 2219 0202 24       		.uleb128 0x24
 2220 0203 00       		.byte	0
 2221 0204 0B       		.uleb128 0xb
 2222 0205 0B       		.uleb128 0xb
 2223 0206 3E       		.uleb128 0x3e
ARM GAS  /tmp/cc7IMVeb.s 			page 40


 2224 0207 0B       		.uleb128 0xb
 2225 0208 03       		.uleb128 0x3
 2226 0209 08       		.uleb128 0x8
 2227 020a 00       		.byte	0
 2228 020b 00       		.byte	0
 2229 020c 21       		.uleb128 0x21
 2230 020d 15       		.uleb128 0x15
 2231 020e 01       		.byte	0x1
 2232 020f 27       		.uleb128 0x27
 2233 0210 19       		.uleb128 0x19
 2234 0211 01       		.uleb128 0x1
 2235 0212 13       		.uleb128 0x13
 2236 0213 00       		.byte	0
 2237 0214 00       		.byte	0
 2238 0215 22       		.uleb128 0x22
 2239 0216 0F       		.uleb128 0xf
 2240 0217 00       		.byte	0
 2241 0218 0B       		.uleb128 0xb
 2242 0219 0B       		.uleb128 0xb
 2243 021a 00       		.byte	0
 2244 021b 00       		.byte	0
 2245 021c 23       		.uleb128 0x23
 2246 021d 13       		.uleb128 0x13
 2247 021e 01       		.byte	0x1
 2248 021f 0B       		.uleb128 0xb
 2249 0220 0B       		.uleb128 0xb
 2250 0221 3A       		.uleb128 0x3a
 2251 0222 0B       		.uleb128 0xb
 2252 0223 3B       		.uleb128 0x3b
 2253 0224 05       		.uleb128 0x5
 2254 0225 39       		.uleb128 0x39
 2255 0226 0B       		.uleb128 0xb
 2256 0227 01       		.uleb128 0x1
 2257 0228 13       		.uleb128 0x13
 2258 0229 00       		.byte	0
 2259 022a 00       		.byte	0
 2260 022b 24       		.uleb128 0x24
 2261 022c 16       		.uleb128 0x16
 2262 022d 00       		.byte	0
 2263 022e 03       		.uleb128 0x3
 2264 022f 0E       		.uleb128 0xe
 2265 0230 3A       		.uleb128 0x3a
 2266 0231 0B       		.uleb128 0xb
 2267 0232 3B       		.uleb128 0x3b
 2268 0233 05       		.uleb128 0x5
 2269 0234 39       		.uleb128 0x39
 2270 0235 0B       		.uleb128 0xb
 2271 0236 49       		.uleb128 0x49
 2272 0237 13       		.uleb128 0x13
 2273 0238 00       		.byte	0
 2274 0239 00       		.byte	0
 2275 023a 25       		.uleb128 0x25
 2276 023b 17       		.uleb128 0x17
 2277 023c 01       		.byte	0x1
 2278 023d 0B       		.uleb128 0xb
 2279 023e 0B       		.uleb128 0xb
 2280 023f 3A       		.uleb128 0x3a
ARM GAS  /tmp/cc7IMVeb.s 			page 41


 2281 0240 0B       		.uleb128 0xb
 2282 0241 3B       		.uleb128 0x3b
 2283 0242 0B       		.uleb128 0xb
 2284 0243 39       		.uleb128 0x39
 2285 0244 0B       		.uleb128 0xb
 2286 0245 01       		.uleb128 0x1
 2287 0246 13       		.uleb128 0x13
 2288 0247 00       		.byte	0
 2289 0248 00       		.byte	0
 2290 0249 26       		.uleb128 0x26
 2291 024a 34       		.uleb128 0x34
 2292 024b 00       		.byte	0
 2293 024c 03       		.uleb128 0x3
 2294 024d 08       		.uleb128 0x8
 2295 024e 3A       		.uleb128 0x3a
 2296 024f 0B       		.uleb128 0xb
 2297 0250 3B       		.uleb128 0x3b
 2298 0251 05       		.uleb128 0x5
 2299 0252 39       		.uleb128 0x39
 2300 0253 0B       		.uleb128 0xb
 2301 0254 49       		.uleb128 0x49
 2302 0255 13       		.uleb128 0x13
 2303 0256 3F       		.uleb128 0x3f
 2304 0257 19       		.uleb128 0x19
 2305 0258 3C       		.uleb128 0x3c
 2306 0259 19       		.uleb128 0x19
 2307 025a 00       		.byte	0
 2308 025b 00       		.byte	0
 2309 025c 27       		.uleb128 0x27
 2310 025d 2E       		.uleb128 0x2e
 2311 025e 00       		.byte	0
 2312 025f 3F       		.uleb128 0x3f
 2313 0260 19       		.uleb128 0x19
 2314 0261 03       		.uleb128 0x3
 2315 0262 0E       		.uleb128 0xe
 2316 0263 3A       		.uleb128 0x3a
 2317 0264 0B       		.uleb128 0xb
 2318 0265 3B       		.uleb128 0x3b
 2319 0266 0B       		.uleb128 0xb
 2320 0267 39       		.uleb128 0x39
 2321 0268 0B       		.uleb128 0xb
 2322 0269 27       		.uleb128 0x27
 2323 026a 19       		.uleb128 0x19
 2324 026b 3C       		.uleb128 0x3c
 2325 026c 19       		.uleb128 0x19
 2326 026d 00       		.byte	0
 2327 026e 00       		.byte	0
 2328 026f 28       		.uleb128 0x28
 2329 0270 0B       		.uleb128 0xb
 2330 0271 01       		.byte	0x1
 2331 0272 55       		.uleb128 0x55
 2332 0273 17       		.uleb128 0x17
 2333 0274 00       		.byte	0
 2334 0275 00       		.byte	0
 2335 0276 29       		.uleb128 0x29
 2336 0277 2E       		.uleb128 0x2e
 2337 0278 00       		.byte	0
ARM GAS  /tmp/cc7IMVeb.s 			page 42


 2338 0279 3F       		.uleb128 0x3f
 2339 027a 19       		.uleb128 0x19
 2340 027b 03       		.uleb128 0x3
 2341 027c 0E       		.uleb128 0xe
 2342 027d 3A       		.uleb128 0x3a
 2343 027e 0B       		.uleb128 0xb
 2344 027f 3B       		.uleb128 0x3b
 2345 0280 0B       		.uleb128 0xb
 2346 0281 39       		.uleb128 0x39
 2347 0282 0B       		.uleb128 0xb
 2348 0283 27       		.uleb128 0x27
 2349 0284 19       		.uleb128 0x19
 2350 0285 11       		.uleb128 0x11
 2351 0286 01       		.uleb128 0x1
 2352 0287 12       		.uleb128 0x12
 2353 0288 06       		.uleb128 0x6
 2354 0289 40       		.uleb128 0x40
 2355 028a 18       		.uleb128 0x18
 2356 028b 7A       		.uleb128 0x7a
 2357 028c 19       		.uleb128 0x19
 2358 028d 00       		.byte	0
 2359 028e 00       		.byte	0
 2360 028f 2A       		.uleb128 0x2a
 2361 0290 2E       		.uleb128 0x2e
 2362 0291 00       		.byte	0
 2363 0292 03       		.uleb128 0x3
 2364 0293 0E       		.uleb128 0xe
 2365 0294 3A       		.uleb128 0x3a
 2366 0295 0B       		.uleb128 0xb
 2367 0296 3B       		.uleb128 0x3b
 2368 0297 0B       		.uleb128 0xb
 2369 0298 39       		.uleb128 0x39
 2370 0299 0B       		.uleb128 0xb
 2371 029a 27       		.uleb128 0x27
 2372 029b 19       		.uleb128 0x19
 2373 029c 20       		.uleb128 0x20
 2374 029d 0B       		.uleb128 0xb
 2375 029e 00       		.byte	0
 2376 029f 00       		.byte	0
 2377 02a0 00       		.byte	0
 2378              		.section	.debug_loclists,"",%progbits
 2379 0000 0F020000 		.4byte	.Ldebug_loc3-.Ldebug_loc2
 2380              	.Ldebug_loc2:
 2381 0004 0500     		.2byte	0x5
 2382 0006 04       		.byte	0x4
 2383 0007 00       		.byte	0
 2384 0008 00000000 		.4byte	0
 2385              	.Ldebug_loc0:
 2386              	.LVUS10:
 2387 000c 00       		.uleb128 0
 2388 000d 01       		.uleb128 .LVU131
 2389 000e 01       		.uleb128 .LVU131
 2390 000f 00       		.uleb128 .LVU132
 2391 0010 00       		.uleb128 .LVU132
 2392 0011 00       		.uleb128 .LVU154
 2393 0012 00       		.uleb128 .LVU154
 2394 0013 00       		.uleb128 .LVU170
ARM GAS  /tmp/cc7IMVeb.s 			page 43


 2395 0014 00       		.uleb128 .LVU170
 2396 0015 00       		.uleb128 .LVU174
 2397 0016 00       		.uleb128 .LVU174
 2398 0017 00       		.uleb128 0
 2399              	.LLST10:
 2400 0018 06       		.byte	0x6
 2401 0019 00000000 		.4byte	.LVL24
 2402 001d 04       		.byte	0x4
 2403 001e 00       		.uleb128 .LVL24-.LVL24
 2404 001f 28       		.uleb128 .LVL25-.LVL24
 2405 0020 01       		.uleb128 0x1
 2406 0021 50       		.byte	0x50
 2407 0022 04       		.byte	0x4
 2408 0023 28       		.uleb128 .LVL25-.LVL24
 2409 0024 2A       		.uleb128 .LVL26-.LVL24
 2410 0025 0A       		.uleb128 0xa
 2411 0026 A3       		.byte	0xa3
 2412 0027 03       		.uleb128 0x3
 2413 0028 A5       		.byte	0xa5
 2414 0029 00       		.uleb128 0
 2415 002a 26       		.uleb128 0x26
 2416 002b A8       		.byte	0xa8
 2417 002c 2D       		.uleb128 0x2d
 2418 002d A8       		.byte	0xa8
 2419 002e 00       		.uleb128 0
 2420 002f 9F       		.byte	0x9f
 2421 0030 04       		.byte	0x4
 2422 0031 2A       		.uleb128 .LVL26-.LVL24
 2423 0032 4E       		.uleb128 .LVL27-.LVL24
 2424 0033 01       		.uleb128 0x1
 2425 0034 50       		.byte	0x50
 2426 0035 04       		.byte	0x4
 2427 0036 4E       		.uleb128 .LVL27-.LVL24
 2428 0037 6C       		.uleb128 .LVL33-.LVL24
 2429 0038 0A       		.uleb128 0xa
 2430 0039 A3       		.byte	0xa3
 2431 003a 03       		.uleb128 0x3
 2432 003b A5       		.byte	0xa5
 2433 003c 00       		.uleb128 0
 2434 003d 26       		.uleb128 0x26
 2435 003e A8       		.byte	0xa8
 2436 003f 2D       		.uleb128 0x2d
 2437 0040 A8       		.byte	0xa8
 2438 0041 00       		.uleb128 0
 2439 0042 9F       		.byte	0x9f
 2440 0043 04       		.byte	0x4
 2441 0044 6C       		.uleb128 .LVL33-.LVL24
 2442 0045 6F       		.uleb128 .LVL34-1-.LVL24
 2443 0046 01       		.uleb128 0x1
 2444 0047 50       		.byte	0x50
 2445 0048 04       		.byte	0x4
 2446 0049 6F       		.uleb128 .LVL34-1-.LVL24
 2447 004a 8001     		.uleb128 .LFE204-.LVL24
 2448 004c 0A       		.uleb128 0xa
 2449 004d A3       		.byte	0xa3
 2450 004e 03       		.uleb128 0x3
 2451 004f A5       		.byte	0xa5
ARM GAS  /tmp/cc7IMVeb.s 			page 44


 2452 0050 00       		.uleb128 0
 2453 0051 26       		.uleb128 0x26
 2454 0052 A8       		.byte	0xa8
 2455 0053 2D       		.uleb128 0x2d
 2456 0054 A8       		.byte	0xa8
 2457 0055 00       		.uleb128 0
 2458 0056 9F       		.byte	0x9f
 2459 0057 00       		.byte	0
 2460              	.LVUS11:
 2461 0058 00       		.uleb128 .LVU157
 2462 0059 00       		.uleb128 .LVU169
 2463 005a 00       		.uleb128 .LVU176
 2464 005b 00       		.uleb128 0
 2465              	.LLST11:
 2466 005c 06       		.byte	0x6
 2467 005d 54000000 		.4byte	.LVL28
 2468 0061 04       		.byte	0x4
 2469 0062 00       		.uleb128 .LVL28-.LVL28
 2470 0063 15       		.uleb128 .LVL32-1-.LVL28
 2471 0064 01       		.uleb128 0x1
 2472 0065 51       		.byte	0x51
 2473 0066 04       		.byte	0x4
 2474 0067 1E       		.uleb128 .LVL35-.LVL28
 2475 0068 2C       		.uleb128 .LFE204-.LVL28
 2476 0069 01       		.uleb128 0x1
 2477 006a 51       		.byte	0x51
 2478 006b 00       		.byte	0
 2479              	.LVUS12:
 2480 006c 00       		.uleb128 .LVU163
 2481 006d 00       		.uleb128 .LVU169
 2482 006e 00       		.uleb128 .LVU176
 2483 006f 00       		.uleb128 .LVU177
 2484              	.LLST12:
 2485 0070 06       		.byte	0x6
 2486 0071 60000000 		.4byte	.LVL29
 2487 0075 04       		.byte	0x4
 2488 0076 00       		.uleb128 .LVL29-.LVL29
 2489 0077 09       		.uleb128 .LVL32-1-.LVL29
 2490 0078 01       		.uleb128 0x1
 2491 0079 53       		.byte	0x53
 2492 007a 04       		.byte	0x4
 2493 007b 12       		.uleb128 .LVL35-.LVL29
 2494 007c 14       		.uleb128 .LVL36-.LVL29
 2495 007d 01       		.uleb128 0x1
 2496 007e 53       		.byte	0x53
 2497 007f 00       		.byte	0
 2498              	.LVUS13:
 2499 0080 01       		.uleb128 .LVU166
 2500 0081 00       		.uleb128 .LVU168
 2501 0082 00       		.uleb128 .LVU168
 2502 0083 00       		.uleb128 .LVU169
 2503              	.LLST13:
 2504 0084 06       		.byte	0x6
 2505 0085 64000000 		.4byte	.LVL30
 2506 0089 04       		.byte	0x4
 2507 008a 00       		.uleb128 .LVL30-.LVL30
 2508 008b 02       		.uleb128 .LVL31-.LVL30
ARM GAS  /tmp/cc7IMVeb.s 			page 45


 2509 008c 06       		.uleb128 0x6
 2510 008d 73       		.byte	0x73
 2511 008e 00       		.sleb128 0
 2512 008f 70       		.byte	0x70
 2513 0090 00       		.sleb128 0
 2514 0091 22       		.byte	0x22
 2515 0092 9F       		.byte	0x9f
 2516 0093 04       		.byte	0x4
 2517 0094 02       		.uleb128 .LVL31-.LVL30
 2518 0095 05       		.uleb128 .LVL32-1-.LVL30
 2519 0096 01       		.uleb128 0x1
 2520 0097 50       		.byte	0x50
 2521 0098 00       		.byte	0
 2522              	.LVUS0:
 2523 0099 00       		.uleb128 0
 2524 009a 00       		.uleb128 .LVU31
 2525 009b 00       		.uleb128 .LVU31
 2526 009c 00       		.uleb128 .LVU100
 2527 009d 00       		.uleb128 .LVU100
 2528 009e 00       		.uleb128 0
 2529              	.LLST0:
 2530 009f 06       		.byte	0x6
 2531 00a0 00000000 		.4byte	.LVL0
 2532 00a4 04       		.byte	0x4
 2533 00a5 00       		.uleb128 .LVL0-.LVL0
 2534 00a6 0E       		.uleb128 .LVL2-.LVL0
 2535 00a7 01       		.uleb128 0x1
 2536 00a8 50       		.byte	0x50
 2537 00a9 04       		.byte	0x4
 2538 00aa 0E       		.uleb128 .LVL2-.LVL0
 2539 00ab 7C       		.uleb128 .LVL23-.LVL0
 2540 00ac 01       		.uleb128 0x1
 2541 00ad 55       		.byte	0x55
 2542 00ae 04       		.byte	0x4
 2543 00af 7C       		.uleb128 .LVL23-.LVL0
 2544 00b0 8001     		.uleb128 .LFE203-.LVL0
 2545 00b2 0A       		.uleb128 0xa
 2546 00b3 A3       		.byte	0xa3
 2547 00b4 03       		.uleb128 0x3
 2548 00b5 A5       		.byte	0xa5
 2549 00b6 00       		.uleb128 0
 2550 00b7 26       		.uleb128 0x26
 2551 00b8 A8       		.byte	0xa8
 2552 00b9 2D       		.uleb128 0x2d
 2553 00ba A8       		.byte	0xa8
 2554 00bb 00       		.uleb128 0
 2555 00bc 9F       		.byte	0x9f
 2556 00bd 00       		.byte	0
 2557              	.LVUS1:
 2558 00be 00       		.uleb128 0
 2559 00bf 00       		.uleb128 .LVU34
 2560 00c0 00       		.uleb128 .LVU34
 2561 00c1 00       		.uleb128 .LVU44
 2562 00c2 00       		.uleb128 .LVU49
 2563 00c3 00       		.uleb128 .LVU50
 2564 00c4 00       		.uleb128 .LVU50
 2565 00c5 00       		.uleb128 .LVU51
ARM GAS  /tmp/cc7IMVeb.s 			page 46


 2566 00c6 00       		.uleb128 .LVU51
 2567 00c7 00       		.uleb128 .LVU68
 2568 00c8 00       		.uleb128 .LVU70
 2569 00c9 00       		.uleb128 .LVU73
 2570              	.LLST1:
 2571 00ca 06       		.byte	0x6
 2572 00cb 00000000 		.4byte	.LVL0
 2573 00cf 04       		.byte	0x4
 2574 00d0 00       		.uleb128 .LVL0-.LVL0
 2575 00d1 12       		.uleb128 .LVL3-.LVL0
 2576 00d2 01       		.uleb128 0x1
 2577 00d3 51       		.byte	0x51
 2578 00d4 04       		.byte	0x4
 2579 00d5 12       		.uleb128 .LVL3-.LVL0
 2580 00d6 2A       		.uleb128 .LVL7-.LVL0
 2581 00d7 01       		.uleb128 0x1
 2582 00d8 51       		.byte	0x51
 2583 00d9 04       		.byte	0x4
 2584 00da 30       		.uleb128 .LVL9-.LVL0
 2585 00db 32       		.uleb128 .LVL10-.LVL0
 2586 00dc 01       		.uleb128 0x1
 2587 00dd 51       		.byte	0x51
 2588 00de 04       		.byte	0x4
 2589 00df 32       		.uleb128 .LVL10-.LVL0
 2590 00e0 34       		.uleb128 .LVL11-.LVL0
 2591 00e1 0A       		.uleb128 0xa
 2592 00e2 A3       		.byte	0xa3
 2593 00e3 03       		.uleb128 0x3
 2594 00e4 A5       		.byte	0xa5
 2595 00e5 01       		.uleb128 0x1
 2596 00e6 26       		.uleb128 0x26
 2597 00e7 A8       		.byte	0xa8
 2598 00e8 2D       		.uleb128 0x2d
 2599 00e9 A8       		.byte	0xa8
 2600 00ea 00       		.uleb128 0
 2601 00eb 9F       		.byte	0x9f
 2602 00ec 04       		.byte	0x4
 2603 00ed 34       		.uleb128 .LVL11-.LVL0
 2604 00ee 4D       		.uleb128 .LVL15-1-.LVL0
 2605 00ef 01       		.uleb128 0x1
 2606 00f0 51       		.byte	0x51
 2607 00f1 04       		.byte	0x4
 2608 00f2 50       		.uleb128 .LVL16-.LVL0
 2609 00f3 53       		.uleb128 .LVL17-1-.LVL0
 2610 00f4 01       		.uleb128 0x1
 2611 00f5 51       		.byte	0x51
 2612 00f6 00       		.byte	0
 2613              	.LVUS2:
 2614 00f7 00       		.uleb128 0
 2615 00f8 00       		.uleb128 .LVU36
 2616 00f9 00       		.uleb128 .LVU36
 2617 00fa 00       		.uleb128 .LVU44
 2618 00fb 00       		.uleb128 .LVU44
 2619 00fc 00       		.uleb128 .LVU49
 2620 00fd 00       		.uleb128 .LVU49
 2621 00fe 00       		.uleb128 .LVU51
 2622 00ff 00       		.uleb128 .LVU51
ARM GAS  /tmp/cc7IMVeb.s 			page 47


 2623 0100 00       		.uleb128 .LVU53
 2624 0101 00       		.uleb128 .LVU53
 2625 0102 00       		.uleb128 .LVU70
 2626 0103 00       		.uleb128 .LVU70
 2627 0104 00       		.uleb128 .LVU73
 2628 0105 00       		.uleb128 .LVU73
 2629 0106 00       		.uleb128 0
 2630              	.LLST2:
 2631 0107 06       		.byte	0x6
 2632 0108 00000000 		.4byte	.LVL0
 2633 010c 04       		.byte	0x4
 2634 010d 00       		.uleb128 .LVL0-.LVL0
 2635 010e 18       		.uleb128 .LVL4-.LVL0
 2636 010f 01       		.uleb128 0x1
 2637 0110 52       		.byte	0x52
 2638 0111 04       		.byte	0x4
 2639 0112 18       		.uleb128 .LVL4-.LVL0
 2640 0113 2A       		.uleb128 .LVL7-.LVL0
 2641 0114 02       		.uleb128 0x2
 2642 0115 75       		.byte	0x75
 2643 0116 0C       		.sleb128 12
 2644 0117 04       		.byte	0x4
 2645 0118 2A       		.uleb128 .LVL7-.LVL0
 2646 0119 30       		.uleb128 .LVL9-.LVL0
 2647 011a 0A       		.uleb128 0xa
 2648 011b A3       		.byte	0xa3
 2649 011c 03       		.uleb128 0x3
 2650 011d A5       		.byte	0xa5
 2651 011e 02       		.uleb128 0x2
 2652 011f 26       		.uleb128 0x26
 2653 0120 A8       		.byte	0xa8
 2654 0121 2D       		.uleb128 0x2d
 2655 0122 A8       		.byte	0xa8
 2656 0123 00       		.uleb128 0
 2657 0124 9F       		.byte	0x9f
 2658 0125 04       		.byte	0x4
 2659 0126 30       		.uleb128 .LVL9-.LVL0
 2660 0127 34       		.uleb128 .LVL11-.LVL0
 2661 0128 01       		.uleb128 0x1
 2662 0129 52       		.byte	0x52
 2663 012a 04       		.byte	0x4
 2664 012b 34       		.uleb128 .LVL11-.LVL0
 2665 012c 38       		.uleb128 .LVL12-.LVL0
 2666 012d 02       		.uleb128 0x2
 2667 012e 75       		.byte	0x75
 2668 012f 0C       		.sleb128 12
 2669 0130 04       		.byte	0x4
 2670 0131 38       		.uleb128 .LVL12-.LVL0
 2671 0132 50       		.uleb128 .LVL16-.LVL0
 2672 0133 0A       		.uleb128 0xa
 2673 0134 A3       		.byte	0xa3
 2674 0135 03       		.uleb128 0x3
 2675 0136 A5       		.byte	0xa5
 2676 0137 02       		.uleb128 0x2
 2677 0138 26       		.uleb128 0x26
 2678 0139 A8       		.byte	0xa8
 2679 013a 2D       		.uleb128 0x2d
ARM GAS  /tmp/cc7IMVeb.s 			page 48


 2680 013b A8       		.byte	0xa8
 2681 013c 00       		.uleb128 0
 2682 013d 9F       		.byte	0x9f
 2683 013e 04       		.byte	0x4
 2684 013f 50       		.uleb128 .LVL16-.LVL0
 2685 0140 53       		.uleb128 .LVL17-1-.LVL0
 2686 0141 02       		.uleb128 0x2
 2687 0142 75       		.byte	0x75
 2688 0143 0C       		.sleb128 12
 2689 0144 04       		.byte	0x4
 2690 0145 53       		.uleb128 .LVL17-1-.LVL0
 2691 0146 8001     		.uleb128 .LFE203-.LVL0
 2692 0148 0A       		.uleb128 0xa
 2693 0149 A3       		.byte	0xa3
 2694 014a 03       		.uleb128 0x3
 2695 014b A5       		.byte	0xa5
 2696 014c 02       		.uleb128 0x2
 2697 014d 26       		.uleb128 0x26
 2698 014e A8       		.byte	0xa8
 2699 014f 2D       		.uleb128 0x2d
 2700 0150 A8       		.byte	0xa8
 2701 0151 00       		.uleb128 0
 2702 0152 9F       		.byte	0x9f
 2703 0153 00       		.byte	0
 2704              	.LVUS3:
 2705 0154 00       		.uleb128 0
 2706 0155 00       		.uleb128 .LVU30
 2707 0156 00       		.uleb128 .LVU30
 2708 0157 00       		.uleb128 .LVU31
 2709 0158 00       		.uleb128 .LVU31
 2710 0159 00       		.uleb128 .LVU44
 2711 015a 00       		.uleb128 .LVU44
 2712 015b 00       		.uleb128 .LVU49
 2713 015c 00       		.uleb128 .LVU49
 2714 015d 00       		.uleb128 .LVU53
 2715 015e 00       		.uleb128 .LVU53
 2716 015f 00       		.uleb128 .LVU70
 2717 0160 00       		.uleb128 .LVU70
 2718 0161 00       		.uleb128 .LVU73
 2719 0162 00       		.uleb128 .LVU73
 2720 0163 00       		.uleb128 0
 2721              	.LLST3:
 2722 0164 06       		.byte	0x6
 2723 0165 00000000 		.4byte	.LVL0
 2724 0169 04       		.byte	0x4
 2725 016a 00       		.uleb128 .LVL0-.LVL0
 2726 016b 0C       		.uleb128 .LVL1-.LVL0
 2727 016c 01       		.uleb128 0x1
 2728 016d 53       		.byte	0x53
 2729 016e 04       		.byte	0x4
 2730 016f 0C       		.uleb128 .LVL1-.LVL0
 2731 0170 0E       		.uleb128 .LVL2-.LVL0
 2732 0171 02       		.uleb128 0x2
 2733 0172 70       		.byte	0x70
 2734 0173 10       		.sleb128 16
 2735 0174 04       		.byte	0x4
 2736 0175 0E       		.uleb128 .LVL2-.LVL0
ARM GAS  /tmp/cc7IMVeb.s 			page 49


 2737 0176 2A       		.uleb128 .LVL7-.LVL0
 2738 0177 02       		.uleb128 0x2
 2739 0178 75       		.byte	0x75
 2740 0179 10       		.sleb128 16
 2741 017a 04       		.byte	0x4
 2742 017b 2A       		.uleb128 .LVL7-.LVL0
 2743 017c 30       		.uleb128 .LVL9-.LVL0
 2744 017d 0A       		.uleb128 0xa
 2745 017e A3       		.byte	0xa3
 2746 017f 03       		.uleb128 0x3
 2747 0180 A5       		.byte	0xa5
 2748 0181 03       		.uleb128 0x3
 2749 0182 26       		.uleb128 0x26
 2750 0183 A8       		.byte	0xa8
 2751 0184 2D       		.uleb128 0x2d
 2752 0185 A8       		.byte	0xa8
 2753 0186 00       		.uleb128 0
 2754 0187 9F       		.byte	0x9f
 2755 0188 04       		.byte	0x4
 2756 0189 30       		.uleb128 .LVL9-.LVL0
 2757 018a 38       		.uleb128 .LVL12-.LVL0
 2758 018b 02       		.uleb128 0x2
 2759 018c 75       		.byte	0x75
 2760 018d 10       		.sleb128 16
 2761 018e 04       		.byte	0x4
 2762 018f 38       		.uleb128 .LVL12-.LVL0
 2763 0190 50       		.uleb128 .LVL16-.LVL0
 2764 0191 0A       		.uleb128 0xa
 2765 0192 A3       		.byte	0xa3
 2766 0193 03       		.uleb128 0x3
 2767 0194 A5       		.byte	0xa5
 2768 0195 03       		.uleb128 0x3
 2769 0196 26       		.uleb128 0x26
 2770 0197 A8       		.byte	0xa8
 2771 0198 2D       		.uleb128 0x2d
 2772 0199 A8       		.byte	0xa8
 2773 019a 00       		.uleb128 0
 2774 019b 9F       		.byte	0x9f
 2775 019c 04       		.byte	0x4
 2776 019d 50       		.uleb128 .LVL16-.LVL0
 2777 019e 53       		.uleb128 .LVL17-1-.LVL0
 2778 019f 02       		.uleb128 0x2
 2779 01a0 75       		.byte	0x75
 2780 01a1 10       		.sleb128 16
 2781 01a2 04       		.byte	0x4
 2782 01a3 53       		.uleb128 .LVL17-1-.LVL0
 2783 01a4 8001     		.uleb128 .LFE203-.LVL0
 2784 01a6 0A       		.uleb128 0xa
 2785 01a7 A3       		.byte	0xa3
 2786 01a8 03       		.uleb128 0x3
 2787 01a9 A5       		.byte	0xa5
 2788 01aa 03       		.uleb128 0x3
 2789 01ab 26       		.uleb128 0x26
 2790 01ac A8       		.byte	0xa8
 2791 01ad 2D       		.uleb128 0x2d
 2792 01ae A8       		.byte	0xa8
 2793 01af 00       		.uleb128 0
ARM GAS  /tmp/cc7IMVeb.s 			page 50


 2794 01b0 9F       		.byte	0x9f
 2795 01b1 00       		.byte	0
 2796              	.LVUS4:
 2797 01b2 00       		.uleb128 .LVU47
 2798 01b3 00       		.uleb128 .LVU49
 2799 01b4 00       		.uleb128 .LVU74
 2800 01b5 00       		.uleb128 .LVU98
 2801              	.LLST4:
 2802 01b6 06       		.byte	0x6
 2803 01b7 2E000000 		.4byte	.LVL8
 2804 01bb 04       		.byte	0x4
 2805 01bc 00       		.uleb128 .LVL8-.LVL8
 2806 01bd 02       		.uleb128 .LVL9-.LVL8
 2807 01be 01       		.uleb128 0x1
 2808 01bf 53       		.byte	0x53
 2809 01c0 04       		.byte	0x4
 2810 01c1 28       		.uleb128 .LVL18-.LVL8
 2811 01c2 46       		.uleb128 .LVL21-.LVL8
 2812 01c3 01       		.uleb128 0x1
 2813 01c4 53       		.byte	0x53
 2814 01c5 00       		.byte	0
 2815              	.LVUS5:
 2816 01c6 00       		.uleb128 .LVU41
 2817 01c7 00       		.uleb128 .LVU49
 2818 01c8 00       		.uleb128 .LVU70
 2819 01c9 00       		.uleb128 .LVU99
 2820              	.LLST5:
 2821 01ca 06       		.byte	0x6
 2822 01cb 24000000 		.4byte	.LVL6
 2823 01cf 04       		.byte	0x4
 2824 01d0 00       		.uleb128 .LVL6-.LVL6
 2825 01d1 0C       		.uleb128 .LVL9-.LVL6
 2826 01d2 01       		.uleb128 0x1
 2827 01d3 54       		.byte	0x54
 2828 01d4 04       		.byte	0x4
 2829 01d5 2C       		.uleb128 .LVL16-.LVL6
 2830 01d6 56       		.uleb128 .LVL22-.LVL6
 2831 01d7 01       		.uleb128 0x1
 2832 01d8 54       		.byte	0x54
 2833 01d9 00       		.byte	0
 2834              	.LVUS7:
 2835 01da 00       		.uleb128 .LVU31
 2836 01db 00       		.uleb128 .LVU39
 2837 01dc 00       		.uleb128 .LVU49
 2838 01dd 00       		.uleb128 .LVU65
 2839              	.LLST7:
 2840 01de 06       		.byte	0x6
 2841 01df 0E000000 		.4byte	.LVL2
 2842 01e3 04       		.byte	0x4
 2843 01e4 00       		.uleb128 .LVL2-.LVL2
 2844 01e5 10       		.uleb128 .LVL5-.LVL2
 2845 01e6 01       		.uleb128 0x1
 2846 01e7 50       		.byte	0x50
 2847 01e8 04       		.byte	0x4
 2848 01e9 22       		.uleb128 .LVL9-.LVL2
 2849 01ea 3A       		.uleb128 .LVL13-.LVL2
 2850 01eb 01       		.uleb128 0x1
ARM GAS  /tmp/cc7IMVeb.s 			page 51


 2851 01ec 50       		.byte	0x50
 2852 01ed 00       		.byte	0
 2853              	.LVUS8:
 2854 01ee 00       		.uleb128 .LVU65
 2855 01ef 00       		.uleb128 .LVU67
 2856 01f0 00       		.uleb128 .LVU67
 2857 01f1 00       		.uleb128 .LVU68
 2858              	.LLST8:
 2859 01f2 06       		.byte	0x6
 2860 01f3 48000000 		.4byte	.LVL13
 2861 01f7 04       		.byte	0x4
 2862 01f8 00       		.uleb128 .LVL13-.LVL13
 2863 01f9 02       		.uleb128 .LVL14-.LVL13
 2864 01fa 07       		.uleb128 0x7
 2865 01fb 70       		.byte	0x70
 2866 01fc 00       		.sleb128 0
 2867 01fd 75       		.byte	0x75
 2868 01fe 08       		.sleb128 8
 2869 01ff 06       		.byte	0x6
 2870 0200 22       		.byte	0x22
 2871 0201 9F       		.byte	0x9f
 2872 0202 04       		.byte	0x4
 2873 0203 02       		.uleb128 .LVL14-.LVL13
 2874 0204 05       		.uleb128 .LVL15-1-.LVL13
 2875 0205 01       		.uleb128 0x1
 2876 0206 50       		.byte	0x50
 2877 0207 00       		.byte	0
 2878              	.LVUS9:
 2879 0208 01       		.uleb128 .LVU71
 2880 0209 00       		.uleb128 .LVU73
 2881              	.LLST9:
 2882 020a 08       		.byte	0x8
 2883 020b 50000000 		.4byte	.LVL16
 2884 020f 03       		.uleb128 .LVL17-1-.LVL16
 2885 0210 01       		.uleb128 0x1
 2886 0211 50       		.byte	0x50
 2887 0212 00       		.byte	0
 2888              	.Ldebug_loc3:
 2889              		.section	.debug_aranges,"",%progbits
 2890 0000 2C000000 		.4byte	0x2c
 2891 0004 0200     		.2byte	0x2
 2892 0006 00000000 		.4byte	.Ldebug_info0
 2893 000a 04       		.byte	0x4
 2894 000b 00       		.byte	0
 2895 000c 0000     		.2byte	0
 2896 000e 0000     		.2byte	0
 2897 0010 00000000 		.4byte	.LFB202
 2898 0014 1C000000 		.4byte	.LFE202-.LFB202
 2899 0018 00000000 		.4byte	.LFB203
 2900 001c 80000000 		.4byte	.LFE203-.LFB203
 2901 0020 00000000 		.4byte	.LFB204
 2902 0024 80000000 		.4byte	.LFE204-.LFB204
 2903 0028 00000000 		.4byte	0
 2904 002c 00000000 		.4byte	0
 2905              		.section	.debug_rnglists,"",%progbits
 2906              	.Ldebug_ranges0:
 2907 0000 29000000 		.4byte	.Ldebug_ranges3-.Ldebug_ranges2
ARM GAS  /tmp/cc7IMVeb.s 			page 52


 2908              	.Ldebug_ranges2:
 2909 0004 0500     		.2byte	0x5
 2910 0006 04       		.byte	0x4
 2911 0007 00       		.byte	0
 2912 0008 00000000 		.4byte	0
 2913              	.LLRL6:
 2914 000c 05       		.byte	0x5
 2915 000d 08000000 		.4byte	.LBB27
 2916 0011 04       		.byte	0x4
 2917 0012 00       		.uleb128 .LBB27-.LBB27
 2918 0013 22       		.uleb128 .LBE27-.LBB27
 2919 0014 04       		.byte	0x4
 2920 0015 28       		.uleb128 .LBB36-.LBB27
 2921 0016 4E       		.uleb128 .LBE36-.LBB27
 2922 0017 00       		.byte	0
 2923              	.LLRL14:
 2924 0018 07       		.byte	0x7
 2925 0019 00000000 		.4byte	.LFB202
 2926 001d 1C       		.uleb128 .LFE202-.LFB202
 2927 001e 07       		.byte	0x7
 2928 001f 00000000 		.4byte	.LFB203
 2929 0023 8001     		.uleb128 .LFE203-.LFB203
 2930 0025 07       		.byte	0x7
 2931 0026 00000000 		.4byte	.LFB204
 2932 002a 8001     		.uleb128 .LFE204-.LFB204
 2933 002c 00       		.byte	0
 2934              	.Ldebug_ranges3:
 2935              		.section	.debug_line,"",%progbits
 2936              	.Ldebug_line0:
 2937 0000 74040000 		.section	.debug_str,"MS",%progbits,1
 2937      03008F01 
 2937      00000201 
 2937      FB0E0D00 
 2937      01010101 
 2938              	.LASF34:
 2939 0000 63685F74 		.ascii	"ch_threads_list\000"
 2939      68726561 
 2939      64735F6C 
 2939      69737400 
 2940              	.LASF91:
 2941 0010 474E5520 		.ascii	"GNU C11 13.2.1 20231009 -mcpu=cortex-m4 -mfloat-abi"
 2941      43313120 
 2941      31332E32 
 2941      2E312032 
 2941      30323331 
 2942 0043 3D686172 		.ascii	"=hard -mfpu=fpv4-sp-d16 -mno-thumb-interwork -mthum"
 2942      64202D6D 
 2942      6670753D 
 2942      66707634 
 2942      2D73702D 
 2943 0076 62202D6D 		.ascii	"b -march=armv7e-m+fp -ggdb -Og -std=c11 -fno-inline"
 2943      61726368 
 2943      3D61726D 
 2943      7637652D 
 2943      6D2B6670 
 2944 00a9 2D736D61 		.ascii	"-small-functions -fomit-frame-pointer -falign-funct"
 2944      6C6C2D66 
ARM GAS  /tmp/cc7IMVeb.s 			page 53


 2944      756E6374 
 2944      696F6E73 
 2944      202D666F 
 2945 00dc 696F6E73 		.ascii	"ions=16 -fstack-usage -ffunction-sections -fdata-se"
 2945      3D313620 
 2945      2D667374 
 2945      61636B2D 
 2945      75736167 
 2946 010f 6374696F 		.ascii	"ctions -fno-common -fsingle-precision-constant\000"
 2946      6E73202D 
 2946      666E6F2D 
 2946      636F6D6D 
 2946      6F6E202D 
 2947              	.LASF58:
 2948 013e 72656761 		.ascii	"regarm_t\000"
 2948      726D5F74 
 2948      00
 2949              	.LASF95:
 2950 0147 5F76745F 		.ascii	"_vt_init\000"
 2950      696E6974 
 2950      00
 2951              	.LASF28:
 2952 0150 666C6167 		.ascii	"flags\000"
 2952      7300
 2953              	.LASF19:
 2954 0156 73797374 		.ascii	"systime_t\000"
 2954      696D655F 
 2954      7400
 2955              	.LASF83:
 2956 0160 76746675 		.ascii	"vtfunc\000"
 2956      6E6300
 2957              	.LASF1:
 2958 0167 756E7369 		.ascii	"unsigned int\000"
 2958      676E6564 
 2958      20696E74 
 2958      00
 2959              	.LASF35:
 2960 0174 6E657874 		.ascii	"next\000"
 2960      00
 2961              	.LASF32:
 2962 0179 74687265 		.ascii	"threads_list_t\000"
 2962      6164735F 
 2962      6C697374 
 2962      5F7400
 2963              	.LASF29:
 2964 0188 72656673 		.ascii	"refs\000"
 2964      00
 2965              	.LASF74:
 2966 018d 77746F62 		.ascii	"wtobjp\000"
 2966      6A7000
 2967              	.LASF56:
 2968 0194 76746C69 		.ascii	"vtlist\000"
 2968      737400
 2969              	.LASF60:
 2970 019b 706F7274 		.ascii	"port_context\000"
 2970      5F636F6E 
 2970      74657874 
ARM GAS  /tmp/cc7IMVeb.s 			page 54


 2970      00
 2971              	.LASF40:
 2972 01a8 63685F72 		.ascii	"ch_ready_list\000"
 2972      65616479 
 2972      5F6C6973 
 2972      7400
 2973              	.LASF46:
 2974 01b6 66756E63 		.ascii	"func\000"
 2974      00
 2975              	.LASF38:
 2976 01bb 70726576 		.ascii	"prev\000"
 2976      00
 2977              	.LASF37:
 2978 01c0 63685F74 		.ascii	"ch_threads_queue\000"
 2978      68726561 
 2978      64735F71 
 2978      75657565 
 2978      00
 2979              	.LASF68:
 2980 01d1 444D4152 		.ascii	"DMAR\000"
 2980      00
 2981              	.LASF42:
 2982 01d6 76746675 		.ascii	"vtfunc_t\000"
 2982      6E635F74 
 2982      00
 2983              	.LASF51:
 2984 01df 63685F73 		.ascii	"ch_system_debug\000"
 2984      79737465 
 2984      6D5F6465 
 2984      62756700 
 2985              	.LASF11:
 2986 01ef 75696E74 		.ascii	"uint32_t\000"
 2986      33325F74 
 2986      00
 2987              	.LASF77:
 2988 01f8 73745365 		.ascii	"stSetAlarm\000"
 2988      74416C61 
 2988      726D00
 2989              	.LASF67:
 2990 0203 42445452 		.ascii	"BDTR\000"
 2990      00
 2991              	.LASF78:
 2992 0208 73745374 		.ascii	"stStartAlarm\000"
 2992      61727441 
 2992      6C61726D 
 2992      00
 2993              	.LASF85:
 2994 0215 63685654 		.ascii	"chVTGetSystemTimeX\000"
 2994      47657453 
 2994      79737465 
 2994      6D54696D 
 2994      655800
 2995              	.LASF17:
 2996 0228 74707269 		.ascii	"tprio_t\000"
 2996      6F5F7400 
 2997              	.LASF44:
 2998 0230 63685F76 		.ascii	"ch_virtual_timer\000"
ARM GAS  /tmp/cc7IMVeb.s 			page 55


 2998      69727475 
 2998      616C5F74 
 2998      696D6572 
 2998      00
 2999              	.LASF64:
 3000 0241 43434D52 		.ascii	"CCMR1\000"
 3000      3100
 3001              	.LASF65:
 3002 0247 43434D52 		.ascii	"CCMR2\000"
 3002      3200
 3003              	.LASF69:
 3004 024d 43434D52 		.ascii	"CCMR3\000"
 3004      3300
 3005              	.LASF0:
 3006 0253 6C6F6E67 		.ascii	"long long unsigned int\000"
 3006      206C6F6E 
 3006      6720756E 
 3006      7369676E 
 3006      65642069 
 3007              	.LASF90:
 3008 026a 73745F6C 		.ascii	"st_lld_get_counter\000"
 3008      6C645F67 
 3008      65745F63 
 3008      6F756E74 
 3008      657200
 3009              	.LASF79:
 3010 027d 6E6F7764 		.ascii	"nowdelta\000"
 3010      656C7461 
 3010      00
 3011              	.LASF89:
 3012 0286 74696D65 		.ascii	"time\000"
 3012      00
 3013              	.LASF36:
 3014 028b 74687265 		.ascii	"threads_queue_t\000"
 3014      6164735F 
 3014      71756575 
 3014      655F7400 
 3015              	.LASF48:
 3016 029b 63685F76 		.ascii	"ch_virtual_timers_list\000"
 3016      69727475 
 3016      616C5F74 
 3016      696D6572 
 3016      735F6C69 
 3017              	.LASF20:
 3018 02b2 74687265 		.ascii	"thread_t\000"
 3018      61645F74 
 3018      00
 3019              	.LASF72:
 3020 02bb 7264796D 		.ascii	"rdymsg\000"
 3020      736700
 3021              	.LASF71:
 3022 02c2 73746D33 		.ascii	"stm32_tim_t\000"
 3022      325F7469 
 3022      6D5F7400 
 3023              	.LASF63:
 3024 02ce 44494552 		.ascii	"DIER\000"
 3024      00
ARM GAS  /tmp/cc7IMVeb.s 			page 56


 3025              	.LASF86:
 3026 02d3 706F7274 		.ascii	"port_timer_get_time\000"
 3026      5F74696D 
 3026      65725F67 
 3026      65745F74 
 3026      696D6500 
 3027              	.LASF22:
 3028 02e7 7072696F 		.ascii	"prio\000"
 3028      00
 3029              	.LASF66:
 3030 02ec 43434552 		.ascii	"CCER\000"
 3030      00
 3031              	.LASF76:
 3032 02f1 63686172 		.ascii	"char\000"
 3032      00
 3033              	.LASF31:
 3034 02f6 74687265 		.ascii	"thread_reference_t\000"
 3034      61645F72 
 3034      65666572 
 3034      656E6365 
 3034      5F7400
 3035              	.LASF26:
 3036 0309 77616261 		.ascii	"wabase\000"
 3036      736500
 3037              	.LASF15:
 3038 0310 74737461 		.ascii	"tstate_t\000"
 3038      74655F74 
 3038      00
 3039              	.LASF8:
 3040 0319 75696E74 		.ascii	"uint8_t\000"
 3040      385F7400 
 3041              	.LASF62:
 3042 0321 534D4352 		.ascii	"SMCR\000"
 3042      00
 3043              	.LASF33:
 3044 0326 63685F74 		.ascii	"ch_thread\000"
 3044      68726561 
 3044      6400
 3045              	.LASF88:
 3046 0330 706F7274 		.ascii	"port_timer_start_alarm\000"
 3046      5F74696D 
 3046      65725F73 
 3046      74617274 
 3046      5F616C61 
 3047              	.LASF50:
 3048 0347 73797374 		.ascii	"system_debug_t\000"
 3048      656D5F64 
 3048      65627567 
 3048      5F7400
 3049              	.LASF2:
 3050 0356 6C6F6E67 		.ascii	"long long int\000"
 3050      206C6F6E 
 3050      6720696E 
 3050      7400
 3051              	.LASF18:
 3052 0364 6D73675F 		.ascii	"msg_t\000"
 3052      7400
ARM GAS  /tmp/cc7IMVeb.s 			page 57


 3053              	.LASF80:
 3054 036a 63685654 		.ascii	"chVTDoResetI\000"
 3054      446F5265 
 3054      73657449 
 3054      00
 3055              	.LASF43:
 3056 0377 76697274 		.ascii	"virtual_timer_t\000"
 3056      75616C5F 
 3056      74696D65 
 3056      725F7400 
 3057              	.LASF52:
 3058 0387 70616E69 		.ascii	"panic_msg\000"
 3058      635F6D73 
 3058      6700
 3059              	.LASF14:
 3060 0391 746D6F64 		.ascii	"tmode_t\000"
 3060      655F7400 
 3061              	.LASF57:
 3062 0399 6D61696E 		.ascii	"mainthread\000"
 3062      74687265 
 3062      616400
 3063              	.LASF87:
 3064 03a4 706F7274 		.ascii	"port_timer_set_alarm\000"
 3064      5F74696D 
 3064      65725F73 
 3064      65745F61 
 3064      6C61726D 
 3065              	.LASF3:
 3066 03b9 6C6F6E67 		.ascii	"long double\000"
 3066      20646F75 
 3066      626C6500 
 3067              	.LASF70:
 3068 03c5 43435852 		.ascii	"CCXR\000"
 3068      00
 3069              	.LASF93:
 3070 03ca 2F776F72 		.ascii	"/workspaces/tinySA\000"
 3070      6B737061 
 3070      6365732F 
 3070      74696E79 
 3070      534100
 3071              	.LASF92:
 3072 03dd 43686962 		.ascii	"ChibiOS/os/rt/src/chvt.c\000"
 3072      694F532F 
 3072      6F732F72 
 3072      742F7372 
 3072      632F6368 
 3073              	.LASF5:
 3074 03f6 73686F72 		.ascii	"short int\000"
 3074      7420696E 
 3074      7400
 3075              	.LASF6:
 3076 0400 6C6F6E67 		.ascii	"long int\000"
 3076      20696E74 
 3076      00
 3077              	.LASF61:
 3078 0409 706F7274 		.ascii	"port_intctx\000"
 3078      5F696E74 
ARM GAS  /tmp/cc7IMVeb.s 			page 58


 3078      63747800 
 3079              	.LASF82:
 3080 0415 64656C61 		.ascii	"delay\000"
 3080      7900
 3081              	.LASF54:
 3082 041b 63685F73 		.ascii	"ch_system\000"
 3082      79737465 
 3082      6D00
 3083              	.LASF94:
 3084 0425 73745374 		.ascii	"stStopAlarm\000"
 3084      6F70416C 
 3084      61726D00 
 3085              	.LASF49:
 3086 0431 6C617374 		.ascii	"lasttime\000"
 3086      74696D65 
 3086      00
 3087              	.LASF13:
 3088 043a 75696E74 		.ascii	"uint64_t\000"
 3088      36345F74 
 3088      00
 3089              	.LASF55:
 3090 0443 726C6973 		.ascii	"rlist\000"
 3090      7400
 3091              	.LASF25:
 3092 0449 6E616D65 		.ascii	"name\000"
 3092      00
 3093              	.LASF16:
 3094 044e 74726566 		.ascii	"trefs_t\000"
 3094      735F7400 
 3095              	.LASF96:
 3096 0456 706F7274 		.ascii	"port_timer_stop_alarm\000"
 3096      5F74696D 
 3096      65725F73 
 3096      746F705F 
 3096      616C6172 
 3097              	.LASF12:
 3098 046c 6C6F6E67 		.ascii	"long unsigned int\000"
 3098      20756E73 
 3098      69676E65 
 3098      6420696E 
 3098      7400
 3099              	.LASF81:
 3100 047e 63685654 		.ascii	"chVTDoSetI\000"
 3100      446F5365 
 3100      744900
 3101              	.LASF39:
 3102 0489 72656164 		.ascii	"ready_list_t\000"
 3102      795F6C69 
 3102      73745F74 
 3102      00
 3103              	.LASF21:
 3104 0496 71756575 		.ascii	"queue\000"
 3104      6500
 3105              	.LASF7:
 3106 049c 696E7433 		.ascii	"int32_t\000"
 3106      325F7400 
 3107              	.LASF23:
ARM GAS  /tmp/cc7IMVeb.s 			page 59


 3108 04a4 6E657765 		.ascii	"newer\000"
 3108      7200
 3109              	.LASF9:
 3110 04aa 756E7369 		.ascii	"unsigned char\000"
 3110      676E6564 
 3110      20636861 
 3110      7200
 3111              	.LASF30:
 3112 04b8 77616974 		.ascii	"waiting\000"
 3112      696E6700 
 3113              	.LASF47:
 3114 04c0 76697274 		.ascii	"virtual_timers_list_t\000"
 3114      75616C5F 
 3114      74696D65 
 3114      72735F6C 
 3114      6973745F 
 3115              	.LASF27:
 3116 04d6 73746174 		.ascii	"state\000"
 3116      6500
 3117              	.LASF53:
 3118 04dc 63685F73 		.ascii	"ch_system_t\000"
 3118      79737465 
 3118      6D5F7400 
 3119              	.LASF75:
 3120 04e8 77747472 		.ascii	"wttrp\000"
 3120      7000
 3121              	.LASF4:
 3122 04ee 7369676E 		.ascii	"signed char\000"
 3122      65642063 
 3122      68617200 
 3123              	.LASF45:
 3124 04fa 64656C74 		.ascii	"delta\000"
 3124      6100
 3125              	.LASF10:
 3126 0500 73686F72 		.ascii	"short unsigned int\000"
 3126      7420756E 
 3126      7369676E 
 3126      65642069 
 3126      6E7400
 3127              	.LASF59:
 3128 0513 73746B61 		.ascii	"stkalign_t\000"
 3128      6C69676E 
 3128      5F7400
 3129              	.LASF41:
 3130 051e 63757272 		.ascii	"current\000"
 3130      656E7400 
 3131              	.LASF84:
 3132 0526 5F5F6675 		.ascii	"__func__\000"
 3132      6E635F5F 
 3132      00
 3133              	.LASF24:
 3134 052f 6F6C6465 		.ascii	"older\000"
 3134      7200
 3135              	.LASF73:
 3136 0535 65786974 		.ascii	"exitcode\000"
 3136      636F6465 
 3136      00
ARM GAS  /tmp/cc7IMVeb.s 			page 60


 3137              		.ident	"GCC: (15:13.2.rel1-2) 13.2.1 20231009"
ARM GAS  /tmp/cc7IMVeb.s 			page 61


DEFINED SYMBOLS
                            *ABS*:00000000 chvt.c
     /tmp/cc7IMVeb.s:21     .text._vt_init:00000000 $t
     /tmp/cc7IMVeb.s:28     .text._vt_init:00000000 _vt_init
     /tmp/cc7IMVeb.s:56     .text._vt_init:00000018 $d
     /tmp/cc7IMVeb.s:61     .text.chVTDoSetI:00000000 $t
     /tmp/cc7IMVeb.s:68     .text.chVTDoSetI:00000000 chVTDoSetI
     /tmp/cc7IMVeb.s:288    .text.chVTDoSetI:0000007c $d
     /tmp/cc7IMVeb.s:293    .text.chVTDoResetI:00000000 $t
     /tmp/cc7IMVeb.s:300    .text.chVTDoResetI:00000000 chVTDoResetI
     /tmp/cc7IMVeb.s:482    .text.chVTDoResetI:00000078 $d

UNDEFINED SYMBOLS
ch
stStartAlarm
stSetAlarm
stStopAlarm
