ARM GAS  /tmp/cch1p5GP.s 			page 1


   1              		.cpu cortex-m4
   2              		.arch armv7e-m
   3              		.fpu fpv4-sp-d16
   4              		.eabi_attribute 27, 1
   5              		.eabi_attribute 28, 1
   6              		.eabi_attribute 20, 1
   7              		.eabi_attribute 21, 1
   8              		.eabi_attribute 23, 3
   9              		.eabi_attribute 24, 1
  10              		.eabi_attribute 25, 1
  11              		.eabi_attribute 26, 1
  12              		.eabi_attribute 30, 1
  13              		.eabi_attribute 34, 1
  14              		.eabi_attribute 18, 4
  15              		.file	"flash.c"
  16              		.text
  17              	.Ltext0:
  18              		.cfi_sections	.debug_frame
  19              		.file 1 "flash.c"
  20              		.section	.text.flash_wait_for_last_operation,"ax",%progbits
  21              		.align	1
  22              		.p2align 4,,15
  23              		.syntax unified
  24              		.thumb
  25              		.thumb_func
  26              		.type	flash_wait_for_last_operation, %function
  27              	flash_wait_for_last_operation:
  28              	.LFB233:
  29              		.loc 1 26 1 view -0
  30              		.cfi_startproc
  31              		@ args = 0, pretend = 0, frame = 0
  32              		@ frame_needed = 0, uses_anonymous_args = 0
  33              		@ link register save eliminated.
  34              	.L2:
  35              		.loc 1 29 3 view .LVU1
  36              		.loc 1 27 20 discriminator 1 view .LVU2
  37              		.loc 1 27 15 is_stmt 0 discriminator 1 view .LVU3
  38 0000 034B     		ldr	r3, .L3
  39 0002 DB68     		ldr	r3, [r3, #12]
  40              		.loc 1 27 20 discriminator 1 view .LVU4
  41 0004 012B     		cmp	r3, #1
  42 0006 FBD0     		beq	.L2
  43              		.loc 1 30 3 is_stmt 1 view .LVU5
  44              		.loc 1 30 15 is_stmt 0 view .LVU6
  45 0008 014B     		ldr	r3, .L3
  46 000a D868     		ldr	r0, [r3, #12]
  47              		.loc 1 31 1 view .LVU7
  48 000c 7047     		bx	lr
  49              	.L4:
  50 000e 00BF     		.align	2
  51              	.L3:
  52 0010 00200240 		.word	1073881088
  53              		.cfi_endproc
  54              	.LFE233:
  55              		.size	flash_wait_for_last_operation, .-flash_wait_for_last_operation
  56              		.section	.text.flash_erase_page0,"ax",%progbits
  57              		.align	1
ARM GAS  /tmp/cch1p5GP.s 			page 2


  58              		.p2align 4,,15
  59              		.syntax unified
  60              		.thumb
  61              		.thumb_func
  62              		.type	flash_erase_page0, %function
  63              	flash_erase_page0:
  64              	.LVL0:
  65              	.LFB234:
  66              		.loc 1 34 1 is_stmt 1 view -0
  67              		.cfi_startproc
  68              		@ args = 0, pretend = 0, frame = 0
  69              		@ frame_needed = 0, uses_anonymous_args = 0
  70              		.loc 1 34 1 is_stmt 0 view .LVU9
  71 0000 38B5     		push	{r3, r4, r5, lr}
  72              		.cfi_def_cfa_offset 16
  73              		.cfi_offset 3, -16
  74              		.cfi_offset 4, -12
  75              		.cfi_offset 5, -8
  76              		.cfi_offset 14, -4
  77 0002 0546     		mov	r5, r0
  78              		.loc 1 35 3 is_stmt 1 view .LVU10
  79 0004 FFF7FEFF 		bl	flash_wait_for_last_operation
  80              	.LVL1:
  81              		.loc 1 36 3 view .LVU11
  82              		.loc 1 36 8 is_stmt 0 view .LVU12
  83 0008 084C     		ldr	r4, .L7
  84 000a 2369     		ldr	r3, [r4, #16]
  85              		.loc 1 36 13 view .LVU13
  86 000c 43F00203 		orr	r3, r3, #2
  87 0010 2361     		str	r3, [r4, #16]
  88              		.loc 1 37 3 is_stmt 1 view .LVU14
  89              		.loc 1 37 13 is_stmt 0 view .LVU15
  90 0012 6561     		str	r5, [r4, #20]
  91              		.loc 1 38 3 is_stmt 1 view .LVU16
  92              		.loc 1 38 8 is_stmt 0 view .LVU17
  93 0014 2369     		ldr	r3, [r4, #16]
  94              		.loc 1 38 13 view .LVU18
  95 0016 43F04003 		orr	r3, r3, #64
  96 001a 2361     		str	r3, [r4, #16]
  97              		.loc 1 39 3 is_stmt 1 view .LVU19
  98 001c FFF7FEFF 		bl	flash_wait_for_last_operation
  99              	.LVL2:
 100              		.loc 1 40 3 view .LVU20
 101              		.loc 1 40 8 is_stmt 0 view .LVU21
 102 0020 2369     		ldr	r3, [r4, #16]
 103              		.loc 1 40 13 view .LVU22
 104 0022 23F00203 		bic	r3, r3, #2
 105 0026 2361     		str	r3, [r4, #16]
 106              		.loc 1 41 1 view .LVU23
 107 0028 38BD     		pop	{r3, r4, r5, pc}
 108              	.LVL3:
 109              	.L8:
 110              		.loc 1 41 1 view .LVU24
 111 002a 00BF     		.align	2
 112              	.L7:
 113 002c 00200240 		.word	1073881088
 114              		.cfi_endproc
ARM GAS  /tmp/cch1p5GP.s 			page 3


 115              	.LFE234:
 116              		.size	flash_erase_page0, .-flash_erase_page0
 117              		.section	.text.flash_erase_page,"ax",%progbits
 118              		.align	1
 119              		.p2align 4,,15
 120              		.global	flash_erase_page
 121              		.syntax unified
 122              		.thumb
 123              		.thumb_func
 124              		.type	flash_erase_page, %function
 125              	flash_erase_page:
 126              	.LVL4:
 127              	.LFB235:
 128              		.loc 1 44 1 is_stmt 1 view -0
 129              		.cfi_startproc
 130              		@ args = 0, pretend = 0, frame = 0
 131              		@ frame_needed = 0, uses_anonymous_args = 0
 132              		.loc 1 44 1 is_stmt 0 view .LVU26
 133 0000 08B5     		push	{r3, lr}
 134              		.cfi_def_cfa_offset 8
 135              		.cfi_offset 3, -8
 136              		.cfi_offset 14, -4
 137              		.loc 1 45 3 is_stmt 1 view .LVU27
 138              	.LBB26:
 139              	.LBI26:
 140              		.file 2 "ChibiOS/os/rt/include/chsys.h"
 141              		.loc 2 374 20 view .LVU28
 142              		.loc 2 376 3 view .LVU29
 143              	.LBB27:
 144              	.LBI27:
 145              		.file 3 "ChibiOS/os/common/ports/ARMCMx/chcore_v7m.h"
 146              		.loc 3 604 20 view .LVU30
 147              		.loc 3 612 3 view .LVU31
 148              	.LVL5:
 149              	.LBB28:
 150              	.LBI28:
 151              		.file 4 "ChibiOS/os/common/ext/CMSIS/include/core_cmFunc.h"
 152              		.loc 4 546 57 view .LVU32
 153              	.LBB29:
 154              		.loc 4 548 3 view .LVU33
 155 0002 2023     		movs	r3, #32
 156              		.syntax unified
 157              	@ 548 "ChibiOS/os/common/ext/CMSIS/include/core_cmFunc.h" 1
 158 0004 83F31188 		MSR basepri, r3
 159              	@ 0 "" 2
 160              	.LVL6:
 161              		.loc 4 548 3 is_stmt 0 view .LVU34
 162              		.thumb
 163              		.syntax unified
 164              	.LBE29:
 165              	.LBE28:
 166              	.LBE27:
 167              		.loc 2 377 34 is_stmt 1 view .LVU35
 168              		.loc 2 378 20 view .LVU36
 169              	.LBE26:
 170              		.loc 1 46 3 view .LVU37
 171 0008 FFF7FEFF 		bl	flash_erase_page0
ARM GAS  /tmp/cch1p5GP.s 			page 4


 172              	.LVL7:
 173              		.loc 1 47 3 view .LVU38
 174              	.LBB30:
 175              	.LBI30:
 176              		.loc 2 386 20 view .LVU39
 177              	.LBB31:
 178              		.loc 2 388 22 view .LVU40
 179              		.loc 2 389 33 view .LVU41
 180              		.loc 2 395 3 view .LVU42
 181              		.loc 2 395 3 view .LVU43
 182              		.loc 2 395 3 discriminator 7 view .LVU44
 183              		.loc 2 399 3 view .LVU45
 184              	.LBB32:
 185              	.LBI32:
 186              		.loc 3 628 20 view .LVU46
 187              		.loc 3 631 3 view .LVU47
 188              	.LBB33:
 189              	.LBI33:
 190              		.loc 4 546 57 view .LVU48
 191              	.LBB34:
 192              		.loc 4 548 3 view .LVU49
 193 000c 0020     		movs	r0, #0
 194              		.syntax unified
 195              	@ 548 "ChibiOS/os/common/ext/CMSIS/include/core_cmFunc.h" 1
 196 000e 80F31188 		MSR basepri, r0
 197              	@ 0 "" 2
 198              	.LVL8:
 199              		.loc 4 548 3 is_stmt 0 view .LVU50
 200              		.thumb
 201              		.syntax unified
 202              	.LBE34:
 203              	.LBE33:
 204              	.LBE32:
 205              	.LBE31:
 206              	.LBE30:
 207              		.loc 1 48 3 is_stmt 1 view .LVU51
 208              		.loc 1 49 1 is_stmt 0 view .LVU52
 209 0012 08BD     		pop	{r3, pc}
 210              		.cfi_endproc
 211              	.LFE235:
 212              		.size	flash_erase_page, .-flash_erase_page
 213              		.section	.text.flash_program_half_word,"ax",%progbits
 214              		.align	1
 215              		.p2align 4,,15
 216              		.global	flash_program_half_word
 217              		.syntax unified
 218              		.thumb
 219              		.thumb_func
 220              		.type	flash_program_half_word, %function
 221              	flash_program_half_word:
 222              	.LVL9:
 223              	.LFB236:
 224              		.loc 1 52 1 is_stmt 1 view -0
 225              		.cfi_startproc
 226              		@ args = 0, pretend = 0, frame = 0
 227              		@ frame_needed = 0, uses_anonymous_args = 0
 228              		.loc 1 52 1 is_stmt 0 view .LVU54
ARM GAS  /tmp/cch1p5GP.s 			page 5


 229 0000 70B5     		push	{r4, r5, r6, lr}
 230              		.cfi_def_cfa_offset 16
 231              		.cfi_offset 4, -16
 232              		.cfi_offset 5, -12
 233              		.cfi_offset 6, -8
 234              		.cfi_offset 14, -4
 235 0002 0546     		mov	r5, r0
 236 0004 0E46     		mov	r6, r1
 237              		.loc 1 53 3 is_stmt 1 view .LVU55
 238 0006 FFF7FEFF 		bl	flash_wait_for_last_operation
 239              	.LVL10:
 240              		.loc 1 54 3 view .LVU56
 241              		.loc 1 54 8 is_stmt 0 view .LVU57
 242 000a 064C     		ldr	r4, .L13
 243 000c 2369     		ldr	r3, [r4, #16]
 244              		.loc 1 54 13 view .LVU58
 245 000e 43F00103 		orr	r3, r3, #1
 246 0012 2361     		str	r3, [r4, #16]
 247              		.loc 1 55 3 is_stmt 1 view .LVU59
 248              		.loc 1 55 28 is_stmt 0 view .LVU60
 249 0014 2E80     		strh	r6, [r5]	@ movhi
 250              		.loc 1 56 3 is_stmt 1 view .LVU61
 251 0016 FFF7FEFF 		bl	flash_wait_for_last_operation
 252              	.LVL11:
 253              		.loc 1 57 3 view .LVU62
 254              		.loc 1 57 8 is_stmt 0 view .LVU63
 255 001a 2369     		ldr	r3, [r4, #16]
 256              		.loc 1 57 13 view .LVU64
 257 001c 23F00103 		bic	r3, r3, #1
 258 0020 2361     		str	r3, [r4, #16]
 259              		.loc 1 58 1 view .LVU65
 260 0022 70BD     		pop	{r4, r5, r6, pc}
 261              	.LVL12:
 262              	.L14:
 263              		.loc 1 58 1 view .LVU66
 264              		.align	2
 265              	.L13:
 266 0024 00200240 		.word	1073881088
 267              		.cfi_endproc
 268              	.LFE236:
 269              		.size	flash_program_half_word, .-flash_program_half_word
 270              		.section	.text.flash_unlock,"ax",%progbits
 271              		.align	1
 272              		.p2align 4,,15
 273              		.global	flash_unlock
 274              		.syntax unified
 275              		.thumb
 276              		.thumb_func
 277              		.type	flash_unlock, %function
 278              	flash_unlock:
 279              	.LFB237:
 280              		.loc 1 61 1 is_stmt 1 view -0
 281              		.cfi_startproc
 282              		@ args = 0, pretend = 0, frame = 0
 283              		@ frame_needed = 0, uses_anonymous_args = 0
 284              		@ link register save eliminated.
 285              		.loc 1 63 3 view .LVU68
ARM GAS  /tmp/cch1p5GP.s 			page 6


 286              		.loc 1 63 15 is_stmt 0 view .LVU69
 287 0000 034B     		ldr	r3, .L16
 288 0002 044A     		ldr	r2, .L16+4
 289 0004 5A60     		str	r2, [r3, #4]
 290              		.loc 1 64 3 is_stmt 1 view .LVU70
 291              		.loc 1 64 15 is_stmt 0 view .LVU71
 292 0006 02F18832 		add	r2, r2, #-2004318072
 293 000a 5A60     		str	r2, [r3, #4]
 294              		.loc 1 65 1 view .LVU72
 295 000c 7047     		bx	lr
 296              	.L17:
 297 000e 00BF     		.align	2
 298              	.L16:
 299 0010 00200240 		.word	1073881088
 300 0014 23016745 		.word	1164378403
 301              		.cfi_endproc
 302              	.LFE237:
 303              		.size	flash_unlock, .-flash_unlock
 304              		.section	.text.checksum,"ax",%progbits
 305              		.align	1
 306              		.p2align 4,,15
 307              		.global	checksum
 308              		.syntax unified
 309              		.thumb
 310              		.thumb_func
 311              		.type	checksum, %function
 312              	checksum:
 313              	.LVL13:
 314              	.LFB238:
 315              		.loc 1 69 1 is_stmt 1 view -0
 316              		.cfi_startproc
 317              		@ args = 0, pretend = 0, frame = 0
 318              		@ frame_needed = 0, uses_anonymous_args = 0
 319              		@ link register save eliminated.
 320              		.loc 1 69 1 is_stmt 0 view .LVU74
 321 0000 0346     		mov	r3, r0
 322              		.loc 1 70 3 is_stmt 1 view .LVU75
 323              	.LVL14:
 324              		.loc 1 71 3 view .LVU76
 325              		.loc 1 71 13 is_stmt 0 view .LVU77
 326 0002 0144     		add	r1, r1, r0
 327              	.LVL15:
 328              		.loc 1 72 3 is_stmt 1 view .LVU78
 329              		.loc 1 73 3 view .LVU79
 330              		.loc 1 72 12 is_stmt 0 view .LVU80
 331 0004 0020     		movs	r0, #0
 332              	.LVL16:
 333              		.loc 1 73 9 view .LVU81
 334 0006 03E0     		b	.L19
 335              	.LVL17:
 336              	.L20:
 337              		.loc 1 74 5 is_stmt 1 view .LVU82
 338              	.LBB35:
 339              	.LBI35:
 340              		.file 5 "ChibiOS/os/common/ext/CMSIS/include/core_cmInstr.h"
 341              		.loc 5 557 57 view .LVU83
 342              	.LBB36:
ARM GAS  /tmp/cch1p5GP.s 			page 7


 343              		.loc 5 559 3 view .LVU84
 344              		.loc 5 559 3 is_stmt 0 view .LVU85
 345              	.LBE36:
 346              	.LBE35:
 347              		.loc 1 74 32 discriminator 1 view .LVU86
 348 0008 53F8042B 		ldr	r2, [r3], #4
 349              	.LVL18:
 350              		.loc 1 74 11 discriminator 1 view .LVU87
 351 000c 02EBF070 		add	r0, r2, r0, ror #31
 352              	.LVL19:
 353              		.loc 1 76 5 is_stmt 1 view .LVU88
 354              	.L19:
 355              		.loc 1 73 12 view .LVU89
 356 0010 8B42     		cmp	r3, r1
 357 0012 F9D3     		bcc	.L20
 358              		.loc 1 78 3 view .LVU90
 359              		.loc 1 79 1 is_stmt 0 view .LVU91
 360 0014 7047     		bx	lr
 361              		.cfi_endproc
 362              	.LFE238:
 363              		.size	checksum, .-checksum
 364 0016 00BF     		.section	.text.config_save,"ax",%progbits
 365              		.align	1
 366              		.p2align 4,,15
 367              		.global	config_save
 368              		.syntax unified
 369              		.thumb
 370              		.thumb_func
 371              		.type	config_save, %function
 372              	config_save:
 373              	.LFB239:
 374              		.loc 1 84 1 is_stmt 1 view -0
 375              		.cfi_startproc
 376              		@ args = 0, pretend = 0, frame = 0
 377              		@ frame_needed = 0, uses_anonymous_args = 0
 378 0000 70B5     		push	{r4, r5, r6, lr}
 379              		.cfi_def_cfa_offset 16
 380              		.cfi_offset 4, -16
 381              		.cfi_offset 5, -12
 382              		.cfi_offset 6, -8
 383              		.cfi_offset 14, -4
 384              		.loc 1 85 3 view .LVU93
 385              	.LVL20:
 386              		.loc 1 86 3 view .LVU94
 387              		.loc 1 87 3 view .LVU95
 388              		.loc 1 90 3 view .LVU96
 389              		.loc 1 90 16 is_stmt 0 view .LVU97
 390 0002 124C     		ldr	r4, .L25
 391 0004 124B     		ldr	r3, .L25+4
 392 0006 2360     		str	r3, [r4]
 393              		.loc 1 91 3 is_stmt 1 view .LVU98
 394              		.loc 1 91 21 is_stmt 0 view .LVU99
 395 0008 4FF44661 		mov	r1, #3168
 396 000c 2046     		mov	r0, r4
 397 000e FFF7FEFF 		bl	checksum
 398              	.LVL21:
 399              		.loc 1 91 19 discriminator 1 view .LVU100
ARM GAS  /tmp/cch1p5GP.s 			page 8


 400 0012 C4F8600C 		str	r0, [r4, #3168]
 401 0016 0022     		movs	r2, #0
 402 0018 C4F8642C 		str	r2, [r4, #3172]
 403              		.loc 1 93 3 is_stmt 1 view .LVU101
 404 001c FFF7FEFF 		bl	flash_unlock
 405              	.LVL22:
 406              		.loc 1 96 3 view .LVU102
 407 0020 0C4D     		ldr	r5, .L25+8
 408 0022 2846     		mov	r0, r5
 409 0024 FFF7FEFF 		bl	flash_erase_page
 410              	.LVL23:
 411              		.loc 1 98 3 view .LVU103
 412 0028 0B48     		ldr	r0, .L25+12
 413 002a FFF7FEFF 		bl	flash_erase_page
 414              	.LVL24:
 415              		.loc 1 102 3 view .LVU104
 416              		.loc 1 87 7 is_stmt 0 view .LVU105
 417 002e 40F23463 		movw	r3, #1588
 418              		.loc 1 102 9 view .LVU106
 419 0032 06E0     		b	.L22
 420              	.LVL25:
 421              	.L23:
 422              		.loc 1 103 5 is_stmt 1 view .LVU107
 423              		.loc 1 103 5 is_stmt 0 view .LVU108
 424 0034 34F8021B 		ldrh	r1, [r4], #2
 425              	.LVL26:
 426              		.loc 1 103 5 view .LVU109
 427 0038 2846     		mov	r0, r5
 428 003a FFF7FEFF 		bl	flash_program_half_word
 429              	.LVL27:
 430              		.loc 1 104 5 is_stmt 1 view .LVU110
 431              		.loc 1 104 8 is_stmt 0 view .LVU111
 432 003e 0235     		adds	r5, r5, #2
 433              	.LVL28:
 434              		.loc 1 102 15 view .LVU112
 435 0040 3346     		mov	r3, r6
 436              	.LVL29:
 437              	.L22:
 438              		.loc 1 102 18 is_stmt 1 view .LVU113
 439              		.loc 1 102 15 is_stmt 0 view .LVU114
 440 0042 5E1E     		subs	r6, r3, #1
 441              	.LVL30:
 442              		.loc 1 102 18 view .LVU115
 443 0044 002B     		cmp	r3, #0
 444 0046 F5DC     		bgt	.L23
 445              		.loc 1 107 3 is_stmt 1 view .LVU116
 446              		.loc 1 108 1 is_stmt 0 view .LVU117
 447 0048 0020     		movs	r0, #0
 448 004a 70BD     		pop	{r4, r5, r6, pc}
 449              	.LVL31:
 450              	.L26:
 451              		.loc 1 108 1 view .LVU118
 452              		.align	2
 453              	.L25:
 454 004c 00000000 		.word	config
 455 0050 6E4E4F43 		.word	1129270894
 456 0054 00C00308 		.word	134463488
ARM GAS  /tmp/cch1p5GP.s 			page 9


 457 0058 00C80308 		.word	134465536
 458              		.cfi_endproc
 459              	.LFE239:
 460              		.size	config_save, .-config_save
 461              		.section	.text.config_recall,"ax",%progbits
 462              		.align	1
 463              		.p2align 4,,15
 464              		.global	config_recall
 465              		.syntax unified
 466              		.thumb
 467              		.thumb_func
 468              		.type	config_recall, %function
 469              	config_recall:
 470              	.LFB240:
 471              		.loc 1 112 1 is_stmt 1 view -0
 472              		.cfi_startproc
 473              		@ args = 0, pretend = 0, frame = 0
 474              		@ frame_needed = 0, uses_anonymous_args = 0
 475              		.loc 1 113 3 view .LVU120
 476              	.LVL32:
 477              		.loc 1 114 3 view .LVU121
 478              		.loc 1 116 3 view .LVU122
 479              		.loc 1 116 10 is_stmt 0 view .LVU123
 480 0000 174B     		ldr	r3, .L36
 481 0002 1A68     		ldr	r2, [r3]
 482              		.loc 1 116 6 view .LVU124
 483 0004 03F16D53 		add	r3, r3, #994050048
 484 0008 03F53823 		add	r3, r3, #753664
 485 000c 03F66E63 		addw	r3, r3, #3694
 486 0010 9A42     		cmp	r2, r3
 487 0012 1DD1     		bne	.L29
 488              		.loc 1 112 1 view .LVU125
 489 0014 10B5     		push	{r4, lr}
 490              		.cfi_def_cfa_offset 8
 491              		.cfi_offset 4, -8
 492              		.cfi_offset 14, -4
 493              		.loc 1 119 3 is_stmt 1 view .LVU126
 494              		.loc 1 119 7 is_stmt 0 view .LVU127
 495 0016 124C     		ldr	r4, .L36
 496 0018 4FF44661 		mov	r1, #3168
 497 001c 2046     		mov	r0, r4
 498 001e FFF7FEFF 		bl	checksum
 499              	.LVL33:
 500              		.loc 1 119 67 discriminator 1 view .LVU128
 501 0022 D4F8602C 		ldr	r2, [r4, #3168]
 502 0026 D4F8643C 		ldr	r3, [r4, #3172]
 503              		.loc 1 119 6 discriminator 1 view .LVU129
 504 002a 002B     		cmp	r3, #0
 505 002c 08BF     		it	eq
 506 002e 9042     		cmpeq	r0, r2
 507 0030 11D1     		bne	.L30
 508              		.loc 1 123 3 is_stmt 1 view .LVU130
 509 0032 0C4C     		ldr	r4, .L36+4
 510 0034 40F66842 		movw	r2, #3176
 511 0038 0949     		ldr	r1, .L36
 512 003a 2046     		mov	r0, r4
 513 003c FFF7FEFF 		bl	memcpy
ARM GAS  /tmp/cch1p5GP.s 			page 10


 514              	.LVL34:
 515              		.loc 1 127 3 view .LVU131
 516              		.loc 1 127 13 is_stmt 0 view .LVU132
 517 0040 94F84E3C 		ldrb	r3, [r4, #3150]	@ zero_extendqisi2
 518              		.loc 1 127 6 view .LVU133
 519 0044 53B9     		cbnz	r3, .L31
 520              		.loc 1 128 5 is_stmt 1 view .LVU134
 521              		.loc 1 128 25 is_stmt 0 view .LVU135
 522 0046 8122     		movs	r2, #129
 523 0048 84F84E2C 		strb	r2, [r4, #3150]
 524              		.loc 1 131 10 view .LVU136
 525 004c 0020     		movs	r0, #0
 526              	.L27:
 527              		.loc 1 132 1 view .LVU137
 528 004e 10BD     		pop	{r4, pc}
 529              	.L29:
 530              		.cfi_def_cfa_offset 0
 531              		.cfi_restore 4
 532              		.cfi_restore 14
 533              		.loc 1 117 12 view .LVU138
 534 0050 4FF0FF30 		mov	r0, #-1
 535              		.loc 1 132 1 view .LVU139
 536 0054 7047     		bx	lr
 537              	.L30:
 538              		.cfi_def_cfa_offset 8
 539              		.cfi_offset 4, -8
 540              		.cfi_offset 14, -4
 541              		.loc 1 120 12 view .LVU140
 542 0056 4FF0FF30 		mov	r0, #-1
 543 005a F8E7     		b	.L27
 544              	.L31:
 545              		.loc 1 131 10 view .LVU141
 546 005c 0020     		movs	r0, #0
 547 005e F6E7     		b	.L27
 548              	.L37:
 549              		.align	2
 550              	.L36:
 551 0060 00C00308 		.word	134463488
 552 0064 00000000 		.word	config
 553              		.cfi_endproc
 554              	.LFE240:
 555              		.size	config_recall, .-config_recall
 556              		.section	.text.caldata_save,"ax",%progbits
 557              		.align	1
 558              		.p2align 4,,15
 559              		.global	caldata_save
 560              		.syntax unified
 561              		.thumb
 562              		.thumb_func
 563              		.type	caldata_save, %function
 564              	caldata_save:
 565              	.LVL35:
 566              	.LFB241:
 567              		.loc 1 139 1 is_stmt 1 view -0
 568              		.cfi_startproc
 569              		@ args = 0, pretend = 0, frame = 0
 570              		@ frame_needed = 0, uses_anonymous_args = 0
ARM GAS  /tmp/cch1p5GP.s 			page 11


 571              		.loc 1 140 3 view .LVU143
 572              		.loc 1 140 6 is_stmt 0 view .LVU144
 573 0000 0428     		cmp	r0, #4
 574 0002 33D8     		bhi	.L44
 575              		.loc 1 139 1 view .LVU145
 576 0004 70B5     		push	{r4, r5, r6, lr}
 577              		.cfi_def_cfa_offset 16
 578              		.cfi_offset 4, -16
 579              		.cfi_offset 5, -12
 580              		.cfi_offset 6, -8
 581              		.cfi_offset 14, -4
 582              		.loc 1 142 3 is_stmt 1 view .LVU146
 583              	.LVL36:
 584              		.loc 1 143 3 view .LVU147
 585              		.loc 1 144 3 view .LVU148
 586              		.loc 1 146 3 view .LVU149
 587              		.loc 1 146 43 is_stmt 0 view .LVU150
 588 0006 00F58035 		add	r5, r0, #65536
 589 000a 7A35     		adds	r5, r5, #122
 590 000c ED02     		lsls	r5, r5, #11
 591              	.LVL37:
 592              		.loc 1 148 3 is_stmt 1 view .LVU151
 593              		.loc 1 148 17 is_stmt 0 view .LVU152
 594 000e 194C     		ldr	r4, .L49
 595 0010 194B     		ldr	r3, .L49+4
 596 0012 2360     		str	r3, [r4]
 597              		.loc 1 149 3 is_stmt 1 view .LVU153
 598              		.loc 1 149 20 is_stmt 0 view .LVU154
 599 0014 03F14E43 		add	r3, r3, #-838860800
 600 0018 03F56503 		add	r3, r3, #15007744
 601 001c 03F60B03 		addw	r3, r3, #2059
 602 0020 C4F82836 		str	r3, [r4, #1576]
 603              		.loc 1 150 3 is_stmt 1 view .LVU155
 604              		.loc 1 150 22 is_stmt 0 view .LVU156
 605 0024 4FF4C561 		mov	r1, #1576
 606 0028 2046     		mov	r0, r4
 607              	.LVL38:
 608              		.loc 1 150 22 view .LVU157
 609 002a FFF7FEFF 		bl	checksum
 610              	.LVL39:
 611              		.loc 1 150 20 discriminator 1 view .LVU158
 612 002e C4F82806 		str	r0, [r4, #1576]
 613              		.loc 1 156 3 is_stmt 1 view .LVU159
 614 0032 FFF7FEFF 		bl	flash_unlock
 615              	.LVL40:
 616              		.loc 1 159 3 view .LVU160
 617              		.loc 1 160 3 view .LVU161
 618              		.loc 1 160 9 is_stmt 0 view .LVU162
 619 0036 05F5C666 		add	r6, r5, #1584
 620              	.LVL41:
 621              		.loc 1 161 3 is_stmt 1 view .LVU163
 622              		.loc 1 159 9 is_stmt 0 view .LVU164
 623 003a 2C46     		mov	r4, r5
 624              	.LVL42:
 625              	.L40:
 626              		.loc 1 161 12 is_stmt 1 view .LVU165
 627 003c B442     		cmp	r4, r6
ARM GAS  /tmp/cch1p5GP.s 			page 12


 628 003e 03D3     		bcc	.L41
 629              		.loc 1 144 7 is_stmt 0 view .LVU166
 630 0040 4FF44673 		mov	r3, #792
 631              		.loc 1 142 13 view .LVU167
 632 0044 0B4C     		ldr	r4, .L49
 633              	.LVL43:
 634              		.loc 1 142 13 view .LVU168
 635 0046 0CE0     		b	.L42
 636              	.LVL44:
 637              	.L41:
 638              		.loc 1 162 5 is_stmt 1 view .LVU169
 639 0048 2046     		mov	r0, r4
 640 004a FFF7FEFF 		bl	flash_erase_page
 641              	.LVL45:
 642              		.loc 1 163 5 view .LVU170
 643              		.loc 1 163 7 is_stmt 0 view .LVU171
 644 004e 04F50064 		add	r4, r4, #2048
 645              	.LVL46:
 646              		.loc 1 163 7 view .LVU172
 647 0052 F3E7     		b	.L40
 648              	.LVL47:
 649              	.L43:
 650              		.loc 1 168 5 is_stmt 1 view .LVU173
 651              		.loc 1 168 5 is_stmt 0 view .LVU174
 652 0054 34F8021B 		ldrh	r1, [r4], #2
 653              	.LVL48:
 654              		.loc 1 168 5 view .LVU175
 655 0058 2846     		mov	r0, r5
 656 005a FFF7FEFF 		bl	flash_program_half_word
 657              	.LVL49:
 658              		.loc 1 169 5 is_stmt 1 view .LVU176
 659              		.loc 1 169 8 is_stmt 0 view .LVU177
 660 005e 0235     		adds	r5, r5, #2
 661              	.LVL50:
 662              		.loc 1 167 15 view .LVU178
 663 0060 3346     		mov	r3, r6
 664              	.LVL51:
 665              	.L42:
 666              		.loc 1 167 18 is_stmt 1 view .LVU179
 667              		.loc 1 167 15 is_stmt 0 view .LVU180
 668 0062 5E1E     		subs	r6, r3, #1
 669              	.LVL52:
 670              		.loc 1 167 18 view .LVU181
 671 0064 002B     		cmp	r3, #0
 672 0066 F5DC     		bgt	.L43
 673              		.loc 1 184 10 view .LVU182
 674 0068 0020     		movs	r0, #0
 675              		.loc 1 185 1 view .LVU183
 676 006a 70BD     		pop	{r4, r5, r6, pc}
 677              	.LVL53:
 678              	.L44:
 679              		.cfi_def_cfa_offset 0
 680              		.cfi_restore 4
 681              		.cfi_restore 5
 682              		.cfi_restore 6
 683              		.cfi_restore 14
 684              		.loc 1 141 12 view .LVU184
ARM GAS  /tmp/cch1p5GP.s 			page 13


 685 006c 4FF0FF30 		mov	r0, #-1
 686              	.LVL54:
 687              		.loc 1 185 1 view .LVU185
 688 0070 7047     		bx	lr
 689              	.L50:
 690 0072 00BF     		.align	2
 691              	.L49:
 692 0074 00000000 		.word	setting
 693 0078 6D4E4F43 		.word	1129270893
 694              		.cfi_endproc
 695              	.LFE241:
 696              		.size	caldata_save, .-caldata_save
 697              		.section	.text.caldata_pointer,"ax",%progbits
 698              		.align	1
 699              		.p2align 4,,15
 700              		.global	caldata_pointer
 701              		.syntax unified
 702              		.thumb
 703              		.thumb_func
 704              		.type	caldata_pointer, %function
 705              	caldata_pointer:
 706              	.LVL55:
 707              	.LFB242:
 708              		.loc 1 189 1 is_stmt 1 view -0
 709              		.cfi_startproc
 710              		@ args = 0, pretend = 0, frame = 0
 711              		@ frame_needed = 0, uses_anonymous_args = 0
 712              		.loc 1 189 1 is_stmt 0 view .LVU187
 713 0000 10B5     		push	{r4, lr}
 714              		.cfi_def_cfa_offset 8
 715              		.cfi_offset 4, -8
 716              		.cfi_offset 14, -4
 717              		.loc 1 190 3 is_stmt 1 view .LVU188
 718              		.loc 1 192 3 view .LVU189
 719              		.loc 1 192 6 is_stmt 0 view .LVU190
 720 0002 0428     		cmp	r0, #4
 721 0004 12D8     		bhi	.L53
 722              		.loc 1 196 3 is_stmt 1 view .LVU191
 723              		.loc 1 196 44 is_stmt 0 view .LVU192
 724 0006 00F58034 		add	r4, r0, #65536
 725 000a 7A34     		adds	r4, r4, #122
 726 000c E402     		lsls	r4, r4, #11
 727              	.LVL56:
 728              		.loc 1 198 3 is_stmt 1 view .LVU193
 729              		.loc 1 198 10 is_stmt 0 view .LVU194
 730 000e 2268     		ldr	r2, [r4]
 731              		.loc 1 198 6 view .LVU195
 732 0010 094B     		ldr	r3, .L58
 733 0012 9A42     		cmp	r2, r3
 734 0014 0CD1     		bne	.L54
 735              		.loc 1 201 3 is_stmt 1 view .LVU196
 736              		.loc 1 201 7 is_stmt 0 view .LVU197
 737 0016 4FF4C561 		mov	r1, #1576
 738 001a 2046     		mov	r0, r4
 739              	.LVL57:
 740              		.loc 1 201 7 view .LVU198
 741 001c FFF7FEFF 		bl	checksum
ARM GAS  /tmp/cch1p5GP.s 			page 14


 742              	.LVL58:
 743              		.loc 1 204 24 view .LVU199
 744 0020 D4F82836 		ldr	r3, [r4, #1576]
 745              		.loc 1 201 6 view .LVU200
 746 0024 9842     		cmp	r0, r3
 747 0026 05D1     		bne	.L57
 748              	.LVL59:
 749              	.L51:
 750              		.loc 1 207 1 view .LVU201
 751 0028 2046     		mov	r0, r4
 752 002a 10BD     		pop	{r4, pc}
 753              	.LVL60:
 754              	.L53:
 755              		.loc 1 193 12 view .LVU202
 756 002c 0024     		movs	r4, #0
 757 002e FBE7     		b	.L51
 758              	.LVL61:
 759              	.L54:
 760              		.loc 1 199 12 view .LVU203
 761 0030 0024     		movs	r4, #0
 762              	.LVL62:
 763              		.loc 1 199 12 view .LVU204
 764 0032 F9E7     		b	.L51
 765              	.LVL63:
 766              	.L57:
 767              		.loc 1 205 12 view .LVU205
 768 0034 0024     		movs	r4, #0
 769              	.LVL64:
 770              		.loc 1 205 12 view .LVU206
 771 0036 F7E7     		b	.L51
 772              	.L59:
 773              		.align	2
 774              	.L58:
 775 0038 6D4E4F43 		.word	1129270893
 776              		.cfi_endproc
 777              	.LFE242:
 778              		.size	caldata_pointer, .-caldata_pointer
 779              		.section	.text.caldata_recall,"ax",%progbits
 780              		.align	1
 781              		.p2align 4,,15
 782              		.global	caldata_recall
 783              		.syntax unified
 784              		.thumb
 785              		.thumb_func
 786              		.type	caldata_recall, %function
 787              	caldata_recall:
 788              	.LVL65:
 789              	.LFB243:
 790              		.loc 1 211 1 is_stmt 1 view -0
 791              		.cfi_startproc
 792              		@ args = 0, pretend = 0, frame = 0
 793              		@ frame_needed = 0, uses_anonymous_args = 0
 794              		.loc 1 212 3 view .LVU208
 795              		.loc 1 213 3 view .LVU209
 796              		.loc 1 215 3 view .LVU210
 797              		.loc 1 215 6 is_stmt 0 view .LVU211
 798 0000 0428     		cmp	r0, #4
ARM GAS  /tmp/cch1p5GP.s 			page 15


 799 0002 3ED8     		bhi	.L63
 800              		.loc 1 211 1 view .LVU212
 801 0004 38B5     		push	{r3, r4, r5, lr}
 802              		.cfi_def_cfa_offset 16
 803              		.cfi_offset 3, -16
 804              		.cfi_offset 4, -12
 805              		.cfi_offset 5, -8
 806              		.cfi_offset 14, -4
 807              		.loc 1 219 3 is_stmt 1 view .LVU213
 808              		.loc 1 219 44 is_stmt 0 view .LVU214
 809 0006 00F58034 		add	r4, r0, #65536
 810 000a 7A34     		adds	r4, r4, #122
 811 000c E402     		lsls	r4, r4, #11
 812              	.LVL66:
 813              		.loc 1 221 3 is_stmt 1 view .LVU215
 814              		.loc 1 221 10 is_stmt 0 view .LVU216
 815 000e 2268     		ldr	r2, [r4]
 816              		.loc 1 221 6 view .LVU217
 817 0010 204B     		ldr	r3, .L71
 818 0012 9A42     		cmp	r2, r3
 819 0014 38D1     		bne	.L64
 820              		.loc 1 224 3 is_stmt 1 view .LVU218
 821              		.loc 1 224 7 is_stmt 0 view .LVU219
 822 0016 4FF4C561 		mov	r1, #1576
 823 001a 2046     		mov	r0, r4
 824              	.LVL67:
 825              		.loc 1 224 7 view .LVU220
 826 001c FFF7FEFF 		bl	checksum
 827              	.LVL68:
 828              		.loc 1 227 24 view .LVU221
 829 0020 D4F82836 		ldr	r3, [r4, #1576]
 830              		.loc 1 224 6 view .LVU222
 831 0024 9842     		cmp	r0, r3
 832 0026 32D1     		bne	.L65
 833              		.loc 1 235 3 is_stmt 1 view .LVU223
 834 0028 1B4D     		ldr	r5, .L71+4
 835 002a 4FF4C662 		mov	r2, #1584
 836 002e 2146     		mov	r1, r4
 837 0030 2846     		mov	r0, r5
 838 0032 FFF7FEFF 		bl	memcpy
 839              	.LVL69:
 840              		.loc 1 241 3 view .LVU224
 841 0036 FFF7FEFF 		bl	update_min_max_freq
 842              	.LVL70:
 843              		.loc 1 242 3 view .LVU225
 844 003a FFF7FEFF 		bl	update_frequencies
 845              	.LVL71:
 846              		.loc 1 243 3 view .LVU226
 847 003e 95ED840A 		vldr.32	s0, [r5, #528]
 848 0042 FFF7FEFF 		bl	set_scale
 849              	.LVL72:
 850              		.loc 1 244 3 view .LVU227
 851 0046 95ED830A 		vldr.32	s0, [r5, #524]
 852 004a FFF7FEFF 		bl	set_reflevel
 853              	.LVL73:
 854              		.loc 1 245 3 view .LVU228
 855 004e FFF7FEFF 		bl	set_level_meter_or_waterfall
ARM GAS  /tmp/cch1p5GP.s 			page 16


 856              	.LVL74:
 857              		.loc 1 246 3 view .LVU229
 858 0052 FFF7FEFF 		bl	update_rbw
 859              	.LVL75:
 860              		.loc 1 247 3 view .LVU230
 861              		.loc 1 247 14 is_stmt 0 view .LVU231
 862 0056 114B     		ldr	r3, .L71+8
 863 0058 0122     		movs	r2, #1
 864 005a 1A70     		strb	r2, [r3]
 865              		.loc 1 249 3 is_stmt 1 view .LVU232
 866              		.loc 1 249 24 is_stmt 0 view .LVU233
 867 005c 104B     		ldr	r3, .L71+12
 868 005e D3F8182C 		ldr	r2, [r3, #3096]
 869 0062 D3F81C3C 		ldr	r3, [r3, #3100]
 870              		.loc 1 249 69 view .LVU234
 871 0066 0F49     		ldr	r1, .L71+16
 872 0068 022B     		cmp	r3, #2
 873 006a 08BF     		it	eq
 874 006c 8A42     		cmpeq	r2, r1
 875 006e 04D0     		beq	.L70
 876              	.L62:
 877              		.loc 1 249 15 discriminator 4 view .LVU235
 878 0070 0D49     		ldr	r1, .L71+20
 879 0072 0A60     		str	r2, [r1]
 880 0074 4B60     		str	r3, [r1, #4]
 881              		.loc 1 254 3 is_stmt 1 view .LVU236
 882              		.loc 1 254 10 is_stmt 0 view .LVU237
 883 0076 0020     		movs	r0, #0
 884              	.L60:
 885              		.loc 1 255 1 view .LVU238
 886 0078 38BD     		pop	{r3, r4, r5, pc}
 887              	.LVL76:
 888              	.L70:
 889              		.loc 1 249 69 discriminator 2 view .LVU239
 890 007a 0C4B     		ldr	r3, .L71+24
 891 007c 1A68     		ldr	r2, [r3]
 892 007e 5B68     		ldr	r3, [r3, #4]
 893 0080 F6E7     		b	.L62
 894              	.LVL77:
 895              	.L63:
 896              		.cfi_def_cfa_offset 0
 897              		.cfi_restore 3
 898              		.cfi_restore 4
 899              		.cfi_restore 5
 900              		.cfi_restore 14
 901              		.loc 1 216 12 view .LVU240
 902 0082 4FF0FF30 		mov	r0, #-1
 903              	.LVL78:
 904              		.loc 1 255 1 view .LVU241
 905 0086 7047     		bx	lr
 906              	.LVL79:
 907              	.L64:
 908              		.cfi_def_cfa_offset 16
 909              		.cfi_offset 3, -16
 910              		.cfi_offset 4, -12
 911              		.cfi_offset 5, -8
 912              		.cfi_offset 14, -4
ARM GAS  /tmp/cch1p5GP.s 			page 17


 913              		.loc 1 222 12 view .LVU242
 914 0088 4FF0FF30 		mov	r0, #-1
 915              	.LVL80:
 916              		.loc 1 222 12 view .LVU243
 917 008c F4E7     		b	.L60
 918              	.L65:
 919              		.loc 1 228 12 view .LVU244
 920 008e 4FF0FF30 		mov	r0, #-1
 921 0092 F1E7     		b	.L60
 922              	.L72:
 923              		.align	2
 924              	.L71:
 925 0094 6D4E4F43 		.word	1129270893
 926 0098 00000000 		.word	setting
 927 009c 00000000 		.word	sweep_mode
 928 00a0 00000000 		.word	config
 929 00a4 00E40B54 		.word	1410065408
 930 00a8 00000000 		.word	ultra_start
 931 00ac 00000000 		.word	ULTRA_THRESHOLD
 932              		.cfi_endproc
 933              	.LFE243:
 934              		.size	caldata_recall, .-caldata_recall
 935              		.section	.text.clear_all_config_prop_data,"ax",%progbits
 936              		.align	1
 937              		.p2align 4,,15
 938              		.global	clear_all_config_prop_data
 939              		.syntax unified
 940              		.thumb
 941              		.thumb_func
 942              		.type	clear_all_config_prop_data, %function
 943              	clear_all_config_prop_data:
 944              	.LFB244:
 945              		.loc 1 275 1 is_stmt 1 view -0
 946              		.cfi_startproc
 947              		@ args = 0, pretend = 0, frame = 0
 948              		@ frame_needed = 0, uses_anonymous_args = 0
 949 0000 10B5     		push	{r4, lr}
 950              		.cfi_def_cfa_offset 8
 951              		.cfi_offset 4, -8
 952              		.cfi_offset 14, -4
 953              		.loc 1 276 3 view .LVU246
 954 0002 FFF7FEFF 		bl	flash_unlock
 955              	.LVL81:
 956              		.loc 1 279 3 view .LVU247
 957              		.loc 1 280 3 view .LVU248
 958              		.loc 1 281 3 view .LVU249
 959              		.loc 1 279 9 is_stmt 0 view .LVU250
 960 0006 054C     		ldr	r4, .L77
 961              		.loc 1 281 9 view .LVU251
 962 0008 04E0     		b	.L74
 963              	.LVL82:
 964              	.L75:
 965              		.loc 1 282 5 is_stmt 1 view .LVU252
 966 000a 2046     		mov	r0, r4
 967 000c FFF7FEFF 		bl	flash_erase_page
 968              	.LVL83:
 969              		.loc 1 283 5 view .LVU253
ARM GAS  /tmp/cch1p5GP.s 			page 18


 970              		.loc 1 283 7 is_stmt 0 view .LVU254
 971 0010 04F50064 		add	r4, r4, #2048
 972              	.LVL84:
 973              	.L74:
 974              		.loc 1 281 12 is_stmt 1 view .LVU255
 975 0014 024B     		ldr	r3, .L77+4
 976 0016 9C42     		cmp	r4, r3
 977 0018 F7D3     		bcc	.L75
 978              		.loc 1 285 1 is_stmt 0 view .LVU256
 979 001a 10BD     		pop	{r4, pc}
 980              	.LVL85:
 981              	.L78:
 982              		.loc 1 285 1 view .LVU257
 983              		.align	2
 984              	.L77:
 985 001c 00C00308 		.word	134463488
 986 0020 00F80308 		.word	134477824
 987              		.cfi_endproc
 988              	.LFE244:
 989              		.size	clear_all_config_prop_data, .-clear_all_config_prop_data
 990              		.text
 991              	.Letext0:
 992              		.file 6 "/usr/lib/gcc/arm-none-eabi/13.2.1/include/stddef.h"
 993              		.file 7 "/usr/lib/gcc/arm-none-eabi/13.2.1/include/stdint.h"
 994              		.file 8 "ChibiOS/os/common/ports/ARMCMx/compilers/GCC/chtypes.h"
 995              		.file 9 "ChibiOS/os/rt/include/chsystypes.h"
 996              		.file 10 "ChibiOS/os/rt/include/chschd.h"
 997              		.file 11 "ChibiOS/os/common/ext/CMSIS/ST/STM32F3xx/stm32f303xc.h"
 998              		.file 12 "ChibiOS/os/common/ports/ARMCMx/chcore.h"
 999              		.file 13 "nanovna.h"
 1000              		.file 14 "/usr/include/newlib/string.h"
 1001              		.file 15 "<built-in>"
 1002              		.section	.debug_info,"",%progbits
 1003              	.Ldebug_info0:
 1004 0000 14170000 		.4byte	0x1714
 1005 0004 0500     		.2byte	0x5
 1006 0006 01       		.byte	0x1
 1007 0007 04       		.byte	0x4
 1008 0008 00000000 		.4byte	.Ldebug_abbrev0
 1009 000c 26       		.uleb128 0x26
 1010 000d 13000000 		.4byte	.LASF264
 1011 0011 1D       		.byte	0x1d
 1012 0012 AC090000 		.4byte	.LASF265
 1013 0016 00000000 		.4byte	.LASF266
 1014 001a 0C000000 		.4byte	.LLRL27
 1015 001e 00000000 		.4byte	0
 1016 0022 00000000 		.4byte	.Ldebug_line0
 1017 0026 07       		.uleb128 0x7
 1018 0027 08       		.byte	0x8
 1019 0028 07       		.byte	0x7
 1020 0029 2E040000 		.4byte	.LASF0
 1021 002d 07       		.uleb128 0x7
 1022 002e 04       		.byte	0x4
 1023 002f 07       		.byte	0x7
 1024 0030 DA0A0000 		.4byte	.LASF1
 1025 0034 07       		.uleb128 0x7
 1026 0035 02       		.byte	0x2
ARM GAS  /tmp/cch1p5GP.s 			page 19


 1027 0036 07       		.byte	0x7
 1028 0037 D50C0000 		.4byte	.LASF2
 1029 003b 27       		.uleb128 0x27
 1030 003c 04       		.byte	0x4
 1031 003d 05       		.byte	0x5
 1032 003e 696E7400 		.ascii	"int\000"
 1033 0042 05       		.uleb128 0x5
 1034 0043 E1050000 		.4byte	.LASF5
 1035 0047 06       		.byte	0x6
 1036 0048 D6       		.byte	0xd6
 1037 0049 17       		.byte	0x17
 1038 004a 2D000000 		.4byte	0x2d
 1039 004e 07       		.uleb128 0x7
 1040 004f 08       		.byte	0x8
 1041 0050 05       		.byte	0x5
 1042 0051 5F070000 		.4byte	.LASF3
 1043 0055 07       		.uleb128 0x7
 1044 0056 08       		.byte	0x8
 1045 0057 04       		.byte	0x4
 1046 0058 4A090000 		.4byte	.LASF4
 1047 005c 05       		.uleb128 0x5
 1048 005d 96030000 		.4byte	.LASF6
 1049 0061 07       		.byte	0x7
 1050 0062 22       		.byte	0x22
 1051 0063 17       		.byte	0x17
 1052 0064 68000000 		.4byte	0x68
 1053 0068 07       		.uleb128 0x7
 1054 0069 01       		.byte	0x1
 1055 006a 06       		.byte	0x6
 1056 006b C4070000 		.4byte	.LASF7
 1057 006f 05       		.uleb128 0x5
 1058 0070 45040000 		.4byte	.LASF8
 1059 0074 07       		.byte	0x7
 1060 0075 25       		.byte	0x25
 1061 0076 18       		.byte	0x18
 1062 0077 7B000000 		.4byte	0x7b
 1063 007b 07       		.uleb128 0x7
 1064 007c 02       		.byte	0x2
 1065 007d 05       		.byte	0x5
 1066 007e B4090000 		.4byte	.LASF9
 1067 0082 05       		.uleb128 0x5
 1068 0083 8C0B0000 		.4byte	.LASF10
 1069 0087 07       		.byte	0x7
 1070 0088 28       		.byte	0x28
 1071 0089 18       		.byte	0x18
 1072 008a 8E000000 		.4byte	0x8e
 1073 008e 07       		.uleb128 0x7
 1074 008f 04       		.byte	0x4
 1075 0090 05       		.byte	0x5
 1076 0091 E1090000 		.4byte	.LASF11
 1077 0095 05       		.uleb128 0x5
 1078 0096 61030000 		.4byte	.LASF12
 1079 009a 07       		.byte	0x7
 1080 009b 2B       		.byte	0x2b
 1081 009c 18       		.byte	0x18
 1082 009d 4E000000 		.4byte	0x4e
 1083 00a1 05       		.uleb128 0x5
ARM GAS  /tmp/cch1p5GP.s 			page 20


 1084 00a2 A1070000 		.4byte	.LASF13
 1085 00a6 07       		.byte	0x7
 1086 00a7 2E       		.byte	0x2e
 1087 00a8 18       		.byte	0x18
 1088 00a9 AD000000 		.4byte	0xad
 1089 00ad 07       		.uleb128 0x7
 1090 00ae 01       		.byte	0x1
 1091 00af 08       		.byte	0x8
 1092 00b0 5F090000 		.4byte	.LASF14
 1093 00b4 05       		.uleb128 0x5
 1094 00b5 56090000 		.4byte	.LASF15
 1095 00b9 07       		.byte	0x7
 1096 00ba 31       		.byte	0x31
 1097 00bb 19       		.byte	0x19
 1098 00bc 34000000 		.4byte	0x34
 1099 00c0 05       		.uleb128 0x5
 1100 00c1 8D030000 		.4byte	.LASF16
 1101 00c5 07       		.byte	0x7
 1102 00c6 34       		.byte	0x34
 1103 00c7 19       		.byte	0x19
 1104 00c8 D1000000 		.4byte	0xd1
 1105 00cc 28       		.uleb128 0x28
 1106 00cd C0000000 		.4byte	0xc0
 1107 00d1 07       		.uleb128 0x7
 1108 00d2 04       		.byte	0x4
 1109 00d3 07       		.byte	0x7
 1110 00d4 570B0000 		.4byte	.LASF17
 1111 00d8 05       		.uleb128 0x5
 1112 00d9 730A0000 		.4byte	.LASF18
 1113 00dd 07       		.byte	0x7
 1114 00de 37       		.byte	0x37
 1115 00df 19       		.byte	0x19
 1116 00e0 26000000 		.4byte	0x26
 1117 00e4 05       		.uleb128 0x5
 1118 00e5 1A090000 		.4byte	.LASF19
 1119 00e9 08       		.byte	0x8
 1120 00ea 3C       		.byte	0x3c
 1121 00eb 1D       		.byte	0x1d
 1122 00ec A1000000 		.4byte	0xa1
 1123 00f0 05       		.uleb128 0x5
 1124 00f1 37070000 		.4byte	.LASF20
 1125 00f5 08       		.byte	0x8
 1126 00f6 3D       		.byte	0x3d
 1127 00f7 1D       		.byte	0x1d
 1128 00f8 A1000000 		.4byte	0xa1
 1129 00fc 05       		.uleb128 0x5
 1130 00fd 3D0B0000 		.4byte	.LASF21
 1131 0101 08       		.byte	0x8
 1132 0102 3E       		.byte	0x3e
 1133 0103 1D       		.byte	0x1d
 1134 0104 A1000000 		.4byte	0xa1
 1135 0108 05       		.uleb128 0x5
 1136 0109 11040000 		.4byte	.LASF22
 1137 010d 08       		.byte	0x8
 1138 010e 40       		.byte	0x40
 1139 010f 1D       		.byte	0x1d
 1140 0110 C0000000 		.4byte	0xc0
ARM GAS  /tmp/cch1p5GP.s 			page 21


 1141 0114 05       		.uleb128 0x5
 1142 0115 55080000 		.4byte	.LASF23
 1143 0119 08       		.byte	0x8
 1144 011a 41       		.byte	0x41
 1145 011b 1D       		.byte	0x1d
 1146 011c 82000000 		.4byte	0x82
 1147 0120 05       		.uleb128 0x5
 1148 0121 9F010000 		.4byte	.LASF24
 1149 0125 09       		.byte	0x9
 1150 0126 33       		.byte	0x33
 1151 0127 12       		.byte	0x12
 1152 0128 C0000000 		.4byte	0xc0
 1153 012c 05       		.uleb128 0x5
 1154 012d 9A050000 		.4byte	.LASF25
 1155 0131 09       		.byte	0x9
 1156 0132 3F       		.byte	0x3f
 1157 0133 1A       		.byte	0x1a
 1158 0134 38010000 		.4byte	0x138
 1159 0138 15       		.uleb128 0x15
 1160 0139 E3070000 		.4byte	.LASF38
 1161 013d 2C       		.byte	0x2c
 1162 013e 0A       		.byte	0xa
 1163 013f 9A       		.byte	0x9a
 1164 0140 D8010000 		.4byte	0x1d8
 1165 0144 0A       		.uleb128 0xa
 1166 0145 A10B0000 		.4byte	.LASF26
 1167 0149 9B       		.byte	0x9b
 1168 014a 19       		.byte	0x19
 1169 014b 0E020000 		.4byte	0x20e
 1170 014f 00       		.byte	0
 1171 0150 0A       		.uleb128 0xa
 1172 0151 E4060000 		.4byte	.LASF27
 1173 0155 9C       		.byte	0x9c
 1174 0156 19       		.byte	0x19
 1175 0157 08010000 		.4byte	0x108
 1176 015b 08       		.byte	0x8
 1177 015c 1F       		.uleb128 0x1f
 1178 015d 63747800 		.ascii	"ctx\000"
 1179 0161 0A       		.byte	0xa
 1180 0162 9D       		.byte	0x9d
 1181 0163 19       		.byte	0x19
 1182 0164 FB020000 		.4byte	0x2fb
 1183 0168 0C       		.byte	0xc
 1184 0169 0A       		.uleb128 0xa
 1185 016a B30B0000 		.4byte	.LASF28
 1186 016e 9F       		.byte	0x9f
 1187 016f 1A       		.byte	0x1a
 1188 0170 E4010000 		.4byte	0x1e4
 1189 0174 10       		.byte	0x10
 1190 0175 0A       		.uleb128 0xa
 1191 0176 9C0D0000 		.4byte	.LASF29
 1192 017a A0       		.byte	0xa0
 1193 017b 1A       		.byte	0x1a
 1194 017c E4010000 		.4byte	0x1e4
 1195 0180 14       		.byte	0x14
 1196 0181 0A       		.uleb128 0xa
 1197 0182 CF0A0000 		.4byte	.LASF30
ARM GAS  /tmp/cch1p5GP.s 			page 22


 1198 0186 A7       		.byte	0xa7
 1199 0187 1A       		.byte	0x1a
 1200 0188 BA040000 		.4byte	0x4ba
 1201 018c 18       		.byte	0x18
 1202 018d 0A       		.uleb128 0xa
 1203 018e 1E070000 		.4byte	.LASF31
 1204 0192 B0       		.byte	0xb0
 1205 0193 1A       		.byte	0x1a
 1206 0194 CB040000 		.4byte	0x4cb
 1207 0198 1C       		.byte	0x1c
 1208 0199 0A       		.uleb128 0xa
 1209 019a 660C0000 		.4byte	.LASF32
 1210 019e B5       		.byte	0xb5
 1211 019f 19       		.byte	0x19
 1212 01a0 F0000000 		.4byte	0xf0
 1213 01a4 20       		.byte	0x20
 1214 01a5 0A       		.uleb128 0xa
 1215 01a6 99010000 		.4byte	.LASF33
 1216 01aa B9       		.byte	0xb9
 1217 01ab 19       		.byte	0x19
 1218 01ac E4000000 		.4byte	0xe4
 1219 01b0 21       		.byte	0x21
 1220 01b1 0A       		.uleb128 0xa
 1221 01b2 2E020000 		.4byte	.LASF34
 1222 01b6 BE       		.byte	0xbe
 1223 01b7 19       		.byte	0x19
 1224 01b8 FC000000 		.4byte	0xfc
 1225 01bc 22       		.byte	0x22
 1226 01bd 03       		.uleb128 0x3
 1227 01be 7500     		.ascii	"u\000"
 1228 01c0 0A       		.byte	0xa
 1229 01c1 0F01     		.2byte	0x10f
 1230 01c3 19       		.byte	0x19
 1231 01c4 7F040000 		.4byte	0x47f
 1232 01c8 24       		.byte	0x24
 1233 01c9 02       		.uleb128 0x2
 1234 01ca EA0B0000 		.4byte	.LASF35
 1235 01ce 0A       		.byte	0xa
 1236 01cf 1401     		.2byte	0x114
 1237 01d1 19       		.byte	0x19
 1238 01d2 E9010000 		.4byte	0x1e9
 1239 01d6 28       		.byte	0x28
 1240 01d7 00       		.byte	0
 1241 01d8 05       		.uleb128 0x5
 1242 01d9 0B070000 		.4byte	.LASF36
 1243 01dd 09       		.byte	0x9
 1244 01de 44       		.byte	0x44
 1245 01df 14       		.byte	0x14
 1246 01e0 E4010000 		.4byte	0x1e4
 1247 01e4 0B       		.uleb128 0xb
 1248 01e5 2C010000 		.4byte	0x12c
 1249 01e9 05       		.uleb128 0x5
 1250 01ea FF010000 		.4byte	.LASF37
 1251 01ee 09       		.byte	0x9
 1252 01ef 49       		.byte	0x49
 1253 01f0 20       		.byte	0x20
 1254 01f1 F5010000 		.4byte	0x1f5
ARM GAS  /tmp/cch1p5GP.s 			page 23


 1255 01f5 15       		.uleb128 0x15
 1256 01f6 C9040000 		.4byte	.LASF39
 1257 01fa 04       		.byte	0x4
 1258 01fb 0A       		.byte	0xa
 1259 01fc 88       		.byte	0x88
 1260 01fd 0E020000 		.4byte	0x20e
 1261 0201 0A       		.uleb128 0xa
 1262 0202 EE010000 		.4byte	.LASF40
 1263 0206 89       		.byte	0x89
 1264 0207 1A       		.byte	0x1a
 1265 0208 E4010000 		.4byte	0x1e4
 1266 020c 00       		.byte	0
 1267 020d 00       		.byte	0
 1268 020e 05       		.uleb128 0x5
 1269 020f 53050000 		.4byte	.LASF41
 1270 0213 09       		.byte	0x9
 1271 0214 50       		.byte	0x50
 1272 0215 21       		.byte	0x21
 1273 0216 1A020000 		.4byte	0x21a
 1274 021a 15       		.uleb128 0x15
 1275 021b 02080000 		.4byte	.LASF42
 1276 021f 08       		.byte	0x8
 1277 0220 0A       		.byte	0xa
 1278 0221 8F       		.byte	0x8f
 1279 0222 3F020000 		.4byte	0x23f
 1280 0226 0A       		.uleb128 0xa
 1281 0227 EE010000 		.4byte	.LASF40
 1282 022b 90       		.byte	0x90
 1283 022c 1A       		.byte	0x1a
 1284 022d E4010000 		.4byte	0x1e4
 1285 0231 00       		.byte	0
 1286 0232 0A       		.uleb128 0xa
 1287 0233 C0020000 		.4byte	.LASF43
 1288 0237 91       		.byte	0x91
 1289 0238 1A       		.byte	0x1a
 1290 0239 E4010000 		.4byte	0x1e4
 1291 023d 04       		.byte	0x4
 1292 023e 00       		.byte	0
 1293 023f 29       		.uleb128 0x29
 1294 0240 04       		.byte	0x4
 1295 0241 08       		.uleb128 0x8
 1296 0242 C0000000 		.4byte	0xc0
 1297 0246 51020000 		.4byte	0x251
 1298 024a 06       		.uleb128 0x6
 1299 024b 2D000000 		.4byte	0x2d
 1300 024f 03       		.byte	0x3
 1301 0250 00       		.byte	0
 1302 0251 16       		.uleb128 0x16
 1303 0252 24       		.byte	0x24
 1304 0253 0B       		.byte	0xb
 1305 0254 8A01     		.2byte	0x18a
 1306 0256 D6020000 		.4byte	0x2d6
 1307 025a 03       		.uleb128 0x3
 1308 025b 41435200 		.ascii	"ACR\000"
 1309 025f 0B       		.byte	0xb
 1310 0260 8C01     		.2byte	0x18c
 1311 0262 11       		.byte	0x11
ARM GAS  /tmp/cch1p5GP.s 			page 24


 1312 0263 CC000000 		.4byte	0xcc
 1313 0267 00       		.byte	0
 1314 0268 02       		.uleb128 0x2
 1315 0269 A0020000 		.4byte	.LASF44
 1316 026d 0B       		.byte	0xb
 1317 026e 8D01     		.2byte	0x18d
 1318 0270 11       		.byte	0x11
 1319 0271 CC000000 		.4byte	0xcc
 1320 0275 04       		.byte	0x4
 1321 0276 02       		.uleb128 0x2
 1322 0277 82040000 		.4byte	.LASF45
 1323 027b 0B       		.byte	0xb
 1324 027c 8E01     		.2byte	0x18e
 1325 027e 11       		.byte	0x11
 1326 027f CC000000 		.4byte	0xcc
 1327 0283 08       		.byte	0x8
 1328 0284 03       		.uleb128 0x3
 1329 0285 535200   		.ascii	"SR\000"
 1330 0288 0B       		.byte	0xb
 1331 0289 8F01     		.2byte	0x18f
 1332 028b 11       		.byte	0x11
 1333 028c CC000000 		.4byte	0xcc
 1334 0290 0C       		.byte	0xc
 1335 0291 03       		.uleb128 0x3
 1336 0292 435200   		.ascii	"CR\000"
 1337 0295 0B       		.byte	0xb
 1338 0296 9001     		.2byte	0x190
 1339 0298 11       		.byte	0x11
 1340 0299 CC000000 		.4byte	0xcc
 1341 029d 10       		.byte	0x10
 1342 029e 03       		.uleb128 0x3
 1343 029f 415200   		.ascii	"AR\000"
 1344 02a2 0B       		.byte	0xb
 1345 02a3 9101     		.2byte	0x191
 1346 02a5 11       		.byte	0x11
 1347 02a6 CC000000 		.4byte	0xcc
 1348 02aa 14       		.byte	0x14
 1349 02ab 02       		.uleb128 0x2
 1350 02ac D4020000 		.4byte	.LASF46
 1351 02b0 0B       		.byte	0xb
 1352 02b1 9201     		.2byte	0x192
 1353 02b3 11       		.byte	0x11
 1354 02b4 C0000000 		.4byte	0xc0
 1355 02b8 18       		.byte	0x18
 1356 02b9 03       		.uleb128 0x3
 1357 02ba 4F425200 		.ascii	"OBR\000"
 1358 02be 0B       		.byte	0xb
 1359 02bf 9301     		.2byte	0x193
 1360 02c1 11       		.byte	0x11
 1361 02c2 CC000000 		.4byte	0xcc
 1362 02c6 1C       		.byte	0x1c
 1363 02c7 02       		.uleb128 0x2
 1364 02c8 22090000 		.4byte	.LASF47
 1365 02cc 0B       		.byte	0xb
 1366 02cd 9401     		.2byte	0x194
 1367 02cf 11       		.byte	0x11
 1368 02d0 CC000000 		.4byte	0xcc
ARM GAS  /tmp/cch1p5GP.s 			page 25


 1369 02d4 20       		.byte	0x20
 1370 02d5 00       		.byte	0
 1371 02d6 0F       		.uleb128 0xf
 1372 02d7 810C0000 		.4byte	.LASF48
 1373 02db 0B       		.byte	0xb
 1374 02dc 9601     		.2byte	0x196
 1375 02de 03       		.byte	0x3
 1376 02df 51020000 		.4byte	0x251
 1377 02e3 05       		.uleb128 0x5
 1378 02e4 67010000 		.4byte	.LASF49
 1379 02e8 0C       		.byte	0xc
 1380 02e9 65       		.byte	0x65
 1381 02ea 0F       		.byte	0xf
 1382 02eb 3F020000 		.4byte	0x23f
 1383 02ef 05       		.uleb128 0x5
 1384 02f0 EF0C0000 		.4byte	.LASF50
 1385 02f4 0C       		.byte	0xc
 1386 02f5 6D       		.byte	0x6d
 1387 02f6 12       		.byte	0x12
 1388 02f7 D8000000 		.4byte	0xd8
 1389 02fb 15       		.uleb128 0x15
 1390 02fc 75040000 		.4byte	.LASF51
 1391 0300 04       		.byte	0x4
 1392 0301 0C       		.byte	0xc
 1393 0302 89       		.byte	0x89
 1394 0303 14030000 		.4byte	0x314
 1395 0307 1F       		.uleb128 0x1f
 1396 0308 737000   		.ascii	"sp\000"
 1397 030b 0C       		.byte	0xc
 1398 030c 8A       		.byte	0x8a
 1399 030d 17       		.byte	0x17
 1400 030e 7A040000 		.4byte	0x47a
 1401 0312 00       		.byte	0
 1402 0313 00       		.byte	0
 1403 0314 2A       		.uleb128 0x2a
 1404 0315 EA090000 		.4byte	.LASF52
 1405 0319 64       		.byte	0x64
 1406 031a 03       		.byte	0x3
 1407 031b 6001     		.2byte	0x160
 1408 031d 08       		.byte	0x8
 1409 031e 7A040000 		.4byte	0x47a
 1410 0322 03       		.uleb128 0x3
 1411 0323 73313600 		.ascii	"s16\000"
 1412 0327 03       		.byte	0x3
 1413 0328 6201     		.2byte	0x162
 1414 032a 11       		.byte	0x11
 1415 032b E3020000 		.4byte	0x2e3
 1416 032f 00       		.byte	0
 1417 0330 03       		.uleb128 0x3
 1418 0331 73313700 		.ascii	"s17\000"
 1419 0335 03       		.byte	0x3
 1420 0336 6301     		.2byte	0x163
 1421 0338 11       		.byte	0x11
 1422 0339 E3020000 		.4byte	0x2e3
 1423 033d 04       		.byte	0x4
 1424 033e 03       		.uleb128 0x3
 1425 033f 73313800 		.ascii	"s18\000"
ARM GAS  /tmp/cch1p5GP.s 			page 26


 1426 0343 03       		.byte	0x3
 1427 0344 6401     		.2byte	0x164
 1428 0346 11       		.byte	0x11
 1429 0347 E3020000 		.4byte	0x2e3
 1430 034b 08       		.byte	0x8
 1431 034c 03       		.uleb128 0x3
 1432 034d 73313900 		.ascii	"s19\000"
 1433 0351 03       		.byte	0x3
 1434 0352 6501     		.2byte	0x165
 1435 0354 11       		.byte	0x11
 1436 0355 E3020000 		.4byte	0x2e3
 1437 0359 0C       		.byte	0xc
 1438 035a 03       		.uleb128 0x3
 1439 035b 73323000 		.ascii	"s20\000"
 1440 035f 03       		.byte	0x3
 1441 0360 6601     		.2byte	0x166
 1442 0362 11       		.byte	0x11
 1443 0363 E3020000 		.4byte	0x2e3
 1444 0367 10       		.byte	0x10
 1445 0368 03       		.uleb128 0x3
 1446 0369 73323100 		.ascii	"s21\000"
 1447 036d 03       		.byte	0x3
 1448 036e 6701     		.2byte	0x167
 1449 0370 11       		.byte	0x11
 1450 0371 E3020000 		.4byte	0x2e3
 1451 0375 14       		.byte	0x14
 1452 0376 03       		.uleb128 0x3
 1453 0377 73323200 		.ascii	"s22\000"
 1454 037b 03       		.byte	0x3
 1455 037c 6801     		.2byte	0x168
 1456 037e 11       		.byte	0x11
 1457 037f E3020000 		.4byte	0x2e3
 1458 0383 18       		.byte	0x18
 1459 0384 03       		.uleb128 0x3
 1460 0385 73323300 		.ascii	"s23\000"
 1461 0389 03       		.byte	0x3
 1462 038a 6901     		.2byte	0x169
 1463 038c 11       		.byte	0x11
 1464 038d E3020000 		.4byte	0x2e3
 1465 0391 1C       		.byte	0x1c
 1466 0392 03       		.uleb128 0x3
 1467 0393 73323400 		.ascii	"s24\000"
 1468 0397 03       		.byte	0x3
 1469 0398 6A01     		.2byte	0x16a
 1470 039a 11       		.byte	0x11
 1471 039b E3020000 		.4byte	0x2e3
 1472 039f 20       		.byte	0x20
 1473 03a0 03       		.uleb128 0x3
 1474 03a1 73323500 		.ascii	"s25\000"
 1475 03a5 03       		.byte	0x3
 1476 03a6 6B01     		.2byte	0x16b
 1477 03a8 11       		.byte	0x11
 1478 03a9 E3020000 		.4byte	0x2e3
 1479 03ad 24       		.byte	0x24
 1480 03ae 03       		.uleb128 0x3
 1481 03af 73323600 		.ascii	"s26\000"
 1482 03b3 03       		.byte	0x3
ARM GAS  /tmp/cch1p5GP.s 			page 27


 1483 03b4 6C01     		.2byte	0x16c
 1484 03b6 11       		.byte	0x11
 1485 03b7 E3020000 		.4byte	0x2e3
 1486 03bb 28       		.byte	0x28
 1487 03bc 03       		.uleb128 0x3
 1488 03bd 73323700 		.ascii	"s27\000"
 1489 03c1 03       		.byte	0x3
 1490 03c2 6D01     		.2byte	0x16d
 1491 03c4 11       		.byte	0x11
 1492 03c5 E3020000 		.4byte	0x2e3
 1493 03c9 2C       		.byte	0x2c
 1494 03ca 03       		.uleb128 0x3
 1495 03cb 73323800 		.ascii	"s28\000"
 1496 03cf 03       		.byte	0x3
 1497 03d0 6E01     		.2byte	0x16e
 1498 03d2 11       		.byte	0x11
 1499 03d3 E3020000 		.4byte	0x2e3
 1500 03d7 30       		.byte	0x30
 1501 03d8 03       		.uleb128 0x3
 1502 03d9 73323900 		.ascii	"s29\000"
 1503 03dd 03       		.byte	0x3
 1504 03de 6F01     		.2byte	0x16f
 1505 03e0 11       		.byte	0x11
 1506 03e1 E3020000 		.4byte	0x2e3
 1507 03e5 34       		.byte	0x34
 1508 03e6 03       		.uleb128 0x3
 1509 03e7 73333000 		.ascii	"s30\000"
 1510 03eb 03       		.byte	0x3
 1511 03ec 7001     		.2byte	0x170
 1512 03ee 11       		.byte	0x11
 1513 03ef E3020000 		.4byte	0x2e3
 1514 03f3 38       		.byte	0x38
 1515 03f4 03       		.uleb128 0x3
 1516 03f5 73333100 		.ascii	"s31\000"
 1517 03f9 03       		.byte	0x3
 1518 03fa 7101     		.2byte	0x171
 1519 03fc 11       		.byte	0x11
 1520 03fd E3020000 		.4byte	0x2e3
 1521 0401 3C       		.byte	0x3c
 1522 0402 03       		.uleb128 0x3
 1523 0403 723400   		.ascii	"r4\000"
 1524 0406 03       		.byte	0x3
 1525 0407 7301     		.2byte	0x173
 1526 0409 11       		.byte	0x11
 1527 040a E3020000 		.4byte	0x2e3
 1528 040e 40       		.byte	0x40
 1529 040f 03       		.uleb128 0x3
 1530 0410 723500   		.ascii	"r5\000"
 1531 0413 03       		.byte	0x3
 1532 0414 7401     		.2byte	0x174
 1533 0416 11       		.byte	0x11
 1534 0417 E3020000 		.4byte	0x2e3
 1535 041b 44       		.byte	0x44
 1536 041c 03       		.uleb128 0x3
 1537 041d 723600   		.ascii	"r6\000"
 1538 0420 03       		.byte	0x3
 1539 0421 7501     		.2byte	0x175
ARM GAS  /tmp/cch1p5GP.s 			page 28


 1540 0423 11       		.byte	0x11
 1541 0424 E3020000 		.4byte	0x2e3
 1542 0428 48       		.byte	0x48
 1543 0429 03       		.uleb128 0x3
 1544 042a 723700   		.ascii	"r7\000"
 1545 042d 03       		.byte	0x3
 1546 042e 7601     		.2byte	0x176
 1547 0430 11       		.byte	0x11
 1548 0431 E3020000 		.4byte	0x2e3
 1549 0435 4C       		.byte	0x4c
 1550 0436 03       		.uleb128 0x3
 1551 0437 723800   		.ascii	"r8\000"
 1552 043a 03       		.byte	0x3
 1553 043b 7701     		.2byte	0x177
 1554 043d 11       		.byte	0x11
 1555 043e E3020000 		.4byte	0x2e3
 1556 0442 50       		.byte	0x50
 1557 0443 03       		.uleb128 0x3
 1558 0444 723900   		.ascii	"r9\000"
 1559 0447 03       		.byte	0x3
 1560 0448 7801     		.2byte	0x178
 1561 044a 11       		.byte	0x11
 1562 044b E3020000 		.4byte	0x2e3
 1563 044f 54       		.byte	0x54
 1564 0450 03       		.uleb128 0x3
 1565 0451 72313000 		.ascii	"r10\000"
 1566 0455 03       		.byte	0x3
 1567 0456 7901     		.2byte	0x179
 1568 0458 11       		.byte	0x11
 1569 0459 E3020000 		.4byte	0x2e3
 1570 045d 58       		.byte	0x58
 1571 045e 03       		.uleb128 0x3
 1572 045f 72313100 		.ascii	"r11\000"
 1573 0463 03       		.byte	0x3
 1574 0464 7A01     		.2byte	0x17a
 1575 0466 11       		.byte	0x11
 1576 0467 E3020000 		.4byte	0x2e3
 1577 046b 5C       		.byte	0x5c
 1578 046c 03       		.uleb128 0x3
 1579 046d 6C7200   		.ascii	"lr\000"
 1580 0470 03       		.byte	0x3
 1581 0471 7B01     		.2byte	0x17b
 1582 0473 11       		.byte	0x11
 1583 0474 E3020000 		.4byte	0x2e3
 1584 0478 60       		.byte	0x60
 1585 0479 00       		.byte	0
 1586 047a 0B       		.uleb128 0xb
 1587 047b 14030000 		.4byte	0x314
 1588 047f 2B       		.uleb128 0x2b
 1589 0480 04       		.byte	0x4
 1590 0481 0A       		.byte	0xa
 1591 0482 D2       		.byte	0xd2
 1592 0483 03       		.byte	0x3
 1593 0484 B5040000 		.4byte	0x4b5
 1594 0488 17       		.uleb128 0x17
 1595 0489 E8050000 		.4byte	.LASF53
 1596 048d D9       		.byte	0xd9
ARM GAS  /tmp/cch1p5GP.s 			page 29


 1597 048e 19       		.byte	0x19
 1598 048f 14010000 		.4byte	0x114
 1599 0493 17       		.uleb128 0x17
 1600 0494 B10D0000 		.4byte	.LASF54
 1601 0498 E0       		.byte	0xe0
 1602 0499 19       		.byte	0x19
 1603 049a 14010000 		.4byte	0x114
 1604 049e 17       		.uleb128 0x17
 1605 049f 50020000 		.4byte	.LASF55
 1606 04a3 E7       		.byte	0xe7
 1607 04a4 1A       		.byte	0x1a
 1608 04a5 3F020000 		.4byte	0x23f
 1609 04a9 17       		.uleb128 0x17
 1610 04aa 960D0000 		.4byte	.LASF56
 1611 04ae EE       		.byte	0xee
 1612 04af 1A       		.byte	0x1a
 1613 04b0 B5040000 		.4byte	0x4b5
 1614 04b4 00       		.byte	0
 1615 04b5 0B       		.uleb128 0xb
 1616 04b6 D8010000 		.4byte	0x1d8
 1617 04ba 0B       		.uleb128 0xb
 1618 04bb C6040000 		.4byte	0x4c6
 1619 04bf 07       		.uleb128 0x7
 1620 04c0 01       		.byte	0x1
 1621 04c1 08       		.byte	0x8
 1622 04c2 F3060000 		.4byte	.LASF57
 1623 04c6 1C       		.uleb128 0x1c
 1624 04c7 BF040000 		.4byte	0x4bf
 1625 04cb 0B       		.uleb128 0xb
 1626 04cc EF020000 		.4byte	0x2ef
 1627 04d0 07       		.uleb128 0x7
 1628 04d1 01       		.byte	0x1
 1629 04d2 02       		.byte	0x2
 1630 04d3 3C060000 		.4byte	.LASF58
 1631 04d7 08       		.uleb128 0x8
 1632 04d8 A1000000 		.4byte	0xa1
 1633 04dc E7040000 		.4byte	0x4e7
 1634 04e0 06       		.uleb128 0x6
 1635 04e1 2D000000 		.4byte	0x2d
 1636 04e5 03       		.byte	0x3
 1637 04e6 00       		.byte	0
 1638 04e7 05       		.uleb128 0x5
 1639 04e8 3E0D0000 		.4byte	.LASF59
 1640 04ec 0D       		.byte	0xd
 1641 04ed 9C       		.byte	0x9c
 1642 04ee 12       		.byte	0x12
 1643 04ef D8000000 		.4byte	0xd8
 1644 04f3 11       		.uleb128 0x11
 1645 04f4 4E0D0000 		.4byte	.LASF61
 1646 04f8 0301     		.2byte	0x103
 1647 04fa 10       		.byte	0x10
 1648 04fb E7040000 		.4byte	0x4e7
 1649 04ff 07       		.uleb128 0x7
 1650 0500 04       		.byte	0x4
 1651 0501 04       		.byte	0x4
 1652 0502 E1030000 		.4byte	.LASF60
 1653 0506 11       		.uleb128 0x11
ARM GAS  /tmp/cch1p5GP.s 			page 30


 1654 0507 AB0C0000 		.4byte	.LASF62
 1655 050b 7401     		.2byte	0x174
 1656 050d 10       		.byte	0x10
 1657 050e A1000000 		.4byte	0xa1
 1658 0512 11       		.uleb128 0x11
 1659 0513 69050000 		.4byte	.LASF63
 1660 0517 9001     		.2byte	0x190
 1661 0519 0F       		.byte	0xf
 1662 051a E7040000 		.4byte	0x4e7
 1663 051e 20       		.uleb128 0x20
 1664 051f 6D090000 		.4byte	.LASF64
 1665 0523 680C     		.2byte	0xc68
 1666 0525 3103     		.2byte	0x331
 1667 0527 AC080000 		.4byte	0x8ac
 1668 052b 02       		.uleb128 0x2
 1669 052c 030B0000 		.4byte	.LASF65
 1670 0530 0D       		.byte	0xd
 1671 0531 3203     		.2byte	0x332
 1672 0533 0B       		.byte	0xb
 1673 0534 82000000 		.4byte	0x82
 1674 0538 00       		.byte	0
 1675 0539 02       		.uleb128 0x2
 1676 053a C9010000 		.4byte	.LASF66
 1677 053e 0D       		.byte	0xd
 1678 053f 3303     		.2byte	0x333
 1679 0541 0C       		.byte	0xc
 1680 0542 C0000000 		.4byte	0xc0
 1681 0546 04       		.byte	0x4
 1682 0547 02       		.uleb128 0x2
 1683 0548 75050000 		.4byte	.LASF67
 1684 054c 0D       		.byte	0xd
 1685 054d 3403     		.2byte	0x334
 1686 054f 0C       		.byte	0xc
 1687 0550 AC080000 		.4byte	0x8ac
 1688 0554 08       		.byte	0x8
 1689 0555 02       		.uleb128 0x2
 1690 0556 33020000 		.4byte	.LASF68
 1691 055a 0D       		.byte	0xd
 1692 055b 3503     		.2byte	0x335
 1693 055d 0C       		.byte	0xc
 1694 055e BC080000 		.4byte	0x8bc
 1695 0562 48       		.byte	0x48
 1696 0563 02       		.uleb128 0x2
 1697 0564 7E0B0000 		.4byte	.LASF69
 1698 0568 0D       		.byte	0xd
 1699 0569 3603     		.2byte	0x336
 1700 056b 0C       		.byte	0xc
 1701 056c C0000000 		.4byte	0xc0
 1702 0570 50       		.byte	0x50
 1703 0571 02       		.uleb128 0x2
 1704 0572 8D020000 		.4byte	.LASF70
 1705 0576 0D       		.byte	0xd
 1706 0577 3703     		.2byte	0x337
 1707 0579 0C       		.byte	0xc
 1708 057a B4000000 		.4byte	0xb4
 1709 057e 54       		.byte	0x54
 1710 057f 02       		.uleb128 0x2
ARM GAS  /tmp/cch1p5GP.s 			page 31


 1711 0580 C2060000 		.4byte	.LASF71
 1712 0584 0D       		.byte	0xd
 1713 0585 3803     		.2byte	0x338
 1714 0587 0C       		.byte	0xc
 1715 0588 B4000000 		.4byte	0xb4
 1716 058c 56       		.byte	0x56
 1717 058d 02       		.uleb128 0x2
 1718 058e A5090000 		.4byte	.LASF72
 1719 0592 0D       		.byte	0xd
 1720 0593 3903     		.2byte	0x339
 1721 0595 0E       		.byte	0xe
 1722 0596 6F000000 		.4byte	0x6f
 1723 059a 58       		.byte	0x58
 1724 059b 02       		.uleb128 0x2
 1725 059c 7C030000 		.4byte	.LASF73
 1726 05a0 0D       		.byte	0xd
 1727 05a1 3A03     		.2byte	0x33a
 1728 05a3 09       		.byte	0x9
 1729 05a4 FF040000 		.4byte	0x4ff
 1730 05a8 5C       		.byte	0x5c
 1731 05a9 02       		.uleb128 0x2
 1732 05aa E7030000 		.4byte	.LASF74
 1733 05ae 0D       		.byte	0xd
 1734 05af 3B03     		.2byte	0x33b
 1735 05b1 09       		.byte	0x9
 1736 05b2 FF040000 		.4byte	0x4ff
 1737 05b6 60       		.byte	0x60
 1738 05b7 02       		.uleb128 0x2
 1739 05b8 F8040000 		.4byte	.LASF75
 1740 05bc 0D       		.byte	0xd
 1741 05bd 3C03     		.2byte	0x33c
 1742 05bf 09       		.byte	0x9
 1743 05c0 FF040000 		.4byte	0x4ff
 1744 05c4 64       		.byte	0x64
 1745 05c5 02       		.uleb128 0x2
 1746 05c6 1A0A0000 		.4byte	.LASF76
 1747 05ca 0D       		.byte	0xd
 1748 05cb 3D03     		.2byte	0x33d
 1749 05cd 09       		.byte	0x9
 1750 05ce FF040000 		.4byte	0x4ff
 1751 05d2 68       		.byte	0x68
 1752 05d3 02       		.uleb128 0x2
 1753 05d4 67020000 		.4byte	.LASF77
 1754 05d8 0D       		.byte	0xd
 1755 05d9 3E03     		.2byte	0x33e
 1756 05db 09       		.byte	0x9
 1757 05dc FF040000 		.4byte	0x4ff
 1758 05e0 6C       		.byte	0x6c
 1759 05e1 02       		.uleb128 0x2
 1760 05e2 450B0000 		.4byte	.LASF78
 1761 05e6 0D       		.byte	0xd
 1762 05e7 4003     		.2byte	0x340
 1763 05e9 09       		.byte	0x9
 1764 05ea FF040000 		.4byte	0x4ff
 1765 05ee 70       		.byte	0x70
 1766 05ef 02       		.uleb128 0x2
 1767 05f0 2D0D0000 		.4byte	.LASF79
ARM GAS  /tmp/cch1p5GP.s 			page 32


 1768 05f4 0D       		.byte	0xd
 1769 05f5 4103     		.2byte	0x341
 1770 05f7 09       		.byte	0x9
 1771 05f8 FF040000 		.4byte	0x4ff
 1772 05fc 74       		.byte	0x74
 1773 05fd 02       		.uleb128 0x2
 1774 05fe 34050000 		.4byte	.LASF80
 1775 0602 0D       		.byte	0xd
 1776 0603 4203     		.2byte	0x342
 1777 0605 09       		.byte	0x9
 1778 0606 FF040000 		.4byte	0x4ff
 1779 060a 78       		.byte	0x78
 1780 060b 02       		.uleb128 0x2
 1781 060c BA0D0000 		.4byte	.LASF81
 1782 0610 0D       		.byte	0xd
 1783 0611 4303     		.2byte	0x343
 1784 0613 09       		.byte	0x9
 1785 0614 FF040000 		.4byte	0x4ff
 1786 0618 7C       		.byte	0x7c
 1787 0619 02       		.uleb128 0x2
 1788 061a 570A0000 		.4byte	.LASF82
 1789 061e 0D       		.byte	0xd
 1790 061f 4403     		.2byte	0x344
 1791 0621 09       		.byte	0x9
 1792 0622 FF040000 		.4byte	0x4ff
 1793 0626 80       		.byte	0x80
 1794 0627 02       		.uleb128 0x2
 1795 0628 71060000 		.4byte	.LASF83
 1796 062c 0D       		.byte	0xd
 1797 062d 4503     		.2byte	0x345
 1798 062f 09       		.byte	0x9
 1799 0630 FF040000 		.4byte	0x4ff
 1800 0634 84       		.byte	0x84
 1801 0635 02       		.uleb128 0x2
 1802 0636 B0050000 		.4byte	.LASF84
 1803 063a 0D       		.byte	0xd
 1804 063b 4603     		.2byte	0x346
 1805 063d 09       		.byte	0x9
 1806 063e FF040000 		.4byte	0x4ff
 1807 0642 88       		.byte	0x88
 1808 0643 02       		.uleb128 0x2
 1809 0644 D9040000 		.4byte	.LASF85
 1810 0648 0D       		.byte	0xd
 1811 0649 4703     		.2byte	0x347
 1812 064b 09       		.byte	0x9
 1813 064c FF040000 		.4byte	0x4ff
 1814 0650 8C       		.byte	0x8c
 1815 0651 02       		.uleb128 0x2
 1816 0652 42060000 		.4byte	.LASF86
 1817 0656 0D       		.byte	0xd
 1818 0657 4803     		.2byte	0x348
 1819 0659 09       		.byte	0x9
 1820 065a FF040000 		.4byte	0x4ff
 1821 065e 90       		.byte	0x90
 1822 065f 02       		.uleb128 0x2
 1823 0660 1A020000 		.4byte	.LASF87
 1824 0664 0D       		.byte	0xd
ARM GAS  /tmp/cch1p5GP.s 			page 33


 1825 0665 4903     		.2byte	0x349
 1826 0667 09       		.byte	0x9
 1827 0668 FF040000 		.4byte	0x4ff
 1828 066c 94       		.byte	0x94
 1829 066d 02       		.uleb128 0x2
 1830 066e 86050000 		.4byte	.LASF88
 1831 0672 0D       		.byte	0xd
 1832 0673 4A03     		.2byte	0x34a
 1833 0675 09       		.byte	0x9
 1834 0676 FF040000 		.4byte	0x4ff
 1835 067a 98       		.byte	0x98
 1836 067b 02       		.uleb128 0x2
 1837 067c 61040000 		.4byte	.LASF89
 1838 0680 0D       		.byte	0xd
 1839 0681 4B03     		.2byte	0x34b
 1840 0683 09       		.byte	0x9
 1841 0684 FF040000 		.4byte	0x4ff
 1842 0688 9C       		.byte	0x9c
 1843 0689 02       		.uleb128 0x2
 1844 068a 4D040000 		.4byte	.LASF90
 1845 068e 0D       		.byte	0xd
 1846 068f 4C03     		.2byte	0x34c
 1847 0691 09       		.byte	0x9
 1848 0692 FF040000 		.4byte	0x4ff
 1849 0696 A0       		.byte	0xa0
 1850 0697 02       		.uleb128 0x2
 1851 0698 88080000 		.4byte	.LASF91
 1852 069c 0D       		.byte	0xd
 1853 069d 4D03     		.2byte	0x34d
 1854 069f 09       		.byte	0x9
 1855 06a0 FF040000 		.4byte	0x4ff
 1856 06a4 A4       		.byte	0xa4
 1857 06a5 02       		.uleb128 0x2
 1858 06a6 A60A0000 		.4byte	.LASF92
 1859 06aa 0D       		.byte	0xd
 1860 06ab 4E03     		.2byte	0x34e
 1861 06ad 09       		.byte	0x9
 1862 06ae FF040000 		.4byte	0x4ff
 1863 06b2 A8       		.byte	0xa8
 1864 06b3 02       		.uleb128 0x2
 1865 06b4 DD020000 		.4byte	.LASF93
 1866 06b8 0D       		.byte	0xd
 1867 06b9 4F03     		.2byte	0x34f
 1868 06bb 09       		.byte	0x9
 1869 06bc FF040000 		.4byte	0x4ff
 1870 06c0 AC       		.byte	0xac
 1871 06c1 02       		.uleb128 0x2
 1872 06c2 BE0A0000 		.4byte	.LASF94
 1873 06c6 0D       		.byte	0xd
 1874 06c7 5003     		.2byte	0x350
 1875 06c9 09       		.byte	0x9
 1876 06ca FF040000 		.4byte	0x4ff
 1877 06ce B0       		.byte	0xb0
 1878 06cf 02       		.uleb128 0x2
 1879 06d0 56060000 		.4byte	.LASF95
 1880 06d4 0D       		.byte	0xd
 1881 06d5 5103     		.2byte	0x351
ARM GAS  /tmp/cch1p5GP.s 			page 34


 1882 06d7 09       		.byte	0x9
 1883 06d8 FF040000 		.4byte	0x4ff
 1884 06dc B4       		.byte	0xb4
 1885 06dd 02       		.uleb128 0x2
 1886 06de 90090000 		.4byte	.LASF96
 1887 06e2 0D       		.byte	0xd
 1888 06e3 5403     		.2byte	0x354
 1889 06e5 09       		.byte	0x9
 1890 06e6 FF040000 		.4byte	0x4ff
 1891 06ea B8       		.byte	0xb8
 1892 06eb 02       		.uleb128 0x2
 1893 06ec BC0C0000 		.4byte	.LASF97
 1894 06f0 0D       		.byte	0xd
 1895 06f1 5603     		.2byte	0x356
 1896 06f3 0A       		.byte	0xa
 1897 06f4 CC080000 		.4byte	0x8cc
 1898 06f8 BC       		.byte	0xbc
 1899 06f9 01       		.uleb128 0x1
 1900 06fa 0B0E0000 		.4byte	.LASF98
 1901 06fe 5703     		.2byte	0x357
 1902 0700 0A       		.byte	0xa
 1903 0701 E2080000 		.4byte	0x8e2
 1904 0705 7C04     		.2byte	0x47c
 1905 0707 01       		.uleb128 0x1
 1906 0708 AD080000 		.4byte	.LASF99
 1907 070c 5903     		.2byte	0x359
 1908 070e 0B       		.byte	0xb
 1909 070f E7040000 		.4byte	0x4e7
 1910 0713 FC0B     		.2byte	0xbfc
 1911 0715 01       		.uleb128 0x1
 1912 0716 B8060000 		.4byte	.LASF100
 1913 071a 5E03     		.2byte	0x35e
 1914 071c 0C       		.byte	0xc
 1915 071d B4000000 		.4byte	0xb4
 1916 0721 040C     		.2byte	0xc04
 1917 0723 01       		.uleb128 0x1
 1918 0724 25070000 		.4byte	.LASF101
 1919 0728 5F03     		.2byte	0x35f
 1920 072a 0C       		.byte	0xc
 1921 072b B4000000 		.4byte	0xb4
 1922 072f 060C     		.2byte	0xc06
 1923 0731 01       		.uleb128 0x1
 1924 0732 E70A0000 		.4byte	.LASF102
 1925 0736 6103     		.2byte	0x361
 1926 0738 0A       		.byte	0xa
 1927 0739 E7040000 		.4byte	0x4e7
 1928 073d 080C     		.2byte	0xc08
 1929 073f 01       		.uleb128 0x1
 1930 0740 F50A0000 		.4byte	.LASF103
 1931 0744 6203     		.2byte	0x362
 1932 0746 0A       		.byte	0xa
 1933 0747 E7040000 		.4byte	0x4e7
 1934 074b 100C     		.2byte	0xc10
 1935 074d 01       		.uleb128 0x1
 1936 074e 69050000 		.4byte	.LASF63
 1937 0752 6503     		.2byte	0x365
 1938 0754 0A       		.byte	0xa
ARM GAS  /tmp/cch1p5GP.s 			page 35


 1939 0755 E7040000 		.4byte	0x4e7
 1940 0759 180C     		.2byte	0xc18
 1941 075b 01       		.uleb128 0x1
 1942 075c F4020000 		.4byte	.LASF104
 1943 0760 6603     		.2byte	0x366
 1944 0762 0A       		.byte	0xa
 1945 0763 E7040000 		.4byte	0x4e7
 1946 0767 200C     		.2byte	0xc20
 1947 0769 01       		.uleb128 0x1
 1948 076a 43030000 		.4byte	.LASF105
 1949 076e 6703     		.2byte	0x367
 1950 0770 0A       		.byte	0xa
 1951 0771 E7040000 		.4byte	0x4e7
 1952 0775 280C     		.2byte	0xc28
 1953 0777 01       		.uleb128 0x1
 1954 0778 DE0B0000 		.4byte	.LASF106
 1955 077c 6803     		.2byte	0x368
 1956 077e 0A       		.byte	0xa
 1957 077f E7040000 		.4byte	0x4e7
 1958 0783 300C     		.2byte	0xc30
 1959 0785 01       		.uleb128 0x1
 1960 0786 89070000 		.4byte	.LASF107
 1961 078a 6903     		.2byte	0x369
 1962 078c 0A       		.byte	0xa
 1963 078d E7040000 		.4byte	0x4e7
 1964 0791 380C     		.2byte	0xc38
 1965 0793 01       		.uleb128 0x1
 1966 0794 6F0D0000 		.4byte	.LASF108
 1967 0798 6A03     		.2byte	0x36a
 1968 079a 0D       		.byte	0xd
 1969 079b 5C000000 		.4byte	0x5c
 1970 079f 400C     		.2byte	0xc40
 1971 07a1 01       		.uleb128 0x1
 1972 07a2 820D0000 		.4byte	.LASF109
 1973 07a6 6C03     		.2byte	0x36c
 1974 07a8 0D       		.byte	0xd
 1975 07a9 A1000000 		.4byte	0xa1
 1976 07ad 410C     		.2byte	0xc41
 1977 07af 01       		.uleb128 0x1
 1978 07b0 24080000 		.4byte	.LASF110
 1979 07b4 6D03     		.2byte	0x36d
 1980 07b6 0D       		.byte	0xd
 1981 07b7 A1000000 		.4byte	0xa1
 1982 07bb 420C     		.2byte	0xc42
 1983 07bd 01       		.uleb128 0x1
 1984 07be 05070000 		.4byte	.LASF111
 1985 07c2 6E03     		.2byte	0x36e
 1986 07c4 0D       		.byte	0xd
 1987 07c5 A1000000 		.4byte	0xa1
 1988 07c9 430C     		.2byte	0xc43
 1989 07cb 01       		.uleb128 0x1
 1990 07cc 5E0D0000 		.4byte	.LASF112
 1991 07d0 6F03     		.2byte	0x36f
 1992 07d2 0D       		.byte	0xd
 1993 07d3 5C000000 		.4byte	0x5c
 1994 07d7 440C     		.2byte	0xc44
 1995 07d9 01       		.uleb128 0x1
ARM GAS  /tmp/cch1p5GP.s 			page 36


 1996 07da DC060000 		.4byte	.LASF113
 1997 07de 7003     		.2byte	0x370
 1998 07e0 0D       		.byte	0xd
 1999 07e1 5C000000 		.4byte	0x5c
 2000 07e5 450C     		.2byte	0xc45
 2001 07e7 01       		.uleb128 0x1
 2002 07e8 0F060000 		.4byte	.LASF114
 2003 07ec 7203     		.2byte	0x372
 2004 07ee 0D       		.byte	0xd
 2005 07ef 5C000000 		.4byte	0x5c
 2006 07f3 460C     		.2byte	0xc46
 2007 07f5 01       		.uleb128 0x1
 2008 07f6 18060000 		.4byte	.LASF115
 2009 07fa 7303     		.2byte	0x373
 2010 07fc 0D       		.byte	0xd
 2011 07fd 5C000000 		.4byte	0x5c
 2012 0801 470C     		.2byte	0xc47
 2013 0803 01       		.uleb128 0x1
 2014 0804 E5080000 		.4byte	.LASF116
 2015 0808 7503     		.2byte	0x375
 2016 080a 0C       		.byte	0xc
 2017 080b A1000000 		.4byte	0xa1
 2018 080f 480C     		.2byte	0xc48
 2019 0811 01       		.uleb128 0x1
 2020 0812 F2070000 		.4byte	.LASF117
 2021 0816 7903     		.2byte	0x379
 2022 0818 0B       		.byte	0xb
 2023 0819 A1000000 		.4byte	0xa1
 2024 081d 490C     		.2byte	0xc49
 2025 081f 01       		.uleb128 0x1
 2026 0820 E80C0000 		.4byte	.LASF118
 2027 0824 7B03     		.2byte	0x37b
 2028 0826 0E       		.byte	0xe
 2029 0827 A1000000 		.4byte	0xa1
 2030 082b 4A0C     		.2byte	0xc4a
 2031 082d 01       		.uleb128 0x1
 2032 082e F7070000 		.4byte	.LASF119
 2033 0832 7E03     		.2byte	0x37e
 2034 0834 0B       		.byte	0xb
 2035 0835 A1000000 		.4byte	0xa1
 2036 0839 4B0C     		.2byte	0xc4b
 2037 083b 01       		.uleb128 0x1
 2038 083c 26030000 		.4byte	.LASF120
 2039 0840 7F03     		.2byte	0x37f
 2040 0842 0B       		.byte	0xb
 2041 0843 A1000000 		.4byte	0xa1
 2042 0847 4C0C     		.2byte	0xc4c
 2043 0849 01       		.uleb128 0x1
 2044 084a 1C050000 		.4byte	.LASF121
 2045 084e 8003     		.2byte	0x380
 2046 0850 0B       		.byte	0xb
 2047 0851 A1000000 		.4byte	0xa1
 2048 0855 4D0C     		.2byte	0xc4d
 2049 0857 01       		.uleb128 0x1
 2050 0858 010C0000 		.4byte	.LASF122
 2051 085c 8303     		.2byte	0x383
 2052 085e 0B       		.byte	0xb
ARM GAS  /tmp/cch1p5GP.s 			page 37


 2053 085f A1000000 		.4byte	0xa1
 2054 0863 4E0C     		.2byte	0xc4e
 2055 0865 01       		.uleb128 0x1
 2056 0866 7C0A0000 		.4byte	.LASF123
 2057 086a 8503     		.2byte	0x385
 2058 086c 09       		.byte	0x9
 2059 086d FF040000 		.4byte	0x4ff
 2060 0871 500C     		.2byte	0xc50
 2061 0873 01       		.uleb128 0x1
 2062 0874 9C040000 		.4byte	.LASF124
 2063 0878 8603     		.2byte	0x386
 2064 087a 09       		.byte	0x9
 2065 087b FF040000 		.4byte	0x4ff
 2066 087f 540C     		.2byte	0xc54
 2067 0881 01       		.uleb128 0x1
 2068 0882 9C0C0000 		.4byte	.LASF125
 2069 0886 8703     		.2byte	0x387
 2070 0888 0D       		.byte	0xd
 2071 0889 6F000000 		.4byte	0x6f
 2072 088d 580C     		.2byte	0xc58
 2073 088f 01       		.uleb128 0x1
 2074 0890 2E050000 		.4byte	.LASF126
 2075 0894 8803     		.2byte	0x388
 2076 0896 0F       		.byte	0xf
 2077 0897 C0000000 		.4byte	0xc0
 2078 089b 5C0C     		.2byte	0xc5c
 2079 089d 01       		.uleb128 0x1
 2080 089e F9030000 		.4byte	.LASF127
 2081 08a2 8A03     		.2byte	0x38a
 2082 08a4 0A       		.byte	0xa
 2083 08a5 E7040000 		.4byte	0x4e7
 2084 08a9 600C     		.2byte	0xc60
 2085 08ab 00       		.byte	0
 2086 08ac 08       		.uleb128 0x8
 2087 08ad B4000000 		.4byte	0xb4
 2088 08b1 BC080000 		.4byte	0x8bc
 2089 08b5 06       		.uleb128 0x6
 2090 08b6 2D000000 		.4byte	0x2d
 2091 08ba 1F       		.byte	0x1f
 2092 08bb 00       		.byte	0
 2093 08bc 08       		.uleb128 0x8
 2094 08bd 6F000000 		.4byte	0x6f
 2095 08c1 CC080000 		.4byte	0x8cc
 2096 08c5 06       		.uleb128 0x6
 2097 08c6 2D000000 		.4byte	0x2d
 2098 08ca 03       		.byte	0x3
 2099 08cb 00       		.byte	0
 2100 08cc 08       		.uleb128 0x8
 2101 08cd FF040000 		.4byte	0x4ff
 2102 08d1 E2080000 		.4byte	0x8e2
 2103 08d5 06       		.uleb128 0x6
 2104 08d6 2D000000 		.4byte	0x2d
 2105 08da 0B       		.byte	0xb
 2106 08db 06       		.uleb128 0x6
 2107 08dc 2D000000 		.4byte	0x2d
 2108 08e0 13       		.byte	0x13
 2109 08e1 00       		.byte	0
ARM GAS  /tmp/cch1p5GP.s 			page 38


 2110 08e2 08       		.uleb128 0x8
 2111 08e3 E7040000 		.4byte	0x4e7
 2112 08e7 F8080000 		.4byte	0x8f8
 2113 08eb 06       		.uleb128 0x6
 2114 08ec 2D000000 		.4byte	0x2d
 2115 08f0 0B       		.byte	0xb
 2116 08f1 06       		.uleb128 0x6
 2117 08f2 2D000000 		.4byte	0x2d
 2118 08f6 13       		.byte	0x13
 2119 08f7 00       		.byte	0
 2120 08f8 0F       		.uleb128 0xf
 2121 08f9 A20D0000 		.4byte	.LASF128
 2122 08fd 0D       		.byte	0xd
 2123 08fe 8B03     		.2byte	0x38b
 2124 0900 03       		.byte	0x3
 2125 0901 1E050000 		.4byte	0x51e
 2126 0905 1C       		.uleb128 0x1c
 2127 0906 F8080000 		.4byte	0x8f8
 2128 090a 11       		.uleb128 0x11
 2129 090b 6D090000 		.4byte	.LASF64
 2130 090f 8E03     		.2byte	0x38e
 2131 0911 11       		.byte	0x11
 2132 0912 F8080000 		.4byte	0x8f8
 2133 0916 16       		.uleb128 0x16
 2134 0917 10       		.byte	0x10
 2135 0918 0D       		.byte	0xd
 2136 0919 B903     		.2byte	0x3b9
 2137 091b 74090000 		.4byte	0x974
 2138 091f 02       		.uleb128 0x2
 2139 0920 09060000 		.4byte	.LASF129
 2140 0924 0D       		.byte	0xd
 2141 0925 BA03     		.2byte	0x3ba
 2142 0927 0B       		.byte	0xb
 2143 0928 A1000000 		.4byte	0xa1
 2144 092c 00       		.byte	0
 2145 092d 02       		.uleb128 0x2
 2146 092e 9D090000 		.4byte	.LASF130
 2147 0932 0D       		.byte	0xd
 2148 0933 BB03     		.2byte	0x3bb
 2149 0935 0B       		.byte	0xb
 2150 0936 A1000000 		.4byte	0xa1
 2151 093a 01       		.byte	0x1
 2152 093b 03       		.uleb128 0x3
 2153 093c 72656600 		.ascii	"ref\000"
 2154 0940 0D       		.byte	0xd
 2155 0941 BC03     		.2byte	0x3bc
 2156 0943 0B       		.byte	0xb
 2157 0944 A1000000 		.4byte	0xa1
 2158 0948 02       		.byte	0x2
 2159 0949 02       		.uleb128 0x2
 2160 094a 8A040000 		.4byte	.LASF131
 2161 094e 0D       		.byte	0xd
 2162 094f BD03     		.2byte	0x3bd
 2163 0951 0B       		.byte	0xb
 2164 0952 A1000000 		.4byte	0xa1
 2165 0956 03       		.byte	0x3
 2166 0957 02       		.uleb128 0x2
ARM GAS  /tmp/cch1p5GP.s 			page 39


 2167 0958 28040000 		.4byte	.LASF132
 2168 095c 0D       		.byte	0xd
 2169 095d BE03     		.2byte	0x3be
 2170 095f 0B       		.byte	0xb
 2171 0960 6F000000 		.4byte	0x6f
 2172 0964 04       		.byte	0x4
 2173 0965 02       		.uleb128 0x2
 2174 0966 430C0000 		.4byte	.LASF133
 2175 096a 0D       		.byte	0xd
 2176 096b BF03     		.2byte	0x3bf
 2177 096d 0A       		.byte	0xa
 2178 096e E7040000 		.4byte	0x4e7
 2179 0972 08       		.byte	0x8
 2180 0973 00       		.byte	0
 2181 0974 0F       		.uleb128 0xf
 2182 0975 2E070000 		.4byte	.LASF134
 2183 0979 0D       		.byte	0xd
 2184 097a C003     		.2byte	0x3c0
 2185 097c 03       		.byte	0x3
 2186 097d 16090000 		.4byte	0x916
 2187 0981 16       		.uleb128 0x16
 2188 0982 18       		.byte	0x18
 2189 0983 0D       		.byte	0xd
 2190 0984 C903     		.2byte	0x3c9
 2191 0986 C3090000 		.4byte	0x9c3
 2192 098a 02       		.uleb128 0x2
 2193 098b 9D090000 		.4byte	.LASF130
 2194 098f 0D       		.byte	0xd
 2195 0990 CA03     		.2byte	0x3ca
 2196 0992 0B       		.byte	0xb
 2197 0993 A1000000 		.4byte	0xa1
 2198 0997 00       		.byte	0
 2199 0998 02       		.uleb128 0x2
 2200 0999 61020000 		.4byte	.LASF135
 2201 099d 0D       		.byte	0xd
 2202 099e CB03     		.2byte	0x3cb
 2203 09a0 09       		.byte	0x9
 2204 09a1 FF040000 		.4byte	0x4ff
 2205 09a5 04       		.byte	0x4
 2206 09a6 02       		.uleb128 0x2
 2207 09a7 430C0000 		.4byte	.LASF133
 2208 09ab 0D       		.byte	0xd
 2209 09ac CC03     		.2byte	0x3cc
 2210 09ae 0A       		.byte	0xa
 2211 09af E7040000 		.4byte	0x4e7
 2212 09b3 08       		.byte	0x8
 2213 09b4 02       		.uleb128 0x2
 2214 09b5 28040000 		.4byte	.LASF132
 2215 09b9 0D       		.byte	0xd
 2216 09ba CD03     		.2byte	0x3cd
 2217 09bc 0B       		.byte	0xb
 2218 09bd 6F000000 		.4byte	0x6f
 2219 09c1 10       		.byte	0x10
 2220 09c2 00       		.byte	0
 2221 09c3 0F       		.uleb128 0xf
 2222 09c4 42090000 		.4byte	.LASF136
 2223 09c8 0D       		.byte	0xd
ARM GAS  /tmp/cch1p5GP.s 			page 40


 2224 09c9 CE03     		.2byte	0x3ce
 2225 09cb 03       		.byte	0x3
 2226 09cc 81090000 		.4byte	0x981
 2227 09d0 16       		.uleb128 0x16
 2228 09d1 30       		.byte	0x30
 2229 09d2 0D       		.byte	0xd
 2230 09d3 CA04     		.2byte	0x4ca
 2231 09d5 3C0A0000 		.4byte	0xa3c
 2232 09d9 02       		.uleb128 0x2
 2233 09da CF0A0000 		.4byte	.LASF30
 2234 09de 0D       		.byte	0xd
 2235 09df CB04     		.2byte	0x4cb
 2236 09e1 0D       		.byte	0xd
 2237 09e2 3C0A0000 		.4byte	0xa3c
 2238 09e6 00       		.byte	0
 2239 09e7 02       		.uleb128 0x2
 2240 09e8 9D090000 		.4byte	.LASF130
 2241 09ec 0D       		.byte	0xd
 2242 09ed CC04     		.2byte	0x4cc
 2243 09ef 0D       		.byte	0xd
 2244 09f0 D0040000 		.4byte	0x4d0
 2245 09f4 09       		.byte	0x9
 2246 09f5 02       		.uleb128 0x2
 2247 09f6 D40A0000 		.4byte	.LASF137
 2248 09fa 0D       		.byte	0xd
 2249 09fb CD04     		.2byte	0x4cd
 2250 09fd 0D       		.byte	0xd
 2251 09fe E7040000 		.4byte	0x4e7
 2252 0a02 10       		.byte	0x10
 2253 0a03 03       		.uleb128 0x3
 2254 0a04 656E6400 		.ascii	"end\000"
 2255 0a08 0D       		.byte	0xd
 2256 0a09 CE04     		.2byte	0x4ce
 2257 0a0b 0D       		.byte	0xd
 2258 0a0c E7040000 		.4byte	0x4e7
 2259 0a10 18       		.byte	0x18
 2260 0a11 02       		.uleb128 0x2
 2261 0a12 61020000 		.4byte	.LASF135
 2262 0a16 0D       		.byte	0xd
 2263 0a17 CF04     		.2byte	0x4cf
 2264 0a19 0D       		.byte	0xd
 2265 0a1a FF040000 		.4byte	0x4ff
 2266 0a1e 20       		.byte	0x20
 2267 0a1f 02       		.uleb128 0x2
 2268 0a20 AF020000 		.4byte	.LASF138
 2269 0a24 0D       		.byte	0xd
 2270 0a25 D004     		.2byte	0x4d0
 2271 0a27 0D       		.byte	0xd
 2272 0a28 3B000000 		.4byte	0x3b
 2273 0a2c 24       		.byte	0x24
 2274 0a2d 02       		.uleb128 0x2
 2275 0a2e AD060000 		.4byte	.LASF139
 2276 0a32 0D       		.byte	0xd
 2277 0a33 D104     		.2byte	0x4d1
 2278 0a35 0D       		.byte	0xd
 2279 0a36 3B000000 		.4byte	0x3b
 2280 0a3a 28       		.byte	0x28
ARM GAS  /tmp/cch1p5GP.s 			page 41


 2281 0a3b 00       		.byte	0
 2282 0a3c 08       		.uleb128 0x8
 2283 0a3d BF040000 		.4byte	0x4bf
 2284 0a41 4C0A0000 		.4byte	0xa4c
 2285 0a45 06       		.uleb128 0x6
 2286 0a46 2D000000 		.4byte	0x2d
 2287 0a4a 08       		.byte	0x8
 2288 0a4b 00       		.byte	0
 2289 0a4c 0F       		.uleb128 0xf
 2290 0a4d D0070000 		.4byte	.LASF140
 2291 0a51 0D       		.byte	0xd
 2292 0a52 D204     		.2byte	0x4d2
 2293 0a54 03       		.byte	0x3
 2294 0a55 D0090000 		.4byte	0x9d0
 2295 0a59 20       		.uleb128 0x20
 2296 0a5a 74030000 		.4byte	.LASF141
 2297 0a5e 3006     		.2byte	0x630
 2298 0a60 D604     		.2byte	0x4d6
 2299 0a62 07100000 		.4byte	0x1007
 2300 0a66 02       		.uleb128 0x2
 2301 0a67 030B0000 		.4byte	.LASF65
 2302 0a6b 0D       		.byte	0xd
 2303 0a6c D804     		.2byte	0x4d8
 2304 0a6e 0C       		.byte	0xc
 2305 0a6f C0000000 		.4byte	0xc0
 2306 0a73 00       		.byte	0
 2307 0a74 02       		.uleb128 0x2
 2308 0a75 6D070000 		.4byte	.LASF142
 2309 0a79 0D       		.byte	0xd
 2310 0a7a D904     		.2byte	0x4d9
 2311 0a7c 08       		.byte	0x8
 2312 0a7d D0040000 		.4byte	0x4d0
 2313 0a81 04       		.byte	0x4
 2314 0a82 02       		.uleb128 0x2
 2315 0a83 C4050000 		.4byte	.LASF143
 2316 0a87 0D       		.byte	0xd
 2317 0a88 DA04     		.2byte	0x4da
 2318 0a8a 08       		.byte	0x8
 2319 0a8b D0040000 		.4byte	0x4d0
 2320 0a8f 05       		.byte	0x5
 2321 0a90 02       		.uleb128 0x2
 2322 0a91 02040000 		.4byte	.LASF144
 2323 0a95 0D       		.byte	0xd
 2324 0a96 DB04     		.2byte	0x4db
 2325 0a98 08       		.byte	0x8
 2326 0a99 D0040000 		.4byte	0x4d0
 2327 0a9d 06       		.byte	0x6
 2328 0a9e 02       		.uleb128 0x2
 2329 0a9f 80090000 		.4byte	.LASF145
 2330 0aa3 0D       		.byte	0xd
 2331 0aa4 DD04     		.2byte	0x4dd
 2332 0aa6 08       		.byte	0x8
 2333 0aa7 D0040000 		.4byte	0x4d0
 2334 0aab 07       		.byte	0x7
 2335 0aac 02       		.uleb128 0x2
 2336 0aad D2080000 		.4byte	.LASF146
 2337 0ab1 0D       		.byte	0xd
ARM GAS  /tmp/cch1p5GP.s 			page 42


 2338 0ab2 DE04     		.2byte	0x4de
 2339 0ab4 08       		.byte	0x8
 2340 0ab5 D0040000 		.4byte	0x4d0
 2341 0ab9 08       		.byte	0x8
 2342 0aba 02       		.uleb128 0x2
 2343 0abb 5B080000 		.4byte	.LASF147
 2344 0abf 0D       		.byte	0xd
 2345 0ac0 DF04     		.2byte	0x4df
 2346 0ac2 08       		.byte	0x8
 2347 0ac3 D0040000 		.4byte	0x4d0
 2348 0ac7 09       		.byte	0x9
 2349 0ac8 02       		.uleb128 0x2
 2350 0ac9 DB030000 		.4byte	.LASF148
 2351 0acd 0D       		.byte	0xd
 2352 0ace E004     		.2byte	0x4e0
 2353 0ad0 08       		.byte	0x8
 2354 0ad1 D0040000 		.4byte	0x4d0
 2355 0ad5 0A       		.byte	0xa
 2356 0ad6 02       		.uleb128 0x2
 2357 0ad7 B60C0000 		.4byte	.LASF149
 2358 0adb 0D       		.byte	0xd
 2359 0adc E104     		.2byte	0x4e1
 2360 0ade 08       		.byte	0x8
 2361 0adf D0040000 		.4byte	0x4d0
 2362 0ae3 0B       		.byte	0xb
 2363 0ae4 02       		.uleb128 0x2
 2364 0ae5 BE090000 		.4byte	.LASF150
 2365 0ae9 0D       		.byte	0xd
 2366 0aea E204     		.2byte	0x4e2
 2367 0aec 08       		.byte	0x8
 2368 0aed 07100000 		.4byte	0x1007
 2369 0af1 0C       		.byte	0xc
 2370 0af2 02       		.uleb128 0x2
 2371 0af3 D2010000 		.4byte	.LASF151
 2372 0af7 0D       		.byte	0xd
 2373 0af8 E304     		.2byte	0x4e3
 2374 0afa 08       		.byte	0x8
 2375 0afb 07100000 		.4byte	0x1007
 2376 0aff 10       		.byte	0x10
 2377 0b00 02       		.uleb128 0x2
 2378 0b01 03030000 		.4byte	.LASF152
 2379 0b05 0D       		.byte	0xd
 2380 0b06 E504     		.2byte	0x4e5
 2381 0b08 0A       		.byte	0xa
 2382 0b09 17100000 		.4byte	0x1017
 2383 0b0d 18       		.byte	0x18
 2384 0b0e 01       		.uleb128 0x1
 2385 0b0f BB020000 		.4byte	.LASF153
 2386 0b13 E804     		.2byte	0x4e8
 2387 0b15 0B       		.byte	0xb
 2388 0b16 A1000000 		.4byte	0xa1
 2389 0b1a 9801     		.2byte	0x198
 2390 0b1c 01       		.uleb128 0x1
 2391 0b1d 4A050000 		.4byte	.LASF154
 2392 0b21 E904     		.2byte	0x4e9
 2393 0b23 0B       		.byte	0xb
 2394 0b24 A1000000 		.4byte	0xa1
ARM GAS  /tmp/cch1p5GP.s 			page 43


 2395 0b28 9901     		.2byte	0x199
 2396 0b2a 01       		.uleb128 0x1
 2397 0b2b ED070000 		.4byte	.LASF155
 2398 0b2f EA04     		.2byte	0x4ea
 2399 0b31 0B       		.byte	0xb
 2400 0b32 A1000000 		.4byte	0xa1
 2401 0b36 9A01     		.2byte	0x19a
 2402 0b38 1D       		.uleb128 0x1d
 2403 0b39 61676300 		.ascii	"agc\000"
 2404 0b3d EB04     		.2byte	0x4eb
 2405 0b3f 0B       		.byte	0xb
 2406 0b40 A1000000 		.4byte	0xa1
 2407 0b44 9B01     		.2byte	0x19b
 2408 0b46 1D       		.uleb128 0x1d
 2409 0b47 6C6E6100 		.ascii	"lna\000"
 2410 0b4b EC04     		.2byte	0x4ec
 2411 0b4d 0B       		.byte	0xb
 2412 0b4e A1000000 		.4byte	0xa1
 2413 0b52 9C01     		.2byte	0x19c
 2414 0b54 01       		.uleb128 0x1
 2415 0b55 4A010000 		.4byte	.LASF156
 2416 0b59 ED04     		.2byte	0x4ed
 2417 0b5b 0B       		.byte	0xb
 2418 0b5c A1000000 		.4byte	0xa1
 2419 0b60 9D01     		.2byte	0x19d
 2420 0b62 01       		.uleb128 0x1
 2421 0b63 F7080000 		.4byte	.LASF157
 2422 0b67 EE04     		.2byte	0x4ee
 2423 0b69 0B       		.byte	0xb
 2424 0b6a A1000000 		.4byte	0xa1
 2425 0b6e 9E01     		.2byte	0x19e
 2426 0b70 01       		.uleb128 0x1
 2427 0b71 710B0000 		.4byte	.LASF158
 2428 0b75 EF04     		.2byte	0x4ef
 2429 0b77 0B       		.byte	0xb
 2430 0b78 A1000000 		.4byte	0xa1
 2431 0b7c 9F01     		.2byte	0x19f
 2432 0b7e 01       		.uleb128 0x1
 2433 0b7f 55010000 		.4byte	.LASF159
 2434 0b83 F004     		.2byte	0x4f0
 2435 0b85 0B       		.byte	0xb
 2436 0b86 A1000000 		.4byte	0xa1
 2437 0b8a A001     		.2byte	0x1a0
 2438 0b8c 01       		.uleb128 0x1
 2439 0b8d C5080000 		.4byte	.LASF160
 2440 0b91 F204     		.2byte	0x4f2
 2441 0b93 0B       		.byte	0xb
 2442 0b94 A1000000 		.4byte	0xa1
 2443 0b98 A101     		.2byte	0x1a1
 2444 0b9a 01       		.uleb128 0x1
 2445 0b9b 1A0C0000 		.4byte	.LASF161
 2446 0b9f F504     		.2byte	0x4f5
 2447 0ba1 0B       		.byte	0xb
 2448 0ba2 A1000000 		.4byte	0xa1
 2449 0ba6 A201     		.2byte	0x1a2
 2450 0ba8 01       		.uleb128 0x1
 2451 0ba9 D1090000 		.4byte	.LASF162
ARM GAS  /tmp/cch1p5GP.s 			page 44


 2452 0bad F704     		.2byte	0x4f7
 2453 0baf 0B       		.byte	0xb
 2454 0bb0 A1000000 		.4byte	0xa1
 2455 0bb4 A301     		.2byte	0x1a3
 2456 0bb6 01       		.uleb128 0x1
 2457 0bb7 F30D0000 		.4byte	.LASF163
 2458 0bbb F804     		.2byte	0x4f8
 2459 0bbd 0B       		.byte	0xb
 2460 0bbe A1000000 		.4byte	0xa1
 2461 0bc2 A401     		.2byte	0x1a4
 2462 0bc4 01       		.uleb128 0x1
 2463 0bc5 D5050000 		.4byte	.LASF164
 2464 0bc9 FA04     		.2byte	0x4fa
 2465 0bcb 0B       		.byte	0xb
 2466 0bcc A1000000 		.4byte	0xa1
 2467 0bd0 A501     		.2byte	0x1a5
 2468 0bd2 01       		.uleb128 0x1
 2469 0bd3 CD0C0000 		.4byte	.LASF165
 2470 0bd7 FC04     		.2byte	0x4fc
 2471 0bd9 0B       		.byte	0xb
 2472 0bda D7040000 		.4byte	0x4d7
 2473 0bde A601     		.2byte	0x1a6
 2474 0be0 01       		.uleb128 0x1
 2475 0be1 19040000 		.4byte	.LASF166
 2476 0be5 FD04     		.2byte	0x4fd
 2477 0be7 0B       		.byte	0xb
 2478 0be8 D7040000 		.4byte	0x4d7
 2479 0bec AA01     		.2byte	0x1aa
 2480 0bee 01       		.uleb128 0x1
 2481 0bef A70B0000 		.4byte	.LASF167
 2482 0bf3 FE04     		.2byte	0x4fe
 2483 0bf5 0B       		.byte	0xb
 2484 0bf6 A1000000 		.4byte	0xa1
 2485 0bfa AE01     		.2byte	0x1ae
 2486 0bfc 01       		.uleb128 0x1
 2487 0bfd 8C010000 		.4byte	.LASF168
 2488 0c01 FF04     		.2byte	0x4ff
 2489 0c03 0B       		.byte	0xb
 2490 0c04 A1000000 		.4byte	0xa1
 2491 0c08 AF01     		.2byte	0x1af
 2492 0c0a 01       		.uleb128 0x1
 2493 0c0b 930A0000 		.4byte	.LASF169
 2494 0c0f 0005     		.2byte	0x500
 2495 0c11 0B       		.byte	0xb
 2496 0c12 A1000000 		.4byte	0xa1
 2497 0c16 B001     		.2byte	0x1b0
 2498 0c18 01       		.uleb128 0x1
 2499 0c19 50030000 		.4byte	.LASF170
 2500 0c1d 0105     		.2byte	0x501
 2501 0c1f 0A       		.byte	0xa
 2502 0c20 5C000000 		.4byte	0x5c
 2503 0c24 B101     		.2byte	0x1b1
 2504 0c26 01       		.uleb128 0x1
 2505 0c27 94060000 		.4byte	.LASF171
 2506 0c2b 0205     		.2byte	0x502
 2507 0c2d 0B       		.byte	0xb
 2508 0c2e A1000000 		.4byte	0xa1
ARM GAS  /tmp/cch1p5GP.s 			page 45


 2509 0c32 B201     		.2byte	0x1b2
 2510 0c34 01       		.uleb128 0x1
 2511 0c35 83010000 		.4byte	.LASF172
 2512 0c39 0405     		.2byte	0x504
 2513 0c3b 0B       		.byte	0xb
 2514 0c3c 5C000000 		.4byte	0x5c
 2515 0c40 B301     		.2byte	0x1b3
 2516 0c42 01       		.uleb128 0x1
 2517 0c43 ED040000 		.4byte	.LASF173
 2518 0c47 0505     		.2byte	0x505
 2519 0c49 0B       		.byte	0xb
 2520 0c4a A1000000 		.4byte	0xa1
 2521 0c4e B401     		.2byte	0x1b4
 2522 0c50 01       		.uleb128 0x1
 2523 0c51 090B0000 		.4byte	.LASF174
 2524 0c55 0605     		.2byte	0x506
 2525 0c57 0A       		.byte	0xa
 2526 0c58 5C000000 		.4byte	0x5c
 2527 0c5c B501     		.2byte	0x1b5
 2528 0c5e 01       		.uleb128 0x1
 2529 0c5f D40D0000 		.4byte	.LASF175
 2530 0c63 0705     		.2byte	0x507
 2531 0c65 0B       		.byte	0xb
 2532 0c66 A1000000 		.4byte	0xa1
 2533 0c6a B601     		.2byte	0x1b6
 2534 0c6c 01       		.uleb128 0x1
 2535 0c6d 270D0000 		.4byte	.LASF176
 2536 0c71 0805     		.2byte	0x508
 2537 0c73 0B       		.byte	0xb
 2538 0c74 A1000000 		.4byte	0xa1
 2539 0c78 B701     		.2byte	0x1b7
 2540 0c7a 01       		.uleb128 0x1
 2541 0c7b 13080000 		.4byte	.LASF177
 2542 0c7f 0905     		.2byte	0x509
 2543 0c81 0B       		.byte	0xb
 2544 0c82 A1000000 		.4byte	0xa1
 2545 0c86 B801     		.2byte	0x1b8
 2546 0c88 01       		.uleb128 0x1
 2547 0c89 6A0A0000 		.4byte	.LASF178
 2548 0c8d 0A05     		.2byte	0x50a
 2549 0c8f 0B       		.byte	0xb
 2550 0c90 A1000000 		.4byte	0xa1
 2551 0c94 B901     		.2byte	0x1b9
 2552 0c96 01       		.uleb128 0x1
 2553 0c97 3D020000 		.4byte	.LASF179
 2554 0c9b 0B05     		.2byte	0x50b
 2555 0c9d 0B       		.byte	0xb
 2556 0c9e A1000000 		.4byte	0xa1
 2557 0ca2 BA01     		.2byte	0x1ba
 2558 0ca4 01       		.uleb128 0x1
 2559 0ca5 660D0000 		.4byte	.LASF180
 2560 0ca9 0C05     		.2byte	0x50c
 2561 0cab 0B       		.byte	0xb
 2562 0cac A1000000 		.4byte	0xa1
 2563 0cb0 BB01     		.2byte	0x1bb
 2564 0cb2 01       		.uleb128 0x1
 2565 0cb3 F6090000 		.4byte	.LASF181
ARM GAS  /tmp/cch1p5GP.s 			page 46


 2566 0cb7 0D05     		.2byte	0x50d
 2567 0cb9 0B       		.byte	0xb
 2568 0cba A1000000 		.4byte	0xa1
 2569 0cbe BC01     		.2byte	0x1bc
 2570 0cc0 01       		.uleb128 0x1
 2571 0cc1 85060000 		.4byte	.LASF182
 2572 0cc5 0E05     		.2byte	0x50e
 2573 0cc7 0B       		.byte	0xb
 2574 0cc8 A1000000 		.4byte	0xa1
 2575 0ccc BD01     		.2byte	0x1bd
 2576 0cce 01       		.uleb128 0x1
 2577 0ccf 1C080000 		.4byte	.LASF183
 2578 0cd3 0F05     		.2byte	0x50f
 2579 0cd5 0C       		.byte	0xc
 2580 0cd6 A1000000 		.4byte	0xa1
 2581 0cda BE01     		.2byte	0x1be
 2582 0cdc 01       		.uleb128 0x1
 2583 0cdd BA070000 		.4byte	.LASF184
 2584 0ce1 1005     		.2byte	0x510
 2585 0ce3 0D       		.byte	0xd
 2586 0ce4 A1000000 		.4byte	0xa1
 2587 0ce8 BF01     		.2byte	0x1bf
 2588 0cea 01       		.uleb128 0x1
 2589 0ceb 40070000 		.4byte	.LASF185
 2590 0cef 1205     		.2byte	0x512
 2591 0cf1 0D       		.byte	0xd
 2592 0cf2 A1000000 		.4byte	0xa1
 2593 0cf6 C001     		.2byte	0x1c0
 2594 0cf8 01       		.uleb128 0x1
 2595 0cf9 450D0000 		.4byte	.LASF186
 2596 0cfd 1305     		.2byte	0x513
 2597 0cff 0D       		.byte	0xd
 2598 0d00 A1000000 		.4byte	0xa1
 2599 0d04 C101     		.2byte	0x1c1
 2600 0d06 01       		.uleb128 0x1
 2601 0d07 21060000 		.4byte	.LASF187
 2602 0d0b 1605     		.2byte	0x516
 2603 0d0d 0B       		.byte	0xb
 2604 0d0e A1000000 		.4byte	0xa1
 2605 0d12 C201     		.2byte	0x1c2
 2606 0d14 01       		.uleb128 0x1
 2607 0d15 90040000 		.4byte	.LASF188
 2608 0d19 1705     		.2byte	0x517
 2609 0d1b 0B       		.byte	0xb
 2610 0d1c A1000000 		.4byte	0xa1
 2611 0d20 C301     		.2byte	0x1c3
 2612 0d22 01       		.uleb128 0x1
 2613 0d23 D7080000 		.4byte	.LASF189
 2614 0d27 1A05     		.2byte	0x51a
 2615 0d29 0B       		.byte	0xb
 2616 0d2a A1000000 		.4byte	0xa1
 2617 0d2e C401     		.2byte	0x1c4
 2618 0d30 01       		.uleb128 0x1
 2619 0d31 4D070000 		.4byte	.LASF190
 2620 0d35 1C05     		.2byte	0x51c
 2621 0d37 0C       		.byte	0xc
 2622 0d38 B4000000 		.4byte	0xb4
ARM GAS  /tmp/cch1p5GP.s 			page 47


 2623 0d3c C601     		.2byte	0x1c6
 2624 0d3e 01       		.uleb128 0x1
 2625 0d3f C5020000 		.4byte	.LASF191
 2626 0d43 1D05     		.2byte	0x51d
 2627 0d45 0C       		.byte	0xc
 2628 0d46 B4000000 		.4byte	0xb4
 2629 0d4a C801     		.2byte	0x1c8
 2630 0d4c 01       		.uleb128 0x1
 2631 0d4d CE060000 		.4byte	.LASF192
 2632 0d51 1E05     		.2byte	0x51e
 2633 0d53 0C       		.byte	0xc
 2634 0d54 B4000000 		.4byte	0xb4
 2635 0d58 CA01     		.2byte	0x1ca
 2636 0d5a 01       		.uleb128 0x1
 2637 0d5b 750D0000 		.4byte	.LASF193
 2638 0d5f 1F05     		.2byte	0x51f
 2639 0d61 0B       		.byte	0xb
 2640 0d62 6F000000 		.4byte	0x6f
 2641 0d66 CC01     		.2byte	0x1cc
 2642 0d68 01       		.uleb128 0x1
 2643 0d69 69030000 		.4byte	.LASF194
 2644 0d6d 2105     		.2byte	0x521
 2645 0d6f 0C       		.byte	0xc
 2646 0d70 B4000000 		.4byte	0xb4
 2647 0d74 CE01     		.2byte	0x1ce
 2648 0d76 01       		.uleb128 0x1
 2649 0d77 A3050000 		.4byte	.LASF195
 2650 0d7b 2205     		.2byte	0x522
 2651 0d7d 0C       		.byte	0xc
 2652 0d7e B4000000 		.4byte	0xb4
 2653 0d82 D001     		.2byte	0x1d0
 2654 0d84 01       		.uleb128 0x1
 2655 0d85 390C0000 		.4byte	.LASF196
 2656 0d89 2405     		.2byte	0x524
 2657 0d8b 0C       		.byte	0xc
 2658 0d8c B4000000 		.4byte	0xb4
 2659 0d90 D201     		.2byte	0x1d2
 2660 0d92 01       		.uleb128 0x1
 2661 0d93 F1080000 		.4byte	.LASF197
 2662 0d97 2505     		.2byte	0x525
 2663 0d99 0C       		.byte	0xc
 2664 0d9a 6F000000 		.4byte	0x6f
 2665 0d9e D401     		.2byte	0x1d4
 2666 0da0 01       		.uleb128 0x1
 2667 0da1 330A0000 		.4byte	.LASF198
 2668 0da5 2805     		.2byte	0x528
 2669 0da7 0C       		.byte	0xc
 2670 0da8 B4000000 		.4byte	0xb4
 2671 0dac D601     		.2byte	0x1d6
 2672 0dae 01       		.uleb128 0x1
 2673 0daf 39080000 		.4byte	.LASF199
 2674 0db3 2905     		.2byte	0x529
 2675 0db5 0C       		.byte	0xc
 2676 0db6 B4000000 		.4byte	0xb4
 2677 0dba D801     		.2byte	0x1d8
 2678 0dbc 01       		.uleb128 0x1
 2679 0dbd AB0D0000 		.4byte	.LASF200
ARM GAS  /tmp/cch1p5GP.s 			page 48


 2680 0dc1 2B05     		.2byte	0x52b
 2681 0dc3 07       		.byte	0x7
 2682 0dc4 3B000000 		.4byte	0x3b
 2683 0dc8 DC01     		.2byte	0x1dc
 2684 0dca 01       		.uleb128 0x1
 2685 0dcb D70B0000 		.4byte	.LASF201
 2686 0dcf 2C05     		.2byte	0x52c
 2687 0dd1 07       		.byte	0x7
 2688 0dd2 3B000000 		.4byte	0x3b
 2689 0dd6 E001     		.2byte	0x1e0
 2690 0dd8 01       		.uleb128 0x1
 2691 0dd9 33030000 		.4byte	.LASF202
 2692 0ddd 2E05     		.2byte	0x52e
 2693 0ddf 0B       		.byte	0xb
 2694 0de0 82000000 		.4byte	0x82
 2695 0de4 E401     		.2byte	0x1e4
 2696 0de6 01       		.uleb128 0x1
 2697 0de7 D7070000 		.4byte	.LASF203
 2698 0deb 2F05     		.2byte	0x52f
 2699 0ded 0B       		.byte	0xb
 2700 0dee E7040000 		.4byte	0x4e7
 2701 0df2 E801     		.2byte	0x1e8
 2702 0df4 01       		.uleb128 0x1
 2703 0df5 A5080000 		.4byte	.LASF204
 2704 0df9 3105     		.2byte	0x531
 2705 0dfb 0C       		.byte	0xc
 2706 0dfc C0000000 		.4byte	0xc0
 2707 0e00 F001     		.2byte	0x1f0
 2708 0e02 01       		.uleb128 0x1
 2709 0e03 8A0A0000 		.4byte	.LASF205
 2710 0e07 3205     		.2byte	0x532
 2711 0e09 0C       		.byte	0xc
 2712 0e0a C0000000 		.4byte	0xc0
 2713 0e0e F401     		.2byte	0x1f4
 2714 0e10 01       		.uleb128 0x1
 2715 0e11 EF050000 		.4byte	.LASF206
 2716 0e15 3305     		.2byte	0x533
 2717 0e17 0C       		.byte	0xc
 2718 0e18 41020000 		.4byte	0x241
 2719 0e1c F801     		.2byte	0x1f8
 2720 0e1e 01       		.uleb128 0x1
 2721 0e1f 6C0C0000 		.4byte	.LASF207
 2722 0e23 3505     		.2byte	0x535
 2723 0e25 09       		.byte	0x9
 2724 0e26 FF040000 		.4byte	0x4ff
 2725 0e2a 0802     		.2byte	0x208
 2726 0e2c 01       		.uleb128 0x1
 2727 0e2d 97020000 		.4byte	.LASF208
 2728 0e31 3605     		.2byte	0x536
 2729 0e33 09       		.byte	0x9
 2730 0e34 FF040000 		.4byte	0x4ff
 2731 0e38 0C02     		.2byte	0x20c
 2732 0e3a 01       		.uleb128 0x1
 2733 0e3b 82080000 		.4byte	.LASF209
 2734 0e3f 3705     		.2byte	0x537
 2735 0e41 09       		.byte	0x9
 2736 0e42 FF040000 		.4byte	0x4ff
ARM GAS  /tmp/cch1p5GP.s 			page 49


 2737 0e46 1002     		.2byte	0x210
 2738 0e48 01       		.uleb128 0x1
 2739 0e49 42020000 		.4byte	.LASF210
 2740 0e4d 3805     		.2byte	0x538
 2741 0e4f 09       		.byte	0x9
 2742 0e50 FF040000 		.4byte	0x4ff
 2743 0e54 1402     		.2byte	0x214
 2744 0e56 01       		.uleb128 0x1
 2745 0e57 FD0D0000 		.4byte	.LASF211
 2746 0e5b 3905     		.2byte	0x539
 2747 0e5d 09       		.byte	0x9
 2748 0e5e FF040000 		.4byte	0x4ff
 2749 0e62 1802     		.2byte	0x218
 2750 0e64 01       		.uleb128 0x1
 2751 0e65 61020000 		.4byte	.LASF135
 2752 0e69 3A05     		.2byte	0x53a
 2753 0e6b 09       		.byte	0x9
 2754 0e6c FF040000 		.4byte	0x4ff
 2755 0e70 1C02     		.2byte	0x21c
 2756 0e72 01       		.uleb128 0x1
 2757 0e73 74090000 		.4byte	.LASF212
 2758 0e77 3B05     		.2byte	0x53b
 2759 0e79 09       		.byte	0x9
 2760 0e7a FF040000 		.4byte	0x4ff
 2761 0e7e 2002     		.2byte	0x220
 2762 0e80 01       		.uleb128 0x1
 2763 0e81 63080000 		.4byte	.LASF213
 2764 0e85 3D05     		.2byte	0x53d
 2765 0e87 09       		.byte	0x9
 2766 0e88 FF040000 		.4byte	0x4ff
 2767 0e8c 2402     		.2byte	0x224
 2768 0e8e 01       		.uleb128 0x1
 2769 0e8f 2C060000 		.4byte	.LASF214
 2770 0e93 3E05     		.2byte	0x53e
 2771 0e95 09       		.byte	0x9
 2772 0e96 FF040000 		.4byte	0x4ff
 2773 0e9a 2802     		.2byte	0x228
 2774 0e9c 01       		.uleb128 0x1
 2775 0e9d F20B0000 		.4byte	.LASF215
 2776 0ea1 4005     		.2byte	0x540
 2777 0ea3 0A       		.byte	0xa
 2778 0ea4 E7040000 		.4byte	0x4e7
 2779 0ea8 3002     		.2byte	0x230
 2780 0eaa 01       		.uleb128 0x1
 2781 0eab B6030000 		.4byte	.LASF216
 2782 0eaf 4105     		.2byte	0x541
 2783 0eb1 0A       		.byte	0xa
 2784 0eb2 E7040000 		.4byte	0x4e7
 2785 0eb6 3802     		.2byte	0x238
 2786 0eb8 01       		.uleb128 0x1
 2787 0eb9 C1030000 		.4byte	.LASF217
 2788 0ebd 4205     		.2byte	0x542
 2789 0ebf 0A       		.byte	0xa
 2790 0ec0 E7040000 		.4byte	0x4e7
 2791 0ec4 4002     		.2byte	0x240
 2792 0ec6 01       		.uleb128 0x1
 2793 0ec7 7B070000 		.4byte	.LASF218
ARM GAS  /tmp/cch1p5GP.s 			page 50


 2794 0ecb 4305     		.2byte	0x543
 2795 0ecd 0A       		.byte	0xa
 2796 0ece E7040000 		.4byte	0x4e7
 2797 0ed2 4802     		.2byte	0x248
 2798 0ed4 01       		.uleb128 0x1
 2799 0ed5 940B0000 		.4byte	.LASF219
 2800 0ed9 4405     		.2byte	0x544
 2801 0edb 0A       		.byte	0xa
 2802 0edc E7040000 		.4byte	0x4e7
 2803 0ee0 5002     		.2byte	0x250
 2804 0ee2 01       		.uleb128 0x1
 2805 0ee3 A9070000 		.4byte	.LASF220
 2806 0ee7 4505     		.2byte	0x545
 2807 0ee9 0A       		.byte	0xa
 2808 0eea E7040000 		.4byte	0x4e7
 2809 0eee 5802     		.2byte	0x258
 2810 0ef0 01       		.uleb128 0x1
 2811 0ef1 F3010000 		.4byte	.LASF221
 2812 0ef5 4705     		.2byte	0x547
 2813 0ef7 09       		.byte	0x9
 2814 0ef8 FF040000 		.4byte	0x4ff
 2815 0efc 6002     		.2byte	0x260
 2816 0efe 01       		.uleb128 0x1
 2817 0eff 030A0000 		.4byte	.LASF222
 2818 0f03 4805     		.2byte	0x548
 2819 0f05 09       		.byte	0x9
 2820 0f06 FF040000 		.4byte	0x4ff
 2821 0f0a 6402     		.2byte	0x264
 2822 0f0c 01       		.uleb128 0x1
 2823 0f0d 00060000 		.4byte	.LASF223
 2824 0f11 4905     		.2byte	0x549
 2825 0f13 0C       		.byte	0xc
 2826 0f14 27100000 		.4byte	0x1027
 2827 0f18 6802     		.2byte	0x268
 2828 0f1a 01       		.uleb128 0x1
 2829 0f1b 6E080000 		.4byte	.LASF224
 2830 0f1f 4B05     		.2byte	0x54b
 2831 0f21 0B       		.byte	0xb
 2832 0f22 37100000 		.4byte	0x1037
 2833 0f26 E802     		.2byte	0x2e8
 2834 0f28 01       		.uleb128 0x1
 2835 0f29 E50D0000 		.4byte	.LASF225
 2836 0f2d 4D05     		.2byte	0x54d
 2837 0f2f 0D       		.byte	0xd
 2838 0f30 20010000 		.4byte	0x120
 2839 0f34 E805     		.2byte	0x5e8
 2840 0f36 01       		.uleb128 0x1
 2841 0f37 AA040000 		.4byte	.LASF226
 2842 0f3b 4E05     		.2byte	0x54e
 2843 0f3d 0D       		.byte	0xd
 2844 0f3e 20010000 		.4byte	0x120
 2845 0f42 EC05     		.2byte	0x5ec
 2846 0f44 01       		.uleb128 0x1
 2847 0f45 A9010000 		.4byte	.LASF227
 2848 0f49 4F05     		.2byte	0x54f
 2849 0f4b 0D       		.byte	0xd
 2850 0f4c 20010000 		.4byte	0x120
ARM GAS  /tmp/cch1p5GP.s 			page 51


 2851 0f50 F005     		.2byte	0x5f0
 2852 0f52 01       		.uleb128 0x1
 2853 0f53 4D0C0000 		.4byte	.LASF228
 2854 0f57 5005     		.2byte	0x550
 2855 0f59 0D       		.byte	0xd
 2856 0f5a 20010000 		.4byte	0x120
 2857 0f5e F405     		.2byte	0x5f4
 2858 0f60 01       		.uleb128 0x1
 2859 0f61 2C0C0000 		.4byte	.LASF229
 2860 0f65 5205     		.2byte	0x552
 2861 0f67 0C       		.byte	0xc
 2862 0f68 C0000000 		.4byte	0xc0
 2863 0f6c F805     		.2byte	0x5f8
 2864 0f6e 01       		.uleb128 0x1
 2865 0f6f 6F0D0000 		.4byte	.LASF108
 2866 0f73 5805     		.2byte	0x558
 2867 0f75 0B       		.byte	0xb
 2868 0f76 A1000000 		.4byte	0xa1
 2869 0f7a FC05     		.2byte	0x5fc
 2870 0f7c 01       		.uleb128 0x1
 2871 0f7d E9060000 		.4byte	.LASF230
 2872 0f81 5B05     		.2byte	0x55b
 2873 0f83 0B       		.byte	0xb
 2874 0f84 D0040000 		.4byte	0x4d0
 2875 0f88 FD05     		.2byte	0x5fd
 2876 0f8a 1D       		.uleb128 0x1d
 2877 0f8b 5200     		.ascii	"R\000"
 2878 0f8d 5C05     		.2byte	0x55c
 2879 0f8f 07       		.byte	0x7
 2880 0f90 3B000000 		.4byte	0x3b
 2881 0f94 0006     		.2byte	0x600
 2882 0f96 01       		.uleb128 0x1
 2883 0f97 C0040000 		.4byte	.LASF231
 2884 0f9b 5D05     		.2byte	0x55d
 2885 0f9d 0B       		.byte	0xb
 2886 0f9e 82000000 		.4byte	0x82
 2887 0fa2 0406     		.2byte	0x604
 2888 0fa4 01       		.uleb128 0x1
 2889 0fa5 C5090000 		.4byte	.LASF232
 2890 0fa9 5E05     		.2byte	0x55e
 2891 0fab 08       		.byte	0x8
 2892 0fac D0040000 		.4byte	0x4d0
 2893 0fb0 0806     		.2byte	0x608
 2894 0fb2 01       		.uleb128 0x1
 2895 0fb3 75080000 		.4byte	.LASF233
 2896 0fb7 5F05     		.2byte	0x55f
 2897 0fb9 08       		.byte	0x8
 2898 0fba D0040000 		.4byte	0x4d0
 2899 0fbe 0906     		.2byte	0x609
 2900 0fc0 01       		.uleb128 0x1
 2901 0fc1 41010000 		.4byte	.LASF234
 2902 0fc5 6005     		.2byte	0x560
 2903 0fc7 0C       		.byte	0xc
 2904 0fc8 C0000000 		.4byte	0xc0
 2905 0fcc 0C06     		.2byte	0x60c
 2906 0fce 01       		.uleb128 0x1
 2907 0fcf 0E0C0000 		.4byte	.LASF235
ARM GAS  /tmp/cch1p5GP.s 			page 52


 2908 0fd3 6205     		.2byte	0x562
 2909 0fd5 08       		.byte	0x8
 2910 0fd6 4D100000 		.4byte	0x104d
 2911 0fda 1006     		.2byte	0x610
 2912 0fdc 01       		.uleb128 0x1
 2913 0fdd 9D030000 		.4byte	.LASF236
 2914 0fe1 6405     		.2byte	0x564
 2915 0fe3 09       		.byte	0x9
 2916 0fe4 D0040000 		.4byte	0x4d0
 2917 0fe8 1A06     		.2byte	0x61a
 2918 0fea 01       		.uleb128 0x1
 2919 0feb FF080000 		.4byte	.LASF237
 2920 0fef 6505     		.2byte	0x565
 2921 0ff1 0B       		.byte	0xb
 2922 0ff2 95000000 		.4byte	0x95
 2923 0ff6 2006     		.2byte	0x620
 2924 0ff8 01       		.uleb128 0x1
 2925 0ff9 F9030000 		.4byte	.LASF127
 2926 0ffd 6605     		.2byte	0x566
 2927 0fff 0C       		.byte	0xc
 2928 1000 C0000000 		.4byte	0xc0
 2929 1004 2806     		.2byte	0x628
 2930 1006 00       		.byte	0
 2931 1007 08       		.uleb128 0x8
 2932 1008 D0040000 		.4byte	0x4d0
 2933 100c 17100000 		.4byte	0x1017
 2934 1010 06       		.uleb128 0x6
 2935 1011 2D000000 		.4byte	0x2d
 2936 1015 03       		.byte	0x3
 2937 1016 00       		.byte	0
 2938 1017 08       		.uleb128 0x8
 2939 1018 4C0A0000 		.4byte	0xa4c
 2940 101c 27100000 		.4byte	0x1027
 2941 1020 06       		.uleb128 0x6
 2942 1021 2D000000 		.4byte	0x2d
 2943 1025 07       		.byte	0x7
 2944 1026 00       		.byte	0
 2945 1027 08       		.uleb128 0x8
 2946 1028 74090000 		.4byte	0x974
 2947 102c 37100000 		.4byte	0x1037
 2948 1030 06       		.uleb128 0x6
 2949 1031 2D000000 		.4byte	0x2d
 2950 1035 07       		.byte	0x7
 2951 1036 00       		.byte	0
 2952 1037 08       		.uleb128 0x8
 2953 1038 C3090000 		.4byte	0x9c3
 2954 103c 4D100000 		.4byte	0x104d
 2955 1040 06       		.uleb128 0x6
 2956 1041 2D000000 		.4byte	0x2d
 2957 1045 03       		.byte	0x3
 2958 1046 06       		.uleb128 0x6
 2959 1047 2D000000 		.4byte	0x2d
 2960 104b 07       		.byte	0x7
 2961 104c 00       		.byte	0
 2962 104d 08       		.uleb128 0x8
 2963 104e BF040000 		.4byte	0x4bf
 2964 1052 5D100000 		.4byte	0x105d
ARM GAS  /tmp/cch1p5GP.s 			page 53


 2965 1056 06       		.uleb128 0x6
 2966 1057 2D000000 		.4byte	0x2d
 2967 105b 09       		.byte	0x9
 2968 105c 00       		.byte	0
 2969 105d 0F       		.uleb128 0xf
 2970 105e 100A0000 		.4byte	.LASF238
 2971 1062 0D       		.byte	0xd
 2972 1063 6705     		.2byte	0x567
 2973 1065 02       		.byte	0x2
 2974 1066 590A0000 		.4byte	0xa59
 2975 106a 11       		.uleb128 0x11
 2976 106b 74030000 		.4byte	.LASF141
 2977 106f 6905     		.2byte	0x569
 2978 1071 12       		.byte	0x12
 2979 1072 5D100000 		.4byte	0x105d
 2980 1076 0B       		.uleb128 0xb
 2981 1077 7B100000 		.4byte	0x107b
 2982 107b 2C       		.uleb128 0x2c
 2983 107c 18       		.uleb128 0x18
 2984 107d BE010000 		.4byte	.LASF239
 2985 1081 4407     		.2byte	0x744
 2986 1083 18       		.uleb128 0x18
 2987 1084 09030000 		.4byte	.LASF240
 2988 1088 D701     		.2byte	0x1d7
 2989 108a 21       		.uleb128 0x21
 2990 108b F8060000 		.4byte	.LASF241
 2991 108f 3D07     		.2byte	0x73d
 2992 1091 9B100000 		.4byte	0x109b
 2993 1095 12       		.uleb128 0x12
 2994 1096 FF040000 		.4byte	0x4ff
 2995 109a 00       		.byte	0
 2996 109b 21       		.uleb128 0x21
 2997 109c 9B080000 		.4byte	.LASF242
 2998 10a0 E201     		.2byte	0x1e2
 2999 10a2 AC100000 		.4byte	0x10ac
 3000 10a6 12       		.uleb128 0x12
 3001 10a7 FF040000 		.4byte	0x4ff
 3002 10ab 00       		.byte	0
 3003 10ac 18       		.uleb128 0x18
 3004 10ad 70010000 		.4byte	.LASF243
 3005 10b1 1B01     		.2byte	0x11b
 3006 10b3 18       		.uleb128 0x18
 3007 10b4 A2030000 		.4byte	.LASF244
 3008 10b8 A601     		.2byte	0x1a6
 3009 10ba 2D       		.uleb128 0x2d
 3010 10bb FA0C0000 		.4byte	.LASF267
 3011 10bf 0E       		.byte	0xe
 3012 10c0 1F       		.byte	0x1f
 3013 10c1 09       		.byte	0x9
 3014 10c2 3F020000 		.4byte	0x23f
 3015 10c6 DA100000 		.4byte	0x10da
 3016 10ca 12       		.uleb128 0x12
 3017 10cb 3F020000 		.4byte	0x23f
 3018 10cf 12       		.uleb128 0x12
 3019 10d0 76100000 		.4byte	0x1076
 3020 10d4 12       		.uleb128 0x12
 3021 10d5 42000000 		.4byte	0x42
ARM GAS  /tmp/cch1p5GP.s 			page 54


 3022 10d9 00       		.byte	0
 3023 10da 2E       		.uleb128 0x2e
 3024 10db 27090000 		.4byte	.LASF253
 3025 10df 01       		.byte	0x1
 3026 10e0 1201     		.2byte	0x112
 3027 10e2 01       		.byte	0x1
 3028 10e3 00000000 		.4byte	.LFB244
 3029 10e7 24000000 		.4byte	.LFE244-.LFB244
 3030 10eb 01       		.uleb128 0x1
 3031 10ec 9C       		.byte	0x9c
 3032 10ed 2F110000 		.4byte	0x112f
 3033 10f1 2F       		.uleb128 0x2f
 3034 10f2 7000     		.ascii	"p\000"
 3035 10f4 01       		.byte	0x1
 3036 10f5 1701     		.2byte	0x117
 3037 10f7 09       		.byte	0x9
 3038 10f8 3F020000 		.4byte	0x23f
 3039 10fc 10000000 		.4byte	.LLST26
 3040 1100 0C000000 		.4byte	.LVUS26
 3041 1104 30       		.uleb128 0x30
 3042 1105 81050000 		.4byte	.LASF249
 3043 1109 01       		.byte	0x1
 3044 110a 1801     		.2byte	0x118
 3045 110c 09       		.byte	0x9
 3046 110d 3F020000 		.4byte	0x23f
 3047 1111 00F80308 		.4byte	0x803f800
 3048 1115 09       		.uleb128 0x9
 3049 1116 06000000 		.4byte	.LVL81
 3050 111a ED140000 		.4byte	0x14ed
 3051 111e 10       		.uleb128 0x10
 3052 111f 10000000 		.4byte	.LVL83
 3053 1123 4E150000 		.4byte	0x154e
 3054 1127 04       		.uleb128 0x4
 3055 1128 01       		.uleb128 0x1
 3056 1129 50       		.byte	0x50
 3057 112a 02       		.uleb128 0x2
 3058 112b 74       		.byte	0x74
 3059 112c 00       		.sleb128 0
 3060 112d 00       		.byte	0
 3061 112e 00       		.byte	0
 3062 112f 0E       		.uleb128 0xe
 3063 1130 CC030000 		.4byte	.LASF245
 3064 1134 D2       		.byte	0xd2
 3065 1135 01       		.byte	0x1
 3066 1136 3B000000 		.4byte	0x3b
 3067 113a 00000000 		.4byte	.LFB243
 3068 113e B0000000 		.4byte	.LFE243-.LFB243
 3069 1142 01       		.uleb128 0x1
 3070 1143 9C       		.byte	0x9c
 3071 1144 EA110000 		.4byte	0x11ea
 3072 1148 19       		.uleb128 0x19
 3073 1149 696400   		.ascii	"id\000"
 3074 114c D2       		.byte	0xd2
 3075 114d 19       		.byte	0x19
 3076 114e B4000000 		.4byte	0xb4
 3077 1152 31000000 		.4byte	.LLST24
 3078 1156 25000000 		.4byte	.LVUS24
ARM GAS  /tmp/cch1p5GP.s 			page 55


 3079 115a 0C       		.uleb128 0xc
 3080 115b 73726300 		.ascii	"src\000"
 3081 115f D4       		.byte	0xd4
 3082 1160 0E       		.byte	0xe
 3083 1161 EA110000 		.4byte	0x11ea
 3084 1165 7D000000 		.4byte	.LLST25
 3085 1169 79000000 		.4byte	.LVUS25
 3086 116d 22       		.uleb128 0x22
 3087 116e 64737400 		.ascii	"dst\000"
 3088 1172 D5       		.byte	0xd5
 3089 1173 3F020000 		.4byte	0x23f
 3090 1177 0D       		.uleb128 0xd
 3091 1178 20000000 		.4byte	.LVL68
 3092 117c 41140000 		.4byte	0x1441
 3093 1180 92110000 		.4byte	0x1192
 3094 1184 04       		.uleb128 0x4
 3095 1185 01       		.uleb128 0x1
 3096 1186 50       		.byte	0x50
 3097 1187 02       		.uleb128 0x2
 3098 1188 74       		.byte	0x74
 3099 1189 00       		.sleb128 0
 3100 118a 04       		.uleb128 0x4
 3101 118b 01       		.uleb128 0x1
 3102 118c 51       		.byte	0x51
 3103 118d 03       		.uleb128 0x3
 3104 118e 0A       		.byte	0xa
 3105 118f 2806     		.2byte	0x628
 3106 1191 00       		.byte	0
 3107 1192 0D       		.uleb128 0xd
 3108 1193 36000000 		.4byte	.LVL69
 3109 1197 0C170000 		.4byte	0x170c
 3110 119b B3110000 		.4byte	0x11b3
 3111 119f 04       		.uleb128 0x4
 3112 11a0 01       		.uleb128 0x1
 3113 11a1 50       		.byte	0x50
 3114 11a2 02       		.uleb128 0x2
 3115 11a3 75       		.byte	0x75
 3116 11a4 00       		.sleb128 0
 3117 11a5 04       		.uleb128 0x4
 3118 11a6 01       		.uleb128 0x1
 3119 11a7 51       		.byte	0x51
 3120 11a8 02       		.uleb128 0x2
 3121 11a9 74       		.byte	0x74
 3122 11aa 00       		.sleb128 0
 3123 11ab 04       		.uleb128 0x4
 3124 11ac 01       		.uleb128 0x1
 3125 11ad 52       		.byte	0x52
 3126 11ae 03       		.uleb128 0x3
 3127 11af 0A       		.byte	0xa
 3128 11b0 3006     		.2byte	0x630
 3129 11b2 00       		.byte	0
 3130 11b3 09       		.uleb128 0x9
 3131 11b4 3A000000 		.4byte	.LVL70
 3132 11b8 B3100000 		.4byte	0x10b3
 3133 11bc 09       		.uleb128 0x9
 3134 11bd 3E000000 		.4byte	.LVL71
 3135 11c1 AC100000 		.4byte	0x10ac
ARM GAS  /tmp/cch1p5GP.s 			page 56


 3136 11c5 09       		.uleb128 0x9
 3137 11c6 46000000 		.4byte	.LVL72
 3138 11ca 9B100000 		.4byte	0x109b
 3139 11ce 09       		.uleb128 0x9
 3140 11cf 4E000000 		.4byte	.LVL73
 3141 11d3 8A100000 		.4byte	0x108a
 3142 11d7 09       		.uleb128 0x9
 3143 11d8 52000000 		.4byte	.LVL74
 3144 11dc 83100000 		.4byte	0x1083
 3145 11e0 09       		.uleb128 0x9
 3146 11e1 56000000 		.4byte	.LVL75
 3147 11e5 7C100000 		.4byte	0x107c
 3148 11e9 00       		.byte	0
 3149 11ea 0B       		.uleb128 0xb
 3150 11eb 5D100000 		.4byte	0x105d
 3151 11ef 0E       		.uleb128 0xe
 3152 11f0 7D020000 		.4byte	.LASF246
 3153 11f4 BC       		.byte	0xbc
 3154 11f5 01       		.byte	0x1
 3155 11f6 EA110000 		.4byte	0x11ea
 3156 11fa 00000000 		.4byte	.LFB242
 3157 11fe 3C000000 		.4byte	.LFE242-.LFB242
 3158 1202 01       		.uleb128 0x1
 3159 1203 9C       		.byte	0x9c
 3160 1204 45120000 		.4byte	0x1245
 3161 1208 19       		.uleb128 0x19
 3162 1209 696400   		.ascii	"id\000"
 3163 120c BC       		.byte	0xbc
 3164 120d 1A       		.byte	0x1a
 3165 120e B4000000 		.4byte	0xb4
 3166 1212 96000000 		.4byte	.LLST22
 3167 1216 8E000000 		.4byte	.LVUS22
 3168 121a 0C       		.uleb128 0xc
 3169 121b 73726300 		.ascii	"src\000"
 3170 121f BE       		.byte	0xbe
 3171 1220 0E       		.byte	0xe
 3172 1221 EA110000 		.4byte	0x11ea
 3173 1225 CC000000 		.4byte	.LLST23
 3174 1229 C2000000 		.4byte	.LVUS23
 3175 122d 10       		.uleb128 0x10
 3176 122e 20000000 		.4byte	.LVL58
 3177 1232 41140000 		.4byte	0x1441
 3178 1236 04       		.uleb128 0x4
 3179 1237 01       		.uleb128 0x1
 3180 1238 50       		.byte	0x50
 3181 1239 02       		.uleb128 0x2
 3182 123a 74       		.byte	0x74
 3183 123b 00       		.sleb128 0
 3184 123c 04       		.uleb128 0x4
 3185 123d 01       		.uleb128 0x1
 3186 123e 51       		.byte	0x51
 3187 123f 03       		.uleb128 0x3
 3188 1240 0A       		.byte	0xa
 3189 1241 2806     		.2byte	0x628
 3190 1243 00       		.byte	0
 3191 1244 00       		.byte	0
 3192 1245 0E       		.uleb128 0xe
ARM GAS  /tmp/cch1p5GP.s 			page 57


 3193 1246 0D090000 		.4byte	.LASF247
 3194 124a 8A       		.byte	0x8a
 3195 124b 01       		.byte	0x1
 3196 124c 3B000000 		.4byte	0x3b
 3197 1250 00000000 		.4byte	.LFB241
 3198 1254 7C000000 		.4byte	.LFE241-.LFB241
 3199 1258 01       		.uleb128 0x1
 3200 1259 9C       		.byte	0x9c
 3201 125a 16130000 		.4byte	0x1316
 3202 125e 19       		.uleb128 0x19
 3203 125f 696400   		.ascii	"id\000"
 3204 1262 8A       		.byte	0x8a
 3205 1263 17       		.byte	0x17
 3206 1264 B4000000 		.4byte	0xb4
 3207 1268 11010000 		.4byte	.LLST16
 3208 126c 09010000 		.4byte	.LVUS16
 3209 1270 0C       		.uleb128 0xc
 3210 1271 73726300 		.ascii	"src\000"
 3211 1275 8E       		.byte	0x8e
 3212 1276 0D       		.byte	0xd
 3213 1277 16130000 		.4byte	0x1316
 3214 127b 43010000 		.4byte	.LLST17
 3215 127f 3D010000 		.4byte	.LVUS17
 3216 1283 0C       		.uleb128 0xc
 3217 1284 64737400 		.ascii	"dst\000"
 3218 1288 8F       		.byte	0x8f
 3219 1289 0D       		.byte	0xd
 3220 128a 16130000 		.4byte	0x1316
 3221 128e 5C010000 		.4byte	.LLST18
 3222 1292 5A010000 		.4byte	.LVUS18
 3223 1296 13       		.uleb128 0x13
 3224 1297 22040000 		.4byte	.LASF248
 3225 129b 90       		.byte	0x90
 3226 129c 07       		.byte	0x7
 3227 129d 3B000000 		.4byte	0x3b
 3228 12a1 6D010000 		.4byte	.LLST19
 3229 12a5 65010000 		.4byte	.LVUS19
 3230 12a9 0C       		.uleb128 0xc
 3231 12aa 7000     		.ascii	"p\000"
 3232 12ac 9F       		.byte	0x9f
 3233 12ad 09       		.byte	0x9
 3234 12ae 3F020000 		.4byte	0x23f
 3235 12b2 90010000 		.4byte	.LLST20
 3236 12b6 8A010000 		.4byte	.LVUS20
 3237 12ba 13       		.uleb128 0x13
 3238 12bb 81050000 		.4byte	.LASF249
 3239 12bf A0       		.byte	0xa0
 3240 12c0 09       		.byte	0x9
 3241 12c1 3F020000 		.4byte	0x23f
 3242 12c5 A9010000 		.4byte	.LLST21
 3243 12c9 A5010000 		.4byte	.LVUS21
 3244 12cd 0D       		.uleb128 0xd
 3245 12ce 2E000000 		.4byte	.LVL39
 3246 12d2 41140000 		.4byte	0x1441
 3247 12d6 E8120000 		.4byte	0x12e8
 3248 12da 04       		.uleb128 0x4
 3249 12db 01       		.uleb128 0x1
ARM GAS  /tmp/cch1p5GP.s 			page 58


 3250 12dc 50       		.byte	0x50
 3251 12dd 02       		.uleb128 0x2
 3252 12de 74       		.byte	0x74
 3253 12df 00       		.sleb128 0
 3254 12e0 04       		.uleb128 0x4
 3255 12e1 01       		.uleb128 0x1
 3256 12e2 51       		.byte	0x51
 3257 12e3 03       		.uleb128 0x3
 3258 12e4 0A       		.byte	0xa
 3259 12e5 2806     		.2byte	0x628
 3260 12e7 00       		.byte	0
 3261 12e8 09       		.uleb128 0x9
 3262 12e9 36000000 		.4byte	.LVL40
 3263 12ed ED140000 		.4byte	0x14ed
 3264 12f1 0D       		.uleb128 0xd
 3265 12f2 4E000000 		.4byte	.LVL45
 3266 12f6 4E150000 		.4byte	0x154e
 3267 12fa 05130000 		.4byte	0x1305
 3268 12fe 04       		.uleb128 0x4
 3269 12ff 01       		.uleb128 0x1
 3270 1300 50       		.byte	0x50
 3271 1301 02       		.uleb128 0x2
 3272 1302 74       		.byte	0x74
 3273 1303 00       		.sleb128 0
 3274 1304 00       		.byte	0
 3275 1305 10       		.uleb128 0x10
 3276 1306 5E000000 		.4byte	.LVL49
 3277 130a FF140000 		.4byte	0x14ff
 3278 130e 04       		.uleb128 0x4
 3279 130f 01       		.uleb128 0x1
 3280 1310 50       		.byte	0x50
 3281 1311 02       		.uleb128 0x2
 3282 1312 75       		.byte	0x75
 3283 1313 00       		.sleb128 0
 3284 1314 00       		.byte	0
 3285 1315 00       		.byte	0
 3286 1316 0B       		.uleb128 0xb
 3287 1317 B4000000 		.4byte	0xb4
 3288 131b 0E       		.uleb128 0xe
 3289 131c 93070000 		.4byte	.LASF250
 3290 1320 6F       		.byte	0x6f
 3291 1321 01       		.byte	0x1
 3292 1322 3B000000 		.4byte	0x3b
 3293 1326 00000000 		.4byte	.LFB240
 3294 132a 68000000 		.4byte	.LFE240-.LFB240
 3295 132e 01       		.uleb128 0x1
 3296 132f 9C       		.byte	0x9c
 3297 1330 8A130000 		.4byte	0x138a
 3298 1334 31       		.uleb128 0x31
 3299 1335 73726300 		.ascii	"src\000"
 3300 1339 01       		.byte	0x1
 3301 133a 71       		.byte	0x71
 3302 133b 13       		.byte	0x13
 3303 133c 8A130000 		.4byte	0x138a
 3304 1340 00C00308 		.4byte	0x803c000
 3305 1344 22       		.uleb128 0x22
 3306 1345 64737400 		.ascii	"dst\000"
ARM GAS  /tmp/cch1p5GP.s 			page 59


 3307 1349 72       		.byte	0x72
 3308 134a 3F020000 		.4byte	0x23f
 3309 134e 0D       		.uleb128 0xd
 3310 134f 22000000 		.4byte	.LVL33
 3311 1353 41140000 		.4byte	0x1441
 3312 1357 69130000 		.4byte	0x1369
 3313 135b 04       		.uleb128 0x4
 3314 135c 01       		.uleb128 0x1
 3315 135d 50       		.byte	0x50
 3316 135e 02       		.uleb128 0x2
 3317 135f 74       		.byte	0x74
 3318 1360 00       		.sleb128 0
 3319 1361 04       		.uleb128 0x4
 3320 1362 01       		.uleb128 0x1
 3321 1363 51       		.byte	0x51
 3322 1364 03       		.uleb128 0x3
 3323 1365 0A       		.byte	0xa
 3324 1366 600C     		.2byte	0xc60
 3325 1368 00       		.byte	0
 3326 1369 10       		.uleb128 0x10
 3327 136a 40000000 		.4byte	.LVL34
 3328 136e 0C170000 		.4byte	0x170c
 3329 1372 04       		.uleb128 0x4
 3330 1373 01       		.uleb128 0x1
 3331 1374 50       		.byte	0x50
 3332 1375 02       		.uleb128 0x2
 3333 1376 74       		.byte	0x74
 3334 1377 00       		.sleb128 0
 3335 1378 04       		.uleb128 0x4
 3336 1379 01       		.uleb128 0x1
 3337 137a 51       		.byte	0x51
 3338 137b 05       		.uleb128 0x5
 3339 137c 0C       		.byte	0xc
 3340 137d 00C00308 		.4byte	0x803c000
 3341 1381 04       		.uleb128 0x4
 3342 1382 01       		.uleb128 0x1
 3343 1383 52       		.byte	0x52
 3344 1384 03       		.uleb128 0x3
 3345 1385 0A       		.byte	0xa
 3346 1386 680C     		.2byte	0xc68
 3347 1388 00       		.byte	0
 3348 1389 00       		.byte	0
 3349 138a 0B       		.uleb128 0xb
 3350 138b 05090000 		.4byte	0x905
 3351 138f 0E       		.uleb128 0xe
 3352 1390 0E020000 		.4byte	.LASF251
 3353 1394 53       		.byte	0x53
 3354 1395 01       		.byte	0x1
 3355 1396 3B000000 		.4byte	0x3b
 3356 139a 00000000 		.4byte	.LFB239
 3357 139e 5C000000 		.4byte	.LFE239-.LFB239
 3358 13a2 01       		.uleb128 0x1
 3359 13a3 9C       		.byte	0x9c
 3360 13a4 41140000 		.4byte	0x1441
 3361 13a8 0C       		.uleb128 0xc
 3362 13a9 73726300 		.ascii	"src\000"
 3363 13ad 55       		.byte	0x55
ARM GAS  /tmp/cch1p5GP.s 			page 60


 3364 13ae 0D       		.byte	0xd
 3365 13af 16130000 		.4byte	0x1316
 3366 13b3 CF010000 		.4byte	.LLST13
 3367 13b7 CB010000 		.4byte	.LVUS13
 3368 13bb 0C       		.uleb128 0xc
 3369 13bc 64737400 		.ascii	"dst\000"
 3370 13c0 56       		.byte	0x56
 3371 13c1 0D       		.byte	0xd
 3372 13c2 16130000 		.4byte	0x1316
 3373 13c6 E5010000 		.4byte	.LLST14
 3374 13ca E1010000 		.4byte	.LVUS14
 3375 13ce 13       		.uleb128 0x13
 3376 13cf 22040000 		.4byte	.LASF248
 3377 13d3 57       		.byte	0x57
 3378 13d4 07       		.byte	0x7
 3379 13d5 3B000000 		.4byte	0x3b
 3380 13d9 04020000 		.4byte	.LLST15
 3381 13dd FA010000 		.4byte	.LVUS15
 3382 13e1 0D       		.uleb128 0xd
 3383 13e2 12000000 		.4byte	.LVL21
 3384 13e6 41140000 		.4byte	0x1441
 3385 13ea FC130000 		.4byte	0x13fc
 3386 13ee 04       		.uleb128 0x4
 3387 13ef 01       		.uleb128 0x1
 3388 13f0 50       		.byte	0x50
 3389 13f1 02       		.uleb128 0x2
 3390 13f2 74       		.byte	0x74
 3391 13f3 00       		.sleb128 0
 3392 13f4 04       		.uleb128 0x4
 3393 13f5 01       		.uleb128 0x1
 3394 13f6 51       		.byte	0x51
 3395 13f7 03       		.uleb128 0x3
 3396 13f8 0A       		.byte	0xa
 3397 13f9 600C     		.2byte	0xc60
 3398 13fb 00       		.byte	0
 3399 13fc 09       		.uleb128 0x9
 3400 13fd 20000000 		.4byte	.LVL22
 3401 1401 ED140000 		.4byte	0x14ed
 3402 1405 0D       		.uleb128 0xd
 3403 1406 28000000 		.4byte	.LVL23
 3404 140a 4E150000 		.4byte	0x154e
 3405 140e 19140000 		.4byte	0x1419
 3406 1412 04       		.uleb128 0x4
 3407 1413 01       		.uleb128 0x1
 3408 1414 50       		.byte	0x50
 3409 1415 02       		.uleb128 0x2
 3410 1416 75       		.byte	0x75
 3411 1417 00       		.sleb128 0
 3412 1418 00       		.byte	0
 3413 1419 0D       		.uleb128 0xd
 3414 141a 2E000000 		.4byte	.LVL24
 3415 141e 4E150000 		.4byte	0x154e
 3416 1422 30140000 		.4byte	0x1430
 3417 1426 04       		.uleb128 0x4
 3418 1427 01       		.uleb128 0x1
 3419 1428 50       		.byte	0x50
 3420 1429 05       		.uleb128 0x5
ARM GAS  /tmp/cch1p5GP.s 			page 61


 3421 142a 0C       		.byte	0xc
 3422 142b 00C80308 		.4byte	0x803c800
 3423 142f 00       		.byte	0
 3424 1430 10       		.uleb128 0x10
 3425 1431 3E000000 		.4byte	.LVL27
 3426 1435 FF140000 		.4byte	0x14ff
 3427 1439 04       		.uleb128 0x4
 3428 143a 01       		.uleb128 0x1
 3429 143b 50       		.byte	0x50
 3430 143c 02       		.uleb128 0x2
 3431 143d 75       		.byte	0x75
 3432 143e 00       		.sleb128 0
 3433 143f 00       		.byte	0
 3434 1440 00       		.byte	0
 3435 1441 0E       		.uleb128 0xe
 3436 1442 F9030000 		.4byte	.LASF127
 3437 1446 44       		.byte	0x44
 3438 1447 01       		.byte	0x1
 3439 1448 C0000000 		.4byte	0xc0
 3440 144c 00000000 		.4byte	.LFB238
 3441 1450 16000000 		.4byte	.LFE238-.LFB238
 3442 1454 01       		.uleb128 0x1
 3443 1455 9C       		.byte	0x9c
 3444 1456 E8140000 		.4byte	0x14e8
 3445 145a 14       		.uleb128 0x14
 3446 145b D40A0000 		.4byte	.LASF137
 3447 145f 44       		.byte	0x44
 3448 1460 16       		.byte	0x16
 3449 1461 76100000 		.4byte	0x1076
 3450 1465 2E020000 		.4byte	.LLST6
 3451 1469 28020000 		.4byte	.LVUS6
 3452 146d 19       		.uleb128 0x19
 3453 146e 6C656E00 		.ascii	"len\000"
 3454 1472 44       		.byte	0x44
 3455 1473 24       		.byte	0x24
 3456 1474 42000000 		.4byte	0x42
 3457 1478 50020000 		.4byte	.LLST7
 3458 147c 4C020000 		.4byte	.LVUS7
 3459 1480 0C       		.uleb128 0xc
 3460 1481 7000     		.ascii	"p\000"
 3461 1483 46       		.byte	0x46
 3462 1484 0D       		.byte	0xd
 3463 1485 E8140000 		.4byte	0x14e8
 3464 1489 71020000 		.4byte	.LLST8
 3465 148d 69020000 		.4byte	.LVUS8
 3466 1491 13       		.uleb128 0x13
 3467 1492 81050000 		.4byte	.LASF249
 3468 1496 47       		.byte	0x47
 3469 1497 0D       		.byte	0xd
 3470 1498 E8140000 		.4byte	0x14e8
 3471 149c 8F020000 		.4byte	.LLST9
 3472 14a0 8D020000 		.4byte	.LVUS9
 3473 14a4 13       		.uleb128 0x13
 3474 14a5 63050000 		.4byte	.LASF252
 3475 14a9 48       		.byte	0x48
 3476 14aa 0C       		.byte	0xc
 3477 14ab C0000000 		.4byte	0xc0
ARM GAS  /tmp/cch1p5GP.s 			page 62


 3478 14af 9C020000 		.4byte	.LLST10
 3479 14b3 98020000 		.4byte	.LVUS10
 3480 14b7 32       		.uleb128 0x32
 3481 14b8 E5160000 		.4byte	0x16e5
 3482 14bc 08000000 		.4byte	.LBI35
 3483 14c0 01       		.byte	.LVU83
 3484 14c1 08000000 		.4byte	.LBB35
 3485 14c5 00000000 		.4byte	.LBE35-.LBB35
 3486 14c9 01       		.byte	0x1
 3487 14ca 4A       		.byte	0x4a
 3488 14cb 0D       		.byte	0xd
 3489 14cc 1A       		.uleb128 0x1a
 3490 14cd 01170000 		.4byte	0x1701
 3491 14d1 AF020000 		.4byte	.LLST11
 3492 14d5 AD020000 		.4byte	.LVUS11
 3493 14d9 1A       		.uleb128 0x1a
 3494 14da F7160000 		.4byte	0x16f7
 3495 14de BB020000 		.4byte	.LLST12
 3496 14e2 B9020000 		.4byte	.LVUS12
 3497 14e6 00       		.byte	0
 3498 14e7 00       		.byte	0
 3499 14e8 0B       		.uleb128 0xb
 3500 14e9 C0000000 		.4byte	0xc0
 3501 14ed 33       		.uleb128 0x33
 3502 14ee 300B0000 		.4byte	.LASF268
 3503 14f2 01       		.byte	0x1
 3504 14f3 3C       		.byte	0x3c
 3505 14f4 06       		.byte	0x6
 3506 14f5 00000000 		.4byte	.LFB237
 3507 14f9 18000000 		.4byte	.LFE237-.LFB237
 3508 14fd 01       		.uleb128 0x1
 3509 14fe 9C       		.byte	0x9c
 3510 14ff 34       		.uleb128 0x34
 3511 1500 180B0000 		.4byte	.LASF254
 3512 1504 01       		.byte	0x1
 3513 1505 33       		.byte	0x33
 3514 1506 06       		.byte	0x6
 3515 1507 00000000 		.4byte	.LFB236
 3516 150b 28000000 		.4byte	.LFE236-.LFB236
 3517 150f 01       		.uleb128 0x1
 3518 1510 9C       		.byte	0x9c
 3519 1511 4E150000 		.4byte	0x154e
 3520 1515 14       		.uleb128 0x14
 3521 1516 690B0000 		.4byte	.LASF255
 3522 151a 33       		.byte	0x33
 3523 151b 27       		.byte	0x27
 3524 151c C0000000 		.4byte	0xc0
 3525 1520 CA020000 		.4byte	.LLST4
 3526 1524 C4020000 		.4byte	.LVUS4
 3527 1528 14       		.uleb128 0x14
 3528 1529 5A070000 		.4byte	.LASF256
 3529 152d 33       		.byte	0x33
 3530 152e 39       		.byte	0x39
 3531 152f B4000000 		.4byte	0xb4
 3532 1533 EE020000 		.4byte	.LLST5
 3533 1537 E8020000 		.4byte	.LVUS5
 3534 153b 09       		.uleb128 0x9
ARM GAS  /tmp/cch1p5GP.s 			page 63


 3535 153c 0A000000 		.4byte	.LVL10
 3536 1540 70160000 		.4byte	0x1670
 3537 1544 09       		.uleb128 0x9
 3538 1545 1A000000 		.4byte	.LVL11
 3539 1549 70160000 		.4byte	0x1670
 3540 154d 00       		.byte	0
 3541 154e 0E       		.uleb128 0xe
 3542 154f DD010000 		.4byte	.LASF257
 3543 1553 2B       		.byte	0x2b
 3544 1554 05       		.byte	0x5
 3545 1555 3B000000 		.4byte	0x3b
 3546 1559 00000000 		.4byte	.LFB235
 3547 155d 14000000 		.4byte	.LFE235-.LFB235
 3548 1561 01       		.uleb128 0x1
 3549 1562 9C       		.byte	0x9c
 3550 1563 34160000 		.4byte	0x1634
 3551 1567 14       		.uleb128 0x14
 3552 1568 8F0C0000 		.4byte	.LASF258
 3553 156c 2B       		.byte	0x2b
 3554 156d 1F       		.byte	0x1f
 3555 156e C0000000 		.4byte	0xc0
 3556 1572 10030000 		.4byte	.LLST1
 3557 1576 0C030000 		.4byte	.LVUS1
 3558 157a 23       		.uleb128 0x23
 3559 157b B2160000 		.4byte	0x16b2
 3560 157f 02000000 		.4byte	.LBI26
 3561 1583 01       		.byte	.LVU28
 3562 1584 02000000 		.4byte	.LBB26
 3563 1588 06000000 		.4byte	.LBE26-.LBB26
 3564 158c 2D       		.byte	0x2d
 3565 158d CB150000 		.4byte	0x15cb
 3566 1591 1B       		.uleb128 0x1b
 3567 1592 C2160000 		.4byte	0x16c2
 3568 1596 02000000 		.4byte	.LBI27
 3569 159a 03       		.byte	.LVU30
 3570 159b 02000000 		.4byte	.LBB27
 3571 159f 06000000 		.4byte	.LBE27-.LBB27
 3572 15a3 02       		.byte	0x2
 3573 15a4 7801     		.2byte	0x178
 3574 15a6 1B       		.uleb128 0x1b
 3575 15a7 CA160000 		.4byte	0x16ca
 3576 15ab 02000000 		.4byte	.LBI28
 3577 15af 05       		.byte	.LVU32
 3578 15b0 02000000 		.4byte	.LBB28
 3579 15b4 06000000 		.4byte	.LBE28-.LBB28
 3580 15b8 03       		.byte	0x3
 3581 15b9 6402     		.2byte	0x264
 3582 15bb 1A       		.uleb128 0x1a
 3583 15bc D7160000 		.4byte	0x16d7
 3584 15c0 2B030000 		.4byte	.LLST2
 3585 15c4 29030000 		.4byte	.LVUS2
 3586 15c8 00       		.byte	0
 3587 15c9 00       		.byte	0
 3588 15ca 00       		.byte	0
 3589 15cb 23       		.uleb128 0x23
 3590 15cc 86160000 		.4byte	0x1686
 3591 15d0 0C000000 		.4byte	.LBI30
ARM GAS  /tmp/cch1p5GP.s 			page 64


 3592 15d4 01       		.byte	.LVU39
 3593 15d5 0C000000 		.4byte	.LBB30
 3594 15d9 06000000 		.4byte	.LBE30-.LBB30
 3595 15dd 2F       		.byte	0x2f
 3596 15de 1C160000 		.4byte	0x161c
 3597 15e2 1B       		.uleb128 0x1b
 3598 15e3 BA160000 		.4byte	0x16ba
 3599 15e7 0C000000 		.4byte	.LBI32
 3600 15eb 08       		.byte	.LVU46
 3601 15ec 0C000000 		.4byte	.LBB32
 3602 15f0 06000000 		.4byte	.LBE32-.LBB32
 3603 15f4 02       		.byte	0x2
 3604 15f5 8F01     		.2byte	0x18f
 3605 15f7 1B       		.uleb128 0x1b
 3606 15f8 CA160000 		.4byte	0x16ca
 3607 15fc 0C000000 		.4byte	.LBI33
 3608 1600 0A       		.byte	.LVU48
 3609 1601 0C000000 		.4byte	.LBB33
 3610 1605 06000000 		.4byte	.LBE33-.LBB33
 3611 1609 03       		.byte	0x3
 3612 160a 7702     		.2byte	0x277
 3613 160c 1A       		.uleb128 0x1a
 3614 160d D7160000 		.4byte	0x16d7
 3615 1611 38030000 		.4byte	.LLST3
 3616 1615 36030000 		.4byte	.LVUS3
 3617 1619 00       		.byte	0
 3618 161a 00       		.byte	0
 3619 161b 00       		.byte	0
 3620 161c 10       		.uleb128 0x10
 3621 161d 0C000000 		.4byte	.LVL7
 3622 1621 34160000 		.4byte	0x1634
 3623 1625 04       		.uleb128 0x4
 3624 1626 01       		.uleb128 0x1
 3625 1627 50       		.byte	0x50
 3626 1628 09       		.uleb128 0x9
 3627 1629 A3       		.byte	0xa3
 3628 162a 03       		.uleb128 0x3
 3629 162b A5       		.byte	0xa5
 3630 162c 00       		.uleb128 0
 3631 162d 26       		.uleb128 0x26
 3632 162e A8       		.byte	0xa8
 3633 162f 2D       		.uleb128 0x2d
 3634 1630 A8       		.byte	0xa8
 3635 1631 00       		.uleb128 0
 3636 1632 00       		.byte	0
 3637 1633 00       		.byte	0
 3638 1634 35       		.uleb128 0x35
 3639 1635 9B060000 		.4byte	.LASF269
 3640 1639 01       		.byte	0x1
 3641 163a 21       		.byte	0x21
 3642 163b 0D       		.byte	0xd
 3643 163c 00000000 		.4byte	.LFB234
 3644 1640 30000000 		.4byte	.LFE234-.LFB234
 3645 1644 01       		.uleb128 0x1
 3646 1645 9C       		.byte	0x9c
 3647 1646 70160000 		.4byte	0x1670
 3648 164a 14       		.uleb128 0x14
ARM GAS  /tmp/cch1p5GP.s 			page 65


 3649 164b 8F0C0000 		.4byte	.LASF258
 3650 164f 21       		.byte	0x21
 3651 1650 28       		.byte	0x28
 3652 1651 C0000000 		.4byte	0xc0
 3653 1655 48030000 		.4byte	.LLST0
 3654 1659 42030000 		.4byte	.LVUS0
 3655 165d 09       		.uleb128 0x9
 3656 165e 08000000 		.4byte	.LVL1
 3657 1662 70160000 		.4byte	0x1670
 3658 1666 09       		.uleb128 0x9
 3659 1667 20000000 		.4byte	.LVL2
 3660 166b 70160000 		.4byte	0x1670
 3661 166f 00       		.byte	0
 3662 1670 36       		.uleb128 0x36
 3663 1671 B90B0000 		.4byte	.LASF270
 3664 1675 01       		.byte	0x1
 3665 1676 19       		.byte	0x19
 3666 1677 0C       		.byte	0xc
 3667 1678 3B000000 		.4byte	0x3b
 3668 167c 00000000 		.4byte	.LFB233
 3669 1680 14000000 		.4byte	.LFE233-.LFB233
 3670 1684 01       		.uleb128 0x1
 3671 1685 9C       		.byte	0x9c
 3672 1686 24       		.uleb128 0x24
 3673 1687 10050000 		.4byte	.LASF262
 3674 168b 02       		.byte	0x2
 3675 168c 8201     		.2byte	0x182
 3676 168e 14       		.byte	0x14
 3677 168f 9D160000 		.4byte	0x169d
 3678 1693 37       		.uleb128 0x37
 3679 1694 120D0000 		.4byte	.LASF271
 3680 1698 AD160000 		.4byte	0x16ad
 3681 169c 00       		.byte	0
 3682 169d 08       		.uleb128 0x8
 3683 169e C6040000 		.4byte	0x4c6
 3684 16a2 AD160000 		.4byte	0x16ad
 3685 16a6 06       		.uleb128 0x6
 3686 16a7 2D000000 		.4byte	0x2d
 3687 16ab 0B       		.byte	0xb
 3688 16ac 00       		.byte	0
 3689 16ad 1C       		.uleb128 0x1c
 3690 16ae 9D160000 		.4byte	0x169d
 3691 16b2 1E       		.uleb128 0x1e
 3692 16b3 A5020000 		.4byte	.LASF259
 3693 16b7 02       		.byte	0x2
 3694 16b8 7601     		.2byte	0x176
 3695 16ba 1E       		.uleb128 0x1e
 3696 16bb 1B0D0000 		.4byte	.LASF260
 3697 16bf 03       		.byte	0x3
 3698 16c0 7402     		.2byte	0x274
 3699 16c2 1E       		.uleb128 0x1e
 3700 16c3 57020000 		.4byte	.LASF261
 3701 16c7 03       		.byte	0x3
 3702 16c8 5C02     		.2byte	0x25c
 3703 16ca 24       		.uleb128 0x24
 3704 16cb 490A0000 		.4byte	.LASF263
 3705 16cf 04       		.byte	0x4
ARM GAS  /tmp/cch1p5GP.s 			page 66


 3706 16d0 2202     		.2byte	0x222
 3707 16d2 39       		.byte	0x39
 3708 16d3 E5160000 		.4byte	0x16e5
 3709 16d7 38       		.uleb128 0x38
 3710 16d8 63050000 		.4byte	.LASF252
 3711 16dc 04       		.byte	0x4
 3712 16dd 2202     		.2byte	0x222
 3713 16df 50       		.byte	0x50
 3714 16e0 C0000000 		.4byte	0xc0
 3715 16e4 00       		.byte	0
 3716 16e5 39       		.uleb128 0x39
 3717 16e6 54070000 		.4byte	.LASF272
 3718 16ea 05       		.byte	0x5
 3719 16eb 2D02     		.2byte	0x22d
 3720 16ed 39       		.byte	0x39
 3721 16ee C0000000 		.4byte	0xc0
 3722 16f2 03       		.byte	0x3
 3723 16f3 0C170000 		.4byte	0x170c
 3724 16f7 25       		.uleb128 0x25
 3725 16f8 6F703100 		.ascii	"op1\000"
 3726 16fc 48       		.byte	0x48
 3727 16fd C0000000 		.4byte	0xc0
 3728 1701 25       		.uleb128 0x25
 3729 1702 6F703200 		.ascii	"op2\000"
 3730 1706 56       		.byte	0x56
 3731 1707 C0000000 		.4byte	0xc0
 3732 170b 00       		.byte	0
 3733 170c 3A       		.uleb128 0x3a
 3734 170d FA0C0000 		.4byte	.LASF267
 3735 1711 010D0000 		.4byte	.LASF273
 3736 1715 0F       		.byte	0xf
 3737 1716 00       		.byte	0
 3738 1717 00       		.byte	0
 3739              		.section	.debug_abbrev,"",%progbits
 3740              	.Ldebug_abbrev0:
 3741 0000 01       		.uleb128 0x1
 3742 0001 0D       		.uleb128 0xd
 3743 0002 00       		.byte	0
 3744 0003 03       		.uleb128 0x3
 3745 0004 0E       		.uleb128 0xe
 3746 0005 3A       		.uleb128 0x3a
 3747 0006 21       		.uleb128 0x21
 3748 0007 0D       		.sleb128 13
 3749 0008 3B       		.uleb128 0x3b
 3750 0009 05       		.uleb128 0x5
 3751 000a 39       		.uleb128 0x39
 3752 000b 0B       		.uleb128 0xb
 3753 000c 49       		.uleb128 0x49
 3754 000d 13       		.uleb128 0x13
 3755 000e 38       		.uleb128 0x38
 3756 000f 05       		.uleb128 0x5
 3757 0010 00       		.byte	0
 3758 0011 00       		.byte	0
 3759 0012 02       		.uleb128 0x2
 3760 0013 0D       		.uleb128 0xd
 3761 0014 00       		.byte	0
 3762 0015 03       		.uleb128 0x3
ARM GAS  /tmp/cch1p5GP.s 			page 67


 3763 0016 0E       		.uleb128 0xe
 3764 0017 3A       		.uleb128 0x3a
 3765 0018 0B       		.uleb128 0xb
 3766 0019 3B       		.uleb128 0x3b
 3767 001a 05       		.uleb128 0x5
 3768 001b 39       		.uleb128 0x39
 3769 001c 0B       		.uleb128 0xb
 3770 001d 49       		.uleb128 0x49
 3771 001e 13       		.uleb128 0x13
 3772 001f 38       		.uleb128 0x38
 3773 0020 0B       		.uleb128 0xb
 3774 0021 00       		.byte	0
 3775 0022 00       		.byte	0
 3776 0023 03       		.uleb128 0x3
 3777 0024 0D       		.uleb128 0xd
 3778 0025 00       		.byte	0
 3779 0026 03       		.uleb128 0x3
 3780 0027 08       		.uleb128 0x8
 3781 0028 3A       		.uleb128 0x3a
 3782 0029 0B       		.uleb128 0xb
 3783 002a 3B       		.uleb128 0x3b
 3784 002b 05       		.uleb128 0x5
 3785 002c 39       		.uleb128 0x39
 3786 002d 0B       		.uleb128 0xb
 3787 002e 49       		.uleb128 0x49
 3788 002f 13       		.uleb128 0x13
 3789 0030 38       		.uleb128 0x38
 3790 0031 0B       		.uleb128 0xb
 3791 0032 00       		.byte	0
 3792 0033 00       		.byte	0
 3793 0034 04       		.uleb128 0x4
 3794 0035 49       		.uleb128 0x49
 3795 0036 00       		.byte	0
 3796 0037 02       		.uleb128 0x2
 3797 0038 18       		.uleb128 0x18
 3798 0039 7E       		.uleb128 0x7e
 3799 003a 18       		.uleb128 0x18
 3800 003b 00       		.byte	0
 3801 003c 00       		.byte	0
 3802 003d 05       		.uleb128 0x5
 3803 003e 16       		.uleb128 0x16
 3804 003f 00       		.byte	0
 3805 0040 03       		.uleb128 0x3
 3806 0041 0E       		.uleb128 0xe
 3807 0042 3A       		.uleb128 0x3a
 3808 0043 0B       		.uleb128 0xb
 3809 0044 3B       		.uleb128 0x3b
 3810 0045 0B       		.uleb128 0xb
 3811 0046 39       		.uleb128 0x39
 3812 0047 0B       		.uleb128 0xb
 3813 0048 49       		.uleb128 0x49
 3814 0049 13       		.uleb128 0x13
 3815 004a 00       		.byte	0
 3816 004b 00       		.byte	0
 3817 004c 06       		.uleb128 0x6
 3818 004d 21       		.uleb128 0x21
 3819 004e 00       		.byte	0
ARM GAS  /tmp/cch1p5GP.s 			page 68


 3820 004f 49       		.uleb128 0x49
 3821 0050 13       		.uleb128 0x13
 3822 0051 2F       		.uleb128 0x2f
 3823 0052 0B       		.uleb128 0xb
 3824 0053 00       		.byte	0
 3825 0054 00       		.byte	0
 3826 0055 07       		.uleb128 0x7
 3827 0056 24       		.uleb128 0x24
 3828 0057 00       		.byte	0
 3829 0058 0B       		.uleb128 0xb
 3830 0059 0B       		.uleb128 0xb
 3831 005a 3E       		.uleb128 0x3e
 3832 005b 0B       		.uleb128 0xb
 3833 005c 03       		.uleb128 0x3
 3834 005d 0E       		.uleb128 0xe
 3835 005e 00       		.byte	0
 3836 005f 00       		.byte	0
 3837 0060 08       		.uleb128 0x8
 3838 0061 01       		.uleb128 0x1
 3839 0062 01       		.byte	0x1
 3840 0063 49       		.uleb128 0x49
 3841 0064 13       		.uleb128 0x13
 3842 0065 01       		.uleb128 0x1
 3843 0066 13       		.uleb128 0x13
 3844 0067 00       		.byte	0
 3845 0068 00       		.byte	0
 3846 0069 09       		.uleb128 0x9
 3847 006a 48       		.uleb128 0x48
 3848 006b 00       		.byte	0
 3849 006c 7D       		.uleb128 0x7d
 3850 006d 01       		.uleb128 0x1
 3851 006e 7F       		.uleb128 0x7f
 3852 006f 13       		.uleb128 0x13
 3853 0070 00       		.byte	0
 3854 0071 00       		.byte	0
 3855 0072 0A       		.uleb128 0xa
 3856 0073 0D       		.uleb128 0xd
 3857 0074 00       		.byte	0
 3858 0075 03       		.uleb128 0x3
 3859 0076 0E       		.uleb128 0xe
 3860 0077 3A       		.uleb128 0x3a
 3861 0078 21       		.uleb128 0x21
 3862 0079 0A       		.sleb128 10
 3863 007a 3B       		.uleb128 0x3b
 3864 007b 0B       		.uleb128 0xb
 3865 007c 39       		.uleb128 0x39
 3866 007d 0B       		.uleb128 0xb
 3867 007e 49       		.uleb128 0x49
 3868 007f 13       		.uleb128 0x13
 3869 0080 38       		.uleb128 0x38
 3870 0081 0B       		.uleb128 0xb
 3871 0082 00       		.byte	0
 3872 0083 00       		.byte	0
 3873 0084 0B       		.uleb128 0xb
 3874 0085 0F       		.uleb128 0xf
 3875 0086 00       		.byte	0
 3876 0087 0B       		.uleb128 0xb
ARM GAS  /tmp/cch1p5GP.s 			page 69


 3877 0088 21       		.uleb128 0x21
 3878 0089 04       		.sleb128 4
 3879 008a 49       		.uleb128 0x49
 3880 008b 13       		.uleb128 0x13
 3881 008c 00       		.byte	0
 3882 008d 00       		.byte	0
 3883 008e 0C       		.uleb128 0xc
 3884 008f 34       		.uleb128 0x34
 3885 0090 00       		.byte	0
 3886 0091 03       		.uleb128 0x3
 3887 0092 08       		.uleb128 0x8
 3888 0093 3A       		.uleb128 0x3a
 3889 0094 21       		.uleb128 0x21
 3890 0095 01       		.sleb128 1
 3891 0096 3B       		.uleb128 0x3b
 3892 0097 0B       		.uleb128 0xb
 3893 0098 39       		.uleb128 0x39
 3894 0099 0B       		.uleb128 0xb
 3895 009a 49       		.uleb128 0x49
 3896 009b 13       		.uleb128 0x13
 3897 009c 02       		.uleb128 0x2
 3898 009d 17       		.uleb128 0x17
 3899 009e B742     		.uleb128 0x2137
 3900 00a0 17       		.uleb128 0x17
 3901 00a1 00       		.byte	0
 3902 00a2 00       		.byte	0
 3903 00a3 0D       		.uleb128 0xd
 3904 00a4 48       		.uleb128 0x48
 3905 00a5 01       		.byte	0x1
 3906 00a6 7D       		.uleb128 0x7d
 3907 00a7 01       		.uleb128 0x1
 3908 00a8 7F       		.uleb128 0x7f
 3909 00a9 13       		.uleb128 0x13
 3910 00aa 01       		.uleb128 0x1
 3911 00ab 13       		.uleb128 0x13
 3912 00ac 00       		.byte	0
 3913 00ad 00       		.byte	0
 3914 00ae 0E       		.uleb128 0xe
 3915 00af 2E       		.uleb128 0x2e
 3916 00b0 01       		.byte	0x1
 3917 00b1 3F       		.uleb128 0x3f
 3918 00b2 19       		.uleb128 0x19
 3919 00b3 03       		.uleb128 0x3
 3920 00b4 0E       		.uleb128 0xe
 3921 00b5 3A       		.uleb128 0x3a
 3922 00b6 21       		.uleb128 0x21
 3923 00b7 01       		.sleb128 1
 3924 00b8 3B       		.uleb128 0x3b
 3925 00b9 0B       		.uleb128 0xb
 3926 00ba 39       		.uleb128 0x39
 3927 00bb 0B       		.uleb128 0xb
 3928 00bc 27       		.uleb128 0x27
 3929 00bd 19       		.uleb128 0x19
 3930 00be 49       		.uleb128 0x49
 3931 00bf 13       		.uleb128 0x13
 3932 00c0 11       		.uleb128 0x11
 3933 00c1 01       		.uleb128 0x1
ARM GAS  /tmp/cch1p5GP.s 			page 70


 3934 00c2 12       		.uleb128 0x12
 3935 00c3 06       		.uleb128 0x6
 3936 00c4 40       		.uleb128 0x40
 3937 00c5 18       		.uleb128 0x18
 3938 00c6 7A       		.uleb128 0x7a
 3939 00c7 19       		.uleb128 0x19
 3940 00c8 01       		.uleb128 0x1
 3941 00c9 13       		.uleb128 0x13
 3942 00ca 00       		.byte	0
 3943 00cb 00       		.byte	0
 3944 00cc 0F       		.uleb128 0xf
 3945 00cd 16       		.uleb128 0x16
 3946 00ce 00       		.byte	0
 3947 00cf 03       		.uleb128 0x3
 3948 00d0 0E       		.uleb128 0xe
 3949 00d1 3A       		.uleb128 0x3a
 3950 00d2 0B       		.uleb128 0xb
 3951 00d3 3B       		.uleb128 0x3b
 3952 00d4 05       		.uleb128 0x5
 3953 00d5 39       		.uleb128 0x39
 3954 00d6 0B       		.uleb128 0xb
 3955 00d7 49       		.uleb128 0x49
 3956 00d8 13       		.uleb128 0x13
 3957 00d9 00       		.byte	0
 3958 00da 00       		.byte	0
 3959 00db 10       		.uleb128 0x10
 3960 00dc 48       		.uleb128 0x48
 3961 00dd 01       		.byte	0x1
 3962 00de 7D       		.uleb128 0x7d
 3963 00df 01       		.uleb128 0x1
 3964 00e0 7F       		.uleb128 0x7f
 3965 00e1 13       		.uleb128 0x13
 3966 00e2 00       		.byte	0
 3967 00e3 00       		.byte	0
 3968 00e4 11       		.uleb128 0x11
 3969 00e5 34       		.uleb128 0x34
 3970 00e6 00       		.byte	0
 3971 00e7 03       		.uleb128 0x3
 3972 00e8 0E       		.uleb128 0xe
 3973 00e9 3A       		.uleb128 0x3a
 3974 00ea 21       		.uleb128 0x21
 3975 00eb 0D       		.sleb128 13
 3976 00ec 3B       		.uleb128 0x3b
 3977 00ed 05       		.uleb128 0x5
 3978 00ee 39       		.uleb128 0x39
 3979 00ef 0B       		.uleb128 0xb
 3980 00f0 49       		.uleb128 0x49
 3981 00f1 13       		.uleb128 0x13
 3982 00f2 3F       		.uleb128 0x3f
 3983 00f3 19       		.uleb128 0x19
 3984 00f4 3C       		.uleb128 0x3c
 3985 00f5 19       		.uleb128 0x19
 3986 00f6 00       		.byte	0
 3987 00f7 00       		.byte	0
 3988 00f8 12       		.uleb128 0x12
 3989 00f9 05       		.uleb128 0x5
 3990 00fa 00       		.byte	0
ARM GAS  /tmp/cch1p5GP.s 			page 71


 3991 00fb 49       		.uleb128 0x49
 3992 00fc 13       		.uleb128 0x13
 3993 00fd 00       		.byte	0
 3994 00fe 00       		.byte	0
 3995 00ff 13       		.uleb128 0x13
 3996 0100 34       		.uleb128 0x34
 3997 0101 00       		.byte	0
 3998 0102 03       		.uleb128 0x3
 3999 0103 0E       		.uleb128 0xe
 4000 0104 3A       		.uleb128 0x3a
 4001 0105 21       		.uleb128 0x21
 4002 0106 01       		.sleb128 1
 4003 0107 3B       		.uleb128 0x3b
 4004 0108 0B       		.uleb128 0xb
 4005 0109 39       		.uleb128 0x39
 4006 010a 0B       		.uleb128 0xb
 4007 010b 49       		.uleb128 0x49
 4008 010c 13       		.uleb128 0x13
 4009 010d 02       		.uleb128 0x2
 4010 010e 17       		.uleb128 0x17
 4011 010f B742     		.uleb128 0x2137
 4012 0111 17       		.uleb128 0x17
 4013 0112 00       		.byte	0
 4014 0113 00       		.byte	0
 4015 0114 14       		.uleb128 0x14
 4016 0115 05       		.uleb128 0x5
 4017 0116 00       		.byte	0
 4018 0117 03       		.uleb128 0x3
 4019 0118 0E       		.uleb128 0xe
 4020 0119 3A       		.uleb128 0x3a
 4021 011a 21       		.uleb128 0x21
 4022 011b 01       		.sleb128 1
 4023 011c 3B       		.uleb128 0x3b
 4024 011d 0B       		.uleb128 0xb
 4025 011e 39       		.uleb128 0x39
 4026 011f 0B       		.uleb128 0xb
 4027 0120 49       		.uleb128 0x49
 4028 0121 13       		.uleb128 0x13
 4029 0122 02       		.uleb128 0x2
 4030 0123 17       		.uleb128 0x17
 4031 0124 B742     		.uleb128 0x2137
 4032 0126 17       		.uleb128 0x17
 4033 0127 00       		.byte	0
 4034 0128 00       		.byte	0
 4035 0129 15       		.uleb128 0x15
 4036 012a 13       		.uleb128 0x13
 4037 012b 01       		.byte	0x1
 4038 012c 03       		.uleb128 0x3
 4039 012d 0E       		.uleb128 0xe
 4040 012e 0B       		.uleb128 0xb
 4041 012f 0B       		.uleb128 0xb
 4042 0130 3A       		.uleb128 0x3a
 4043 0131 0B       		.uleb128 0xb
 4044 0132 3B       		.uleb128 0x3b
 4045 0133 0B       		.uleb128 0xb
 4046 0134 39       		.uleb128 0x39
 4047 0135 21       		.uleb128 0x21
ARM GAS  /tmp/cch1p5GP.s 			page 72


 4048 0136 08       		.sleb128 8
 4049 0137 01       		.uleb128 0x1
 4050 0138 13       		.uleb128 0x13
 4051 0139 00       		.byte	0
 4052 013a 00       		.byte	0
 4053 013b 16       		.uleb128 0x16
 4054 013c 13       		.uleb128 0x13
 4055 013d 01       		.byte	0x1
 4056 013e 0B       		.uleb128 0xb
 4057 013f 0B       		.uleb128 0xb
 4058 0140 3A       		.uleb128 0x3a
 4059 0141 0B       		.uleb128 0xb
 4060 0142 3B       		.uleb128 0x3b
 4061 0143 05       		.uleb128 0x5
 4062 0144 39       		.uleb128 0x39
 4063 0145 21       		.uleb128 0x21
 4064 0146 09       		.sleb128 9
 4065 0147 01       		.uleb128 0x1
 4066 0148 13       		.uleb128 0x13
 4067 0149 00       		.byte	0
 4068 014a 00       		.byte	0
 4069 014b 17       		.uleb128 0x17
 4070 014c 0D       		.uleb128 0xd
 4071 014d 00       		.byte	0
 4072 014e 03       		.uleb128 0x3
 4073 014f 0E       		.uleb128 0xe
 4074 0150 3A       		.uleb128 0x3a
 4075 0151 21       		.uleb128 0x21
 4076 0152 0A       		.sleb128 10
 4077 0153 3B       		.uleb128 0x3b
 4078 0154 0B       		.uleb128 0xb
 4079 0155 39       		.uleb128 0x39
 4080 0156 0B       		.uleb128 0xb
 4081 0157 49       		.uleb128 0x49
 4082 0158 13       		.uleb128 0x13
 4083 0159 00       		.byte	0
 4084 015a 00       		.byte	0
 4085 015b 18       		.uleb128 0x18
 4086 015c 2E       		.uleb128 0x2e
 4087 015d 00       		.byte	0
 4088 015e 3F       		.uleb128 0x3f
 4089 015f 19       		.uleb128 0x19
 4090 0160 03       		.uleb128 0x3
 4091 0161 0E       		.uleb128 0xe
 4092 0162 3A       		.uleb128 0x3a
 4093 0163 21       		.uleb128 0x21
 4094 0164 0D       		.sleb128 13
 4095 0165 3B       		.uleb128 0x3b
 4096 0166 05       		.uleb128 0x5
 4097 0167 39       		.uleb128 0x39
 4098 0168 21       		.uleb128 0x21
 4099 0169 06       		.sleb128 6
 4100 016a 27       		.uleb128 0x27
 4101 016b 19       		.uleb128 0x19
 4102 016c 3C       		.uleb128 0x3c
 4103 016d 19       		.uleb128 0x19
 4104 016e 00       		.byte	0
ARM GAS  /tmp/cch1p5GP.s 			page 73


 4105 016f 00       		.byte	0
 4106 0170 19       		.uleb128 0x19
 4107 0171 05       		.uleb128 0x5
 4108 0172 00       		.byte	0
 4109 0173 03       		.uleb128 0x3
 4110 0174 08       		.uleb128 0x8
 4111 0175 3A       		.uleb128 0x3a
 4112 0176 21       		.uleb128 0x21
 4113 0177 01       		.sleb128 1
 4114 0178 3B       		.uleb128 0x3b
 4115 0179 0B       		.uleb128 0xb
 4116 017a 39       		.uleb128 0x39
 4117 017b 0B       		.uleb128 0xb
 4118 017c 49       		.uleb128 0x49
 4119 017d 13       		.uleb128 0x13
 4120 017e 02       		.uleb128 0x2
 4121 017f 17       		.uleb128 0x17
 4122 0180 B742     		.uleb128 0x2137
 4123 0182 17       		.uleb128 0x17
 4124 0183 00       		.byte	0
 4125 0184 00       		.byte	0
 4126 0185 1A       		.uleb128 0x1a
 4127 0186 05       		.uleb128 0x5
 4128 0187 00       		.byte	0
 4129 0188 31       		.uleb128 0x31
 4130 0189 13       		.uleb128 0x13
 4131 018a 02       		.uleb128 0x2
 4132 018b 17       		.uleb128 0x17
 4133 018c B742     		.uleb128 0x2137
 4134 018e 17       		.uleb128 0x17
 4135 018f 00       		.byte	0
 4136 0190 00       		.byte	0
 4137 0191 1B       		.uleb128 0x1b
 4138 0192 1D       		.uleb128 0x1d
 4139 0193 01       		.byte	0x1
 4140 0194 31       		.uleb128 0x31
 4141 0195 13       		.uleb128 0x13
 4142 0196 52       		.uleb128 0x52
 4143 0197 01       		.uleb128 0x1
 4144 0198 B842     		.uleb128 0x2138
 4145 019a 0B       		.uleb128 0xb
 4146 019b 11       		.uleb128 0x11
 4147 019c 01       		.uleb128 0x1
 4148 019d 12       		.uleb128 0x12
 4149 019e 06       		.uleb128 0x6
 4150 019f 58       		.uleb128 0x58
 4151 01a0 0B       		.uleb128 0xb
 4152 01a1 59       		.uleb128 0x59
 4153 01a2 05       		.uleb128 0x5
 4154 01a3 57       		.uleb128 0x57
 4155 01a4 21       		.uleb128 0x21
 4156 01a5 03       		.sleb128 3
 4157 01a6 00       		.byte	0
 4158 01a7 00       		.byte	0
 4159 01a8 1C       		.uleb128 0x1c
 4160 01a9 26       		.uleb128 0x26
 4161 01aa 00       		.byte	0
ARM GAS  /tmp/cch1p5GP.s 			page 74


 4162 01ab 49       		.uleb128 0x49
 4163 01ac 13       		.uleb128 0x13
 4164 01ad 00       		.byte	0
 4165 01ae 00       		.byte	0
 4166 01af 1D       		.uleb128 0x1d
 4167 01b0 0D       		.uleb128 0xd
 4168 01b1 00       		.byte	0
 4169 01b2 03       		.uleb128 0x3
 4170 01b3 08       		.uleb128 0x8
 4171 01b4 3A       		.uleb128 0x3a
 4172 01b5 21       		.uleb128 0x21
 4173 01b6 0D       		.sleb128 13
 4174 01b7 3B       		.uleb128 0x3b
 4175 01b8 05       		.uleb128 0x5
 4176 01b9 39       		.uleb128 0x39
 4177 01ba 0B       		.uleb128 0xb
 4178 01bb 49       		.uleb128 0x49
 4179 01bc 13       		.uleb128 0x13
 4180 01bd 38       		.uleb128 0x38
 4181 01be 05       		.uleb128 0x5
 4182 01bf 00       		.byte	0
 4183 01c0 00       		.byte	0
 4184 01c1 1E       		.uleb128 0x1e
 4185 01c2 2E       		.uleb128 0x2e
 4186 01c3 00       		.byte	0
 4187 01c4 03       		.uleb128 0x3
 4188 01c5 0E       		.uleb128 0xe
 4189 01c6 3A       		.uleb128 0x3a
 4190 01c7 0B       		.uleb128 0xb
 4191 01c8 3B       		.uleb128 0x3b
 4192 01c9 05       		.uleb128 0x5
 4193 01ca 39       		.uleb128 0x39
 4194 01cb 21       		.uleb128 0x21
 4195 01cc 14       		.sleb128 20
 4196 01cd 27       		.uleb128 0x27
 4197 01ce 19       		.uleb128 0x19
 4198 01cf 20       		.uleb128 0x20
 4199 01d0 21       		.uleb128 0x21
 4200 01d1 03       		.sleb128 3
 4201 01d2 00       		.byte	0
 4202 01d3 00       		.byte	0
 4203 01d4 1F       		.uleb128 0x1f
 4204 01d5 0D       		.uleb128 0xd
 4205 01d6 00       		.byte	0
 4206 01d7 03       		.uleb128 0x3
 4207 01d8 08       		.uleb128 0x8
 4208 01d9 3A       		.uleb128 0x3a
 4209 01da 0B       		.uleb128 0xb
 4210 01db 3B       		.uleb128 0x3b
 4211 01dc 0B       		.uleb128 0xb
 4212 01dd 39       		.uleb128 0x39
 4213 01de 0B       		.uleb128 0xb
 4214 01df 49       		.uleb128 0x49
 4215 01e0 13       		.uleb128 0x13
 4216 01e1 38       		.uleb128 0x38
 4217 01e2 0B       		.uleb128 0xb
 4218 01e3 00       		.byte	0
ARM GAS  /tmp/cch1p5GP.s 			page 75


 4219 01e4 00       		.byte	0
 4220 01e5 20       		.uleb128 0x20
 4221 01e6 13       		.uleb128 0x13
 4222 01e7 01       		.byte	0x1
 4223 01e8 03       		.uleb128 0x3
 4224 01e9 0E       		.uleb128 0xe
 4225 01ea 0B       		.uleb128 0xb
 4226 01eb 05       		.uleb128 0x5
 4227 01ec 3A       		.uleb128 0x3a
 4228 01ed 21       		.uleb128 0x21
 4229 01ee 0D       		.sleb128 13
 4230 01ef 3B       		.uleb128 0x3b
 4231 01f0 05       		.uleb128 0x5
 4232 01f1 39       		.uleb128 0x39
 4233 01f2 21       		.uleb128 0x21
 4234 01f3 10       		.sleb128 16
 4235 01f4 01       		.uleb128 0x1
 4236 01f5 13       		.uleb128 0x13
 4237 01f6 00       		.byte	0
 4238 01f7 00       		.byte	0
 4239 01f8 21       		.uleb128 0x21
 4240 01f9 2E       		.uleb128 0x2e
 4241 01fa 01       		.byte	0x1
 4242 01fb 3F       		.uleb128 0x3f
 4243 01fc 19       		.uleb128 0x19
 4244 01fd 03       		.uleb128 0x3
 4245 01fe 0E       		.uleb128 0xe
 4246 01ff 3A       		.uleb128 0x3a
 4247 0200 21       		.uleb128 0x21
 4248 0201 0D       		.sleb128 13
 4249 0202 3B       		.uleb128 0x3b
 4250 0203 05       		.uleb128 0x5
 4251 0204 39       		.uleb128 0x39
 4252 0205 21       		.uleb128 0x21
 4253 0206 06       		.sleb128 6
 4254 0207 27       		.uleb128 0x27
 4255 0208 19       		.uleb128 0x19
 4256 0209 3C       		.uleb128 0x3c
 4257 020a 19       		.uleb128 0x19
 4258 020b 01       		.uleb128 0x1
 4259 020c 13       		.uleb128 0x13
 4260 020d 00       		.byte	0
 4261 020e 00       		.byte	0
 4262 020f 22       		.uleb128 0x22
 4263 0210 34       		.uleb128 0x34
 4264 0211 00       		.byte	0
 4265 0212 03       		.uleb128 0x3
 4266 0213 08       		.uleb128 0x8
 4267 0214 3A       		.uleb128 0x3a
 4268 0215 21       		.uleb128 0x21
 4269 0216 01       		.sleb128 1
 4270 0217 3B       		.uleb128 0x3b
 4271 0218 0B       		.uleb128 0xb
 4272 0219 39       		.uleb128 0x39
 4273 021a 21       		.uleb128 0x21
 4274 021b 09       		.sleb128 9
 4275 021c 49       		.uleb128 0x49
ARM GAS  /tmp/cch1p5GP.s 			page 76


 4276 021d 13       		.uleb128 0x13
 4277 021e 00       		.byte	0
 4278 021f 00       		.byte	0
 4279 0220 23       		.uleb128 0x23
 4280 0221 1D       		.uleb128 0x1d
 4281 0222 01       		.byte	0x1
 4282 0223 31       		.uleb128 0x31
 4283 0224 13       		.uleb128 0x13
 4284 0225 52       		.uleb128 0x52
 4285 0226 01       		.uleb128 0x1
 4286 0227 B842     		.uleb128 0x2138
 4287 0229 0B       		.uleb128 0xb
 4288 022a 11       		.uleb128 0x11
 4289 022b 01       		.uleb128 0x1
 4290 022c 12       		.uleb128 0x12
 4291 022d 06       		.uleb128 0x6
 4292 022e 58       		.uleb128 0x58
 4293 022f 21       		.uleb128 0x21
 4294 0230 01       		.sleb128 1
 4295 0231 59       		.uleb128 0x59
 4296 0232 0B       		.uleb128 0xb
 4297 0233 57       		.uleb128 0x57
 4298 0234 21       		.uleb128 0x21
 4299 0235 03       		.sleb128 3
 4300 0236 01       		.uleb128 0x1
 4301 0237 13       		.uleb128 0x13
 4302 0238 00       		.byte	0
 4303 0239 00       		.byte	0
 4304 023a 24       		.uleb128 0x24
 4305 023b 2E       		.uleb128 0x2e
 4306 023c 01       		.byte	0x1
 4307 023d 03       		.uleb128 0x3
 4308 023e 0E       		.uleb128 0xe
 4309 023f 3A       		.uleb128 0x3a
 4310 0240 0B       		.uleb128 0xb
 4311 0241 3B       		.uleb128 0x3b
 4312 0242 05       		.uleb128 0x5
 4313 0243 39       		.uleb128 0x39
 4314 0244 0B       		.uleb128 0xb
 4315 0245 27       		.uleb128 0x27
 4316 0246 19       		.uleb128 0x19
 4317 0247 20       		.uleb128 0x20
 4318 0248 21       		.uleb128 0x21
 4319 0249 03       		.sleb128 3
 4320 024a 01       		.uleb128 0x1
 4321 024b 13       		.uleb128 0x13
 4322 024c 00       		.byte	0
 4323 024d 00       		.byte	0
 4324 024e 25       		.uleb128 0x25
 4325 024f 05       		.uleb128 0x5
 4326 0250 00       		.byte	0
 4327 0251 03       		.uleb128 0x3
 4328 0252 08       		.uleb128 0x8
 4329 0253 3A       		.uleb128 0x3a
 4330 0254 21       		.uleb128 0x21
 4331 0255 05       		.sleb128 5
 4332 0256 3B       		.uleb128 0x3b
ARM GAS  /tmp/cch1p5GP.s 			page 77


 4333 0257 21       		.uleb128 0x21
 4334 0258 AD04     		.sleb128 557
 4335 025a 39       		.uleb128 0x39
 4336 025b 0B       		.uleb128 0xb
 4337 025c 49       		.uleb128 0x49
 4338 025d 13       		.uleb128 0x13
 4339 025e 00       		.byte	0
 4340 025f 00       		.byte	0
 4341 0260 26       		.uleb128 0x26
 4342 0261 11       		.uleb128 0x11
 4343 0262 01       		.byte	0x1
 4344 0263 25       		.uleb128 0x25
 4345 0264 0E       		.uleb128 0xe
 4346 0265 13       		.uleb128 0x13
 4347 0266 0B       		.uleb128 0xb
 4348 0267 03       		.uleb128 0x3
 4349 0268 0E       		.uleb128 0xe
 4350 0269 1B       		.uleb128 0x1b
 4351 026a 0E       		.uleb128 0xe
 4352 026b 55       		.uleb128 0x55
 4353 026c 17       		.uleb128 0x17
 4354 026d 11       		.uleb128 0x11
 4355 026e 01       		.uleb128 0x1
 4356 026f 10       		.uleb128 0x10
 4357 0270 17       		.uleb128 0x17
 4358 0271 00       		.byte	0
 4359 0272 00       		.byte	0
 4360 0273 27       		.uleb128 0x27
 4361 0274 24       		.uleb128 0x24
 4362 0275 00       		.byte	0
 4363 0276 0B       		.uleb128 0xb
 4364 0277 0B       		.uleb128 0xb
 4365 0278 3E       		.uleb128 0x3e
 4366 0279 0B       		.uleb128 0xb
 4367 027a 03       		.uleb128 0x3
 4368 027b 08       		.uleb128 0x8
 4369 027c 00       		.byte	0
 4370 027d 00       		.byte	0
 4371 027e 28       		.uleb128 0x28
 4372 027f 35       		.uleb128 0x35
 4373 0280 00       		.byte	0
 4374 0281 49       		.uleb128 0x49
 4375 0282 13       		.uleb128 0x13
 4376 0283 00       		.byte	0
 4377 0284 00       		.byte	0
 4378 0285 29       		.uleb128 0x29
 4379 0286 0F       		.uleb128 0xf
 4380 0287 00       		.byte	0
 4381 0288 0B       		.uleb128 0xb
 4382 0289 0B       		.uleb128 0xb
 4383 028a 00       		.byte	0
 4384 028b 00       		.byte	0
 4385 028c 2A       		.uleb128 0x2a
 4386 028d 13       		.uleb128 0x13
 4387 028e 01       		.byte	0x1
 4388 028f 03       		.uleb128 0x3
 4389 0290 0E       		.uleb128 0xe
ARM GAS  /tmp/cch1p5GP.s 			page 78


 4390 0291 0B       		.uleb128 0xb
 4391 0292 0B       		.uleb128 0xb
 4392 0293 3A       		.uleb128 0x3a
 4393 0294 0B       		.uleb128 0xb
 4394 0295 3B       		.uleb128 0x3b
 4395 0296 05       		.uleb128 0x5
 4396 0297 39       		.uleb128 0x39
 4397 0298 0B       		.uleb128 0xb
 4398 0299 01       		.uleb128 0x1
 4399 029a 13       		.uleb128 0x13
 4400 029b 00       		.byte	0
 4401 029c 00       		.byte	0
 4402 029d 2B       		.uleb128 0x2b
 4403 029e 17       		.uleb128 0x17
 4404 029f 01       		.byte	0x1
 4405 02a0 0B       		.uleb128 0xb
 4406 02a1 0B       		.uleb128 0xb
 4407 02a2 3A       		.uleb128 0x3a
 4408 02a3 0B       		.uleb128 0xb
 4409 02a4 3B       		.uleb128 0x3b
 4410 02a5 0B       		.uleb128 0xb
 4411 02a6 39       		.uleb128 0x39
 4412 02a7 0B       		.uleb128 0xb
 4413 02a8 01       		.uleb128 0x1
 4414 02a9 13       		.uleb128 0x13
 4415 02aa 00       		.byte	0
 4416 02ab 00       		.byte	0
 4417 02ac 2C       		.uleb128 0x2c
 4418 02ad 26       		.uleb128 0x26
 4419 02ae 00       		.byte	0
 4420 02af 00       		.byte	0
 4421 02b0 00       		.byte	0
 4422 02b1 2D       		.uleb128 0x2d
 4423 02b2 2E       		.uleb128 0x2e
 4424 02b3 01       		.byte	0x1
 4425 02b4 3F       		.uleb128 0x3f
 4426 02b5 19       		.uleb128 0x19
 4427 02b6 03       		.uleb128 0x3
 4428 02b7 0E       		.uleb128 0xe
 4429 02b8 3A       		.uleb128 0x3a
 4430 02b9 0B       		.uleb128 0xb
 4431 02ba 3B       		.uleb128 0x3b
 4432 02bb 0B       		.uleb128 0xb
 4433 02bc 39       		.uleb128 0x39
 4434 02bd 0B       		.uleb128 0xb
 4435 02be 27       		.uleb128 0x27
 4436 02bf 19       		.uleb128 0x19
 4437 02c0 49       		.uleb128 0x49
 4438 02c1 13       		.uleb128 0x13
 4439 02c2 3C       		.uleb128 0x3c
 4440 02c3 19       		.uleb128 0x19
 4441 02c4 01       		.uleb128 0x1
 4442 02c5 13       		.uleb128 0x13
 4443 02c6 00       		.byte	0
 4444 02c7 00       		.byte	0
 4445 02c8 2E       		.uleb128 0x2e
 4446 02c9 2E       		.uleb128 0x2e
ARM GAS  /tmp/cch1p5GP.s 			page 79


 4447 02ca 01       		.byte	0x1
 4448 02cb 3F       		.uleb128 0x3f
 4449 02cc 19       		.uleb128 0x19
 4450 02cd 03       		.uleb128 0x3
 4451 02ce 0E       		.uleb128 0xe
 4452 02cf 3A       		.uleb128 0x3a
 4453 02d0 0B       		.uleb128 0xb
 4454 02d1 3B       		.uleb128 0x3b
 4455 02d2 05       		.uleb128 0x5
 4456 02d3 39       		.uleb128 0x39
 4457 02d4 0B       		.uleb128 0xb
 4458 02d5 27       		.uleb128 0x27
 4459 02d6 19       		.uleb128 0x19
 4460 02d7 11       		.uleb128 0x11
 4461 02d8 01       		.uleb128 0x1
 4462 02d9 12       		.uleb128 0x12
 4463 02da 06       		.uleb128 0x6
 4464 02db 40       		.uleb128 0x40
 4465 02dc 18       		.uleb128 0x18
 4466 02dd 7A       		.uleb128 0x7a
 4467 02de 19       		.uleb128 0x19
 4468 02df 01       		.uleb128 0x1
 4469 02e0 13       		.uleb128 0x13
 4470 02e1 00       		.byte	0
 4471 02e2 00       		.byte	0
 4472 02e3 2F       		.uleb128 0x2f
 4473 02e4 34       		.uleb128 0x34
 4474 02e5 00       		.byte	0
 4475 02e6 03       		.uleb128 0x3
 4476 02e7 08       		.uleb128 0x8
 4477 02e8 3A       		.uleb128 0x3a
 4478 02e9 0B       		.uleb128 0xb
 4479 02ea 3B       		.uleb128 0x3b
 4480 02eb 05       		.uleb128 0x5
 4481 02ec 39       		.uleb128 0x39
 4482 02ed 0B       		.uleb128 0xb
 4483 02ee 49       		.uleb128 0x49
 4484 02ef 13       		.uleb128 0x13
 4485 02f0 02       		.uleb128 0x2
 4486 02f1 17       		.uleb128 0x17
 4487 02f2 B742     		.uleb128 0x2137
 4488 02f4 17       		.uleb128 0x17
 4489 02f5 00       		.byte	0
 4490 02f6 00       		.byte	0
 4491 02f7 30       		.uleb128 0x30
 4492 02f8 34       		.uleb128 0x34
 4493 02f9 00       		.byte	0
 4494 02fa 03       		.uleb128 0x3
 4495 02fb 0E       		.uleb128 0xe
 4496 02fc 3A       		.uleb128 0x3a
 4497 02fd 0B       		.uleb128 0xb
 4498 02fe 3B       		.uleb128 0x3b
 4499 02ff 05       		.uleb128 0x5
 4500 0300 39       		.uleb128 0x39
 4501 0301 0B       		.uleb128 0xb
 4502 0302 49       		.uleb128 0x49
 4503 0303 13       		.uleb128 0x13
ARM GAS  /tmp/cch1p5GP.s 			page 80


 4504 0304 1C       		.uleb128 0x1c
 4505 0305 06       		.uleb128 0x6
 4506 0306 00       		.byte	0
 4507 0307 00       		.byte	0
 4508 0308 31       		.uleb128 0x31
 4509 0309 34       		.uleb128 0x34
 4510 030a 00       		.byte	0
 4511 030b 03       		.uleb128 0x3
 4512 030c 08       		.uleb128 0x8
 4513 030d 3A       		.uleb128 0x3a
 4514 030e 0B       		.uleb128 0xb
 4515 030f 3B       		.uleb128 0x3b
 4516 0310 0B       		.uleb128 0xb
 4517 0311 39       		.uleb128 0x39
 4518 0312 0B       		.uleb128 0xb
 4519 0313 49       		.uleb128 0x49
 4520 0314 13       		.uleb128 0x13
 4521 0315 1C       		.uleb128 0x1c
 4522 0316 06       		.uleb128 0x6
 4523 0317 00       		.byte	0
 4524 0318 00       		.byte	0
 4525 0319 32       		.uleb128 0x32
 4526 031a 1D       		.uleb128 0x1d
 4527 031b 01       		.byte	0x1
 4528 031c 31       		.uleb128 0x31
 4529 031d 13       		.uleb128 0x13
 4530 031e 52       		.uleb128 0x52
 4531 031f 01       		.uleb128 0x1
 4532 0320 B842     		.uleb128 0x2138
 4533 0322 0B       		.uleb128 0xb
 4534 0323 11       		.uleb128 0x11
 4535 0324 01       		.uleb128 0x1
 4536 0325 12       		.uleb128 0x12
 4537 0326 06       		.uleb128 0x6
 4538 0327 58       		.uleb128 0x58
 4539 0328 0B       		.uleb128 0xb
 4540 0329 59       		.uleb128 0x59
 4541 032a 0B       		.uleb128 0xb
 4542 032b 57       		.uleb128 0x57
 4543 032c 0B       		.uleb128 0xb
 4544 032d 00       		.byte	0
 4545 032e 00       		.byte	0
 4546 032f 33       		.uleb128 0x33
 4547 0330 2E       		.uleb128 0x2e
 4548 0331 00       		.byte	0
 4549 0332 3F       		.uleb128 0x3f
 4550 0333 19       		.uleb128 0x19
 4551 0334 03       		.uleb128 0x3
 4552 0335 0E       		.uleb128 0xe
 4553 0336 3A       		.uleb128 0x3a
 4554 0337 0B       		.uleb128 0xb
 4555 0338 3B       		.uleb128 0x3b
 4556 0339 0B       		.uleb128 0xb
 4557 033a 39       		.uleb128 0x39
 4558 033b 0B       		.uleb128 0xb
 4559 033c 27       		.uleb128 0x27
 4560 033d 19       		.uleb128 0x19
ARM GAS  /tmp/cch1p5GP.s 			page 81


 4561 033e 11       		.uleb128 0x11
 4562 033f 01       		.uleb128 0x1
 4563 0340 12       		.uleb128 0x12
 4564 0341 06       		.uleb128 0x6
 4565 0342 40       		.uleb128 0x40
 4566 0343 18       		.uleb128 0x18
 4567 0344 7A       		.uleb128 0x7a
 4568 0345 19       		.uleb128 0x19
 4569 0346 00       		.byte	0
 4570 0347 00       		.byte	0
 4571 0348 34       		.uleb128 0x34
 4572 0349 2E       		.uleb128 0x2e
 4573 034a 01       		.byte	0x1
 4574 034b 3F       		.uleb128 0x3f
 4575 034c 19       		.uleb128 0x19
 4576 034d 03       		.uleb128 0x3
 4577 034e 0E       		.uleb128 0xe
 4578 034f 3A       		.uleb128 0x3a
 4579 0350 0B       		.uleb128 0xb
 4580 0351 3B       		.uleb128 0x3b
 4581 0352 0B       		.uleb128 0xb
 4582 0353 39       		.uleb128 0x39
 4583 0354 0B       		.uleb128 0xb
 4584 0355 27       		.uleb128 0x27
 4585 0356 19       		.uleb128 0x19
 4586 0357 11       		.uleb128 0x11
 4587 0358 01       		.uleb128 0x1
 4588 0359 12       		.uleb128 0x12
 4589 035a 06       		.uleb128 0x6
 4590 035b 40       		.uleb128 0x40
 4591 035c 18       		.uleb128 0x18
 4592 035d 7A       		.uleb128 0x7a
 4593 035e 19       		.uleb128 0x19
 4594 035f 01       		.uleb128 0x1
 4595 0360 13       		.uleb128 0x13
 4596 0361 00       		.byte	0
 4597 0362 00       		.byte	0
 4598 0363 35       		.uleb128 0x35
 4599 0364 2E       		.uleb128 0x2e
 4600 0365 01       		.byte	0x1
 4601 0366 03       		.uleb128 0x3
 4602 0367 0E       		.uleb128 0xe
 4603 0368 3A       		.uleb128 0x3a
 4604 0369 0B       		.uleb128 0xb
 4605 036a 3B       		.uleb128 0x3b
 4606 036b 0B       		.uleb128 0xb
 4607 036c 39       		.uleb128 0x39
 4608 036d 0B       		.uleb128 0xb
 4609 036e 27       		.uleb128 0x27
 4610 036f 19       		.uleb128 0x19
 4611 0370 11       		.uleb128 0x11
 4612 0371 01       		.uleb128 0x1
 4613 0372 12       		.uleb128 0x12
 4614 0373 06       		.uleb128 0x6
 4615 0374 40       		.uleb128 0x40
 4616 0375 18       		.uleb128 0x18
 4617 0376 7A       		.uleb128 0x7a
ARM GAS  /tmp/cch1p5GP.s 			page 82


 4618 0377 19       		.uleb128 0x19
 4619 0378 01       		.uleb128 0x1
 4620 0379 13       		.uleb128 0x13
 4621 037a 00       		.byte	0
 4622 037b 00       		.byte	0
 4623 037c 36       		.uleb128 0x36
 4624 037d 2E       		.uleb128 0x2e
 4625 037e 00       		.byte	0
 4626 037f 03       		.uleb128 0x3
 4627 0380 0E       		.uleb128 0xe
 4628 0381 3A       		.uleb128 0x3a
 4629 0382 0B       		.uleb128 0xb
 4630 0383 3B       		.uleb128 0x3b
 4631 0384 0B       		.uleb128 0xb
 4632 0385 39       		.uleb128 0x39
 4633 0386 0B       		.uleb128 0xb
 4634 0387 27       		.uleb128 0x27
 4635 0388 19       		.uleb128 0x19
 4636 0389 49       		.uleb128 0x49
 4637 038a 13       		.uleb128 0x13
 4638 038b 11       		.uleb128 0x11
 4639 038c 01       		.uleb128 0x1
 4640 038d 12       		.uleb128 0x12
 4641 038e 06       		.uleb128 0x6
 4642 038f 40       		.uleb128 0x40
 4643 0390 18       		.uleb128 0x18
 4644 0391 7A       		.uleb128 0x7a
 4645 0392 19       		.uleb128 0x19
 4646 0393 00       		.byte	0
 4647 0394 00       		.byte	0
 4648 0395 37       		.uleb128 0x37
 4649 0396 34       		.uleb128 0x34
 4650 0397 00       		.byte	0
 4651 0398 03       		.uleb128 0x3
 4652 0399 0E       		.uleb128 0xe
 4653 039a 49       		.uleb128 0x49
 4654 039b 13       		.uleb128 0x13
 4655 039c 34       		.uleb128 0x34
 4656 039d 19       		.uleb128 0x19
 4657 039e 00       		.byte	0
 4658 039f 00       		.byte	0
 4659 03a0 38       		.uleb128 0x38
 4660 03a1 05       		.uleb128 0x5
 4661 03a2 00       		.byte	0
 4662 03a3 03       		.uleb128 0x3
 4663 03a4 0E       		.uleb128 0xe
 4664 03a5 3A       		.uleb128 0x3a
 4665 03a6 0B       		.uleb128 0xb
 4666 03a7 3B       		.uleb128 0x3b
 4667 03a8 05       		.uleb128 0x5
 4668 03a9 39       		.uleb128 0x39
 4669 03aa 0B       		.uleb128 0xb
 4670 03ab 49       		.uleb128 0x49
 4671 03ac 13       		.uleb128 0x13
 4672 03ad 00       		.byte	0
 4673 03ae 00       		.byte	0
 4674 03af 39       		.uleb128 0x39
ARM GAS  /tmp/cch1p5GP.s 			page 83


 4675 03b0 2E       		.uleb128 0x2e
 4676 03b1 01       		.byte	0x1
 4677 03b2 03       		.uleb128 0x3
 4678 03b3 0E       		.uleb128 0xe
 4679 03b4 3A       		.uleb128 0x3a
 4680 03b5 0B       		.uleb128 0xb
 4681 03b6 3B       		.uleb128 0x3b
 4682 03b7 05       		.uleb128 0x5
 4683 03b8 39       		.uleb128 0x39
 4684 03b9 0B       		.uleb128 0xb
 4685 03ba 27       		.uleb128 0x27
 4686 03bb 19       		.uleb128 0x19
 4687 03bc 49       		.uleb128 0x49
 4688 03bd 13       		.uleb128 0x13
 4689 03be 20       		.uleb128 0x20
 4690 03bf 0B       		.uleb128 0xb
 4691 03c0 01       		.uleb128 0x1
 4692 03c1 13       		.uleb128 0x13
 4693 03c2 00       		.byte	0
 4694 03c3 00       		.byte	0
 4695 03c4 3A       		.uleb128 0x3a
 4696 03c5 2E       		.uleb128 0x2e
 4697 03c6 00       		.byte	0
 4698 03c7 3F       		.uleb128 0x3f
 4699 03c8 19       		.uleb128 0x19
 4700 03c9 3C       		.uleb128 0x3c
 4701 03ca 19       		.uleb128 0x19
 4702 03cb 6E       		.uleb128 0x6e
 4703 03cc 0E       		.uleb128 0xe
 4704 03cd 03       		.uleb128 0x3
 4705 03ce 0E       		.uleb128 0xe
 4706 03cf 3A       		.uleb128 0x3a
 4707 03d0 0B       		.uleb128 0xb
 4708 03d1 3B       		.uleb128 0x3b
 4709 03d2 0B       		.uleb128 0xb
 4710 03d3 00       		.byte	0
 4711 03d4 00       		.byte	0
 4712 03d5 00       		.byte	0
 4713              		.section	.debug_loclists,"",%progbits
 4714 0000 62030000 		.4byte	.Ldebug_loc3-.Ldebug_loc2
 4715              	.Ldebug_loc2:
 4716 0004 0500     		.2byte	0x5
 4717 0006 04       		.byte	0x4
 4718 0007 00       		.byte	0
 4719 0008 00000000 		.4byte	0
 4720              	.Ldebug_loc0:
 4721              	.LVUS26:
 4722 000c 01       		.uleb128 .LVU248
 4723 000d 00       		.uleb128 .LVU252
 4724 000e 00       		.uleb128 .LVU252
 4725 000f 00       		.uleb128 .LVU257
 4726              	.LLST26:
 4727 0010 06       		.byte	0x6
 4728 0011 06000000 		.4byte	.LVL81
 4729 0015 04       		.byte	0x4
 4730 0016 00       		.uleb128 .LVL81-.LVL81
 4731 0017 04       		.uleb128 .LVL82-.LVL81
ARM GAS  /tmp/cch1p5GP.s 			page 84


 4732 0018 06       		.uleb128 0x6
 4733 0019 0C       		.byte	0xc
 4734 001a 00C00308 		.4byte	0x803c000
 4735 001e 9F       		.byte	0x9f
 4736 001f 04       		.byte	0x4
 4737 0020 04       		.uleb128 .LVL82-.LVL81
 4738 0021 16       		.uleb128 .LVL85-.LVL81
 4739 0022 01       		.uleb128 0x1
 4740 0023 54       		.byte	0x54
 4741 0024 00       		.byte	0
 4742              	.LVUS24:
 4743 0025 00       		.uleb128 0
 4744 0026 00       		.uleb128 .LVU220
 4745 0027 00       		.uleb128 .LVU220
 4746 0028 00       		.uleb128 .LVU240
 4747 0029 00       		.uleb128 .LVU240
 4748 002a 00       		.uleb128 .LVU241
 4749 002b 00       		.uleb128 .LVU241
 4750 002c 00       		.uleb128 .LVU242
 4751 002d 00       		.uleb128 .LVU242
 4752 002e 00       		.uleb128 .LVU243
 4753 002f 00       		.uleb128 .LVU243
 4754 0030 00       		.uleb128 0
 4755              	.LLST24:
 4756 0031 06       		.byte	0x6
 4757 0032 00000000 		.4byte	.LVL65
 4758 0036 04       		.byte	0x4
 4759 0037 00       		.uleb128 .LVL65-.LVL65
 4760 0038 1C       		.uleb128 .LVL67-.LVL65
 4761 0039 01       		.uleb128 0x1
 4762 003a 50       		.byte	0x50
 4763 003b 04       		.byte	0x4
 4764 003c 1C       		.uleb128 .LVL67-.LVL65
 4765 003d 8201     		.uleb128 .LVL77-.LVL65
 4766 003f 0A       		.uleb128 0xa
 4767 0040 A3       		.byte	0xa3
 4768 0041 03       		.uleb128 0x3
 4769 0042 A5       		.byte	0xa5
 4770 0043 00       		.uleb128 0
 4771 0044 26       		.uleb128 0x26
 4772 0045 A8       		.byte	0xa8
 4773 0046 34       		.uleb128 0x34
 4774 0047 A8       		.byte	0xa8
 4775 0048 00       		.uleb128 0
 4776 0049 9F       		.byte	0x9f
 4777 004a 04       		.byte	0x4
 4778 004b 8201     		.uleb128 .LVL77-.LVL65
 4779 004d 8601     		.uleb128 .LVL78-.LVL65
 4780 004f 01       		.uleb128 0x1
 4781 0050 50       		.byte	0x50
 4782 0051 04       		.byte	0x4
 4783 0052 8601     		.uleb128 .LVL78-.LVL65
 4784 0054 8801     		.uleb128 .LVL79-.LVL65
 4785 0056 0A       		.uleb128 0xa
 4786 0057 A3       		.byte	0xa3
 4787 0058 03       		.uleb128 0x3
 4788 0059 A5       		.byte	0xa5
ARM GAS  /tmp/cch1p5GP.s 			page 85


 4789 005a 00       		.uleb128 0
 4790 005b 26       		.uleb128 0x26
 4791 005c A8       		.byte	0xa8
 4792 005d 34       		.uleb128 0x34
 4793 005e A8       		.byte	0xa8
 4794 005f 00       		.uleb128 0
 4795 0060 9F       		.byte	0x9f
 4796 0061 04       		.byte	0x4
 4797 0062 8801     		.uleb128 .LVL79-.LVL65
 4798 0064 8C01     		.uleb128 .LVL80-.LVL65
 4799 0066 01       		.uleb128 0x1
 4800 0067 50       		.byte	0x50
 4801 0068 04       		.byte	0x4
 4802 0069 8C01     		.uleb128 .LVL80-.LVL65
 4803 006b B001     		.uleb128 .LFE243-.LVL65
 4804 006d 0A       		.uleb128 0xa
 4805 006e A3       		.byte	0xa3
 4806 006f 03       		.uleb128 0x3
 4807 0070 A5       		.byte	0xa5
 4808 0071 00       		.uleb128 0
 4809 0072 26       		.uleb128 0x26
 4810 0073 A8       		.byte	0xa8
 4811 0074 34       		.uleb128 0x34
 4812 0075 A8       		.byte	0xa8
 4813 0076 00       		.uleb128 0
 4814 0077 9F       		.byte	0x9f
 4815 0078 00       		.byte	0
 4816              	.LVUS25:
 4817 0079 00       		.uleb128 .LVU215
 4818 007a 00       		.uleb128 .LVU240
 4819 007b 00       		.uleb128 .LVU242
 4820 007c 00       		.uleb128 0
 4821              	.LLST25:
 4822 007d 06       		.byte	0x6
 4823 007e 0E000000 		.4byte	.LVL66
 4824 0082 04       		.byte	0x4
 4825 0083 00       		.uleb128 .LVL66-.LVL66
 4826 0084 74       		.uleb128 .LVL77-.LVL66
 4827 0085 01       		.uleb128 0x1
 4828 0086 54       		.byte	0x54
 4829 0087 04       		.byte	0x4
 4830 0088 7A       		.uleb128 .LVL79-.LVL66
 4831 0089 A201     		.uleb128 .LFE243-.LVL66
 4832 008b 01       		.uleb128 0x1
 4833 008c 54       		.byte	0x54
 4834 008d 00       		.byte	0
 4835              	.LVUS22:
 4836 008e 00       		.uleb128 0
 4837 008f 00       		.uleb128 .LVU198
 4838 0090 00       		.uleb128 .LVU198
 4839 0091 00       		.uleb128 .LVU202
 4840 0092 00       		.uleb128 .LVU202
 4841 0093 00       		.uleb128 .LVU205
 4842 0094 00       		.uleb128 .LVU205
 4843 0095 00       		.uleb128 0
 4844              	.LLST22:
 4845 0096 06       		.byte	0x6
ARM GAS  /tmp/cch1p5GP.s 			page 86


 4846 0097 00000000 		.4byte	.LVL55
 4847 009b 04       		.byte	0x4
 4848 009c 00       		.uleb128 .LVL55-.LVL55
 4849 009d 1C       		.uleb128 .LVL57-.LVL55
 4850 009e 01       		.uleb128 0x1
 4851 009f 50       		.byte	0x50
 4852 00a0 04       		.byte	0x4
 4853 00a1 1C       		.uleb128 .LVL57-.LVL55
 4854 00a2 2C       		.uleb128 .LVL60-.LVL55
 4855 00a3 0A       		.uleb128 0xa
 4856 00a4 A3       		.byte	0xa3
 4857 00a5 03       		.uleb128 0x3
 4858 00a6 A5       		.byte	0xa5
 4859 00a7 00       		.uleb128 0
 4860 00a8 26       		.uleb128 0x26
 4861 00a9 A8       		.byte	0xa8
 4862 00aa 34       		.uleb128 0x34
 4863 00ab A8       		.byte	0xa8
 4864 00ac 00       		.uleb128 0
 4865 00ad 9F       		.byte	0x9f
 4866 00ae 04       		.byte	0x4
 4867 00af 2C       		.uleb128 .LVL60-.LVL55
 4868 00b0 34       		.uleb128 .LVL63-.LVL55
 4869 00b1 01       		.uleb128 0x1
 4870 00b2 50       		.byte	0x50
 4871 00b3 04       		.byte	0x4
 4872 00b4 34       		.uleb128 .LVL63-.LVL55
 4873 00b5 3C       		.uleb128 .LFE242-.LVL55
 4874 00b6 0A       		.uleb128 0xa
 4875 00b7 A3       		.byte	0xa3
 4876 00b8 03       		.uleb128 0x3
 4877 00b9 A5       		.byte	0xa5
 4878 00ba 00       		.uleb128 0
 4879 00bb 26       		.uleb128 0x26
 4880 00bc A8       		.byte	0xa8
 4881 00bd 34       		.uleb128 0x34
 4882 00be A8       		.byte	0xa8
 4883 00bf 00       		.uleb128 0
 4884 00c0 9F       		.byte	0x9f
 4885 00c1 00       		.byte	0
 4886              	.LVUS23:
 4887 00c2 00       		.uleb128 .LVU193
 4888 00c3 00       		.uleb128 .LVU201
 4889 00c4 00       		.uleb128 .LVU203
 4890 00c5 00       		.uleb128 .LVU204
 4891 00c6 00       		.uleb128 .LVU204
 4892 00c7 00       		.uleb128 .LVU205
 4893 00c8 00       		.uleb128 .LVU205
 4894 00c9 00       		.uleb128 .LVU206
 4895 00ca 00       		.uleb128 .LVU206
 4896 00cb 00       		.uleb128 0
 4897              	.LLST23:
 4898 00cc 06       		.byte	0x6
 4899 00cd 0E000000 		.4byte	.LVL56
 4900 00d1 04       		.byte	0x4
 4901 00d2 00       		.uleb128 .LVL56-.LVL56
 4902 00d3 1A       		.uleb128 .LVL59-.LVL56
ARM GAS  /tmp/cch1p5GP.s 			page 87


 4903 00d4 01       		.uleb128 0x1
 4904 00d5 54       		.byte	0x54
 4905 00d6 04       		.byte	0x4
 4906 00d7 22       		.uleb128 .LVL61-.LVL56
 4907 00d8 24       		.uleb128 .LVL62-.LVL56
 4908 00d9 01       		.uleb128 0x1
 4909 00da 54       		.byte	0x54
 4910 00db 04       		.byte	0x4
 4911 00dc 24       		.uleb128 .LVL62-.LVL56
 4912 00dd 26       		.uleb128 .LVL63-.LVL56
 4913 00de 10       		.uleb128 0x10
 4914 00df A3       		.byte	0xa3
 4915 00e0 03       		.uleb128 0x3
 4916 00e1 A5       		.byte	0xa5
 4917 00e2 00       		.uleb128 0
 4918 00e3 26       		.uleb128 0x26
 4919 00e4 A8       		.byte	0xa8
 4920 00e5 2D       		.uleb128 0x2d
 4921 00e6 A8       		.byte	0xa8
 4922 00e7 00       		.uleb128 0
 4923 00e8 23       		.byte	0x23
 4924 00e9 FA8004   		.uleb128 0x1007a
 4925 00ec 3B       		.byte	0x3b
 4926 00ed 24       		.byte	0x24
 4927 00ee 9F       		.byte	0x9f
 4928 00ef 04       		.byte	0x4
 4929 00f0 26       		.uleb128 .LVL63-.LVL56
 4930 00f1 28       		.uleb128 .LVL64-.LVL56
 4931 00f2 01       		.uleb128 0x1
 4932 00f3 54       		.byte	0x54
 4933 00f4 04       		.byte	0x4
 4934 00f5 28       		.uleb128 .LVL64-.LVL56
 4935 00f6 2E       		.uleb128 .LFE242-.LVL56
 4936 00f7 10       		.uleb128 0x10
 4937 00f8 A3       		.byte	0xa3
 4938 00f9 03       		.uleb128 0x3
 4939 00fa A5       		.byte	0xa5
 4940 00fb 00       		.uleb128 0
 4941 00fc 26       		.uleb128 0x26
 4942 00fd A8       		.byte	0xa8
 4943 00fe 2D       		.uleb128 0x2d
 4944 00ff A8       		.byte	0xa8
 4945 0100 00       		.uleb128 0
 4946 0101 23       		.byte	0x23
 4947 0102 FA8004   		.uleb128 0x1007a
 4948 0105 3B       		.byte	0x3b
 4949 0106 24       		.byte	0x24
 4950 0107 9F       		.byte	0x9f
 4951 0108 00       		.byte	0
 4952              	.LVUS16:
 4953 0109 00       		.uleb128 0
 4954 010a 00       		.uleb128 .LVU157
 4955 010b 00       		.uleb128 .LVU157
 4956 010c 00       		.uleb128 .LVU184
 4957 010d 00       		.uleb128 .LVU184
 4958 010e 00       		.uleb128 .LVU185
 4959 010f 00       		.uleb128 .LVU185
ARM GAS  /tmp/cch1p5GP.s 			page 88


 4960 0110 00       		.uleb128 0
 4961              	.LLST16:
 4962 0111 06       		.byte	0x6
 4963 0112 00000000 		.4byte	.LVL35
 4964 0116 04       		.byte	0x4
 4965 0117 00       		.uleb128 .LVL35-.LVL35
 4966 0118 2A       		.uleb128 .LVL38-.LVL35
 4967 0119 01       		.uleb128 0x1
 4968 011a 50       		.byte	0x50
 4969 011b 04       		.byte	0x4
 4970 011c 2A       		.uleb128 .LVL38-.LVL35
 4971 011d 6C       		.uleb128 .LVL53-.LVL35
 4972 011e 0A       		.uleb128 0xa
 4973 011f A3       		.byte	0xa3
 4974 0120 03       		.uleb128 0x3
 4975 0121 A5       		.byte	0xa5
 4976 0122 00       		.uleb128 0
 4977 0123 26       		.uleb128 0x26
 4978 0124 A8       		.byte	0xa8
 4979 0125 34       		.uleb128 0x34
 4980 0126 A8       		.byte	0xa8
 4981 0127 00       		.uleb128 0
 4982 0128 9F       		.byte	0x9f
 4983 0129 04       		.byte	0x4
 4984 012a 6C       		.uleb128 .LVL53-.LVL35
 4985 012b 70       		.uleb128 .LVL54-.LVL35
 4986 012c 01       		.uleb128 0x1
 4987 012d 50       		.byte	0x50
 4988 012e 04       		.byte	0x4
 4989 012f 70       		.uleb128 .LVL54-.LVL35
 4990 0130 7C       		.uleb128 .LFE241-.LVL35
 4991 0131 0A       		.uleb128 0xa
 4992 0132 A3       		.byte	0xa3
 4993 0133 03       		.uleb128 0x3
 4994 0134 A5       		.byte	0xa5
 4995 0135 00       		.uleb128 0
 4996 0136 26       		.uleb128 0x26
 4997 0137 A8       		.byte	0xa8
 4998 0138 34       		.uleb128 0x34
 4999 0139 A8       		.byte	0xa8
 5000 013a 00       		.uleb128 0
 5001 013b 9F       		.byte	0x9f
 5002 013c 00       		.byte	0
 5003              	.LVUS17:
 5004 013d 00       		.uleb128 .LVU173
 5005 013e 01       		.uleb128 .LVU174
 5006 013f 01       		.uleb128 .LVU174
 5007 0140 00       		.uleb128 .LVU175
 5008 0141 00       		.uleb128 .LVU175
 5009 0142 00       		.uleb128 .LVU184
 5010              	.LLST17:
 5011 0143 06       		.byte	0x6
 5012 0144 54000000 		.4byte	.LVL47
 5013 0148 04       		.byte	0x4
 5014 0149 00       		.uleb128 .LVL47-.LVL47
 5015 014a 00       		.uleb128 .LVL47-.LVL47
 5016 014b 01       		.uleb128 0x1
ARM GAS  /tmp/cch1p5GP.s 			page 89


 5017 014c 54       		.byte	0x54
 5018 014d 04       		.byte	0x4
 5019 014e 00       		.uleb128 .LVL47-.LVL47
 5020 014f 04       		.uleb128 .LVL48-.LVL47
 5021 0150 03       		.uleb128 0x3
 5022 0151 74       		.byte	0x74
 5023 0152 02       		.sleb128 2
 5024 0153 9F       		.byte	0x9f
 5025 0154 04       		.byte	0x4
 5026 0155 04       		.uleb128 .LVL48-.LVL47
 5027 0156 18       		.uleb128 .LVL53-.LVL47
 5028 0157 01       		.uleb128 0x1
 5029 0158 54       		.byte	0x54
 5030 0159 00       		.byte	0
 5031              	.LVUS18:
 5032 015a 00       		.uleb128 .LVU151
 5033 015b 00       		.uleb128 .LVU184
 5034              	.LLST18:
 5035 015c 08       		.byte	0x8
 5036 015d 0E000000 		.4byte	.LVL37
 5037 0161 5E       		.uleb128 .LVL53-.LVL37
 5038 0162 01       		.uleb128 0x1
 5039 0163 55       		.byte	0x55
 5040 0164 00       		.byte	0
 5041              	.LVUS19:
 5042 0165 03       		.uleb128 .LVU149
 5043 0166 00       		.uleb128 .LVU173
 5044 0167 00       		.uleb128 .LVU173
 5045 0168 00       		.uleb128 .LVU179
 5046 0169 00       		.uleb128 .LVU179
 5047 016a 00       		.uleb128 .LVU181
 5048 016b 00       		.uleb128 .LVU181
 5049 016c 00       		.uleb128 .LVU184
 5050              	.LLST19:
 5051 016d 06       		.byte	0x6
 5052 016e 06000000 		.4byte	.LVL36
 5053 0172 04       		.byte	0x4
 5054 0173 00       		.uleb128 .LVL36-.LVL36
 5055 0174 4E       		.uleb128 .LVL47-.LVL36
 5056 0175 04       		.uleb128 0x4
 5057 0176 0A       		.byte	0xa
 5058 0177 1803     		.2byte	0x318
 5059 0179 9F       		.byte	0x9f
 5060 017a 04       		.byte	0x4
 5061 017b 4E       		.uleb128 .LVL47-.LVL36
 5062 017c 5C       		.uleb128 .LVL51-.LVL36
 5063 017d 01       		.uleb128 0x1
 5064 017e 56       		.byte	0x56
 5065 017f 04       		.byte	0x4
 5066 0180 5C       		.uleb128 .LVL51-.LVL36
 5067 0181 5E       		.uleb128 .LVL52-.LVL36
 5068 0182 01       		.uleb128 0x1
 5069 0183 53       		.byte	0x53
 5070 0184 04       		.byte	0x4
 5071 0185 5E       		.uleb128 .LVL52-.LVL36
 5072 0186 66       		.uleb128 .LVL53-.LVL36
 5073 0187 01       		.uleb128 0x1
ARM GAS  /tmp/cch1p5GP.s 			page 90


 5074 0188 56       		.byte	0x56
 5075 0189 00       		.byte	0
 5076              	.LVUS20:
 5077 018a 01       		.uleb128 .LVU161
 5078 018b 00       		.uleb128 .LVU165
 5079 018c 00       		.uleb128 .LVU165
 5080 018d 00       		.uleb128 .LVU168
 5081 018e 00       		.uleb128 .LVU169
 5082 018f 00       		.uleb128 .LVU173
 5083              	.LLST20:
 5084 0190 06       		.byte	0x6
 5085 0191 36000000 		.4byte	.LVL40
 5086 0195 04       		.byte	0x4
 5087 0196 00       		.uleb128 .LVL40-.LVL40
 5088 0197 06       		.uleb128 .LVL42-.LVL40
 5089 0198 01       		.uleb128 0x1
 5090 0199 55       		.byte	0x55
 5091 019a 04       		.byte	0x4
 5092 019b 06       		.uleb128 .LVL42-.LVL40
 5093 019c 10       		.uleb128 .LVL43-.LVL40
 5094 019d 01       		.uleb128 0x1
 5095 019e 54       		.byte	0x54
 5096 019f 04       		.byte	0x4
 5097 01a0 12       		.uleb128 .LVL44-.LVL40
 5098 01a1 1E       		.uleb128 .LVL47-.LVL40
 5099 01a2 01       		.uleb128 0x1
 5100 01a3 54       		.byte	0x54
 5101 01a4 00       		.byte	0
 5102              	.LVUS21:
 5103 01a5 00       		.uleb128 .LVU163
 5104 01a6 00       		.uleb128 .LVU173
 5105 01a7 00       		.uleb128 .LVU173
 5106 01a8 00       		.uleb128 .LVU184
 5107              	.LLST21:
 5108 01a9 06       		.byte	0x6
 5109 01aa 3A000000 		.4byte	.LVL41
 5110 01ae 04       		.byte	0x4
 5111 01af 00       		.uleb128 .LVL41-.LVL41
 5112 01b0 1A       		.uleb128 .LVL47-.LVL41
 5113 01b1 01       		.uleb128 0x1
 5114 01b2 56       		.byte	0x56
 5115 01b3 04       		.byte	0x4
 5116 01b4 1A       		.uleb128 .LVL47-.LVL41
 5117 01b5 32       		.uleb128 .LVL53-.LVL41
 5118 01b6 13       		.uleb128 0x13
 5119 01b7 A3       		.byte	0xa3
 5120 01b8 03       		.uleb128 0x3
 5121 01b9 A5       		.byte	0xa5
 5122 01ba 00       		.uleb128 0
 5123 01bb 26       		.uleb128 0x26
 5124 01bc A8       		.byte	0xa8
 5125 01bd 2D       		.uleb128 0x2d
 5126 01be A8       		.byte	0xa8
 5127 01bf 00       		.uleb128 0
 5128 01c0 23       		.byte	0x23
 5129 01c1 FA8004   		.uleb128 0x1007a
 5130 01c4 3B       		.byte	0x3b
ARM GAS  /tmp/cch1p5GP.s 			page 91


 5131 01c5 24       		.byte	0x24
 5132 01c6 23       		.byte	0x23
 5133 01c7 B00C     		.uleb128 0x630
 5134 01c9 9F       		.byte	0x9f
 5135 01ca 00       		.byte	0
 5136              	.LVUS13:
 5137 01cb 01       		.uleb128 .LVU108
 5138 01cc 00       		.uleb128 .LVU109
 5139 01cd 00       		.uleb128 .LVU109
 5140 01ce 00       		.uleb128 .LVU113
 5141              	.LLST13:
 5142 01cf 06       		.byte	0x6
 5143 01d0 34000000 		.4byte	.LVL25
 5144 01d4 04       		.byte	0x4
 5145 01d5 00       		.uleb128 .LVL25-.LVL25
 5146 01d6 04       		.uleb128 .LVL26-.LVL25
 5147 01d7 03       		.uleb128 0x3
 5148 01d8 74       		.byte	0x74
 5149 01d9 02       		.sleb128 2
 5150 01da 9F       		.byte	0x9f
 5151 01db 04       		.byte	0x4
 5152 01dc 04       		.uleb128 .LVL26-.LVL25
 5153 01dd 0E       		.uleb128 .LVL29-.LVL25
 5154 01de 01       		.uleb128 0x1
 5155 01df 54       		.byte	0x54
 5156 01e0 00       		.byte	0
 5157              	.LVUS14:
 5158 01e1 02       		.uleb128 .LVU95
 5159 01e2 00       		.uleb128 .LVU107
 5160 01e3 00       		.uleb128 .LVU107
 5161 01e4 00       		.uleb128 .LVU118
 5162              	.LLST14:
 5163 01e5 06       		.byte	0x6
 5164 01e6 02000000 		.4byte	.LVL20
 5165 01ea 04       		.byte	0x4
 5166 01eb 00       		.uleb128 .LVL20-.LVL20
 5167 01ec 32       		.uleb128 .LVL25-.LVL20
 5168 01ed 06       		.uleb128 0x6
 5169 01ee 0C       		.byte	0xc
 5170 01ef 00C00308 		.4byte	0x803c000
 5171 01f3 9F       		.byte	0x9f
 5172 01f4 04       		.byte	0x4
 5173 01f5 32       		.uleb128 .LVL25-.LVL20
 5174 01f6 4A       		.uleb128 .LVL31-.LVL20
 5175 01f7 01       		.uleb128 0x1
 5176 01f8 55       		.byte	0x55
 5177 01f9 00       		.byte	0
 5178              	.LVUS15:
 5179 01fa 03       		.uleb128 .LVU96
 5180 01fb 00       		.uleb128 .LVU107
 5181 01fc 00       		.uleb128 .LVU107
 5182 01fd 00       		.uleb128 .LVU113
 5183 01fe 00       		.uleb128 .LVU113
 5184 01ff 00       		.uleb128 .LVU115
 5185 0200 00       		.uleb128 .LVU115
 5186 0201 00       		.uleb128 .LVU118
 5187 0202 00       		.uleb128 .LVU118
ARM GAS  /tmp/cch1p5GP.s 			page 92


 5188 0203 00       		.uleb128 0
 5189              	.LLST15:
 5190 0204 06       		.byte	0x6
 5191 0205 02000000 		.4byte	.LVL20
 5192 0209 04       		.byte	0x4
 5193 020a 00       		.uleb128 .LVL20-.LVL20
 5194 020b 32       		.uleb128 .LVL25-.LVL20
 5195 020c 04       		.uleb128 0x4
 5196 020d 0A       		.byte	0xa
 5197 020e 3406     		.2byte	0x634
 5198 0210 9F       		.byte	0x9f
 5199 0211 04       		.byte	0x4
 5200 0212 32       		.uleb128 .LVL25-.LVL20
 5201 0213 40       		.uleb128 .LVL29-.LVL20
 5202 0214 01       		.uleb128 0x1
 5203 0215 56       		.byte	0x56
 5204 0216 04       		.byte	0x4
 5205 0217 40       		.uleb128 .LVL29-.LVL20
 5206 0218 42       		.uleb128 .LVL30-.LVL20
 5207 0219 01       		.uleb128 0x1
 5208 021a 53       		.byte	0x53
 5209 021b 04       		.byte	0x4
 5210 021c 42       		.uleb128 .LVL30-.LVL20
 5211 021d 4A       		.uleb128 .LVL31-.LVL20
 5212 021e 01       		.uleb128 0x1
 5213 021f 56       		.byte	0x56
 5214 0220 04       		.byte	0x4
 5215 0221 4A       		.uleb128 .LVL31-.LVL20
 5216 0222 5A       		.uleb128 .LFE239-.LVL20
 5217 0223 03       		.uleb128 0x3
 5218 0224 73       		.byte	0x73
 5219 0225 7F       		.sleb128 -1
 5220 0226 9F       		.byte	0x9f
 5221 0227 00       		.byte	0
 5222              	.LVUS6:
 5223 0228 00       		.uleb128 0
 5224 0229 00       		.uleb128 .LVU81
 5225 022a 00       		.uleb128 .LVU81
 5226 022b 00       		.uleb128 .LVU82
 5227 022c 00       		.uleb128 .LVU82
 5228 022d 00       		.uleb128 0
 5229              	.LLST6:
 5230 022e 06       		.byte	0x6
 5231 022f 00000000 		.4byte	.LVL13
 5232 0233 04       		.byte	0x4
 5233 0234 00       		.uleb128 .LVL13-.LVL13
 5234 0235 06       		.uleb128 .LVL16-.LVL13
 5235 0236 01       		.uleb128 0x1
 5236 0237 50       		.byte	0x50
 5237 0238 04       		.byte	0x4
 5238 0239 06       		.uleb128 .LVL16-.LVL13
 5239 023a 08       		.uleb128 .LVL17-.LVL13
 5240 023b 01       		.uleb128 0x1
 5241 023c 53       		.byte	0x53
 5242 023d 04       		.byte	0x4
 5243 023e 08       		.uleb128 .LVL17-.LVL13
 5244 023f 16       		.uleb128 .LFE238-.LVL13
ARM GAS  /tmp/cch1p5GP.s 			page 93


 5245 0240 0A       		.uleb128 0xa
 5246 0241 A3       		.byte	0xa3
 5247 0242 03       		.uleb128 0x3
 5248 0243 A5       		.byte	0xa5
 5249 0244 00       		.uleb128 0
 5250 0245 26       		.uleb128 0x26
 5251 0246 A8       		.byte	0xa8
 5252 0247 2D       		.uleb128 0x2d
 5253 0248 A8       		.byte	0xa8
 5254 0249 00       		.uleb128 0
 5255 024a 9F       		.byte	0x9f
 5256 024b 00       		.byte	0
 5257              	.LVUS7:
 5258 024c 00       		.uleb128 0
 5259 024d 00       		.uleb128 .LVU78
 5260 024e 00       		.uleb128 .LVU78
 5261 024f 00       		.uleb128 0
 5262              	.LLST7:
 5263 0250 06       		.byte	0x6
 5264 0251 00000000 		.4byte	.LVL13
 5265 0255 04       		.byte	0x4
 5266 0256 00       		.uleb128 .LVL13-.LVL13
 5267 0257 04       		.uleb128 .LVL15-.LVL13
 5268 0258 01       		.uleb128 0x1
 5269 0259 51       		.byte	0x51
 5270 025a 04       		.byte	0x4
 5271 025b 04       		.uleb128 .LVL15-.LVL13
 5272 025c 16       		.uleb128 .LFE238-.LVL13
 5273 025d 0A       		.uleb128 0xa
 5274 025e A3       		.byte	0xa3
 5275 025f 03       		.uleb128 0x3
 5276 0260 A5       		.byte	0xa5
 5277 0261 01       		.uleb128 0x1
 5278 0262 26       		.uleb128 0x26
 5279 0263 A8       		.byte	0xa8
 5280 0264 2D       		.uleb128 0x2d
 5281 0265 A8       		.byte	0xa8
 5282 0266 00       		.uleb128 0
 5283 0267 9F       		.byte	0x9f
 5284 0268 00       		.byte	0
 5285              	.LVUS8:
 5286 0269 01       		.uleb128 .LVU76
 5287 026a 00       		.uleb128 .LVU81
 5288 026b 00       		.uleb128 .LVU81
 5289 026c 00       		.uleb128 .LVU87
 5290 026d 00       		.uleb128 .LVU87
 5291 026e 01       		.uleb128 .LVU89
 5292 026f 01       		.uleb128 .LVU89
 5293 0270 00       		.uleb128 0
 5294              	.LLST8:
 5295 0271 06       		.byte	0x6
 5296 0272 02000000 		.4byte	.LVL14
 5297 0276 04       		.byte	0x4
 5298 0277 00       		.uleb128 .LVL14-.LVL14
 5299 0278 04       		.uleb128 .LVL16-.LVL14
 5300 0279 01       		.uleb128 0x1
 5301 027a 50       		.byte	0x50
ARM GAS  /tmp/cch1p5GP.s 			page 94


 5302 027b 04       		.byte	0x4
 5303 027c 04       		.uleb128 .LVL16-.LVL14
 5304 027d 0A       		.uleb128 .LVL18-.LVL14
 5305 027e 01       		.uleb128 0x1
 5306 027f 53       		.byte	0x53
 5307 0280 04       		.byte	0x4
 5308 0281 0A       		.uleb128 .LVL18-.LVL14
 5309 0282 0E       		.uleb128 .LVL19-.LVL14
 5310 0283 03       		.uleb128 0x3
 5311 0284 73       		.byte	0x73
 5312 0285 7C       		.sleb128 -4
 5313 0286 9F       		.byte	0x9f
 5314 0287 04       		.byte	0x4
 5315 0288 0E       		.uleb128 .LVL19-.LVL14
 5316 0289 14       		.uleb128 .LFE238-.LVL14
 5317 028a 01       		.uleb128 0x1
 5318 028b 53       		.byte	0x53
 5319 028c 00       		.byte	0
 5320              	.LVUS9:
 5321 028d 00       		.uleb128 .LVU78
 5322 028e 00       		.uleb128 0
 5323              	.LLST9:
 5324 028f 08       		.byte	0x8
 5325 0290 04000000 		.4byte	.LVL15
 5326 0294 12       		.uleb128 .LFE238-.LVL15
 5327 0295 01       		.uleb128 0x1
 5328 0296 51       		.byte	0x51
 5329 0297 00       		.byte	0
 5330              	.LVUS10:
 5331 0298 01       		.uleb128 .LVU79
 5332 0299 00       		.uleb128 .LVU82
 5333 029a 00       		.uleb128 .LVU82
 5334 029b 00       		.uleb128 0
 5335              	.LLST10:
 5336 029c 06       		.byte	0x6
 5337 029d 04000000 		.4byte	.LVL15
 5338 02a1 04       		.byte	0x4
 5339 02a2 00       		.uleb128 .LVL15-.LVL15
 5340 02a3 04       		.uleb128 .LVL17-.LVL15
 5341 02a4 02       		.uleb128 0x2
 5342 02a5 30       		.byte	0x30
 5343 02a6 9F       		.byte	0x9f
 5344 02a7 04       		.byte	0x4
 5345 02a8 04       		.uleb128 .LVL17-.LVL15
 5346 02a9 12       		.uleb128 .LFE238-.LVL15
 5347 02aa 01       		.uleb128 0x1
 5348 02ab 50       		.byte	0x50
 5349 02ac 00       		.byte	0
 5350              	.LVUS11:
 5351 02ad 01       		.uleb128 .LVU83
 5352 02ae 03       		.uleb128 .LVU85
 5353              	.LLST11:
 5354 02af 08       		.byte	0x8
 5355 02b0 08000000 		.4byte	.LVL17
 5356 02b4 00       		.uleb128 .LVL17-.LVL17
 5357 02b5 02       		.uleb128 0x2
 5358 02b6 4F       		.byte	0x4f
ARM GAS  /tmp/cch1p5GP.s 			page 95


 5359 02b7 9F       		.byte	0x9f
 5360 02b8 00       		.byte	0
 5361              	.LVUS12:
 5362 02b9 01       		.uleb128 .LVU83
 5363 02ba 03       		.uleb128 .LVU85
 5364              	.LLST12:
 5365 02bb 08       		.byte	0x8
 5366 02bc 08000000 		.4byte	.LVL17
 5367 02c0 00       		.uleb128 .LVL17-.LVL17
 5368 02c1 01       		.uleb128 0x1
 5369 02c2 50       		.byte	0x50
 5370 02c3 00       		.byte	0
 5371              	.LVUS4:
 5372 02c4 00       		.uleb128 0
 5373 02c5 00       		.uleb128 .LVU56
 5374 02c6 00       		.uleb128 .LVU56
 5375 02c7 00       		.uleb128 .LVU66
 5376 02c8 00       		.uleb128 .LVU66
 5377 02c9 00       		.uleb128 0
 5378              	.LLST4:
 5379 02ca 06       		.byte	0x6
 5380 02cb 00000000 		.4byte	.LVL9
 5381 02cf 04       		.byte	0x4
 5382 02d0 00       		.uleb128 .LVL9-.LVL9
 5383 02d1 09       		.uleb128 .LVL10-1-.LVL9
 5384 02d2 01       		.uleb128 0x1
 5385 02d3 50       		.byte	0x50
 5386 02d4 04       		.byte	0x4
 5387 02d5 09       		.uleb128 .LVL10-1-.LVL9
 5388 02d6 24       		.uleb128 .LVL12-.LVL9
 5389 02d7 01       		.uleb128 0x1
 5390 02d8 55       		.byte	0x55
 5391 02d9 04       		.byte	0x4
 5392 02da 24       		.uleb128 .LVL12-.LVL9
 5393 02db 28       		.uleb128 .LFE236-.LVL9
 5394 02dc 0A       		.uleb128 0xa
 5395 02dd A3       		.byte	0xa3
 5396 02de 03       		.uleb128 0x3
 5397 02df A5       		.byte	0xa5
 5398 02e0 00       		.uleb128 0
 5399 02e1 26       		.uleb128 0x26
 5400 02e2 A8       		.byte	0xa8
 5401 02e3 2D       		.uleb128 0x2d
 5402 02e4 A8       		.byte	0xa8
 5403 02e5 00       		.uleb128 0
 5404 02e6 9F       		.byte	0x9f
 5405 02e7 00       		.byte	0
 5406              	.LVUS5:
 5407 02e8 00       		.uleb128 0
 5408 02e9 00       		.uleb128 .LVU56
 5409 02ea 00       		.uleb128 .LVU56
 5410 02eb 00       		.uleb128 .LVU66
 5411 02ec 00       		.uleb128 .LVU66
 5412 02ed 00       		.uleb128 0
 5413              	.LLST5:
 5414 02ee 06       		.byte	0x6
 5415 02ef 00000000 		.4byte	.LVL9
ARM GAS  /tmp/cch1p5GP.s 			page 96


 5416 02f3 04       		.byte	0x4
 5417 02f4 00       		.uleb128 .LVL9-.LVL9
 5418 02f5 09       		.uleb128 .LVL10-1-.LVL9
 5419 02f6 01       		.uleb128 0x1
 5420 02f7 51       		.byte	0x51
 5421 02f8 04       		.byte	0x4
 5422 02f9 09       		.uleb128 .LVL10-1-.LVL9
 5423 02fa 24       		.uleb128 .LVL12-.LVL9
 5424 02fb 01       		.uleb128 0x1
 5425 02fc 56       		.byte	0x56
 5426 02fd 04       		.byte	0x4
 5427 02fe 24       		.uleb128 .LVL12-.LVL9
 5428 02ff 28       		.uleb128 .LFE236-.LVL9
 5429 0300 0A       		.uleb128 0xa
 5430 0301 A3       		.byte	0xa3
 5431 0302 03       		.uleb128 0x3
 5432 0303 A5       		.byte	0xa5
 5433 0304 01       		.uleb128 0x1
 5434 0305 26       		.uleb128 0x26
 5435 0306 A8       		.byte	0xa8
 5436 0307 34       		.uleb128 0x34
 5437 0308 A8       		.byte	0xa8
 5438 0309 00       		.uleb128 0
 5439 030a 9F       		.byte	0x9f
 5440 030b 00       		.byte	0
 5441              	.LVUS1:
 5442 030c 00       		.uleb128 0
 5443 030d 00       		.uleb128 .LVU38
 5444 030e 00       		.uleb128 .LVU38
 5445 030f 00       		.uleb128 0
 5446              	.LLST1:
 5447 0310 06       		.byte	0x6
 5448 0311 00000000 		.4byte	.LVL4
 5449 0315 04       		.byte	0x4
 5450 0316 00       		.uleb128 .LVL4-.LVL4
 5451 0317 0B       		.uleb128 .LVL7-1-.LVL4
 5452 0318 01       		.uleb128 0x1
 5453 0319 50       		.byte	0x50
 5454 031a 04       		.byte	0x4
 5455 031b 0B       		.uleb128 .LVL7-1-.LVL4
 5456 031c 14       		.uleb128 .LFE235-.LVL4
 5457 031d 0A       		.uleb128 0xa
 5458 031e A3       		.byte	0xa3
 5459 031f 03       		.uleb128 0x3
 5460 0320 A5       		.byte	0xa5
 5461 0321 00       		.uleb128 0
 5462 0322 26       		.uleb128 0x26
 5463 0323 A8       		.byte	0xa8
 5464 0324 2D       		.uleb128 0x2d
 5465 0325 A8       		.byte	0xa8
 5466 0326 00       		.uleb128 0
 5467 0327 9F       		.byte	0x9f
 5468 0328 00       		.byte	0
 5469              	.LVUS2:
 5470 0329 05       		.uleb128 .LVU32
 5471 032a 00       		.uleb128 .LVU34
 5472              	.LLST2:
ARM GAS  /tmp/cch1p5GP.s 			page 97


 5473 032b 08       		.byte	0x8
 5474 032c 02000000 		.4byte	.LVL5
 5475 0330 06       		.uleb128 .LVL6-.LVL5
 5476 0331 03       		.uleb128 0x3
 5477 0332 08       		.byte	0x8
 5478 0333 20       		.byte	0x20
 5479 0334 9F       		.byte	0x9f
 5480 0335 00       		.byte	0
 5481              	.LVUS3:
 5482 0336 0A       		.uleb128 .LVU48
 5483 0337 00       		.uleb128 .LVU50
 5484              	.LLST3:
 5485 0338 08       		.byte	0x8
 5486 0339 0C000000 		.4byte	.LVL7
 5487 033d 06       		.uleb128 .LVL8-.LVL7
 5488 033e 02       		.uleb128 0x2
 5489 033f 30       		.byte	0x30
 5490 0340 9F       		.byte	0x9f
 5491 0341 00       		.byte	0
 5492              	.LVUS0:
 5493 0342 00       		.uleb128 0
 5494 0343 00       		.uleb128 .LVU11
 5495 0344 00       		.uleb128 .LVU11
 5496 0345 00       		.uleb128 .LVU24
 5497 0346 00       		.uleb128 .LVU24
 5498 0347 00       		.uleb128 0
 5499              	.LLST0:
 5500 0348 06       		.byte	0x6
 5501 0349 00000000 		.4byte	.LVL0
 5502 034d 04       		.byte	0x4
 5503 034e 00       		.uleb128 .LVL0-.LVL0
 5504 034f 07       		.uleb128 .LVL1-1-.LVL0
 5505 0350 01       		.uleb128 0x1
 5506 0351 50       		.byte	0x50
 5507 0352 04       		.byte	0x4
 5508 0353 07       		.uleb128 .LVL1-1-.LVL0
 5509 0354 2A       		.uleb128 .LVL3-.LVL0
 5510 0355 01       		.uleb128 0x1
 5511 0356 55       		.byte	0x55
 5512 0357 04       		.byte	0x4
 5513 0358 2A       		.uleb128 .LVL3-.LVL0
 5514 0359 30       		.uleb128 .LFE234-.LVL0
 5515 035a 0A       		.uleb128 0xa
 5516 035b A3       		.byte	0xa3
 5517 035c 03       		.uleb128 0x3
 5518 035d A5       		.byte	0xa5
 5519 035e 00       		.uleb128 0
 5520 035f 26       		.uleb128 0x26
 5521 0360 A8       		.byte	0xa8
 5522 0361 2D       		.uleb128 0x2d
 5523 0362 A8       		.byte	0xa8
 5524 0363 00       		.uleb128 0
 5525 0364 9F       		.byte	0x9f
 5526 0365 00       		.byte	0
 5527              	.Ldebug_loc3:
 5528              		.section	.debug_aranges,"",%progbits
 5529 0000 74000000 		.4byte	0x74
ARM GAS  /tmp/cch1p5GP.s 			page 98


 5530 0004 0200     		.2byte	0x2
 5531 0006 00000000 		.4byte	.Ldebug_info0
 5532 000a 04       		.byte	0x4
 5533 000b 00       		.byte	0
 5534 000c 0000     		.2byte	0
 5535 000e 0000     		.2byte	0
 5536 0010 00000000 		.4byte	.LFB233
 5537 0014 14000000 		.4byte	.LFE233-.LFB233
 5538 0018 00000000 		.4byte	.LFB234
 5539 001c 30000000 		.4byte	.LFE234-.LFB234
 5540 0020 00000000 		.4byte	.LFB235
 5541 0024 14000000 		.4byte	.LFE235-.LFB235
 5542 0028 00000000 		.4byte	.LFB236
 5543 002c 28000000 		.4byte	.LFE236-.LFB236
 5544 0030 00000000 		.4byte	.LFB237
 5545 0034 18000000 		.4byte	.LFE237-.LFB237
 5546 0038 00000000 		.4byte	.LFB238
 5547 003c 16000000 		.4byte	.LFE238-.LFB238
 5548 0040 00000000 		.4byte	.LFB239
 5549 0044 5C000000 		.4byte	.LFE239-.LFB239
 5550 0048 00000000 		.4byte	.LFB240
 5551 004c 68000000 		.4byte	.LFE240-.LFB240
 5552 0050 00000000 		.4byte	.LFB241
 5553 0054 7C000000 		.4byte	.LFE241-.LFB241
 5554 0058 00000000 		.4byte	.LFB242
 5555 005c 3C000000 		.4byte	.LFE242-.LFB242
 5556 0060 00000000 		.4byte	.LFB243
 5557 0064 B0000000 		.4byte	.LFE243-.LFB243
 5558 0068 00000000 		.4byte	.LFB244
 5559 006c 24000000 		.4byte	.LFE244-.LFB244
 5560 0070 00000000 		.4byte	0
 5561 0074 00000000 		.4byte	0
 5562              		.section	.debug_rnglists,"",%progbits
 5563              	.Ldebug_ranges0:
 5564 0000 52000000 		.4byte	.Ldebug_ranges3-.Ldebug_ranges2
 5565              	.Ldebug_ranges2:
 5566 0004 0500     		.2byte	0x5
 5567 0006 04       		.byte	0x4
 5568 0007 00       		.byte	0
 5569 0008 00000000 		.4byte	0
 5570              	.LLRL27:
 5571 000c 07       		.byte	0x7
 5572 000d 00000000 		.4byte	.LFB233
 5573 0011 14       		.uleb128 .LFE233-.LFB233
 5574 0012 07       		.byte	0x7
 5575 0013 00000000 		.4byte	.LFB234
 5576 0017 30       		.uleb128 .LFE234-.LFB234
 5577 0018 07       		.byte	0x7
 5578 0019 00000000 		.4byte	.LFB235
 5579 001d 14       		.uleb128 .LFE235-.LFB235
 5580 001e 07       		.byte	0x7
 5581 001f 00000000 		.4byte	.LFB236
 5582 0023 28       		.uleb128 .LFE236-.LFB236
 5583 0024 07       		.byte	0x7
 5584 0025 00000000 		.4byte	.LFB237
 5585 0029 18       		.uleb128 .LFE237-.LFB237
 5586 002a 07       		.byte	0x7
ARM GAS  /tmp/cch1p5GP.s 			page 99


 5587 002b 00000000 		.4byte	.LFB238
 5588 002f 16       		.uleb128 .LFE238-.LFB238
 5589 0030 07       		.byte	0x7
 5590 0031 00000000 		.4byte	.LFB239
 5591 0035 5C       		.uleb128 .LFE239-.LFB239
 5592 0036 07       		.byte	0x7
 5593 0037 00000000 		.4byte	.LFB240
 5594 003b 68       		.uleb128 .LFE240-.LFB240
 5595 003c 07       		.byte	0x7
 5596 003d 00000000 		.4byte	.LFB241
 5597 0041 7C       		.uleb128 .LFE241-.LFB241
 5598 0042 07       		.byte	0x7
 5599 0043 00000000 		.4byte	.LFB242
 5600 0047 3C       		.uleb128 .LFE242-.LFB242
 5601 0048 07       		.byte	0x7
 5602 0049 00000000 		.4byte	.LFB243
 5603 004d B001     		.uleb128 .LFE243-.LFB243
 5604 004f 07       		.byte	0x7
 5605 0050 00000000 		.4byte	.LFB244
 5606 0054 24       		.uleb128 .LFE244-.LFB244
 5607 0055 00       		.byte	0
 5608              	.Ldebug_ranges3:
 5609              		.section	.debug_line,"",%progbits
 5610              	.Ldebug_line0:
 5611 0000 F1050000 		.section	.debug_str,"MS",%progbits,1
 5611      0300CE01 
 5611      00000201 
 5611      FB0E0D00 
 5611      01010101 
 5612              	.LASF266:
 5613 0000 2F776F72 		.ascii	"/workspaces/tinySA\000"
 5613      6B737061 
 5613      6365732F 
 5613      74696E79 
 5613      534100
 5614              	.LASF264:
 5615 0013 474E5520 		.ascii	"GNU C11 13.2.1 20231009 -mcpu=cortex-m4 -mfloat-abi"
 5615      43313120 
 5615      31332E32 
 5615      2E312032 
 5615      30323331 
 5616 0046 3D686172 		.ascii	"=hard -mfpu=fpv4-sp-d16 -mno-thumb-interwork -mthum"
 5616      64202D6D 
 5616      6670753D 
 5616      66707634 
 5616      2D73702D 
 5617 0079 62202D6D 		.ascii	"b -march=armv7e-m+fp -ggdb -Og -std=c11 -fno-inline"
 5617      61726368 
 5617      3D61726D 
 5617      7637652D 
 5617      6D2B6670 
 5618 00ac 2D736D61 		.ascii	"-small-functions -fomit-frame-pointer -falign-funct"
 5618      6C6C2D66 
 5618      756E6374 
 5618      696F6E73 
 5618      202D666F 
 5619 00df 696F6E73 		.ascii	"ions=16 -fstack-usage -ffunction-sections -fdata-se"
ARM GAS  /tmp/cch1p5GP.s 			page 100


 5619      3D313620 
 5619      2D667374 
 5619      61636B2D 
 5619      75736167 
 5620 0112 6374696F 		.ascii	"ctions -fno-common -fsingle-precision-constant\000"
 5620      6E73202D 
 5620      666E6F2D 
 5620      636F6D6D 
 5620      6F6E202D 
 5621              	.LASF234:
 5622 0141 696E7465 		.ascii	"interval\000"
 5622      7276616C 
 5622      00
 5623              	.LASF156:
 5624 014a 6D6F6475 		.ascii	"modulation\000"
 5624      6C617469 
 5624      6F6E00
 5625              	.LASF159:
 5626 0155 74726967 		.ascii	"trigger_direction\000"
 5626      6765725F 
 5626      64697265 
 5626      6374696F 
 5626      6E00
 5627              	.LASF49:
 5628 0167 72656761 		.ascii	"regarm_t\000"
 5628      726D5F74 
 5628      00
 5629              	.LASF243:
 5630 0170 75706461 		.ascii	"update_frequencies\000"
 5630      74655F66 
 5630      72657175 
 5630      656E6369 
 5630      657300
 5631              	.LASF172:
 5632 0183 74726163 		.ascii	"tracking\000"
 5632      6B696E67 
 5632      00
 5633              	.LASF168:
 5634 018c 73707572 		.ascii	"spur_removal\000"
 5634      5F72656D 
 5634      6F76616C 
 5634      00
 5635              	.LASF33:
 5636 0199 666C6167 		.ascii	"flags\000"
 5636      7300
 5637              	.LASF24:
 5638 019f 73797374 		.ascii	"systime_t\000"
 5638      696D655F 
 5638      7400
 5639              	.LASF227:
 5640 01a9 61637475 		.ascii	"actual_sweep_time_us\000"
 5640      616C5F73 
 5640      77656570 
 5640      5F74696D 
 5640      655F7573 
 5641              	.LASF239:
 5642 01be 75706461 		.ascii	"update_rbw\000"
ARM GAS  /tmp/cch1p5GP.s 			page 101


 5642      74655F72 
 5642      627700
 5643              	.LASF66:
 5644 01c9 64657669 		.ascii	"deviceid\000"
 5644      63656964 
 5644      00
 5645              	.LASF151:
 5646 01d2 6E6F726D 		.ascii	"normalized\000"
 5646      616C697A 
 5646      656400
 5647              	.LASF257:
 5648 01dd 666C6173 		.ascii	"flash_erase_page\000"
 5648      685F6572 
 5648      6173655F 
 5648      70616765 
 5648      00
 5649              	.LASF40:
 5650 01ee 6E657874 		.ascii	"next\000"
 5650      00
 5651              	.LASF221:
 5652 01f3 74726163 		.ascii	"trace_scale\000"
 5652      655F7363 
 5652      616C6500 
 5653              	.LASF37:
 5654 01ff 74687265 		.ascii	"threads_list_t\000"
 5654      6164735F 
 5654      6C697374 
 5654      5F7400
 5655              	.LASF251:
 5656 020e 636F6E66 		.ascii	"config_save\000"
 5656      69675F73 
 5656      61766500 
 5657              	.LASF87:
 5658 021a 64726976 		.ascii	"drive1_level_offset\000"
 5658      65315F6C 
 5658      6576656C 
 5658      5F6F6666 
 5658      73657400 
 5659              	.LASF34:
 5660 022e 72656673 		.ascii	"refs\000"
 5660      00
 5661              	.LASF68:
 5662 0233 746F7563 		.ascii	"touch_cal\000"
 5662      685F6361 
 5662      6C00
 5663              	.LASF179:
 5664 023d 74657374 		.ascii	"test\000"
 5664      00
 5665              	.LASF210:
 5666 0242 65787465 		.ascii	"external_gain\000"
 5666      726E616C 
 5666      5F676169 
 5666      6E00
 5667              	.LASF55:
 5668 0250 77746F62 		.ascii	"wtobjp\000"
 5668      6A7000
 5669              	.LASF261:
ARM GAS  /tmp/cch1p5GP.s 			page 102


 5670 0257 706F7274 		.ascii	"port_lock\000"
 5670      5F6C6F63 
 5670      6B00
 5671              	.LASF135:
 5672 0261 6C657665 		.ascii	"level\000"
 5672      6C00
 5673              	.LASF77:
 5674 0267 72656365 		.ascii	"receive_switch_offset\000"
 5674      6976655F 
 5674      73776974 
 5674      63685F6F 
 5674      66667365 
 5675              	.LASF246:
 5676 027d 63616C64 		.ascii	"caldata_pointer\000"
 5676      6174615F 
 5676      706F696E 
 5676      74657200 
 5677              	.LASF70:
 5678 028d 6461635F 		.ascii	"dac_value\000"
 5678      76616C75 
 5678      6500
 5679              	.LASF208:
 5680 0297 7265666C 		.ascii	"reflevel\000"
 5680      6576656C 
 5680      00
 5681              	.LASF44:
 5682 02a0 4B455952 		.ascii	"KEYR\000"
 5682      00
 5683              	.LASF259:
 5684 02a5 63685379 		.ascii	"chSysLock\000"
 5684      734C6F63 
 5684      6B00
 5685              	.LASF138:
 5686 02af 73746172 		.ascii	"start_index\000"
 5686      745F696E 
 5686      64657800 
 5687              	.LASF153:
 5688 02bb 6D6F6465 		.ascii	"mode\000"
 5688      00
 5689              	.LASF43:
 5690 02c0 70726576 		.ascii	"prev\000"
 5690      00
 5691              	.LASF191:
 5692 02c5 6C696E65 		.ascii	"linearity_step\000"
 5692      61726974 
 5692      795F7374 
 5692      657000
 5693              	.LASF46:
 5694 02d4 52455345 		.ascii	"RESERVED\000"
 5694      52564544 
 5694      00
 5695              	.LASF93:
 5696 02dd 756C7472 		.ascii	"ultra_lna_level_offset\000"
 5696      615F6C6E 
 5696      615F6C65 
 5696      76656C5F 
 5696      6F666673 
ARM GAS  /tmp/cch1p5GP.s 			page 103


 5697              	.LASF104:
 5698 02f4 6861726D 		.ascii	"harmonic_start\000"
 5698      6F6E6963 
 5698      5F737461 
 5698      727400
 5699              	.LASF152:
 5700 0303 62616E64 		.ascii	"bands\000"
 5700      7300
 5701              	.LASF240:
 5702 0309 7365745F 		.ascii	"set_level_meter_or_waterfall\000"
 5702      6C657665 
 5702      6C5F6D65 
 5702      7465725F 
 5702      6F725F77 
 5703              	.LASF120:
 5704 0326 6E6F5F61 		.ascii	"no_audio_agc\000"
 5704      7564696F 
 5704      5F616763 
 5704      00
 5705              	.LASF202:
 5706 0333 736C6964 		.ascii	"slider_position\000"
 5706      65725F70 
 5706      6F736974 
 5706      696F6E00 
 5707              	.LASF105:
 5708 0343 64697265 		.ascii	"direct_start\000"
 5708      63745F73 
 5708      74617274 
 5708      00
 5709              	.LASF170:
 5710 0350 6E6F726D 		.ascii	"normalized_trace\000"
 5710      616C697A 
 5710      65645F74 
 5710      72616365 
 5710      00
 5711              	.LASF12:
 5712 0361 696E7436 		.ascii	"int64_t\000"
 5712      345F7400 
 5713              	.LASF194:
 5714 0369 73746570 		.ascii	"step_delay\000"
 5714      5F64656C 
 5714      617900
 5715              	.LASF141:
 5716 0374 73657474 		.ascii	"setting\000"
 5716      696E6700 
 5717              	.LASF73:
 5718 037c 6C6F775F 		.ascii	"low_level_offset\000"
 5718      6C657665 
 5718      6C5F6F66 
 5718      66736574 
 5718      00
 5719              	.LASF16:
 5720 038d 75696E74 		.ascii	"uint32_t\000"
 5720      33325F74 
 5720      00
 5721              	.LASF6:
 5722 0396 696E7438 		.ascii	"int8_t\000"
ARM GAS  /tmp/cch1p5GP.s 			page 104


 5722      5F7400
 5723              	.LASF236:
 5724 039d 64427556 		.ascii	"dBuV\000"
 5724      00
 5725              	.LASF244:
 5726 03a2 75706461 		.ascii	"update_min_max_freq\000"
 5726      74655F6D 
 5726      696E5F6D 
 5726      61785F66 
 5726      72657100 
 5727              	.LASF216:
 5728 03b6 66726571 		.ascii	"frequency0\000"
 5728      75656E63 
 5728      793000
 5729              	.LASF217:
 5730 03c1 66726571 		.ascii	"frequency1\000"
 5730      75656E63 
 5730      793100
 5731              	.LASF245:
 5732 03cc 63616C64 		.ascii	"caldata_recall\000"
 5732      6174615F 
 5732      72656361 
 5732      6C6C00
 5733              	.LASF148:
 5734 03db 73776565 		.ascii	"sweep\000"
 5734      7000
 5735              	.LASF60:
 5736 03e1 666C6F61 		.ascii	"float\000"
 5736      7400
 5737              	.LASF74:
 5738 03e7 68696768 		.ascii	"high_level_offset\000"
 5738      5F6C6576 
 5738      656C5F6F 
 5738      66667365 
 5738      7400
 5739              	.LASF127:
 5740 03f9 63686563 		.ascii	"checksum\000"
 5740      6B73756D 
 5740      00
 5741              	.LASF144:
 5742 0402 6D697272 		.ascii	"mirror_masking\000"
 5742      6F725F6D 
 5742      61736B69 
 5742      6E6700
 5743              	.LASF22:
 5744 0411 74707269 		.ascii	"tprio_t\000"
 5744      6F5F7400 
 5745              	.LASF166:
 5746 0419 73756274 		.ascii	"subtract\000"
 5746      72616374 
 5746      00
 5747              	.LASF248:
 5748 0422 636F756E 		.ascii	"count\000"
 5748      7400
 5749              	.LASF132:
 5750 0428 696E6465 		.ascii	"index\000"
 5750      7800
ARM GAS  /tmp/cch1p5GP.s 			page 105


 5751              	.LASF0:
 5752 042e 6C6F6E67 		.ascii	"long long unsigned int\000"
 5752      206C6F6E 
 5752      6720756E 
 5752      7369676E 
 5752      65642069 
 5753              	.LASF8:
 5754 0445 696E7431 		.ascii	"int16_t\000"
 5754      365F7400 
 5755              	.LASF90:
 5756 044d 64697265 		.ascii	"direct_level_offset\000"
 5756      63745F6C 
 5756      6576656C 
 5756      5F6F6666 
 5756      73657400 
 5757              	.LASF89:
 5758 0461 64726976 		.ascii	"drive3_level_offset\000"
 5758      65335F6C 
 5758      6576656C 
 5758      5F6F6666 
 5758      73657400 
 5759              	.LASF51:
 5760 0475 706F7274 		.ascii	"port_context\000"
 5760      5F636F6E 
 5760      74657874 
 5760      00
 5761              	.LASF45:
 5762 0482 4F50544B 		.ascii	"OPTKEYR\000"
 5762      45595200 
 5763              	.LASF131:
 5764 048a 74726163 		.ascii	"trace\000"
 5764      6500
 5765              	.LASF188:
 5766 0490 6D756C74 		.ascii	"multi_trace\000"
 5766      695F7472 
 5766      61636500 
 5767              	.LASF124:
 5768 049c 73776974 		.ascii	"switch_offset\000"
 5768      63685F6F 
 5768      66667365 
 5768      7400
 5769              	.LASF226:
 5770 04aa 6D656173 		.ascii	"measure_sweep_time_us\000"
 5770      7572655F 
 5770      73776565 
 5770      705F7469 
 5770      6D655F75 
 5771              	.LASF231:
 5772 04c0 6578705F 		.ascii	"exp_aver\000"
 5772      61766572 
 5772      00
 5773              	.LASF39:
 5774 04c9 63685F74 		.ascii	"ch_threads_list\000"
 5774      68726561 
 5774      64735F6C 
 5774      69737400 
 5775              	.LASF85:
ARM GAS  /tmp/cch1p5GP.s 			page 106


 5776 04d9 73686966 		.ascii	"shift3_level_offset\000"
 5776      74335F6C 
 5776      6576656C 
 5776      5F6F6666 
 5776      73657400 
 5777              	.LASF173:
 5778 04ed 61747465 		.ascii	"atten_step\000"
 5778      6E5F7374 
 5778      657000
 5779              	.LASF75:
 5780 04f8 6C6F775F 		.ascii	"low_level_output_offset\000"
 5780      6C657665 
 5780      6C5F6F75 
 5780      74707574 
 5780      5F6F6666 
 5781              	.LASF262:
 5782 0510 63685379 		.ascii	"chSysUnlock\000"
 5782      73556E6C 
 5782      6F636B00 
 5783              	.LASF121:
 5784 051c 77666D5F 		.ascii	"wfm_1khz_harmonic\000"
 5784      316B687A 
 5784      5F686172 
 5784      6D6F6E69 
 5784      6300
 5785              	.LASF126:
 5786 052e 64756D6D 		.ascii	"dummy\000"
 5786      7900
 5787              	.LASF80:
 5788 0534 6861726D 		.ascii	"harmonic_level_offset\000"
 5788      6F6E6963 
 5788      5F6C6576 
 5788      656C5F6F 
 5788      66667365 
 5789              	.LASF154:
 5790 054a 62656C6F 		.ascii	"below_IF\000"
 5790      775F4946 
 5790      00
 5791              	.LASF41:
 5792 0553 74687265 		.ascii	"threads_queue_t\000"
 5792      6164735F 
 5792      71756575 
 5792      655F7400 
 5793              	.LASF252:
 5794 0563 76616C75 		.ascii	"value\000"
 5794      6500
 5795              	.LASF63:
 5796 0569 756C7472 		.ascii	"ultra_start\000"
 5796      615F7374 
 5796      61727400 
 5797              	.LASF67:
 5798 0575 6C63645F 		.ascii	"lcd_palette\000"
 5798      70616C65 
 5798      74746500 
 5799              	.LASF249:
 5800 0581 7461696C 		.ascii	"tail\000"
 5800      00
ARM GAS  /tmp/cch1p5GP.s 			page 107


 5801              	.LASF88:
 5802 0586 64726976 		.ascii	"drive2_level_offset\000"
 5802      65325F6C 
 5802      6576656C 
 5802      5F6F6666 
 5802      73657400 
 5803              	.LASF25:
 5804 059a 74687265 		.ascii	"thread_t\000"
 5804      61645F74 
 5804      00
 5805              	.LASF195:
 5806 05a3 6F666673 		.ascii	"offset_delay\000"
 5806      65745F64 
 5806      656C6179 
 5806      00
 5807              	.LASF84:
 5808 05b0 73686966 		.ascii	"shift2_level_offset\000"
 5808      74325F6C 
 5808      6576656C 
 5808      5F6F6666 
 5808      73657400 
 5809              	.LASF143:
 5810 05c4 6175746F 		.ascii	"auto_attenuation\000"
 5810      5F617474 
 5810      656E7561 
 5810      74696F6E 
 5810      00
 5811              	.LASF164:
 5812 05d5 6C657665 		.ascii	"level_meter\000"
 5812      6C5F6D65 
 5812      74657200 
 5813              	.LASF5:
 5814 05e1 73697A65 		.ascii	"size_t\000"
 5814      5F7400
 5815              	.LASF53:
 5816 05e8 7264796D 		.ascii	"rdymsg\000"
 5816      736700
 5817              	.LASF206:
 5818 05ef 7363616E 		.ascii	"scan_after_dirty\000"
 5818      5F616674 
 5818      65725F64 
 5818      69727479 
 5818      00
 5819              	.LASF223:
 5820 0600 5F6D6172 		.ascii	"_markers\000"
 5820      6B657273 
 5820      00
 5821              	.LASF129:
 5822 0609 6D747970 		.ascii	"mtype\000"
 5822      6500
 5823              	.LASF114:
 5824 060f 636F725F 		.ascii	"cor_nfm2\000"
 5824      6E666D32 
 5824      00
 5825              	.LASF115:
 5826 0618 636F725F 		.ascii	"cor_nfm3\000"
 5826      6E666D33 
ARM GAS  /tmp/cch1p5GP.s 			page 108


 5826      00
 5827              	.LASF187:
 5828 0621 6D756C74 		.ascii	"multi_band\000"
 5828      695F6261 
 5828      6E6400
 5829              	.LASF214:
 5830 062c 6E6F726D 		.ascii	"normalize_level\000"
 5830      616C697A 
 5830      655F6C65 
 5830      76656C00 
 5831              	.LASF58:
 5832 063c 5F426F6F 		.ascii	"_Bool\000"
 5832      6C00
 5833              	.LASF86:
 5834 0642 73686966 		.ascii	"shift4_level_offset\000"
 5834      74345F6C 
 5834      6576656C 
 5834      5F6F6666 
 5834      73657400 
 5835              	.LASF95:
 5836 0656 64697265 		.ascii	"direct_level_output_offset\000"
 5836      63745F6C 
 5836      6576656C 
 5836      5F6F7574 
 5836      7075745F 
 5837              	.LASF83:
 5838 0671 73686966 		.ascii	"shift1_level_offset\000"
 5838      74315F6C 
 5838      6576656C 
 5838      5F6F6666 
 5838      73657400 
 5839              	.LASF182:
 5840 0685 66617374 		.ascii	"faster_speedup\000"
 5840      65725F73 
 5840      70656564 
 5840      757000
 5841              	.LASF171:
 5842 0694 6C697374 		.ascii	"listen\000"
 5842      656E00
 5843              	.LASF269:
 5844 069b 666C6173 		.ascii	"flash_erase_page0\000"
 5844      685F6572 
 5844      6173655F 
 5844      70616765 
 5844      3000
 5845              	.LASF139:
 5846 06ad 73746F70 		.ascii	"stop_index\000"
 5846      5F696E64 
 5846      657800
 5847              	.LASF100:
 5848 06b8 67726964 		.ascii	"gridlines\000"
 5848      6C696E65 
 5848      7300
 5849              	.LASF71:
 5850 06c2 76626174 		.ascii	"vbat_offset\000"
 5850      5F6F6666 
 5850      73657400 
ARM GAS  /tmp/cch1p5GP.s 			page 109


 5851              	.LASF192:
 5852 06ce 5F737765 		.ascii	"_sweep_points\000"
 5852      65705F70 
 5852      6F696E74 
 5852      7300
 5853              	.LASF113:
 5854 06dc 636F725F 		.ascii	"cor_nfm\000"
 5854      6E666D00 
 5855              	.LASF27:
 5856 06e4 7072696F 		.ascii	"prio\000"
 5856      00
 5857              	.LASF230:
 5858 06e9 65787472 		.ascii	"extra_lna\000"
 5858      615F6C6E 
 5858      6100
 5859              	.LASF57:
 5860 06f3 63686172 		.ascii	"char\000"
 5860      00
 5861              	.LASF241:
 5862 06f8 7365745F 		.ascii	"set_reflevel\000"
 5862      7265666C 
 5862      6576656C 
 5862      00
 5863              	.LASF111:
 5864 0705 5F6D6F64 		.ascii	"_mode\000"
 5864      6500
 5865              	.LASF36:
 5866 070b 74687265 		.ascii	"thread_reference_t\000"
 5866      61645F72 
 5866      65666572 
 5866      656E6365 
 5866      5F7400
 5867              	.LASF31:
 5868 071e 77616261 		.ascii	"wabase\000"
 5868      736500
 5869              	.LASF101:
 5870 0725 68616D62 		.ascii	"hambands\000"
 5870      616E6473 
 5870      00
 5871              	.LASF134:
 5872 072e 6D61726B 		.ascii	"marker_t\000"
 5872      65725F74 
 5872      00
 5873              	.LASF20:
 5874 0737 74737461 		.ascii	"tstate_t\000"
 5874      74655F74 
 5874      00
 5875              	.LASF185:
 5876 0740 6C6F636B 		.ascii	"lock_display\000"
 5876      5F646973 
 5876      706C6179 
 5876      00
 5877              	.LASF190:
 5878 074d 72657065 		.ascii	"repeat\000"
 5878      617400
 5879              	.LASF272:
 5880 0754 5F5F524F 		.ascii	"__ROR\000"
ARM GAS  /tmp/cch1p5GP.s 			page 110


 5880      5200
 5881              	.LASF256:
 5882 075a 64617461 		.ascii	"data\000"
 5882      00
 5883              	.LASF3:
 5884 075f 6C6F6E67 		.ascii	"long long int\000"
 5884      206C6F6E 
 5884      6720696E 
 5884      7400
 5885              	.LASF142:
 5886 076d 6175746F 		.ascii	"auto_reflevel\000"
 5886      5F726566 
 5886      6C657665 
 5886      6C00
 5887              	.LASF218:
 5888 077b 66726571 		.ascii	"frequency_var\000"
 5888      75656E63 
 5888      795F7661 
 5888      7200
 5889              	.LASF107:
 5890 0789 6F766572 		.ascii	"overclock\000"
 5890      636C6F63 
 5890      6B00
 5891              	.LASF250:
 5892 0793 636F6E66 		.ascii	"config_recall\000"
 5892      69675F72 
 5892      6563616C 
 5892      6C00
 5893              	.LASF13:
 5894 07a1 75696E74 		.ascii	"uint8_t\000"
 5894      385F7400 
 5895              	.LASF220:
 5896 07a9 66726571 		.ascii	"frequency_offset\000"
 5896      75656E63 
 5896      795F6F66 
 5896      66736574 
 5896      00
 5897              	.LASF184:
 5898 07ba 64726177 		.ascii	"draw_line\000"
 5898      5F6C696E 
 5898      6500
 5899              	.LASF7:
 5900 07c4 7369676E 		.ascii	"signed char\000"
 5900      65642063 
 5900      68617200 
 5901              	.LASF140:
 5902 07d0 62616E64 		.ascii	"band_t\000"
 5902      5F7400
 5903              	.LASF203:
 5904 07d7 736C6964 		.ascii	"slider_span\000"
 5904      65725F73 
 5904      70616E00 
 5905              	.LASF38:
 5906 07e3 63685F74 		.ascii	"ch_thread\000"
 5906      68726561 
 5906      6400
 5907              	.LASF155:
ARM GAS  /tmp/cch1p5GP.s 			page 111


 5908 07ed 756E6974 		.ascii	"unit\000"
 5908      00
 5909              	.LASF117:
 5910 07f2 666C6970 		.ascii	"flip\000"
 5910      00
 5911              	.LASF119:
 5912 07f7 68696465 		.ascii	"hide_21MHz\000"
 5912      5F32314D 
 5912      487A00
 5913              	.LASF42:
 5914 0802 63685F74 		.ascii	"ch_threads_queue\000"
 5914      68726561 
 5914      64735F71 
 5914      75657565 
 5914      00
 5915              	.LASF177:
 5916 0813 6C6F5F64 		.ascii	"lo_drive\000"
 5916      72697665 
 5916      00
 5917              	.LASF183:
 5918 081c 5F747261 		.ascii	"_traces\000"
 5918      63657300 
 5919              	.LASF110:
 5920 0824 6F757470 		.ascii	"output_is_calibrated\000"
 5920      75745F69 
 5920      735F6361 
 5920      6C696272 
 5920      61746564 
 5921              	.LASF199:
 5922 0839 6D6F6475 		.ascii	"modulation_deviation_div100\000"
 5922      6C617469 
 5922      6F6E5F64 
 5922      65766961 
 5922      74696F6E 
 5923              	.LASF23:
 5924 0855 6D73675F 		.ascii	"msg_t\000"
 5924      7400
 5925              	.LASF147:
 5926 085b 6175746F 		.ascii	"auto_IF\000"
 5926      5F494600 
 5927              	.LASF213:
 5928 0863 756E6974 		.ascii	"unit_scale\000"
 5928      5F736361 
 5928      6C6500
 5929              	.LASF224:
 5930 086e 6C696D69 		.ascii	"limits\000"
 5930      747300
 5931              	.LASF233:
 5932 0875 6D697865 		.ascii	"mixer_output\000"
 5932      725F6F75 
 5932      74707574 
 5932      00
 5933              	.LASF209:
 5934 0882 7363616C 		.ascii	"scale\000"
 5934      6500
 5935              	.LASF91:
 5936 0888 756C7472 		.ascii	"ultra_level_offset\000"
ARM GAS  /tmp/cch1p5GP.s 			page 112


 5936      615F6C65 
 5936      76656C5F 
 5936      6F666673 
 5936      657400
 5937              	.LASF242:
 5938 089b 7365745F 		.ascii	"set_scale\000"
 5938      7363616C 
 5938      6500
 5939              	.LASF204:
 5940 08a5 7262775F 		.ascii	"rbw_x10\000"
 5940      78313000 
 5941              	.LASF99:
 5942 08ad 73657474 		.ascii	"setting_frequency_30mhz\000"
 5942      696E675F 
 5942      66726571 
 5942      75656E63 
 5942      795F3330 
 5943              	.LASF160:
 5944 08c5 74726967 		.ascii	"trigger_beep\000"
 5944      6765725F 
 5944      62656570 
 5944      00
 5945              	.LASF146:
 5946 08d2 6D757465 		.ascii	"mute\000"
 5946      00
 5947              	.LASF189:
 5948 08d7 74726967 		.ascii	"trigger_trace\000"
 5948      6765725F 
 5948      74726163 
 5948      6500
 5949              	.LASF116:
 5950 08e5 5F627269 		.ascii	"_brightness\000"
 5950      6768746E 
 5950      65737300 
 5951              	.LASF197:
 5952 08f1 72656665 		.ascii	"refer\000"
 5952      7200
 5953              	.LASF157:
 5954 08f7 74726967 		.ascii	"trigger\000"
 5954      67657200 
 5955              	.LASF237:
 5956 08ff 74657374 		.ascii	"test_argument\000"
 5956      5F617267 
 5956      756D656E 
 5956      7400
 5957              	.LASF247:
 5958 090d 63616C64 		.ascii	"caldata_save\000"
 5958      6174615F 
 5958      73617665 
 5958      00
 5959              	.LASF19:
 5960 091a 746D6F64 		.ascii	"tmode_t\000"
 5960      655F7400 
 5961              	.LASF47:
 5962 0922 57525052 		.ascii	"WRPR\000"
 5962      00
 5963              	.LASF253:
ARM GAS  /tmp/cch1p5GP.s 			page 113


 5964 0927 636C6561 		.ascii	"clear_all_config_prop_data\000"
 5964      725F616C 
 5964      6C5F636F 
 5964      6E666967 
 5964      5F70726F 
 5965              	.LASF136:
 5966 0942 6C696D69 		.ascii	"limit_t\000"
 5966      745F7400 
 5967              	.LASF4:
 5968 094a 6C6F6E67 		.ascii	"long double\000"
 5968      20646F75 
 5968      626C6500 
 5969              	.LASF15:
 5970 0956 75696E74 		.ascii	"uint16_t\000"
 5970      31365F74 
 5970      00
 5971              	.LASF14:
 5972 095f 756E7369 		.ascii	"unsigned char\000"
 5972      676E6564 
 5972      20636861 
 5972      7200
 5973              	.LASF64:
 5974 096d 636F6E66 		.ascii	"config\000"
 5974      696700
 5975              	.LASF212:
 5976 0974 6C657665 		.ascii	"level_sweep\000"
 5976      6C5F7377 
 5976      65657000 
 5977              	.LASF145:
 5978 0980 74726163 		.ascii	"tracking_output\000"
 5978      6B696E67 
 5978      5F6F7574 
 5978      70757400 
 5979              	.LASF96:
 5980 0990 6E6F6973 		.ascii	"noise_figure\000"
 5980      655F6669 
 5980      67757265 
 5980      00
 5981              	.LASF130:
 5982 099d 656E6162 		.ascii	"enabled\000"
 5982      6C656400 
 5983              	.LASF72:
 5984 09a5 636F725F 		.ascii	"cor_am\000"
 5984      616D00
 5985              	.LASF265:
 5986 09ac 666C6173 		.ascii	"flash.c\000"
 5986      682E6300 
 5987              	.LASF9:
 5988 09b4 73686F72 		.ascii	"short int\000"
 5988      7420696E 
 5988      7400
 5989              	.LASF150:
 5990 09be 73746F72 		.ascii	"stored\000"
 5990      656400
 5991              	.LASF232:
 5992 09c5 696E6372 		.ascii	"increased_R\000"
 5992      65617365 
ARM GAS  /tmp/cch1p5GP.s 			page 114


 5992      645F5200 
 5993              	.LASF162:
 5994 09d1 73746570 		.ascii	"step_delay_mode\000"
 5994      5F64656C 
 5994      61795F6D 
 5994      6F646500 
 5995              	.LASF11:
 5996 09e1 6C6F6E67 		.ascii	"long int\000"
 5996      20696E74 
 5996      00
 5997              	.LASF52:
 5998 09ea 706F7274 		.ascii	"port_intctx\000"
 5998      5F696E74 
 5998      63747800 
 5999              	.LASF181:
 6000 09f6 66617374 		.ascii	"fast_speedup\000"
 6000      5F737065 
 6000      65647570 
 6000      00
 6001              	.LASF222:
 6002 0a03 74726163 		.ascii	"trace_refpos\000"
 6002      655F7265 
 6002      66706F73 
 6002      00
 6003              	.LASF238:
 6004 0a10 73657474 		.ascii	"setting_t\000"
 6004      696E675F 
 6004      7400
 6005              	.LASF76:
 6006 0a1a 68696768 		.ascii	"high_level_output_offset\000"
 6006      5F6C6576 
 6006      656C5F6F 
 6006      75747075 
 6006      745F6F66 
 6007              	.LASF198:
 6008 0a33 6D6F6475 		.ascii	"modulation_depth_x100\000"
 6008      6C617469 
 6008      6F6E5F64 
 6008      65707468 
 6008      5F783130 
 6009              	.LASF263:
 6010 0a49 5F5F7365 		.ascii	"__set_BASEPRI\000"
 6010      745F4241 
 6010      53455052 
 6010      4900
 6011              	.LASF82:
 6012 0a57 73686966 		.ascii	"shift_level_offset\000"
 6012      745F6C65 
 6012      76656C5F 
 6012      6F666673 
 6012      657400
 6013              	.LASF178:
 6014 0a6a 72785F64 		.ascii	"rx_drive\000"
 6014      72697665 
 6014      00
 6015              	.LASF18:
 6016 0a73 75696E74 		.ascii	"uint64_t\000"
ARM GAS  /tmp/cch1p5GP.s 			page 115


 6016      36345F74 
 6016      00
 6017              	.LASF123:
 6018 0a7c 73776565 		.ascii	"sweep_voltage\000"
 6018      705F766F 
 6018      6C746167 
 6018      6500
 6019              	.LASF205:
 6020 0a8a 7662775F 		.ascii	"vbw_x100\000"
 6020      78313030 
 6020      00
 6021              	.LASF169:
 6022 0a93 64697361 		.ascii	"disable_correction\000"
 6022      626C655F 
 6022      636F7272 
 6022      65637469 
 6022      6F6E00
 6023              	.LASF92:
 6024 0aa6 64697265 		.ascii	"direct_lna_level_offset\000"
 6024      63745F6C 
 6024      6E615F6C 
 6024      6576656C 
 6024      5F6F6666 
 6025              	.LASF94:
 6026 0abe 6164665F 		.ascii	"adf_level_offset\000"
 6026      6C657665 
 6026      6C5F6F66 
 6026      66736574 
 6026      00
 6027              	.LASF30:
 6028 0acf 6E616D65 		.ascii	"name\000"
 6028      00
 6029              	.LASF137:
 6030 0ad4 73746172 		.ascii	"start\000"
 6030      7400
 6031              	.LASF1:
 6032 0ada 756E7369 		.ascii	"unsigned int\000"
 6032      676E6564 
 6032      20696E74 
 6032      00
 6033              	.LASF102:
 6034 0ae7 66726571 		.ascii	"frequency_IF1\000"
 6034      75656E63 
 6034      795F4946 
 6034      3100
 6035              	.LASF103:
 6036 0af5 66726571 		.ascii	"frequency_IF2\000"
 6036      75656E63 
 6036      795F4946 
 6036      3200
 6037              	.LASF65:
 6038 0b03 6D616769 		.ascii	"magic\000"
 6038      6300
 6039              	.LASF174:
 6040 0b09 5F616374 		.ascii	"_active_marker\000"
 6040      6976655F 
 6040      6D61726B 
ARM GAS  /tmp/cch1p5GP.s 			page 116


 6040      657200
 6041              	.LASF254:
 6042 0b18 666C6173 		.ascii	"flash_program_half_word\000"
 6042      685F7072 
 6042      6F677261 
 6042      6D5F6861 
 6042      6C665F77 
 6043              	.LASF268:
 6044 0b30 666C6173 		.ascii	"flash_unlock\000"
 6044      685F756E 
 6044      6C6F636B 
 6044      00
 6045              	.LASF21:
 6046 0b3d 74726566 		.ascii	"trefs_t\000"
 6046      735F7400 
 6047              	.LASF78:
 6048 0b45 6F75745F 		.ascii	"out_switch_offset\000"
 6048      73776974 
 6048      63685F6F 
 6048      66667365 
 6048      7400
 6049              	.LASF17:
 6050 0b57 6C6F6E67 		.ascii	"long unsigned int\000"
 6050      20756E73 
 6050      69676E65 
 6050      6420696E 
 6050      7400
 6051              	.LASF255:
 6052 0b69 61646472 		.ascii	"address\000"
 6052      65737300 
 6053              	.LASF158:
 6054 0b71 74726967 		.ascii	"trigger_mode\000"
 6054      6765725F 
 6054      6D6F6465 
 6054      00
 6055              	.LASF69:
 6056 0b7e 5F736572 		.ascii	"_serial_speed\000"
 6056      69616C5F 
 6056      73706565 
 6056      6400
 6057              	.LASF10:
 6058 0b8c 696E7433 		.ascii	"int32_t\000"
 6058      325F7400 
 6059              	.LASF219:
 6060 0b94 66726571 		.ascii	"frequency_IF\000"
 6060      75656E63 
 6060      795F4946 
 6060      00
 6061              	.LASF26:
 6062 0ba1 71756575 		.ascii	"queue\000"
 6062      6500
 6063              	.LASF167:
 6064 0ba7 6D656173 		.ascii	"measurement\000"
 6064      7572656D 
 6064      656E7400 
 6065              	.LASF28:
 6066 0bb3 6E657765 		.ascii	"newer\000"
ARM GAS  /tmp/cch1p5GP.s 			page 117


 6066      7200
 6067              	.LASF270:
 6068 0bb9 666C6173 		.ascii	"flash_wait_for_last_operation\000"
 6068      685F7761 
 6068      69745F66 
 6068      6F725F6C 
 6068      6173745F 
 6069              	.LASF201:
 6070 0bd7 61747461 		.ascii	"attack\000"
 6070      636B00
 6071              	.LASF106:
 6072 0bde 64697265 		.ascii	"direct_stop\000"
 6072      63745F73 
 6072      746F7000 
 6073              	.LASF35:
 6074 0bea 77616974 		.ascii	"waiting\000"
 6074      696E6700 
 6075              	.LASF215:
 6076 0bf2 66726571 		.ascii	"frequency_step\000"
 6076      75656E63 
 6076      795F7374 
 6076      657000
 6077              	.LASF122:
 6078 0c01 73645F69 		.ascii	"sd_icon_save\000"
 6078      636F6E5F 
 6078      73617665 
 6078      00
 6079              	.LASF235:
 6080 0c0e 70726573 		.ascii	"preset_name\000"
 6080      65745F6E 
 6080      616D6500 
 6081              	.LASF161:
 6082 0c1a 74726967 		.ascii	"trigger_auto_save\000"
 6082      6765725F 
 6082      6175746F 
 6082      5F736176 
 6082      6500
 6083              	.LASF229:
 6084 0c2c 74726967 		.ascii	"trigger_grid\000"
 6084      6765725F 
 6084      67726964 
 6084      00
 6085              	.LASF196:
 6086 0c39 66726571 		.ascii	"freq_mode\000"
 6086      5F6D6F64 
 6086      6500
 6087              	.LASF133:
 6088 0c43 66726571 		.ascii	"frequency\000"
 6088      75656E63 
 6088      7900
 6089              	.LASF228:
 6090 0c4d 61646469 		.ascii	"additional_step_delay_us\000"
 6090      74696F6E 
 6090      616C5F73 
 6090      7465705F 
 6090      64656C61 
 6091              	.LASF32:
ARM GAS  /tmp/cch1p5GP.s 			page 118


 6092 0c66 73746174 		.ascii	"state\000"
 6092      6500
 6093              	.LASF207:
 6094 0c6c 6D6F6475 		.ascii	"modulation_frequency\000"
 6094      6C617469 
 6094      6F6E5F66 
 6094      72657175 
 6094      656E6379 
 6095              	.LASF48:
 6096 0c81 464C4153 		.ascii	"FLASH_TypeDef\000"
 6096      485F5479 
 6096      70654465 
 6096      6600
 6097              	.LASF258:
 6098 0c8f 70616765 		.ascii	"page_address\000"
 6098      5F616464 
 6098      72657373 
 6098      00
 6099              	.LASF125:
 6100 0c9c 6578745F 		.ascii	"ext_zero_level\000"
 6100      7A65726F 
 6100      5F6C6576 
 6100      656C00
 6101              	.LASF62:
 6102 0cab 73776565 		.ascii	"sweep_mode\000"
 6102      705F6D6F 
 6102      646500
 6103              	.LASF149:
 6104 0cb6 70756C73 		.ascii	"pulse\000"
 6104      6500
 6105              	.LASF97:
 6106 0cbc 636F7272 		.ascii	"correction_value\000"
 6106      65637469 
 6106      6F6E5F76 
 6106      616C7565 
 6106      00
 6107              	.LASF165:
 6108 0ccd 61766572 		.ascii	"average\000"
 6108      61676500 
 6109              	.LASF2:
 6110 0cd5 73686F72 		.ascii	"short unsigned int\000"
 6110      7420756E 
 6110      7369676E 
 6110      65642069 
 6110      6E7400
 6111              	.LASF118:
 6112 0ce8 64697265 		.ascii	"direct\000"
 6112      637400
 6113              	.LASF50:
 6114 0cef 73746B61 		.ascii	"stkalign_t\000"
 6114      6C69676E 
 6114      5F7400
 6115              	.LASF267:
 6116 0cfa 6D656D63 		.ascii	"memcpy\000"
 6116      707900
 6117              	.LASF273:
 6118 0d01 5F5F6275 		.ascii	"__builtin_memcpy\000"
ARM GAS  /tmp/cch1p5GP.s 			page 119


 6118      696C7469 
 6118      6E5F6D65 
 6118      6D637079 
 6118      00
 6119              	.LASF271:
 6120 0d12 5F5F6675 		.ascii	"__func__\000"
 6120      6E635F5F 
 6120      00
 6121              	.LASF260:
 6122 0d1b 706F7274 		.ascii	"port_unlock\000"
 6122      5F756E6C 
 6122      6F636B00 
 6123              	.LASF176:
 6124 0d27 6E6F6973 		.ascii	"noise\000"
 6124      6500
 6125              	.LASF79:
 6126 0d2d 6C6E615F 		.ascii	"lna_level_offset\000"
 6126      6C657665 
 6126      6C5F6F66 
 6126      66736574 
 6126      00
 6127              	.LASF59:
 6128 0d3e 66726571 		.ascii	"freq_t\000"
 6128      5F7400
 6129              	.LASF186:
 6130 0d45 6A6F675F 		.ascii	"jog_jump\000"
 6130      6A756D70 
 6130      00
 6131              	.LASF61:
 6132 0d4e 554C5452 		.ascii	"ULTRA_THRESHOLD\000"
 6132      415F5448 
 6132      52455348 
 6132      4F4C4400 
 6133              	.LASF112:
 6134 0d5e 636F725F 		.ascii	"cor_wfm\000"
 6134      77666D00 
 6135              	.LASF180:
 6136 0d66 6861726D 		.ascii	"harmonic\000"
 6136      6F6E6963 
 6136      00
 6137              	.LASF108:
 6138 0d6f 756C7472 		.ascii	"ultra\000"
 6138      6100
 6139              	.LASF193:
 6140 0d75 61747465 		.ascii	"attenuate_x2\000"
 6140      6E756174 
 6140      655F7832 
 6140      00
 6141              	.LASF109:
 6142 0d82 696E7075 		.ascii	"input_is_calibrated\000"
 6142      745F6973 
 6142      5F63616C 
 6142      69627261 
 6142      74656400 
 6143              	.LASF56:
 6144 0d96 77747472 		.ascii	"wttrp\000"
 6144      7000
ARM GAS  /tmp/cch1p5GP.s 			page 120


 6145              	.LASF29:
 6146 0d9c 6F6C6465 		.ascii	"older\000"
 6146      7200
 6147              	.LASF128:
 6148 0da2 636F6E66 		.ascii	"config_t\000"
 6148      69675F74 
 6148      00
 6149              	.LASF200:
 6150 0dab 64656361 		.ascii	"decay\000"
 6150      7900
 6151              	.LASF54:
 6152 0db1 65786974 		.ascii	"exitcode\000"
 6152      636F6465 
 6152      00
 6153              	.LASF81:
 6154 0dba 6861726D 		.ascii	"harmonic_lna_level_offset\000"
 6154      6F6E6963 
 6154      5F6C6E61 
 6154      5F6C6576 
 6154      656C5F6F 
 6155              	.LASF175:
 6156 0dd4 756E6974 		.ascii	"unit_scale_index\000"
 6156      5F736361 
 6156      6C655F69 
 6156      6E646578 
 6156      00
 6157              	.LASF225:
 6158 0de5 73776565 		.ascii	"sweep_time_us\000"
 6158      705F7469 
 6158      6D655F75 
 6158      7300
 6159              	.LASF163:
 6160 0df3 77617465 		.ascii	"waterfall\000"
 6160      7266616C 
 6160      6C00
 6161              	.LASF211:
 6162 0dfd 74726967 		.ascii	"trigger_level\000"
 6162      6765725F 
 6162      6C657665 
 6162      6C00
 6163              	.LASF98:
 6164 0e0b 636F7272 		.ascii	"correction_frequency\000"
 6164      65637469 
 6164      6F6E5F66 
 6164      72657175 
 6164      656E6379 
 6165              		.ident	"GCC: (15:13.2.rel1-2) 13.2.1 20231009"
ARM GAS  /tmp/cch1p5GP.s 			page 121


DEFINED SYMBOLS
                            *ABS*:00000000 flash.c
     /tmp/cch1p5GP.s:21     .text.flash_wait_for_last_operation:00000000 $t
     /tmp/cch1p5GP.s:27     .text.flash_wait_for_last_operation:00000000 flash_wait_for_last_operation
     /tmp/cch1p5GP.s:52     .text.flash_wait_for_last_operation:00000010 $d
     /tmp/cch1p5GP.s:57     .text.flash_erase_page0:00000000 $t
     /tmp/cch1p5GP.s:63     .text.flash_erase_page0:00000000 flash_erase_page0
     /tmp/cch1p5GP.s:113    .text.flash_erase_page0:0000002c $d
     /tmp/cch1p5GP.s:118    .text.flash_erase_page:00000000 $t
     /tmp/cch1p5GP.s:125    .text.flash_erase_page:00000000 flash_erase_page
     /tmp/cch1p5GP.s:214    .text.flash_program_half_word:00000000 $t
     /tmp/cch1p5GP.s:221    .text.flash_program_half_word:00000000 flash_program_half_word
     /tmp/cch1p5GP.s:266    .text.flash_program_half_word:00000024 $d
     /tmp/cch1p5GP.s:271    .text.flash_unlock:00000000 $t
     /tmp/cch1p5GP.s:278    .text.flash_unlock:00000000 flash_unlock
     /tmp/cch1p5GP.s:299    .text.flash_unlock:00000010 $d
     /tmp/cch1p5GP.s:305    .text.checksum:00000000 $t
     /tmp/cch1p5GP.s:312    .text.checksum:00000000 checksum
     /tmp/cch1p5GP.s:365    .text.config_save:00000000 $t
     /tmp/cch1p5GP.s:372    .text.config_save:00000000 config_save
     /tmp/cch1p5GP.s:454    .text.config_save:0000004c $d
     /tmp/cch1p5GP.s:462    .text.config_recall:00000000 $t
     /tmp/cch1p5GP.s:469    .text.config_recall:00000000 config_recall
     /tmp/cch1p5GP.s:551    .text.config_recall:00000060 $d
     /tmp/cch1p5GP.s:557    .text.caldata_save:00000000 $t
     /tmp/cch1p5GP.s:564    .text.caldata_save:00000000 caldata_save
     /tmp/cch1p5GP.s:692    .text.caldata_save:00000074 $d
     /tmp/cch1p5GP.s:698    .text.caldata_pointer:00000000 $t
     /tmp/cch1p5GP.s:705    .text.caldata_pointer:00000000 caldata_pointer
     /tmp/cch1p5GP.s:775    .text.caldata_pointer:00000038 $d
     /tmp/cch1p5GP.s:780    .text.caldata_recall:00000000 $t
     /tmp/cch1p5GP.s:787    .text.caldata_recall:00000000 caldata_recall
     /tmp/cch1p5GP.s:925    .text.caldata_recall:00000094 $d
     /tmp/cch1p5GP.s:936    .text.clear_all_config_prop_data:00000000 $t
     /tmp/cch1p5GP.s:943    .text.clear_all_config_prop_data:00000000 clear_all_config_prop_data
     /tmp/cch1p5GP.s:985    .text.clear_all_config_prop_data:0000001c $d

UNDEFINED SYMBOLS
config
memcpy
setting
update_min_max_freq
update_frequencies
set_scale
set_reflevel
set_level_meter_or_waterfall
update_rbw
sweep_mode
ultra_start
ULTRA_THRESHOLD
