ARM GAS  /tmp/ccJVclG6.s 			page 1


   1              		.cpu cortex-m4
   2              		.arch armv7e-m
   3              		.fpu fpv4-sp-d16
   4              		.eabi_attribute 27, 1
   5              		.eabi_attribute 28, 1
   6              		.eabi_attribute 20, 1
   7              		.eabi_attribute 21, 1
   8              		.eabi_attribute 23, 3
   9              		.eabi_attribute 24, 1
  10              		.eabi_attribute 25, 1
  11              		.eabi_attribute 26, 1
  12              		.eabi_attribute 30, 1
  13              		.eabi_attribute 34, 1
  14              		.eabi_attribute 18, 4
  15              		.file	"hal_adc_lld.c"
  16              		.text
  17              	.Ltext0:
  18              		.cfi_sections	.debug_frame
  19              		.file 1 "hal_adc_lld.c"
  20              		.section	.text.adc_lld_vreg_off,"ax",%progbits
  21              		.align	1
  22              		.p2align 4,,15
  23              		.syntax unified
  24              		.thumb
  25              		.thumb_func
  26              		.type	adc_lld_vreg_off, %function
  27              	adc_lld_vreg_off:
  28              	.LVL0:
  29              	.LFB234:
  30              		.loc 1 139 47 view -0
  31              		.cfi_startproc
  32              		@ args = 0, pretend = 0, frame = 0
  33              		@ frame_needed = 0, uses_anonymous_args = 0
  34              		@ link register save eliminated.
  35              		.loc 1 142 3 view .LVU1
  36              		.loc 1 142 7 is_stmt 0 view .LVU2
  37 0000 8369     		ldr	r3, [r0, #24]
  38              		.loc 1 142 18 view .LVU3
  39 0002 0022     		movs	r2, #0
  40 0004 9A60     		str	r2, [r3, #8]
  41              		.loc 1 143 3 is_stmt 1 view .LVU4
  42              		.loc 1 143 7 is_stmt 0 view .LVU5
  43 0006 8369     		ldr	r3, [r0, #24]
  44              		.loc 1 143 18 view .LVU6
  45 0008 4FF00052 		mov	r2, #536870912
  46 000c 9A60     		str	r2, [r3, #8]
  47              		.loc 1 158 1 view .LVU7
  48 000e 7047     		bx	lr
  49              		.cfi_endproc
  50              	.LFE234:
  51              		.size	adc_lld_vreg_off, .-adc_lld_vreg_off
  52              		.section	.text.adc_lld_analog_on,"ax",%progbits
  53              		.align	1
  54              		.p2align 4,,15
  55              		.syntax unified
  56              		.thumb
  57              		.thumb_func
ARM GAS  /tmp/ccJVclG6.s 			page 2


  58              		.type	adc_lld_analog_on, %function
  59              	adc_lld_analog_on:
  60              	.LVL1:
  61              	.LFB235:
  62              		.loc 1 165 48 is_stmt 1 view -0
  63              		.cfi_startproc
  64              		@ args = 0, pretend = 0, frame = 0
  65              		@ frame_needed = 0, uses_anonymous_args = 0
  66              		@ link register save eliminated.
  67              		.loc 1 168 3 view .LVU9
  68              		.loc 1 168 7 is_stmt 0 view .LVU10
  69 0000 8269     		ldr	r2, [r0, #24]
  70              		.loc 1 168 13 view .LVU11
  71 0002 9368     		ldr	r3, [r2, #8]
  72              		.loc 1 168 18 view .LVU12
  73 0004 43F00103 		orr	r3, r3, #1
  74 0008 9360     		str	r3, [r2, #8]
  75              		.loc 1 169 3 is_stmt 1 view .LVU13
  76              	.L3:
  77              		.loc 1 169 43 discriminator 1 view .LVU14
  78              		.loc 1 169 15 is_stmt 0 discriminator 1 view .LVU15
  79 000a 8369     		ldr	r3, [r0, #24]
  80              		.loc 1 169 21 discriminator 1 view .LVU16
  81 000c 1B68     		ldr	r3, [r3]
  82              		.loc 1 169 43 discriminator 1 view .LVU17
  83 000e 13F0010F 		tst	r3, #1
  84 0012 FAD0     		beq	.L3
  85              		.loc 1 188 1 view .LVU18
  86 0014 7047     		bx	lr
  87              		.cfi_endproc
  88              	.LFE235:
  89              		.size	adc_lld_analog_on, .-adc_lld_analog_on
  90 0016 00BF     		.section	.text.adc_lld_analog_off,"ax",%progbits
  91              		.align	1
  92              		.p2align 4,,15
  93              		.syntax unified
  94              		.thumb
  95              		.thumb_func
  96              		.type	adc_lld_analog_off, %function
  97              	adc_lld_analog_off:
  98              	.LVL2:
  99              	.LFB236:
 100              		.loc 1 195 49 is_stmt 1 view -0
 101              		.cfi_startproc
 102              		@ args = 0, pretend = 0, frame = 0
 103              		@ frame_needed = 0, uses_anonymous_args = 0
 104              		@ link register save eliminated.
 105              		.loc 1 197 3 view .LVU20
 106              		.loc 1 197 7 is_stmt 0 view .LVU21
 107 0000 8269     		ldr	r2, [r0, #24]
 108              		.loc 1 197 13 view .LVU22
 109 0002 9368     		ldr	r3, [r2, #8]
 110              		.loc 1 197 18 view .LVU23
 111 0004 43F00203 		orr	r3, r3, #2
 112 0008 9360     		str	r3, [r2, #8]
 113              		.loc 1 198 3 is_stmt 1 view .LVU24
 114              	.L5:
ARM GAS  /tmp/ccJVclG6.s 			page 3


 115              		.loc 1 198 42 discriminator 1 view .LVU25
 116              		.loc 1 198 15 is_stmt 0 discriminator 1 view .LVU26
 117 000a 8369     		ldr	r3, [r0, #24]
 118              		.loc 1 198 21 discriminator 1 view .LVU27
 119 000c 9B68     		ldr	r3, [r3, #8]
 120              		.loc 1 198 42 discriminator 1 view .LVU28
 121 000e 13F0020F 		tst	r3, #2
 122 0012 FAD1     		bne	.L5
 123              		.loc 1 205 1 view .LVU29
 124 0014 7047     		bx	lr
 125              		.cfi_endproc
 126              	.LFE236:
 127              		.size	adc_lld_analog_off, .-adc_lld_analog_off
 128 0016 00BF     		.section	.text.adc_lld_calibrate,"ax",%progbits
 129              		.align	1
 130              		.p2align 4,,15
 131              		.syntax unified
 132              		.thumb
 133              		.thumb_func
 134              		.type	adc_lld_calibrate, %function
 135              	adc_lld_calibrate:
 136              	.LVL3:
 137              	.LFB237:
 138              		.loc 1 212 48 is_stmt 1 view -0
 139              		.cfi_startproc
 140              		@ args = 0, pretend = 0, frame = 0
 141              		@ frame_needed = 0, uses_anonymous_args = 0
 142              		@ link register save eliminated.
 143              		.loc 1 215 3 view .LVU31
 144              		.loc 1 215 3 view .LVU32
 145              		.loc 1 215 3 discriminator 5 view .LVU33
 146              		.loc 1 216 3 view .LVU34
 147              		.loc 1 216 7 is_stmt 0 view .LVU35
 148 0000 8269     		ldr	r2, [r0, #24]
 149              		.loc 1 216 13 view .LVU36
 150 0002 9368     		ldr	r3, [r2, #8]
 151              		.loc 1 216 18 view .LVU37
 152 0004 43F00043 		orr	r3, r3, #-2147483648
 153 0008 9360     		str	r3, [r2, #8]
 154              		.loc 1 217 3 is_stmt 1 view .LVU38
 155              	.L7:
 156              		.loc 1 217 42 discriminator 1 view .LVU39
 157              		.loc 1 217 15 is_stmt 0 discriminator 1 view .LVU40
 158 000a 8369     		ldr	r3, [r0, #24]
 159              		.loc 1 217 21 discriminator 1 view .LVU41
 160 000c 9B68     		ldr	r3, [r3, #8]
 161              		.loc 1 217 42 discriminator 1 view .LVU42
 162 000e 002B     		cmp	r3, #0
 163 0010 FBDB     		blt	.L7
 164              		.loc 1 239 1 view .LVU43
 165 0012 7047     		bx	lr
 166              		.cfi_endproc
 167              	.LFE237:
 168              		.size	adc_lld_calibrate, .-adc_lld_calibrate
 169              		.section	.text.adc_lld_stop_adc,"ax",%progbits
 170              		.align	1
 171              		.p2align 4,,15
ARM GAS  /tmp/ccJVclG6.s 			page 4


 172              		.syntax unified
 173              		.thumb
 174              		.thumb_func
 175              		.type	adc_lld_stop_adc, %function
 176              	adc_lld_stop_adc:
 177              	.LVL4:
 178              	.LFB238:
 179              		.loc 1 246 47 is_stmt 1 view -0
 180              		.cfi_startproc
 181              		@ args = 0, pretend = 0, frame = 0
 182              		@ frame_needed = 0, uses_anonymous_args = 0
 183              		@ link register save eliminated.
 184              		.loc 1 248 3 view .LVU45
 185              		.loc 1 248 11 is_stmt 0 view .LVU46
 186 0000 8369     		ldr	r3, [r0, #24]
 187              		.loc 1 248 17 view .LVU47
 188 0002 9A68     		ldr	r2, [r3, #8]
 189              		.loc 1 248 6 view .LVU48
 190 0004 12F0040F 		tst	r2, #4
 191 0008 08D0     		beq	.L8
 192              		.loc 1 249 5 is_stmt 1 view .LVU49
 193              		.loc 1 249 15 is_stmt 0 view .LVU50
 194 000a 9A68     		ldr	r2, [r3, #8]
 195              		.loc 1 249 20 view .LVU51
 196 000c 42F01002 		orr	r2, r2, #16
 197 0010 9A60     		str	r2, [r3, #8]
 198              		.loc 1 250 5 is_stmt 1 view .LVU52
 199              	.L10:
 200              		.loc 1 250 12 discriminator 1 view .LVU53
 201              		.loc 1 250 16 is_stmt 0 discriminator 1 view .LVU54
 202 0012 8369     		ldr	r3, [r0, #24]
 203              		.loc 1 250 22 discriminator 1 view .LVU55
 204 0014 9B68     		ldr	r3, [r3, #8]
 205              		.loc 1 250 12 discriminator 1 view .LVU56
 206 0016 13F0100F 		tst	r3, #16
 207 001a FAD1     		bne	.L10
 208              	.L8:
 209              		.loc 1 253 1 view .LVU57
 210 001c 7047     		bx	lr
 211              		.cfi_endproc
 212              	.LFE238:
 213              		.size	adc_lld_stop_adc, .-adc_lld_stop_adc
 214 001e 00BF     		.section	.text.adc_lld_vreg_on,"ax",%progbits
 215              		.align	1
 216              		.p2align 4,,15
 217              		.syntax unified
 218              		.thumb
 219              		.thumb_func
 220              		.type	adc_lld_vreg_on, %function
 221              	adc_lld_vreg_on:
 222              	.LVL5:
 223              	.LFB233:
 224              		.loc 1 113 46 is_stmt 1 view -0
 225              		.cfi_startproc
 226              		@ args = 0, pretend = 0, frame = 0
 227              		@ frame_needed = 0, uses_anonymous_args = 0
 228              		.loc 1 113 46 is_stmt 0 view .LVU59
ARM GAS  /tmp/ccJVclG6.s 			page 5


 229 0000 08B5     		push	{r3, lr}
 230              		.cfi_def_cfa_offset 8
 231              		.cfi_offset 3, -8
 232              		.cfi_offset 14, -4
 233              		.loc 1 116 3 is_stmt 1 view .LVU60
 234              		.loc 1 116 7 is_stmt 0 view .LVU61
 235 0002 8369     		ldr	r3, [r0, #24]
 236              		.loc 1 116 18 view .LVU62
 237 0004 0022     		movs	r2, #0
 238 0006 9A60     		str	r2, [r3, #8]
 239              		.loc 1 117 3 is_stmt 1 view .LVU63
 240              		.loc 1 117 7 is_stmt 0 view .LVU64
 241 0008 8369     		ldr	r3, [r0, #24]
 242              		.loc 1 117 18 view .LVU65
 243 000a 4FF08052 		mov	r2, #268435456
 244 000e 9A60     		str	r2, [r3, #8]
 245              		.loc 1 121 3 is_stmt 1 view .LVU66
 246              	.LVL6:
 247              	.LBB135:
 248              	.LBI135:
 249              		.file 2 "ChibiOS/os/hal/osal/rt/osal.h"
 250              		.loc 2 571 20 view .LVU67
 251              	.LBB136:
 252              		.loc 2 573 3 view .LVU68
 253 0010 4FF4F070 		mov	r0, #480
 254              	.LVL7:
 255              		.loc 2 573 3 is_stmt 0 view .LVU69
 256 0014 FFF7FEFF 		bl	chSysPolledDelayX
 257              	.LVL8:
 258              		.loc 2 573 3 view .LVU70
 259              	.LBE136:
 260              	.LBE135:
 261              		.loc 1 132 1 view .LVU71
 262 0018 08BD     		pop	{r3, pc}
 263              		.cfi_endproc
 264              	.LFE233:
 265              		.size	adc_lld_vreg_on, .-adc_lld_vreg_on
 266 001a 00BF     		.section	.text.adc_lld_init,"ax",%progbits
 267              		.align	1
 268              		.p2align 4,,15
 269              		.global	adc_lld_init
 270              		.syntax unified
 271              		.thumb
 272              		.thumb_func
 273              		.type	adc_lld_init, %function
 274              	adc_lld_init:
 275              	.LFB242:
 276              		.loc 1 429 25 is_stmt 1 view -0
 277              		.cfi_startproc
 278              		@ args = 0, pretend = 0, frame = 0
 279              		@ frame_needed = 0, uses_anonymous_args = 0
 280 0000 2DE9F041 		push	{r4, r5, r6, r7, r8, lr}
 281              		.cfi_def_cfa_offset 24
 282              		.cfi_offset 4, -24
 283              		.cfi_offset 5, -20
 284              		.cfi_offset 6, -16
 285              		.cfi_offset 7, -12
ARM GAS  /tmp/ccJVclG6.s 			page 6


 286              		.cfi_offset 8, -8
 287              		.cfi_offset 14, -4
 288              		.loc 1 431 3 view .LVU73
 289              		.loc 1 431 11 is_stmt 0 view .LVU74
 290 0004 0027     		movs	r7, #0
 291 0006 194B     		ldr	r3, .L15
 292 0008 1F60     		str	r7, [r3]
 293              		.loc 1 435 3 is_stmt 1 view .LVU75
 294 000a 194C     		ldr	r4, .L15+4
 295 000c 2046     		mov	r0, r4
 296 000e FFF7FEFF 		bl	adcObjectInit
 297              	.LVL9:
 298              		.loc 1 437 3 view .LVU76
 299              		.loc 1 437 14 is_stmt 0 view .LVU77
 300 0012 184E     		ldr	r6, .L15+8
 301 0014 E661     		str	r6, [r4, #28]
 302              		.loc 1 443 3 is_stmt 1 view .LVU78
 303              		.loc 1 443 17 is_stmt 0 view .LVU79
 304 0016 4FF0A043 		mov	r3, #1342177280
 305 001a A361     		str	r3, [r4, #24]
 306              		.loc 1 447 3 is_stmt 1 view .LVU80
 307              		.loc 1 447 17 is_stmt 0 view .LVU81
 308 001c 164D     		ldr	r5, .L15+12
 309 001e 2562     		str	r5, [r4, #32]
 310              		.loc 1 448 3 is_stmt 1 view .LVU82
 311              		.loc 1 448 17 is_stmt 0 view .LVU83
 312 0020 42F28A58 		movw	r8, #9610
 313 0024 C4F82480 		str	r8, [r4, #36]
 314              		.loc 1 457 3 is_stmt 1 view .LVU84
 315 0028 144C     		ldr	r4, .L15+16
 316 002a 2046     		mov	r0, r4
 317 002c FFF7FEFF 		bl	adcObjectInit
 318              	.LVL10:
 319              		.loc 1 459 3 view .LVU85
 320              		.loc 1 459 14 is_stmt 0 view .LVU86
 321 0030 E661     		str	r6, [r4, #28]
 322              		.loc 1 463 3 is_stmt 1 view .LVU87
 323              		.loc 1 463 17 is_stmt 0 view .LVU88
 324 0032 134B     		ldr	r3, .L15+20
 325 0034 A361     		str	r3, [r4, #24]
 326              		.loc 1 464 3 is_stmt 1 view .LVU89
 327              		.loc 1 464 17 is_stmt 0 view .LVU90
 328 0036 8C35     		adds	r5, r5, #140
 329 0038 2562     		str	r5, [r4, #32]
 330              		.loc 1 465 3 is_stmt 1 view .LVU91
 331              		.loc 1 465 17 is_stmt 0 view .LVU92
 332 003a C4F82480 		str	r8, [r4, #36]
 333              		.loc 1 509 3 is_stmt 1 view .LVU93
 334 003e 0221     		movs	r1, #2
 335 0040 1220     		movs	r0, #18
 336 0042 FFF7FEFF 		bl	nvicEnableVector
 337              	.LVL11:
 338              		.loc 1 524 3 view .LVU94
 339 0046 0F4B     		ldr	r3, .L15+24
 340 0048 5A69     		ldr	r2, [r3, #20]
 341 004a 42F08052 		orr	r2, r2, #268435456
 342 004e 5A61     		str	r2, [r3, #20]
ARM GAS  /tmp/ccJVclG6.s 			page 7


 343              		.loc 1 524 24 view .LVU95
 344              		.loc 1 525 3 view .LVU96
 345 0050 9A6A     		ldr	r2, [r3, #40]
 346 0052 42F08052 		orr	r2, r2, #268435456
 347 0056 9A62     		str	r2, [r3, #40]
 348              		.loc 1 525 3 view .LVU97
 349 0058 9F62     		str	r7, [r3, #40]
 350              		.loc 1 525 18 view .LVU98
 351              		.loc 1 526 3 view .LVU99
 352              		.loc 1 526 22 is_stmt 0 view .LVU100
 353 005a 4FF48032 		mov	r2, #65536
 354 005e B260     		str	r2, [r6, #8]
 355              		.loc 1 527 3 is_stmt 1 view .LVU101
 356 0060 5A69     		ldr	r2, [r3, #20]
 357 0062 22F08052 		bic	r2, r2, #268435456
 358 0066 5A61     		str	r2, [r3, #20]
 359              		.loc 1 527 25 view .LVU102
 360              		.loc 1 543 1 is_stmt 0 view .LVU103
 361 0068 BDE8F081 		pop	{r4, r5, r6, r7, r8, pc}
 362              	.L16:
 363              		.align	2
 364              	.L15:
 365 006c 00000000 		.word	clkmask
 366 0070 00000000 		.word	ADCD1
 367 0074 00030050 		.word	1342178048
 368 0078 00000000 		.word	_stm32_dma_streams
 369 007c 00000000 		.word	ADCD2
 370 0080 00010050 		.word	1342177536
 371 0084 00100240 		.word	1073876992
 372              		.cfi_endproc
 373              	.LFE242:
 374              		.size	adc_lld_init, .-adc_lld_init
 375              		.section	.text.adc_lld_start,"ax",%progbits
 376              		.align	1
 377              		.p2align 4,,15
 378              		.global	adc_lld_start
 379              		.syntax unified
 380              		.thumb
 381              		.thumb_func
 382              		.type	adc_lld_start, %function
 383              	adc_lld_start:
 384              	.LVL12:
 385              	.LFB243:
 386              		.loc 1 552 37 is_stmt 1 view -0
 387              		.cfi_startproc
 388              		@ args = 0, pretend = 0, frame = 0
 389              		@ frame_needed = 0, uses_anonymous_args = 0
 390              		.loc 1 552 37 is_stmt 0 view .LVU105
 391 0000 10B5     		push	{r4, lr}
 392              		.cfi_def_cfa_offset 8
 393              		.cfi_offset 4, -8
 394              		.cfi_offset 14, -4
 395 0002 0446     		mov	r4, r0
 396              		.loc 1 555 3 is_stmt 1 view .LVU106
 397              		.loc 1 555 11 is_stmt 0 view .LVU107
 398 0004 4368     		ldr	r3, [r0, #4]
 399              		.loc 1 555 6 view .LVU108
ARM GAS  /tmp/ccJVclG6.s 			page 8


 400 0006 1BB1     		cbz	r3, .L23
 401              	.L18:
 402              		.loc 1 560 3 is_stmt 1 view .LVU109
 403              		.loc 1 560 11 is_stmt 0 view .LVU110
 404 0008 2378     		ldrb	r3, [r4]	@ zero_extendqisi2
 405              		.loc 1 560 6 view .LVU111
 406 000a 012B     		cmp	r3, #1
 407 000c 03D0     		beq	.L24
 408              	.LVL13:
 409              	.L17:
 410              		.loc 1 659 1 view .LVU112
 411 000e 10BD     		pop	{r4, pc}
 412              	.LVL14:
 413              	.L23:
 414              		.loc 1 556 5 is_stmt 1 view .LVU113
 415              		.loc 1 556 18 is_stmt 0 view .LVU114
 416 0010 1F4B     		ldr	r3, .L27
 417 0012 4360     		str	r3, [r0, #4]
 418 0014 F8E7     		b	.L18
 419              	.L24:
 420              		.loc 1 562 5 is_stmt 1 view .LVU115
 421              		.loc 1 562 8 is_stmt 0 view .LVU116
 422 0016 1F4B     		ldr	r3, .L27+4
 423 0018 9C42     		cmp	r4, r3
 424 001a 16D0     		beq	.L25
 425              	.LVL15:
 426              	.L20:
 427              	.LBB137:
 428              		.loc 1 572 28 is_stmt 1 discriminator 1 view .LVU117
 429              	.LBE137:
 430              		.loc 1 581 5 view .LVU118
 431              		.loc 1 581 8 is_stmt 0 view .LVU119
 432 001c 1E4B     		ldr	r3, .L27+8
 433 001e 9C42     		cmp	r4, r3
 434 0020 24D0     		beq	.L26
 435              	.L21:
 436              	.LBB138:
 437              		.loc 1 591 28 is_stmt 1 discriminator 1 view .LVU120
 438              	.LBE138:
 439              		.loc 1 641 5 view .LVU121
 440 0022 A369     		ldr	r3, [r4, #24]
 441 0024 4033     		adds	r3, r3, #64
 442 0026 226A     		ldr	r2, [r4, #32]
 443 0028 5268     		ldr	r2, [r2, #4]
 444 002a 9360     		str	r3, [r2, #8]
 445              		.loc 1 641 58 view .LVU122
 446              		.loc 1 649 5 view .LVU123
 447              		.loc 1 649 30 is_stmt 0 view .LVU124
 448 002c 6268     		ldr	r2, [r4, #4]
 449              		.loc 1 649 9 view .LVU125
 450 002e A369     		ldr	r3, [r4, #24]
 451              		.loc 1 649 38 view .LVU126
 452 0030 1268     		ldr	r2, [r2]
 453              		.loc 1 649 24 view .LVU127
 454 0032 C3F8B020 		str	r2, [r3, #176]
 455              		.loc 1 653 5 is_stmt 1 view .LVU128
 456 0036 2046     		mov	r0, r4
ARM GAS  /tmp/ccJVclG6.s 			page 9


 457 0038 FFF7FEFF 		bl	adc_lld_vreg_on
 458              	.LVL16:
 459              		.loc 1 654 5 view .LVU129
 460 003c 2046     		mov	r0, r4
 461 003e FFF7FEFF 		bl	adc_lld_calibrate
 462              	.LVL17:
 463              		.loc 1 657 5 view .LVU130
 464 0042 2046     		mov	r0, r4
 465 0044 FFF7FEFF 		bl	adc_lld_analog_on
 466              	.LVL18:
 467              		.loc 1 659 1 is_stmt 0 view .LVU131
 468 0048 E1E7     		b	.L17
 469              	.LVL19:
 470              	.L25:
 471              	.LBB139:
 472              		.loc 1 563 7 is_stmt 1 view .LVU132
 473              		.loc 1 564 7 view .LVU133
 474              		.loc 1 564 11 is_stmt 0 view .LVU134
 475 004a 2346     		mov	r3, r4
 476 004c 134A     		ldr	r2, .L27+12
 477 004e 0521     		movs	r1, #5
 478 0050 206A     		ldr	r0, [r4, #32]
 479              	.LVL20:
 480              		.loc 1 564 11 view .LVU135
 481 0052 FFF7FEFF 		bl	dmaStreamAllocate
 482              	.LVL21:
 483              		.loc 1 568 7 is_stmt 1 view .LVU136
 484              		.loc 1 568 7 view .LVU137
 485              		.loc 1 568 7 discriminator 5 view .LVU138
 486              		.loc 1 570 7 view .LVU139
 487              		.loc 1 570 15 is_stmt 0 view .LVU140
 488 0056 124A     		ldr	r2, .L27+16
 489 0058 1368     		ldr	r3, [r2]
 490 005a 43F00103 		orr	r3, r3, #1
 491 005e 1360     		str	r3, [r2]
 492              		.loc 1 572 7 is_stmt 1 view .LVU141
 493 0060 104A     		ldr	r2, .L27+20
 494 0062 5369     		ldr	r3, [r2, #20]
 495 0064 43F08053 		orr	r3, r3, #268435456
 496 0068 5361     		str	r3, [r2, #20]
 497 006a D7E7     		b	.L20
 498              	.L26:
 499              		.loc 1 572 7 is_stmt 0 view .LVU142
 500              	.LBE139:
 501              	.LBB140:
 502              		.loc 1 582 7 is_stmt 1 view .LVU143
 503              		.loc 1 583 7 view .LVU144
 504              		.loc 1 583 11 is_stmt 0 view .LVU145
 505 006c 2346     		mov	r3, r4
 506 006e 0B4A     		ldr	r2, .L27+12
 507 0070 0521     		movs	r1, #5
 508 0072 206A     		ldr	r0, [r4, #32]
 509 0074 FFF7FEFF 		bl	dmaStreamAllocate
 510              	.LVL22:
 511              		.loc 1 587 7 is_stmt 1 view .LVU146
 512              		.loc 1 587 7 view .LVU147
 513              		.loc 1 587 7 discriminator 5 view .LVU148
ARM GAS  /tmp/ccJVclG6.s 			page 10


 514              		.loc 1 589 7 view .LVU149
 515              		.loc 1 589 15 is_stmt 0 view .LVU150
 516 0078 094A     		ldr	r2, .L27+16
 517 007a 1368     		ldr	r3, [r2]
 518 007c 43F00203 		orr	r3, r3, #2
 519 0080 1360     		str	r3, [r2]
 520              		.loc 1 591 7 is_stmt 1 view .LVU151
 521 0082 084A     		ldr	r2, .L27+20
 522 0084 5369     		ldr	r3, [r2, #20]
 523 0086 43F08053 		orr	r3, r3, #268435456
 524 008a 5361     		str	r3, [r2, #20]
 525 008c C9E7     		b	.L21
 526              	.L28:
 527 008e 00BF     		.align	2
 528              	.L27:
 529 0090 00000000 		.word	default_config
 530 0094 00000000 		.word	ADCD1
 531 0098 00000000 		.word	ADCD2
 532 009c 00000000 		.word	adc_lld_serve_dma_interrupt
 533 00a0 00000000 		.word	clkmask
 534 00a4 00100240 		.word	1073876992
 535              	.LBE140:
 536              		.cfi_endproc
 537              	.LFE243:
 538              		.size	adc_lld_start, .-adc_lld_start
 539              		.section	.text.adc_lld_stop,"ax",%progbits
 540              		.align	1
 541              		.p2align 4,,15
 542              		.global	adc_lld_stop
 543              		.syntax unified
 544              		.thumb
 545              		.thumb_func
 546              		.type	adc_lld_stop, %function
 547              	adc_lld_stop:
 548              	.LVL23:
 549              	.LFB244:
 550              		.loc 1 668 36 view -0
 551              		.cfi_startproc
 552              		@ args = 0, pretend = 0, frame = 0
 553              		@ frame_needed = 0, uses_anonymous_args = 0
 554              		.loc 1 671 3 view .LVU153
 555              		.loc 1 671 11 is_stmt 0 view .LVU154
 556 0000 0378     		ldrb	r3, [r0]	@ zero_extendqisi2
 557              		.loc 1 671 6 view .LVU155
 558 0002 022B     		cmp	r3, #2
 559 0004 00D0     		beq	.L38
 560 0006 7047     		bx	lr
 561              	.L38:
 562              		.loc 1 668 36 view .LVU156
 563 0008 10B5     		push	{r4, lr}
 564              		.cfi_def_cfa_offset 8
 565              		.cfi_offset 4, -8
 566              		.cfi_offset 14, -4
 567 000a 0446     		mov	r4, r0
 568              		.loc 1 674 5 is_stmt 1 view .LVU157
 569 000c 006A     		ldr	r0, [r0, #32]
 570              	.LVL24:
ARM GAS  /tmp/ccJVclG6.s 			page 11


 571              		.loc 1 674 5 is_stmt 0 view .LVU158
 572 000e FFF7FEFF 		bl	dmaStreamRelease
 573              	.LVL25:
 574              		.loc 1 677 5 is_stmt 1 view .LVU159
 575 0012 2046     		mov	r0, r4
 576 0014 FFF7FEFF 		bl	adc_lld_stop_adc
 577              	.LVL26:
 578              		.loc 1 680 5 view .LVU160
 579 0018 2046     		mov	r0, r4
 580 001a FFF7FEFF 		bl	adc_lld_analog_off
 581              	.LVL27:
 582              		.loc 1 681 5 view .LVU161
 583 001e 2046     		mov	r0, r4
 584 0020 FFF7FEFF 		bl	adc_lld_vreg_off
 585              	.LVL28:
 586              		.loc 1 689 5 view .LVU162
 587              		.loc 1 689 8 is_stmt 0 view .LVU163
 588 0024 164B     		ldr	r3, .L41
 589 0026 9C42     		cmp	r4, r3
 590 0028 15D0     		beq	.L39
 591              	.L31:
 592              		.loc 1 699 5 is_stmt 1 view .LVU164
 593              		.loc 1 699 8 is_stmt 0 view .LVU165
 594 002a 154B     		ldr	r3, .L41
 595 002c 9C42     		cmp	r4, r3
 596 002e 1CD0     		beq	.L40
 597              	.L32:
 598              		.loc 1 729 5 is_stmt 1 view .LVU166
 599              		.loc 1 729 18 is_stmt 0 view .LVU167
 600 0030 144B     		ldr	r3, .L41+4
 601 0032 1B68     		ldr	r3, [r3]
 602              		.loc 1 729 8 view .LVU168
 603 0034 13F0030F 		tst	r3, #3
 604 0038 04D1     		bne	.L33
 605              		.loc 1 730 7 is_stmt 1 view .LVU169
 606 003a 1349     		ldr	r1, .L41+8
 607 003c 4A69     		ldr	r2, [r1, #20]
 608 003e 22F08052 		bic	r2, r2, #268435456
 609 0042 4A61     		str	r2, [r1, #20]
 610              	.L33:
 611              		.loc 1 730 29 discriminator 1 view .LVU170
 612              		.loc 1 732 5 view .LVU171
 613              		.loc 1 732 8 is_stmt 0 view .LVU172
 614 0044 13F00C0F 		tst	r3, #12
 615 0048 04D1     		bne	.L29
 616              		.loc 1 733 7 is_stmt 1 view .LVU173
 617 004a 0F4A     		ldr	r2, .L41+8
 618 004c 5369     		ldr	r3, [r2, #20]
 619 004e 23F00053 		bic	r3, r3, #536870912
 620 0052 5361     		str	r3, [r2, #20]
 621              		.loc 1 733 29 discriminator 1 view .LVU174
 622              	.L29:
 623              		.loc 1 743 1 is_stmt 0 view .LVU175
 624 0054 10BD     		pop	{r4, pc}
 625              	.LVL29:
 626              	.L39:
 627              		.loc 1 692 7 is_stmt 1 view .LVU176
ARM GAS  /tmp/ccJVclG6.s 			page 12


 628              		.loc 1 692 11 is_stmt 0 view .LVU177
 629 0056 E369     		ldr	r3, [r4, #28]
 630              		.loc 1 692 23 view .LVU178
 631 0058 4FF48032 		mov	r2, #65536
 632 005c 9A60     		str	r2, [r3, #8]
 633              		.loc 1 694 7 is_stmt 1 view .LVU179
 634              		.loc 1 694 15 is_stmt 0 view .LVU180
 635 005e 094A     		ldr	r2, .L41+4
 636 0060 1368     		ldr	r3, [r2]
 637 0062 23F00103 		bic	r3, r3, #1
 638 0066 1360     		str	r3, [r2]
 639 0068 DFE7     		b	.L31
 640              	.L40:
 641              		.loc 1 702 7 is_stmt 1 view .LVU181
 642              		.loc 1 702 11 is_stmt 0 view .LVU182
 643 006a E369     		ldr	r3, [r4, #28]
 644              		.loc 1 702 23 view .LVU183
 645 006c 4FF48032 		mov	r2, #65536
 646 0070 9A60     		str	r2, [r3, #8]
 647              		.loc 1 704 7 is_stmt 1 view .LVU184
 648              		.loc 1 704 15 is_stmt 0 view .LVU185
 649 0072 044A     		ldr	r2, .L41+4
 650 0074 1368     		ldr	r3, [r2]
 651 0076 23F00203 		bic	r3, r3, #2
 652 007a 1360     		str	r3, [r2]
 653 007c D8E7     		b	.L32
 654              	.L42:
 655 007e 00BF     		.align	2
 656              	.L41:
 657 0080 00000000 		.word	ADCD1
 658 0084 00000000 		.word	clkmask
 659 0088 00100240 		.word	1073876992
 660              		.cfi_endproc
 661              	.LFE244:
 662              		.size	adc_lld_stop, .-adc_lld_stop
 663              		.section	.text.adc_lld_start_conversion,"ax",%progbits
 664              		.align	1
 665              		.p2align 4,,15
 666              		.global	adc_lld_start_conversion
 667              		.syntax unified
 668              		.thumb
 669              		.thumb_func
 670              		.type	adc_lld_start_conversion, %function
 671              	adc_lld_start_conversion:
 672              	.LVL30:
 673              	.LFB245:
 674              		.loc 1 752 48 is_stmt 1 view -0
 675              		.cfi_startproc
 676              		@ args = 0, pretend = 0, frame = 0
 677              		@ frame_needed = 0, uses_anonymous_args = 0
 678              		@ link register save eliminated.
 679              		.loc 1 752 48 is_stmt 0 view .LVU187
 680 0000 70B4     		push	{r4, r5, r6}
 681              		.cfi_def_cfa_offset 12
 682              		.cfi_offset 4, -12
 683              		.cfi_offset 5, -8
 684              		.cfi_offset 6, -4
ARM GAS  /tmp/ccJVclG6.s 			page 13


 685              		.loc 1 753 3 is_stmt 1 view .LVU188
 686              		.loc 1 754 3 view .LVU189
 687              		.loc 1 754 29 is_stmt 0 view .LVU190
 688 0002 0369     		ldr	r3, [r0, #16]
 689              	.LVL31:
 690              		.loc 1 759 3 is_stmt 1 view .LVU191
 691              		.loc 1 759 3 view .LVU192
 692              		.loc 1 759 3 discriminator 5 view .LVU193
 693              		.loc 1 763 3 view .LVU194
 694              		.loc 1 763 11 is_stmt 0 view .LVU195
 695 0004 416A     		ldr	r1, [r0, #36]
 696              	.LVL32:
 697              		.loc 1 764 3 is_stmt 1 view .LVU196
 698              		.loc 1 764 17 is_stmt 0 view .LVU197
 699 0006 DA68     		ldr	r2, [r3, #12]
 700              		.loc 1 764 11 view .LVU198
 701 0008 42F00104 		orr	r4, r2, #1
 702              	.LVL33:
 703              		.loc 1 765 3 is_stmt 1 view .LVU199
 704              		.loc 1 765 11 is_stmt 0 view .LVU200
 705 000c 1D78     		ldrb	r5, [r3]	@ zero_extendqisi2
 706              		.loc 1 765 6 view .LVU201
 707 000e 45B1     		cbz	r5, .L44
 708              		.loc 1 766 5 is_stmt 1 view .LVU202
 709              		.loc 1 766 13 is_stmt 0 view .LVU203
 710 0010 41F02005 		orr	r5, r1, #32
 711              	.LVL34:
 712              		.loc 1 770 5 is_stmt 1 view .LVU204
 713              		.loc 1 770 10 is_stmt 0 view .LVU205
 714 0014 42F00304 		orr	r4, r2, #3
 715              	.LVL35:
 716              		.loc 1 772 5 is_stmt 1 view .LVU206
 717              		.loc 1 772 13 is_stmt 0 view .LVU207
 718 0018 C268     		ldr	r2, [r0, #12]
 719              		.loc 1 772 8 view .LVU208
 720 001a 012A     		cmp	r2, #1
 721 001c 3CD9     		bls	.L45
 722              		.loc 1 775 7 is_stmt 1 view .LVU209
 723              		.loc 1 775 15 is_stmt 0 view .LVU210
 724 001e 41F02401 		orr	r1, r1, #36
 725              	.LVL36:
 726              	.L44:
 727              		.loc 1 780 3 is_stmt 1 view .LVU211
 728 0022 8568     		ldr	r5, [r0, #8]
 729 0024 026A     		ldr	r2, [r0, #32]
 730 0026 5268     		ldr	r2, [r2, #4]
 731 0028 D560     		str	r5, [r2, #12]
 732              		.loc 1 780 51 view .LVU212
 733              		.loc 1 785 3 view .LVU213
 734 002a 5A88     		ldrh	r2, [r3, #2]
 735 002c 056A     		ldr	r5, [r0, #32]
 736 002e 6D68     		ldr	r5, [r5, #4]
 737 0030 C668     		ldr	r6, [r0, #12]
 738 0032 06FB02F2 		mul	r2, r6, r2
 739 0036 6A60     		str	r2, [r5, #4]
 740              		.loc 1 786 67 view .LVU214
 741              		.loc 1 788 3 view .LVU215
ARM GAS  /tmp/ccJVclG6.s 			page 14


 742 0038 026A     		ldr	r2, [r0, #32]
 743 003a 5268     		ldr	r2, [r2, #4]
 744 003c 1160     		str	r1, [r2]
 745              		.loc 1 788 42 view .LVU216
 746              		.loc 1 789 3 view .LVU217
 747 003e 026A     		ldr	r2, [r0, #32]
 748 0040 5168     		ldr	r1, [r2, #4]
 749              	.LVL37:
 750              		.loc 1 789 3 is_stmt 0 view .LVU218
 751 0042 0A68     		ldr	r2, [r1]
 752 0044 42F00102 		orr	r2, r2, #1
 753 0048 0A60     		str	r2, [r1]
 754              		.loc 1 789 32 is_stmt 1 view .LVU219
 755              		.loc 1 793 3 view .LVU220
 756              		.loc 1 793 27 is_stmt 0 view .LVU221
 757 004a 8269     		ldr	r2, [r0, #24]
 758              		.loc 1 793 33 view .LVU222
 759 004c 1168     		ldr	r1, [r2]
 760              		.loc 1 793 21 view .LVU223
 761 004e 1160     		str	r1, [r2]
 762              		.loc 1 794 3 is_stmt 1 view .LVU224
 763              		.loc 1 794 7 is_stmt 0 view .LVU225
 764 0050 8269     		ldr	r2, [r0, #24]
 765              		.loc 1 794 21 view .LVU226
 766 0052 9021     		movs	r1, #144
 767 0054 5160     		str	r1, [r2, #4]
 768              		.loc 1 795 3 is_stmt 1 view .LVU227
 769              		.loc 1 795 7 is_stmt 0 view .LVU228
 770 0056 8269     		ldr	r2, [r0, #24]
 771              		.loc 1 795 27 view .LVU229
 772 0058 1969     		ldr	r1, [r3, #16]
 773              		.loc 1 795 21 view .LVU230
 774 005a 1162     		str	r1, [r2, #32]
 775              		.loc 1 818 3 is_stmt 1 view .LVU231
 776              		.loc 1 818 7 is_stmt 0 view .LVU232
 777 005c 8269     		ldr	r2, [r0, #24]
 778              		.loc 1 818 33 view .LVU233
 779 005e 5969     		ldr	r1, [r3, #20]
 780              		.loc 1 818 21 view .LVU234
 781 0060 5161     		str	r1, [r2, #20]
 782              		.loc 1 819 3 is_stmt 1 view .LVU235
 783              		.loc 1 819 7 is_stmt 0 view .LVU236
 784 0062 8269     		ldr	r2, [r0, #24]
 785              		.loc 1 819 33 view .LVU237
 786 0064 9969     		ldr	r1, [r3, #24]
 787              		.loc 1 819 21 view .LVU238
 788 0066 9161     		str	r1, [r2, #24]
 789              		.loc 1 820 3 is_stmt 1 view .LVU239
 790              		.loc 1 820 32 is_stmt 0 view .LVU240
 791 0068 DA69     		ldr	r2, [r3, #28]
 792              		.loc 1 820 38 view .LVU241
 793 006a 5988     		ldrh	r1, [r3, #2]
 794 006c 0139     		subs	r1, r1, #1
 795              		.loc 1 820 36 view .LVU242
 796 006e 0A43     		orrs	r2, r2, r1
 797              		.loc 1 820 21 view .LVU243
 798 0070 8169     		ldr	r1, [r0, #24]
ARM GAS  /tmp/ccJVclG6.s 			page 15


 799 0072 0A63     		str	r2, [r1, #48]
 800              		.loc 1 821 3 is_stmt 1 view .LVU244
 801              		.loc 1 821 7 is_stmt 0 view .LVU245
 802 0074 8269     		ldr	r2, [r0, #24]
 803              		.loc 1 821 32 view .LVU246
 804 0076 196A     		ldr	r1, [r3, #32]
 805              		.loc 1 821 21 view .LVU247
 806 0078 5163     		str	r1, [r2, #52]
 807              		.loc 1 822 3 is_stmt 1 view .LVU248
 808              		.loc 1 822 7 is_stmt 0 view .LVU249
 809 007a 8269     		ldr	r2, [r0, #24]
 810              		.loc 1 822 32 view .LVU250
 811 007c 596A     		ldr	r1, [r3, #36]
 812              		.loc 1 822 21 view .LVU251
 813 007e 9163     		str	r1, [r2, #56]
 814              		.loc 1 823 3 is_stmt 1 view .LVU252
 815              		.loc 1 823 7 is_stmt 0 view .LVU253
 816 0080 8269     		ldr	r2, [r0, #24]
 817              		.loc 1 823 32 view .LVU254
 818 0082 9B6A     		ldr	r3, [r3, #40]
 819              	.LVL38:
 820              		.loc 1 823 21 view .LVU255
 821 0084 D363     		str	r3, [r2, #60]
 822              		.loc 1 827 3 is_stmt 1 view .LVU256
 823              		.loc 1 827 7 is_stmt 0 view .LVU257
 824 0086 8369     		ldr	r3, [r0, #24]
 825              		.loc 1 827 21 view .LVU258
 826 0088 DC60     		str	r4, [r3, #12]
 827              		.loc 1 830 3 is_stmt 1 view .LVU259
 828              		.loc 1 830 7 is_stmt 0 view .LVU260
 829 008a 8269     		ldr	r2, [r0, #24]
 830              		.loc 1 830 13 view .LVU261
 831 008c 9368     		ldr	r3, [r2, #8]
 832              		.loc 1 830 20 view .LVU262
 833 008e 43F00403 		orr	r3, r3, #4
 834 0092 9360     		str	r3, [r2, #8]
 835              		.loc 1 831 1 view .LVU263
 836 0094 70BC     		pop	{r4, r5, r6}
 837              		.cfi_remember_state
 838              		.cfi_restore 6
 839              		.cfi_restore 5
 840              		.cfi_restore 4
 841              		.cfi_def_cfa_offset 0
 842              	.LVL39:
 843              		.loc 1 831 1 view .LVU264
 844 0096 7047     		bx	lr
 845              	.LVL40:
 846              	.L45:
 847              		.cfi_restore_state
 848              		.loc 1 766 13 view .LVU265
 849 0098 2946     		mov	r1, r5
 850 009a C2E7     		b	.L44
 851              		.cfi_endproc
 852              	.LFE245:
 853              		.size	adc_lld_start_conversion, .-adc_lld_start_conversion
 854              		.section	.text.adc_lld_stop_conversion,"ax",%progbits
 855              		.align	1
ARM GAS  /tmp/ccJVclG6.s 			page 16


 856              		.p2align 4,,15
 857              		.global	adc_lld_stop_conversion
 858              		.syntax unified
 859              		.thumb
 860              		.thumb_func
 861              		.type	adc_lld_stop_conversion, %function
 862              	adc_lld_stop_conversion:
 863              	.LVL41:
 864              	.LFB246:
 865              		.loc 1 840 47 is_stmt 1 view -0
 866              		.cfi_startproc
 867              		@ args = 0, pretend = 0, frame = 0
 868              		@ frame_needed = 0, uses_anonymous_args = 0
 869              		.loc 1 840 47 is_stmt 0 view .LVU267
 870 0000 08B5     		push	{r3, lr}
 871              		.cfi_def_cfa_offset 8
 872              		.cfi_offset 3, -8
 873              		.cfi_offset 14, -4
 874              		.loc 1 842 3 is_stmt 1 view .LVU268
 875 0002 026A     		ldr	r2, [r0, #32]
 876 0004 5168     		ldr	r1, [r2, #4]
 877 0006 0A68     		ldr	r2, [r1]
 878 0008 22F00F02 		bic	r2, r2, #15
 879 000c 0A60     		str	r2, [r1]
 880              		.loc 1 842 3 view .LVU269
 881 000e 036A     		ldr	r3, [r0, #32]
 882 0010 197C     		ldrb	r1, [r3, #16]	@ zero_extendqisi2
 883 0012 1A68     		ldr	r2, [r3]
 884 0014 0F23     		movs	r3, #15
 885 0016 8B40     		lsls	r3, r3, r1
 886 0018 5360     		str	r3, [r2, #4]
 887              		.loc 1 842 3 view .LVU270
 888              		.loc 1 842 33 view .LVU271
 889              		.loc 1 843 3 view .LVU272
 890 001a FFF7FEFF 		bl	adc_lld_stop_adc
 891              	.LVL42:
 892              		.loc 1 844 1 is_stmt 0 view .LVU273
 893 001e 08BD     		pop	{r3, pc}
 894              		.cfi_endproc
 895              	.LFE246:
 896              		.size	adc_lld_stop_conversion, .-adc_lld_stop_conversion
 897              		.section	.text.adc_lld_serve_interrupt,"ax",%progbits
 898              		.align	1
 899              		.p2align 4,,15
 900              		.syntax unified
 901              		.thumb
 902              		.thumb_func
 903              		.type	adc_lld_serve_interrupt, %function
 904              	adc_lld_serve_interrupt:
 905              	.LVL43:
 906              	.LFB240:
 907              		.loc 1 291 68 is_stmt 1 view -0
 908              		.cfi_startproc
 909              		@ args = 0, pretend = 0, frame = 0
 910              		@ frame_needed = 0, uses_anonymous_args = 0
 911              		.loc 1 295 3 view .LVU275
 912              		.loc 1 295 11 is_stmt 0 view .LVU276
ARM GAS  /tmp/ccJVclG6.s 			page 17


 913 0000 0369     		ldr	r3, [r0, #16]
 914              		.loc 1 295 6 view .LVU277
 915 0002 002B     		cmp	r3, #0
 916 0004 00F09380 		beq	.L59
 917              		.loc 1 291 68 view .LVU278
 918 0008 70B5     		push	{r4, r5, r6, lr}
 919              		.cfi_def_cfa_offset 16
 920              		.cfi_offset 4, -16
 921              		.cfi_offset 5, -12
 922              		.cfi_offset 6, -8
 923              		.cfi_offset 14, -4
 924 000a 0446     		mov	r4, r0
 925 000c 0D46     		mov	r5, r1
 926              		.loc 1 298 5 is_stmt 1 view .LVU279
 927              		.loc 1 298 8 is_stmt 0 view .LVU280
 928 000e 11F0100F 		tst	r1, #16
 929 0012 03D0     		beq	.L51
 930              		.loc 1 299 10 view .LVU281
 931 0014 036A     		ldr	r3, [r0, #32]
 932 0016 5B68     		ldr	r3, [r3, #4]
 933 0018 5B68     		ldr	r3, [r3, #4]
 934              		.loc 1 298 29 discriminator 1 view .LVU282
 935 001a 4BB9     		cbnz	r3, .L62
 936              	.LVL44:
 937              	.L51:
 938              		.loc 1 302 7 is_stmt 1 discriminator 6 view .LVU283
 939              		.loc 1 302 50 discriminator 6 view .LVU284
 940              		.loc 1 304 5 view .LVU285
 941              		.loc 1 304 8 is_stmt 0 view .LVU286
 942 001c 15F0800F 		tst	r5, #128
 943 0020 25D1     		bne	.L63
 944              	.L53:
 945              		.loc 1 306 7 is_stmt 1 discriminator 6 view .LVU287
 946              		.loc 1 306 46 discriminator 6 view .LVU288
 947              		.loc 1 308 5 view .LVU289
 948              		.loc 1 308 8 is_stmt 0 view .LVU290
 949 0022 15F4807F 		tst	r5, #256
 950 0026 42D1     		bne	.L64
 951              	.L55:
 952              		.loc 1 310 7 is_stmt 1 discriminator 6 view .LVU291
 953              		.loc 1 310 46 discriminator 6 view .LVU292
 954              		.loc 1 312 5 view .LVU293
 955              		.loc 1 312 8 is_stmt 0 view .LVU294
 956 0028 15F4007F 		tst	r5, #512
 957 002c 5FD1     		bne	.L65
 958              	.LVL45:
 959              	.L49:
 960              		.loc 1 317 1 view .LVU295
 961 002e 70BD     		pop	{r4, r5, r6, pc}
 962              	.LVL46:
 963              	.L62:
 964              		.loc 1 302 7 is_stmt 1 view .LVU296
 965 0030 FFF7FEFF 		bl	adc_lld_stop_conversion
 966              	.LVL47:
 967              		.loc 1 302 7 discriminator 1 view .LVU297
 968 0034 2369     		ldr	r3, [r4, #16]
 969 0036 9A68     		ldr	r2, [r3, #8]
ARM GAS  /tmp/ccJVclG6.s 			page 18


 970 0038 42B1     		cbz	r2, .L52
 971              		.loc 1 302 7 discriminator 1 view .LVU298
 972 003a 0522     		movs	r2, #5
 973 003c 2270     		strb	r2, [r4]
 974              		.loc 1 302 7 discriminator 1 view .LVU299
 975 003e 9B68     		ldr	r3, [r3, #8]
 976 0040 0121     		movs	r1, #1
 977 0042 2046     		mov	r0, r4
 978 0044 9847     		blx	r3
 979              	.LVL48:
 980              		.loc 1 302 7 discriminator 1 view .LVU300
 981 0046 2378     		ldrb	r3, [r4]	@ zero_extendqisi2
 982 0048 052B     		cmp	r3, #5
 983 004a 0DD0     		beq	.L66
 984              	.L52:
 985              		.loc 1 302 7 discriminator 5 view .LVU301
 986 004c 0026     		movs	r6, #0
 987 004e 2661     		str	r6, [r4, #16]
 988              		.loc 1 302 7 discriminator 5 view .LVU302
 989              	.LBB141:
 990              	.LBI141:
 991              		.loc 2 513 20 view .LVU303
 992              		.loc 2 515 3 view .LVU304
 993              	.LBB142:
 994              	.LBI142:
 995              		.file 3 "ChibiOS/os/rt/include/chsys.h"
 996              		.loc 3 414 20 view .LVU305
 997              		.loc 3 416 3 view .LVU306
 998              	.LBB143:
 999              	.LBI143:
 1000              		.file 4 "ChibiOS/os/common/ports/ARMCMx/chcore_v7m.h"
 1001              		.loc 4 643 20 view .LVU307
 1002              		.loc 4 645 3 view .LVU308
 1003              	.LBB144:
 1004              	.LBI144:
 1005              		.loc 4 604 20 view .LVU309
 1006              		.loc 4 612 3 view .LVU310
 1007              	.LVL49:
 1008              	.LBB145:
 1009              	.LBI145:
 1010              		.file 5 "ChibiOS/os/common/ext/CMSIS/include/core_cmFunc.h"
 1011              		.loc 5 546 57 view .LVU311
 1012              	.LBB146:
 1013              		.loc 5 548 3 view .LVU312
 1014 0050 2023     		movs	r3, #32
 1015              		.syntax unified
 1016              	@ 548 "ChibiOS/os/common/ext/CMSIS/include/core_cmFunc.h" 1
 1017 0052 83F31188 		MSR basepri, r3
 1018              	@ 0 "" 2
 1019              	.LVL50:
 1020              		.loc 5 548 3 is_stmt 0 view .LVU313
 1021              		.thumb
 1022              		.syntax unified
 1023              	.LBE146:
 1024              	.LBE145:
 1025              	.LBE144:
 1026              	.LBE143:
ARM GAS  /tmp/ccJVclG6.s 			page 19


 1027              		.loc 3 417 34 is_stmt 1 view .LVU314
 1028              		.loc 3 418 29 view .LVU315
 1029              	.LBE142:
 1030              	.LBE141:
 1031              		.loc 1 302 7 discriminator 1 view .LVU316
 1032              	.LBB147:
 1033              	.LBI147:
 1034              		.loc 2 726 20 view .LVU317
 1035              	.LBB148:
 1036              		.loc 2 728 3 view .LVU318
 1037 0056 4FF0FF31 		mov	r1, #-1
 1038 005a 04F11400 		add	r0, r4, #20
 1039              	.LVL51:
 1040              		.loc 2 728 3 is_stmt 0 view .LVU319
 1041 005e FFF7FEFF 		bl	chThdResumeI
 1042              	.LVL52:
 1043              		.loc 2 728 3 view .LVU320
 1044              	.LBE148:
 1045              	.LBE147:
 1046              		.loc 1 302 7 is_stmt 1 discriminator 2 view .LVU321
 1047              	.LBB149:
 1048              	.LBI149:
 1049              		.loc 2 524 20 view .LVU322
 1050              	.LBB150:
 1051              		.loc 2 526 3 view .LVU323
 1052              	.LBB151:
 1053              	.LBI151:
 1054              		.loc 3 434 20 view .LVU324
 1055              		.loc 3 436 31 view .LVU325
 1056              		.loc 3 437 33 view .LVU326
 1057              		.loc 3 438 3 view .LVU327
 1058              	.LBB152:
 1059              	.LBI152:
 1060              		.loc 4 654 20 view .LVU328
 1061              		.loc 4 656 3 view .LVU329
 1062              	.LBB153:
 1063              	.LBI153:
 1064              		.loc 4 628 20 view .LVU330
 1065              		.loc 4 631 3 view .LVU331
 1066              	.LBB154:
 1067              	.LBI154:
 1068              		.loc 5 546 57 view .LVU332
 1069              	.LBB155:
 1070              		.loc 5 548 3 view .LVU333
 1071              		.syntax unified
 1072              	@ 548 "ChibiOS/os/common/ext/CMSIS/include/core_cmFunc.h" 1
 1073 0062 86F31188 		MSR basepri, r6
 1074              	@ 0 "" 2
 1075              	.LVL53:
 1076              		.loc 5 548 3 is_stmt 0 view .LVU334
 1077              		.thumb
 1078              		.syntax unified
 1079              	.LBE155:
 1080              	.LBE154:
 1081              	.LBE153:
 1082              	.LBE152:
 1083              	.LBE151:
ARM GAS  /tmp/ccJVclG6.s 			page 20


 1084              		.loc 2 527 1 view .LVU335
 1085 0066 D9E7     		b	.L51
 1086              	.L66:
 1087              		.loc 2 527 1 view .LVU336
 1088              	.LBE150:
 1089              	.LBE149:
 1090              		.loc 1 302 7 is_stmt 1 discriminator 3 view .LVU337
 1091 0068 0223     		movs	r3, #2
 1092 006a 2370     		strb	r3, [r4]
 1093 006c EEE7     		b	.L52
 1094              	.L63:
 1095              		.loc 1 306 7 view .LVU338
 1096 006e 2046     		mov	r0, r4
 1097 0070 FFF7FEFF 		bl	adc_lld_stop_conversion
 1098              	.LVL54:
 1099              		.loc 1 306 7 discriminator 1 view .LVU339
 1100 0074 2369     		ldr	r3, [r4, #16]
 1101 0076 9A68     		ldr	r2, [r3, #8]
 1102 0078 42B1     		cbz	r2, .L54
 1103              		.loc 1 306 7 discriminator 1 view .LVU340
 1104 007a 0522     		movs	r2, #5
 1105 007c 2270     		strb	r2, [r4]
 1106              		.loc 1 306 7 discriminator 1 view .LVU341
 1107 007e 9B68     		ldr	r3, [r3, #8]
 1108 0080 0221     		movs	r1, #2
 1109 0082 2046     		mov	r0, r4
 1110 0084 9847     		blx	r3
 1111              	.LVL55:
 1112              		.loc 1 306 7 discriminator 1 view .LVU342
 1113 0086 2378     		ldrb	r3, [r4]	@ zero_extendqisi2
 1114 0088 052B     		cmp	r3, #5
 1115 008a 0DD0     		beq	.L67
 1116              	.L54:
 1117              		.loc 1 306 7 discriminator 5 view .LVU343
 1118 008c 0026     		movs	r6, #0
 1119 008e 2661     		str	r6, [r4, #16]
 1120              		.loc 1 306 7 discriminator 5 view .LVU344
 1121              	.LBB156:
 1122              	.LBI156:
 1123              		.loc 2 513 20 view .LVU345
 1124              		.loc 2 515 3 view .LVU346
 1125              	.LBB157:
 1126              	.LBI157:
 1127              		.loc 3 414 20 view .LVU347
 1128              		.loc 3 416 3 view .LVU348
 1129              	.LBB158:
 1130              	.LBI158:
 1131              		.loc 4 643 20 view .LVU349
 1132              		.loc 4 645 3 view .LVU350
 1133              	.LBB159:
 1134              	.LBI159:
 1135              		.loc 4 604 20 view .LVU351
 1136              		.loc 4 612 3 view .LVU352
 1137              	.LVL56:
 1138              	.LBB160:
 1139              	.LBI160:
 1140              		.loc 5 546 57 view .LVU353
ARM GAS  /tmp/ccJVclG6.s 			page 21


 1141              	.LBB161:
 1142              		.loc 5 548 3 view .LVU354
 1143 0090 2023     		movs	r3, #32
 1144              		.syntax unified
 1145              	@ 548 "ChibiOS/os/common/ext/CMSIS/include/core_cmFunc.h" 1
 1146 0092 83F31188 		MSR basepri, r3
 1147              	@ 0 "" 2
 1148              	.LVL57:
 1149              		.loc 5 548 3 is_stmt 0 view .LVU355
 1150              		.thumb
 1151              		.syntax unified
 1152              	.LBE161:
 1153              	.LBE160:
 1154              	.LBE159:
 1155              	.LBE158:
 1156              		.loc 3 417 34 is_stmt 1 view .LVU356
 1157              		.loc 3 418 29 view .LVU357
 1158              	.LBE157:
 1159              	.LBE156:
 1160              		.loc 1 306 7 discriminator 1 view .LVU358
 1161              	.LBB162:
 1162              	.LBI162:
 1163              		.loc 2 726 20 view .LVU359
 1164              	.LBB163:
 1165              		.loc 2 728 3 view .LVU360
 1166 0096 4FF0FF31 		mov	r1, #-1
 1167 009a 04F11400 		add	r0, r4, #20
 1168              	.LVL58:
 1169              		.loc 2 728 3 is_stmt 0 view .LVU361
 1170 009e FFF7FEFF 		bl	chThdResumeI
 1171              	.LVL59:
 1172              		.loc 2 728 3 view .LVU362
 1173              	.LBE163:
 1174              	.LBE162:
 1175              		.loc 1 306 7 is_stmt 1 discriminator 2 view .LVU363
 1176              	.LBB164:
 1177              	.LBI164:
 1178              		.loc 2 524 20 view .LVU364
 1179              	.LBB165:
 1180              		.loc 2 526 3 view .LVU365
 1181              	.LBB166:
 1182              	.LBI166:
 1183              		.loc 3 434 20 view .LVU366
 1184              		.loc 3 436 31 view .LVU367
 1185              		.loc 3 437 33 view .LVU368
 1186              		.loc 3 438 3 view .LVU369
 1187              	.LBB167:
 1188              	.LBI167:
 1189              		.loc 4 654 20 view .LVU370
 1190              		.loc 4 656 3 view .LVU371
 1191              	.LBB168:
 1192              	.LBI168:
 1193              		.loc 4 628 20 view .LVU372
 1194              		.loc 4 631 3 view .LVU373
 1195              	.LBB169:
 1196              	.LBI169:
 1197              		.loc 5 546 57 view .LVU374
ARM GAS  /tmp/ccJVclG6.s 			page 22


 1198              	.LBB170:
 1199              		.loc 5 548 3 view .LVU375
 1200              		.syntax unified
 1201              	@ 548 "ChibiOS/os/common/ext/CMSIS/include/core_cmFunc.h" 1
 1202 00a2 86F31188 		MSR basepri, r6
 1203              	@ 0 "" 2
 1204              	.LVL60:
 1205              		.loc 5 548 3 is_stmt 0 view .LVU376
 1206              		.thumb
 1207              		.syntax unified
 1208              	.LBE170:
 1209              	.LBE169:
 1210              	.LBE168:
 1211              	.LBE167:
 1212              	.LBE166:
 1213              		.loc 2 527 1 view .LVU377
 1214 00a6 BCE7     		b	.L53
 1215              	.L67:
 1216              		.loc 2 527 1 view .LVU378
 1217              	.LBE165:
 1218              	.LBE164:
 1219              		.loc 1 306 7 is_stmt 1 discriminator 3 view .LVU379
 1220 00a8 0223     		movs	r3, #2
 1221 00aa 2370     		strb	r3, [r4]
 1222 00ac EEE7     		b	.L54
 1223              	.L64:
 1224              		.loc 1 310 7 view .LVU380
 1225 00ae 2046     		mov	r0, r4
 1226 00b0 FFF7FEFF 		bl	adc_lld_stop_conversion
 1227              	.LVL61:
 1228              		.loc 1 310 7 discriminator 1 view .LVU381
 1229 00b4 2369     		ldr	r3, [r4, #16]
 1230 00b6 9A68     		ldr	r2, [r3, #8]
 1231 00b8 42B1     		cbz	r2, .L56
 1232              		.loc 1 310 7 discriminator 1 view .LVU382
 1233 00ba 0522     		movs	r2, #5
 1234 00bc 2270     		strb	r2, [r4]
 1235              		.loc 1 310 7 discriminator 1 view .LVU383
 1236 00be 9B68     		ldr	r3, [r3, #8]
 1237 00c0 0321     		movs	r1, #3
 1238 00c2 2046     		mov	r0, r4
 1239 00c4 9847     		blx	r3
 1240              	.LVL62:
 1241              		.loc 1 310 7 discriminator 1 view .LVU384
 1242 00c6 2378     		ldrb	r3, [r4]	@ zero_extendqisi2
 1243 00c8 052B     		cmp	r3, #5
 1244 00ca 0DD0     		beq	.L68
 1245              	.L56:
 1246              		.loc 1 310 7 discriminator 5 view .LVU385
 1247 00cc 0026     		movs	r6, #0
 1248 00ce 2661     		str	r6, [r4, #16]
 1249              		.loc 1 310 7 discriminator 5 view .LVU386
 1250              	.LBB171:
 1251              	.LBI171:
 1252              		.loc 2 513 20 view .LVU387
 1253              		.loc 2 515 3 view .LVU388
 1254              	.LBB172:
ARM GAS  /tmp/ccJVclG6.s 			page 23


 1255              	.LBI172:
 1256              		.loc 3 414 20 view .LVU389
 1257              		.loc 3 416 3 view .LVU390
 1258              	.LBB173:
 1259              	.LBI173:
 1260              		.loc 4 643 20 view .LVU391
 1261              		.loc 4 645 3 view .LVU392
 1262              	.LBB174:
 1263              	.LBI174:
 1264              		.loc 4 604 20 view .LVU393
 1265              		.loc 4 612 3 view .LVU394
 1266              	.LVL63:
 1267              	.LBB175:
 1268              	.LBI175:
 1269              		.loc 5 546 57 view .LVU395
 1270              	.LBB176:
 1271              		.loc 5 548 3 view .LVU396
 1272 00d0 2023     		movs	r3, #32
 1273              		.syntax unified
 1274              	@ 548 "ChibiOS/os/common/ext/CMSIS/include/core_cmFunc.h" 1
 1275 00d2 83F31188 		MSR basepri, r3
 1276              	@ 0 "" 2
 1277              	.LVL64:
 1278              		.loc 5 548 3 is_stmt 0 view .LVU397
 1279              		.thumb
 1280              		.syntax unified
 1281              	.LBE176:
 1282              	.LBE175:
 1283              	.LBE174:
 1284              	.LBE173:
 1285              		.loc 3 417 34 is_stmt 1 view .LVU398
 1286              		.loc 3 418 29 view .LVU399
 1287              	.LBE172:
 1288              	.LBE171:
 1289              		.loc 1 310 7 discriminator 1 view .LVU400
 1290              	.LBB177:
 1291              	.LBI177:
 1292              		.loc 2 726 20 view .LVU401
 1293              	.LBB178:
 1294              		.loc 2 728 3 view .LVU402
 1295 00d6 4FF0FF31 		mov	r1, #-1
 1296 00da 04F11400 		add	r0, r4, #20
 1297              	.LVL65:
 1298              		.loc 2 728 3 is_stmt 0 view .LVU403
 1299 00de FFF7FEFF 		bl	chThdResumeI
 1300              	.LVL66:
 1301              		.loc 2 728 3 view .LVU404
 1302              	.LBE178:
 1303              	.LBE177:
 1304              		.loc 1 310 7 is_stmt 1 discriminator 2 view .LVU405
 1305              	.LBB179:
 1306              	.LBI179:
 1307              		.loc 2 524 20 view .LVU406
 1308              	.LBB180:
 1309              		.loc 2 526 3 view .LVU407
 1310              	.LBB181:
 1311              	.LBI181:
ARM GAS  /tmp/ccJVclG6.s 			page 24


 1312              		.loc 3 434 20 view .LVU408
 1313              		.loc 3 436 31 view .LVU409
 1314              		.loc 3 437 33 view .LVU410
 1315              		.loc 3 438 3 view .LVU411
 1316              	.LBB182:
 1317              	.LBI182:
 1318              		.loc 4 654 20 view .LVU412
 1319              		.loc 4 656 3 view .LVU413
 1320              	.LBB183:
 1321              	.LBI183:
 1322              		.loc 4 628 20 view .LVU414
 1323              		.loc 4 631 3 view .LVU415
 1324              	.LBB184:
 1325              	.LBI184:
 1326              		.loc 5 546 57 view .LVU416
 1327              	.LBB185:
 1328              		.loc 5 548 3 view .LVU417
 1329              		.syntax unified
 1330              	@ 548 "ChibiOS/os/common/ext/CMSIS/include/core_cmFunc.h" 1
 1331 00e2 86F31188 		MSR basepri, r6
 1332              	@ 0 "" 2
 1333              	.LVL67:
 1334              		.loc 5 548 3 is_stmt 0 view .LVU418
 1335              		.thumb
 1336              		.syntax unified
 1337              	.LBE185:
 1338              	.LBE184:
 1339              	.LBE183:
 1340              	.LBE182:
 1341              	.LBE181:
 1342              		.loc 2 527 1 view .LVU419
 1343 00e6 9FE7     		b	.L55
 1344              	.L68:
 1345              		.loc 2 527 1 view .LVU420
 1346              	.LBE180:
 1347              	.LBE179:
 1348              		.loc 1 310 7 is_stmt 1 discriminator 3 view .LVU421
 1349 00e8 0223     		movs	r3, #2
 1350 00ea 2370     		strb	r3, [r4]
 1351 00ec EEE7     		b	.L56
 1352              	.L65:
 1353              		.loc 1 314 7 view .LVU422
 1354 00ee 2046     		mov	r0, r4
 1355 00f0 FFF7FEFF 		bl	adc_lld_stop_conversion
 1356              	.LVL68:
 1357              		.loc 1 314 7 discriminator 1 view .LVU423
 1358 00f4 2369     		ldr	r3, [r4, #16]
 1359 00f6 9A68     		ldr	r2, [r3, #8]
 1360 00f8 42B1     		cbz	r2, .L57
 1361              		.loc 1 314 7 discriminator 1 view .LVU424
 1362 00fa 0522     		movs	r2, #5
 1363 00fc 2270     		strb	r2, [r4]
 1364              		.loc 1 314 7 discriminator 1 view .LVU425
 1365 00fe 9B68     		ldr	r3, [r3, #8]
 1366 0100 0421     		movs	r1, #4
 1367 0102 2046     		mov	r0, r4
 1368 0104 9847     		blx	r3
ARM GAS  /tmp/ccJVclG6.s 			page 25


 1369              	.LVL69:
 1370              		.loc 1 314 7 discriminator 1 view .LVU426
 1371 0106 2378     		ldrb	r3, [r4]	@ zero_extendqisi2
 1372 0108 052B     		cmp	r3, #5
 1373 010a 0DD0     		beq	.L69
 1374              	.L57:
 1375              		.loc 1 314 7 discriminator 5 view .LVU427
 1376 010c 0025     		movs	r5, #0
 1377              	.LVL70:
 1378              		.loc 1 314 7 is_stmt 0 discriminator 5 view .LVU428
 1379 010e 2561     		str	r5, [r4, #16]
 1380              		.loc 1 314 7 is_stmt 1 discriminator 5 view .LVU429
 1381              	.LBB186:
 1382              	.LBI186:
 1383              		.loc 2 513 20 view .LVU430
 1384              		.loc 2 515 3 view .LVU431
 1385              	.LBB187:
 1386              	.LBI187:
 1387              		.loc 3 414 20 view .LVU432
 1388              		.loc 3 416 3 view .LVU433
 1389              	.LBB188:
 1390              	.LBI188:
 1391              		.loc 4 643 20 view .LVU434
 1392              		.loc 4 645 3 view .LVU435
 1393              	.LBB189:
 1394              	.LBI189:
 1395              		.loc 4 604 20 view .LVU436
 1396              		.loc 4 612 3 view .LVU437
 1397              	.LVL71:
 1398              	.LBB190:
 1399              	.LBI190:
 1400              		.loc 5 546 57 view .LVU438
 1401              	.LBB191:
 1402              		.loc 5 548 3 view .LVU439
 1403 0110 2023     		movs	r3, #32
 1404              		.syntax unified
 1405              	@ 548 "ChibiOS/os/common/ext/CMSIS/include/core_cmFunc.h" 1
 1406 0112 83F31188 		MSR basepri, r3
 1407              	@ 0 "" 2
 1408              	.LVL72:
 1409              		.loc 5 548 3 is_stmt 0 view .LVU440
 1410              		.thumb
 1411              		.syntax unified
 1412              	.LBE191:
 1413              	.LBE190:
 1414              	.LBE189:
 1415              	.LBE188:
 1416              		.loc 3 417 34 is_stmt 1 view .LVU441
 1417              		.loc 3 418 29 view .LVU442
 1418              	.LBE187:
 1419              	.LBE186:
 1420              		.loc 1 314 7 discriminator 1 view .LVU443
 1421              	.LBB192:
 1422              	.LBI192:
 1423              		.loc 2 726 20 view .LVU444
 1424              	.LBB193:
 1425              		.loc 2 728 3 view .LVU445
ARM GAS  /tmp/ccJVclG6.s 			page 26


 1426 0116 4FF0FF31 		mov	r1, #-1
 1427 011a 04F11400 		add	r0, r4, #20
 1428              	.LVL73:
 1429              		.loc 2 728 3 is_stmt 0 view .LVU446
 1430 011e FFF7FEFF 		bl	chThdResumeI
 1431              	.LVL74:
 1432              		.loc 2 728 3 view .LVU447
 1433              	.LBE193:
 1434              	.LBE192:
 1435              		.loc 1 314 7 is_stmt 1 discriminator 2 view .LVU448
 1436              	.LBB194:
 1437              	.LBI194:
 1438              		.loc 2 524 20 view .LVU449
 1439              	.LBB195:
 1440              		.loc 2 526 3 view .LVU450
 1441              	.LBB196:
 1442              	.LBI196:
 1443              		.loc 3 434 20 view .LVU451
 1444              		.loc 3 436 31 view .LVU452
 1445              		.loc 3 437 33 view .LVU453
 1446              		.loc 3 438 3 view .LVU454
 1447              	.LBB197:
 1448              	.LBI197:
 1449              		.loc 4 654 20 view .LVU455
 1450              		.loc 4 656 3 view .LVU456
 1451              	.LBB198:
 1452              	.LBI198:
 1453              		.loc 4 628 20 view .LVU457
 1454              		.loc 4 631 3 view .LVU458
 1455              	.LBB199:
 1456              	.LBI199:
 1457              		.loc 5 546 57 view .LVU459
 1458              	.LBB200:
 1459              		.loc 5 548 3 view .LVU460
 1460              		.syntax unified
 1461              	@ 548 "ChibiOS/os/common/ext/CMSIS/include/core_cmFunc.h" 1
 1462 0122 85F31188 		MSR basepri, r5
 1463              	@ 0 "" 2
 1464              	.LVL75:
 1465              		.loc 5 548 3 is_stmt 0 view .LVU461
 1466              		.thumb
 1467              		.syntax unified
 1468              	.LBE200:
 1469              	.LBE199:
 1470              	.LBE198:
 1471              	.LBE197:
 1472              	.LBE196:
 1473              	.LBE195:
 1474              	.LBE194:
 1475              		.loc 1 314 7 is_stmt 1 discriminator 6 view .LVU462
 1476              		.loc 1 314 46 discriminator 6 view .LVU463
 1477              		.loc 1 317 1 is_stmt 0 view .LVU464
 1478 0126 82E7     		b	.L49
 1479              	.LVL76:
 1480              	.L69:
 1481              		.loc 1 314 7 is_stmt 1 discriminator 3 view .LVU465
 1482 0128 0223     		movs	r3, #2
ARM GAS  /tmp/ccJVclG6.s 			page 27


 1483 012a 2370     		strb	r3, [r4]
 1484 012c EEE7     		b	.L57
 1485              	.LVL77:
 1486              	.L59:
 1487              		.cfi_def_cfa_offset 0
 1488              		.cfi_restore 4
 1489              		.cfi_restore 5
 1490              		.cfi_restore 6
 1491              		.cfi_restore 14
 1492              		.loc 1 314 7 is_stmt 0 discriminator 3 view .LVU466
 1493 012e 7047     		bx	lr
 1494              		.cfi_endproc
 1495              	.LFE240:
 1496              		.size	adc_lld_serve_interrupt, .-adc_lld_serve_interrupt
 1497              		.section	.text.Vector88,"ax",%progbits
 1498              		.align	1
 1499              		.p2align 4,,15
 1500              		.weak	Vector88
 1501              		.syntax unified
 1502              		.thumb
 1503              		.thumb_func
 1504              		.type	Vector88, %function
 1505              	Vector88:
 1506              	.LFB241:
 1507              		.loc 1 329 60 is_stmt 1 view -0
 1508              		.cfi_startproc
 1509              		@ args = 0, pretend = 0, frame = 0
 1510              		@ frame_needed = 0, uses_anonymous_args = 0
 1511 0000 08B5     		push	{r3, lr}
 1512              		.cfi_def_cfa_offset 8
 1513              		.cfi_offset 3, -8
 1514              		.cfi_offset 14, -4
 1515              		.loc 1 330 3 view .LVU468
 1516              		.loc 1 332 3 view .LVU469
 1517              		.loc 1 332 3 view .LVU470
 1518              		.loc 1 332 3 view .LVU471
 1519              		.loc 1 332 3 view .LVU472
 1520              		.loc 1 332 3 view .LVU473
 1521              		.loc 1 332 22 view .LVU474
 1522              		.loc 1 343 3 view .LVU475
 1523              		.loc 1 343 8 is_stmt 0 view .LVU476
 1524 0002 4FF0A043 		mov	r3, #1342177280
 1525 0006 1968     		ldr	r1, [r3]
 1526              	.LVL78:
 1527              		.loc 1 344 3 is_stmt 1 view .LVU477
 1528              		.loc 1 344 13 is_stmt 0 view .LVU478
 1529 0008 1960     		str	r1, [r3]
 1530              		.loc 1 346 3 is_stmt 1 view .LVU479
 1531 000a 0648     		ldr	r0, .L72
 1532 000c FFF7FEFF 		bl	adc_lld_serve_interrupt
 1533              	.LVL79:
 1534              		.loc 1 349 3 view .LVU480
 1535              		.loc 1 349 8 is_stmt 0 view .LVU481
 1536 0010 054B     		ldr	r3, .L72+4
 1537 0012 1968     		ldr	r1, [r3]
 1538              	.LVL80:
 1539              		.loc 1 350 3 is_stmt 1 view .LVU482
ARM GAS  /tmp/ccJVclG6.s 			page 28


 1540              		.loc 1 350 13 is_stmt 0 view .LVU483
 1541 0014 1960     		str	r1, [r3]
 1542              		.loc 1 352 3 is_stmt 1 view .LVU484
 1543 0016 0548     		ldr	r0, .L72+8
 1544 0018 FFF7FEFF 		bl	adc_lld_serve_interrupt
 1545              	.LVL81:
 1546              		.loc 1 356 3 view .LVU485
 1547              		.loc 1 356 3 view .LVU486
 1548              		.loc 1 356 3 view .LVU487
 1549              		.loc 1 356 3 view .LVU488
 1550              		.loc 1 356 3 view .LVU489
 1551 001c FFF7FEFF 		bl	_port_irq_epilogue
 1552              	.LVL82:
 1553              		.loc 1 357 1 is_stmt 0 view .LVU490
 1554 0020 08BD     		pop	{r3, pc}
 1555              	.L73:
 1556 0022 00BF     		.align	2
 1557              	.L72:
 1558 0024 00000000 		.word	ADCD1
 1559 0028 00010050 		.word	1342177536
 1560 002c 00000000 		.word	ADCD2
 1561              		.cfi_endproc
 1562              	.LFE241:
 1563              		.size	Vector88, .-Vector88
 1564              		.section	.text.adc_lld_serve_dma_interrupt,"ax",%progbits
 1565              		.align	1
 1566              		.p2align 4,,15
 1567              		.syntax unified
 1568              		.thumb
 1569              		.thumb_func
 1570              		.type	adc_lld_serve_dma_interrupt, %function
 1571              	adc_lld_serve_dma_interrupt:
 1572              	.LVL83:
 1573              	.LFB239:
 1574              		.loc 1 261 74 is_stmt 1 view -0
 1575              		.cfi_startproc
 1576              		@ args = 0, pretend = 0, frame = 0
 1577              		@ frame_needed = 0, uses_anonymous_args = 0
 1578              		.loc 1 261 74 is_stmt 0 view .LVU492
 1579 0000 38B5     		push	{r3, r4, r5, lr}
 1580              		.cfi_def_cfa_offset 16
 1581              		.cfi_offset 3, -16
 1582              		.cfi_offset 4, -12
 1583              		.cfi_offset 5, -8
 1584              		.cfi_offset 14, -4
 1585 0002 0446     		mov	r4, r0
 1586              		.loc 1 264 3 is_stmt 1 view .LVU493
 1587              		.loc 1 264 6 is_stmt 0 view .LVU494
 1588 0004 11F0080F 		tst	r1, #8
 1589 0008 14D1     		bne	.L84
 1590              		.loc 1 272 5 is_stmt 1 view .LVU495
 1591              		.loc 1 272 13 is_stmt 0 view .LVU496
 1592 000a 0369     		ldr	r3, [r0, #16]
 1593              		.loc 1 272 8 view .LVU497
 1594 000c 6BB3     		cbz	r3, .L74
 1595              		.loc 1 273 7 is_stmt 1 view .LVU498
 1596              		.loc 1 273 10 is_stmt 0 view .LVU499
ARM GAS  /tmp/ccJVclG6.s 			page 29


 1597 000e 11F0020F 		tst	r1, #2
 1598 0012 56D0     		beq	.L78
 1599              		.loc 1 275 9 is_stmt 1 view .LVU500
 1600 0014 1A78     		ldrb	r2, [r3]	@ zero_extendqisi2
 1601 0016 7AB3     		cbz	r2, .L79
 1602              		.loc 1 275 9 discriminator 1 view .LVU501
 1603 0018 5D68     		ldr	r5, [r3, #4]
 1604 001a 35B3     		cbz	r5, .L74
 1605              		.loc 1 275 9 discriminator 3 view .LVU502
 1606 001c C268     		ldr	r2, [r0, #12]
 1607 001e 012A     		cmp	r2, #1
 1608 0020 27D9     		bls	.L80
 1609              	.LBB201:
 1610              		.loc 1 275 9 discriminator 4 view .LVU503
 1611 0022 5208     		lsrs	r2, r2, #1
 1612              	.LVL84:
 1613              		.loc 1 275 9 discriminator 4 view .LVU504
 1614 0024 5B88     		ldrh	r3, [r3, #2]
 1615 0026 02FB03F3 		mul	r3, r2, r3
 1616              	.LVL85:
 1617              		.loc 1 275 9 discriminator 4 view .LVU505
 1618 002a 8168     		ldr	r1, [r0, #8]
 1619              	.LVL86:
 1620              		.loc 1 275 9 is_stmt 0 discriminator 4 view .LVU506
 1621 002c 01EB4301 		add	r1, r1, r3, lsl #1
 1622 0030 A847     		blx	r5
 1623              	.LVL87:
 1624              		.loc 1 275 9 discriminator 4 view .LVU507
 1625              	.LBE201:
 1626 0032 1AE0     		b	.L74
 1627              	.LVL88:
 1628              	.L84:
 1629              		.loc 1 267 5 is_stmt 1 view .LVU508
 1630 0034 FFF7FEFF 		bl	adc_lld_stop_conversion
 1631              	.LVL89:
 1632              		.loc 1 267 5 discriminator 1 view .LVU509
 1633 0038 2369     		ldr	r3, [r4, #16]
 1634 003a 9A68     		ldr	r2, [r3, #8]
 1635 003c 42B1     		cbz	r2, .L76
 1636              		.loc 1 267 5 discriminator 1 view .LVU510
 1637 003e 0522     		movs	r2, #5
 1638 0040 2270     		strb	r2, [r4]
 1639              		.loc 1 267 5 discriminator 1 view .LVU511
 1640 0042 9B68     		ldr	r3, [r3, #8]
 1641 0044 0021     		movs	r1, #0
 1642 0046 2046     		mov	r0, r4
 1643 0048 9847     		blx	r3
 1644              	.LVL90:
 1645              		.loc 1 267 5 discriminator 1 view .LVU512
 1646 004a 2378     		ldrb	r3, [r4]	@ zero_extendqisi2
 1647 004c 052B     		cmp	r3, #5
 1648 004e 0DD0     		beq	.L85
 1649              	.L76:
 1650              		.loc 1 267 5 discriminator 5 view .LVU513
 1651 0050 0025     		movs	r5, #0
 1652 0052 2561     		str	r5, [r4, #16]
 1653              		.loc 1 267 5 discriminator 5 view .LVU514
ARM GAS  /tmp/ccJVclG6.s 			page 30


 1654              	.LBB202:
 1655              	.LBI202:
 1656              		.loc 2 513 20 view .LVU515
 1657              		.loc 2 515 3 view .LVU516
 1658              	.LBB203:
 1659              	.LBI203:
 1660              		.loc 3 414 20 view .LVU517
 1661              		.loc 3 416 3 view .LVU518
 1662              	.LBB204:
 1663              	.LBI204:
 1664              		.loc 4 643 20 view .LVU519
 1665              		.loc 4 645 3 view .LVU520
 1666              	.LBB205:
 1667              	.LBI205:
 1668              		.loc 4 604 20 view .LVU521
 1669              		.loc 4 612 3 view .LVU522
 1670              	.LVL91:
 1671              	.LBB206:
 1672              	.LBI206:
 1673              		.loc 5 546 57 view .LVU523
 1674              	.LBB207:
 1675              		.loc 5 548 3 view .LVU524
 1676 0054 2023     		movs	r3, #32
 1677              		.syntax unified
 1678              	@ 548 "ChibiOS/os/common/ext/CMSIS/include/core_cmFunc.h" 1
 1679 0056 83F31188 		MSR basepri, r3
 1680              	@ 0 "" 2
 1681              	.LVL92:
 1682              		.loc 5 548 3 is_stmt 0 view .LVU525
 1683              		.thumb
 1684              		.syntax unified
 1685              	.LBE207:
 1686              	.LBE206:
 1687              	.LBE205:
 1688              	.LBE204:
 1689              		.loc 3 417 34 is_stmt 1 view .LVU526
 1690              		.loc 3 418 29 view .LVU527
 1691              	.LBE203:
 1692              	.LBE202:
 1693              		.loc 1 267 5 discriminator 1 view .LVU528
 1694              	.LBB208:
 1695              	.LBI208:
 1696              		.loc 2 726 20 view .LVU529
 1697              	.LBB209:
 1698              		.loc 2 728 3 view .LVU530
 1699 005a 4FF0FF31 		mov	r1, #-1
 1700 005e 04F11400 		add	r0, r4, #20
 1701              	.LVL93:
 1702              		.loc 2 728 3 is_stmt 0 view .LVU531
 1703 0062 FFF7FEFF 		bl	chThdResumeI
 1704              	.LVL94:
 1705              		.loc 2 728 3 view .LVU532
 1706              	.LBE209:
 1707              	.LBE208:
 1708              		.loc 1 267 5 is_stmt 1 discriminator 2 view .LVU533
 1709              	.LBB210:
 1710              	.LBI210:
ARM GAS  /tmp/ccJVclG6.s 			page 31


 1711              		.loc 2 524 20 view .LVU534
 1712              	.LBB211:
 1713              		.loc 2 526 3 view .LVU535
 1714              	.LBB212:
 1715              	.LBI212:
 1716              		.loc 3 434 20 view .LVU536
 1717              		.loc 3 436 31 view .LVU537
 1718              		.loc 3 437 33 view .LVU538
 1719              		.loc 3 438 3 view .LVU539
 1720              	.LBB213:
 1721              	.LBI213:
 1722              		.loc 4 654 20 view .LVU540
 1723              		.loc 4 656 3 view .LVU541
 1724              	.LBB214:
 1725              	.LBI214:
 1726              		.loc 4 628 20 view .LVU542
 1727              		.loc 4 631 3 view .LVU543
 1728              	.LBB215:
 1729              	.LBI215:
 1730              		.loc 5 546 57 view .LVU544
 1731              	.LBB216:
 1732              		.loc 5 548 3 view .LVU545
 1733              		.syntax unified
 1734              	@ 548 "ChibiOS/os/common/ext/CMSIS/include/core_cmFunc.h" 1
 1735 0066 85F31188 		MSR basepri, r5
 1736              	@ 0 "" 2
 1737              	.LVL95:
 1738              		.loc 5 548 3 is_stmt 0 view .LVU546
 1739              		.thumb
 1740              		.syntax unified
 1741              	.LBE216:
 1742              	.LBE215:
 1743              	.LBE214:
 1744              	.LBE213:
 1745              	.LBE212:
 1746              	.LBE211:
 1747              	.LBE210:
 1748              		.loc 1 267 5 is_stmt 1 discriminator 3 view .LVU547
 1749              		.loc 1 267 50 discriminator 3 view .LVU548
 1750              	.L74:
 1751              		.loc 1 283 1 is_stmt 0 view .LVU549
 1752 006a 38BD     		pop	{r3, r4, r5, pc}
 1753              	.LVL96:
 1754              	.L85:
 1755              		.loc 1 267 5 is_stmt 1 discriminator 3 view .LVU550
 1756 006c 0223     		movs	r3, #2
 1757 006e 2370     		strb	r3, [r4]
 1758 0070 EEE7     		b	.L76
 1759              	.LVL97:
 1760              	.L80:
 1761              		.loc 1 275 9 discriminator 5 view .LVU551
 1762 0072 8168     		ldr	r1, [r0, #8]
 1763              	.LVL98:
 1764              		.loc 1 275 9 is_stmt 0 discriminator 5 view .LVU552
 1765 0074 A847     		blx	r5
 1766              	.LVL99:
 1767              		.loc 1 275 9 discriminator 5 view .LVU553
ARM GAS  /tmp/ccJVclG6.s 			page 32


 1768 0076 F8E7     		b	.L74
 1769              	.LVL100:
 1770              	.L79:
 1771              		.loc 1 275 9 is_stmt 1 discriminator 2 view .LVU554
 1772 0078 FFF7FEFF 		bl	adc_lld_stop_conversion
 1773              	.LVL101:
 1774              		.loc 1 275 9 discriminator 1 view .LVU555
 1775 007c 2369     		ldr	r3, [r4, #16]
 1776 007e 5A68     		ldr	r2, [r3, #4]
 1777 0080 D2B1     		cbz	r2, .L81
 1778              		.loc 1 275 9 discriminator 6 view .LVU556
 1779 0082 0422     		movs	r2, #4
 1780 0084 2270     		strb	r2, [r4]
 1781              		.loc 1 275 9 discriminator 6 view .LVU557
 1782 0086 5B68     		ldr	r3, [r3, #4]
 1783 0088 E268     		ldr	r2, [r4, #12]
 1784 008a A168     		ldr	r1, [r4, #8]
 1785 008c 2046     		mov	r0, r4
 1786 008e 9847     		blx	r3
 1787              	.LVL102:
 1788              		.loc 1 275 9 discriminator 1 view .LVU558
 1789 0090 2378     		ldrb	r3, [r4]	@ zero_extendqisi2
 1790 0092 042B     		cmp	r3, #4
 1791 0094 0BD0     		beq	.L86
 1792              	.L82:
 1793              		.loc 1 275 9 discriminator 9 view .LVU559
 1794              	.LBB217:
 1795              	.LBI217:
 1796              		.loc 2 513 20 view .LVU560
 1797              		.loc 2 515 3 view .LVU561
 1798              	.LBB218:
 1799              	.LBI218:
 1800              		.loc 3 414 20 view .LVU562
 1801              		.loc 3 416 3 view .LVU563
 1802              	.LBB219:
 1803              	.LBI219:
 1804              		.loc 4 643 20 view .LVU564
 1805              		.loc 4 645 3 view .LVU565
 1806              	.LBB220:
 1807              	.LBI220:
 1808              		.loc 4 604 20 view .LVU566
 1809              		.loc 4 612 3 view .LVU567
 1810              	.LVL103:
 1811              	.LBB221:
 1812              	.LBI221:
 1813              		.loc 5 546 57 view .LVU568
 1814              	.LBB222:
 1815              		.loc 5 548 3 view .LVU569
 1816 0096 2023     		movs	r3, #32
 1817              		.syntax unified
 1818              	@ 548 "ChibiOS/os/common/ext/CMSIS/include/core_cmFunc.h" 1
 1819 0098 83F31188 		MSR basepri, r3
 1820              	@ 0 "" 2
 1821              	.LVL104:
 1822              		.loc 5 548 3 is_stmt 0 view .LVU570
 1823              		.thumb
 1824              		.syntax unified
ARM GAS  /tmp/ccJVclG6.s 			page 33


 1825              	.LBE222:
 1826              	.LBE221:
 1827              	.LBE220:
 1828              	.LBE219:
 1829              		.loc 3 417 34 is_stmt 1 view .LVU571
 1830              		.loc 3 418 29 view .LVU572
 1831              	.LBE218:
 1832              	.LBE217:
 1833              		.loc 1 275 9 discriminator 1 view .LVU573
 1834              	.LBB223:
 1835              	.LBI223:
 1836              		.loc 2 726 20 view .LVU574
 1837              	.LBB224:
 1838              		.loc 2 728 3 view .LVU575
 1839 009c 0021     		movs	r1, #0
 1840 009e 04F11400 		add	r0, r4, #20
 1841              	.LVL105:
 1842              		.loc 2 728 3 is_stmt 0 view .LVU576
 1843 00a2 FFF7FEFF 		bl	chThdResumeI
 1844              	.LVL106:
 1845              		.loc 2 728 3 view .LVU577
 1846              	.LBE224:
 1847              	.LBE223:
 1848              		.loc 1 275 9 is_stmt 1 discriminator 2 view .LVU578
 1849              	.LBB225:
 1850              	.LBI225:
 1851              		.loc 2 524 20 view .LVU579
 1852              	.LBB226:
 1853              		.loc 2 526 3 view .LVU580
 1854              	.LBB227:
 1855              	.LBI227:
 1856              		.loc 3 434 20 view .LVU581
 1857              		.loc 3 436 31 view .LVU582
 1858              		.loc 3 437 33 view .LVU583
 1859              		.loc 3 438 3 view .LVU584
 1860              	.LBB228:
 1861              	.LBI228:
 1862              		.loc 4 654 20 view .LVU585
 1863              		.loc 4 656 3 view .LVU586
 1864              	.LBB229:
 1865              	.LBI229:
 1866              		.loc 4 628 20 view .LVU587
 1867              		.loc 4 631 3 view .LVU588
 1868              	.LBB230:
 1869              	.LBI230:
 1870              		.loc 5 546 57 view .LVU589
 1871              	.LBB231:
 1872              		.loc 5 548 3 view .LVU590
 1873 00a6 0023     		movs	r3, #0
 1874              		.syntax unified
 1875              	@ 548 "ChibiOS/os/common/ext/CMSIS/include/core_cmFunc.h" 1
 1876 00a8 83F31188 		MSR basepri, r3
 1877              	@ 0 "" 2
 1878              	.LVL107:
 1879              		.loc 5 548 3 is_stmt 0 view .LVU591
 1880              		.thumb
 1881              		.syntax unified
ARM GAS  /tmp/ccJVclG6.s 			page 34


 1882              	.LBE231:
 1883              	.LBE230:
 1884              	.LBE229:
 1885              	.LBE228:
 1886              	.LBE227:
 1887              		.loc 2 527 1 view .LVU592
 1888 00ac DDE7     		b	.L74
 1889              	.L86:
 1890              		.loc 2 527 1 view .LVU593
 1891              	.LBE226:
 1892              	.LBE225:
 1893              		.loc 1 275 9 is_stmt 1 discriminator 8 view .LVU594
 1894 00ae 0223     		movs	r3, #2
 1895 00b0 2370     		strb	r3, [r4]
 1896              		.loc 1 275 9 discriminator 8 view .LVU595
 1897 00b2 0023     		movs	r3, #0
 1898 00b4 2361     		str	r3, [r4, #16]
 1899 00b6 EEE7     		b	.L82
 1900              	.L81:
 1901              		.loc 1 275 9 discriminator 7 view .LVU596
 1902 00b8 0223     		movs	r3, #2
 1903 00ba 2370     		strb	r3, [r4]
 1904              		.loc 1 275 9 discriminator 7 view .LVU597
 1905 00bc 0023     		movs	r3, #0
 1906 00be 2361     		str	r3, [r4, #16]
 1907 00c0 E9E7     		b	.L82
 1908              	.LVL108:
 1909              	.L78:
 1910              		.loc 1 277 12 view .LVU598
 1911              		.loc 1 277 15 is_stmt 0 view .LVU599
 1912 00c2 11F0040F 		tst	r1, #4
 1913 00c6 D0D0     		beq	.L74
 1914              		.loc 1 279 9 is_stmt 1 view .LVU600
 1915 00c8 5B68     		ldr	r3, [r3, #4]
 1916 00ca 002B     		cmp	r3, #0
 1917 00cc CDD0     		beq	.L74
 1918              		.loc 1 279 9 discriminator 1 view .LVU601
 1919 00ce C268     		ldr	r2, [r0, #12]
 1920 00d0 5208     		lsrs	r2, r2, #1
 1921 00d2 8168     		ldr	r1, [r0, #8]
 1922              	.LVL109:
 1923              		.loc 1 279 9 is_stmt 0 discriminator 1 view .LVU602
 1924 00d4 9847     		blx	r3
 1925              	.LVL110:
 1926              		.loc 1 279 33 is_stmt 1 discriminator 3 view .LVU603
 1927              		.loc 1 283 1 is_stmt 0 view .LVU604
 1928 00d6 C8E7     		b	.L74
 1929              		.cfi_endproc
 1930              	.LFE239:
 1931              		.size	adc_lld_serve_dma_interrupt, .-adc_lld_serve_dma_interrupt
 1932              		.section	.text.adcSTM32EnableVREF,"ax",%progbits
 1933              		.align	1
 1934              		.p2align 4,,15
 1935              		.global	adcSTM32EnableVREF
 1936              		.syntax unified
 1937              		.thumb
 1938              		.thumb_func
ARM GAS  /tmp/ccJVclG6.s 			page 35


 1939              		.type	adcSTM32EnableVREF, %function
 1940              	adcSTM32EnableVREF:
 1941              	.LVL111:
 1942              	.LFB247:
 1943              		.loc 1 856 42 is_stmt 1 view -0
 1944              		.cfi_startproc
 1945              		@ args = 0, pretend = 0, frame = 0
 1946              		@ frame_needed = 0, uses_anonymous_args = 0
 1947              		@ link register save eliminated.
 1948              		.loc 1 858 3 view .LVU606
 1949              		.loc 1 858 7 is_stmt 0 view .LVU607
 1950 0000 C269     		ldr	r2, [r0, #28]
 1951              		.loc 1 858 13 view .LVU608
 1952 0002 9368     		ldr	r3, [r2, #8]
 1953              		.loc 1 858 19 view .LVU609
 1954 0004 43F48003 		orr	r3, r3, #4194304
 1955 0008 9360     		str	r3, [r2, #8]
 1956              		.loc 1 859 1 view .LVU610
 1957 000a 7047     		bx	lr
 1958              		.cfi_endproc
 1959              	.LFE247:
 1960              		.size	adcSTM32EnableVREF, .-adcSTM32EnableVREF
 1961              		.section	.text.adcSTM32DisableVREF,"ax",%progbits
 1962              		.align	1
 1963              		.p2align 4,,15
 1964              		.global	adcSTM32DisableVREF
 1965              		.syntax unified
 1966              		.thumb
 1967              		.thumb_func
 1968              		.type	adcSTM32DisableVREF, %function
 1969              	adcSTM32DisableVREF:
 1970              	.LVL112:
 1971              	.LFB248:
 1972              		.loc 1 871 43 is_stmt 1 view -0
 1973              		.cfi_startproc
 1974              		@ args = 0, pretend = 0, frame = 0
 1975              		@ frame_needed = 0, uses_anonymous_args = 0
 1976              		@ link register save eliminated.
 1977              		.loc 1 873 3 view .LVU612
 1978              		.loc 1 873 7 is_stmt 0 view .LVU613
 1979 0000 C269     		ldr	r2, [r0, #28]
 1980              		.loc 1 873 13 view .LVU614
 1981 0002 9368     		ldr	r3, [r2, #8]
 1982              		.loc 1 873 19 view .LVU615
 1983 0004 23F48003 		bic	r3, r3, #4194304
 1984 0008 9360     		str	r3, [r2, #8]
 1985              		.loc 1 874 1 view .LVU616
 1986 000a 7047     		bx	lr
 1987              		.cfi_endproc
 1988              	.LFE248:
 1989              		.size	adcSTM32DisableVREF, .-adcSTM32DisableVREF
 1990              		.section	.text.adcSTM32EnableTS,"ax",%progbits
 1991              		.align	1
 1992              		.p2align 4,,15
 1993              		.global	adcSTM32EnableTS
 1994              		.syntax unified
 1995              		.thumb
ARM GAS  /tmp/ccJVclG6.s 			page 36


 1996              		.thumb_func
 1997              		.type	adcSTM32EnableTS, %function
 1998              	adcSTM32EnableTS:
 1999              	.LVL113:
 2000              	.LFB249:
 2001              		.loc 1 886 40 is_stmt 1 view -0
 2002              		.cfi_startproc
 2003              		@ args = 0, pretend = 0, frame = 0
 2004              		@ frame_needed = 0, uses_anonymous_args = 0
 2005              		@ link register save eliminated.
 2006              		.loc 1 888 3 view .LVU618
 2007              		.loc 1 888 7 is_stmt 0 view .LVU619
 2008 0000 C269     		ldr	r2, [r0, #28]
 2009              		.loc 1 888 13 view .LVU620
 2010 0002 9368     		ldr	r3, [r2, #8]
 2011              		.loc 1 888 19 view .LVU621
 2012 0004 43F40003 		orr	r3, r3, #8388608
 2013 0008 9360     		str	r3, [r2, #8]
 2014              		.loc 1 889 1 view .LVU622
 2015 000a 7047     		bx	lr
 2016              		.cfi_endproc
 2017              	.LFE249:
 2018              		.size	adcSTM32EnableTS, .-adcSTM32EnableTS
 2019              		.section	.text.adcSTM32DisableTS,"ax",%progbits
 2020              		.align	1
 2021              		.p2align 4,,15
 2022              		.global	adcSTM32DisableTS
 2023              		.syntax unified
 2024              		.thumb
 2025              		.thumb_func
 2026              		.type	adcSTM32DisableTS, %function
 2027              	adcSTM32DisableTS:
 2028              	.LVL114:
 2029              	.LFB250:
 2030              		.loc 1 901 41 is_stmt 1 view -0
 2031              		.cfi_startproc
 2032              		@ args = 0, pretend = 0, frame = 0
 2033              		@ frame_needed = 0, uses_anonymous_args = 0
 2034              		@ link register save eliminated.
 2035              		.loc 1 903 3 view .LVU624
 2036              		.loc 1 903 7 is_stmt 0 view .LVU625
 2037 0000 C269     		ldr	r2, [r0, #28]
 2038              		.loc 1 903 13 view .LVU626
 2039 0002 9368     		ldr	r3, [r2, #8]
 2040              		.loc 1 903 19 view .LVU627
 2041 0004 23F40003 		bic	r3, r3, #8388608
 2042 0008 9360     		str	r3, [r2, #8]
 2043              		.loc 1 904 1 view .LVU628
 2044 000a 7047     		bx	lr
 2045              		.cfi_endproc
 2046              	.LFE250:
 2047              		.size	adcSTM32DisableTS, .-adcSTM32DisableTS
 2048              		.section	.text.adcSTM32EnableVBAT,"ax",%progbits
 2049              		.align	1
 2050              		.p2align 4,,15
 2051              		.global	adcSTM32EnableVBAT
 2052              		.syntax unified
ARM GAS  /tmp/ccJVclG6.s 			page 37


 2053              		.thumb
 2054              		.thumb_func
 2055              		.type	adcSTM32EnableVBAT, %function
 2056              	adcSTM32EnableVBAT:
 2057              	.LVL115:
 2058              	.LFB251:
 2059              		.loc 1 916 42 is_stmt 1 view -0
 2060              		.cfi_startproc
 2061              		@ args = 0, pretend = 0, frame = 0
 2062              		@ frame_needed = 0, uses_anonymous_args = 0
 2063              		@ link register save eliminated.
 2064              		.loc 1 918 3 view .LVU630
 2065              		.loc 1 918 7 is_stmt 0 view .LVU631
 2066 0000 C269     		ldr	r2, [r0, #28]
 2067              		.loc 1 918 13 view .LVU632
 2068 0002 9368     		ldr	r3, [r2, #8]
 2069              		.loc 1 918 19 view .LVU633
 2070 0004 43F08073 		orr	r3, r3, #16777216
 2071 0008 9360     		str	r3, [r2, #8]
 2072              		.loc 1 919 1 view .LVU634
 2073 000a 7047     		bx	lr
 2074              		.cfi_endproc
 2075              	.LFE251:
 2076              		.size	adcSTM32EnableVBAT, .-adcSTM32EnableVBAT
 2077              		.section	.text.adcSTM32DisableVBAT,"ax",%progbits
 2078              		.align	1
 2079              		.p2align 4,,15
 2080              		.global	adcSTM32DisableVBAT
 2081              		.syntax unified
 2082              		.thumb
 2083              		.thumb_func
 2084              		.type	adcSTM32DisableVBAT, %function
 2085              	adcSTM32DisableVBAT:
 2086              	.LVL116:
 2087              	.LFB252:
 2088              		.loc 1 931 43 is_stmt 1 view -0
 2089              		.cfi_startproc
 2090              		@ args = 0, pretend = 0, frame = 0
 2091              		@ frame_needed = 0, uses_anonymous_args = 0
 2092              		@ link register save eliminated.
 2093              		.loc 1 933 3 view .LVU636
 2094              		.loc 1 933 7 is_stmt 0 view .LVU637
 2095 0000 C269     		ldr	r2, [r0, #28]
 2096              		.loc 1 933 13 view .LVU638
 2097 0002 9368     		ldr	r3, [r2, #8]
 2098              		.loc 1 933 19 view .LVU639
 2099 0004 23F08073 		bic	r3, r3, #16777216
 2100 0008 9360     		str	r3, [r2, #8]
 2101              		.loc 1 934 1 view .LVU640
 2102 000a 7047     		bx	lr
 2103              		.cfi_endproc
 2104              	.LFE252:
 2105              		.size	adcSTM32DisableVBAT, .-adcSTM32DisableVBAT
 2106              		.section	.bss.clkmask,"aw",%nobits
 2107              		.align	2
 2108              		.type	clkmask, %object
 2109              		.size	clkmask, 4
ARM GAS  /tmp/ccJVclG6.s 			page 38


 2110              	clkmask:
 2111 0000 00000000 		.space	4
 2112              		.section	.rodata.default_config,"a"
 2113              		.align	2
 2114              		.type	default_config, %object
 2115              		.size	default_config, 4
 2116              	default_config:
 2117 0000 00000000 		.space	4
 2118              		.global	ADCD2
 2119              		.section	.bss.ADCD2,"aw",%nobits
 2120              		.align	2
 2121              		.type	ADCD2, %object
 2122              		.size	ADCD2, 40
 2123              	ADCD2:
 2124 0000 00000000 		.space	40
 2124      00000000 
 2124      00000000 
 2124      00000000 
 2124      00000000 
 2125              		.global	ADCD1
 2126              		.section	.bss.ADCD1,"aw",%nobits
 2127              		.align	2
 2128              		.type	ADCD1, %object
 2129              		.size	ADCD1, 40
 2130              	ADCD1:
 2131 0000 00000000 		.space	40
 2131      00000000 
 2131      00000000 
 2131      00000000 
 2131      00000000 
 2132              		.text
 2133              	.Letext0:
 2134              		.file 6 "/usr/lib/gcc/arm-none-eabi/13.2.1/include/stddef.h"
 2135              		.file 7 "/usr/lib/gcc/arm-none-eabi/13.2.1/include/stdint.h"
 2136              		.file 8 "ChibiOS/os/common/ports/ARMCMx/compilers/GCC/chtypes.h"
 2137              		.file 9 "ChibiOS/os/rt/include/chsystypes.h"
 2138              		.file 10 "ChibiOS/os/rt/include/chschd.h"
 2139              		.file 11 "ChibiOS/os/common/ext/CMSIS/ST/STM32F3xx/stm32f303xc.h"
 2140              		.file 12 "ChibiOS/os/common/ports/ARMCMx/chcore.h"
 2141              		.file 13 "ChibiOS/os/hal/ports/STM32/LLD/DMAv1/stm32_dma.h"
 2142              		.file 14 "ChibiOS/os/hal/include/hal_adc.h"
 2143              		.file 15 "ChibiOS/os/hal/ports/STM32/LLD/ADCv3/hal_adc_lld.h"
 2144              		.file 16 "ChibiOS/os/hal/ports/common/ARMCMx/nvic.h"
 2145              		.file 17 "ChibiOS/os/rt/include/chthreads.h"
 2146              		.section	.debug_info,"",%progbits
 2147              	.Ldebug_info0:
 2148 0000 7F1A0000 		.4byte	0x1a7f
 2149 0004 0500     		.2byte	0x5
 2150 0006 01       		.byte	0x1
 2151 0007 04       		.byte	0x4
 2152 0008 00000000 		.4byte	.Ldebug_abbrev0
 2153 000c 30       		.uleb128 0x30
 2154 000d 4F040000 		.4byte	.LASF190
 2155 0011 1D       		.byte	0x1d
 2156 0012 09090000 		.4byte	.LASF191
 2157 0016 FA070000 		.4byte	.LASF192
 2158 001a 25000000 		.4byte	.LLRL41
ARM GAS  /tmp/ccJVclG6.s 			page 39


 2159 001e 00000000 		.4byte	0
 2160 0022 00000000 		.4byte	.Ldebug_line0
 2161 0026 0D       		.uleb128 0xd
 2162 0027 08       		.byte	0x8
 2163 0028 07       		.byte	0x7
 2164 0029 77000000 		.4byte	.LASF0
 2165 002d 0D       		.uleb128 0xd
 2166 002e 04       		.byte	0x4
 2167 002f 07       		.byte	0x7
 2168 0030 10030000 		.4byte	.LASF1
 2169 0034 31       		.uleb128 0x31
 2170 0035 04       		.byte	0x4
 2171 0036 05       		.byte	0x5
 2172 0037 696E7400 		.ascii	"int\000"
 2173 003b 07       		.uleb128 0x7
 2174 003c 0F000000 		.4byte	.LASF6
 2175 0040 06       		.byte	0x6
 2176 0041 D6       		.byte	0xd6
 2177 0042 17       		.byte	0x17
 2178 0043 2D000000 		.4byte	0x2d
 2179 0047 0D       		.uleb128 0xd
 2180 0048 08       		.byte	0x8
 2181 0049 05       		.byte	0x5
 2182 004a 04010000 		.4byte	.LASF2
 2183 004e 0D       		.uleb128 0xd
 2184 004f 08       		.byte	0x8
 2185 0050 04       		.byte	0x4
 2186 0051 9B050000 		.4byte	.LASF3
 2187 0055 0D       		.uleb128 0xd
 2188 0056 01       		.byte	0x1
 2189 0057 06       		.byte	0x6
 2190 0058 12010000 		.4byte	.LASF4
 2191 005c 0D       		.uleb128 0xd
 2192 005d 02       		.byte	0x2
 2193 005e 05       		.byte	0x5
 2194 005f EE030000 		.4byte	.LASF5
 2195 0063 07       		.uleb128 0x7
 2196 0064 AB060000 		.4byte	.LASF7
 2197 0068 07       		.byte	0x7
 2198 0069 28       		.byte	0x28
 2199 006a 18       		.byte	0x18
 2200 006b 6F000000 		.4byte	0x6f
 2201 006f 0D       		.uleb128 0xd
 2202 0070 04       		.byte	0x4
 2203 0071 05       		.byte	0x5
 2204 0072 C1010000 		.4byte	.LASF8
 2205 0076 07       		.uleb128 0x7
 2206 0077 A3080000 		.4byte	.LASF9
 2207 007b 07       		.byte	0x7
 2208 007c 2E       		.byte	0x2e
 2209 007d 18       		.byte	0x18
 2210 007e 82000000 		.4byte	0x82
 2211 0082 0D       		.uleb128 0xd
 2212 0083 01       		.byte	0x1
 2213 0084 08       		.byte	0x8
 2214 0085 B3060000 		.4byte	.LASF10
 2215 0089 07       		.uleb128 0x7
ARM GAS  /tmp/ccJVclG6.s 			page 40


 2216 008a 1D030000 		.4byte	.LASF11
 2217 008e 07       		.byte	0x7
 2218 008f 31       		.byte	0x31
 2219 0090 19       		.byte	0x19
 2220 0091 95000000 		.4byte	0x95
 2221 0095 0D       		.uleb128 0xd
 2222 0096 02       		.byte	0x2
 2223 0097 07       		.byte	0x7
 2224 0098 9C030000 		.4byte	.LASF12
 2225 009c 07       		.uleb128 0x7
 2226 009d 53080000 		.4byte	.LASF13
 2227 00a1 07       		.byte	0x7
 2228 00a2 34       		.byte	0x34
 2229 00a3 19       		.byte	0x19
 2230 00a4 AD000000 		.4byte	0xad
 2231 00a8 32       		.uleb128 0x32
 2232 00a9 9C000000 		.4byte	0x9c
 2233 00ad 0D       		.uleb128 0xd
 2234 00ae 04       		.byte	0x4
 2235 00af 07       		.byte	0x7
 2236 00b0 32010000 		.4byte	.LASF14
 2237 00b4 07       		.uleb128 0x7
 2238 00b5 D0050000 		.4byte	.LASF15
 2239 00b9 07       		.byte	0x7
 2240 00ba 37       		.byte	0x37
 2241 00bb 19       		.byte	0x19
 2242 00bc 26000000 		.4byte	0x26
 2243 00c0 07       		.uleb128 0x7
 2244 00c1 47040000 		.4byte	.LASF16
 2245 00c5 08       		.byte	0x8
 2246 00c6 39       		.byte	0x39
 2247 00c7 1D       		.byte	0x1d
 2248 00c8 9C000000 		.4byte	0x9c
 2249 00cc 07       		.uleb128 0x7
 2250 00cd 16070000 		.4byte	.LASF17
 2251 00d1 08       		.byte	0x8
 2252 00d2 3C       		.byte	0x3c
 2253 00d3 1D       		.byte	0x1d
 2254 00d4 76000000 		.4byte	0x76
 2255 00d8 07       		.uleb128 0x7
 2256 00d9 00020000 		.4byte	.LASF18
 2257 00dd 08       		.byte	0x8
 2258 00de 3D       		.byte	0x3d
 2259 00df 1D       		.byte	0x1d
 2260 00e0 76000000 		.4byte	0x76
 2261 00e4 07       		.uleb128 0x7
 2262 00e5 21060000 		.4byte	.LASF19
 2263 00e9 08       		.byte	0x8
 2264 00ea 3E       		.byte	0x3e
 2265 00eb 1D       		.byte	0x1d
 2266 00ec 76000000 		.4byte	0x76
 2267 00f0 07       		.uleb128 0x7
 2268 00f1 83060000 		.4byte	.LASF20
 2269 00f5 08       		.byte	0x8
 2270 00f6 40       		.byte	0x40
 2271 00f7 1D       		.byte	0x1d
 2272 00f8 9C000000 		.4byte	0x9c
ARM GAS  /tmp/ccJVclG6.s 			page 41


 2273 00fc 07       		.uleb128 0x7
 2274 00fd C9030000 		.4byte	.LASF21
 2275 0101 08       		.byte	0x8
 2276 0102 41       		.byte	0x41
 2277 0103 1D       		.byte	0x1d
 2278 0104 63000000 		.4byte	0x63
 2279 0108 07       		.uleb128 0x7
 2280 0109 C9070000 		.4byte	.LASF22
 2281 010d 09       		.byte	0x9
 2282 010e 3F       		.byte	0x3f
 2283 010f 1A       		.byte	0x1a
 2284 0110 14010000 		.4byte	0x114
 2285 0114 1E       		.uleb128 0x1e
 2286 0115 AF030000 		.4byte	.LASF35
 2287 0119 2C       		.byte	0x2c
 2288 011a 0A       		.byte	0xa
 2289 011b 9A       		.byte	0x9a
 2290 011c BD010000 		.4byte	0x1bd
 2291 0120 01       		.uleb128 0x1
 2292 0121 A7050000 		.4byte	.LASF23
 2293 0125 0A       		.byte	0xa
 2294 0126 9B       		.byte	0x9b
 2295 0127 19       		.byte	0x19
 2296 0128 F4010000 		.4byte	0x1f4
 2297 012c 00       		.byte	0
 2298 012d 01       		.uleb128 0x1
 2299 012e FF050000 		.4byte	.LASF24
 2300 0132 0A       		.byte	0xa
 2301 0133 9C       		.byte	0x9c
 2302 0134 19       		.byte	0x19
 2303 0135 F0000000 		.4byte	0xf0
 2304 0139 08       		.byte	0x8
 2305 013a 0B       		.uleb128 0xb
 2306 013b 63747800 		.ascii	"ctx\000"
 2307 013f 0A       		.byte	0xa
 2308 0140 9D       		.byte	0x9d
 2309 0141 19       		.byte	0x19
 2310 0142 EC050000 		.4byte	0x5ec
 2311 0146 0C       		.byte	0xc
 2312 0147 01       		.uleb128 0x1
 2313 0148 0D040000 		.4byte	.LASF25
 2314 014c 0A       		.byte	0xa
 2315 014d 9F       		.byte	0x9f
 2316 014e 1A       		.byte	0x1a
 2317 014f C9010000 		.4byte	0x1c9
 2318 0153 10       		.byte	0x10
 2319 0154 01       		.uleb128 0x1
 2320 0155 5E020000 		.4byte	.LASF26
 2321 0159 0A       		.byte	0xa
 2322 015a A0       		.byte	0xa0
 2323 015b 1A       		.byte	0x1a
 2324 015c C9010000 		.4byte	0x1c9
 2325 0160 14       		.byte	0x14
 2326 0161 01       		.uleb128 0x1
 2327 0162 8B030000 		.4byte	.LASF27
 2328 0166 0A       		.byte	0xa
 2329 0167 A7       		.byte	0xa7
ARM GAS  /tmp/ccJVclG6.s 			page 42


 2330 0168 1A       		.byte	0x1a
 2331 0169 AA070000 		.4byte	0x7aa
 2332 016d 18       		.byte	0x18
 2333 016e 01       		.uleb128 0x1
 2334 016f AD050000 		.4byte	.LASF28
 2335 0173 0A       		.byte	0xa
 2336 0174 B0       		.byte	0xb0
 2337 0175 1A       		.byte	0x1a
 2338 0176 BB070000 		.4byte	0x7bb
 2339 017a 1C       		.byte	0x1c
 2340 017b 01       		.uleb128 0x1
 2341 017c B2010000 		.4byte	.LASF29
 2342 0180 0A       		.byte	0xa
 2343 0181 B5       		.byte	0xb5
 2344 0182 19       		.byte	0x19
 2345 0183 D8000000 		.4byte	0xd8
 2346 0187 20       		.byte	0x20
 2347 0188 01       		.uleb128 0x1
 2348 0189 AB080000 		.4byte	.LASF30
 2349 018d 0A       		.byte	0xa
 2350 018e B9       		.byte	0xb9
 2351 018f 19       		.byte	0x19
 2352 0190 CC000000 		.4byte	0xcc
 2353 0194 21       		.byte	0x21
 2354 0195 01       		.uleb128 0x1
 2355 0196 FF000000 		.4byte	.LASF31
 2356 019a 0A       		.byte	0xa
 2357 019b BE       		.byte	0xbe
 2358 019c 19       		.byte	0x19
 2359 019d E4000000 		.4byte	0xe4
 2360 01a1 22       		.byte	0x22
 2361 01a2 04       		.uleb128 0x4
 2362 01a3 7500     		.ascii	"u\000"
 2363 01a5 0A       		.byte	0xa
 2364 01a6 0F01     		.2byte	0x10f
 2365 01a8 19       		.byte	0x19
 2366 01a9 6F070000 		.4byte	0x76f
 2367 01ad 24       		.byte	0x24
 2368 01ae 05       		.uleb128 0x5
 2369 01af D1020000 		.4byte	.LASF32
 2370 01b3 0A       		.byte	0xa
 2371 01b4 1401     		.2byte	0x114
 2372 01b6 19       		.byte	0x19
 2373 01b7 CE010000 		.4byte	0x1ce
 2374 01bb 28       		.byte	0x28
 2375 01bc 00       		.byte	0
 2376 01bd 07       		.uleb128 0x7
 2377 01be 34030000 		.4byte	.LASF33
 2378 01c2 09       		.byte	0x9
 2379 01c3 44       		.byte	0x44
 2380 01c4 14       		.byte	0x14
 2381 01c5 C9010000 		.4byte	0x1c9
 2382 01c9 08       		.uleb128 0x8
 2383 01ca 08010000 		.4byte	0x108
 2384 01ce 07       		.uleb128 0x7
 2385 01cf 13040000 		.4byte	.LASF34
 2386 01d3 09       		.byte	0x9
ARM GAS  /tmp/ccJVclG6.s 			page 43


 2387 01d4 49       		.byte	0x49
 2388 01d5 20       		.byte	0x20
 2389 01d6 DA010000 		.4byte	0x1da
 2390 01da 1E       		.uleb128 0x1e
 2391 01db 56070000 		.4byte	.LASF36
 2392 01df 04       		.byte	0x4
 2393 01e0 0A       		.byte	0xa
 2394 01e1 88       		.byte	0x88
 2395 01e2 F4010000 		.4byte	0x1f4
 2396 01e6 01       		.uleb128 0x1
 2397 01e7 D1000000 		.4byte	.LASF37
 2398 01eb 0A       		.byte	0xa
 2399 01ec 89       		.byte	0x89
 2400 01ed 1A       		.byte	0x1a
 2401 01ee C9010000 		.4byte	0x1c9
 2402 01f2 00       		.byte	0
 2403 01f3 00       		.byte	0
 2404 01f4 07       		.uleb128 0x7
 2405 01f5 6E080000 		.4byte	.LASF38
 2406 01f9 09       		.byte	0x9
 2407 01fa 50       		.byte	0x50
 2408 01fb 21       		.byte	0x21
 2409 01fc 00020000 		.4byte	0x200
 2410 0200 1E       		.uleb128 0x1e
 2411 0201 D6000000 		.4byte	.LASF39
 2412 0205 08       		.byte	0x8
 2413 0206 0A       		.byte	0xa
 2414 0207 8F       		.byte	0x8f
 2415 0208 27020000 		.4byte	0x227
 2416 020c 01       		.uleb128 0x1
 2417 020d D1000000 		.4byte	.LASF37
 2418 0211 0A       		.byte	0xa
 2419 0212 90       		.byte	0x90
 2420 0213 1A       		.byte	0x1a
 2421 0214 C9010000 		.4byte	0x1c9
 2422 0218 00       		.byte	0
 2423 0219 01       		.uleb128 0x1
 2424 021a 92080000 		.4byte	.LASF40
 2425 021e 0A       		.byte	0xa
 2426 021f 91       		.byte	0x91
 2427 0220 1A       		.byte	0x1a
 2428 0221 C9010000 		.4byte	0x1c9
 2429 0225 04       		.byte	0x4
 2430 0226 00       		.byte	0
 2431 0227 33       		.uleb128 0x33
 2432 0228 04       		.byte	0x4
 2433 0229 15       		.uleb128 0x15
 2434 022a 9C000000 		.4byte	0x9c
 2435 022e 39020000 		.4byte	0x239
 2436 0232 16       		.uleb128 0x16
 2437 0233 2D000000 		.4byte	0x2d
 2438 0237 01       		.byte	0x1
 2439 0238 00       		.byte	0
 2440 0239 20       		.uleb128 0x20
 2441 023a B8       		.byte	0xb8
 2442 023b 0B       		.byte	0xb
 2443 023c B4       		.byte	0xb4
ARM GAS  /tmp/ccJVclG6.s 			page 44


 2444 023d 21040000 		.4byte	0x421
 2445 0241 0B       		.uleb128 0xb
 2446 0242 49535200 		.ascii	"ISR\000"
 2447 0246 0B       		.byte	0xb
 2448 0247 B6       		.byte	0xb6
 2449 0248 11       		.byte	0x11
 2450 0249 A8000000 		.4byte	0xa8
 2451 024d 00       		.byte	0
 2452 024e 0B       		.uleb128 0xb
 2453 024f 49455200 		.ascii	"IER\000"
 2454 0253 0B       		.byte	0xb
 2455 0254 B7       		.byte	0xb7
 2456 0255 11       		.byte	0x11
 2457 0256 A8000000 		.4byte	0xa8
 2458 025a 04       		.byte	0x4
 2459 025b 0B       		.uleb128 0xb
 2460 025c 435200   		.ascii	"CR\000"
 2461 025f 0B       		.byte	0xb
 2462 0260 B8       		.byte	0xb8
 2463 0261 11       		.byte	0x11
 2464 0262 A8000000 		.4byte	0xa8
 2465 0266 08       		.byte	0x8
 2466 0267 01       		.uleb128 0x1
 2467 0268 04090000 		.4byte	.LASF41
 2468 026c 0B       		.byte	0xb
 2469 026d B9       		.byte	0xb9
 2470 026e 11       		.byte	0x11
 2471 026f A8000000 		.4byte	0xa8
 2472 0273 0C       		.byte	0xc
 2473 0274 01       		.uleb128 0x1
 2474 0275 29060000 		.4byte	.LASF42
 2475 0279 0B       		.byte	0xb
 2476 027a BA       		.byte	0xba
 2477 027b 11       		.byte	0x11
 2478 027c 9C000000 		.4byte	0x9c
 2479 0280 10       		.byte	0x10
 2480 0281 01       		.uleb128 0x1
 2481 0282 EB050000 		.4byte	.LASF43
 2482 0286 0B       		.byte	0xb
 2483 0287 BB       		.byte	0xbb
 2484 0288 11       		.byte	0x11
 2485 0289 A8000000 		.4byte	0xa8
 2486 028d 14       		.byte	0x14
 2487 028e 01       		.uleb128 0x1
 2488 028f F1050000 		.4byte	.LASF44
 2489 0293 0B       		.byte	0xb
 2490 0294 BC       		.byte	0xbc
 2491 0295 11       		.byte	0x11
 2492 0296 A8000000 		.4byte	0xa8
 2493 029a 18       		.byte	0x18
 2494 029b 01       		.uleb128 0x1
 2495 029c 33060000 		.4byte	.LASF45
 2496 02a0 0B       		.byte	0xb
 2497 02a1 BD       		.byte	0xbd
 2498 02a2 11       		.byte	0x11
 2499 02a3 9C000000 		.4byte	0x9c
 2500 02a7 1C       		.byte	0x1c
ARM GAS  /tmp/ccJVclG6.s 			page 45


 2501 02a8 0B       		.uleb128 0xb
 2502 02a9 54523100 		.ascii	"TR1\000"
 2503 02ad 0B       		.byte	0xb
 2504 02ae BE       		.byte	0xbe
 2505 02af 11       		.byte	0x11
 2506 02b0 A8000000 		.4byte	0xa8
 2507 02b4 20       		.byte	0x20
 2508 02b5 0B       		.uleb128 0xb
 2509 02b6 54523200 		.ascii	"TR2\000"
 2510 02ba 0B       		.byte	0xb
 2511 02bb BF       		.byte	0xbf
 2512 02bc 11       		.byte	0x11
 2513 02bd A8000000 		.4byte	0xa8
 2514 02c1 24       		.byte	0x24
 2515 02c2 0B       		.uleb128 0xb
 2516 02c3 54523300 		.ascii	"TR3\000"
 2517 02c7 0B       		.byte	0xb
 2518 02c8 C0       		.byte	0xc0
 2519 02c9 11       		.byte	0x11
 2520 02ca A8000000 		.4byte	0xa8
 2521 02ce 28       		.byte	0x28
 2522 02cf 01       		.uleb128 0x1
 2523 02d0 3D060000 		.4byte	.LASF46
 2524 02d4 0B       		.byte	0xb
 2525 02d5 C1       		.byte	0xc1
 2526 02d6 11       		.byte	0x11
 2527 02d7 9C000000 		.4byte	0x9c
 2528 02db 2C       		.byte	0x2c
 2529 02dc 01       		.uleb128 0x1
 2530 02dd 0D060000 		.4byte	.LASF47
 2531 02e1 0B       		.byte	0xb
 2532 02e2 C2       		.byte	0xc2
 2533 02e3 11       		.byte	0x11
 2534 02e4 A8000000 		.4byte	0xa8
 2535 02e8 30       		.byte	0x30
 2536 02e9 01       		.uleb128 0x1
 2537 02ea 12060000 		.4byte	.LASF48
 2538 02ee 0B       		.byte	0xb
 2539 02ef C3       		.byte	0xc3
 2540 02f0 11       		.byte	0x11
 2541 02f1 A8000000 		.4byte	0xa8
 2542 02f5 34       		.byte	0x34
 2543 02f6 01       		.uleb128 0x1
 2544 02f7 17060000 		.4byte	.LASF49
 2545 02fb 0B       		.byte	0xb
 2546 02fc C4       		.byte	0xc4
 2547 02fd 11       		.byte	0x11
 2548 02fe A8000000 		.4byte	0xa8
 2549 0302 38       		.byte	0x38
 2550 0303 01       		.uleb128 0x1
 2551 0304 1C060000 		.4byte	.LASF50
 2552 0308 0B       		.byte	0xb
 2553 0309 C5       		.byte	0xc5
 2554 030a 11       		.byte	0x11
 2555 030b A8000000 		.4byte	0xa8
 2556 030f 3C       		.byte	0x3c
 2557 0310 0B       		.uleb128 0xb
ARM GAS  /tmp/ccJVclG6.s 			page 46


 2558 0311 445200   		.ascii	"DR\000"
 2559 0314 0B       		.byte	0xb
 2560 0315 C6       		.byte	0xc6
 2561 0316 11       		.byte	0x11
 2562 0317 A8000000 		.4byte	0xa8
 2563 031b 40       		.byte	0x40
 2564 031c 01       		.uleb128 0x1
 2565 031d 47060000 		.4byte	.LASF51
 2566 0321 0B       		.byte	0xb
 2567 0322 C7       		.byte	0xc7
 2568 0323 11       		.byte	0x11
 2569 0324 9C000000 		.4byte	0x9c
 2570 0328 44       		.byte	0x44
 2571 0329 01       		.uleb128 0x1
 2572 032a 51060000 		.4byte	.LASF52
 2573 032e 0B       		.byte	0xb
 2574 032f C8       		.byte	0xc8
 2575 0330 11       		.byte	0x11
 2576 0331 9C000000 		.4byte	0x9c
 2577 0335 48       		.byte	0x48
 2578 0336 01       		.uleb128 0x1
 2579 0337 42040000 		.4byte	.LASF53
 2580 033b 0B       		.byte	0xb
 2581 033c C9       		.byte	0xc9
 2582 033d 11       		.byte	0x11
 2583 033e A8000000 		.4byte	0xa8
 2584 0342 4C       		.byte	0x4c
 2585 0343 01       		.uleb128 0x1
 2586 0344 5B060000 		.4byte	.LASF54
 2587 0348 0B       		.byte	0xb
 2588 0349 CA       		.byte	0xca
 2589 034a 11       		.byte	0x11
 2590 034b 21040000 		.4byte	0x421
 2591 034f 50       		.byte	0x50
 2592 0350 01       		.uleb128 0x1
 2593 0351 00000000 		.4byte	.LASF55
 2594 0355 0B       		.byte	0xb
 2595 0356 CB       		.byte	0xcb
 2596 0357 11       		.byte	0x11
 2597 0358 A8000000 		.4byte	0xa8
 2598 035c 60       		.byte	0x60
 2599 035d 01       		.uleb128 0x1
 2600 035e 05000000 		.4byte	.LASF56
 2601 0362 0B       		.byte	0xb
 2602 0363 CC       		.byte	0xcc
 2603 0364 11       		.byte	0x11
 2604 0365 A8000000 		.4byte	0xa8
 2605 0369 64       		.byte	0x64
 2606 036a 01       		.uleb128 0x1
 2607 036b E9030000 		.4byte	.LASF57
 2608 036f 0B       		.byte	0xb
 2609 0370 CD       		.byte	0xcd
 2610 0371 11       		.byte	0x11
 2611 0372 A8000000 		.4byte	0xa8
 2612 0376 68       		.byte	0x68
 2613 0377 01       		.uleb128 0x1
 2614 0378 0A000000 		.4byte	.LASF58
ARM GAS  /tmp/ccJVclG6.s 			page 47


 2615 037c 0B       		.byte	0xb
 2616 037d CE       		.byte	0xce
 2617 037e 11       		.byte	0x11
 2618 037f A8000000 		.4byte	0xa8
 2619 0383 6C       		.byte	0x6c
 2620 0384 01       		.uleb128 0x1
 2621 0385 65060000 		.4byte	.LASF59
 2622 0389 0B       		.byte	0xb
 2623 038a CF       		.byte	0xcf
 2624 038b 11       		.byte	0x11
 2625 038c 21040000 		.4byte	0x421
 2626 0390 70       		.byte	0x70
 2627 0391 01       		.uleb128 0x1
 2628 0392 C9080000 		.4byte	.LASF60
 2629 0396 0B       		.byte	0xb
 2630 0397 D0       		.byte	0xd0
 2631 0398 11       		.byte	0x11
 2632 0399 A8000000 		.4byte	0xa8
 2633 039d 80       		.byte	0x80
 2634 039e 01       		.uleb128 0x1
 2635 039f 44010000 		.4byte	.LASF61
 2636 03a3 0B       		.byte	0xb
 2637 03a4 D1       		.byte	0xd1
 2638 03a5 11       		.byte	0x11
 2639 03a6 A8000000 		.4byte	0xa8
 2640 03aa 84       		.byte	0x84
 2641 03ab 01       		.uleb128 0x1
 2642 03ac CE080000 		.4byte	.LASF62
 2643 03b0 0B       		.byte	0xb
 2644 03b1 D2       		.byte	0xd2
 2645 03b2 11       		.byte	0x11
 2646 03b3 A8000000 		.4byte	0xa8
 2647 03b7 88       		.byte	0x88
 2648 03b8 01       		.uleb128 0x1
 2649 03b9 D9050000 		.4byte	.LASF63
 2650 03bd 0B       		.byte	0xb
 2651 03be D3       		.byte	0xd3
 2652 03bf 11       		.byte	0x11
 2653 03c0 A8000000 		.4byte	0xa8
 2654 03c4 8C       		.byte	0x8c
 2655 03c5 01       		.uleb128 0x1
 2656 03c6 6F060000 		.4byte	.LASF64
 2657 03ca 0B       		.byte	0xb
 2658 03cb D4       		.byte	0xd4
 2659 03cc 11       		.byte	0x11
 2660 03cd 21040000 		.4byte	0x421
 2661 03d1 90       		.byte	0x90
 2662 03d2 01       		.uleb128 0x1
 2663 03d3 95030000 		.4byte	.LASF65
 2664 03d7 0B       		.byte	0xb
 2665 03d8 D5       		.byte	0xd5
 2666 03d9 11       		.byte	0x11
 2667 03da A8000000 		.4byte	0xa8
 2668 03de A0       		.byte	0xa0
 2669 03df 01       		.uleb128 0x1
 2670 03e0 2F000000 		.4byte	.LASF66
 2671 03e4 0B       		.byte	0xb
ARM GAS  /tmp/ccJVclG6.s 			page 48


 2672 03e5 D6       		.byte	0xd6
 2673 03e6 11       		.byte	0x11
 2674 03e7 A8000000 		.4byte	0xa8
 2675 03eb A4       		.byte	0xa4
 2676 03ec 01       		.uleb128 0x1
 2677 03ed 79060000 		.4byte	.LASF67
 2678 03f1 0B       		.byte	0xb
 2679 03f2 D7       		.byte	0xd7
 2680 03f3 11       		.byte	0x11
 2681 03f4 9C000000 		.4byte	0x9c
 2682 03f8 A8       		.byte	0xa8
 2683 03f9 01       		.uleb128 0x1
 2684 03fa 66070000 		.4byte	.LASF68
 2685 03fe 0B       		.byte	0xb
 2686 03ff D8       		.byte	0xd8
 2687 0400 11       		.byte	0x11
 2688 0401 9C000000 		.4byte	0x9c
 2689 0405 AC       		.byte	0xac
 2690 0406 01       		.uleb128 0x1
 2691 0407 CA000000 		.4byte	.LASF69
 2692 040b 0B       		.byte	0xb
 2693 040c D9       		.byte	0xd9
 2694 040d 11       		.byte	0x11
 2695 040e A8000000 		.4byte	0xa8
 2696 0412 B0       		.byte	0xb0
 2697 0413 01       		.uleb128 0x1
 2698 0414 70070000 		.4byte	.LASF70
 2699 0418 0B       		.byte	0xb
 2700 0419 DA       		.byte	0xda
 2701 041a 11       		.byte	0x11
 2702 041b A8000000 		.4byte	0xa8
 2703 041f B4       		.byte	0xb4
 2704 0420 00       		.byte	0
 2705 0421 15       		.uleb128 0x15
 2706 0422 9C000000 		.4byte	0x9c
 2707 0426 31040000 		.4byte	0x431
 2708 042a 16       		.uleb128 0x16
 2709 042b 2D000000 		.4byte	0x2d
 2710 042f 03       		.byte	0x3
 2711 0430 00       		.byte	0
 2712 0431 07       		.uleb128 0x7
 2713 0432 8F050000 		.4byte	.LASF71
 2714 0436 0B       		.byte	0xb
 2715 0437 DC       		.byte	0xdc
 2716 0438 03       		.byte	0x3
 2717 0439 39020000 		.4byte	0x239
 2718 043d 20       		.uleb128 0x20
 2719 043e 10       		.byte	0x10
 2720 043f 0B       		.byte	0xb
 2721 0440 DE       		.byte	0xde
 2722 0441 7A040000 		.4byte	0x47a
 2723 0445 0B       		.uleb128 0xb
 2724 0446 43535200 		.ascii	"CSR\000"
 2725 044a 0B       		.byte	0xb
 2726 044b E0       		.byte	0xe0
 2727 044c 11       		.byte	0x11
 2728 044d A8000000 		.4byte	0xa8
ARM GAS  /tmp/ccJVclG6.s 			page 49


 2729 0451 00       		.byte	0
 2730 0452 01       		.uleb128 0x1
 2731 0453 0D070000 		.4byte	.LASF72
 2732 0457 0B       		.byte	0xb
 2733 0458 E1       		.byte	0xe1
 2734 0459 11       		.byte	0x11
 2735 045a 9C000000 		.4byte	0x9c
 2736 045e 04       		.byte	0x4
 2737 045f 0B       		.uleb128 0xb
 2738 0460 43435200 		.ascii	"CCR\000"
 2739 0464 0B       		.byte	0xb
 2740 0465 E2       		.byte	0xe2
 2741 0466 11       		.byte	0x11
 2742 0467 A8000000 		.4byte	0xa8
 2743 046b 08       		.byte	0x8
 2744 046c 0B       		.uleb128 0xb
 2745 046d 43445200 		.ascii	"CDR\000"
 2746 0471 0B       		.byte	0xb
 2747 0472 E3       		.byte	0xe3
 2748 0473 11       		.byte	0x11
 2749 0474 A8000000 		.4byte	0xa8
 2750 0478 0C       		.byte	0xc
 2751 0479 00       		.byte	0
 2752 047a 07       		.uleb128 0x7
 2753 047b BD050000 		.4byte	.LASF73
 2754 047f 0B       		.byte	0xb
 2755 0480 E5       		.byte	0xe5
 2756 0481 03       		.byte	0x3
 2757 0482 3D040000 		.4byte	0x43d
 2758 0486 1A       		.uleb128 0x1a
 2759 0487 10       		.byte	0x10
 2760 0488 0B       		.byte	0xb
 2761 0489 6201     		.2byte	0x162
 2762 048b C8040000 		.4byte	0x4c8
 2763 048f 04       		.uleb128 0x4
 2764 0490 43435200 		.ascii	"CCR\000"
 2765 0494 0B       		.byte	0xb
 2766 0495 6401     		.2byte	0x164
 2767 0497 11       		.byte	0x11
 2768 0498 A8000000 		.4byte	0xa8
 2769 049c 00       		.byte	0
 2770 049d 05       		.uleb128 0x5
 2771 049e 87080000 		.4byte	.LASF74
 2772 04a2 0B       		.byte	0xb
 2773 04a3 6501     		.2byte	0x165
 2774 04a5 11       		.byte	0x11
 2775 04a6 A8000000 		.4byte	0xa8
 2776 04aa 04       		.byte	0x4
 2777 04ab 05       		.uleb128 0x5
 2778 04ac 47030000 		.4byte	.LASF75
 2779 04b0 0B       		.byte	0xb
 2780 04b1 6601     		.2byte	0x166
 2781 04b3 11       		.byte	0x11
 2782 04b4 A8000000 		.4byte	0xa8
 2783 04b8 08       		.byte	0x8
 2784 04b9 05       		.uleb128 0x5
 2785 04ba FD030000 		.4byte	.LASF76
ARM GAS  /tmp/ccJVclG6.s 			page 50


 2786 04be 0B       		.byte	0xb
 2787 04bf 6701     		.2byte	0x167
 2788 04c1 11       		.byte	0x11
 2789 04c2 A8000000 		.4byte	0xa8
 2790 04c6 0C       		.byte	0xc
 2791 04c7 00       		.byte	0
 2792 04c8 0F       		.uleb128 0xf
 2793 04c9 77030000 		.4byte	.LASF77
 2794 04cd 0B       		.byte	0xb
 2795 04ce 6801     		.2byte	0x168
 2796 04d0 03       		.byte	0x3
 2797 04d1 86040000 		.4byte	0x486
 2798 04d5 1A       		.uleb128 0x1a
 2799 04d6 08       		.byte	0x8
 2800 04d7 0B       		.byte	0xb
 2801 04d8 6A01     		.2byte	0x16a
 2802 04da FB040000 		.4byte	0x4fb
 2803 04de 04       		.uleb128 0x4
 2804 04df 49535200 		.ascii	"ISR\000"
 2805 04e3 0B       		.byte	0xb
 2806 04e4 6C01     		.2byte	0x16c
 2807 04e6 11       		.byte	0x11
 2808 04e7 A8000000 		.4byte	0xa8
 2809 04eb 00       		.byte	0
 2810 04ec 05       		.uleb128 0x5
 2811 04ed 78070000 		.4byte	.LASF78
 2812 04f1 0B       		.byte	0xb
 2813 04f2 6D01     		.2byte	0x16d
 2814 04f4 11       		.byte	0x11
 2815 04f5 A8000000 		.4byte	0xa8
 2816 04f9 04       		.byte	0x4
 2817 04fa 00       		.byte	0
 2818 04fb 0F       		.uleb128 0xf
 2819 04fc 04030000 		.4byte	.LASF79
 2820 0500 0B       		.byte	0xb
 2821 0501 6E01     		.2byte	0x16e
 2822 0503 03       		.byte	0x3
 2823 0504 D5040000 		.4byte	0x4d5
 2824 0508 1A       		.uleb128 0x1a
 2825 0509 34       		.byte	0x34
 2826 050a 0B       		.byte	0xb
 2827 050b FB01     		.2byte	0x1fb
 2828 050d C7050000 		.4byte	0x5c7
 2829 0511 04       		.uleb128 0x4
 2830 0512 435200   		.ascii	"CR\000"
 2831 0515 0B       		.byte	0xb
 2832 0516 FD01     		.2byte	0x1fd
 2833 0518 11       		.byte	0x11
 2834 0519 A8000000 		.4byte	0xa8
 2835 051d 00       		.byte	0
 2836 051e 05       		.uleb128 0x5
 2837 051f 04090000 		.4byte	.LASF41
 2838 0523 0B       		.byte	0xb
 2839 0524 FE01     		.2byte	0x1fe
 2840 0526 11       		.byte	0x11
 2841 0527 A8000000 		.4byte	0xa8
 2842 052b 04       		.byte	0x4
ARM GAS  /tmp/ccJVclG6.s 			page 51


 2843 052c 04       		.uleb128 0x4
 2844 052d 43495200 		.ascii	"CIR\000"
 2845 0531 0B       		.byte	0xb
 2846 0532 FF01     		.2byte	0x1ff
 2847 0534 11       		.byte	0x11
 2848 0535 A8000000 		.4byte	0xa8
 2849 0539 08       		.byte	0x8
 2850 053a 05       		.uleb128 0x5
 2851 053b D9020000 		.4byte	.LASF80
 2852 053f 0B       		.byte	0xb
 2853 0540 0002     		.2byte	0x200
 2854 0542 11       		.byte	0x11
 2855 0543 A8000000 		.4byte	0xa8
 2856 0547 0C       		.byte	0xc
 2857 0548 05       		.uleb128 0x5
 2858 0549 04060000 		.4byte	.LASF81
 2859 054d 0B       		.byte	0xb
 2860 054e 0102     		.2byte	0x201
 2861 0550 11       		.byte	0x11
 2862 0551 A8000000 		.4byte	0xa8
 2863 0555 10       		.byte	0x10
 2864 0556 05       		.uleb128 0x5
 2865 0557 76090000 		.4byte	.LASF82
 2866 055b 0B       		.byte	0xb
 2867 055c 0202     		.2byte	0x202
 2868 055e 11       		.byte	0x11
 2869 055f A8000000 		.4byte	0xa8
 2870 0563 14       		.byte	0x14
 2871 0564 05       		.uleb128 0x5
 2872 0565 3A070000 		.4byte	.LASF83
 2873 0569 0B       		.byte	0xb
 2874 056a 0302     		.2byte	0x203
 2875 056c 11       		.byte	0x11
 2876 056d A8000000 		.4byte	0xa8
 2877 0571 18       		.byte	0x18
 2878 0572 05       		.uleb128 0x5
 2879 0573 0D080000 		.4byte	.LASF84
 2880 0577 0B       		.byte	0xb
 2881 0578 0402     		.2byte	0x204
 2882 057a 11       		.byte	0x11
 2883 057b A8000000 		.4byte	0xa8
 2884 057f 1C       		.byte	0x1c
 2885 0580 05       		.uleb128 0x5
 2886 0581 8D080000 		.4byte	.LASF85
 2887 0585 0B       		.byte	0xb
 2888 0586 0502     		.2byte	0x205
 2889 0588 11       		.byte	0x11
 2890 0589 A8000000 		.4byte	0xa8
 2891 058d 20       		.byte	0x20
 2892 058e 04       		.uleb128 0x4
 2893 058f 43535200 		.ascii	"CSR\000"
 2894 0593 0B       		.byte	0xb
 2895 0594 0602     		.2byte	0x206
 2896 0596 11       		.byte	0x11
 2897 0597 A8000000 		.4byte	0xa8
 2898 059b 24       		.byte	0x24
 2899 059c 05       		.uleb128 0x5
ARM GAS  /tmp/ccJVclG6.s 			page 52


 2900 059d F7050000 		.4byte	.LASF86
 2901 05a1 0B       		.byte	0xb
 2902 05a2 0702     		.2byte	0x207
 2903 05a4 11       		.byte	0x11
 2904 05a5 A8000000 		.4byte	0xa8
 2905 05a9 28       		.byte	0x28
 2906 05aa 05       		.uleb128 0x5
 2907 05ab 97080000 		.4byte	.LASF87
 2908 05af 0B       		.byte	0xb
 2909 05b0 0802     		.2byte	0x208
 2910 05b2 11       		.byte	0x11
 2911 05b3 A8000000 		.4byte	0xa8
 2912 05b7 2C       		.byte	0x2c
 2913 05b8 05       		.uleb128 0x5
 2914 05b9 9D080000 		.4byte	.LASF88
 2915 05bd 0B       		.byte	0xb
 2916 05be 0902     		.2byte	0x209
 2917 05c0 11       		.byte	0x11
 2918 05c1 A8000000 		.4byte	0xa8
 2919 05c5 30       		.byte	0x30
 2920 05c6 00       		.byte	0
 2921 05c7 0F       		.uleb128 0xf
 2922 05c8 6B030000 		.4byte	.LASF89
 2923 05cc 0B       		.byte	0xb
 2924 05cd 0A02     		.2byte	0x20a
 2925 05cf 03       		.byte	0x3
 2926 05d0 08050000 		.4byte	0x508
 2927 05d4 07       		.uleb128 0x7
 2928 05d5 AB020000 		.4byte	.LASF90
 2929 05d9 0C       		.byte	0xc
 2930 05da 65       		.byte	0x65
 2931 05db 0F       		.byte	0xf
 2932 05dc 27020000 		.4byte	0x227
 2933 05e0 07       		.uleb128 0x7
 2934 05e1 02040000 		.4byte	.LASF91
 2935 05e5 0C       		.byte	0xc
 2936 05e6 6D       		.byte	0x6d
 2937 05e7 12       		.byte	0x12
 2938 05e8 B4000000 		.4byte	0xb4
 2939 05ec 1E       		.uleb128 0x1e
 2940 05ed DE050000 		.4byte	.LASF92
 2941 05f1 04       		.byte	0x4
 2942 05f2 0C       		.byte	0xc
 2943 05f3 89       		.byte	0x89
 2944 05f4 05060000 		.4byte	0x605
 2945 05f8 0B       		.uleb128 0xb
 2946 05f9 737000   		.ascii	"sp\000"
 2947 05fc 0C       		.byte	0xc
 2948 05fd 8A       		.byte	0x8a
 2949 05fe 17       		.byte	0x17
 2950 05ff 6A070000 		.4byte	0x76a
 2951 0603 00       		.byte	0
 2952 0604 00       		.byte	0
 2953 0605 25       		.uleb128 0x25
 2954 0606 49010000 		.4byte	.LASF93
 2955 060a 64       		.byte	0x64
 2956 060b 04       		.byte	0x4
ARM GAS  /tmp/ccJVclG6.s 			page 53


 2957 060c 6001     		.2byte	0x160
 2958 060e 6A070000 		.4byte	0x76a
 2959 0612 04       		.uleb128 0x4
 2960 0613 73313600 		.ascii	"s16\000"
 2961 0617 04       		.byte	0x4
 2962 0618 6201     		.2byte	0x162
 2963 061a 11       		.byte	0x11
 2964 061b D4050000 		.4byte	0x5d4
 2965 061f 00       		.byte	0
 2966 0620 04       		.uleb128 0x4
 2967 0621 73313700 		.ascii	"s17\000"
 2968 0625 04       		.byte	0x4
 2969 0626 6301     		.2byte	0x163
 2970 0628 11       		.byte	0x11
 2971 0629 D4050000 		.4byte	0x5d4
 2972 062d 04       		.byte	0x4
 2973 062e 04       		.uleb128 0x4
 2974 062f 73313800 		.ascii	"s18\000"
 2975 0633 04       		.byte	0x4
 2976 0634 6401     		.2byte	0x164
 2977 0636 11       		.byte	0x11
 2978 0637 D4050000 		.4byte	0x5d4
 2979 063b 08       		.byte	0x8
 2980 063c 04       		.uleb128 0x4
 2981 063d 73313900 		.ascii	"s19\000"
 2982 0641 04       		.byte	0x4
 2983 0642 6501     		.2byte	0x165
 2984 0644 11       		.byte	0x11
 2985 0645 D4050000 		.4byte	0x5d4
 2986 0649 0C       		.byte	0xc
 2987 064a 04       		.uleb128 0x4
 2988 064b 73323000 		.ascii	"s20\000"
 2989 064f 04       		.byte	0x4
 2990 0650 6601     		.2byte	0x166
 2991 0652 11       		.byte	0x11
 2992 0653 D4050000 		.4byte	0x5d4
 2993 0657 10       		.byte	0x10
 2994 0658 04       		.uleb128 0x4
 2995 0659 73323100 		.ascii	"s21\000"
 2996 065d 04       		.byte	0x4
 2997 065e 6701     		.2byte	0x167
 2998 0660 11       		.byte	0x11
 2999 0661 D4050000 		.4byte	0x5d4
 3000 0665 14       		.byte	0x14
 3001 0666 04       		.uleb128 0x4
 3002 0667 73323200 		.ascii	"s22\000"
 3003 066b 04       		.byte	0x4
 3004 066c 6801     		.2byte	0x168
 3005 066e 11       		.byte	0x11
 3006 066f D4050000 		.4byte	0x5d4
 3007 0673 18       		.byte	0x18
 3008 0674 04       		.uleb128 0x4
 3009 0675 73323300 		.ascii	"s23\000"
 3010 0679 04       		.byte	0x4
 3011 067a 6901     		.2byte	0x169
 3012 067c 11       		.byte	0x11
 3013 067d D4050000 		.4byte	0x5d4
ARM GAS  /tmp/ccJVclG6.s 			page 54


 3014 0681 1C       		.byte	0x1c
 3015 0682 04       		.uleb128 0x4
 3016 0683 73323400 		.ascii	"s24\000"
 3017 0687 04       		.byte	0x4
 3018 0688 6A01     		.2byte	0x16a
 3019 068a 11       		.byte	0x11
 3020 068b D4050000 		.4byte	0x5d4
 3021 068f 20       		.byte	0x20
 3022 0690 04       		.uleb128 0x4
 3023 0691 73323500 		.ascii	"s25\000"
 3024 0695 04       		.byte	0x4
 3025 0696 6B01     		.2byte	0x16b
 3026 0698 11       		.byte	0x11
 3027 0699 D4050000 		.4byte	0x5d4
 3028 069d 24       		.byte	0x24
 3029 069e 04       		.uleb128 0x4
 3030 069f 73323600 		.ascii	"s26\000"
 3031 06a3 04       		.byte	0x4
 3032 06a4 6C01     		.2byte	0x16c
 3033 06a6 11       		.byte	0x11
 3034 06a7 D4050000 		.4byte	0x5d4
 3035 06ab 28       		.byte	0x28
 3036 06ac 04       		.uleb128 0x4
 3037 06ad 73323700 		.ascii	"s27\000"
 3038 06b1 04       		.byte	0x4
 3039 06b2 6D01     		.2byte	0x16d
 3040 06b4 11       		.byte	0x11
 3041 06b5 D4050000 		.4byte	0x5d4
 3042 06b9 2C       		.byte	0x2c
 3043 06ba 04       		.uleb128 0x4
 3044 06bb 73323800 		.ascii	"s28\000"
 3045 06bf 04       		.byte	0x4
 3046 06c0 6E01     		.2byte	0x16e
 3047 06c2 11       		.byte	0x11
 3048 06c3 D4050000 		.4byte	0x5d4
 3049 06c7 30       		.byte	0x30
 3050 06c8 04       		.uleb128 0x4
 3051 06c9 73323900 		.ascii	"s29\000"
 3052 06cd 04       		.byte	0x4
 3053 06ce 6F01     		.2byte	0x16f
 3054 06d0 11       		.byte	0x11
 3055 06d1 D4050000 		.4byte	0x5d4
 3056 06d5 34       		.byte	0x34
 3057 06d6 04       		.uleb128 0x4
 3058 06d7 73333000 		.ascii	"s30\000"
 3059 06db 04       		.byte	0x4
 3060 06dc 7001     		.2byte	0x170
 3061 06de 11       		.byte	0x11
 3062 06df D4050000 		.4byte	0x5d4
 3063 06e3 38       		.byte	0x38
 3064 06e4 04       		.uleb128 0x4
 3065 06e5 73333100 		.ascii	"s31\000"
 3066 06e9 04       		.byte	0x4
 3067 06ea 7101     		.2byte	0x171
 3068 06ec 11       		.byte	0x11
 3069 06ed D4050000 		.4byte	0x5d4
 3070 06f1 3C       		.byte	0x3c
ARM GAS  /tmp/ccJVclG6.s 			page 55


 3071 06f2 04       		.uleb128 0x4
 3072 06f3 723400   		.ascii	"r4\000"
 3073 06f6 04       		.byte	0x4
 3074 06f7 7301     		.2byte	0x173
 3075 06f9 11       		.byte	0x11
 3076 06fa D4050000 		.4byte	0x5d4
 3077 06fe 40       		.byte	0x40
 3078 06ff 04       		.uleb128 0x4
 3079 0700 723500   		.ascii	"r5\000"
 3080 0703 04       		.byte	0x4
 3081 0704 7401     		.2byte	0x174
 3082 0706 11       		.byte	0x11
 3083 0707 D4050000 		.4byte	0x5d4
 3084 070b 44       		.byte	0x44
 3085 070c 04       		.uleb128 0x4
 3086 070d 723600   		.ascii	"r6\000"
 3087 0710 04       		.byte	0x4
 3088 0711 7501     		.2byte	0x175
 3089 0713 11       		.byte	0x11
 3090 0714 D4050000 		.4byte	0x5d4
 3091 0718 48       		.byte	0x48
 3092 0719 04       		.uleb128 0x4
 3093 071a 723700   		.ascii	"r7\000"
 3094 071d 04       		.byte	0x4
 3095 071e 7601     		.2byte	0x176
 3096 0720 11       		.byte	0x11
 3097 0721 D4050000 		.4byte	0x5d4
 3098 0725 4C       		.byte	0x4c
 3099 0726 04       		.uleb128 0x4
 3100 0727 723800   		.ascii	"r8\000"
 3101 072a 04       		.byte	0x4
 3102 072b 7701     		.2byte	0x177
 3103 072d 11       		.byte	0x11
 3104 072e D4050000 		.4byte	0x5d4
 3105 0732 50       		.byte	0x50
 3106 0733 04       		.uleb128 0x4
 3107 0734 723900   		.ascii	"r9\000"
 3108 0737 04       		.byte	0x4
 3109 0738 7801     		.2byte	0x178
 3110 073a 11       		.byte	0x11
 3111 073b D4050000 		.4byte	0x5d4
 3112 073f 54       		.byte	0x54
 3113 0740 04       		.uleb128 0x4
 3114 0741 72313000 		.ascii	"r10\000"
 3115 0745 04       		.byte	0x4
 3116 0746 7901     		.2byte	0x179
 3117 0748 11       		.byte	0x11
 3118 0749 D4050000 		.4byte	0x5d4
 3119 074d 58       		.byte	0x58
 3120 074e 04       		.uleb128 0x4
 3121 074f 72313100 		.ascii	"r11\000"
 3122 0753 04       		.byte	0x4
 3123 0754 7A01     		.2byte	0x17a
 3124 0756 11       		.byte	0x11
 3125 0757 D4050000 		.4byte	0x5d4
 3126 075b 5C       		.byte	0x5c
 3127 075c 04       		.uleb128 0x4
ARM GAS  /tmp/ccJVclG6.s 			page 56


 3128 075d 6C7200   		.ascii	"lr\000"
 3129 0760 04       		.byte	0x4
 3130 0761 7B01     		.2byte	0x17b
 3131 0763 11       		.byte	0x11
 3132 0764 D4050000 		.4byte	0x5d4
 3133 0768 60       		.byte	0x60
 3134 0769 00       		.byte	0
 3135 076a 08       		.uleb128 0x8
 3136 076b 05060000 		.4byte	0x605
 3137 076f 34       		.uleb128 0x34
 3138 0770 04       		.byte	0x4
 3139 0771 0A       		.byte	0xa
 3140 0772 D2       		.byte	0xd2
 3141 0773 03       		.byte	0x3
 3142 0774 A5070000 		.4byte	0x7a5
 3143 0778 1F       		.uleb128 0x1f
 3144 0779 16000000 		.4byte	.LASF94
 3145 077d D9       		.byte	0xd9
 3146 077e 19       		.byte	0x19
 3147 077f FC000000 		.4byte	0xfc
 3148 0783 1F       		.uleb128 0x1f
 3149 0784 8E000000 		.4byte	.LASF95
 3150 0788 E0       		.byte	0xe0
 3151 0789 19       		.byte	0x19
 3152 078a FC000000 		.4byte	0xfc
 3153 078e 1F       		.uleb128 0x1f
 3154 078f E2030000 		.4byte	.LASF96
 3155 0793 E7       		.byte	0xe7
 3156 0794 1A       		.byte	0x1a
 3157 0795 27020000 		.4byte	0x227
 3158 0799 1F       		.uleb128 0x1f
 3159 079a 5B030000 		.4byte	.LASF97
 3160 079e EE       		.byte	0xee
 3161 079f 1A       		.byte	0x1a
 3162 07a0 A5070000 		.4byte	0x7a5
 3163 07a4 00       		.byte	0
 3164 07a5 08       		.uleb128 0x8
 3165 07a6 BD010000 		.4byte	0x1bd
 3166 07aa 08       		.uleb128 0x8
 3167 07ab B6070000 		.4byte	0x7b6
 3168 07af 0D       		.uleb128 0xd
 3169 07b0 01       		.byte	0x1
 3170 07b1 08       		.byte	0x8
 3171 07b2 83070000 		.4byte	.LASF98
 3172 07b6 12       		.uleb128 0x12
 3173 07b7 AF070000 		.4byte	0x7af
 3174 07bb 08       		.uleb128 0x8
 3175 07bc E0050000 		.4byte	0x5e0
 3176 07c0 20       		.uleb128 0x20
 3177 07c1 14       		.byte	0x14
 3178 07c2 0D       		.byte	0xd
 3179 07c3 E4       		.byte	0xe4
 3180 07c4 24080000 		.4byte	0x824
 3181 07c8 0B       		.uleb128 0xb
 3182 07c9 646D6100 		.ascii	"dma\000"
 3183 07cd 0D       		.byte	0xd
 3184 07ce E5       		.byte	0xe5
ARM GAS  /tmp/ccJVclG6.s 			page 57


 3185 07cf 1A       		.byte	0x1a
 3186 07d0 24080000 		.4byte	0x824
 3187 07d4 00       		.byte	0
 3188 07d5 01       		.uleb128 0x1
 3189 07d6 42070000 		.4byte	.LASF99
 3190 07da 0D       		.byte	0xd
 3191 07db E6       		.byte	0xe6
 3192 07dc 1A       		.byte	0x1a
 3193 07dd 29080000 		.4byte	0x829
 3194 07e1 04       		.byte	0x4
 3195 07e2 01       		.uleb128 0x1
 3196 07e3 22040000 		.4byte	.LASF100
 3197 07e7 0D       		.byte	0xd
 3198 07e8 E7       		.byte	0xe7
 3199 07e9 19       		.byte	0x19
 3200 07ea 9C000000 		.4byte	0x9c
 3201 07ee 08       		.byte	0x8
 3202 07ef 01       		.uleb128 0x1
 3203 07f0 C3030000 		.4byte	.LASF101
 3204 07f4 0D       		.byte	0xd
 3205 07f5 E9       		.byte	0xe9
 3206 07f6 1A       		.byte	0x1a
 3207 07f7 2E080000 		.4byte	0x82e
 3208 07fb 0C       		.byte	0xc
 3209 07fc 01       		.uleb128 0x1
 3210 07fd 32020000 		.4byte	.LASF102
 3211 0801 0D       		.byte	0xd
 3212 0802 EA       		.byte	0xea
 3213 0803 19       		.byte	0x19
 3214 0804 76000000 		.4byte	0x76
 3215 0808 10       		.byte	0x10
 3216 0809 01       		.uleb128 0x1
 3217 080a B4020000 		.4byte	.LASF103
 3218 080e 0D       		.byte	0xd
 3219 080f EC       		.byte	0xec
 3220 0810 19       		.byte	0x19
 3221 0811 76000000 		.4byte	0x76
 3222 0815 11       		.byte	0x11
 3223 0816 01       		.uleb128 0x1
 3224 0817 28000000 		.4byte	.LASF104
 3225 081b 0D       		.byte	0xd
 3226 081c ED       		.byte	0xed
 3227 081d 19       		.byte	0x19
 3228 081e 76000000 		.4byte	0x76
 3229 0822 12       		.byte	0x12
 3230 0823 00       		.byte	0
 3231 0824 08       		.uleb128 0x8
 3232 0825 FB040000 		.4byte	0x4fb
 3233 0829 08       		.uleb128 0x8
 3234 082a C8040000 		.4byte	0x4c8
 3235 082e 08       		.uleb128 0x8
 3236 082f A8000000 		.4byte	0xa8
 3237 0833 07       		.uleb128 0x7
 3238 0834 C1060000 		.4byte	.LASF105
 3239 0838 0D       		.byte	0xd
 3240 0839 EE       		.byte	0xee
 3241 083a 03       		.byte	0x3
ARM GAS  /tmp/ccJVclG6.s 			page 58


 3242 083b C0070000 		.4byte	0x7c0
 3243 083f 12       		.uleb128 0x12
 3244 0840 33080000 		.4byte	0x833
 3245 0844 07       		.uleb128 0x7
 3246 0845 4C030000 		.4byte	.LASF106
 3247 0849 0D       		.byte	0xd
 3248 084a F7       		.byte	0xf7
 3249 084b 10       		.byte	0x10
 3250 084c 50080000 		.4byte	0x850
 3251 0850 08       		.uleb128 0x8
 3252 0851 55080000 		.4byte	0x855
 3253 0855 21       		.uleb128 0x21
 3254 0856 65080000 		.4byte	0x865
 3255 085a 09       		.uleb128 0x9
 3256 085b 27020000 		.4byte	0x227
 3257 085f 09       		.uleb128 0x9
 3258 0860 9C000000 		.4byte	0x9c
 3259 0864 00       		.byte	0
 3260 0865 15       		.uleb128 0x15
 3261 0866 3F080000 		.4byte	0x83f
 3262 086a 75080000 		.4byte	0x875
 3263 086e 16       		.uleb128 0x16
 3264 086f 2D000000 		.4byte	0x2d
 3265 0873 0B       		.byte	0xb
 3266 0874 00       		.byte	0
 3267 0875 12       		.uleb128 0x12
 3268 0876 65080000 		.4byte	0x865
 3269 087a 22       		.uleb128 0x22
 3270 087b A2000000 		.4byte	.LASF144
 3271 087f 0D       		.byte	0xd
 3272 0880 CD01     		.2byte	0x1cd
 3273 0882 21       		.byte	0x21
 3274 0883 75080000 		.4byte	0x875
 3275 0887 0D       		.uleb128 0xd
 3276 0888 01       		.byte	0x1
 3277 0889 02       		.byte	0x2
 3278 088a A5060000 		.4byte	.LASF107
 3279 088e 35       		.uleb128 0x35
 3280 088f 07       		.byte	0x7
 3281 0890 01       		.byte	0x1
 3282 0891 82000000 		.4byte	0x82
 3283 0895 0E       		.byte	0xe
 3284 0896 46       		.byte	0x46
 3285 0897 0E       		.byte	0xe
 3286 0898 C1080000 		.4byte	0x8c1
 3287 089c 10       		.uleb128 0x10
 3288 089d 97000000 		.4byte	.LASF108
 3289 08a1 00       		.byte	0
 3290 08a2 10       		.uleb128 0x10
 3291 08a3 B4050000 		.4byte	.LASF109
 3292 08a7 01       		.byte	0x1
 3293 08a8 10       		.uleb128 0x10
 3294 08a9 B9030000 		.4byte	.LASF110
 3295 08ad 02       		.byte	0x2
 3296 08ae 10       		.uleb128 0x10
 3297 08af F9020000 		.4byte	.LASF111
 3298 08b3 03       		.byte	0x3
ARM GAS  /tmp/ccJVclG6.s 			page 59


 3299 08b4 10       		.uleb128 0x10
 3300 08b5 D2070000 		.4byte	.LASF112
 3301 08b9 04       		.byte	0x4
 3302 08ba 10       		.uleb128 0x10
 3303 08bb 49080000 		.4byte	.LASF113
 3304 08bf 05       		.byte	0x5
 3305 08c0 00       		.byte	0
 3306 08c1 07       		.uleb128 0x7
 3307 08c2 1D000000 		.4byte	.LASF114
 3308 08c6 0E       		.byte	0xe
 3309 08c7 4D       		.byte	0x4d
 3310 08c8 03       		.byte	0x3
 3311 08c9 8E080000 		.4byte	0x88e
 3312 08cd 0F       		.uleb128 0xf
 3313 08ce 80020000 		.4byte	.LASF115
 3314 08d2 0F       		.byte	0xf
 3315 08d3 4C02     		.2byte	0x24c
 3316 08d5 12       		.byte	0x12
 3317 08d6 89000000 		.4byte	0x89
 3318 08da 0F       		.uleb128 0xf
 3319 08db F1080000 		.4byte	.LASF116
 3320 08df 0F       		.byte	0xf
 3321 08e0 5402     		.2byte	0x254
 3322 08e2 12       		.byte	0x12
 3323 08e3 89000000 		.4byte	0x89
 3324 08e7 36       		.uleb128 0x36
 3325 08e8 07       		.byte	0x7
 3326 08e9 01       		.byte	0x1
 3327 08ea 82000000 		.4byte	0x82
 3328 08ee 0F       		.byte	0xf
 3329 08ef 5B02     		.2byte	0x25b
 3330 08f1 0E       		.byte	0xe
 3331 08f2 15090000 		.4byte	0x915
 3332 08f6 10       		.uleb128 0x10
 3333 08f7 63090000 		.4byte	.LASF117
 3334 08fb 00       		.byte	0
 3335 08fc 10       		.uleb128 0x10
 3336 08fd E2020000 		.4byte	.LASF118
 3337 0901 01       		.byte	0x1
 3338 0902 10       		.uleb128 0x10
 3339 0903 7C010000 		.4byte	.LASF119
 3340 0907 02       		.byte	0x2
 3341 0908 10       		.uleb128 0x10
 3342 0909 89010000 		.4byte	.LASF120
 3343 090d 03       		.byte	0x3
 3344 090e 10       		.uleb128 0x10
 3345 090f 96010000 		.4byte	.LASF121
 3346 0913 04       		.byte	0x4
 3347 0914 00       		.byte	0
 3348 0915 0F       		.uleb128 0xf
 3349 0916 7D090000 		.4byte	.LASF122
 3350 091a 0F       		.byte	0xf
 3351 091b 6102     		.2byte	0x261
 3352 091d 03       		.byte	0x3
 3353 091e E7080000 		.4byte	0x8e7
 3354 0922 0F       		.uleb128 0xf
 3355 0923 61030000 		.4byte	.LASF123
ARM GAS  /tmp/ccJVclG6.s 			page 60


 3356 0927 0F       		.byte	0xf
 3357 0928 6602     		.2byte	0x266
 3358 092a 1A       		.byte	0x1a
 3359 092b 2F090000 		.4byte	0x92f
 3360 092f 25       		.uleb128 0x25
 3361 0930 61030000 		.4byte	.LASF123
 3362 0934 28       		.byte	0x28
 3363 0935 0F       		.byte	0xf
 3364 0936 CE02     		.2byte	0x2ce
 3365 0938 C9090000 		.4byte	0x9c9
 3366 093c 05       		.uleb128 0x5
 3367 093d B2010000 		.4byte	.LASF29
 3368 0941 0F       		.byte	0xf
 3369 0942 D202     		.2byte	0x2d2
 3370 0944 1D       		.byte	0x1d
 3371 0945 C1080000 		.4byte	0x8c1
 3372 0949 00       		.byte	0
 3373 094a 05       		.uleb128 0x5
 3374 094b AD070000 		.4byte	.LASF124
 3375 094f 0F       		.byte	0xf
 3376 0950 D602     		.2byte	0x2d6
 3377 0952 1E       		.byte	0x1e
 3378 0953 D20A0000 		.4byte	0xad2
 3379 0957 04       		.byte	0x4
 3380 0958 05       		.uleb128 0x5
 3381 0959 3A040000 		.4byte	.LASF125
 3382 095d 0F       		.byte	0xf
 3383 095e DA02     		.2byte	0x2da
 3384 0960 1E       		.byte	0x1e
 3385 0961 F5090000 		.4byte	0x9f5
 3386 0965 08       		.byte	0x8
 3387 0966 05       		.uleb128 0x5
 3388 0967 7D070000 		.4byte	.LASF126
 3389 096b 0F       		.byte	0xf
 3390 096c DE02     		.2byte	0x2de
 3391 096e 1D       		.byte	0x1d
 3392 096f 3B000000 		.4byte	0x3b
 3393 0973 0C       		.byte	0xc
 3394 0974 05       		.uleb128 0x5
 3395 0975 28040000 		.4byte	.LASF127
 3396 0979 0F       		.byte	0xf
 3397 097a E202     		.2byte	0x2e2
 3398 097c 1E       		.byte	0x1e
 3399 097d D70A0000 		.4byte	0xad7
 3400 0981 10       		.byte	0x10
 3401 0982 05       		.uleb128 0x5
 3402 0983 9E060000 		.4byte	.LASF128
 3403 0987 0F       		.byte	0xf
 3404 0988 E702     		.2byte	0x2e7
 3405 098a 1D       		.byte	0x1d
 3406 098b BD010000 		.4byte	0x1bd
 3407 098f 14       		.byte	0x14
 3408 0990 05       		.uleb128 0x5
 3409 0991 17090000 		.4byte	.LASF129
 3410 0995 0F       		.byte	0xf
 3411 0996 F602     		.2byte	0x2f6
 3412 0998 1E       		.byte	0x1e
ARM GAS  /tmp/ccJVclG6.s 			page 61


 3413 0999 DC0A0000 		.4byte	0xadc
 3414 099d 18       		.byte	0x18
 3415 099e 05       		.uleb128 0x5
 3416 099f EC080000 		.4byte	.LASF130
 3417 09a3 0F       		.byte	0xf
 3418 09a4 0003     		.2byte	0x300
 3419 09a6 1E       		.byte	0x1e
 3420 09a7 E10A0000 		.4byte	0xae1
 3421 09ab 1C       		.byte	0x1c
 3422 09ac 05       		.uleb128 0x5
 3423 09ad 75010000 		.4byte	.LASF131
 3424 09b1 0F       		.byte	0xf
 3425 09b2 0403     		.2byte	0x304
 3426 09b4 1E       		.byte	0x1e
 3427 09b5 E60A0000 		.4byte	0xae6
 3428 09b9 20       		.byte	0x20
 3429 09ba 05       		.uleb128 0x5
 3430 09bb D3080000 		.4byte	.LASF132
 3431 09bf 0F       		.byte	0xf
 3432 09c0 0803     		.2byte	0x308
 3433 09c2 1D       		.byte	0x1d
 3434 09c3 9C000000 		.4byte	0x9c
 3435 09c7 24       		.byte	0x24
 3436 09c8 00       		.byte	0
 3437 09c9 0F       		.uleb128 0xf
 3438 09ca 50020000 		.4byte	.LASF133
 3439 09ce 0F       		.byte	0xf
 3440 09cf 7002     		.2byte	0x270
 3441 09d1 10       		.byte	0x10
 3442 09d2 D6090000 		.4byte	0x9d6
 3443 09d6 08       		.uleb128 0x8
 3444 09d7 DB090000 		.4byte	0x9db
 3445 09db 21       		.uleb128 0x21
 3446 09dc F0090000 		.4byte	0x9f0
 3447 09e0 09       		.uleb128 0x9
 3448 09e1 F0090000 		.4byte	0x9f0
 3449 09e5 09       		.uleb128 0x9
 3450 09e6 F5090000 		.4byte	0x9f5
 3451 09ea 09       		.uleb128 0x9
 3452 09eb 3B000000 		.4byte	0x3b
 3453 09ef 00       		.byte	0
 3454 09f0 08       		.uleb128 0x8
 3455 09f1 22090000 		.4byte	0x922
 3456 09f5 08       		.uleb128 0x8
 3457 09f6 CD080000 		.4byte	0x8cd
 3458 09fa 0F       		.uleb128 0xf
 3459 09fb ED010000 		.4byte	.LASF134
 3460 09ff 0F       		.byte	0xf
 3461 0a00 7902     		.2byte	0x279
 3462 0a02 10       		.byte	0x10
 3463 0a03 070A0000 		.4byte	0xa07
 3464 0a07 08       		.uleb128 0x8
 3465 0a08 0C0A0000 		.4byte	0xa0c
 3466 0a0c 21       		.uleb128 0x21
 3467 0a0d 1C0A0000 		.4byte	0xa1c
 3468 0a11 09       		.uleb128 0x9
 3469 0a12 F0090000 		.4byte	0x9f0
ARM GAS  /tmp/ccJVclG6.s 			page 62


 3470 0a16 09       		.uleb128 0x9
 3471 0a17 15090000 		.4byte	0x915
 3472 0a1b 00       		.byte	0
 3473 0a1c 1A       		.uleb128 0x1a
 3474 0a1d 2C       		.byte	0x2c
 3475 0a1e 0F       		.byte	0xf
 3476 0a1f 8302     		.2byte	0x283
 3477 0a21 960A0000 		.4byte	0xa96
 3478 0a25 05       		.uleb128 0x5
 3479 0a26 B8010000 		.4byte	.LASF135
 3480 0a2a 0F       		.byte	0xf
 3481 0a2b 8702     		.2byte	0x287
 3482 0a2d 1D       		.byte	0x1d
 3483 0a2e 87080000 		.4byte	0x887
 3484 0a32 00       		.byte	0
 3485 0a33 05       		.uleb128 0x5
 3486 0a34 DF070000 		.4byte	.LASF136
 3487 0a38 0F       		.byte	0xf
 3488 0a39 8B02     		.2byte	0x28b
 3489 0a3b 1D       		.byte	0x1d
 3490 0a3c DA080000 		.4byte	0x8da
 3491 0a40 02       		.byte	0x2
 3492 0a41 05       		.uleb128 0x5
 3493 0a42 38020000 		.4byte	.LASF137
 3494 0a46 0F       		.byte	0xf
 3495 0a47 8F02     		.2byte	0x28f
 3496 0a49 1D       		.byte	0x1d
 3497 0a4a C9090000 		.4byte	0x9c9
 3498 0a4e 04       		.byte	0x4
 3499 0a4f 05       		.uleb128 0x5
 3500 0a50 FD060000 		.4byte	.LASF138
 3501 0a54 0F       		.byte	0xf
 3502 0a55 9302     		.2byte	0x293
 3503 0a57 1D       		.byte	0x1d
 3504 0a58 FA090000 		.4byte	0x9fa
 3505 0a5c 08       		.byte	0x8
 3506 0a5d 05       		.uleb128 0x5
 3507 0a5e C4080000 		.4byte	.LASF139
 3508 0a62 0F       		.byte	0xf
 3509 0a63 9D02     		.2byte	0x29d
 3510 0a65 1D       		.byte	0x1d
 3511 0a66 9C000000 		.4byte	0x9c
 3512 0a6a 0C       		.byte	0xc
 3513 0a6b 04       		.uleb128 0x4
 3514 0a6c 74723100 		.ascii	"tr1\000"
 3515 0a70 0F       		.byte	0xf
 3516 0a71 A102     		.2byte	0x2a1
 3517 0a73 1D       		.byte	0x1d
 3518 0a74 9C000000 		.4byte	0x9c
 3519 0a78 10       		.byte	0x10
 3520 0a79 05       		.uleb128 0x5
 3521 0a7a 90030000 		.4byte	.LASF140
 3522 0a7e 0F       		.byte	0xf
 3523 0a7f AE02     		.2byte	0x2ae
 3524 0a81 1D       		.byte	0x1d
 3525 0a82 29020000 		.4byte	0x229
 3526 0a86 14       		.byte	0x14
ARM GAS  /tmp/ccJVclG6.s 			page 63


 3527 0a87 04       		.uleb128 0x4
 3528 0a88 73717200 		.ascii	"sqr\000"
 3529 0a8c 0F       		.byte	0xf
 3530 0a8d B202     		.2byte	0x2b2
 3531 0a8f 1D       		.byte	0x1d
 3532 0a90 21040000 		.4byte	0x421
 3533 0a94 1C       		.byte	0x1c
 3534 0a95 00       		.byte	0
 3535 0a96 0F       		.uleb128 0xf
 3536 0a97 B1080000 		.4byte	.LASF141
 3537 0a9b 0F       		.byte	0xf
 3538 0a9c BF02     		.2byte	0x2bf
 3539 0a9e 03       		.byte	0x3
 3540 0a9f 1C0A0000 		.4byte	0xa1c
 3541 0aa3 12       		.uleb128 0x12
 3542 0aa4 960A0000 		.4byte	0xa96
 3543 0aa8 1A       		.uleb128 0x1a
 3544 0aa9 04       		.byte	0x4
 3545 0aaa 0F       		.byte	0xf
 3546 0aab C402     		.2byte	0x2c4
 3547 0aad C00A0000 		.4byte	0xac0
 3548 0ab1 05       		.uleb128 0x5
 3549 0ab2 E7000000 		.4byte	.LASF142
 3550 0ab6 0F       		.byte	0xf
 3551 0ab7 C802     		.2byte	0x2c8
 3552 0ab9 1D       		.byte	0x1d
 3553 0aba 9C000000 		.4byte	0x9c
 3554 0abe 00       		.byte	0
 3555 0abf 00       		.byte	0
 3556 0ac0 0F       		.uleb128 0xf
 3557 0ac1 CA010000 		.4byte	.LASF143
 3558 0ac5 0F       		.byte	0xf
 3559 0ac6 C902     		.2byte	0x2c9
 3560 0ac8 03       		.byte	0x3
 3561 0ac9 A80A0000 		.4byte	0xaa8
 3562 0acd 12       		.uleb128 0x12
 3563 0ace C00A0000 		.4byte	0xac0
 3564 0ad2 08       		.uleb128 0x8
 3565 0ad3 CD0A0000 		.4byte	0xacd
 3566 0ad7 08       		.uleb128 0x8
 3567 0ad8 A30A0000 		.4byte	0xaa3
 3568 0adc 08       		.uleb128 0x8
 3569 0add 31040000 		.4byte	0x431
 3570 0ae1 08       		.uleb128 0x8
 3571 0ae2 7A040000 		.4byte	0x47a
 3572 0ae6 08       		.uleb128 0x8
 3573 0ae7 3F080000 		.4byte	0x83f
 3574 0aeb 22       		.uleb128 0x22
 3575 0aec 4A070000 		.4byte	.LASF145
 3576 0af0 0F       		.byte	0xf
 3577 0af1 5303     		.2byte	0x353
 3578 0af3 12       		.byte	0x12
 3579 0af4 22090000 		.4byte	0x922
 3580 0af8 22       		.uleb128 0x22
 3581 0af9 50070000 		.4byte	.LASF146
 3582 0afd 0F       		.byte	0xf
 3583 0afe 5703     		.2byte	0x357
ARM GAS  /tmp/ccJVclG6.s 			page 64


 3584 0b00 12       		.byte	0x12
 3585 0b01 22090000 		.4byte	0x922
 3586 0b05 26       		.uleb128 0x26
 3587 0b06 EB0A0000 		.4byte	0xaeb
 3588 0b0a 4C       		.byte	0x4c
 3589 0b0b 05       		.uleb128 0x5
 3590 0b0c 03       		.byte	0x3
 3591 0b0d 00000000 		.4byte	ADCD1
 3592 0b11 26       		.uleb128 0x26
 3593 0b12 F80A0000 		.4byte	0xaf8
 3594 0b16 51       		.byte	0x51
 3595 0b17 05       		.uleb128 0x5
 3596 0b18 03       		.byte	0x3
 3597 0b19 00000000 		.4byte	ADCD2
 3598 0b1d 27       		.uleb128 0x27
 3599 0b1e A3010000 		.4byte	.LASF147
 3600 0b22 62       		.byte	0x62
 3601 0b23 18       		.byte	0x18
 3602 0b24 CD0A0000 		.4byte	0xacd
 3603 0b28 05       		.uleb128 0x5
 3604 0b29 03       		.byte	0x3
 3605 0b2a 00000000 		.4byte	default_config
 3606 0b2e 27       		.uleb128 0x27
 3607 0b2f 6F000000 		.4byte	.LASF148
 3608 0b33 66       		.byte	0x66
 3609 0b34 11       		.byte	0x11
 3610 0b35 9C000000 		.4byte	0x9c
 3611 0b39 05       		.uleb128 0x5
 3612 0b3a 03       		.byte	0x3
 3613 0b3b 00000000 		.4byte	clkmask
 3614 0b3f 28       		.uleb128 0x28
 3615 0b40 88070000 		.4byte	.LASF149
 3616 0b44 0D       		.byte	0xd
 3617 0b45 D901     		.2byte	0x1d9
 3618 0b47 510B0000 		.4byte	0xb51
 3619 0b4b 09       		.uleb128 0x9
 3620 0b4c E60A0000 		.4byte	0xae6
 3621 0b50 00       		.byte	0
 3622 0b51 28       		.uleb128 0x28
 3623 0b52 7D050000 		.4byte	.LASF150
 3624 0b56 03       		.byte	0x3
 3625 0b57 3901     		.2byte	0x139
 3626 0b59 630B0000 		.4byte	0xb63
 3627 0b5d 09       		.uleb128 0x9
 3628 0b5e C0000000 		.4byte	0xc0
 3629 0b62 00       		.byte	0
 3630 0b63 37       		.uleb128 0x37
 3631 0b64 46090000 		.4byte	.LASF193
 3632 0b68 0D       		.byte	0xd
 3633 0b69 D501     		.2byte	0x1d5
 3634 0b6b 08       		.byte	0x8
 3635 0b6c 87080000 		.4byte	0x887
 3636 0b70 890B0000 		.4byte	0xb89
 3637 0b74 09       		.uleb128 0x9
 3638 0b75 E60A0000 		.4byte	0xae6
 3639 0b79 09       		.uleb128 0x9
 3640 0b7a 9C000000 		.4byte	0x9c
ARM GAS  /tmp/ccJVclG6.s 			page 65


 3641 0b7e 09       		.uleb128 0x9
 3642 0b7f 44080000 		.4byte	0x844
 3643 0b83 09       		.uleb128 0x9
 3644 0b84 27020000 		.4byte	0x227
 3645 0b88 00       		.byte	0
 3646 0b89 23       		.uleb128 0x23
 3647 0b8a EE000000 		.4byte	.LASF151
 3648 0b8e 10       		.byte	0x10
 3649 0b8f 4E       		.byte	0x4e
 3650 0b90 9F0B0000 		.4byte	0xb9f
 3651 0b94 09       		.uleb128 0x9
 3652 0b95 9C000000 		.4byte	0x9c
 3653 0b99 09       		.uleb128 0x9
 3654 0b9a 9C000000 		.4byte	0x9c
 3655 0b9e 00       		.byte	0
 3656 0b9f 23       		.uleb128 0x23
 3657 0ba0 26030000 		.4byte	.LASF152
 3658 0ba4 0E       		.byte	0xe
 3659 0ba5 F7       		.byte	0xf7
 3660 0ba6 B00B0000 		.4byte	0xbb0
 3661 0baa 09       		.uleb128 0x9
 3662 0bab F0090000 		.4byte	0x9f0
 3663 0baf 00       		.byte	0
 3664 0bb0 23       		.uleb128 0x23
 3665 0bb1 9E020000 		.4byte	.LASF153
 3666 0bb5 11       		.byte	0x11
 3667 0bb6 FA       		.byte	0xfa
 3668 0bb7 C60B0000 		.4byte	0xbc6
 3669 0bbb 09       		.uleb128 0x9
 3670 0bbc A5070000 		.4byte	0x7a5
 3671 0bc0 09       		.uleb128 0x9
 3672 0bc1 FC000000 		.4byte	0xfc
 3673 0bc5 00       		.byte	0
 3674 0bc6 38       		.uleb128 0x38
 3675 0bc7 CF030000 		.4byte	.LASF194
 3676 0bcb 04       		.byte	0x4
 3677 0bcc F101     		.2byte	0x1f1
 3678 0bce 08       		.byte	0x8
 3679 0bcf 0E       		.uleb128 0xe
 3680 0bd0 1E010000 		.4byte	.LASF154
 3681 0bd4 A303     		.2byte	0x3a3
 3682 0bd6 06       		.byte	0x6
 3683 0bd7 00000000 		.4byte	.LFB252
 3684 0bdb 0C000000 		.4byte	.LFE252-.LFB252
 3685 0bdf 01       		.uleb128 0x1
 3686 0be0 9C       		.byte	0x9c
 3687 0be1 F40B0000 		.4byte	0xbf4
 3688 0be5 14       		.uleb128 0x14
 3689 0be6 2E090000 		.4byte	.LASF156
 3690 0bea A303     		.2byte	0x3a3
 3691 0bec 25       		.byte	0x25
 3692 0bed F0090000 		.4byte	0x9f0
 3693 0bf1 01       		.uleb128 0x1
 3694 0bf2 50       		.byte	0x50
 3695 0bf3 00       		.byte	0
 3696 0bf4 0E       		.uleb128 0xe
 3697 0bf5 27070000 		.4byte	.LASF155
ARM GAS  /tmp/ccJVclG6.s 			page 66


 3698 0bf9 9403     		.2byte	0x394
 3699 0bfb 06       		.byte	0x6
 3700 0bfc 00000000 		.4byte	.LFB251
 3701 0c00 0C000000 		.4byte	.LFE251-.LFB251
 3702 0c04 01       		.uleb128 0x1
 3703 0c05 9C       		.byte	0x9c
 3704 0c06 190C0000 		.4byte	0xc19
 3705 0c0a 14       		.uleb128 0x14
 3706 0c0b 2E090000 		.4byte	.LASF156
 3707 0c0f 9403     		.2byte	0x394
 3708 0c11 24       		.byte	0x24
 3709 0c12 F0090000 		.4byte	0x9f0
 3710 0c16 01       		.uleb128 0x1
 3711 0c17 50       		.byte	0x50
 3712 0c18 00       		.byte	0
 3713 0c19 0E       		.uleb128 0xe
 3714 0c1a 5C080000 		.4byte	.LASF157
 3715 0c1e 8503     		.2byte	0x385
 3716 0c20 06       		.byte	0x6
 3717 0c21 00000000 		.4byte	.LFB250
 3718 0c25 0C000000 		.4byte	.LFE250-.LFB250
 3719 0c29 01       		.uleb128 0x1
 3720 0c2a 9C       		.byte	0x9c
 3721 0c2b 3E0C0000 		.4byte	0xc3e
 3722 0c2f 14       		.uleb128 0x14
 3723 0c30 2E090000 		.4byte	.LASF156
 3724 0c34 8503     		.2byte	0x385
 3725 0c36 23       		.byte	0x23
 3726 0c37 F0090000 		.4byte	0x9f0
 3727 0c3b 01       		.uleb128 0x1
 3728 0c3c 50       		.byte	0x50
 3729 0c3d 00       		.byte	0
 3730 0c3e 0E       		.uleb128 0xe
 3731 0c3f EC060000 		.4byte	.LASF158
 3732 0c43 7603     		.2byte	0x376
 3733 0c45 06       		.byte	0x6
 3734 0c46 00000000 		.4byte	.LFB249
 3735 0c4a 0C000000 		.4byte	.LFE249-.LFB249
 3736 0c4e 01       		.uleb128 0x1
 3737 0c4f 9C       		.byte	0x9c
 3738 0c50 630C0000 		.4byte	0xc63
 3739 0c54 14       		.uleb128 0x14
 3740 0c55 2E090000 		.4byte	.LASF156
 3741 0c59 7603     		.2byte	0x376
 3742 0c5b 22       		.byte	0x22
 3743 0c5c F0090000 		.4byte	0x9f0
 3744 0c60 01       		.uleb128 0x1
 3745 0c61 50       		.byte	0x50
 3746 0c62 00       		.byte	0
 3747 0c63 0E       		.uleb128 0xe
 3748 0c64 99070000 		.4byte	.LASF159
 3749 0c68 6703     		.2byte	0x367
 3750 0c6a 06       		.byte	0x6
 3751 0c6b 00000000 		.4byte	.LFB248
 3752 0c6f 0C000000 		.4byte	.LFE248-.LFB248
 3753 0c73 01       		.uleb128 0x1
 3754 0c74 9C       		.byte	0x9c
ARM GAS  /tmp/ccJVclG6.s 			page 67


 3755 0c75 880C0000 		.4byte	0xc88
 3756 0c79 14       		.uleb128 0x14
 3757 0c7a 2E090000 		.4byte	.LASF156
 3758 0c7e 6703     		.2byte	0x367
 3759 0c80 25       		.byte	0x25
 3760 0c81 F0090000 		.4byte	0x9f0
 3761 0c85 01       		.uleb128 0x1
 3762 0c86 50       		.byte	0x50
 3763 0c87 00       		.byte	0
 3764 0c88 0E       		.uleb128 0xe
 3765 0c89 15080000 		.4byte	.LASF160
 3766 0c8d 5803     		.2byte	0x358
 3767 0c8f 06       		.byte	0x6
 3768 0c90 00000000 		.4byte	.LFB247
 3769 0c94 0C000000 		.4byte	.LFE247-.LFB247
 3770 0c98 01       		.uleb128 0x1
 3771 0c99 9C       		.byte	0x9c
 3772 0c9a AD0C0000 		.4byte	0xcad
 3773 0c9e 14       		.uleb128 0x14
 3774 0c9f 2E090000 		.4byte	.LASF156
 3775 0ca3 5803     		.2byte	0x358
 3776 0ca5 24       		.byte	0x24
 3777 0ca6 F0090000 		.4byte	0x9f0
 3778 0caa 01       		.uleb128 0x1
 3779 0cab 50       		.byte	0x50
 3780 0cac 00       		.byte	0
 3781 0cad 0E       		.uleb128 0xe
 3782 0cae D4060000 		.4byte	.LASF161
 3783 0cb2 4803     		.2byte	0x348
 3784 0cb4 06       		.byte	0x6
 3785 0cb5 00000000 		.4byte	.LFB246
 3786 0cb9 20000000 		.4byte	.LFE246-.LFB246
 3787 0cbd 01       		.uleb128 0x1
 3788 0cbe 9C       		.byte	0x9c
 3789 0cbf EF0C0000 		.4byte	0xcef
 3790 0cc3 17       		.uleb128 0x17
 3791 0cc4 2E090000 		.4byte	.LASF156
 3792 0cc8 4803     		.2byte	0x348
 3793 0cca 29       		.byte	0x29
 3794 0ccb F0090000 		.4byte	0x9f0
 3795 0ccf 10000000 		.4byte	.LLST9
 3796 0cd3 0C000000 		.4byte	.LVUS9
 3797 0cd7 0C       		.uleb128 0xc
 3798 0cd8 1E000000 		.4byte	.LVL42
 3799 0cdc CC180000 		.4byte	0x18cc
 3800 0ce0 02       		.uleb128 0x2
 3801 0ce1 01       		.uleb128 0x1
 3802 0ce2 50       		.byte	0x50
 3803 0ce3 09       		.uleb128 0x9
 3804 0ce4 A3       		.byte	0xa3
 3805 0ce5 03       		.uleb128 0x3
 3806 0ce6 A5       		.byte	0xa5
 3807 0ce7 00       		.uleb128 0
 3808 0ce8 26       		.uleb128 0x26
 3809 0ce9 A8       		.byte	0xa8
 3810 0cea 2D       		.uleb128 0x2d
 3811 0ceb A8       		.byte	0xa8
ARM GAS  /tmp/ccJVclG6.s 			page 68


 3812 0cec 00       		.uleb128 0
 3813 0ced 00       		.byte	0
 3814 0cee 00       		.byte	0
 3815 0cef 0E       		.uleb128 0xe
 3816 0cf0 D4010000 		.4byte	.LASF162
 3817 0cf4 F002     		.2byte	0x2f0
 3818 0cf6 06       		.byte	0x6
 3819 0cf7 00000000 		.4byte	.LFB245
 3820 0cfb 9C000000 		.4byte	.LFE245-.LFB245
 3821 0cff 01       		.uleb128 0x1
 3822 0d00 9C       		.byte	0x9c
 3823 0d01 590D0000 		.4byte	0xd59
 3824 0d05 14       		.uleb128 0x14
 3825 0d06 2E090000 		.4byte	.LASF156
 3826 0d0a F002     		.2byte	0x2f0
 3827 0d0c 2A       		.byte	0x2a
 3828 0d0d F0090000 		.4byte	0x9f0
 3829 0d11 01       		.uleb128 0x1
 3830 0d12 50       		.byte	0x50
 3831 0d13 1B       		.uleb128 0x1b
 3832 0d14 D3080000 		.4byte	.LASF132
 3833 0d18 F102     		.2byte	0x2f1
 3834 0d1a 0C       		.byte	0xc
 3835 0d1b 9C000000 		.4byte	0x9c
 3836 0d1f 31000000 		.4byte	.LLST6
 3837 0d23 29000000 		.4byte	.LVUS6
 3838 0d27 1B       		.uleb128 0x1b
 3839 0d28 C4080000 		.4byte	.LASF139
 3840 0d2c F102     		.2byte	0x2f1
 3841 0d2e 15       		.byte	0x15
 3842 0d2f 9C000000 		.4byte	0x9c
 3843 0d33 51000000 		.4byte	.LLST7
 3844 0d37 4D000000 		.4byte	.LVUS7
 3845 0d3b 1B       		.uleb128 0x1b
 3846 0d3c 28040000 		.4byte	.LASF127
 3847 0d40 F202     		.2byte	0x2f2
 3848 0d42 1D       		.byte	0x1d
 3849 0d43 D70A0000 		.4byte	0xad7
 3850 0d47 68000000 		.4byte	.LLST8
 3851 0d4b 64000000 		.4byte	.LVUS8
 3852 0d4f 24       		.uleb128 0x24
 3853 0d50 1E070000 		.4byte	.LASF165
 3854 0d54 690D0000 		.4byte	0xd69
 3855 0d58 00       		.byte	0
 3856 0d59 15       		.uleb128 0x15
 3857 0d5a B6070000 		.4byte	0x7b6
 3858 0d5e 690D0000 		.4byte	0xd69
 3859 0d62 16       		.uleb128 0x16
 3860 0d63 2D000000 		.4byte	0x2d
 3861 0d67 18       		.byte	0x18
 3862 0d68 00       		.byte	0
 3863 0d69 12       		.uleb128 0x12
 3864 0d6a 590D0000 		.4byte	0xd59
 3865 0d6e 0E       		.uleb128 0xe
 3866 0d6f 62000000 		.4byte	.LASF163
 3867 0d73 9C02     		.2byte	0x29c
 3868 0d75 06       		.byte	0x6
ARM GAS  /tmp/ccJVclG6.s 			page 69


 3869 0d76 00000000 		.4byte	.LFB244
 3870 0d7a 8C000000 		.4byte	.LFE244-.LFB244
 3871 0d7e 01       		.uleb128 0x1
 3872 0d7f 9C       		.byte	0x9c
 3873 0d80 DA0D0000 		.4byte	0xdda
 3874 0d84 17       		.uleb128 0x17
 3875 0d85 2E090000 		.4byte	.LASF156
 3876 0d89 9C02     		.2byte	0x29c
 3877 0d8b 1E       		.byte	0x1e
 3878 0d8c F0090000 		.4byte	0x9f0
 3879 0d90 7F000000 		.4byte	.LLST5
 3880 0d94 7B000000 		.4byte	.LVUS5
 3881 0d98 1C       		.uleb128 0x1c
 3882 0d99 12000000 		.4byte	.LVL25
 3883 0d9d 3F0B0000 		.4byte	0xb3f
 3884 0da1 11       		.uleb128 0x11
 3885 0da2 18000000 		.4byte	.LVL26
 3886 0da6 CC180000 		.4byte	0x18cc
 3887 0daa B50D0000 		.4byte	0xdb5
 3888 0dae 02       		.uleb128 0x2
 3889 0daf 01       		.uleb128 0x1
 3890 0db0 50       		.byte	0x50
 3891 0db1 02       		.uleb128 0x2
 3892 0db2 74       		.byte	0x74
 3893 0db3 00       		.sleb128 0
 3894 0db4 00       		.byte	0
 3895 0db5 11       		.uleb128 0x11
 3896 0db6 1E000000 		.4byte	.LVL27
 3897 0dba 2E190000 		.4byte	0x192e
 3898 0dbe C90D0000 		.4byte	0xdc9
 3899 0dc2 02       		.uleb128 0x2
 3900 0dc3 01       		.uleb128 0x1
 3901 0dc4 50       		.byte	0x50
 3902 0dc5 02       		.uleb128 0x2
 3903 0dc6 74       		.byte	0x74
 3904 0dc7 00       		.sleb128 0
 3905 0dc8 00       		.byte	0
 3906 0dc9 0C       		.uleb128 0xc
 3907 0dca 24000000 		.4byte	.LVL28
 3908 0dce 72190000 		.4byte	0x1972
 3909 0dd2 02       		.uleb128 0x2
 3910 0dd3 01       		.uleb128 0x1
 3911 0dd4 50       		.byte	0x50
 3912 0dd5 02       		.uleb128 0x2
 3913 0dd6 74       		.byte	0x74
 3914 0dd7 00       		.sleb128 0
 3915 0dd8 00       		.byte	0
 3916 0dd9 00       		.byte	0
 3917 0dda 0E       		.uleb128 0xe
 3918 0ddb 3B080000 		.4byte	.LASF164
 3919 0ddf 2802     		.2byte	0x228
 3920 0de1 06       		.byte	0x6
 3921 0de2 00000000 		.4byte	.LFB243
 3922 0de6 A8000000 		.4byte	.LFE243-.LFB243
 3923 0dea 01       		.uleb128 0x1
 3924 0deb 9C       		.byte	0x9c
 3925 0dec A80E0000 		.4byte	0xea8
ARM GAS  /tmp/ccJVclG6.s 			page 70


 3926 0df0 17       		.uleb128 0x17
 3927 0df1 2E090000 		.4byte	.LASF156
 3928 0df5 2802     		.2byte	0x228
 3929 0df7 1F       		.byte	0x1f
 3930 0df8 F0090000 		.4byte	0x9f0
 3931 0dfc 9C000000 		.4byte	.LLST2
 3932 0e00 90000000 		.4byte	.LVUS2
 3933 0e04 24       		.uleb128 0x24
 3934 0e05 1E070000 		.4byte	.LASF165
 3935 0e09 B80E0000 		.4byte	0xeb8
 3936 0e0d 29       		.uleb128 0x29
 3937 0e0e 0C000000 		.4byte	.LLRL3
 3938 0e12 3E0E0000 		.4byte	0xe3e
 3939 0e16 2A       		.uleb128 0x2a
 3940 0e17 6200     		.ascii	"b\000"
 3941 0e19 3302     		.2byte	0x233
 3942 0e1b 87080000 		.4byte	0x887
 3943 0e1f 0C       		.uleb128 0xc
 3944 0e20 56000000 		.4byte	.LVL21
 3945 0e24 630B0000 		.4byte	0xb63
 3946 0e28 02       		.uleb128 0x2
 3947 0e29 01       		.uleb128 0x1
 3948 0e2a 51       		.byte	0x51
 3949 0e2b 01       		.uleb128 0x1
 3950 0e2c 35       		.byte	0x35
 3951 0e2d 02       		.uleb128 0x2
 3952 0e2e 01       		.uleb128 0x1
 3953 0e2f 52       		.byte	0x52
 3954 0e30 05       		.uleb128 0x5
 3955 0e31 03       		.byte	0x3
 3956 0e32 00000000 		.4byte	adc_lld_serve_dma_interrupt
 3957 0e36 02       		.uleb128 0x2
 3958 0e37 01       		.uleb128 0x1
 3959 0e38 53       		.byte	0x53
 3960 0e39 02       		.uleb128 0x2
 3961 0e3a 74       		.byte	0x74
 3962 0e3b 00       		.sleb128 0
 3963 0e3c 00       		.byte	0
 3964 0e3d 00       		.byte	0
 3965 0e3e 29       		.uleb128 0x29
 3966 0e3f 18000000 		.4byte	.LLRL4
 3967 0e43 6F0E0000 		.4byte	0xe6f
 3968 0e47 2A       		.uleb128 0x2a
 3969 0e48 6200     		.ascii	"b\000"
 3970 0e4a 4602     		.2byte	0x246
 3971 0e4c 87080000 		.4byte	0x887
 3972 0e50 0C       		.uleb128 0xc
 3973 0e51 78000000 		.4byte	.LVL22
 3974 0e55 630B0000 		.4byte	0xb63
 3975 0e59 02       		.uleb128 0x2
 3976 0e5a 01       		.uleb128 0x1
 3977 0e5b 51       		.byte	0x51
 3978 0e5c 01       		.uleb128 0x1
 3979 0e5d 35       		.byte	0x35
 3980 0e5e 02       		.uleb128 0x2
 3981 0e5f 01       		.uleb128 0x1
 3982 0e60 52       		.byte	0x52
ARM GAS  /tmp/ccJVclG6.s 			page 71


 3983 0e61 05       		.uleb128 0x5
 3984 0e62 03       		.byte	0x3
 3985 0e63 00000000 		.4byte	adc_lld_serve_dma_interrupt
 3986 0e67 02       		.uleb128 0x2
 3987 0e68 01       		.uleb128 0x1
 3988 0e69 53       		.byte	0x53
 3989 0e6a 02       		.uleb128 0x2
 3990 0e6b 74       		.byte	0x74
 3991 0e6c 00       		.sleb128 0
 3992 0e6d 00       		.byte	0
 3993 0e6e 00       		.byte	0
 3994 0e6f 11       		.uleb128 0x11
 3995 0e70 3C000000 		.4byte	.LVL16
 3996 0e74 94190000 		.4byte	0x1994
 3997 0e78 830E0000 		.4byte	0xe83
 3998 0e7c 02       		.uleb128 0x2
 3999 0e7d 01       		.uleb128 0x1
 4000 0e7e 50       		.byte	0x50
 4001 0e7f 02       		.uleb128 0x2
 4002 0e80 74       		.byte	0x74
 4003 0e81 00       		.sleb128 0
 4004 0e82 00       		.byte	0
 4005 0e83 11       		.uleb128 0x11
 4006 0e84 42000000 		.4byte	.LVL17
 4007 0e88 EE180000 		.4byte	0x18ee
 4008 0e8c 970E0000 		.4byte	0xe97
 4009 0e90 02       		.uleb128 0x2
 4010 0e91 01       		.uleb128 0x1
 4011 0e92 50       		.byte	0x50
 4012 0e93 02       		.uleb128 0x2
 4013 0e94 74       		.byte	0x74
 4014 0e95 00       		.sleb128 0
 4015 0e96 00       		.byte	0
 4016 0e97 0C       		.uleb128 0xc
 4017 0e98 48000000 		.4byte	.LVL18
 4018 0e9c 50190000 		.4byte	0x1950
 4019 0ea0 02       		.uleb128 0x2
 4020 0ea1 01       		.uleb128 0x1
 4021 0ea2 50       		.byte	0x50
 4022 0ea3 02       		.uleb128 0x2
 4023 0ea4 74       		.byte	0x74
 4024 0ea5 00       		.sleb128 0
 4025 0ea6 00       		.byte	0
 4026 0ea7 00       		.byte	0
 4027 0ea8 15       		.uleb128 0x15
 4028 0ea9 B6070000 		.4byte	0x7b6
 4029 0ead B80E0000 		.4byte	0xeb8
 4030 0eb1 16       		.uleb128 0x16
 4031 0eb2 2D000000 		.4byte	0x2d
 4032 0eb6 0D       		.byte	0xd
 4033 0eb7 00       		.byte	0
 4034 0eb8 12       		.uleb128 0x12
 4035 0eb9 A80E0000 		.4byte	0xea8
 4036 0ebd 0E       		.uleb128 0xe
 4037 0ebe 2D040000 		.4byte	.LASF166
 4038 0ec2 AD01     		.2byte	0x1ad
 4039 0ec4 06       		.byte	0x6
ARM GAS  /tmp/ccJVclG6.s 			page 72


 4040 0ec5 00000000 		.4byte	.LFB242
 4041 0ec9 88000000 		.4byte	.LFE242-.LFB242
 4042 0ecd 01       		.uleb128 0x1
 4043 0ece 9C       		.byte	0x9c
 4044 0ecf 100F0000 		.4byte	0xf10
 4045 0ed3 11       		.uleb128 0x11
 4046 0ed4 12000000 		.4byte	.LVL9
 4047 0ed8 9F0B0000 		.4byte	0xb9f
 4048 0edc E70E0000 		.4byte	0xee7
 4049 0ee0 02       		.uleb128 0x2
 4050 0ee1 01       		.uleb128 0x1
 4051 0ee2 50       		.byte	0x50
 4052 0ee3 02       		.uleb128 0x2
 4053 0ee4 74       		.byte	0x74
 4054 0ee5 00       		.sleb128 0
 4055 0ee6 00       		.byte	0
 4056 0ee7 11       		.uleb128 0x11
 4057 0ee8 30000000 		.4byte	.LVL10
 4058 0eec 9F0B0000 		.4byte	0xb9f
 4059 0ef0 FB0E0000 		.4byte	0xefb
 4060 0ef4 02       		.uleb128 0x2
 4061 0ef5 01       		.uleb128 0x1
 4062 0ef6 50       		.byte	0x50
 4063 0ef7 02       		.uleb128 0x2
 4064 0ef8 74       		.byte	0x74
 4065 0ef9 00       		.sleb128 0
 4066 0efa 00       		.byte	0
 4067 0efb 0C       		.uleb128 0xc
 4068 0efc 46000000 		.4byte	.LVL11
 4069 0f00 890B0000 		.4byte	0xb89
 4070 0f04 02       		.uleb128 0x2
 4071 0f05 01       		.uleb128 0x1
 4072 0f06 50       		.byte	0x50
 4073 0f07 01       		.uleb128 0x1
 4074 0f08 42       		.byte	0x42
 4075 0f09 02       		.uleb128 0x2
 4076 0f0a 01       		.uleb128 0x1
 4077 0f0b 51       		.byte	0x51
 4078 0f0c 01       		.uleb128 0x1
 4079 0f0d 32       		.byte	0x32
 4080 0f0e 00       		.byte	0
 4081 0f0f 00       		.byte	0
 4082 0f10 0E       		.uleb128 0xe
 4083 0f11 7E080000 		.4byte	.LASF167
 4084 0f15 4901     		.2byte	0x149
 4085 0f17 17       		.byte	0x17
 4086 0f18 00000000 		.4byte	.LFB241
 4087 0f1c 30000000 		.4byte	.LFE241-.LFB241
 4088 0f20 01       		.uleb128 0x1
 4089 0f21 9C       		.byte	0x9c
 4090 0f22 730F0000 		.4byte	0xf73
 4091 0f26 39       		.uleb128 0x39
 4092 0f27 69737200 		.ascii	"isr\000"
 4093 0f2b 01       		.byte	0x1
 4094 0f2c 4A01     		.2byte	0x14a
 4095 0f2e 0C       		.byte	0xc
 4096 0f2f 9C000000 		.4byte	0x9c
ARM GAS  /tmp/ccJVclG6.s 			page 73


 4097 0f33 C5000000 		.4byte	.LLST28
 4098 0f37 C1000000 		.4byte	.LVUS28
 4099 0f3b 11       		.uleb128 0x11
 4100 0f3c 10000000 		.4byte	.LVL79
 4101 0f40 730F0000 		.4byte	0xf73
 4102 0f44 520F0000 		.4byte	0xf52
 4103 0f48 02       		.uleb128 0x2
 4104 0f49 01       		.uleb128 0x1
 4105 0f4a 50       		.byte	0x50
 4106 0f4b 05       		.uleb128 0x5
 4107 0f4c 03       		.byte	0x3
 4108 0f4d 00000000 		.4byte	ADCD1
 4109 0f51 00       		.byte	0
 4110 0f52 11       		.uleb128 0x11
 4111 0f53 1C000000 		.4byte	.LVL81
 4112 0f57 730F0000 		.4byte	0xf73
 4113 0f5b 690F0000 		.4byte	0xf69
 4114 0f5f 02       		.uleb128 0x2
 4115 0f60 01       		.uleb128 0x1
 4116 0f61 50       		.byte	0x50
 4117 0f62 05       		.uleb128 0x5
 4118 0f63 03       		.byte	0x3
 4119 0f64 00000000 		.4byte	ADCD2
 4120 0f68 00       		.byte	0
 4121 0f69 1C       		.uleb128 0x1c
 4122 0f6a 20000000 		.4byte	.LVL82
 4123 0f6e C60B0000 		.4byte	0xbc6
 4124 0f72 00       		.byte	0
 4125 0f73 2B       		.uleb128 0x2b
 4126 0f74 1A020000 		.4byte	.LASF168
 4127 0f78 2301     		.2byte	0x123
 4128 0f7a 00000000 		.4byte	.LFB240
 4129 0f7e 30010000 		.4byte	.LFE240-.LFB240
 4130 0f82 01       		.uleb128 0x1
 4131 0f83 9C       		.byte	0x9c
 4132 0f84 67150000 		.4byte	0x1567
 4133 0f88 17       		.uleb128 0x17
 4134 0f89 2E090000 		.4byte	.LASF156
 4135 0f8d 2301     		.2byte	0x123
 4136 0f8f 30       		.byte	0x30
 4137 0f90 F0090000 		.4byte	0x9f0
 4138 0f94 DF000000 		.4byte	.LLST10
 4139 0f98 D5000000 		.4byte	.LVUS10
 4140 0f9c 3A       		.uleb128 0x3a
 4141 0f9d 69737200 		.ascii	"isr\000"
 4142 0fa1 01       		.byte	0x1
 4143 0fa2 2301     		.2byte	0x123
 4144 0fa4 3F       		.byte	0x3f
 4145 0fa5 9C000000 		.4byte	0x9c
 4146 0fa9 11010000 		.4byte	.LLST11
 4147 0fad 01010000 		.4byte	.LVUS11
 4148 0fb1 0A       		.uleb128 0xa
 4149 0fb2 321A0000 		.4byte	0x1a32
 4150 0fb6 50000000 		.4byte	.LBI141
 4151 0fba 01       		.byte	.LVU303
 4152 0fbb 50000000 		.4byte	.LBB141
 4153 0fbf 06000000 		.4byte	.LBE141-.LBB141
ARM GAS  /tmp/ccJVclG6.s 			page 74


 4154 0fc3 2E01     		.2byte	0x12e
 4155 0fc5 07       		.byte	0x7
 4156 0fc6 30100000 		.4byte	0x1030
 4157 0fca 03       		.uleb128 0x3
 4158 0fcb 421A0000 		.4byte	0x1a42
 4159 0fcf 50000000 		.4byte	.LBI142
 4160 0fd3 03       		.byte	.LVU305
 4161 0fd4 50000000 		.4byte	.LBB142
 4162 0fd8 06000000 		.4byte	.LBE142-.LBB142
 4163 0fdc 02       		.byte	0x2
 4164 0fdd 0302     		.2byte	0x203
 4165 0fdf 03       		.uleb128 0x3
 4166 0fe0 521A0000 		.4byte	0x1a52
 4167 0fe4 50000000 		.4byte	.LBI143
 4168 0fe8 05       		.byte	.LVU307
 4169 0fe9 50000000 		.4byte	.LBB143
 4170 0fed 06000000 		.4byte	.LBE143-.LBB143
 4171 0ff1 03       		.byte	0x3
 4172 0ff2 A001     		.2byte	0x1a0
 4173 0ff4 03       		.uleb128 0x3
 4174 0ff5 621A0000 		.4byte	0x1a62
 4175 0ff9 50000000 		.4byte	.LBI144
 4176 0ffd 07       		.byte	.LVU309
 4177 0ffe 50000000 		.4byte	.LBB144
 4178 1002 06000000 		.4byte	.LBE144-.LBB144
 4179 1006 04       		.byte	0x4
 4180 1007 8502     		.2byte	0x285
 4181 1009 03       		.uleb128 0x3
 4182 100a 6A1A0000 		.4byte	0x1a6a
 4183 100e 50000000 		.4byte	.LBI145
 4184 1012 09       		.byte	.LVU311
 4185 1013 50000000 		.4byte	.LBB145
 4186 1017 06000000 		.4byte	.LBE145-.LBB145
 4187 101b 04       		.byte	0x4
 4188 101c 6402     		.2byte	0x264
 4189 101e 06       		.uleb128 0x6
 4190 101f 741A0000 		.4byte	0x1a74
 4191 1023 5A010000 		.4byte	.LLST12
 4192 1027 58010000 		.4byte	.LVUS12
 4193 102b 00       		.byte	0
 4194 102c 00       		.byte	0
 4195 102d 00       		.byte	0
 4196 102e 00       		.byte	0
 4197 102f 00       		.byte	0
 4198 1030 0A       		.uleb128 0xa
 4199 1031 F1190000 		.4byte	0x19f1
 4200 1035 56000000 		.4byte	.LBI147
 4201 1039 04       		.byte	.LVU317
 4202 103a 56000000 		.4byte	.LBB147
 4203 103e 0C000000 		.4byte	.LBE147-.LBB147
 4204 1042 2E01     		.2byte	0x12e
 4205 1044 07       		.byte	0x7
 4206 1045 7A100000 		.4byte	0x107a
 4207 1049 06       		.uleb128 0x6
 4208 104a 061A0000 		.4byte	0x1a06
 4209 104e 67010000 		.4byte	.LLST13
 4210 1052 65010000 		.4byte	.LVUS13
ARM GAS  /tmp/ccJVclG6.s 			page 75


 4211 1056 06       		.uleb128 0x6
 4212 1057 FC190000 		.4byte	0x19fc
 4213 105b 78010000 		.4byte	.LLST14
 4214 105f 72010000 		.4byte	.LVUS14
 4215 1063 0C       		.uleb128 0xc
 4216 1064 62000000 		.4byte	.LVL52
 4217 1068 B00B0000 		.4byte	0xbb0
 4218 106c 02       		.uleb128 0x2
 4219 106d 01       		.uleb128 0x1
 4220 106e 50       		.byte	0x50
 4221 106f 02       		.uleb128 0x2
 4222 1070 74       		.byte	0x74
 4223 1071 14       		.sleb128 20
 4224 1072 02       		.uleb128 0x2
 4225 1073 01       		.uleb128 0x1
 4226 1074 51       		.byte	0x51
 4227 1075 02       		.uleb128 0x2
 4228 1076 09       		.byte	0x9
 4229 1077 FF       		.byte	0xff
 4230 1078 00       		.byte	0
 4231 1079 00       		.byte	0
 4232 107a 0A       		.uleb128 0xa
 4233 107b 2A1A0000 		.4byte	0x1a2a
 4234 107f 62000000 		.4byte	.LBI149
 4235 1083 02       		.byte	.LVU322
 4236 1084 62000000 		.4byte	.LBB149
 4237 1088 06000000 		.4byte	.LBE149-.LBB149
 4238 108c 2E01     		.2byte	0x12e
 4239 108e 07       		.byte	0x7
 4240 108f F9100000 		.4byte	0x10f9
 4241 1093 03       		.uleb128 0x3
 4242 1094 3A1A0000 		.4byte	0x1a3a
 4243 1098 62000000 		.4byte	.LBI151
 4244 109c 04       		.byte	.LVU324
 4245 109d 62000000 		.4byte	.LBB151
 4246 10a1 04000000 		.4byte	.LBE151-.LBB151
 4247 10a5 02       		.byte	0x2
 4248 10a6 0E02     		.2byte	0x20e
 4249 10a8 03       		.uleb128 0x3
 4250 10a9 4A1A0000 		.4byte	0x1a4a
 4251 10ad 62000000 		.4byte	.LBI152
 4252 10b1 08       		.byte	.LVU328
 4253 10b2 62000000 		.4byte	.LBB152
 4254 10b6 04000000 		.4byte	.LBE152-.LBB152
 4255 10ba 03       		.byte	0x3
 4256 10bb B601     		.2byte	0x1b6
 4257 10bd 03       		.uleb128 0x3
 4258 10be 5A1A0000 		.4byte	0x1a5a
 4259 10c2 62000000 		.4byte	.LBI153
 4260 10c6 0A       		.byte	.LVU330
 4261 10c7 62000000 		.4byte	.LBB153
 4262 10cb 04000000 		.4byte	.LBE153-.LBB153
 4263 10cf 04       		.byte	0x4
 4264 10d0 9002     		.2byte	0x290
 4265 10d2 03       		.uleb128 0x3
 4266 10d3 6A1A0000 		.4byte	0x1a6a
 4267 10d7 62000000 		.4byte	.LBI154
ARM GAS  /tmp/ccJVclG6.s 			page 76


 4268 10db 0C       		.byte	.LVU332
 4269 10dc 62000000 		.4byte	.LBB154
 4270 10e0 04000000 		.4byte	.LBE154-.LBB154
 4271 10e4 04       		.byte	0x4
 4272 10e5 7702     		.2byte	0x277
 4273 10e7 06       		.uleb128 0x6
 4274 10e8 741A0000 		.4byte	0x1a74
 4275 10ec 93010000 		.4byte	.LLST15
 4276 10f0 91010000 		.4byte	.LVUS15
 4277 10f4 00       		.byte	0
 4278 10f5 00       		.byte	0
 4279 10f6 00       		.byte	0
 4280 10f7 00       		.byte	0
 4281 10f8 00       		.byte	0
 4282 10f9 0A       		.uleb128 0xa
 4283 10fa 321A0000 		.4byte	0x1a32
 4284 10fe 90000000 		.4byte	.LBI156
 4285 1102 01       		.byte	.LVU345
 4286 1103 90000000 		.4byte	.LBB156
 4287 1107 06000000 		.4byte	.LBE156-.LBB156
 4288 110b 3201     		.2byte	0x132
 4289 110d 07       		.byte	0x7
 4290 110e 78110000 		.4byte	0x1178
 4291 1112 03       		.uleb128 0x3
 4292 1113 421A0000 		.4byte	0x1a42
 4293 1117 90000000 		.4byte	.LBI157
 4294 111b 03       		.byte	.LVU347
 4295 111c 90000000 		.4byte	.LBB157
 4296 1120 06000000 		.4byte	.LBE157-.LBB157
 4297 1124 02       		.byte	0x2
 4298 1125 0302     		.2byte	0x203
 4299 1127 03       		.uleb128 0x3
 4300 1128 521A0000 		.4byte	0x1a52
 4301 112c 90000000 		.4byte	.LBI158
 4302 1130 05       		.byte	.LVU349
 4303 1131 90000000 		.4byte	.LBB158
 4304 1135 06000000 		.4byte	.LBE158-.LBB158
 4305 1139 03       		.byte	0x3
 4306 113a A001     		.2byte	0x1a0
 4307 113c 03       		.uleb128 0x3
 4308 113d 621A0000 		.4byte	0x1a62
 4309 1141 90000000 		.4byte	.LBI159
 4310 1145 07       		.byte	.LVU351
 4311 1146 90000000 		.4byte	.LBB159
 4312 114a 06000000 		.4byte	.LBE159-.LBB159
 4313 114e 04       		.byte	0x4
 4314 114f 8502     		.2byte	0x285
 4315 1151 03       		.uleb128 0x3
 4316 1152 6A1A0000 		.4byte	0x1a6a
 4317 1156 90000000 		.4byte	.LBI160
 4318 115a 09       		.byte	.LVU353
 4319 115b 90000000 		.4byte	.LBB160
 4320 115f 06000000 		.4byte	.LBE160-.LBB160
 4321 1163 04       		.byte	0x4
 4322 1164 6402     		.2byte	0x264
 4323 1166 06       		.uleb128 0x6
 4324 1167 741A0000 		.4byte	0x1a74
ARM GAS  /tmp/ccJVclG6.s 			page 77


 4325 116b 9F010000 		.4byte	.LLST16
 4326 116f 9D010000 		.4byte	.LVUS16
 4327 1173 00       		.byte	0
 4328 1174 00       		.byte	0
 4329 1175 00       		.byte	0
 4330 1176 00       		.byte	0
 4331 1177 00       		.byte	0
 4332 1178 0A       		.uleb128 0xa
 4333 1179 F1190000 		.4byte	0x19f1
 4334 117d 96000000 		.4byte	.LBI162
 4335 1181 04       		.byte	.LVU359
 4336 1182 96000000 		.4byte	.LBB162
 4337 1186 0C000000 		.4byte	.LBE162-.LBB162
 4338 118a 3201     		.2byte	0x132
 4339 118c 07       		.byte	0x7
 4340 118d C2110000 		.4byte	0x11c2
 4341 1191 06       		.uleb128 0x6
 4342 1192 061A0000 		.4byte	0x1a06
 4343 1196 AC010000 		.4byte	.LLST17
 4344 119a AA010000 		.4byte	.LVUS17
 4345 119e 06       		.uleb128 0x6
 4346 119f FC190000 		.4byte	0x19fc
 4347 11a3 BD010000 		.4byte	.LLST18
 4348 11a7 B7010000 		.4byte	.LVUS18
 4349 11ab 0C       		.uleb128 0xc
 4350 11ac A2000000 		.4byte	.LVL59
 4351 11b0 B00B0000 		.4byte	0xbb0
 4352 11b4 02       		.uleb128 0x2
 4353 11b5 01       		.uleb128 0x1
 4354 11b6 50       		.byte	0x50
 4355 11b7 02       		.uleb128 0x2
 4356 11b8 74       		.byte	0x74
 4357 11b9 14       		.sleb128 20
 4358 11ba 02       		.uleb128 0x2
 4359 11bb 01       		.uleb128 0x1
 4360 11bc 51       		.byte	0x51
 4361 11bd 02       		.uleb128 0x2
 4362 11be 09       		.byte	0x9
 4363 11bf FF       		.byte	0xff
 4364 11c0 00       		.byte	0
 4365 11c1 00       		.byte	0
 4366 11c2 0A       		.uleb128 0xa
 4367 11c3 2A1A0000 		.4byte	0x1a2a
 4368 11c7 A2000000 		.4byte	.LBI164
 4369 11cb 02       		.byte	.LVU364
 4370 11cc A2000000 		.4byte	.LBB164
 4371 11d0 06000000 		.4byte	.LBE164-.LBB164
 4372 11d4 3201     		.2byte	0x132
 4373 11d6 07       		.byte	0x7
 4374 11d7 41120000 		.4byte	0x1241
 4375 11db 03       		.uleb128 0x3
 4376 11dc 3A1A0000 		.4byte	0x1a3a
 4377 11e0 A2000000 		.4byte	.LBI166
 4378 11e4 04       		.byte	.LVU366
 4379 11e5 A2000000 		.4byte	.LBB166
 4380 11e9 04000000 		.4byte	.LBE166-.LBB166
 4381 11ed 02       		.byte	0x2
ARM GAS  /tmp/ccJVclG6.s 			page 78


 4382 11ee 0E02     		.2byte	0x20e
 4383 11f0 03       		.uleb128 0x3
 4384 11f1 4A1A0000 		.4byte	0x1a4a
 4385 11f5 A2000000 		.4byte	.LBI167
 4386 11f9 08       		.byte	.LVU370
 4387 11fa A2000000 		.4byte	.LBB167
 4388 11fe 04000000 		.4byte	.LBE167-.LBB167
 4389 1202 03       		.byte	0x3
 4390 1203 B601     		.2byte	0x1b6
 4391 1205 03       		.uleb128 0x3
 4392 1206 5A1A0000 		.4byte	0x1a5a
 4393 120a A2000000 		.4byte	.LBI168
 4394 120e 0A       		.byte	.LVU372
 4395 120f A2000000 		.4byte	.LBB168
 4396 1213 04000000 		.4byte	.LBE168-.LBB168
 4397 1217 04       		.byte	0x4
 4398 1218 9002     		.2byte	0x290
 4399 121a 03       		.uleb128 0x3
 4400 121b 6A1A0000 		.4byte	0x1a6a
 4401 121f A2000000 		.4byte	.LBI169
 4402 1223 0C       		.byte	.LVU374
 4403 1224 A2000000 		.4byte	.LBB169
 4404 1228 04000000 		.4byte	.LBE169-.LBB169
 4405 122c 04       		.byte	0x4
 4406 122d 7702     		.2byte	0x277
 4407 122f 06       		.uleb128 0x6
 4408 1230 741A0000 		.4byte	0x1a74
 4409 1234 D8010000 		.4byte	.LLST19
 4410 1238 D6010000 		.4byte	.LVUS19
 4411 123c 00       		.byte	0
 4412 123d 00       		.byte	0
 4413 123e 00       		.byte	0
 4414 123f 00       		.byte	0
 4415 1240 00       		.byte	0
 4416 1241 0A       		.uleb128 0xa
 4417 1242 321A0000 		.4byte	0x1a32
 4418 1246 D0000000 		.4byte	.LBI171
 4419 124a 01       		.byte	.LVU387
 4420 124b D0000000 		.4byte	.LBB171
 4421 124f 06000000 		.4byte	.LBE171-.LBB171
 4422 1253 3601     		.2byte	0x136
 4423 1255 07       		.byte	0x7
 4424 1256 C0120000 		.4byte	0x12c0
 4425 125a 03       		.uleb128 0x3
 4426 125b 421A0000 		.4byte	0x1a42
 4427 125f D0000000 		.4byte	.LBI172
 4428 1263 03       		.byte	.LVU389
 4429 1264 D0000000 		.4byte	.LBB172
 4430 1268 06000000 		.4byte	.LBE172-.LBB172
 4431 126c 02       		.byte	0x2
 4432 126d 0302     		.2byte	0x203
 4433 126f 03       		.uleb128 0x3
 4434 1270 521A0000 		.4byte	0x1a52
 4435 1274 D0000000 		.4byte	.LBI173
 4436 1278 05       		.byte	.LVU391
 4437 1279 D0000000 		.4byte	.LBB173
 4438 127d 06000000 		.4byte	.LBE173-.LBB173
ARM GAS  /tmp/ccJVclG6.s 			page 79


 4439 1281 03       		.byte	0x3
 4440 1282 A001     		.2byte	0x1a0
 4441 1284 03       		.uleb128 0x3
 4442 1285 621A0000 		.4byte	0x1a62
 4443 1289 D0000000 		.4byte	.LBI174
 4444 128d 07       		.byte	.LVU393
 4445 128e D0000000 		.4byte	.LBB174
 4446 1292 06000000 		.4byte	.LBE174-.LBB174
 4447 1296 04       		.byte	0x4
 4448 1297 8502     		.2byte	0x285
 4449 1299 03       		.uleb128 0x3
 4450 129a 6A1A0000 		.4byte	0x1a6a
 4451 129e D0000000 		.4byte	.LBI175
 4452 12a2 09       		.byte	.LVU395
 4453 12a3 D0000000 		.4byte	.LBB175
 4454 12a7 06000000 		.4byte	.LBE175-.LBB175
 4455 12ab 04       		.byte	0x4
 4456 12ac 6402     		.2byte	0x264
 4457 12ae 06       		.uleb128 0x6
 4458 12af 741A0000 		.4byte	0x1a74
 4459 12b3 E4010000 		.4byte	.LLST20
 4460 12b7 E2010000 		.4byte	.LVUS20
 4461 12bb 00       		.byte	0
 4462 12bc 00       		.byte	0
 4463 12bd 00       		.byte	0
 4464 12be 00       		.byte	0
 4465 12bf 00       		.byte	0
 4466 12c0 0A       		.uleb128 0xa
 4467 12c1 F1190000 		.4byte	0x19f1
 4468 12c5 D6000000 		.4byte	.LBI177
 4469 12c9 04       		.byte	.LVU401
 4470 12ca D6000000 		.4byte	.LBB177
 4471 12ce 0C000000 		.4byte	.LBE177-.LBB177
 4472 12d2 3601     		.2byte	0x136
 4473 12d4 07       		.byte	0x7
 4474 12d5 0A130000 		.4byte	0x130a
 4475 12d9 06       		.uleb128 0x6
 4476 12da 061A0000 		.4byte	0x1a06
 4477 12de F1010000 		.4byte	.LLST21
 4478 12e2 EF010000 		.4byte	.LVUS21
 4479 12e6 06       		.uleb128 0x6
 4480 12e7 FC190000 		.4byte	0x19fc
 4481 12eb 02020000 		.4byte	.LLST22
 4482 12ef FC010000 		.4byte	.LVUS22
 4483 12f3 0C       		.uleb128 0xc
 4484 12f4 E2000000 		.4byte	.LVL66
 4485 12f8 B00B0000 		.4byte	0xbb0
 4486 12fc 02       		.uleb128 0x2
 4487 12fd 01       		.uleb128 0x1
 4488 12fe 50       		.byte	0x50
 4489 12ff 02       		.uleb128 0x2
 4490 1300 74       		.byte	0x74
 4491 1301 14       		.sleb128 20
 4492 1302 02       		.uleb128 0x2
 4493 1303 01       		.uleb128 0x1
 4494 1304 51       		.byte	0x51
 4495 1305 02       		.uleb128 0x2
ARM GAS  /tmp/ccJVclG6.s 			page 80


 4496 1306 09       		.byte	0x9
 4497 1307 FF       		.byte	0xff
 4498 1308 00       		.byte	0
 4499 1309 00       		.byte	0
 4500 130a 0A       		.uleb128 0xa
 4501 130b 2A1A0000 		.4byte	0x1a2a
 4502 130f E2000000 		.4byte	.LBI179
 4503 1313 02       		.byte	.LVU406
 4504 1314 E2000000 		.4byte	.LBB179
 4505 1318 06000000 		.4byte	.LBE179-.LBB179
 4506 131c 3601     		.2byte	0x136
 4507 131e 07       		.byte	0x7
 4508 131f 89130000 		.4byte	0x1389
 4509 1323 03       		.uleb128 0x3
 4510 1324 3A1A0000 		.4byte	0x1a3a
 4511 1328 E2000000 		.4byte	.LBI181
 4512 132c 04       		.byte	.LVU408
 4513 132d E2000000 		.4byte	.LBB181
 4514 1331 04000000 		.4byte	.LBE181-.LBB181
 4515 1335 02       		.byte	0x2
 4516 1336 0E02     		.2byte	0x20e
 4517 1338 03       		.uleb128 0x3
 4518 1339 4A1A0000 		.4byte	0x1a4a
 4519 133d E2000000 		.4byte	.LBI182
 4520 1341 08       		.byte	.LVU412
 4521 1342 E2000000 		.4byte	.LBB182
 4522 1346 04000000 		.4byte	.LBE182-.LBB182
 4523 134a 03       		.byte	0x3
 4524 134b B601     		.2byte	0x1b6
 4525 134d 03       		.uleb128 0x3
 4526 134e 5A1A0000 		.4byte	0x1a5a
 4527 1352 E2000000 		.4byte	.LBI183
 4528 1356 0A       		.byte	.LVU414
 4529 1357 E2000000 		.4byte	.LBB183
 4530 135b 04000000 		.4byte	.LBE183-.LBB183
 4531 135f 04       		.byte	0x4
 4532 1360 9002     		.2byte	0x290
 4533 1362 03       		.uleb128 0x3
 4534 1363 6A1A0000 		.4byte	0x1a6a
 4535 1367 E2000000 		.4byte	.LBI184
 4536 136b 0C       		.byte	.LVU416
 4537 136c E2000000 		.4byte	.LBB184
 4538 1370 04000000 		.4byte	.LBE184-.LBB184
 4539 1374 04       		.byte	0x4
 4540 1375 7702     		.2byte	0x277
 4541 1377 06       		.uleb128 0x6
 4542 1378 741A0000 		.4byte	0x1a74
 4543 137c 1D020000 		.4byte	.LLST23
 4544 1380 1B020000 		.4byte	.LVUS23
 4545 1384 00       		.byte	0
 4546 1385 00       		.byte	0
 4547 1386 00       		.byte	0
 4548 1387 00       		.byte	0
 4549 1388 00       		.byte	0
 4550 1389 0A       		.uleb128 0xa
 4551 138a 321A0000 		.4byte	0x1a32
 4552 138e 10010000 		.4byte	.LBI186
ARM GAS  /tmp/ccJVclG6.s 			page 81


 4553 1392 01       		.byte	.LVU430
 4554 1393 10010000 		.4byte	.LBB186
 4555 1397 06000000 		.4byte	.LBE186-.LBB186
 4556 139b 3A01     		.2byte	0x13a
 4557 139d 07       		.byte	0x7
 4558 139e 08140000 		.4byte	0x1408
 4559 13a2 03       		.uleb128 0x3
 4560 13a3 421A0000 		.4byte	0x1a42
 4561 13a7 10010000 		.4byte	.LBI187
 4562 13ab 03       		.byte	.LVU432
 4563 13ac 10010000 		.4byte	.LBB187
 4564 13b0 06000000 		.4byte	.LBE187-.LBB187
 4565 13b4 02       		.byte	0x2
 4566 13b5 0302     		.2byte	0x203
 4567 13b7 03       		.uleb128 0x3
 4568 13b8 521A0000 		.4byte	0x1a52
 4569 13bc 10010000 		.4byte	.LBI188
 4570 13c0 05       		.byte	.LVU434
 4571 13c1 10010000 		.4byte	.LBB188
 4572 13c5 06000000 		.4byte	.LBE188-.LBB188
 4573 13c9 03       		.byte	0x3
 4574 13ca A001     		.2byte	0x1a0
 4575 13cc 03       		.uleb128 0x3
 4576 13cd 621A0000 		.4byte	0x1a62
 4577 13d1 10010000 		.4byte	.LBI189
 4578 13d5 07       		.byte	.LVU436
 4579 13d6 10010000 		.4byte	.LBB189
 4580 13da 06000000 		.4byte	.LBE189-.LBB189
 4581 13de 04       		.byte	0x4
 4582 13df 8502     		.2byte	0x285
 4583 13e1 03       		.uleb128 0x3
 4584 13e2 6A1A0000 		.4byte	0x1a6a
 4585 13e6 10010000 		.4byte	.LBI190
 4586 13ea 09       		.byte	.LVU438
 4587 13eb 10010000 		.4byte	.LBB190
 4588 13ef 06000000 		.4byte	.LBE190-.LBB190
 4589 13f3 04       		.byte	0x4
 4590 13f4 6402     		.2byte	0x264
 4591 13f6 06       		.uleb128 0x6
 4592 13f7 741A0000 		.4byte	0x1a74
 4593 13fb 29020000 		.4byte	.LLST24
 4594 13ff 27020000 		.4byte	.LVUS24
 4595 1403 00       		.byte	0
 4596 1404 00       		.byte	0
 4597 1405 00       		.byte	0
 4598 1406 00       		.byte	0
 4599 1407 00       		.byte	0
 4600 1408 0A       		.uleb128 0xa
 4601 1409 F1190000 		.4byte	0x19f1
 4602 140d 16010000 		.4byte	.LBI192
 4603 1411 04       		.byte	.LVU444
 4604 1412 16010000 		.4byte	.LBB192
 4605 1416 0C000000 		.4byte	.LBE192-.LBB192
 4606 141a 3A01     		.2byte	0x13a
 4607 141c 07       		.byte	0x7
 4608 141d 52140000 		.4byte	0x1452
 4609 1421 06       		.uleb128 0x6
ARM GAS  /tmp/ccJVclG6.s 			page 82


 4610 1422 061A0000 		.4byte	0x1a06
 4611 1426 36020000 		.4byte	.LLST25
 4612 142a 34020000 		.4byte	.LVUS25
 4613 142e 06       		.uleb128 0x6
 4614 142f FC190000 		.4byte	0x19fc
 4615 1433 47020000 		.4byte	.LLST26
 4616 1437 41020000 		.4byte	.LVUS26
 4617 143b 0C       		.uleb128 0xc
 4618 143c 22010000 		.4byte	.LVL74
 4619 1440 B00B0000 		.4byte	0xbb0
 4620 1444 02       		.uleb128 0x2
 4621 1445 01       		.uleb128 0x1
 4622 1446 50       		.byte	0x50
 4623 1447 02       		.uleb128 0x2
 4624 1448 74       		.byte	0x74
 4625 1449 14       		.sleb128 20
 4626 144a 02       		.uleb128 0x2
 4627 144b 01       		.uleb128 0x1
 4628 144c 51       		.byte	0x51
 4629 144d 02       		.uleb128 0x2
 4630 144e 09       		.byte	0x9
 4631 144f FF       		.byte	0xff
 4632 1450 00       		.byte	0
 4633 1451 00       		.byte	0
 4634 1452 0A       		.uleb128 0xa
 4635 1453 2A1A0000 		.4byte	0x1a2a
 4636 1457 22010000 		.4byte	.LBI194
 4637 145b 02       		.byte	.LVU449
 4638 145c 22010000 		.4byte	.LBB194
 4639 1460 04000000 		.4byte	.LBE194-.LBB194
 4640 1464 3A01     		.2byte	0x13a
 4641 1466 07       		.byte	0x7
 4642 1467 D1140000 		.4byte	0x14d1
 4643 146b 03       		.uleb128 0x3
 4644 146c 3A1A0000 		.4byte	0x1a3a
 4645 1470 22010000 		.4byte	.LBI196
 4646 1474 04       		.byte	.LVU451
 4647 1475 22010000 		.4byte	.LBB196
 4648 1479 04000000 		.4byte	.LBE196-.LBB196
 4649 147d 02       		.byte	0x2
 4650 147e 0E02     		.2byte	0x20e
 4651 1480 03       		.uleb128 0x3
 4652 1481 4A1A0000 		.4byte	0x1a4a
 4653 1485 22010000 		.4byte	.LBI197
 4654 1489 08       		.byte	.LVU455
 4655 148a 22010000 		.4byte	.LBB197
 4656 148e 04000000 		.4byte	.LBE197-.LBB197
 4657 1492 03       		.byte	0x3
 4658 1493 B601     		.2byte	0x1b6
 4659 1495 03       		.uleb128 0x3
 4660 1496 5A1A0000 		.4byte	0x1a5a
 4661 149a 22010000 		.4byte	.LBI198
 4662 149e 0A       		.byte	.LVU457
 4663 149f 22010000 		.4byte	.LBB198
 4664 14a3 04000000 		.4byte	.LBE198-.LBB198
 4665 14a7 04       		.byte	0x4
 4666 14a8 9002     		.2byte	0x290
ARM GAS  /tmp/ccJVclG6.s 			page 83


 4667 14aa 03       		.uleb128 0x3
 4668 14ab 6A1A0000 		.4byte	0x1a6a
 4669 14af 22010000 		.4byte	.LBI199
 4670 14b3 0C       		.byte	.LVU459
 4671 14b4 22010000 		.4byte	.LBB199
 4672 14b8 04000000 		.4byte	.LBE199-.LBB199
 4673 14bc 04       		.byte	0x4
 4674 14bd 7702     		.2byte	0x277
 4675 14bf 06       		.uleb128 0x6
 4676 14c0 741A0000 		.4byte	0x1a74
 4677 14c4 62020000 		.4byte	.LLST27
 4678 14c8 60020000 		.4byte	.LVUS27
 4679 14cc 00       		.byte	0
 4680 14cd 00       		.byte	0
 4681 14ce 00       		.byte	0
 4682 14cf 00       		.byte	0
 4683 14d0 00       		.byte	0
 4684 14d1 1C       		.uleb128 0x1c
 4685 14d2 34000000 		.4byte	.LVL47
 4686 14d6 AD0C0000 		.4byte	0xcad
 4687 14da 18       		.uleb128 0x18
 4688 14db 46000000 		.4byte	.LVL48
 4689 14df EF140000 		.4byte	0x14ef
 4690 14e3 02       		.uleb128 0x2
 4691 14e4 01       		.uleb128 0x1
 4692 14e5 50       		.byte	0x50
 4693 14e6 02       		.uleb128 0x2
 4694 14e7 74       		.byte	0x74
 4695 14e8 00       		.sleb128 0
 4696 14e9 02       		.uleb128 0x2
 4697 14ea 01       		.uleb128 0x1
 4698 14eb 51       		.byte	0x51
 4699 14ec 01       		.uleb128 0x1
 4700 14ed 31       		.byte	0x31
 4701 14ee 00       		.byte	0
 4702 14ef 11       		.uleb128 0x11
 4703 14f0 74000000 		.4byte	.LVL54
 4704 14f4 AD0C0000 		.4byte	0xcad
 4705 14f8 03150000 		.4byte	0x1503
 4706 14fc 02       		.uleb128 0x2
 4707 14fd 01       		.uleb128 0x1
 4708 14fe 50       		.byte	0x50
 4709 14ff 02       		.uleb128 0x2
 4710 1500 74       		.byte	0x74
 4711 1501 00       		.sleb128 0
 4712 1502 00       		.byte	0
 4713 1503 18       		.uleb128 0x18
 4714 1504 86000000 		.4byte	.LVL55
 4715 1508 18150000 		.4byte	0x1518
 4716 150c 02       		.uleb128 0x2
 4717 150d 01       		.uleb128 0x1
 4718 150e 50       		.byte	0x50
 4719 150f 02       		.uleb128 0x2
 4720 1510 74       		.byte	0x74
 4721 1511 00       		.sleb128 0
 4722 1512 02       		.uleb128 0x2
 4723 1513 01       		.uleb128 0x1
ARM GAS  /tmp/ccJVclG6.s 			page 84


 4724 1514 51       		.byte	0x51
 4725 1515 01       		.uleb128 0x1
 4726 1516 32       		.byte	0x32
 4727 1517 00       		.byte	0
 4728 1518 11       		.uleb128 0x11
 4729 1519 B4000000 		.4byte	.LVL61
 4730 151d AD0C0000 		.4byte	0xcad
 4731 1521 2C150000 		.4byte	0x152c
 4732 1525 02       		.uleb128 0x2
 4733 1526 01       		.uleb128 0x1
 4734 1527 50       		.byte	0x50
 4735 1528 02       		.uleb128 0x2
 4736 1529 74       		.byte	0x74
 4737 152a 00       		.sleb128 0
 4738 152b 00       		.byte	0
 4739 152c 18       		.uleb128 0x18
 4740 152d C6000000 		.4byte	.LVL62
 4741 1531 41150000 		.4byte	0x1541
 4742 1535 02       		.uleb128 0x2
 4743 1536 01       		.uleb128 0x1
 4744 1537 50       		.byte	0x50
 4745 1538 02       		.uleb128 0x2
 4746 1539 74       		.byte	0x74
 4747 153a 00       		.sleb128 0
 4748 153b 02       		.uleb128 0x2
 4749 153c 01       		.uleb128 0x1
 4750 153d 51       		.byte	0x51
 4751 153e 01       		.uleb128 0x1
 4752 153f 33       		.byte	0x33
 4753 1540 00       		.byte	0
 4754 1541 11       		.uleb128 0x11
 4755 1542 F4000000 		.4byte	.LVL68
 4756 1546 AD0C0000 		.4byte	0xcad
 4757 154a 55150000 		.4byte	0x1555
 4758 154e 02       		.uleb128 0x2
 4759 154f 01       		.uleb128 0x1
 4760 1550 50       		.byte	0x50
 4761 1551 02       		.uleb128 0x2
 4762 1552 74       		.byte	0x74
 4763 1553 00       		.sleb128 0
 4764 1554 00       		.byte	0
 4765 1555 2C       		.uleb128 0x2c
 4766 1556 06010000 		.4byte	.LVL69
 4767 155a 02       		.uleb128 0x2
 4768 155b 01       		.uleb128 0x1
 4769 155c 50       		.byte	0x50
 4770 155d 02       		.uleb128 0x2
 4771 155e 74       		.byte	0x74
 4772 155f 00       		.sleb128 0
 4773 1560 02       		.uleb128 0x2
 4774 1561 01       		.uleb128 0x1
 4775 1562 51       		.byte	0x51
 4776 1563 01       		.uleb128 0x1
 4777 1564 34       		.byte	0x34
 4778 1565 00       		.byte	0
 4779 1566 00       		.byte	0
 4780 1567 2B       		.uleb128 0x2b
ARM GAS  /tmp/ccJVclG6.s 			page 85


 4781 1568 64020000 		.4byte	.LASF169
 4782 156c 0501     		.2byte	0x105
 4783 156e 00000000 		.4byte	.LFB239
 4784 1572 D8000000 		.4byte	.LFE239-.LFB239
 4785 1576 01       		.uleb128 0x1
 4786 1577 9C       		.byte	0x9c
 4787 1578 CC180000 		.4byte	0x18cc
 4788 157c 17       		.uleb128 0x17
 4789 157d 2E090000 		.4byte	.LASF156
 4790 1581 0501     		.2byte	0x105
 4791 1583 34       		.byte	0x34
 4792 1584 F0090000 		.4byte	0x9f0
 4793 1588 80020000 		.4byte	.LLST29
 4794 158c 6C020000 		.4byte	.LVUS29
 4795 1590 17       		.uleb128 0x17
 4796 1591 AB080000 		.4byte	.LASF30
 4797 1595 0501     		.2byte	0x105
 4798 1597 43       		.byte	0x43
 4799 1598 9C000000 		.4byte	0x9c
 4800 159c D1020000 		.4byte	.LLST30
 4801 15a0 BD020000 		.4byte	.LVUS30
 4802 15a4 3B       		.uleb128 0x3b
 4803 15a5 22000000 		.4byte	.LBB201
 4804 15a9 10000000 		.4byte	.LBE201-.LBB201
 4805 15ad E9150000 		.4byte	0x15e9
 4806 15b1 1B       		.uleb128 0x1b
 4807 15b2 F8030000 		.4byte	.LASF170
 4808 15b6 1301     		.2byte	0x113
 4809 15b8 09       		.byte	0x9
 4810 15b9 3B000000 		.4byte	0x3b
 4811 15bd 3D030000 		.4byte	.LLST31
 4812 15c1 3B030000 		.4byte	.LVUS31
 4813 15c5 1B       		.uleb128 0x1b
 4814 15c6 58090000 		.4byte	.LASF171
 4815 15ca 1301     		.2byte	0x113
 4816 15cc 09       		.byte	0x9
 4817 15cd 3B000000 		.4byte	0x3b
 4818 15d1 48030000 		.4byte	.LLST32
 4819 15d5 46030000 		.4byte	.LVUS32
 4820 15d9 3C       		.uleb128 0x3c
 4821 15da 32000000 		.4byte	.LVL87
 4822 15de 02       		.uleb128 0x2
 4823 15df 75       		.byte	0x75
 4824 15e0 00       		.sleb128 0
 4825 15e1 02       		.uleb128 0x2
 4826 15e2 01       		.uleb128 0x1
 4827 15e3 50       		.byte	0x50
 4828 15e4 02       		.uleb128 0x2
 4829 15e5 74       		.byte	0x74
 4830 15e6 00       		.sleb128 0
 4831 15e7 00       		.byte	0
 4832 15e8 00       		.byte	0
 4833 15e9 0A       		.uleb128 0xa
 4834 15ea 321A0000 		.4byte	0x1a32
 4835 15ee 54000000 		.4byte	.LBI202
 4836 15f2 01       		.byte	.LVU515
 4837 15f3 54000000 		.4byte	.LBB202
ARM GAS  /tmp/ccJVclG6.s 			page 86


 4838 15f7 06000000 		.4byte	.LBE202-.LBB202
 4839 15fb 0B01     		.2byte	0x10b
 4840 15fd 05       		.byte	0x5
 4841 15fe 68160000 		.4byte	0x1668
 4842 1602 03       		.uleb128 0x3
 4843 1603 421A0000 		.4byte	0x1a42
 4844 1607 54000000 		.4byte	.LBI203
 4845 160b 03       		.byte	.LVU517
 4846 160c 54000000 		.4byte	.LBB203
 4847 1610 06000000 		.4byte	.LBE203-.LBB203
 4848 1614 02       		.byte	0x2
 4849 1615 0302     		.2byte	0x203
 4850 1617 03       		.uleb128 0x3
 4851 1618 521A0000 		.4byte	0x1a52
 4852 161c 54000000 		.4byte	.LBI204
 4853 1620 05       		.byte	.LVU519
 4854 1621 54000000 		.4byte	.LBB204
 4855 1625 06000000 		.4byte	.LBE204-.LBB204
 4856 1629 03       		.byte	0x3
 4857 162a A001     		.2byte	0x1a0
 4858 162c 03       		.uleb128 0x3
 4859 162d 621A0000 		.4byte	0x1a62
 4860 1631 54000000 		.4byte	.LBI205
 4861 1635 07       		.byte	.LVU521
 4862 1636 54000000 		.4byte	.LBB205
 4863 163a 06000000 		.4byte	.LBE205-.LBB205
 4864 163e 04       		.byte	0x4
 4865 163f 8502     		.2byte	0x285
 4866 1641 03       		.uleb128 0x3
 4867 1642 6A1A0000 		.4byte	0x1a6a
 4868 1646 54000000 		.4byte	.LBI206
 4869 164a 09       		.byte	.LVU523
 4870 164b 54000000 		.4byte	.LBB206
 4871 164f 06000000 		.4byte	.LBE206-.LBB206
 4872 1653 04       		.byte	0x4
 4873 1654 6402     		.2byte	0x264
 4874 1656 06       		.uleb128 0x6
 4875 1657 741A0000 		.4byte	0x1a74
 4876 165b 53030000 		.4byte	.LLST33
 4877 165f 51030000 		.4byte	.LVUS33
 4878 1663 00       		.byte	0
 4879 1664 00       		.byte	0
 4880 1665 00       		.byte	0
 4881 1666 00       		.byte	0
 4882 1667 00       		.byte	0
 4883 1668 0A       		.uleb128 0xa
 4884 1669 F1190000 		.4byte	0x19f1
 4885 166d 5A000000 		.4byte	.LBI208
 4886 1671 04       		.byte	.LVU529
 4887 1672 5A000000 		.4byte	.LBB208
 4888 1676 0C000000 		.4byte	.LBE208-.LBB208
 4889 167a 0B01     		.2byte	0x10b
 4890 167c 05       		.byte	0x5
 4891 167d B2160000 		.4byte	0x16b2
 4892 1681 06       		.uleb128 0x6
 4893 1682 061A0000 		.4byte	0x1a06
 4894 1686 60030000 		.4byte	.LLST34
ARM GAS  /tmp/ccJVclG6.s 			page 87


 4895 168a 5E030000 		.4byte	.LVUS34
 4896 168e 06       		.uleb128 0x6
 4897 168f FC190000 		.4byte	0x19fc
 4898 1693 71030000 		.4byte	.LLST35
 4899 1697 6B030000 		.4byte	.LVUS35
 4900 169b 0C       		.uleb128 0xc
 4901 169c 66000000 		.4byte	.LVL94
 4902 16a0 B00B0000 		.4byte	0xbb0
 4903 16a4 02       		.uleb128 0x2
 4904 16a5 01       		.uleb128 0x1
 4905 16a6 50       		.byte	0x50
 4906 16a7 02       		.uleb128 0x2
 4907 16a8 74       		.byte	0x74
 4908 16a9 14       		.sleb128 20
 4909 16aa 02       		.uleb128 0x2
 4910 16ab 01       		.uleb128 0x1
 4911 16ac 51       		.byte	0x51
 4912 16ad 02       		.uleb128 0x2
 4913 16ae 09       		.byte	0x9
 4914 16af FF       		.byte	0xff
 4915 16b0 00       		.byte	0
 4916 16b1 00       		.byte	0
 4917 16b2 0A       		.uleb128 0xa
 4918 16b3 2A1A0000 		.4byte	0x1a2a
 4919 16b7 66000000 		.4byte	.LBI210
 4920 16bb 02       		.byte	.LVU534
 4921 16bc 66000000 		.4byte	.LBB210
 4922 16c0 04000000 		.4byte	.LBE210-.LBB210
 4923 16c4 0B01     		.2byte	0x10b
 4924 16c6 05       		.byte	0x5
 4925 16c7 31170000 		.4byte	0x1731
 4926 16cb 03       		.uleb128 0x3
 4927 16cc 3A1A0000 		.4byte	0x1a3a
 4928 16d0 66000000 		.4byte	.LBI212
 4929 16d4 04       		.byte	.LVU536
 4930 16d5 66000000 		.4byte	.LBB212
 4931 16d9 04000000 		.4byte	.LBE212-.LBB212
 4932 16dd 02       		.byte	0x2
 4933 16de 0E02     		.2byte	0x20e
 4934 16e0 03       		.uleb128 0x3
 4935 16e1 4A1A0000 		.4byte	0x1a4a
 4936 16e5 66000000 		.4byte	.LBI213
 4937 16e9 08       		.byte	.LVU540
 4938 16ea 66000000 		.4byte	.LBB213
 4939 16ee 04000000 		.4byte	.LBE213-.LBB213
 4940 16f2 03       		.byte	0x3
 4941 16f3 B601     		.2byte	0x1b6
 4942 16f5 03       		.uleb128 0x3
 4943 16f6 5A1A0000 		.4byte	0x1a5a
 4944 16fa 66000000 		.4byte	.LBI214
 4945 16fe 0A       		.byte	.LVU542
 4946 16ff 66000000 		.4byte	.LBB214
 4947 1703 04000000 		.4byte	.LBE214-.LBB214
 4948 1707 04       		.byte	0x4
 4949 1708 9002     		.2byte	0x290
 4950 170a 03       		.uleb128 0x3
 4951 170b 6A1A0000 		.4byte	0x1a6a
ARM GAS  /tmp/ccJVclG6.s 			page 88


 4952 170f 66000000 		.4byte	.LBI215
 4953 1713 0C       		.byte	.LVU544
 4954 1714 66000000 		.4byte	.LBB215
 4955 1718 04000000 		.4byte	.LBE215-.LBB215
 4956 171c 04       		.byte	0x4
 4957 171d 7702     		.2byte	0x277
 4958 171f 06       		.uleb128 0x6
 4959 1720 741A0000 		.4byte	0x1a74
 4960 1724 8C030000 		.4byte	.LLST36
 4961 1728 8A030000 		.4byte	.LVUS36
 4962 172c 00       		.byte	0
 4963 172d 00       		.byte	0
 4964 172e 00       		.byte	0
 4965 172f 00       		.byte	0
 4966 1730 00       		.byte	0
 4967 1731 0A       		.uleb128 0xa
 4968 1732 321A0000 		.4byte	0x1a32
 4969 1736 96000000 		.4byte	.LBI217
 4970 173a 01       		.byte	.LVU560
 4971 173b 96000000 		.4byte	.LBB217
 4972 173f 06000000 		.4byte	.LBE217-.LBB217
 4973 1743 1301     		.2byte	0x113
 4974 1745 09       		.byte	0x9
 4975 1746 B0170000 		.4byte	0x17b0
 4976 174a 03       		.uleb128 0x3
 4977 174b 421A0000 		.4byte	0x1a42
 4978 174f 96000000 		.4byte	.LBI218
 4979 1753 03       		.byte	.LVU562
 4980 1754 96000000 		.4byte	.LBB218
 4981 1758 06000000 		.4byte	.LBE218-.LBB218
 4982 175c 02       		.byte	0x2
 4983 175d 0302     		.2byte	0x203
 4984 175f 03       		.uleb128 0x3
 4985 1760 521A0000 		.4byte	0x1a52
 4986 1764 96000000 		.4byte	.LBI219
 4987 1768 05       		.byte	.LVU564
 4988 1769 96000000 		.4byte	.LBB219
 4989 176d 06000000 		.4byte	.LBE219-.LBB219
 4990 1771 03       		.byte	0x3
 4991 1772 A001     		.2byte	0x1a0
 4992 1774 03       		.uleb128 0x3
 4993 1775 621A0000 		.4byte	0x1a62
 4994 1779 96000000 		.4byte	.LBI220
 4995 177d 07       		.byte	.LVU566
 4996 177e 96000000 		.4byte	.LBB220
 4997 1782 06000000 		.4byte	.LBE220-.LBB220
 4998 1786 04       		.byte	0x4
 4999 1787 8502     		.2byte	0x285
 5000 1789 03       		.uleb128 0x3
 5001 178a 6A1A0000 		.4byte	0x1a6a
 5002 178e 96000000 		.4byte	.LBI221
 5003 1792 09       		.byte	.LVU568
 5004 1793 96000000 		.4byte	.LBB221
 5005 1797 06000000 		.4byte	.LBE221-.LBB221
 5006 179b 04       		.byte	0x4
 5007 179c 6402     		.2byte	0x264
 5008 179e 06       		.uleb128 0x6
ARM GAS  /tmp/ccJVclG6.s 			page 89


 5009 179f 741A0000 		.4byte	0x1a74
 5010 17a3 98030000 		.4byte	.LLST37
 5011 17a7 96030000 		.4byte	.LVUS37
 5012 17ab 00       		.byte	0
 5013 17ac 00       		.byte	0
 5014 17ad 00       		.byte	0
 5015 17ae 00       		.byte	0
 5016 17af 00       		.byte	0
 5017 17b0 0A       		.uleb128 0xa
 5018 17b1 F1190000 		.4byte	0x19f1
 5019 17b5 9C000000 		.4byte	.LBI223
 5020 17b9 04       		.byte	.LVU574
 5021 17ba 9C000000 		.4byte	.LBB223
 5022 17be 0A000000 		.4byte	.LBE223-.LBB223
 5023 17c2 1301     		.2byte	0x113
 5024 17c4 09       		.byte	0x9
 5025 17c5 F9170000 		.4byte	0x17f9
 5026 17c9 06       		.uleb128 0x6
 5027 17ca 061A0000 		.4byte	0x1a06
 5028 17ce A5030000 		.4byte	.LLST38
 5029 17d2 A3030000 		.4byte	.LVUS38
 5030 17d6 06       		.uleb128 0x6
 5031 17d7 FC190000 		.4byte	0x19fc
 5032 17db B5030000 		.4byte	.LLST39
 5033 17df AF030000 		.4byte	.LVUS39
 5034 17e3 0C       		.uleb128 0xc
 5035 17e4 A6000000 		.4byte	.LVL106
 5036 17e8 B00B0000 		.4byte	0xbb0
 5037 17ec 02       		.uleb128 0x2
 5038 17ed 01       		.uleb128 0x1
 5039 17ee 50       		.byte	0x50
 5040 17ef 02       		.uleb128 0x2
 5041 17f0 74       		.byte	0x74
 5042 17f1 14       		.sleb128 20
 5043 17f2 02       		.uleb128 0x2
 5044 17f3 01       		.uleb128 0x1
 5045 17f4 51       		.byte	0x51
 5046 17f5 01       		.uleb128 0x1
 5047 17f6 30       		.byte	0x30
 5048 17f7 00       		.byte	0
 5049 17f8 00       		.byte	0
 5050 17f9 0A       		.uleb128 0xa
 5051 17fa 2A1A0000 		.4byte	0x1a2a
 5052 17fe A6000000 		.4byte	.LBI225
 5053 1802 02       		.byte	.LVU579
 5054 1803 A6000000 		.4byte	.LBB225
 5055 1807 08000000 		.4byte	.LBE225-.LBB225
 5056 180b 1301     		.2byte	0x113
 5057 180d 09       		.byte	0x9
 5058 180e 78180000 		.4byte	0x1878
 5059 1812 03       		.uleb128 0x3
 5060 1813 3A1A0000 		.4byte	0x1a3a
 5061 1817 A6000000 		.4byte	.LBI227
 5062 181b 04       		.byte	.LVU581
 5063 181c A6000000 		.4byte	.LBB227
 5064 1820 06000000 		.4byte	.LBE227-.LBB227
 5065 1824 02       		.byte	0x2
ARM GAS  /tmp/ccJVclG6.s 			page 90


 5066 1825 0E02     		.2byte	0x20e
 5067 1827 03       		.uleb128 0x3
 5068 1828 4A1A0000 		.4byte	0x1a4a
 5069 182c A6000000 		.4byte	.LBI228
 5070 1830 08       		.byte	.LVU585
 5071 1831 A6000000 		.4byte	.LBB228
 5072 1835 06000000 		.4byte	.LBE228-.LBB228
 5073 1839 03       		.byte	0x3
 5074 183a B601     		.2byte	0x1b6
 5075 183c 03       		.uleb128 0x3
 5076 183d 5A1A0000 		.4byte	0x1a5a
 5077 1841 A6000000 		.4byte	.LBI229
 5078 1845 0A       		.byte	.LVU587
 5079 1846 A6000000 		.4byte	.LBB229
 5080 184a 06000000 		.4byte	.LBE229-.LBB229
 5081 184e 04       		.byte	0x4
 5082 184f 9002     		.2byte	0x290
 5083 1851 03       		.uleb128 0x3
 5084 1852 6A1A0000 		.4byte	0x1a6a
 5085 1856 A6000000 		.4byte	.LBI230
 5086 185a 0C       		.byte	.LVU589
 5087 185b A6000000 		.4byte	.LBB230
 5088 185f 06000000 		.4byte	.LBE230-.LBB230
 5089 1863 04       		.byte	0x4
 5090 1864 7702     		.2byte	0x277
 5091 1866 06       		.uleb128 0x6
 5092 1867 741A0000 		.4byte	0x1a74
 5093 186b D0030000 		.4byte	.LLST40
 5094 186f CE030000 		.4byte	.LVUS40
 5095 1873 00       		.byte	0
 5096 1874 00       		.byte	0
 5097 1875 00       		.byte	0
 5098 1876 00       		.byte	0
 5099 1877 00       		.byte	0
 5100 1878 1C       		.uleb128 0x1c
 5101 1879 38000000 		.4byte	.LVL89
 5102 187d AD0C0000 		.4byte	0xcad
 5103 1881 18       		.uleb128 0x18
 5104 1882 4A000000 		.4byte	.LVL90
 5105 1886 96180000 		.4byte	0x1896
 5106 188a 02       		.uleb128 0x2
 5107 188b 01       		.uleb128 0x1
 5108 188c 50       		.byte	0x50
 5109 188d 02       		.uleb128 0x2
 5110 188e 74       		.byte	0x74
 5111 188f 00       		.sleb128 0
 5112 1890 02       		.uleb128 0x2
 5113 1891 01       		.uleb128 0x1
 5114 1892 51       		.byte	0x51
 5115 1893 01       		.uleb128 0x1
 5116 1894 30       		.byte	0x30
 5117 1895 00       		.byte	0
 5118 1896 18       		.uleb128 0x18
 5119 1897 76000000 		.4byte	.LVL99
 5120 189b A6180000 		.4byte	0x18a6
 5121 189f 02       		.uleb128 0x2
 5122 18a0 01       		.uleb128 0x1
ARM GAS  /tmp/ccJVclG6.s 			page 91


 5123 18a1 50       		.byte	0x50
 5124 18a2 02       		.uleb128 0x2
 5125 18a3 74       		.byte	0x74
 5126 18a4 00       		.sleb128 0
 5127 18a5 00       		.byte	0
 5128 18a6 1C       		.uleb128 0x1c
 5129 18a7 7C000000 		.4byte	.LVL101
 5130 18ab AD0C0000 		.4byte	0xcad
 5131 18af 18       		.uleb128 0x18
 5132 18b0 90000000 		.4byte	.LVL102
 5133 18b4 BF180000 		.4byte	0x18bf
 5134 18b8 02       		.uleb128 0x2
 5135 18b9 01       		.uleb128 0x1
 5136 18ba 50       		.byte	0x50
 5137 18bb 02       		.uleb128 0x2
 5138 18bc 74       		.byte	0x74
 5139 18bd 00       		.sleb128 0
 5140 18be 00       		.byte	0
 5141 18bf 2C       		.uleb128 0x2c
 5142 18c0 D6000000 		.4byte	.LVL110
 5143 18c4 02       		.uleb128 0x2
 5144 18c5 01       		.uleb128 0x1
 5145 18c6 50       		.byte	0x50
 5146 18c7 02       		.uleb128 0x2
 5147 18c8 74       		.byte	0x74
 5148 18c9 00       		.sleb128 0
 5149 18ca 00       		.byte	0
 5150 18cb 00       		.byte	0
 5151 18cc 19       		.uleb128 0x19
 5152 18cd 09020000 		.4byte	.LASF172
 5153 18d1 F6       		.byte	0xf6
 5154 18d2 00000000 		.4byte	.LFB238
 5155 18d6 1E000000 		.4byte	.LFE238-.LFB238
 5156 18da 01       		.uleb128 0x1
 5157 18db 9C       		.byte	0x9c
 5158 18dc EE180000 		.4byte	0x18ee
 5159 18e0 1D       		.uleb128 0x1d
 5160 18e1 2E090000 		.4byte	.LASF156
 5161 18e5 F6       		.byte	0xf6
 5162 18e6 29       		.byte	0x29
 5163 18e7 F0090000 		.4byte	0x9f0
 5164 18eb 01       		.uleb128 0x1
 5165 18ec 50       		.byte	0x50
 5166 18ed 00       		.byte	0
 5167 18ee 19       		.uleb128 0x19
 5168 18ef 50000000 		.4byte	.LASF173
 5169 18f3 D4       		.byte	0xd4
 5170 18f4 00000000 		.4byte	.LFB237
 5171 18f8 14000000 		.4byte	.LFE237-.LFB237
 5172 18fc 01       		.uleb128 0x1
 5173 18fd 9C       		.byte	0x9c
 5174 18fe 19190000 		.4byte	0x1919
 5175 1902 1D       		.uleb128 0x1d
 5176 1903 2E090000 		.4byte	.LASF156
 5177 1907 D4       		.byte	0xd4
 5178 1908 2A       		.byte	0x2a
 5179 1909 F0090000 		.4byte	0x9f0
ARM GAS  /tmp/ccJVclG6.s 			page 92


 5180 190d 01       		.uleb128 0x1
 5181 190e 50       		.byte	0x50
 5182 190f 24       		.uleb128 0x24
 5183 1910 1E070000 		.4byte	.LASF165
 5184 1914 29190000 		.4byte	0x1929
 5185 1918 00       		.byte	0
 5186 1919 15       		.uleb128 0x15
 5187 191a B6070000 		.4byte	0x7b6
 5188 191e 29190000 		.4byte	0x1929
 5189 1922 16       		.uleb128 0x16
 5190 1923 2D000000 		.4byte	0x2d
 5191 1927 11       		.byte	0x11
 5192 1928 00       		.byte	0
 5193 1929 12       		.uleb128 0x12
 5194 192a 19190000 		.4byte	0x1919
 5195 192e 19       		.uleb128 0x19
 5196 192f 33090000 		.4byte	.LASF174
 5197 1933 C3       		.byte	0xc3
 5198 1934 00000000 		.4byte	.LFB236
 5199 1938 16000000 		.4byte	.LFE236-.LFB236
 5200 193c 01       		.uleb128 0x1
 5201 193d 9C       		.byte	0x9c
 5202 193e 50190000 		.4byte	0x1950
 5203 1942 1D       		.uleb128 0x1d
 5204 1943 2E090000 		.4byte	.LASF156
 5205 1947 C3       		.byte	0xc3
 5206 1948 2B       		.byte	0x2b
 5207 1949 F0090000 		.4byte	0x9f0
 5208 194d 01       		.uleb128 0x1
 5209 194e 50       		.byte	0x50
 5210 194f 00       		.byte	0
 5211 1950 19       		.uleb128 0x19
 5212 1951 1C090000 		.4byte	.LASF175
 5213 1955 A5       		.byte	0xa5
 5214 1956 00000000 		.4byte	.LFB235
 5215 195a 16000000 		.4byte	.LFE235-.LFB235
 5216 195e 01       		.uleb128 0x1
 5217 195f 9C       		.byte	0x9c
 5218 1960 72190000 		.4byte	0x1972
 5219 1964 1D       		.uleb128 0x1d
 5220 1965 2E090000 		.4byte	.LASF156
 5221 1969 A5       		.byte	0xa5
 5222 196a 2A       		.byte	0x2a
 5223 196b F0090000 		.4byte	0x9f0
 5224 196f 01       		.uleb128 0x1
 5225 1970 50       		.byte	0x50
 5226 1971 00       		.byte	0
 5227 1972 19       		.uleb128 0x19
 5228 1973 3F020000 		.4byte	.LASF176
 5229 1977 8B       		.byte	0x8b
 5230 1978 00000000 		.4byte	.LFB234
 5231 197c 10000000 		.4byte	.LFE234-.LFB234
 5232 1980 01       		.uleb128 0x1
 5233 1981 9C       		.byte	0x9c
 5234 1982 94190000 		.4byte	0x1994
 5235 1986 1D       		.uleb128 0x1d
 5236 1987 2E090000 		.4byte	.LASF156
ARM GAS  /tmp/ccJVclG6.s 			page 93


 5237 198b 8B       		.byte	0x8b
 5238 198c 29       		.byte	0x29
 5239 198d F0090000 		.4byte	0x9f0
 5240 1991 01       		.uleb128 0x1
 5241 1992 50       		.byte	0x50
 5242 1993 00       		.byte	0
 5243 1994 19       		.uleb128 0x19
 5244 1995 36000000 		.4byte	.LASF177
 5245 1999 71       		.byte	0x71
 5246 199a 00000000 		.4byte	.LFB233
 5247 199e 1A000000 		.4byte	.LFE233-.LFB233
 5248 19a2 01       		.uleb128 0x1
 5249 19a3 9C       		.byte	0x9c
 5250 19a4 F1190000 		.4byte	0x19f1
 5251 19a8 3D       		.uleb128 0x3d
 5252 19a9 2E090000 		.4byte	.LASF156
 5253 19ad 01       		.byte	0x1
 5254 19ae 71       		.byte	0x71
 5255 19af 28       		.byte	0x28
 5256 19b0 F0090000 		.4byte	0x9f0
 5257 19b4 DE030000 		.4byte	.LLST0
 5258 19b8 DA030000 		.4byte	.LVUS0
 5259 19bc 3E       		.uleb128 0x3e
 5260 19bd 111A0000 		.4byte	0x1a11
 5261 19c1 10000000 		.4byte	.LBI135
 5262 19c5 01       		.byte	.LVU67
 5263 19c6 10000000 		.4byte	.LBB135
 5264 19ca 08000000 		.4byte	.LBE135-.LBB135
 5265 19ce 01       		.byte	0x1
 5266 19cf 79       		.byte	0x79
 5267 19d0 03       		.byte	0x3
 5268 19d1 06       		.uleb128 0x6
 5269 19d2 1C1A0000 		.4byte	0x1a1c
 5270 19d6 F9030000 		.4byte	.LLST1
 5271 19da F7030000 		.4byte	.LVUS1
 5272 19de 0C       		.uleb128 0xc
 5273 19df 18000000 		.4byte	.LVL8
 5274 19e3 510B0000 		.4byte	0xb51
 5275 19e7 02       		.uleb128 0x2
 5276 19e8 01       		.uleb128 0x1
 5277 19e9 50       		.byte	0x50
 5278 19ea 03       		.uleb128 0x3
 5279 19eb 0A       		.byte	0xa
 5280 19ec E001     		.2byte	0x1e0
 5281 19ee 00       		.byte	0
 5282 19ef 00       		.byte	0
 5283 19f0 00       		.byte	0
 5284 19f1 2D       		.uleb128 0x2d
 5285 19f2 8C020000 		.4byte	.LASF178
 5286 19f6 D602     		.2byte	0x2d6
 5287 19f8 111A0000 		.4byte	0x1a11
 5288 19fc 2E       		.uleb128 0x2e
 5289 19fd 74727000 		.ascii	"trp\000"
 5290 1a01 3A       		.byte	0x3a
 5291 1a02 A5070000 		.4byte	0x7a5
 5292 1a06 2E       		.uleb128 0x2e
 5293 1a07 6D736700 		.ascii	"msg\000"
ARM GAS  /tmp/ccJVclG6.s 			page 94


 5294 1a0b 45       		.byte	0x45
 5295 1a0c FC000000 		.4byte	0xfc
 5296 1a10 00       		.byte	0
 5297 1a11 2D       		.uleb128 0x2d
 5298 1a12 55010000 		.4byte	.LASF179
 5299 1a16 3B02     		.2byte	0x23b
 5300 1a18 2A1A0000 		.4byte	0x1a2a
 5301 1a1c 2F       		.uleb128 0x2f
 5302 1a1d 06070000 		.4byte	.LASF180
 5303 1a21 02       		.byte	0x2
 5304 1a22 3B02     		.2byte	0x23b
 5305 1a24 30       		.byte	0x30
 5306 1a25 C0000000 		.4byte	0xc0
 5307 1a29 00       		.byte	0
 5308 1a2a 13       		.uleb128 0x13
 5309 1a2b B5000000 		.4byte	.LASF181
 5310 1a2f 02       		.byte	0x2
 5311 1a30 0C02     		.2byte	0x20c
 5312 1a32 13       		.uleb128 0x13
 5313 1a33 BE020000 		.4byte	.LASF182
 5314 1a37 02       		.byte	0x2
 5315 1a38 0102     		.2byte	0x201
 5316 1a3a 13       		.uleb128 0x13
 5317 1a3b 8B060000 		.4byte	.LASF183
 5318 1a3f 03       		.byte	0x3
 5319 1a40 B201     		.2byte	0x1b2
 5320 1a42 13       		.uleb128 0x13
 5321 1a43 DB080000 		.4byte	.LASF184
 5322 1a47 03       		.byte	0x3
 5323 1a48 9E01     		.2byte	0x19e
 5324 1a4a 13       		.uleb128 0x13
 5325 1a4b B4070000 		.4byte	.LASF185
 5326 1a4f 04       		.byte	0x4
 5327 1a50 8E02     		.2byte	0x28e
 5328 1a52 13       		.uleb128 0x13
 5329 1a53 28080000 		.4byte	.LASF186
 5330 1a57 04       		.byte	0x4
 5331 1a58 8302     		.2byte	0x283
 5332 1a5a 13       		.uleb128 0x13
 5333 1a5b 69010000 		.4byte	.LASF187
 5334 1a5f 04       		.byte	0x4
 5335 1a60 7402     		.2byte	0x274
 5336 1a62 13       		.uleb128 0x13
 5337 1a63 46000000 		.4byte	.LASF188
 5338 1a67 04       		.byte	0x4
 5339 1a68 5C02     		.2byte	0x25c
 5340 1a6a 3F       		.uleb128 0x3f
 5341 1a6b EC070000 		.4byte	.LASF195
 5342 1a6f 05       		.byte	0x5
 5343 1a70 2202     		.2byte	0x222
 5344 1a72 39       		.byte	0x39
 5345 1a73 03       		.byte	0x3
 5346 1a74 2F       		.uleb128 0x2f
 5347 1a75 F3020000 		.4byte	.LASF189
 5348 1a79 05       		.byte	0x5
 5349 1a7a 2202     		.2byte	0x222
 5350 1a7c 50       		.byte	0x50
ARM GAS  /tmp/ccJVclG6.s 			page 95


 5351 1a7d 9C000000 		.4byte	0x9c
 5352 1a81 00       		.byte	0
 5353 1a82 00       		.byte	0
 5354              		.section	.debug_abbrev,"",%progbits
 5355              	.Ldebug_abbrev0:
 5356 0000 01       		.uleb128 0x1
 5357 0001 0D       		.uleb128 0xd
 5358 0002 00       		.byte	0
 5359 0003 03       		.uleb128 0x3
 5360 0004 0E       		.uleb128 0xe
 5361 0005 3A       		.uleb128 0x3a
 5362 0006 0B       		.uleb128 0xb
 5363 0007 3B       		.uleb128 0x3b
 5364 0008 0B       		.uleb128 0xb
 5365 0009 39       		.uleb128 0x39
 5366 000a 0B       		.uleb128 0xb
 5367 000b 49       		.uleb128 0x49
 5368 000c 13       		.uleb128 0x13
 5369 000d 38       		.uleb128 0x38
 5370 000e 0B       		.uleb128 0xb
 5371 000f 00       		.byte	0
 5372 0010 00       		.byte	0
 5373 0011 02       		.uleb128 0x2
 5374 0012 49       		.uleb128 0x49
 5375 0013 00       		.byte	0
 5376 0014 02       		.uleb128 0x2
 5377 0015 18       		.uleb128 0x18
 5378 0016 7E       		.uleb128 0x7e
 5379 0017 18       		.uleb128 0x18
 5380 0018 00       		.byte	0
 5381 0019 00       		.byte	0
 5382 001a 03       		.uleb128 0x3
 5383 001b 1D       		.uleb128 0x1d
 5384 001c 01       		.byte	0x1
 5385 001d 31       		.uleb128 0x31
 5386 001e 13       		.uleb128 0x13
 5387 001f 52       		.uleb128 0x52
 5388 0020 01       		.uleb128 0x1
 5389 0021 B842     		.uleb128 0x2138
 5390 0023 0B       		.uleb128 0xb
 5391 0024 11       		.uleb128 0x11
 5392 0025 01       		.uleb128 0x1
 5393 0026 12       		.uleb128 0x12
 5394 0027 06       		.uleb128 0x6
 5395 0028 58       		.uleb128 0x58
 5396 0029 0B       		.uleb128 0xb
 5397 002a 59       		.uleb128 0x59
 5398 002b 05       		.uleb128 0x5
 5399 002c 57       		.uleb128 0x57
 5400 002d 21       		.uleb128 0x21
 5401 002e 03       		.sleb128 3
 5402 002f 00       		.byte	0
 5403 0030 00       		.byte	0
 5404 0031 04       		.uleb128 0x4
 5405 0032 0D       		.uleb128 0xd
 5406 0033 00       		.byte	0
 5407 0034 03       		.uleb128 0x3
ARM GAS  /tmp/ccJVclG6.s 			page 96


 5408 0035 08       		.uleb128 0x8
 5409 0036 3A       		.uleb128 0x3a
 5410 0037 0B       		.uleb128 0xb
 5411 0038 3B       		.uleb128 0x3b
 5412 0039 05       		.uleb128 0x5
 5413 003a 39       		.uleb128 0x39
 5414 003b 0B       		.uleb128 0xb
 5415 003c 49       		.uleb128 0x49
 5416 003d 13       		.uleb128 0x13
 5417 003e 38       		.uleb128 0x38
 5418 003f 0B       		.uleb128 0xb
 5419 0040 00       		.byte	0
 5420 0041 00       		.byte	0
 5421 0042 05       		.uleb128 0x5
 5422 0043 0D       		.uleb128 0xd
 5423 0044 00       		.byte	0
 5424 0045 03       		.uleb128 0x3
 5425 0046 0E       		.uleb128 0xe
 5426 0047 3A       		.uleb128 0x3a
 5427 0048 0B       		.uleb128 0xb
 5428 0049 3B       		.uleb128 0x3b
 5429 004a 05       		.uleb128 0x5
 5430 004b 39       		.uleb128 0x39
 5431 004c 0B       		.uleb128 0xb
 5432 004d 49       		.uleb128 0x49
 5433 004e 13       		.uleb128 0x13
 5434 004f 38       		.uleb128 0x38
 5435 0050 0B       		.uleb128 0xb
 5436 0051 00       		.byte	0
 5437 0052 00       		.byte	0
 5438 0053 06       		.uleb128 0x6
 5439 0054 05       		.uleb128 0x5
 5440 0055 00       		.byte	0
 5441 0056 31       		.uleb128 0x31
 5442 0057 13       		.uleb128 0x13
 5443 0058 02       		.uleb128 0x2
 5444 0059 17       		.uleb128 0x17
 5445 005a B742     		.uleb128 0x2137
 5446 005c 17       		.uleb128 0x17
 5447 005d 00       		.byte	0
 5448 005e 00       		.byte	0
 5449 005f 07       		.uleb128 0x7
 5450 0060 16       		.uleb128 0x16
 5451 0061 00       		.byte	0
 5452 0062 03       		.uleb128 0x3
 5453 0063 0E       		.uleb128 0xe
 5454 0064 3A       		.uleb128 0x3a
 5455 0065 0B       		.uleb128 0xb
 5456 0066 3B       		.uleb128 0x3b
 5457 0067 0B       		.uleb128 0xb
 5458 0068 39       		.uleb128 0x39
 5459 0069 0B       		.uleb128 0xb
 5460 006a 49       		.uleb128 0x49
 5461 006b 13       		.uleb128 0x13
 5462 006c 00       		.byte	0
 5463 006d 00       		.byte	0
 5464 006e 08       		.uleb128 0x8
ARM GAS  /tmp/ccJVclG6.s 			page 97


 5465 006f 0F       		.uleb128 0xf
 5466 0070 00       		.byte	0
 5467 0071 0B       		.uleb128 0xb
 5468 0072 21       		.uleb128 0x21
 5469 0073 04       		.sleb128 4
 5470 0074 49       		.uleb128 0x49
 5471 0075 13       		.uleb128 0x13
 5472 0076 00       		.byte	0
 5473 0077 00       		.byte	0
 5474 0078 09       		.uleb128 0x9
 5475 0079 05       		.uleb128 0x5
 5476 007a 00       		.byte	0
 5477 007b 49       		.uleb128 0x49
 5478 007c 13       		.uleb128 0x13
 5479 007d 00       		.byte	0
 5480 007e 00       		.byte	0
 5481 007f 0A       		.uleb128 0xa
 5482 0080 1D       		.uleb128 0x1d
 5483 0081 01       		.byte	0x1
 5484 0082 31       		.uleb128 0x31
 5485 0083 13       		.uleb128 0x13
 5486 0084 52       		.uleb128 0x52
 5487 0085 01       		.uleb128 0x1
 5488 0086 B842     		.uleb128 0x2138
 5489 0088 0B       		.uleb128 0xb
 5490 0089 11       		.uleb128 0x11
 5491 008a 01       		.uleb128 0x1
 5492 008b 12       		.uleb128 0x12
 5493 008c 06       		.uleb128 0x6
 5494 008d 58       		.uleb128 0x58
 5495 008e 21       		.uleb128 0x21
 5496 008f 01       		.sleb128 1
 5497 0090 59       		.uleb128 0x59
 5498 0091 05       		.uleb128 0x5
 5499 0092 57       		.uleb128 0x57
 5500 0093 0B       		.uleb128 0xb
 5501 0094 01       		.uleb128 0x1
 5502 0095 13       		.uleb128 0x13
 5503 0096 00       		.byte	0
 5504 0097 00       		.byte	0
 5505 0098 0B       		.uleb128 0xb
 5506 0099 0D       		.uleb128 0xd
 5507 009a 00       		.byte	0
 5508 009b 03       		.uleb128 0x3
 5509 009c 08       		.uleb128 0x8
 5510 009d 3A       		.uleb128 0x3a
 5511 009e 0B       		.uleb128 0xb
 5512 009f 3B       		.uleb128 0x3b
 5513 00a0 0B       		.uleb128 0xb
 5514 00a1 39       		.uleb128 0x39
 5515 00a2 0B       		.uleb128 0xb
 5516 00a3 49       		.uleb128 0x49
 5517 00a4 13       		.uleb128 0x13
 5518 00a5 38       		.uleb128 0x38
 5519 00a6 0B       		.uleb128 0xb
 5520 00a7 00       		.byte	0
 5521 00a8 00       		.byte	0
ARM GAS  /tmp/ccJVclG6.s 			page 98


 5522 00a9 0C       		.uleb128 0xc
 5523 00aa 48       		.uleb128 0x48
 5524 00ab 01       		.byte	0x1
 5525 00ac 7D       		.uleb128 0x7d
 5526 00ad 01       		.uleb128 0x1
 5527 00ae 7F       		.uleb128 0x7f
 5528 00af 13       		.uleb128 0x13
 5529 00b0 00       		.byte	0
 5530 00b1 00       		.byte	0
 5531 00b2 0D       		.uleb128 0xd
 5532 00b3 24       		.uleb128 0x24
 5533 00b4 00       		.byte	0
 5534 00b5 0B       		.uleb128 0xb
 5535 00b6 0B       		.uleb128 0xb
 5536 00b7 3E       		.uleb128 0x3e
 5537 00b8 0B       		.uleb128 0xb
 5538 00b9 03       		.uleb128 0x3
 5539 00ba 0E       		.uleb128 0xe
 5540 00bb 00       		.byte	0
 5541 00bc 00       		.byte	0
 5542 00bd 0E       		.uleb128 0xe
 5543 00be 2E       		.uleb128 0x2e
 5544 00bf 01       		.byte	0x1
 5545 00c0 3F       		.uleb128 0x3f
 5546 00c1 19       		.uleb128 0x19
 5547 00c2 03       		.uleb128 0x3
 5548 00c3 0E       		.uleb128 0xe
 5549 00c4 3A       		.uleb128 0x3a
 5550 00c5 21       		.uleb128 0x21
 5551 00c6 01       		.sleb128 1
 5552 00c7 3B       		.uleb128 0x3b
 5553 00c8 05       		.uleb128 0x5
 5554 00c9 39       		.uleb128 0x39
 5555 00ca 0B       		.uleb128 0xb
 5556 00cb 27       		.uleb128 0x27
 5557 00cc 19       		.uleb128 0x19
 5558 00cd 11       		.uleb128 0x11
 5559 00ce 01       		.uleb128 0x1
 5560 00cf 12       		.uleb128 0x12
 5561 00d0 06       		.uleb128 0x6
 5562 00d1 40       		.uleb128 0x40
 5563 00d2 18       		.uleb128 0x18
 5564 00d3 7A       		.uleb128 0x7a
 5565 00d4 19       		.uleb128 0x19
 5566 00d5 01       		.uleb128 0x1
 5567 00d6 13       		.uleb128 0x13
 5568 00d7 00       		.byte	0
 5569 00d8 00       		.byte	0
 5570 00d9 0F       		.uleb128 0xf
 5571 00da 16       		.uleb128 0x16
 5572 00db 00       		.byte	0
 5573 00dc 03       		.uleb128 0x3
 5574 00dd 0E       		.uleb128 0xe
 5575 00de 3A       		.uleb128 0x3a
 5576 00df 0B       		.uleb128 0xb
 5577 00e0 3B       		.uleb128 0x3b
 5578 00e1 05       		.uleb128 0x5
ARM GAS  /tmp/ccJVclG6.s 			page 99


 5579 00e2 39       		.uleb128 0x39
 5580 00e3 0B       		.uleb128 0xb
 5581 00e4 49       		.uleb128 0x49
 5582 00e5 13       		.uleb128 0x13
 5583 00e6 00       		.byte	0
 5584 00e7 00       		.byte	0
 5585 00e8 10       		.uleb128 0x10
 5586 00e9 28       		.uleb128 0x28
 5587 00ea 00       		.byte	0
 5588 00eb 03       		.uleb128 0x3
 5589 00ec 0E       		.uleb128 0xe
 5590 00ed 1C       		.uleb128 0x1c
 5591 00ee 0B       		.uleb128 0xb
 5592 00ef 00       		.byte	0
 5593 00f0 00       		.byte	0
 5594 00f1 11       		.uleb128 0x11
 5595 00f2 48       		.uleb128 0x48
 5596 00f3 01       		.byte	0x1
 5597 00f4 7D       		.uleb128 0x7d
 5598 00f5 01       		.uleb128 0x1
 5599 00f6 7F       		.uleb128 0x7f
 5600 00f7 13       		.uleb128 0x13
 5601 00f8 01       		.uleb128 0x1
 5602 00f9 13       		.uleb128 0x13
 5603 00fa 00       		.byte	0
 5604 00fb 00       		.byte	0
 5605 00fc 12       		.uleb128 0x12
 5606 00fd 26       		.uleb128 0x26
 5607 00fe 00       		.byte	0
 5608 00ff 49       		.uleb128 0x49
 5609 0100 13       		.uleb128 0x13
 5610 0101 00       		.byte	0
 5611 0102 00       		.byte	0
 5612 0103 13       		.uleb128 0x13
 5613 0104 2E       		.uleb128 0x2e
 5614 0105 00       		.byte	0
 5615 0106 03       		.uleb128 0x3
 5616 0107 0E       		.uleb128 0xe
 5617 0108 3A       		.uleb128 0x3a
 5618 0109 0B       		.uleb128 0xb
 5619 010a 3B       		.uleb128 0x3b
 5620 010b 05       		.uleb128 0x5
 5621 010c 39       		.uleb128 0x39
 5622 010d 21       		.uleb128 0x21
 5623 010e 14       		.sleb128 20
 5624 010f 27       		.uleb128 0x27
 5625 0110 19       		.uleb128 0x19
 5626 0111 20       		.uleb128 0x20
 5627 0112 21       		.uleb128 0x21
 5628 0113 03       		.sleb128 3
 5629 0114 00       		.byte	0
 5630 0115 00       		.byte	0
 5631 0116 14       		.uleb128 0x14
 5632 0117 05       		.uleb128 0x5
 5633 0118 00       		.byte	0
 5634 0119 03       		.uleb128 0x3
 5635 011a 0E       		.uleb128 0xe
ARM GAS  /tmp/ccJVclG6.s 			page 100


 5636 011b 3A       		.uleb128 0x3a
 5637 011c 21       		.uleb128 0x21
 5638 011d 01       		.sleb128 1
 5639 011e 3B       		.uleb128 0x3b
 5640 011f 05       		.uleb128 0x5
 5641 0120 39       		.uleb128 0x39
 5642 0121 0B       		.uleb128 0xb
 5643 0122 49       		.uleb128 0x49
 5644 0123 13       		.uleb128 0x13
 5645 0124 02       		.uleb128 0x2
 5646 0125 18       		.uleb128 0x18
 5647 0126 00       		.byte	0
 5648 0127 00       		.byte	0
 5649 0128 15       		.uleb128 0x15
 5650 0129 01       		.uleb128 0x1
 5651 012a 01       		.byte	0x1
 5652 012b 49       		.uleb128 0x49
 5653 012c 13       		.uleb128 0x13
 5654 012d 01       		.uleb128 0x1
 5655 012e 13       		.uleb128 0x13
 5656 012f 00       		.byte	0
 5657 0130 00       		.byte	0
 5658 0131 16       		.uleb128 0x16
 5659 0132 21       		.uleb128 0x21
 5660 0133 00       		.byte	0
 5661 0134 49       		.uleb128 0x49
 5662 0135 13       		.uleb128 0x13
 5663 0136 2F       		.uleb128 0x2f
 5664 0137 0B       		.uleb128 0xb
 5665 0138 00       		.byte	0
 5666 0139 00       		.byte	0
 5667 013a 17       		.uleb128 0x17
 5668 013b 05       		.uleb128 0x5
 5669 013c 00       		.byte	0
 5670 013d 03       		.uleb128 0x3
 5671 013e 0E       		.uleb128 0xe
 5672 013f 3A       		.uleb128 0x3a
 5673 0140 21       		.uleb128 0x21
 5674 0141 01       		.sleb128 1
 5675 0142 3B       		.uleb128 0x3b
 5676 0143 05       		.uleb128 0x5
 5677 0144 39       		.uleb128 0x39
 5678 0145 0B       		.uleb128 0xb
 5679 0146 49       		.uleb128 0x49
 5680 0147 13       		.uleb128 0x13
 5681 0148 02       		.uleb128 0x2
 5682 0149 17       		.uleb128 0x17
 5683 014a B742     		.uleb128 0x2137
 5684 014c 17       		.uleb128 0x17
 5685 014d 00       		.byte	0
 5686 014e 00       		.byte	0
 5687 014f 18       		.uleb128 0x18
 5688 0150 48       		.uleb128 0x48
 5689 0151 01       		.byte	0x1
 5690 0152 7D       		.uleb128 0x7d
 5691 0153 01       		.uleb128 0x1
 5692 0154 01       		.uleb128 0x1
ARM GAS  /tmp/ccJVclG6.s 			page 101


 5693 0155 13       		.uleb128 0x13
 5694 0156 00       		.byte	0
 5695 0157 00       		.byte	0
 5696 0158 19       		.uleb128 0x19
 5697 0159 2E       		.uleb128 0x2e
 5698 015a 01       		.byte	0x1
 5699 015b 03       		.uleb128 0x3
 5700 015c 0E       		.uleb128 0xe
 5701 015d 3A       		.uleb128 0x3a
 5702 015e 21       		.uleb128 0x21
 5703 015f 01       		.sleb128 1
 5704 0160 3B       		.uleb128 0x3b
 5705 0161 0B       		.uleb128 0xb
 5706 0162 39       		.uleb128 0x39
 5707 0163 21       		.uleb128 0x21
 5708 0164 0D       		.sleb128 13
 5709 0165 27       		.uleb128 0x27
 5710 0166 19       		.uleb128 0x19
 5711 0167 11       		.uleb128 0x11
 5712 0168 01       		.uleb128 0x1
 5713 0169 12       		.uleb128 0x12
 5714 016a 06       		.uleb128 0x6
 5715 016b 40       		.uleb128 0x40
 5716 016c 18       		.uleb128 0x18
 5717 016d 7A       		.uleb128 0x7a
 5718 016e 19       		.uleb128 0x19
 5719 016f 01       		.uleb128 0x1
 5720 0170 13       		.uleb128 0x13
 5721 0171 00       		.byte	0
 5722 0172 00       		.byte	0
 5723 0173 1A       		.uleb128 0x1a
 5724 0174 13       		.uleb128 0x13
 5725 0175 01       		.byte	0x1
 5726 0176 0B       		.uleb128 0xb
 5727 0177 0B       		.uleb128 0xb
 5728 0178 3A       		.uleb128 0x3a
 5729 0179 0B       		.uleb128 0xb
 5730 017a 3B       		.uleb128 0x3b
 5731 017b 05       		.uleb128 0x5
 5732 017c 39       		.uleb128 0x39
 5733 017d 21       		.uleb128 0x21
 5734 017e 09       		.sleb128 9
 5735 017f 01       		.uleb128 0x1
 5736 0180 13       		.uleb128 0x13
 5737 0181 00       		.byte	0
 5738 0182 00       		.byte	0
 5739 0183 1B       		.uleb128 0x1b
 5740 0184 34       		.uleb128 0x34
 5741 0185 00       		.byte	0
 5742 0186 03       		.uleb128 0x3
 5743 0187 0E       		.uleb128 0xe
 5744 0188 3A       		.uleb128 0x3a
 5745 0189 21       		.uleb128 0x21
 5746 018a 01       		.sleb128 1
 5747 018b 3B       		.uleb128 0x3b
 5748 018c 05       		.uleb128 0x5
 5749 018d 39       		.uleb128 0x39
ARM GAS  /tmp/ccJVclG6.s 			page 102


 5750 018e 0B       		.uleb128 0xb
 5751 018f 49       		.uleb128 0x49
 5752 0190 13       		.uleb128 0x13
 5753 0191 02       		.uleb128 0x2
 5754 0192 17       		.uleb128 0x17
 5755 0193 B742     		.uleb128 0x2137
 5756 0195 17       		.uleb128 0x17
 5757 0196 00       		.byte	0
 5758 0197 00       		.byte	0
 5759 0198 1C       		.uleb128 0x1c
 5760 0199 48       		.uleb128 0x48
 5761 019a 00       		.byte	0
 5762 019b 7D       		.uleb128 0x7d
 5763 019c 01       		.uleb128 0x1
 5764 019d 7F       		.uleb128 0x7f
 5765 019e 13       		.uleb128 0x13
 5766 019f 00       		.byte	0
 5767 01a0 00       		.byte	0
 5768 01a1 1D       		.uleb128 0x1d
 5769 01a2 05       		.uleb128 0x5
 5770 01a3 00       		.byte	0
 5771 01a4 03       		.uleb128 0x3
 5772 01a5 0E       		.uleb128 0xe
 5773 01a6 3A       		.uleb128 0x3a
 5774 01a7 21       		.uleb128 0x21
 5775 01a8 01       		.sleb128 1
 5776 01a9 3B       		.uleb128 0x3b
 5777 01aa 0B       		.uleb128 0xb
 5778 01ab 39       		.uleb128 0x39
 5779 01ac 0B       		.uleb128 0xb
 5780 01ad 49       		.uleb128 0x49
 5781 01ae 13       		.uleb128 0x13
 5782 01af 02       		.uleb128 0x2
 5783 01b0 18       		.uleb128 0x18
 5784 01b1 00       		.byte	0
 5785 01b2 00       		.byte	0
 5786 01b3 1E       		.uleb128 0x1e
 5787 01b4 13       		.uleb128 0x13
 5788 01b5 01       		.byte	0x1
 5789 01b6 03       		.uleb128 0x3
 5790 01b7 0E       		.uleb128 0xe
 5791 01b8 0B       		.uleb128 0xb
 5792 01b9 0B       		.uleb128 0xb
 5793 01ba 3A       		.uleb128 0x3a
 5794 01bb 0B       		.uleb128 0xb
 5795 01bc 3B       		.uleb128 0x3b
 5796 01bd 0B       		.uleb128 0xb
 5797 01be 39       		.uleb128 0x39
 5798 01bf 21       		.uleb128 0x21
 5799 01c0 08       		.sleb128 8
 5800 01c1 01       		.uleb128 0x1
 5801 01c2 13       		.uleb128 0x13
 5802 01c3 00       		.byte	0
 5803 01c4 00       		.byte	0
 5804 01c5 1F       		.uleb128 0x1f
 5805 01c6 0D       		.uleb128 0xd
 5806 01c7 00       		.byte	0
ARM GAS  /tmp/ccJVclG6.s 			page 103


 5807 01c8 03       		.uleb128 0x3
 5808 01c9 0E       		.uleb128 0xe
 5809 01ca 3A       		.uleb128 0x3a
 5810 01cb 21       		.uleb128 0x21
 5811 01cc 0A       		.sleb128 10
 5812 01cd 3B       		.uleb128 0x3b
 5813 01ce 0B       		.uleb128 0xb
 5814 01cf 39       		.uleb128 0x39
 5815 01d0 0B       		.uleb128 0xb
 5816 01d1 49       		.uleb128 0x49
 5817 01d2 13       		.uleb128 0x13
 5818 01d3 00       		.byte	0
 5819 01d4 00       		.byte	0
 5820 01d5 20       		.uleb128 0x20
 5821 01d6 13       		.uleb128 0x13
 5822 01d7 01       		.byte	0x1
 5823 01d8 0B       		.uleb128 0xb
 5824 01d9 0B       		.uleb128 0xb
 5825 01da 3A       		.uleb128 0x3a
 5826 01db 0B       		.uleb128 0xb
 5827 01dc 3B       		.uleb128 0x3b
 5828 01dd 0B       		.uleb128 0xb
 5829 01de 39       		.uleb128 0x39
 5830 01df 21       		.uleb128 0x21
 5831 01e0 09       		.sleb128 9
 5832 01e1 01       		.uleb128 0x1
 5833 01e2 13       		.uleb128 0x13
 5834 01e3 00       		.byte	0
 5835 01e4 00       		.byte	0
 5836 01e5 21       		.uleb128 0x21
 5837 01e6 15       		.uleb128 0x15
 5838 01e7 01       		.byte	0x1
 5839 01e8 27       		.uleb128 0x27
 5840 01e9 19       		.uleb128 0x19
 5841 01ea 01       		.uleb128 0x1
 5842 01eb 13       		.uleb128 0x13
 5843 01ec 00       		.byte	0
 5844 01ed 00       		.byte	0
 5845 01ee 22       		.uleb128 0x22
 5846 01ef 34       		.uleb128 0x34
 5847 01f0 00       		.byte	0
 5848 01f1 03       		.uleb128 0x3
 5849 01f2 0E       		.uleb128 0xe
 5850 01f3 3A       		.uleb128 0x3a
 5851 01f4 0B       		.uleb128 0xb
 5852 01f5 3B       		.uleb128 0x3b
 5853 01f6 05       		.uleb128 0x5
 5854 01f7 39       		.uleb128 0x39
 5855 01f8 0B       		.uleb128 0xb
 5856 01f9 49       		.uleb128 0x49
 5857 01fa 13       		.uleb128 0x13
 5858 01fb 3F       		.uleb128 0x3f
 5859 01fc 19       		.uleb128 0x19
 5860 01fd 3C       		.uleb128 0x3c
 5861 01fe 19       		.uleb128 0x19
 5862 01ff 00       		.byte	0
 5863 0200 00       		.byte	0
ARM GAS  /tmp/ccJVclG6.s 			page 104


 5864 0201 23       		.uleb128 0x23
 5865 0202 2E       		.uleb128 0x2e
 5866 0203 01       		.byte	0x1
 5867 0204 3F       		.uleb128 0x3f
 5868 0205 19       		.uleb128 0x19
 5869 0206 03       		.uleb128 0x3
 5870 0207 0E       		.uleb128 0xe
 5871 0208 3A       		.uleb128 0x3a
 5872 0209 0B       		.uleb128 0xb
 5873 020a 3B       		.uleb128 0x3b
 5874 020b 0B       		.uleb128 0xb
 5875 020c 39       		.uleb128 0x39
 5876 020d 21       		.uleb128 0x21
 5877 020e 08       		.sleb128 8
 5878 020f 27       		.uleb128 0x27
 5879 0210 19       		.uleb128 0x19
 5880 0211 3C       		.uleb128 0x3c
 5881 0212 19       		.uleb128 0x19
 5882 0213 01       		.uleb128 0x1
 5883 0214 13       		.uleb128 0x13
 5884 0215 00       		.byte	0
 5885 0216 00       		.byte	0
 5886 0217 24       		.uleb128 0x24
 5887 0218 34       		.uleb128 0x34
 5888 0219 00       		.byte	0
 5889 021a 03       		.uleb128 0x3
 5890 021b 0E       		.uleb128 0xe
 5891 021c 49       		.uleb128 0x49
 5892 021d 13       		.uleb128 0x13
 5893 021e 34       		.uleb128 0x34
 5894 021f 19       		.uleb128 0x19
 5895 0220 00       		.byte	0
 5896 0221 00       		.byte	0
 5897 0222 25       		.uleb128 0x25
 5898 0223 13       		.uleb128 0x13
 5899 0224 01       		.byte	0x1
 5900 0225 03       		.uleb128 0x3
 5901 0226 0E       		.uleb128 0xe
 5902 0227 0B       		.uleb128 0xb
 5903 0228 0B       		.uleb128 0xb
 5904 0229 3A       		.uleb128 0x3a
 5905 022a 0B       		.uleb128 0xb
 5906 022b 3B       		.uleb128 0x3b
 5907 022c 05       		.uleb128 0x5
 5908 022d 39       		.uleb128 0x39
 5909 022e 21       		.uleb128 0x21
 5910 022f 08       		.sleb128 8
 5911 0230 01       		.uleb128 0x1
 5912 0231 13       		.uleb128 0x13
 5913 0232 00       		.byte	0
 5914 0233 00       		.byte	0
 5915 0234 26       		.uleb128 0x26
 5916 0235 34       		.uleb128 0x34
 5917 0236 00       		.byte	0
 5918 0237 47       		.uleb128 0x47
 5919 0238 13       		.uleb128 0x13
 5920 0239 3A       		.uleb128 0x3a
ARM GAS  /tmp/ccJVclG6.s 			page 105


 5921 023a 21       		.uleb128 0x21
 5922 023b 01       		.sleb128 1
 5923 023c 3B       		.uleb128 0x3b
 5924 023d 0B       		.uleb128 0xb
 5925 023e 39       		.uleb128 0x39
 5926 023f 21       		.uleb128 0x21
 5927 0240 0B       		.sleb128 11
 5928 0241 02       		.uleb128 0x2
 5929 0242 18       		.uleb128 0x18
 5930 0243 00       		.byte	0
 5931 0244 00       		.byte	0
 5932 0245 27       		.uleb128 0x27
 5933 0246 34       		.uleb128 0x34
 5934 0247 00       		.byte	0
 5935 0248 03       		.uleb128 0x3
 5936 0249 0E       		.uleb128 0xe
 5937 024a 3A       		.uleb128 0x3a
 5938 024b 21       		.uleb128 0x21
 5939 024c 01       		.sleb128 1
 5940 024d 3B       		.uleb128 0x3b
 5941 024e 0B       		.uleb128 0xb
 5942 024f 39       		.uleb128 0x39
 5943 0250 0B       		.uleb128 0xb
 5944 0251 49       		.uleb128 0x49
 5945 0252 13       		.uleb128 0x13
 5946 0253 02       		.uleb128 0x2
 5947 0254 18       		.uleb128 0x18
 5948 0255 00       		.byte	0
 5949 0256 00       		.byte	0
 5950 0257 28       		.uleb128 0x28
 5951 0258 2E       		.uleb128 0x2e
 5952 0259 01       		.byte	0x1
 5953 025a 3F       		.uleb128 0x3f
 5954 025b 19       		.uleb128 0x19
 5955 025c 03       		.uleb128 0x3
 5956 025d 0E       		.uleb128 0xe
 5957 025e 3A       		.uleb128 0x3a
 5958 025f 0B       		.uleb128 0xb
 5959 0260 3B       		.uleb128 0x3b
 5960 0261 05       		.uleb128 0x5
 5961 0262 39       		.uleb128 0x39
 5962 0263 21       		.uleb128 0x21
 5963 0264 08       		.sleb128 8
 5964 0265 27       		.uleb128 0x27
 5965 0266 19       		.uleb128 0x19
 5966 0267 3C       		.uleb128 0x3c
 5967 0268 19       		.uleb128 0x19
 5968 0269 01       		.uleb128 0x1
 5969 026a 13       		.uleb128 0x13
 5970 026b 00       		.byte	0
 5971 026c 00       		.byte	0
 5972 026d 29       		.uleb128 0x29
 5973 026e 0B       		.uleb128 0xb
 5974 026f 01       		.byte	0x1
 5975 0270 55       		.uleb128 0x55
 5976 0271 17       		.uleb128 0x17
 5977 0272 01       		.uleb128 0x1
ARM GAS  /tmp/ccJVclG6.s 			page 106


 5978 0273 13       		.uleb128 0x13
 5979 0274 00       		.byte	0
 5980 0275 00       		.byte	0
 5981 0276 2A       		.uleb128 0x2a
 5982 0277 34       		.uleb128 0x34
 5983 0278 00       		.byte	0
 5984 0279 03       		.uleb128 0x3
 5985 027a 08       		.uleb128 0x8
 5986 027b 3A       		.uleb128 0x3a
 5987 027c 21       		.uleb128 0x21
 5988 027d 01       		.sleb128 1
 5989 027e 3B       		.uleb128 0x3b
 5990 027f 05       		.uleb128 0x5
 5991 0280 39       		.uleb128 0x39
 5992 0281 21       		.uleb128 0x21
 5993 0282 0C       		.sleb128 12
 5994 0283 49       		.uleb128 0x49
 5995 0284 13       		.uleb128 0x13
 5996 0285 00       		.byte	0
 5997 0286 00       		.byte	0
 5998 0287 2B       		.uleb128 0x2b
 5999 0288 2E       		.uleb128 0x2e
 6000 0289 01       		.byte	0x1
 6001 028a 03       		.uleb128 0x3
 6002 028b 0E       		.uleb128 0xe
 6003 028c 3A       		.uleb128 0x3a
 6004 028d 21       		.uleb128 0x21
 6005 028e 01       		.sleb128 1
 6006 028f 3B       		.uleb128 0x3b
 6007 0290 05       		.uleb128 0x5
 6008 0291 39       		.uleb128 0x39
 6009 0292 21       		.uleb128 0x21
 6010 0293 0D       		.sleb128 13
 6011 0294 27       		.uleb128 0x27
 6012 0295 19       		.uleb128 0x19
 6013 0296 11       		.uleb128 0x11
 6014 0297 01       		.uleb128 0x1
 6015 0298 12       		.uleb128 0x12
 6016 0299 06       		.uleb128 0x6
 6017 029a 40       		.uleb128 0x40
 6018 029b 18       		.uleb128 0x18
 6019 029c 7A       		.uleb128 0x7a
 6020 029d 19       		.uleb128 0x19
 6021 029e 01       		.uleb128 0x1
 6022 029f 13       		.uleb128 0x13
 6023 02a0 00       		.byte	0
 6024 02a1 00       		.byte	0
 6025 02a2 2C       		.uleb128 0x2c
 6026 02a3 48       		.uleb128 0x48
 6027 02a4 01       		.byte	0x1
 6028 02a5 7D       		.uleb128 0x7d
 6029 02a6 01       		.uleb128 0x1
 6030 02a7 00       		.byte	0
 6031 02a8 00       		.byte	0
 6032 02a9 2D       		.uleb128 0x2d
 6033 02aa 2E       		.uleb128 0x2e
 6034 02ab 01       		.byte	0x1
ARM GAS  /tmp/ccJVclG6.s 			page 107


 6035 02ac 03       		.uleb128 0x3
 6036 02ad 0E       		.uleb128 0xe
 6037 02ae 3A       		.uleb128 0x3a
 6038 02af 21       		.uleb128 0x21
 6039 02b0 02       		.sleb128 2
 6040 02b1 3B       		.uleb128 0x3b
 6041 02b2 05       		.uleb128 0x5
 6042 02b3 39       		.uleb128 0x39
 6043 02b4 21       		.uleb128 0x21
 6044 02b5 14       		.sleb128 20
 6045 02b6 27       		.uleb128 0x27
 6046 02b7 19       		.uleb128 0x19
 6047 02b8 20       		.uleb128 0x20
 6048 02b9 21       		.uleb128 0x21
 6049 02ba 03       		.sleb128 3
 6050 02bb 01       		.uleb128 0x1
 6051 02bc 13       		.uleb128 0x13
 6052 02bd 00       		.byte	0
 6053 02be 00       		.byte	0
 6054 02bf 2E       		.uleb128 0x2e
 6055 02c0 05       		.uleb128 0x5
 6056 02c1 00       		.byte	0
 6057 02c2 03       		.uleb128 0x3
 6058 02c3 08       		.uleb128 0x8
 6059 02c4 3A       		.uleb128 0x3a
 6060 02c5 21       		.uleb128 0x21
 6061 02c6 02       		.sleb128 2
 6062 02c7 3B       		.uleb128 0x3b
 6063 02c8 21       		.uleb128 0x21
 6064 02c9 D605     		.sleb128 726
 6065 02cb 39       		.uleb128 0x39
 6066 02cc 0B       		.uleb128 0xb
 6067 02cd 49       		.uleb128 0x49
 6068 02ce 13       		.uleb128 0x13
 6069 02cf 00       		.byte	0
 6070 02d0 00       		.byte	0
 6071 02d1 2F       		.uleb128 0x2f
 6072 02d2 05       		.uleb128 0x5
 6073 02d3 00       		.byte	0
 6074 02d4 03       		.uleb128 0x3
 6075 02d5 0E       		.uleb128 0xe
 6076 02d6 3A       		.uleb128 0x3a
 6077 02d7 0B       		.uleb128 0xb
 6078 02d8 3B       		.uleb128 0x3b
 6079 02d9 05       		.uleb128 0x5
 6080 02da 39       		.uleb128 0x39
 6081 02db 0B       		.uleb128 0xb
 6082 02dc 49       		.uleb128 0x49
 6083 02dd 13       		.uleb128 0x13
 6084 02de 00       		.byte	0
 6085 02df 00       		.byte	0
 6086 02e0 30       		.uleb128 0x30
 6087 02e1 11       		.uleb128 0x11
 6088 02e2 01       		.byte	0x1
 6089 02e3 25       		.uleb128 0x25
 6090 02e4 0E       		.uleb128 0xe
 6091 02e5 13       		.uleb128 0x13
ARM GAS  /tmp/ccJVclG6.s 			page 108


 6092 02e6 0B       		.uleb128 0xb
 6093 02e7 03       		.uleb128 0x3
 6094 02e8 0E       		.uleb128 0xe
 6095 02e9 1B       		.uleb128 0x1b
 6096 02ea 0E       		.uleb128 0xe
 6097 02eb 55       		.uleb128 0x55
 6098 02ec 17       		.uleb128 0x17
 6099 02ed 11       		.uleb128 0x11
 6100 02ee 01       		.uleb128 0x1
 6101 02ef 10       		.uleb128 0x10
 6102 02f0 17       		.uleb128 0x17
 6103 02f1 00       		.byte	0
 6104 02f2 00       		.byte	0
 6105 02f3 31       		.uleb128 0x31
 6106 02f4 24       		.uleb128 0x24
 6107 02f5 00       		.byte	0
 6108 02f6 0B       		.uleb128 0xb
 6109 02f7 0B       		.uleb128 0xb
 6110 02f8 3E       		.uleb128 0x3e
 6111 02f9 0B       		.uleb128 0xb
 6112 02fa 03       		.uleb128 0x3
 6113 02fb 08       		.uleb128 0x8
 6114 02fc 00       		.byte	0
 6115 02fd 00       		.byte	0
 6116 02fe 32       		.uleb128 0x32
 6117 02ff 35       		.uleb128 0x35
 6118 0300 00       		.byte	0
 6119 0301 49       		.uleb128 0x49
 6120 0302 13       		.uleb128 0x13
 6121 0303 00       		.byte	0
 6122 0304 00       		.byte	0
 6123 0305 33       		.uleb128 0x33
 6124 0306 0F       		.uleb128 0xf
 6125 0307 00       		.byte	0
 6126 0308 0B       		.uleb128 0xb
 6127 0309 0B       		.uleb128 0xb
 6128 030a 00       		.byte	0
 6129 030b 00       		.byte	0
 6130 030c 34       		.uleb128 0x34
 6131 030d 17       		.uleb128 0x17
 6132 030e 01       		.byte	0x1
 6133 030f 0B       		.uleb128 0xb
 6134 0310 0B       		.uleb128 0xb
 6135 0311 3A       		.uleb128 0x3a
 6136 0312 0B       		.uleb128 0xb
 6137 0313 3B       		.uleb128 0x3b
 6138 0314 0B       		.uleb128 0xb
 6139 0315 39       		.uleb128 0x39
 6140 0316 0B       		.uleb128 0xb
 6141 0317 01       		.uleb128 0x1
 6142 0318 13       		.uleb128 0x13
 6143 0319 00       		.byte	0
 6144 031a 00       		.byte	0
 6145 031b 35       		.uleb128 0x35
 6146 031c 04       		.uleb128 0x4
 6147 031d 01       		.byte	0x1
 6148 031e 3E       		.uleb128 0x3e
ARM GAS  /tmp/ccJVclG6.s 			page 109


 6149 031f 0B       		.uleb128 0xb
 6150 0320 0B       		.uleb128 0xb
 6151 0321 0B       		.uleb128 0xb
 6152 0322 49       		.uleb128 0x49
 6153 0323 13       		.uleb128 0x13
 6154 0324 3A       		.uleb128 0x3a
 6155 0325 0B       		.uleb128 0xb
 6156 0326 3B       		.uleb128 0x3b
 6157 0327 0B       		.uleb128 0xb
 6158 0328 39       		.uleb128 0x39
 6159 0329 0B       		.uleb128 0xb
 6160 032a 01       		.uleb128 0x1
 6161 032b 13       		.uleb128 0x13
 6162 032c 00       		.byte	0
 6163 032d 00       		.byte	0
 6164 032e 36       		.uleb128 0x36
 6165 032f 04       		.uleb128 0x4
 6166 0330 01       		.byte	0x1
 6167 0331 3E       		.uleb128 0x3e
 6168 0332 0B       		.uleb128 0xb
 6169 0333 0B       		.uleb128 0xb
 6170 0334 0B       		.uleb128 0xb
 6171 0335 49       		.uleb128 0x49
 6172 0336 13       		.uleb128 0x13
 6173 0337 3A       		.uleb128 0x3a
 6174 0338 0B       		.uleb128 0xb
 6175 0339 3B       		.uleb128 0x3b
 6176 033a 05       		.uleb128 0x5
 6177 033b 39       		.uleb128 0x39
 6178 033c 0B       		.uleb128 0xb
 6179 033d 01       		.uleb128 0x1
 6180 033e 13       		.uleb128 0x13
 6181 033f 00       		.byte	0
 6182 0340 00       		.byte	0
 6183 0341 37       		.uleb128 0x37
 6184 0342 2E       		.uleb128 0x2e
 6185 0343 01       		.byte	0x1
 6186 0344 3F       		.uleb128 0x3f
 6187 0345 19       		.uleb128 0x19
 6188 0346 03       		.uleb128 0x3
 6189 0347 0E       		.uleb128 0xe
 6190 0348 3A       		.uleb128 0x3a
 6191 0349 0B       		.uleb128 0xb
 6192 034a 3B       		.uleb128 0x3b
 6193 034b 05       		.uleb128 0x5
 6194 034c 39       		.uleb128 0x39
 6195 034d 0B       		.uleb128 0xb
 6196 034e 27       		.uleb128 0x27
 6197 034f 19       		.uleb128 0x19
 6198 0350 49       		.uleb128 0x49
 6199 0351 13       		.uleb128 0x13
 6200 0352 3C       		.uleb128 0x3c
 6201 0353 19       		.uleb128 0x19
 6202 0354 01       		.uleb128 0x1
 6203 0355 13       		.uleb128 0x13
 6204 0356 00       		.byte	0
 6205 0357 00       		.byte	0
ARM GAS  /tmp/ccJVclG6.s 			page 110


 6206 0358 38       		.uleb128 0x38
 6207 0359 2E       		.uleb128 0x2e
 6208 035a 00       		.byte	0
 6209 035b 3F       		.uleb128 0x3f
 6210 035c 19       		.uleb128 0x19
 6211 035d 03       		.uleb128 0x3
 6212 035e 0E       		.uleb128 0xe
 6213 035f 3A       		.uleb128 0x3a
 6214 0360 0B       		.uleb128 0xb
 6215 0361 3B       		.uleb128 0x3b
 6216 0362 05       		.uleb128 0x5
 6217 0363 39       		.uleb128 0x39
 6218 0364 0B       		.uleb128 0xb
 6219 0365 27       		.uleb128 0x27
 6220 0366 19       		.uleb128 0x19
 6221 0367 3C       		.uleb128 0x3c
 6222 0368 19       		.uleb128 0x19
 6223 0369 00       		.byte	0
 6224 036a 00       		.byte	0
 6225 036b 39       		.uleb128 0x39
 6226 036c 34       		.uleb128 0x34
 6227 036d 00       		.byte	0
 6228 036e 03       		.uleb128 0x3
 6229 036f 08       		.uleb128 0x8
 6230 0370 3A       		.uleb128 0x3a
 6231 0371 0B       		.uleb128 0xb
 6232 0372 3B       		.uleb128 0x3b
 6233 0373 05       		.uleb128 0x5
 6234 0374 39       		.uleb128 0x39
 6235 0375 0B       		.uleb128 0xb
 6236 0376 49       		.uleb128 0x49
 6237 0377 13       		.uleb128 0x13
 6238 0378 02       		.uleb128 0x2
 6239 0379 17       		.uleb128 0x17
 6240 037a B742     		.uleb128 0x2137
 6241 037c 17       		.uleb128 0x17
 6242 037d 00       		.byte	0
 6243 037e 00       		.byte	0
 6244 037f 3A       		.uleb128 0x3a
 6245 0380 05       		.uleb128 0x5
 6246 0381 00       		.byte	0
 6247 0382 03       		.uleb128 0x3
 6248 0383 08       		.uleb128 0x8
 6249 0384 3A       		.uleb128 0x3a
 6250 0385 0B       		.uleb128 0xb
 6251 0386 3B       		.uleb128 0x3b
 6252 0387 05       		.uleb128 0x5
 6253 0388 39       		.uleb128 0x39
 6254 0389 0B       		.uleb128 0xb
 6255 038a 49       		.uleb128 0x49
 6256 038b 13       		.uleb128 0x13
 6257 038c 02       		.uleb128 0x2
 6258 038d 17       		.uleb128 0x17
 6259 038e B742     		.uleb128 0x2137
 6260 0390 17       		.uleb128 0x17
 6261 0391 00       		.byte	0
 6262 0392 00       		.byte	0
ARM GAS  /tmp/ccJVclG6.s 			page 111


 6263 0393 3B       		.uleb128 0x3b
 6264 0394 0B       		.uleb128 0xb
 6265 0395 01       		.byte	0x1
 6266 0396 11       		.uleb128 0x11
 6267 0397 01       		.uleb128 0x1
 6268 0398 12       		.uleb128 0x12
 6269 0399 06       		.uleb128 0x6
 6270 039a 01       		.uleb128 0x1
 6271 039b 13       		.uleb128 0x13
 6272 039c 00       		.byte	0
 6273 039d 00       		.byte	0
 6274 039e 3C       		.uleb128 0x3c
 6275 039f 48       		.uleb128 0x48
 6276 03a0 01       		.byte	0x1
 6277 03a1 7D       		.uleb128 0x7d
 6278 03a2 01       		.uleb128 0x1
 6279 03a3 8301     		.uleb128 0x83
 6280 03a5 18       		.uleb128 0x18
 6281 03a6 00       		.byte	0
 6282 03a7 00       		.byte	0
 6283 03a8 3D       		.uleb128 0x3d
 6284 03a9 05       		.uleb128 0x5
 6285 03aa 00       		.byte	0
 6286 03ab 03       		.uleb128 0x3
 6287 03ac 0E       		.uleb128 0xe
 6288 03ad 3A       		.uleb128 0x3a
 6289 03ae 0B       		.uleb128 0xb
 6290 03af 3B       		.uleb128 0x3b
 6291 03b0 0B       		.uleb128 0xb
 6292 03b1 39       		.uleb128 0x39
 6293 03b2 0B       		.uleb128 0xb
 6294 03b3 49       		.uleb128 0x49
 6295 03b4 13       		.uleb128 0x13
 6296 03b5 02       		.uleb128 0x2
 6297 03b6 17       		.uleb128 0x17
 6298 03b7 B742     		.uleb128 0x2137
 6299 03b9 17       		.uleb128 0x17
 6300 03ba 00       		.byte	0
 6301 03bb 00       		.byte	0
 6302 03bc 3E       		.uleb128 0x3e
 6303 03bd 1D       		.uleb128 0x1d
 6304 03be 01       		.byte	0x1
 6305 03bf 31       		.uleb128 0x31
 6306 03c0 13       		.uleb128 0x13
 6307 03c1 52       		.uleb128 0x52
 6308 03c2 01       		.uleb128 0x1
 6309 03c3 B842     		.uleb128 0x2138
 6310 03c5 0B       		.uleb128 0xb
 6311 03c6 11       		.uleb128 0x11
 6312 03c7 01       		.uleb128 0x1
 6313 03c8 12       		.uleb128 0x12
 6314 03c9 06       		.uleb128 0x6
 6315 03ca 58       		.uleb128 0x58
 6316 03cb 0B       		.uleb128 0xb
 6317 03cc 59       		.uleb128 0x59
 6318 03cd 0B       		.uleb128 0xb
 6319 03ce 57       		.uleb128 0x57
ARM GAS  /tmp/ccJVclG6.s 			page 112


 6320 03cf 0B       		.uleb128 0xb
 6321 03d0 00       		.byte	0
 6322 03d1 00       		.byte	0
 6323 03d2 3F       		.uleb128 0x3f
 6324 03d3 2E       		.uleb128 0x2e
 6325 03d4 01       		.byte	0x1
 6326 03d5 03       		.uleb128 0x3
 6327 03d6 0E       		.uleb128 0xe
 6328 03d7 3A       		.uleb128 0x3a
 6329 03d8 0B       		.uleb128 0xb
 6330 03d9 3B       		.uleb128 0x3b
 6331 03da 05       		.uleb128 0x5
 6332 03db 39       		.uleb128 0x39
 6333 03dc 0B       		.uleb128 0xb
 6334 03dd 27       		.uleb128 0x27
 6335 03de 19       		.uleb128 0x19
 6336 03df 20       		.uleb128 0x20
 6337 03e0 0B       		.uleb128 0xb
 6338 03e1 00       		.byte	0
 6339 03e2 00       		.byte	0
 6340 03e3 00       		.byte	0
 6341              		.section	.debug_loclists,"",%progbits
 6342 0000 01040000 		.4byte	.Ldebug_loc3-.Ldebug_loc2
 6343              	.Ldebug_loc2:
 6344 0004 0500     		.2byte	0x5
 6345 0006 04       		.byte	0x4
 6346 0007 00       		.byte	0
 6347 0008 00000000 		.4byte	0
 6348              	.Ldebug_loc0:
 6349              	.LVUS9:
 6350 000c 00       		.uleb128 0
 6351 000d 00       		.uleb128 .LVU273
 6352 000e 00       		.uleb128 .LVU273
 6353 000f 00       		.uleb128 0
 6354              	.LLST9:
 6355 0010 06       		.byte	0x6
 6356 0011 00000000 		.4byte	.LVL41
 6357 0015 04       		.byte	0x4
 6358 0016 00       		.uleb128 .LVL41-.LVL41
 6359 0017 1D       		.uleb128 .LVL42-1-.LVL41
 6360 0018 01       		.uleb128 0x1
 6361 0019 50       		.byte	0x50
 6362 001a 04       		.byte	0x4
 6363 001b 1D       		.uleb128 .LVL42-1-.LVL41
 6364 001c 20       		.uleb128 .LFE246-.LVL41
 6365 001d 0A       		.uleb128 0xa
 6366 001e A3       		.byte	0xa3
 6367 001f 03       		.uleb128 0x3
 6368 0020 A5       		.byte	0xa5
 6369 0021 00       		.uleb128 0
 6370 0022 26       		.uleb128 0x26
 6371 0023 A8       		.byte	0xa8
 6372 0024 2D       		.uleb128 0x2d
 6373 0025 A8       		.byte	0xa8
 6374 0026 00       		.uleb128 0
 6375 0027 9F       		.byte	0x9f
 6376 0028 00       		.byte	0
ARM GAS  /tmp/ccJVclG6.s 			page 113


 6377              	.LVUS6:
 6378 0029 00       		.uleb128 .LVU196
 6379 002a 00       		.uleb128 .LVU204
 6380 002b 00       		.uleb128 .LVU204
 6381 002c 00       		.uleb128 .LVU211
 6382 002d 00       		.uleb128 .LVU211
 6383 002e 00       		.uleb128 .LVU218
 6384 002f 00       		.uleb128 .LVU265
 6385 0030 00       		.uleb128 0
 6386              	.LLST6:
 6387 0031 06       		.byte	0x6
 6388 0032 06000000 		.4byte	.LVL32
 6389 0036 04       		.byte	0x4
 6390 0037 00       		.uleb128 .LVL32-.LVL32
 6391 0038 0E       		.uleb128 .LVL34-.LVL32
 6392 0039 01       		.uleb128 0x1
 6393 003a 51       		.byte	0x51
 6394 003b 04       		.byte	0x4
 6395 003c 0E       		.uleb128 .LVL34-.LVL32
 6396 003d 1C       		.uleb128 .LVL36-.LVL32
 6397 003e 01       		.uleb128 0x1
 6398 003f 55       		.byte	0x55
 6399 0040 04       		.byte	0x4
 6400 0041 1C       		.uleb128 .LVL36-.LVL32
 6401 0042 3C       		.uleb128 .LVL37-.LVL32
 6402 0043 01       		.uleb128 0x1
 6403 0044 51       		.byte	0x51
 6404 0045 04       		.byte	0x4
 6405 0046 9201     		.uleb128 .LVL40-.LVL32
 6406 0048 9601     		.uleb128 .LFE245-.LVL32
 6407 004a 01       		.uleb128 0x1
 6408 004b 55       		.byte	0x55
 6409 004c 00       		.byte	0
 6410              	.LVUS7:
 6411 004d 00       		.uleb128 .LVU199
 6412 004e 00       		.uleb128 .LVU264
 6413 004f 00       		.uleb128 .LVU265
 6414 0050 00       		.uleb128 0
 6415              	.LLST7:
 6416 0051 06       		.byte	0x6
 6417 0052 0C000000 		.4byte	.LVL33
 6418 0056 04       		.byte	0x4
 6419 0057 00       		.uleb128 .LVL33-.LVL33
 6420 0058 8A01     		.uleb128 .LVL39-.LVL33
 6421 005a 01       		.uleb128 0x1
 6422 005b 54       		.byte	0x54
 6423 005c 04       		.byte	0x4
 6424 005d 8C01     		.uleb128 .LVL40-.LVL33
 6425 005f 9001     		.uleb128 .LFE245-.LVL33
 6426 0061 01       		.uleb128 0x1
 6427 0062 54       		.byte	0x54
 6428 0063 00       		.byte	0
 6429              	.LVUS8:
 6430 0064 00       		.uleb128 .LVU191
 6431 0065 00       		.uleb128 .LVU255
 6432 0066 00       		.uleb128 .LVU265
 6433 0067 00       		.uleb128 0
ARM GAS  /tmp/ccJVclG6.s 			page 114


 6434              	.LLST8:
 6435 0068 06       		.byte	0x6
 6436 0069 04000000 		.4byte	.LVL31
 6437 006d 04       		.byte	0x4
 6438 006e 00       		.uleb128 .LVL31-.LVL31
 6439 006f 8001     		.uleb128 .LVL38-.LVL31
 6440 0071 01       		.uleb128 0x1
 6441 0072 53       		.byte	0x53
 6442 0073 04       		.byte	0x4
 6443 0074 9401     		.uleb128 .LVL40-.LVL31
 6444 0076 9801     		.uleb128 .LFE245-.LVL31
 6445 0078 01       		.uleb128 0x1
 6446 0079 53       		.byte	0x53
 6447 007a 00       		.byte	0
 6448              	.LVUS5:
 6449 007b 00       		.uleb128 0
 6450 007c 00       		.uleb128 .LVU158
 6451 007d 00       		.uleb128 .LVU158
 6452 007e 00       		.uleb128 0
 6453              	.LLST5:
 6454 007f 06       		.byte	0x6
 6455 0080 00000000 		.4byte	.LVL23
 6456 0084 04       		.byte	0x4
 6457 0085 00       		.uleb128 .LVL23-.LVL23
 6458 0086 0E       		.uleb128 .LVL24-.LVL23
 6459 0087 01       		.uleb128 0x1
 6460 0088 50       		.byte	0x50
 6461 0089 04       		.byte	0x4
 6462 008a 0E       		.uleb128 .LVL24-.LVL23
 6463 008b 8C01     		.uleb128 .LFE244-.LVL23
 6464 008d 01       		.uleb128 0x1
 6465 008e 54       		.byte	0x54
 6466 008f 00       		.byte	0
 6467              	.LVUS2:
 6468 0090 00       		.uleb128 0
 6469 0091 00       		.uleb128 .LVU112
 6470 0092 00       		.uleb128 .LVU112
 6471 0093 00       		.uleb128 .LVU113
 6472 0094 00       		.uleb128 .LVU113
 6473 0095 00       		.uleb128 .LVU117
 6474 0096 00       		.uleb128 .LVU117
 6475 0097 00       		.uleb128 .LVU132
 6476 0098 00       		.uleb128 .LVU132
 6477 0099 00       		.uleb128 .LVU135
 6478 009a 00       		.uleb128 .LVU135
 6479 009b 00       		.uleb128 0
 6480              	.LLST2:
 6481 009c 06       		.byte	0x6
 6482 009d 00000000 		.4byte	.LVL12
 6483 00a1 04       		.byte	0x4
 6484 00a2 00       		.uleb128 .LVL12-.LVL12
 6485 00a3 0E       		.uleb128 .LVL13-.LVL12
 6486 00a4 01       		.uleb128 0x1
 6487 00a5 50       		.byte	0x50
 6488 00a6 04       		.byte	0x4
 6489 00a7 0E       		.uleb128 .LVL13-.LVL12
 6490 00a8 10       		.uleb128 .LVL14-.LVL12
ARM GAS  /tmp/ccJVclG6.s 			page 115


 6491 00a9 01       		.uleb128 0x1
 6492 00aa 54       		.byte	0x54
 6493 00ab 04       		.byte	0x4
 6494 00ac 10       		.uleb128 .LVL14-.LVL12
 6495 00ad 1C       		.uleb128 .LVL15-.LVL12
 6496 00ae 01       		.uleb128 0x1
 6497 00af 50       		.byte	0x50
 6498 00b0 04       		.byte	0x4
 6499 00b1 1C       		.uleb128 .LVL15-.LVL12
 6500 00b2 4A       		.uleb128 .LVL19-.LVL12
 6501 00b3 01       		.uleb128 0x1
 6502 00b4 54       		.byte	0x54
 6503 00b5 04       		.byte	0x4
 6504 00b6 4A       		.uleb128 .LVL19-.LVL12
 6505 00b7 52       		.uleb128 .LVL20-.LVL12
 6506 00b8 01       		.uleb128 0x1
 6507 00b9 50       		.byte	0x50
 6508 00ba 04       		.byte	0x4
 6509 00bb 52       		.uleb128 .LVL20-.LVL12
 6510 00bc A801     		.uleb128 .LFE243-.LVL12
 6511 00be 01       		.uleb128 0x1
 6512 00bf 54       		.byte	0x54
 6513 00c0 00       		.byte	0
 6514              	.LVUS28:
 6515 00c1 00       		.uleb128 .LVU477
 6516 00c2 00       		.uleb128 .LVU480
 6517 00c3 00       		.uleb128 .LVU482
 6518 00c4 00       		.uleb128 .LVU485
 6519              	.LLST28:
 6520 00c5 06       		.byte	0x6
 6521 00c6 08000000 		.4byte	.LVL78
 6522 00ca 04       		.byte	0x4
 6523 00cb 00       		.uleb128 .LVL78-.LVL78
 6524 00cc 07       		.uleb128 .LVL79-1-.LVL78
 6525 00cd 01       		.uleb128 0x1
 6526 00ce 51       		.byte	0x51
 6527 00cf 04       		.byte	0x4
 6528 00d0 0C       		.uleb128 .LVL80-.LVL78
 6529 00d1 13       		.uleb128 .LVL81-1-.LVL78
 6530 00d2 01       		.uleb128 0x1
 6531 00d3 51       		.byte	0x51
 6532 00d4 00       		.byte	0
 6533              	.LVUS10:
 6534 00d5 00       		.uleb128 0
 6535 00d6 00       		.uleb128 .LVU283
 6536 00d7 00       		.uleb128 .LVU283
 6537 00d8 00       		.uleb128 .LVU296
 6538 00d9 00       		.uleb128 .LVU296
 6539 00da 00       		.uleb128 .LVU297
 6540 00db 00       		.uleb128 .LVU297
 6541 00dc 00       		.uleb128 .LVU466
 6542 00dd 00       		.uleb128 .LVU466
 6543 00de 00       		.uleb128 0
 6544              	.LLST10:
 6545 00df 06       		.byte	0x6
 6546 00e0 00000000 		.4byte	.LVL43
 6547 00e4 04       		.byte	0x4
ARM GAS  /tmp/ccJVclG6.s 			page 116


 6548 00e5 00       		.uleb128 .LVL43-.LVL43
 6549 00e6 1C       		.uleb128 .LVL44-.LVL43
 6550 00e7 01       		.uleb128 0x1
 6551 00e8 50       		.byte	0x50
 6552 00e9 04       		.byte	0x4
 6553 00ea 1C       		.uleb128 .LVL44-.LVL43
 6554 00eb 30       		.uleb128 .LVL46-.LVL43
 6555 00ec 01       		.uleb128 0x1
 6556 00ed 54       		.byte	0x54
 6557 00ee 04       		.byte	0x4
 6558 00ef 30       		.uleb128 .LVL46-.LVL43
 6559 00f0 33       		.uleb128 .LVL47-1-.LVL43
 6560 00f1 01       		.uleb128 0x1
 6561 00f2 50       		.byte	0x50
 6562 00f3 04       		.byte	0x4
 6563 00f4 33       		.uleb128 .LVL47-1-.LVL43
 6564 00f5 AE02     		.uleb128 .LVL77-.LVL43
 6565 00f7 01       		.uleb128 0x1
 6566 00f8 54       		.byte	0x54
 6567 00f9 04       		.byte	0x4
 6568 00fa AE02     		.uleb128 .LVL77-.LVL43
 6569 00fc B002     		.uleb128 .LFE240-.LVL43
 6570 00fe 01       		.uleb128 0x1
 6571 00ff 50       		.byte	0x50
 6572 0100 00       		.byte	0
 6573              	.LVUS11:
 6574 0101 00       		.uleb128 0
 6575 0102 00       		.uleb128 .LVU283
 6576 0103 00       		.uleb128 .LVU283
 6577 0104 00       		.uleb128 .LVU295
 6578 0105 00       		.uleb128 .LVU295
 6579 0106 00       		.uleb128 .LVU296
 6580 0107 00       		.uleb128 .LVU296
 6581 0108 00       		.uleb128 .LVU297
 6582 0109 00       		.uleb128 .LVU297
 6583 010a 00       		.uleb128 .LVU428
 6584 010b 00       		.uleb128 .LVU428
 6585 010c 00       		.uleb128 .LVU465
 6586 010d 00       		.uleb128 .LVU465
 6587 010e 00       		.uleb128 .LVU466
 6588 010f 00       		.uleb128 .LVU466
 6589 0110 00       		.uleb128 0
 6590              	.LLST11:
 6591 0111 06       		.byte	0x6
 6592 0112 00000000 		.4byte	.LVL43
 6593 0116 04       		.byte	0x4
 6594 0117 00       		.uleb128 .LVL43-.LVL43
 6595 0118 1C       		.uleb128 .LVL44-.LVL43
 6596 0119 01       		.uleb128 0x1
 6597 011a 51       		.byte	0x51
 6598 011b 04       		.byte	0x4
 6599 011c 1C       		.uleb128 .LVL44-.LVL43
 6600 011d 2E       		.uleb128 .LVL45-.LVL43
 6601 011e 01       		.uleb128 0x1
 6602 011f 55       		.byte	0x55
 6603 0120 04       		.byte	0x4
 6604 0121 2E       		.uleb128 .LVL45-.LVL43
ARM GAS  /tmp/ccJVclG6.s 			page 117


 6605 0122 30       		.uleb128 .LVL46-.LVL43
 6606 0123 0A       		.uleb128 0xa
 6607 0124 A3       		.byte	0xa3
 6608 0125 03       		.uleb128 0x3
 6609 0126 A5       		.byte	0xa5
 6610 0127 01       		.uleb128 0x1
 6611 0128 26       		.uleb128 0x26
 6612 0129 A8       		.byte	0xa8
 6613 012a 2D       		.uleb128 0x2d
 6614 012b A8       		.byte	0xa8
 6615 012c 00       		.uleb128 0
 6616 012d 9F       		.byte	0x9f
 6617 012e 04       		.byte	0x4
 6618 012f 30       		.uleb128 .LVL46-.LVL43
 6619 0130 33       		.uleb128 .LVL47-1-.LVL43
 6620 0131 01       		.uleb128 0x1
 6621 0132 51       		.byte	0x51
 6622 0133 04       		.byte	0x4
 6623 0134 33       		.uleb128 .LVL47-1-.LVL43
 6624 0135 8E02     		.uleb128 .LVL70-.LVL43
 6625 0137 01       		.uleb128 0x1
 6626 0138 55       		.byte	0x55
 6627 0139 04       		.byte	0x4
 6628 013a 8E02     		.uleb128 .LVL70-.LVL43
 6629 013c A802     		.uleb128 .LVL76-.LVL43
 6630 013e 0A       		.uleb128 0xa
 6631 013f A3       		.byte	0xa3
 6632 0140 03       		.uleb128 0x3
 6633 0141 A5       		.byte	0xa5
 6634 0142 01       		.uleb128 0x1
 6635 0143 26       		.uleb128 0x26
 6636 0144 A8       		.byte	0xa8
 6637 0145 2D       		.uleb128 0x2d
 6638 0146 A8       		.byte	0xa8
 6639 0147 00       		.uleb128 0
 6640 0148 9F       		.byte	0x9f
 6641 0149 04       		.byte	0x4
 6642 014a A802     		.uleb128 .LVL76-.LVL43
 6643 014c AE02     		.uleb128 .LVL77-.LVL43
 6644 014e 01       		.uleb128 0x1
 6645 014f 55       		.byte	0x55
 6646 0150 04       		.byte	0x4
 6647 0151 AE02     		.uleb128 .LVL77-.LVL43
 6648 0153 B002     		.uleb128 .LFE240-.LVL43
 6649 0155 01       		.uleb128 0x1
 6650 0156 51       		.byte	0x51
 6651 0157 00       		.byte	0
 6652              	.LVUS12:
 6653 0158 09       		.uleb128 .LVU311
 6654 0159 00       		.uleb128 .LVU313
 6655              	.LLST12:
 6656 015a 08       		.byte	0x8
 6657 015b 50000000 		.4byte	.LVL49
 6658 015f 06       		.uleb128 .LVL50-.LVL49
 6659 0160 03       		.uleb128 0x3
 6660 0161 08       		.byte	0x8
 6661 0162 20       		.byte	0x20
ARM GAS  /tmp/ccJVclG6.s 			page 118


 6662 0163 9F       		.byte	0x9f
 6663 0164 00       		.byte	0
 6664              	.LVUS13:
 6665 0165 04       		.uleb128 .LVU317
 6666 0166 00       		.uleb128 .LVU320
 6667              	.LLST13:
 6668 0167 08       		.byte	0x8
 6669 0168 56000000 		.4byte	.LVL50
 6670 016c 0C       		.uleb128 .LVL52-.LVL50
 6671 016d 03       		.uleb128 0x3
 6672 016e 09       		.byte	0x9
 6673 016f FF       		.byte	0xff
 6674 0170 9F       		.byte	0x9f
 6675 0171 00       		.byte	0
 6676              	.LVUS14:
 6677 0172 04       		.uleb128 .LVU317
 6678 0173 00       		.uleb128 .LVU319
 6679 0174 00       		.uleb128 .LVU319
 6680 0175 00       		.uleb128 .LVU320
 6681 0176 00       		.uleb128 .LVU320
 6682 0177 00       		.uleb128 .LVU320
 6683              	.LLST14:
 6684 0178 06       		.byte	0x6
 6685 0179 56000000 		.4byte	.LVL50
 6686 017d 04       		.byte	0x4
 6687 017e 00       		.uleb128 .LVL50-.LVL50
 6688 017f 08       		.uleb128 .LVL51-.LVL50
 6689 0180 03       		.uleb128 0x3
 6690 0181 74       		.byte	0x74
 6691 0182 14       		.sleb128 20
 6692 0183 9F       		.byte	0x9f
 6693 0184 04       		.byte	0x4
 6694 0185 08       		.uleb128 .LVL51-.LVL50
 6695 0186 0B       		.uleb128 .LVL52-1-.LVL50
 6696 0187 01       		.uleb128 0x1
 6697 0188 50       		.byte	0x50
 6698 0189 04       		.byte	0x4
 6699 018a 0B       		.uleb128 .LVL52-1-.LVL50
 6700 018b 0C       		.uleb128 .LVL52-.LVL50
 6701 018c 03       		.uleb128 0x3
 6702 018d 74       		.byte	0x74
 6703 018e 14       		.sleb128 20
 6704 018f 9F       		.byte	0x9f
 6705 0190 00       		.byte	0
 6706              	.LVUS15:
 6707 0191 0C       		.uleb128 .LVU332
 6708 0192 00       		.uleb128 .LVU334
 6709              	.LLST15:
 6710 0193 08       		.byte	0x8
 6711 0194 62000000 		.4byte	.LVL52
 6712 0198 04       		.uleb128 .LVL53-.LVL52
 6713 0199 02       		.uleb128 0x2
 6714 019a 30       		.byte	0x30
 6715 019b 9F       		.byte	0x9f
 6716 019c 00       		.byte	0
 6717              	.LVUS16:
 6718 019d 09       		.uleb128 .LVU353
ARM GAS  /tmp/ccJVclG6.s 			page 119


 6719 019e 00       		.uleb128 .LVU355
 6720              	.LLST16:
 6721 019f 08       		.byte	0x8
 6722 01a0 90000000 		.4byte	.LVL56
 6723 01a4 06       		.uleb128 .LVL57-.LVL56
 6724 01a5 03       		.uleb128 0x3
 6725 01a6 08       		.byte	0x8
 6726 01a7 20       		.byte	0x20
 6727 01a8 9F       		.byte	0x9f
 6728 01a9 00       		.byte	0
 6729              	.LVUS17:
 6730 01aa 04       		.uleb128 .LVU359
 6731 01ab 00       		.uleb128 .LVU362
 6732              	.LLST17:
 6733 01ac 08       		.byte	0x8
 6734 01ad 96000000 		.4byte	.LVL57
 6735 01b1 0C       		.uleb128 .LVL59-.LVL57
 6736 01b2 03       		.uleb128 0x3
 6737 01b3 09       		.byte	0x9
 6738 01b4 FF       		.byte	0xff
 6739 01b5 9F       		.byte	0x9f
 6740 01b6 00       		.byte	0
 6741              	.LVUS18:
 6742 01b7 04       		.uleb128 .LVU359
 6743 01b8 00       		.uleb128 .LVU361
 6744 01b9 00       		.uleb128 .LVU361
 6745 01ba 00       		.uleb128 .LVU362
 6746 01bb 00       		.uleb128 .LVU362
 6747 01bc 00       		.uleb128 .LVU362
 6748              	.LLST18:
 6749 01bd 06       		.byte	0x6
 6750 01be 96000000 		.4byte	.LVL57
 6751 01c2 04       		.byte	0x4
 6752 01c3 00       		.uleb128 .LVL57-.LVL57
 6753 01c4 08       		.uleb128 .LVL58-.LVL57
 6754 01c5 03       		.uleb128 0x3
 6755 01c6 74       		.byte	0x74
 6756 01c7 14       		.sleb128 20
 6757 01c8 9F       		.byte	0x9f
 6758 01c9 04       		.byte	0x4
 6759 01ca 08       		.uleb128 .LVL58-.LVL57
 6760 01cb 0B       		.uleb128 .LVL59-1-.LVL57
 6761 01cc 01       		.uleb128 0x1
 6762 01cd 50       		.byte	0x50
 6763 01ce 04       		.byte	0x4
 6764 01cf 0B       		.uleb128 .LVL59-1-.LVL57
 6765 01d0 0C       		.uleb128 .LVL59-.LVL57
 6766 01d1 03       		.uleb128 0x3
 6767 01d2 74       		.byte	0x74
 6768 01d3 14       		.sleb128 20
 6769 01d4 9F       		.byte	0x9f
 6770 01d5 00       		.byte	0
 6771              	.LVUS19:
 6772 01d6 0C       		.uleb128 .LVU374
 6773 01d7 00       		.uleb128 .LVU376
 6774              	.LLST19:
 6775 01d8 08       		.byte	0x8
ARM GAS  /tmp/ccJVclG6.s 			page 120


 6776 01d9 A2000000 		.4byte	.LVL59
 6777 01dd 04       		.uleb128 .LVL60-.LVL59
 6778 01de 02       		.uleb128 0x2
 6779 01df 30       		.byte	0x30
 6780 01e0 9F       		.byte	0x9f
 6781 01e1 00       		.byte	0
 6782              	.LVUS20:
 6783 01e2 09       		.uleb128 .LVU395
 6784 01e3 00       		.uleb128 .LVU397
 6785              	.LLST20:
 6786 01e4 08       		.byte	0x8
 6787 01e5 D0000000 		.4byte	.LVL63
 6788 01e9 06       		.uleb128 .LVL64-.LVL63
 6789 01ea 03       		.uleb128 0x3
 6790 01eb 08       		.byte	0x8
 6791 01ec 20       		.byte	0x20
 6792 01ed 9F       		.byte	0x9f
 6793 01ee 00       		.byte	0
 6794              	.LVUS21:
 6795 01ef 04       		.uleb128 .LVU401
 6796 01f0 00       		.uleb128 .LVU404
 6797              	.LLST21:
 6798 01f1 08       		.byte	0x8
 6799 01f2 D6000000 		.4byte	.LVL64
 6800 01f6 0C       		.uleb128 .LVL66-.LVL64
 6801 01f7 03       		.uleb128 0x3
 6802 01f8 09       		.byte	0x9
 6803 01f9 FF       		.byte	0xff
 6804 01fa 9F       		.byte	0x9f
 6805 01fb 00       		.byte	0
 6806              	.LVUS22:
 6807 01fc 04       		.uleb128 .LVU401
 6808 01fd 00       		.uleb128 .LVU403
 6809 01fe 00       		.uleb128 .LVU403
 6810 01ff 00       		.uleb128 .LVU404
 6811 0200 00       		.uleb128 .LVU404
 6812 0201 00       		.uleb128 .LVU404
 6813              	.LLST22:
 6814 0202 06       		.byte	0x6
 6815 0203 D6000000 		.4byte	.LVL64
 6816 0207 04       		.byte	0x4
 6817 0208 00       		.uleb128 .LVL64-.LVL64
 6818 0209 08       		.uleb128 .LVL65-.LVL64
 6819 020a 03       		.uleb128 0x3
 6820 020b 74       		.byte	0x74
 6821 020c 14       		.sleb128 20
 6822 020d 9F       		.byte	0x9f
 6823 020e 04       		.byte	0x4
 6824 020f 08       		.uleb128 .LVL65-.LVL64
 6825 0210 0B       		.uleb128 .LVL66-1-.LVL64
 6826 0211 01       		.uleb128 0x1
 6827 0212 50       		.byte	0x50
 6828 0213 04       		.byte	0x4
 6829 0214 0B       		.uleb128 .LVL66-1-.LVL64
 6830 0215 0C       		.uleb128 .LVL66-.LVL64
 6831 0216 03       		.uleb128 0x3
 6832 0217 74       		.byte	0x74
ARM GAS  /tmp/ccJVclG6.s 			page 121


 6833 0218 14       		.sleb128 20
 6834 0219 9F       		.byte	0x9f
 6835 021a 00       		.byte	0
 6836              	.LVUS23:
 6837 021b 0C       		.uleb128 .LVU416
 6838 021c 00       		.uleb128 .LVU418
 6839              	.LLST23:
 6840 021d 08       		.byte	0x8
 6841 021e E2000000 		.4byte	.LVL66
 6842 0222 04       		.uleb128 .LVL67-.LVL66
 6843 0223 02       		.uleb128 0x2
 6844 0224 30       		.byte	0x30
 6845 0225 9F       		.byte	0x9f
 6846 0226 00       		.byte	0
 6847              	.LVUS24:
 6848 0227 09       		.uleb128 .LVU438
 6849 0228 00       		.uleb128 .LVU440
 6850              	.LLST24:
 6851 0229 08       		.byte	0x8
 6852 022a 10010000 		.4byte	.LVL71
 6853 022e 06       		.uleb128 .LVL72-.LVL71
 6854 022f 03       		.uleb128 0x3
 6855 0230 08       		.byte	0x8
 6856 0231 20       		.byte	0x20
 6857 0232 9F       		.byte	0x9f
 6858 0233 00       		.byte	0
 6859              	.LVUS25:
 6860 0234 04       		.uleb128 .LVU444
 6861 0235 00       		.uleb128 .LVU447
 6862              	.LLST25:
 6863 0236 08       		.byte	0x8
 6864 0237 16010000 		.4byte	.LVL72
 6865 023b 0C       		.uleb128 .LVL74-.LVL72
 6866 023c 03       		.uleb128 0x3
 6867 023d 09       		.byte	0x9
 6868 023e FF       		.byte	0xff
 6869 023f 9F       		.byte	0x9f
 6870 0240 00       		.byte	0
 6871              	.LVUS26:
 6872 0241 04       		.uleb128 .LVU444
 6873 0242 00       		.uleb128 .LVU446
 6874 0243 00       		.uleb128 .LVU446
 6875 0244 00       		.uleb128 .LVU447
 6876 0245 00       		.uleb128 .LVU447
 6877 0246 00       		.uleb128 .LVU447
 6878              	.LLST26:
 6879 0247 06       		.byte	0x6
 6880 0248 16010000 		.4byte	.LVL72
 6881 024c 04       		.byte	0x4
 6882 024d 00       		.uleb128 .LVL72-.LVL72
 6883 024e 08       		.uleb128 .LVL73-.LVL72
 6884 024f 03       		.uleb128 0x3
 6885 0250 74       		.byte	0x74
 6886 0251 14       		.sleb128 20
 6887 0252 9F       		.byte	0x9f
 6888 0253 04       		.byte	0x4
 6889 0254 08       		.uleb128 .LVL73-.LVL72
ARM GAS  /tmp/ccJVclG6.s 			page 122


 6890 0255 0B       		.uleb128 .LVL74-1-.LVL72
 6891 0256 01       		.uleb128 0x1
 6892 0257 50       		.byte	0x50
 6893 0258 04       		.byte	0x4
 6894 0259 0B       		.uleb128 .LVL74-1-.LVL72
 6895 025a 0C       		.uleb128 .LVL74-.LVL72
 6896 025b 03       		.uleb128 0x3
 6897 025c 74       		.byte	0x74
 6898 025d 14       		.sleb128 20
 6899 025e 9F       		.byte	0x9f
 6900 025f 00       		.byte	0
 6901              	.LVUS27:
 6902 0260 0C       		.uleb128 .LVU459
 6903 0261 00       		.uleb128 .LVU461
 6904              	.LLST27:
 6905 0262 08       		.byte	0x8
 6906 0263 22010000 		.4byte	.LVL74
 6907 0267 04       		.uleb128 .LVL75-.LVL74
 6908 0268 02       		.uleb128 0x2
 6909 0269 30       		.byte	0x30
 6910 026a 9F       		.byte	0x9f
 6911 026b 00       		.byte	0
 6912              	.LVUS29:
 6913 026c 00       		.uleb128 0
 6914 026d 00       		.uleb128 .LVU507
 6915 026e 00       		.uleb128 .LVU507
 6916 026f 00       		.uleb128 .LVU508
 6917 0270 00       		.uleb128 .LVU508
 6918 0271 00       		.uleb128 .LVU509
 6919 0272 00       		.uleb128 .LVU509
 6920 0273 00       		.uleb128 .LVU551
 6921 0274 00       		.uleb128 .LVU551
 6922 0275 00       		.uleb128 .LVU553
 6923 0276 00       		.uleb128 .LVU553
 6924 0277 00       		.uleb128 .LVU554
 6925 0278 00       		.uleb128 .LVU554
 6926 0279 00       		.uleb128 .LVU555
 6927 027a 00       		.uleb128 .LVU555
 6928 027b 00       		.uleb128 .LVU598
 6929 027c 00       		.uleb128 .LVU598
 6930 027d 00       		.uleb128 .LVU603
 6931 027e 00       		.uleb128 .LVU603
 6932 027f 00       		.uleb128 0
 6933              	.LLST29:
 6934 0280 06       		.byte	0x6
 6935 0281 00000000 		.4byte	.LVL83
 6936 0285 04       		.byte	0x4
 6937 0286 00       		.uleb128 .LVL83-.LVL83
 6938 0287 31       		.uleb128 .LVL87-1-.LVL83
 6939 0288 01       		.uleb128 0x1
 6940 0289 50       		.byte	0x50
 6941 028a 04       		.byte	0x4
 6942 028b 31       		.uleb128 .LVL87-1-.LVL83
 6943 028c 34       		.uleb128 .LVL88-.LVL83
 6944 028d 01       		.uleb128 0x1
 6945 028e 54       		.byte	0x54
 6946 028f 04       		.byte	0x4
ARM GAS  /tmp/ccJVclG6.s 			page 123


 6947 0290 34       		.uleb128 .LVL88-.LVL83
 6948 0291 37       		.uleb128 .LVL89-1-.LVL83
 6949 0292 01       		.uleb128 0x1
 6950 0293 50       		.byte	0x50
 6951 0294 04       		.byte	0x4
 6952 0295 37       		.uleb128 .LVL89-1-.LVL83
 6953 0296 72       		.uleb128 .LVL97-.LVL83
 6954 0297 01       		.uleb128 0x1
 6955 0298 54       		.byte	0x54
 6956 0299 04       		.byte	0x4
 6957 029a 72       		.uleb128 .LVL97-.LVL83
 6958 029b 75       		.uleb128 .LVL99-1-.LVL83
 6959 029c 01       		.uleb128 0x1
 6960 029d 50       		.byte	0x50
 6961 029e 04       		.byte	0x4
 6962 029f 75       		.uleb128 .LVL99-1-.LVL83
 6963 02a0 78       		.uleb128 .LVL100-.LVL83
 6964 02a1 01       		.uleb128 0x1
 6965 02a2 54       		.byte	0x54
 6966 02a3 04       		.byte	0x4
 6967 02a4 78       		.uleb128 .LVL100-.LVL83
 6968 02a5 7B       		.uleb128 .LVL101-1-.LVL83
 6969 02a6 01       		.uleb128 0x1
 6970 02a7 50       		.byte	0x50
 6971 02a8 04       		.byte	0x4
 6972 02a9 7B       		.uleb128 .LVL101-1-.LVL83
 6973 02aa C201     		.uleb128 .LVL108-.LVL83
 6974 02ac 01       		.uleb128 0x1
 6975 02ad 54       		.byte	0x54
 6976 02ae 04       		.byte	0x4
 6977 02af C201     		.uleb128 .LVL108-.LVL83
 6978 02b1 D501     		.uleb128 .LVL110-1-.LVL83
 6979 02b3 01       		.uleb128 0x1
 6980 02b4 50       		.byte	0x50
 6981 02b5 04       		.byte	0x4
 6982 02b6 D501     		.uleb128 .LVL110-1-.LVL83
 6983 02b8 D801     		.uleb128 .LFE239-.LVL83
 6984 02ba 01       		.uleb128 0x1
 6985 02bb 54       		.byte	0x54
 6986 02bc 00       		.byte	0
 6987              	.LVUS30:
 6988 02bd 00       		.uleb128 0
 6989 02be 00       		.uleb128 .LVU506
 6990 02bf 00       		.uleb128 .LVU506
 6991 02c0 00       		.uleb128 .LVU508
 6992 02c1 00       		.uleb128 .LVU508
 6993 02c2 00       		.uleb128 .LVU509
 6994 02c3 00       		.uleb128 .LVU509
 6995 02c4 00       		.uleb128 .LVU551
 6996 02c5 00       		.uleb128 .LVU551
 6997 02c6 00       		.uleb128 .LVU552
 6998 02c7 00       		.uleb128 .LVU552
 6999 02c8 00       		.uleb128 .LVU554
 7000 02c9 00       		.uleb128 .LVU554
 7001 02ca 00       		.uleb128 .LVU555
 7002 02cb 00       		.uleb128 .LVU555
 7003 02cc 00       		.uleb128 .LVU598
ARM GAS  /tmp/ccJVclG6.s 			page 124


 7004 02cd 00       		.uleb128 .LVU598
 7005 02ce 00       		.uleb128 .LVU602
 7006 02cf 00       		.uleb128 .LVU602
 7007 02d0 00       		.uleb128 0
 7008              	.LLST30:
 7009 02d1 06       		.byte	0x6
 7010 02d2 00000000 		.4byte	.LVL83
 7011 02d6 04       		.byte	0x4
 7012 02d7 00       		.uleb128 .LVL83-.LVL83
 7013 02d8 2C       		.uleb128 .LVL86-.LVL83
 7014 02d9 01       		.uleb128 0x1
 7015 02da 51       		.byte	0x51
 7016 02db 04       		.byte	0x4
 7017 02dc 2C       		.uleb128 .LVL86-.LVL83
 7018 02dd 34       		.uleb128 .LVL88-.LVL83
 7019 02de 0A       		.uleb128 0xa
 7020 02df A3       		.byte	0xa3
 7021 02e0 03       		.uleb128 0x3
 7022 02e1 A5       		.byte	0xa5
 7023 02e2 01       		.uleb128 0x1
 7024 02e3 26       		.uleb128 0x26
 7025 02e4 A8       		.byte	0xa8
 7026 02e5 2D       		.uleb128 0x2d
 7027 02e6 A8       		.byte	0xa8
 7028 02e7 00       		.uleb128 0
 7029 02e8 9F       		.byte	0x9f
 7030 02e9 04       		.byte	0x4
 7031 02ea 34       		.uleb128 .LVL88-.LVL83
 7032 02eb 37       		.uleb128 .LVL89-1-.LVL83
 7033 02ec 01       		.uleb128 0x1
 7034 02ed 51       		.byte	0x51
 7035 02ee 04       		.byte	0x4
 7036 02ef 37       		.uleb128 .LVL89-1-.LVL83
 7037 02f0 72       		.uleb128 .LVL97-.LVL83
 7038 02f1 0A       		.uleb128 0xa
 7039 02f2 A3       		.byte	0xa3
 7040 02f3 03       		.uleb128 0x3
 7041 02f4 A5       		.byte	0xa5
 7042 02f5 01       		.uleb128 0x1
 7043 02f6 26       		.uleb128 0x26
 7044 02f7 A8       		.byte	0xa8
 7045 02f8 2D       		.uleb128 0x2d
 7046 02f9 A8       		.byte	0xa8
 7047 02fa 00       		.uleb128 0
 7048 02fb 9F       		.byte	0x9f
 7049 02fc 04       		.byte	0x4
 7050 02fd 72       		.uleb128 .LVL97-.LVL83
 7051 02fe 74       		.uleb128 .LVL98-.LVL83
 7052 02ff 01       		.uleb128 0x1
 7053 0300 51       		.byte	0x51
 7054 0301 04       		.byte	0x4
 7055 0302 74       		.uleb128 .LVL98-.LVL83
 7056 0303 78       		.uleb128 .LVL100-.LVL83
 7057 0304 0A       		.uleb128 0xa
 7058 0305 A3       		.byte	0xa3
 7059 0306 03       		.uleb128 0x3
 7060 0307 A5       		.byte	0xa5
ARM GAS  /tmp/ccJVclG6.s 			page 125


 7061 0308 01       		.uleb128 0x1
 7062 0309 26       		.uleb128 0x26
 7063 030a A8       		.byte	0xa8
 7064 030b 2D       		.uleb128 0x2d
 7065 030c A8       		.byte	0xa8
 7066 030d 00       		.uleb128 0
 7067 030e 9F       		.byte	0x9f
 7068 030f 04       		.byte	0x4
 7069 0310 78       		.uleb128 .LVL100-.LVL83
 7070 0311 7B       		.uleb128 .LVL101-1-.LVL83
 7071 0312 01       		.uleb128 0x1
 7072 0313 51       		.byte	0x51
 7073 0314 04       		.byte	0x4
 7074 0315 7B       		.uleb128 .LVL101-1-.LVL83
 7075 0316 C201     		.uleb128 .LVL108-.LVL83
 7076 0318 0A       		.uleb128 0xa
 7077 0319 A3       		.byte	0xa3
 7078 031a 03       		.uleb128 0x3
 7079 031b A5       		.byte	0xa5
 7080 031c 01       		.uleb128 0x1
 7081 031d 26       		.uleb128 0x26
 7082 031e A8       		.byte	0xa8
 7083 031f 2D       		.uleb128 0x2d
 7084 0320 A8       		.byte	0xa8
 7085 0321 00       		.uleb128 0
 7086 0322 9F       		.byte	0x9f
 7087 0323 04       		.byte	0x4
 7088 0324 C201     		.uleb128 .LVL108-.LVL83
 7089 0326 D401     		.uleb128 .LVL109-.LVL83
 7090 0328 01       		.uleb128 0x1
 7091 0329 51       		.byte	0x51
 7092 032a 04       		.byte	0x4
 7093 032b D401     		.uleb128 .LVL109-.LVL83
 7094 032d D801     		.uleb128 .LFE239-.LVL83
 7095 032f 0A       		.uleb128 0xa
 7096 0330 A3       		.byte	0xa3
 7097 0331 03       		.uleb128 0x3
 7098 0332 A5       		.byte	0xa5
 7099 0333 01       		.uleb128 0x1
 7100 0334 26       		.uleb128 0x26
 7101 0335 A8       		.byte	0xa8
 7102 0336 2D       		.uleb128 0x2d
 7103 0337 A8       		.byte	0xa8
 7104 0338 00       		.uleb128 0
 7105 0339 9F       		.byte	0x9f
 7106 033a 00       		.byte	0
 7107              	.LVUS31:
 7108 033b 00       		.uleb128 .LVU504
 7109 033c 00       		.uleb128 .LVU507
 7110              	.LLST31:
 7111 033d 08       		.byte	0x8
 7112 033e 24000000 		.4byte	.LVL84
 7113 0342 0D       		.uleb128 .LVL87-1-.LVL84
 7114 0343 01       		.uleb128 0x1
 7115 0344 52       		.byte	0x52
 7116 0345 00       		.byte	0
 7117              	.LVUS32:
ARM GAS  /tmp/ccJVclG6.s 			page 126


 7118 0346 00       		.uleb128 .LVU505
 7119 0347 00       		.uleb128 .LVU507
 7120              	.LLST32:
 7121 0348 08       		.byte	0x8
 7122 0349 2A000000 		.4byte	.LVL85
 7123 034d 07       		.uleb128 .LVL87-1-.LVL85
 7124 034e 01       		.uleb128 0x1
 7125 034f 53       		.byte	0x53
 7126 0350 00       		.byte	0
 7127              	.LVUS33:
 7128 0351 09       		.uleb128 .LVU523
 7129 0352 00       		.uleb128 .LVU525
 7130              	.LLST33:
 7131 0353 08       		.byte	0x8
 7132 0354 54000000 		.4byte	.LVL91
 7133 0358 06       		.uleb128 .LVL92-.LVL91
 7134 0359 03       		.uleb128 0x3
 7135 035a 08       		.byte	0x8
 7136 035b 20       		.byte	0x20
 7137 035c 9F       		.byte	0x9f
 7138 035d 00       		.byte	0
 7139              	.LVUS34:
 7140 035e 04       		.uleb128 .LVU529
 7141 035f 00       		.uleb128 .LVU532
 7142              	.LLST34:
 7143 0360 08       		.byte	0x8
 7144 0361 5A000000 		.4byte	.LVL92
 7145 0365 0C       		.uleb128 .LVL94-.LVL92
 7146 0366 03       		.uleb128 0x3
 7147 0367 09       		.byte	0x9
 7148 0368 FF       		.byte	0xff
 7149 0369 9F       		.byte	0x9f
 7150 036a 00       		.byte	0
 7151              	.LVUS35:
 7152 036b 04       		.uleb128 .LVU529
 7153 036c 00       		.uleb128 .LVU531
 7154 036d 00       		.uleb128 .LVU531
 7155 036e 00       		.uleb128 .LVU532
 7156 036f 00       		.uleb128 .LVU532
 7157 0370 00       		.uleb128 .LVU532
 7158              	.LLST35:
 7159 0371 06       		.byte	0x6
 7160 0372 5A000000 		.4byte	.LVL92
 7161 0376 04       		.byte	0x4
 7162 0377 00       		.uleb128 .LVL92-.LVL92
 7163 0378 08       		.uleb128 .LVL93-.LVL92
 7164 0379 03       		.uleb128 0x3
 7165 037a 74       		.byte	0x74
 7166 037b 14       		.sleb128 20
 7167 037c 9F       		.byte	0x9f
 7168 037d 04       		.byte	0x4
 7169 037e 08       		.uleb128 .LVL93-.LVL92
 7170 037f 0B       		.uleb128 .LVL94-1-.LVL92
 7171 0380 01       		.uleb128 0x1
 7172 0381 50       		.byte	0x50
 7173 0382 04       		.byte	0x4
 7174 0383 0B       		.uleb128 .LVL94-1-.LVL92
ARM GAS  /tmp/ccJVclG6.s 			page 127


 7175 0384 0C       		.uleb128 .LVL94-.LVL92
 7176 0385 03       		.uleb128 0x3
 7177 0386 74       		.byte	0x74
 7178 0387 14       		.sleb128 20
 7179 0388 9F       		.byte	0x9f
 7180 0389 00       		.byte	0
 7181              	.LVUS36:
 7182 038a 0C       		.uleb128 .LVU544
 7183 038b 00       		.uleb128 .LVU546
 7184              	.LLST36:
 7185 038c 08       		.byte	0x8
 7186 038d 66000000 		.4byte	.LVL94
 7187 0391 04       		.uleb128 .LVL95-.LVL94
 7188 0392 02       		.uleb128 0x2
 7189 0393 30       		.byte	0x30
 7190 0394 9F       		.byte	0x9f
 7191 0395 00       		.byte	0
 7192              	.LVUS37:
 7193 0396 09       		.uleb128 .LVU568
 7194 0397 00       		.uleb128 .LVU570
 7195              	.LLST37:
 7196 0398 08       		.byte	0x8
 7197 0399 96000000 		.4byte	.LVL103
 7198 039d 06       		.uleb128 .LVL104-.LVL103
 7199 039e 03       		.uleb128 0x3
 7200 039f 08       		.byte	0x8
 7201 03a0 20       		.byte	0x20
 7202 03a1 9F       		.byte	0x9f
 7203 03a2 00       		.byte	0
 7204              	.LVUS38:
 7205 03a3 04       		.uleb128 .LVU574
 7206 03a4 00       		.uleb128 .LVU577
 7207              	.LLST38:
 7208 03a5 08       		.byte	0x8
 7209 03a6 9C000000 		.4byte	.LVL104
 7210 03aa 0A       		.uleb128 .LVL106-.LVL104
 7211 03ab 02       		.uleb128 0x2
 7212 03ac 30       		.byte	0x30
 7213 03ad 9F       		.byte	0x9f
 7214 03ae 00       		.byte	0
 7215              	.LVUS39:
 7216 03af 04       		.uleb128 .LVU574
 7217 03b0 00       		.uleb128 .LVU576
 7218 03b1 00       		.uleb128 .LVU576
 7219 03b2 00       		.uleb128 .LVU577
 7220 03b3 00       		.uleb128 .LVU577
 7221 03b4 00       		.uleb128 .LVU577
 7222              	.LLST39:
 7223 03b5 06       		.byte	0x6
 7224 03b6 9C000000 		.4byte	.LVL104
 7225 03ba 04       		.byte	0x4
 7226 03bb 00       		.uleb128 .LVL104-.LVL104
 7227 03bc 06       		.uleb128 .LVL105-.LVL104
 7228 03bd 03       		.uleb128 0x3
 7229 03be 74       		.byte	0x74
 7230 03bf 14       		.sleb128 20
 7231 03c0 9F       		.byte	0x9f
ARM GAS  /tmp/ccJVclG6.s 			page 128


 7232 03c1 04       		.byte	0x4
 7233 03c2 06       		.uleb128 .LVL105-.LVL104
 7234 03c3 09       		.uleb128 .LVL106-1-.LVL104
 7235 03c4 01       		.uleb128 0x1
 7236 03c5 50       		.byte	0x50
 7237 03c6 04       		.byte	0x4
 7238 03c7 09       		.uleb128 .LVL106-1-.LVL104
 7239 03c8 0A       		.uleb128 .LVL106-.LVL104
 7240 03c9 03       		.uleb128 0x3
 7241 03ca 74       		.byte	0x74
 7242 03cb 14       		.sleb128 20
 7243 03cc 9F       		.byte	0x9f
 7244 03cd 00       		.byte	0
 7245              	.LVUS40:
 7246 03ce 0C       		.uleb128 .LVU589
 7247 03cf 00       		.uleb128 .LVU591
 7248              	.LLST40:
 7249 03d0 08       		.byte	0x8
 7250 03d1 A6000000 		.4byte	.LVL106
 7251 03d5 06       		.uleb128 .LVL107-.LVL106
 7252 03d6 02       		.uleb128 0x2
 7253 03d7 30       		.byte	0x30
 7254 03d8 9F       		.byte	0x9f
 7255 03d9 00       		.byte	0
 7256              	.LVUS0:
 7257 03da 00       		.uleb128 0
 7258 03db 00       		.uleb128 .LVU69
 7259 03dc 00       		.uleb128 .LVU69
 7260 03dd 00       		.uleb128 0
 7261              	.LLST0:
 7262 03de 06       		.byte	0x6
 7263 03df 00000000 		.4byte	.LVL5
 7264 03e3 04       		.byte	0x4
 7265 03e4 00       		.uleb128 .LVL5-.LVL5
 7266 03e5 14       		.uleb128 .LVL7-.LVL5
 7267 03e6 01       		.uleb128 0x1
 7268 03e7 50       		.byte	0x50
 7269 03e8 04       		.byte	0x4
 7270 03e9 14       		.uleb128 .LVL7-.LVL5
 7271 03ea 1A       		.uleb128 .LFE233-.LVL5
 7272 03eb 0A       		.uleb128 0xa
 7273 03ec A3       		.byte	0xa3
 7274 03ed 03       		.uleb128 0x3
 7275 03ee A5       		.byte	0xa5
 7276 03ef 00       		.uleb128 0
 7277 03f0 26       		.uleb128 0x26
 7278 03f1 A8       		.byte	0xa8
 7279 03f2 2D       		.uleb128 0x2d
 7280 03f3 A8       		.byte	0xa8
 7281 03f4 00       		.uleb128 0
 7282 03f5 9F       		.byte	0x9f
 7283 03f6 00       		.byte	0
 7284              	.LVUS1:
 7285 03f7 01       		.uleb128 .LVU67
 7286 03f8 00       		.uleb128 .LVU70
 7287              	.LLST1:
 7288 03f9 08       		.byte	0x8
ARM GAS  /tmp/ccJVclG6.s 			page 129


 7289 03fa 10000000 		.4byte	.LVL6
 7290 03fe 08       		.uleb128 .LVL8-.LVL6
 7291 03ff 04       		.uleb128 0x4
 7292 0400 0A       		.byte	0xa
 7293 0401 E001     		.2byte	0x1e0
 7294 0403 9F       		.byte	0x9f
 7295 0404 00       		.byte	0
 7296              	.Ldebug_loc3:
 7297              		.section	.debug_aranges,"",%progbits
 7298 0000 B4000000 		.4byte	0xb4
 7299 0004 0200     		.2byte	0x2
 7300 0006 00000000 		.4byte	.Ldebug_info0
 7301 000a 04       		.byte	0x4
 7302 000b 00       		.byte	0
 7303 000c 0000     		.2byte	0
 7304 000e 0000     		.2byte	0
 7305 0010 00000000 		.4byte	.LFB234
 7306 0014 10000000 		.4byte	.LFE234-.LFB234
 7307 0018 00000000 		.4byte	.LFB235
 7308 001c 16000000 		.4byte	.LFE235-.LFB235
 7309 0020 00000000 		.4byte	.LFB236
 7310 0024 16000000 		.4byte	.LFE236-.LFB236
 7311 0028 00000000 		.4byte	.LFB237
 7312 002c 14000000 		.4byte	.LFE237-.LFB237
 7313 0030 00000000 		.4byte	.LFB238
 7314 0034 1E000000 		.4byte	.LFE238-.LFB238
 7315 0038 00000000 		.4byte	.LFB233
 7316 003c 1A000000 		.4byte	.LFE233-.LFB233
 7317 0040 00000000 		.4byte	.LFB242
 7318 0044 88000000 		.4byte	.LFE242-.LFB242
 7319 0048 00000000 		.4byte	.LFB243
 7320 004c A8000000 		.4byte	.LFE243-.LFB243
 7321 0050 00000000 		.4byte	.LFB244
 7322 0054 8C000000 		.4byte	.LFE244-.LFB244
 7323 0058 00000000 		.4byte	.LFB245
 7324 005c 9C000000 		.4byte	.LFE245-.LFB245
 7325 0060 00000000 		.4byte	.LFB246
 7326 0064 20000000 		.4byte	.LFE246-.LFB246
 7327 0068 00000000 		.4byte	.LFB240
 7328 006c 30010000 		.4byte	.LFE240-.LFB240
 7329 0070 00000000 		.4byte	.LFB241
 7330 0074 30000000 		.4byte	.LFE241-.LFB241
 7331 0078 00000000 		.4byte	.LFB239
 7332 007c D8000000 		.4byte	.LFE239-.LFB239
 7333 0080 00000000 		.4byte	.LFB247
 7334 0084 0C000000 		.4byte	.LFE247-.LFB247
 7335 0088 00000000 		.4byte	.LFB248
 7336 008c 0C000000 		.4byte	.LFE248-.LFB248
 7337 0090 00000000 		.4byte	.LFB249
 7338 0094 0C000000 		.4byte	.LFE249-.LFB249
 7339 0098 00000000 		.4byte	.LFB250
 7340 009c 0C000000 		.4byte	.LFE250-.LFB250
 7341 00a0 00000000 		.4byte	.LFB251
 7342 00a4 0C000000 		.4byte	.LFE251-.LFB251
 7343 00a8 00000000 		.4byte	.LFB252
 7344 00ac 0C000000 		.4byte	.LFE252-.LFB252
 7345 00b0 00000000 		.4byte	0
ARM GAS  /tmp/ccJVclG6.s 			page 130


 7346 00b4 00000000 		.4byte	0
 7347              		.section	.debug_rnglists,"",%progbits
 7348              	.Ldebug_ranges0:
 7349 0000 A0000000 		.4byte	.Ldebug_ranges3-.Ldebug_ranges2
 7350              	.Ldebug_ranges2:
 7351 0004 0500     		.2byte	0x5
 7352 0006 04       		.byte	0x4
 7353 0007 00       		.byte	0
 7354 0008 00000000 		.4byte	0
 7355              	.LLRL3:
 7356 000c 05       		.byte	0x5
 7357 000d 1C000000 		.4byte	.LBB137
 7358 0011 04       		.byte	0x4
 7359 0012 00       		.uleb128 .LBB137-.LBB137
 7360 0013 00       		.uleb128 .LBE137-.LBB137
 7361 0014 04       		.byte	0x4
 7362 0015 2E       		.uleb128 .LBB139-.LBB137
 7363 0016 50       		.uleb128 .LBE139-.LBB137
 7364 0017 00       		.byte	0
 7365              	.LLRL4:
 7366 0018 05       		.byte	0x5
 7367 0019 22000000 		.4byte	.LBB138
 7368 001d 04       		.byte	0x4
 7369 001e 00       		.uleb128 .LBB138-.LBB138
 7370 001f 00       		.uleb128 .LBE138-.LBB138
 7371 0020 04       		.byte	0x4
 7372 0021 4A       		.uleb128 .LBB140-.LBB138
 7373 0022 8601     		.uleb128 .LBE140-.LBB138
 7374 0024 00       		.byte	0
 7375              	.LLRL41:
 7376 0025 07       		.byte	0x7
 7377 0026 00000000 		.4byte	.LFB234
 7378 002a 10       		.uleb128 .LFE234-.LFB234
 7379 002b 07       		.byte	0x7
 7380 002c 00000000 		.4byte	.LFB235
 7381 0030 16       		.uleb128 .LFE235-.LFB235
 7382 0031 07       		.byte	0x7
 7383 0032 00000000 		.4byte	.LFB236
 7384 0036 16       		.uleb128 .LFE236-.LFB236
 7385 0037 07       		.byte	0x7
 7386 0038 00000000 		.4byte	.LFB237
 7387 003c 14       		.uleb128 .LFE237-.LFB237
 7388 003d 07       		.byte	0x7
 7389 003e 00000000 		.4byte	.LFB238
 7390 0042 1E       		.uleb128 .LFE238-.LFB238
 7391 0043 07       		.byte	0x7
 7392 0044 00000000 		.4byte	.LFB233
 7393 0048 1A       		.uleb128 .LFE233-.LFB233
 7394 0049 07       		.byte	0x7
 7395 004a 00000000 		.4byte	.LFB242
 7396 004e 8801     		.uleb128 .LFE242-.LFB242
 7397 0050 07       		.byte	0x7
 7398 0051 00000000 		.4byte	.LFB243
 7399 0055 A801     		.uleb128 .LFE243-.LFB243
 7400 0057 07       		.byte	0x7
 7401 0058 00000000 		.4byte	.LFB244
 7402 005c 8C01     		.uleb128 .LFE244-.LFB244
ARM GAS  /tmp/ccJVclG6.s 			page 131


 7403 005e 07       		.byte	0x7
 7404 005f 00000000 		.4byte	.LFB245
 7405 0063 9C01     		.uleb128 .LFE245-.LFB245
 7406 0065 07       		.byte	0x7
 7407 0066 00000000 		.4byte	.LFB246
 7408 006a 20       		.uleb128 .LFE246-.LFB246
 7409 006b 07       		.byte	0x7
 7410 006c 00000000 		.4byte	.LFB240
 7411 0070 B002     		.uleb128 .LFE240-.LFB240
 7412 0072 07       		.byte	0x7
 7413 0073 00000000 		.4byte	.LFB241
 7414 0077 30       		.uleb128 .LFE241-.LFB241
 7415 0078 07       		.byte	0x7
 7416 0079 00000000 		.4byte	.LFB239
 7417 007d D801     		.uleb128 .LFE239-.LFB239
 7418 007f 07       		.byte	0x7
 7419 0080 00000000 		.4byte	.LFB247
 7420 0084 0C       		.uleb128 .LFE247-.LFB247
 7421 0085 07       		.byte	0x7
 7422 0086 00000000 		.4byte	.LFB248
 7423 008a 0C       		.uleb128 .LFE248-.LFB248
 7424 008b 07       		.byte	0x7
 7425 008c 00000000 		.4byte	.LFB249
 7426 0090 0C       		.uleb128 .LFE249-.LFB249
 7427 0091 07       		.byte	0x7
 7428 0092 00000000 		.4byte	.LFB250
 7429 0096 0C       		.uleb128 .LFE250-.LFB250
 7430 0097 07       		.byte	0x7
 7431 0098 00000000 		.4byte	.LFB251
 7432 009c 0C       		.uleb128 .LFE251-.LFB251
 7433 009d 07       		.byte	0x7
 7434 009e 00000000 		.4byte	.LFB252
 7435 00a2 0C       		.uleb128 .LFE252-.LFB252
 7436 00a3 00       		.byte	0
 7437              	.Ldebug_ranges3:
 7438              		.section	.debug_line,"",%progbits
 7439              	.Ldebug_line0:
 7440 0000 940E0000 		.section	.debug_str,"MS",%progbits,1
 7440      03007202 
 7440      00000201 
 7440      FB0E0D00 
 7440      01010101 
 7441              	.LASF55:
 7442 0000 4F465231 		.ascii	"OFR1\000"
 7442      00
 7443              	.LASF56:
 7444 0005 4F465232 		.ascii	"OFR2\000"
 7444      00
 7445              	.LASF58:
 7446 000a 4F465234 		.ascii	"OFR4\000"
 7446      00
 7447              	.LASF6:
 7448 000f 73697A65 		.ascii	"size_t\000"
 7448      5F7400
 7449              	.LASF94:
 7450 0016 7264796D 		.ascii	"rdymsg\000"
 7450      736700
ARM GAS  /tmp/ccJVclG6.s 			page 132


 7451              	.LASF114:
 7452 001d 61646373 		.ascii	"adcstate_t\000"
 7452      74617465 
 7452      5F7400
 7453              	.LASF104:
 7454 0028 76656374 		.ascii	"vector\000"
 7454      6F7200
 7455              	.LASF66:
 7456 002f 41574433 		.ascii	"AWD3CR\000"
 7456      435200
 7457              	.LASF177:
 7458 0036 6164635F 		.ascii	"adc_lld_vreg_on\000"
 7458      6C6C645F 
 7458      76726567 
 7458      5F6F6E00 
 7459              	.LASF188:
 7460 0046 706F7274 		.ascii	"port_lock\000"
 7460      5F6C6F63 
 7460      6B00
 7461              	.LASF173:
 7462 0050 6164635F 		.ascii	"adc_lld_calibrate\000"
 7462      6C6C645F 
 7462      63616C69 
 7462      62726174 
 7462      6500
 7463              	.LASF163:
 7464 0062 6164635F 		.ascii	"adc_lld_stop\000"
 7464      6C6C645F 
 7464      73746F70 
 7464      00
 7465              	.LASF148:
 7466 006f 636C6B6D 		.ascii	"clkmask\000"
 7466      61736B00 
 7467              	.LASF0:
 7468 0077 6C6F6E67 		.ascii	"long long unsigned int\000"
 7468      206C6F6E 
 7468      6720756E 
 7468      7369676E 
 7468      65642069 
 7469              	.LASF95:
 7470 008e 65786974 		.ascii	"exitcode\000"
 7470      636F6465 
 7470      00
 7471              	.LASF108:
 7472 0097 4144435F 		.ascii	"ADC_UNINIT\000"
 7472      554E494E 
 7472      495400
 7473              	.LASF144:
 7474 00a2 5F73746D 		.ascii	"_stm32_dma_streams\000"
 7474      33325F64 
 7474      6D615F73 
 7474      74726561 
 7474      6D7300
 7475              	.LASF181:
 7476 00b5 6F73616C 		.ascii	"osalSysUnlockFromISR\000"
 7476      53797355 
 7476      6E6C6F63 
ARM GAS  /tmp/ccJVclG6.s 			page 133


 7476      6B46726F 
 7476      6D495352 
 7477              	.LASF69:
 7478 00ca 44494653 		.ascii	"DIFSEL\000"
 7478      454C00
 7479              	.LASF37:
 7480 00d1 6E657874 		.ascii	"next\000"
 7480      00
 7481              	.LASF39:
 7482 00d6 63685F74 		.ascii	"ch_threads_queue\000"
 7482      68726561 
 7482      64735F71 
 7482      75657565 
 7482      00
 7483              	.LASF142:
 7484 00e7 64696673 		.ascii	"difsel\000"
 7484      656C00
 7485              	.LASF151:
 7486 00ee 6E766963 		.ascii	"nvicEnableVector\000"
 7486      456E6162 
 7486      6C655665 
 7486      63746F72 
 7486      00
 7487              	.LASF31:
 7488 00ff 72656673 		.ascii	"refs\000"
 7488      00
 7489              	.LASF2:
 7490 0104 6C6F6E67 		.ascii	"long long int\000"
 7490      206C6F6E 
 7490      6720696E 
 7490      7400
 7491              	.LASF4:
 7492 0112 7369676E 		.ascii	"signed char\000"
 7492      65642063 
 7492      68617200 
 7493              	.LASF154:
 7494 011e 61646353 		.ascii	"adcSTM32DisableVBAT\000"
 7494      544D3332 
 7494      44697361 
 7494      626C6556 
 7494      42415400 
 7495              	.LASF14:
 7496 0132 6C6F6E67 		.ascii	"long unsigned int\000"
 7496      20756E73 
 7496      69676E65 
 7496      6420696E 
 7496      7400
 7497              	.LASF61:
 7498 0144 4A445232 		.ascii	"JDR2\000"
 7498      00
 7499              	.LASF93:
 7500 0149 706F7274 		.ascii	"port_intctx\000"
 7500      5F696E74 
 7500      63747800 
 7501              	.LASF179:
 7502 0155 6F73616C 		.ascii	"osalSysPolledDelayX\000"
 7502      53797350 
ARM GAS  /tmp/ccJVclG6.s 			page 134


 7502      6F6C6C65 
 7502      6444656C 
 7502      61795800 
 7503              	.LASF187:
 7504 0169 706F7274 		.ascii	"port_unlock\000"
 7504      5F756E6C 
 7504      6F636B00 
 7505              	.LASF131:
 7506 0175 646D6173 		.ascii	"dmastp\000"
 7506      747000
 7507              	.LASF119:
 7508 017c 4144435F 		.ascii	"ADC_ERR_AWD1\000"
 7508      4552525F 
 7508      41574431 
 7508      00
 7509              	.LASF120:
 7510 0189 4144435F 		.ascii	"ADC_ERR_AWD2\000"
 7510      4552525F 
 7510      41574432 
 7510      00
 7511              	.LASF121:
 7512 0196 4144435F 		.ascii	"ADC_ERR_AWD3\000"
 7512      4552525F 
 7512      41574433 
 7512      00
 7513              	.LASF147:
 7514 01a3 64656661 		.ascii	"default_config\000"
 7514      756C745F 
 7514      636F6E66 
 7514      696700
 7515              	.LASF29:
 7516 01b2 73746174 		.ascii	"state\000"
 7516      6500
 7517              	.LASF135:
 7518 01b8 63697263 		.ascii	"circular\000"
 7518      756C6172 
 7518      00
 7519              	.LASF8:
 7520 01c1 6C6F6E67 		.ascii	"long int\000"
 7520      20696E74 
 7520      00
 7521              	.LASF143:
 7522 01ca 41444343 		.ascii	"ADCConfig\000"
 7522      6F6E6669 
 7522      6700
 7523              	.LASF162:
 7524 01d4 6164635F 		.ascii	"adc_lld_start_conversion\000"
 7524      6C6C645F 
 7524      73746172 
 7524      745F636F 
 7524      6E766572 
 7525              	.LASF134:
 7526 01ed 61646365 		.ascii	"adcerrorcallback_t\000"
 7526      72726F72 
 7526      63616C6C 
 7526      6261636B 
 7526      5F7400
ARM GAS  /tmp/ccJVclG6.s 			page 135


 7527              	.LASF18:
 7528 0200 74737461 		.ascii	"tstate_t\000"
 7528      74655F74 
 7528      00
 7529              	.LASF172:
 7530 0209 6164635F 		.ascii	"adc_lld_stop_adc\000"
 7530      6C6C645F 
 7530      73746F70 
 7530      5F616463 
 7530      00
 7531              	.LASF168:
 7532 021a 6164635F 		.ascii	"adc_lld_serve_interrupt\000"
 7532      6C6C645F 
 7532      73657276 
 7532      655F696E 
 7532      74657272 
 7533              	.LASF102:
 7534 0232 73686966 		.ascii	"shift\000"
 7534      7400
 7535              	.LASF137:
 7536 0238 656E645F 		.ascii	"end_cb\000"
 7536      636200
 7537              	.LASF176:
 7538 023f 6164635F 		.ascii	"adc_lld_vreg_off\000"
 7538      6C6C645F 
 7538      76726567 
 7538      5F6F6666 
 7538      00
 7539              	.LASF133:
 7540 0250 61646363 		.ascii	"adccallback_t\000"
 7540      616C6C62 
 7540      61636B5F 
 7540      7400
 7541              	.LASF26:
 7542 025e 6F6C6465 		.ascii	"older\000"
 7542      7200
 7543              	.LASF169:
 7544 0264 6164635F 		.ascii	"adc_lld_serve_dma_interrupt\000"
 7544      6C6C645F 
 7544      73657276 
 7544      655F646D 
 7544      615F696E 
 7545              	.LASF115:
 7546 0280 61646373 		.ascii	"adcsample_t\000"
 7546      616D706C 
 7546      655F7400 
 7547              	.LASF178:
 7548 028c 6F73616C 		.ascii	"osalThreadResumeI\000"
 7548      54687265 
 7548      61645265 
 7548      73756D65 
 7548      4900
 7549              	.LASF153:
 7550 029e 63685468 		.ascii	"chThdResumeI\000"
 7550      64526573 
 7550      756D6549 
 7550      00
ARM GAS  /tmp/ccJVclG6.s 			page 136


 7551              	.LASF90:
 7552 02ab 72656761 		.ascii	"regarm_t\000"
 7552      726D5F74 
 7552      00
 7553              	.LASF103:
 7554 02b4 73656C66 		.ascii	"selfindex\000"
 7554      696E6465 
 7554      7800
 7555              	.LASF182:
 7556 02be 6F73616C 		.ascii	"osalSysLockFromISR\000"
 7556      5379734C 
 7556      6F636B46 
 7556      726F6D49 
 7556      535200
 7557              	.LASF32:
 7558 02d1 77616974 		.ascii	"waiting\000"
 7558      696E6700 
 7559              	.LASF80:
 7560 02d9 41504232 		.ascii	"APB2RSTR\000"
 7560      52535452 
 7560      00
 7561              	.LASF118:
 7562 02e2 4144435F 		.ascii	"ADC_ERR_OVERFLOW\000"
 7562      4552525F 
 7562      4F564552 
 7562      464C4F57 
 7562      00
 7563              	.LASF189:
 7564 02f3 76616C75 		.ascii	"value\000"
 7564      6500
 7565              	.LASF111:
 7566 02f9 4144435F 		.ascii	"ADC_ACTIVE\000"
 7566      41435449 
 7566      564500
 7567              	.LASF79:
 7568 0304 444D415F 		.ascii	"DMA_TypeDef\000"
 7568      54797065 
 7568      44656600 
 7569              	.LASF1:
 7570 0310 756E7369 		.ascii	"unsigned int\000"
 7570      676E6564 
 7570      20696E74 
 7570      00
 7571              	.LASF11:
 7572 031d 75696E74 		.ascii	"uint16_t\000"
 7572      31365F74 
 7572      00
 7573              	.LASF152:
 7574 0326 6164634F 		.ascii	"adcObjectInit\000"
 7574      626A6563 
 7574      74496E69 
 7574      7400
 7575              	.LASF33:
 7576 0334 74687265 		.ascii	"thread_reference_t\000"
 7576      61645F72 
 7576      65666572 
 7576      656E6365 
ARM GAS  /tmp/ccJVclG6.s 			page 137


 7576      5F7400
 7577              	.LASF75:
 7578 0347 43504152 		.ascii	"CPAR\000"
 7578      00
 7579              	.LASF106:
 7580 034c 73746D33 		.ascii	"stm32_dmaisr_t\000"
 7580      325F646D 
 7580      61697372 
 7580      5F7400
 7581              	.LASF97:
 7582 035b 77747472 		.ascii	"wttrp\000"
 7582      7000
 7583              	.LASF123:
 7584 0361 41444344 		.ascii	"ADCDriver\000"
 7584      72697665 
 7584      7200
 7585              	.LASF89:
 7586 036b 5243435F 		.ascii	"RCC_TypeDef\000"
 7586      54797065 
 7586      44656600 
 7587              	.LASF77:
 7588 0377 444D415F 		.ascii	"DMA_Channel_TypeDef\000"
 7588      4368616E 
 7588      6E656C5F 
 7588      54797065 
 7588      44656600 
 7589              	.LASF27:
 7590 038b 6E616D65 		.ascii	"name\000"
 7590      00
 7591              	.LASF140:
 7592 0390 736D7072 		.ascii	"smpr\000"
 7592      00
 7593              	.LASF65:
 7594 0395 41574432 		.ascii	"AWD2CR\000"
 7594      435200
 7595              	.LASF12:
 7596 039c 73686F72 		.ascii	"short unsigned int\000"
 7596      7420756E 
 7596      7369676E 
 7596      65642069 
 7596      6E7400
 7597              	.LASF35:
 7598 03af 63685F74 		.ascii	"ch_thread\000"
 7598      68726561 
 7598      6400
 7599              	.LASF110:
 7600 03b9 4144435F 		.ascii	"ADC_READY\000"
 7600      52454144 
 7600      5900
 7601              	.LASF101:
 7602 03c3 6373656C 		.ascii	"cselr\000"
 7602      7200
 7603              	.LASF21:
 7604 03c9 6D73675F 		.ascii	"msg_t\000"
 7604      7400
 7605              	.LASF194:
 7606 03cf 5F706F72 		.ascii	"_port_irq_epilogue\000"
ARM GAS  /tmp/ccJVclG6.s 			page 138


 7606      745F6972 
 7606      715F6570 
 7606      696C6F67 
 7606      756500
 7607              	.LASF96:
 7608 03e2 77746F62 		.ascii	"wtobjp\000"
 7608      6A7000
 7609              	.LASF57:
 7610 03e9 4F465233 		.ascii	"OFR3\000"
 7610      00
 7611              	.LASF5:
 7612 03ee 73686F72 		.ascii	"short int\000"
 7612      7420696E 
 7612      7400
 7613              	.LASF170:
 7614 03f8 68616C66 		.ascii	"half\000"
 7614      00
 7615              	.LASF76:
 7616 03fd 434D4152 		.ascii	"CMAR\000"
 7616      00
 7617              	.LASF91:
 7618 0402 73746B61 		.ascii	"stkalign_t\000"
 7618      6C69676E 
 7618      5F7400
 7619              	.LASF25:
 7620 040d 6E657765 		.ascii	"newer\000"
 7620      7200
 7621              	.LASF34:
 7622 0413 74687265 		.ascii	"threads_list_t\000"
 7622      6164735F 
 7622      6C697374 
 7622      5F7400
 7623              	.LASF100:
 7624 0422 636D6173 		.ascii	"cmask\000"
 7624      6B00
 7625              	.LASF127:
 7626 0428 67727070 		.ascii	"grpp\000"
 7626      00
 7627              	.LASF166:
 7628 042d 6164635F 		.ascii	"adc_lld_init\000"
 7628      6C6C645F 
 7628      696E6974 
 7628      00
 7629              	.LASF125:
 7630 043a 73616D70 		.ascii	"samples\000"
 7630      6C657300 
 7631              	.LASF53:
 7632 0442 4A535152 		.ascii	"JSQR\000"
 7632      00
 7633              	.LASF16:
 7634 0447 7274636E 		.ascii	"rtcnt_t\000"
 7634      745F7400 
 7635              	.LASF190:
 7636 044f 474E5520 		.ascii	"GNU C11 13.2.1 20231009 -mcpu=cortex-m4 -mfloat-abi"
 7636      43313120 
 7636      31332E32 
 7636      2E312032 
ARM GAS  /tmp/ccJVclG6.s 			page 139


 7636      30323331 
 7637 0482 3D686172 		.ascii	"=hard -mfpu=fpv4-sp-d16 -mno-thumb-interwork -mthum"
 7637      64202D6D 
 7637      6670753D 
 7637      66707634 
 7637      2D73702D 
 7638 04b5 62202D6D 		.ascii	"b -march=armv7e-m+fp -ggdb -Og -std=c11 -fno-inline"
 7638      61726368 
 7638      3D61726D 
 7638      7637652D 
 7638      6D2B6670 
 7639 04e8 2D736D61 		.ascii	"-small-functions -fomit-frame-pointer -falign-funct"
 7639      6C6C2D66 
 7639      756E6374 
 7639      696F6E73 
 7639      202D666F 
 7640 051b 696F6E73 		.ascii	"ions=16 -fstack-usage -ffunction-sections -fdata-se"
 7640      3D313620 
 7640      2D667374 
 7640      61636B2D 
 7640      75736167 
 7641 054e 6374696F 		.ascii	"ctions -fno-common -fsingle-precision-constant\000"
 7641      6E73202D 
 7641      666E6F2D 
 7641      636F6D6D 
 7641      6F6E202D 
 7642              	.LASF150:
 7643 057d 63685379 		.ascii	"chSysPolledDelayX\000"
 7643      73506F6C 
 7643      6C656444 
 7643      656C6179 
 7643      5800
 7644              	.LASF71:
 7645 058f 4144435F 		.ascii	"ADC_TypeDef\000"
 7645      54797065 
 7645      44656600 
 7646              	.LASF3:
 7647 059b 6C6F6E67 		.ascii	"long double\000"
 7647      20646F75 
 7647      626C6500 
 7648              	.LASF23:
 7649 05a7 71756575 		.ascii	"queue\000"
 7649      6500
 7650              	.LASF28:
 7651 05ad 77616261 		.ascii	"wabase\000"
 7651      736500
 7652              	.LASF109:
 7653 05b4 4144435F 		.ascii	"ADC_STOP\000"
 7653      53544F50 
 7653      00
 7654              	.LASF73:
 7655 05bd 4144435F 		.ascii	"ADC_Common_TypeDef\000"
 7655      436F6D6D 
 7655      6F6E5F54 
 7655      79706544 
 7655      656600
 7656              	.LASF15:
ARM GAS  /tmp/ccJVclG6.s 			page 140


 7657 05d0 75696E74 		.ascii	"uint64_t\000"
 7657      36345F74 
 7657      00
 7658              	.LASF63:
 7659 05d9 4A445234 		.ascii	"JDR4\000"
 7659      00
 7660              	.LASF92:
 7661 05de 706F7274 		.ascii	"port_context\000"
 7661      5F636F6E 
 7661      74657874 
 7661      00
 7662              	.LASF43:
 7663 05eb 534D5052 		.ascii	"SMPR1\000"
 7663      3100
 7664              	.LASF44:
 7665 05f1 534D5052 		.ascii	"SMPR2\000"
 7665      3200
 7666              	.LASF86:
 7667 05f7 41484252 		.ascii	"AHBRSTR\000"
 7667      53545200 
 7668              	.LASF24:
 7669 05ff 7072696F 		.ascii	"prio\000"
 7669      00
 7670              	.LASF81:
 7671 0604 41504231 		.ascii	"APB1RSTR\000"
 7671      52535452 
 7671      00
 7672              	.LASF47:
 7673 060d 53515231 		.ascii	"SQR1\000"
 7673      00
 7674              	.LASF48:
 7675 0612 53515232 		.ascii	"SQR2\000"
 7675      00
 7676              	.LASF49:
 7677 0617 53515233 		.ascii	"SQR3\000"
 7677      00
 7678              	.LASF50:
 7679 061c 53515234 		.ascii	"SQR4\000"
 7679      00
 7680              	.LASF19:
 7681 0621 74726566 		.ascii	"trefs_t\000"
 7681      735F7400 
 7682              	.LASF42:
 7683 0629 52455345 		.ascii	"RESERVED0\000"
 7683      52564544 
 7683      3000
 7684              	.LASF45:
 7685 0633 52455345 		.ascii	"RESERVED1\000"
 7685      52564544 
 7685      3100
 7686              	.LASF46:
 7687 063d 52455345 		.ascii	"RESERVED2\000"
 7687      52564544 
 7687      3200
 7688              	.LASF51:
 7689 0647 52455345 		.ascii	"RESERVED3\000"
 7689      52564544 
ARM GAS  /tmp/ccJVclG6.s 			page 141


 7689      3300
 7690              	.LASF52:
 7691 0651 52455345 		.ascii	"RESERVED4\000"
 7691      52564544 
 7691      3400
 7692              	.LASF54:
 7693 065b 52455345 		.ascii	"RESERVED5\000"
 7693      52564544 
 7693      3500
 7694              	.LASF59:
 7695 0665 52455345 		.ascii	"RESERVED6\000"
 7695      52564544 
 7695      3600
 7696              	.LASF64:
 7697 066f 52455345 		.ascii	"RESERVED7\000"
 7697      52564544 
 7697      3700
 7698              	.LASF67:
 7699 0679 52455345 		.ascii	"RESERVED8\000"
 7699      52564544 
 7699      3800
 7700              	.LASF20:
 7701 0683 74707269 		.ascii	"tprio_t\000"
 7701      6F5F7400 
 7702              	.LASF183:
 7703 068b 63685379 		.ascii	"chSysUnlockFromISR\000"
 7703      73556E6C 
 7703      6F636B46 
 7703      726F6D49 
 7703      535200
 7704              	.LASF128:
 7705 069e 74687265 		.ascii	"thread\000"
 7705      616400
 7706              	.LASF107:
 7707 06a5 5F426F6F 		.ascii	"_Bool\000"
 7707      6C00
 7708              	.LASF7:
 7709 06ab 696E7433 		.ascii	"int32_t\000"
 7709      325F7400 
 7710              	.LASF10:
 7711 06b3 756E7369 		.ascii	"unsigned char\000"
 7711      676E6564 
 7711      20636861 
 7711      7200
 7712              	.LASF105:
 7713 06c1 73746D33 		.ascii	"stm32_dma_stream_t\000"
 7713      325F646D 
 7713      615F7374 
 7713      7265616D 
 7713      5F7400
 7714              	.LASF161:
 7715 06d4 6164635F 		.ascii	"adc_lld_stop_conversion\000"
 7715      6C6C645F 
 7715      73746F70 
 7715      5F636F6E 
 7715      76657273 
 7716              	.LASF158:
ARM GAS  /tmp/ccJVclG6.s 			page 142


 7717 06ec 61646353 		.ascii	"adcSTM32EnableTS\000"
 7717      544D3332 
 7717      456E6162 
 7717      6C655453 
 7717      00
 7718              	.LASF138:
 7719 06fd 6572726F 		.ascii	"error_cb\000"
 7719      725F6362 
 7719      00
 7720              	.LASF180:
 7721 0706 6379636C 		.ascii	"cycles\000"
 7721      657300
 7722              	.LASF72:
 7723 070d 52455345 		.ascii	"RESERVED\000"
 7723      52564544 
 7723      00
 7724              	.LASF17:
 7725 0716 746D6F64 		.ascii	"tmode_t\000"
 7725      655F7400 
 7726              	.LASF165:
 7727 071e 5F5F6675 		.ascii	"__func__\000"
 7727      6E635F5F 
 7727      00
 7728              	.LASF155:
 7729 0727 61646353 		.ascii	"adcSTM32EnableVBAT\000"
 7729      544D3332 
 7729      456E6162 
 7729      6C655642 
 7729      415400
 7730              	.LASF83:
 7731 073a 41504232 		.ascii	"APB2ENR\000"
 7731      454E5200 
 7732              	.LASF99:
 7733 0742 6368616E 		.ascii	"channel\000"
 7733      6E656C00 
 7734              	.LASF145:
 7735 074a 41444344 		.ascii	"ADCD1\000"
 7735      3100
 7736              	.LASF146:
 7737 0750 41444344 		.ascii	"ADCD2\000"
 7737      3200
 7738              	.LASF36:
 7739 0756 63685F74 		.ascii	"ch_threads_list\000"
 7739      68726561 
 7739      64735F6C 
 7739      69737400 
 7740              	.LASF68:
 7741 0766 52455345 		.ascii	"RESERVED9\000"
 7741      52564544 
 7741      3900
 7742              	.LASF70:
 7743 0770 43414C46 		.ascii	"CALFACT\000"
 7743      41435400 
 7744              	.LASF78:
 7745 0778 49464352 		.ascii	"IFCR\000"
 7745      00
 7746              	.LASF126:
ARM GAS  /tmp/ccJVclG6.s 			page 143


 7747 077d 64657074 		.ascii	"depth\000"
 7747      6800
 7748              	.LASF98:
 7749 0783 63686172 		.ascii	"char\000"
 7749      00
 7750              	.LASF149:
 7751 0788 646D6153 		.ascii	"dmaStreamRelease\000"
 7751      74726561 
 7751      6D52656C 
 7751      65617365 
 7751      00
 7752              	.LASF159:
 7753 0799 61646353 		.ascii	"adcSTM32DisableVREF\000"
 7753      544D3332 
 7753      44697361 
 7753      626C6556 
 7753      52454600 
 7754              	.LASF124:
 7755 07ad 636F6E66 		.ascii	"config\000"
 7755      696700
 7756              	.LASF185:
 7757 07b4 706F7274 		.ascii	"port_unlock_from_isr\000"
 7757      5F756E6C 
 7757      6F636B5F 
 7757      66726F6D 
 7757      5F697372 
 7758              	.LASF22:
 7759 07c9 74687265 		.ascii	"thread_t\000"
 7759      61645F74 
 7759      00
 7760              	.LASF112:
 7761 07d2 4144435F 		.ascii	"ADC_COMPLETE\000"
 7761      434F4D50 
 7761      4C455445 
 7761      00
 7762              	.LASF136:
 7763 07df 6E756D5F 		.ascii	"num_channels\000"
 7763      6368616E 
 7763      6E656C73 
 7763      00
 7764              	.LASF195:
 7765 07ec 5F5F7365 		.ascii	"__set_BASEPRI\000"
 7765      745F4241 
 7765      53455052 
 7765      4900
 7766              	.LASF192:
 7767 07fa 2F776F72 		.ascii	"/workspaces/tinySA\000"
 7767      6B737061 
 7767      6365732F 
 7767      74696E79 
 7767      534100
 7768              	.LASF84:
 7769 080d 41504231 		.ascii	"APB1ENR\000"
 7769      454E5200 
 7770              	.LASF160:
 7771 0815 61646353 		.ascii	"adcSTM32EnableVREF\000"
 7771      544D3332 
ARM GAS  /tmp/ccJVclG6.s 			page 144


 7771      456E6162 
 7771      6C655652 
 7771      454600
 7772              	.LASF186:
 7773 0828 706F7274 		.ascii	"port_lock_from_isr\000"
 7773      5F6C6F63 
 7773      6B5F6672 
 7773      6F6D5F69 
 7773      737200
 7774              	.LASF164:
 7775 083b 6164635F 		.ascii	"adc_lld_start\000"
 7775      6C6C645F 
 7775      73746172 
 7775      7400
 7776              	.LASF113:
 7777 0849 4144435F 		.ascii	"ADC_ERROR\000"
 7777      4552524F 
 7777      5200
 7778              	.LASF13:
 7779 0853 75696E74 		.ascii	"uint32_t\000"
 7779      33325F74 
 7779      00
 7780              	.LASF157:
 7781 085c 61646353 		.ascii	"adcSTM32DisableTS\000"
 7781      544D3332 
 7781      44697361 
 7781      626C6554 
 7781      5300
 7782              	.LASF38:
 7783 086e 74687265 		.ascii	"threads_queue_t\000"
 7783      6164735F 
 7783      71756575 
 7783      655F7400 
 7784              	.LASF167:
 7785 087e 56656374 		.ascii	"Vector88\000"
 7785      6F723838 
 7785      00
 7786              	.LASF74:
 7787 0887 434E4454 		.ascii	"CNDTR\000"
 7787      5200
 7788              	.LASF85:
 7789 088d 42444352 		.ascii	"BDCR\000"
 7789      00
 7790              	.LASF40:
 7791 0892 70726576 		.ascii	"prev\000"
 7791      00
 7792              	.LASF87:
 7793 0897 43464752 		.ascii	"CFGR2\000"
 7793      3200
 7794              	.LASF88:
 7795 089d 43464752 		.ascii	"CFGR3\000"
 7795      3300
 7796              	.LASF9:
 7797 08a3 75696E74 		.ascii	"uint8_t\000"
 7797      385F7400 
 7798              	.LASF30:
 7799 08ab 666C6167 		.ascii	"flags\000"
ARM GAS  /tmp/ccJVclG6.s 			page 145


 7799      7300
 7800              	.LASF141:
 7801 08b1 41444343 		.ascii	"ADCConversionGroup\000"
 7801      6F6E7665 
 7801      7273696F 
 7801      6E47726F 
 7801      757000
 7802              	.LASF139:
 7803 08c4 63666772 		.ascii	"cfgr\000"
 7803      00
 7804              	.LASF60:
 7805 08c9 4A445231 		.ascii	"JDR1\000"
 7805      00
 7806              	.LASF62:
 7807 08ce 4A445233 		.ascii	"JDR3\000"
 7807      00
 7808              	.LASF132:
 7809 08d3 646D616D 		.ascii	"dmamode\000"
 7809      6F646500 
 7810              	.LASF184:
 7811 08db 63685379 		.ascii	"chSysLockFromISR\000"
 7811      734C6F63 
 7811      6B46726F 
 7811      6D495352 
 7811      00
 7812              	.LASF130:
 7813 08ec 61646363 		.ascii	"adcc\000"
 7813      00
 7814              	.LASF116:
 7815 08f1 6164635F 		.ascii	"adc_channels_num_t\000"
 7815      6368616E 
 7815      6E656C73 
 7815      5F6E756D 
 7815      5F7400
 7816              	.LASF41:
 7817 0904 43464752 		.ascii	"CFGR\000"
 7817      00
 7818              	.LASF191:
 7819 0909 68616C5F 		.ascii	"hal_adc_lld.c\000"
 7819      6164635F 
 7819      6C6C642E 
 7819      6300
 7820              	.LASF129:
 7821 0917 6164636D 		.ascii	"adcm\000"
 7821      00
 7822              	.LASF175:
 7823 091c 6164635F 		.ascii	"adc_lld_analog_on\000"
 7823      6C6C645F 
 7823      616E616C 
 7823      6F675F6F 
 7823      6E00
 7824              	.LASF156:
 7825 092e 61646370 		.ascii	"adcp\000"
 7825      00
 7826              	.LASF174:
 7827 0933 6164635F 		.ascii	"adc_lld_analog_off\000"
 7827      6C6C645F 
ARM GAS  /tmp/ccJVclG6.s 			page 146


 7827      616E616C 
 7827      6F675F6F 
 7827      666600
 7828              	.LASF193:
 7829 0946 646D6153 		.ascii	"dmaStreamAllocate\000"
 7829      74726561 
 7829      6D416C6C 
 7829      6F636174 
 7829      6500
 7830              	.LASF171:
 7831 0958 68616C66 		.ascii	"half_index\000"
 7831      5F696E64 
 7831      657800
 7832              	.LASF117:
 7833 0963 4144435F 		.ascii	"ADC_ERR_DMAFAILURE\000"
 7833      4552525F 
 7833      444D4146 
 7833      41494C55 
 7833      524500
 7834              	.LASF82:
 7835 0976 41484245 		.ascii	"AHBENR\000"
 7835      4E5200
 7836              	.LASF122:
 7837 097d 61646365 		.ascii	"adcerror_t\000"
 7837      72726F72 
 7837      5F7400
 7838              		.ident	"GCC: (15:13.2.rel1-2) 13.2.1 20231009"
ARM GAS  /tmp/ccJVclG6.s 			page 147


DEFINED SYMBOLS
                            *ABS*:00000000 hal_adc_lld.c
     /tmp/ccJVclG6.s:21     .text.adc_lld_vreg_off:00000000 $t
     /tmp/ccJVclG6.s:27     .text.adc_lld_vreg_off:00000000 adc_lld_vreg_off
     /tmp/ccJVclG6.s:53     .text.adc_lld_analog_on:00000000 $t
     /tmp/ccJVclG6.s:59     .text.adc_lld_analog_on:00000000 adc_lld_analog_on
     /tmp/ccJVclG6.s:91     .text.adc_lld_analog_off:00000000 $t
     /tmp/ccJVclG6.s:97     .text.adc_lld_analog_off:00000000 adc_lld_analog_off
     /tmp/ccJVclG6.s:129    .text.adc_lld_calibrate:00000000 $t
     /tmp/ccJVclG6.s:135    .text.adc_lld_calibrate:00000000 adc_lld_calibrate
     /tmp/ccJVclG6.s:170    .text.adc_lld_stop_adc:00000000 $t
     /tmp/ccJVclG6.s:176    .text.adc_lld_stop_adc:00000000 adc_lld_stop_adc
     /tmp/ccJVclG6.s:215    .text.adc_lld_vreg_on:00000000 $t
     /tmp/ccJVclG6.s:221    .text.adc_lld_vreg_on:00000000 adc_lld_vreg_on
     /tmp/ccJVclG6.s:267    .text.adc_lld_init:00000000 $t
     /tmp/ccJVclG6.s:274    .text.adc_lld_init:00000000 adc_lld_init
     /tmp/ccJVclG6.s:365    .text.adc_lld_init:0000006c $d
     /tmp/ccJVclG6.s:2110   .bss.clkmask:00000000 clkmask
     /tmp/ccJVclG6.s:2130   .bss.ADCD1:00000000 ADCD1
     /tmp/ccJVclG6.s:2123   .bss.ADCD2:00000000 ADCD2
     /tmp/ccJVclG6.s:376    .text.adc_lld_start:00000000 $t
     /tmp/ccJVclG6.s:383    .text.adc_lld_start:00000000 adc_lld_start
     /tmp/ccJVclG6.s:529    .text.adc_lld_start:00000090 $d
     /tmp/ccJVclG6.s:2116   .rodata.default_config:00000000 default_config
     /tmp/ccJVclG6.s:1571   .text.adc_lld_serve_dma_interrupt:00000000 adc_lld_serve_dma_interrupt
     /tmp/ccJVclG6.s:540    .text.adc_lld_stop:00000000 $t
     /tmp/ccJVclG6.s:547    .text.adc_lld_stop:00000000 adc_lld_stop
     /tmp/ccJVclG6.s:657    .text.adc_lld_stop:00000080 $d
     /tmp/ccJVclG6.s:664    .text.adc_lld_start_conversion:00000000 $t
     /tmp/ccJVclG6.s:671    .text.adc_lld_start_conversion:00000000 adc_lld_start_conversion
     /tmp/ccJVclG6.s:855    .text.adc_lld_stop_conversion:00000000 $t
     /tmp/ccJVclG6.s:862    .text.adc_lld_stop_conversion:00000000 adc_lld_stop_conversion
     /tmp/ccJVclG6.s:898    .text.adc_lld_serve_interrupt:00000000 $t
     /tmp/ccJVclG6.s:904    .text.adc_lld_serve_interrupt:00000000 adc_lld_serve_interrupt
     /tmp/ccJVclG6.s:1498   .text.Vector88:00000000 $t
     /tmp/ccJVclG6.s:1505   .text.Vector88:00000000 Vector88
     /tmp/ccJVclG6.s:1558   .text.Vector88:00000024 $d
     /tmp/ccJVclG6.s:1565   .text.adc_lld_serve_dma_interrupt:00000000 $t
     /tmp/ccJVclG6.s:1933   .text.adcSTM32EnableVREF:00000000 $t
     /tmp/ccJVclG6.s:1940   .text.adcSTM32EnableVREF:00000000 adcSTM32EnableVREF
     /tmp/ccJVclG6.s:1962   .text.adcSTM32DisableVREF:00000000 $t
     /tmp/ccJVclG6.s:1969   .text.adcSTM32DisableVREF:00000000 adcSTM32DisableVREF
     /tmp/ccJVclG6.s:1991   .text.adcSTM32EnableTS:00000000 $t
     /tmp/ccJVclG6.s:1998   .text.adcSTM32EnableTS:00000000 adcSTM32EnableTS
     /tmp/ccJVclG6.s:2020   .text.adcSTM32DisableTS:00000000 $t
     /tmp/ccJVclG6.s:2027   .text.adcSTM32DisableTS:00000000 adcSTM32DisableTS
     /tmp/ccJVclG6.s:2049   .text.adcSTM32EnableVBAT:00000000 $t
     /tmp/ccJVclG6.s:2056   .text.adcSTM32EnableVBAT:00000000 adcSTM32EnableVBAT
     /tmp/ccJVclG6.s:2078   .text.adcSTM32DisableVBAT:00000000 $t
     /tmp/ccJVclG6.s:2085   .text.adcSTM32DisableVBAT:00000000 adcSTM32DisableVBAT
     /tmp/ccJVclG6.s:2107   .bss.clkmask:00000000 $d
     /tmp/ccJVclG6.s:2113   .rodata.default_config:00000000 $d
     /tmp/ccJVclG6.s:2120   .bss.ADCD2:00000000 $d
     /tmp/ccJVclG6.s:2127   .bss.ADCD1:00000000 $d

UNDEFINED SYMBOLS
chSysPolledDelayX
ARM GAS  /tmp/ccJVclG6.s 			page 148


adcObjectInit
nvicEnableVector
_stm32_dma_streams
dmaStreamAllocate
dmaStreamRelease
chThdResumeI
_port_irq_epilogue
