ARM GAS  /tmp/ccQKr0Dm.s 			page 1


   1              		.cpu cortex-m4
   2              		.arch armv7e-m
   3              		.fpu fpv4-sp-d16
   4              		.eabi_attribute 27, 1
   5              		.eabi_attribute 28, 1
   6              		.eabi_attribute 20, 1
   7              		.eabi_attribute 21, 1
   8              		.eabi_attribute 23, 3
   9              		.eabi_attribute 24, 1
  10              		.eabi_attribute 25, 1
  11              		.eabi_attribute 26, 1
  12              		.eabi_attribute 30, 1
  13              		.eabi_attribute 34, 1
  14              		.eabi_attribute 18, 4
  15              		.file	"hal_adc.c"
  16              		.text
  17              	.Ltext0:
  18              		.cfi_sections	.debug_frame
  19              		.file 1 "ChibiOS/os/hal/src/hal_adc.c"
  20              		.section	.text.adcInit,"ax",%progbits
  21              		.align	1
  22              		.p2align 4,,15
  23              		.global	adcInit
  24              		.syntax unified
  25              		.thumb
  26              		.thumb_func
  27              		.type	adcInit, %function
  28              	adcInit:
  29              	.LFB233:
  30              		.loc 1 56 20 view -0
  31              		.cfi_startproc
  32              		@ args = 0, pretend = 0, frame = 0
  33              		@ frame_needed = 0, uses_anonymous_args = 0
  34 0000 08B5     		push	{r3, lr}
  35              		.cfi_def_cfa_offset 8
  36              		.cfi_offset 3, -8
  37              		.cfi_offset 14, -4
  38              		.loc 1 58 3 view .LVU1
  39 0002 FFF7FEFF 		bl	adc_lld_init
  40              	.LVL0:
  41              		.loc 1 59 1 is_stmt 0 view .LVU2
  42 0006 08BD     		pop	{r3, pc}
  43              		.cfi_endproc
  44              	.LFE233:
  45              		.size	adcInit, .-adcInit
  46              		.section	.text.adcObjectInit,"ax",%progbits
  47              		.align	1
  48              		.p2align 4,,15
  49              		.global	adcObjectInit
  50              		.syntax unified
  51              		.thumb
  52              		.thumb_func
  53              		.type	adcObjectInit, %function
  54              	adcObjectInit:
  55              	.LVL1:
  56              	.LFB234:
  57              		.loc 1 68 37 is_stmt 1 view -0
ARM GAS  /tmp/ccQKr0Dm.s 			page 2


  58              		.cfi_startproc
  59              		@ args = 0, pretend = 0, frame = 0
  60              		@ frame_needed = 0, uses_anonymous_args = 0
  61              		@ link register save eliminated.
  62              		.loc 1 70 3 view .LVU4
  63              		.loc 1 70 18 is_stmt 0 view .LVU5
  64 0000 0123     		movs	r3, #1
  65 0002 0370     		strb	r3, [r0]
  66              		.loc 1 71 3 is_stmt 1 view .LVU6
  67              		.loc 1 71 18 is_stmt 0 view .LVU7
  68 0004 0023     		movs	r3, #0
  69 0006 4360     		str	r3, [r0, #4]
  70              		.loc 1 72 3 is_stmt 1 view .LVU8
  71              		.loc 1 72 18 is_stmt 0 view .LVU9
  72 0008 8360     		str	r3, [r0, #8]
  73              		.loc 1 73 3 is_stmt 1 view .LVU10
  74              		.loc 1 73 18 is_stmt 0 view .LVU11
  75 000a C360     		str	r3, [r0, #12]
  76              		.loc 1 74 3 is_stmt 1 view .LVU12
  77              		.loc 1 74 18 is_stmt 0 view .LVU13
  78 000c 0361     		str	r3, [r0, #16]
  79              		.loc 1 76 3 is_stmt 1 view .LVU14
  80              		.loc 1 76 18 is_stmt 0 view .LVU15
  81 000e 4361     		str	r3, [r0, #20]
  82              		.loc 1 84 1 view .LVU16
  83 0010 7047     		bx	lr
  84              		.cfi_endproc
  85              	.LFE234:
  86              		.size	adcObjectInit, .-adcObjectInit
  87 0012 00BF     		.section	.text.adcStart,"ax",%progbits
  88              		.align	1
  89              		.p2align 4,,15
  90              		.global	adcStart
  91              		.syntax unified
  92              		.thumb
  93              		.thumb_func
  94              		.type	adcStart, %function
  95              	adcStart:
  96              	.LVL2:
  97              	.LFB235:
  98              		.loc 1 95 57 is_stmt 1 view -0
  99              		.cfi_startproc
 100              		@ args = 0, pretend = 0, frame = 0
 101              		@ frame_needed = 0, uses_anonymous_args = 0
 102              		.loc 1 95 57 is_stmt 0 view .LVU18
 103 0000 10B5     		push	{r4, lr}
 104              		.cfi_def_cfa_offset 8
 105              		.cfi_offset 4, -8
 106              		.cfi_offset 14, -4
 107 0002 0446     		mov	r4, r0
 108              		.loc 1 97 3 is_stmt 1 view .LVU19
 109              		.loc 1 97 3 view .LVU20
 110              		.loc 1 97 3 discriminator 5 view .LVU21
 111              		.loc 1 99 3 view .LVU22
 112              	.LBB95:
 113              	.LBI95:
 114              		.file 2 "ChibiOS/os/hal/osal/rt/osal.h"
ARM GAS  /tmp/ccQKr0Dm.s 			page 3


 115              		.loc 2 491 20 view .LVU23
 116              		.loc 2 493 3 view .LVU24
 117              	.LBB96:
 118              	.LBI96:
 119              		.file 3 "ChibiOS/os/rt/include/chsys.h"
 120              		.loc 3 374 20 view .LVU25
 121              		.loc 3 376 3 view .LVU26
 122              	.LBB97:
 123              	.LBI97:
 124              		.file 4 "ChibiOS/os/common/ports/ARMCMx/chcore_v7m.h"
 125              		.loc 4 604 20 view .LVU27
 126              		.loc 4 612 3 view .LVU28
 127              	.LVL3:
 128              	.LBB98:
 129              	.LBI98:
 130              		.file 5 "ChibiOS/os/common/ext/CMSIS/include/core_cmFunc.h"
 131              		.loc 5 546 57 view .LVU29
 132              	.LBB99:
 133              		.loc 5 548 3 view .LVU30
 134 0004 2023     		movs	r3, #32
 135              		.syntax unified
 136              	@ 548 "ChibiOS/os/common/ext/CMSIS/include/core_cmFunc.h" 1
 137 0006 83F31188 		MSR basepri, r3
 138              	@ 0 "" 2
 139              	.LVL4:
 140              		.loc 5 548 3 is_stmt 0 view .LVU31
 141              		.thumb
 142              		.syntax unified
 143              	.LBE99:
 144              	.LBE98:
 145              	.LBE97:
 146              		.loc 3 377 34 is_stmt 1 view .LVU32
 147              		.loc 3 378 20 view .LVU33
 148              	.LBE96:
 149              	.LBE95:
 150              		.loc 1 100 3 view .LVU34
 151              		.loc 1 100 3 view .LVU35
 152              		.loc 1 100 3 discriminator 5 view .LVU36
 153              		.loc 1 102 3 view .LVU37
 154              		.loc 1 102 16 is_stmt 0 view .LVU38
 155 000a 4160     		str	r1, [r0, #4]
 156              		.loc 1 103 3 is_stmt 1 view .LVU39
 157 000c FFF7FEFF 		bl	adc_lld_start
 158              	.LVL5:
 159              		.loc 1 104 3 view .LVU40
 160              		.loc 1 104 15 is_stmt 0 view .LVU41
 161 0010 0223     		movs	r3, #2
 162 0012 2370     		strb	r3, [r4]
 163              		.loc 1 105 3 is_stmt 1 view .LVU42
 164              	.LBB100:
 165              	.LBI100:
 166              		.loc 2 502 20 view .LVU43
 167              		.loc 2 504 3 view .LVU44
 168              	.LBB101:
 169              	.LBI101:
 170              		.loc 3 386 20 view .LVU45
 171              	.LBB102:
ARM GAS  /tmp/ccQKr0Dm.s 			page 4


 172              		.loc 3 388 22 view .LVU46
 173              		.loc 3 389 33 view .LVU47
 174              		.loc 3 395 3 view .LVU48
 175              		.loc 3 395 3 view .LVU49
 176              		.loc 3 395 3 discriminator 7 view .LVU50
 177              		.loc 3 399 3 view .LVU51
 178              	.LBB103:
 179              	.LBI103:
 180              		.loc 4 628 20 view .LVU52
 181              		.loc 4 631 3 view .LVU53
 182              	.LVL6:
 183              	.LBB104:
 184              	.LBI104:
 185              		.loc 5 546 57 view .LVU54
 186              	.LBB105:
 187              		.loc 5 548 3 view .LVU55
 188 0014 0023     		movs	r3, #0
 189              		.syntax unified
 190              	@ 548 "ChibiOS/os/common/ext/CMSIS/include/core_cmFunc.h" 1
 191 0016 83F31188 		MSR basepri, r3
 192              	@ 0 "" 2
 193              	.LVL7:
 194              		.loc 5 548 3 is_stmt 0 view .LVU56
 195              		.thumb
 196              		.syntax unified
 197              	.LBE105:
 198              	.LBE104:
 199              	.LBE103:
 200              	.LBE102:
 201              	.LBE101:
 202              	.LBE100:
 203              		.loc 1 106 1 view .LVU57
 204 001a 10BD     		pop	{r4, pc}
 205              		.loc 1 106 1 view .LVU58
 206              		.cfi_endproc
 207              	.LFE235:
 208              		.size	adcStart, .-adcStart
 209              		.section	.text.adcStop,"ax",%progbits
 210              		.align	1
 211              		.p2align 4,,15
 212              		.global	adcStop
 213              		.syntax unified
 214              		.thumb
 215              		.thumb_func
 216              		.type	adcStop, %function
 217              	adcStop:
 218              	.LVL8:
 219              	.LFB236:
 220              		.loc 1 115 31 is_stmt 1 view -0
 221              		.cfi_startproc
 222              		@ args = 0, pretend = 0, frame = 0
 223              		@ frame_needed = 0, uses_anonymous_args = 0
 224              		.loc 1 115 31 is_stmt 0 view .LVU60
 225 0000 10B5     		push	{r4, lr}
 226              		.cfi_def_cfa_offset 8
 227              		.cfi_offset 4, -8
 228              		.cfi_offset 14, -4
ARM GAS  /tmp/ccQKr0Dm.s 			page 5


 229 0002 0446     		mov	r4, r0
 230              		.loc 1 117 3 is_stmt 1 view .LVU61
 231              		.loc 1 117 3 view .LVU62
 232              		.loc 1 117 3 discriminator 5 view .LVU63
 233              		.loc 1 119 3 view .LVU64
 234              	.LBB106:
 235              	.LBI106:
 236              		.loc 2 491 20 view .LVU65
 237              		.loc 2 493 3 view .LVU66
 238              	.LBB107:
 239              	.LBI107:
 240              		.loc 3 374 20 view .LVU67
 241              		.loc 3 376 3 view .LVU68
 242              	.LBB108:
 243              	.LBI108:
 244              		.loc 4 604 20 view .LVU69
 245              		.loc 4 612 3 view .LVU70
 246              	.LVL9:
 247              	.LBB109:
 248              	.LBI109:
 249              		.loc 5 546 57 view .LVU71
 250              	.LBB110:
 251              		.loc 5 548 3 view .LVU72
 252 0004 2023     		movs	r3, #32
 253              		.syntax unified
 254              	@ 548 "ChibiOS/os/common/ext/CMSIS/include/core_cmFunc.h" 1
 255 0006 83F31188 		MSR basepri, r3
 256              	@ 0 "" 2
 257              	.LVL10:
 258              		.loc 5 548 3 is_stmt 0 view .LVU73
 259              		.thumb
 260              		.syntax unified
 261              	.LBE110:
 262              	.LBE109:
 263              	.LBE108:
 264              		.loc 3 377 34 is_stmt 1 view .LVU74
 265              		.loc 3 378 20 view .LVU75
 266              	.LBE107:
 267              	.LBE106:
 268              		.loc 1 120 3 view .LVU76
 269              		.loc 1 120 3 view .LVU77
 270              		.loc 1 120 3 discriminator 5 view .LVU78
 271              		.loc 1 122 3 view .LVU79
 272 000a FFF7FEFF 		bl	adc_lld_stop
 273              	.LVL11:
 274              		.loc 1 123 3 view .LVU80
 275              		.loc 1 123 15 is_stmt 0 view .LVU81
 276 000e 0123     		movs	r3, #1
 277 0010 2370     		strb	r3, [r4]
 278              		.loc 1 124 3 is_stmt 1 view .LVU82
 279              	.LBB111:
 280              	.LBI111:
 281              		.loc 2 502 20 view .LVU83
 282              		.loc 2 504 3 view .LVU84
 283              	.LBB112:
 284              	.LBI112:
 285              		.loc 3 386 20 view .LVU85
ARM GAS  /tmp/ccQKr0Dm.s 			page 6


 286              	.LBB113:
 287              		.loc 3 388 22 view .LVU86
 288              		.loc 3 389 33 view .LVU87
 289              		.loc 3 395 3 view .LVU88
 290              		.loc 3 395 3 view .LVU89
 291              		.loc 3 395 3 discriminator 7 view .LVU90
 292              		.loc 3 399 3 view .LVU91
 293              	.LBB114:
 294              	.LBI114:
 295              		.loc 4 628 20 view .LVU92
 296              		.loc 4 631 3 view .LVU93
 297              	.LVL12:
 298              	.LBB115:
 299              	.LBI115:
 300              		.loc 5 546 57 view .LVU94
 301              	.LBB116:
 302              		.loc 5 548 3 view .LVU95
 303 0012 0023     		movs	r3, #0
 304              		.syntax unified
 305              	@ 548 "ChibiOS/os/common/ext/CMSIS/include/core_cmFunc.h" 1
 306 0014 83F31188 		MSR basepri, r3
 307              	@ 0 "" 2
 308              	.LVL13:
 309              		.loc 5 548 3 is_stmt 0 view .LVU96
 310              		.thumb
 311              		.syntax unified
 312              	.LBE116:
 313              	.LBE115:
 314              	.LBE114:
 315              	.LBE113:
 316              	.LBE112:
 317              	.LBE111:
 318              		.loc 1 125 1 view .LVU97
 319 0018 10BD     		pop	{r4, pc}
 320              		.loc 1 125 1 view .LVU98
 321              		.cfi_endproc
 322              	.LFE236:
 323              		.size	adcStop, .-adcStop
 324 001a 00BF     		.section	.text.adcStartConversionI,"ax",%progbits
 325              		.align	1
 326              		.p2align 4,,15
 327              		.global	adcStartConversionI
 328              		.syntax unified
 329              		.thumb
 330              		.thumb_func
 331              		.type	adcStartConversionI, %function
 332              	adcStartConversionI:
 333              	.LVL14:
 334              	.LFB238:
 335              		.loc 1 174 40 is_stmt 1 view -0
 336              		.cfi_startproc
 337              		@ args = 0, pretend = 0, frame = 0
 338              		@ frame_needed = 0, uses_anonymous_args = 0
 339              		.loc 1 174 40 is_stmt 0 view .LVU100
 340 0000 08B5     		push	{r3, lr}
 341              		.cfi_def_cfa_offset 8
 342              		.cfi_offset 3, -8
ARM GAS  /tmp/ccQKr0Dm.s 			page 7


 343              		.cfi_offset 14, -4
 344              		.loc 1 176 23 is_stmt 1 view .LVU101
 345              		.loc 1 177 3 view .LVU102
 346              		.loc 1 177 3 view .LVU103
 347              		.loc 1 177 3 discriminator 15 view .LVU104
 348              		.loc 1 179 3 view .LVU105
 349              		.loc 1 179 3 view .LVU106
 350              		.loc 1 179 3 discriminator 9 view .LVU107
 351              		.loc 1 184 3 view .LVU108
 352              		.loc 1 184 18 is_stmt 0 view .LVU109
 353 0002 8260     		str	r2, [r0, #8]
 354              		.loc 1 185 3 is_stmt 1 view .LVU110
 355              		.loc 1 185 18 is_stmt 0 view .LVU111
 356 0004 C360     		str	r3, [r0, #12]
 357              		.loc 1 186 3 is_stmt 1 view .LVU112
 358              		.loc 1 186 18 is_stmt 0 view .LVU113
 359 0006 0161     		str	r1, [r0, #16]
 360              		.loc 1 187 3 is_stmt 1 view .LVU114
 361              		.loc 1 187 18 is_stmt 0 view .LVU115
 362 0008 0323     		movs	r3, #3
 363              	.LVL15:
 364              		.loc 1 187 18 view .LVU116
 365 000a 0370     		strb	r3, [r0]
 366              		.loc 1 188 3 is_stmt 1 view .LVU117
 367 000c FFF7FEFF 		bl	adc_lld_start_conversion
 368              	.LVL16:
 369              		.loc 1 189 1 is_stmt 0 view .LVU118
 370 0010 08BD     		pop	{r3, pc}
 371              		.cfi_endproc
 372              	.LFE238:
 373              		.size	adcStartConversionI, .-adcStartConversionI
 374 0012 00BF     		.section	.text.adcStartConversion,"ax",%progbits
 375              		.align	1
 376              		.p2align 4,,15
 377              		.global	adcStartConversion
 378              		.syntax unified
 379              		.thumb
 380              		.thumb_func
 381              		.type	adcStartConversion, %function
 382              	adcStartConversion:
 383              	.LVL17:
 384              	.LFB237:
 385              		.loc 1 146 39 is_stmt 1 view -0
 386              		.cfi_startproc
 387              		@ args = 0, pretend = 0, frame = 0
 388              		@ frame_needed = 0, uses_anonymous_args = 0
 389              		.loc 1 146 39 is_stmt 0 view .LVU120
 390 0000 08B5     		push	{r3, lr}
 391              		.cfi_def_cfa_offset 8
 392              		.cfi_offset 3, -8
 393              		.cfi_offset 14, -4
 394              		.loc 1 148 3 is_stmt 1 view .LVU121
 395              	.LBB117:
 396              	.LBI117:
 397              		.loc 2 491 20 view .LVU122
 398              		.loc 2 493 3 view .LVU123
 399              	.LBB118:
ARM GAS  /tmp/ccQKr0Dm.s 			page 8


 400              	.LBI118:
 401              		.loc 3 374 20 view .LVU124
 402              		.loc 3 376 3 view .LVU125
 403              	.LBB119:
 404              	.LBI119:
 405              		.loc 4 604 20 view .LVU126
 406              		.loc 4 612 3 view .LVU127
 407              	.LVL18:
 408              	.LBB120:
 409              	.LBI120:
 410              		.loc 5 546 57 view .LVU128
 411              	.LBB121:
 412              		.loc 5 548 3 view .LVU129
 413 0002 4FF0200C 		mov	ip, #32
 414              		.syntax unified
 415              	@ 548 "ChibiOS/os/common/ext/CMSIS/include/core_cmFunc.h" 1
 416 0006 8CF31188 		MSR basepri, ip
 417              	@ 0 "" 2
 418              	.LVL19:
 419              		.loc 5 548 3 is_stmt 0 view .LVU130
 420              		.thumb
 421              		.syntax unified
 422              	.LBE121:
 423              	.LBE120:
 424              	.LBE119:
 425              		.loc 3 377 34 is_stmt 1 view .LVU131
 426              		.loc 3 378 20 view .LVU132
 427              	.LBE118:
 428              	.LBE117:
 429              		.loc 1 149 3 view .LVU133
 430 000a FFF7FEFF 		bl	adcStartConversionI
 431              	.LVL20:
 432              		.loc 1 150 3 view .LVU134
 433              	.LBB122:
 434              	.LBI122:
 435              		.loc 2 502 20 view .LVU135
 436              		.loc 2 504 3 view .LVU136
 437              	.LBB123:
 438              	.LBI123:
 439              		.loc 3 386 20 view .LVU137
 440              	.LBB124:
 441              		.loc 3 388 22 view .LVU138
 442              		.loc 3 389 33 view .LVU139
 443              		.loc 3 395 3 view .LVU140
 444              		.loc 3 395 3 view .LVU141
 445              		.loc 3 395 3 discriminator 7 view .LVU142
 446              		.loc 3 399 3 view .LVU143
 447              	.LBB125:
 448              	.LBI125:
 449              		.loc 4 628 20 view .LVU144
 450              		.loc 4 631 3 view .LVU145
 451              	.LBB126:
 452              	.LBI126:
 453              		.loc 5 546 57 view .LVU146
 454              	.LBB127:
 455              		.loc 5 548 3 view .LVU147
 456 000e 0023     		movs	r3, #0
ARM GAS  /tmp/ccQKr0Dm.s 			page 9


 457              		.syntax unified
 458              	@ 548 "ChibiOS/os/common/ext/CMSIS/include/core_cmFunc.h" 1
 459 0010 83F31188 		MSR basepri, r3
 460              	@ 0 "" 2
 461              	.LVL21:
 462              		.loc 5 548 3 is_stmt 0 view .LVU148
 463              		.thumb
 464              		.syntax unified
 465              	.LBE127:
 466              	.LBE126:
 467              	.LBE125:
 468              	.LBE124:
 469              	.LBE123:
 470              	.LBE122:
 471              		.loc 1 151 1 view .LVU149
 472 0014 08BD     		pop	{r3, pc}
 473              		.cfi_endproc
 474              	.LFE237:
 475              		.size	adcStartConversion, .-adcStartConversion
 476 0016 00BF     		.section	.text.adcStopConversion,"ax",%progbits
 477              		.align	1
 478              		.p2align 4,,15
 479              		.global	adcStopConversion
 480              		.syntax unified
 481              		.thumb
 482              		.thumb_func
 483              		.type	adcStopConversion, %function
 484              	adcStopConversion:
 485              	.LVL22:
 486              	.LFB239:
 487              		.loc 1 201 41 is_stmt 1 view -0
 488              		.cfi_startproc
 489              		@ args = 0, pretend = 0, frame = 0
 490              		@ frame_needed = 0, uses_anonymous_args = 0
 491              		.loc 1 203 3 view .LVU151
 492              		.loc 1 203 3 view .LVU152
 493              		.loc 1 203 3 discriminator 5 view .LVU153
 494              		.loc 1 205 3 view .LVU154
 495              	.LBB128:
 496              	.LBI128:
 497              		.loc 2 491 20 view .LVU155
 498              		.loc 2 493 3 view .LVU156
 499              	.LBB129:
 500              	.LBI129:
 501              		.loc 3 374 20 view .LVU157
 502              		.loc 3 376 3 view .LVU158
 503              	.LBB130:
 504              	.LBI130:
 505              		.loc 4 604 20 view .LVU159
 506              		.loc 4 612 3 view .LVU160
 507              	.LBB131:
 508              	.LBI131:
 509              		.loc 5 546 57 view .LVU161
 510              	.LBB132:
 511              		.loc 5 548 3 view .LVU162
 512 0000 2023     		movs	r3, #32
 513              		.syntax unified
ARM GAS  /tmp/ccQKr0Dm.s 			page 10


 514              	@ 548 "ChibiOS/os/common/ext/CMSIS/include/core_cmFunc.h" 1
 515 0002 83F31188 		MSR basepri, r3
 516              	@ 0 "" 2
 517              	.LVL23:
 518              		.loc 5 548 3 is_stmt 0 view .LVU163
 519              		.thumb
 520              		.syntax unified
 521              	.LBE132:
 522              	.LBE131:
 523              	.LBE130:
 524              		.loc 3 377 34 is_stmt 1 view .LVU164
 525              		.loc 3 378 20 view .LVU165
 526              	.LBE129:
 527              	.LBE128:
 528              		.loc 1 206 3 view .LVU166
 529              		.loc 1 206 3 view .LVU167
 530              		.loc 1 206 3 discriminator 5 view .LVU168
 531              		.loc 1 208 3 view .LVU169
 532              		.loc 1 208 11 is_stmt 0 view .LVU170
 533 0006 0378     		ldrb	r3, [r0]	@ zero_extendqisi2
 534              		.loc 1 208 6 view .LVU171
 535 0008 022B     		cmp	r3, #2
 536 000a 03D1     		bne	.L18
 537              		.loc 1 214 3 is_stmt 1 view .LVU172
 538              	.LBB133:
 539              	.LBI133:
 540              		.loc 2 502 20 view .LVU173
 541              		.loc 2 504 3 view .LVU174
 542              	.LBB134:
 543              	.LBI134:
 544              		.loc 3 386 20 view .LVU175
 545              	.LBB135:
 546              		.loc 3 388 22 view .LVU176
 547              		.loc 3 389 33 view .LVU177
 548              		.loc 3 395 3 view .LVU178
 549              		.loc 3 395 3 view .LVU179
 550              		.loc 3 395 3 discriminator 7 view .LVU180
 551              		.loc 3 399 3 view .LVU181
 552              	.LBB136:
 553              	.LBI136:
 554              		.loc 4 628 20 view .LVU182
 555              		.loc 4 631 3 view .LVU183
 556              	.LVL24:
 557              	.LBB137:
 558              	.LBI137:
 559              		.loc 5 546 57 view .LVU184
 560              	.LBB138:
 561              		.loc 5 548 3 view .LVU185
 562 000c 0023     		movs	r3, #0
 563              		.syntax unified
 564              	@ 548 "ChibiOS/os/common/ext/CMSIS/include/core_cmFunc.h" 1
 565 000e 83F31188 		MSR basepri, r3
 566              	@ 0 "" 2
 567              	.LVL25:
 568              		.loc 5 548 3 is_stmt 0 view .LVU186
 569              		.thumb
 570              		.syntax unified
ARM GAS  /tmp/ccQKr0Dm.s 			page 11


 571 0012 7047     		bx	lr
 572              	.L18:
 573              	.LBE138:
 574              	.LBE137:
 575              	.LBE136:
 576              	.LBE135:
 577              	.LBE134:
 578              	.LBE133:
 579              		.loc 1 201 41 view .LVU187
 580 0014 10B5     		push	{r4, lr}
 581              		.cfi_def_cfa_offset 8
 582              		.cfi_offset 4, -8
 583              		.cfi_offset 14, -4
 584 0016 0446     		mov	r4, r0
 585              		.loc 1 209 5 is_stmt 1 view .LVU188
 586 0018 FFF7FEFF 		bl	adc_lld_stop_conversion
 587              	.LVL26:
 588              		.loc 1 210 5 view .LVU189
 589              		.loc 1 210 17 is_stmt 0 view .LVU190
 590 001c 0023     		movs	r3, #0
 591 001e 2361     		str	r3, [r4, #16]
 592              		.loc 1 211 5 is_stmt 1 view .LVU191
 593              		.loc 1 211 17 is_stmt 0 view .LVU192
 594 0020 2046     		mov	r0, r4
 595 0022 0223     		movs	r3, #2
 596 0024 00F8143B 		strb	r3, [r0], #20
 597              		.loc 1 212 5 is_stmt 1 view .LVU193
 598              	.LVL27:
 599              	.LBB144:
 600              	.LBI144:
 601              		.loc 2 741 20 view .LVU194
 602              	.LBB145:
 603              		.loc 2 743 3 view .LVU195
 604 0028 6FF00101 		mvn	r1, #1
 605 002c FFF7FEFF 		bl	chThdResumeS
 606              	.LVL28:
 607              		.loc 2 743 3 is_stmt 0 view .LVU196
 608              	.LBE145:
 609              	.LBE144:
 610              		.loc 1 214 3 is_stmt 1 view .LVU197
 611              	.LBB146:
 612              		.loc 2 502 20 view .LVU198
 613              		.loc 2 504 3 view .LVU199
 614              	.LBB143:
 615              		.loc 3 386 20 view .LVU200
 616              	.LBB142:
 617              		.loc 3 388 22 view .LVU201
 618              		.loc 3 389 33 view .LVU202
 619              		.loc 3 395 3 view .LVU203
 620              		.loc 3 395 3 view .LVU204
 621              		.loc 3 395 3 discriminator 7 view .LVU205
 622              		.loc 3 399 3 view .LVU206
 623              	.LBB141:
 624              		.loc 4 628 20 view .LVU207
 625              		.loc 4 631 3 view .LVU208
 626              	.LBB140:
 627              		.loc 5 546 57 view .LVU209
ARM GAS  /tmp/ccQKr0Dm.s 			page 12


 628              	.LBB139:
 629              		.loc 5 548 3 view .LVU210
 630 0030 0023     		movs	r3, #0
 631              		.syntax unified
 632              	@ 548 "ChibiOS/os/common/ext/CMSIS/include/core_cmFunc.h" 1
 633 0032 83F31188 		MSR basepri, r3
 634              	@ 0 "" 2
 635              	.LVL29:
 636              		.loc 5 548 3 is_stmt 0 view .LVU211
 637              		.thumb
 638              		.syntax unified
 639              	.LBE139:
 640              	.LBE140:
 641              	.LBE141:
 642              	.LBE142:
 643              	.LBE143:
 644              	.LBE146:
 645              		.loc 1 215 1 view .LVU212
 646 0036 10BD     		pop	{r4, pc}
 647              		.loc 1 215 1 view .LVU213
 648              		.cfi_endproc
 649              	.LFE239:
 650              		.size	adcStopConversion, .-adcStopConversion
 651              		.section	.text.adcStopConversionI,"ax",%progbits
 652              		.align	1
 653              		.p2align 4,,15
 654              		.global	adcStopConversionI
 655              		.syntax unified
 656              		.thumb
 657              		.thumb_func
 658              		.type	adcStopConversionI, %function
 659              	adcStopConversionI:
 660              	.LVL30:
 661              	.LFB240:
 662              		.loc 1 227 42 is_stmt 1 view -0
 663              		.cfi_startproc
 664              		@ args = 0, pretend = 0, frame = 0
 665              		@ frame_needed = 0, uses_anonymous_args = 0
 666              		.loc 1 229 23 view .LVU215
 667              		.loc 1 230 3 view .LVU216
 668              		.loc 1 230 3 view .LVU217
 669              		.loc 1 230 3 discriminator 5 view .LVU218
 670              		.loc 1 231 3 view .LVU219
 671              		.loc 1 231 3 view .LVU220
 672              		.loc 1 231 3 discriminator 5 view .LVU221
 673              		.loc 1 236 3 view .LVU222
 674              		.loc 1 236 11 is_stmt 0 view .LVU223
 675 0000 0378     		ldrb	r3, [r0]	@ zero_extendqisi2
 676              		.loc 1 236 6 view .LVU224
 677 0002 022B     		cmp	r3, #2
 678 0004 00D1     		bne	.L25
 679 0006 7047     		bx	lr
 680              	.L25:
 681              		.loc 1 227 42 view .LVU225
 682 0008 10B5     		push	{r4, lr}
 683              		.cfi_def_cfa_offset 8
 684              		.cfi_offset 4, -8
ARM GAS  /tmp/ccQKr0Dm.s 			page 13


 685              		.cfi_offset 14, -4
 686 000a 0446     		mov	r4, r0
 687              		.loc 1 237 5 is_stmt 1 view .LVU226
 688 000c FFF7FEFF 		bl	adc_lld_stop_conversion
 689              	.LVL31:
 690              		.loc 1 238 5 view .LVU227
 691              		.loc 1 238 17 is_stmt 0 view .LVU228
 692 0010 0023     		movs	r3, #0
 693 0012 2361     		str	r3, [r4, #16]
 694              		.loc 1 239 5 is_stmt 1 view .LVU229
 695              		.loc 1 239 17 is_stmt 0 view .LVU230
 696 0014 2046     		mov	r0, r4
 697 0016 0223     		movs	r3, #2
 698 0018 00F8143B 		strb	r3, [r0], #20
 699              		.loc 1 240 5 is_stmt 1 view .LVU231
 700              	.LVL32:
 701              	.LBB147:
 702              	.LBI147:
 703              		.loc 2 726 20 view .LVU232
 704              	.LBB148:
 705              		.loc 2 728 3 view .LVU233
 706 001c 6FF00101 		mvn	r1, #1
 707 0020 FFF7FEFF 		bl	chThdResumeI
 708              	.LVL33:
 709              		.loc 2 728 3 is_stmt 0 view .LVU234
 710              	.LBE148:
 711              	.LBE147:
 712              		.loc 1 242 1 view .LVU235
 713 0024 10BD     		pop	{r4, pc}
 714              		.loc 1 242 1 view .LVU236
 715              		.cfi_endproc
 716              	.LFE240:
 717              		.size	adcStopConversionI, .-adcStopConversionI
 718 0026 00BF     		.section	.text.adcConvert,"ax",%progbits
 719              		.align	1
 720              		.p2align 4,,15
 721              		.global	adcConvert
 722              		.syntax unified
 723              		.thumb
 724              		.thumb_func
 725              		.type	adcConvert, %function
 726              	adcConvert:
 727              	.LVL34:
 728              	.LFB241:
 729              		.loc 1 271 32 is_stmt 1 view -0
 730              		.cfi_startproc
 731              		@ args = 0, pretend = 0, frame = 0
 732              		@ frame_needed = 0, uses_anonymous_args = 0
 733              		.loc 1 271 32 is_stmt 0 view .LVU238
 734 0000 10B5     		push	{r4, lr}
 735              		.cfi_def_cfa_offset 8
 736              		.cfi_offset 4, -8
 737              		.cfi_offset 14, -4
 738 0002 0446     		mov	r4, r0
 739              		.loc 1 272 3 is_stmt 1 view .LVU239
 740              		.loc 1 274 3 view .LVU240
 741              	.LBB149:
ARM GAS  /tmp/ccQKr0Dm.s 			page 14


 742              	.LBI149:
 743              		.loc 2 491 20 view .LVU241
 744              		.loc 2 493 3 view .LVU242
 745              	.LBB150:
 746              	.LBI150:
 747              		.loc 3 374 20 view .LVU243
 748              		.loc 3 376 3 view .LVU244
 749              	.LBB151:
 750              	.LBI151:
 751              		.loc 4 604 20 view .LVU245
 752              		.loc 4 612 3 view .LVU246
 753              	.LVL35:
 754              	.LBB152:
 755              	.LBI152:
 756              		.loc 5 546 57 view .LVU247
 757              	.LBB153:
 758              		.loc 5 548 3 view .LVU248
 759 0004 4FF0200C 		mov	ip, #32
 760              		.syntax unified
 761              	@ 548 "ChibiOS/os/common/ext/CMSIS/include/core_cmFunc.h" 1
 762 0008 8CF31188 		MSR basepri, ip
 763              	@ 0 "" 2
 764              	.LVL36:
 765              		.loc 5 548 3 is_stmt 0 view .LVU249
 766              		.thumb
 767              		.syntax unified
 768              	.LBE153:
 769              	.LBE152:
 770              	.LBE151:
 771              		.loc 3 377 34 is_stmt 1 view .LVU250
 772              		.loc 3 378 20 view .LVU251
 773              	.LBE150:
 774              	.LBE149:
 775              		.loc 1 275 3 view .LVU252
 776              		.loc 1 275 3 view .LVU253
 777              		.loc 1 275 3 discriminator 5 view .LVU254
 778              		.loc 1 276 3 view .LVU255
 779 000c FFF7FEFF 		bl	adcStartConversionI
 780              	.LVL37:
 781              		.loc 1 277 3 view .LVU256
 782              	.LBB154:
 783              	.LBI154:
 784              		.loc 2 686 21 view .LVU257
 785              	.LBB155:
 786              		.loc 2 688 3 view .LVU258
 787              		.loc 2 688 10 is_stmt 0 view .LVU259
 788 0010 04F11400 		add	r0, r4, #20
 789              	.LVL38:
 790              		.loc 2 688 10 view .LVU260
 791 0014 FFF7FEFF 		bl	chThdSuspendS
 792              	.LVL39:
 793              		.loc 2 688 10 view .LVU261
 794              	.LBE155:
 795              	.LBE154:
 796              		.loc 1 278 3 is_stmt 1 view .LVU262
 797              	.LBB156:
 798              	.LBI156:
ARM GAS  /tmp/ccQKr0Dm.s 			page 15


 799              		.loc 2 502 20 view .LVU263
 800              		.loc 2 504 3 view .LVU264
 801              	.LBB157:
 802              	.LBI157:
 803              		.loc 3 386 20 view .LVU265
 804              	.LBB158:
 805              		.loc 3 388 22 view .LVU266
 806              		.loc 3 389 33 view .LVU267
 807              		.loc 3 395 3 view .LVU268
 808              		.loc 3 395 3 view .LVU269
 809              		.loc 3 395 3 discriminator 7 view .LVU270
 810              		.loc 3 399 3 view .LVU271
 811              	.LBB159:
 812              	.LBI159:
 813              		.loc 4 628 20 view .LVU272
 814              		.loc 4 631 3 view .LVU273
 815              	.LBB160:
 816              	.LBI160:
 817              		.loc 5 546 57 view .LVU274
 818              	.LBB161:
 819              		.loc 5 548 3 view .LVU275
 820 0018 0023     		movs	r3, #0
 821              		.syntax unified
 822              	@ 548 "ChibiOS/os/common/ext/CMSIS/include/core_cmFunc.h" 1
 823 001a 83F31188 		MSR basepri, r3
 824              	@ 0 "" 2
 825              	.LVL40:
 826              		.loc 5 548 3 is_stmt 0 view .LVU276
 827              		.thumb
 828              		.syntax unified
 829              	.LBE161:
 830              	.LBE160:
 831              	.LBE159:
 832              	.LBE158:
 833              	.LBE157:
 834              	.LBE156:
 835              		.loc 1 279 3 is_stmt 1 view .LVU277
 836              		.loc 1 280 1 is_stmt 0 view .LVU278
 837 001e 10BD     		pop	{r4, pc}
 838              		.loc 1 280 1 view .LVU279
 839              		.cfi_endproc
 840              	.LFE241:
 841              		.size	adcConvert, .-adcConvert
 842              		.text
 843              	.Letext0:
 844              		.file 6 "/usr/lib/gcc/arm-none-eabi/13.2.1/include/stddef.h"
 845              		.file 7 "/usr/lib/gcc/arm-none-eabi/13.2.1/include/stdint.h"
 846              		.file 8 "ChibiOS/os/common/ports/ARMCMx/compilers/GCC/chtypes.h"
 847              		.file 9 "ChibiOS/os/rt/include/chsystypes.h"
 848              		.file 10 "ChibiOS/os/rt/include/chschd.h"
 849              		.file 11 "ChibiOS/os/common/ext/CMSIS/ST/STM32F3xx/stm32f303xc.h"
 850              		.file 12 "ChibiOS/os/common/ports/ARMCMx/chcore.h"
 851              		.file 13 "ChibiOS/os/hal/ports/STM32/LLD/DMAv1/stm32_dma.h"
 852              		.file 14 "ChibiOS/os/hal/include/hal_adc.h"
 853              		.file 15 "ChibiOS/os/hal/ports/STM32/LLD/ADCv3/hal_adc_lld.h"
 854              		.file 16 "ChibiOS/os/rt/include/chthreads.h"
 855              		.section	.debug_info,"",%progbits
ARM GAS  /tmp/ccQKr0Dm.s 			page 16


 856              	.Ldebug_info0:
 857 0000 B7130000 		.4byte	0x13b7
 858 0004 0500     		.2byte	0x5
 859 0006 01       		.byte	0x1
 860 0007 04       		.byte	0x4
 861 0008 00000000 		.4byte	.Ldebug_abbrev0
 862 000c 24       		.uleb128 0x24
 863 000d 6E030000 		.4byte	.LASF157
 864 0011 1D       		.byte	0x1d
 865 0012 65060000 		.4byte	.LASF158
 866 0016 AA060000 		.4byte	.LASF159
 867 001a 18000000 		.4byte	.LLRL34
 868 001e 00000000 		.4byte	0
 869 0022 00000000 		.4byte	.Ldebug_line0
 870 0026 0C       		.uleb128 0xc
 871 0027 08       		.byte	0x8
 872 0028 07       		.byte	0x7
 873 0029 72000000 		.4byte	.LASF0
 874 002d 0C       		.uleb128 0xc
 875 002e 04       		.byte	0x4
 876 002f 07       		.byte	0x7
 877 0030 46020000 		.4byte	.LASF1
 878 0034 25       		.uleb128 0x25
 879 0035 04       		.byte	0x4
 880 0036 05       		.byte	0x5
 881 0037 696E7400 		.ascii	"int\000"
 882 003b 05       		.uleb128 0x5
 883 003c 21000000 		.4byte	.LASF6
 884 0040 06       		.byte	0x6
 885 0041 D6       		.byte	0xd6
 886 0042 17       		.byte	0x17
 887 0043 2D000000 		.4byte	0x2d
 888 0047 0C       		.uleb128 0xc
 889 0048 08       		.byte	0x8
 890 0049 05       		.byte	0x5
 891 004a C6000000 		.4byte	.LASF2
 892 004e 0C       		.uleb128 0xc
 893 004f 08       		.byte	0x8
 894 0050 04       		.byte	0x4
 895 0051 9C040000 		.4byte	.LASF3
 896 0055 0C       		.uleb128 0xc
 897 0056 01       		.byte	0x1
 898 0057 06       		.byte	0x6
 899 0058 D4000000 		.4byte	.LASF4
 900 005c 0C       		.uleb128 0xc
 901 005d 02       		.byte	0x2
 902 005e 05       		.byte	0x5
 903 005f 04030000 		.4byte	.LASF5
 904 0063 05       		.uleb128 0x5
 905 0064 AA050000 		.4byte	.LASF7
 906 0068 07       		.byte	0x7
 907 0069 28       		.byte	0x28
 908 006a 18       		.byte	0x18
 909 006b 6F000000 		.4byte	0x6f
 910 006f 0C       		.uleb128 0xc
 911 0070 04       		.byte	0x4
 912 0071 05       		.byte	0x5
ARM GAS  /tmp/ccQKr0Dm.s 			page 17


 913 0072 52010000 		.4byte	.LASF8
 914 0076 05       		.uleb128 0x5
 915 0077 1D070000 		.4byte	.LASF9
 916 007b 07       		.byte	0x7
 917 007c 2E       		.byte	0x2e
 918 007d 18       		.byte	0x18
 919 007e 82000000 		.4byte	0x82
 920 0082 0C       		.uleb128 0xc
 921 0083 01       		.byte	0x1
 922 0084 08       		.byte	0x8
 923 0085 B2050000 		.4byte	.LASF10
 924 0089 05       		.uleb128 0x5
 925 008a 53020000 		.4byte	.LASF11
 926 008e 07       		.byte	0x7
 927 008f 31       		.byte	0x31
 928 0090 19       		.byte	0x19
 929 0091 95000000 		.4byte	0x95
 930 0095 0C       		.uleb128 0xc
 931 0096 02       		.byte	0x2
 932 0097 07       		.byte	0x7
 933 0098 B7020000 		.4byte	.LASF12
 934 009c 05       		.uleb128 0x5
 935 009d F0060000 		.4byte	.LASF13
 936 00a1 07       		.byte	0x7
 937 00a2 34       		.byte	0x34
 938 00a3 19       		.byte	0x19
 939 00a4 AD000000 		.4byte	0xad
 940 00a8 26       		.uleb128 0x26
 941 00a9 9C000000 		.4byte	0x9c
 942 00ad 0C       		.uleb128 0xc
 943 00ae 04       		.byte	0x4
 944 00af 07       		.byte	0x7
 945 00b0 E0000000 		.4byte	.LASF14
 946 00b4 05       		.uleb128 0x5
 947 00b5 D1040000 		.4byte	.LASF15
 948 00b9 07       		.byte	0x7
 949 00ba 37       		.byte	0x37
 950 00bb 19       		.byte	0x19
 951 00bc 26000000 		.4byte	0x26
 952 00c0 05       		.uleb128 0x5
 953 00c1 F7020000 		.4byte	.LASF16
 954 00c5 08       		.byte	0x8
 955 00c6 3C       		.byte	0x3c
 956 00c7 1D       		.byte	0x1d
 957 00c8 76000000 		.4byte	0x76
 958 00cc 05       		.uleb128 0x5
 959 00cd 91010000 		.4byte	.LASF17
 960 00d1 08       		.byte	0x8
 961 00d2 3D       		.byte	0x3d
 962 00d3 1D       		.byte	0x1d
 963 00d4 76000000 		.4byte	0x76
 964 00d8 05       		.uleb128 0x5
 965 00d9 33050000 		.4byte	.LASF18
 966 00dd 08       		.byte	0x8
 967 00de 3E       		.byte	0x3e
 968 00df 1D       		.byte	0x1d
 969 00e0 76000000 		.4byte	0x76
ARM GAS  /tmp/ccQKr0Dm.s 			page 18


 970 00e4 05       		.uleb128 0x5
 971 00e5 95050000 		.4byte	.LASF19
 972 00e9 08       		.byte	0x8
 973 00ea 40       		.byte	0x40
 974 00eb 1D       		.byte	0x1d
 975 00ec 9C000000 		.4byte	0x9c
 976 00f0 05       		.uleb128 0x5
 977 00f1 F1020000 		.4byte	.LASF20
 978 00f5 08       		.byte	0x8
 979 00f6 41       		.byte	0x41
 980 00f7 1D       		.byte	0x1d
 981 00f8 63000000 		.4byte	0x63
 982 00fc 05       		.uleb128 0x5
 983 00fd B1070000 		.4byte	.LASF21
 984 0101 09       		.byte	0x9
 985 0102 3F       		.byte	0x3f
 986 0103 1A       		.byte	0x1a
 987 0104 08010000 		.4byte	0x108
 988 0108 18       		.uleb128 0x18
 989 0109 CA020000 		.4byte	.LASF34
 990 010d 2C       		.byte	0x2c
 991 010e 0A       		.byte	0xa
 992 010f 9A       		.byte	0x9a
 993 0110 B1010000 		.4byte	0x1b1
 994 0114 01       		.uleb128 0x1
 995 0115 A8040000 		.4byte	.LASF22
 996 0119 0A       		.byte	0xa
 997 011a 9B       		.byte	0x9b
 998 011b 19       		.byte	0x19
 999 011c E8010000 		.4byte	0x1e8
 1000 0120 00       		.byte	0
 1001 0121 01       		.uleb128 0x1
 1002 0122 F8040000 		.4byte	.LASF23
 1003 0126 0A       		.byte	0xa
 1004 0127 9C       		.byte	0x9c
 1005 0128 19       		.byte	0x19
 1006 0129 E4000000 		.4byte	0xe4
 1007 012d 08       		.byte	0x8
 1008 012e 0A       		.uleb128 0xa
 1009 012f 63747800 		.ascii	"ctx\000"
 1010 0133 0A       		.byte	0xa
 1011 0134 9D       		.byte	0x9d
 1012 0135 19       		.byte	0x19
 1013 0136 14050000 		.4byte	0x514
 1014 013a 0C       		.byte	0xc
 1015 013b 01       		.uleb128 0x1
 1016 013c 21030000 		.4byte	.LASF24
 1017 0140 0A       		.byte	0xa
 1018 0141 9F       		.byte	0x9f
 1019 0142 1A       		.byte	0x1a
 1020 0143 BD010000 		.4byte	0x1bd
 1021 0147 10       		.byte	0x10
 1022 0148 01       		.uleb128 0x1
 1023 0149 58060000 		.4byte	.LASF25
 1024 014d 0A       		.byte	0xa
 1025 014e A0       		.byte	0xa0
 1026 014f 1A       		.byte	0x1a
ARM GAS  /tmp/ccQKr0Dm.s 			page 19


 1027 0150 BD010000 		.4byte	0x1bd
 1028 0154 14       		.byte	0x14
 1029 0155 01       		.uleb128 0x1
 1030 0156 A6020000 		.4byte	.LASF26
 1031 015a 0A       		.byte	0xa
 1032 015b A7       		.byte	0xa7
 1033 015c 1A       		.byte	0x1a
 1034 015d D2060000 		.4byte	0x6d2
 1035 0161 18       		.byte	0x18
 1036 0162 01       		.uleb128 0x1
 1037 0163 AE040000 		.4byte	.LASF27
 1038 0167 0A       		.byte	0xa
 1039 0168 B0       		.byte	0xb0
 1040 0169 1A       		.byte	0x1a
 1041 016a E3060000 		.4byte	0x6e3
 1042 016e 1C       		.byte	0x1c
 1043 016f 01       		.uleb128 0x1
 1044 0170 43010000 		.4byte	.LASF28
 1045 0174 0A       		.byte	0xa
 1046 0175 B5       		.byte	0xb5
 1047 0176 19       		.byte	0x19
 1048 0177 CC000000 		.4byte	0xcc
 1049 017b 20       		.byte	0x20
 1050 017c 01       		.uleb128 0x1
 1051 017d 25070000 		.4byte	.LASF29
 1052 0181 0A       		.byte	0xa
 1053 0182 B9       		.byte	0xb9
 1054 0183 19       		.byte	0x19
 1055 0184 C0000000 		.4byte	0xc0
 1056 0188 21       		.byte	0x21
 1057 0189 01       		.uleb128 0x1
 1058 018a C1000000 		.4byte	.LASF30
 1059 018e 0A       		.byte	0xa
 1060 018f BE       		.byte	0xbe
 1061 0190 19       		.byte	0x19
 1062 0191 D8000000 		.4byte	0xd8
 1063 0195 22       		.byte	0x22
 1064 0196 02       		.uleb128 0x2
 1065 0197 7500     		.ascii	"u\000"
 1066 0199 0A       		.byte	0xa
 1067 019a 0F01     		.2byte	0x10f
 1068 019c 19       		.byte	0x19
 1069 019d 97060000 		.4byte	0x697
 1070 01a1 24       		.byte	0x24
 1071 01a2 04       		.uleb128 0x4
 1072 01a3 BD060000 		.4byte	.LASF31
 1073 01a7 0A       		.byte	0xa
 1074 01a8 1401     		.2byte	0x114
 1075 01aa 19       		.byte	0x19
 1076 01ab C2010000 		.4byte	0x1c2
 1077 01af 28       		.byte	0x28
 1078 01b0 00       		.byte	0
 1079 01b1 05       		.uleb128 0x5
 1080 01b2 6A020000 		.4byte	.LASF32
 1081 01b6 09       		.byte	0x9
 1082 01b7 44       		.byte	0x44
 1083 01b8 14       		.byte	0x14
ARM GAS  /tmp/ccQKr0Dm.s 			page 20


 1084 01b9 BD010000 		.4byte	0x1bd
 1085 01bd 07       		.uleb128 0x7
 1086 01be FC000000 		.4byte	0xfc
 1087 01c2 05       		.uleb128 0x5
 1088 01c3 27030000 		.4byte	.LASF33
 1089 01c7 09       		.byte	0x9
 1090 01c8 49       		.byte	0x49
 1091 01c9 20       		.byte	0x20
 1092 01ca CE010000 		.4byte	0x1ce
 1093 01ce 18       		.uleb128 0x18
 1094 01cf 26060000 		.4byte	.LASF35
 1095 01d3 04       		.byte	0x4
 1096 01d4 0A       		.byte	0xa
 1097 01d5 88       		.byte	0x88
 1098 01d6 E8010000 		.4byte	0x1e8
 1099 01da 01       		.uleb128 0x1
 1100 01db A4000000 		.4byte	.LASF36
 1101 01df 0A       		.byte	0xa
 1102 01e0 89       		.byte	0x89
 1103 01e1 1A       		.byte	0x1a
 1104 01e2 BD010000 		.4byte	0x1bd
 1105 01e6 00       		.byte	0
 1106 01e7 00       		.byte	0
 1107 01e8 05       		.uleb128 0x5
 1108 01e9 02070000 		.4byte	.LASF37
 1109 01ed 09       		.byte	0x9
 1110 01ee 50       		.byte	0x50
 1111 01ef 21       		.byte	0x21
 1112 01f0 F4010000 		.4byte	0x1f4
 1113 01f4 18       		.uleb128 0x18
 1114 01f5 A9000000 		.4byte	.LASF38
 1115 01f9 08       		.byte	0x8
 1116 01fa 0A       		.byte	0xa
 1117 01fb 8F       		.byte	0x8f
 1118 01fc 1B020000 		.4byte	0x21b
 1119 0200 01       		.uleb128 0x1
 1120 0201 A4000000 		.4byte	.LASF36
 1121 0205 0A       		.byte	0xa
 1122 0206 90       		.byte	0x90
 1123 0207 1A       		.byte	0x1a
 1124 0208 BD010000 		.4byte	0x1bd
 1125 020c 00       		.byte	0
 1126 020d 01       		.uleb128 0x1
 1127 020e 79070000 		.4byte	.LASF39
 1128 0212 0A       		.byte	0xa
 1129 0213 91       		.byte	0x91
 1130 0214 1A       		.byte	0x1a
 1131 0215 BD010000 		.4byte	0x1bd
 1132 0219 04       		.byte	0x4
 1133 021a 00       		.byte	0
 1134 021b 27       		.uleb128 0x27
 1135 021c 04       		.byte	0x4
 1136 021d 11       		.uleb128 0x11
 1137 021e 9C000000 		.4byte	0x9c
 1138 0222 2D020000 		.4byte	0x22d
 1139 0226 12       		.uleb128 0x12
 1140 0227 2D000000 		.4byte	0x2d
ARM GAS  /tmp/ccQKr0Dm.s 			page 21


 1141 022b 01       		.byte	0x1
 1142 022c 00       		.byte	0
 1143 022d 1D       		.uleb128 0x1d
 1144 022e B8       		.byte	0xb8
 1145 022f 0B       		.byte	0xb
 1146 0230 B4       		.byte	0xb4
 1147 0231 15040000 		.4byte	0x415
 1148 0235 0A       		.uleb128 0xa
 1149 0236 49535200 		.ascii	"ISR\000"
 1150 023a 0B       		.byte	0xb
 1151 023b B6       		.byte	0xb6
 1152 023c 11       		.byte	0x11
 1153 023d A8000000 		.4byte	0xa8
 1154 0241 00       		.byte	0
 1155 0242 0A       		.uleb128 0xa
 1156 0243 49455200 		.ascii	"IER\000"
 1157 0247 0B       		.byte	0xb
 1158 0248 B7       		.byte	0xb7
 1159 0249 11       		.byte	0x11
 1160 024a A8000000 		.4byte	0xa8
 1161 024e 04       		.byte	0x4
 1162 024f 0A       		.uleb128 0xa
 1163 0250 435200   		.ascii	"CR\000"
 1164 0253 0B       		.byte	0xb
 1165 0254 B8       		.byte	0xb8
 1166 0255 11       		.byte	0x11
 1167 0256 A8000000 		.4byte	0xa8
 1168 025a 08       		.byte	0x8
 1169 025b 01       		.uleb128 0x1
 1170 025c 74070000 		.4byte	.LASF40
 1171 0260 0B       		.byte	0xb
 1172 0261 B9       		.byte	0xb9
 1173 0262 11       		.byte	0x11
 1174 0263 A8000000 		.4byte	0xa8
 1175 0267 0C       		.byte	0xc
 1176 0268 01       		.uleb128 0x1
 1177 0269 3B050000 		.4byte	.LASF41
 1178 026d 0B       		.byte	0xb
 1179 026e BA       		.byte	0xba
 1180 026f 11       		.byte	0x11
 1181 0270 9C000000 		.4byte	0x9c
 1182 0274 10       		.byte	0x10
 1183 0275 01       		.uleb128 0x1
 1184 0276 EC040000 		.4byte	.LASF42
 1185 027a 0B       		.byte	0xb
 1186 027b BB       		.byte	0xbb
 1187 027c 11       		.byte	0x11
 1188 027d A8000000 		.4byte	0xa8
 1189 0281 14       		.byte	0x14
 1190 0282 01       		.uleb128 0x1
 1191 0283 F2040000 		.4byte	.LASF43
 1192 0287 0B       		.byte	0xb
 1193 0288 BC       		.byte	0xbc
 1194 0289 11       		.byte	0x11
 1195 028a A8000000 		.4byte	0xa8
 1196 028e 18       		.byte	0x18
 1197 028f 01       		.uleb128 0x1
ARM GAS  /tmp/ccQKr0Dm.s 			page 22


 1198 0290 45050000 		.4byte	.LASF44
 1199 0294 0B       		.byte	0xb
 1200 0295 BD       		.byte	0xbd
 1201 0296 11       		.byte	0x11
 1202 0297 9C000000 		.4byte	0x9c
 1203 029b 1C       		.byte	0x1c
 1204 029c 0A       		.uleb128 0xa
 1205 029d 54523100 		.ascii	"TR1\000"
 1206 02a1 0B       		.byte	0xb
 1207 02a2 BE       		.byte	0xbe
 1208 02a3 11       		.byte	0x11
 1209 02a4 A8000000 		.4byte	0xa8
 1210 02a8 20       		.byte	0x20
 1211 02a9 0A       		.uleb128 0xa
 1212 02aa 54523200 		.ascii	"TR2\000"
 1213 02ae 0B       		.byte	0xb
 1214 02af BF       		.byte	0xbf
 1215 02b0 11       		.byte	0x11
 1216 02b1 A8000000 		.4byte	0xa8
 1217 02b5 24       		.byte	0x24
 1218 02b6 0A       		.uleb128 0xa
 1219 02b7 54523300 		.ascii	"TR3\000"
 1220 02bb 0B       		.byte	0xb
 1221 02bc C0       		.byte	0xc0
 1222 02bd 11       		.byte	0x11
 1223 02be A8000000 		.4byte	0xa8
 1224 02c2 28       		.byte	0x28
 1225 02c3 01       		.uleb128 0x1
 1226 02c4 4F050000 		.4byte	.LASF45
 1227 02c8 0B       		.byte	0xb
 1228 02c9 C1       		.byte	0xc1
 1229 02ca 11       		.byte	0x11
 1230 02cb 9C000000 		.4byte	0x9c
 1231 02cf 2C       		.byte	0x2c
 1232 02d0 01       		.uleb128 0x1
 1233 02d1 FD040000 		.4byte	.LASF46
 1234 02d5 0B       		.byte	0xb
 1235 02d6 C2       		.byte	0xc2
 1236 02d7 11       		.byte	0x11
 1237 02d8 A8000000 		.4byte	0xa8
 1238 02dc 30       		.byte	0x30
 1239 02dd 01       		.uleb128 0x1
 1240 02de 02050000 		.4byte	.LASF47
 1241 02e2 0B       		.byte	0xb
 1242 02e3 C3       		.byte	0xc3
 1243 02e4 11       		.byte	0x11
 1244 02e5 A8000000 		.4byte	0xa8
 1245 02e9 34       		.byte	0x34
 1246 02ea 01       		.uleb128 0x1
 1247 02eb 07050000 		.4byte	.LASF48
 1248 02ef 0B       		.byte	0xb
 1249 02f0 C4       		.byte	0xc4
 1250 02f1 11       		.byte	0x11
 1251 02f2 A8000000 		.4byte	0xa8
 1252 02f6 38       		.byte	0x38
 1253 02f7 01       		.uleb128 0x1
 1254 02f8 0C050000 		.4byte	.LASF49
ARM GAS  /tmp/ccQKr0Dm.s 			page 23


 1255 02fc 0B       		.byte	0xb
 1256 02fd C5       		.byte	0xc5
 1257 02fe 11       		.byte	0x11
 1258 02ff A8000000 		.4byte	0xa8
 1259 0303 3C       		.byte	0x3c
 1260 0304 0A       		.uleb128 0xa
 1261 0305 445200   		.ascii	"DR\000"
 1262 0308 0B       		.byte	0xb
 1263 0309 C6       		.byte	0xc6
 1264 030a 11       		.byte	0x11
 1265 030b A8000000 		.4byte	0xa8
 1266 030f 40       		.byte	0x40
 1267 0310 01       		.uleb128 0x1
 1268 0311 59050000 		.4byte	.LASF50
 1269 0315 0B       		.byte	0xb
 1270 0316 C7       		.byte	0xc7
 1271 0317 11       		.byte	0x11
 1272 0318 9C000000 		.4byte	0x9c
 1273 031c 44       		.byte	0x44
 1274 031d 01       		.uleb128 0x1
 1275 031e 63050000 		.4byte	.LASF51
 1276 0322 0B       		.byte	0xb
 1277 0323 C8       		.byte	0xc8
 1278 0324 11       		.byte	0x11
 1279 0325 9C000000 		.4byte	0x9c
 1280 0329 48       		.byte	0x48
 1281 032a 01       		.uleb128 0x1
 1282 032b 69030000 		.4byte	.LASF52
 1283 032f 0B       		.byte	0xb
 1284 0330 C9       		.byte	0xc9
 1285 0331 11       		.byte	0x11
 1286 0332 A8000000 		.4byte	0xa8
 1287 0336 4C       		.byte	0x4c
 1288 0337 01       		.uleb128 0x1
 1289 0338 6D050000 		.4byte	.LASF53
 1290 033c 0B       		.byte	0xb
 1291 033d CA       		.byte	0xca
 1292 033e 11       		.byte	0x11
 1293 033f 15040000 		.4byte	0x415
 1294 0343 50       		.byte	0x50
 1295 0344 01       		.uleb128 0x1
 1296 0345 00000000 		.4byte	.LASF54
 1297 0349 0B       		.byte	0xb
 1298 034a CB       		.byte	0xcb
 1299 034b 11       		.byte	0x11
 1300 034c A8000000 		.4byte	0xa8
 1301 0350 60       		.byte	0x60
 1302 0351 01       		.uleb128 0x1
 1303 0352 05000000 		.4byte	.LASF55
 1304 0356 0B       		.byte	0xb
 1305 0357 CC       		.byte	0xcc
 1306 0358 11       		.byte	0x11
 1307 0359 A8000000 		.4byte	0xa8
 1308 035d 64       		.byte	0x64
 1309 035e 01       		.uleb128 0x1
 1310 035f FF020000 		.4byte	.LASF56
 1311 0363 0B       		.byte	0xb
ARM GAS  /tmp/ccQKr0Dm.s 			page 24


 1312 0364 CD       		.byte	0xcd
 1313 0365 11       		.byte	0x11
 1314 0366 A8000000 		.4byte	0xa8
 1315 036a 68       		.byte	0x68
 1316 036b 01       		.uleb128 0x1
 1317 036c 0A000000 		.4byte	.LASF57
 1318 0370 0B       		.byte	0xb
 1319 0371 CE       		.byte	0xce
 1320 0372 11       		.byte	0x11
 1321 0373 A8000000 		.4byte	0xa8
 1322 0377 6C       		.byte	0x6c
 1323 0378 01       		.uleb128 0x1
 1324 0379 77050000 		.4byte	.LASF58
 1325 037d 0B       		.byte	0xb
 1326 037e CF       		.byte	0xcf
 1327 037f 11       		.byte	0x11
 1328 0380 15040000 		.4byte	0x415
 1329 0384 70       		.byte	0x70
 1330 0385 01       		.uleb128 0x1
 1331 0386 43070000 		.4byte	.LASF59
 1332 038a 0B       		.byte	0xb
 1333 038b D0       		.byte	0xd0
 1334 038c 11       		.byte	0x11
 1335 038d A8000000 		.4byte	0xa8
 1336 0391 80       		.byte	0x80
 1337 0392 01       		.uleb128 0x1
 1338 0393 F2000000 		.4byte	.LASF60
 1339 0397 0B       		.byte	0xb
 1340 0398 D1       		.byte	0xd1
 1341 0399 11       		.byte	0x11
 1342 039a A8000000 		.4byte	0xa8
 1343 039e 84       		.byte	0x84
 1344 039f 01       		.uleb128 0x1
 1345 03a0 48070000 		.4byte	.LASF61
 1346 03a4 0B       		.byte	0xb
 1347 03a5 D2       		.byte	0xd2
 1348 03a6 11       		.byte	0x11
 1349 03a7 A8000000 		.4byte	0xa8
 1350 03ab 88       		.byte	0x88
 1351 03ac 01       		.uleb128 0x1
 1352 03ad DA040000 		.4byte	.LASF62
 1353 03b1 0B       		.byte	0xb
 1354 03b2 D3       		.byte	0xd3
 1355 03b3 11       		.byte	0x11
 1356 03b4 A8000000 		.4byte	0xa8
 1357 03b8 8C       		.byte	0x8c
 1358 03b9 01       		.uleb128 0x1
 1359 03ba 81050000 		.4byte	.LASF63
 1360 03be 0B       		.byte	0xb
 1361 03bf D4       		.byte	0xd4
 1362 03c0 11       		.byte	0x11
 1363 03c1 15040000 		.4byte	0x415
 1364 03c5 90       		.byte	0x90
 1365 03c6 01       		.uleb128 0x1
 1366 03c7 B0020000 		.4byte	.LASF64
 1367 03cb 0B       		.byte	0xb
 1368 03cc D5       		.byte	0xd5
ARM GAS  /tmp/ccQKr0Dm.s 			page 25


 1369 03cd 11       		.byte	0x11
 1370 03ce A8000000 		.4byte	0xa8
 1371 03d2 A0       		.byte	0xa0
 1372 03d3 01       		.uleb128 0x1
 1373 03d4 41000000 		.4byte	.LASF65
 1374 03d8 0B       		.byte	0xb
 1375 03d9 D6       		.byte	0xd6
 1376 03da 11       		.byte	0x11
 1377 03db A8000000 		.4byte	0xa8
 1378 03df A4       		.byte	0xa4
 1379 03e0 01       		.uleb128 0x1
 1380 03e1 8B050000 		.4byte	.LASF66
 1381 03e5 0B       		.byte	0xb
 1382 03e6 D7       		.byte	0xd7
 1383 03e7 11       		.byte	0x11
 1384 03e8 9C000000 		.4byte	0x9c
 1385 03ec A8       		.byte	0xa8
 1386 03ed 01       		.uleb128 0x1
 1387 03ee 36060000 		.4byte	.LASF67
 1388 03f2 0B       		.byte	0xb
 1389 03f3 D8       		.byte	0xd8
 1390 03f4 11       		.byte	0x11
 1391 03f5 9C000000 		.4byte	0x9c
 1392 03f9 AC       		.byte	0xac
 1393 03fa 01       		.uleb128 0x1
 1394 03fb 9D000000 		.4byte	.LASF68
 1395 03ff 0B       		.byte	0xb
 1396 0400 D9       		.byte	0xd9
 1397 0401 11       		.byte	0x11
 1398 0402 A8000000 		.4byte	0xa8
 1399 0406 B0       		.byte	0xb0
 1400 0407 01       		.uleb128 0x1
 1401 0408 40060000 		.4byte	.LASF69
 1402 040c 0B       		.byte	0xb
 1403 040d DA       		.byte	0xda
 1404 040e 11       		.byte	0x11
 1405 040f A8000000 		.4byte	0xa8
 1406 0413 B4       		.byte	0xb4
 1407 0414 00       		.byte	0
 1408 0415 11       		.uleb128 0x11
 1409 0416 9C000000 		.4byte	0x9c
 1410 041a 25040000 		.4byte	0x425
 1411 041e 12       		.uleb128 0x12
 1412 041f 2D000000 		.4byte	0x2d
 1413 0423 03       		.byte	0x3
 1414 0424 00       		.byte	0
 1415 0425 05       		.uleb128 0x5
 1416 0426 9A010000 		.4byte	.LASF70
 1417 042a 0B       		.byte	0xb
 1418 042b DC       		.byte	0xdc
 1419 042c 03       		.byte	0x3
 1420 042d 2D020000 		.4byte	0x22d
 1421 0431 1D       		.uleb128 0x1d
 1422 0432 10       		.byte	0x10
 1423 0433 0B       		.byte	0xb
 1424 0434 DE       		.byte	0xde
 1425 0435 6E040000 		.4byte	0x46e
ARM GAS  /tmp/ccQKr0Dm.s 			page 26


 1426 0439 0A       		.uleb128 0xa
 1427 043a 43535200 		.ascii	"CSR\000"
 1428 043e 0B       		.byte	0xb
 1429 043f E0       		.byte	0xe0
 1430 0440 11       		.byte	0x11
 1431 0441 A8000000 		.4byte	0xa8
 1432 0445 00       		.byte	0
 1433 0446 01       		.uleb128 0x1
 1434 0447 F4050000 		.4byte	.LASF71
 1435 044b 0B       		.byte	0xb
 1436 044c E1       		.byte	0xe1
 1437 044d 11       		.byte	0x11
 1438 044e 9C000000 		.4byte	0x9c
 1439 0452 04       		.byte	0x4
 1440 0453 0A       		.uleb128 0xa
 1441 0454 43435200 		.ascii	"CCR\000"
 1442 0458 0B       		.byte	0xb
 1443 0459 E2       		.byte	0xe2
 1444 045a 11       		.byte	0x11
 1445 045b A8000000 		.4byte	0xa8
 1446 045f 08       		.byte	0x8
 1447 0460 0A       		.uleb128 0xa
 1448 0461 43445200 		.ascii	"CDR\000"
 1449 0465 0B       		.byte	0xb
 1450 0466 E3       		.byte	0xe3
 1451 0467 11       		.byte	0x11
 1452 0468 A8000000 		.4byte	0xa8
 1453 046c 0C       		.byte	0xc
 1454 046d 00       		.byte	0
 1455 046e 05       		.uleb128 0x5
 1456 046f BE040000 		.4byte	.LASF72
 1457 0473 0B       		.byte	0xb
 1458 0474 E5       		.byte	0xe5
 1459 0475 03       		.byte	0x3
 1460 0476 31040000 		.4byte	0x431
 1461 047a 19       		.uleb128 0x19
 1462 047b 10       		.byte	0x10
 1463 047c 0B       		.byte	0xb
 1464 047d 6201     		.2byte	0x162
 1465 047f BC040000 		.4byte	0x4bc
 1466 0483 02       		.uleb128 0x2
 1467 0484 43435200 		.ascii	"CCR\000"
 1468 0488 0B       		.byte	0xb
 1469 0489 6401     		.2byte	0x164
 1470 048b 11       		.byte	0x11
 1471 048c A8000000 		.4byte	0xa8
 1472 0490 00       		.byte	0
 1473 0491 04       		.uleb128 0x4
 1474 0492 12070000 		.4byte	.LASF73
 1475 0496 0B       		.byte	0xb
 1476 0497 6501     		.2byte	0x165
 1477 0499 11       		.byte	0x11
 1478 049a A8000000 		.4byte	0xa8
 1479 049e 04       		.byte	0x4
 1480 049f 04       		.uleb128 0x4
 1481 04a0 7D020000 		.4byte	.LASF74
 1482 04a4 0B       		.byte	0xb
ARM GAS  /tmp/ccQKr0Dm.s 			page 27


 1483 04a5 6601     		.2byte	0x166
 1484 04a7 11       		.byte	0x11
 1485 04a8 A8000000 		.4byte	0xa8
 1486 04ac 08       		.byte	0x8
 1487 04ad 04       		.uleb128 0x4
 1488 04ae 18070000 		.4byte	.LASF75
 1489 04b2 0B       		.byte	0xb
 1490 04b3 6701     		.2byte	0x167
 1491 04b5 11       		.byte	0x11
 1492 04b6 A8000000 		.4byte	0xa8
 1493 04ba 0C       		.byte	0xc
 1494 04bb 00       		.byte	0
 1495 04bc 0F       		.uleb128 0xf
 1496 04bd 92020000 		.4byte	.LASF76
 1497 04c1 0B       		.byte	0xb
 1498 04c2 6801     		.2byte	0x168
 1499 04c4 03       		.byte	0x3
 1500 04c5 7A040000 		.4byte	0x47a
 1501 04c9 19       		.uleb128 0x19
 1502 04ca 08       		.byte	0x8
 1503 04cb 0B       		.byte	0xb
 1504 04cc 6A01     		.2byte	0x16a
 1505 04ce EF040000 		.4byte	0x4ef
 1506 04d2 02       		.uleb128 0x2
 1507 04d3 49535200 		.ascii	"ISR\000"
 1508 04d7 0B       		.byte	0xb
 1509 04d8 6C01     		.2byte	0x16c
 1510 04da 11       		.byte	0x11
 1511 04db A8000000 		.4byte	0xa8
 1512 04df 00       		.byte	0
 1513 04e0 04       		.uleb128 0x4
 1514 04e1 48060000 		.4byte	.LASF77
 1515 04e5 0B       		.byte	0xb
 1516 04e6 6D01     		.2byte	0x16d
 1517 04e8 11       		.byte	0x11
 1518 04e9 A8000000 		.4byte	0xa8
 1519 04ed 04       		.byte	0x4
 1520 04ee 00       		.byte	0
 1521 04ef 0F       		.uleb128 0xf
 1522 04f0 3A020000 		.4byte	.LASF78
 1523 04f4 0B       		.byte	0xb
 1524 04f5 6E01     		.2byte	0x16e
 1525 04f7 03       		.byte	0x3
 1526 04f8 C9040000 		.4byte	0x4c9
 1527 04fc 05       		.uleb128 0x5
 1528 04fd EC010000 		.4byte	.LASF79
 1529 0501 0C       		.byte	0xc
 1530 0502 65       		.byte	0x65
 1531 0503 0F       		.byte	0xf
 1532 0504 1B020000 		.4byte	0x21b
 1533 0508 05       		.uleb128 0x5
 1534 0509 16030000 		.4byte	.LASF80
 1535 050d 0C       		.byte	0xc
 1536 050e 6D       		.byte	0x6d
 1537 050f 12       		.byte	0x12
 1538 0510 B4000000 		.4byte	0xb4
 1539 0514 18       		.uleb128 0x18
ARM GAS  /tmp/ccQKr0Dm.s 			page 28


 1540 0515 DF040000 		.4byte	.LASF81
 1541 0519 04       		.byte	0x4
 1542 051a 0C       		.byte	0xc
 1543 051b 89       		.byte	0x89
 1544 051c 2D050000 		.4byte	0x52d
 1545 0520 0A       		.uleb128 0xa
 1546 0521 737000   		.ascii	"sp\000"
 1547 0524 0C       		.byte	0xc
 1548 0525 8A       		.byte	0x8a
 1549 0526 17       		.byte	0x17
 1550 0527 92060000 		.4byte	0x692
 1551 052b 00       		.byte	0
 1552 052c 00       		.byte	0
 1553 052d 21       		.uleb128 0x21
 1554 052e F7000000 		.4byte	.LASF82
 1555 0532 64       		.byte	0x64
 1556 0533 04       		.byte	0x4
 1557 0534 6001     		.2byte	0x160
 1558 0536 92060000 		.4byte	0x692
 1559 053a 02       		.uleb128 0x2
 1560 053b 73313600 		.ascii	"s16\000"
 1561 053f 04       		.byte	0x4
 1562 0540 6201     		.2byte	0x162
 1563 0542 11       		.byte	0x11
 1564 0543 FC040000 		.4byte	0x4fc
 1565 0547 00       		.byte	0
 1566 0548 02       		.uleb128 0x2
 1567 0549 73313700 		.ascii	"s17\000"
 1568 054d 04       		.byte	0x4
 1569 054e 6301     		.2byte	0x163
 1570 0550 11       		.byte	0x11
 1571 0551 FC040000 		.4byte	0x4fc
 1572 0555 04       		.byte	0x4
 1573 0556 02       		.uleb128 0x2
 1574 0557 73313800 		.ascii	"s18\000"
 1575 055b 04       		.byte	0x4
 1576 055c 6401     		.2byte	0x164
 1577 055e 11       		.byte	0x11
 1578 055f FC040000 		.4byte	0x4fc
 1579 0563 08       		.byte	0x8
 1580 0564 02       		.uleb128 0x2
 1581 0565 73313900 		.ascii	"s19\000"
 1582 0569 04       		.byte	0x4
 1583 056a 6501     		.2byte	0x165
 1584 056c 11       		.byte	0x11
 1585 056d FC040000 		.4byte	0x4fc
 1586 0571 0C       		.byte	0xc
 1587 0572 02       		.uleb128 0x2
 1588 0573 73323000 		.ascii	"s20\000"
 1589 0577 04       		.byte	0x4
 1590 0578 6601     		.2byte	0x166
 1591 057a 11       		.byte	0x11
 1592 057b FC040000 		.4byte	0x4fc
 1593 057f 10       		.byte	0x10
 1594 0580 02       		.uleb128 0x2
 1595 0581 73323100 		.ascii	"s21\000"
 1596 0585 04       		.byte	0x4
ARM GAS  /tmp/ccQKr0Dm.s 			page 29


 1597 0586 6701     		.2byte	0x167
 1598 0588 11       		.byte	0x11
 1599 0589 FC040000 		.4byte	0x4fc
 1600 058d 14       		.byte	0x14
 1601 058e 02       		.uleb128 0x2
 1602 058f 73323200 		.ascii	"s22\000"
 1603 0593 04       		.byte	0x4
 1604 0594 6801     		.2byte	0x168
 1605 0596 11       		.byte	0x11
 1606 0597 FC040000 		.4byte	0x4fc
 1607 059b 18       		.byte	0x18
 1608 059c 02       		.uleb128 0x2
 1609 059d 73323300 		.ascii	"s23\000"
 1610 05a1 04       		.byte	0x4
 1611 05a2 6901     		.2byte	0x169
 1612 05a4 11       		.byte	0x11
 1613 05a5 FC040000 		.4byte	0x4fc
 1614 05a9 1C       		.byte	0x1c
 1615 05aa 02       		.uleb128 0x2
 1616 05ab 73323400 		.ascii	"s24\000"
 1617 05af 04       		.byte	0x4
 1618 05b0 6A01     		.2byte	0x16a
 1619 05b2 11       		.byte	0x11
 1620 05b3 FC040000 		.4byte	0x4fc
 1621 05b7 20       		.byte	0x20
 1622 05b8 02       		.uleb128 0x2
 1623 05b9 73323500 		.ascii	"s25\000"
 1624 05bd 04       		.byte	0x4
 1625 05be 6B01     		.2byte	0x16b
 1626 05c0 11       		.byte	0x11
 1627 05c1 FC040000 		.4byte	0x4fc
 1628 05c5 24       		.byte	0x24
 1629 05c6 02       		.uleb128 0x2
 1630 05c7 73323600 		.ascii	"s26\000"
 1631 05cb 04       		.byte	0x4
 1632 05cc 6C01     		.2byte	0x16c
 1633 05ce 11       		.byte	0x11
 1634 05cf FC040000 		.4byte	0x4fc
 1635 05d3 28       		.byte	0x28
 1636 05d4 02       		.uleb128 0x2
 1637 05d5 73323700 		.ascii	"s27\000"
 1638 05d9 04       		.byte	0x4
 1639 05da 6D01     		.2byte	0x16d
 1640 05dc 11       		.byte	0x11
 1641 05dd FC040000 		.4byte	0x4fc
 1642 05e1 2C       		.byte	0x2c
 1643 05e2 02       		.uleb128 0x2
 1644 05e3 73323800 		.ascii	"s28\000"
 1645 05e7 04       		.byte	0x4
 1646 05e8 6E01     		.2byte	0x16e
 1647 05ea 11       		.byte	0x11
 1648 05eb FC040000 		.4byte	0x4fc
 1649 05ef 30       		.byte	0x30
 1650 05f0 02       		.uleb128 0x2
 1651 05f1 73323900 		.ascii	"s29\000"
 1652 05f5 04       		.byte	0x4
 1653 05f6 6F01     		.2byte	0x16f
ARM GAS  /tmp/ccQKr0Dm.s 			page 30


 1654 05f8 11       		.byte	0x11
 1655 05f9 FC040000 		.4byte	0x4fc
 1656 05fd 34       		.byte	0x34
 1657 05fe 02       		.uleb128 0x2
 1658 05ff 73333000 		.ascii	"s30\000"
 1659 0603 04       		.byte	0x4
 1660 0604 7001     		.2byte	0x170
 1661 0606 11       		.byte	0x11
 1662 0607 FC040000 		.4byte	0x4fc
 1663 060b 38       		.byte	0x38
 1664 060c 02       		.uleb128 0x2
 1665 060d 73333100 		.ascii	"s31\000"
 1666 0611 04       		.byte	0x4
 1667 0612 7101     		.2byte	0x171
 1668 0614 11       		.byte	0x11
 1669 0615 FC040000 		.4byte	0x4fc
 1670 0619 3C       		.byte	0x3c
 1671 061a 02       		.uleb128 0x2
 1672 061b 723400   		.ascii	"r4\000"
 1673 061e 04       		.byte	0x4
 1674 061f 7301     		.2byte	0x173
 1675 0621 11       		.byte	0x11
 1676 0622 FC040000 		.4byte	0x4fc
 1677 0626 40       		.byte	0x40
 1678 0627 02       		.uleb128 0x2
 1679 0628 723500   		.ascii	"r5\000"
 1680 062b 04       		.byte	0x4
 1681 062c 7401     		.2byte	0x174
 1682 062e 11       		.byte	0x11
 1683 062f FC040000 		.4byte	0x4fc
 1684 0633 44       		.byte	0x44
 1685 0634 02       		.uleb128 0x2
 1686 0635 723600   		.ascii	"r6\000"
 1687 0638 04       		.byte	0x4
 1688 0639 7501     		.2byte	0x175
 1689 063b 11       		.byte	0x11
 1690 063c FC040000 		.4byte	0x4fc
 1691 0640 48       		.byte	0x48
 1692 0641 02       		.uleb128 0x2
 1693 0642 723700   		.ascii	"r7\000"
 1694 0645 04       		.byte	0x4
 1695 0646 7601     		.2byte	0x176
 1696 0648 11       		.byte	0x11
 1697 0649 FC040000 		.4byte	0x4fc
 1698 064d 4C       		.byte	0x4c
 1699 064e 02       		.uleb128 0x2
 1700 064f 723800   		.ascii	"r8\000"
 1701 0652 04       		.byte	0x4
 1702 0653 7701     		.2byte	0x177
 1703 0655 11       		.byte	0x11
 1704 0656 FC040000 		.4byte	0x4fc
 1705 065a 50       		.byte	0x50
 1706 065b 02       		.uleb128 0x2
 1707 065c 723900   		.ascii	"r9\000"
 1708 065f 04       		.byte	0x4
 1709 0660 7801     		.2byte	0x178
 1710 0662 11       		.byte	0x11
ARM GAS  /tmp/ccQKr0Dm.s 			page 31


 1711 0663 FC040000 		.4byte	0x4fc
 1712 0667 54       		.byte	0x54
 1713 0668 02       		.uleb128 0x2
 1714 0669 72313000 		.ascii	"r10\000"
 1715 066d 04       		.byte	0x4
 1716 066e 7901     		.2byte	0x179
 1717 0670 11       		.byte	0x11
 1718 0671 FC040000 		.4byte	0x4fc
 1719 0675 58       		.byte	0x58
 1720 0676 02       		.uleb128 0x2
 1721 0677 72313100 		.ascii	"r11\000"
 1722 067b 04       		.byte	0x4
 1723 067c 7A01     		.2byte	0x17a
 1724 067e 11       		.byte	0x11
 1725 067f FC040000 		.4byte	0x4fc
 1726 0683 5C       		.byte	0x5c
 1727 0684 02       		.uleb128 0x2
 1728 0685 6C7200   		.ascii	"lr\000"
 1729 0688 04       		.byte	0x4
 1730 0689 7B01     		.2byte	0x17b
 1731 068b 11       		.byte	0x11
 1732 068c FC040000 		.4byte	0x4fc
 1733 0690 60       		.byte	0x60
 1734 0691 00       		.byte	0
 1735 0692 07       		.uleb128 0x7
 1736 0693 2D050000 		.4byte	0x52d
 1737 0697 28       		.uleb128 0x28
 1738 0698 04       		.byte	0x4
 1739 0699 0A       		.byte	0xa
 1740 069a D2       		.byte	0xd2
 1741 069b 03       		.byte	0x3
 1742 069c CD060000 		.4byte	0x6cd
 1743 06a0 1A       		.uleb128 0x1a
 1744 06a1 28000000 		.4byte	.LASF83
 1745 06a5 D9       		.byte	0xd9
 1746 06a6 19       		.byte	0x19
 1747 06a7 F0000000 		.4byte	0xf0
 1748 06ab 1A       		.uleb128 0x1a
 1749 06ac 89000000 		.4byte	.LASF84
 1750 06b0 E0       		.byte	0xe0
 1751 06b1 19       		.byte	0x19
 1752 06b2 F0000000 		.4byte	0xf0
 1753 06b6 1A       		.uleb128 0x1a
 1754 06b7 55070000 		.4byte	.LASF85
 1755 06bb E7       		.byte	0xe7
 1756 06bc 1A       		.byte	0x1a
 1757 06bd 1B020000 		.4byte	0x21b
 1758 06c1 1A       		.uleb128 0x1a
 1759 06c2 82020000 		.4byte	.LASF86
 1760 06c6 EE       		.byte	0xee
 1761 06c7 1A       		.byte	0x1a
 1762 06c8 CD060000 		.4byte	0x6cd
 1763 06cc 00       		.byte	0
 1764 06cd 07       		.uleb128 0x7
 1765 06ce B1010000 		.4byte	0x1b1
 1766 06d2 07       		.uleb128 0x7
 1767 06d3 DE060000 		.4byte	0x6de
ARM GAS  /tmp/ccQKr0Dm.s 			page 32


 1768 06d7 0C       		.uleb128 0xc
 1769 06d8 01       		.byte	0x1
 1770 06d9 08       		.byte	0x8
 1771 06da 53060000 		.4byte	.LASF87
 1772 06de 0D       		.uleb128 0xd
 1773 06df D7060000 		.4byte	0x6d7
 1774 06e3 07       		.uleb128 0x7
 1775 06e4 08050000 		.4byte	0x508
 1776 06e8 1D       		.uleb128 0x1d
 1777 06e9 14       		.byte	0x14
 1778 06ea 0D       		.byte	0xd
 1779 06eb E4       		.byte	0xe4
 1780 06ec 4C070000 		.4byte	0x74c
 1781 06f0 0A       		.uleb128 0xa
 1782 06f1 646D6100 		.ascii	"dma\000"
 1783 06f5 0D       		.byte	0xd
 1784 06f6 E5       		.byte	0xe5
 1785 06f7 1A       		.byte	0x1a
 1786 06f8 4C070000 		.4byte	0x74c
 1787 06fc 00       		.byte	0
 1788 06fd 01       		.uleb128 0x1
 1789 06fe 1E060000 		.4byte	.LASF88
 1790 0702 0D       		.byte	0xd
 1791 0703 E6       		.byte	0xe6
 1792 0704 1A       		.byte	0x1a
 1793 0705 51070000 		.4byte	0x751
 1794 0709 04       		.byte	0x4
 1795 070a 01       		.uleb128 0x1
 1796 070b 36030000 		.4byte	.LASF89
 1797 070f 0D       		.byte	0xd
 1798 0710 E7       		.byte	0xe7
 1799 0711 19       		.byte	0x19
 1800 0712 9C000000 		.4byte	0x9c
 1801 0716 08       		.byte	0x8
 1802 0717 01       		.uleb128 0x1
 1803 0718 3D010000 		.4byte	.LASF90
 1804 071c 0D       		.byte	0xd
 1805 071d E9       		.byte	0xe9
 1806 071e 1A       		.byte	0x1a
 1807 071f 56070000 		.4byte	0x756
 1808 0723 0C       		.byte	0xc
 1809 0724 01       		.uleb128 0x1
 1810 0725 A6010000 		.4byte	.LASF91
 1811 0729 0D       		.byte	0xd
 1812 072a EA       		.byte	0xea
 1813 072b 19       		.byte	0x19
 1814 072c 76000000 		.4byte	0x76
 1815 0730 10       		.byte	0x10
 1816 0731 01       		.uleb128 0x1
 1817 0732 F5010000 		.4byte	.LASF92
 1818 0736 0D       		.byte	0xd
 1819 0737 EC       		.byte	0xec
 1820 0738 19       		.byte	0x19
 1821 0739 76000000 		.4byte	0x76
 1822 073d 11       		.byte	0x11
 1823 073e 01       		.uleb128 0x1
 1824 073f 3A000000 		.4byte	.LASF93
ARM GAS  /tmp/ccQKr0Dm.s 			page 33


 1825 0743 0D       		.byte	0xd
 1826 0744 ED       		.byte	0xed
 1827 0745 19       		.byte	0x19
 1828 0746 76000000 		.4byte	0x76
 1829 074a 12       		.byte	0x12
 1830 074b 00       		.byte	0
 1831 074c 07       		.uleb128 0x7
 1832 074d EF040000 		.4byte	0x4ef
 1833 0751 07       		.uleb128 0x7
 1834 0752 BC040000 		.4byte	0x4bc
 1835 0756 07       		.uleb128 0x7
 1836 0757 A8000000 		.4byte	0xa8
 1837 075b 05       		.uleb128 0x5
 1838 075c C0050000 		.4byte	.LASF94
 1839 0760 0D       		.byte	0xd
 1840 0761 EE       		.byte	0xee
 1841 0762 03       		.byte	0x3
 1842 0763 E8060000 		.4byte	0x6e8
 1843 0767 0D       		.uleb128 0xd
 1844 0768 5B070000 		.4byte	0x75b
 1845 076c 0C       		.uleb128 0xc
 1846 076d 01       		.byte	0x1
 1847 076e 02       		.byte	0x2
 1848 076f A4050000 		.4byte	.LASF95
 1849 0773 29       		.uleb128 0x29
 1850 0774 07       		.byte	0x7
 1851 0775 01       		.byte	0x1
 1852 0776 82000000 		.4byte	0x82
 1853 077a 0E       		.byte	0xe
 1854 077b 46       		.byte	0x46
 1855 077c 0E       		.byte	0xe
 1856 077d A6070000 		.4byte	0x7a6
 1857 0781 0E       		.uleb128 0xe
 1858 0782 92000000 		.4byte	.LASF96
 1859 0786 00       		.byte	0
 1860 0787 0E       		.uleb128 0xe
 1861 0788 B5040000 		.4byte	.LASF97
 1862 078c 01       		.byte	0x1
 1863 078d 0E       		.uleb128 0xe
 1864 078e D4020000 		.4byte	.LASF98
 1865 0792 02       		.byte	0x2
 1866 0793 0E       		.uleb128 0xe
 1867 0794 2F020000 		.4byte	.LASF99
 1868 0798 03       		.byte	0x3
 1869 0799 0E       		.uleb128 0xe
 1870 079a 82060000 		.4byte	.LASF100
 1871 079e 04       		.byte	0x4
 1872 079f 0E       		.uleb128 0xe
 1873 07a0 E6060000 		.4byte	.LASF101
 1874 07a4 05       		.byte	0x5
 1875 07a5 00       		.byte	0
 1876 07a6 05       		.uleb128 0x5
 1877 07a7 2F000000 		.4byte	.LASF102
 1878 07ab 0E       		.byte	0xe
 1879 07ac 4D       		.byte	0x4d
 1880 07ad 03       		.byte	0x3
 1881 07ae 73070000 		.4byte	0x773
ARM GAS  /tmp/ccQKr0Dm.s 			page 34


 1882 07b2 0F       		.uleb128 0xf
 1883 07b3 C1010000 		.4byte	.LASF103
 1884 07b7 0F       		.byte	0xf
 1885 07b8 4C02     		.2byte	0x24c
 1886 07ba 12       		.byte	0x12
 1887 07bb 89000000 		.4byte	0x89
 1888 07bf 0F       		.uleb128 0xf
 1889 07c0 61070000 		.4byte	.LASF104
 1890 07c4 0F       		.byte	0xf
 1891 07c5 5402     		.2byte	0x254
 1892 07c7 12       		.byte	0x12
 1893 07c8 89000000 		.4byte	0x89
 1894 07cc 2A       		.uleb128 0x2a
 1895 07cd 07       		.byte	0x7
 1896 07ce 01       		.byte	0x1
 1897 07cf 82000000 		.4byte	0x82
 1898 07d3 0F       		.byte	0xf
 1899 07d4 5B02     		.2byte	0x25b
 1900 07d6 0E       		.byte	0xe
 1901 07d7 FA070000 		.4byte	0x7fa
 1902 07db 0E       		.uleb128 0xe
 1903 07dc BA070000 		.4byte	.LASF105
 1904 07e0 00       		.byte	0
 1905 07e1 0E       		.uleb128 0xe
 1906 07e2 18020000 		.4byte	.LASF106
 1907 07e6 01       		.byte	0x1
 1908 07e7 0E       		.uleb128 0xe
 1909 07e8 16010000 		.4byte	.LASF107
 1910 07ec 02       		.byte	0x2
 1911 07ed 0E       		.uleb128 0xe
 1912 07ee 23010000 		.4byte	.LASF108
 1913 07f2 03       		.byte	0x3
 1914 07f3 0E       		.uleb128 0xe
 1915 07f4 30010000 		.4byte	.LASF109
 1916 07f8 04       		.byte	0x4
 1917 07f9 00       		.byte	0
 1918 07fa 0F       		.uleb128 0xf
 1919 07fb 67000000 		.4byte	.LASF110
 1920 07ff 0F       		.byte	0xf
 1921 0800 6102     		.2byte	0x261
 1922 0802 03       		.byte	0x3
 1923 0803 CC070000 		.4byte	0x7cc
 1924 0807 0F       		.uleb128 0xf
 1925 0808 88020000 		.4byte	.LASF111
 1926 080c 0F       		.byte	0xf
 1927 080d 6602     		.2byte	0x266
 1928 080f 1A       		.byte	0x1a
 1929 0810 14080000 		.4byte	0x814
 1930 0814 21       		.uleb128 0x21
 1931 0815 88020000 		.4byte	.LASF111
 1932 0819 28       		.byte	0x28
 1933 081a 0F       		.byte	0xf
 1934 081b CE02     		.2byte	0x2ce
 1935 081d AE080000 		.4byte	0x8ae
 1936 0821 04       		.uleb128 0x4
 1937 0822 43010000 		.4byte	.LASF28
 1938 0826 0F       		.byte	0xf
ARM GAS  /tmp/ccQKr0Dm.s 			page 35


 1939 0827 D202     		.2byte	0x2d2
 1940 0829 1D       		.byte	0x1d
 1941 082a A6070000 		.4byte	0x7a6
 1942 082e 00       		.byte	0
 1943 082f 04       		.uleb128 0x4
 1944 0830 5E060000 		.4byte	.LASF112
 1945 0834 0F       		.byte	0xf
 1946 0835 D602     		.2byte	0x2d6
 1947 0837 1E       		.byte	0x1e
 1948 0838 B7090000 		.4byte	0x9b7
 1949 083c 04       		.byte	0x4
 1950 083d 04       		.uleb128 0x4
 1951 083e 4E030000 		.4byte	.LASF113
 1952 0842 0F       		.byte	0xf
 1953 0843 DA02     		.2byte	0x2da
 1954 0845 1E       		.byte	0x1e
 1955 0846 DA080000 		.4byte	0x8da
 1956 084a 08       		.byte	0x8
 1957 084b 04       		.uleb128 0x4
 1958 084c 4D060000 		.4byte	.LASF114
 1959 0850 0F       		.byte	0xf
 1960 0851 DE02     		.2byte	0x2de
 1961 0853 1D       		.byte	0x1d
 1962 0854 3B000000 		.4byte	0x3b
 1963 0858 0C       		.byte	0xc
 1964 0859 04       		.uleb128 0x4
 1965 085a 3C030000 		.4byte	.LASF115
 1966 085e 0F       		.byte	0xf
 1967 085f E202     		.2byte	0x2e2
 1968 0861 1E       		.byte	0x1e
 1969 0862 BC090000 		.4byte	0x9bc
 1970 0866 10       		.byte	0x10
 1971 0867 04       		.uleb128 0x4
 1972 0868 9D050000 		.4byte	.LASF116
 1973 086c 0F       		.byte	0xf
 1974 086d E702     		.2byte	0x2e7
 1975 086f 1D       		.byte	0x1d
 1976 0870 B1010000 		.4byte	0x1b1
 1977 0874 14       		.byte	0x14
 1978 0875 04       		.uleb128 0x4
 1979 0876 8A070000 		.4byte	.LASF117
 1980 087a 0F       		.byte	0xf
 1981 087b F602     		.2byte	0x2f6
 1982 087d 1E       		.byte	0x1e
 1983 087e C1090000 		.4byte	0x9c1
 1984 0882 18       		.byte	0x18
 1985 0883 04       		.uleb128 0x4
 1986 0884 5C070000 		.4byte	.LASF118
 1987 0888 0F       		.byte	0xf
 1988 0889 0003     		.2byte	0x300
 1989 088b 1E       		.byte	0x1e
 1990 088c C6090000 		.4byte	0x9c6
 1991 0890 1C       		.byte	0x1c
 1992 0891 04       		.uleb128 0x4
 1993 0892 0F010000 		.4byte	.LASF119
 1994 0896 0F       		.byte	0xf
 1995 0897 0403     		.2byte	0x304
ARM GAS  /tmp/ccQKr0Dm.s 			page 36


 1996 0899 1E       		.byte	0x1e
 1997 089a CB090000 		.4byte	0x9cb
 1998 089e 20       		.byte	0x20
 1999 089f 04       		.uleb128 0x4
 2000 08a0 4D070000 		.4byte	.LASF120
 2001 08a4 0F       		.byte	0xf
 2002 08a5 0803     		.2byte	0x308
 2003 08a7 1D       		.byte	0x1d
 2004 08a8 9C000000 		.4byte	0x9c
 2005 08ac 24       		.byte	0x24
 2006 08ad 00       		.byte	0
 2007 08ae 0F       		.uleb128 0xf
 2008 08af B3010000 		.4byte	.LASF121
 2009 08b3 0F       		.byte	0xf
 2010 08b4 7002     		.2byte	0x270
 2011 08b6 10       		.byte	0x10
 2012 08b7 BB080000 		.4byte	0x8bb
 2013 08bb 07       		.uleb128 0x7
 2014 08bc C0080000 		.4byte	0x8c0
 2015 08c0 22       		.uleb128 0x22
 2016 08c1 D5080000 		.4byte	0x8d5
 2017 08c5 09       		.uleb128 0x9
 2018 08c6 D5080000 		.4byte	0x8d5
 2019 08ca 09       		.uleb128 0x9
 2020 08cb DA080000 		.4byte	0x8da
 2021 08cf 09       		.uleb128 0x9
 2022 08d0 3B000000 		.4byte	0x3b
 2023 08d4 00       		.byte	0
 2024 08d5 07       		.uleb128 0x7
 2025 08d6 07080000 		.4byte	0x807
 2026 08da 07       		.uleb128 0x7
 2027 08db B2070000 		.4byte	0x7b2
 2028 08df 0F       		.uleb128 0xf
 2029 08e0 7E010000 		.4byte	.LASF122
 2030 08e4 0F       		.byte	0xf
 2031 08e5 7902     		.2byte	0x279
 2032 08e7 10       		.byte	0x10
 2033 08e8 EC080000 		.4byte	0x8ec
 2034 08ec 07       		.uleb128 0x7
 2035 08ed F1080000 		.4byte	0x8f1
 2036 08f1 22       		.uleb128 0x22
 2037 08f2 01090000 		.4byte	0x901
 2038 08f6 09       		.uleb128 0x9
 2039 08f7 D5080000 		.4byte	0x8d5
 2040 08fb 09       		.uleb128 0x9
 2041 08fc FA070000 		.4byte	0x7fa
 2042 0900 00       		.byte	0
 2043 0901 19       		.uleb128 0x19
 2044 0902 2C       		.byte	0x2c
 2045 0903 0F       		.byte	0xf
 2046 0904 8302     		.2byte	0x283
 2047 0906 7B090000 		.4byte	0x97b
 2048 090a 04       		.uleb128 0x4
 2049 090b 49010000 		.4byte	.LASF123
 2050 090f 0F       		.byte	0xf
 2051 0910 8702     		.2byte	0x287
 2052 0912 1D       		.byte	0x1d
ARM GAS  /tmp/ccQKr0Dm.s 			page 37


 2053 0913 6C070000 		.4byte	0x76c
 2054 0917 00       		.byte	0
 2055 0918 04       		.uleb128 0x4
 2056 0919 8F060000 		.4byte	.LASF124
 2057 091d 0F       		.byte	0xf
 2058 091e 8B02     		.2byte	0x28b
 2059 0920 1D       		.byte	0x1d
 2060 0921 BF070000 		.4byte	0x7bf
 2061 0925 02       		.byte	0x2
 2062 0926 04       		.uleb128 0x4
 2063 0927 AC010000 		.4byte	.LASF125
 2064 092b 0F       		.byte	0xf
 2065 092c 8F02     		.2byte	0x28f
 2066 092e 1D       		.byte	0x1d
 2067 092f AE080000 		.4byte	0x8ae
 2068 0933 04       		.byte	0x4
 2069 0934 04       		.uleb128 0x4
 2070 0935 EB050000 		.4byte	.LASF126
 2071 0939 0F       		.byte	0xf
 2072 093a 9302     		.2byte	0x293
 2073 093c 1D       		.byte	0x1d
 2074 093d DF080000 		.4byte	0x8df
 2075 0941 08       		.byte	0x8
 2076 0942 04       		.uleb128 0x4
 2077 0943 3E070000 		.4byte	.LASF127
 2078 0947 0F       		.byte	0xf
 2079 0948 9D02     		.2byte	0x29d
 2080 094a 1D       		.byte	0x1d
 2081 094b 9C000000 		.4byte	0x9c
 2082 094f 0C       		.byte	0xc
 2083 0950 02       		.uleb128 0x2
 2084 0951 74723100 		.ascii	"tr1\000"
 2085 0955 0F       		.byte	0xf
 2086 0956 A102     		.2byte	0x2a1
 2087 0958 1D       		.byte	0x1d
 2088 0959 9C000000 		.4byte	0x9c
 2089 095d 10       		.byte	0x10
 2090 095e 04       		.uleb128 0x4
 2091 095f AB020000 		.4byte	.LASF128
 2092 0963 0F       		.byte	0xf
 2093 0964 AE02     		.2byte	0x2ae
 2094 0966 1D       		.byte	0x1d
 2095 0967 1D020000 		.4byte	0x21d
 2096 096b 14       		.byte	0x14
 2097 096c 02       		.uleb128 0x2
 2098 096d 73717200 		.ascii	"sqr\000"
 2099 0971 0F       		.byte	0xf
 2100 0972 B202     		.2byte	0x2b2
 2101 0974 1D       		.byte	0x1d
 2102 0975 15040000 		.4byte	0x415
 2103 0979 1C       		.byte	0x1c
 2104 097a 00       		.byte	0
 2105 097b 0F       		.uleb128 0xf
 2106 097c 2B070000 		.4byte	.LASF129
 2107 0980 0F       		.byte	0xf
 2108 0981 BF02     		.2byte	0x2bf
 2109 0983 03       		.byte	0x3
ARM GAS  /tmp/ccQKr0Dm.s 			page 38


 2110 0984 01090000 		.4byte	0x901
 2111 0988 0D       		.uleb128 0xd
 2112 0989 7B090000 		.4byte	0x97b
 2113 098d 19       		.uleb128 0x19
 2114 098e 04       		.byte	0x4
 2115 098f 0F       		.byte	0xf
 2116 0990 C402     		.2byte	0x2c4
 2117 0992 A5090000 		.4byte	0x9a5
 2118 0996 04       		.uleb128 0x4
 2119 0997 BA000000 		.4byte	.LASF130
 2120 099b 0F       		.byte	0xf
 2121 099c C802     		.2byte	0x2c8
 2122 099e 1D       		.byte	0x1d
 2123 099f 9C000000 		.4byte	0x9c
 2124 09a3 00       		.byte	0
 2125 09a4 00       		.byte	0
 2126 09a5 0F       		.uleb128 0xf
 2127 09a6 5B010000 		.4byte	.LASF131
 2128 09aa 0F       		.byte	0xf
 2129 09ab C902     		.2byte	0x2c9
 2130 09ad 03       		.byte	0x3
 2131 09ae 8D090000 		.4byte	0x98d
 2132 09b2 0D       		.uleb128 0xd
 2133 09b3 A5090000 		.4byte	0x9a5
 2134 09b7 07       		.uleb128 0x7
 2135 09b8 B2090000 		.4byte	0x9b2
 2136 09bc 07       		.uleb128 0x7
 2137 09bd 88090000 		.4byte	0x988
 2138 09c1 07       		.uleb128 0x7
 2139 09c2 25040000 		.4byte	0x425
 2140 09c6 07       		.uleb128 0x7
 2141 09c7 6E040000 		.4byte	0x46e
 2142 09cb 07       		.uleb128 0x7
 2143 09cc 67070000 		.4byte	0x767
 2144 09d0 2B       		.uleb128 0x2b
 2145 09d1 11050000 		.4byte	.LASF160
 2146 09d5 10       		.byte	0x10
 2147 09d6 F8       		.byte	0xf8
 2148 09d7 09       		.byte	0x9
 2149 09d8 F0000000 		.4byte	0xf0
 2150 09dc E6090000 		.4byte	0x9e6
 2151 09e0 09       		.uleb128 0x9
 2152 09e1 CD060000 		.4byte	0x6cd
 2153 09e5 00       		.byte	0
 2154 09e6 23       		.uleb128 0x23
 2155 09e7 DF010000 		.4byte	.LASF132
 2156 09eb FA       		.byte	0xfa
 2157 09ec FB090000 		.4byte	0x9fb
 2158 09f0 09       		.uleb128 0x9
 2159 09f1 CD060000 		.4byte	0x6cd
 2160 09f5 09       		.uleb128 0x9
 2161 09f6 F0000000 		.4byte	0xf0
 2162 09fa 00       		.byte	0
 2163 09fb 23       		.uleb128 0x23
 2164 09fc FF010000 		.4byte	.LASF133
 2165 0a00 FB       		.byte	0xfb
 2166 0a01 100A0000 		.4byte	0xa10
ARM GAS  /tmp/ccQKr0Dm.s 			page 39


 2167 0a05 09       		.uleb128 0x9
 2168 0a06 CD060000 		.4byte	0x6cd
 2169 0a0a 09       		.uleb128 0x9
 2170 0a0b F0000000 		.4byte	0xf0
 2171 0a0f 00       		.byte	0
 2172 0a10 1B       		.uleb128 0x1b
 2173 0a11 D3050000 		.4byte	.LASF134
 2174 0a15 6903     		.2byte	0x369
 2175 0a17 210A0000 		.4byte	0xa21
 2176 0a1b 09       		.uleb128 0x9
 2177 0a1c D5080000 		.4byte	0x8d5
 2178 0a20 00       		.byte	0
 2179 0a21 1B       		.uleb128 0x1b
 2180 0a22 65010000 		.4byte	.LASF135
 2181 0a26 6803     		.2byte	0x368
 2182 0a28 320A0000 		.4byte	0xa32
 2183 0a2c 09       		.uleb128 0x9
 2184 0a2d D5080000 		.4byte	0x8d5
 2185 0a31 00       		.byte	0
 2186 0a32 1B       		.uleb128 0x1b
 2187 0a33 5A000000 		.4byte	.LASF136
 2188 0a37 6703     		.2byte	0x367
 2189 0a39 430A0000 		.4byte	0xa43
 2190 0a3d 09       		.uleb128 0x9
 2191 0a3e D5080000 		.4byte	0x8d5
 2192 0a42 00       		.byte	0
 2193 0a43 1B       		.uleb128 0x1b
 2194 0a44 D8060000 		.4byte	.LASF137
 2195 0a48 6603     		.2byte	0x366
 2196 0a4a 540A0000 		.4byte	0xa54
 2197 0a4e 09       		.uleb128 0x9
 2198 0a4f D5080000 		.4byte	0x8d5
 2199 0a53 00       		.byte	0
 2200 0a54 2C       		.uleb128 0x2c
 2201 0a55 41030000 		.4byte	.LASF161
 2202 0a59 0F       		.byte	0xf
 2203 0a5a 6503     		.2byte	0x365
 2204 0a5c 08       		.byte	0x8
 2205 0a5d 2D       		.uleb128 0x2d
 2206 0a5e 94070000 		.4byte	.LASF162
 2207 0a62 01       		.byte	0x1
 2208 0a63 0C01     		.2byte	0x10c
 2209 0a65 07       		.byte	0x7
 2210 0a66 F0000000 		.4byte	0xf0
 2211 0a6a 00000000 		.4byte	.LFB241
 2212 0a6e 20000000 		.4byte	.LFE241-.LFB241
 2213 0a72 01       		.uleb128 0x1
 2214 0a73 9C       		.byte	0x9c
 2215 0a74 270C0000 		.4byte	0xc27
 2216 0a78 1C       		.uleb128 0x1c
 2217 0a79 8F070000 		.4byte	.LASF138
 2218 0a7d 0C01     		.2byte	0x10c
 2219 0a7f 1D       		.byte	0x1d
 2220 0a80 D5080000 		.4byte	0x8d5
 2221 0a84 10000000 		.4byte	.LLST26
 2222 0a88 0C000000 		.4byte	.LVUS26
 2223 0a8c 1C       		.uleb128 0x1c
ARM GAS  /tmp/ccQKr0Dm.s 			page 40


 2224 0a8d 3C030000 		.4byte	.LASF115
 2225 0a91 0D01     		.2byte	0x10d
 2226 0a93 2C       		.byte	0x2c
 2227 0a94 BC090000 		.4byte	0x9bc
 2228 0a98 24000000 		.4byte	.LLST27
 2229 0a9c 20000000 		.4byte	.LVUS27
 2230 0aa0 1C       		.uleb128 0x1c
 2231 0aa1 4E030000 		.4byte	.LASF113
 2232 0aa5 0E01     		.2byte	0x10e
 2233 0aa7 1F       		.byte	0x1f
 2234 0aa8 DA080000 		.4byte	0x8da
 2235 0aac 41000000 		.4byte	.LLST28
 2236 0ab0 3D000000 		.4byte	.LVUS28
 2237 0ab4 1C       		.uleb128 0x1c
 2238 0ab5 4D060000 		.4byte	.LASF114
 2239 0ab9 0F01     		.2byte	0x10f
 2240 0abb 19       		.byte	0x19
 2241 0abc 3B000000 		.4byte	0x3b
 2242 0ac0 5E000000 		.4byte	.LLST29
 2243 0ac4 5A000000 		.4byte	.LVUS29
 2244 0ac8 2E       		.uleb128 0x2e
 2245 0ac9 6D736700 		.ascii	"msg\000"
 2246 0acd 01       		.byte	0x1
 2247 0ace 1001     		.2byte	0x110
 2248 0ad0 09       		.byte	0x9
 2249 0ad1 F0000000 		.4byte	0xf0
 2250 0ad5 79000000 		.4byte	.LLST30
 2251 0ad9 77000000 		.4byte	.LVUS30
 2252 0add 15       		.uleb128 0x15
 2253 0ade FD050000 		.4byte	.LASF139
 2254 0ae2 370C0000 		.4byte	0xc37
 2255 0ae6 1E       		.uleb128 0x1e
 2256 0ae7 57130000 		.4byte	0x1357
 2257 0aeb 04000000 		.4byte	.LBI149
 2258 0aef 02       		.byte	.LVU241
 2259 0af0 04000000 		.4byte	.LBB149
 2260 0af4 08000000 		.4byte	.LBE149-.LBB149
 2261 0af8 1201     		.2byte	0x112
 2262 0afa 03       		.byte	0x3
 2263 0afb 4F0B0000 		.4byte	0xb4f
 2264 0aff 03       		.uleb128 0x3
 2265 0b00 8A130000 		.4byte	0x138a
 2266 0b04 04000000 		.4byte	.LBI150
 2267 0b08 04       		.byte	.LVU243
 2268 0b09 04000000 		.4byte	.LBB150
 2269 0b0d 08000000 		.4byte	.LBE150-.LBB150
 2270 0b11 02       		.byte	0x2
 2271 0b12 ED01     		.2byte	0x1ed
 2272 0b14 03       		.uleb128 0x3
 2273 0b15 9A130000 		.4byte	0x139a
 2274 0b19 04000000 		.4byte	.LBI151
 2275 0b1d 06       		.byte	.LVU245
 2276 0b1e 04000000 		.4byte	.LBB151
 2277 0b22 08000000 		.4byte	.LBE151-.LBB151
 2278 0b26 03       		.byte	0x3
 2279 0b27 7801     		.2byte	0x178
 2280 0b29 03       		.uleb128 0x3
ARM GAS  /tmp/ccQKr0Dm.s 			page 41


 2281 0b2a A2130000 		.4byte	0x13a2
 2282 0b2e 04000000 		.4byte	.LBI152
 2283 0b32 08       		.byte	.LVU247
 2284 0b33 04000000 		.4byte	.LBB152
 2285 0b37 08000000 		.4byte	.LBE152-.LBB152
 2286 0b3b 04       		.byte	0x4
 2287 0b3c 6402     		.2byte	0x264
 2288 0b3e 08       		.uleb128 0x8
 2289 0b3f AC130000 		.4byte	0x13ac
 2290 0b43 84000000 		.4byte	.LLST31
 2291 0b47 82000000 		.4byte	.LVUS31
 2292 0b4b 00       		.byte	0
 2293 0b4c 00       		.byte	0
 2294 0b4d 00       		.byte	0
 2295 0b4e 00       		.byte	0
 2296 0b4f 1E       		.uleb128 0x1e
 2297 0b50 30130000 		.4byte	0x1330
 2298 0b54 10000000 		.4byte	.LBI154
 2299 0b58 01       		.byte	.LVU257
 2300 0b59 10000000 		.4byte	.LBB154
 2301 0b5d 08000000 		.4byte	.LBE154-.LBB154
 2302 0b61 1501     		.2byte	0x115
 2303 0b63 09       		.byte	0x9
 2304 0b64 860B0000 		.4byte	0xb86
 2305 0b68 08       		.uleb128 0x8
 2306 0b69 42130000 		.4byte	0x1342
 2307 0b6d 95000000 		.4byte	.LLST32
 2308 0b71 8F000000 		.4byte	.LVUS32
 2309 0b75 10       		.uleb128 0x10
 2310 0b76 18000000 		.4byte	.LVL39
 2311 0b7a D0090000 		.4byte	0x9d0
 2312 0b7e 06       		.uleb128 0x6
 2313 0b7f 01       		.uleb128 0x1
 2314 0b80 50       		.byte	0x50
 2315 0b81 02       		.uleb128 0x2
 2316 0b82 74       		.byte	0x74
 2317 0b83 14       		.sleb128 20
 2318 0b84 00       		.byte	0
 2319 0b85 00       		.byte	0
 2320 0b86 1E       		.uleb128 0x1e
 2321 0b87 4F130000 		.4byte	0x134f
 2322 0b8b 18000000 		.4byte	.LBI156
 2323 0b8f 02       		.byte	.LVU263
 2324 0b90 18000000 		.4byte	.LBB156
 2325 0b94 06000000 		.4byte	.LBE156-.LBB156
 2326 0b98 1601     		.2byte	0x116
 2327 0b9a 03       		.byte	0x3
 2328 0b9b EF0B0000 		.4byte	0xbef
 2329 0b9f 03       		.uleb128 0x3
 2330 0ba0 5F130000 		.4byte	0x135f
 2331 0ba4 18000000 		.4byte	.LBI157
 2332 0ba8 04       		.byte	.LVU265
 2333 0ba9 18000000 		.4byte	.LBB157
 2334 0bad 06000000 		.4byte	.LBE157-.LBB157
 2335 0bb1 02       		.byte	0x2
 2336 0bb2 F801     		.2byte	0x1f8
 2337 0bb4 03       		.uleb128 0x3
ARM GAS  /tmp/ccQKr0Dm.s 			page 42


 2338 0bb5 92130000 		.4byte	0x1392
 2339 0bb9 18000000 		.4byte	.LBI159
 2340 0bbd 0B       		.byte	.LVU272
 2341 0bbe 18000000 		.4byte	.LBB159
 2342 0bc2 06000000 		.4byte	.LBE159-.LBB159
 2343 0bc6 03       		.byte	0x3
 2344 0bc7 8F01     		.2byte	0x18f
 2345 0bc9 03       		.uleb128 0x3
 2346 0bca A2130000 		.4byte	0x13a2
 2347 0bce 18000000 		.4byte	.LBI160
 2348 0bd2 0D       		.byte	.LVU274
 2349 0bd3 18000000 		.4byte	.LBB160
 2350 0bd7 06000000 		.4byte	.LBE160-.LBB160
 2351 0bdb 04       		.byte	0x4
 2352 0bdc 7702     		.2byte	0x277
 2353 0bde 08       		.uleb128 0x8
 2354 0bdf AC130000 		.4byte	0x13ac
 2355 0be3 B0000000 		.4byte	.LLST33
 2356 0be7 AE000000 		.4byte	.LVUS33
 2357 0beb 00       		.byte	0
 2358 0bec 00       		.byte	0
 2359 0bed 00       		.byte	0
 2360 0bee 00       		.byte	0
 2361 0bef 10       		.uleb128 0x10
 2362 0bf0 10000000 		.4byte	.LVL37
 2363 0bf4 410E0000 		.4byte	0xe41
 2364 0bf8 06       		.uleb128 0x6
 2365 0bf9 01       		.uleb128 0x1
 2366 0bfa 50       		.byte	0x50
 2367 0bfb 02       		.uleb128 0x2
 2368 0bfc 74       		.byte	0x74
 2369 0bfd 00       		.sleb128 0
 2370 0bfe 06       		.uleb128 0x6
 2371 0bff 01       		.uleb128 0x1
 2372 0c00 51       		.byte	0x51
 2373 0c01 09       		.uleb128 0x9
 2374 0c02 A3       		.byte	0xa3
 2375 0c03 03       		.uleb128 0x3
 2376 0c04 A5       		.byte	0xa5
 2377 0c05 01       		.uleb128 0x1
 2378 0c06 26       		.uleb128 0x26
 2379 0c07 A8       		.byte	0xa8
 2380 0c08 2D       		.uleb128 0x2d
 2381 0c09 A8       		.byte	0xa8
 2382 0c0a 00       		.uleb128 0
 2383 0c0b 06       		.uleb128 0x6
 2384 0c0c 01       		.uleb128 0x1
 2385 0c0d 52       		.byte	0x52
 2386 0c0e 09       		.uleb128 0x9
 2387 0c0f A3       		.byte	0xa3
 2388 0c10 03       		.uleb128 0x3
 2389 0c11 A5       		.byte	0xa5
 2390 0c12 02       		.uleb128 0x2
 2391 0c13 26       		.uleb128 0x26
 2392 0c14 A8       		.byte	0xa8
 2393 0c15 2D       		.uleb128 0x2d
 2394 0c16 A8       		.byte	0xa8
ARM GAS  /tmp/ccQKr0Dm.s 			page 43


 2395 0c17 00       		.uleb128 0
 2396 0c18 06       		.uleb128 0x6
 2397 0c19 01       		.uleb128 0x1
 2398 0c1a 53       		.byte	0x53
 2399 0c1b 09       		.uleb128 0x9
 2400 0c1c A3       		.byte	0xa3
 2401 0c1d 03       		.uleb128 0x3
 2402 0c1e A5       		.byte	0xa5
 2403 0c1f 03       		.uleb128 0x3
 2404 0c20 26       		.uleb128 0x26
 2405 0c21 A8       		.byte	0xa8
 2406 0c22 2D       		.uleb128 0x2d
 2407 0c23 A8       		.byte	0xa8
 2408 0c24 00       		.uleb128 0
 2409 0c25 00       		.byte	0
 2410 0c26 00       		.byte	0
 2411 0c27 11       		.uleb128 0x11
 2412 0c28 DE060000 		.4byte	0x6de
 2413 0c2c 370C0000 		.4byte	0xc37
 2414 0c30 12       		.uleb128 0x12
 2415 0c31 2D000000 		.4byte	0x2d
 2416 0c35 0A       		.byte	0xa
 2417 0c36 00       		.byte	0
 2418 0c37 0D       		.uleb128 0xd
 2419 0c38 270C0000 		.4byte	0xc27
 2420 0c3c 14       		.uleb128 0x14
 2421 0c3d 56030000 		.4byte	.LASF140
 2422 0c41 E3       		.byte	0xe3
 2423 0c42 00000000 		.4byte	.LFB240
 2424 0c46 26000000 		.4byte	.LFE240-.LFB240
 2425 0c4a 01       		.uleb128 0x1
 2426 0c4b 9C       		.byte	0x9c
 2427 0c4c C60C0000 		.4byte	0xcc6
 2428 0c50 0B       		.uleb128 0xb
 2429 0c51 8F070000 		.4byte	.LASF138
 2430 0c55 E3       		.byte	0xe3
 2431 0c56 24       		.byte	0x24
 2432 0c57 D5080000 		.4byte	0x8d5
 2433 0c5b BE000000 		.4byte	.LLST23
 2434 0c5f BA000000 		.4byte	.LVUS23
 2435 0c63 15       		.uleb128 0x15
 2436 0c64 FD050000 		.4byte	.LASF139
 2437 0c68 D60C0000 		.4byte	0xcd6
 2438 0c6c 13       		.uleb128 0x13
 2439 0c6d 0B130000 		.4byte	0x130b
 2440 0c71 1C000000 		.4byte	.LBI147
 2441 0c75 01       		.byte	.LVU232
 2442 0c76 1C000000 		.4byte	.LBB147
 2443 0c7a 08000000 		.4byte	.LBE147-.LBB147
 2444 0c7e F0       		.byte	0xf0
 2445 0c7f 05       		.byte	0x5
 2446 0c80 B50C0000 		.4byte	0xcb5
 2447 0c84 08       		.uleb128 0x8
 2448 0c85 23130000 		.4byte	0x1323
 2449 0c89 D0000000 		.4byte	.LLST24
 2450 0c8d CE000000 		.4byte	.LVUS24
 2451 0c91 08       		.uleb128 0x8
ARM GAS  /tmp/ccQKr0Dm.s 			page 44


 2452 0c92 17130000 		.4byte	0x1317
 2453 0c96 DF000000 		.4byte	.LLST25
 2454 0c9a DB000000 		.4byte	.LVUS25
 2455 0c9e 10       		.uleb128 0x10
 2456 0c9f 24000000 		.4byte	.LVL33
 2457 0ca3 E6090000 		.4byte	0x9e6
 2458 0ca7 06       		.uleb128 0x6
 2459 0ca8 01       		.uleb128 0x1
 2460 0ca9 50       		.byte	0x50
 2461 0caa 02       		.uleb128 0x2
 2462 0cab 74       		.byte	0x74
 2463 0cac 14       		.sleb128 20
 2464 0cad 06       		.uleb128 0x6
 2465 0cae 01       		.uleb128 0x1
 2466 0caf 51       		.byte	0x51
 2467 0cb0 02       		.uleb128 0x2
 2468 0cb1 09       		.byte	0x9
 2469 0cb2 FE       		.byte	0xfe
 2470 0cb3 00       		.byte	0
 2471 0cb4 00       		.byte	0
 2472 0cb5 10       		.uleb128 0x10
 2473 0cb6 10000000 		.4byte	.LVL31
 2474 0cba 100A0000 		.4byte	0xa10
 2475 0cbe 06       		.uleb128 0x6
 2476 0cbf 01       		.uleb128 0x1
 2477 0cc0 50       		.byte	0x50
 2478 0cc1 02       		.uleb128 0x2
 2479 0cc2 74       		.byte	0x74
 2480 0cc3 00       		.sleb128 0
 2481 0cc4 00       		.byte	0
 2482 0cc5 00       		.byte	0
 2483 0cc6 11       		.uleb128 0x11
 2484 0cc7 DE060000 		.4byte	0x6de
 2485 0ccb D60C0000 		.4byte	0xcd6
 2486 0ccf 12       		.uleb128 0x12
 2487 0cd0 2D000000 		.4byte	0x2d
 2488 0cd4 12       		.byte	0x12
 2489 0cd5 00       		.byte	0
 2490 0cd6 0D       		.uleb128 0xd
 2491 0cd7 C60C0000 		.4byte	0xcc6
 2492 0cdb 14       		.uleb128 0x14
 2493 0cdc 9F070000 		.4byte	.LASF141
 2494 0ce0 C9       		.byte	0xc9
 2495 0ce1 00000000 		.4byte	.LFB239
 2496 0ce5 38000000 		.4byte	.LFE239-.LFB239
 2497 0ce9 01       		.uleb128 0x1
 2498 0cea 9C       		.byte	0x9c
 2499 0ceb 2C0E0000 		.4byte	0xe2c
 2500 0cef 0B       		.uleb128 0xb
 2501 0cf0 8F070000 		.4byte	.LASF138
 2502 0cf4 C9       		.byte	0xc9
 2503 0cf5 23       		.byte	0x23
 2504 0cf6 D5080000 		.4byte	0x8d5
 2505 0cfa F5000000 		.4byte	.LLST17
 2506 0cfe F1000000 		.4byte	.LVUS17
 2507 0d02 15       		.uleb128 0x15
 2508 0d03 FD050000 		.4byte	.LASF139
ARM GAS  /tmp/ccQKr0Dm.s 			page 45


 2509 0d07 3C0E0000 		.4byte	0xe3c
 2510 0d0b 13       		.uleb128 0x13
 2511 0d0c 57130000 		.4byte	0x1357
 2512 0d10 00000000 		.4byte	.LBI128
 2513 0d14 05       		.byte	.LVU155
 2514 0d15 00000000 		.4byte	.LBB128
 2515 0d19 06000000 		.4byte	.LBE128-.LBB128
 2516 0d1d CD       		.byte	0xcd
 2517 0d1e 03       		.byte	0x3
 2518 0d1f 730D0000 		.4byte	0xd73
 2519 0d23 03       		.uleb128 0x3
 2520 0d24 8A130000 		.4byte	0x138a
 2521 0d28 00000000 		.4byte	.LBI129
 2522 0d2c 07       		.byte	.LVU157
 2523 0d2d 00000000 		.4byte	.LBB129
 2524 0d31 06000000 		.4byte	.LBE129-.LBB129
 2525 0d35 02       		.byte	0x2
 2526 0d36 ED01     		.2byte	0x1ed
 2527 0d38 03       		.uleb128 0x3
 2528 0d39 9A130000 		.4byte	0x139a
 2529 0d3d 00000000 		.4byte	.LBI130
 2530 0d41 09       		.byte	.LVU159
 2531 0d42 00000000 		.4byte	.LBB130
 2532 0d46 06000000 		.4byte	.LBE130-.LBB130
 2533 0d4a 03       		.byte	0x3
 2534 0d4b 7801     		.2byte	0x178
 2535 0d4d 03       		.uleb128 0x3
 2536 0d4e A2130000 		.4byte	0x13a2
 2537 0d52 00000000 		.4byte	.LBI131
 2538 0d56 0B       		.byte	.LVU161
 2539 0d57 00000000 		.4byte	.LBB131
 2540 0d5b 06000000 		.4byte	.LBE131-.LBB131
 2541 0d5f 04       		.byte	0x4
 2542 0d60 6402     		.2byte	0x264
 2543 0d62 08       		.uleb128 0x8
 2544 0d63 AC130000 		.4byte	0x13ac
 2545 0d67 07010000 		.4byte	.LLST18
 2546 0d6b 05010000 		.4byte	.LVUS18
 2547 0d6f 00       		.byte	0
 2548 0d70 00       		.byte	0
 2549 0d71 00       		.byte	0
 2550 0d72 00       		.byte	0
 2551 0d73 2F       		.uleb128 0x2f
 2552 0d74 4F130000 		.4byte	0x134f
 2553 0d78 0C000000 		.4byte	.LBI133
 2554 0d7c 01       		.byte	.LVU173
 2555 0d7d 0C000000 		.4byte	.LLRL19
 2556 0d81 01       		.byte	0x1
 2557 0d82 D6       		.byte	0xd6
 2558 0d83 03       		.byte	0x3
 2559 0d84 D20D0000 		.4byte	0xdd2
 2560 0d88 1F       		.uleb128 0x1f
 2561 0d89 5F130000 		.4byte	0x135f
 2562 0d8d 0C000000 		.4byte	.LBI134
 2563 0d91 03       		.byte	.LVU175
 2564 0d92 0C000000 		.4byte	.LLRL19
 2565 0d96 02       		.byte	0x2
ARM GAS  /tmp/ccQKr0Dm.s 			page 46


 2566 0d97 F801     		.2byte	0x1f8
 2567 0d99 30       		.uleb128 0x30
 2568 0d9a 0C000000 		.4byte	.LLRL19
 2569 0d9e 1F       		.uleb128 0x1f
 2570 0d9f 92130000 		.4byte	0x1392
 2571 0da3 0C000000 		.4byte	.LBI136
 2572 0da7 0A       		.byte	.LVU182
 2573 0da8 0C000000 		.4byte	.LLRL19
 2574 0dac 03       		.byte	0x3
 2575 0dad 8F01     		.2byte	0x18f
 2576 0daf 1F       		.uleb128 0x1f
 2577 0db0 A2130000 		.4byte	0x13a2
 2578 0db4 0C000000 		.4byte	.LBI137
 2579 0db8 0C       		.byte	.LVU184
 2580 0db9 0C000000 		.4byte	.LLRL19
 2581 0dbd 04       		.byte	0x4
 2582 0dbe 7702     		.2byte	0x277
 2583 0dc0 08       		.uleb128 0x8
 2584 0dc1 AC130000 		.4byte	0x13ac
 2585 0dc5 16010000 		.4byte	.LLST20
 2586 0dc9 12010000 		.4byte	.LVUS20
 2587 0dcd 00       		.byte	0
 2588 0dce 00       		.byte	0
 2589 0dcf 00       		.byte	0
 2590 0dd0 00       		.byte	0
 2591 0dd1 00       		.byte	0
 2592 0dd2 13       		.uleb128 0x13
 2593 0dd3 E6120000 		.4byte	0x12e6
 2594 0dd7 28000000 		.4byte	.LBI144
 2595 0ddb 01       		.byte	.LVU194
 2596 0ddc 28000000 		.4byte	.LBB144
 2597 0de0 08000000 		.4byte	.LBE144-.LBB144
 2598 0de4 D4       		.byte	0xd4
 2599 0de5 05       		.byte	0x5
 2600 0de6 1B0E0000 		.4byte	0xe1b
 2601 0dea 08       		.uleb128 0x8
 2602 0deb FE120000 		.4byte	0x12fe
 2603 0def 2A010000 		.4byte	.LLST21
 2604 0df3 28010000 		.4byte	.LVUS21
 2605 0df7 08       		.uleb128 0x8
 2606 0df8 F2120000 		.4byte	0x12f2
 2607 0dfc 39010000 		.4byte	.LLST22
 2608 0e00 35010000 		.4byte	.LVUS22
 2609 0e04 10       		.uleb128 0x10
 2610 0e05 30000000 		.4byte	.LVL28
 2611 0e09 FB090000 		.4byte	0x9fb
 2612 0e0d 06       		.uleb128 0x6
 2613 0e0e 01       		.uleb128 0x1
 2614 0e0f 50       		.byte	0x50
 2615 0e10 02       		.uleb128 0x2
 2616 0e11 74       		.byte	0x74
 2617 0e12 14       		.sleb128 20
 2618 0e13 06       		.uleb128 0x6
 2619 0e14 01       		.uleb128 0x1
 2620 0e15 51       		.byte	0x51
 2621 0e16 02       		.uleb128 0x2
 2622 0e17 09       		.byte	0x9
ARM GAS  /tmp/ccQKr0Dm.s 			page 47


 2623 0e18 FE       		.byte	0xfe
 2624 0e19 00       		.byte	0
 2625 0e1a 00       		.byte	0
 2626 0e1b 10       		.uleb128 0x10
 2627 0e1c 1C000000 		.4byte	.LVL26
 2628 0e20 100A0000 		.4byte	0xa10
 2629 0e24 06       		.uleb128 0x6
 2630 0e25 01       		.uleb128 0x1
 2631 0e26 50       		.byte	0x50
 2632 0e27 02       		.uleb128 0x2
 2633 0e28 74       		.byte	0x74
 2634 0e29 00       		.sleb128 0
 2635 0e2a 00       		.byte	0
 2636 0e2b 00       		.byte	0
 2637 0e2c 11       		.uleb128 0x11
 2638 0e2d DE060000 		.4byte	0x6de
 2639 0e31 3C0E0000 		.4byte	0xe3c
 2640 0e35 12       		.uleb128 0x12
 2641 0e36 2D000000 		.4byte	0x2d
 2642 0e3a 11       		.byte	0x11
 2643 0e3b 00       		.byte	0
 2644 0e3c 0D       		.uleb128 0xd
 2645 0e3d 2C0E0000 		.4byte	0xe2c
 2646 0e41 14       		.uleb128 0x14
 2647 0e42 1F050000 		.4byte	.LASF142
 2648 0e46 AB       		.byte	0xab
 2649 0e47 00000000 		.4byte	.LFB238
 2650 0e4b 12000000 		.4byte	.LFE238-.LFB238
 2651 0e4f 01       		.uleb128 0x1
 2652 0e50 9C       		.byte	0x9c
 2653 0e51 C20E0000 		.4byte	0xec2
 2654 0e55 0B       		.uleb128 0xb
 2655 0e56 8F070000 		.4byte	.LASF138
 2656 0e5a AB       		.byte	0xab
 2657 0e5b 25       		.byte	0x25
 2658 0e5c D5080000 		.4byte	0x8d5
 2659 0e60 4F010000 		.4byte	.LLST7
 2660 0e64 4B010000 		.4byte	.LVUS7
 2661 0e68 0B       		.uleb128 0xb
 2662 0e69 3C030000 		.4byte	.LASF115
 2663 0e6d AC       		.byte	0xac
 2664 0e6e 34       		.byte	0x34
 2665 0e6f BC090000 		.4byte	0x9bc
 2666 0e73 6C010000 		.4byte	.LLST8
 2667 0e77 68010000 		.4byte	.LVUS8
 2668 0e7b 0B       		.uleb128 0xb
 2669 0e7c 4E030000 		.4byte	.LASF113
 2670 0e80 AD       		.byte	0xad
 2671 0e81 27       		.byte	0x27
 2672 0e82 DA080000 		.4byte	0x8da
 2673 0e86 89010000 		.4byte	.LLST9
 2674 0e8a 85010000 		.4byte	.LVUS9
 2675 0e8e 0B       		.uleb128 0xb
 2676 0e8f 4D060000 		.4byte	.LASF114
 2677 0e93 AE       		.byte	0xae
 2678 0e94 21       		.byte	0x21
 2679 0e95 3B000000 		.4byte	0x3b
ARM GAS  /tmp/ccQKr0Dm.s 			page 48


 2680 0e99 A8010000 		.4byte	.LLST10
 2681 0e9d A2010000 		.4byte	.LVUS10
 2682 0ea1 15       		.uleb128 0x15
 2683 0ea2 FD050000 		.4byte	.LASF139
 2684 0ea6 D20E0000 		.4byte	0xed2
 2685 0eaa 10       		.uleb128 0x10
 2686 0eab 10000000 		.4byte	.LVL16
 2687 0eaf 210A0000 		.4byte	0xa21
 2688 0eb3 06       		.uleb128 0x6
 2689 0eb4 01       		.uleb128 0x1
 2690 0eb5 50       		.byte	0x50
 2691 0eb6 09       		.uleb128 0x9
 2692 0eb7 A3       		.byte	0xa3
 2693 0eb8 03       		.uleb128 0x3
 2694 0eb9 A5       		.byte	0xa5
 2695 0eba 00       		.uleb128 0
 2696 0ebb 26       		.uleb128 0x26
 2697 0ebc A8       		.byte	0xa8
 2698 0ebd 2D       		.uleb128 0x2d
 2699 0ebe A8       		.byte	0xa8
 2700 0ebf 00       		.uleb128 0
 2701 0ec0 00       		.byte	0
 2702 0ec1 00       		.byte	0
 2703 0ec2 11       		.uleb128 0x11
 2704 0ec3 DE060000 		.4byte	0x6de
 2705 0ec7 D20E0000 		.4byte	0xed2
 2706 0ecb 12       		.uleb128 0x12
 2707 0ecc 2D000000 		.4byte	0x2d
 2708 0ed0 13       		.byte	0x13
 2709 0ed1 00       		.byte	0
 2710 0ed2 0D       		.uleb128 0xd
 2711 0ed3 C20E0000 		.4byte	0xec2
 2712 0ed7 14       		.uleb128 0x14
 2713 0ed8 C5060000 		.4byte	.LASF143
 2714 0edc 8F       		.byte	0x8f
 2715 0edd 00000000 		.4byte	.LFB237
 2716 0ee1 16000000 		.4byte	.LFE237-.LFB237
 2717 0ee5 01       		.uleb128 0x1
 2718 0ee6 9C       		.byte	0x9c
 2719 0ee7 46100000 		.4byte	0x1046
 2720 0eeb 0B       		.uleb128 0xb
 2721 0eec 8F070000 		.4byte	.LASF138
 2722 0ef0 8F       		.byte	0x8f
 2723 0ef1 24       		.byte	0x24
 2724 0ef2 D5080000 		.4byte	0x8d5
 2725 0ef6 CB010000 		.4byte	.LLST11
 2726 0efa C7010000 		.4byte	.LVUS11
 2727 0efe 0B       		.uleb128 0xb
 2728 0eff 3C030000 		.4byte	.LASF115
 2729 0f03 90       		.byte	0x90
 2730 0f04 33       		.byte	0x33
 2731 0f05 BC090000 		.4byte	0x9bc
 2732 0f09 E8010000 		.4byte	.LLST12
 2733 0f0d E4010000 		.4byte	.LVUS12
 2734 0f11 0B       		.uleb128 0xb
 2735 0f12 4E030000 		.4byte	.LASF113
 2736 0f16 91       		.byte	0x91
ARM GAS  /tmp/ccQKr0Dm.s 			page 49


 2737 0f17 26       		.byte	0x26
 2738 0f18 DA080000 		.4byte	0x8da
 2739 0f1c 05020000 		.4byte	.LLST13
 2740 0f20 01020000 		.4byte	.LVUS13
 2741 0f24 0B       		.uleb128 0xb
 2742 0f25 4D060000 		.4byte	.LASF114
 2743 0f29 92       		.byte	0x92
 2744 0f2a 20       		.byte	0x20
 2745 0f2b 3B000000 		.4byte	0x3b
 2746 0f2f 22020000 		.4byte	.LLST14
 2747 0f33 1E020000 		.4byte	.LVUS14
 2748 0f37 13       		.uleb128 0x13
 2749 0f38 57130000 		.4byte	0x1357
 2750 0f3c 02000000 		.4byte	.LBI117
 2751 0f40 01       		.byte	.LVU122
 2752 0f41 02000000 		.4byte	.LBB117
 2753 0f45 08000000 		.4byte	.LBE117-.LBB117
 2754 0f49 94       		.byte	0x94
 2755 0f4a 03       		.byte	0x3
 2756 0f4b 9F0F0000 		.4byte	0xf9f
 2757 0f4f 03       		.uleb128 0x3
 2758 0f50 8A130000 		.4byte	0x138a
 2759 0f54 02000000 		.4byte	.LBI118
 2760 0f58 03       		.byte	.LVU124
 2761 0f59 02000000 		.4byte	.LBB118
 2762 0f5d 08000000 		.4byte	.LBE118-.LBB118
 2763 0f61 02       		.byte	0x2
 2764 0f62 ED01     		.2byte	0x1ed
 2765 0f64 03       		.uleb128 0x3
 2766 0f65 9A130000 		.4byte	0x139a
 2767 0f69 02000000 		.4byte	.LBI119
 2768 0f6d 05       		.byte	.LVU126
 2769 0f6e 02000000 		.4byte	.LBB119
 2770 0f72 08000000 		.4byte	.LBE119-.LBB119
 2771 0f76 03       		.byte	0x3
 2772 0f77 7801     		.2byte	0x178
 2773 0f79 03       		.uleb128 0x3
 2774 0f7a A2130000 		.4byte	0x13a2
 2775 0f7e 02000000 		.4byte	.LBI120
 2776 0f82 07       		.byte	.LVU128
 2777 0f83 02000000 		.4byte	.LBB120
 2778 0f87 08000000 		.4byte	.LBE120-.LBB120
 2779 0f8b 04       		.byte	0x4
 2780 0f8c 6402     		.2byte	0x264
 2781 0f8e 08       		.uleb128 0x8
 2782 0f8f AC130000 		.4byte	0x13ac
 2783 0f93 3D020000 		.4byte	.LLST15
 2784 0f97 3B020000 		.4byte	.LVUS15
 2785 0f9b 00       		.byte	0
 2786 0f9c 00       		.byte	0
 2787 0f9d 00       		.byte	0
 2788 0f9e 00       		.byte	0
 2789 0f9f 13       		.uleb128 0x13
 2790 0fa0 4F130000 		.4byte	0x134f
 2791 0fa4 0E000000 		.4byte	.LBI122
 2792 0fa8 01       		.byte	.LVU135
 2793 0fa9 0E000000 		.4byte	.LBB122
ARM GAS  /tmp/ccQKr0Dm.s 			page 50


 2794 0fad 06000000 		.4byte	.LBE122-.LBB122
 2795 0fb1 96       		.byte	0x96
 2796 0fb2 03       		.byte	0x3
 2797 0fb3 07100000 		.4byte	0x1007
 2798 0fb7 03       		.uleb128 0x3
 2799 0fb8 5F130000 		.4byte	0x135f
 2800 0fbc 0E000000 		.4byte	.LBI123
 2801 0fc0 03       		.byte	.LVU137
 2802 0fc1 0E000000 		.4byte	.LBB123
 2803 0fc5 06000000 		.4byte	.LBE123-.LBB123
 2804 0fc9 02       		.byte	0x2
 2805 0fca F801     		.2byte	0x1f8
 2806 0fcc 03       		.uleb128 0x3
 2807 0fcd 92130000 		.4byte	0x1392
 2808 0fd1 0E000000 		.4byte	.LBI125
 2809 0fd5 0A       		.byte	.LVU144
 2810 0fd6 0E000000 		.4byte	.LBB125
 2811 0fda 06000000 		.4byte	.LBE125-.LBB125
 2812 0fde 03       		.byte	0x3
 2813 0fdf 8F01     		.2byte	0x18f
 2814 0fe1 03       		.uleb128 0x3
 2815 0fe2 A2130000 		.4byte	0x13a2
 2816 0fe6 0E000000 		.4byte	.LBI126
 2817 0fea 0C       		.byte	.LVU146
 2818 0feb 0E000000 		.4byte	.LBB126
 2819 0fef 06000000 		.4byte	.LBE126-.LBB126
 2820 0ff3 04       		.byte	0x4
 2821 0ff4 7702     		.2byte	0x277
 2822 0ff6 08       		.uleb128 0x8
 2823 0ff7 AC130000 		.4byte	0x13ac
 2824 0ffb 4A020000 		.4byte	.LLST16
 2825 0fff 48020000 		.4byte	.LVUS16
 2826 1003 00       		.byte	0
 2827 1004 00       		.byte	0
 2828 1005 00       		.byte	0
 2829 1006 00       		.byte	0
 2830 1007 10       		.uleb128 0x10
 2831 1008 0E000000 		.4byte	.LVL20
 2832 100c 410E0000 		.4byte	0xe41
 2833 1010 06       		.uleb128 0x6
 2834 1011 01       		.uleb128 0x1
 2835 1012 50       		.byte	0x50
 2836 1013 09       		.uleb128 0x9
 2837 1014 A3       		.byte	0xa3
 2838 1015 03       		.uleb128 0x3
 2839 1016 A5       		.byte	0xa5
 2840 1017 00       		.uleb128 0
 2841 1018 26       		.uleb128 0x26
 2842 1019 A8       		.byte	0xa8
 2843 101a 2D       		.uleb128 0x2d
 2844 101b A8       		.byte	0xa8
 2845 101c 00       		.uleb128 0
 2846 101d 06       		.uleb128 0x6
 2847 101e 01       		.uleb128 0x1
 2848 101f 51       		.byte	0x51
 2849 1020 09       		.uleb128 0x9
 2850 1021 A3       		.byte	0xa3
ARM GAS  /tmp/ccQKr0Dm.s 			page 51


 2851 1022 03       		.uleb128 0x3
 2852 1023 A5       		.byte	0xa5
 2853 1024 01       		.uleb128 0x1
 2854 1025 26       		.uleb128 0x26
 2855 1026 A8       		.byte	0xa8
 2856 1027 2D       		.uleb128 0x2d
 2857 1028 A8       		.byte	0xa8
 2858 1029 00       		.uleb128 0
 2859 102a 06       		.uleb128 0x6
 2860 102b 01       		.uleb128 0x1
 2861 102c 52       		.byte	0x52
 2862 102d 09       		.uleb128 0x9
 2863 102e A3       		.byte	0xa3
 2864 102f 03       		.uleb128 0x3
 2865 1030 A5       		.byte	0xa5
 2866 1031 02       		.uleb128 0x2
 2867 1032 26       		.uleb128 0x26
 2868 1033 A8       		.byte	0xa8
 2869 1034 2D       		.uleb128 0x2d
 2870 1035 A8       		.byte	0xa8
 2871 1036 00       		.uleb128 0
 2872 1037 06       		.uleb128 0x6
 2873 1038 01       		.uleb128 0x1
 2874 1039 53       		.byte	0x53
 2875 103a 09       		.uleb128 0x9
 2876 103b A3       		.byte	0xa3
 2877 103c 03       		.uleb128 0x3
 2878 103d A5       		.byte	0xa5
 2879 103e 03       		.uleb128 0x3
 2880 103f 26       		.uleb128 0x26
 2881 1040 A8       		.byte	0xa8
 2882 1041 2D       		.uleb128 0x2d
 2883 1042 A8       		.byte	0xa8
 2884 1043 00       		.uleb128 0
 2885 1044 00       		.byte	0
 2886 1045 00       		.byte	0
 2887 1046 14       		.uleb128 0x14
 2888 1047 48000000 		.4byte	.LASF144
 2889 104b 73       		.byte	0x73
 2890 104c 00000000 		.4byte	.LFB236
 2891 1050 1A000000 		.4byte	.LFE236-.LFB236
 2892 1054 01       		.uleb128 0x1
 2893 1055 9C       		.byte	0x9c
 2894 1056 57110000 		.4byte	0x1157
 2895 105a 0B       		.uleb128 0xb
 2896 105b 8F070000 		.4byte	.LASF138
 2897 105f 73       		.byte	0x73
 2898 1060 19       		.byte	0x19
 2899 1061 D5080000 		.4byte	0x8d5
 2900 1065 58020000 		.4byte	.LLST4
 2901 1069 54020000 		.4byte	.LVUS4
 2902 106d 15       		.uleb128 0x15
 2903 106e FD050000 		.4byte	.LASF139
 2904 1072 67110000 		.4byte	0x1167
 2905 1076 13       		.uleb128 0x13
 2906 1077 57130000 		.4byte	0x1357
 2907 107b 04000000 		.4byte	.LBI106
ARM GAS  /tmp/ccQKr0Dm.s 			page 52


 2908 107f 04       		.byte	.LVU65
 2909 1080 04000000 		.4byte	.LBB106
 2910 1084 06000000 		.4byte	.LBE106-.LBB106
 2911 1088 77       		.byte	0x77
 2912 1089 03       		.byte	0x3
 2913 108a DE100000 		.4byte	0x10de
 2914 108e 03       		.uleb128 0x3
 2915 108f 8A130000 		.4byte	0x138a
 2916 1093 04000000 		.4byte	.LBI107
 2917 1097 06       		.byte	.LVU67
 2918 1098 04000000 		.4byte	.LBB107
 2919 109c 06000000 		.4byte	.LBE107-.LBB107
 2920 10a0 02       		.byte	0x2
 2921 10a1 ED01     		.2byte	0x1ed
 2922 10a3 03       		.uleb128 0x3
 2923 10a4 9A130000 		.4byte	0x139a
 2924 10a8 04000000 		.4byte	.LBI108
 2925 10ac 08       		.byte	.LVU69
 2926 10ad 04000000 		.4byte	.LBB108
 2927 10b1 06000000 		.4byte	.LBE108-.LBB108
 2928 10b5 03       		.byte	0x3
 2929 10b6 7801     		.2byte	0x178
 2930 10b8 03       		.uleb128 0x3
 2931 10b9 A2130000 		.4byte	0x13a2
 2932 10bd 04000000 		.4byte	.LBI109
 2933 10c1 0A       		.byte	.LVU71
 2934 10c2 04000000 		.4byte	.LBB109
 2935 10c6 06000000 		.4byte	.LBE109-.LBB109
 2936 10ca 04       		.byte	0x4
 2937 10cb 6402     		.2byte	0x264
 2938 10cd 08       		.uleb128 0x8
 2939 10ce AC130000 		.4byte	0x13ac
 2940 10d2 6A020000 		.4byte	.LLST5
 2941 10d6 68020000 		.4byte	.LVUS5
 2942 10da 00       		.byte	0
 2943 10db 00       		.byte	0
 2944 10dc 00       		.byte	0
 2945 10dd 00       		.byte	0
 2946 10de 13       		.uleb128 0x13
 2947 10df 4F130000 		.4byte	0x134f
 2948 10e3 12000000 		.4byte	.LBI111
 2949 10e7 01       		.byte	.LVU83
 2950 10e8 12000000 		.4byte	.LBB111
 2951 10ec 06000000 		.4byte	.LBE111-.LBB111
 2952 10f0 7C       		.byte	0x7c
 2953 10f1 03       		.byte	0x3
 2954 10f2 46110000 		.4byte	0x1146
 2955 10f6 03       		.uleb128 0x3
 2956 10f7 5F130000 		.4byte	0x135f
 2957 10fb 12000000 		.4byte	.LBI112
 2958 10ff 03       		.byte	.LVU85
 2959 1100 12000000 		.4byte	.LBB112
 2960 1104 06000000 		.4byte	.LBE112-.LBB112
 2961 1108 02       		.byte	0x2
 2962 1109 F801     		.2byte	0x1f8
 2963 110b 03       		.uleb128 0x3
 2964 110c 92130000 		.4byte	0x1392
ARM GAS  /tmp/ccQKr0Dm.s 			page 53


 2965 1110 12000000 		.4byte	.LBI114
 2966 1114 0A       		.byte	.LVU92
 2967 1115 12000000 		.4byte	.LBB114
 2968 1119 06000000 		.4byte	.LBE114-.LBB114
 2969 111d 03       		.byte	0x3
 2970 111e 8F01     		.2byte	0x18f
 2971 1120 03       		.uleb128 0x3
 2972 1121 A2130000 		.4byte	0x13a2
 2973 1125 12000000 		.4byte	.LBI115
 2974 1129 0C       		.byte	.LVU94
 2975 112a 12000000 		.4byte	.LBB115
 2976 112e 06000000 		.4byte	.LBE115-.LBB115
 2977 1132 04       		.byte	0x4
 2978 1133 7702     		.2byte	0x277
 2979 1135 08       		.uleb128 0x8
 2980 1136 AC130000 		.4byte	0x13ac
 2981 113a 77020000 		.4byte	.LLST6
 2982 113e 75020000 		.4byte	.LVUS6
 2983 1142 00       		.byte	0
 2984 1143 00       		.byte	0
 2985 1144 00       		.byte	0
 2986 1145 00       		.byte	0
 2987 1146 10       		.uleb128 0x10
 2988 1147 0E000000 		.4byte	.LVL11
 2989 114b 320A0000 		.4byte	0xa32
 2990 114f 06       		.uleb128 0x6
 2991 1150 01       		.uleb128 0x1
 2992 1151 50       		.byte	0x50
 2993 1152 02       		.uleb128 0x2
 2994 1153 74       		.byte	0x74
 2995 1154 00       		.sleb128 0
 2996 1155 00       		.byte	0
 2997 1156 00       		.byte	0
 2998 1157 11       		.uleb128 0x11
 2999 1158 DE060000 		.4byte	0x6de
 3000 115c 67110000 		.4byte	0x1167
 3001 1160 12       		.uleb128 0x12
 3002 1161 2D000000 		.4byte	0x2d
 3003 1165 07       		.byte	0x7
 3004 1166 00       		.byte	0
 3005 1167 0D       		.uleb128 0xd
 3006 1168 57110000 		.4byte	0x1157
 3007 116c 14       		.uleb128 0x14
 3008 116d F9060000 		.4byte	.LASF145
 3009 1171 5F       		.byte	0x5f
 3010 1172 00000000 		.4byte	.LFB235
 3011 1176 1C000000 		.4byte	.LFE235-.LFB235
 3012 117a 01       		.uleb128 0x1
 3013 117b 9C       		.byte	0x9c
 3014 117c 90120000 		.4byte	0x1290
 3015 1180 0B       		.uleb128 0xb
 3016 1181 8F070000 		.4byte	.LASF138
 3017 1185 5F       		.byte	0x5f
 3018 1186 1A       		.byte	0x1a
 3019 1187 D5080000 		.4byte	0x8d5
 3020 118b 85020000 		.4byte	.LLST0
 3021 118f 81020000 		.4byte	.LVUS0
ARM GAS  /tmp/ccQKr0Dm.s 			page 54


 3022 1193 0B       		.uleb128 0xb
 3023 1194 5E060000 		.4byte	.LASF112
 3024 1198 5F       		.byte	0x5f
 3025 1199 31       		.byte	0x31
 3026 119a B7090000 		.4byte	0x9b7
 3027 119e 99020000 		.4byte	.LLST1
 3028 11a2 95020000 		.4byte	.LVUS1
 3029 11a6 15       		.uleb128 0x15
 3030 11a7 FD050000 		.4byte	.LASF139
 3031 11ab A0120000 		.4byte	0x12a0
 3032 11af 13       		.uleb128 0x13
 3033 11b0 57130000 		.4byte	0x1357
 3034 11b4 04000000 		.4byte	.LBI95
 3035 11b8 04       		.byte	.LVU23
 3036 11b9 04000000 		.4byte	.LBB95
 3037 11bd 06000000 		.4byte	.LBE95-.LBB95
 3038 11c1 63       		.byte	0x63
 3039 11c2 03       		.byte	0x3
 3040 11c3 17120000 		.4byte	0x1217
 3041 11c7 03       		.uleb128 0x3
 3042 11c8 8A130000 		.4byte	0x138a
 3043 11cc 04000000 		.4byte	.LBI96
 3044 11d0 06       		.byte	.LVU25
 3045 11d1 04000000 		.4byte	.LBB96
 3046 11d5 06000000 		.4byte	.LBE96-.LBB96
 3047 11d9 02       		.byte	0x2
 3048 11da ED01     		.2byte	0x1ed
 3049 11dc 03       		.uleb128 0x3
 3050 11dd 9A130000 		.4byte	0x139a
 3051 11e1 04000000 		.4byte	.LBI97
 3052 11e5 08       		.byte	.LVU27
 3053 11e6 04000000 		.4byte	.LBB97
 3054 11ea 06000000 		.4byte	.LBE97-.LBB97
 3055 11ee 03       		.byte	0x3
 3056 11ef 7801     		.2byte	0x178
 3057 11f1 03       		.uleb128 0x3
 3058 11f2 A2130000 		.4byte	0x13a2
 3059 11f6 04000000 		.4byte	.LBI98
 3060 11fa 0A       		.byte	.LVU29
 3061 11fb 04000000 		.4byte	.LBB98
 3062 11ff 06000000 		.4byte	.LBE98-.LBB98
 3063 1203 04       		.byte	0x4
 3064 1204 6402     		.2byte	0x264
 3065 1206 08       		.uleb128 0x8
 3066 1207 AC130000 		.4byte	0x13ac
 3067 120b B4020000 		.4byte	.LLST2
 3068 120f B2020000 		.4byte	.LVUS2
 3069 1213 00       		.byte	0
 3070 1214 00       		.byte	0
 3071 1215 00       		.byte	0
 3072 1216 00       		.byte	0
 3073 1217 13       		.uleb128 0x13
 3074 1218 4F130000 		.4byte	0x134f
 3075 121c 14000000 		.4byte	.LBI100
 3076 1220 01       		.byte	.LVU43
 3077 1221 14000000 		.4byte	.LBB100
 3078 1225 06000000 		.4byte	.LBE100-.LBB100
ARM GAS  /tmp/ccQKr0Dm.s 			page 55


 3079 1229 69       		.byte	0x69
 3080 122a 03       		.byte	0x3
 3081 122b 7F120000 		.4byte	0x127f
 3082 122f 03       		.uleb128 0x3
 3083 1230 5F130000 		.4byte	0x135f
 3084 1234 14000000 		.4byte	.LBI101
 3085 1238 03       		.byte	.LVU45
 3086 1239 14000000 		.4byte	.LBB101
 3087 123d 06000000 		.4byte	.LBE101-.LBB101
 3088 1241 02       		.byte	0x2
 3089 1242 F801     		.2byte	0x1f8
 3090 1244 03       		.uleb128 0x3
 3091 1245 92130000 		.4byte	0x1392
 3092 1249 14000000 		.4byte	.LBI103
 3093 124d 0A       		.byte	.LVU52
 3094 124e 14000000 		.4byte	.LBB103
 3095 1252 06000000 		.4byte	.LBE103-.LBB103
 3096 1256 03       		.byte	0x3
 3097 1257 8F01     		.2byte	0x18f
 3098 1259 03       		.uleb128 0x3
 3099 125a A2130000 		.4byte	0x13a2
 3100 125e 14000000 		.4byte	.LBI104
 3101 1262 0C       		.byte	.LVU54
 3102 1263 14000000 		.4byte	.LBB104
 3103 1267 06000000 		.4byte	.LBE104-.LBB104
 3104 126b 04       		.byte	0x4
 3105 126c 7702     		.2byte	0x277
 3106 126e 08       		.uleb128 0x8
 3107 126f AC130000 		.4byte	0x13ac
 3108 1273 C1020000 		.4byte	.LLST3
 3109 1277 BF020000 		.4byte	.LVUS3
 3110 127b 00       		.byte	0
 3111 127c 00       		.byte	0
 3112 127d 00       		.byte	0
 3113 127e 00       		.byte	0
 3114 127f 10       		.uleb128 0x10
 3115 1280 10000000 		.4byte	.LVL5
 3116 1284 430A0000 		.4byte	0xa43
 3117 1288 06       		.uleb128 0x6
 3118 1289 01       		.uleb128 0x1
 3119 128a 50       		.byte	0x50
 3120 128b 02       		.uleb128 0x2
 3121 128c 74       		.byte	0x74
 3122 128d 00       		.sleb128 0
 3123 128e 00       		.byte	0
 3124 128f 00       		.byte	0
 3125 1290 11       		.uleb128 0x11
 3126 1291 DE060000 		.4byte	0x6de
 3127 1295 A0120000 		.4byte	0x12a0
 3128 1299 12       		.uleb128 0x12
 3129 129a 2D000000 		.4byte	0x2d
 3130 129e 08       		.byte	0x8
 3131 129f 00       		.byte	0
 3132 12a0 0D       		.uleb128 0xd
 3133 12a1 90120000 		.4byte	0x1290
 3134 12a5 14       		.uleb128 0x14
 3135 12a6 5C020000 		.4byte	.LASF146
ARM GAS  /tmp/ccQKr0Dm.s 			page 56


 3136 12aa 44       		.byte	0x44
 3137 12ab 00000000 		.4byte	.LFB234
 3138 12af 12000000 		.4byte	.LFE234-.LFB234
 3139 12b3 01       		.uleb128 0x1
 3140 12b4 9C       		.byte	0x9c
 3141 12b5 C8120000 		.4byte	0x12c8
 3142 12b9 31       		.uleb128 0x31
 3143 12ba 8F070000 		.4byte	.LASF138
 3144 12be 01       		.byte	0x1
 3145 12bf 44       		.byte	0x44
 3146 12c0 1F       		.byte	0x1f
 3147 12c1 D5080000 		.4byte	0x8d5
 3148 12c5 01       		.uleb128 0x1
 3149 12c6 50       		.byte	0x50
 3150 12c7 00       		.byte	0
 3151 12c8 14       		.uleb128 0x14
 3152 12c9 0E030000 		.4byte	.LASF147
 3153 12cd 38       		.byte	0x38
 3154 12ce 00000000 		.4byte	.LFB233
 3155 12d2 08000000 		.4byte	.LFE233-.LFB233
 3156 12d6 01       		.uleb128 0x1
 3157 12d7 9C       		.byte	0x9c
 3158 12d8 E6120000 		.4byte	0x12e6
 3159 12dc 32       		.uleb128 0x32
 3160 12dd 06000000 		.4byte	.LVL0
 3161 12e1 540A0000 		.4byte	0xa54
 3162 12e5 00       		.byte	0
 3163 12e6 20       		.uleb128 0x20
 3164 12e7 0F000000 		.4byte	.LASF148
 3165 12eb 02       		.byte	0x2
 3166 12ec E502     		.2byte	0x2e5
 3167 12ee 0B130000 		.4byte	0x130b
 3168 12f2 16       		.uleb128 0x16
 3169 12f3 74727000 		.ascii	"trp\000"
 3170 12f7 E502     		.2byte	0x2e5
 3171 12f9 3A       		.byte	0x3a
 3172 12fa CD060000 		.4byte	0x6cd
 3173 12fe 16       		.uleb128 0x16
 3174 12ff 6D736700 		.ascii	"msg\000"
 3175 1303 E502     		.2byte	0x2e5
 3176 1305 45       		.byte	0x45
 3177 1306 F0000000 		.4byte	0xf0
 3178 130a 00       		.byte	0
 3179 130b 20       		.uleb128 0x20
 3180 130c CD010000 		.4byte	.LASF149
 3181 1310 02       		.byte	0x2
 3182 1311 D602     		.2byte	0x2d6
 3183 1313 30130000 		.4byte	0x1330
 3184 1317 16       		.uleb128 0x16
 3185 1318 74727000 		.ascii	"trp\000"
 3186 131c D602     		.2byte	0x2d6
 3187 131e 3A       		.byte	0x3a
 3188 131f CD060000 		.4byte	0x6cd
 3189 1323 16       		.uleb128 0x16
 3190 1324 6D736700 		.ascii	"msg\000"
 3191 1328 D602     		.2byte	0x2d6
 3192 132a 45       		.byte	0x45
ARM GAS  /tmp/ccQKr0Dm.s 			page 57


 3193 132b F0000000 		.4byte	0xf0
 3194 132f 00       		.byte	0
 3195 1330 33       		.uleb128 0x33
 3196 1331 DE020000 		.4byte	.LASF163
 3197 1335 02       		.byte	0x2
 3198 1336 AE02     		.2byte	0x2ae
 3199 1338 15       		.byte	0x15
 3200 1339 F0000000 		.4byte	0xf0
 3201 133d 03       		.byte	0x3
 3202 133e 4F130000 		.4byte	0x134f
 3203 1342 16       		.uleb128 0x16
 3204 1343 74727000 		.ascii	"trp\000"
 3205 1347 AE02     		.2byte	0x2ae
 3206 1349 3C       		.byte	0x3c
 3207 134a CD060000 		.4byte	0x6cd
 3208 134e 00       		.byte	0
 3209 134f 17       		.uleb128 0x17
 3210 1350 10060000 		.4byte	.LASF150
 3211 1354 02       		.byte	0x2
 3212 1355 F601     		.2byte	0x1f6
 3213 1357 17       		.uleb128 0x17
 3214 1358 0C020000 		.4byte	.LASF151
 3215 135c 02       		.byte	0x2
 3216 135d EB01     		.2byte	0x1eb
 3217 135f 20       		.uleb128 0x20
 3218 1360 7E070000 		.4byte	.LASF152
 3219 1364 03       		.byte	0x3
 3220 1365 8201     		.2byte	0x182
 3221 1367 75130000 		.4byte	0x1375
 3222 136b 15       		.uleb128 0x15
 3223 136c FD050000 		.4byte	.LASF139
 3224 1370 85130000 		.4byte	0x1385
 3225 1374 00       		.byte	0
 3226 1375 11       		.uleb128 0x11
 3227 1376 DE060000 		.4byte	0x6de
 3228 137a 85130000 		.4byte	0x1385
 3229 137e 12       		.uleb128 0x12
 3230 137f 2D000000 		.4byte	0x2d
 3231 1383 0B       		.byte	0xb
 3232 1384 00       		.byte	0
 3233 1385 0D       		.uleb128 0xd
 3234 1386 75130000 		.4byte	0x1375
 3235 138a 17       		.uleb128 0x17
 3236 138b 06060000 		.4byte	.LASF153
 3237 138f 03       		.byte	0x3
 3238 1390 7601     		.2byte	0x176
 3239 1392 17       		.uleb128 0x17
 3240 1393 03010000 		.4byte	.LASF154
 3241 1397 04       		.byte	0x4
 3242 1398 7402     		.2byte	0x274
 3243 139a 17       		.uleb128 0x17
 3244 139b 50000000 		.4byte	.LASF155
 3245 139f 04       		.byte	0x4
 3246 13a0 5C02     		.2byte	0x25c
 3247 13a2 34       		.uleb128 0x34
 3248 13a3 9C060000 		.4byte	.LASF164
 3249 13a7 05       		.byte	0x5
ARM GAS  /tmp/ccQKr0Dm.s 			page 58


 3250 13a8 2202     		.2byte	0x222
 3251 13aa 39       		.byte	0x39
 3252 13ab 03       		.byte	0x3
 3253 13ac 35       		.uleb128 0x35
 3254 13ad 29020000 		.4byte	.LASF156
 3255 13b1 05       		.byte	0x5
 3256 13b2 2202     		.2byte	0x222
 3257 13b4 50       		.byte	0x50
 3258 13b5 9C000000 		.4byte	0x9c
 3259 13b9 00       		.byte	0
 3260 13ba 00       		.byte	0
 3261              		.section	.debug_abbrev,"",%progbits
 3262              	.Ldebug_abbrev0:
 3263 0000 01       		.uleb128 0x1
 3264 0001 0D       		.uleb128 0xd
 3265 0002 00       		.byte	0
 3266 0003 03       		.uleb128 0x3
 3267 0004 0E       		.uleb128 0xe
 3268 0005 3A       		.uleb128 0x3a
 3269 0006 0B       		.uleb128 0xb
 3270 0007 3B       		.uleb128 0x3b
 3271 0008 0B       		.uleb128 0xb
 3272 0009 39       		.uleb128 0x39
 3273 000a 0B       		.uleb128 0xb
 3274 000b 49       		.uleb128 0x49
 3275 000c 13       		.uleb128 0x13
 3276 000d 38       		.uleb128 0x38
 3277 000e 0B       		.uleb128 0xb
 3278 000f 00       		.byte	0
 3279 0010 00       		.byte	0
 3280 0011 02       		.uleb128 0x2
 3281 0012 0D       		.uleb128 0xd
 3282 0013 00       		.byte	0
 3283 0014 03       		.uleb128 0x3
 3284 0015 08       		.uleb128 0x8
 3285 0016 3A       		.uleb128 0x3a
 3286 0017 0B       		.uleb128 0xb
 3287 0018 3B       		.uleb128 0x3b
 3288 0019 05       		.uleb128 0x5
 3289 001a 39       		.uleb128 0x39
 3290 001b 0B       		.uleb128 0xb
 3291 001c 49       		.uleb128 0x49
 3292 001d 13       		.uleb128 0x13
 3293 001e 38       		.uleb128 0x38
 3294 001f 0B       		.uleb128 0xb
 3295 0020 00       		.byte	0
 3296 0021 00       		.byte	0
 3297 0022 03       		.uleb128 0x3
 3298 0023 1D       		.uleb128 0x1d
 3299 0024 01       		.byte	0x1
 3300 0025 31       		.uleb128 0x31
 3301 0026 13       		.uleb128 0x13
 3302 0027 52       		.uleb128 0x52
 3303 0028 01       		.uleb128 0x1
 3304 0029 B842     		.uleb128 0x2138
 3305 002b 0B       		.uleb128 0xb
 3306 002c 11       		.uleb128 0x11
ARM GAS  /tmp/ccQKr0Dm.s 			page 59


 3307 002d 01       		.uleb128 0x1
 3308 002e 12       		.uleb128 0x12
 3309 002f 06       		.uleb128 0x6
 3310 0030 58       		.uleb128 0x58
 3311 0031 0B       		.uleb128 0xb
 3312 0032 59       		.uleb128 0x59
 3313 0033 05       		.uleb128 0x5
 3314 0034 57       		.uleb128 0x57
 3315 0035 21       		.uleb128 0x21
 3316 0036 03       		.sleb128 3
 3317 0037 00       		.byte	0
 3318 0038 00       		.byte	0
 3319 0039 04       		.uleb128 0x4
 3320 003a 0D       		.uleb128 0xd
 3321 003b 00       		.byte	0
 3322 003c 03       		.uleb128 0x3
 3323 003d 0E       		.uleb128 0xe
 3324 003e 3A       		.uleb128 0x3a
 3325 003f 0B       		.uleb128 0xb
 3326 0040 3B       		.uleb128 0x3b
 3327 0041 05       		.uleb128 0x5
 3328 0042 39       		.uleb128 0x39
 3329 0043 0B       		.uleb128 0xb
 3330 0044 49       		.uleb128 0x49
 3331 0045 13       		.uleb128 0x13
 3332 0046 38       		.uleb128 0x38
 3333 0047 0B       		.uleb128 0xb
 3334 0048 00       		.byte	0
 3335 0049 00       		.byte	0
 3336 004a 05       		.uleb128 0x5
 3337 004b 16       		.uleb128 0x16
 3338 004c 00       		.byte	0
 3339 004d 03       		.uleb128 0x3
 3340 004e 0E       		.uleb128 0xe
 3341 004f 3A       		.uleb128 0x3a
 3342 0050 0B       		.uleb128 0xb
 3343 0051 3B       		.uleb128 0x3b
 3344 0052 0B       		.uleb128 0xb
 3345 0053 39       		.uleb128 0x39
 3346 0054 0B       		.uleb128 0xb
 3347 0055 49       		.uleb128 0x49
 3348 0056 13       		.uleb128 0x13
 3349 0057 00       		.byte	0
 3350 0058 00       		.byte	0
 3351 0059 06       		.uleb128 0x6
 3352 005a 49       		.uleb128 0x49
 3353 005b 00       		.byte	0
 3354 005c 02       		.uleb128 0x2
 3355 005d 18       		.uleb128 0x18
 3356 005e 7E       		.uleb128 0x7e
 3357 005f 18       		.uleb128 0x18
 3358 0060 00       		.byte	0
 3359 0061 00       		.byte	0
 3360 0062 07       		.uleb128 0x7
 3361 0063 0F       		.uleb128 0xf
 3362 0064 00       		.byte	0
 3363 0065 0B       		.uleb128 0xb
ARM GAS  /tmp/ccQKr0Dm.s 			page 60


 3364 0066 21       		.uleb128 0x21
 3365 0067 04       		.sleb128 4
 3366 0068 49       		.uleb128 0x49
 3367 0069 13       		.uleb128 0x13
 3368 006a 00       		.byte	0
 3369 006b 00       		.byte	0
 3370 006c 08       		.uleb128 0x8
 3371 006d 05       		.uleb128 0x5
 3372 006e 00       		.byte	0
 3373 006f 31       		.uleb128 0x31
 3374 0070 13       		.uleb128 0x13
 3375 0071 02       		.uleb128 0x2
 3376 0072 17       		.uleb128 0x17
 3377 0073 B742     		.uleb128 0x2137
 3378 0075 17       		.uleb128 0x17
 3379 0076 00       		.byte	0
 3380 0077 00       		.byte	0
 3381 0078 09       		.uleb128 0x9
 3382 0079 05       		.uleb128 0x5
 3383 007a 00       		.byte	0
 3384 007b 49       		.uleb128 0x49
 3385 007c 13       		.uleb128 0x13
 3386 007d 00       		.byte	0
 3387 007e 00       		.byte	0
 3388 007f 0A       		.uleb128 0xa
 3389 0080 0D       		.uleb128 0xd
 3390 0081 00       		.byte	0
 3391 0082 03       		.uleb128 0x3
 3392 0083 08       		.uleb128 0x8
 3393 0084 3A       		.uleb128 0x3a
 3394 0085 0B       		.uleb128 0xb
 3395 0086 3B       		.uleb128 0x3b
 3396 0087 0B       		.uleb128 0xb
 3397 0088 39       		.uleb128 0x39
 3398 0089 0B       		.uleb128 0xb
 3399 008a 49       		.uleb128 0x49
 3400 008b 13       		.uleb128 0x13
 3401 008c 38       		.uleb128 0x38
 3402 008d 0B       		.uleb128 0xb
 3403 008e 00       		.byte	0
 3404 008f 00       		.byte	0
 3405 0090 0B       		.uleb128 0xb
 3406 0091 05       		.uleb128 0x5
 3407 0092 00       		.byte	0
 3408 0093 03       		.uleb128 0x3
 3409 0094 0E       		.uleb128 0xe
 3410 0095 3A       		.uleb128 0x3a
 3411 0096 21       		.uleb128 0x21
 3412 0097 01       		.sleb128 1
 3413 0098 3B       		.uleb128 0x3b
 3414 0099 0B       		.uleb128 0xb
 3415 009a 39       		.uleb128 0x39
 3416 009b 0B       		.uleb128 0xb
 3417 009c 49       		.uleb128 0x49
 3418 009d 13       		.uleb128 0x13
 3419 009e 02       		.uleb128 0x2
 3420 009f 17       		.uleb128 0x17
ARM GAS  /tmp/ccQKr0Dm.s 			page 61


 3421 00a0 B742     		.uleb128 0x2137
 3422 00a2 17       		.uleb128 0x17
 3423 00a3 00       		.byte	0
 3424 00a4 00       		.byte	0
 3425 00a5 0C       		.uleb128 0xc
 3426 00a6 24       		.uleb128 0x24
 3427 00a7 00       		.byte	0
 3428 00a8 0B       		.uleb128 0xb
 3429 00a9 0B       		.uleb128 0xb
 3430 00aa 3E       		.uleb128 0x3e
 3431 00ab 0B       		.uleb128 0xb
 3432 00ac 03       		.uleb128 0x3
 3433 00ad 0E       		.uleb128 0xe
 3434 00ae 00       		.byte	0
 3435 00af 00       		.byte	0
 3436 00b0 0D       		.uleb128 0xd
 3437 00b1 26       		.uleb128 0x26
 3438 00b2 00       		.byte	0
 3439 00b3 49       		.uleb128 0x49
 3440 00b4 13       		.uleb128 0x13
 3441 00b5 00       		.byte	0
 3442 00b6 00       		.byte	0
 3443 00b7 0E       		.uleb128 0xe
 3444 00b8 28       		.uleb128 0x28
 3445 00b9 00       		.byte	0
 3446 00ba 03       		.uleb128 0x3
 3447 00bb 0E       		.uleb128 0xe
 3448 00bc 1C       		.uleb128 0x1c
 3449 00bd 0B       		.uleb128 0xb
 3450 00be 00       		.byte	0
 3451 00bf 00       		.byte	0
 3452 00c0 0F       		.uleb128 0xf
 3453 00c1 16       		.uleb128 0x16
 3454 00c2 00       		.byte	0
 3455 00c3 03       		.uleb128 0x3
 3456 00c4 0E       		.uleb128 0xe
 3457 00c5 3A       		.uleb128 0x3a
 3458 00c6 0B       		.uleb128 0xb
 3459 00c7 3B       		.uleb128 0x3b
 3460 00c8 05       		.uleb128 0x5
 3461 00c9 39       		.uleb128 0x39
 3462 00ca 0B       		.uleb128 0xb
 3463 00cb 49       		.uleb128 0x49
 3464 00cc 13       		.uleb128 0x13
 3465 00cd 00       		.byte	0
 3466 00ce 00       		.byte	0
 3467 00cf 10       		.uleb128 0x10
 3468 00d0 48       		.uleb128 0x48
 3469 00d1 01       		.byte	0x1
 3470 00d2 7D       		.uleb128 0x7d
 3471 00d3 01       		.uleb128 0x1
 3472 00d4 7F       		.uleb128 0x7f
 3473 00d5 13       		.uleb128 0x13
 3474 00d6 00       		.byte	0
 3475 00d7 00       		.byte	0
 3476 00d8 11       		.uleb128 0x11
 3477 00d9 01       		.uleb128 0x1
ARM GAS  /tmp/ccQKr0Dm.s 			page 62


 3478 00da 01       		.byte	0x1
 3479 00db 49       		.uleb128 0x49
 3480 00dc 13       		.uleb128 0x13
 3481 00dd 01       		.uleb128 0x1
 3482 00de 13       		.uleb128 0x13
 3483 00df 00       		.byte	0
 3484 00e0 00       		.byte	0
 3485 00e1 12       		.uleb128 0x12
 3486 00e2 21       		.uleb128 0x21
 3487 00e3 00       		.byte	0
 3488 00e4 49       		.uleb128 0x49
 3489 00e5 13       		.uleb128 0x13
 3490 00e6 2F       		.uleb128 0x2f
 3491 00e7 0B       		.uleb128 0xb
 3492 00e8 00       		.byte	0
 3493 00e9 00       		.byte	0
 3494 00ea 13       		.uleb128 0x13
 3495 00eb 1D       		.uleb128 0x1d
 3496 00ec 01       		.byte	0x1
 3497 00ed 31       		.uleb128 0x31
 3498 00ee 13       		.uleb128 0x13
 3499 00ef 52       		.uleb128 0x52
 3500 00f0 01       		.uleb128 0x1
 3501 00f1 B842     		.uleb128 0x2138
 3502 00f3 0B       		.uleb128 0xb
 3503 00f4 11       		.uleb128 0x11
 3504 00f5 01       		.uleb128 0x1
 3505 00f6 12       		.uleb128 0x12
 3506 00f7 06       		.uleb128 0x6
 3507 00f8 58       		.uleb128 0x58
 3508 00f9 21       		.uleb128 0x21
 3509 00fa 01       		.sleb128 1
 3510 00fb 59       		.uleb128 0x59
 3511 00fc 0B       		.uleb128 0xb
 3512 00fd 57       		.uleb128 0x57
 3513 00fe 0B       		.uleb128 0xb
 3514 00ff 01       		.uleb128 0x1
 3515 0100 13       		.uleb128 0x13
 3516 0101 00       		.byte	0
 3517 0102 00       		.byte	0
 3518 0103 14       		.uleb128 0x14
 3519 0104 2E       		.uleb128 0x2e
 3520 0105 01       		.byte	0x1
 3521 0106 3F       		.uleb128 0x3f
 3522 0107 19       		.uleb128 0x19
 3523 0108 03       		.uleb128 0x3
 3524 0109 0E       		.uleb128 0xe
 3525 010a 3A       		.uleb128 0x3a
 3526 010b 21       		.uleb128 0x21
 3527 010c 01       		.sleb128 1
 3528 010d 3B       		.uleb128 0x3b
 3529 010e 0B       		.uleb128 0xb
 3530 010f 39       		.uleb128 0x39
 3531 0110 21       		.uleb128 0x21
 3532 0111 06       		.sleb128 6
 3533 0112 27       		.uleb128 0x27
 3534 0113 19       		.uleb128 0x19
ARM GAS  /tmp/ccQKr0Dm.s 			page 63


 3535 0114 11       		.uleb128 0x11
 3536 0115 01       		.uleb128 0x1
 3537 0116 12       		.uleb128 0x12
 3538 0117 06       		.uleb128 0x6
 3539 0118 40       		.uleb128 0x40
 3540 0119 18       		.uleb128 0x18
 3541 011a 7A       		.uleb128 0x7a
 3542 011b 19       		.uleb128 0x19
 3543 011c 01       		.uleb128 0x1
 3544 011d 13       		.uleb128 0x13
 3545 011e 00       		.byte	0
 3546 011f 00       		.byte	0
 3547 0120 15       		.uleb128 0x15
 3548 0121 34       		.uleb128 0x34
 3549 0122 00       		.byte	0
 3550 0123 03       		.uleb128 0x3
 3551 0124 0E       		.uleb128 0xe
 3552 0125 49       		.uleb128 0x49
 3553 0126 13       		.uleb128 0x13
 3554 0127 34       		.uleb128 0x34
 3555 0128 19       		.uleb128 0x19
 3556 0129 00       		.byte	0
 3557 012a 00       		.byte	0
 3558 012b 16       		.uleb128 0x16
 3559 012c 05       		.uleb128 0x5
 3560 012d 00       		.byte	0
 3561 012e 03       		.uleb128 0x3
 3562 012f 08       		.uleb128 0x8
 3563 0130 3A       		.uleb128 0x3a
 3564 0131 21       		.uleb128 0x21
 3565 0132 02       		.sleb128 2
 3566 0133 3B       		.uleb128 0x3b
 3567 0134 05       		.uleb128 0x5
 3568 0135 39       		.uleb128 0x39
 3569 0136 0B       		.uleb128 0xb
 3570 0137 49       		.uleb128 0x49
 3571 0138 13       		.uleb128 0x13
 3572 0139 00       		.byte	0
 3573 013a 00       		.byte	0
 3574 013b 17       		.uleb128 0x17
 3575 013c 2E       		.uleb128 0x2e
 3576 013d 00       		.byte	0
 3577 013e 03       		.uleb128 0x3
 3578 013f 0E       		.uleb128 0xe
 3579 0140 3A       		.uleb128 0x3a
 3580 0141 0B       		.uleb128 0xb
 3581 0142 3B       		.uleb128 0x3b
 3582 0143 05       		.uleb128 0x5
 3583 0144 39       		.uleb128 0x39
 3584 0145 21       		.uleb128 0x21
 3585 0146 14       		.sleb128 20
 3586 0147 27       		.uleb128 0x27
 3587 0148 19       		.uleb128 0x19
 3588 0149 20       		.uleb128 0x20
 3589 014a 21       		.uleb128 0x21
 3590 014b 03       		.sleb128 3
 3591 014c 00       		.byte	0
ARM GAS  /tmp/ccQKr0Dm.s 			page 64


 3592 014d 00       		.byte	0
 3593 014e 18       		.uleb128 0x18
 3594 014f 13       		.uleb128 0x13
 3595 0150 01       		.byte	0x1
 3596 0151 03       		.uleb128 0x3
 3597 0152 0E       		.uleb128 0xe
 3598 0153 0B       		.uleb128 0xb
 3599 0154 0B       		.uleb128 0xb
 3600 0155 3A       		.uleb128 0x3a
 3601 0156 0B       		.uleb128 0xb
 3602 0157 3B       		.uleb128 0x3b
 3603 0158 0B       		.uleb128 0xb
 3604 0159 39       		.uleb128 0x39
 3605 015a 21       		.uleb128 0x21
 3606 015b 08       		.sleb128 8
 3607 015c 01       		.uleb128 0x1
 3608 015d 13       		.uleb128 0x13
 3609 015e 00       		.byte	0
 3610 015f 00       		.byte	0
 3611 0160 19       		.uleb128 0x19
 3612 0161 13       		.uleb128 0x13
 3613 0162 01       		.byte	0x1
 3614 0163 0B       		.uleb128 0xb
 3615 0164 0B       		.uleb128 0xb
 3616 0165 3A       		.uleb128 0x3a
 3617 0166 0B       		.uleb128 0xb
 3618 0167 3B       		.uleb128 0x3b
 3619 0168 05       		.uleb128 0x5
 3620 0169 39       		.uleb128 0x39
 3621 016a 21       		.uleb128 0x21
 3622 016b 09       		.sleb128 9
 3623 016c 01       		.uleb128 0x1
 3624 016d 13       		.uleb128 0x13
 3625 016e 00       		.byte	0
 3626 016f 00       		.byte	0
 3627 0170 1A       		.uleb128 0x1a
 3628 0171 0D       		.uleb128 0xd
 3629 0172 00       		.byte	0
 3630 0173 03       		.uleb128 0x3
 3631 0174 0E       		.uleb128 0xe
 3632 0175 3A       		.uleb128 0x3a
 3633 0176 21       		.uleb128 0x21
 3634 0177 0A       		.sleb128 10
 3635 0178 3B       		.uleb128 0x3b
 3636 0179 0B       		.uleb128 0xb
 3637 017a 39       		.uleb128 0x39
 3638 017b 0B       		.uleb128 0xb
 3639 017c 49       		.uleb128 0x49
 3640 017d 13       		.uleb128 0x13
 3641 017e 00       		.byte	0
 3642 017f 00       		.byte	0
 3643 0180 1B       		.uleb128 0x1b
 3644 0181 2E       		.uleb128 0x2e
 3645 0182 01       		.byte	0x1
 3646 0183 3F       		.uleb128 0x3f
 3647 0184 19       		.uleb128 0x19
 3648 0185 03       		.uleb128 0x3
ARM GAS  /tmp/ccQKr0Dm.s 			page 65


 3649 0186 0E       		.uleb128 0xe
 3650 0187 3A       		.uleb128 0x3a
 3651 0188 21       		.uleb128 0x21
 3652 0189 0F       		.sleb128 15
 3653 018a 3B       		.uleb128 0x3b
 3654 018b 05       		.uleb128 0x5
 3655 018c 39       		.uleb128 0x39
 3656 018d 21       		.uleb128 0x21
 3657 018e 08       		.sleb128 8
 3658 018f 27       		.uleb128 0x27
 3659 0190 19       		.uleb128 0x19
 3660 0191 3C       		.uleb128 0x3c
 3661 0192 19       		.uleb128 0x19
 3662 0193 01       		.uleb128 0x1
 3663 0194 13       		.uleb128 0x13
 3664 0195 00       		.byte	0
 3665 0196 00       		.byte	0
 3666 0197 1C       		.uleb128 0x1c
 3667 0198 05       		.uleb128 0x5
 3668 0199 00       		.byte	0
 3669 019a 03       		.uleb128 0x3
 3670 019b 0E       		.uleb128 0xe
 3671 019c 3A       		.uleb128 0x3a
 3672 019d 21       		.uleb128 0x21
 3673 019e 01       		.sleb128 1
 3674 019f 3B       		.uleb128 0x3b
 3675 01a0 05       		.uleb128 0x5
 3676 01a1 39       		.uleb128 0x39
 3677 01a2 0B       		.uleb128 0xb
 3678 01a3 49       		.uleb128 0x49
 3679 01a4 13       		.uleb128 0x13
 3680 01a5 02       		.uleb128 0x2
 3681 01a6 17       		.uleb128 0x17
 3682 01a7 B742     		.uleb128 0x2137
 3683 01a9 17       		.uleb128 0x17
 3684 01aa 00       		.byte	0
 3685 01ab 00       		.byte	0
 3686 01ac 1D       		.uleb128 0x1d
 3687 01ad 13       		.uleb128 0x13
 3688 01ae 01       		.byte	0x1
 3689 01af 0B       		.uleb128 0xb
 3690 01b0 0B       		.uleb128 0xb
 3691 01b1 3A       		.uleb128 0x3a
 3692 01b2 0B       		.uleb128 0xb
 3693 01b3 3B       		.uleb128 0x3b
 3694 01b4 0B       		.uleb128 0xb
 3695 01b5 39       		.uleb128 0x39
 3696 01b6 21       		.uleb128 0x21
 3697 01b7 09       		.sleb128 9
 3698 01b8 01       		.uleb128 0x1
 3699 01b9 13       		.uleb128 0x13
 3700 01ba 00       		.byte	0
 3701 01bb 00       		.byte	0
 3702 01bc 1E       		.uleb128 0x1e
 3703 01bd 1D       		.uleb128 0x1d
 3704 01be 01       		.byte	0x1
 3705 01bf 31       		.uleb128 0x31
ARM GAS  /tmp/ccQKr0Dm.s 			page 66


 3706 01c0 13       		.uleb128 0x13
 3707 01c1 52       		.uleb128 0x52
 3708 01c2 01       		.uleb128 0x1
 3709 01c3 B842     		.uleb128 0x2138
 3710 01c5 0B       		.uleb128 0xb
 3711 01c6 11       		.uleb128 0x11
 3712 01c7 01       		.uleb128 0x1
 3713 01c8 12       		.uleb128 0x12
 3714 01c9 06       		.uleb128 0x6
 3715 01ca 58       		.uleb128 0x58
 3716 01cb 21       		.uleb128 0x21
 3717 01cc 01       		.sleb128 1
 3718 01cd 59       		.uleb128 0x59
 3719 01ce 05       		.uleb128 0x5
 3720 01cf 57       		.uleb128 0x57
 3721 01d0 0B       		.uleb128 0xb
 3722 01d1 01       		.uleb128 0x1
 3723 01d2 13       		.uleb128 0x13
 3724 01d3 00       		.byte	0
 3725 01d4 00       		.byte	0
 3726 01d5 1F       		.uleb128 0x1f
 3727 01d6 1D       		.uleb128 0x1d
 3728 01d7 01       		.byte	0x1
 3729 01d8 31       		.uleb128 0x31
 3730 01d9 13       		.uleb128 0x13
 3731 01da 52       		.uleb128 0x52
 3732 01db 01       		.uleb128 0x1
 3733 01dc B842     		.uleb128 0x2138
 3734 01de 0B       		.uleb128 0xb
 3735 01df 55       		.uleb128 0x55
 3736 01e0 17       		.uleb128 0x17
 3737 01e1 58       		.uleb128 0x58
 3738 01e2 0B       		.uleb128 0xb
 3739 01e3 59       		.uleb128 0x59
 3740 01e4 05       		.uleb128 0x5
 3741 01e5 57       		.uleb128 0x57
 3742 01e6 21       		.uleb128 0x21
 3743 01e7 03       		.sleb128 3
 3744 01e8 00       		.byte	0
 3745 01e9 00       		.byte	0
 3746 01ea 20       		.uleb128 0x20
 3747 01eb 2E       		.uleb128 0x2e
 3748 01ec 01       		.byte	0x1
 3749 01ed 03       		.uleb128 0x3
 3750 01ee 0E       		.uleb128 0xe
 3751 01ef 3A       		.uleb128 0x3a
 3752 01f0 0B       		.uleb128 0xb
 3753 01f1 3B       		.uleb128 0x3b
 3754 01f2 05       		.uleb128 0x5
 3755 01f3 39       		.uleb128 0x39
 3756 01f4 21       		.uleb128 0x21
 3757 01f5 14       		.sleb128 20
 3758 01f6 27       		.uleb128 0x27
 3759 01f7 19       		.uleb128 0x19
 3760 01f8 20       		.uleb128 0x20
 3761 01f9 21       		.uleb128 0x21
 3762 01fa 03       		.sleb128 3
ARM GAS  /tmp/ccQKr0Dm.s 			page 67


 3763 01fb 01       		.uleb128 0x1
 3764 01fc 13       		.uleb128 0x13
 3765 01fd 00       		.byte	0
 3766 01fe 00       		.byte	0
 3767 01ff 21       		.uleb128 0x21
 3768 0200 13       		.uleb128 0x13
 3769 0201 01       		.byte	0x1
 3770 0202 03       		.uleb128 0x3
 3771 0203 0E       		.uleb128 0xe
 3772 0204 0B       		.uleb128 0xb
 3773 0205 0B       		.uleb128 0xb
 3774 0206 3A       		.uleb128 0x3a
 3775 0207 0B       		.uleb128 0xb
 3776 0208 3B       		.uleb128 0x3b
 3777 0209 05       		.uleb128 0x5
 3778 020a 39       		.uleb128 0x39
 3779 020b 21       		.uleb128 0x21
 3780 020c 08       		.sleb128 8
 3781 020d 01       		.uleb128 0x1
 3782 020e 13       		.uleb128 0x13
 3783 020f 00       		.byte	0
 3784 0210 00       		.byte	0
 3785 0211 22       		.uleb128 0x22
 3786 0212 15       		.uleb128 0x15
 3787 0213 01       		.byte	0x1
 3788 0214 27       		.uleb128 0x27
 3789 0215 19       		.uleb128 0x19
 3790 0216 01       		.uleb128 0x1
 3791 0217 13       		.uleb128 0x13
 3792 0218 00       		.byte	0
 3793 0219 00       		.byte	0
 3794 021a 23       		.uleb128 0x23
 3795 021b 2E       		.uleb128 0x2e
 3796 021c 01       		.byte	0x1
 3797 021d 3F       		.uleb128 0x3f
 3798 021e 19       		.uleb128 0x19
 3799 021f 03       		.uleb128 0x3
 3800 0220 0E       		.uleb128 0xe
 3801 0221 3A       		.uleb128 0x3a
 3802 0222 21       		.uleb128 0x21
 3803 0223 10       		.sleb128 16
 3804 0224 3B       		.uleb128 0x3b
 3805 0225 0B       		.uleb128 0xb
 3806 0226 39       		.uleb128 0x39
 3807 0227 21       		.uleb128 0x21
 3808 0228 08       		.sleb128 8
 3809 0229 27       		.uleb128 0x27
 3810 022a 19       		.uleb128 0x19
 3811 022b 3C       		.uleb128 0x3c
 3812 022c 19       		.uleb128 0x19
 3813 022d 01       		.uleb128 0x1
 3814 022e 13       		.uleb128 0x13
 3815 022f 00       		.byte	0
 3816 0230 00       		.byte	0
 3817 0231 24       		.uleb128 0x24
 3818 0232 11       		.uleb128 0x11
 3819 0233 01       		.byte	0x1
ARM GAS  /tmp/ccQKr0Dm.s 			page 68


 3820 0234 25       		.uleb128 0x25
 3821 0235 0E       		.uleb128 0xe
 3822 0236 13       		.uleb128 0x13
 3823 0237 0B       		.uleb128 0xb
 3824 0238 03       		.uleb128 0x3
 3825 0239 0E       		.uleb128 0xe
 3826 023a 1B       		.uleb128 0x1b
 3827 023b 0E       		.uleb128 0xe
 3828 023c 55       		.uleb128 0x55
 3829 023d 17       		.uleb128 0x17
 3830 023e 11       		.uleb128 0x11
 3831 023f 01       		.uleb128 0x1
 3832 0240 10       		.uleb128 0x10
 3833 0241 17       		.uleb128 0x17
 3834 0242 00       		.byte	0
 3835 0243 00       		.byte	0
 3836 0244 25       		.uleb128 0x25
 3837 0245 24       		.uleb128 0x24
 3838 0246 00       		.byte	0
 3839 0247 0B       		.uleb128 0xb
 3840 0248 0B       		.uleb128 0xb
 3841 0249 3E       		.uleb128 0x3e
 3842 024a 0B       		.uleb128 0xb
 3843 024b 03       		.uleb128 0x3
 3844 024c 08       		.uleb128 0x8
 3845 024d 00       		.byte	0
 3846 024e 00       		.byte	0
 3847 024f 26       		.uleb128 0x26
 3848 0250 35       		.uleb128 0x35
 3849 0251 00       		.byte	0
 3850 0252 49       		.uleb128 0x49
 3851 0253 13       		.uleb128 0x13
 3852 0254 00       		.byte	0
 3853 0255 00       		.byte	0
 3854 0256 27       		.uleb128 0x27
 3855 0257 0F       		.uleb128 0xf
 3856 0258 00       		.byte	0
 3857 0259 0B       		.uleb128 0xb
 3858 025a 0B       		.uleb128 0xb
 3859 025b 00       		.byte	0
 3860 025c 00       		.byte	0
 3861 025d 28       		.uleb128 0x28
 3862 025e 17       		.uleb128 0x17
 3863 025f 01       		.byte	0x1
 3864 0260 0B       		.uleb128 0xb
 3865 0261 0B       		.uleb128 0xb
 3866 0262 3A       		.uleb128 0x3a
 3867 0263 0B       		.uleb128 0xb
 3868 0264 3B       		.uleb128 0x3b
 3869 0265 0B       		.uleb128 0xb
 3870 0266 39       		.uleb128 0x39
 3871 0267 0B       		.uleb128 0xb
 3872 0268 01       		.uleb128 0x1
 3873 0269 13       		.uleb128 0x13
 3874 026a 00       		.byte	0
 3875 026b 00       		.byte	0
 3876 026c 29       		.uleb128 0x29
ARM GAS  /tmp/ccQKr0Dm.s 			page 69


 3877 026d 04       		.uleb128 0x4
 3878 026e 01       		.byte	0x1
 3879 026f 3E       		.uleb128 0x3e
 3880 0270 0B       		.uleb128 0xb
 3881 0271 0B       		.uleb128 0xb
 3882 0272 0B       		.uleb128 0xb
 3883 0273 49       		.uleb128 0x49
 3884 0274 13       		.uleb128 0x13
 3885 0275 3A       		.uleb128 0x3a
 3886 0276 0B       		.uleb128 0xb
 3887 0277 3B       		.uleb128 0x3b
 3888 0278 0B       		.uleb128 0xb
 3889 0279 39       		.uleb128 0x39
 3890 027a 0B       		.uleb128 0xb
 3891 027b 01       		.uleb128 0x1
 3892 027c 13       		.uleb128 0x13
 3893 027d 00       		.byte	0
 3894 027e 00       		.byte	0
 3895 027f 2A       		.uleb128 0x2a
 3896 0280 04       		.uleb128 0x4
 3897 0281 01       		.byte	0x1
 3898 0282 3E       		.uleb128 0x3e
 3899 0283 0B       		.uleb128 0xb
 3900 0284 0B       		.uleb128 0xb
 3901 0285 0B       		.uleb128 0xb
 3902 0286 49       		.uleb128 0x49
 3903 0287 13       		.uleb128 0x13
 3904 0288 3A       		.uleb128 0x3a
 3905 0289 0B       		.uleb128 0xb
 3906 028a 3B       		.uleb128 0x3b
 3907 028b 05       		.uleb128 0x5
 3908 028c 39       		.uleb128 0x39
 3909 028d 0B       		.uleb128 0xb
 3910 028e 01       		.uleb128 0x1
 3911 028f 13       		.uleb128 0x13
 3912 0290 00       		.byte	0
 3913 0291 00       		.byte	0
 3914 0292 2B       		.uleb128 0x2b
 3915 0293 2E       		.uleb128 0x2e
 3916 0294 01       		.byte	0x1
 3917 0295 3F       		.uleb128 0x3f
 3918 0296 19       		.uleb128 0x19
 3919 0297 03       		.uleb128 0x3
 3920 0298 0E       		.uleb128 0xe
 3921 0299 3A       		.uleb128 0x3a
 3922 029a 0B       		.uleb128 0xb
 3923 029b 3B       		.uleb128 0x3b
 3924 029c 0B       		.uleb128 0xb
 3925 029d 39       		.uleb128 0x39
 3926 029e 0B       		.uleb128 0xb
 3927 029f 27       		.uleb128 0x27
 3928 02a0 19       		.uleb128 0x19
 3929 02a1 49       		.uleb128 0x49
 3930 02a2 13       		.uleb128 0x13
 3931 02a3 3C       		.uleb128 0x3c
 3932 02a4 19       		.uleb128 0x19
 3933 02a5 01       		.uleb128 0x1
ARM GAS  /tmp/ccQKr0Dm.s 			page 70


 3934 02a6 13       		.uleb128 0x13
 3935 02a7 00       		.byte	0
 3936 02a8 00       		.byte	0
 3937 02a9 2C       		.uleb128 0x2c
 3938 02aa 2E       		.uleb128 0x2e
 3939 02ab 00       		.byte	0
 3940 02ac 3F       		.uleb128 0x3f
 3941 02ad 19       		.uleb128 0x19
 3942 02ae 03       		.uleb128 0x3
 3943 02af 0E       		.uleb128 0xe
 3944 02b0 3A       		.uleb128 0x3a
 3945 02b1 0B       		.uleb128 0xb
 3946 02b2 3B       		.uleb128 0x3b
 3947 02b3 05       		.uleb128 0x5
 3948 02b4 39       		.uleb128 0x39
 3949 02b5 0B       		.uleb128 0xb
 3950 02b6 27       		.uleb128 0x27
 3951 02b7 19       		.uleb128 0x19
 3952 02b8 3C       		.uleb128 0x3c
 3953 02b9 19       		.uleb128 0x19
 3954 02ba 00       		.byte	0
 3955 02bb 00       		.byte	0
 3956 02bc 2D       		.uleb128 0x2d
 3957 02bd 2E       		.uleb128 0x2e
 3958 02be 01       		.byte	0x1
 3959 02bf 3F       		.uleb128 0x3f
 3960 02c0 19       		.uleb128 0x19
 3961 02c1 03       		.uleb128 0x3
 3962 02c2 0E       		.uleb128 0xe
 3963 02c3 3A       		.uleb128 0x3a
 3964 02c4 0B       		.uleb128 0xb
 3965 02c5 3B       		.uleb128 0x3b
 3966 02c6 05       		.uleb128 0x5
 3967 02c7 39       		.uleb128 0x39
 3968 02c8 0B       		.uleb128 0xb
 3969 02c9 27       		.uleb128 0x27
 3970 02ca 19       		.uleb128 0x19
 3971 02cb 49       		.uleb128 0x49
 3972 02cc 13       		.uleb128 0x13
 3973 02cd 11       		.uleb128 0x11
 3974 02ce 01       		.uleb128 0x1
 3975 02cf 12       		.uleb128 0x12
 3976 02d0 06       		.uleb128 0x6
 3977 02d1 40       		.uleb128 0x40
 3978 02d2 18       		.uleb128 0x18
 3979 02d3 7A       		.uleb128 0x7a
 3980 02d4 19       		.uleb128 0x19
 3981 02d5 01       		.uleb128 0x1
 3982 02d6 13       		.uleb128 0x13
 3983 02d7 00       		.byte	0
 3984 02d8 00       		.byte	0
 3985 02d9 2E       		.uleb128 0x2e
 3986 02da 34       		.uleb128 0x34
 3987 02db 00       		.byte	0
 3988 02dc 03       		.uleb128 0x3
 3989 02dd 08       		.uleb128 0x8
 3990 02de 3A       		.uleb128 0x3a
ARM GAS  /tmp/ccQKr0Dm.s 			page 71


 3991 02df 0B       		.uleb128 0xb
 3992 02e0 3B       		.uleb128 0x3b
 3993 02e1 05       		.uleb128 0x5
 3994 02e2 39       		.uleb128 0x39
 3995 02e3 0B       		.uleb128 0xb
 3996 02e4 49       		.uleb128 0x49
 3997 02e5 13       		.uleb128 0x13
 3998 02e6 02       		.uleb128 0x2
 3999 02e7 17       		.uleb128 0x17
 4000 02e8 B742     		.uleb128 0x2137
 4001 02ea 17       		.uleb128 0x17
 4002 02eb 00       		.byte	0
 4003 02ec 00       		.byte	0
 4004 02ed 2F       		.uleb128 0x2f
 4005 02ee 1D       		.uleb128 0x1d
 4006 02ef 01       		.byte	0x1
 4007 02f0 31       		.uleb128 0x31
 4008 02f1 13       		.uleb128 0x13
 4009 02f2 52       		.uleb128 0x52
 4010 02f3 01       		.uleb128 0x1
 4011 02f4 B842     		.uleb128 0x2138
 4012 02f6 0B       		.uleb128 0xb
 4013 02f7 55       		.uleb128 0x55
 4014 02f8 17       		.uleb128 0x17
 4015 02f9 58       		.uleb128 0x58
 4016 02fa 0B       		.uleb128 0xb
 4017 02fb 59       		.uleb128 0x59
 4018 02fc 0B       		.uleb128 0xb
 4019 02fd 57       		.uleb128 0x57
 4020 02fe 0B       		.uleb128 0xb
 4021 02ff 01       		.uleb128 0x1
 4022 0300 13       		.uleb128 0x13
 4023 0301 00       		.byte	0
 4024 0302 00       		.byte	0
 4025 0303 30       		.uleb128 0x30
 4026 0304 0B       		.uleb128 0xb
 4027 0305 01       		.byte	0x1
 4028 0306 55       		.uleb128 0x55
 4029 0307 17       		.uleb128 0x17
 4030 0308 00       		.byte	0
 4031 0309 00       		.byte	0
 4032 030a 31       		.uleb128 0x31
 4033 030b 05       		.uleb128 0x5
 4034 030c 00       		.byte	0
 4035 030d 03       		.uleb128 0x3
 4036 030e 0E       		.uleb128 0xe
 4037 030f 3A       		.uleb128 0x3a
 4038 0310 0B       		.uleb128 0xb
 4039 0311 3B       		.uleb128 0x3b
 4040 0312 0B       		.uleb128 0xb
 4041 0313 39       		.uleb128 0x39
 4042 0314 0B       		.uleb128 0xb
 4043 0315 49       		.uleb128 0x49
 4044 0316 13       		.uleb128 0x13
 4045 0317 02       		.uleb128 0x2
 4046 0318 18       		.uleb128 0x18
 4047 0319 00       		.byte	0
ARM GAS  /tmp/ccQKr0Dm.s 			page 72


 4048 031a 00       		.byte	0
 4049 031b 32       		.uleb128 0x32
 4050 031c 48       		.uleb128 0x48
 4051 031d 00       		.byte	0
 4052 031e 7D       		.uleb128 0x7d
 4053 031f 01       		.uleb128 0x1
 4054 0320 7F       		.uleb128 0x7f
 4055 0321 13       		.uleb128 0x13
 4056 0322 00       		.byte	0
 4057 0323 00       		.byte	0
 4058 0324 33       		.uleb128 0x33
 4059 0325 2E       		.uleb128 0x2e
 4060 0326 01       		.byte	0x1
 4061 0327 03       		.uleb128 0x3
 4062 0328 0E       		.uleb128 0xe
 4063 0329 3A       		.uleb128 0x3a
 4064 032a 0B       		.uleb128 0xb
 4065 032b 3B       		.uleb128 0x3b
 4066 032c 05       		.uleb128 0x5
 4067 032d 39       		.uleb128 0x39
 4068 032e 0B       		.uleb128 0xb
 4069 032f 27       		.uleb128 0x27
 4070 0330 19       		.uleb128 0x19
 4071 0331 49       		.uleb128 0x49
 4072 0332 13       		.uleb128 0x13
 4073 0333 20       		.uleb128 0x20
 4074 0334 0B       		.uleb128 0xb
 4075 0335 01       		.uleb128 0x1
 4076 0336 13       		.uleb128 0x13
 4077 0337 00       		.byte	0
 4078 0338 00       		.byte	0
 4079 0339 34       		.uleb128 0x34
 4080 033a 2E       		.uleb128 0x2e
 4081 033b 01       		.byte	0x1
 4082 033c 03       		.uleb128 0x3
 4083 033d 0E       		.uleb128 0xe
 4084 033e 3A       		.uleb128 0x3a
 4085 033f 0B       		.uleb128 0xb
 4086 0340 3B       		.uleb128 0x3b
 4087 0341 05       		.uleb128 0x5
 4088 0342 39       		.uleb128 0x39
 4089 0343 0B       		.uleb128 0xb
 4090 0344 27       		.uleb128 0x27
 4091 0345 19       		.uleb128 0x19
 4092 0346 20       		.uleb128 0x20
 4093 0347 0B       		.uleb128 0xb
 4094 0348 00       		.byte	0
 4095 0349 00       		.byte	0
 4096 034a 35       		.uleb128 0x35
 4097 034b 05       		.uleb128 0x5
 4098 034c 00       		.byte	0
 4099 034d 03       		.uleb128 0x3
 4100 034e 0E       		.uleb128 0xe
 4101 034f 3A       		.uleb128 0x3a
 4102 0350 0B       		.uleb128 0xb
 4103 0351 3B       		.uleb128 0x3b
 4104 0352 05       		.uleb128 0x5
ARM GAS  /tmp/ccQKr0Dm.s 			page 73


 4105 0353 39       		.uleb128 0x39
 4106 0354 0B       		.uleb128 0xb
 4107 0355 49       		.uleb128 0x49
 4108 0356 13       		.uleb128 0x13
 4109 0357 00       		.byte	0
 4110 0358 00       		.byte	0
 4111 0359 00       		.byte	0
 4112              		.section	.debug_loclists,"",%progbits
 4113 0000 C7020000 		.4byte	.Ldebug_loc3-.Ldebug_loc2
 4114              	.Ldebug_loc2:
 4115 0004 0500     		.2byte	0x5
 4116 0006 04       		.byte	0x4
 4117 0007 00       		.byte	0
 4118 0008 00000000 		.4byte	0
 4119              	.Ldebug_loc0:
 4120              	.LVUS26:
 4121 000c 00       		.uleb128 0
 4122 000d 00       		.uleb128 .LVU256
 4123 000e 00       		.uleb128 .LVU256
 4124 000f 00       		.uleb128 0
 4125              	.LLST26:
 4126 0010 06       		.byte	0x6
 4127 0011 00000000 		.4byte	.LVL34
 4128 0015 04       		.byte	0x4
 4129 0016 00       		.uleb128 .LVL34-.LVL34
 4130 0017 0F       		.uleb128 .LVL37-1-.LVL34
 4131 0018 01       		.uleb128 0x1
 4132 0019 50       		.byte	0x50
 4133 001a 04       		.byte	0x4
 4134 001b 0F       		.uleb128 .LVL37-1-.LVL34
 4135 001c 20       		.uleb128 .LFE241-.LVL34
 4136 001d 01       		.uleb128 0x1
 4137 001e 54       		.byte	0x54
 4138 001f 00       		.byte	0
 4139              	.LVUS27:
 4140 0020 00       		.uleb128 0
 4141 0021 00       		.uleb128 .LVU256
 4142 0022 00       		.uleb128 .LVU256
 4143 0023 00       		.uleb128 0
 4144              	.LLST27:
 4145 0024 06       		.byte	0x6
 4146 0025 00000000 		.4byte	.LVL34
 4147 0029 04       		.byte	0x4
 4148 002a 00       		.uleb128 .LVL34-.LVL34
 4149 002b 0F       		.uleb128 .LVL37-1-.LVL34
 4150 002c 01       		.uleb128 0x1
 4151 002d 51       		.byte	0x51
 4152 002e 04       		.byte	0x4
 4153 002f 0F       		.uleb128 .LVL37-1-.LVL34
 4154 0030 20       		.uleb128 .LFE241-.LVL34
 4155 0031 0A       		.uleb128 0xa
 4156 0032 A3       		.byte	0xa3
 4157 0033 03       		.uleb128 0x3
 4158 0034 A5       		.byte	0xa5
 4159 0035 01       		.uleb128 0x1
 4160 0036 26       		.uleb128 0x26
 4161 0037 A8       		.byte	0xa8
ARM GAS  /tmp/ccQKr0Dm.s 			page 74


 4162 0038 2D       		.uleb128 0x2d
 4163 0039 A8       		.byte	0xa8
 4164 003a 00       		.uleb128 0
 4165 003b 9F       		.byte	0x9f
 4166 003c 00       		.byte	0
 4167              	.LVUS28:
 4168 003d 00       		.uleb128 0
 4169 003e 00       		.uleb128 .LVU256
 4170 003f 00       		.uleb128 .LVU256
 4171 0040 00       		.uleb128 0
 4172              	.LLST28:
 4173 0041 06       		.byte	0x6
 4174 0042 00000000 		.4byte	.LVL34
 4175 0046 04       		.byte	0x4
 4176 0047 00       		.uleb128 .LVL34-.LVL34
 4177 0048 0F       		.uleb128 .LVL37-1-.LVL34
 4178 0049 01       		.uleb128 0x1
 4179 004a 52       		.byte	0x52
 4180 004b 04       		.byte	0x4
 4181 004c 0F       		.uleb128 .LVL37-1-.LVL34
 4182 004d 20       		.uleb128 .LFE241-.LVL34
 4183 004e 0A       		.uleb128 0xa
 4184 004f A3       		.byte	0xa3
 4185 0050 03       		.uleb128 0x3
 4186 0051 A5       		.byte	0xa5
 4187 0052 02       		.uleb128 0x2
 4188 0053 26       		.uleb128 0x26
 4189 0054 A8       		.byte	0xa8
 4190 0055 2D       		.uleb128 0x2d
 4191 0056 A8       		.byte	0xa8
 4192 0057 00       		.uleb128 0
 4193 0058 9F       		.byte	0x9f
 4194 0059 00       		.byte	0
 4195              	.LVUS29:
 4196 005a 00       		.uleb128 0
 4197 005b 00       		.uleb128 .LVU256
 4198 005c 00       		.uleb128 .LVU256
 4199 005d 00       		.uleb128 0
 4200              	.LLST29:
 4201 005e 06       		.byte	0x6
 4202 005f 00000000 		.4byte	.LVL34
 4203 0063 04       		.byte	0x4
 4204 0064 00       		.uleb128 .LVL34-.LVL34
 4205 0065 0F       		.uleb128 .LVL37-1-.LVL34
 4206 0066 01       		.uleb128 0x1
 4207 0067 53       		.byte	0x53
 4208 0068 04       		.byte	0x4
 4209 0069 0F       		.uleb128 .LVL37-1-.LVL34
 4210 006a 20       		.uleb128 .LFE241-.LVL34
 4211 006b 0A       		.uleb128 0xa
 4212 006c A3       		.byte	0xa3
 4213 006d 03       		.uleb128 0x3
 4214 006e A5       		.byte	0xa5
 4215 006f 03       		.uleb128 0x3
 4216 0070 26       		.uleb128 0x26
 4217 0071 A8       		.byte	0xa8
 4218 0072 2D       		.uleb128 0x2d
ARM GAS  /tmp/ccQKr0Dm.s 			page 75


 4219 0073 A8       		.byte	0xa8
 4220 0074 00       		.uleb128 0
 4221 0075 9F       		.byte	0x9f
 4222 0076 00       		.byte	0
 4223              	.LVUS30:
 4224 0077 00       		.uleb128 .LVU261
 4225 0078 00       		.uleb128 0
 4226              	.LLST30:
 4227 0079 08       		.byte	0x8
 4228 007a 18000000 		.4byte	.LVL39
 4229 007e 08       		.uleb128 .LFE241-.LVL39
 4230 007f 01       		.uleb128 0x1
 4231 0080 50       		.byte	0x50
 4232 0081 00       		.byte	0
 4233              	.LVUS31:
 4234 0082 08       		.uleb128 .LVU247
 4235 0083 00       		.uleb128 .LVU249
 4236              	.LLST31:
 4237 0084 08       		.byte	0x8
 4238 0085 04000000 		.4byte	.LVL35
 4239 0089 08       		.uleb128 .LVL36-.LVL35
 4240 008a 03       		.uleb128 0x3
 4241 008b 08       		.byte	0x8
 4242 008c 20       		.byte	0x20
 4243 008d 9F       		.byte	0x9f
 4244 008e 00       		.byte	0
 4245              	.LVUS32:
 4246 008f 01       		.uleb128 .LVU257
 4247 0090 00       		.uleb128 .LVU260
 4248 0091 00       		.uleb128 .LVU260
 4249 0092 00       		.uleb128 .LVU261
 4250 0093 00       		.uleb128 .LVU261
 4251 0094 00       		.uleb128 .LVU261
 4252              	.LLST32:
 4253 0095 06       		.byte	0x6
 4254 0096 10000000 		.4byte	.LVL37
 4255 009a 04       		.byte	0x4
 4256 009b 00       		.uleb128 .LVL37-.LVL37
 4257 009c 04       		.uleb128 .LVL38-.LVL37
 4258 009d 03       		.uleb128 0x3
 4259 009e 74       		.byte	0x74
 4260 009f 14       		.sleb128 20
 4261 00a0 9F       		.byte	0x9f
 4262 00a1 04       		.byte	0x4
 4263 00a2 04       		.uleb128 .LVL38-.LVL37
 4264 00a3 07       		.uleb128 .LVL39-1-.LVL37
 4265 00a4 01       		.uleb128 0x1
 4266 00a5 50       		.byte	0x50
 4267 00a6 04       		.byte	0x4
 4268 00a7 07       		.uleb128 .LVL39-1-.LVL37
 4269 00a8 08       		.uleb128 .LVL39-.LVL37
 4270 00a9 03       		.uleb128 0x3
 4271 00aa 74       		.byte	0x74
 4272 00ab 14       		.sleb128 20
 4273 00ac 9F       		.byte	0x9f
 4274 00ad 00       		.byte	0
 4275              	.LVUS33:
ARM GAS  /tmp/ccQKr0Dm.s 			page 76


 4276 00ae 0D       		.uleb128 .LVU274
 4277 00af 00       		.uleb128 .LVU276
 4278              	.LLST33:
 4279 00b0 08       		.byte	0x8
 4280 00b1 18000000 		.4byte	.LVL39
 4281 00b5 06       		.uleb128 .LVL40-.LVL39
 4282 00b6 02       		.uleb128 0x2
 4283 00b7 30       		.byte	0x30
 4284 00b8 9F       		.byte	0x9f
 4285 00b9 00       		.byte	0
 4286              	.LVUS23:
 4287 00ba 00       		.uleb128 0
 4288 00bb 00       		.uleb128 .LVU227
 4289 00bc 00       		.uleb128 .LVU227
 4290 00bd 00       		.uleb128 0
 4291              	.LLST23:
 4292 00be 06       		.byte	0x6
 4293 00bf 00000000 		.4byte	.LVL30
 4294 00c3 04       		.byte	0x4
 4295 00c4 00       		.uleb128 .LVL30-.LVL30
 4296 00c5 0F       		.uleb128 .LVL31-1-.LVL30
 4297 00c6 01       		.uleb128 0x1
 4298 00c7 50       		.byte	0x50
 4299 00c8 04       		.byte	0x4
 4300 00c9 0F       		.uleb128 .LVL31-1-.LVL30
 4301 00ca 26       		.uleb128 .LFE240-.LVL30
 4302 00cb 01       		.uleb128 0x1
 4303 00cc 54       		.byte	0x54
 4304 00cd 00       		.byte	0
 4305              	.LVUS24:
 4306 00ce 01       		.uleb128 .LVU232
 4307 00cf 00       		.uleb128 .LVU234
 4308              	.LLST24:
 4309 00d0 08       		.byte	0x8
 4310 00d1 1C000000 		.4byte	.LVL32
 4311 00d5 08       		.uleb128 .LVL33-.LVL32
 4312 00d6 03       		.uleb128 0x3
 4313 00d7 09       		.byte	0x9
 4314 00d8 FE       		.byte	0xfe
 4315 00d9 9F       		.byte	0x9f
 4316 00da 00       		.byte	0
 4317              	.LVUS25:
 4318 00db 01       		.uleb128 .LVU232
 4319 00dc 00       		.uleb128 .LVU234
 4320 00dd 00       		.uleb128 .LVU234
 4321 00de 00       		.uleb128 .LVU234
 4322              	.LLST25:
 4323 00df 06       		.byte	0x6
 4324 00e0 1C000000 		.4byte	.LVL32
 4325 00e4 04       		.byte	0x4
 4326 00e5 00       		.uleb128 .LVL32-.LVL32
 4327 00e6 07       		.uleb128 .LVL33-1-.LVL32
 4328 00e7 01       		.uleb128 0x1
 4329 00e8 50       		.byte	0x50
 4330 00e9 04       		.byte	0x4
 4331 00ea 07       		.uleb128 .LVL33-1-.LVL32
 4332 00eb 08       		.uleb128 .LVL33-.LVL32
ARM GAS  /tmp/ccQKr0Dm.s 			page 77


 4333 00ec 03       		.uleb128 0x3
 4334 00ed 74       		.byte	0x74
 4335 00ee 14       		.sleb128 20
 4336 00ef 9F       		.byte	0x9f
 4337 00f0 00       		.byte	0
 4338              	.LVUS17:
 4339 00f1 00       		.uleb128 0
 4340 00f2 00       		.uleb128 .LVU189
 4341 00f3 00       		.uleb128 .LVU189
 4342 00f4 00       		.uleb128 0
 4343              	.LLST17:
 4344 00f5 06       		.byte	0x6
 4345 00f6 00000000 		.4byte	.LVL22
 4346 00fa 04       		.byte	0x4
 4347 00fb 00       		.uleb128 .LVL22-.LVL22
 4348 00fc 1B       		.uleb128 .LVL26-1-.LVL22
 4349 00fd 01       		.uleb128 0x1
 4350 00fe 50       		.byte	0x50
 4351 00ff 04       		.byte	0x4
 4352 0100 1B       		.uleb128 .LVL26-1-.LVL22
 4353 0101 38       		.uleb128 .LFE239-.LVL22
 4354 0102 01       		.uleb128 0x1
 4355 0103 54       		.byte	0x54
 4356 0104 00       		.byte	0
 4357              	.LVUS18:
 4358 0105 0B       		.uleb128 .LVU161
 4359 0106 00       		.uleb128 .LVU163
 4360              	.LLST18:
 4361 0107 08       		.byte	0x8
 4362 0108 00000000 		.4byte	.LVL22
 4363 010c 06       		.uleb128 .LVL23-.LVL22
 4364 010d 03       		.uleb128 0x3
 4365 010e 08       		.byte	0x8
 4366 010f 20       		.byte	0x20
 4367 0110 9F       		.byte	0x9f
 4368 0111 00       		.byte	0
 4369              	.LVUS20:
 4370 0112 0C       		.uleb128 .LVU184
 4371 0113 00       		.uleb128 .LVU186
 4372 0114 0D       		.uleb128 .LVU209
 4373 0115 00       		.uleb128 .LVU211
 4374              	.LLST20:
 4375 0116 06       		.byte	0x6
 4376 0117 0C000000 		.4byte	.LVL24
 4377 011b 04       		.byte	0x4
 4378 011c 00       		.uleb128 .LVL24-.LVL24
 4379 011d 06       		.uleb128 .LVL25-.LVL24
 4380 011e 02       		.uleb128 0x2
 4381 011f 30       		.byte	0x30
 4382 0120 9F       		.byte	0x9f
 4383 0121 04       		.byte	0x4
 4384 0122 24       		.uleb128 .LVL28-.LVL24
 4385 0123 2A       		.uleb128 .LVL29-.LVL24
 4386 0124 02       		.uleb128 0x2
 4387 0125 30       		.byte	0x30
 4388 0126 9F       		.byte	0x9f
 4389 0127 00       		.byte	0
ARM GAS  /tmp/ccQKr0Dm.s 			page 78


 4390              	.LVUS21:
 4391 0128 01       		.uleb128 .LVU194
 4392 0129 00       		.uleb128 .LVU196
 4393              	.LLST21:
 4394 012a 08       		.byte	0x8
 4395 012b 28000000 		.4byte	.LVL27
 4396 012f 08       		.uleb128 .LVL28-.LVL27
 4397 0130 03       		.uleb128 0x3
 4398 0131 09       		.byte	0x9
 4399 0132 FE       		.byte	0xfe
 4400 0133 9F       		.byte	0x9f
 4401 0134 00       		.byte	0
 4402              	.LVUS22:
 4403 0135 01       		.uleb128 .LVU194
 4404 0136 00       		.uleb128 .LVU196
 4405 0137 00       		.uleb128 .LVU196
 4406 0138 00       		.uleb128 .LVU196
 4407              	.LLST22:
 4408 0139 06       		.byte	0x6
 4409 013a 28000000 		.4byte	.LVL27
 4410 013e 04       		.byte	0x4
 4411 013f 00       		.uleb128 .LVL27-.LVL27
 4412 0140 07       		.uleb128 .LVL28-1-.LVL27
 4413 0141 01       		.uleb128 0x1
 4414 0142 50       		.byte	0x50
 4415 0143 04       		.byte	0x4
 4416 0144 07       		.uleb128 .LVL28-1-.LVL27
 4417 0145 08       		.uleb128 .LVL28-.LVL27
 4418 0146 03       		.uleb128 0x3
 4419 0147 74       		.byte	0x74
 4420 0148 14       		.sleb128 20
 4421 0149 9F       		.byte	0x9f
 4422 014a 00       		.byte	0
 4423              	.LVUS7:
 4424 014b 00       		.uleb128 0
 4425 014c 00       		.uleb128 .LVU118
 4426 014d 00       		.uleb128 .LVU118
 4427 014e 00       		.uleb128 0
 4428              	.LLST7:
 4429 014f 06       		.byte	0x6
 4430 0150 00000000 		.4byte	.LVL14
 4431 0154 04       		.byte	0x4
 4432 0155 00       		.uleb128 .LVL14-.LVL14
 4433 0156 0F       		.uleb128 .LVL16-1-.LVL14
 4434 0157 01       		.uleb128 0x1
 4435 0158 50       		.byte	0x50
 4436 0159 04       		.byte	0x4
 4437 015a 0F       		.uleb128 .LVL16-1-.LVL14
 4438 015b 12       		.uleb128 .LFE238-.LVL14
 4439 015c 0A       		.uleb128 0xa
 4440 015d A3       		.byte	0xa3
 4441 015e 03       		.uleb128 0x3
 4442 015f A5       		.byte	0xa5
 4443 0160 00       		.uleb128 0
 4444 0161 26       		.uleb128 0x26
 4445 0162 A8       		.byte	0xa8
 4446 0163 2D       		.uleb128 0x2d
ARM GAS  /tmp/ccQKr0Dm.s 			page 79


 4447 0164 A8       		.byte	0xa8
 4448 0165 00       		.uleb128 0
 4449 0166 9F       		.byte	0x9f
 4450 0167 00       		.byte	0
 4451              	.LVUS8:
 4452 0168 00       		.uleb128 0
 4453 0169 00       		.uleb128 .LVU118
 4454 016a 00       		.uleb128 .LVU118
 4455 016b 00       		.uleb128 0
 4456              	.LLST8:
 4457 016c 06       		.byte	0x6
 4458 016d 00000000 		.4byte	.LVL14
 4459 0171 04       		.byte	0x4
 4460 0172 00       		.uleb128 .LVL14-.LVL14
 4461 0173 0F       		.uleb128 .LVL16-1-.LVL14
 4462 0174 01       		.uleb128 0x1
 4463 0175 51       		.byte	0x51
 4464 0176 04       		.byte	0x4
 4465 0177 0F       		.uleb128 .LVL16-1-.LVL14
 4466 0178 12       		.uleb128 .LFE238-.LVL14
 4467 0179 0A       		.uleb128 0xa
 4468 017a A3       		.byte	0xa3
 4469 017b 03       		.uleb128 0x3
 4470 017c A5       		.byte	0xa5
 4471 017d 01       		.uleb128 0x1
 4472 017e 26       		.uleb128 0x26
 4473 017f A8       		.byte	0xa8
 4474 0180 2D       		.uleb128 0x2d
 4475 0181 A8       		.byte	0xa8
 4476 0182 00       		.uleb128 0
 4477 0183 9F       		.byte	0x9f
 4478 0184 00       		.byte	0
 4479              	.LVUS9:
 4480 0185 00       		.uleb128 0
 4481 0186 00       		.uleb128 .LVU118
 4482 0187 00       		.uleb128 .LVU118
 4483 0188 00       		.uleb128 0
 4484              	.LLST9:
 4485 0189 06       		.byte	0x6
 4486 018a 00000000 		.4byte	.LVL14
 4487 018e 04       		.byte	0x4
 4488 018f 00       		.uleb128 .LVL14-.LVL14
 4489 0190 0F       		.uleb128 .LVL16-1-.LVL14
 4490 0191 01       		.uleb128 0x1
 4491 0192 52       		.byte	0x52
 4492 0193 04       		.byte	0x4
 4493 0194 0F       		.uleb128 .LVL16-1-.LVL14
 4494 0195 12       		.uleb128 .LFE238-.LVL14
 4495 0196 0A       		.uleb128 0xa
 4496 0197 A3       		.byte	0xa3
 4497 0198 03       		.uleb128 0x3
 4498 0199 A5       		.byte	0xa5
 4499 019a 02       		.uleb128 0x2
 4500 019b 26       		.uleb128 0x26
 4501 019c A8       		.byte	0xa8
 4502 019d 2D       		.uleb128 0x2d
 4503 019e A8       		.byte	0xa8
ARM GAS  /tmp/ccQKr0Dm.s 			page 80


 4504 019f 00       		.uleb128 0
 4505 01a0 9F       		.byte	0x9f
 4506 01a1 00       		.byte	0
 4507              	.LVUS10:
 4508 01a2 00       		.uleb128 0
 4509 01a3 00       		.uleb128 .LVU116
 4510 01a4 00       		.uleb128 .LVU116
 4511 01a5 00       		.uleb128 .LVU118
 4512 01a6 00       		.uleb128 .LVU118
 4513 01a7 00       		.uleb128 0
 4514              	.LLST10:
 4515 01a8 06       		.byte	0x6
 4516 01a9 00000000 		.4byte	.LVL14
 4517 01ad 04       		.byte	0x4
 4518 01ae 00       		.uleb128 .LVL14-.LVL14
 4519 01af 0A       		.uleb128 .LVL15-.LVL14
 4520 01b0 01       		.uleb128 0x1
 4521 01b1 53       		.byte	0x53
 4522 01b2 04       		.byte	0x4
 4523 01b3 0A       		.uleb128 .LVL15-.LVL14
 4524 01b4 0F       		.uleb128 .LVL16-1-.LVL14
 4525 01b5 02       		.uleb128 0x2
 4526 01b6 70       		.byte	0x70
 4527 01b7 0C       		.sleb128 12
 4528 01b8 04       		.byte	0x4
 4529 01b9 0F       		.uleb128 .LVL16-1-.LVL14
 4530 01ba 12       		.uleb128 .LFE238-.LVL14
 4531 01bb 0A       		.uleb128 0xa
 4532 01bc A3       		.byte	0xa3
 4533 01bd 03       		.uleb128 0x3
 4534 01be A5       		.byte	0xa5
 4535 01bf 03       		.uleb128 0x3
 4536 01c0 26       		.uleb128 0x26
 4537 01c1 A8       		.byte	0xa8
 4538 01c2 2D       		.uleb128 0x2d
 4539 01c3 A8       		.byte	0xa8
 4540 01c4 00       		.uleb128 0
 4541 01c5 9F       		.byte	0x9f
 4542 01c6 00       		.byte	0
 4543              	.LVUS11:
 4544 01c7 00       		.uleb128 0
 4545 01c8 00       		.uleb128 .LVU134
 4546 01c9 00       		.uleb128 .LVU134
 4547 01ca 00       		.uleb128 0
 4548              	.LLST11:
 4549 01cb 06       		.byte	0x6
 4550 01cc 00000000 		.4byte	.LVL17
 4551 01d0 04       		.byte	0x4
 4552 01d1 00       		.uleb128 .LVL17-.LVL17
 4553 01d2 0D       		.uleb128 .LVL20-1-.LVL17
 4554 01d3 01       		.uleb128 0x1
 4555 01d4 50       		.byte	0x50
 4556 01d5 04       		.byte	0x4
 4557 01d6 0D       		.uleb128 .LVL20-1-.LVL17
 4558 01d7 16       		.uleb128 .LFE237-.LVL17
 4559 01d8 0A       		.uleb128 0xa
 4560 01d9 A3       		.byte	0xa3
ARM GAS  /tmp/ccQKr0Dm.s 			page 81


 4561 01da 03       		.uleb128 0x3
 4562 01db A5       		.byte	0xa5
 4563 01dc 00       		.uleb128 0
 4564 01dd 26       		.uleb128 0x26
 4565 01de A8       		.byte	0xa8
 4566 01df 2D       		.uleb128 0x2d
 4567 01e0 A8       		.byte	0xa8
 4568 01e1 00       		.uleb128 0
 4569 01e2 9F       		.byte	0x9f
 4570 01e3 00       		.byte	0
 4571              	.LVUS12:
 4572 01e4 00       		.uleb128 0
 4573 01e5 00       		.uleb128 .LVU134
 4574 01e6 00       		.uleb128 .LVU134
 4575 01e7 00       		.uleb128 0
 4576              	.LLST12:
 4577 01e8 06       		.byte	0x6
 4578 01e9 00000000 		.4byte	.LVL17
 4579 01ed 04       		.byte	0x4
 4580 01ee 00       		.uleb128 .LVL17-.LVL17
 4581 01ef 0D       		.uleb128 .LVL20-1-.LVL17
 4582 01f0 01       		.uleb128 0x1
 4583 01f1 51       		.byte	0x51
 4584 01f2 04       		.byte	0x4
 4585 01f3 0D       		.uleb128 .LVL20-1-.LVL17
 4586 01f4 16       		.uleb128 .LFE237-.LVL17
 4587 01f5 0A       		.uleb128 0xa
 4588 01f6 A3       		.byte	0xa3
 4589 01f7 03       		.uleb128 0x3
 4590 01f8 A5       		.byte	0xa5
 4591 01f9 01       		.uleb128 0x1
 4592 01fa 26       		.uleb128 0x26
 4593 01fb A8       		.byte	0xa8
 4594 01fc 2D       		.uleb128 0x2d
 4595 01fd A8       		.byte	0xa8
 4596 01fe 00       		.uleb128 0
 4597 01ff 9F       		.byte	0x9f
 4598 0200 00       		.byte	0
 4599              	.LVUS13:
 4600 0201 00       		.uleb128 0
 4601 0202 00       		.uleb128 .LVU134
 4602 0203 00       		.uleb128 .LVU134
 4603 0204 00       		.uleb128 0
 4604              	.LLST13:
 4605 0205 06       		.byte	0x6
 4606 0206 00000000 		.4byte	.LVL17
 4607 020a 04       		.byte	0x4
 4608 020b 00       		.uleb128 .LVL17-.LVL17
 4609 020c 0D       		.uleb128 .LVL20-1-.LVL17
 4610 020d 01       		.uleb128 0x1
 4611 020e 52       		.byte	0x52
 4612 020f 04       		.byte	0x4
 4613 0210 0D       		.uleb128 .LVL20-1-.LVL17
 4614 0211 16       		.uleb128 .LFE237-.LVL17
 4615 0212 0A       		.uleb128 0xa
 4616 0213 A3       		.byte	0xa3
 4617 0214 03       		.uleb128 0x3
ARM GAS  /tmp/ccQKr0Dm.s 			page 82


 4618 0215 A5       		.byte	0xa5
 4619 0216 02       		.uleb128 0x2
 4620 0217 26       		.uleb128 0x26
 4621 0218 A8       		.byte	0xa8
 4622 0219 2D       		.uleb128 0x2d
 4623 021a A8       		.byte	0xa8
 4624 021b 00       		.uleb128 0
 4625 021c 9F       		.byte	0x9f
 4626 021d 00       		.byte	0
 4627              	.LVUS14:
 4628 021e 00       		.uleb128 0
 4629 021f 00       		.uleb128 .LVU134
 4630 0220 00       		.uleb128 .LVU134
 4631 0221 00       		.uleb128 0
 4632              	.LLST14:
 4633 0222 06       		.byte	0x6
 4634 0223 00000000 		.4byte	.LVL17
 4635 0227 04       		.byte	0x4
 4636 0228 00       		.uleb128 .LVL17-.LVL17
 4637 0229 0D       		.uleb128 .LVL20-1-.LVL17
 4638 022a 01       		.uleb128 0x1
 4639 022b 53       		.byte	0x53
 4640 022c 04       		.byte	0x4
 4641 022d 0D       		.uleb128 .LVL20-1-.LVL17
 4642 022e 16       		.uleb128 .LFE237-.LVL17
 4643 022f 0A       		.uleb128 0xa
 4644 0230 A3       		.byte	0xa3
 4645 0231 03       		.uleb128 0x3
 4646 0232 A5       		.byte	0xa5
 4647 0233 03       		.uleb128 0x3
 4648 0234 26       		.uleb128 0x26
 4649 0235 A8       		.byte	0xa8
 4650 0236 2D       		.uleb128 0x2d
 4651 0237 A8       		.byte	0xa8
 4652 0238 00       		.uleb128 0
 4653 0239 9F       		.byte	0x9f
 4654 023a 00       		.byte	0
 4655              	.LVUS15:
 4656 023b 07       		.uleb128 .LVU128
 4657 023c 00       		.uleb128 .LVU130
 4658              	.LLST15:
 4659 023d 08       		.byte	0x8
 4660 023e 02000000 		.4byte	.LVL18
 4661 0242 08       		.uleb128 .LVL19-.LVL18
 4662 0243 03       		.uleb128 0x3
 4663 0244 08       		.byte	0x8
 4664 0245 20       		.byte	0x20
 4665 0246 9F       		.byte	0x9f
 4666 0247 00       		.byte	0
 4667              	.LVUS16:
 4668 0248 0C       		.uleb128 .LVU146
 4669 0249 00       		.uleb128 .LVU148
 4670              	.LLST16:
 4671 024a 08       		.byte	0x8
 4672 024b 0E000000 		.4byte	.LVL20
 4673 024f 06       		.uleb128 .LVL21-.LVL20
 4674 0250 02       		.uleb128 0x2
ARM GAS  /tmp/ccQKr0Dm.s 			page 83


 4675 0251 30       		.byte	0x30
 4676 0252 9F       		.byte	0x9f
 4677 0253 00       		.byte	0
 4678              	.LVUS4:
 4679 0254 00       		.uleb128 0
 4680 0255 00       		.uleb128 .LVU80
 4681 0256 00       		.uleb128 .LVU80
 4682 0257 00       		.uleb128 0
 4683              	.LLST4:
 4684 0258 06       		.byte	0x6
 4685 0259 00000000 		.4byte	.LVL8
 4686 025d 04       		.byte	0x4
 4687 025e 00       		.uleb128 .LVL8-.LVL8
 4688 025f 0D       		.uleb128 .LVL11-1-.LVL8
 4689 0260 01       		.uleb128 0x1
 4690 0261 50       		.byte	0x50
 4691 0262 04       		.byte	0x4
 4692 0263 0D       		.uleb128 .LVL11-1-.LVL8
 4693 0264 1A       		.uleb128 .LFE236-.LVL8
 4694 0265 01       		.uleb128 0x1
 4695 0266 54       		.byte	0x54
 4696 0267 00       		.byte	0
 4697              	.LVUS5:
 4698 0268 0A       		.uleb128 .LVU71
 4699 0269 00       		.uleb128 .LVU73
 4700              	.LLST5:
 4701 026a 08       		.byte	0x8
 4702 026b 04000000 		.4byte	.LVL9
 4703 026f 06       		.uleb128 .LVL10-.LVL9
 4704 0270 03       		.uleb128 0x3
 4705 0271 08       		.byte	0x8
 4706 0272 20       		.byte	0x20
 4707 0273 9F       		.byte	0x9f
 4708 0274 00       		.byte	0
 4709              	.LVUS6:
 4710 0275 0C       		.uleb128 .LVU94
 4711 0276 00       		.uleb128 .LVU96
 4712              	.LLST6:
 4713 0277 08       		.byte	0x8
 4714 0278 12000000 		.4byte	.LVL12
 4715 027c 06       		.uleb128 .LVL13-.LVL12
 4716 027d 02       		.uleb128 0x2
 4717 027e 30       		.byte	0x30
 4718 027f 9F       		.byte	0x9f
 4719 0280 00       		.byte	0
 4720              	.LVUS0:
 4721 0281 00       		.uleb128 0
 4722 0282 00       		.uleb128 .LVU40
 4723 0283 00       		.uleb128 .LVU40
 4724 0284 00       		.uleb128 0
 4725              	.LLST0:
 4726 0285 06       		.byte	0x6
 4727 0286 00000000 		.4byte	.LVL2
 4728 028a 04       		.byte	0x4
 4729 028b 00       		.uleb128 .LVL2-.LVL2
 4730 028c 0F       		.uleb128 .LVL5-1-.LVL2
 4731 028d 01       		.uleb128 0x1
ARM GAS  /tmp/ccQKr0Dm.s 			page 84


 4732 028e 50       		.byte	0x50
 4733 028f 04       		.byte	0x4
 4734 0290 0F       		.uleb128 .LVL5-1-.LVL2
 4735 0291 1C       		.uleb128 .LFE235-.LVL2
 4736 0292 01       		.uleb128 0x1
 4737 0293 54       		.byte	0x54
 4738 0294 00       		.byte	0
 4739              	.LVUS1:
 4740 0295 00       		.uleb128 0
 4741 0296 00       		.uleb128 .LVU40
 4742 0297 00       		.uleb128 .LVU40
 4743 0298 00       		.uleb128 0
 4744              	.LLST1:
 4745 0299 06       		.byte	0x6
 4746 029a 00000000 		.4byte	.LVL2
 4747 029e 04       		.byte	0x4
 4748 029f 00       		.uleb128 .LVL2-.LVL2
 4749 02a0 0F       		.uleb128 .LVL5-1-.LVL2
 4750 02a1 01       		.uleb128 0x1
 4751 02a2 51       		.byte	0x51
 4752 02a3 04       		.byte	0x4
 4753 02a4 0F       		.uleb128 .LVL5-1-.LVL2
 4754 02a5 1C       		.uleb128 .LFE235-.LVL2
 4755 02a6 0A       		.uleb128 0xa
 4756 02a7 A3       		.byte	0xa3
 4757 02a8 03       		.uleb128 0x3
 4758 02a9 A5       		.byte	0xa5
 4759 02aa 01       		.uleb128 0x1
 4760 02ab 26       		.uleb128 0x26
 4761 02ac A8       		.byte	0xa8
 4762 02ad 2D       		.uleb128 0x2d
 4763 02ae A8       		.byte	0xa8
 4764 02af 00       		.uleb128 0
 4765 02b0 9F       		.byte	0x9f
 4766 02b1 00       		.byte	0
 4767              	.LVUS2:
 4768 02b2 0A       		.uleb128 .LVU29
 4769 02b3 00       		.uleb128 .LVU31
 4770              	.LLST2:
 4771 02b4 08       		.byte	0x8
 4772 02b5 04000000 		.4byte	.LVL3
 4773 02b9 06       		.uleb128 .LVL4-.LVL3
 4774 02ba 03       		.uleb128 0x3
 4775 02bb 08       		.byte	0x8
 4776 02bc 20       		.byte	0x20
 4777 02bd 9F       		.byte	0x9f
 4778 02be 00       		.byte	0
 4779              	.LVUS3:
 4780 02bf 0C       		.uleb128 .LVU54
 4781 02c0 00       		.uleb128 .LVU56
 4782              	.LLST3:
 4783 02c1 08       		.byte	0x8
 4784 02c2 14000000 		.4byte	.LVL6
 4785 02c6 06       		.uleb128 .LVL7-.LVL6
 4786 02c7 02       		.uleb128 0x2
 4787 02c8 30       		.byte	0x30
 4788 02c9 9F       		.byte	0x9f
ARM GAS  /tmp/ccQKr0Dm.s 			page 85


 4789 02ca 00       		.byte	0
 4790              	.Ldebug_loc3:
 4791              		.section	.debug_aranges,"",%progbits
 4792 0000 5C000000 		.4byte	0x5c
 4793 0004 0200     		.2byte	0x2
 4794 0006 00000000 		.4byte	.Ldebug_info0
 4795 000a 04       		.byte	0x4
 4796 000b 00       		.byte	0
 4797 000c 0000     		.2byte	0
 4798 000e 0000     		.2byte	0
 4799 0010 00000000 		.4byte	.LFB233
 4800 0014 08000000 		.4byte	.LFE233-.LFB233
 4801 0018 00000000 		.4byte	.LFB234
 4802 001c 12000000 		.4byte	.LFE234-.LFB234
 4803 0020 00000000 		.4byte	.LFB235
 4804 0024 1C000000 		.4byte	.LFE235-.LFB235
 4805 0028 00000000 		.4byte	.LFB236
 4806 002c 1A000000 		.4byte	.LFE236-.LFB236
 4807 0030 00000000 		.4byte	.LFB238
 4808 0034 12000000 		.4byte	.LFE238-.LFB238
 4809 0038 00000000 		.4byte	.LFB237
 4810 003c 16000000 		.4byte	.LFE237-.LFB237
 4811 0040 00000000 		.4byte	.LFB239
 4812 0044 38000000 		.4byte	.LFE239-.LFB239
 4813 0048 00000000 		.4byte	.LFB240
 4814 004c 26000000 		.4byte	.LFE240-.LFB240
 4815 0050 00000000 		.4byte	.LFB241
 4816 0054 20000000 		.4byte	.LFE241-.LFB241
 4817 0058 00000000 		.4byte	0
 4818 005c 00000000 		.4byte	0
 4819              		.section	.debug_rnglists,"",%progbits
 4820              	.Ldebug_ranges0:
 4821 0000 4B000000 		.4byte	.Ldebug_ranges3-.Ldebug_ranges2
 4822              	.Ldebug_ranges2:
 4823 0004 0500     		.2byte	0x5
 4824 0006 04       		.byte	0x4
 4825 0007 00       		.byte	0
 4826 0008 00000000 		.4byte	0
 4827              	.LLRL19:
 4828 000c 05       		.byte	0x5
 4829 000d 0C000000 		.4byte	.LBB133
 4830 0011 04       		.byte	0x4
 4831 0012 00       		.uleb128 .LBB133-.LBB133
 4832 0013 08       		.uleb128 .LBE133-.LBB133
 4833 0014 04       		.byte	0x4
 4834 0015 24       		.uleb128 .LBB146-.LBB133
 4835 0016 2A       		.uleb128 .LBE146-.LBB133
 4836 0017 00       		.byte	0
 4837              	.LLRL34:
 4838 0018 07       		.byte	0x7
 4839 0019 00000000 		.4byte	.LFB233
 4840 001d 08       		.uleb128 .LFE233-.LFB233
 4841 001e 07       		.byte	0x7
 4842 001f 00000000 		.4byte	.LFB234
 4843 0023 12       		.uleb128 .LFE234-.LFB234
 4844 0024 07       		.byte	0x7
 4845 0025 00000000 		.4byte	.LFB235
ARM GAS  /tmp/ccQKr0Dm.s 			page 86


 4846 0029 1C       		.uleb128 .LFE235-.LFB235
 4847 002a 07       		.byte	0x7
 4848 002b 00000000 		.4byte	.LFB236
 4849 002f 1A       		.uleb128 .LFE236-.LFB236
 4850 0030 07       		.byte	0x7
 4851 0031 00000000 		.4byte	.LFB238
 4852 0035 12       		.uleb128 .LFE238-.LFB238
 4853 0036 07       		.byte	0x7
 4854 0037 00000000 		.4byte	.LFB237
 4855 003b 16       		.uleb128 .LFE237-.LFB237
 4856 003c 07       		.byte	0x7
 4857 003d 00000000 		.4byte	.LFB239
 4858 0041 38       		.uleb128 .LFE239-.LFB239
 4859 0042 07       		.byte	0x7
 4860 0043 00000000 		.4byte	.LFB240
 4861 0047 26       		.uleb128 .LFE240-.LFB240
 4862 0048 07       		.byte	0x7
 4863 0049 00000000 		.4byte	.LFB241
 4864 004d 20       		.uleb128 .LFE241-.LFB241
 4865 004e 00       		.byte	0
 4866              	.Ldebug_ranges3:
 4867              		.section	.debug_line,"",%progbits
 4868              	.Ldebug_line0:
 4869 0000 4D070000 		.section	.debug_str,"MS",%progbits,1
 4869      03005402 
 4869      00000201 
 4869      FB0E0D00 
 4869      01010101 
 4870              	.LASF54:
 4871 0000 4F465231 		.ascii	"OFR1\000"
 4871      00
 4872              	.LASF55:
 4873 0005 4F465232 		.ascii	"OFR2\000"
 4873      00
 4874              	.LASF57:
 4875 000a 4F465234 		.ascii	"OFR4\000"
 4875      00
 4876              	.LASF148:
 4877 000f 6F73616C 		.ascii	"osalThreadResumeS\000"
 4877      54687265 
 4877      61645265 
 4877      73756D65 
 4877      5300
 4878              	.LASF6:
 4879 0021 73697A65 		.ascii	"size_t\000"
 4879      5F7400
 4880              	.LASF83:
 4881 0028 7264796D 		.ascii	"rdymsg\000"
 4881      736700
 4882              	.LASF102:
 4883 002f 61646373 		.ascii	"adcstate_t\000"
 4883      74617465 
 4883      5F7400
 4884              	.LASF93:
 4885 003a 76656374 		.ascii	"vector\000"
 4885      6F7200
 4886              	.LASF65:
ARM GAS  /tmp/ccQKr0Dm.s 			page 87


 4887 0041 41574433 		.ascii	"AWD3CR\000"
 4887      435200
 4888              	.LASF144:
 4889 0048 61646353 		.ascii	"adcStop\000"
 4889      746F7000 
 4890              	.LASF155:
 4891 0050 706F7274 		.ascii	"port_lock\000"
 4891      5F6C6F63 
 4891      6B00
 4892              	.LASF136:
 4893 005a 6164635F 		.ascii	"adc_lld_stop\000"
 4893      6C6C645F 
 4893      73746F70 
 4893      00
 4894              	.LASF110:
 4895 0067 61646365 		.ascii	"adcerror_t\000"
 4895      72726F72 
 4895      5F7400
 4896              	.LASF0:
 4897 0072 6C6F6E67 		.ascii	"long long unsigned int\000"
 4897      206C6F6E 
 4897      6720756E 
 4897      7369676E 
 4897      65642069 
 4898              	.LASF84:
 4899 0089 65786974 		.ascii	"exitcode\000"
 4899      636F6465 
 4899      00
 4900              	.LASF96:
 4901 0092 4144435F 		.ascii	"ADC_UNINIT\000"
 4901      554E494E 
 4901      495400
 4902              	.LASF68:
 4903 009d 44494653 		.ascii	"DIFSEL\000"
 4903      454C00
 4904              	.LASF36:
 4905 00a4 6E657874 		.ascii	"next\000"
 4905      00
 4906              	.LASF38:
 4907 00a9 63685F74 		.ascii	"ch_threads_queue\000"
 4907      68726561 
 4907      64735F71 
 4907      75657565 
 4907      00
 4908              	.LASF130:
 4909 00ba 64696673 		.ascii	"difsel\000"
 4909      656C00
 4910              	.LASF30:
 4911 00c1 72656673 		.ascii	"refs\000"
 4911      00
 4912              	.LASF2:
 4913 00c6 6C6F6E67 		.ascii	"long long int\000"
 4913      206C6F6E 
 4913      6720696E 
 4913      7400
 4914              	.LASF4:
 4915 00d4 7369676E 		.ascii	"signed char\000"
ARM GAS  /tmp/ccQKr0Dm.s 			page 88


 4915      65642063 
 4915      68617200 
 4916              	.LASF14:
 4917 00e0 6C6F6E67 		.ascii	"long unsigned int\000"
 4917      20756E73 
 4917      69676E65 
 4917      6420696E 
 4917      7400
 4918              	.LASF60:
 4919 00f2 4A445232 		.ascii	"JDR2\000"
 4919      00
 4920              	.LASF82:
 4921 00f7 706F7274 		.ascii	"port_intctx\000"
 4921      5F696E74 
 4921      63747800 
 4922              	.LASF154:
 4923 0103 706F7274 		.ascii	"port_unlock\000"
 4923      5F756E6C 
 4923      6F636B00 
 4924              	.LASF119:
 4925 010f 646D6173 		.ascii	"dmastp\000"
 4925      747000
 4926              	.LASF107:
 4927 0116 4144435F 		.ascii	"ADC_ERR_AWD1\000"
 4927      4552525F 
 4927      41574431 
 4927      00
 4928              	.LASF108:
 4929 0123 4144435F 		.ascii	"ADC_ERR_AWD2\000"
 4929      4552525F 
 4929      41574432 
 4929      00
 4930              	.LASF109:
 4931 0130 4144435F 		.ascii	"ADC_ERR_AWD3\000"
 4931      4552525F 
 4931      41574433 
 4931      00
 4932              	.LASF90:
 4933 013d 6373656C 		.ascii	"cselr\000"
 4933      7200
 4934              	.LASF28:
 4935 0143 73746174 		.ascii	"state\000"
 4935      6500
 4936              	.LASF123:
 4937 0149 63697263 		.ascii	"circular\000"
 4937      756C6172 
 4937      00
 4938              	.LASF8:
 4939 0152 6C6F6E67 		.ascii	"long int\000"
 4939      20696E74 
 4939      00
 4940              	.LASF131:
 4941 015b 41444343 		.ascii	"ADCConfig\000"
 4941      6F6E6669 
 4941      6700
 4942              	.LASF135:
 4943 0165 6164635F 		.ascii	"adc_lld_start_conversion\000"
ARM GAS  /tmp/ccQKr0Dm.s 			page 89


 4943      6C6C645F 
 4943      73746172 
 4943      745F636F 
 4943      6E766572 
 4944              	.LASF122:
 4945 017e 61646365 		.ascii	"adcerrorcallback_t\000"
 4945      72726F72 
 4945      63616C6C 
 4945      6261636B 
 4945      5F7400
 4946              	.LASF17:
 4947 0191 74737461 		.ascii	"tstate_t\000"
 4947      74655F74 
 4947      00
 4948              	.LASF70:
 4949 019a 4144435F 		.ascii	"ADC_TypeDef\000"
 4949      54797065 
 4949      44656600 
 4950              	.LASF91:
 4951 01a6 73686966 		.ascii	"shift\000"
 4951      7400
 4952              	.LASF125:
 4953 01ac 656E645F 		.ascii	"end_cb\000"
 4953      636200
 4954              	.LASF121:
 4955 01b3 61646363 		.ascii	"adccallback_t\000"
 4955      616C6C62 
 4955      61636B5F 
 4955      7400
 4956              	.LASF103:
 4957 01c1 61646373 		.ascii	"adcsample_t\000"
 4957      616D706C 
 4957      655F7400 
 4958              	.LASF149:
 4959 01cd 6F73616C 		.ascii	"osalThreadResumeI\000"
 4959      54687265 
 4959      61645265 
 4959      73756D65 
 4959      4900
 4960              	.LASF132:
 4961 01df 63685468 		.ascii	"chThdResumeI\000"
 4961      64526573 
 4961      756D6549 
 4961      00
 4962              	.LASF79:
 4963 01ec 72656761 		.ascii	"regarm_t\000"
 4963      726D5F74 
 4963      00
 4964              	.LASF92:
 4965 01f5 73656C66 		.ascii	"selfindex\000"
 4965      696E6465 
 4965      7800
 4966              	.LASF133:
 4967 01ff 63685468 		.ascii	"chThdResumeS\000"
 4967      64526573 
 4967      756D6553 
 4967      00
ARM GAS  /tmp/ccQKr0Dm.s 			page 90


 4968              	.LASF151:
 4969 020c 6F73616C 		.ascii	"osalSysLock\000"
 4969      5379734C 
 4969      6F636B00 
 4970              	.LASF106:
 4971 0218 4144435F 		.ascii	"ADC_ERR_OVERFLOW\000"
 4971      4552525F 
 4971      4F564552 
 4971      464C4F57 
 4971      00
 4972              	.LASF156:
 4973 0229 76616C75 		.ascii	"value\000"
 4973      6500
 4974              	.LASF99:
 4975 022f 4144435F 		.ascii	"ADC_ACTIVE\000"
 4975      41435449 
 4975      564500
 4976              	.LASF78:
 4977 023a 444D415F 		.ascii	"DMA_TypeDef\000"
 4977      54797065 
 4977      44656600 
 4978              	.LASF1:
 4979 0246 756E7369 		.ascii	"unsigned int\000"
 4979      676E6564 
 4979      20696E74 
 4979      00
 4980              	.LASF11:
 4981 0253 75696E74 		.ascii	"uint16_t\000"
 4981      31365F74 
 4981      00
 4982              	.LASF146:
 4983 025c 6164634F 		.ascii	"adcObjectInit\000"
 4983      626A6563 
 4983      74496E69 
 4983      7400
 4984              	.LASF32:
 4985 026a 74687265 		.ascii	"thread_reference_t\000"
 4985      61645F72 
 4985      65666572 
 4985      656E6365 
 4985      5F7400
 4986              	.LASF74:
 4987 027d 43504152 		.ascii	"CPAR\000"
 4987      00
 4988              	.LASF86:
 4989 0282 77747472 		.ascii	"wttrp\000"
 4989      7000
 4990              	.LASF111:
 4991 0288 41444344 		.ascii	"ADCDriver\000"
 4991      72697665 
 4991      7200
 4992              	.LASF76:
 4993 0292 444D415F 		.ascii	"DMA_Channel_TypeDef\000"
 4993      4368616E 
 4993      6E656C5F 
 4993      54797065 
 4993      44656600 
ARM GAS  /tmp/ccQKr0Dm.s 			page 91


 4994              	.LASF26:
 4995 02a6 6E616D65 		.ascii	"name\000"
 4995      00
 4996              	.LASF128:
 4997 02ab 736D7072 		.ascii	"smpr\000"
 4997      00
 4998              	.LASF64:
 4999 02b0 41574432 		.ascii	"AWD2CR\000"
 4999      435200
 5000              	.LASF12:
 5001 02b7 73686F72 		.ascii	"short unsigned int\000"
 5001      7420756E 
 5001      7369676E 
 5001      65642069 
 5001      6E7400
 5002              	.LASF34:
 5003 02ca 63685F74 		.ascii	"ch_thread\000"
 5003      68726561 
 5003      6400
 5004              	.LASF98:
 5005 02d4 4144435F 		.ascii	"ADC_READY\000"
 5005      52454144 
 5005      5900
 5006              	.LASF163:
 5007 02de 6F73616C 		.ascii	"osalThreadSuspendS\000"
 5007      54687265 
 5007      61645375 
 5007      7370656E 
 5007      645300
 5008              	.LASF20:
 5009 02f1 6D73675F 		.ascii	"msg_t\000"
 5009      7400
 5010              	.LASF16:
 5011 02f7 746D6F64 		.ascii	"tmode_t\000"
 5011      655F7400 
 5012              	.LASF56:
 5013 02ff 4F465233 		.ascii	"OFR3\000"
 5013      00
 5014              	.LASF5:
 5015 0304 73686F72 		.ascii	"short int\000"
 5015      7420696E 
 5015      7400
 5016              	.LASF147:
 5017 030e 61646349 		.ascii	"adcInit\000"
 5017      6E697400 
 5018              	.LASF80:
 5019 0316 73746B61 		.ascii	"stkalign_t\000"
 5019      6C69676E 
 5019      5F7400
 5020              	.LASF24:
 5021 0321 6E657765 		.ascii	"newer\000"
 5021      7200
 5022              	.LASF33:
 5023 0327 74687265 		.ascii	"threads_list_t\000"
 5023      6164735F 
 5023      6C697374 
 5023      5F7400
ARM GAS  /tmp/ccQKr0Dm.s 			page 92


 5024              	.LASF89:
 5025 0336 636D6173 		.ascii	"cmask\000"
 5025      6B00
 5026              	.LASF115:
 5027 033c 67727070 		.ascii	"grpp\000"
 5027      00
 5028              	.LASF161:
 5029 0341 6164635F 		.ascii	"adc_lld_init\000"
 5029      6C6C645F 
 5029      696E6974 
 5029      00
 5030              	.LASF113:
 5031 034e 73616D70 		.ascii	"samples\000"
 5031      6C657300 
 5032              	.LASF140:
 5033 0356 61646353 		.ascii	"adcStopConversionI\000"
 5033      746F7043 
 5033      6F6E7665 
 5033      7273696F 
 5033      6E4900
 5034              	.LASF52:
 5035 0369 4A535152 		.ascii	"JSQR\000"
 5035      00
 5036              	.LASF157:
 5037 036e 474E5520 		.ascii	"GNU C11 13.2.1 20231009 -mcpu=cortex-m4 -mfloat-abi"
 5037      43313120 
 5037      31332E32 
 5037      2E312032 
 5037      30323331 
 5038 03a1 3D686172 		.ascii	"=hard -mfpu=fpv4-sp-d16 -mno-thumb-interwork -mthum"
 5038      64202D6D 
 5038      6670753D 
 5038      66707634 
 5038      2D73702D 
 5039 03d4 62202D6D 		.ascii	"b -march=armv7e-m+fp -ggdb -Og -std=c11 -fno-inline"
 5039      61726368 
 5039      3D61726D 
 5039      7637652D 
 5039      6D2B6670 
 5040 0407 2D736D61 		.ascii	"-small-functions -fomit-frame-pointer -falign-funct"
 5040      6C6C2D66 
 5040      756E6374 
 5040      696F6E73 
 5040      202D666F 
 5041 043a 696F6E73 		.ascii	"ions=16 -fstack-usage -ffunction-sections -fdata-se"
 5041      3D313620 
 5041      2D667374 
 5041      61636B2D 
 5041      75736167 
 5042 046d 6374696F 		.ascii	"ctions -fno-common -fsingle-precision-constant\000"
 5042      6E73202D 
 5042      666E6F2D 
 5042      636F6D6D 
 5042      6F6E202D 
 5043              	.LASF3:
 5044 049c 6C6F6E67 		.ascii	"long double\000"
 5044      20646F75 
ARM GAS  /tmp/ccQKr0Dm.s 			page 93


 5044      626C6500 
 5045              	.LASF22:
 5046 04a8 71756575 		.ascii	"queue\000"
 5046      6500
 5047              	.LASF27:
 5048 04ae 77616261 		.ascii	"wabase\000"
 5048      736500
 5049              	.LASF97:
 5050 04b5 4144435F 		.ascii	"ADC_STOP\000"
 5050      53544F50 
 5050      00
 5051              	.LASF72:
 5052 04be 4144435F 		.ascii	"ADC_Common_TypeDef\000"
 5052      436F6D6D 
 5052      6F6E5F54 
 5052      79706544 
 5052      656600
 5053              	.LASF15:
 5054 04d1 75696E74 		.ascii	"uint64_t\000"
 5054      36345F74 
 5054      00
 5055              	.LASF62:
 5056 04da 4A445234 		.ascii	"JDR4\000"
 5056      00
 5057              	.LASF81:
 5058 04df 706F7274 		.ascii	"port_context\000"
 5058      5F636F6E 
 5058      74657874 
 5058      00
 5059              	.LASF42:
 5060 04ec 534D5052 		.ascii	"SMPR1\000"
 5060      3100
 5061              	.LASF43:
 5062 04f2 534D5052 		.ascii	"SMPR2\000"
 5062      3200
 5063              	.LASF23:
 5064 04f8 7072696F 		.ascii	"prio\000"
 5064      00
 5065              	.LASF46:
 5066 04fd 53515231 		.ascii	"SQR1\000"
 5066      00
 5067              	.LASF47:
 5068 0502 53515232 		.ascii	"SQR2\000"
 5068      00
 5069              	.LASF48:
 5070 0507 53515233 		.ascii	"SQR3\000"
 5070      00
 5071              	.LASF49:
 5072 050c 53515234 		.ascii	"SQR4\000"
 5072      00
 5073              	.LASF160:
 5074 0511 63685468 		.ascii	"chThdSuspendS\000"
 5074      64537573 
 5074      70656E64 
 5074      5300
 5075              	.LASF142:
 5076 051f 61646353 		.ascii	"adcStartConversionI\000"
ARM GAS  /tmp/ccQKr0Dm.s 			page 94


 5076      74617274 
 5076      436F6E76 
 5076      65727369 
 5076      6F6E4900 
 5077              	.LASF18:
 5078 0533 74726566 		.ascii	"trefs_t\000"
 5078      735F7400 
 5079              	.LASF41:
 5080 053b 52455345 		.ascii	"RESERVED0\000"
 5080      52564544 
 5080      3000
 5081              	.LASF44:
 5082 0545 52455345 		.ascii	"RESERVED1\000"
 5082      52564544 
 5082      3100
 5083              	.LASF45:
 5084 054f 52455345 		.ascii	"RESERVED2\000"
 5084      52564544 
 5084      3200
 5085              	.LASF50:
 5086 0559 52455345 		.ascii	"RESERVED3\000"
 5086      52564544 
 5086      3300
 5087              	.LASF51:
 5088 0563 52455345 		.ascii	"RESERVED4\000"
 5088      52564544 
 5088      3400
 5089              	.LASF53:
 5090 056d 52455345 		.ascii	"RESERVED5\000"
 5090      52564544 
 5090      3500
 5091              	.LASF58:
 5092 0577 52455345 		.ascii	"RESERVED6\000"
 5092      52564544 
 5092      3600
 5093              	.LASF63:
 5094 0581 52455345 		.ascii	"RESERVED7\000"
 5094      52564544 
 5094      3700
 5095              	.LASF66:
 5096 058b 52455345 		.ascii	"RESERVED8\000"
 5096      52564544 
 5096      3800
 5097              	.LASF19:
 5098 0595 74707269 		.ascii	"tprio_t\000"
 5098      6F5F7400 
 5099              	.LASF116:
 5100 059d 74687265 		.ascii	"thread\000"
 5100      616400
 5101              	.LASF95:
 5102 05a4 5F426F6F 		.ascii	"_Bool\000"
 5102      6C00
 5103              	.LASF7:
 5104 05aa 696E7433 		.ascii	"int32_t\000"
 5104      325F7400 
 5105              	.LASF10:
 5106 05b2 756E7369 		.ascii	"unsigned char\000"
ARM GAS  /tmp/ccQKr0Dm.s 			page 95


 5106      676E6564 
 5106      20636861 
 5106      7200
 5107              	.LASF94:
 5108 05c0 73746D33 		.ascii	"stm32_dma_stream_t\000"
 5108      325F646D 
 5108      615F7374 
 5108      7265616D 
 5108      5F7400
 5109              	.LASF134:
 5110 05d3 6164635F 		.ascii	"adc_lld_stop_conversion\000"
 5110      6C6C645F 
 5110      73746F70 
 5110      5F636F6E 
 5110      76657273 
 5111              	.LASF126:
 5112 05eb 6572726F 		.ascii	"error_cb\000"
 5112      725F6362 
 5112      00
 5113              	.LASF71:
 5114 05f4 52455345 		.ascii	"RESERVED\000"
 5114      52564544 
 5114      00
 5115              	.LASF139:
 5116 05fd 5F5F6675 		.ascii	"__func__\000"
 5116      6E635F5F 
 5116      00
 5117              	.LASF153:
 5118 0606 63685379 		.ascii	"chSysLock\000"
 5118      734C6F63 
 5118      6B00
 5119              	.LASF150:
 5120 0610 6F73616C 		.ascii	"osalSysUnlock\000"
 5120      53797355 
 5120      6E6C6F63 
 5120      6B00
 5121              	.LASF88:
 5122 061e 6368616E 		.ascii	"channel\000"
 5122      6E656C00 
 5123              	.LASF35:
 5124 0626 63685F74 		.ascii	"ch_threads_list\000"
 5124      68726561 
 5124      64735F6C 
 5124      69737400 
 5125              	.LASF67:
 5126 0636 52455345 		.ascii	"RESERVED9\000"
 5126      52564544 
 5126      3900
 5127              	.LASF69:
 5128 0640 43414C46 		.ascii	"CALFACT\000"
 5128      41435400 
 5129              	.LASF77:
 5130 0648 49464352 		.ascii	"IFCR\000"
 5130      00
 5131              	.LASF114:
 5132 064d 64657074 		.ascii	"depth\000"
 5132      6800
ARM GAS  /tmp/ccQKr0Dm.s 			page 96


 5133              	.LASF87:
 5134 0653 63686172 		.ascii	"char\000"
 5134      00
 5135              	.LASF25:
 5136 0658 6F6C6465 		.ascii	"older\000"
 5136      7200
 5137              	.LASF112:
 5138 065e 636F6E66 		.ascii	"config\000"
 5138      696700
 5139              	.LASF158:
 5140 0665 43686962 		.ascii	"ChibiOS/os/hal/src/hal_adc.c\000"
 5140      694F532F 
 5140      6F732F68 
 5140      616C2F73 
 5140      72632F68 
 5141              	.LASF100:
 5142 0682 4144435F 		.ascii	"ADC_COMPLETE\000"
 5142      434F4D50 
 5142      4C455445 
 5142      00
 5143              	.LASF124:
 5144 068f 6E756D5F 		.ascii	"num_channels\000"
 5144      6368616E 
 5144      6E656C73 
 5144      00
 5145              	.LASF164:
 5146 069c 5F5F7365 		.ascii	"__set_BASEPRI\000"
 5146      745F4241 
 5146      53455052 
 5146      4900
 5147              	.LASF159:
 5148 06aa 2F776F72 		.ascii	"/workspaces/tinySA\000"
 5148      6B737061 
 5148      6365732F 
 5148      74696E79 
 5148      534100
 5149              	.LASF31:
 5150 06bd 77616974 		.ascii	"waiting\000"
 5150      696E6700 
 5151              	.LASF143:
 5152 06c5 61646353 		.ascii	"adcStartConversion\000"
 5152      74617274 
 5152      436F6E76 
 5152      65727369 
 5152      6F6E00
 5153              	.LASF137:
 5154 06d8 6164635F 		.ascii	"adc_lld_start\000"
 5154      6C6C645F 
 5154      73746172 
 5154      7400
 5155              	.LASF101:
 5156 06e6 4144435F 		.ascii	"ADC_ERROR\000"
 5156      4552524F 
 5156      5200
 5157              	.LASF13:
 5158 06f0 75696E74 		.ascii	"uint32_t\000"
 5158      33325F74 
ARM GAS  /tmp/ccQKr0Dm.s 			page 97


 5158      00
 5159              	.LASF145:
 5160 06f9 61646353 		.ascii	"adcStart\000"
 5160      74617274 
 5160      00
 5161              	.LASF37:
 5162 0702 74687265 		.ascii	"threads_queue_t\000"
 5162      6164735F 
 5162      71756575 
 5162      655F7400 
 5163              	.LASF73:
 5164 0712 434E4454 		.ascii	"CNDTR\000"
 5164      5200
 5165              	.LASF75:
 5166 0718 434D4152 		.ascii	"CMAR\000"
 5166      00
 5167              	.LASF9:
 5168 071d 75696E74 		.ascii	"uint8_t\000"
 5168      385F7400 
 5169              	.LASF29:
 5170 0725 666C6167 		.ascii	"flags\000"
 5170      7300
 5171              	.LASF129:
 5172 072b 41444343 		.ascii	"ADCConversionGroup\000"
 5172      6F6E7665 
 5172      7273696F 
 5172      6E47726F 
 5172      757000
 5173              	.LASF127:
 5174 073e 63666772 		.ascii	"cfgr\000"
 5174      00
 5175              	.LASF59:
 5176 0743 4A445231 		.ascii	"JDR1\000"
 5176      00
 5177              	.LASF61:
 5178 0748 4A445233 		.ascii	"JDR3\000"
 5178      00
 5179              	.LASF120:
 5180 074d 646D616D 		.ascii	"dmamode\000"
 5180      6F646500 
 5181              	.LASF85:
 5182 0755 77746F62 		.ascii	"wtobjp\000"
 5182      6A7000
 5183              	.LASF118:
 5184 075c 61646363 		.ascii	"adcc\000"
 5184      00
 5185              	.LASF104:
 5186 0761 6164635F 		.ascii	"adc_channels_num_t\000"
 5186      6368616E 
 5186      6E656C73 
 5186      5F6E756D 
 5186      5F7400
 5187              	.LASF40:
 5188 0774 43464752 		.ascii	"CFGR\000"
 5188      00
 5189              	.LASF39:
 5190 0779 70726576 		.ascii	"prev\000"
ARM GAS  /tmp/ccQKr0Dm.s 			page 98


 5190      00
 5191              	.LASF152:
 5192 077e 63685379 		.ascii	"chSysUnlock\000"
 5192      73556E6C 
 5192      6F636B00 
 5193              	.LASF117:
 5194 078a 6164636D 		.ascii	"adcm\000"
 5194      00
 5195              	.LASF138:
 5196 078f 61646370 		.ascii	"adcp\000"
 5196      00
 5197              	.LASF162:
 5198 0794 61646343 		.ascii	"adcConvert\000"
 5198      6F6E7665 
 5198      727400
 5199              	.LASF141:
 5200 079f 61646353 		.ascii	"adcStopConversion\000"
 5200      746F7043 
 5200      6F6E7665 
 5200      7273696F 
 5200      6E00
 5201              	.LASF21:
 5202 07b1 74687265 		.ascii	"thread_t\000"
 5202      61645F74 
 5202      00
 5203              	.LASF105:
 5204 07ba 4144435F 		.ascii	"ADC_ERR_DMAFAILURE\000"
 5204      4552525F 
 5204      444D4146 
 5204      41494C55 
 5204      524500
 5205              		.ident	"GCC: (15:13.2.rel1-2) 13.2.1 20231009"
ARM GAS  /tmp/ccQKr0Dm.s 			page 99


DEFINED SYMBOLS
                            *ABS*:00000000 hal_adc.c
     /tmp/ccQKr0Dm.s:21     .text.adcInit:00000000 $t
     /tmp/ccQKr0Dm.s:28     .text.adcInit:00000000 adcInit
     /tmp/ccQKr0Dm.s:47     .text.adcObjectInit:00000000 $t
     /tmp/ccQKr0Dm.s:54     .text.adcObjectInit:00000000 adcObjectInit
     /tmp/ccQKr0Dm.s:88     .text.adcStart:00000000 $t
     /tmp/ccQKr0Dm.s:95     .text.adcStart:00000000 adcStart
     /tmp/ccQKr0Dm.s:210    .text.adcStop:00000000 $t
     /tmp/ccQKr0Dm.s:217    .text.adcStop:00000000 adcStop
     /tmp/ccQKr0Dm.s:325    .text.adcStartConversionI:00000000 $t
     /tmp/ccQKr0Dm.s:332    .text.adcStartConversionI:00000000 adcStartConversionI
     /tmp/ccQKr0Dm.s:375    .text.adcStartConversion:00000000 $t
     /tmp/ccQKr0Dm.s:382    .text.adcStartConversion:00000000 adcStartConversion
     /tmp/ccQKr0Dm.s:477    .text.adcStopConversion:00000000 $t
     /tmp/ccQKr0Dm.s:484    .text.adcStopConversion:00000000 adcStopConversion
     /tmp/ccQKr0Dm.s:652    .text.adcStopConversionI:00000000 $t
     /tmp/ccQKr0Dm.s:659    .text.adcStopConversionI:00000000 adcStopConversionI
     /tmp/ccQKr0Dm.s:719    .text.adcConvert:00000000 $t
     /tmp/ccQKr0Dm.s:726    .text.adcConvert:00000000 adcConvert

UNDEFINED SYMBOLS
adc_lld_init
adc_lld_start
adc_lld_stop
adc_lld_start_conversion
adc_lld_stop_conversion
chThdResumeS
chThdResumeI
chThdSuspendS
