ARM GAS  /tmp/ccER9TBa.s 			page 1


   1              		.cpu cortex-m4
   2              		.arch armv7e-m
   3              		.fpu fpv4-sp-d16
   4              		.eabi_attribute 27, 1
   5              		.eabi_attribute 28, 1
   6              		.eabi_attribute 20, 1
   7              		.eabi_attribute 21, 1
   8              		.eabi_attribute 23, 3
   9              		.eabi_attribute 24, 1
  10              		.eabi_attribute 25, 1
  11              		.eabi_attribute 26, 1
  12              		.eabi_attribute 30, 1
  13              		.eabi_attribute 34, 1
  14              		.eabi_attribute 18, 4
  15              		.file	"hal_ext_lld_isr.c"
  16              		.text
  17              	.Ltext0:
  18              		.cfi_sections	.debug_frame
  19              		.file 1 "ChibiOS/os/hal/ports/STM32/STM32F3xx/hal_ext_lld_isr.c"
  20              		.section	.text.Vector58,"ax",%progbits
  21              		.align	1
  22              		.p2align 4,,15
  23              		.global	Vector58
  24              		.syntax unified
  25              		.thumb
  26              		.thumb_func
  27              		.type	Vector58, %function
  28              	Vector58:
  29              	.LFB233:
  30              		.loc 1 57 28 view -0
  31              		.cfi_startproc
  32              		@ args = 0, pretend = 0, frame = 0
  33              		@ frame_needed = 0, uses_anonymous_args = 0
  34 0000 08B5     		push	{r3, lr}
  35              		.cfi_def_cfa_offset 8
  36              		.cfi_offset 3, -8
  37              		.cfi_offset 14, -4
  38              		.loc 1 58 3 view .LVU1
  39              		.loc 1 60 3 view .LVU2
  40              		.loc 1 60 3 view .LVU3
  41              		.loc 1 60 3 view .LVU4
  42              		.loc 1 60 3 view .LVU5
  43              		.loc 1 60 3 view .LVU6
  44              		.loc 1 60 22 view .LVU7
  45              		.loc 1 62 3 view .LVU8
  46              		.loc 1 62 6 is_stmt 0 view .LVU9
  47 0002 084A     		ldr	r2, .L4
  48 0004 5369     		ldr	r3, [r2, #20]
  49              	.LVL0:
  50              		.loc 1 63 3 is_stmt 1 view .LVU10
  51              		.loc 1 63 13 is_stmt 0 view .LVU11
  52 0006 1168     		ldr	r1, [r2]
  53              		.loc 1 63 19 view .LVU12
  54 0008 01F00101 		and	r1, r1, #1
  55              		.loc 1 63 6 view .LVU13
  56 000c 0B40     		ands	r3, r3, r1
  57              	.LVL1:
ARM GAS  /tmp/ccER9TBa.s 			page 2


  58              		.loc 1 64 3 is_stmt 1 view .LVU14
  59              		.loc 1 64 12 is_stmt 0 view .LVU15
  60 000e 5361     		str	r3, [r2, #20]
  61              		.loc 1 65 3 is_stmt 1 view .LVU16
  62              		.loc 1 65 6 is_stmt 0 view .LVU17
  63 0010 23B1     		cbz	r3, .L2
  64              		.loc 1 66 5 is_stmt 1 view .LVU18
  65              		.loc 1 66 10 is_stmt 0 view .LVU19
  66 0012 0548     		ldr	r0, .L4+4
  67 0014 4368     		ldr	r3, [r0, #4]
  68              	.LVL2:
  69              		.loc 1 66 30 view .LVU20
  70 0016 5B68     		ldr	r3, [r3, #4]
  71              		.loc 1 66 5 view .LVU21
  72 0018 0021     		movs	r1, #0
  73 001a 9847     		blx	r3
  74              	.LVL3:
  75              	.L2:
  76              		.loc 1 68 3 is_stmt 1 view .LVU22
  77              		.loc 1 68 3 view .LVU23
  78              		.loc 1 68 3 view .LVU24
  79              		.loc 1 68 3 view .LVU25
  80              		.loc 1 68 3 view .LVU26
  81 001c FFF7FEFF 		bl	_port_irq_epilogue
  82              	.LVL4:
  83              		.loc 1 69 1 is_stmt 0 view .LVU27
  84 0020 08BD     		pop	{r3, pc}
  85              	.L5:
  86 0022 00BF     		.align	2
  87              	.L4:
  88 0024 00040140 		.word	1073808384
  89 0028 00000000 		.word	EXTD1
  90              		.cfi_endproc
  91              	.LFE233:
  92              		.size	Vector58, .-Vector58
  93              		.section	.text.Vector5C,"ax",%progbits
  94              		.align	1
  95              		.p2align 4,,15
  96              		.global	Vector5C
  97              		.syntax unified
  98              		.thumb
  99              		.thumb_func
 100              		.type	Vector5C, %function
 101              	Vector5C:
 102              	.LFB234:
 103              		.loc 1 78 28 is_stmt 1 view -0
 104              		.cfi_startproc
 105              		@ args = 0, pretend = 0, frame = 0
 106              		@ frame_needed = 0, uses_anonymous_args = 0
 107 0000 08B5     		push	{r3, lr}
 108              		.cfi_def_cfa_offset 8
 109              		.cfi_offset 3, -8
 110              		.cfi_offset 14, -4
 111              		.loc 1 79 3 view .LVU29
 112              		.loc 1 81 3 view .LVU30
 113              		.loc 1 81 3 view .LVU31
 114              		.loc 1 81 3 view .LVU32
ARM GAS  /tmp/ccER9TBa.s 			page 3


 115              		.loc 1 81 3 view .LVU33
 116              		.loc 1 81 3 view .LVU34
 117              		.loc 1 81 22 view .LVU35
 118              		.loc 1 83 3 view .LVU36
 119              		.loc 1 83 6 is_stmt 0 view .LVU37
 120 0002 084A     		ldr	r2, .L9
 121 0004 5369     		ldr	r3, [r2, #20]
 122              	.LVL5:
 123              		.loc 1 84 3 is_stmt 1 view .LVU38
 124              		.loc 1 84 13 is_stmt 0 view .LVU39
 125 0006 1168     		ldr	r1, [r2]
 126              		.loc 1 84 19 view .LVU40
 127 0008 01F00201 		and	r1, r1, #2
 128              		.loc 1 84 6 view .LVU41
 129 000c 0B40     		ands	r3, r3, r1
 130              	.LVL6:
 131              		.loc 1 85 3 is_stmt 1 view .LVU42
 132              		.loc 1 85 12 is_stmt 0 view .LVU43
 133 000e 5361     		str	r3, [r2, #20]
 134              		.loc 1 86 3 is_stmt 1 view .LVU44
 135              		.loc 1 86 6 is_stmt 0 view .LVU45
 136 0010 23B1     		cbz	r3, .L7
 137              		.loc 1 87 5 is_stmt 1 view .LVU46
 138              		.loc 1 87 10 is_stmt 0 view .LVU47
 139 0012 0548     		ldr	r0, .L9+4
 140 0014 4368     		ldr	r3, [r0, #4]
 141              	.LVL7:
 142              		.loc 1 87 30 view .LVU48
 143 0016 DB68     		ldr	r3, [r3, #12]
 144              		.loc 1 87 5 view .LVU49
 145 0018 0121     		movs	r1, #1
 146 001a 9847     		blx	r3
 147              	.LVL8:
 148              	.L7:
 149              		.loc 1 89 3 is_stmt 1 view .LVU50
 150              		.loc 1 89 3 view .LVU51
 151              		.loc 1 89 3 view .LVU52
 152              		.loc 1 89 3 view .LVU53
 153              		.loc 1 89 3 view .LVU54
 154 001c FFF7FEFF 		bl	_port_irq_epilogue
 155              	.LVL9:
 156              		.loc 1 90 1 is_stmt 0 view .LVU55
 157 0020 08BD     		pop	{r3, pc}
 158              	.L10:
 159 0022 00BF     		.align	2
 160              	.L9:
 161 0024 00040140 		.word	1073808384
 162 0028 00000000 		.word	EXTD1
 163              		.cfi_endproc
 164              	.LFE234:
 165              		.size	Vector5C, .-Vector5C
 166              		.section	.text.Vector60,"ax",%progbits
 167              		.align	1
 168              		.p2align 4,,15
 169              		.global	Vector60
 170              		.syntax unified
 171              		.thumb
ARM GAS  /tmp/ccER9TBa.s 			page 4


 172              		.thumb_func
 173              		.type	Vector60, %function
 174              	Vector60:
 175              	.LFB235:
 176              		.loc 1 99 28 is_stmt 1 view -0
 177              		.cfi_startproc
 178              		@ args = 0, pretend = 0, frame = 0
 179              		@ frame_needed = 0, uses_anonymous_args = 0
 180 0000 08B5     		push	{r3, lr}
 181              		.cfi_def_cfa_offset 8
 182              		.cfi_offset 3, -8
 183              		.cfi_offset 14, -4
 184              		.loc 1 100 3 view .LVU57
 185              		.loc 1 102 3 view .LVU58
 186              		.loc 1 102 3 view .LVU59
 187              		.loc 1 102 3 view .LVU60
 188              		.loc 1 102 3 view .LVU61
 189              		.loc 1 102 3 view .LVU62
 190              		.loc 1 102 22 view .LVU63
 191              		.loc 1 104 3 view .LVU64
 192              		.loc 1 104 6 is_stmt 0 view .LVU65
 193 0002 084A     		ldr	r2, .L14
 194 0004 5369     		ldr	r3, [r2, #20]
 195              	.LVL10:
 196              		.loc 1 105 3 is_stmt 1 view .LVU66
 197              		.loc 1 105 13 is_stmt 0 view .LVU67
 198 0006 1168     		ldr	r1, [r2]
 199              		.loc 1 105 19 view .LVU68
 200 0008 01F00401 		and	r1, r1, #4
 201              		.loc 1 105 6 view .LVU69
 202 000c 0B40     		ands	r3, r3, r1
 203              	.LVL11:
 204              		.loc 1 106 3 is_stmt 1 view .LVU70
 205              		.loc 1 106 12 is_stmt 0 view .LVU71
 206 000e 5361     		str	r3, [r2, #20]
 207              		.loc 1 107 3 is_stmt 1 view .LVU72
 208              		.loc 1 107 6 is_stmt 0 view .LVU73
 209 0010 23B1     		cbz	r3, .L12
 210              		.loc 1 108 5 is_stmt 1 view .LVU74
 211              		.loc 1 108 10 is_stmt 0 view .LVU75
 212 0012 0548     		ldr	r0, .L14+4
 213 0014 4368     		ldr	r3, [r0, #4]
 214              	.LVL12:
 215              		.loc 1 108 30 view .LVU76
 216 0016 5B69     		ldr	r3, [r3, #20]
 217              		.loc 1 108 5 view .LVU77
 218 0018 0221     		movs	r1, #2
 219 001a 9847     		blx	r3
 220              	.LVL13:
 221              	.L12:
 222              		.loc 1 110 3 is_stmt 1 view .LVU78
 223              		.loc 1 110 3 view .LVU79
 224              		.loc 1 110 3 view .LVU80
 225              		.loc 1 110 3 view .LVU81
 226              		.loc 1 110 3 view .LVU82
 227 001c FFF7FEFF 		bl	_port_irq_epilogue
 228              	.LVL14:
ARM GAS  /tmp/ccER9TBa.s 			page 5


 229              		.loc 1 111 1 is_stmt 0 view .LVU83
 230 0020 08BD     		pop	{r3, pc}
 231              	.L15:
 232 0022 00BF     		.align	2
 233              	.L14:
 234 0024 00040140 		.word	1073808384
 235 0028 00000000 		.word	EXTD1
 236              		.cfi_endproc
 237              	.LFE235:
 238              		.size	Vector60, .-Vector60
 239              		.section	.text.Vector64,"ax",%progbits
 240              		.align	1
 241              		.p2align 4,,15
 242              		.global	Vector64
 243              		.syntax unified
 244              		.thumb
 245              		.thumb_func
 246              		.type	Vector64, %function
 247              	Vector64:
 248              	.LFB236:
 249              		.loc 1 120 28 is_stmt 1 view -0
 250              		.cfi_startproc
 251              		@ args = 0, pretend = 0, frame = 0
 252              		@ frame_needed = 0, uses_anonymous_args = 0
 253 0000 08B5     		push	{r3, lr}
 254              		.cfi_def_cfa_offset 8
 255              		.cfi_offset 3, -8
 256              		.cfi_offset 14, -4
 257              		.loc 1 121 3 view .LVU85
 258              		.loc 1 123 3 view .LVU86
 259              		.loc 1 123 3 view .LVU87
 260              		.loc 1 123 3 view .LVU88
 261              		.loc 1 123 3 view .LVU89
 262              		.loc 1 123 3 view .LVU90
 263              		.loc 1 123 22 view .LVU91
 264              		.loc 1 125 3 view .LVU92
 265              		.loc 1 125 6 is_stmt 0 view .LVU93
 266 0002 084A     		ldr	r2, .L19
 267 0004 5369     		ldr	r3, [r2, #20]
 268              	.LVL15:
 269              		.loc 1 126 3 is_stmt 1 view .LVU94
 270              		.loc 1 126 13 is_stmt 0 view .LVU95
 271 0006 1168     		ldr	r1, [r2]
 272              		.loc 1 126 19 view .LVU96
 273 0008 01F00801 		and	r1, r1, #8
 274              		.loc 1 126 6 view .LVU97
 275 000c 0B40     		ands	r3, r3, r1
 276              	.LVL16:
 277              		.loc 1 127 3 is_stmt 1 view .LVU98
 278              		.loc 1 127 12 is_stmt 0 view .LVU99
 279 000e 5361     		str	r3, [r2, #20]
 280              		.loc 1 128 3 is_stmt 1 view .LVU100
 281              		.loc 1 128 6 is_stmt 0 view .LVU101
 282 0010 23B1     		cbz	r3, .L17
 283              		.loc 1 129 5 is_stmt 1 view .LVU102
 284              		.loc 1 129 10 is_stmt 0 view .LVU103
 285 0012 0548     		ldr	r0, .L19+4
ARM GAS  /tmp/ccER9TBa.s 			page 6


 286 0014 4368     		ldr	r3, [r0, #4]
 287              	.LVL17:
 288              		.loc 1 129 30 view .LVU104
 289 0016 DB69     		ldr	r3, [r3, #28]
 290              		.loc 1 129 5 view .LVU105
 291 0018 0321     		movs	r1, #3
 292 001a 9847     		blx	r3
 293              	.LVL18:
 294              	.L17:
 295              		.loc 1 131 3 is_stmt 1 view .LVU106
 296              		.loc 1 131 3 view .LVU107
 297              		.loc 1 131 3 view .LVU108
 298              		.loc 1 131 3 view .LVU109
 299              		.loc 1 131 3 view .LVU110
 300 001c FFF7FEFF 		bl	_port_irq_epilogue
 301              	.LVL19:
 302              		.loc 1 132 1 is_stmt 0 view .LVU111
 303 0020 08BD     		pop	{r3, pc}
 304              	.L20:
 305 0022 00BF     		.align	2
 306              	.L19:
 307 0024 00040140 		.word	1073808384
 308 0028 00000000 		.word	EXTD1
 309              		.cfi_endproc
 310              	.LFE236:
 311              		.size	Vector64, .-Vector64
 312              		.section	.text.Vector68,"ax",%progbits
 313              		.align	1
 314              		.p2align 4,,15
 315              		.global	Vector68
 316              		.syntax unified
 317              		.thumb
 318              		.thumb_func
 319              		.type	Vector68, %function
 320              	Vector68:
 321              	.LFB237:
 322              		.loc 1 141 28 is_stmt 1 view -0
 323              		.cfi_startproc
 324              		@ args = 0, pretend = 0, frame = 0
 325              		@ frame_needed = 0, uses_anonymous_args = 0
 326 0000 08B5     		push	{r3, lr}
 327              		.cfi_def_cfa_offset 8
 328              		.cfi_offset 3, -8
 329              		.cfi_offset 14, -4
 330              		.loc 1 142 3 view .LVU113
 331              		.loc 1 144 3 view .LVU114
 332              		.loc 1 144 3 view .LVU115
 333              		.loc 1 144 3 view .LVU116
 334              		.loc 1 144 3 view .LVU117
 335              		.loc 1 144 3 view .LVU118
 336              		.loc 1 144 22 view .LVU119
 337              		.loc 1 146 3 view .LVU120
 338              		.loc 1 146 6 is_stmt 0 view .LVU121
 339 0002 084A     		ldr	r2, .L24
 340 0004 5369     		ldr	r3, [r2, #20]
 341              	.LVL20:
 342              		.loc 1 147 3 is_stmt 1 view .LVU122
ARM GAS  /tmp/ccER9TBa.s 			page 7


 343              		.loc 1 147 13 is_stmt 0 view .LVU123
 344 0006 1168     		ldr	r1, [r2]
 345              		.loc 1 147 19 view .LVU124
 346 0008 01F01001 		and	r1, r1, #16
 347              		.loc 1 147 6 view .LVU125
 348 000c 0B40     		ands	r3, r3, r1
 349              	.LVL21:
 350              		.loc 1 148 3 is_stmt 1 view .LVU126
 351              		.loc 1 148 12 is_stmt 0 view .LVU127
 352 000e 5361     		str	r3, [r2, #20]
 353              		.loc 1 149 3 is_stmt 1 view .LVU128
 354              		.loc 1 149 6 is_stmt 0 view .LVU129
 355 0010 23B1     		cbz	r3, .L22
 356              		.loc 1 150 5 is_stmt 1 view .LVU130
 357              		.loc 1 150 10 is_stmt 0 view .LVU131
 358 0012 0548     		ldr	r0, .L24+4
 359 0014 4368     		ldr	r3, [r0, #4]
 360              	.LVL22:
 361              		.loc 1 150 30 view .LVU132
 362 0016 5B6A     		ldr	r3, [r3, #36]
 363              		.loc 1 150 5 view .LVU133
 364 0018 0421     		movs	r1, #4
 365 001a 9847     		blx	r3
 366              	.LVL23:
 367              	.L22:
 368              		.loc 1 152 3 is_stmt 1 view .LVU134
 369              		.loc 1 152 3 view .LVU135
 370              		.loc 1 152 3 view .LVU136
 371              		.loc 1 152 3 view .LVU137
 372              		.loc 1 152 3 view .LVU138
 373 001c FFF7FEFF 		bl	_port_irq_epilogue
 374              	.LVL24:
 375              		.loc 1 153 1 is_stmt 0 view .LVU139
 376 0020 08BD     		pop	{r3, pc}
 377              	.L25:
 378 0022 00BF     		.align	2
 379              	.L24:
 380 0024 00040140 		.word	1073808384
 381 0028 00000000 		.word	EXTD1
 382              		.cfi_endproc
 383              	.LFE237:
 384              		.size	Vector68, .-Vector68
 385              		.section	.text.Vector9C,"ax",%progbits
 386              		.align	1
 387              		.p2align 4,,15
 388              		.global	Vector9C
 389              		.syntax unified
 390              		.thumb
 391              		.thumb_func
 392              		.type	Vector9C, %function
 393              	Vector9C:
 394              	.LFB238:
 395              		.loc 1 162 28 is_stmt 1 view -0
 396              		.cfi_startproc
 397              		@ args = 0, pretend = 0, frame = 0
 398              		@ frame_needed = 0, uses_anonymous_args = 0
 399 0000 10B5     		push	{r4, lr}
ARM GAS  /tmp/ccER9TBa.s 			page 8


 400              		.cfi_def_cfa_offset 8
 401              		.cfi_offset 4, -8
 402              		.cfi_offset 14, -4
 403              		.loc 1 163 3 view .LVU141
 404              		.loc 1 165 3 view .LVU142
 405              		.loc 1 165 3 view .LVU143
 406              		.loc 1 165 3 view .LVU144
 407              		.loc 1 165 3 view .LVU145
 408              		.loc 1 165 3 view .LVU146
 409              		.loc 1 165 22 view .LVU147
 410              		.loc 1 167 3 view .LVU148
 411              		.loc 1 167 6 is_stmt 0 view .LVU149
 412 0002 194B     		ldr	r3, .L33
 413 0004 5C69     		ldr	r4, [r3, #20]
 414              	.LVL25:
 415              		.loc 1 168 3 is_stmt 1 view .LVU150
 416              		.loc 1 168 13 is_stmt 0 view .LVU151
 417 0006 1A68     		ldr	r2, [r3]
 418              		.loc 1 168 19 view .LVU152
 419 0008 02F47872 		and	r2, r2, #992
 420              		.loc 1 168 6 view .LVU153
 421 000c 1440     		ands	r4, r4, r2
 422              	.LVL26:
 423              		.loc 1 170 3 is_stmt 1 view .LVU154
 424              		.loc 1 170 12 is_stmt 0 view .LVU155
 425 000e 5C61     		str	r4, [r3, #20]
 426              		.loc 1 171 3 is_stmt 1 view .LVU156
 427              		.loc 1 171 6 is_stmt 0 view .LVU157
 428 0010 14F0200F 		tst	r4, #32
 429 0014 04D0     		beq	.L27
 430              		.loc 1 172 5 is_stmt 1 view .LVU158
 431              		.loc 1 172 10 is_stmt 0 view .LVU159
 432 0016 1548     		ldr	r0, .L33+4
 433 0018 4368     		ldr	r3, [r0, #4]
 434              		.loc 1 172 30 view .LVU160
 435 001a DB6A     		ldr	r3, [r3, #44]
 436              		.loc 1 172 5 view .LVU161
 437 001c 0521     		movs	r1, #5
 438 001e 9847     		blx	r3
 439              	.LVL27:
 440              	.L27:
 441              		.loc 1 173 3 is_stmt 1 view .LVU162
 442              		.loc 1 173 6 is_stmt 0 view .LVU163
 443 0020 14F0400F 		tst	r4, #64
 444 0024 04D0     		beq	.L28
 445              		.loc 1 174 5 is_stmt 1 view .LVU164
 446              		.loc 1 174 10 is_stmt 0 view .LVU165
 447 0026 1148     		ldr	r0, .L33+4
 448 0028 4368     		ldr	r3, [r0, #4]
 449              		.loc 1 174 30 view .LVU166
 450 002a 5B6B     		ldr	r3, [r3, #52]
 451              		.loc 1 174 5 view .LVU167
 452 002c 0621     		movs	r1, #6
 453 002e 9847     		blx	r3
 454              	.LVL28:
 455              	.L28:
 456              		.loc 1 175 3 is_stmt 1 view .LVU168
ARM GAS  /tmp/ccER9TBa.s 			page 9


 457              		.loc 1 175 6 is_stmt 0 view .LVU169
 458 0030 14F0800F 		tst	r4, #128
 459 0034 04D0     		beq	.L29
 460              		.loc 1 176 5 is_stmt 1 view .LVU170
 461              		.loc 1 176 10 is_stmt 0 view .LVU171
 462 0036 0D48     		ldr	r0, .L33+4
 463 0038 4368     		ldr	r3, [r0, #4]
 464              		.loc 1 176 30 view .LVU172
 465 003a DB6B     		ldr	r3, [r3, #60]
 466              		.loc 1 176 5 view .LVU173
 467 003c 0721     		movs	r1, #7
 468 003e 9847     		blx	r3
 469              	.LVL29:
 470              	.L29:
 471              		.loc 1 177 3 is_stmt 1 view .LVU174
 472              		.loc 1 177 6 is_stmt 0 view .LVU175
 473 0040 14F4807F 		tst	r4, #256
 474 0044 04D0     		beq	.L30
 475              		.loc 1 178 5 is_stmt 1 view .LVU176
 476              		.loc 1 178 10 is_stmt 0 view .LVU177
 477 0046 0948     		ldr	r0, .L33+4
 478 0048 4368     		ldr	r3, [r0, #4]
 479              		.loc 1 178 30 view .LVU178
 480 004a 5B6C     		ldr	r3, [r3, #68]
 481              		.loc 1 178 5 view .LVU179
 482 004c 0821     		movs	r1, #8
 483 004e 9847     		blx	r3
 484              	.LVL30:
 485              	.L30:
 486              		.loc 1 179 3 is_stmt 1 view .LVU180
 487              		.loc 1 179 6 is_stmt 0 view .LVU181
 488 0050 14F4007F 		tst	r4, #512
 489 0054 04D0     		beq	.L31
 490              		.loc 1 180 5 is_stmt 1 view .LVU182
 491              		.loc 1 180 10 is_stmt 0 view .LVU183
 492 0056 0548     		ldr	r0, .L33+4
 493 0058 4368     		ldr	r3, [r0, #4]
 494              		.loc 1 180 30 view .LVU184
 495 005a DB6C     		ldr	r3, [r3, #76]
 496              		.loc 1 180 5 view .LVU185
 497 005c 0921     		movs	r1, #9
 498 005e 9847     		blx	r3
 499              	.LVL31:
 500              	.L31:
 501              		.loc 1 182 3 is_stmt 1 view .LVU186
 502              		.loc 1 182 3 view .LVU187
 503              		.loc 1 182 3 view .LVU188
 504              		.loc 1 182 3 view .LVU189
 505              		.loc 1 182 3 view .LVU190
 506 0060 FFF7FEFF 		bl	_port_irq_epilogue
 507              	.LVL32:
 508              		.loc 1 183 1 is_stmt 0 view .LVU191
 509 0064 10BD     		pop	{r4, pc}
 510              	.LVL33:
 511              	.L34:
 512              		.loc 1 183 1 view .LVU192
 513 0066 00BF     		.align	2
ARM GAS  /tmp/ccER9TBa.s 			page 10


 514              	.L33:
 515 0068 00040140 		.word	1073808384
 516 006c 00000000 		.word	EXTD1
 517              		.cfi_endproc
 518              	.LFE238:
 519              		.size	Vector9C, .-Vector9C
 520              		.section	.text.VectorE0,"ax",%progbits
 521              		.align	1
 522              		.p2align 4,,15
 523              		.global	VectorE0
 524              		.syntax unified
 525              		.thumb
 526              		.thumb_func
 527              		.type	VectorE0, %function
 528              	VectorE0:
 529              	.LFB239:
 530              		.loc 1 192 28 is_stmt 1 view -0
 531              		.cfi_startproc
 532              		@ args = 0, pretend = 0, frame = 0
 533              		@ frame_needed = 0, uses_anonymous_args = 0
 534 0000 10B5     		push	{r4, lr}
 535              		.cfi_def_cfa_offset 8
 536              		.cfi_offset 4, -8
 537              		.cfi_offset 14, -4
 538              		.loc 1 193 3 view .LVU194
 539              		.loc 1 195 3 view .LVU195
 540              		.loc 1 195 3 view .LVU196
 541              		.loc 1 195 3 view .LVU197
 542              		.loc 1 195 3 view .LVU198
 543              		.loc 1 195 3 view .LVU199
 544              		.loc 1 195 22 view .LVU200
 545              		.loc 1 197 3 view .LVU201
 546              		.loc 1 197 6 is_stmt 0 view .LVU202
 547 0002 1D4B     		ldr	r3, .L43
 548 0004 5C69     		ldr	r4, [r3, #20]
 549              	.LVL34:
 550              		.loc 1 198 3 is_stmt 1 view .LVU203
 551              		.loc 1 198 13 is_stmt 0 view .LVU204
 552 0006 1A68     		ldr	r2, [r3]
 553              		.loc 1 198 19 view .LVU205
 554 0008 02F47C42 		and	r2, r2, #64512
 555              		.loc 1 198 6 view .LVU206
 556 000c 1440     		ands	r4, r4, r2
 557              	.LVL35:
 558              		.loc 1 200 3 is_stmt 1 view .LVU207
 559              		.loc 1 200 12 is_stmt 0 view .LVU208
 560 000e 5C61     		str	r4, [r3, #20]
 561              		.loc 1 201 3 is_stmt 1 view .LVU209
 562              		.loc 1 201 6 is_stmt 0 view .LVU210
 563 0010 14F4806F 		tst	r4, #1024
 564 0014 04D0     		beq	.L36
 565              		.loc 1 202 5 is_stmt 1 view .LVU211
 566              		.loc 1 202 10 is_stmt 0 view .LVU212
 567 0016 1948     		ldr	r0, .L43+4
 568 0018 4368     		ldr	r3, [r0, #4]
 569              		.loc 1 202 31 view .LVU213
 570 001a 5B6D     		ldr	r3, [r3, #84]
ARM GAS  /tmp/ccER9TBa.s 			page 11


 571              		.loc 1 202 5 view .LVU214
 572 001c 0A21     		movs	r1, #10
 573 001e 9847     		blx	r3
 574              	.LVL36:
 575              	.L36:
 576              		.loc 1 203 3 is_stmt 1 view .LVU215
 577              		.loc 1 203 6 is_stmt 0 view .LVU216
 578 0020 14F4006F 		tst	r4, #2048
 579 0024 04D0     		beq	.L37
 580              		.loc 1 204 5 is_stmt 1 view .LVU217
 581              		.loc 1 204 10 is_stmt 0 view .LVU218
 582 0026 1548     		ldr	r0, .L43+4
 583 0028 4368     		ldr	r3, [r0, #4]
 584              		.loc 1 204 31 view .LVU219
 585 002a DB6D     		ldr	r3, [r3, #92]
 586              		.loc 1 204 5 view .LVU220
 587 002c 0B21     		movs	r1, #11
 588 002e 9847     		blx	r3
 589              	.LVL37:
 590              	.L37:
 591              		.loc 1 205 3 is_stmt 1 view .LVU221
 592              		.loc 1 205 6 is_stmt 0 view .LVU222
 593 0030 14F4805F 		tst	r4, #4096
 594 0034 04D0     		beq	.L38
 595              		.loc 1 206 5 is_stmt 1 view .LVU223
 596              		.loc 1 206 10 is_stmt 0 view .LVU224
 597 0036 1148     		ldr	r0, .L43+4
 598 0038 4368     		ldr	r3, [r0, #4]
 599              		.loc 1 206 31 view .LVU225
 600 003a 5B6E     		ldr	r3, [r3, #100]
 601              		.loc 1 206 5 view .LVU226
 602 003c 0C21     		movs	r1, #12
 603 003e 9847     		blx	r3
 604              	.LVL38:
 605              	.L38:
 606              		.loc 1 207 3 is_stmt 1 view .LVU227
 607              		.loc 1 207 6 is_stmt 0 view .LVU228
 608 0040 14F4005F 		tst	r4, #8192
 609 0044 04D0     		beq	.L39
 610              		.loc 1 208 5 is_stmt 1 view .LVU229
 611              		.loc 1 208 10 is_stmt 0 view .LVU230
 612 0046 0D48     		ldr	r0, .L43+4
 613 0048 4368     		ldr	r3, [r0, #4]
 614              		.loc 1 208 31 view .LVU231
 615 004a DB6E     		ldr	r3, [r3, #108]
 616              		.loc 1 208 5 view .LVU232
 617 004c 0D21     		movs	r1, #13
 618 004e 9847     		blx	r3
 619              	.LVL39:
 620              	.L39:
 621              		.loc 1 209 3 is_stmt 1 view .LVU233
 622              		.loc 1 209 6 is_stmt 0 view .LVU234
 623 0050 14F4804F 		tst	r4, #16384
 624 0054 04D0     		beq	.L40
 625              		.loc 1 210 5 is_stmt 1 view .LVU235
 626              		.loc 1 210 10 is_stmt 0 view .LVU236
 627 0056 0948     		ldr	r0, .L43+4
ARM GAS  /tmp/ccER9TBa.s 			page 12


 628 0058 4368     		ldr	r3, [r0, #4]
 629              		.loc 1 210 31 view .LVU237
 630 005a 5B6F     		ldr	r3, [r3, #116]
 631              		.loc 1 210 5 view .LVU238
 632 005c 0E21     		movs	r1, #14
 633 005e 9847     		blx	r3
 634              	.LVL40:
 635              	.L40:
 636              		.loc 1 211 3 is_stmt 1 view .LVU239
 637              		.loc 1 211 6 is_stmt 0 view .LVU240
 638 0060 14F4004F 		tst	r4, #32768
 639 0064 04D0     		beq	.L41
 640              		.loc 1 212 5 is_stmt 1 view .LVU241
 641              		.loc 1 212 10 is_stmt 0 view .LVU242
 642 0066 0548     		ldr	r0, .L43+4
 643 0068 4368     		ldr	r3, [r0, #4]
 644              		.loc 1 212 31 view .LVU243
 645 006a DB6F     		ldr	r3, [r3, #124]
 646              		.loc 1 212 5 view .LVU244
 647 006c 0F21     		movs	r1, #15
 648 006e 9847     		blx	r3
 649              	.LVL41:
 650              	.L41:
 651              		.loc 1 214 3 is_stmt 1 view .LVU245
 652              		.loc 1 214 3 view .LVU246
 653              		.loc 1 214 3 view .LVU247
 654              		.loc 1 214 3 view .LVU248
 655              		.loc 1 214 3 view .LVU249
 656 0070 FFF7FEFF 		bl	_port_irq_epilogue
 657              	.LVL42:
 658              		.loc 1 215 1 is_stmt 0 view .LVU250
 659 0074 10BD     		pop	{r4, pc}
 660              	.LVL43:
 661              	.L44:
 662              		.loc 1 215 1 view .LVU251
 663 0076 00BF     		.align	2
 664              	.L43:
 665 0078 00040140 		.word	1073808384
 666 007c 00000000 		.word	EXTD1
 667              		.cfi_endproc
 668              	.LFE239:
 669              		.size	VectorE0, .-VectorE0
 670              		.section	.text.Vector44,"ax",%progbits
 671              		.align	1
 672              		.p2align 4,,15
 673              		.global	Vector44
 674              		.syntax unified
 675              		.thumb
 676              		.thumb_func
 677              		.type	Vector44, %function
 678              	Vector44:
 679              	.LFB240:
 680              		.loc 1 224 28 is_stmt 1 view -0
 681              		.cfi_startproc
 682              		@ args = 0, pretend = 0, frame = 0
 683              		@ frame_needed = 0, uses_anonymous_args = 0
 684 0000 08B5     		push	{r3, lr}
ARM GAS  /tmp/ccER9TBa.s 			page 13


 685              		.cfi_def_cfa_offset 8
 686              		.cfi_offset 3, -8
 687              		.cfi_offset 14, -4
 688              		.loc 1 225 3 view .LVU253
 689              		.loc 1 227 3 view .LVU254
 690              		.loc 1 227 3 view .LVU255
 691              		.loc 1 227 3 view .LVU256
 692              		.loc 1 227 3 view .LVU257
 693              		.loc 1 227 3 view .LVU258
 694              		.loc 1 227 22 view .LVU259
 695              		.loc 1 229 3 view .LVU260
 696              		.loc 1 229 6 is_stmt 0 view .LVU261
 697 0002 084A     		ldr	r2, .L48
 698 0004 5369     		ldr	r3, [r2, #20]
 699              	.LVL44:
 700              		.loc 1 230 3 is_stmt 1 view .LVU262
 701              		.loc 1 230 13 is_stmt 0 view .LVU263
 702 0006 1168     		ldr	r1, [r2]
 703              		.loc 1 230 19 view .LVU264
 704 0008 01F48031 		and	r1, r1, #65536
 705              		.loc 1 230 6 view .LVU265
 706 000c 0B40     		ands	r3, r3, r1
 707              	.LVL45:
 708              		.loc 1 231 3 is_stmt 1 view .LVU266
 709              		.loc 1 231 12 is_stmt 0 view .LVU267
 710 000e 5361     		str	r3, [r2, #20]
 711              		.loc 1 232 3 is_stmt 1 view .LVU268
 712              		.loc 1 232 6 is_stmt 0 view .LVU269
 713 0010 2BB1     		cbz	r3, .L46
 714              		.loc 1 233 5 is_stmt 1 view .LVU270
 715              		.loc 1 233 10 is_stmt 0 view .LVU271
 716 0012 0548     		ldr	r0, .L48+4
 717 0014 4368     		ldr	r3, [r0, #4]
 718              	.LVL46:
 719              		.loc 1 233 31 view .LVU272
 720 0016 D3F88430 		ldr	r3, [r3, #132]
 721              		.loc 1 233 5 view .LVU273
 722 001a 1021     		movs	r1, #16
 723 001c 9847     		blx	r3
 724              	.LVL47:
 725              	.L46:
 726              		.loc 1 235 3 is_stmt 1 view .LVU274
 727              		.loc 1 235 3 view .LVU275
 728              		.loc 1 235 3 view .LVU276
 729              		.loc 1 235 3 view .LVU277
 730              		.loc 1 235 3 view .LVU278
 731 001e FFF7FEFF 		bl	_port_irq_epilogue
 732              	.LVL48:
 733              		.loc 1 236 1 is_stmt 0 view .LVU279
 734 0022 08BD     		pop	{r3, pc}
 735              	.L49:
 736              		.align	2
 737              	.L48:
 738 0024 00040140 		.word	1073808384
 739 0028 00000000 		.word	EXTD1
 740              		.cfi_endproc
 741              	.LFE240:
ARM GAS  /tmp/ccER9TBa.s 			page 14


 742              		.size	Vector44, .-Vector44
 743              		.section	.text.VectorE4,"ax",%progbits
 744              		.align	1
 745              		.p2align 4,,15
 746              		.global	VectorE4
 747              		.syntax unified
 748              		.thumb
 749              		.thumb_func
 750              		.type	VectorE4, %function
 751              	VectorE4:
 752              	.LFB241:
 753              		.loc 1 245 28 is_stmt 1 view -0
 754              		.cfi_startproc
 755              		@ args = 0, pretend = 0, frame = 0
 756              		@ frame_needed = 0, uses_anonymous_args = 0
 757 0000 08B5     		push	{r3, lr}
 758              		.cfi_def_cfa_offset 8
 759              		.cfi_offset 3, -8
 760              		.cfi_offset 14, -4
 761              		.loc 1 246 3 view .LVU281
 762              		.loc 1 248 3 view .LVU282
 763              		.loc 1 248 3 view .LVU283
 764              		.loc 1 248 3 view .LVU284
 765              		.loc 1 248 3 view .LVU285
 766              		.loc 1 248 3 view .LVU286
 767              		.loc 1 248 22 view .LVU287
 768              		.loc 1 250 3 view .LVU288
 769              		.loc 1 250 6 is_stmt 0 view .LVU289
 770 0002 084A     		ldr	r2, .L53
 771 0004 5369     		ldr	r3, [r2, #20]
 772              	.LVL49:
 773              		.loc 1 251 3 is_stmt 1 view .LVU290
 774              		.loc 1 251 13 is_stmt 0 view .LVU291
 775 0006 1168     		ldr	r1, [r2]
 776              		.loc 1 251 19 view .LVU292
 777 0008 01F40031 		and	r1, r1, #131072
 778              		.loc 1 251 6 view .LVU293
 779 000c 0B40     		ands	r3, r3, r1
 780              	.LVL50:
 781              		.loc 1 252 3 is_stmt 1 view .LVU294
 782              		.loc 1 252 12 is_stmt 0 view .LVU295
 783 000e 5361     		str	r3, [r2, #20]
 784              		.loc 1 253 3 is_stmt 1 view .LVU296
 785              		.loc 1 253 6 is_stmt 0 view .LVU297
 786 0010 2BB1     		cbz	r3, .L51
 787              		.loc 1 254 5 is_stmt 1 view .LVU298
 788              		.loc 1 254 10 is_stmt 0 view .LVU299
 789 0012 0548     		ldr	r0, .L53+4
 790 0014 4368     		ldr	r3, [r0, #4]
 791              	.LVL51:
 792              		.loc 1 254 31 view .LVU300
 793 0016 D3F88C30 		ldr	r3, [r3, #140]
 794              		.loc 1 254 5 view .LVU301
 795 001a 1121     		movs	r1, #17
 796 001c 9847     		blx	r3
 797              	.LVL52:
 798              	.L51:
ARM GAS  /tmp/ccER9TBa.s 			page 15


 799              		.loc 1 256 3 is_stmt 1 view .LVU302
 800              		.loc 1 256 3 view .LVU303
 801              		.loc 1 256 3 view .LVU304
 802              		.loc 1 256 3 view .LVU305
 803              		.loc 1 256 3 view .LVU306
 804 001e FFF7FEFF 		bl	_port_irq_epilogue
 805              	.LVL53:
 806              		.loc 1 257 1 is_stmt 0 view .LVU307
 807 0022 08BD     		pop	{r3, pc}
 808              	.L54:
 809              		.align	2
 810              	.L53:
 811 0024 00040140 		.word	1073808384
 812 0028 00000000 		.word	EXTD1
 813              		.cfi_endproc
 814              	.LFE241:
 815              		.size	VectorE4, .-VectorE4
 816              		.section	.text.VectorE8,"ax",%progbits
 817              		.align	1
 818              		.p2align 4,,15
 819              		.global	VectorE8
 820              		.syntax unified
 821              		.thumb
 822              		.thumb_func
 823              		.type	VectorE8, %function
 824              	VectorE8:
 825              	.LFB242:
 826              		.loc 1 266 28 is_stmt 1 view -0
 827              		.cfi_startproc
 828              		@ args = 0, pretend = 0, frame = 0
 829              		@ frame_needed = 0, uses_anonymous_args = 0
 830 0000 08B5     		push	{r3, lr}
 831              		.cfi_def_cfa_offset 8
 832              		.cfi_offset 3, -8
 833              		.cfi_offset 14, -4
 834              		.loc 1 267 3 view .LVU309
 835              		.loc 1 269 3 view .LVU310
 836              		.loc 1 269 3 view .LVU311
 837              		.loc 1 269 3 view .LVU312
 838              		.loc 1 269 3 view .LVU313
 839              		.loc 1 269 3 view .LVU314
 840              		.loc 1 269 22 view .LVU315
 841              		.loc 1 271 3 view .LVU316
 842              		.loc 1 271 6 is_stmt 0 view .LVU317
 843 0002 084A     		ldr	r2, .L58
 844 0004 5369     		ldr	r3, [r2, #20]
 845              	.LVL54:
 846              		.loc 1 272 3 is_stmt 1 view .LVU318
 847              		.loc 1 272 13 is_stmt 0 view .LVU319
 848 0006 1168     		ldr	r1, [r2]
 849              		.loc 1 272 19 view .LVU320
 850 0008 01F48021 		and	r1, r1, #262144
 851              		.loc 1 272 6 view .LVU321
 852 000c 0B40     		ands	r3, r3, r1
 853              	.LVL55:
 854              		.loc 1 273 3 is_stmt 1 view .LVU322
 855              		.loc 1 273 12 is_stmt 0 view .LVU323
ARM GAS  /tmp/ccER9TBa.s 			page 16


 856 000e 5361     		str	r3, [r2, #20]
 857              		.loc 1 274 3 is_stmt 1 view .LVU324
 858              		.loc 1 274 6 is_stmt 0 view .LVU325
 859 0010 2BB1     		cbz	r3, .L56
 860              		.loc 1 275 5 is_stmt 1 view .LVU326
 861              		.loc 1 275 10 is_stmt 0 view .LVU327
 862 0012 0548     		ldr	r0, .L58+4
 863 0014 4368     		ldr	r3, [r0, #4]
 864              	.LVL56:
 865              		.loc 1 275 31 view .LVU328
 866 0016 D3F89430 		ldr	r3, [r3, #148]
 867              		.loc 1 275 5 view .LVU329
 868 001a 1221     		movs	r1, #18
 869 001c 9847     		blx	r3
 870              	.LVL57:
 871              	.L56:
 872              		.loc 1 277 3 is_stmt 1 view .LVU330
 873              		.loc 1 277 3 view .LVU331
 874              		.loc 1 277 3 view .LVU332
 875              		.loc 1 277 3 view .LVU333
 876              		.loc 1 277 3 view .LVU334
 877 001e FFF7FEFF 		bl	_port_irq_epilogue
 878              	.LVL58:
 879              		.loc 1 278 1 is_stmt 0 view .LVU335
 880 0022 08BD     		pop	{r3, pc}
 881              	.L59:
 882              		.align	2
 883              	.L58:
 884 0024 00040140 		.word	1073808384
 885 0028 00000000 		.word	EXTD1
 886              		.cfi_endproc
 887              	.LFE242:
 888              		.size	VectorE8, .-VectorE8
 889              		.section	.text.Vector48,"ax",%progbits
 890              		.align	1
 891              		.p2align 4,,15
 892              		.global	Vector48
 893              		.syntax unified
 894              		.thumb
 895              		.thumb_func
 896              		.type	Vector48, %function
 897              	Vector48:
 898              	.LFB243:
 899              		.loc 1 287 28 is_stmt 1 view -0
 900              		.cfi_startproc
 901              		@ args = 0, pretend = 0, frame = 0
 902              		@ frame_needed = 0, uses_anonymous_args = 0
 903 0000 08B5     		push	{r3, lr}
 904              		.cfi_def_cfa_offset 8
 905              		.cfi_offset 3, -8
 906              		.cfi_offset 14, -4
 907              		.loc 1 288 3 view .LVU337
 908              		.loc 1 290 3 view .LVU338
 909              		.loc 1 290 3 view .LVU339
 910              		.loc 1 290 3 view .LVU340
 911              		.loc 1 290 3 view .LVU341
 912              		.loc 1 290 3 view .LVU342
ARM GAS  /tmp/ccER9TBa.s 			page 17


 913              		.loc 1 290 22 view .LVU343
 914              		.loc 1 292 3 view .LVU344
 915              		.loc 1 292 6 is_stmt 0 view .LVU345
 916 0002 084A     		ldr	r2, .L63
 917 0004 5369     		ldr	r3, [r2, #20]
 918              	.LVL59:
 919              		.loc 1 293 3 is_stmt 1 view .LVU346
 920              		.loc 1 293 13 is_stmt 0 view .LVU347
 921 0006 1168     		ldr	r1, [r2]
 922              		.loc 1 293 19 view .LVU348
 923 0008 01F40021 		and	r1, r1, #524288
 924              		.loc 1 293 6 view .LVU349
 925 000c 0B40     		ands	r3, r3, r1
 926              	.LVL60:
 927              		.loc 1 294 3 is_stmt 1 view .LVU350
 928              		.loc 1 294 12 is_stmt 0 view .LVU351
 929 000e 5361     		str	r3, [r2, #20]
 930              		.loc 1 295 3 is_stmt 1 view .LVU352
 931              		.loc 1 295 6 is_stmt 0 view .LVU353
 932 0010 2BB1     		cbz	r3, .L61
 933              		.loc 1 296 5 is_stmt 1 view .LVU354
 934              		.loc 1 296 10 is_stmt 0 view .LVU355
 935 0012 0548     		ldr	r0, .L63+4
 936 0014 4368     		ldr	r3, [r0, #4]
 937              	.LVL61:
 938              		.loc 1 296 31 view .LVU356
 939 0016 D3F89C30 		ldr	r3, [r3, #156]
 940              		.loc 1 296 5 view .LVU357
 941 001a 1321     		movs	r1, #19
 942 001c 9847     		blx	r3
 943              	.LVL62:
 944              	.L61:
 945              		.loc 1 298 3 is_stmt 1 view .LVU358
 946              		.loc 1 298 3 view .LVU359
 947              		.loc 1 298 3 view .LVU360
 948              		.loc 1 298 3 view .LVU361
 949              		.loc 1 298 3 view .LVU362
 950 001e FFF7FEFF 		bl	_port_irq_epilogue
 951              	.LVL63:
 952              		.loc 1 299 1 is_stmt 0 view .LVU363
 953 0022 08BD     		pop	{r3, pc}
 954              	.L64:
 955              		.align	2
 956              	.L63:
 957 0024 00040140 		.word	1073808384
 958 0028 00000000 		.word	EXTD1
 959              		.cfi_endproc
 960              	.LFE243:
 961              		.size	Vector48, .-Vector48
 962              		.section	.text.Vector4C,"ax",%progbits
 963              		.align	1
 964              		.p2align 4,,15
 965              		.global	Vector4C
 966              		.syntax unified
 967              		.thumb
 968              		.thumb_func
 969              		.type	Vector4C, %function
ARM GAS  /tmp/ccER9TBa.s 			page 18


 970              	Vector4C:
 971              	.LFB244:
 972              		.loc 1 308 28 is_stmt 1 view -0
 973              		.cfi_startproc
 974              		@ args = 0, pretend = 0, frame = 0
 975              		@ frame_needed = 0, uses_anonymous_args = 0
 976 0000 08B5     		push	{r3, lr}
 977              		.cfi_def_cfa_offset 8
 978              		.cfi_offset 3, -8
 979              		.cfi_offset 14, -4
 980              		.loc 1 309 3 view .LVU365
 981              		.loc 1 311 3 view .LVU366
 982              		.loc 1 311 3 view .LVU367
 983              		.loc 1 311 3 view .LVU368
 984              		.loc 1 311 3 view .LVU369
 985              		.loc 1 311 3 view .LVU370
 986              		.loc 1 311 22 view .LVU371
 987              		.loc 1 313 3 view .LVU372
 988              		.loc 1 313 6 is_stmt 0 view .LVU373
 989 0002 084A     		ldr	r2, .L68
 990 0004 5369     		ldr	r3, [r2, #20]
 991              	.LVL64:
 992              		.loc 1 314 3 is_stmt 1 view .LVU374
 993              		.loc 1 314 13 is_stmt 0 view .LVU375
 994 0006 1168     		ldr	r1, [r2]
 995              		.loc 1 314 19 view .LVU376
 996 0008 01F48011 		and	r1, r1, #1048576
 997              		.loc 1 314 6 view .LVU377
 998 000c 0B40     		ands	r3, r3, r1
 999              	.LVL65:
 1000              		.loc 1 315 3 is_stmt 1 view .LVU378
 1001              		.loc 1 315 12 is_stmt 0 view .LVU379
 1002 000e 5361     		str	r3, [r2, #20]
 1003              		.loc 1 316 3 is_stmt 1 view .LVU380
 1004              		.loc 1 316 6 is_stmt 0 view .LVU381
 1005 0010 2BB1     		cbz	r3, .L66
 1006              		.loc 1 317 5 is_stmt 1 view .LVU382
 1007              		.loc 1 317 10 is_stmt 0 view .LVU383
 1008 0012 0548     		ldr	r0, .L68+4
 1009 0014 4368     		ldr	r3, [r0, #4]
 1010              	.LVL66:
 1011              		.loc 1 317 31 view .LVU384
 1012 0016 D3F8A430 		ldr	r3, [r3, #164]
 1013              		.loc 1 317 5 view .LVU385
 1014 001a 1421     		movs	r1, #20
 1015 001c 9847     		blx	r3
 1016              	.LVL67:
 1017              	.L66:
 1018              		.loc 1 319 3 is_stmt 1 view .LVU386
 1019              		.loc 1 319 3 view .LVU387
 1020              		.loc 1 319 3 view .LVU388
 1021              		.loc 1 319 3 view .LVU389
 1022              		.loc 1 319 3 view .LVU390
 1023 001e FFF7FEFF 		bl	_port_irq_epilogue
 1024              	.LVL68:
 1025              		.loc 1 320 1 is_stmt 0 view .LVU391
 1026 0022 08BD     		pop	{r3, pc}
ARM GAS  /tmp/ccER9TBa.s 			page 19


 1027              	.L69:
 1028              		.align	2
 1029              	.L68:
 1030 0024 00040140 		.word	1073808384
 1031 0028 00000000 		.word	EXTD1
 1032              		.cfi_endproc
 1033              	.LFE244:
 1034              		.size	Vector4C, .-Vector4C
 1035              		.section	.text.Vector140,"ax",%progbits
 1036              		.align	1
 1037              		.p2align 4,,15
 1038              		.global	Vector140
 1039              		.syntax unified
 1040              		.thumb
 1041              		.thumb_func
 1042              		.type	Vector140, %function
 1043              	Vector140:
 1044              	.LFB245:
 1045              		.loc 1 329 29 is_stmt 1 view -0
 1046              		.cfi_startproc
 1047              		@ args = 0, pretend = 0, frame = 0
 1048              		@ frame_needed = 0, uses_anonymous_args = 0
 1049 0000 10B5     		push	{r4, lr}
 1050              		.cfi_def_cfa_offset 8
 1051              		.cfi_offset 4, -8
 1052              		.cfi_offset 14, -4
 1053              		.loc 1 330 3 view .LVU393
 1054              		.loc 1 332 3 view .LVU394
 1055              		.loc 1 332 3 view .LVU395
 1056              		.loc 1 332 3 view .LVU396
 1057              		.loc 1 332 3 view .LVU397
 1058              		.loc 1 332 3 view .LVU398
 1059              		.loc 1 332 22 view .LVU399
 1060              		.loc 1 334 3 view .LVU400
 1061              		.loc 1 334 6 is_stmt 0 view .LVU401
 1062 0002 144B     		ldr	r3, .L75
 1063 0004 5C69     		ldr	r4, [r3, #20]
 1064              	.LVL69:
 1065              		.loc 1 335 3 is_stmt 1 view .LVU402
 1066              		.loc 1 335 13 is_stmt 0 view .LVU403
 1067 0006 1A68     		ldr	r2, [r3]
 1068              		.loc 1 335 19 view .LVU404
 1069 0008 22F05F42 		bic	r2, r2, #-553648128
 1070 000c 22F40002 		bic	r2, r2, #8388608
 1071 0010 520D     		lsrs	r2, r2, #21
 1072 0012 5205     		lsls	r2, r2, #21
 1073              		.loc 1 335 6 view .LVU405
 1074 0014 1440     		ands	r4, r4, r2
 1075              	.LVL70:
 1076              		.loc 1 336 3 is_stmt 1 view .LVU406
 1077              		.loc 1 336 12 is_stmt 0 view .LVU407
 1078 0016 5C61     		str	r4, [r3, #20]
 1079              		.loc 1 337 3 is_stmt 1 view .LVU408
 1080              		.loc 1 337 6 is_stmt 0 view .LVU409
 1081 0018 14F4001F 		tst	r4, #2097152
 1082 001c 05D0     		beq	.L71
 1083              		.loc 1 338 5 is_stmt 1 view .LVU410
ARM GAS  /tmp/ccER9TBa.s 			page 20


 1084              		.loc 1 338 10 is_stmt 0 view .LVU411
 1085 001e 0E48     		ldr	r0, .L75+4
 1086 0020 4368     		ldr	r3, [r0, #4]
 1087              		.loc 1 338 31 view .LVU412
 1088 0022 D3F8AC30 		ldr	r3, [r3, #172]
 1089              		.loc 1 338 5 view .LVU413
 1090 0026 1521     		movs	r1, #21
 1091 0028 9847     		blx	r3
 1092              	.LVL71:
 1093              	.L71:
 1094              		.loc 1 339 3 is_stmt 1 view .LVU414
 1095              		.loc 1 339 6 is_stmt 0 view .LVU415
 1096 002a 14F4800F 		tst	r4, #4194304
 1097 002e 05D0     		beq	.L72
 1098              		.loc 1 340 5 is_stmt 1 view .LVU416
 1099              		.loc 1 340 10 is_stmt 0 view .LVU417
 1100 0030 0948     		ldr	r0, .L75+4
 1101 0032 4368     		ldr	r3, [r0, #4]
 1102              		.loc 1 340 31 view .LVU418
 1103 0034 D3F8B430 		ldr	r3, [r3, #180]
 1104              		.loc 1 340 5 view .LVU419
 1105 0038 1621     		movs	r1, #22
 1106 003a 9847     		blx	r3
 1107              	.LVL72:
 1108              	.L72:
 1109              		.loc 1 341 3 is_stmt 1 view .LVU420
 1110              		.loc 1 341 6 is_stmt 0 view .LVU421
 1111 003c 14F0005F 		tst	r4, #536870912
 1112 0040 05D0     		beq	.L73
 1113              		.loc 1 342 5 is_stmt 1 view .LVU422
 1114              		.loc 1 342 10 is_stmt 0 view .LVU423
 1115 0042 0548     		ldr	r0, .L75+4
 1116 0044 4368     		ldr	r3, [r0, #4]
 1117              		.loc 1 342 31 view .LVU424
 1118 0046 D3F8EC30 		ldr	r3, [r3, #236]
 1119              		.loc 1 342 5 view .LVU425
 1120 004a 1D21     		movs	r1, #29
 1121 004c 9847     		blx	r3
 1122              	.LVL73:
 1123              	.L73:
 1124              		.loc 1 344 3 is_stmt 1 view .LVU426
 1125              		.loc 1 344 3 view .LVU427
 1126              		.loc 1 344 3 view .LVU428
 1127              		.loc 1 344 3 view .LVU429
 1128              		.loc 1 344 3 view .LVU430
 1129 004e FFF7FEFF 		bl	_port_irq_epilogue
 1130              	.LVL74:
 1131              		.loc 1 345 1 is_stmt 0 view .LVU431
 1132 0052 10BD     		pop	{r4, pc}
 1133              	.LVL75:
 1134              	.L76:
 1135              		.loc 1 345 1 view .LVU432
 1136              		.align	2
 1137              	.L75:
 1138 0054 00040140 		.word	1073808384
 1139 0058 00000000 		.word	EXTD1
 1140              		.cfi_endproc
ARM GAS  /tmp/ccER9TBa.s 			page 21


 1141              	.LFE245:
 1142              		.size	Vector140, .-Vector140
 1143              		.section	.text.Vector144,"ax",%progbits
 1144              		.align	1
 1145              		.p2align 4,,15
 1146              		.global	Vector144
 1147              		.syntax unified
 1148              		.thumb
 1149              		.thumb_func
 1150              		.type	Vector144, %function
 1151              	Vector144:
 1152              	.LFB246:
 1153              		.loc 1 354 29 is_stmt 1 view -0
 1154              		.cfi_startproc
 1155              		@ args = 0, pretend = 0, frame = 0
 1156              		@ frame_needed = 0, uses_anonymous_args = 0
 1157 0000 10B5     		push	{r4, lr}
 1158              		.cfi_def_cfa_offset 8
 1159              		.cfi_offset 4, -8
 1160              		.cfi_offset 14, -4
 1161              		.loc 1 355 3 view .LVU434
 1162              		.loc 1 357 3 view .LVU435
 1163              		.loc 1 357 3 view .LVU436
 1164              		.loc 1 357 3 view .LVU437
 1165              		.loc 1 357 3 view .LVU438
 1166              		.loc 1 357 3 view .LVU439
 1167              		.loc 1 357 22 view .LVU440
 1168              		.loc 1 359 3 view .LVU441
 1169              		.loc 1 359 6 is_stmt 0 view .LVU442
 1170 0002 154B     		ldr	r3, .L83
 1171 0004 5C69     		ldr	r4, [r3, #20]
 1172              	.LVL76:
 1173              		.loc 1 360 3 is_stmt 1 view .LVU443
 1174              		.loc 1 360 13 is_stmt 0 view .LVU444
 1175 0006 1A68     		ldr	r2, [r3]
 1176              		.loc 1 360 19 view .LVU445
 1177 0008 02F04042 		and	r2, r2, #-1073741824
 1178              		.loc 1 360 6 view .LVU446
 1179 000c 1440     		ands	r4, r4, r2
 1180              	.LVL77:
 1181              		.loc 1 361 3 is_stmt 1 view .LVU447
 1182              		.loc 1 361 12 is_stmt 0 view .LVU448
 1183 000e 5C61     		str	r4, [r3, #20]
 1184              		.loc 1 362 3 is_stmt 1 view .LVU449
 1185              		.loc 1 362 6 is_stmt 0 view .LVU450
 1186 0010 14F0804F 		tst	r4, #1073741824
 1187 0014 05D0     		beq	.L78
 1188              		.loc 1 363 5 is_stmt 1 view .LVU451
 1189              		.loc 1 363 10 is_stmt 0 view .LVU452
 1190 0016 1148     		ldr	r0, .L83+4
 1191 0018 4368     		ldr	r3, [r0, #4]
 1192              		.loc 1 363 31 view .LVU453
 1193 001a D3F8F430 		ldr	r3, [r3, #244]
 1194              		.loc 1 363 5 view .LVU454
 1195 001e 1E21     		movs	r1, #30
 1196 0020 9847     		blx	r3
 1197              	.LVL78:
ARM GAS  /tmp/ccER9TBa.s 			page 22


 1198              	.L78:
 1199              		.loc 1 364 3 is_stmt 1 view .LVU455
 1200              		.loc 1 364 6 is_stmt 0 view .LVU456
 1201 0022 002C     		cmp	r4, #0
 1202 0024 10DB     		blt	.L82
 1203              	.L79:
 1204              		.loc 1 367 3 is_stmt 1 view .LVU457
 1205              		.loc 1 367 12 is_stmt 0 view .LVU458
 1206 0026 0C4A     		ldr	r2, .L83
 1207 0028 536B     		ldr	r3, [r2, #52]
 1208              		.loc 1 367 24 view .LVU459
 1209 002a 116A     		ldr	r1, [r2, #32]
 1210              		.loc 1 367 18 view .LVU460
 1211 002c 0B40     		ands	r3, r3, r1
 1212              		.loc 1 367 6 view .LVU461
 1213 002e 03F00103 		and	r3, r3, #1
 1214              	.LVL79:
 1215              		.loc 1 368 3 is_stmt 1 view .LVU462
 1216              		.loc 1 368 13 is_stmt 0 view .LVU463
 1217 0032 5363     		str	r3, [r2, #52]
 1218              		.loc 1 369 3 is_stmt 1 view .LVU464
 1219              		.loc 1 369 6 is_stmt 0 view .LVU465
 1220 0034 2BB1     		cbz	r3, .L80
 1221              		.loc 1 370 5 is_stmt 1 view .LVU466
 1222              		.loc 1 370 10 is_stmt 0 view .LVU467
 1223 0036 0948     		ldr	r0, .L83+4
 1224 0038 4368     		ldr	r3, [r0, #4]
 1225              	.LVL80:
 1226              		.loc 1 370 31 view .LVU468
 1227 003a D3F80431 		ldr	r3, [r3, #260]
 1228              		.loc 1 370 5 view .LVU469
 1229 003e 2021     		movs	r1, #32
 1230 0040 9847     		blx	r3
 1231              	.LVL81:
 1232              	.L80:
 1233              		.loc 1 372 3 is_stmt 1 view .LVU470
 1234              		.loc 1 372 3 view .LVU471
 1235              		.loc 1 372 3 view .LVU472
 1236              		.loc 1 372 3 view .LVU473
 1237              		.loc 1 372 3 view .LVU474
 1238 0042 FFF7FEFF 		bl	_port_irq_epilogue
 1239              	.LVL82:
 1240              		.loc 1 373 1 is_stmt 0 view .LVU475
 1241 0046 10BD     		pop	{r4, pc}
 1242              	.LVL83:
 1243              	.L82:
 1244              		.loc 1 365 5 is_stmt 1 view .LVU476
 1245              		.loc 1 365 10 is_stmt 0 view .LVU477
 1246 0048 0448     		ldr	r0, .L83+4
 1247 004a 4368     		ldr	r3, [r0, #4]
 1248              		.loc 1 365 31 view .LVU478
 1249 004c D3F8FC30 		ldr	r3, [r3, #252]
 1250              		.loc 1 365 5 view .LVU479
 1251 0050 1F21     		movs	r1, #31
 1252 0052 9847     		blx	r3
 1253              	.LVL84:
 1254 0054 E7E7     		b	.L79
ARM GAS  /tmp/ccER9TBa.s 			page 23


 1255              	.L84:
 1256 0056 00BF     		.align	2
 1257              	.L83:
 1258 0058 00040140 		.word	1073808384
 1259 005c 00000000 		.word	EXTD1
 1260              		.cfi_endproc
 1261              	.LFE246:
 1262              		.size	Vector144, .-Vector144
 1263              		.section	.text.Vector148,"ax",%progbits
 1264              		.align	1
 1265              		.p2align 4,,15
 1266              		.global	Vector148
 1267              		.syntax unified
 1268              		.thumb
 1269              		.thumb_func
 1270              		.type	Vector148, %function
 1271              	Vector148:
 1272              	.LFB247:
 1273              		.loc 1 382 29 is_stmt 1 view -0
 1274              		.cfi_startproc
 1275              		@ args = 0, pretend = 0, frame = 0
 1276              		@ frame_needed = 0, uses_anonymous_args = 0
 1277 0000 08B5     		push	{r3, lr}
 1278              		.cfi_def_cfa_offset 8
 1279              		.cfi_offset 3, -8
 1280              		.cfi_offset 14, -4
 1281              		.loc 1 383 3 view .LVU481
 1282              		.loc 1 385 3 view .LVU482
 1283              		.loc 1 385 3 view .LVU483
 1284              		.loc 1 385 3 view .LVU484
 1285              		.loc 1 385 3 view .LVU485
 1286              		.loc 1 385 3 view .LVU486
 1287              		.loc 1 385 22 view .LVU487
 1288              		.loc 1 387 3 view .LVU488
 1289              		.loc 1 387 7 is_stmt 0 view .LVU489
 1290 0002 084A     		ldr	r2, .L88
 1291 0004 536B     		ldr	r3, [r2, #52]
 1292              		.loc 1 388 3 is_stmt 1 view .LVU490
 1293              		.loc 1 388 13 is_stmt 0 view .LVU491
 1294 0006 1368     		ldr	r3, [r2]
 1295              		.loc 1 388 7 view .LVU492
 1296 0008 03F00203 		and	r3, r3, #2
 1297              	.LVL85:
 1298              		.loc 1 389 3 is_stmt 1 view .LVU493
 1299              		.loc 1 389 13 is_stmt 0 view .LVU494
 1300 000c 5363     		str	r3, [r2, #52]
 1301              		.loc 1 390 3 is_stmt 1 view .LVU495
 1302              		.loc 1 390 6 is_stmt 0 view .LVU496
 1303 000e 2BB1     		cbz	r3, .L86
 1304              		.loc 1 391 5 is_stmt 1 view .LVU497
 1305              		.loc 1 391 10 is_stmt 0 view .LVU498
 1306 0010 0548     		ldr	r0, .L88+4
 1307 0012 4368     		ldr	r3, [r0, #4]
 1308              	.LVL86:
 1309              		.loc 1 391 31 view .LVU499
 1310 0014 D3F80C31 		ldr	r3, [r3, #268]
 1311              		.loc 1 391 5 view .LVU500
ARM GAS  /tmp/ccER9TBa.s 			page 24


 1312 0018 2121     		movs	r1, #33
 1313 001a 9847     		blx	r3
 1314              	.LVL87:
 1315              	.L86:
 1316              		.loc 1 393 3 is_stmt 1 view .LVU501
 1317              		.loc 1 393 3 view .LVU502
 1318              		.loc 1 393 3 view .LVU503
 1319              		.loc 1 393 3 view .LVU504
 1320              		.loc 1 393 3 view .LVU505
 1321 001c FFF7FEFF 		bl	_port_irq_epilogue
 1322              	.LVL88:
 1323              		.loc 1 394 1 is_stmt 0 view .LVU506
 1324 0020 08BD     		pop	{r3, pc}
 1325              	.L89:
 1326 0022 00BF     		.align	2
 1327              	.L88:
 1328 0024 00040140 		.word	1073808384
 1329 0028 00000000 		.word	EXTD1
 1330              		.cfi_endproc
 1331              	.LFE247:
 1332              		.size	Vector148, .-Vector148
 1333              		.section	.text.ext_lld_exti_irq_enable,"ax",%progbits
 1334              		.align	1
 1335              		.p2align 4,,15
 1336              		.global	ext_lld_exti_irq_enable
 1337              		.syntax unified
 1338              		.thumb
 1339              		.thumb_func
 1340              		.type	ext_lld_exti_irq_enable, %function
 1341              	ext_lld_exti_irq_enable:
 1342              	.LFB248:
 1343              		.loc 1 406 36 is_stmt 1 view -0
 1344              		.cfi_startproc
 1345              		@ args = 0, pretend = 0, frame = 0
 1346              		@ frame_needed = 0, uses_anonymous_args = 0
 1347 0000 08B5     		push	{r3, lr}
 1348              		.cfi_def_cfa_offset 8
 1349              		.cfi_offset 3, -8
 1350              		.cfi_offset 14, -4
 1351              		.loc 1 408 3 view .LVU508
 1352 0002 0621     		movs	r1, #6
 1353 0004 0846     		mov	r0, r1
 1354 0006 FFF7FEFF 		bl	nvicEnableVector
 1355              	.LVL89:
 1356              		.loc 1 409 3 view .LVU509
 1357 000a 0621     		movs	r1, #6
 1358 000c 0720     		movs	r0, #7
 1359 000e FFF7FEFF 		bl	nvicEnableVector
 1360              	.LVL90:
 1361              		.loc 1 410 3 view .LVU510
 1362 0012 0621     		movs	r1, #6
 1363 0014 0820     		movs	r0, #8
 1364 0016 FFF7FEFF 		bl	nvicEnableVector
 1365              	.LVL91:
 1366              		.loc 1 411 3 view .LVU511
 1367 001a 0621     		movs	r1, #6
 1368 001c 0920     		movs	r0, #9
ARM GAS  /tmp/ccER9TBa.s 			page 25


 1369 001e FFF7FEFF 		bl	nvicEnableVector
 1370              	.LVL92:
 1371              		.loc 1 412 3 view .LVU512
 1372 0022 0621     		movs	r1, #6
 1373 0024 0A20     		movs	r0, #10
 1374 0026 FFF7FEFF 		bl	nvicEnableVector
 1375              	.LVL93:
 1376              		.loc 1 413 3 view .LVU513
 1377 002a 0621     		movs	r1, #6
 1378 002c 1720     		movs	r0, #23
 1379 002e FFF7FEFF 		bl	nvicEnableVector
 1380              	.LVL94:
 1381              		.loc 1 414 3 view .LVU514
 1382 0032 0621     		movs	r1, #6
 1383 0034 2820     		movs	r0, #40
 1384 0036 FFF7FEFF 		bl	nvicEnableVector
 1385              	.LVL95:
 1386              		.loc 1 415 3 view .LVU515
 1387 003a 0321     		movs	r1, #3
 1388 003c 0120     		movs	r0, #1
 1389 003e FFF7FEFF 		bl	nvicEnableVector
 1390              	.LVL96:
 1391              		.loc 1 416 3 view .LVU516
 1392 0042 0321     		movs	r1, #3
 1393 0044 2920     		movs	r0, #41
 1394 0046 FFF7FEFF 		bl	nvicEnableVector
 1395              	.LVL97:
 1396              		.loc 1 418 3 view .LVU517
 1397 004a 0621     		movs	r1, #6
 1398 004c 4C20     		movs	r0, #76
 1399 004e FFF7FEFF 		bl	nvicEnableVector
 1400              	.LVL98:
 1401              		.loc 1 420 3 view .LVU518
 1402 0052 0621     		movs	r1, #6
 1403 0054 0220     		movs	r0, #2
 1404 0056 FFF7FEFF 		bl	nvicEnableVector
 1405              	.LVL99:
 1406              		.loc 1 421 3 view .LVU519
 1407 005a 0621     		movs	r1, #6
 1408 005c 0320     		movs	r0, #3
 1409 005e FFF7FEFF 		bl	nvicEnableVector
 1410              	.LVL100:
 1411              		.loc 1 422 3 view .LVU520
 1412 0062 0621     		movs	r1, #6
 1413 0064 4020     		movs	r0, #64
 1414 0066 FFF7FEFF 		bl	nvicEnableVector
 1415              	.LVL101:
 1416              		.loc 1 423 3 view .LVU521
 1417 006a 0621     		movs	r1, #6
 1418 006c 4120     		movs	r0, #65
 1419 006e FFF7FEFF 		bl	nvicEnableVector
 1420              	.LVL102:
 1421              		.loc 1 425 3 view .LVU522
 1422 0072 0621     		movs	r1, #6
 1423 0074 4220     		movs	r0, #66
 1424 0076 FFF7FEFF 		bl	nvicEnableVector
 1425              	.LVL103:
ARM GAS  /tmp/ccER9TBa.s 			page 26


 1426              		.loc 1 427 1 is_stmt 0 view .LVU523
 1427 007a 08BD     		pop	{r3, pc}
 1428              		.cfi_endproc
 1429              	.LFE248:
 1430              		.size	ext_lld_exti_irq_enable, .-ext_lld_exti_irq_enable
 1431              		.section	.text.ext_lld_exti_irq_disable,"ax",%progbits
 1432              		.align	1
 1433              		.p2align 4,,15
 1434              		.global	ext_lld_exti_irq_disable
 1435              		.syntax unified
 1436              		.thumb
 1437              		.thumb_func
 1438              		.type	ext_lld_exti_irq_disable, %function
 1439              	ext_lld_exti_irq_disable:
 1440              	.LFB249:
 1441              		.loc 1 434 37 is_stmt 1 view -0
 1442              		.cfi_startproc
 1443              		@ args = 0, pretend = 0, frame = 0
 1444              		@ frame_needed = 0, uses_anonymous_args = 0
 1445 0000 08B5     		push	{r3, lr}
 1446              		.cfi_def_cfa_offset 8
 1447              		.cfi_offset 3, -8
 1448              		.cfi_offset 14, -4
 1449              		.loc 1 436 3 view .LVU525
 1450 0002 0620     		movs	r0, #6
 1451 0004 FFF7FEFF 		bl	nvicDisableVector
 1452              	.LVL104:
 1453              		.loc 1 437 3 view .LVU526
 1454 0008 0720     		movs	r0, #7
 1455 000a FFF7FEFF 		bl	nvicDisableVector
 1456              	.LVL105:
 1457              		.loc 1 438 3 view .LVU527
 1458 000e 0820     		movs	r0, #8
 1459 0010 FFF7FEFF 		bl	nvicDisableVector
 1460              	.LVL106:
 1461              		.loc 1 439 3 view .LVU528
 1462 0014 0920     		movs	r0, #9
 1463 0016 FFF7FEFF 		bl	nvicDisableVector
 1464              	.LVL107:
 1465              		.loc 1 440 3 view .LVU529
 1466 001a 0A20     		movs	r0, #10
 1467 001c FFF7FEFF 		bl	nvicDisableVector
 1468              	.LVL108:
 1469              		.loc 1 441 3 view .LVU530
 1470 0020 1720     		movs	r0, #23
 1471 0022 FFF7FEFF 		bl	nvicDisableVector
 1472              	.LVL109:
 1473              		.loc 1 442 3 view .LVU531
 1474 0026 2820     		movs	r0, #40
 1475 0028 FFF7FEFF 		bl	nvicDisableVector
 1476              	.LVL110:
 1477              		.loc 1 443 3 view .LVU532
 1478 002c 0120     		movs	r0, #1
 1479 002e FFF7FEFF 		bl	nvicDisableVector
 1480              	.LVL111:
 1481              		.loc 1 444 3 view .LVU533
 1482 0032 2920     		movs	r0, #41
ARM GAS  /tmp/ccER9TBa.s 			page 27


 1483 0034 FFF7FEFF 		bl	nvicDisableVector
 1484              	.LVL112:
 1485              		.loc 1 446 3 view .LVU534
 1486 0038 4C20     		movs	r0, #76
 1487 003a FFF7FEFF 		bl	nvicDisableVector
 1488              	.LVL113:
 1489              		.loc 1 448 3 view .LVU535
 1490 003e 0220     		movs	r0, #2
 1491 0040 FFF7FEFF 		bl	nvicDisableVector
 1492              	.LVL114:
 1493              		.loc 1 449 3 view .LVU536
 1494 0044 0320     		movs	r0, #3
 1495 0046 FFF7FEFF 		bl	nvicDisableVector
 1496              	.LVL115:
 1497              		.loc 1 450 3 view .LVU537
 1498 004a 4020     		movs	r0, #64
 1499 004c FFF7FEFF 		bl	nvicDisableVector
 1500              	.LVL116:
 1501              		.loc 1 451 3 view .LVU538
 1502 0050 4120     		movs	r0, #65
 1503 0052 FFF7FEFF 		bl	nvicDisableVector
 1504              	.LVL117:
 1505              		.loc 1 453 3 view .LVU539
 1506 0056 4220     		movs	r0, #66
 1507 0058 FFF7FEFF 		bl	nvicDisableVector
 1508              	.LVL118:
 1509              		.loc 1 455 1 is_stmt 0 view .LVU540
 1510 005c 08BD     		pop	{r3, pc}
 1511              		.cfi_endproc
 1512              	.LFE249:
 1513              		.size	ext_lld_exti_irq_disable, .-ext_lld_exti_irq_disable
 1514 005e 00BF     		.text
 1515              	.Letext0:
 1516              		.file 2 "ChibiOS/os/common/ext/CMSIS/ST/STM32F3xx/stm32f303xc.h"
 1517              		.file 3 "/usr/lib/gcc/arm-none-eabi/13.2.1/include/stdint.h"
 1518              		.file 4 "ChibiOS/os/hal/include/hal_ext.h"
 1519              		.file 5 "ChibiOS/os/hal/ports/STM32/LLD/EXTIv1/hal_ext_lld.h"
 1520              		.file 6 "ChibiOS/os/hal/ports/common/ARMCMx/nvic.h"
 1521              		.file 7 "ChibiOS/os/common/ports/ARMCMx/chcore_v7m.h"
 1522              		.section	.debug_info,"",%progbits
 1523              	.Ldebug_info0:
 1524 0000 780B0000 		.4byte	0xb78
 1525 0004 0500     		.2byte	0x5
 1526 0006 01       		.byte	0x1
 1527 0007 04       		.byte	0x4
 1528 0008 00000000 		.4byte	.Ldebug_abbrev0
 1529 000c 15       		.uleb128 0x15
 1530 000d 2F030000 		.4byte	.LASF130
 1531 0011 1D       		.byte	0x1d
 1532 0012 B2040000 		.4byte	.LASF131
 1533 0016 CB060000 		.4byte	.LASF132
 1534 001a 0C000000 		.4byte	.LLRL15
 1535 001e 00000000 		.4byte	0
 1536 0022 00000000 		.4byte	.Ldebug_line0
 1537 0026 16       		.uleb128 0x16
 1538 0027 04       		.byte	0x4
 1539 0028 05       		.byte	0x5
ARM GAS  /tmp/ccER9TBa.s 			page 28


 1540 0029 696E7400 		.ascii	"int\000"
 1541 002d 06       		.uleb128 0x6
 1542 002e 04       		.byte	0x4
 1543 002f 07       		.byte	0x7
 1544 0030 D2010000 		.4byte	.LASF0
 1545 0034 06       		.uleb128 0x6
 1546 0035 08       		.byte	0x8
 1547 0036 05       		.byte	0x5
 1548 0037 CF000000 		.4byte	.LASF1
 1549 003b 06       		.uleb128 0x6
 1550 003c 08       		.byte	0x8
 1551 003d 04       		.byte	0x4
 1552 003e 66060000 		.4byte	.LASF2
 1553 0042 06       		.uleb128 0x6
 1554 0043 01       		.byte	0x1
 1555 0044 06       		.byte	0x6
 1556 0045 DD000000 		.4byte	.LASF3
 1557 0049 06       		.uleb128 0x6
 1558 004a 02       		.byte	0x2
 1559 004b 05       		.byte	0x5
 1560 004c BA050000 		.4byte	.LASF4
 1561 0050 06       		.uleb128 0x6
 1562 0051 04       		.byte	0x4
 1563 0052 05       		.byte	0x5
 1564 0053 0B010000 		.4byte	.LASF5
 1565 0057 06       		.uleb128 0x6
 1566 0058 01       		.byte	0x1
 1567 0059 08       		.byte	0x8
 1568 005a 7F050000 		.4byte	.LASF6
 1569 005e 06       		.uleb128 0x6
 1570 005f 02       		.byte	0x2
 1571 0060 07       		.byte	0x7
 1572 0061 4D020000 		.4byte	.LASF7
 1573 0065 0C       		.uleb128 0xc
 1574 0066 2E060000 		.4byte	.LASF94
 1575 006a 03       		.byte	0x3
 1576 006b 34       		.byte	0x34
 1577 006c 19       		.byte	0x19
 1578 006d 76000000 		.4byte	0x76
 1579 0071 17       		.uleb128 0x17
 1580 0072 65000000 		.4byte	0x65
 1581 0076 06       		.uleb128 0x6
 1582 0077 04       		.byte	0x4
 1583 0078 07       		.byte	0x7
 1584 0079 1F020000 		.4byte	.LASF8
 1585 007d 06       		.uleb128 0x6
 1586 007e 08       		.byte	0x8
 1587 007f 07       		.byte	0x7
 1588 0080 50000000 		.4byte	.LASF9
 1589 0084 12       		.uleb128 0x12
 1590 0085 05       		.byte	0x5
 1591 0086 42000000 		.4byte	0x42
 1592 008a 02       		.byte	0x2
 1593 008b 55       		.byte	0x55
 1594 008c 01       		.byte	0x1
 1595 008d 4E020000 		.4byte	0x24e
 1596 0091 09       		.uleb128 0x9
ARM GAS  /tmp/ccER9TBa.s 			page 29


 1597 0092 B7060000 		.4byte	.LASF10
 1598 0096 72       		.sleb128 -14
 1599 0097 09       		.uleb128 0x9
 1600 0098 00020000 		.4byte	.LASF11
 1601 009c 74       		.sleb128 -12
 1602 009d 09       		.uleb128 0x9
 1603 009e AB010000 		.4byte	.LASF12
 1604 00a2 75       		.sleb128 -11
 1605 00a3 09       		.uleb128 0x9
 1606 00a4 43060000 		.4byte	.LASF13
 1607 00a8 76       		.sleb128 -10
 1608 00a9 09       		.uleb128 0x9
 1609 00aa 75040000 		.4byte	.LASF14
 1610 00ae 7B       		.sleb128 -5
 1611 00af 09       		.uleb128 0x9
 1612 00b0 B6070000 		.4byte	.LASF15
 1613 00b4 7C       		.sleb128 -4
 1614 00b5 09       		.uleb128 0x9
 1615 00b6 8C010000 		.4byte	.LASF16
 1616 00ba 7E       		.sleb128 -2
 1617 00bb 09       		.uleb128 0x9
 1618 00bc C8020000 		.4byte	.LASF17
 1619 00c0 7F       		.sleb128 -1
 1620 00c1 02       		.uleb128 0x2
 1621 00c2 DE060000 		.4byte	.LASF18
 1622 00c6 00       		.byte	0
 1623 00c7 02       		.uleb128 0x2
 1624 00c8 18000000 		.4byte	.LASF19
 1625 00cc 01       		.byte	0x1
 1626 00cd 02       		.uleb128 0x2
 1627 00ce 1B050000 		.4byte	.LASF20
 1628 00d2 02       		.byte	0x2
 1629 00d3 02       		.uleb128 0x2
 1630 00d4 A9000000 		.4byte	.LASF21
 1631 00d8 03       		.byte	0x3
 1632 00d9 02       		.uleb128 0x2
 1633 00da 10060000 		.4byte	.LASF22
 1634 00de 04       		.byte	0x4
 1635 00df 02       		.uleb128 0x2
 1636 00e0 73070000 		.4byte	.LASF23
 1637 00e4 05       		.byte	0x5
 1638 00e5 02       		.uleb128 0x2
 1639 00e6 55070000 		.4byte	.LASF24
 1640 00ea 06       		.byte	0x6
 1641 00eb 02       		.uleb128 0x2
 1642 00ec FE070000 		.4byte	.LASF25
 1643 00f0 07       		.byte	0x7
 1644 00f1 02       		.uleb128 0x2
 1645 00f2 C8070000 		.4byte	.LASF26
 1646 00f6 08       		.byte	0x8
 1647 00f7 02       		.uleb128 0x2
 1648 00f8 9D040000 		.4byte	.LASF27
 1649 00fc 09       		.byte	0x9
 1650 00fd 02       		.uleb128 0x2
 1651 00fe AF050000 		.4byte	.LASF28
 1652 0102 0A       		.byte	0xa
 1653 0103 02       		.uleb128 0x2
ARM GAS  /tmp/ccER9TBa.s 			page 30


 1654 0104 3D050000 		.4byte	.LASF29
 1655 0108 0B       		.byte	0xb
 1656 0109 02       		.uleb128 0x2
 1657 010a 05030000 		.4byte	.LASF30
 1658 010e 0C       		.byte	0xc
 1659 010f 02       		.uleb128 0x2
 1660 0110 CF050000 		.4byte	.LASF31
 1661 0114 0D       		.byte	0xd
 1662 0115 02       		.uleb128 0x2
 1663 0116 98010000 		.4byte	.LASF32
 1664 011a 0E       		.byte	0xe
 1665 011b 02       		.uleb128 0x2
 1666 011c 3A020000 		.4byte	.LASF33
 1667 0120 0F       		.byte	0xf
 1668 0121 02       		.uleb128 0x2
 1669 0122 E8060000 		.4byte	.LASF34
 1670 0126 10       		.byte	0x10
 1671 0127 02       		.uleb128 0x2
 1672 0128 9A070000 		.4byte	.LASF35
 1673 012c 11       		.byte	0x11
 1674 012d 02       		.uleb128 0x2
 1675 012e 56010000 		.4byte	.LASF36
 1676 0132 12       		.byte	0x12
 1677 0133 02       		.uleb128 0x2
 1678 0134 A9020000 		.4byte	.LASF37
 1679 0138 13       		.byte	0x13
 1680 0139 02       		.uleb128 0x2
 1681 013a F1050000 		.4byte	.LASF38
 1682 013e 14       		.byte	0x14
 1683 013f 02       		.uleb128 0x2
 1684 0140 0E050000 		.4byte	.LASF39
 1685 0144 15       		.byte	0x15
 1686 0145 02       		.uleb128 0x2
 1687 0146 8C020000 		.4byte	.LASF40
 1688 014a 16       		.byte	0x16
 1689 014b 02       		.uleb128 0x2
 1690 014c 3F010000 		.4byte	.LASF41
 1691 0150 17       		.byte	0x17
 1692 0151 02       		.uleb128 0x2
 1693 0152 7C070000 		.4byte	.LASF42
 1694 0156 18       		.byte	0x18
 1695 0157 02       		.uleb128 0x2
 1696 0158 1B060000 		.4byte	.LASF43
 1697 015c 19       		.byte	0x19
 1698 015d 02       		.uleb128 0x2
 1699 015e 00000000 		.4byte	.LASF44
 1700 0162 1A       		.byte	0x1a
 1701 0163 02       		.uleb128 0x2
 1702 0164 D5020000 		.4byte	.LASF45
 1703 0168 1B       		.byte	0x1b
 1704 0169 02       		.uleb128 0x2
 1705 016a 3E070000 		.4byte	.LASF46
 1706 016e 1C       		.byte	0x1c
 1707 016f 02       		.uleb128 0x2
 1708 0170 F4070000 		.4byte	.LASF47
 1709 0174 1D       		.byte	0x1d
 1710 0175 02       		.uleb128 0x2
ARM GAS  /tmp/ccER9TBa.s 			page 31


 1711 0176 9F000000 		.4byte	.LASF48
 1712 017a 1E       		.byte	0x1e
 1713 017b 02       		.uleb128 0x2
 1714 017c 2A000000 		.4byte	.LASF49
 1715 0180 1F       		.byte	0x1f
 1716 0181 02       		.uleb128 0x2
 1717 0182 07070000 		.4byte	.LASF50
 1718 0186 20       		.byte	0x20
 1719 0187 02       		.uleb128 0x2
 1720 0188 1E010000 		.4byte	.LASF51
 1721 018c 21       		.byte	0x21
 1722 018d 02       		.uleb128 0x2
 1723 018e 89000000 		.4byte	.LASF52
 1724 0192 22       		.byte	0x22
 1725 0193 02       		.uleb128 0x2
 1726 0194 99020000 		.4byte	.LASF53
 1727 0198 23       		.byte	0x23
 1728 0199 02       		.uleb128 0x2
 1729 019a A8040000 		.4byte	.LASF54
 1730 019e 24       		.byte	0x24
 1731 019f 02       		.uleb128 0x2
 1732 01a0 6D050000 		.4byte	.LASF55
 1733 01a4 25       		.byte	0x25
 1734 01a5 02       		.uleb128 0x2
 1735 01a6 37060000 		.4byte	.LASF56
 1736 01aa 26       		.byte	0x26
 1737 01ab 02       		.uleb128 0x2
 1738 01ac 28070000 		.4byte	.LASF57
 1739 01b0 27       		.byte	0x27
 1740 01b1 02       		.uleb128 0x2
 1741 01b2 7D020000 		.4byte	.LASF58
 1742 01b6 28       		.byte	0x28
 1743 01b7 02       		.uleb128 0x2
 1744 01b8 7A000000 		.4byte	.LASF59
 1745 01bc 29       		.byte	0x29
 1746 01bd 02       		.uleb128 0x2
 1747 01be 14070000 		.4byte	.LASF60
 1748 01c2 2A       		.byte	0x2a
 1749 01c3 02       		.uleb128 0x2
 1750 01c4 18030000 		.4byte	.LASF61
 1751 01c8 2B       		.byte	0x2b
 1752 01c9 02       		.uleb128 0x2
 1753 01ca 48070000 		.4byte	.LASF62
 1754 01ce 2C       		.byte	0x2c
 1755 01cf 02       		.uleb128 0x2
 1756 01d0 98050000 		.4byte	.LASF63
 1757 01d4 2D       		.byte	0x2d
 1758 01d5 02       		.uleb128 0x2
 1759 01d6 68040000 		.4byte	.LASF64
 1760 01da 2E       		.byte	0x2e
 1761 01db 02       		.uleb128 0x2
 1762 01dc 4C010000 		.4byte	.LASF65
 1763 01e0 2F       		.byte	0x2f
 1764 01e1 02       		.uleb128 0x2
 1765 01e2 E4070000 		.4byte	.LASF66
 1766 01e6 33       		.byte	0x33
 1767 01e7 02       		.uleb128 0x2
ARM GAS  /tmp/ccER9TBa.s 			page 32


 1768 01e8 70010000 		.4byte	.LASF67
 1769 01ec 34       		.byte	0x34
 1770 01ed 02       		.uleb128 0x2
 1771 01ee C4050000 		.4byte	.LASF68
 1772 01f2 35       		.byte	0x35
 1773 01f3 02       		.uleb128 0x2
 1774 01f4 62010000 		.4byte	.LASF69
 1775 01f8 36       		.byte	0x36
 1776 01f9 02       		.uleb128 0x2
 1777 01fa AD060000 		.4byte	.LASF70
 1778 01fe 37       		.byte	0x37
 1779 01ff 02       		.uleb128 0x2
 1780 0200 67000000 		.4byte	.LASF71
 1781 0204 38       		.byte	0x38
 1782 0205 02       		.uleb128 0x2
 1783 0206 81040000 		.4byte	.LASF72
 1784 020a 39       		.byte	0x39
 1785 020b 02       		.uleb128 0x2
 1786 020c E9040000 		.4byte	.LASF73
 1787 0210 3A       		.byte	0x3a
 1788 0211 02       		.uleb128 0x2
 1789 0212 80060000 		.4byte	.LASF74
 1790 0216 3B       		.byte	0x3b
 1791 0217 02       		.uleb128 0x2
 1792 0218 E9000000 		.4byte	.LASF75
 1793 021c 3C       		.byte	0x3c
 1794 021d 02       		.uleb128 0x2
 1795 021e F1010000 		.4byte	.LASF76
 1796 0222 3D       		.byte	0x3d
 1797 0223 02       		.uleb128 0x2
 1798 0224 E2050000 		.4byte	.LASF77
 1799 0228 40       		.byte	0x40
 1800 0229 02       		.uleb128 0x2
 1801 022a E2020000 		.4byte	.LASF78
 1802 022e 41       		.byte	0x41
 1803 022f 02       		.uleb128 0x2
 1804 0230 05060000 		.4byte	.LASF79
 1805 0234 42       		.byte	0x42
 1806 0235 02       		.uleb128 0x2
 1807 0236 BC020000 		.4byte	.LASF80
 1808 023a 4A       		.byte	0x4a
 1809 023b 02       		.uleb128 0x2
 1810 023c FB060000 		.4byte	.LASF81
 1811 0240 4B       		.byte	0x4b
 1812 0241 02       		.uleb128 0x2
 1813 0242 53060000 		.4byte	.LASF82
 1814 0246 4C       		.byte	0x4c
 1815 0247 02       		.uleb128 0x2
 1816 0248 AD070000 		.4byte	.LASF83
 1817 024c 51       		.byte	0x51
 1818 024d 00       		.byte	0
 1819 024e 18       		.uleb128 0x18
 1820 024f 38       		.byte	0x38
 1821 0250 02       		.byte	0x2
 1822 0251 7401     		.2byte	0x174
 1823 0253 09       		.byte	0x9
 1824 0254 00030000 		.4byte	0x300
ARM GAS  /tmp/ccER9TBa.s 			page 33


 1825 0258 0F       		.uleb128 0xf
 1826 0259 494D5200 		.ascii	"IMR\000"
 1827 025d 7601     		.2byte	0x176
 1828 025f 71000000 		.4byte	0x71
 1829 0263 00       		.byte	0
 1830 0264 0F       		.uleb128 0xf
 1831 0265 454D5200 		.ascii	"EMR\000"
 1832 0269 7701     		.2byte	0x177
 1833 026b 71000000 		.4byte	0x71
 1834 026f 04       		.byte	0x4
 1835 0270 07       		.uleb128 0x7
 1836 0271 FB010000 		.4byte	.LASF84
 1837 0275 7801     		.2byte	0x178
 1838 0277 71000000 		.4byte	0x71
 1839 027b 08       		.byte	0x8
 1840 027c 07       		.uleb128 0x7
 1841 027d AA050000 		.4byte	.LASF85
 1842 0281 7901     		.2byte	0x179
 1843 0283 71000000 		.4byte	0x71
 1844 0287 0C       		.byte	0xc
 1845 0288 07       		.uleb128 0x7
 1846 0289 4A000000 		.4byte	.LASF86
 1847 028d 7A01     		.2byte	0x17a
 1848 028f 71000000 		.4byte	0x71
 1849 0293 10       		.byte	0x10
 1850 0294 0F       		.uleb128 0xf
 1851 0295 505200   		.ascii	"PR\000"
 1852 0298 7B01     		.2byte	0x17b
 1853 029a 71000000 		.4byte	0x71
 1854 029e 14       		.byte	0x14
 1855 029f 07       		.uleb128 0x7
 1856 02a0 59050000 		.4byte	.LASF87
 1857 02a4 7C01     		.2byte	0x17c
 1858 02a6 65000000 		.4byte	0x65
 1859 02aa 18       		.byte	0x18
 1860 02ab 07       		.uleb128 0x7
 1861 02ac 63050000 		.4byte	.LASF88
 1862 02b0 7D01     		.2byte	0x17d
 1863 02b2 65000000 		.4byte	0x65
 1864 02b6 1C       		.byte	0x1c
 1865 02b7 07       		.uleb128 0x7
 1866 02b8 78020000 		.4byte	.LASF89
 1867 02bc 7E01     		.2byte	0x17e
 1868 02be 71000000 		.4byte	0x71
 1869 02c2 20       		.byte	0x20
 1870 02c3 07       		.uleb128 0x7
 1871 02c4 23070000 		.4byte	.LASF90
 1872 02c8 7F01     		.2byte	0x17f
 1873 02ca 71000000 		.4byte	0x71
 1874 02ce 24       		.byte	0x24
 1875 02cf 07       		.uleb128 0x7
 1876 02d0 A3020000 		.4byte	.LASF91
 1877 02d4 8001     		.2byte	0x180
 1878 02d6 71000000 		.4byte	0x71
 1879 02da 28       		.byte	0x28
 1880 02db 07       		.uleb128 0x7
 1881 02dc 44000000 		.4byte	.LASF92
ARM GAS  /tmp/ccER9TBa.s 			page 34


 1882 02e0 8101     		.2byte	0x181
 1883 02e2 71000000 		.4byte	0x71
 1884 02e6 2C       		.byte	0x2c
 1885 02e7 07       		.uleb128 0x7
 1886 02e8 B7000000 		.4byte	.LASF93
 1887 02ec 8201     		.2byte	0x182
 1888 02ee 71000000 		.4byte	0x71
 1889 02f2 30       		.byte	0x30
 1890 02f3 0F       		.uleb128 0xf
 1891 02f4 50523200 		.ascii	"PR2\000"
 1892 02f8 8301     		.2byte	0x183
 1893 02fa 71000000 		.4byte	0x71
 1894 02fe 34       		.byte	0x34
 1895 02ff 00       		.byte	0
 1896 0300 19       		.uleb128 0x19
 1897 0301 D7070000 		.4byte	.LASF95
 1898 0305 02       		.byte	0x2
 1899 0306 8401     		.2byte	0x184
 1900 0308 02       		.byte	0x2
 1901 0309 4E020000 		.4byte	0x24e
 1902 030d 06       		.uleb128 0x6
 1903 030e 01       		.byte	0x1
 1904 030f 08       		.byte	0x8
 1905 0310 7B060000 		.4byte	.LASF96
 1906 0314 06       		.uleb128 0x6
 1907 0315 01       		.byte	0x1
 1908 0316 02       		.byte	0x2
 1909 0317 79050000 		.4byte	.LASF97
 1910 031b 12       		.uleb128 0x12
 1911 031c 07       		.byte	0x7
 1912 031d 57000000 		.4byte	0x57
 1913 0321 04       		.byte	0x4
 1914 0322 3F       		.byte	0x3f
 1915 0323 0E       		.byte	0xe
 1916 0324 3B030000 		.4byte	0x33b
 1917 0328 02       		.uleb128 0x2
 1918 0329 8D050000 		.4byte	.LASF98
 1919 032d 00       		.byte	0
 1920 032e 02       		.uleb128 0x2
 1921 032f 72060000 		.4byte	.LASF99
 1922 0333 01       		.byte	0x1
 1923 0334 02       		.uleb128 0x2
 1924 0335 F1020000 		.4byte	.LASF100
 1925 0339 02       		.byte	0x2
 1926 033a 00       		.byte	0
 1927 033b 0C       		.uleb128 0xc
 1928 033c 5D040000 		.4byte	.LASF101
 1929 0340 04       		.byte	0x4
 1930 0341 43       		.byte	0x43
 1931 0342 03       		.byte	0x3
 1932 0343 1B030000 		.4byte	0x31b
 1933 0347 0C       		.uleb128 0xc
 1934 0348 34070000 		.4byte	.LASF102
 1935 034c 04       		.byte	0x4
 1936 034d 48       		.byte	0x48
 1937 034e 1A       		.byte	0x1a
 1938 034f 53030000 		.4byte	0x353
ARM GAS  /tmp/ccER9TBa.s 			page 35


 1939 0353 1A       		.uleb128 0x1a
 1940 0354 34070000 		.4byte	.LASF102
 1941 0358 08       		.byte	0x8
 1942 0359 05       		.byte	0x5
 1943 035a 73       		.byte	0x73
 1944 035b 08       		.byte	0x8
 1945 035c 79030000 		.4byte	0x379
 1946 0360 10       		.uleb128 0x10
 1947 0361 FC000000 		.4byte	.LASF103
 1948 0365 77       		.byte	0x77
 1949 0366 1D       		.byte	0x1d
 1950 0367 3B030000 		.4byte	0x33b
 1951 036b 00       		.byte	0
 1952 036c 10       		.uleb128 0x10
 1953 036d 98060000 		.4byte	.LASF104
 1954 0371 7B       		.byte	0x7b
 1955 0372 1E       		.byte	0x1e
 1956 0373 11040000 		.4byte	0x411
 1957 0377 04       		.byte	0x4
 1958 0378 00       		.byte	0
 1959 0379 0C       		.uleb128 0xc
 1960 037a 37000000 		.4byte	.LASF105
 1961 037e 05       		.byte	0x5
 1962 037f 49       		.byte	0x49
 1963 0380 12       		.byte	0x12
 1964 0381 65000000 		.4byte	0x65
 1965 0385 0C       		.uleb128 0xc
 1966 0386 9F060000 		.4byte	.LASF106
 1967 038a 05       		.byte	0x5
 1968 038b 51       		.byte	0x51
 1969 038c 10       		.byte	0x10
 1970 038d 91030000 		.4byte	0x391
 1971 0391 11       		.uleb128 0x11
 1972 0392 96030000 		.4byte	0x396
 1973 0396 1B       		.uleb128 0x1b
 1974 0397 A6030000 		.4byte	0x3a6
 1975 039b 0E       		.uleb128 0xe
 1976 039c A6030000 		.4byte	0x3a6
 1977 03a0 0E       		.uleb128 0xe
 1978 03a1 79030000 		.4byte	0x379
 1979 03a5 00       		.byte	0
 1980 03a6 11       		.uleb128 0x11
 1981 03a7 47030000 		.4byte	0x347
 1982 03ab 1C       		.uleb128 0x1c
 1983 03ac 08       		.byte	0x8
 1984 03ad 05       		.byte	0x5
 1985 03ae 56       		.byte	0x56
 1986 03af 09       		.byte	0x9
 1987 03b0 CD030000 		.4byte	0x3cd
 1988 03b4 10       		.uleb128 0x10
 1989 03b5 93060000 		.4byte	.LASF107
 1990 03b9 5A       		.byte	0x5a
 1991 03ba 19       		.byte	0x19
 1992 03bb 65000000 		.4byte	0x65
 1993 03bf 00       		.byte	0
 1994 03c0 1D       		.uleb128 0x1d
 1995 03c1 636200   		.ascii	"cb\000"
ARM GAS  /tmp/ccER9TBa.s 			page 36


 1996 03c4 05       		.byte	0x5
 1997 03c5 61       		.byte	0x61
 1998 03c6 19       		.byte	0x19
 1999 03c7 85030000 		.4byte	0x385
 2000 03cb 04       		.byte	0x4
 2001 03cc 00       		.byte	0
 2002 03cd 0C       		.uleb128 0xc
 2003 03ce 7B010000 		.4byte	.LASF108
 2004 03d2 05       		.byte	0x5
 2005 03d3 62       		.byte	0x62
 2006 03d4 03       		.byte	0x3
 2007 03d5 AB030000 		.4byte	0x3ab
 2008 03d9 1E       		.uleb128 0x1e
 2009 03da 1001     		.2byte	0x110
 2010 03dc 05       		.byte	0x5
 2011 03dd 68       		.byte	0x68
 2012 03de 09       		.byte	0x9
 2013 03df F0030000 		.4byte	0x3f0
 2014 03e3 10       		.uleb128 0x10
 2015 03e4 02010000 		.4byte	.LASF109
 2016 03e8 6C       		.byte	0x6c
 2017 03e9 19       		.byte	0x19
 2018 03ea F0030000 		.4byte	0x3f0
 2019 03ee 00       		.byte	0
 2020 03ef 00       		.byte	0
 2021 03f0 1F       		.uleb128 0x1f
 2022 03f1 CD030000 		.4byte	0x3cd
 2023 03f5 00040000 		.4byte	0x400
 2024 03f9 20       		.uleb128 0x20
 2025 03fa 2D000000 		.4byte	0x2d
 2026 03fe 21       		.byte	0x21
 2027 03ff 00       		.byte	0
 2028 0400 0C       		.uleb128 0xc
 2029 0401 90070000 		.4byte	.LASF110
 2030 0405 05       		.byte	0x5
 2031 0406 6E       		.byte	0x6e
 2032 0407 03       		.byte	0x3
 2033 0408 D9030000 		.4byte	0x3d9
 2034 040c 21       		.uleb128 0x21
 2035 040d 00040000 		.4byte	0x400
 2036 0411 11       		.uleb128 0x11
 2037 0412 0C040000 		.4byte	0x40c
 2038 0416 22       		.uleb128 0x22
 2039 0417 EE070000 		.4byte	.LASF116
 2040 041b 05       		.byte	0x5
 2041 041c 88       		.byte	0x88
 2042 041d 12       		.byte	0x12
 2043 041e 47030000 		.4byte	0x347
 2044 0422 13       		.uleb128 0x13
 2045 0423 DF010000 		.4byte	.LASF111
 2046 0427 4F       		.byte	0x4f
 2047 0428 32040000 		.4byte	0x432
 2048 042c 0E       		.uleb128 0xe
 2049 042d 65000000 		.4byte	0x65
 2050 0431 00       		.byte	0
 2051 0432 13       		.uleb128 0x13
 2052 0433 BE000000 		.4byte	.LASF112
ARM GAS  /tmp/ccER9TBa.s 			page 37


 2053 0437 4E       		.byte	0x4e
 2054 0438 47040000 		.4byte	0x447
 2055 043c 0E       		.uleb128 0xe
 2056 043d 65000000 		.4byte	0x65
 2057 0441 0E       		.uleb128 0xe
 2058 0442 65000000 		.4byte	0x65
 2059 0446 00       		.byte	0
 2060 0447 23       		.uleb128 0x23
 2061 0448 60070000 		.4byte	.LASF133
 2062 044c 07       		.byte	0x7
 2063 044d F101     		.2byte	0x1f1
 2064 044f 08       		.byte	0x8
 2065 0450 0A       		.uleb128 0xa
 2066 0451 B9010000 		.4byte	.LASF113
 2067 0455 B201     		.2byte	0x1b2
 2068 0457 06       		.byte	0x6
 2069 0458 00000000 		.4byte	.LFB249
 2070 045c 5E000000 		.4byte	.LFE249-.LFB249
 2071 0460 01       		.uleb128 0x1
 2072 0461 9C       		.byte	0x9c
 2073 0462 86050000 		.4byte	0x586
 2074 0466 03       		.uleb128 0x3
 2075 0467 08000000 		.4byte	.LVL104
 2076 046b 22040000 		.4byte	0x422
 2077 046f 79040000 		.4byte	0x479
 2078 0473 01       		.uleb128 0x1
 2079 0474 01       		.uleb128 0x1
 2080 0475 50       		.byte	0x50
 2081 0476 01       		.uleb128 0x1
 2082 0477 36       		.byte	0x36
 2083 0478 00       		.byte	0
 2084 0479 03       		.uleb128 0x3
 2085 047a 0E000000 		.4byte	.LVL105
 2086 047e 22040000 		.4byte	0x422
 2087 0482 8C040000 		.4byte	0x48c
 2088 0486 01       		.uleb128 0x1
 2089 0487 01       		.uleb128 0x1
 2090 0488 50       		.byte	0x50
 2091 0489 01       		.uleb128 0x1
 2092 048a 37       		.byte	0x37
 2093 048b 00       		.byte	0
 2094 048c 03       		.uleb128 0x3
 2095 048d 14000000 		.4byte	.LVL106
 2096 0491 22040000 		.4byte	0x422
 2097 0495 9F040000 		.4byte	0x49f
 2098 0499 01       		.uleb128 0x1
 2099 049a 01       		.uleb128 0x1
 2100 049b 50       		.byte	0x50
 2101 049c 01       		.uleb128 0x1
 2102 049d 38       		.byte	0x38
 2103 049e 00       		.byte	0
 2104 049f 03       		.uleb128 0x3
 2105 04a0 1A000000 		.4byte	.LVL107
 2106 04a4 22040000 		.4byte	0x422
 2107 04a8 B2040000 		.4byte	0x4b2
 2108 04ac 01       		.uleb128 0x1
 2109 04ad 01       		.uleb128 0x1
ARM GAS  /tmp/ccER9TBa.s 			page 38


 2110 04ae 50       		.byte	0x50
 2111 04af 01       		.uleb128 0x1
 2112 04b0 39       		.byte	0x39
 2113 04b1 00       		.byte	0
 2114 04b2 03       		.uleb128 0x3
 2115 04b3 20000000 		.4byte	.LVL108
 2116 04b7 22040000 		.4byte	0x422
 2117 04bb C5040000 		.4byte	0x4c5
 2118 04bf 01       		.uleb128 0x1
 2119 04c0 01       		.uleb128 0x1
 2120 04c1 50       		.byte	0x50
 2121 04c2 01       		.uleb128 0x1
 2122 04c3 3A       		.byte	0x3a
 2123 04c4 00       		.byte	0
 2124 04c5 03       		.uleb128 0x3
 2125 04c6 26000000 		.4byte	.LVL109
 2126 04ca 22040000 		.4byte	0x422
 2127 04ce D8040000 		.4byte	0x4d8
 2128 04d2 01       		.uleb128 0x1
 2129 04d3 01       		.uleb128 0x1
 2130 04d4 50       		.byte	0x50
 2131 04d5 01       		.uleb128 0x1
 2132 04d6 47       		.byte	0x47
 2133 04d7 00       		.byte	0
 2134 04d8 03       		.uleb128 0x3
 2135 04d9 2C000000 		.4byte	.LVL110
 2136 04dd 22040000 		.4byte	0x422
 2137 04e1 EC040000 		.4byte	0x4ec
 2138 04e5 01       		.uleb128 0x1
 2139 04e6 01       		.uleb128 0x1
 2140 04e7 50       		.byte	0x50
 2141 04e8 02       		.uleb128 0x2
 2142 04e9 08       		.byte	0x8
 2143 04ea 28       		.byte	0x28
 2144 04eb 00       		.byte	0
 2145 04ec 03       		.uleb128 0x3
 2146 04ed 32000000 		.4byte	.LVL111
 2147 04f1 22040000 		.4byte	0x422
 2148 04f5 FF040000 		.4byte	0x4ff
 2149 04f9 01       		.uleb128 0x1
 2150 04fa 01       		.uleb128 0x1
 2151 04fb 50       		.byte	0x50
 2152 04fc 01       		.uleb128 0x1
 2153 04fd 31       		.byte	0x31
 2154 04fe 00       		.byte	0
 2155 04ff 03       		.uleb128 0x3
 2156 0500 38000000 		.4byte	.LVL112
 2157 0504 22040000 		.4byte	0x422
 2158 0508 13050000 		.4byte	0x513
 2159 050c 01       		.uleb128 0x1
 2160 050d 01       		.uleb128 0x1
 2161 050e 50       		.byte	0x50
 2162 050f 02       		.uleb128 0x2
 2163 0510 08       		.byte	0x8
 2164 0511 29       		.byte	0x29
 2165 0512 00       		.byte	0
 2166 0513 03       		.uleb128 0x3
ARM GAS  /tmp/ccER9TBa.s 			page 39


 2167 0514 3E000000 		.4byte	.LVL113
 2168 0518 22040000 		.4byte	0x422
 2169 051c 27050000 		.4byte	0x527
 2170 0520 01       		.uleb128 0x1
 2171 0521 01       		.uleb128 0x1
 2172 0522 50       		.byte	0x50
 2173 0523 02       		.uleb128 0x2
 2174 0524 08       		.byte	0x8
 2175 0525 4C       		.byte	0x4c
 2176 0526 00       		.byte	0
 2177 0527 03       		.uleb128 0x3
 2178 0528 44000000 		.4byte	.LVL114
 2179 052c 22040000 		.4byte	0x422
 2180 0530 3A050000 		.4byte	0x53a
 2181 0534 01       		.uleb128 0x1
 2182 0535 01       		.uleb128 0x1
 2183 0536 50       		.byte	0x50
 2184 0537 01       		.uleb128 0x1
 2185 0538 32       		.byte	0x32
 2186 0539 00       		.byte	0
 2187 053a 03       		.uleb128 0x3
 2188 053b 4A000000 		.4byte	.LVL115
 2189 053f 22040000 		.4byte	0x422
 2190 0543 4D050000 		.4byte	0x54d
 2191 0547 01       		.uleb128 0x1
 2192 0548 01       		.uleb128 0x1
 2193 0549 50       		.byte	0x50
 2194 054a 01       		.uleb128 0x1
 2195 054b 33       		.byte	0x33
 2196 054c 00       		.byte	0
 2197 054d 03       		.uleb128 0x3
 2198 054e 50000000 		.4byte	.LVL116
 2199 0552 22040000 		.4byte	0x422
 2200 0556 61050000 		.4byte	0x561
 2201 055a 01       		.uleb128 0x1
 2202 055b 01       		.uleb128 0x1
 2203 055c 50       		.byte	0x50
 2204 055d 02       		.uleb128 0x2
 2205 055e 08       		.byte	0x8
 2206 055f 40       		.byte	0x40
 2207 0560 00       		.byte	0
 2208 0561 03       		.uleb128 0x3
 2209 0562 56000000 		.4byte	.LVL117
 2210 0566 22040000 		.4byte	0x422
 2211 056a 75050000 		.4byte	0x575
 2212 056e 01       		.uleb128 0x1
 2213 056f 01       		.uleb128 0x1
 2214 0570 50       		.byte	0x50
 2215 0571 02       		.uleb128 0x2
 2216 0572 08       		.byte	0x8
 2217 0573 41       		.byte	0x41
 2218 0574 00       		.byte	0
 2219 0575 14       		.uleb128 0x14
 2220 0576 5C000000 		.4byte	.LVL118
 2221 057a 22040000 		.4byte	0x422
 2222 057e 01       		.uleb128 0x1
 2223 057f 01       		.uleb128 0x1
ARM GAS  /tmp/ccER9TBa.s 			page 40


 2224 0580 50       		.byte	0x50
 2225 0581 02       		.uleb128 0x2
 2226 0582 08       		.byte	0x8
 2227 0583 42       		.byte	0x42
 2228 0584 00       		.byte	0
 2229 0585 00       		.byte	0
 2230 0586 0A       		.uleb128 0xa
 2231 0587 60020000 		.4byte	.LASF114
 2232 058b 9601     		.2byte	0x196
 2233 058d 06       		.byte	0x6
 2234 058e 00000000 		.4byte	.LFB248
 2235 0592 7C000000 		.4byte	.LFE248-.LFB248
 2236 0596 01       		.uleb128 0x1
 2237 0597 9C       		.byte	0x9c
 2238 0598 07070000 		.4byte	0x707
 2239 059c 03       		.uleb128 0x3
 2240 059d 0A000000 		.4byte	.LVL89
 2241 05a1 32040000 		.4byte	0x432
 2242 05a5 B4050000 		.4byte	0x5b4
 2243 05a9 01       		.uleb128 0x1
 2244 05aa 01       		.uleb128 0x1
 2245 05ab 50       		.byte	0x50
 2246 05ac 01       		.uleb128 0x1
 2247 05ad 36       		.byte	0x36
 2248 05ae 01       		.uleb128 0x1
 2249 05af 01       		.uleb128 0x1
 2250 05b0 51       		.byte	0x51
 2251 05b1 01       		.uleb128 0x1
 2252 05b2 36       		.byte	0x36
 2253 05b3 00       		.byte	0
 2254 05b4 03       		.uleb128 0x3
 2255 05b5 12000000 		.4byte	.LVL90
 2256 05b9 32040000 		.4byte	0x432
 2257 05bd CC050000 		.4byte	0x5cc
 2258 05c1 01       		.uleb128 0x1
 2259 05c2 01       		.uleb128 0x1
 2260 05c3 50       		.byte	0x50
 2261 05c4 01       		.uleb128 0x1
 2262 05c5 37       		.byte	0x37
 2263 05c6 01       		.uleb128 0x1
 2264 05c7 01       		.uleb128 0x1
 2265 05c8 51       		.byte	0x51
 2266 05c9 01       		.uleb128 0x1
 2267 05ca 36       		.byte	0x36
 2268 05cb 00       		.byte	0
 2269 05cc 03       		.uleb128 0x3
 2270 05cd 1A000000 		.4byte	.LVL91
 2271 05d1 32040000 		.4byte	0x432
 2272 05d5 E4050000 		.4byte	0x5e4
 2273 05d9 01       		.uleb128 0x1
 2274 05da 01       		.uleb128 0x1
 2275 05db 50       		.byte	0x50
 2276 05dc 01       		.uleb128 0x1
 2277 05dd 38       		.byte	0x38
 2278 05de 01       		.uleb128 0x1
 2279 05df 01       		.uleb128 0x1
 2280 05e0 51       		.byte	0x51
ARM GAS  /tmp/ccER9TBa.s 			page 41


 2281 05e1 01       		.uleb128 0x1
 2282 05e2 36       		.byte	0x36
 2283 05e3 00       		.byte	0
 2284 05e4 03       		.uleb128 0x3
 2285 05e5 22000000 		.4byte	.LVL92
 2286 05e9 32040000 		.4byte	0x432
 2287 05ed FC050000 		.4byte	0x5fc
 2288 05f1 01       		.uleb128 0x1
 2289 05f2 01       		.uleb128 0x1
 2290 05f3 50       		.byte	0x50
 2291 05f4 01       		.uleb128 0x1
 2292 05f5 39       		.byte	0x39
 2293 05f6 01       		.uleb128 0x1
 2294 05f7 01       		.uleb128 0x1
 2295 05f8 51       		.byte	0x51
 2296 05f9 01       		.uleb128 0x1
 2297 05fa 36       		.byte	0x36
 2298 05fb 00       		.byte	0
 2299 05fc 03       		.uleb128 0x3
 2300 05fd 2A000000 		.4byte	.LVL93
 2301 0601 32040000 		.4byte	0x432
 2302 0605 14060000 		.4byte	0x614
 2303 0609 01       		.uleb128 0x1
 2304 060a 01       		.uleb128 0x1
 2305 060b 50       		.byte	0x50
 2306 060c 01       		.uleb128 0x1
 2307 060d 3A       		.byte	0x3a
 2308 060e 01       		.uleb128 0x1
 2309 060f 01       		.uleb128 0x1
 2310 0610 51       		.byte	0x51
 2311 0611 01       		.uleb128 0x1
 2312 0612 36       		.byte	0x36
 2313 0613 00       		.byte	0
 2314 0614 03       		.uleb128 0x3
 2315 0615 32000000 		.4byte	.LVL94
 2316 0619 32040000 		.4byte	0x432
 2317 061d 2C060000 		.4byte	0x62c
 2318 0621 01       		.uleb128 0x1
 2319 0622 01       		.uleb128 0x1
 2320 0623 50       		.byte	0x50
 2321 0624 01       		.uleb128 0x1
 2322 0625 47       		.byte	0x47
 2323 0626 01       		.uleb128 0x1
 2324 0627 01       		.uleb128 0x1
 2325 0628 51       		.byte	0x51
 2326 0629 01       		.uleb128 0x1
 2327 062a 36       		.byte	0x36
 2328 062b 00       		.byte	0
 2329 062c 03       		.uleb128 0x3
 2330 062d 3A000000 		.4byte	.LVL95
 2331 0631 32040000 		.4byte	0x432
 2332 0635 45060000 		.4byte	0x645
 2333 0639 01       		.uleb128 0x1
 2334 063a 01       		.uleb128 0x1
 2335 063b 50       		.byte	0x50
 2336 063c 02       		.uleb128 0x2
 2337 063d 08       		.byte	0x8
ARM GAS  /tmp/ccER9TBa.s 			page 42


 2338 063e 28       		.byte	0x28
 2339 063f 01       		.uleb128 0x1
 2340 0640 01       		.uleb128 0x1
 2341 0641 51       		.byte	0x51
 2342 0642 01       		.uleb128 0x1
 2343 0643 36       		.byte	0x36
 2344 0644 00       		.byte	0
 2345 0645 03       		.uleb128 0x3
 2346 0646 42000000 		.4byte	.LVL96
 2347 064a 32040000 		.4byte	0x432
 2348 064e 5D060000 		.4byte	0x65d
 2349 0652 01       		.uleb128 0x1
 2350 0653 01       		.uleb128 0x1
 2351 0654 50       		.byte	0x50
 2352 0655 01       		.uleb128 0x1
 2353 0656 31       		.byte	0x31
 2354 0657 01       		.uleb128 0x1
 2355 0658 01       		.uleb128 0x1
 2356 0659 51       		.byte	0x51
 2357 065a 01       		.uleb128 0x1
 2358 065b 33       		.byte	0x33
 2359 065c 00       		.byte	0
 2360 065d 03       		.uleb128 0x3
 2361 065e 4A000000 		.4byte	.LVL97
 2362 0662 32040000 		.4byte	0x432
 2363 0666 76060000 		.4byte	0x676
 2364 066a 01       		.uleb128 0x1
 2365 066b 01       		.uleb128 0x1
 2366 066c 50       		.byte	0x50
 2367 066d 02       		.uleb128 0x2
 2368 066e 08       		.byte	0x8
 2369 066f 29       		.byte	0x29
 2370 0670 01       		.uleb128 0x1
 2371 0671 01       		.uleb128 0x1
 2372 0672 51       		.byte	0x51
 2373 0673 01       		.uleb128 0x1
 2374 0674 33       		.byte	0x33
 2375 0675 00       		.byte	0
 2376 0676 03       		.uleb128 0x3
 2377 0677 52000000 		.4byte	.LVL98
 2378 067b 32040000 		.4byte	0x432
 2379 067f 8F060000 		.4byte	0x68f
 2380 0683 01       		.uleb128 0x1
 2381 0684 01       		.uleb128 0x1
 2382 0685 50       		.byte	0x50
 2383 0686 02       		.uleb128 0x2
 2384 0687 08       		.byte	0x8
 2385 0688 4C       		.byte	0x4c
 2386 0689 01       		.uleb128 0x1
 2387 068a 01       		.uleb128 0x1
 2388 068b 51       		.byte	0x51
 2389 068c 01       		.uleb128 0x1
 2390 068d 36       		.byte	0x36
 2391 068e 00       		.byte	0
 2392 068f 03       		.uleb128 0x3
 2393 0690 5A000000 		.4byte	.LVL99
 2394 0694 32040000 		.4byte	0x432
ARM GAS  /tmp/ccER9TBa.s 			page 43


 2395 0698 A7060000 		.4byte	0x6a7
 2396 069c 01       		.uleb128 0x1
 2397 069d 01       		.uleb128 0x1
 2398 069e 50       		.byte	0x50
 2399 069f 01       		.uleb128 0x1
 2400 06a0 32       		.byte	0x32
 2401 06a1 01       		.uleb128 0x1
 2402 06a2 01       		.uleb128 0x1
 2403 06a3 51       		.byte	0x51
 2404 06a4 01       		.uleb128 0x1
 2405 06a5 36       		.byte	0x36
 2406 06a6 00       		.byte	0
 2407 06a7 03       		.uleb128 0x3
 2408 06a8 62000000 		.4byte	.LVL100
 2409 06ac 32040000 		.4byte	0x432
 2410 06b0 BF060000 		.4byte	0x6bf
 2411 06b4 01       		.uleb128 0x1
 2412 06b5 01       		.uleb128 0x1
 2413 06b6 50       		.byte	0x50
 2414 06b7 01       		.uleb128 0x1
 2415 06b8 33       		.byte	0x33
 2416 06b9 01       		.uleb128 0x1
 2417 06ba 01       		.uleb128 0x1
 2418 06bb 51       		.byte	0x51
 2419 06bc 01       		.uleb128 0x1
 2420 06bd 36       		.byte	0x36
 2421 06be 00       		.byte	0
 2422 06bf 03       		.uleb128 0x3
 2423 06c0 6A000000 		.4byte	.LVL101
 2424 06c4 32040000 		.4byte	0x432
 2425 06c8 D8060000 		.4byte	0x6d8
 2426 06cc 01       		.uleb128 0x1
 2427 06cd 01       		.uleb128 0x1
 2428 06ce 50       		.byte	0x50
 2429 06cf 02       		.uleb128 0x2
 2430 06d0 08       		.byte	0x8
 2431 06d1 40       		.byte	0x40
 2432 06d2 01       		.uleb128 0x1
 2433 06d3 01       		.uleb128 0x1
 2434 06d4 51       		.byte	0x51
 2435 06d5 01       		.uleb128 0x1
 2436 06d6 36       		.byte	0x36
 2437 06d7 00       		.byte	0
 2438 06d8 03       		.uleb128 0x3
 2439 06d9 72000000 		.4byte	.LVL102
 2440 06dd 32040000 		.4byte	0x432
 2441 06e1 F1060000 		.4byte	0x6f1
 2442 06e5 01       		.uleb128 0x1
 2443 06e6 01       		.uleb128 0x1
 2444 06e7 50       		.byte	0x50
 2445 06e8 02       		.uleb128 0x2
 2446 06e9 08       		.byte	0x8
 2447 06ea 41       		.byte	0x41
 2448 06eb 01       		.uleb128 0x1
 2449 06ec 01       		.uleb128 0x1
 2450 06ed 51       		.byte	0x51
 2451 06ee 01       		.uleb128 0x1
ARM GAS  /tmp/ccER9TBa.s 			page 44


 2452 06ef 36       		.byte	0x36
 2453 06f0 00       		.byte	0
 2454 06f1 14       		.uleb128 0x14
 2455 06f2 7A000000 		.4byte	.LVL103
 2456 06f6 32040000 		.4byte	0x432
 2457 06fa 01       		.uleb128 0x1
 2458 06fb 01       		.uleb128 0x1
 2459 06fc 50       		.byte	0x50
 2460 06fd 02       		.uleb128 0x2
 2461 06fe 08       		.byte	0x8
 2462 06ff 42       		.byte	0x42
 2463 0700 01       		.uleb128 0x1
 2464 0701 01       		.uleb128 0x1
 2465 0702 51       		.byte	0x51
 2466 0703 01       		.uleb128 0x1
 2467 0704 36       		.byte	0x36
 2468 0705 00       		.byte	0
 2469 0706 00       		.byte	0
 2470 0707 0A       		.uleb128 0xa
 2471 0708 35010000 		.4byte	.LASF115
 2472 070c 7E01     		.2byte	0x17e
 2473 070e 01       		.byte	0x1
 2474 070f 00000000 		.4byte	.LFB247
 2475 0713 2C000000 		.4byte	.LFE247-.LFB247
 2476 0717 01       		.uleb128 0x1
 2477 0718 9C       		.byte	0x9c
 2478 0719 4A070000 		.4byte	0x74a
 2479 071d 0D       		.uleb128 0xd
 2480 071e 70723200 		.ascii	"pr2\000"
 2481 0722 7F01     		.2byte	0x17f
 2482 0724 65000000 		.4byte	0x65
 2483 0728 10000000 		.4byte	.LLST14
 2484 072c 0C000000 		.4byte	.LVUS14
 2485 0730 04       		.uleb128 0x4
 2486 0731 1C000000 		.4byte	.LVL87
 2487 0735 40070000 		.4byte	0x740
 2488 0739 01       		.uleb128 0x1
 2489 073a 01       		.uleb128 0x1
 2490 073b 51       		.byte	0x51
 2491 073c 02       		.uleb128 0x2
 2492 073d 08       		.byte	0x8
 2493 073e 21       		.byte	0x21
 2494 073f 00       		.byte	0
 2495 0740 05       		.uleb128 0x5
 2496 0741 20000000 		.4byte	.LVL88
 2497 0745 47040000 		.4byte	0x447
 2498 0749 00       		.byte	0
 2499 074a 0A       		.uleb128 0xa
 2500 074b 2B010000 		.4byte	.LASF117
 2501 074f 6201     		.2byte	0x162
 2502 0751 01       		.byte	0x1
 2503 0752 00000000 		.4byte	.LFB246
 2504 0756 60000000 		.4byte	.LFE246-.LFB246
 2505 075a 01       		.uleb128 0x1
 2506 075b 9C       		.byte	0x9c
 2507 075c A6070000 		.4byte	0x7a6
 2508 0760 0D       		.uleb128 0xd
ARM GAS  /tmp/ccER9TBa.s 			page 45


 2509 0761 707200   		.ascii	"pr\000"
 2510 0764 6301     		.2byte	0x163
 2511 0766 65000000 		.4byte	0x65
 2512 076a 29000000 		.4byte	.LLST13
 2513 076e 21000000 		.4byte	.LVUS13
 2514 0772 04       		.uleb128 0x4
 2515 0773 22000000 		.4byte	.LVL78
 2516 0777 81070000 		.4byte	0x781
 2517 077b 01       		.uleb128 0x1
 2518 077c 01       		.uleb128 0x1
 2519 077d 51       		.byte	0x51
 2520 077e 01       		.uleb128 0x1
 2521 077f 4E       		.byte	0x4e
 2522 0780 00       		.byte	0
 2523 0781 04       		.uleb128 0x4
 2524 0782 42000000 		.4byte	.LVL81
 2525 0786 91070000 		.4byte	0x791
 2526 078a 01       		.uleb128 0x1
 2527 078b 01       		.uleb128 0x1
 2528 078c 51       		.byte	0x51
 2529 078d 02       		.uleb128 0x2
 2530 078e 08       		.byte	0x8
 2531 078f 20       		.byte	0x20
 2532 0790 00       		.byte	0
 2533 0791 05       		.uleb128 0x5
 2534 0792 46000000 		.4byte	.LVL82
 2535 0796 47040000 		.4byte	0x447
 2536 079a 24       		.uleb128 0x24
 2537 079b 54000000 		.4byte	.LVL84
 2538 079f 01       		.uleb128 0x1
 2539 07a0 01       		.uleb128 0x1
 2540 07a1 51       		.byte	0x51
 2541 07a2 01       		.uleb128 0x1
 2542 07a3 4F       		.byte	0x4f
 2543 07a4 00       		.byte	0
 2544 07a5 00       		.byte	0
 2545 07a6 0A       		.uleb128 0xa
 2546 07a7 14010000 		.4byte	.LASF118
 2547 07ab 4901     		.2byte	0x149
 2548 07ad 01       		.byte	0x1
 2549 07ae 00000000 		.4byte	.LFB245
 2550 07b2 5C000000 		.4byte	.LFE245-.LFB245
 2551 07b6 01       		.uleb128 0x1
 2552 07b7 9C       		.byte	0x9c
 2553 07b8 05080000 		.4byte	0x805
 2554 07bc 0D       		.uleb128 0xd
 2555 07bd 707200   		.ascii	"pr\000"
 2556 07c0 4A01     		.2byte	0x14a
 2557 07c2 65000000 		.4byte	0x65
 2558 07c6 46000000 		.4byte	.LLST12
 2559 07ca 44000000 		.4byte	.LVUS12
 2560 07ce 04       		.uleb128 0x4
 2561 07cf 2A000000 		.4byte	.LVL71
 2562 07d3 DD070000 		.4byte	0x7dd
 2563 07d7 01       		.uleb128 0x1
 2564 07d8 01       		.uleb128 0x1
 2565 07d9 51       		.byte	0x51
ARM GAS  /tmp/ccER9TBa.s 			page 46


 2566 07da 01       		.uleb128 0x1
 2567 07db 45       		.byte	0x45
 2568 07dc 00       		.byte	0
 2569 07dd 04       		.uleb128 0x4
 2570 07de 3C000000 		.4byte	.LVL72
 2571 07e2 EC070000 		.4byte	0x7ec
 2572 07e6 01       		.uleb128 0x1
 2573 07e7 01       		.uleb128 0x1
 2574 07e8 51       		.byte	0x51
 2575 07e9 01       		.uleb128 0x1
 2576 07ea 46       		.byte	0x46
 2577 07eb 00       		.byte	0
 2578 07ec 04       		.uleb128 0x4
 2579 07ed 4E000000 		.4byte	.LVL73
 2580 07f1 FB070000 		.4byte	0x7fb
 2581 07f5 01       		.uleb128 0x1
 2582 07f6 01       		.uleb128 0x1
 2583 07f7 51       		.byte	0x51
 2584 07f8 01       		.uleb128 0x1
 2585 07f9 4D       		.byte	0x4d
 2586 07fa 00       		.byte	0
 2587 07fb 05       		.uleb128 0x5
 2588 07fc 52000000 		.4byte	.LVL74
 2589 0800 47040000 		.4byte	0x447
 2590 0804 00       		.byte	0
 2591 0805 0A       		.uleb128 0xa
 2592 0806 31020000 		.4byte	.LASF119
 2593 080a 3401     		.2byte	0x134
 2594 080c 01       		.byte	0x1
 2595 080d 00000000 		.4byte	.LFB244
 2596 0811 2C000000 		.4byte	.LFE244-.LFB244
 2597 0815 01       		.uleb128 0x1
 2598 0816 9C       		.byte	0x9c
 2599 0817 46080000 		.4byte	0x846
 2600 081b 0D       		.uleb128 0xd
 2601 081c 707200   		.ascii	"pr\000"
 2602 081f 3501     		.2byte	0x135
 2603 0821 65000000 		.4byte	0x65
 2604 0825 53000000 		.4byte	.LLST11
 2605 0829 4F000000 		.4byte	.LVUS11
 2606 082d 04       		.uleb128 0x4
 2607 082e 1E000000 		.4byte	.LVL67
 2608 0832 3C080000 		.4byte	0x83c
 2609 0836 01       		.uleb128 0x1
 2610 0837 01       		.uleb128 0x1
 2611 0838 51       		.byte	0x51
 2612 0839 01       		.uleb128 0x1
 2613 083a 44       		.byte	0x44
 2614 083b 00       		.byte	0
 2615 083c 05       		.uleb128 0x5
 2616 083d 22000000 		.4byte	.LVL68
 2617 0841 47040000 		.4byte	0x447
 2618 0845 00       		.byte	0
 2619 0846 0A       		.uleb128 0xa
 2620 0847 16020000 		.4byte	.LASF120
 2621 084b 1F01     		.2byte	0x11f
 2622 084d 01       		.byte	0x1
ARM GAS  /tmp/ccER9TBa.s 			page 47


 2623 084e 00000000 		.4byte	.LFB243
 2624 0852 2C000000 		.4byte	.LFE243-.LFB243
 2625 0856 01       		.uleb128 0x1
 2626 0857 9C       		.byte	0x9c
 2627 0858 87080000 		.4byte	0x887
 2628 085c 0D       		.uleb128 0xd
 2629 085d 707200   		.ascii	"pr\000"
 2630 0860 2001     		.2byte	0x120
 2631 0862 65000000 		.4byte	0x65
 2632 0866 68000000 		.4byte	.LLST10
 2633 086a 64000000 		.4byte	.LVUS10
 2634 086e 04       		.uleb128 0x4
 2635 086f 1E000000 		.4byte	.LVL62
 2636 0873 7D080000 		.4byte	0x87d
 2637 0877 01       		.uleb128 0x1
 2638 0878 01       		.uleb128 0x1
 2639 0879 51       		.byte	0x51
 2640 087a 01       		.uleb128 0x1
 2641 087b 43       		.byte	0x43
 2642 087c 00       		.byte	0
 2643 087d 05       		.uleb128 0x5
 2644 087e 22000000 		.4byte	.LVL63
 2645 0882 47040000 		.4byte	0x447
 2646 0886 00       		.byte	0
 2647 0887 0A       		.uleb128 0xa
 2648 0888 2B050000 		.4byte	.LASF121
 2649 088c 0A01     		.2byte	0x10a
 2650 088e 01       		.byte	0x1
 2651 088f 00000000 		.4byte	.LFB242
 2652 0893 2C000000 		.4byte	.LFE242-.LFB242
 2653 0897 01       		.uleb128 0x1
 2654 0898 9C       		.byte	0x9c
 2655 0899 C8080000 		.4byte	0x8c8
 2656 089d 0D       		.uleb128 0xd
 2657 089e 707200   		.ascii	"pr\000"
 2658 08a1 0B01     		.2byte	0x10b
 2659 08a3 65000000 		.4byte	0x65
 2660 08a7 7D000000 		.4byte	.LLST9
 2661 08ab 79000000 		.4byte	.LVUS9
 2662 08af 04       		.uleb128 0x4
 2663 08b0 1E000000 		.4byte	.LVL57
 2664 08b4 BE080000 		.4byte	0x8be
 2665 08b8 01       		.uleb128 0x1
 2666 08b9 01       		.uleb128 0x1
 2667 08ba 51       		.byte	0x51
 2668 08bb 01       		.uleb128 0x1
 2669 08bc 42       		.byte	0x42
 2670 08bd 00       		.byte	0
 2671 08be 05       		.uleb128 0x5
 2672 08bf 22000000 		.4byte	.LVL58
 2673 08c3 47040000 		.4byte	0x447
 2674 08c7 00       		.byte	0
 2675 08c8 0B       		.uleb128 0xb
 2676 08c9 94040000 		.4byte	.LASF122
 2677 08cd F5       		.byte	0xf5
 2678 08ce 00000000 		.4byte	.LFB241
 2679 08d2 2C000000 		.4byte	.LFE241-.LFB241
ARM GAS  /tmp/ccER9TBa.s 			page 48


 2680 08d6 01       		.uleb128 0x1
 2681 08d7 9C       		.byte	0x9c
 2682 08d8 06090000 		.4byte	0x906
 2683 08dc 08       		.uleb128 0x8
 2684 08dd 707200   		.ascii	"pr\000"
 2685 08e0 F6       		.byte	0xf6
 2686 08e1 65000000 		.4byte	0x65
 2687 08e5 92000000 		.4byte	.LLST8
 2688 08e9 8E000000 		.4byte	.LVUS8
 2689 08ed 04       		.uleb128 0x4
 2690 08ee 1E000000 		.4byte	.LVL52
 2691 08f2 FC080000 		.4byte	0x8fc
 2692 08f6 01       		.uleb128 0x1
 2693 08f7 01       		.uleb128 0x1
 2694 08f8 51       		.byte	0x51
 2695 08f9 01       		.uleb128 0x1
 2696 08fa 41       		.byte	0x41
 2697 08fb 00       		.byte	0
 2698 08fc 05       		.uleb128 0x5
 2699 08fd 22000000 		.4byte	.LVL53
 2700 0901 47040000 		.4byte	0x447
 2701 0905 00       		.byte	0
 2702 0906 0B       		.uleb128 0xb
 2703 0907 FC040000 		.4byte	.LASF123
 2704 090b E0       		.byte	0xe0
 2705 090c 00000000 		.4byte	.LFB240
 2706 0910 2C000000 		.4byte	.LFE240-.LFB240
 2707 0914 01       		.uleb128 0x1
 2708 0915 9C       		.byte	0x9c
 2709 0916 44090000 		.4byte	0x944
 2710 091a 08       		.uleb128 0x8
 2711 091b 707200   		.ascii	"pr\000"
 2712 091e E1       		.byte	0xe1
 2713 091f 65000000 		.4byte	0x65
 2714 0923 A7000000 		.4byte	.LLST7
 2715 0927 A3000000 		.4byte	.LVUS7
 2716 092b 04       		.uleb128 0x4
 2717 092c 1E000000 		.4byte	.LVL47
 2718 0930 3A090000 		.4byte	0x93a
 2719 0934 01       		.uleb128 0x1
 2720 0935 01       		.uleb128 0x1
 2721 0936 51       		.byte	0x51
 2722 0937 01       		.uleb128 0x1
 2723 0938 40       		.byte	0x40
 2724 0939 00       		.byte	0
 2725 093a 05       		.uleb128 0x5
 2726 093b 22000000 		.4byte	.LVL48
 2727 093f 47040000 		.4byte	0x447
 2728 0943 00       		.byte	0
 2729 0944 0B       		.uleb128 0xb
 2730 0945 05050000 		.4byte	.LASF124
 2731 0949 C0       		.byte	0xc0
 2732 094a 00000000 		.4byte	.LFB239
 2733 094e 80000000 		.4byte	.LFE239-.LFB239
 2734 0952 01       		.uleb128 0x1
 2735 0953 9C       		.byte	0x9c
 2736 0954 CD090000 		.4byte	0x9cd
ARM GAS  /tmp/ccER9TBa.s 			page 49


 2737 0958 08       		.uleb128 0x8
 2738 0959 707200   		.ascii	"pr\000"
 2739 095c C1       		.byte	0xc1
 2740 095d 65000000 		.4byte	0x65
 2741 0961 BA000000 		.4byte	.LLST6
 2742 0965 B8000000 		.4byte	.LVUS6
 2743 0969 04       		.uleb128 0x4
 2744 096a 20000000 		.4byte	.LVL36
 2745 096e 78090000 		.4byte	0x978
 2746 0972 01       		.uleb128 0x1
 2747 0973 01       		.uleb128 0x1
 2748 0974 51       		.byte	0x51
 2749 0975 01       		.uleb128 0x1
 2750 0976 3A       		.byte	0x3a
 2751 0977 00       		.byte	0
 2752 0978 04       		.uleb128 0x4
 2753 0979 30000000 		.4byte	.LVL37
 2754 097d 87090000 		.4byte	0x987
 2755 0981 01       		.uleb128 0x1
 2756 0982 01       		.uleb128 0x1
 2757 0983 51       		.byte	0x51
 2758 0984 01       		.uleb128 0x1
 2759 0985 3B       		.byte	0x3b
 2760 0986 00       		.byte	0
 2761 0987 04       		.uleb128 0x4
 2762 0988 40000000 		.4byte	.LVL38
 2763 098c 96090000 		.4byte	0x996
 2764 0990 01       		.uleb128 0x1
 2765 0991 01       		.uleb128 0x1
 2766 0992 51       		.byte	0x51
 2767 0993 01       		.uleb128 0x1
 2768 0994 3C       		.byte	0x3c
 2769 0995 00       		.byte	0
 2770 0996 04       		.uleb128 0x4
 2771 0997 50000000 		.4byte	.LVL39
 2772 099b A5090000 		.4byte	0x9a5
 2773 099f 01       		.uleb128 0x1
 2774 09a0 01       		.uleb128 0x1
 2775 09a1 51       		.byte	0x51
 2776 09a2 01       		.uleb128 0x1
 2777 09a3 3D       		.byte	0x3d
 2778 09a4 00       		.byte	0
 2779 09a5 04       		.uleb128 0x4
 2780 09a6 60000000 		.4byte	.LVL40
 2781 09aa B4090000 		.4byte	0x9b4
 2782 09ae 01       		.uleb128 0x1
 2783 09af 01       		.uleb128 0x1
 2784 09b0 51       		.byte	0x51
 2785 09b1 01       		.uleb128 0x1
 2786 09b2 3E       		.byte	0x3e
 2787 09b3 00       		.byte	0
 2788 09b4 04       		.uleb128 0x4
 2789 09b5 70000000 		.4byte	.LVL41
 2790 09b9 C3090000 		.4byte	0x9c3
 2791 09bd 01       		.uleb128 0x1
 2792 09be 01       		.uleb128 0x1
 2793 09bf 51       		.byte	0x51
ARM GAS  /tmp/ccER9TBa.s 			page 50


 2794 09c0 01       		.uleb128 0x1
 2795 09c1 3F       		.byte	0x3f
 2796 09c2 00       		.byte	0
 2797 09c3 05       		.uleb128 0x5
 2798 09c4 74000000 		.4byte	.LVL42
 2799 09c8 47040000 		.4byte	0x447
 2800 09cc 00       		.byte	0
 2801 09cd 0B       		.uleb128 0xb
 2802 09ce 21000000 		.4byte	.LASF125
 2803 09d2 A2       		.byte	0xa2
 2804 09d3 00000000 		.4byte	.LFB238
 2805 09d7 70000000 		.4byte	.LFE238-.LFB238
 2806 09db 01       		.uleb128 0x1
 2807 09dc 9C       		.byte	0x9c
 2808 09dd 470A0000 		.4byte	0xa47
 2809 09e1 08       		.uleb128 0x8
 2810 09e2 707200   		.ascii	"pr\000"
 2811 09e5 A3       		.byte	0xa3
 2812 09e6 65000000 		.4byte	0x65
 2813 09ea C5000000 		.4byte	.LLST5
 2814 09ee C3000000 		.4byte	.LVUS5
 2815 09f2 04       		.uleb128 0x4
 2816 09f3 20000000 		.4byte	.LVL27
 2817 09f7 010A0000 		.4byte	0xa01
 2818 09fb 01       		.uleb128 0x1
 2819 09fc 01       		.uleb128 0x1
 2820 09fd 51       		.byte	0x51
 2821 09fe 01       		.uleb128 0x1
 2822 09ff 35       		.byte	0x35
 2823 0a00 00       		.byte	0
 2824 0a01 04       		.uleb128 0x4
 2825 0a02 30000000 		.4byte	.LVL28
 2826 0a06 100A0000 		.4byte	0xa10
 2827 0a0a 01       		.uleb128 0x1
 2828 0a0b 01       		.uleb128 0x1
 2829 0a0c 51       		.byte	0x51
 2830 0a0d 01       		.uleb128 0x1
 2831 0a0e 36       		.byte	0x36
 2832 0a0f 00       		.byte	0
 2833 0a10 04       		.uleb128 0x4
 2834 0a11 40000000 		.4byte	.LVL29
 2835 0a15 1F0A0000 		.4byte	0xa1f
 2836 0a19 01       		.uleb128 0x1
 2837 0a1a 01       		.uleb128 0x1
 2838 0a1b 51       		.byte	0x51
 2839 0a1c 01       		.uleb128 0x1
 2840 0a1d 37       		.byte	0x37
 2841 0a1e 00       		.byte	0
 2842 0a1f 04       		.uleb128 0x4
 2843 0a20 50000000 		.4byte	.LVL30
 2844 0a24 2E0A0000 		.4byte	0xa2e
 2845 0a28 01       		.uleb128 0x1
 2846 0a29 01       		.uleb128 0x1
 2847 0a2a 51       		.byte	0x51
 2848 0a2b 01       		.uleb128 0x1
 2849 0a2c 38       		.byte	0x38
 2850 0a2d 00       		.byte	0
ARM GAS  /tmp/ccER9TBa.s 			page 51


 2851 0a2e 04       		.uleb128 0x4
 2852 0a2f 60000000 		.4byte	.LVL31
 2853 0a33 3D0A0000 		.4byte	0xa3d
 2854 0a37 01       		.uleb128 0x1
 2855 0a38 01       		.uleb128 0x1
 2856 0a39 51       		.byte	0x51
 2857 0a3a 01       		.uleb128 0x1
 2858 0a3b 39       		.byte	0x39
 2859 0a3c 00       		.byte	0
 2860 0a3d 05       		.uleb128 0x5
 2861 0a3e 64000000 		.4byte	.LVL32
 2862 0a42 47040000 		.4byte	0x447
 2863 0a46 00       		.byte	0
 2864 0a47 0B       		.uleb128 0xb
 2865 0a48 96000000 		.4byte	.LASF126
 2866 0a4c 8D       		.byte	0x8d
 2867 0a4d 00000000 		.4byte	.LFB237
 2868 0a51 2C000000 		.4byte	.LFE237-.LFB237
 2869 0a55 01       		.uleb128 0x1
 2870 0a56 9C       		.byte	0x9c
 2871 0a57 850A0000 		.4byte	0xa85
 2872 0a5b 08       		.uleb128 0x8
 2873 0a5c 707200   		.ascii	"pr\000"
 2874 0a5f 8E       		.byte	0x8e
 2875 0a60 65000000 		.4byte	0x65
 2876 0a64 D2000000 		.4byte	.LLST4
 2877 0a68 CE000000 		.4byte	.LVUS4
 2878 0a6c 04       		.uleb128 0x4
 2879 0a6d 1C000000 		.4byte	.LVL23
 2880 0a71 7B0A0000 		.4byte	0xa7b
 2881 0a75 01       		.uleb128 0x1
 2882 0a76 01       		.uleb128 0x1
 2883 0a77 51       		.byte	0x51
 2884 0a78 01       		.uleb128 0x1
 2885 0a79 34       		.byte	0x34
 2886 0a7a 00       		.byte	0
 2887 0a7b 05       		.uleb128 0x5
 2888 0a7c 20000000 		.4byte	.LVL24
 2889 0a80 47040000 		.4byte	0x447
 2890 0a84 00       		.byte	0
 2891 0a85 0B       		.uleb128 0xb
 2892 0a86 50050000 		.4byte	.LASF127
 2893 0a8a 78       		.byte	0x78
 2894 0a8b 00000000 		.4byte	.LFB236
 2895 0a8f 2C000000 		.4byte	.LFE236-.LFB236
 2896 0a93 01       		.uleb128 0x1
 2897 0a94 9C       		.byte	0x9c
 2898 0a95 C30A0000 		.4byte	0xac3
 2899 0a99 08       		.uleb128 0x8
 2900 0a9a 707200   		.ascii	"pr\000"
 2901 0a9d 79       		.byte	0x79
 2902 0a9e 65000000 		.4byte	0x65
 2903 0aa2 E7000000 		.4byte	.LLST3
 2904 0aa6 E3000000 		.4byte	.LVUS3
 2905 0aaa 04       		.uleb128 0x4
 2906 0aab 1C000000 		.4byte	.LVL18
 2907 0aaf B90A0000 		.4byte	0xab9
ARM GAS  /tmp/ccER9TBa.s 			page 52


 2908 0ab3 01       		.uleb128 0x1
 2909 0ab4 01       		.uleb128 0x1
 2910 0ab5 51       		.byte	0x51
 2911 0ab6 01       		.uleb128 0x1
 2912 0ab7 33       		.byte	0x33
 2913 0ab8 00       		.byte	0
 2914 0ab9 05       		.uleb128 0x5
 2915 0aba 20000000 		.4byte	.LVL19
 2916 0abe 47040000 		.4byte	0x447
 2917 0ac2 00       		.byte	0
 2918 0ac3 0B       		.uleb128 0xb
 2919 0ac4 34050000 		.4byte	.LASF128
 2920 0ac8 63       		.byte	0x63
 2921 0ac9 00000000 		.4byte	.LFB235
 2922 0acd 2C000000 		.4byte	.LFE235-.LFB235
 2923 0ad1 01       		.uleb128 0x1
 2924 0ad2 9C       		.byte	0x9c
 2925 0ad3 010B0000 		.4byte	0xb01
 2926 0ad7 08       		.uleb128 0x8
 2927 0ad8 707200   		.ascii	"pr\000"
 2928 0adb 64       		.byte	0x64
 2929 0adc 65000000 		.4byte	0x65
 2930 0ae0 FC000000 		.4byte	.LLST2
 2931 0ae4 F8000000 		.4byte	.LVUS2
 2932 0ae8 04       		.uleb128 0x4
 2933 0ae9 1C000000 		.4byte	.LVL13
 2934 0aed F70A0000 		.4byte	0xaf7
 2935 0af1 01       		.uleb128 0x1
 2936 0af2 01       		.uleb128 0x1
 2937 0af3 51       		.byte	0x51
 2938 0af4 01       		.uleb128 0x1
 2939 0af5 32       		.byte	0x32
 2940 0af6 00       		.byte	0
 2941 0af7 05       		.uleb128 0x5
 2942 0af8 20000000 		.4byte	.LVL14
 2943 0afc 47040000 		.4byte	0x447
 2944 0b00 00       		.byte	0
 2945 0b01 0B       		.uleb128 0xb
 2946 0b02 26030000 		.4byte	.LASF129
 2947 0b06 4E       		.byte	0x4e
 2948 0b07 00000000 		.4byte	.LFB234
 2949 0b0b 2C000000 		.4byte	.LFE234-.LFB234
 2950 0b0f 01       		.uleb128 0x1
 2951 0b10 9C       		.byte	0x9c
 2952 0b11 3F0B0000 		.4byte	0xb3f
 2953 0b15 08       		.uleb128 0x8
 2954 0b16 707200   		.ascii	"pr\000"
 2955 0b19 4F       		.byte	0x4f
 2956 0b1a 65000000 		.4byte	0x65
 2957 0b1e 11010000 		.4byte	.LLST1
 2958 0b22 0D010000 		.4byte	.LVUS1
 2959 0b26 04       		.uleb128 0x4
 2960 0b27 1C000000 		.4byte	.LVL8
 2961 0b2b 350B0000 		.4byte	0xb35
 2962 0b2f 01       		.uleb128 0x1
 2963 0b30 01       		.uleb128 0x1
 2964 0b31 51       		.byte	0x51
ARM GAS  /tmp/ccER9TBa.s 			page 53


 2965 0b32 01       		.uleb128 0x1
 2966 0b33 31       		.byte	0x31
 2967 0b34 00       		.byte	0
 2968 0b35 05       		.uleb128 0x5
 2969 0b36 20000000 		.4byte	.LVL9
 2970 0b3a 47040000 		.4byte	0x447
 2971 0b3e 00       		.byte	0
 2972 0b3f 25       		.uleb128 0x25
 2973 0b40 FC020000 		.4byte	.LASF134
 2974 0b44 01       		.byte	0x1
 2975 0b45 39       		.byte	0x39
 2976 0b46 01       		.byte	0x1
 2977 0b47 00000000 		.4byte	.LFB233
 2978 0b4b 2C000000 		.4byte	.LFE233-.LFB233
 2979 0b4f 01       		.uleb128 0x1
 2980 0b50 9C       		.byte	0x9c
 2981 0b51 08       		.uleb128 0x8
 2982 0b52 707200   		.ascii	"pr\000"
 2983 0b55 3A       		.byte	0x3a
 2984 0b56 65000000 		.4byte	0x65
 2985 0b5a 26010000 		.4byte	.LLST0
 2986 0b5e 22010000 		.4byte	.LVUS0
 2987 0b62 04       		.uleb128 0x4
 2988 0b63 1C000000 		.4byte	.LVL3
 2989 0b67 710B0000 		.4byte	0xb71
 2990 0b6b 01       		.uleb128 0x1
 2991 0b6c 01       		.uleb128 0x1
 2992 0b6d 51       		.byte	0x51
 2993 0b6e 01       		.uleb128 0x1
 2994 0b6f 30       		.byte	0x30
 2995 0b70 00       		.byte	0
 2996 0b71 05       		.uleb128 0x5
 2997 0b72 20000000 		.4byte	.LVL4
 2998 0b76 47040000 		.4byte	0x447
 2999 0b7a 00       		.byte	0
 3000 0b7b 00       		.byte	0
 3001              		.section	.debug_abbrev,"",%progbits
 3002              	.Ldebug_abbrev0:
 3003 0000 01       		.uleb128 0x1
 3004 0001 49       		.uleb128 0x49
 3005 0002 00       		.byte	0
 3006 0003 02       		.uleb128 0x2
 3007 0004 18       		.uleb128 0x18
 3008 0005 7E       		.uleb128 0x7e
 3009 0006 18       		.uleb128 0x18
 3010 0007 00       		.byte	0
 3011 0008 00       		.byte	0
 3012 0009 02       		.uleb128 0x2
 3013 000a 28       		.uleb128 0x28
 3014 000b 00       		.byte	0
 3015 000c 03       		.uleb128 0x3
 3016 000d 0E       		.uleb128 0xe
 3017 000e 1C       		.uleb128 0x1c
 3018 000f 0B       		.uleb128 0xb
 3019 0010 00       		.byte	0
 3020 0011 00       		.byte	0
 3021 0012 03       		.uleb128 0x3
ARM GAS  /tmp/ccER9TBa.s 			page 54


 3022 0013 48       		.uleb128 0x48
 3023 0014 01       		.byte	0x1
 3024 0015 7D       		.uleb128 0x7d
 3025 0016 01       		.uleb128 0x1
 3026 0017 7F       		.uleb128 0x7f
 3027 0018 13       		.uleb128 0x13
 3028 0019 01       		.uleb128 0x1
 3029 001a 13       		.uleb128 0x13
 3030 001b 00       		.byte	0
 3031 001c 00       		.byte	0
 3032 001d 04       		.uleb128 0x4
 3033 001e 48       		.uleb128 0x48
 3034 001f 01       		.byte	0x1
 3035 0020 7D       		.uleb128 0x7d
 3036 0021 01       		.uleb128 0x1
 3037 0022 01       		.uleb128 0x1
 3038 0023 13       		.uleb128 0x13
 3039 0024 00       		.byte	0
 3040 0025 00       		.byte	0
 3041 0026 05       		.uleb128 0x5
 3042 0027 48       		.uleb128 0x48
 3043 0028 00       		.byte	0
 3044 0029 7D       		.uleb128 0x7d
 3045 002a 01       		.uleb128 0x1
 3046 002b 7F       		.uleb128 0x7f
 3047 002c 13       		.uleb128 0x13
 3048 002d 00       		.byte	0
 3049 002e 00       		.byte	0
 3050 002f 06       		.uleb128 0x6
 3051 0030 24       		.uleb128 0x24
 3052 0031 00       		.byte	0
 3053 0032 0B       		.uleb128 0xb
 3054 0033 0B       		.uleb128 0xb
 3055 0034 3E       		.uleb128 0x3e
 3056 0035 0B       		.uleb128 0xb
 3057 0036 03       		.uleb128 0x3
 3058 0037 0E       		.uleb128 0xe
 3059 0038 00       		.byte	0
 3060 0039 00       		.byte	0
 3061 003a 07       		.uleb128 0x7
 3062 003b 0D       		.uleb128 0xd
 3063 003c 00       		.byte	0
 3064 003d 03       		.uleb128 0x3
 3065 003e 0E       		.uleb128 0xe
 3066 003f 3A       		.uleb128 0x3a
 3067 0040 21       		.uleb128 0x21
 3068 0041 02       		.sleb128 2
 3069 0042 3B       		.uleb128 0x3b
 3070 0043 05       		.uleb128 0x5
 3071 0044 39       		.uleb128 0x39
 3072 0045 21       		.uleb128 0x21
 3073 0046 11       		.sleb128 17
 3074 0047 49       		.uleb128 0x49
 3075 0048 13       		.uleb128 0x13
 3076 0049 38       		.uleb128 0x38
 3077 004a 0B       		.uleb128 0xb
 3078 004b 00       		.byte	0
ARM GAS  /tmp/ccER9TBa.s 			page 55


 3079 004c 00       		.byte	0
 3080 004d 08       		.uleb128 0x8
 3081 004e 34       		.uleb128 0x34
 3082 004f 00       		.byte	0
 3083 0050 03       		.uleb128 0x3
 3084 0051 08       		.uleb128 0x8
 3085 0052 3A       		.uleb128 0x3a
 3086 0053 21       		.uleb128 0x21
 3087 0054 01       		.sleb128 1
 3088 0055 3B       		.uleb128 0x3b
 3089 0056 0B       		.uleb128 0xb
 3090 0057 39       		.uleb128 0x39
 3091 0058 21       		.uleb128 0x21
 3092 0059 0C       		.sleb128 12
 3093 005a 49       		.uleb128 0x49
 3094 005b 13       		.uleb128 0x13
 3095 005c 02       		.uleb128 0x2
 3096 005d 17       		.uleb128 0x17
 3097 005e B742     		.uleb128 0x2137
 3098 0060 17       		.uleb128 0x17
 3099 0061 00       		.byte	0
 3100 0062 00       		.byte	0
 3101 0063 09       		.uleb128 0x9
 3102 0064 28       		.uleb128 0x28
 3103 0065 00       		.byte	0
 3104 0066 03       		.uleb128 0x3
 3105 0067 0E       		.uleb128 0xe
 3106 0068 1C       		.uleb128 0x1c
 3107 0069 0D       		.uleb128 0xd
 3108 006a 00       		.byte	0
 3109 006b 00       		.byte	0
 3110 006c 0A       		.uleb128 0xa
 3111 006d 2E       		.uleb128 0x2e
 3112 006e 01       		.byte	0x1
 3113 006f 3F       		.uleb128 0x3f
 3114 0070 19       		.uleb128 0x19
 3115 0071 03       		.uleb128 0x3
 3116 0072 0E       		.uleb128 0xe
 3117 0073 3A       		.uleb128 0x3a
 3118 0074 21       		.uleb128 0x21
 3119 0075 01       		.sleb128 1
 3120 0076 3B       		.uleb128 0x3b
 3121 0077 05       		.uleb128 0x5
 3122 0078 39       		.uleb128 0x39
 3123 0079 0B       		.uleb128 0xb
 3124 007a 27       		.uleb128 0x27
 3125 007b 19       		.uleb128 0x19
 3126 007c 11       		.uleb128 0x11
 3127 007d 01       		.uleb128 0x1
 3128 007e 12       		.uleb128 0x12
 3129 007f 06       		.uleb128 0x6
 3130 0080 40       		.uleb128 0x40
 3131 0081 18       		.uleb128 0x18
 3132 0082 7A       		.uleb128 0x7a
 3133 0083 19       		.uleb128 0x19
 3134 0084 01       		.uleb128 0x1
 3135 0085 13       		.uleb128 0x13
ARM GAS  /tmp/ccER9TBa.s 			page 56


 3136 0086 00       		.byte	0
 3137 0087 00       		.byte	0
 3138 0088 0B       		.uleb128 0xb
 3139 0089 2E       		.uleb128 0x2e
 3140 008a 01       		.byte	0x1
 3141 008b 3F       		.uleb128 0x3f
 3142 008c 19       		.uleb128 0x19
 3143 008d 03       		.uleb128 0x3
 3144 008e 0E       		.uleb128 0xe
 3145 008f 3A       		.uleb128 0x3a
 3146 0090 21       		.uleb128 0x21
 3147 0091 01       		.sleb128 1
 3148 0092 3B       		.uleb128 0x3b
 3149 0093 0B       		.uleb128 0xb
 3150 0094 39       		.uleb128 0x39
 3151 0095 21       		.uleb128 0x21
 3152 0096 01       		.sleb128 1
 3153 0097 27       		.uleb128 0x27
 3154 0098 19       		.uleb128 0x19
 3155 0099 11       		.uleb128 0x11
 3156 009a 01       		.uleb128 0x1
 3157 009b 12       		.uleb128 0x12
 3158 009c 06       		.uleb128 0x6
 3159 009d 40       		.uleb128 0x40
 3160 009e 18       		.uleb128 0x18
 3161 009f 7A       		.uleb128 0x7a
 3162 00a0 19       		.uleb128 0x19
 3163 00a1 01       		.uleb128 0x1
 3164 00a2 13       		.uleb128 0x13
 3165 00a3 00       		.byte	0
 3166 00a4 00       		.byte	0
 3167 00a5 0C       		.uleb128 0xc
 3168 00a6 16       		.uleb128 0x16
 3169 00a7 00       		.byte	0
 3170 00a8 03       		.uleb128 0x3
 3171 00a9 0E       		.uleb128 0xe
 3172 00aa 3A       		.uleb128 0x3a
 3173 00ab 0B       		.uleb128 0xb
 3174 00ac 3B       		.uleb128 0x3b
 3175 00ad 0B       		.uleb128 0xb
 3176 00ae 39       		.uleb128 0x39
 3177 00af 0B       		.uleb128 0xb
 3178 00b0 49       		.uleb128 0x49
 3179 00b1 13       		.uleb128 0x13
 3180 00b2 00       		.byte	0
 3181 00b3 00       		.byte	0
 3182 00b4 0D       		.uleb128 0xd
 3183 00b5 34       		.uleb128 0x34
 3184 00b6 00       		.byte	0
 3185 00b7 03       		.uleb128 0x3
 3186 00b8 08       		.uleb128 0x8
 3187 00b9 3A       		.uleb128 0x3a
 3188 00ba 21       		.uleb128 0x21
 3189 00bb 01       		.sleb128 1
 3190 00bc 3B       		.uleb128 0x3b
 3191 00bd 05       		.uleb128 0x5
 3192 00be 39       		.uleb128 0x39
ARM GAS  /tmp/ccER9TBa.s 			page 57


 3193 00bf 21       		.uleb128 0x21
 3194 00c0 0C       		.sleb128 12
 3195 00c1 49       		.uleb128 0x49
 3196 00c2 13       		.uleb128 0x13
 3197 00c3 02       		.uleb128 0x2
 3198 00c4 17       		.uleb128 0x17
 3199 00c5 B742     		.uleb128 0x2137
 3200 00c7 17       		.uleb128 0x17
 3201 00c8 00       		.byte	0
 3202 00c9 00       		.byte	0
 3203 00ca 0E       		.uleb128 0xe
 3204 00cb 05       		.uleb128 0x5
 3205 00cc 00       		.byte	0
 3206 00cd 49       		.uleb128 0x49
 3207 00ce 13       		.uleb128 0x13
 3208 00cf 00       		.byte	0
 3209 00d0 00       		.byte	0
 3210 00d1 0F       		.uleb128 0xf
 3211 00d2 0D       		.uleb128 0xd
 3212 00d3 00       		.byte	0
 3213 00d4 03       		.uleb128 0x3
 3214 00d5 08       		.uleb128 0x8
 3215 00d6 3A       		.uleb128 0x3a
 3216 00d7 21       		.uleb128 0x21
 3217 00d8 02       		.sleb128 2
 3218 00d9 3B       		.uleb128 0x3b
 3219 00da 05       		.uleb128 0x5
 3220 00db 39       		.uleb128 0x39
 3221 00dc 21       		.uleb128 0x21
 3222 00dd 11       		.sleb128 17
 3223 00de 49       		.uleb128 0x49
 3224 00df 13       		.uleb128 0x13
 3225 00e0 38       		.uleb128 0x38
 3226 00e1 0B       		.uleb128 0xb
 3227 00e2 00       		.byte	0
 3228 00e3 00       		.byte	0
 3229 00e4 10       		.uleb128 0x10
 3230 00e5 0D       		.uleb128 0xd
 3231 00e6 00       		.byte	0
 3232 00e7 03       		.uleb128 0x3
 3233 00e8 0E       		.uleb128 0xe
 3234 00e9 3A       		.uleb128 0x3a
 3235 00ea 21       		.uleb128 0x21
 3236 00eb 05       		.sleb128 5
 3237 00ec 3B       		.uleb128 0x3b
 3238 00ed 0B       		.uleb128 0xb
 3239 00ee 39       		.uleb128 0x39
 3240 00ef 0B       		.uleb128 0xb
 3241 00f0 49       		.uleb128 0x49
 3242 00f1 13       		.uleb128 0x13
 3243 00f2 38       		.uleb128 0x38
 3244 00f3 0B       		.uleb128 0xb
 3245 00f4 00       		.byte	0
 3246 00f5 00       		.byte	0
 3247 00f6 11       		.uleb128 0x11
 3248 00f7 0F       		.uleb128 0xf
 3249 00f8 00       		.byte	0
ARM GAS  /tmp/ccER9TBa.s 			page 58


 3250 00f9 0B       		.uleb128 0xb
 3251 00fa 21       		.uleb128 0x21
 3252 00fb 04       		.sleb128 4
 3253 00fc 49       		.uleb128 0x49
 3254 00fd 13       		.uleb128 0x13
 3255 00fe 00       		.byte	0
 3256 00ff 00       		.byte	0
 3257 0100 12       		.uleb128 0x12
 3258 0101 04       		.uleb128 0x4
 3259 0102 01       		.byte	0x1
 3260 0103 3E       		.uleb128 0x3e
 3261 0104 0B       		.uleb128 0xb
 3262 0105 0B       		.uleb128 0xb
 3263 0106 21       		.uleb128 0x21
 3264 0107 01       		.sleb128 1
 3265 0108 49       		.uleb128 0x49
 3266 0109 13       		.uleb128 0x13
 3267 010a 3A       		.uleb128 0x3a
 3268 010b 0B       		.uleb128 0xb
 3269 010c 3B       		.uleb128 0x3b
 3270 010d 0B       		.uleb128 0xb
 3271 010e 39       		.uleb128 0x39
 3272 010f 0B       		.uleb128 0xb
 3273 0110 01       		.uleb128 0x1
 3274 0111 13       		.uleb128 0x13
 3275 0112 00       		.byte	0
 3276 0113 00       		.byte	0
 3277 0114 13       		.uleb128 0x13
 3278 0115 2E       		.uleb128 0x2e
 3279 0116 01       		.byte	0x1
 3280 0117 3F       		.uleb128 0x3f
 3281 0118 19       		.uleb128 0x19
 3282 0119 03       		.uleb128 0x3
 3283 011a 0E       		.uleb128 0xe
 3284 011b 3A       		.uleb128 0x3a
 3285 011c 21       		.uleb128 0x21
 3286 011d 06       		.sleb128 6
 3287 011e 3B       		.uleb128 0x3b
 3288 011f 0B       		.uleb128 0xb
 3289 0120 39       		.uleb128 0x39
 3290 0121 21       		.uleb128 0x21
 3291 0122 08       		.sleb128 8
 3292 0123 27       		.uleb128 0x27
 3293 0124 19       		.uleb128 0x19
 3294 0125 3C       		.uleb128 0x3c
 3295 0126 19       		.uleb128 0x19
 3296 0127 01       		.uleb128 0x1
 3297 0128 13       		.uleb128 0x13
 3298 0129 00       		.byte	0
 3299 012a 00       		.byte	0
 3300 012b 14       		.uleb128 0x14
 3301 012c 48       		.uleb128 0x48
 3302 012d 01       		.byte	0x1
 3303 012e 7D       		.uleb128 0x7d
 3304 012f 01       		.uleb128 0x1
 3305 0130 7F       		.uleb128 0x7f
 3306 0131 13       		.uleb128 0x13
ARM GAS  /tmp/ccER9TBa.s 			page 59


 3307 0132 00       		.byte	0
 3308 0133 00       		.byte	0
 3309 0134 15       		.uleb128 0x15
 3310 0135 11       		.uleb128 0x11
 3311 0136 01       		.byte	0x1
 3312 0137 25       		.uleb128 0x25
 3313 0138 0E       		.uleb128 0xe
 3314 0139 13       		.uleb128 0x13
 3315 013a 0B       		.uleb128 0xb
 3316 013b 03       		.uleb128 0x3
 3317 013c 0E       		.uleb128 0xe
 3318 013d 1B       		.uleb128 0x1b
 3319 013e 0E       		.uleb128 0xe
 3320 013f 55       		.uleb128 0x55
 3321 0140 17       		.uleb128 0x17
 3322 0141 11       		.uleb128 0x11
 3323 0142 01       		.uleb128 0x1
 3324 0143 10       		.uleb128 0x10
 3325 0144 17       		.uleb128 0x17
 3326 0145 00       		.byte	0
 3327 0146 00       		.byte	0
 3328 0147 16       		.uleb128 0x16
 3329 0148 24       		.uleb128 0x24
 3330 0149 00       		.byte	0
 3331 014a 0B       		.uleb128 0xb
 3332 014b 0B       		.uleb128 0xb
 3333 014c 3E       		.uleb128 0x3e
 3334 014d 0B       		.uleb128 0xb
 3335 014e 03       		.uleb128 0x3
 3336 014f 08       		.uleb128 0x8
 3337 0150 00       		.byte	0
 3338 0151 00       		.byte	0
 3339 0152 17       		.uleb128 0x17
 3340 0153 35       		.uleb128 0x35
 3341 0154 00       		.byte	0
 3342 0155 49       		.uleb128 0x49
 3343 0156 13       		.uleb128 0x13
 3344 0157 00       		.byte	0
 3345 0158 00       		.byte	0
 3346 0159 18       		.uleb128 0x18
 3347 015a 13       		.uleb128 0x13
 3348 015b 01       		.byte	0x1
 3349 015c 0B       		.uleb128 0xb
 3350 015d 0B       		.uleb128 0xb
 3351 015e 3A       		.uleb128 0x3a
 3352 015f 0B       		.uleb128 0xb
 3353 0160 3B       		.uleb128 0x3b
 3354 0161 05       		.uleb128 0x5
 3355 0162 39       		.uleb128 0x39
 3356 0163 0B       		.uleb128 0xb
 3357 0164 01       		.uleb128 0x1
 3358 0165 13       		.uleb128 0x13
 3359 0166 00       		.byte	0
 3360 0167 00       		.byte	0
 3361 0168 19       		.uleb128 0x19
 3362 0169 16       		.uleb128 0x16
 3363 016a 00       		.byte	0
ARM GAS  /tmp/ccER9TBa.s 			page 60


 3364 016b 03       		.uleb128 0x3
 3365 016c 0E       		.uleb128 0xe
 3366 016d 3A       		.uleb128 0x3a
 3367 016e 0B       		.uleb128 0xb
 3368 016f 3B       		.uleb128 0x3b
 3369 0170 05       		.uleb128 0x5
 3370 0171 39       		.uleb128 0x39
 3371 0172 0B       		.uleb128 0xb
 3372 0173 49       		.uleb128 0x49
 3373 0174 13       		.uleb128 0x13
 3374 0175 00       		.byte	0
 3375 0176 00       		.byte	0
 3376 0177 1A       		.uleb128 0x1a
 3377 0178 13       		.uleb128 0x13
 3378 0179 01       		.byte	0x1
 3379 017a 03       		.uleb128 0x3
 3380 017b 0E       		.uleb128 0xe
 3381 017c 0B       		.uleb128 0xb
 3382 017d 0B       		.uleb128 0xb
 3383 017e 3A       		.uleb128 0x3a
 3384 017f 0B       		.uleb128 0xb
 3385 0180 3B       		.uleb128 0x3b
 3386 0181 0B       		.uleb128 0xb
 3387 0182 39       		.uleb128 0x39
 3388 0183 0B       		.uleb128 0xb
 3389 0184 01       		.uleb128 0x1
 3390 0185 13       		.uleb128 0x13
 3391 0186 00       		.byte	0
 3392 0187 00       		.byte	0
 3393 0188 1B       		.uleb128 0x1b
 3394 0189 15       		.uleb128 0x15
 3395 018a 01       		.byte	0x1
 3396 018b 27       		.uleb128 0x27
 3397 018c 19       		.uleb128 0x19
 3398 018d 01       		.uleb128 0x1
 3399 018e 13       		.uleb128 0x13
 3400 018f 00       		.byte	0
 3401 0190 00       		.byte	0
 3402 0191 1C       		.uleb128 0x1c
 3403 0192 13       		.uleb128 0x13
 3404 0193 01       		.byte	0x1
 3405 0194 0B       		.uleb128 0xb
 3406 0195 0B       		.uleb128 0xb
 3407 0196 3A       		.uleb128 0x3a
 3408 0197 0B       		.uleb128 0xb
 3409 0198 3B       		.uleb128 0x3b
 3410 0199 0B       		.uleb128 0xb
 3411 019a 39       		.uleb128 0x39
 3412 019b 0B       		.uleb128 0xb
 3413 019c 01       		.uleb128 0x1
 3414 019d 13       		.uleb128 0x13
 3415 019e 00       		.byte	0
 3416 019f 00       		.byte	0
 3417 01a0 1D       		.uleb128 0x1d
 3418 01a1 0D       		.uleb128 0xd
 3419 01a2 00       		.byte	0
 3420 01a3 03       		.uleb128 0x3
ARM GAS  /tmp/ccER9TBa.s 			page 61


 3421 01a4 08       		.uleb128 0x8
 3422 01a5 3A       		.uleb128 0x3a
 3423 01a6 0B       		.uleb128 0xb
 3424 01a7 3B       		.uleb128 0x3b
 3425 01a8 0B       		.uleb128 0xb
 3426 01a9 39       		.uleb128 0x39
 3427 01aa 0B       		.uleb128 0xb
 3428 01ab 49       		.uleb128 0x49
 3429 01ac 13       		.uleb128 0x13
 3430 01ad 38       		.uleb128 0x38
 3431 01ae 0B       		.uleb128 0xb
 3432 01af 00       		.byte	0
 3433 01b0 00       		.byte	0
 3434 01b1 1E       		.uleb128 0x1e
 3435 01b2 13       		.uleb128 0x13
 3436 01b3 01       		.byte	0x1
 3437 01b4 0B       		.uleb128 0xb
 3438 01b5 05       		.uleb128 0x5
 3439 01b6 3A       		.uleb128 0x3a
 3440 01b7 0B       		.uleb128 0xb
 3441 01b8 3B       		.uleb128 0x3b
 3442 01b9 0B       		.uleb128 0xb
 3443 01ba 39       		.uleb128 0x39
 3444 01bb 0B       		.uleb128 0xb
 3445 01bc 01       		.uleb128 0x1
 3446 01bd 13       		.uleb128 0x13
 3447 01be 00       		.byte	0
 3448 01bf 00       		.byte	0
 3449 01c0 1F       		.uleb128 0x1f
 3450 01c1 01       		.uleb128 0x1
 3451 01c2 01       		.byte	0x1
 3452 01c3 49       		.uleb128 0x49
 3453 01c4 13       		.uleb128 0x13
 3454 01c5 01       		.uleb128 0x1
 3455 01c6 13       		.uleb128 0x13
 3456 01c7 00       		.byte	0
 3457 01c8 00       		.byte	0
 3458 01c9 20       		.uleb128 0x20
 3459 01ca 21       		.uleb128 0x21
 3460 01cb 00       		.byte	0
 3461 01cc 49       		.uleb128 0x49
 3462 01cd 13       		.uleb128 0x13
 3463 01ce 2F       		.uleb128 0x2f
 3464 01cf 0B       		.uleb128 0xb
 3465 01d0 00       		.byte	0
 3466 01d1 00       		.byte	0
 3467 01d2 21       		.uleb128 0x21
 3468 01d3 26       		.uleb128 0x26
 3469 01d4 00       		.byte	0
 3470 01d5 49       		.uleb128 0x49
 3471 01d6 13       		.uleb128 0x13
 3472 01d7 00       		.byte	0
 3473 01d8 00       		.byte	0
 3474 01d9 22       		.uleb128 0x22
 3475 01da 34       		.uleb128 0x34
 3476 01db 00       		.byte	0
 3477 01dc 03       		.uleb128 0x3
ARM GAS  /tmp/ccER9TBa.s 			page 62


 3478 01dd 0E       		.uleb128 0xe
 3479 01de 3A       		.uleb128 0x3a
 3480 01df 0B       		.uleb128 0xb
 3481 01e0 3B       		.uleb128 0x3b
 3482 01e1 0B       		.uleb128 0xb
 3483 01e2 39       		.uleb128 0x39
 3484 01e3 0B       		.uleb128 0xb
 3485 01e4 49       		.uleb128 0x49
 3486 01e5 13       		.uleb128 0x13
 3487 01e6 3F       		.uleb128 0x3f
 3488 01e7 19       		.uleb128 0x19
 3489 01e8 3C       		.uleb128 0x3c
 3490 01e9 19       		.uleb128 0x19
 3491 01ea 00       		.byte	0
 3492 01eb 00       		.byte	0
 3493 01ec 23       		.uleb128 0x23
 3494 01ed 2E       		.uleb128 0x2e
 3495 01ee 00       		.byte	0
 3496 01ef 3F       		.uleb128 0x3f
 3497 01f0 19       		.uleb128 0x19
 3498 01f1 03       		.uleb128 0x3
 3499 01f2 0E       		.uleb128 0xe
 3500 01f3 3A       		.uleb128 0x3a
 3501 01f4 0B       		.uleb128 0xb
 3502 01f5 3B       		.uleb128 0x3b
 3503 01f6 05       		.uleb128 0x5
 3504 01f7 39       		.uleb128 0x39
 3505 01f8 0B       		.uleb128 0xb
 3506 01f9 27       		.uleb128 0x27
 3507 01fa 19       		.uleb128 0x19
 3508 01fb 3C       		.uleb128 0x3c
 3509 01fc 19       		.uleb128 0x19
 3510 01fd 00       		.byte	0
 3511 01fe 00       		.byte	0
 3512 01ff 24       		.uleb128 0x24
 3513 0200 48       		.uleb128 0x48
 3514 0201 01       		.byte	0x1
 3515 0202 7D       		.uleb128 0x7d
 3516 0203 01       		.uleb128 0x1
 3517 0204 00       		.byte	0
 3518 0205 00       		.byte	0
 3519 0206 25       		.uleb128 0x25
 3520 0207 2E       		.uleb128 0x2e
 3521 0208 01       		.byte	0x1
 3522 0209 3F       		.uleb128 0x3f
 3523 020a 19       		.uleb128 0x19
 3524 020b 03       		.uleb128 0x3
 3525 020c 0E       		.uleb128 0xe
 3526 020d 3A       		.uleb128 0x3a
 3527 020e 0B       		.uleb128 0xb
 3528 020f 3B       		.uleb128 0x3b
 3529 0210 0B       		.uleb128 0xb
 3530 0211 39       		.uleb128 0x39
 3531 0212 0B       		.uleb128 0xb
 3532 0213 27       		.uleb128 0x27
 3533 0214 19       		.uleb128 0x19
 3534 0215 11       		.uleb128 0x11
ARM GAS  /tmp/ccER9TBa.s 			page 63


 3535 0216 01       		.uleb128 0x1
 3536 0217 12       		.uleb128 0x12
 3537 0218 06       		.uleb128 0x6
 3538 0219 40       		.uleb128 0x40
 3539 021a 18       		.uleb128 0x18
 3540 021b 7A       		.uleb128 0x7a
 3541 021c 19       		.uleb128 0x19
 3542 021d 00       		.byte	0
 3543 021e 00       		.byte	0
 3544 021f 00       		.byte	0
 3545              		.section	.debug_loclists,"",%progbits
 3546 0000 33010000 		.4byte	.Ldebug_loc3-.Ldebug_loc2
 3547              	.Ldebug_loc2:
 3548 0004 0500     		.2byte	0x5
 3549 0006 04       		.byte	0x4
 3550 0007 00       		.byte	0
 3551 0008 00000000 		.4byte	0
 3552              	.Ldebug_loc0:
 3553              	.LVUS14:
 3554 000c 00       		.uleb128 .LVU493
 3555 000d 00       		.uleb128 .LVU499
 3556 000e 00       		.uleb128 .LVU499
 3557 000f 00       		.uleb128 .LVU501
 3558              	.LLST14:
 3559 0010 06       		.byte	0x6
 3560 0011 0C000000 		.4byte	.LVL85
 3561 0015 04       		.byte	0x4
 3562 0016 00       		.uleb128 .LVL85-.LVL85
 3563 0017 08       		.uleb128 .LVL86-.LVL85
 3564 0018 01       		.uleb128 0x1
 3565 0019 53       		.byte	0x53
 3566 001a 04       		.byte	0x4
 3567 001b 08       		.uleb128 .LVL86-.LVL85
 3568 001c 0F       		.uleb128 .LVL87-1-.LVL85
 3569 001d 02       		.uleb128 0x2
 3570 001e 72       		.byte	0x72
 3571 001f 34       		.sleb128 52
 3572 0020 00       		.byte	0
 3573              	.LVUS13:
 3574 0021 00       		.uleb128 .LVU443
 3575 0022 00       		.uleb128 .LVU462
 3576 0023 00       		.uleb128 .LVU462
 3577 0024 00       		.uleb128 .LVU468
 3578 0025 00       		.uleb128 .LVU468
 3579 0026 00       		.uleb128 .LVU470
 3580 0027 00       		.uleb128 .LVU476
 3581 0028 00       		.uleb128 0
 3582              	.LLST13:
 3583 0029 06       		.byte	0x6
 3584 002a 06000000 		.4byte	.LVL76
 3585 002e 04       		.byte	0x4
 3586 002f 00       		.uleb128 .LVL76-.LVL76
 3587 0030 2C       		.uleb128 .LVL79-.LVL76
 3588 0031 01       		.uleb128 0x1
 3589 0032 54       		.byte	0x54
 3590 0033 04       		.byte	0x4
 3591 0034 2C       		.uleb128 .LVL79-.LVL76
ARM GAS  /tmp/ccER9TBa.s 			page 64


 3592 0035 34       		.uleb128 .LVL80-.LVL76
 3593 0036 01       		.uleb128 0x1
 3594 0037 53       		.byte	0x53
 3595 0038 04       		.byte	0x4
 3596 0039 34       		.uleb128 .LVL80-.LVL76
 3597 003a 3B       		.uleb128 .LVL81-1-.LVL76
 3598 003b 02       		.uleb128 0x2
 3599 003c 72       		.byte	0x72
 3600 003d 34       		.sleb128 52
 3601 003e 04       		.byte	0x4
 3602 003f 42       		.uleb128 .LVL83-.LVL76
 3603 0040 5A       		.uleb128 .LFE246-.LVL76
 3604 0041 01       		.uleb128 0x1
 3605 0042 54       		.byte	0x54
 3606 0043 00       		.byte	0
 3607              	.LVUS12:
 3608 0044 00       		.uleb128 .LVU402
 3609 0045 00       		.uleb128 .LVU432
 3610              	.LLST12:
 3611 0046 08       		.byte	0x8
 3612 0047 06000000 		.4byte	.LVL69
 3613 004b 4E       		.uleb128 .LVL75-.LVL69
 3614 004c 01       		.uleb128 0x1
 3615 004d 54       		.byte	0x54
 3616 004e 00       		.byte	0
 3617              	.LVUS11:
 3618 004f 00       		.uleb128 .LVU374
 3619 0050 00       		.uleb128 .LVU384
 3620 0051 00       		.uleb128 .LVU384
 3621 0052 00       		.uleb128 .LVU386
 3622              	.LLST11:
 3623 0053 06       		.byte	0x6
 3624 0054 06000000 		.4byte	.LVL64
 3625 0058 04       		.byte	0x4
 3626 0059 00       		.uleb128 .LVL64-.LVL64
 3627 005a 10       		.uleb128 .LVL66-.LVL64
 3628 005b 01       		.uleb128 0x1
 3629 005c 53       		.byte	0x53
 3630 005d 04       		.byte	0x4
 3631 005e 10       		.uleb128 .LVL66-.LVL64
 3632 005f 17       		.uleb128 .LVL67-1-.LVL64
 3633 0060 02       		.uleb128 0x2
 3634 0061 72       		.byte	0x72
 3635 0062 14       		.sleb128 20
 3636 0063 00       		.byte	0
 3637              	.LVUS10:
 3638 0064 00       		.uleb128 .LVU346
 3639 0065 00       		.uleb128 .LVU356
 3640 0066 00       		.uleb128 .LVU356
 3641 0067 00       		.uleb128 .LVU358
 3642              	.LLST10:
 3643 0068 06       		.byte	0x6
 3644 0069 06000000 		.4byte	.LVL59
 3645 006d 04       		.byte	0x4
 3646 006e 00       		.uleb128 .LVL59-.LVL59
 3647 006f 10       		.uleb128 .LVL61-.LVL59
 3648 0070 01       		.uleb128 0x1
ARM GAS  /tmp/ccER9TBa.s 			page 65


 3649 0071 53       		.byte	0x53
 3650 0072 04       		.byte	0x4
 3651 0073 10       		.uleb128 .LVL61-.LVL59
 3652 0074 17       		.uleb128 .LVL62-1-.LVL59
 3653 0075 02       		.uleb128 0x2
 3654 0076 72       		.byte	0x72
 3655 0077 14       		.sleb128 20
 3656 0078 00       		.byte	0
 3657              	.LVUS9:
 3658 0079 00       		.uleb128 .LVU318
 3659 007a 00       		.uleb128 .LVU328
 3660 007b 00       		.uleb128 .LVU328
 3661 007c 00       		.uleb128 .LVU330
 3662              	.LLST9:
 3663 007d 06       		.byte	0x6
 3664 007e 06000000 		.4byte	.LVL54
 3665 0082 04       		.byte	0x4
 3666 0083 00       		.uleb128 .LVL54-.LVL54
 3667 0084 10       		.uleb128 .LVL56-.LVL54
 3668 0085 01       		.uleb128 0x1
 3669 0086 53       		.byte	0x53
 3670 0087 04       		.byte	0x4
 3671 0088 10       		.uleb128 .LVL56-.LVL54
 3672 0089 17       		.uleb128 .LVL57-1-.LVL54
 3673 008a 02       		.uleb128 0x2
 3674 008b 72       		.byte	0x72
 3675 008c 14       		.sleb128 20
 3676 008d 00       		.byte	0
 3677              	.LVUS8:
 3678 008e 00       		.uleb128 .LVU290
 3679 008f 00       		.uleb128 .LVU300
 3680 0090 00       		.uleb128 .LVU300
 3681 0091 00       		.uleb128 .LVU302
 3682              	.LLST8:
 3683 0092 06       		.byte	0x6
 3684 0093 06000000 		.4byte	.LVL49
 3685 0097 04       		.byte	0x4
 3686 0098 00       		.uleb128 .LVL49-.LVL49
 3687 0099 10       		.uleb128 .LVL51-.LVL49
 3688 009a 01       		.uleb128 0x1
 3689 009b 53       		.byte	0x53
 3690 009c 04       		.byte	0x4
 3691 009d 10       		.uleb128 .LVL51-.LVL49
 3692 009e 17       		.uleb128 .LVL52-1-.LVL49
 3693 009f 02       		.uleb128 0x2
 3694 00a0 72       		.byte	0x72
 3695 00a1 14       		.sleb128 20
 3696 00a2 00       		.byte	0
 3697              	.LVUS7:
 3698 00a3 00       		.uleb128 .LVU262
 3699 00a4 00       		.uleb128 .LVU272
 3700 00a5 00       		.uleb128 .LVU272
 3701 00a6 00       		.uleb128 .LVU274
 3702              	.LLST7:
 3703 00a7 06       		.byte	0x6
 3704 00a8 06000000 		.4byte	.LVL44
 3705 00ac 04       		.byte	0x4
ARM GAS  /tmp/ccER9TBa.s 			page 66


 3706 00ad 00       		.uleb128 .LVL44-.LVL44
 3707 00ae 10       		.uleb128 .LVL46-.LVL44
 3708 00af 01       		.uleb128 0x1
 3709 00b0 53       		.byte	0x53
 3710 00b1 04       		.byte	0x4
 3711 00b2 10       		.uleb128 .LVL46-.LVL44
 3712 00b3 17       		.uleb128 .LVL47-1-.LVL44
 3713 00b4 02       		.uleb128 0x2
 3714 00b5 72       		.byte	0x72
 3715 00b6 14       		.sleb128 20
 3716 00b7 00       		.byte	0
 3717              	.LVUS6:
 3718 00b8 00       		.uleb128 .LVU203
 3719 00b9 00       		.uleb128 .LVU251
 3720              	.LLST6:
 3721 00ba 08       		.byte	0x8
 3722 00bb 06000000 		.4byte	.LVL34
 3723 00bf 70       		.uleb128 .LVL43-.LVL34
 3724 00c0 01       		.uleb128 0x1
 3725 00c1 54       		.byte	0x54
 3726 00c2 00       		.byte	0
 3727              	.LVUS5:
 3728 00c3 00       		.uleb128 .LVU150
 3729 00c4 00       		.uleb128 .LVU192
 3730              	.LLST5:
 3731 00c5 08       		.byte	0x8
 3732 00c6 06000000 		.4byte	.LVL25
 3733 00ca 60       		.uleb128 .LVL33-.LVL25
 3734 00cb 01       		.uleb128 0x1
 3735 00cc 54       		.byte	0x54
 3736 00cd 00       		.byte	0
 3737              	.LVUS4:
 3738 00ce 00       		.uleb128 .LVU122
 3739 00cf 00       		.uleb128 .LVU132
 3740 00d0 00       		.uleb128 .LVU132
 3741 00d1 00       		.uleb128 .LVU134
 3742              	.LLST4:
 3743 00d2 06       		.byte	0x6
 3744 00d3 06000000 		.4byte	.LVL20
 3745 00d7 04       		.byte	0x4
 3746 00d8 00       		.uleb128 .LVL20-.LVL20
 3747 00d9 10       		.uleb128 .LVL22-.LVL20
 3748 00da 01       		.uleb128 0x1
 3749 00db 53       		.byte	0x53
 3750 00dc 04       		.byte	0x4
 3751 00dd 10       		.uleb128 .LVL22-.LVL20
 3752 00de 15       		.uleb128 .LVL23-1-.LVL20
 3753 00df 02       		.uleb128 0x2
 3754 00e0 72       		.byte	0x72
 3755 00e1 14       		.sleb128 20
 3756 00e2 00       		.byte	0
 3757              	.LVUS3:
 3758 00e3 00       		.uleb128 .LVU94
 3759 00e4 00       		.uleb128 .LVU104
 3760 00e5 00       		.uleb128 .LVU104
 3761 00e6 00       		.uleb128 .LVU106
 3762              	.LLST3:
ARM GAS  /tmp/ccER9TBa.s 			page 67


 3763 00e7 06       		.byte	0x6
 3764 00e8 06000000 		.4byte	.LVL15
 3765 00ec 04       		.byte	0x4
 3766 00ed 00       		.uleb128 .LVL15-.LVL15
 3767 00ee 10       		.uleb128 .LVL17-.LVL15
 3768 00ef 01       		.uleb128 0x1
 3769 00f0 53       		.byte	0x53
 3770 00f1 04       		.byte	0x4
 3771 00f2 10       		.uleb128 .LVL17-.LVL15
 3772 00f3 15       		.uleb128 .LVL18-1-.LVL15
 3773 00f4 02       		.uleb128 0x2
 3774 00f5 72       		.byte	0x72
 3775 00f6 14       		.sleb128 20
 3776 00f7 00       		.byte	0
 3777              	.LVUS2:
 3778 00f8 00       		.uleb128 .LVU66
 3779 00f9 00       		.uleb128 .LVU76
 3780 00fa 00       		.uleb128 .LVU76
 3781 00fb 00       		.uleb128 .LVU78
 3782              	.LLST2:
 3783 00fc 06       		.byte	0x6
 3784 00fd 06000000 		.4byte	.LVL10
 3785 0101 04       		.byte	0x4
 3786 0102 00       		.uleb128 .LVL10-.LVL10
 3787 0103 10       		.uleb128 .LVL12-.LVL10
 3788 0104 01       		.uleb128 0x1
 3789 0105 53       		.byte	0x53
 3790 0106 04       		.byte	0x4
 3791 0107 10       		.uleb128 .LVL12-.LVL10
 3792 0108 15       		.uleb128 .LVL13-1-.LVL10
 3793 0109 02       		.uleb128 0x2
 3794 010a 72       		.byte	0x72
 3795 010b 14       		.sleb128 20
 3796 010c 00       		.byte	0
 3797              	.LVUS1:
 3798 010d 00       		.uleb128 .LVU38
 3799 010e 00       		.uleb128 .LVU48
 3800 010f 00       		.uleb128 .LVU48
 3801 0110 00       		.uleb128 .LVU50
 3802              	.LLST1:
 3803 0111 06       		.byte	0x6
 3804 0112 06000000 		.4byte	.LVL5
 3805 0116 04       		.byte	0x4
 3806 0117 00       		.uleb128 .LVL5-.LVL5
 3807 0118 10       		.uleb128 .LVL7-.LVL5
 3808 0119 01       		.uleb128 0x1
 3809 011a 53       		.byte	0x53
 3810 011b 04       		.byte	0x4
 3811 011c 10       		.uleb128 .LVL7-.LVL5
 3812 011d 15       		.uleb128 .LVL8-1-.LVL5
 3813 011e 02       		.uleb128 0x2
 3814 011f 72       		.byte	0x72
 3815 0120 14       		.sleb128 20
 3816 0121 00       		.byte	0
 3817              	.LVUS0:
 3818 0122 00       		.uleb128 .LVU10
 3819 0123 00       		.uleb128 .LVU20
ARM GAS  /tmp/ccER9TBa.s 			page 68


 3820 0124 00       		.uleb128 .LVU20
 3821 0125 00       		.uleb128 .LVU22
 3822              	.LLST0:
 3823 0126 06       		.byte	0x6
 3824 0127 06000000 		.4byte	.LVL0
 3825 012b 04       		.byte	0x4
 3826 012c 00       		.uleb128 .LVL0-.LVL0
 3827 012d 10       		.uleb128 .LVL2-.LVL0
 3828 012e 01       		.uleb128 0x1
 3829 012f 53       		.byte	0x53
 3830 0130 04       		.byte	0x4
 3831 0131 10       		.uleb128 .LVL2-.LVL0
 3832 0132 15       		.uleb128 .LVL3-1-.LVL0
 3833 0133 02       		.uleb128 0x2
 3834 0134 72       		.byte	0x72
 3835 0135 14       		.sleb128 20
 3836 0136 00       		.byte	0
 3837              	.Ldebug_loc3:
 3838              		.section	.debug_aranges,"",%progbits
 3839 0000 9C000000 		.4byte	0x9c
 3840 0004 0200     		.2byte	0x2
 3841 0006 00000000 		.4byte	.Ldebug_info0
 3842 000a 04       		.byte	0x4
 3843 000b 00       		.byte	0
 3844 000c 0000     		.2byte	0
 3845 000e 0000     		.2byte	0
 3846 0010 00000000 		.4byte	.LFB233
 3847 0014 2C000000 		.4byte	.LFE233-.LFB233
 3848 0018 00000000 		.4byte	.LFB234
 3849 001c 2C000000 		.4byte	.LFE234-.LFB234
 3850 0020 00000000 		.4byte	.LFB235
 3851 0024 2C000000 		.4byte	.LFE235-.LFB235
 3852 0028 00000000 		.4byte	.LFB236
 3853 002c 2C000000 		.4byte	.LFE236-.LFB236
 3854 0030 00000000 		.4byte	.LFB237
 3855 0034 2C000000 		.4byte	.LFE237-.LFB237
 3856 0038 00000000 		.4byte	.LFB238
 3857 003c 70000000 		.4byte	.LFE238-.LFB238
 3858 0040 00000000 		.4byte	.LFB239
 3859 0044 80000000 		.4byte	.LFE239-.LFB239
 3860 0048 00000000 		.4byte	.LFB240
 3861 004c 2C000000 		.4byte	.LFE240-.LFB240
 3862 0050 00000000 		.4byte	.LFB241
 3863 0054 2C000000 		.4byte	.LFE241-.LFB241
 3864 0058 00000000 		.4byte	.LFB242
 3865 005c 2C000000 		.4byte	.LFE242-.LFB242
 3866 0060 00000000 		.4byte	.LFB243
 3867 0064 2C000000 		.4byte	.LFE243-.LFB243
 3868 0068 00000000 		.4byte	.LFB244
 3869 006c 2C000000 		.4byte	.LFE244-.LFB244
 3870 0070 00000000 		.4byte	.LFB245
 3871 0074 5C000000 		.4byte	.LFE245-.LFB245
 3872 0078 00000000 		.4byte	.LFB246
 3873 007c 60000000 		.4byte	.LFE246-.LFB246
 3874 0080 00000000 		.4byte	.LFB247
 3875 0084 2C000000 		.4byte	.LFE247-.LFB247
 3876 0088 00000000 		.4byte	.LFB248
ARM GAS  /tmp/ccER9TBa.s 			page 69


 3877 008c 7C000000 		.4byte	.LFE248-.LFB248
 3878 0090 00000000 		.4byte	.LFB249
 3879 0094 5E000000 		.4byte	.LFE249-.LFB249
 3880 0098 00000000 		.4byte	0
 3881 009c 00000000 		.4byte	0
 3882              		.section	.debug_rnglists,"",%progbits
 3883              	.Ldebug_ranges0:
 3884 0000 70000000 		.4byte	.Ldebug_ranges3-.Ldebug_ranges2
 3885              	.Ldebug_ranges2:
 3886 0004 0500     		.2byte	0x5
 3887 0006 04       		.byte	0x4
 3888 0007 00       		.byte	0
 3889 0008 00000000 		.4byte	0
 3890              	.LLRL15:
 3891 000c 07       		.byte	0x7
 3892 000d 00000000 		.4byte	.LFB233
 3893 0011 2C       		.uleb128 .LFE233-.LFB233
 3894 0012 07       		.byte	0x7
 3895 0013 00000000 		.4byte	.LFB234
 3896 0017 2C       		.uleb128 .LFE234-.LFB234
 3897 0018 07       		.byte	0x7
 3898 0019 00000000 		.4byte	.LFB235
 3899 001d 2C       		.uleb128 .LFE235-.LFB235
 3900 001e 07       		.byte	0x7
 3901 001f 00000000 		.4byte	.LFB236
 3902 0023 2C       		.uleb128 .LFE236-.LFB236
 3903 0024 07       		.byte	0x7
 3904 0025 00000000 		.4byte	.LFB237
 3905 0029 2C       		.uleb128 .LFE237-.LFB237
 3906 002a 07       		.byte	0x7
 3907 002b 00000000 		.4byte	.LFB238
 3908 002f 70       		.uleb128 .LFE238-.LFB238
 3909 0030 07       		.byte	0x7
 3910 0031 00000000 		.4byte	.LFB239
 3911 0035 8001     		.uleb128 .LFE239-.LFB239
 3912 0037 07       		.byte	0x7
 3913 0038 00000000 		.4byte	.LFB240
 3914 003c 2C       		.uleb128 .LFE240-.LFB240
 3915 003d 07       		.byte	0x7
 3916 003e 00000000 		.4byte	.LFB241
 3917 0042 2C       		.uleb128 .LFE241-.LFB241
 3918 0043 07       		.byte	0x7
 3919 0044 00000000 		.4byte	.LFB242
 3920 0048 2C       		.uleb128 .LFE242-.LFB242
 3921 0049 07       		.byte	0x7
 3922 004a 00000000 		.4byte	.LFB243
 3923 004e 2C       		.uleb128 .LFE243-.LFB243
 3924 004f 07       		.byte	0x7
 3925 0050 00000000 		.4byte	.LFB244
 3926 0054 2C       		.uleb128 .LFE244-.LFB244
 3927 0055 07       		.byte	0x7
 3928 0056 00000000 		.4byte	.LFB245
 3929 005a 5C       		.uleb128 .LFE245-.LFB245
 3930 005b 07       		.byte	0x7
 3931 005c 00000000 		.4byte	.LFB246
 3932 0060 60       		.uleb128 .LFE246-.LFB246
 3933 0061 07       		.byte	0x7
ARM GAS  /tmp/ccER9TBa.s 			page 70


 3934 0062 00000000 		.4byte	.LFB247
 3935 0066 2C       		.uleb128 .LFE247-.LFB247
 3936 0067 07       		.byte	0x7
 3937 0068 00000000 		.4byte	.LFB248
 3938 006c 7C       		.uleb128 .LFE248-.LFB248
 3939 006d 07       		.byte	0x7
 3940 006e 00000000 		.4byte	.LFB249
 3941 0072 5E       		.uleb128 .LFE249-.LFB249
 3942 0073 00       		.byte	0
 3943              	.Ldebug_ranges3:
 3944              		.section	.debug_line,"",%progbits
 3945              	.Ldebug_line0:
 3946 0000 64080000 		.section	.debug_str,"MS",%progbits,1
 3946      03007401 
 3946      00000201 
 3946      FB0E0D00 
 3946      01010101 
 3947              	.LASF44:
 3948 0000 54494D31 		.ascii	"TIM1_TRG_COM_TIM17_IRQn\000"
 3948      5F545247 
 3948      5F434F4D 
 3948      5F54494D 
 3948      31375F49 
 3949              	.LASF19:
 3950 0018 5056445F 		.ascii	"PVD_IRQn\000"
 3950      4952516E 
 3950      00
 3951              	.LASF125:
 3952 0021 56656374 		.ascii	"Vector9C\000"
 3952      6F723943 
 3952      00
 3953              	.LASF49:
 3954 002a 49324331 		.ascii	"I2C1_EV_IRQn\000"
 3954      5F45565F 
 3954      4952516E 
 3954      00
 3955              	.LASF105:
 3956 0037 65787063 		.ascii	"expchannel_t\000"
 3956      68616E6E 
 3956      656C5F74 
 3956      00
 3957              	.LASF92:
 3958 0044 46545352 		.ascii	"FTSR2\000"
 3958      3200
 3959              	.LASF86:
 3960 004a 53574945 		.ascii	"SWIER\000"
 3960      5200
 3961              	.LASF9:
 3962 0050 6C6F6E67 		.ascii	"long long unsigned int\000"
 3962      206C6F6E 
 3962      6720756E 
 3962      7369676E 
 3962      65642069 
 3963              	.LASF71:
 3964 0067 444D4132 		.ascii	"DMA2_Channel1_IRQn\000"
 3964      5F436861 
 3964      6E6E656C 
ARM GAS  /tmp/ccER9TBa.s 			page 71


 3964      315F4952 
 3964      516E00
 3965              	.LASF59:
 3966 007a 5254435F 		.ascii	"RTC_Alarm_IRQn\000"
 3966      416C6172 
 3966      6D5F4952 
 3966      516E00
 3967              	.LASF52:
 3968 0089 49324332 		.ascii	"I2C2_ER_IRQn\000"
 3968      5F45525F 
 3968      4952516E 
 3968      00
 3969              	.LASF126:
 3970 0096 56656374 		.ascii	"Vector68\000"
 3970      6F723638 
 3970      00
 3971              	.LASF48:
 3972 009f 54494D34 		.ascii	"TIM4_IRQn\000"
 3972      5F495251 
 3972      6E00
 3973              	.LASF21:
 3974 00a9 5254435F 		.ascii	"RTC_WKUP_IRQn\000"
 3974      574B5550 
 3974      5F495251 
 3974      6E00
 3975              	.LASF93:
 3976 00b7 53574945 		.ascii	"SWIER2\000"
 3976      523200
 3977              	.LASF112:
 3978 00be 6E766963 		.ascii	"nvicEnableVector\000"
 3978      456E6162 
 3978      6C655665 
 3978      63746F72 
 3978      00
 3979              	.LASF1:
 3980 00cf 6C6F6E67 		.ascii	"long long int\000"
 3980      206C6F6E 
 3980      6720696E 
 3980      7400
 3981              	.LASF3:
 3982 00dd 7369676E 		.ascii	"signed char\000"
 3982      65642063 
 3982      68617200 
 3983              	.LASF75:
 3984 00e9 444D4132 		.ascii	"DMA2_Channel5_IRQn\000"
 3984      5F436861 
 3984      6E6E656C 
 3984      355F4952 
 3984      516E00
 3985              	.LASF103:
 3986 00fc 73746174 		.ascii	"state\000"
 3986      6500
 3987              	.LASF109:
 3988 0102 6368616E 		.ascii	"channels\000"
 3988      6E656C73 
 3988      00
 3989              	.LASF5:
ARM GAS  /tmp/ccER9TBa.s 			page 72


 3990 010b 6C6F6E67 		.ascii	"long int\000"
 3990      20696E74 
 3990      00
 3991              	.LASF118:
 3992 0114 56656374 		.ascii	"Vector140\000"
 3992      6F723134 
 3992      3000
 3993              	.LASF51:
 3994 011e 49324332 		.ascii	"I2C2_EV_IRQn\000"
 3994      5F45565F 
 3994      4952516E 
 3994      00
 3995              	.LASF117:
 3996 012b 56656374 		.ascii	"Vector144\000"
 3996      6F723134 
 3996      3400
 3997              	.LASF115:
 3998 0135 56656374 		.ascii	"Vector148\000"
 3998      6F723134 
 3998      3800
 3999              	.LASF41:
 4000 013f 45585449 		.ascii	"EXTI9_5_IRQn\000"
 4000      395F355F 
 4000      4952516E 
 4000      00
 4001              	.LASF65:
 4002 014c 41444333 		.ascii	"ADC3_IRQn\000"
 4002      5F495251 
 4002      6E00
 4003              	.LASF36:
 4004 0156 41444331 		.ascii	"ADC1_2_IRQn\000"
 4004      5F325F49 
 4004      52516E00 
 4005              	.LASF69:
 4006 0162 54494D36 		.ascii	"TIM6_DAC_IRQn\000"
 4006      5F444143 
 4006      5F495251 
 4006      6E00
 4007              	.LASF67:
 4008 0170 55415254 		.ascii	"UART4_IRQn\000"
 4008      345F4952 
 4008      516E00
 4009              	.LASF108:
 4010 017b 45585443 		.ascii	"EXTChannelConfig\000"
 4010      68616E6E 
 4010      656C436F 
 4010      6E666967 
 4010      00
 4011              	.LASF16:
 4012 018c 50656E64 		.ascii	"PendSV_IRQn\000"
 4012      53565F49 
 4012      52516E00 
 4013              	.LASF32:
 4014 0198 444D4131 		.ascii	"DMA1_Channel4_IRQn\000"
 4014      5F436861 
 4014      6E6E656C 
 4014      345F4952 
ARM GAS  /tmp/ccER9TBa.s 			page 73


 4014      516E00
 4015              	.LASF12:
 4016 01ab 42757346 		.ascii	"BusFault_IRQn\000"
 4016      61756C74 
 4016      5F495251 
 4016      6E00
 4017              	.LASF113:
 4018 01b9 6578745F 		.ascii	"ext_lld_exti_irq_disable\000"
 4018      6C6C645F 
 4018      65787469 
 4018      5F697271 
 4018      5F646973 
 4019              	.LASF0:
 4020 01d2 756E7369 		.ascii	"unsigned int\000"
 4020      676E6564 
 4020      20696E74 
 4020      00
 4021              	.LASF111:
 4022 01df 6E766963 		.ascii	"nvicDisableVector\000"
 4022      44697361 
 4022      626C6556 
 4022      6563746F 
 4022      7200
 4023              	.LASF76:
 4024 01f1 41444334 		.ascii	"ADC4_IRQn\000"
 4024      5F495251 
 4024      6E00
 4025              	.LASF84:
 4026 01fb 52545352 		.ascii	"RTSR\000"
 4026      00
 4027              	.LASF11:
 4028 0200 4D656D6F 		.ascii	"MemoryManagement_IRQn\000"
 4028      72794D61 
 4028      6E616765 
 4028      6D656E74 
 4028      5F495251 
 4029              	.LASF120:
 4030 0216 56656374 		.ascii	"Vector48\000"
 4030      6F723438 
 4030      00
 4031              	.LASF8:
 4032 021f 6C6F6E67 		.ascii	"long unsigned int\000"
 4032      20756E73 
 4032      69676E65 
 4032      6420696E 
 4032      7400
 4033              	.LASF119:
 4034 0231 56656374 		.ascii	"Vector4C\000"
 4034      6F723443 
 4034      00
 4035              	.LASF33:
 4036 023a 444D4131 		.ascii	"DMA1_Channel5_IRQn\000"
 4036      5F436861 
 4036      6E6E656C 
 4036      355F4952 
 4036      516E00
 4037              	.LASF7:
ARM GAS  /tmp/ccER9TBa.s 			page 74


 4038 024d 73686F72 		.ascii	"short unsigned int\000"
 4038      7420756E 
 4038      7369676E 
 4038      65642069 
 4038      6E7400
 4039              	.LASF114:
 4040 0260 6578745F 		.ascii	"ext_lld_exti_irq_enable\000"
 4040      6C6C645F 
 4040      65787469 
 4040      5F697271 
 4040      5F656E61 
 4041              	.LASF89:
 4042 0278 494D5232 		.ascii	"IMR2\000"
 4042      00
 4043              	.LASF58:
 4044 027d 45585449 		.ascii	"EXTI15_10_IRQn\000"
 4044      31355F31 
 4044      305F4952 
 4044      516E00
 4045              	.LASF40:
 4046 028c 43414E5F 		.ascii	"CAN_SCE_IRQn\000"
 4046      5343455F 
 4046      4952516E 
 4046      00
 4047              	.LASF53:
 4048 0299 53504931 		.ascii	"SPI1_IRQn\000"
 4048      5F495251 
 4048      6E00
 4049              	.LASF91:
 4050 02a3 52545352 		.ascii	"RTSR2\000"
 4050      3200
 4051              	.LASF37:
 4052 02a9 5553425F 		.ascii	"USB_HP_CAN_TX_IRQn\000"
 4052      48505F43 
 4052      414E5F54 
 4052      585F4952 
 4052      516E00
 4053              	.LASF80:
 4054 02bc 5553425F 		.ascii	"USB_HP_IRQn\000"
 4054      48505F49 
 4054      52516E00 
 4055              	.LASF17:
 4056 02c8 53797354 		.ascii	"SysTick_IRQn\000"
 4056      69636B5F 
 4056      4952516E 
 4056      00
 4057              	.LASF45:
 4058 02d5 54494D31 		.ascii	"TIM1_CC_IRQn\000"
 4058      5F43435F 
 4058      4952516E 
 4058      00
 4059              	.LASF78:
 4060 02e2 434F4D50 		.ascii	"COMP4_5_6_IRQn\000"
 4060      345F355F 
 4060      365F4952 
 4060      516E00
 4061              	.LASF100:
ARM GAS  /tmp/ccER9TBa.s 			page 75


 4062 02f1 4558545F 		.ascii	"EXT_ACTIVE\000"
 4062      41435449 
 4062      564500
 4063              	.LASF134:
 4064 02fc 56656374 		.ascii	"Vector58\000"
 4064      6F723538 
 4064      00
 4065              	.LASF30:
 4066 0305 444D4131 		.ascii	"DMA1_Channel2_IRQn\000"
 4066      5F436861 
 4066      6E6E656C 
 4066      325F4952 
 4066      516E00
 4067              	.LASF61:
 4068 0318 54494D38 		.ascii	"TIM8_BRK_IRQn\000"
 4068      5F42524B 
 4068      5F495251 
 4068      6E00
 4069              	.LASF129:
 4070 0326 56656374 		.ascii	"Vector5C\000"
 4070      6F723543 
 4070      00
 4071              	.LASF130:
 4072 032f 474E5520 		.ascii	"GNU C11 13.2.1 20231009 -mcpu=cortex-m4 -mfloat-abi"
 4072      43313120 
 4072      31332E32 
 4072      2E312032 
 4072      30323331 
 4073 0362 3D686172 		.ascii	"=hard -mfpu=fpv4-sp-d16 -mno-thumb-interwork -mthum"
 4073      64202D6D 
 4073      6670753D 
 4073      66707634 
 4073      2D73702D 
 4074 0395 62202D6D 		.ascii	"b -march=armv7e-m+fp -ggdb -Og -std=c11 -fno-inline"
 4074      61726368 
 4074      3D61726D 
 4074      7637652D 
 4074      6D2B6670 
 4075 03c8 2D736D61 		.ascii	"-small-functions -fomit-frame-pointer -falign-funct"
 4075      6C6C2D66 
 4075      756E6374 
 4075      696F6E73 
 4075      202D666F 
 4076 03fb 696F6E73 		.ascii	"ions=16 -fstack-usage -ffunction-sections -fdata-se"
 4076      3D313620 
 4076      2D667374 
 4076      61636B2D 
 4076      75736167 
 4077 042e 6374696F 		.ascii	"ctions -fno-common -fsingle-precision-constant\000"
 4077      6E73202D 
 4077      666E6F2D 
 4077      636F6D6D 
 4077      6F6E202D 
 4078              	.LASF101:
 4079 045d 65787473 		.ascii	"extstate_t\000"
 4079      74617465 
 4079      5F7400
ARM GAS  /tmp/ccER9TBa.s 			page 76


 4080              	.LASF64:
 4081 0468 54494D38 		.ascii	"TIM8_CC_IRQn\000"
 4081      5F43435F 
 4081      4952516E 
 4081      00
 4082              	.LASF14:
 4083 0475 53564361 		.ascii	"SVCall_IRQn\000"
 4083      6C6C5F49 
 4083      52516E00 
 4084              	.LASF72:
 4085 0481 444D4132 		.ascii	"DMA2_Channel2_IRQn\000"
 4085      5F436861 
 4085      6E6E656C 
 4085      325F4952 
 4085      516E00
 4086              	.LASF122:
 4087 0494 56656374 		.ascii	"VectorE4\000"
 4087      6F724534 
 4087      00
 4088              	.LASF27:
 4089 049d 45585449 		.ascii	"EXTI3_IRQn\000"
 4089      335F4952 
 4089      516E00
 4090              	.LASF54:
 4091 04a8 53504932 		.ascii	"SPI2_IRQn\000"
 4091      5F495251 
 4091      6E00
 4092              	.LASF131:
 4093 04b2 43686962 		.ascii	"ChibiOS/os/hal/ports/STM32/STM32F3xx/hal_ext_lld_is"
 4093      694F532F 
 4093      6F732F68 
 4093      616C2F70 
 4093      6F727473 
 4094 04e5 722E6300 		.ascii	"r.c\000"
 4095              	.LASF73:
 4096 04e9 444D4132 		.ascii	"DMA2_Channel3_IRQn\000"
 4096      5F436861 
 4096      6E6E656C 
 4096      335F4952 
 4096      516E00
 4097              	.LASF123:
 4098 04fc 56656374 		.ascii	"Vector44\000"
 4098      6F723434 
 4098      00
 4099              	.LASF124:
 4100 0505 56656374 		.ascii	"VectorE0\000"
 4100      6F724530 
 4100      00
 4101              	.LASF39:
 4102 050e 43414E5F 		.ascii	"CAN_RX1_IRQn\000"
 4102      5258315F 
 4102      4952516E 
 4102      00
 4103              	.LASF20:
 4104 051b 54414D50 		.ascii	"TAMP_STAMP_IRQn\000"
 4104      5F535441 
 4104      4D505F49 
ARM GAS  /tmp/ccER9TBa.s 			page 77


 4104      52516E00 
 4105              	.LASF121:
 4106 052b 56656374 		.ascii	"VectorE8\000"
 4106      6F724538 
 4106      00
 4107              	.LASF128:
 4108 0534 56656374 		.ascii	"Vector60\000"
 4108      6F723630 
 4108      00
 4109              	.LASF29:
 4110 053d 444D4131 		.ascii	"DMA1_Channel1_IRQn\000"
 4110      5F436861 
 4110      6E6E656C 
 4110      315F4952 
 4110      516E00
 4111              	.LASF127:
 4112 0550 56656374 		.ascii	"Vector64\000"
 4112      6F723634 
 4112      00
 4113              	.LASF87:
 4114 0559 52455345 		.ascii	"RESERVED1\000"
 4114      52564544 
 4114      3100
 4115              	.LASF88:
 4116 0563 52455345 		.ascii	"RESERVED2\000"
 4116      52564544 
 4116      3200
 4117              	.LASF55:
 4118 056d 55534152 		.ascii	"USART1_IRQn\000"
 4118      54315F49 
 4118      52516E00 
 4119              	.LASF97:
 4120 0579 5F426F6F 		.ascii	"_Bool\000"
 4120      6C00
 4121              	.LASF6:
 4122 057f 756E7369 		.ascii	"unsigned char\000"
 4122      676E6564 
 4122      20636861 
 4122      7200
 4123              	.LASF98:
 4124 058d 4558545F 		.ascii	"EXT_UNINIT\000"
 4124      554E494E 
 4124      495400
 4125              	.LASF63:
 4126 0598 54494D38 		.ascii	"TIM8_TRG_COM_IRQn\000"
 4126      5F545247 
 4126      5F434F4D 
 4126      5F495251 
 4126      6E00
 4127              	.LASF85:
 4128 05aa 46545352 		.ascii	"FTSR\000"
 4128      00
 4129              	.LASF28:
 4130 05af 45585449 		.ascii	"EXTI4_IRQn\000"
 4130      345F4952 
 4130      516E00
 4131              	.LASF4:
ARM GAS  /tmp/ccER9TBa.s 			page 78


 4132 05ba 73686F72 		.ascii	"short int\000"
 4132      7420696E 
 4132      7400
 4133              	.LASF68:
 4134 05c4 55415254 		.ascii	"UART5_IRQn\000"
 4134      355F4952 
 4134      516E00
 4135              	.LASF31:
 4136 05cf 444D4131 		.ascii	"DMA1_Channel3_IRQn\000"
 4136      5F436861 
 4136      6E6E656C 
 4136      335F4952 
 4136      516E00
 4137              	.LASF77:
 4138 05e2 434F4D50 		.ascii	"COMP1_2_3_IRQn\000"
 4138      315F325F 
 4138      335F4952 
 4138      516E00
 4139              	.LASF38:
 4140 05f1 5553425F 		.ascii	"USB_LP_CAN_RX0_IRQn\000"
 4140      4C505F43 
 4140      414E5F52 
 4140      58305F49 
 4140      52516E00 
 4141              	.LASF79:
 4142 0605 434F4D50 		.ascii	"COMP7_IRQn\000"
 4142      375F4952 
 4142      516E00
 4143              	.LASF22:
 4144 0610 464C4153 		.ascii	"FLASH_IRQn\000"
 4144      485F4952 
 4144      516E00
 4145              	.LASF43:
 4146 061b 54494D31 		.ascii	"TIM1_UP_TIM16_IRQn\000"
 4146      5F55505F 
 4146      54494D31 
 4146      365F4952 
 4146      516E00
 4147              	.LASF94:
 4148 062e 75696E74 		.ascii	"uint32_t\000"
 4148      33325F74 
 4148      00
 4149              	.LASF56:
 4150 0637 55534152 		.ascii	"USART2_IRQn\000"
 4150      54325F49 
 4150      52516E00 
 4151              	.LASF13:
 4152 0643 55736167 		.ascii	"UsageFault_IRQn\000"
 4152      65466175 
 4152      6C745F49 
 4152      52516E00 
 4153              	.LASF82:
 4154 0653 55534257 		.ascii	"USBWakeUp_RMP_IRQn\000"
 4154      616B6555 
 4154      705F524D 
 4154      505F4952 
 4154      516E00
ARM GAS  /tmp/ccER9TBa.s 			page 79


 4155              	.LASF2:
 4156 0666 6C6F6E67 		.ascii	"long double\000"
 4156      20646F75 
 4156      626C6500 
 4157              	.LASF99:
 4158 0672 4558545F 		.ascii	"EXT_STOP\000"
 4158      53544F50 
 4158      00
 4159              	.LASF96:
 4160 067b 63686172 		.ascii	"char\000"
 4160      00
 4161              	.LASF74:
 4162 0680 444D4132 		.ascii	"DMA2_Channel4_IRQn\000"
 4162      5F436861 
 4162      6E6E656C 
 4162      345F4952 
 4162      516E00
 4163              	.LASF107:
 4164 0693 6D6F6465 		.ascii	"mode\000"
 4164      00
 4165              	.LASF104:
 4166 0698 636F6E66 		.ascii	"config\000"
 4166      696700
 4167              	.LASF106:
 4168 069f 65787463 		.ascii	"extcallback_t\000"
 4168      616C6C62 
 4168      61636B5F 
 4168      7400
 4169              	.LASF70:
 4170 06ad 54494D37 		.ascii	"TIM7_IRQn\000"
 4170      5F495251 
 4170      6E00
 4171              	.LASF10:
 4172 06b7 4E6F6E4D 		.ascii	"NonMaskableInt_IRQn\000"
 4172      61736B61 
 4172      626C6549 
 4172      6E745F49 
 4172      52516E00 
 4173              	.LASF132:
 4174 06cb 2F776F72 		.ascii	"/workspaces/tinySA\000"
 4174      6B737061 
 4174      6365732F 
 4174      74696E79 
 4174      534100
 4175              	.LASF18:
 4176 06de 57574447 		.ascii	"WWDG_IRQn\000"
 4176      5F495251 
 4176      6E00
 4177              	.LASF34:
 4178 06e8 444D4131 		.ascii	"DMA1_Channel6_IRQn\000"
 4178      5F436861 
 4178      6E6E656C 
 4178      365F4952 
 4178      516E00
 4179              	.LASF81:
 4180 06fb 5553425F 		.ascii	"USB_LP_IRQn\000"
 4180      4C505F49 
ARM GAS  /tmp/ccER9TBa.s 			page 80


 4180      52516E00 
 4181              	.LASF50:
 4182 0707 49324331 		.ascii	"I2C1_ER_IRQn\000"
 4182      5F45525F 
 4182      4952516E 
 4182      00
 4183              	.LASF60:
 4184 0714 55534257 		.ascii	"USBWakeUp_IRQn\000"
 4184      616B6555 
 4184      705F4952 
 4184      516E00
 4185              	.LASF90:
 4186 0723 454D5232 		.ascii	"EMR2\000"
 4186      00
 4187              	.LASF57:
 4188 0728 55534152 		.ascii	"USART3_IRQn\000"
 4188      54335F49 
 4188      52516E00 
 4189              	.LASF102:
 4190 0734 45585444 		.ascii	"EXTDriver\000"
 4190      72697665 
 4190      7200
 4191              	.LASF46:
 4192 073e 54494D32 		.ascii	"TIM2_IRQn\000"
 4192      5F495251 
 4192      6E00
 4193              	.LASF62:
 4194 0748 54494D38 		.ascii	"TIM8_UP_IRQn\000"
 4194      5F55505F 
 4194      4952516E 
 4194      00
 4195              	.LASF24:
 4196 0755 45585449 		.ascii	"EXTI0_IRQn\000"
 4196      305F4952 
 4196      516E00
 4197              	.LASF133:
 4198 0760 5F706F72 		.ascii	"_port_irq_epilogue\000"
 4198      745F6972 
 4198      715F6570 
 4198      696C6F67 
 4198      756500
 4199              	.LASF23:
 4200 0773 5243435F 		.ascii	"RCC_IRQn\000"
 4200      4952516E 
 4200      00
 4201              	.LASF42:
 4202 077c 54494D31 		.ascii	"TIM1_BRK_TIM15_IRQn\000"
 4202      5F42524B 
 4202      5F54494D 
 4202      31355F49 
 4202      52516E00 
 4203              	.LASF110:
 4204 0790 45585443 		.ascii	"EXTConfig\000"
 4204      6F6E6669 
 4204      6700
 4205              	.LASF35:
 4206 079a 444D4131 		.ascii	"DMA1_Channel7_IRQn\000"
ARM GAS  /tmp/ccER9TBa.s 			page 81


 4206      5F436861 
 4206      6E6E656C 
 4206      375F4952 
 4206      516E00
 4207              	.LASF83:
 4208 07ad 4650555F 		.ascii	"FPU_IRQn\000"
 4208      4952516E 
 4208      00
 4209              	.LASF15:
 4210 07b6 44656275 		.ascii	"DebugMonitor_IRQn\000"
 4210      674D6F6E 
 4210      69746F72 
 4210      5F495251 
 4210      6E00
 4211              	.LASF26:
 4212 07c8 45585449 		.ascii	"EXTI2_TSC_IRQn\000"
 4212      325F5453 
 4212      435F4952 
 4212      516E00
 4213              	.LASF95:
 4214 07d7 45585449 		.ascii	"EXTI_TypeDef\000"
 4214      5F547970 
 4214      65446566 
 4214      00
 4215              	.LASF66:
 4216 07e4 53504933 		.ascii	"SPI3_IRQn\000"
 4216      5F495251 
 4216      6E00
 4217              	.LASF116:
 4218 07ee 45585444 		.ascii	"EXTD1\000"
 4218      3100
 4219              	.LASF47:
 4220 07f4 54494D33 		.ascii	"TIM3_IRQn\000"
 4220      5F495251 
 4220      6E00
 4221              	.LASF25:
 4222 07fe 45585449 		.ascii	"EXTI1_IRQn\000"
 4222      315F4952 
 4222      516E00
 4223              		.ident	"GCC: (15:13.2.rel1-2) 13.2.1 20231009"
ARM GAS  /tmp/ccER9TBa.s 			page 82


DEFINED SYMBOLS
                            *ABS*:00000000 hal_ext_lld_isr.c
     /tmp/ccER9TBa.s:21     .text.Vector58:00000000 $t
     /tmp/ccER9TBa.s:28     .text.Vector58:00000000 Vector58
     /tmp/ccER9TBa.s:88     .text.Vector58:00000024 $d
     /tmp/ccER9TBa.s:94     .text.Vector5C:00000000 $t
     /tmp/ccER9TBa.s:101    .text.Vector5C:00000000 Vector5C
     /tmp/ccER9TBa.s:161    .text.Vector5C:00000024 $d
     /tmp/ccER9TBa.s:167    .text.Vector60:00000000 $t
     /tmp/ccER9TBa.s:174    .text.Vector60:00000000 Vector60
     /tmp/ccER9TBa.s:234    .text.Vector60:00000024 $d
     /tmp/ccER9TBa.s:240    .text.Vector64:00000000 $t
     /tmp/ccER9TBa.s:247    .text.Vector64:00000000 Vector64
     /tmp/ccER9TBa.s:307    .text.Vector64:00000024 $d
     /tmp/ccER9TBa.s:313    .text.Vector68:00000000 $t
     /tmp/ccER9TBa.s:320    .text.Vector68:00000000 Vector68
     /tmp/ccER9TBa.s:380    .text.Vector68:00000024 $d
     /tmp/ccER9TBa.s:386    .text.Vector9C:00000000 $t
     /tmp/ccER9TBa.s:393    .text.Vector9C:00000000 Vector9C
     /tmp/ccER9TBa.s:515    .text.Vector9C:00000068 $d
     /tmp/ccER9TBa.s:521    .text.VectorE0:00000000 $t
     /tmp/ccER9TBa.s:528    .text.VectorE0:00000000 VectorE0
     /tmp/ccER9TBa.s:665    .text.VectorE0:00000078 $d
     /tmp/ccER9TBa.s:671    .text.Vector44:00000000 $t
     /tmp/ccER9TBa.s:678    .text.Vector44:00000000 Vector44
     /tmp/ccER9TBa.s:738    .text.Vector44:00000024 $d
     /tmp/ccER9TBa.s:744    .text.VectorE4:00000000 $t
     /tmp/ccER9TBa.s:751    .text.VectorE4:00000000 VectorE4
     /tmp/ccER9TBa.s:811    .text.VectorE4:00000024 $d
     /tmp/ccER9TBa.s:817    .text.VectorE8:00000000 $t
     /tmp/ccER9TBa.s:824    .text.VectorE8:00000000 VectorE8
     /tmp/ccER9TBa.s:884    .text.VectorE8:00000024 $d
     /tmp/ccER9TBa.s:890    .text.Vector48:00000000 $t
     /tmp/ccER9TBa.s:897    .text.Vector48:00000000 Vector48
     /tmp/ccER9TBa.s:957    .text.Vector48:00000024 $d
     /tmp/ccER9TBa.s:963    .text.Vector4C:00000000 $t
     /tmp/ccER9TBa.s:970    .text.Vector4C:00000000 Vector4C
     /tmp/ccER9TBa.s:1030   .text.Vector4C:00000024 $d
     /tmp/ccER9TBa.s:1036   .text.Vector140:00000000 $t
     /tmp/ccER9TBa.s:1043   .text.Vector140:00000000 Vector140
     /tmp/ccER9TBa.s:1138   .text.Vector140:00000054 $d
     /tmp/ccER9TBa.s:1144   .text.Vector144:00000000 $t
     /tmp/ccER9TBa.s:1151   .text.Vector144:00000000 Vector144
     /tmp/ccER9TBa.s:1258   .text.Vector144:00000058 $d
     /tmp/ccER9TBa.s:1264   .text.Vector148:00000000 $t
     /tmp/ccER9TBa.s:1271   .text.Vector148:00000000 Vector148
     /tmp/ccER9TBa.s:1328   .text.Vector148:00000024 $d
     /tmp/ccER9TBa.s:1334   .text.ext_lld_exti_irq_enable:00000000 $t
     /tmp/ccER9TBa.s:1341   .text.ext_lld_exti_irq_enable:00000000 ext_lld_exti_irq_enable
     /tmp/ccER9TBa.s:1432   .text.ext_lld_exti_irq_disable:00000000 $t
     /tmp/ccER9TBa.s:1439   .text.ext_lld_exti_irq_disable:00000000 ext_lld_exti_irq_disable

UNDEFINED SYMBOLS
_port_irq_epilogue
EXTD1
nvicEnableVector
nvicDisableVector
ARM GAS  /tmp/ccER9TBa.s 			page 83


