ARM GAS  /tmp/ccrvdhwe.s 			page 1


   1              		.cpu cortex-m4
   2              		.arch armv7e-m
   3              		.fpu fpv4-sp-d16
   4              		.eabi_attribute 27, 1
   5              		.eabi_attribute 28, 1
   6              		.eabi_attribute 20, 1
   7              		.eabi_attribute 21, 1
   8              		.eabi_attribute 23, 3
   9              		.eabi_attribute 24, 1
  10              		.eabi_attribute 25, 1
  11              		.eabi_attribute 26, 1
  12              		.eabi_attribute 30, 1
  13              		.eabi_attribute 34, 1
  14              		.eabi_attribute 18, 4
  15              		.file	"hal_usb.c"
  16              		.text
  17              	.Ltext0:
  18              		.cfi_sections	.debug_frame
  19              		.file 1 "ChibiOS/os/hal/src/hal_usb.c"
  20              		.section	.text.get_hword,"ax",%progbits
  21              		.align	1
  22              		.p2align 4,,15
  23              		.syntax unified
  24              		.thumb
  25              		.thumb_func
  26              		.type	get_hword, %function
  27              	get_hword:
  28              	.LVL0:
  29              	.LFB233:
  30              		.loc 1 51 39 view -0
  31              		.cfi_startproc
  32              		@ args = 0, pretend = 0, frame = 0
  33              		@ frame_needed = 0, uses_anonymous_args = 0
  34              		@ link register save eliminated.
  35              		.loc 1 52 3 view .LVU1
  36              		.loc 1 54 3 view .LVU2
  37              		.loc 1 54 19 is_stmt 0 view .LVU3
  38 0000 0378     		ldrb	r3, [r0]	@ zero_extendqisi2
  39              	.LVL1:
  40              		.loc 1 55 3 is_stmt 1 view .LVU4
  41              		.loc 1 55 19 is_stmt 0 view .LVU5
  42 0002 4078     		ldrb	r0, [r0, #1]	@ zero_extendqisi2
  43              	.LVL2:
  44              		.loc 1 56 3 is_stmt 1 view .LVU6
  45              		.loc 1 57 1 is_stmt 0 view .LVU7
  46 0004 43EA0020 		orr	r0, r3, r0, lsl #8
  47              	.LVL3:
  48              		.loc 1 57 1 view .LVU8
  49 0008 7047     		bx	lr
  50              		.cfi_endproc
  51              	.LFE233:
  52              		.size	get_hword, .-get_hword
  53 000a 00BF     		.section	.text.default_handler,"ax",%progbits
  54              		.align	1
  55              		.p2align 4,,15
  56              		.syntax unified
  57              		.thumb
ARM GAS  /tmp/ccrvdhwe.s 			page 2


  58              		.thumb_func
  59              		.type	default_handler, %function
  60              	default_handler:
  61              	.LVL4:
  62              	.LFB235:
  63              		.loc 1 84 46 is_stmt 1 view -0
  64              		.cfi_startproc
  65              		@ args = 0, pretend = 0, frame = 0
  66              		@ frame_needed = 0, uses_anonymous_args = 0
  67              		.loc 1 84 46 is_stmt 0 view .LVU10
  68 0000 F8B5     		push	{r3, r4, r5, r6, r7, lr}
  69              		.cfi_def_cfa_offset 24
  70              		.cfi_offset 3, -24
  71              		.cfi_offset 4, -20
  72              		.cfi_offset 5, -16
  73              		.cfi_offset 6, -12
  74              		.cfi_offset 7, -8
  75              		.cfi_offset 14, -4
  76 0002 0446     		mov	r4, r0
  77              		.loc 1 85 3 is_stmt 1 view .LVU11
  78              		.loc 1 88 3 view .LVU12
  79              		.loc 1 88 34 is_stmt 0 view .LVU13
  80 0004 90F87430 		ldrb	r3, [r0, #116]	@ zero_extendqisi2
  81              		.loc 1 88 38 view .LVU14
  82 0008 03F07F03 		and	r3, r3, #127
  83              		.loc 1 90 34 view .LVU15
  84 000c 90F87520 		ldrb	r2, [r0, #117]	@ zero_extendqisi2
  85              		.loc 1 89 63 view .LVU16
  86 0010 43EA0223 		orr	r3, r3, r2, lsl #8
  87              		.loc 1 88 3 view .LVU17
  88 0014 40F20232 		movw	r2, #770
  89 0018 9342     		cmp	r3, r2
  90 001a 00F0EF80 		beq	.L3
  91 001e 23D8     		bhi	.L4
  92 0020 B3F5807F 		cmp	r3, #256
  93 0024 6AD0     		beq	.L5
  94 0026 10D8     		bhi	.L6
  95 0028 012B     		cmp	r3, #1
  96 002a 5DD0     		beq	.L7
  97 002c 022B     		cmp	r3, #2
  98 002e 00F09580 		beq	.L8
  99 0032 43B9     		cbnz	r3, .L36
 100              		.loc 1 93 5 is_stmt 1 view .LVU18
 101 0034 00F17C03 		add	r3, r0, #124
 102 0038 8366     		str	r3, [r0, #104]
 103              		.loc 1 93 5 view .LVU19
 104 003a 0223     		movs	r3, #2
 105 003c C366     		str	r3, [r0, #108]
 106              		.loc 1 93 5 view .LVU20
 107 003e 0023     		movs	r3, #0
 108 0040 0367     		str	r3, [r0, #112]
 109              		.loc 1 93 62 view .LVU21
 110              		.loc 1 94 5 view .LVU22
 111              		.loc 1 94 12 is_stmt 0 view .LVU23
 112 0042 0120     		movs	r0, #1
 113              	.LVL5:
 114              	.L10:
ARM GAS  /tmp/ccrvdhwe.s 			page 3


 115              		.loc 1 241 1 view .LVU24
 116 0044 F8BD     		pop	{r3, r4, r5, r6, r7, pc}
 117              	.LVL6:
 118              	.L36:
 119              		.loc 1 88 3 view .LVU25
 120 0046 0020     		movs	r0, #0
 121              	.LVL7:
 122              		.loc 1 88 3 view .LVU26
 123 0048 FCE7     		b	.L10
 124              	.LVL8:
 125              	.L6:
 126              		.loc 1 88 3 view .LVU27
 127 004a B3F5817F 		cmp	r3, #258
 128 004e 00F0BF80 		beq	.L11
 129 0052 B3F5407F 		cmp	r3, #768
 130 0056 05D1     		bne	.L37
 131              		.loc 1 107 5 is_stmt 1 view .LVU28
 132              		.loc 1 107 20 is_stmt 0 view .LVU29
 133 0058 90F87630 		ldrb	r3, [r0, #118]	@ zero_extendqisi2
 134              		.loc 1 107 8 view .LVU30
 135 005c 012B     		cmp	r3, #1
 136 005e 5FD0     		beq	.L38
 137              		.loc 1 112 12 view .LVU31
 138 0060 0020     		movs	r0, #0
 139              	.LVL9:
 140              		.loc 1 112 12 view .LVU32
 141 0062 EFE7     		b	.L10
 142              	.LVL10:
 143              	.L37:
 144              		.loc 1 88 3 view .LVU33
 145 0064 0020     		movs	r0, #0
 146              	.LVL11:
 147              		.loc 1 88 3 view .LVU34
 148 0066 EDE7     		b	.L10
 149              	.LVL12:
 150              	.L4:
 151              		.loc 1 88 3 view .LVU35
 152 0068 B3F5006F 		cmp	r3, #2048
 153 006c 6BD0     		beq	.L13
 154 006e 20D8     		bhi	.L14
 155 0070 B3F5A06F 		cmp	r3, #1280
 156 0074 60D0     		beq	.L15
 157 0076 B3F5C06F 		cmp	r3, #1536
 158 007a 18D1     		bne	.L39
 159              		.loc 1 129 5 is_stmt 1 view .LVU36
 160              		.loc 1 129 14 is_stmt 0 view .LVU37
 161 007c 4368     		ldr	r3, [r0, #4]
 162              		.loc 1 129 22 view .LVU38
 163 007e 5D68     		ldr	r5, [r3, #4]
 164              		.loc 1 129 10 view .LVU39
 165 0080 90F87760 		ldrb	r6, [r0, #119]	@ zero_extendqisi2
 166 0084 90F87670 		ldrb	r7, [r0, #118]	@ zero_extendqisi2
 167 0088 7830     		adds	r0, r0, #120
 168              	.LVL13:
 169              		.loc 1 129 10 view .LVU40
 170 008a FFF7FEFF 		bl	get_hword
 171              	.LVL14:
ARM GAS  /tmp/ccrvdhwe.s 			page 4


 172 008e 0346     		mov	r3, r0
 173              		.loc 1 129 10 discriminator 1 view .LVU41
 174 0090 3A46     		mov	r2, r7
 175 0092 3146     		mov	r1, r6
 176 0094 2046     		mov	r0, r4
 177 0096 A847     		blx	r5
 178              	.LVL15:
 179              		.loc 1 132 5 is_stmt 1 view .LVU42
 180              		.loc 1 132 8 is_stmt 0 view .LVU43
 181 0098 0028     		cmp	r0, #0
 182 009a 00F0C580 		beq	.L32
 183              		.loc 1 136 5 is_stmt 1 view .LVU44
 184 009e 4268     		ldr	r2, [r0, #4]
 185 00a0 A266     		str	r2, [r4, #104]
 186              		.loc 1 136 5 view .LVU45
 187 00a2 0368     		ldr	r3, [r0]
 188 00a4 E366     		str	r3, [r4, #108]
 189              		.loc 1 136 5 view .LVU46
 190 00a6 0023     		movs	r3, #0
 191 00a8 2367     		str	r3, [r4, #112]
 192              		.loc 1 136 72 view .LVU47
 193              		.loc 1 138 5 view .LVU48
 194              		.loc 1 138 12 is_stmt 0 view .LVU49
 195 00aa 0120     		movs	r0, #1
 196              	.LVL16:
 197              		.loc 1 138 12 view .LVU50
 198 00ac CAE7     		b	.L10
 199              	.LVL17:
 200              	.L39:
 201              		.loc 1 88 3 view .LVU51
 202 00ae 0020     		movs	r0, #0
 203              	.LVL18:
 204              		.loc 1 88 3 view .LVU52
 205 00b0 C8E7     		b	.L10
 206              	.LVL19:
 207              	.L14:
 208              		.loc 1 88 3 view .LVU53
 209 00b2 B3F5106F 		cmp	r3, #2304
 210 00b6 13D1     		bne	.L40
 211              		.loc 1 145 5 is_stmt 1 view .LVU54
 212              		.loc 1 145 38 is_stmt 0 view .LVU55
 213 00b8 90F87630 		ldrb	r3, [r0, #118]	@ zero_extendqisi2
 214              		.loc 1 145 25 view .LVU56
 215 00bc 80F87F30 		strb	r3, [r0, #127]
 216              		.loc 1 146 5 is_stmt 1 view .LVU57
 217              		.loc 1 146 8 is_stmt 0 view .LVU58
 218 00c0 002B     		cmp	r3, #0
 219 00c2 48D1     		bne	.L18
 220              		.loc 1 147 7 is_stmt 1 view .LVU59
 221              		.loc 1 147 19 is_stmt 0 view .LVU60
 222 00c4 0323     		movs	r3, #3
 223 00c6 0370     		strb	r3, [r0]
 224              	.L19:
 225              		.loc 1 152 5 is_stmt 1 view .LVU61
 226 00c8 6368     		ldr	r3, [r4, #4]
 227 00ca 1B68     		ldr	r3, [r3]
 228 00cc 13B1     		cbz	r3, .L20
ARM GAS  /tmp/ccrvdhwe.s 			page 5


 229              		.loc 1 152 5 discriminator 1 view .LVU62
 230 00ce 0221     		movs	r1, #2
 231 00d0 2046     		mov	r0, r4
 232              	.LVL20:
 233              		.loc 1 152 5 is_stmt 0 discriminator 1 view .LVU63
 234 00d2 9847     		blx	r3
 235              	.LVL21:
 236              	.L20:
 237              		.loc 1 152 57 is_stmt 1 discriminator 3 view .LVU64
 238              		.loc 1 153 5 view .LVU65
 239 00d4 0023     		movs	r3, #0
 240 00d6 A366     		str	r3, [r4, #104]
 241              		.loc 1 153 5 view .LVU66
 242 00d8 E366     		str	r3, [r4, #108]
 243              		.loc 1 153 5 view .LVU67
 244 00da 2367     		str	r3, [r4, #112]
 245              		.loc 1 153 42 view .LVU68
 246              		.loc 1 154 5 view .LVU69
 247              		.loc 1 154 12 is_stmt 0 view .LVU70
 248 00dc 0120     		movs	r0, #1
 249 00de B1E7     		b	.L10
 250              	.LVL22:
 251              	.L40:
 252              		.loc 1 88 3 view .LVU71
 253 00e0 40F60242 		movw	r2, #3074
 254 00e4 9342     		cmp	r3, r2
 255 00e6 07D1     		bne	.L41
 256              	.L7:
 257              		.loc 1 160 5 is_stmt 1 view .LVU72
 258 00e8 524B     		ldr	r3, .L46
 259 00ea A366     		str	r3, [r4, #104]
 260              		.loc 1 160 5 view .LVU73
 261 00ec 0223     		movs	r3, #2
 262 00ee E366     		str	r3, [r4, #108]
 263              		.loc 1 160 5 view .LVU74
 264 00f0 0023     		movs	r3, #0
 265 00f2 2367     		str	r3, [r4, #112]
 266              		.loc 1 160 60 view .LVU75
 267              		.loc 1 162 5 view .LVU76
 268              		.loc 1 162 12 is_stmt 0 view .LVU77
 269 00f4 0120     		movs	r0, #1
 270              	.LVL23:
 271              		.loc 1 162 12 view .LVU78
 272 00f6 A5E7     		b	.L10
 273              	.LVL24:
 274              	.L41:
 275              		.loc 1 88 3 view .LVU79
 276 00f8 0020     		movs	r0, #0
 277              	.LVL25:
 278              		.loc 1 88 3 view .LVU80
 279 00fa A3E7     		b	.L10
 280              	.LVL26:
 281              	.L5:
 282              		.loc 1 98 5 is_stmt 1 view .LVU81
 283              		.loc 1 98 20 is_stmt 0 view .LVU82
 284 00fc 90F87630 		ldrb	r3, [r0, #118]	@ zero_extendqisi2
 285              		.loc 1 98 8 view .LVU83
ARM GAS  /tmp/ccrvdhwe.s 			page 6


 286 0100 012B     		cmp	r3, #1
 287 0102 01D0     		beq	.L42
 288              		.loc 1 103 12 view .LVU84
 289 0104 0020     		movs	r0, #0
 290              	.LVL27:
 291              		.loc 1 103 12 view .LVU85
 292 0106 9DE7     		b	.L10
 293              	.LVL28:
 294              	.L42:
 295              		.loc 1 99 7 is_stmt 1 view .LVU86
 296              		.loc 1 99 11 is_stmt 0 view .LVU87
 297 0108 B0F87C30 		ldrh	r3, [r0, #124]
 298              		.loc 1 99 20 view .LVU88
 299 010c 23F00203 		bic	r3, r3, #2
 300 0110 A0F87C30 		strh	r3, [r0, #124]	@ movhi
 301              		.loc 1 100 7 is_stmt 1 view .LVU89
 302 0114 0023     		movs	r3, #0
 303 0116 8366     		str	r3, [r0, #104]
 304              		.loc 1 100 7 view .LVU90
 305 0118 C366     		str	r3, [r0, #108]
 306              		.loc 1 100 7 view .LVU91
 307 011a 0367     		str	r3, [r0, #112]
 308              		.loc 1 100 44 view .LVU92
 309              		.loc 1 101 7 view .LVU93
 310              		.loc 1 101 14 is_stmt 0 view .LVU94
 311 011c 0120     		movs	r0, #1
 312              	.LVL29:
 313              		.loc 1 101 14 view .LVU95
 314 011e 91E7     		b	.L10
 315              	.LVL30:
 316              	.L38:
 317              		.loc 1 108 7 is_stmt 1 view .LVU96
 318              		.loc 1 108 11 is_stmt 0 view .LVU97
 319 0120 B0F87C30 		ldrh	r3, [r0, #124]
 320              		.loc 1 108 20 view .LVU98
 321 0124 43F00203 		orr	r3, r3, #2
 322 0128 A0F87C30 		strh	r3, [r0, #124]	@ movhi
 323              		.loc 1 109 7 is_stmt 1 view .LVU99
 324 012c 0023     		movs	r3, #0
 325 012e 8366     		str	r3, [r0, #104]
 326              		.loc 1 109 7 view .LVU100
 327 0130 C366     		str	r3, [r0, #108]
 328              		.loc 1 109 7 view .LVU101
 329 0132 0367     		str	r3, [r0, #112]
 330              		.loc 1 109 44 view .LVU102
 331              		.loc 1 110 7 view .LVU103
 332              		.loc 1 110 14 is_stmt 0 view .LVU104
 333 0134 0120     		movs	r0, #1
 334              	.LVL31:
 335              		.loc 1 110 14 view .LVU105
 336 0136 85E7     		b	.L10
 337              	.LVL32:
 338              	.L15:
 339              		.loc 1 124 5 is_stmt 1 view .LVU106
 340 0138 0023     		movs	r3, #0
 341 013a 8366     		str	r3, [r0, #104]
 342              		.loc 1 124 5 view .LVU107
ARM GAS  /tmp/ccrvdhwe.s 			page 7


 343 013c C366     		str	r3, [r0, #108]
 344              		.loc 1 124 5 view .LVU108
 345 013e 3E4B     		ldr	r3, .L46+4
 346 0140 0367     		str	r3, [r0, #112]
 347              		.loc 1 124 49 view .LVU109
 348              		.loc 1 126 5 view .LVU110
 349              		.loc 1 126 12 is_stmt 0 view .LVU111
 350 0142 0120     		movs	r0, #1
 351              	.LVL33:
 352              		.loc 1 126 12 view .LVU112
 353 0144 7EE7     		b	.L10
 354              	.LVL34:
 355              	.L13:
 356              		.loc 1 141 5 is_stmt 1 view .LVU113
 357 0146 00F17F03 		add	r3, r0, #127
 358 014a 8366     		str	r3, [r0, #104]
 359              		.loc 1 141 5 view .LVU114
 360 014c 0120     		movs	r0, #1
 361              	.LVL35:
 362              		.loc 1 141 5 is_stmt 0 view .LVU115
 363 014e E066     		str	r0, [r4, #108]
 364              		.loc 1 141 5 is_stmt 1 view .LVU116
 365 0150 0023     		movs	r3, #0
 366 0152 2367     		str	r3, [r4, #112]
 367              		.loc 1 141 58 view .LVU117
 368              		.loc 1 142 5 view .LVU118
 369              		.loc 1 142 12 is_stmt 0 view .LVU119
 370 0154 76E7     		b	.L10
 371              	.LVL36:
 372              	.L18:
 373              		.loc 1 150 7 is_stmt 1 view .LVU120
 374              		.loc 1 150 19 is_stmt 0 view .LVU121
 375 0156 0423     		movs	r3, #4
 376 0158 0370     		strb	r3, [r0]
 377 015a B5E7     		b	.L19
 378              	.L8:
 379              		.loc 1 165 5 is_stmt 1 view .LVU122
 380              		.loc 1 165 21 is_stmt 0 view .LVU123
 381 015c 90F87810 		ldrb	r1, [r0, #120]	@ zero_extendqisi2
 382              		.loc 1 165 34 view .LVU124
 383 0160 90F97830 		ldrsb	r3, [r0, #120]
 384              		.loc 1 165 8 view .LVU125
 385 0164 002B     		cmp	r3, #0
 386 0166 09DB     		blt	.L43
 387              		.loc 1 183 7 is_stmt 1 view .LVU126
 388              		.loc 1 183 15 is_stmt 0 view .LVU127
 389 0168 01F00F01 		and	r1, r1, #15
 390 016c FFF7FEFF 		bl	usb_lld_get_status_out
 391              	.LVL37:
 392              		.loc 1 183 7 discriminator 1 view .LVU128
 393 0170 0128     		cmp	r0, #1
 394 0172 1DD0     		beq	.L24
 395 0174 0228     		cmp	r0, #2
 396 0176 23D0     		beq	.L25
 397 0178 0020     		movs	r0, #0
 398 017a 63E7     		b	.L10
 399              	.LVL38:
ARM GAS  /tmp/ccrvdhwe.s 			page 8


 400              	.L43:
 401              		.loc 1 166 7 is_stmt 1 view .LVU129
 402              		.loc 1 166 15 is_stmt 0 view .LVU130
 403 017c 01F00F01 		and	r1, r1, #15
 404 0180 FFF7FEFF 		bl	usb_lld_get_status_in
 405              	.LVL39:
 406              		.loc 1 166 7 discriminator 1 view .LVU131
 407 0184 0128     		cmp	r0, #1
 408 0186 03D0     		beq	.L22
 409 0188 0228     		cmp	r0, #2
 410 018a 09D0     		beq	.L23
 411 018c 0020     		movs	r0, #0
 412 018e 59E7     		b	.L10
 413              	.L22:
 414              		.loc 1 169 9 is_stmt 1 view .LVU132
 415 0190 2A4B     		ldr	r3, .L46+8
 416 0192 A366     		str	r3, [r4, #104]
 417              		.loc 1 169 9 view .LVU133
 418 0194 0223     		movs	r3, #2
 419 0196 E366     		str	r3, [r4, #108]
 420              		.loc 1 169 9 view .LVU134
 421 0198 0023     		movs	r3, #0
 422 019a 2367     		str	r3, [r4, #112]
 423              		.loc 1 169 66 view .LVU135
 424              		.loc 1 171 9 view .LVU136
 425              		.loc 1 171 16 is_stmt 0 view .LVU137
 426 019c 0120     		movs	r0, #1
 427 019e 51E7     		b	.L10
 428              	.L23:
 429              		.loc 1 174 9 is_stmt 1 view .LVU138
 430 01a0 274B     		ldr	r3, .L46+12
 431 01a2 A366     		str	r3, [r4, #104]
 432              		.loc 1 174 9 view .LVU139
 433 01a4 0223     		movs	r3, #2
 434 01a6 E366     		str	r3, [r4, #108]
 435              		.loc 1 174 9 view .LVU140
 436 01a8 0023     		movs	r3, #0
 437 01aa 2367     		str	r3, [r4, #112]
 438              		.loc 1 174 66 view .LVU141
 439              		.loc 1 176 9 view .LVU142
 440              		.loc 1 176 16 is_stmt 0 view .LVU143
 441 01ac 0120     		movs	r0, #1
 442 01ae 49E7     		b	.L10
 443              	.L24:
 444              		.loc 1 186 9 is_stmt 1 view .LVU144
 445 01b0 224B     		ldr	r3, .L46+8
 446 01b2 A366     		str	r3, [r4, #104]
 447              		.loc 1 186 9 view .LVU145
 448 01b4 0223     		movs	r3, #2
 449 01b6 E366     		str	r3, [r4, #108]
 450              		.loc 1 186 9 view .LVU146
 451 01b8 0023     		movs	r3, #0
 452 01ba 2367     		str	r3, [r4, #112]
 453              		.loc 1 186 66 view .LVU147
 454              		.loc 1 188 9 view .LVU148
 455              		.loc 1 188 16 is_stmt 0 view .LVU149
 456 01bc 0120     		movs	r0, #1
ARM GAS  /tmp/ccrvdhwe.s 			page 9


 457 01be 41E7     		b	.L10
 458              	.L25:
 459              		.loc 1 191 9 is_stmt 1 view .LVU150
 460 01c0 1F4B     		ldr	r3, .L46+12
 461 01c2 A366     		str	r3, [r4, #104]
 462              		.loc 1 191 9 view .LVU151
 463 01c4 0223     		movs	r3, #2
 464 01c6 E366     		str	r3, [r4, #108]
 465              		.loc 1 191 9 view .LVU152
 466 01c8 0023     		movs	r3, #0
 467 01ca 2367     		str	r3, [r4, #112]
 468              		.loc 1 191 66 view .LVU153
 469              		.loc 1 193 9 view .LVU154
 470              		.loc 1 193 16 is_stmt 0 view .LVU155
 471 01cc 0120     		movs	r0, #1
 472 01ce 39E7     		b	.L10
 473              	.LVL40:
 474              	.L11:
 475              		.loc 1 201 5 is_stmt 1 view .LVU156
 476              		.loc 1 201 20 is_stmt 0 view .LVU157
 477 01d0 90F87630 		ldrb	r3, [r0, #118]	@ zero_extendqisi2
 478              		.loc 1 201 8 view .LVU158
 479 01d4 53BB     		cbnz	r3, .L33
 480              		.loc 1 205 5 is_stmt 1 view .LVU159
 481              		.loc 1 205 21 is_stmt 0 view .LVU160
 482 01d6 90F87830 		ldrb	r3, [r0, #120]	@ zero_extendqisi2
 483              		.loc 1 205 8 view .LVU161
 484 01da 13F00F01 		ands	r1, r3, #15
 485 01de 04D0     		beq	.L26
 486              		.loc 1 206 7 is_stmt 1 view .LVU162
 487              		.loc 1 206 10 is_stmt 0 view .LVU163
 488 01e0 13F0800F 		tst	r3, #128
 489 01e4 07D1     		bne	.L44
 490              		.loc 1 210 9 is_stmt 1 view .LVU164
 491 01e6 FFF7FEFF 		bl	usb_lld_clear_out
 492              	.LVL41:
 493              	.L26:
 494              		.loc 1 213 5 view .LVU165
 495 01ea 0023     		movs	r3, #0
 496 01ec A366     		str	r3, [r4, #104]
 497              		.loc 1 213 5 view .LVU166
 498 01ee E366     		str	r3, [r4, #108]
 499              		.loc 1 213 5 view .LVU167
 500 01f0 2367     		str	r3, [r4, #112]
 501              		.loc 1 213 42 view .LVU168
 502              		.loc 1 214 5 view .LVU169
 503              		.loc 1 214 12 is_stmt 0 view .LVU170
 504 01f2 0120     		movs	r0, #1
 505 01f4 26E7     		b	.L10
 506              	.LVL42:
 507              	.L44:
 508              		.loc 1 207 9 is_stmt 1 view .LVU171
 509 01f6 FFF7FEFF 		bl	usb_lld_clear_in
 510              	.LVL43:
 511              		.loc 1 207 9 is_stmt 0 view .LVU172
 512 01fa F6E7     		b	.L26
 513              	.LVL44:
ARM GAS  /tmp/ccrvdhwe.s 			page 10


 514              	.L3:
 515              		.loc 1 217 5 is_stmt 1 view .LVU173
 516              		.loc 1 217 20 is_stmt 0 view .LVU174
 517 01fc 90F87630 		ldrb	r3, [r0, #118]	@ zero_extendqisi2
 518              		.loc 1 217 8 view .LVU175
 519 0200 B3B9     		cbnz	r3, .L34
 520              		.loc 1 221 5 is_stmt 1 view .LVU176
 521              		.loc 1 221 21 is_stmt 0 view .LVU177
 522 0202 90F87830 		ldrb	r3, [r0, #120]	@ zero_extendqisi2
 523              		.loc 1 221 8 view .LVU178
 524 0206 13F00F01 		ands	r1, r3, #15
 525 020a 04D0     		beq	.L28
 526              		.loc 1 222 7 is_stmt 1 view .LVU179
 527              		.loc 1 222 10 is_stmt 0 view .LVU180
 528 020c 13F0800F 		tst	r3, #128
 529 0210 07D1     		bne	.L45
 530              		.loc 1 226 9 is_stmt 1 view .LVU181
 531 0212 FFF7FEFF 		bl	usb_lld_stall_out
 532              	.LVL45:
 533              	.L28:
 534              		.loc 1 229 5 view .LVU182
 535 0216 0023     		movs	r3, #0
 536 0218 A366     		str	r3, [r4, #104]
 537              		.loc 1 229 5 view .LVU183
 538 021a E366     		str	r3, [r4, #108]
 539              		.loc 1 229 5 view .LVU184
 540 021c 2367     		str	r3, [r4, #112]
 541              		.loc 1 229 42 view .LVU185
 542              		.loc 1 230 5 view .LVU186
 543              		.loc 1 230 12 is_stmt 0 view .LVU187
 544 021e 0120     		movs	r0, #1
 545 0220 10E7     		b	.L10
 546              	.LVL46:
 547              	.L45:
 548              		.loc 1 223 9 is_stmt 1 view .LVU188
 549 0222 FFF7FEFF 		bl	usb_lld_stall_in
 550              	.LVL47:
 551              		.loc 1 223 9 is_stmt 0 view .LVU189
 552 0226 F6E7     		b	.L28
 553              	.LVL48:
 554              	.L32:
 555              		.loc 1 133 14 view .LVU190
 556 0228 0020     		movs	r0, #0
 557              	.LVL49:
 558              		.loc 1 133 14 view .LVU191
 559 022a 0BE7     		b	.L10
 560              	.LVL50:
 561              	.L33:
 562              		.loc 1 202 14 view .LVU192
 563 022c 0020     		movs	r0, #0
 564              	.LVL51:
 565              		.loc 1 202 14 view .LVU193
 566 022e 09E7     		b	.L10
 567              	.LVL52:
 568              	.L34:
 569              		.loc 1 218 14 view .LVU194
 570 0230 0020     		movs	r0, #0
ARM GAS  /tmp/ccrvdhwe.s 			page 11


 571              	.LVL53:
 572              		.loc 1 218 14 view .LVU195
 573 0232 07E7     		b	.L10
 574              	.L47:
 575              		.align	2
 576              	.L46:
 577 0234 00000000 		.word	zero_status
 578 0238 00000000 		.word	set_address
 579 023c 00000000 		.word	halted_status
 580 0240 00000000 		.word	active_status
 581              		.cfi_endproc
 582              	.LFE235:
 583              		.size	default_handler, .-default_handler
 584              		.section	.text.set_address,"ax",%progbits
 585              		.align	1
 586              		.p2align 4,,15
 587              		.syntax unified
 588              		.thumb
 589              		.thumb_func
 590              		.type	set_address, %function
 591              	set_address:
 592              	.LVL54:
 593              	.LFB234:
 594              		.loc 1 64 42 is_stmt 1 view -0
 595              		.cfi_startproc
 596              		@ args = 0, pretend = 0, frame = 0
 597              		@ frame_needed = 0, uses_anonymous_args = 0
 598              		.loc 1 64 42 is_stmt 0 view .LVU197
 599 0000 10B5     		push	{r4, lr}
 600              		.cfi_def_cfa_offset 8
 601              		.cfi_offset 4, -8
 602              		.cfi_offset 14, -4
 603 0002 0446     		mov	r4, r0
 604              		.loc 1 66 3 is_stmt 1 view .LVU198
 605              		.loc 1 66 30 is_stmt 0 view .LVU199
 606 0004 90F87630 		ldrb	r3, [r0, #118]	@ zero_extendqisi2
 607              		.loc 1 66 17 view .LVU200
 608 0008 80F87E30 		strb	r3, [r0, #126]
 609              		.loc 1 67 3 is_stmt 1 view .LVU201
 610 000c FFF7FEFF 		bl	usb_lld_set_address
 611              	.LVL55:
 612              		.loc 1 68 3 view .LVU202
 613 0010 6368     		ldr	r3, [r4, #4]
 614 0012 1B68     		ldr	r3, [r3]
 615 0014 13B1     		cbz	r3, .L49
 616              		.loc 1 68 3 discriminator 1 view .LVU203
 617 0016 0121     		movs	r1, #1
 618 0018 2046     		mov	r0, r4
 619 001a 9847     		blx	r3
 620              	.LVL56:
 621              	.L49:
 622              		.loc 1 68 52 discriminator 3 view .LVU204
 623              		.loc 1 69 3 view .LVU205
 624              		.loc 1 69 15 is_stmt 0 view .LVU206
 625 001c 0323     		movs	r3, #3
 626 001e 2370     		strb	r3, [r4]
 627              		.loc 1 70 1 view .LVU207
ARM GAS  /tmp/ccrvdhwe.s 			page 12


 628 0020 10BD     		pop	{r4, pc}
 629              		.loc 1 70 1 view .LVU208
 630              		.cfi_endproc
 631              	.LFE234:
 632              		.size	set_address, .-set_address
 633 0022 00BF     		.section	.text.usbInit,"ax",%progbits
 634              		.align	1
 635              		.p2align 4,,15
 636              		.global	usbInit
 637              		.syntax unified
 638              		.thumb
 639              		.thumb_func
 640              		.type	usbInit, %function
 641              	usbInit:
 642              	.LFB236:
 643              		.loc 1 254 20 is_stmt 1 view -0
 644              		.cfi_startproc
 645              		@ args = 0, pretend = 0, frame = 0
 646              		@ frame_needed = 0, uses_anonymous_args = 0
 647 0000 08B5     		push	{r3, lr}
 648              		.cfi_def_cfa_offset 8
 649              		.cfi_offset 3, -8
 650              		.cfi_offset 14, -4
 651              		.loc 1 256 3 view .LVU210
 652 0002 FFF7FEFF 		bl	usb_lld_init
 653              	.LVL57:
 654              		.loc 1 257 1 is_stmt 0 view .LVU211
 655 0006 08BD     		pop	{r3, pc}
 656              		.cfi_endproc
 657              	.LFE236:
 658              		.size	usbInit, .-usbInit
 659              		.section	.text.usbObjectInit,"ax",%progbits
 660              		.align	1
 661              		.p2align 4,,15
 662              		.global	usbObjectInit
 663              		.syntax unified
 664              		.thumb
 665              		.thumb_func
 666              		.type	usbObjectInit, %function
 667              	usbObjectInit:
 668              	.LVL58:
 669              	.LFB237:
 670              		.loc 1 266 37 is_stmt 1 view -0
 671              		.cfi_startproc
 672              		@ args = 0, pretend = 0, frame = 0
 673              		@ frame_needed = 0, uses_anonymous_args = 0
 674              		@ link register save eliminated.
 675              		.loc 1 267 3 view .LVU213
 676              		.loc 1 269 3 view .LVU214
 677              		.loc 1 269 22 is_stmt 0 view .LVU215
 678 0000 0123     		movs	r3, #1
 679 0002 0370     		strb	r3, [r0]
 680              		.loc 1 270 3 is_stmt 1 view .LVU216
 681              		.loc 1 270 22 is_stmt 0 view .LVU217
 682 0004 0023     		movs	r3, #0
 683 0006 4360     		str	r3, [r0, #4]
 684              		.loc 1 271 3 is_stmt 1 view .LVU218
ARM GAS  /tmp/ccrvdhwe.s 			page 13


 685              	.LVL59:
 686              		.loc 1 271 3 is_stmt 0 view .LVU219
 687 0008 0AE0     		b	.L54
 688              	.LVL60:
 689              	.L55:
 690              		.loc 1 272 5 is_stmt 1 view .LVU220
 691              		.loc 1 272 25 is_stmt 0 view .LVU221
 692 000a 03F10A02 		add	r2, r3, #10
 693 000e 00EB8202 		add	r2, r0, r2, lsl #2
 694 0012 0021     		movs	r1, #0
 695 0014 5160     		str	r1, [r2, #4]
 696              		.loc 1 273 5 is_stmt 1 view .LVU222
 697              		.loc 1 273 25 is_stmt 0 view .LVU223
 698 0016 03F11202 		add	r2, r3, #18
 699 001a 40F82210 		str	r1, [r0, r2, lsl #2]
 700              		.loc 1 271 49 is_stmt 1 discriminator 3 view .LVU224
 701 001e 0133     		adds	r3, r3, #1
 702              	.LVL61:
 703              	.L54:
 704              		.loc 1 271 17 discriminator 1 view .LVU225
 705 0020 062B     		cmp	r3, #6
 706 0022 F2D9     		bls	.L55
 707              		.loc 1 275 3 view .LVU226
 708              		.loc 1 275 22 is_stmt 0 view .LVU227
 709 0024 0023     		movs	r3, #0
 710              	.LVL62:
 711              		.loc 1 275 22 view .LVU228
 712 0026 0381     		strh	r3, [r0, #8]	@ movhi
 713              		.loc 1 276 3 is_stmt 1 view .LVU229
 714              		.loc 1 276 22 is_stmt 0 view .LVU230
 715 0028 4381     		strh	r3, [r0, #10]	@ movhi
 716              		.loc 1 277 1 view .LVU231
 717 002a 7047     		bx	lr
 718              		.cfi_endproc
 719              	.LFE237:
 720              		.size	usbObjectInit, .-usbObjectInit
 721              		.section	.text.usbStart,"ax",%progbits
 722              		.align	1
 723              		.p2align 4,,15
 724              		.global	usbStart
 725              		.syntax unified
 726              		.thumb
 727              		.thumb_func
 728              		.type	usbStart, %function
 729              	usbStart:
 730              	.LVL63:
 731              	.LFB238:
 732              		.loc 1 287 57 is_stmt 1 view -0
 733              		.cfi_startproc
 734              		@ args = 0, pretend = 0, frame = 0
 735              		@ frame_needed = 0, uses_anonymous_args = 0
 736              		.loc 1 287 57 is_stmt 0 view .LVU233
 737 0000 10B5     		push	{r4, lr}
 738              		.cfi_def_cfa_offset 8
 739              		.cfi_offset 4, -8
 740              		.cfi_offset 14, -4
 741 0002 0446     		mov	r4, r0
ARM GAS  /tmp/ccrvdhwe.s 			page 14


 742              		.loc 1 288 3 is_stmt 1 view .LVU234
 743              		.loc 1 290 3 view .LVU235
 744              		.loc 1 290 3 view .LVU236
 745              		.loc 1 290 3 discriminator 7 view .LVU237
 746              		.loc 1 292 3 view .LVU238
 747              	.LBB180:
 748              	.LBI180:
 749              		.file 2 "ChibiOS/os/hal/osal/rt/osal.h"
 750              		.loc 2 491 20 view .LVU239
 751              		.loc 2 493 3 view .LVU240
 752              	.LBB181:
 753              	.LBI181:
 754              		.file 3 "ChibiOS/os/rt/include/chsys.h"
 755              		.loc 3 374 20 view .LVU241
 756              		.loc 3 376 3 view .LVU242
 757              	.LBB182:
 758              	.LBI182:
 759              		.file 4 "ChibiOS/os/common/ports/ARMCMx/chcore_v7m.h"
 760              		.loc 4 604 20 view .LVU243
 761              		.loc 4 612 3 view .LVU244
 762              	.LVL64:
 763              	.LBB183:
 764              	.LBI183:
 765              		.file 5 "ChibiOS/os/common/ext/CMSIS/include/core_cmFunc.h"
 766              		.loc 5 546 57 view .LVU245
 767              	.LBB184:
 768              		.loc 5 548 3 view .LVU246
 769 0004 2023     		movs	r3, #32
 770              		.syntax unified
 771              	@ 548 "ChibiOS/os/common/ext/CMSIS/include/core_cmFunc.h" 1
 772 0006 83F31188 		MSR basepri, r3
 773              	@ 0 "" 2
 774              	.LVL65:
 775              		.loc 5 548 3 is_stmt 0 view .LVU247
 776              		.thumb
 777              		.syntax unified
 778              	.LBE184:
 779              	.LBE183:
 780              	.LBE182:
 781              		.loc 3 377 34 is_stmt 1 view .LVU248
 782              		.loc 3 378 20 view .LVU249
 783              	.LBE181:
 784              	.LBE180:
 785              		.loc 1 293 3 view .LVU250
 786              		.loc 1 293 3 view .LVU251
 787              		.loc 1 293 3 discriminator 5 view .LVU252
 788              		.loc 1 295 3 view .LVU253
 789              		.loc 1 295 16 is_stmt 0 view .LVU254
 790 000a 4160     		str	r1, [r0, #4]
 791              		.loc 1 296 3 is_stmt 1 view .LVU255
 792              	.LVL66:
 793              		.loc 1 296 10 is_stmt 0 view .LVU256
 794 000c 0023     		movs	r3, #0
 795              		.loc 1 296 3 view .LVU257
 796 000e 05E0     		b	.L57
 797              	.LVL67:
 798              	.L58:
ARM GAS  /tmp/ccrvdhwe.s 			page 15


 799              		.loc 1 297 5 is_stmt 1 view .LVU258
 800              		.loc 1 297 18 is_stmt 0 view .LVU259
 801 0010 9A1C     		adds	r2, r3, #2
 802 0012 04EB8202 		add	r2, r4, r2, lsl #2
 803 0016 0021     		movs	r1, #0
 804 0018 5160     		str	r1, [r2, #4]
 805              		.loc 1 296 50 is_stmt 1 discriminator 3 view .LVU260
 806 001a 0133     		adds	r3, r3, #1
 807              	.LVL68:
 808              	.L57:
 809              		.loc 1 296 17 discriminator 1 view .LVU261
 810 001c 072B     		cmp	r3, #7
 811 001e F7D9     		bls	.L58
 812              		.loc 1 299 3 view .LVU262
 813 0020 2046     		mov	r0, r4
 814              	.LVL69:
 815              		.loc 1 299 3 is_stmt 0 view .LVU263
 816 0022 FFF7FEFF 		bl	usb_lld_start
 817              	.LVL70:
 818              		.loc 1 300 3 is_stmt 1 view .LVU264
 819              		.loc 1 300 15 is_stmt 0 view .LVU265
 820 0026 0223     		movs	r3, #2
 821 0028 2370     		strb	r3, [r4]
 822              		.loc 1 301 3 is_stmt 1 view .LVU266
 823              	.LBB185:
 824              	.LBI185:
 825              		.loc 2 502 20 view .LVU267
 826              		.loc 2 504 3 view .LVU268
 827              	.LBB186:
 828              	.LBI186:
 829              		.loc 3 386 20 view .LVU269
 830              	.LBB187:
 831              		.loc 3 388 22 view .LVU270
 832              		.loc 3 389 33 view .LVU271
 833              		.loc 3 395 3 view .LVU272
 834              		.loc 3 395 3 view .LVU273
 835              		.loc 3 395 3 discriminator 7 view .LVU274
 836              		.loc 3 399 3 view .LVU275
 837              	.LBB188:
 838              	.LBI188:
 839              		.loc 4 628 20 view .LVU276
 840              		.loc 4 631 3 view .LVU277
 841              	.LVL71:
 842              	.LBB189:
 843              	.LBI189:
 844              		.loc 5 546 57 view .LVU278
 845              	.LBB190:
 846              		.loc 5 548 3 view .LVU279
 847 002a 0023     		movs	r3, #0
 848              		.syntax unified
 849              	@ 548 "ChibiOS/os/common/ext/CMSIS/include/core_cmFunc.h" 1
 850 002c 83F31188 		MSR basepri, r3
 851              	@ 0 "" 2
 852              	.LVL72:
 853              		.loc 5 548 3 is_stmt 0 view .LVU280
 854              		.thumb
 855              		.syntax unified
ARM GAS  /tmp/ccrvdhwe.s 			page 16


 856              	.LBE190:
 857              	.LBE189:
 858              	.LBE188:
 859              	.LBE187:
 860              	.LBE186:
 861              	.LBE185:
 862              		.loc 1 302 1 view .LVU281
 863 0030 10BD     		pop	{r4, pc}
 864              		.loc 1 302 1 view .LVU282
 865              		.cfi_endproc
 866              	.LFE238:
 867              		.size	usbStart, .-usbStart
 868 0032 00BF     		.section	.text.usbStop,"ax",%progbits
 869              		.align	1
 870              		.p2align 4,,15
 871              		.global	usbStop
 872              		.syntax unified
 873              		.thumb
 874              		.thumb_func
 875              		.type	usbStop, %function
 876              	usbStop:
 877              	.LVL73:
 878              	.LFB239:
 879              		.loc 1 311 31 is_stmt 1 view -0
 880              		.cfi_startproc
 881              		@ args = 0, pretend = 0, frame = 0
 882              		@ frame_needed = 0, uses_anonymous_args = 0
 883              		.loc 1 311 31 is_stmt 0 view .LVU284
 884 0000 10B5     		push	{r4, lr}
 885              		.cfi_def_cfa_offset 8
 886              		.cfi_offset 4, -8
 887              		.cfi_offset 14, -4
 888 0002 0446     		mov	r4, r0
 889              		.loc 1 312 3 is_stmt 1 view .LVU285
 890              		.loc 1 314 3 view .LVU286
 891              		.loc 1 314 3 view .LVU287
 892              		.loc 1 314 3 discriminator 5 view .LVU288
 893              		.loc 1 316 3 view .LVU289
 894              	.LBB191:
 895              	.LBI191:
 896              		.loc 2 491 20 view .LVU290
 897              		.loc 2 493 3 view .LVU291
 898              	.LBB192:
 899              	.LBI192:
 900              		.loc 3 374 20 view .LVU292
 901              		.loc 3 376 3 view .LVU293
 902              	.LBB193:
 903              	.LBI193:
 904              		.loc 4 604 20 view .LVU294
 905              		.loc 4 612 3 view .LVU295
 906              	.LVL74:
 907              	.LBB194:
 908              	.LBI194:
 909              		.loc 5 546 57 view .LVU296
 910              	.LBB195:
 911              		.loc 5 548 3 view .LVU297
 912 0004 2023     		movs	r3, #32
ARM GAS  /tmp/ccrvdhwe.s 			page 17


 913              		.syntax unified
 914              	@ 548 "ChibiOS/os/common/ext/CMSIS/include/core_cmFunc.h" 1
 915 0006 83F31188 		MSR basepri, r3
 916              	@ 0 "" 2
 917              	.LVL75:
 918              		.loc 5 548 3 is_stmt 0 view .LVU298
 919              		.thumb
 920              		.syntax unified
 921              	.LBE195:
 922              	.LBE194:
 923              	.LBE193:
 924              		.loc 3 377 34 is_stmt 1 view .LVU299
 925              		.loc 3 378 20 view .LVU300
 926              	.LBE192:
 927              	.LBE191:
 928              		.loc 1 317 3 view .LVU301
 929              		.loc 1 317 3 view .LVU302
 930              		.loc 1 317 3 discriminator 5 view .LVU303
 931              		.loc 1 321 3 view .LVU304
 932 000a FFF7FEFF 		bl	usb_lld_stop
 933              	.LVL76:
 934              		.loc 1 322 3 view .LVU305
 935              		.loc 1 322 15 is_stmt 0 view .LVU306
 936 000e 0123     		movs	r3, #1
 937 0010 2370     		strb	r3, [r4]
 938              		.loc 1 325 3 is_stmt 1 view .LVU307
 939              	.LVL77:
 940              		.loc 1 325 10 is_stmt 0 view .LVU308
 941 0012 0023     		movs	r3, #0
 942              		.loc 1 325 3 view .LVU309
 943 0014 05E0     		b	.L61
 944              	.LVL78:
 945              	.L62:
 946              		.loc 1 336 5 is_stmt 1 view .LVU310
 947              		.loc 1 336 18 is_stmt 0 view .LVU311
 948 0016 9A1C     		adds	r2, r3, #2
 949 0018 04EB8202 		add	r2, r4, r2, lsl #2
 950 001c 0021     		movs	r1, #0
 951 001e 5160     		str	r1, [r2, #4]
 952              		.loc 1 325 50 is_stmt 1 discriminator 3 view .LVU312
 953 0020 0133     		adds	r3, r3, #1
 954              	.LVL79:
 955              	.L61:
 956              		.loc 1 325 17 discriminator 1 view .LVU313
 957 0022 072B     		cmp	r3, #7
 958 0024 F7D9     		bls	.L62
 959              		.loc 1 338 3 view .LVU314
 960              	.LBB196:
 961              	.LBI196:
 962              		.loc 2 598 20 view .LVU315
 963              	.LBB197:
 964              		.loc 2 600 3 view .LVU316
 965 0026 FFF7FEFF 		bl	chSchRescheduleS
 966              	.LVL80:
 967              		.loc 2 600 3 is_stmt 0 view .LVU317
 968              	.LBE197:
 969              	.LBE196:
ARM GAS  /tmp/ccrvdhwe.s 			page 18


 970              		.loc 1 339 3 is_stmt 1 view .LVU318
 971              	.LBB198:
 972              	.LBI198:
 973              		.loc 2 502 20 view .LVU319
 974              		.loc 2 504 3 view .LVU320
 975              	.LBB199:
 976              	.LBI199:
 977              		.loc 3 386 20 view .LVU321
 978              	.LBB200:
 979              		.loc 3 388 22 view .LVU322
 980              		.loc 3 389 33 view .LVU323
 981              		.loc 3 395 3 view .LVU324
 982              		.loc 3 395 3 view .LVU325
 983              		.loc 3 395 3 discriminator 7 view .LVU326
 984              		.loc 3 399 3 view .LVU327
 985              	.LBB201:
 986              	.LBI201:
 987              		.loc 4 628 20 view .LVU328
 988              		.loc 4 631 3 view .LVU329
 989              	.LBB202:
 990              	.LBI202:
 991              		.loc 5 546 57 view .LVU330
 992              	.LBB203:
 993              		.loc 5 548 3 view .LVU331
 994 002a 0023     		movs	r3, #0
 995              		.syntax unified
 996              	@ 548 "ChibiOS/os/common/ext/CMSIS/include/core_cmFunc.h" 1
 997 002c 83F31188 		MSR basepri, r3
 998              	@ 0 "" 2
 999              	.LVL81:
 1000              		.loc 5 548 3 is_stmt 0 view .LVU332
 1001              		.thumb
 1002              		.syntax unified
 1003              	.LBE203:
 1004              	.LBE202:
 1005              	.LBE201:
 1006              	.LBE200:
 1007              	.LBE199:
 1008              	.LBE198:
 1009              		.loc 1 340 1 view .LVU333
 1010 0030 10BD     		pop	{r4, pc}
 1011              		.loc 1 340 1 view .LVU334
 1012              		.cfi_endproc
 1013              	.LFE239:
 1014              		.size	usbStop, .-usbStop
 1015 0032 00BF     		.section	.text.usbInitEndpointI,"ax",%progbits
 1016              		.align	1
 1017              		.p2align 4,,15
 1018              		.global	usbInitEndpointI
 1019              		.syntax unified
 1020              		.thumb
 1021              		.thumb_func
 1022              		.type	usbInitEndpointI, %function
 1023              	usbInitEndpointI:
 1024              	.LVL82:
 1025              	.LFB240:
 1026              		.loc 1 356 54 is_stmt 1 view -0
ARM GAS  /tmp/ccrvdhwe.s 			page 19


 1027              		.cfi_startproc
 1028              		@ args = 0, pretend = 0, frame = 0
 1029              		@ frame_needed = 0, uses_anonymous_args = 0
 1030              		.loc 1 356 54 is_stmt 0 view .LVU336
 1031 0000 08B5     		push	{r3, lr}
 1032              		.cfi_def_cfa_offset 8
 1033              		.cfi_offset 3, -8
 1034              		.cfi_offset 14, -4
 1035              		.loc 1 358 23 is_stmt 1 view .LVU337
 1036              		.loc 1 359 3 view .LVU338
 1037              		.loc 1 359 3 view .LVU339
 1038              		.loc 1 359 3 discriminator 7 view .LVU340
 1039              		.loc 1 360 3 view .LVU341
 1040              		.loc 1 360 3 view .LVU342
 1041              		.loc 1 360 3 discriminator 5 view .LVU343
 1042              		.loc 1 362 3 view .LVU344
 1043              		.loc 1 362 3 view .LVU345
 1044              		.loc 1 362 3 discriminator 5 view .LVU346
 1045              		.loc 1 365 3 view .LVU347
 1046              		.loc 1 365 17 is_stmt 0 view .LVU348
 1047 0002 8B1C     		adds	r3, r1, #2
 1048 0004 00EB8303 		add	r3, r0, r3, lsl #2
 1049 0008 5A60     		str	r2, [r3, #4]
 1050              		.loc 1 368 3 is_stmt 1 view .LVU349
 1051              		.loc 1 368 11 is_stmt 0 view .LVU350
 1052 000a 5369     		ldr	r3, [r2, #20]
 1053              		.loc 1 368 6 view .LVU351
 1054 000c 4BB1     		cbz	r3, .L65
 1055              		.loc 1 369 5 is_stmt 1 view .LVU352
 1056 000e 4FF0000C 		mov	ip, #0
 1057 0012 C3F800C0 		str	ip, [r3]	@ unaligned
 1058 0016 C3F804C0 		str	ip, [r3, #4]	@ unaligned
 1059 001a C3F808C0 		str	ip, [r3, #8]	@ unaligned
 1060 001e C3F80CC0 		str	ip, [r3, #12]	@ unaligned
 1061              	.L65:
 1062              		.loc 1 371 3 view .LVU353
 1063              		.loc 1 371 11 is_stmt 0 view .LVU354
 1064 0022 9369     		ldr	r3, [r2, #24]
 1065              		.loc 1 371 6 view .LVU355
 1066 0024 23B1     		cbz	r3, .L66
 1067              		.loc 1 372 5 is_stmt 1 view .LVU356
 1068 0026 0022     		movs	r2, #0
 1069              	.LVL83:
 1070              		.loc 1 372 5 is_stmt 0 view .LVU357
 1071 0028 1A60     		str	r2, [r3]	@ unaligned
 1072 002a 5A60     		str	r2, [r3, #4]	@ unaligned
 1073 002c 9A60     		str	r2, [r3, #8]	@ unaligned
 1074 002e DA60     		str	r2, [r3, #12]	@ unaligned
 1075              	.L66:
 1076              		.loc 1 376 3 is_stmt 1 view .LVU358
 1077 0030 FFF7FEFF 		bl	usb_lld_init_endpoint
 1078              	.LVL84:
 1079              		.loc 1 377 1 is_stmt 0 view .LVU359
 1080 0034 08BD     		pop	{r3, pc}
 1081              		.cfi_endproc
 1082              	.LFE240:
 1083              		.size	usbInitEndpointI, .-usbInitEndpointI
ARM GAS  /tmp/ccrvdhwe.s 			page 20


 1084 0036 00BF     		.section	.text.usbDisableEndpointsI,"ax",%progbits
 1085              		.align	1
 1086              		.p2align 4,,15
 1087              		.global	usbDisableEndpointsI
 1088              		.syntax unified
 1089              		.thumb
 1090              		.thumb_func
 1091              		.type	usbDisableEndpointsI, %function
 1092              	usbDisableEndpointsI:
 1093              	.LVL85:
 1094              	.LFB241:
 1095              		.loc 1 390 44 is_stmt 1 view -0
 1096              		.cfi_startproc
 1097              		@ args = 0, pretend = 0, frame = 0
 1098              		@ frame_needed = 0, uses_anonymous_args = 0
 1099              		.loc 1 390 44 is_stmt 0 view .LVU361
 1100 0000 08B5     		push	{r3, lr}
 1101              		.cfi_def_cfa_offset 8
 1102              		.cfi_offset 3, -8
 1103              		.cfi_offset 14, -4
 1104              		.loc 1 391 3 is_stmt 1 view .LVU362
 1105              		.loc 1 393 23 view .LVU363
 1106              		.loc 1 394 3 view .LVU364
 1107              		.loc 1 394 3 view .LVU365
 1108              		.loc 1 394 3 discriminator 5 view .LVU366
 1109              		.loc 1 395 3 view .LVU367
 1110              		.loc 1 395 3 view .LVU368
 1111              		.loc 1 395 3 discriminator 5 view .LVU369
 1112              		.loc 1 397 3 view .LVU370
 1113              		.loc 1 397 7 is_stmt 0 view .LVU371
 1114 0002 0389     		ldrh	r3, [r0, #8]
 1115              		.loc 1 397 22 view .LVU372
 1116 0004 23F00103 		bic	r3, r3, #1
 1117 0008 0381     		strh	r3, [r0, #8]	@ movhi
 1118              		.loc 1 398 3 is_stmt 1 view .LVU373
 1119              		.loc 1 398 7 is_stmt 0 view .LVU374
 1120 000a 4389     		ldrh	r3, [r0, #10]
 1121              		.loc 1 398 22 view .LVU375
 1122 000c 23F00103 		bic	r3, r3, #1
 1123 0010 4381     		strh	r3, [r0, #10]	@ movhi
 1124              		.loc 1 399 3 is_stmt 1 view .LVU376
 1125              	.LVL86:
 1126              		.loc 1 399 10 is_stmt 0 view .LVU377
 1127 0012 0123     		movs	r3, #1
 1128              		.loc 1 399 3 view .LVU378
 1129 0014 05E0     		b	.L69
 1130              	.LVL87:
 1131              	.L70:
 1132              		.loc 1 413 5 is_stmt 1 view .LVU379
 1133              		.loc 1 413 18 is_stmt 0 view .LVU380
 1134 0016 9A1C     		adds	r2, r3, #2
 1135 0018 00EB8202 		add	r2, r0, r2, lsl #2
 1136 001c 0021     		movs	r1, #0
 1137 001e 5160     		str	r1, [r2, #4]
 1138              		.loc 1 399 50 is_stmt 1 discriminator 3 view .LVU381
 1139 0020 0133     		adds	r3, r3, #1
 1140              	.LVL88:
ARM GAS  /tmp/ccrvdhwe.s 			page 21


 1141              	.L69:
 1142              		.loc 1 399 17 discriminator 1 view .LVU382
 1143 0022 072B     		cmp	r3, #7
 1144 0024 F7D9     		bls	.L70
 1145              		.loc 1 417 3 view .LVU383
 1146 0026 FFF7FEFF 		bl	usb_lld_disable_endpoints
 1147              	.LVL89:
 1148              		.loc 1 418 1 is_stmt 0 view .LVU384
 1149 002a 08BD     		pop	{r3, pc}
 1150              		.cfi_endproc
 1151              	.LFE241:
 1152              		.size	usbDisableEndpointsI, .-usbDisableEndpointsI
 1153              		.section	.text.usbStartReceiveI,"ax",%progbits
 1154              		.align	1
 1155              		.p2align 4,,15
 1156              		.global	usbStartReceiveI
 1157              		.syntax unified
 1158              		.thumb
 1159              		.thumb_func
 1160              		.type	usbStartReceiveI, %function
 1161              	usbStartReceiveI:
 1162              	.LVL90:
 1163              	.LFB242:
 1164              		.loc 1 435 47 is_stmt 1 view -0
 1165              		.cfi_startproc
 1166              		@ args = 0, pretend = 0, frame = 0
 1167              		@ frame_needed = 0, uses_anonymous_args = 0
 1168              		.loc 1 435 47 is_stmt 0 view .LVU386
 1169 0000 38B5     		push	{r3, r4, r5, lr}
 1170              		.cfi_def_cfa_offset 16
 1171              		.cfi_offset 3, -16
 1172              		.cfi_offset 4, -12
 1173              		.cfi_offset 5, -8
 1174              		.cfi_offset 14, -4
 1175              		.loc 1 436 3 is_stmt 1 view .LVU387
 1176              		.loc 1 438 23 view .LVU388
 1177              		.loc 1 439 3 view .LVU389
 1178              		.loc 1 439 3 view .LVU390
 1179              		.loc 1 439 3 discriminator 7 view .LVU391
 1180              		.loc 1 443 3 view .LVU392
 1181              		.loc 1 443 7 is_stmt 0 view .LVU393
 1182 0002 4589     		ldrh	r5, [r0, #10]
 1183              		.loc 1 443 46 view .LVU394
 1184 0004 0124     		movs	r4, #1
 1185 0006 8C40     		lsls	r4, r4, r1
 1186              		.loc 1 443 22 view .LVU395
 1187 0008 A4B2     		uxth	r4, r4
 1188              		.loc 1 443 19 view .LVU396
 1189 000a 2C43     		orrs	r4, r4, r5
 1190 000c 4481     		strh	r4, [r0, #10]	@ movhi
 1191              		.loc 1 447 3 is_stmt 1 view .LVU397
 1192              		.loc 1 447 18 is_stmt 0 view .LVU398
 1193 000e 01F1020E 		add	lr, r1, #2
 1194 0012 00EB8E0C 		add	ip, r0, lr, lsl #2
 1195 0016 DCF80440 		ldr	r4, [ip, #4]
 1196              		.loc 1 447 7 view .LVU399
 1197 001a A469     		ldr	r4, [r4, #24]
ARM GAS  /tmp/ccrvdhwe.s 			page 22


 1198              	.LVL91:
 1199              		.loc 1 449 3 is_stmt 1 view .LVU400
 1200              		.loc 1 449 15 is_stmt 0 view .LVU401
 1201 001c A260     		str	r2, [r4, #8]
 1202              		.loc 1 450 3 is_stmt 1 view .LVU402
 1203              		.loc 1 450 15 is_stmt 0 view .LVU403
 1204 001e 2360     		str	r3, [r4]
 1205              		.loc 1 451 3 is_stmt 1 view .LVU404
 1206              		.loc 1 451 15 is_stmt 0 view .LVU405
 1207 0020 0023     		movs	r3, #0
 1208              	.LVL92:
 1209              		.loc 1 451 15 view .LVU406
 1210 0022 6360     		str	r3, [r4, #4]
 1211              		.loc 1 457 3 is_stmt 1 view .LVU407
 1212 0024 FFF7FEFF 		bl	usb_lld_start_out
 1213              	.LVL93:
 1214              		.loc 1 458 1 is_stmt 0 view .LVU408
 1215 0028 38BD     		pop	{r3, r4, r5, pc}
 1216              		.loc 1 458 1 view .LVU409
 1217              		.cfi_endproc
 1218              	.LFE242:
 1219              		.size	usbStartReceiveI, .-usbStartReceiveI
 1220 002a 00BF     		.section	.text.usbStartTransmitI,"ax",%progbits
 1221              		.align	1
 1222              		.p2align 4,,15
 1223              		.global	usbStartTransmitI
 1224              		.syntax unified
 1225              		.thumb
 1226              		.thumb_func
 1227              		.type	usbStartTransmitI, %function
 1228              	usbStartTransmitI:
 1229              	.LVL94:
 1230              	.LFB243:
 1231              		.loc 1 474 54 is_stmt 1 view -0
 1232              		.cfi_startproc
 1233              		@ args = 0, pretend = 0, frame = 0
 1234              		@ frame_needed = 0, uses_anonymous_args = 0
 1235              		.loc 1 474 54 is_stmt 0 view .LVU411
 1236 0000 38B5     		push	{r3, r4, r5, lr}
 1237              		.cfi_def_cfa_offset 16
 1238              		.cfi_offset 3, -16
 1239              		.cfi_offset 4, -12
 1240              		.cfi_offset 5, -8
 1241              		.cfi_offset 14, -4
 1242              		.loc 1 475 3 is_stmt 1 view .LVU412
 1243              		.loc 1 477 23 view .LVU413
 1244              		.loc 1 478 3 view .LVU414
 1245              		.loc 1 478 3 view .LVU415
 1246              		.loc 1 478 3 discriminator 7 view .LVU416
 1247              		.loc 1 482 3 view .LVU417
 1248              		.loc 1 482 7 is_stmt 0 view .LVU418
 1249 0002 0589     		ldrh	r5, [r0, #8]
 1250              		.loc 1 482 49 view .LVU419
 1251 0004 0124     		movs	r4, #1
 1252 0006 8C40     		lsls	r4, r4, r1
 1253              		.loc 1 482 25 view .LVU420
 1254 0008 A4B2     		uxth	r4, r4
ARM GAS  /tmp/ccrvdhwe.s 			page 23


 1255              		.loc 1 482 22 view .LVU421
 1256 000a 2C43     		orrs	r4, r4, r5
 1257 000c 0481     		strh	r4, [r0, #8]	@ movhi
 1258              		.loc 1 486 3 is_stmt 1 view .LVU422
 1259              		.loc 1 486 18 is_stmt 0 view .LVU423
 1260 000e 01F1020E 		add	lr, r1, #2
 1261 0012 00EB8E0C 		add	ip, r0, lr, lsl #2
 1262 0016 DCF80440 		ldr	r4, [ip, #4]
 1263              		.loc 1 486 7 view .LVU424
 1264 001a 6469     		ldr	r4, [r4, #20]
 1265              	.LVL95:
 1266              		.loc 1 488 3 is_stmt 1 view .LVU425
 1267              		.loc 1 488 15 is_stmt 0 view .LVU426
 1268 001c A260     		str	r2, [r4, #8]
 1269              		.loc 1 489 3 is_stmt 1 view .LVU427
 1270              		.loc 1 489 15 is_stmt 0 view .LVU428
 1271 001e 2360     		str	r3, [r4]
 1272              		.loc 1 490 3 is_stmt 1 view .LVU429
 1273              		.loc 1 490 15 is_stmt 0 view .LVU430
 1274 0020 0023     		movs	r3, #0
 1275              	.LVL96:
 1276              		.loc 1 490 15 view .LVU431
 1277 0022 6360     		str	r3, [r4, #4]
 1278              		.loc 1 496 3 is_stmt 1 view .LVU432
 1279 0024 FFF7FEFF 		bl	usb_lld_start_in
 1280              	.LVL97:
 1281              		.loc 1 497 1 is_stmt 0 view .LVU433
 1282 0028 38BD     		pop	{r3, r4, r5, pc}
 1283              		.loc 1 497 1 view .LVU434
 1284              		.cfi_endproc
 1285              	.LFE243:
 1286              		.size	usbStartTransmitI, .-usbStartTransmitI
 1287 002a 00BF     		.section	.text.usbStallReceiveI,"ax",%progbits
 1288              		.align	1
 1289              		.p2align 4,,15
 1290              		.global	usbStallReceiveI
 1291              		.syntax unified
 1292              		.thumb
 1293              		.thumb_func
 1294              		.type	usbStallReceiveI, %function
 1295              	usbStallReceiveI:
 1296              	.LVL98:
 1297              	.LFB244:
 1298              		.loc 1 580 52 is_stmt 1 view -0
 1299              		.cfi_startproc
 1300              		@ args = 0, pretend = 0, frame = 0
 1301              		@ frame_needed = 0, uses_anonymous_args = 0
 1302              		.loc 1 580 52 is_stmt 0 view .LVU436
 1303 0000 08B5     		push	{r3, lr}
 1304              		.cfi_def_cfa_offset 8
 1305              		.cfi_offset 3, -8
 1306              		.cfi_offset 14, -4
 1307              		.loc 1 582 23 is_stmt 1 view .LVU437
 1308              		.loc 1 583 3 view .LVU438
 1309              		.loc 1 583 3 view .LVU439
 1310              		.loc 1 583 3 discriminator 5 view .LVU440
 1311              		.loc 1 585 3 view .LVU441
ARM GAS  /tmp/ccrvdhwe.s 			page 24


 1312              		.loc 1 585 7 is_stmt 0 view .LVU442
 1313 0002 4289     		ldrh	r2, [r0, #10]
 1314 0004 0123     		movs	r3, #1
 1315 0006 8B40     		lsls	r3, r3, r1
 1316              		.loc 1 585 6 view .LVU443
 1317 0008 1342     		tst	r3, r2
 1318 000a 01D0     		beq	.L80
 1319              		.loc 1 586 12 view .LVU444
 1320 000c 0120     		movs	r0, #1
 1321              	.LVL99:
 1322              	.L77:
 1323              		.loc 1 591 1 view .LVU445
 1324 000e 08BD     		pop	{r3, pc}
 1325              	.LVL100:
 1326              	.L80:
 1327              		.loc 1 589 3 is_stmt 1 view .LVU446
 1328 0010 FFF7FEFF 		bl	usb_lld_stall_out
 1329              	.LVL101:
 1330              		.loc 1 590 3 view .LVU447
 1331              		.loc 1 590 10 is_stmt 0 view .LVU448
 1332 0014 0020     		movs	r0, #0
 1333 0016 FAE7     		b	.L77
 1334              		.cfi_endproc
 1335              	.LFE244:
 1336              		.size	usbStallReceiveI, .-usbStallReceiveI
 1337              		.section	.text.usbStallTransmitI,"ax",%progbits
 1338              		.align	1
 1339              		.p2align 4,,15
 1340              		.global	usbStallTransmitI
 1341              		.syntax unified
 1342              		.thumb
 1343              		.thumb_func
 1344              		.type	usbStallTransmitI, %function
 1345              	usbStallTransmitI:
 1346              	.LVL102:
 1347              	.LFB245:
 1348              		.loc 1 605 53 is_stmt 1 view -0
 1349              		.cfi_startproc
 1350              		@ args = 0, pretend = 0, frame = 0
 1351              		@ frame_needed = 0, uses_anonymous_args = 0
 1352              		.loc 1 605 53 is_stmt 0 view .LVU450
 1353 0000 08B5     		push	{r3, lr}
 1354              		.cfi_def_cfa_offset 8
 1355              		.cfi_offset 3, -8
 1356              		.cfi_offset 14, -4
 1357              		.loc 1 607 23 is_stmt 1 view .LVU451
 1358              		.loc 1 608 3 view .LVU452
 1359              		.loc 1 608 3 view .LVU453
 1360              		.loc 1 608 3 discriminator 5 view .LVU454
 1361              		.loc 1 610 3 view .LVU455
 1362              		.loc 1 610 7 is_stmt 0 view .LVU456
 1363 0002 0289     		ldrh	r2, [r0, #8]
 1364 0004 0123     		movs	r3, #1
 1365 0006 8B40     		lsls	r3, r3, r1
 1366              		.loc 1 610 6 view .LVU457
 1367 0008 1342     		tst	r3, r2
 1368 000a 01D0     		beq	.L85
ARM GAS  /tmp/ccrvdhwe.s 			page 25


 1369              		.loc 1 611 12 view .LVU458
 1370 000c 0120     		movs	r0, #1
 1371              	.LVL103:
 1372              	.L82:
 1373              		.loc 1 616 1 view .LVU459
 1374 000e 08BD     		pop	{r3, pc}
 1375              	.LVL104:
 1376              	.L85:
 1377              		.loc 1 614 3 is_stmt 1 view .LVU460
 1378 0010 FFF7FEFF 		bl	usb_lld_stall_in
 1379              	.LVL105:
 1380              		.loc 1 615 3 view .LVU461
 1381              		.loc 1 615 10 is_stmt 0 view .LVU462
 1382 0014 0020     		movs	r0, #0
 1383 0016 FAE7     		b	.L82
 1384              		.cfi_endproc
 1385              	.LFE245:
 1386              		.size	usbStallTransmitI, .-usbStallTransmitI
 1387              		.section	.text._usb_reset,"ax",%progbits
 1388              		.align	1
 1389              		.p2align 4,,15
 1390              		.global	_usb_reset
 1391              		.syntax unified
 1392              		.thumb
 1393              		.thumb_func
 1394              		.type	_usb_reset, %function
 1395              	_usb_reset:
 1396              	.LVL106:
 1397              	.LFB246:
 1398              		.loc 1 627 34 is_stmt 1 view -0
 1399              		.cfi_startproc
 1400              		@ args = 0, pretend = 0, frame = 0
 1401              		@ frame_needed = 0, uses_anonymous_args = 0
 1402              		.loc 1 627 34 is_stmt 0 view .LVU464
 1403 0000 10B5     		push	{r4, lr}
 1404              		.cfi_def_cfa_offset 8
 1405              		.cfi_offset 4, -8
 1406              		.cfi_offset 14, -4
 1407 0002 0446     		mov	r4, r0
 1408              		.loc 1 628 3 is_stmt 1 view .LVU465
 1409              		.loc 1 631 3 view .LVU466
 1410              		.loc 1 631 23 is_stmt 0 view .LVU467
 1411 0004 0223     		movs	r3, #2
 1412 0006 0370     		strb	r3, [r0]
 1413              		.loc 1 634 3 is_stmt 1 view .LVU468
 1414              		.loc 1 634 23 is_stmt 0 view .LVU469
 1415 0008 0023     		movs	r3, #0
 1416 000a A0F87C30 		strh	r3, [r0, #124]	@ movhi
 1417              		.loc 1 635 3 is_stmt 1 view .LVU470
 1418              		.loc 1 635 23 is_stmt 0 view .LVU471
 1419 000e 80F87E30 		strb	r3, [r0, #126]
 1420              		.loc 1 636 3 is_stmt 1 view .LVU472
 1421              		.loc 1 636 23 is_stmt 0 view .LVU473
 1422 0012 80F87F30 		strb	r3, [r0, #127]
 1423              		.loc 1 637 3 is_stmt 1 view .LVU474
 1424              		.loc 1 637 23 is_stmt 0 view .LVU475
 1425 0016 0381     		strh	r3, [r0, #8]	@ movhi
ARM GAS  /tmp/ccrvdhwe.s 			page 26


 1426              		.loc 1 638 3 is_stmt 1 view .LVU476
 1427              		.loc 1 638 23 is_stmt 0 view .LVU477
 1428 0018 4381     		strh	r3, [r0, #10]	@ movhi
 1429              		.loc 1 641 3 is_stmt 1 view .LVU478
 1430              	.LVL107:
 1431              		.loc 1 641 3 is_stmt 0 view .LVU479
 1432 001a 05E0     		b	.L87
 1433              	.LVL108:
 1434              	.L88:
 1435              		.loc 1 655 5 is_stmt 1 view .LVU480
 1436              		.loc 1 655 18 is_stmt 0 view .LVU481
 1437 001c 9A1C     		adds	r2, r3, #2
 1438 001e 04EB8202 		add	r2, r4, r2, lsl #2
 1439 0022 0021     		movs	r1, #0
 1440 0024 5160     		str	r1, [r2, #4]
 1441              		.loc 1 641 50 is_stmt 1 discriminator 3 view .LVU482
 1442 0026 0133     		adds	r3, r3, #1
 1443              	.LVL109:
 1444              	.L87:
 1445              		.loc 1 641 17 discriminator 1 view .LVU483
 1446 0028 072B     		cmp	r3, #7
 1447 002a F7D9     		bls	.L88
 1448              		.loc 1 659 3 view .LVU484
 1449              		.loc 1 659 18 is_stmt 0 view .LVU485
 1450 002c 0023     		movs	r3, #0
 1451              	.LVL110:
 1452              		.loc 1 659 18 view .LVU486
 1453 002e 84F86430 		strb	r3, [r4, #100]
 1454              		.loc 1 662 3 is_stmt 1 view .LVU487
 1455 0032 2046     		mov	r0, r4
 1456              	.LVL111:
 1457              		.loc 1 662 3 is_stmt 0 view .LVU488
 1458 0034 FFF7FEFF 		bl	usb_lld_reset
 1459              	.LVL112:
 1460              		.loc 1 665 3 is_stmt 1 view .LVU489
 1461 0038 6368     		ldr	r3, [r4, #4]
 1462 003a 1B68     		ldr	r3, [r3]
 1463 003c 13B1     		cbz	r3, .L86
 1464              		.loc 1 665 3 discriminator 1 view .LVU490
 1465 003e 0021     		movs	r1, #0
 1466 0040 2046     		mov	r0, r4
 1467 0042 9847     		blx	r3
 1468              	.LVL113:
 1469              		.loc 1 665 50 discriminator 3 view .LVU491
 1470              	.L86:
 1471              		.loc 1 666 1 is_stmt 0 view .LVU492
 1472 0044 10BD     		pop	{r4, pc}
 1473              		.loc 1 666 1 view .LVU493
 1474              		.cfi_endproc
 1475              	.LFE246:
 1476              		.size	_usb_reset, .-_usb_reset
 1477 0046 00BF     		.section	.text._usb_suspend,"ax",%progbits
 1478              		.align	1
 1479              		.p2align 4,,15
 1480              		.global	_usb_suspend
 1481              		.syntax unified
 1482              		.thumb
ARM GAS  /tmp/ccrvdhwe.s 			page 27


 1483              		.thumb_func
 1484              		.type	_usb_suspend, %function
 1485              	_usb_suspend:
 1486              	.LVL114:
 1487              	.LFB247:
 1488              		.loc 1 677 36 is_stmt 1 view -0
 1489              		.cfi_startproc
 1490              		@ args = 0, pretend = 0, frame = 0
 1491              		@ frame_needed = 0, uses_anonymous_args = 0
 1492              		.loc 1 677 36 is_stmt 0 view .LVU495
 1493 0000 08B5     		push	{r3, lr}
 1494              		.cfi_def_cfa_offset 8
 1495              		.cfi_offset 3, -8
 1496              		.cfi_offset 14, -4
 1497              		.loc 1 680 3 is_stmt 1 view .LVU496
 1498              		.loc 1 680 15 is_stmt 0 view .LVU497
 1499 0002 0523     		movs	r3, #5
 1500 0004 0370     		strb	r3, [r0]
 1501              		.loc 1 683 3 is_stmt 1 view .LVU498
 1502 0006 4368     		ldr	r3, [r0, #4]
 1503 0008 1B68     		ldr	r3, [r3]
 1504 000a 0BB1     		cbz	r3, .L91
 1505              		.loc 1 683 3 discriminator 1 view .LVU499
 1506 000c 0321     		movs	r1, #3
 1507 000e 9847     		blx	r3
 1508              	.LVL115:
 1509              		.loc 1 683 52 discriminator 3 view .LVU500
 1510              	.L91:
 1511              		.loc 1 704 1 is_stmt 0 view .LVU501
 1512 0010 08BD     		pop	{r3, pc}
 1513              		.cfi_endproc
 1514              	.LFE247:
 1515              		.size	_usb_suspend, .-_usb_suspend
 1516 0012 00BF     		.section	.text._usb_wakeup,"ax",%progbits
 1517              		.align	1
 1518              		.p2align 4,,15
 1519              		.global	_usb_wakeup
 1520              		.syntax unified
 1521              		.thumb
 1522              		.thumb_func
 1523              		.type	_usb_wakeup, %function
 1524              	_usb_wakeup:
 1525              	.LVL116:
 1526              	.LFB248:
 1527              		.loc 1 715 35 is_stmt 1 view -0
 1528              		.cfi_startproc
 1529              		@ args = 0, pretend = 0, frame = 0
 1530              		@ frame_needed = 0, uses_anonymous_args = 0
 1531              		.loc 1 715 35 is_stmt 0 view .LVU503
 1532 0000 08B5     		push	{r3, lr}
 1533              		.cfi_def_cfa_offset 8
 1534              		.cfi_offset 3, -8
 1535              		.cfi_offset 14, -4
 1536              		.loc 1 718 3 is_stmt 1 view .LVU504
 1537              		.loc 1 718 15 is_stmt 0 view .LVU505
 1538 0002 0423     		movs	r3, #4
 1539 0004 0370     		strb	r3, [r0]
ARM GAS  /tmp/ccrvdhwe.s 			page 28


 1540              		.loc 1 721 3 is_stmt 1 view .LVU506
 1541 0006 4368     		ldr	r3, [r0, #4]
 1542 0008 1B68     		ldr	r3, [r3]
 1543 000a 0BB1     		cbz	r3, .L94
 1544              		.loc 1 721 3 discriminator 1 view .LVU507
 1545 000c 0421     		movs	r1, #4
 1546 000e 9847     		blx	r3
 1547              	.LVL117:
 1548              		.loc 1 721 51 discriminator 3 view .LVU508
 1549              	.L94:
 1550              		.loc 1 722 1 is_stmt 0 view .LVU509
 1551 0010 08BD     		pop	{r3, pc}
 1552              		.cfi_endproc
 1553              	.LFE248:
 1554              		.size	_usb_wakeup, .-_usb_wakeup
 1555 0012 00BF     		.section	.text._usb_ep0setup,"ax",%progbits
 1556              		.align	1
 1557              		.p2align 4,,15
 1558              		.global	_usb_ep0setup
 1559              		.syntax unified
 1560              		.thumb
 1561              		.thumb_func
 1562              		.type	_usb_ep0setup, %function
 1563              	_usb_ep0setup:
 1564              	.LVL118:
 1565              	.LFB249:
 1566              		.loc 1 734 49 is_stmt 1 view -0
 1567              		.cfi_startproc
 1568              		@ args = 0, pretend = 0, frame = 0
 1569              		@ frame_needed = 0, uses_anonymous_args = 0
 1570              		.loc 1 734 49 is_stmt 0 view .LVU511
 1571 0000 10B5     		push	{r4, lr}
 1572              		.cfi_def_cfa_offset 8
 1573              		.cfi_offset 4, -8
 1574              		.cfi_offset 14, -4
 1575 0002 0446     		mov	r4, r0
 1576              		.loc 1 735 3 is_stmt 1 view .LVU512
 1577              		.loc 1 737 3 view .LVU513
 1578              		.loc 1 737 18 is_stmt 0 view .LVU514
 1579 0004 0023     		movs	r3, #0
 1580 0006 80F86430 		strb	r3, [r0, #100]
 1581              		.loc 1 738 3 is_stmt 1 view .LVU515
 1582 000a 00F17402 		add	r2, r0, #116
 1583 000e FFF7FEFF 		bl	usb_lld_read_setup
 1584              	.LVL119:
 1585              		.loc 1 743 3 view .LVU516
 1586              		.loc 1 743 12 is_stmt 0 view .LVU517
 1587 0012 6368     		ldr	r3, [r4, #4]
 1588              		.loc 1 743 20 view .LVU518
 1589 0014 9B68     		ldr	r3, [r3, #8]
 1590              		.loc 1 743 6 view .LVU519
 1591 0016 13B1     		cbz	r3, .L98
 1592              		.loc 1 744 9 view .LVU520
 1593 0018 2046     		mov	r0, r4
 1594 001a 9847     		blx	r3
 1595              	.LVL120:
 1596              		.loc 1 743 48 discriminator 1 view .LVU521
ARM GAS  /tmp/ccrvdhwe.s 			page 29


 1597 001c 40B9     		cbnz	r0, .L99
 1598              	.L98:
 1599              		.loc 1 749 5 is_stmt 1 view .LVU522
 1600              		.loc 1 749 22 is_stmt 0 view .LVU523
 1601 001e 94F87430 		ldrb	r3, [r4, #116]	@ zero_extendqisi2
 1602              		.loc 1 749 8 view .LVU524
 1603 0022 13F0600F 		tst	r3, #96
 1604 0026 22D1     		bne	.L100
 1605              		.loc 1 750 10 view .LVU525
 1606 0028 2046     		mov	r0, r4
 1607 002a FFF7FEFF 		bl	default_handler
 1608              	.LVL121:
 1609              		.loc 1 749 72 discriminator 1 view .LVU526
 1610 002e F0B1     		cbz	r0, .L100
 1611              	.L99:
 1612              		.loc 1 771 3 is_stmt 1 view .LVU527
 1613              		.loc 1 771 17 is_stmt 0 view .LVU528
 1614 0030 04F17A00 		add	r0, r4, #122
 1615 0034 FFF7FEFF 		bl	get_hword
 1616              	.LVL122:
 1617              		.loc 1 773 3 is_stmt 1 view .LVU529
 1618              		.loc 1 773 11 is_stmt 0 view .LVU530
 1619 0038 E36E     		ldr	r3, [r4, #108]
 1620              		.loc 1 773 6 view .LVU531
 1621 003a 8342     		cmp	r3, r0
 1622 003c 00D9     		bls	.L103
 1623              		.loc 1 774 5 is_stmt 1 view .LVU532
 1624              		.loc 1 774 16 is_stmt 0 view .LVU533
 1625 003e E066     		str	r0, [r4, #108]
 1626              	.L103:
 1627              		.loc 1 776 3 is_stmt 1 view .LVU534
 1628              		.loc 1 776 45 is_stmt 0 view .LVU535
 1629 0040 94F97430 		ldrsb	r3, [r4, #116]
 1630              		.loc 1 776 6 view .LVU536
 1631 0044 002B     		cmp	r3, #0
 1632 0046 24DB     		blt	.L108
 1633              		.loc 1 800 5 is_stmt 1 view .LVU537
 1634              		.loc 1 800 13 is_stmt 0 view .LVU538
 1635 0048 E36E     		ldr	r3, [r4, #108]
 1636              		.loc 1 800 8 view .LVU539
 1637 004a 002B     		cmp	r3, #0
 1638 004c 43D0     		beq	.L106
 1639              		.loc 1 802 7 is_stmt 1 view .LVU540
 1640              		.loc 1 802 22 is_stmt 0 view .LVU541
 1641 004e 0423     		movs	r3, #4
 1642 0050 84F86430 		strb	r3, [r4, #100]
 1643              		.loc 1 803 7 is_stmt 1 view .LVU542
 1644              	.LBB204:
 1645              	.LBI204:
 1646              		.loc 2 513 20 view .LVU543
 1647              		.loc 2 515 3 view .LVU544
 1648              	.LBB205:
 1649              	.LBI205:
 1650              		.loc 3 414 20 view .LVU545
 1651              		.loc 3 416 3 view .LVU546
 1652              	.LBB206:
 1653              	.LBI206:
ARM GAS  /tmp/ccrvdhwe.s 			page 30


 1654              		.loc 4 643 20 view .LVU547
 1655              		.loc 4 645 3 view .LVU548
 1656              	.LBB207:
 1657              	.LBI207:
 1658              		.loc 4 604 20 view .LVU549
 1659              		.loc 4 612 3 view .LVU550
 1660              	.LVL123:
 1661              	.LBB208:
 1662              	.LBI208:
 1663              		.loc 5 546 57 view .LVU551
 1664              	.LBB209:
 1665              		.loc 5 548 3 view .LVU552
 1666 0054 2023     		movs	r3, #32
 1667              		.syntax unified
 1668              	@ 548 "ChibiOS/os/common/ext/CMSIS/include/core_cmFunc.h" 1
 1669 0056 83F31188 		MSR basepri, r3
 1670              	@ 0 "" 2
 1671              	.LVL124:
 1672              		.loc 5 548 3 is_stmt 0 view .LVU553
 1673              		.thumb
 1674              		.syntax unified
 1675              	.LBE209:
 1676              	.LBE208:
 1677              	.LBE207:
 1678              	.LBE206:
 1679              		.loc 3 417 34 is_stmt 1 view .LVU554
 1680              		.loc 3 418 29 view .LVU555
 1681              	.LBE205:
 1682              	.LBE204:
 1683              		.loc 1 804 7 view .LVU556
 1684 005a E36E     		ldr	r3, [r4, #108]
 1685 005c A26E     		ldr	r2, [r4, #104]
 1686 005e 0021     		movs	r1, #0
 1687 0060 2046     		mov	r0, r4
 1688              	.LVL125:
 1689              		.loc 1 804 7 is_stmt 0 view .LVU557
 1690 0062 FFF7FEFF 		bl	usbStartReceiveI
 1691              	.LVL126:
 1692              		.loc 1 805 7 is_stmt 1 view .LVU558
 1693              	.LBB210:
 1694              	.LBI210:
 1695              		.loc 2 524 20 view .LVU559
 1696              	.LBB211:
 1697              		.loc 2 526 3 view .LVU560
 1698              	.LBB212:
 1699              	.LBI212:
 1700              		.loc 3 434 20 view .LVU561
 1701              		.loc 3 436 31 view .LVU562
 1702              		.loc 3 437 33 view .LVU563
 1703              		.loc 3 438 3 view .LVU564
 1704              	.LBB213:
 1705              	.LBI213:
 1706              		.loc 4 654 20 view .LVU565
 1707              		.loc 4 656 3 view .LVU566
 1708              	.LBB214:
 1709              	.LBI214:
 1710              		.loc 4 628 20 view .LVU567
ARM GAS  /tmp/ccrvdhwe.s 			page 31


 1711              		.loc 4 631 3 view .LVU568
 1712              	.LBB215:
 1713              	.LBI215:
 1714              		.loc 5 546 57 view .LVU569
 1715              	.LBB216:
 1716              		.loc 5 548 3 view .LVU570
 1717 0066 0023     		movs	r3, #0
 1718              		.syntax unified
 1719              	@ 548 "ChibiOS/os/common/ext/CMSIS/include/core_cmFunc.h" 1
 1720 0068 83F31188 		MSR basepri, r3
 1721              	@ 0 "" 2
 1722              	.LVL127:
 1723              		.loc 5 548 3 is_stmt 0 view .LVU571
 1724              		.thumb
 1725              		.syntax unified
 1726              	.LBE216:
 1727              	.LBE215:
 1728              	.LBE214:
 1729              	.LBE213:
 1730              	.LBE212:
 1731              		.loc 2 527 1 view .LVU572
 1732 006c 10E0     		b	.L97
 1733              	.LVL128:
 1734              	.L100:
 1735              		.loc 2 527 1 view .LVU573
 1736              	.LBE211:
 1737              	.LBE210:
 1738              		.loc 1 755 7 is_stmt 1 view .LVU574
 1739 006e 0021     		movs	r1, #0
 1740 0070 2046     		mov	r0, r4
 1741 0072 FFF7FEFF 		bl	usb_lld_stall_in
 1742              	.LVL129:
 1743              		.loc 1 756 7 view .LVU575
 1744 0076 0021     		movs	r1, #0
 1745 0078 2046     		mov	r0, r4
 1746 007a FFF7FEFF 		bl	usb_lld_stall_out
 1747              	.LVL130:
 1748              		.loc 1 757 7 view .LVU576
 1749 007e 6368     		ldr	r3, [r4, #4]
 1750 0080 1B68     		ldr	r3, [r3]
 1751 0082 13B1     		cbz	r3, .L101
 1752              		.loc 1 757 7 discriminator 1 view .LVU577
 1753 0084 0521     		movs	r1, #5
 1754 0086 2046     		mov	r0, r4
 1755 0088 9847     		blx	r3
 1756              	.LVL131:
 1757              	.L101:
 1758              		.loc 1 757 56 discriminator 3 view .LVU578
 1759              		.loc 1 758 7 view .LVU579
 1760              		.loc 1 758 22 is_stmt 0 view .LVU580
 1761 008a 0623     		movs	r3, #6
 1762 008c 84F86430 		strb	r3, [r4, #100]
 1763              		.loc 1 759 7 is_stmt 1 view .LVU581
 1764              	.L97:
 1765              		.loc 1 820 1 is_stmt 0 view .LVU582
 1766 0090 10BD     		pop	{r4, pc}
 1767              	.LVL132:
ARM GAS  /tmp/ccrvdhwe.s 			page 32


 1768              	.L108:
 1769              		.loc 1 778 5 is_stmt 1 view .LVU583
 1770              		.loc 1 778 13 is_stmt 0 view .LVU584
 1771 0092 E36E     		ldr	r3, [r4, #108]
 1772              		.loc 1 778 8 view .LVU585
 1773 0094 7BB1     		cbz	r3, .L105
 1774              		.loc 1 780 7 is_stmt 1 view .LVU586
 1775              		.loc 1 780 22 is_stmt 0 view .LVU587
 1776 0096 0123     		movs	r3, #1
 1777 0098 84F86430 		strb	r3, [r4, #100]
 1778              		.loc 1 781 7 is_stmt 1 view .LVU588
 1779              	.LBB217:
 1780              	.LBI217:
 1781              		.loc 2 513 20 view .LVU589
 1782              		.loc 2 515 3 view .LVU590
 1783              	.LBB218:
 1784              	.LBI218:
 1785              		.loc 3 414 20 view .LVU591
 1786              		.loc 3 416 3 view .LVU592
 1787              	.LBB219:
 1788              	.LBI219:
 1789              		.loc 4 643 20 view .LVU593
 1790              		.loc 4 645 3 view .LVU594
 1791              	.LBB220:
 1792              	.LBI220:
 1793              		.loc 4 604 20 view .LVU595
 1794              		.loc 4 612 3 view .LVU596
 1795              	.LVL133:
 1796              	.LBB221:
 1797              	.LBI221:
 1798              		.loc 5 546 57 view .LVU597
 1799              	.LBB222:
 1800              		.loc 5 548 3 view .LVU598
 1801 009c 2023     		movs	r3, #32
 1802              		.syntax unified
 1803              	@ 548 "ChibiOS/os/common/ext/CMSIS/include/core_cmFunc.h" 1
 1804 009e 83F31188 		MSR basepri, r3
 1805              	@ 0 "" 2
 1806              	.LVL134:
 1807              		.loc 5 548 3 is_stmt 0 view .LVU599
 1808              		.thumb
 1809              		.syntax unified
 1810              	.LBE222:
 1811              	.LBE221:
 1812              	.LBE220:
 1813              	.LBE219:
 1814              		.loc 3 417 34 is_stmt 1 view .LVU600
 1815              		.loc 3 418 29 view .LVU601
 1816              	.LBE218:
 1817              	.LBE217:
 1818              		.loc 1 782 7 view .LVU602
 1819 00a2 E36E     		ldr	r3, [r4, #108]
 1820 00a4 A26E     		ldr	r2, [r4, #104]
 1821 00a6 0021     		movs	r1, #0
 1822 00a8 2046     		mov	r0, r4
 1823              	.LVL135:
 1824              		.loc 1 782 7 is_stmt 0 view .LVU603
ARM GAS  /tmp/ccrvdhwe.s 			page 33


 1825 00aa FFF7FEFF 		bl	usbStartTransmitI
 1826              	.LVL136:
 1827              		.loc 1 783 7 is_stmt 1 view .LVU604
 1828              	.LBB223:
 1829              	.LBI223:
 1830              		.loc 2 524 20 view .LVU605
 1831              	.LBB224:
 1832              		.loc 2 526 3 view .LVU606
 1833              	.LBB225:
 1834              	.LBI225:
 1835              		.loc 3 434 20 view .LVU607
 1836              		.loc 3 436 31 view .LVU608
 1837              		.loc 3 437 33 view .LVU609
 1838              		.loc 3 438 3 view .LVU610
 1839              	.LBB226:
 1840              	.LBI226:
 1841              		.loc 4 654 20 view .LVU611
 1842              		.loc 4 656 3 view .LVU612
 1843              	.LBB227:
 1844              	.LBI227:
 1845              		.loc 4 628 20 view .LVU613
 1846              		.loc 4 631 3 view .LVU614
 1847              	.LBB228:
 1848              	.LBI228:
 1849              		.loc 5 546 57 view .LVU615
 1850              	.LBB229:
 1851              		.loc 5 548 3 view .LVU616
 1852 00ae 0023     		movs	r3, #0
 1853              		.syntax unified
 1854              	@ 548 "ChibiOS/os/common/ext/CMSIS/include/core_cmFunc.h" 1
 1855 00b0 83F31188 		MSR basepri, r3
 1856              	@ 0 "" 2
 1857              	.LVL137:
 1858              		.loc 5 548 3 is_stmt 0 view .LVU617
 1859              		.thumb
 1860              		.syntax unified
 1861              	.LBE229:
 1862              	.LBE228:
 1863              	.LBE227:
 1864              	.LBE226:
 1865              	.LBE225:
 1866              		.loc 2 527 1 view .LVU618
 1867 00b4 ECE7     		b	.L97
 1868              	.LVL138:
 1869              	.L105:
 1870              		.loc 2 527 1 view .LVU619
 1871              	.LBE224:
 1872              	.LBE223:
 1873              		.loc 1 788 7 is_stmt 1 view .LVU620
 1874              		.loc 1 788 22 is_stmt 0 view .LVU621
 1875 00b6 0323     		movs	r3, #3
 1876 00b8 84F86430 		strb	r3, [r4, #100]
 1877              		.loc 1 790 7 is_stmt 1 view .LVU622
 1878              	.LBB230:
 1879              	.LBI230:
 1880              		.loc 2 513 20 view .LVU623
 1881              		.loc 2 515 3 view .LVU624
ARM GAS  /tmp/ccrvdhwe.s 			page 34


 1882              	.LBB231:
 1883              	.LBI231:
 1884              		.loc 3 414 20 view .LVU625
 1885              		.loc 3 416 3 view .LVU626
 1886              	.LBB232:
 1887              	.LBI232:
 1888              		.loc 4 643 20 view .LVU627
 1889              		.loc 4 645 3 view .LVU628
 1890              	.LBB233:
 1891              	.LBI233:
 1892              		.loc 4 604 20 view .LVU629
 1893              		.loc 4 612 3 view .LVU630
 1894              	.LVL139:
 1895              	.LBB234:
 1896              	.LBI234:
 1897              		.loc 5 546 57 view .LVU631
 1898              	.LBB235:
 1899              		.loc 5 548 3 view .LVU632
 1900 00bc 2023     		movs	r3, #32
 1901              		.syntax unified
 1902              	@ 548 "ChibiOS/os/common/ext/CMSIS/include/core_cmFunc.h" 1
 1903 00be 83F31188 		MSR basepri, r3
 1904              	@ 0 "" 2
 1905              	.LVL140:
 1906              		.loc 5 548 3 is_stmt 0 view .LVU633
 1907              		.thumb
 1908              		.syntax unified
 1909              	.LBE235:
 1910              	.LBE234:
 1911              	.LBE233:
 1912              	.LBE232:
 1913              		.loc 3 417 34 is_stmt 1 view .LVU634
 1914              		.loc 3 418 29 view .LVU635
 1915              	.LBE231:
 1916              	.LBE230:
 1917              		.loc 1 791 7 view .LVU636
 1918 00c2 0023     		movs	r3, #0
 1919 00c4 1A46     		mov	r2, r3
 1920 00c6 1946     		mov	r1, r3
 1921 00c8 2046     		mov	r0, r4
 1922              	.LVL141:
 1923              		.loc 1 791 7 is_stmt 0 view .LVU637
 1924 00ca FFF7FEFF 		bl	usbStartReceiveI
 1925              	.LVL142:
 1926              		.loc 1 792 7 is_stmt 1 view .LVU638
 1927              	.LBB236:
 1928              	.LBI236:
 1929              		.loc 2 524 20 view .LVU639
 1930              	.LBB237:
 1931              		.loc 2 526 3 view .LVU640
 1932              	.LBB238:
 1933              	.LBI238:
 1934              		.loc 3 434 20 view .LVU641
 1935              		.loc 3 436 31 view .LVU642
 1936              		.loc 3 437 33 view .LVU643
 1937              		.loc 3 438 3 view .LVU644
 1938              	.LBB239:
ARM GAS  /tmp/ccrvdhwe.s 			page 35


 1939              	.LBI239:
 1940              		.loc 4 654 20 view .LVU645
 1941              		.loc 4 656 3 view .LVU646
 1942              	.LBB240:
 1943              	.LBI240:
 1944              		.loc 4 628 20 view .LVU647
 1945              		.loc 4 631 3 view .LVU648
 1946              	.LBB241:
 1947              	.LBI241:
 1948              		.loc 5 546 57 view .LVU649
 1949              	.LBB242:
 1950              		.loc 5 548 3 view .LVU650
 1951 00ce 0023     		movs	r3, #0
 1952              		.syntax unified
 1953              	@ 548 "ChibiOS/os/common/ext/CMSIS/include/core_cmFunc.h" 1
 1954 00d0 83F31188 		MSR basepri, r3
 1955              	@ 0 "" 2
 1956              	.LVL143:
 1957              		.loc 5 548 3 is_stmt 0 view .LVU651
 1958              		.thumb
 1959              		.syntax unified
 1960              	.LBE242:
 1961              	.LBE241:
 1962              	.LBE240:
 1963              	.LBE239:
 1964              	.LBE238:
 1965              		.loc 2 527 1 view .LVU652
 1966 00d4 DCE7     		b	.L97
 1967              	.LVL144:
 1968              	.L106:
 1969              		.loc 2 527 1 view .LVU653
 1970              	.LBE237:
 1971              	.LBE236:
 1972              		.loc 1 810 7 is_stmt 1 view .LVU654
 1973              		.loc 1 810 22 is_stmt 0 view .LVU655
 1974 00d6 0523     		movs	r3, #5
 1975 00d8 84F86430 		strb	r3, [r4, #100]
 1976              		.loc 1 812 7 is_stmt 1 view .LVU656
 1977              	.LBB243:
 1978              	.LBI243:
 1979              		.loc 2 513 20 view .LVU657
 1980              		.loc 2 515 3 view .LVU658
 1981              	.LBB244:
 1982              	.LBI244:
 1983              		.loc 3 414 20 view .LVU659
 1984              		.loc 3 416 3 view .LVU660
 1985              	.LBB245:
 1986              	.LBI245:
 1987              		.loc 4 643 20 view .LVU661
 1988              		.loc 4 645 3 view .LVU662
 1989              	.LBB246:
 1990              	.LBI246:
 1991              		.loc 4 604 20 view .LVU663
 1992              		.loc 4 612 3 view .LVU664
 1993              	.LVL145:
 1994              	.LBB247:
 1995              	.LBI247:
ARM GAS  /tmp/ccrvdhwe.s 			page 36


 1996              		.loc 5 546 57 view .LVU665
 1997              	.LBB248:
 1998              		.loc 5 548 3 view .LVU666
 1999 00dc 2023     		movs	r3, #32
 2000              		.syntax unified
 2001              	@ 548 "ChibiOS/os/common/ext/CMSIS/include/core_cmFunc.h" 1
 2002 00de 83F31188 		MSR basepri, r3
 2003              	@ 0 "" 2
 2004              	.LVL146:
 2005              		.loc 5 548 3 is_stmt 0 view .LVU667
 2006              		.thumb
 2007              		.syntax unified
 2008              	.LBE248:
 2009              	.LBE247:
 2010              	.LBE246:
 2011              	.LBE245:
 2012              		.loc 3 417 34 is_stmt 1 view .LVU668
 2013              		.loc 3 418 29 view .LVU669
 2014              	.LBE244:
 2015              	.LBE243:
 2016              		.loc 1 813 7 view .LVU670
 2017 00e2 0023     		movs	r3, #0
 2018 00e4 1A46     		mov	r2, r3
 2019 00e6 1946     		mov	r1, r3
 2020 00e8 2046     		mov	r0, r4
 2021              	.LVL147:
 2022              		.loc 1 813 7 is_stmt 0 view .LVU671
 2023 00ea FFF7FEFF 		bl	usbStartTransmitI
 2024              	.LVL148:
 2025              		.loc 1 814 7 is_stmt 1 view .LVU672
 2026              	.LBB249:
 2027              	.LBI249:
 2028              		.loc 2 524 20 view .LVU673
 2029              	.LBB250:
 2030              		.loc 2 526 3 view .LVU674
 2031              	.LBB251:
 2032              	.LBI251:
 2033              		.loc 3 434 20 view .LVU675
 2034              		.loc 3 436 31 view .LVU676
 2035              		.loc 3 437 33 view .LVU677
 2036              		.loc 3 438 3 view .LVU678
 2037              	.LBB252:
 2038              	.LBI252:
 2039              		.loc 4 654 20 view .LVU679
 2040              		.loc 4 656 3 view .LVU680
 2041              	.LBB253:
 2042              	.LBI253:
 2043              		.loc 4 628 20 view .LVU681
 2044              		.loc 4 631 3 view .LVU682
 2045              	.LBB254:
 2046              	.LBI254:
 2047              		.loc 5 546 57 view .LVU683
 2048              	.LBB255:
 2049              		.loc 5 548 3 view .LVU684
 2050 00ee 0023     		movs	r3, #0
 2051              		.syntax unified
 2052              	@ 548 "ChibiOS/os/common/ext/CMSIS/include/core_cmFunc.h" 1
ARM GAS  /tmp/ccrvdhwe.s 			page 37


 2053 00f0 83F31188 		MSR basepri, r3
 2054              	@ 0 "" 2
 2055              	.LVL149:
 2056              		.loc 5 548 3 is_stmt 0 view .LVU685
 2057              		.thumb
 2058              		.syntax unified
 2059              	.LBE255:
 2060              	.LBE254:
 2061              	.LBE253:
 2062              	.LBE252:
 2063              	.LBE251:
 2064              		.loc 2 527 1 view .LVU686
 2065 00f4 CCE7     		b	.L97
 2066              	.LBE250:
 2067              	.LBE249:
 2068              		.cfi_endproc
 2069              	.LFE249:
 2070              		.size	_usb_ep0setup, .-_usb_ep0setup
 2071 00f6 00BF     		.section	.text._usb_ep0in,"ax",%progbits
 2072              		.align	1
 2073              		.p2align 4,,15
 2074              		.global	_usb_ep0in
 2075              		.syntax unified
 2076              		.thumb
 2077              		.thumb_func
 2078              		.type	_usb_ep0in, %function
 2079              	_usb_ep0in:
 2080              	.LVL150:
 2081              	.LFB250:
 2082              		.loc 1 832 46 is_stmt 1 view -0
 2083              		.cfi_startproc
 2084              		@ args = 0, pretend = 0, frame = 0
 2085              		@ frame_needed = 0, uses_anonymous_args = 0
 2086              		.loc 1 832 46 is_stmt 0 view .LVU688
 2087 0000 10B5     		push	{r4, lr}
 2088              		.cfi_def_cfa_offset 8
 2089              		.cfi_offset 4, -8
 2090              		.cfi_offset 14, -4
 2091 0002 0446     		mov	r4, r0
 2092              		.loc 1 833 3 is_stmt 1 view .LVU689
 2093              		.loc 1 835 3 view .LVU690
 2094              		.loc 1 836 3 view .LVU691
 2095              		.loc 1 836 15 is_stmt 0 view .LVU692
 2096 0004 90F86430 		ldrb	r3, [r0, #100]	@ zero_extendqisi2
 2097              		.loc 1 836 3 view .LVU693
 2098 0008 062B     		cmp	r3, #6
 2099 000a 21D8     		bhi	.L109
 2100 000c DFE803F0 		tbb	[pc, r3]
 2101              	.L112:
 2102 0010 38       		.byte	(.L111-.L112)/2
 2103 0011 04       		.byte	(.L115-.L112)/2
 2104 0012 11       		.byte	(.L114-.L112)/2
 2105 0013 38       		.byte	(.L111-.L112)/2
 2106 0014 38       		.byte	(.L111-.L112)/2
 2107 0015 31       		.byte	(.L113-.L112)/2
 2108 0016 38       		.byte	(.L111-.L112)/2
 2109 0017 00       		.p2align 1
ARM GAS  /tmp/ccrvdhwe.s 			page 38


 2110              	.L115:
 2111              		.loc 1 838 5 is_stmt 1 view .LVU694
 2112              		.loc 1 838 19 is_stmt 0 view .LVU695
 2113 0018 7A30     		adds	r0, r0, #122
 2114              	.LVL151:
 2115              		.loc 1 838 19 view .LVU696
 2116 001a FFF7FEFF 		bl	get_hword
 2117              	.LVL152:
 2118              		.loc 1 842 5 is_stmt 1 view .LVU697
 2119              		.loc 1 842 14 is_stmt 0 view .LVU698
 2120 001e E36E     		ldr	r3, [r4, #108]
 2121              		.loc 1 842 8 view .LVU699
 2122 0020 8342     		cmp	r3, r0
 2123 0022 06D2     		bcs	.L114
 2124              		.loc 1 843 33 view .LVU700
 2125 0024 E268     		ldr	r2, [r4, #12]
 2126              		.loc 1 843 36 view .LVU701
 2127 0026 128A     		ldrh	r2, [r2, #16]
 2128              		.loc 1 843 22 view .LVU702
 2129 0028 B3FBF2F1 		udiv	r1, r3, r2
 2130 002c 02FB1133 		mls	r3, r2, r1, r3
 2131              		.loc 1 842 28 discriminator 1 view .LVU703
 2132 0030 7BB1     		cbz	r3, .L121
 2133              	.LVL153:
 2134              	.L114:
 2135              		.loc 1 853 5 is_stmt 1 view .LVU704
 2136              		.loc 1 853 20 is_stmt 0 view .LVU705
 2137 0032 0323     		movs	r3, #3
 2138 0034 84F86430 		strb	r3, [r4, #100]
 2139              		.loc 1 855 5 is_stmt 1 view .LVU706
 2140              	.LBB256:
 2141              	.LBI256:
 2142              		.loc 2 513 20 view .LVU707
 2143              		.loc 2 515 3 view .LVU708
 2144              	.LBB257:
 2145              	.LBI257:
 2146              		.loc 3 414 20 view .LVU709
 2147              		.loc 3 416 3 view .LVU710
 2148              	.LBB258:
 2149              	.LBI258:
 2150              		.loc 4 643 20 view .LVU711
 2151              		.loc 4 645 3 view .LVU712
 2152              	.LBB259:
 2153              	.LBI259:
 2154              		.loc 4 604 20 view .LVU713
 2155              		.loc 4 612 3 view .LVU714
 2156              	.LVL154:
 2157              	.LBB260:
 2158              	.LBI260:
 2159              		.loc 5 546 57 view .LVU715
 2160              	.LBB261:
 2161              		.loc 5 548 3 view .LVU716
 2162 0038 2023     		movs	r3, #32
 2163              		.syntax unified
 2164              	@ 548 "ChibiOS/os/common/ext/CMSIS/include/core_cmFunc.h" 1
 2165 003a 83F31188 		MSR basepri, r3
 2166              	@ 0 "" 2
ARM GAS  /tmp/ccrvdhwe.s 			page 39


 2167              	.LVL155:
 2168              		.loc 5 548 3 is_stmt 0 view .LVU717
 2169              		.thumb
 2170              		.syntax unified
 2171              	.LBE261:
 2172              	.LBE260:
 2173              	.LBE259:
 2174              	.LBE258:
 2175              		.loc 3 417 34 is_stmt 1 view .LVU718
 2176              		.loc 3 418 29 view .LVU719
 2177              	.LBE257:
 2178              	.LBE256:
 2179              		.loc 1 856 5 view .LVU720
 2180 003e 0023     		movs	r3, #0
 2181 0040 1A46     		mov	r2, r3
 2182 0042 1946     		mov	r1, r3
 2183 0044 2046     		mov	r0, r4
 2184 0046 FFF7FEFF 		bl	usbStartReceiveI
 2185              	.LVL156:
 2186              		.loc 1 857 5 view .LVU721
 2187              	.LBB262:
 2188              	.LBI262:
 2189              		.loc 2 524 20 view .LVU722
 2190              	.LBB263:
 2191              		.loc 2 526 3 view .LVU723
 2192              	.LBB264:
 2193              	.LBI264:
 2194              		.loc 3 434 20 view .LVU724
 2195              		.loc 3 436 31 view .LVU725
 2196              		.loc 3 437 33 view .LVU726
 2197              		.loc 3 438 3 view .LVU727
 2198              	.LBB265:
 2199              	.LBI265:
 2200              		.loc 4 654 20 view .LVU728
 2201              		.loc 4 656 3 view .LVU729
 2202              	.LBB266:
 2203              	.LBI266:
 2204              		.loc 4 628 20 view .LVU730
 2205              		.loc 4 631 3 view .LVU731
 2206              	.LBB267:
 2207              	.LBI267:
 2208              		.loc 5 546 57 view .LVU732
 2209              	.LBB268:
 2210              		.loc 5 548 3 view .LVU733
 2211 004a 0023     		movs	r3, #0
 2212              		.syntax unified
 2213              	@ 548 "ChibiOS/os/common/ext/CMSIS/include/core_cmFunc.h" 1
 2214 004c 83F31188 		MSR basepri, r3
 2215              	@ 0 "" 2
 2216              	.LVL157:
 2217              		.loc 5 548 3 is_stmt 0 view .LVU734
 2218              		.thumb
 2219              		.syntax unified
 2220              	.LBE268:
 2221              	.LBE267:
 2222              	.LBE266:
 2223              	.LBE265:
ARM GAS  /tmp/ccrvdhwe.s 			page 40


 2224              	.LBE264:
 2225              	.LBE263:
 2226              	.LBE262:
 2227              		.loc 1 861 5 is_stmt 1 view .LVU735
 2228              	.L109:
 2229              		.loc 1 887 1 is_stmt 0 view .LVU736
 2230 0050 10BD     		pop	{r4, pc}
 2231              	.LVL158:
 2232              	.L121:
 2233              		.loc 1 844 7 is_stmt 1 view .LVU737
 2234              	.LBB269:
 2235              	.LBI269:
 2236              		.loc 2 513 20 view .LVU738
 2237              		.loc 2 515 3 view .LVU739
 2238              	.LBB270:
 2239              	.LBI270:
 2240              		.loc 3 414 20 view .LVU740
 2241              		.loc 3 416 3 view .LVU741
 2242              	.LBB271:
 2243              	.LBI271:
 2244              		.loc 4 643 20 view .LVU742
 2245              		.loc 4 645 3 view .LVU743
 2246              	.LBB272:
 2247              	.LBI272:
 2248              		.loc 4 604 20 view .LVU744
 2249              		.loc 4 612 3 view .LVU745
 2250              	.LBB273:
 2251              	.LBI273:
 2252              		.loc 5 546 57 view .LVU746
 2253              	.LBB274:
 2254              		.loc 5 548 3 view .LVU747
 2255 0052 2023     		movs	r3, #32
 2256              		.syntax unified
 2257              	@ 548 "ChibiOS/os/common/ext/CMSIS/include/core_cmFunc.h" 1
 2258 0054 83F31188 		MSR basepri, r3
 2259              	@ 0 "" 2
 2260              	.LVL159:
 2261              		.loc 5 548 3 is_stmt 0 view .LVU748
 2262              		.thumb
 2263              		.syntax unified
 2264              	.LBE274:
 2265              	.LBE273:
 2266              	.LBE272:
 2267              	.LBE271:
 2268              		.loc 3 417 34 is_stmt 1 view .LVU749
 2269              		.loc 3 418 29 view .LVU750
 2270              	.LBE270:
 2271              	.LBE269:
 2272              		.loc 1 845 7 view .LVU751
 2273 0058 0023     		movs	r3, #0
 2274 005a 1A46     		mov	r2, r3
 2275 005c 1946     		mov	r1, r3
 2276 005e 2046     		mov	r0, r4
 2277              	.LVL160:
 2278              		.loc 1 845 7 is_stmt 0 view .LVU752
 2279 0060 FFF7FEFF 		bl	usbStartTransmitI
 2280              	.LVL161:
ARM GAS  /tmp/ccrvdhwe.s 			page 41


 2281              		.loc 1 846 7 is_stmt 1 view .LVU753
 2282              	.LBB275:
 2283              	.LBI275:
 2284              		.loc 2 524 20 view .LVU754
 2285              		.loc 2 526 3 view .LVU755
 2286              	.LBB276:
 2287              	.LBI276:
 2288              		.loc 3 434 20 view .LVU756
 2289              		.loc 3 436 31 view .LVU757
 2290              		.loc 3 437 33 view .LVU758
 2291              		.loc 3 438 3 view .LVU759
 2292              	.LBB277:
 2293              	.LBI277:
 2294              		.loc 4 654 20 view .LVU760
 2295              		.loc 4 656 3 view .LVU761
 2296              	.LBB278:
 2297              	.LBI278:
 2298              		.loc 4 628 20 view .LVU762
 2299              		.loc 4 631 3 view .LVU763
 2300              	.LBB279:
 2301              	.LBI279:
 2302              		.loc 5 546 57 view .LVU764
 2303              	.LBB280:
 2304              		.loc 5 548 3 view .LVU765
 2305 0064 0023     		movs	r3, #0
 2306              		.syntax unified
 2307              	@ 548 "ChibiOS/os/common/ext/CMSIS/include/core_cmFunc.h" 1
 2308 0066 83F31188 		MSR basepri, r3
 2309              	@ 0 "" 2
 2310              	.LVL162:
 2311              		.loc 5 548 3 is_stmt 0 view .LVU766
 2312              		.thumb
 2313              		.syntax unified
 2314              	.LBE280:
 2315              	.LBE279:
 2316              	.LBE278:
 2317              	.LBE277:
 2318              	.LBE276:
 2319              	.LBE275:
 2320              		.loc 1 847 7 is_stmt 1 view .LVU767
 2321              		.loc 1 847 22 is_stmt 0 view .LVU768
 2322 006a 0223     		movs	r3, #2
 2323 006c 84F86430 		strb	r3, [r4, #100]
 2324              		.loc 1 848 7 is_stmt 1 view .LVU769
 2325 0070 EEE7     		b	.L109
 2326              	.LVL163:
 2327              	.L113:
 2328              		.loc 1 864 5 view .LVU770
 2329              		.loc 1 864 13 is_stmt 0 view .LVU771
 2330 0072 036F     		ldr	r3, [r0, #112]
 2331              		.loc 1 864 8 view .LVU772
 2332 0074 03B1     		cbz	r3, .L116
 2333              		.loc 1 865 7 is_stmt 1 view .LVU773
 2334 0076 9847     		blx	r3
 2335              	.LVL164:
 2336              	.L116:
 2337              		.loc 1 867 5 view .LVU774
ARM GAS  /tmp/ccrvdhwe.s 			page 42


 2338              		.loc 1 867 20 is_stmt 0 view .LVU775
 2339 0078 0023     		movs	r3, #0
 2340 007a 84F86430 		strb	r3, [r4, #100]
 2341              		.loc 1 868 5 is_stmt 1 view .LVU776
 2342 007e E7E7     		b	.L109
 2343              	.LVL165:
 2344              	.L111:
 2345              		.loc 1 873 5 discriminator 5 view .LVU777
 2346              		.loc 1 879 5 view .LVU778
 2347 0080 0021     		movs	r1, #0
 2348              	.LVL166:
 2349              		.loc 1 879 5 is_stmt 0 view .LVU779
 2350 0082 FFF7FEFF 		bl	usb_lld_stall_in
 2351              	.LVL167:
 2352              		.loc 1 880 5 is_stmt 1 view .LVU780
 2353 0086 0021     		movs	r1, #0
 2354 0088 2046     		mov	r0, r4
 2355 008a FFF7FEFF 		bl	usb_lld_stall_out
 2356              	.LVL168:
 2357              		.loc 1 881 5 view .LVU781
 2358 008e 6368     		ldr	r3, [r4, #4]
 2359 0090 1B68     		ldr	r3, [r3]
 2360 0092 13B1     		cbz	r3, .L117
 2361              		.loc 1 881 5 discriminator 1 view .LVU782
 2362 0094 0521     		movs	r1, #5
 2363 0096 2046     		mov	r0, r4
 2364 0098 9847     		blx	r3
 2365              	.LVL169:
 2366              	.L117:
 2367              		.loc 1 881 54 discriminator 3 view .LVU783
 2368              		.loc 1 882 5 view .LVU784
 2369              		.loc 1 882 20 is_stmt 0 view .LVU785
 2370 009a 0623     		movs	r3, #6
 2371 009c 84F86430 		strb	r3, [r4, #100]
 2372              		.loc 1 883 5 is_stmt 1 view .LVU786
 2373              		.loc 1 885 5 discriminator 5 view .LVU787
 2374              		.loc 1 883 5 is_stmt 0 view .LVU788
 2375 00a0 D6E7     		b	.L109
 2376              		.cfi_endproc
 2377              	.LFE250:
 2378              		.size	_usb_ep0in, .-_usb_ep0in
 2379 00a2 00BF     		.section	.text._usb_ep0out,"ax",%progbits
 2380              		.align	1
 2381              		.p2align 4,,15
 2382              		.global	_usb_ep0out
 2383              		.syntax unified
 2384              		.thumb
 2385              		.thumb_func
 2386              		.type	_usb_ep0out, %function
 2387              	_usb_ep0out:
 2388              	.LVL170:
 2389              	.LFB251:
 2390              		.loc 1 899 47 is_stmt 1 view -0
 2391              		.cfi_startproc
 2392              		@ args = 0, pretend = 0, frame = 0
 2393              		@ frame_needed = 0, uses_anonymous_args = 0
 2394              		.loc 1 899 47 is_stmt 0 view .LVU790
ARM GAS  /tmp/ccrvdhwe.s 			page 43


 2395 0000 10B5     		push	{r4, lr}
 2396              		.cfi_def_cfa_offset 8
 2397              		.cfi_offset 4, -8
 2398              		.cfi_offset 14, -4
 2399 0002 0446     		mov	r4, r0
 2400              		.loc 1 901 3 is_stmt 1 view .LVU791
 2401              		.loc 1 902 3 view .LVU792
 2402              		.loc 1 902 15 is_stmt 0 view .LVU793
 2403 0004 90F86430 		ldrb	r3, [r0, #100]	@ zero_extendqisi2
 2404              		.loc 1 902 3 view .LVU794
 2405 0008 062B     		cmp	r3, #6
 2406 000a 13D8     		bhi	.L122
 2407 000c DFE803F0 		tbb	[pc, r3]
 2408              	.L125:
 2409 0010 1F       		.byte	(.L124-.L125)/2
 2410 0011 1F       		.byte	(.L124-.L125)/2
 2411 0012 1F       		.byte	(.L124-.L125)/2
 2412 0013 13       		.byte	(.L127-.L125)/2
 2413 0014 04       		.byte	(.L126-.L125)/2
 2414 0015 1F       		.byte	(.L124-.L125)/2
 2415 0016 1F       		.byte	(.L124-.L125)/2
 2416 0017 00       		.p2align 1
 2417              	.L126:
 2418              		.loc 1 905 5 is_stmt 1 view .LVU795
 2419              		.loc 1 905 20 is_stmt 0 view .LVU796
 2420 0018 0523     		movs	r3, #5
 2421 001a 80F86430 		strb	r3, [r0, #100]
 2422              		.loc 1 907 5 is_stmt 1 view .LVU797
 2423              	.LBB281:
 2424              	.LBI281:
 2425              		.loc 2 513 20 view .LVU798
 2426              		.loc 2 515 3 view .LVU799
 2427              	.LBB282:
 2428              	.LBI282:
 2429              		.loc 3 414 20 view .LVU800
 2430              		.loc 3 416 3 view .LVU801
 2431              	.LBB283:
 2432              	.LBI283:
 2433              		.loc 4 643 20 view .LVU802
 2434              		.loc 4 645 3 view .LVU803
 2435              	.LBB284:
 2436              	.LBI284:
 2437              		.loc 4 604 20 view .LVU804
 2438              		.loc 4 612 3 view .LVU805
 2439              	.LVL171:
 2440              	.LBB285:
 2441              	.LBI285:
 2442              		.loc 5 546 57 view .LVU806
 2443              	.LBB286:
 2444              		.loc 5 548 3 view .LVU807
 2445 001e 2023     		movs	r3, #32
 2446              		.syntax unified
 2447              	@ 548 "ChibiOS/os/common/ext/CMSIS/include/core_cmFunc.h" 1
 2448 0020 83F31188 		MSR basepri, r3
 2449              	@ 0 "" 2
 2450              	.LVL172:
 2451              		.loc 5 548 3 is_stmt 0 view .LVU808
ARM GAS  /tmp/ccrvdhwe.s 			page 44


 2452              		.thumb
 2453              		.syntax unified
 2454              	.LBE286:
 2455              	.LBE285:
 2456              	.LBE284:
 2457              	.LBE283:
 2458              		.loc 3 417 34 is_stmt 1 view .LVU809
 2459              		.loc 3 418 29 view .LVU810
 2460              	.LBE282:
 2461              	.LBE281:
 2462              		.loc 1 908 5 view .LVU811
 2463 0024 0023     		movs	r3, #0
 2464 0026 1A46     		mov	r2, r3
 2465 0028 1946     		mov	r1, r3
 2466              	.LVL173:
 2467              		.loc 1 908 5 is_stmt 0 view .LVU812
 2468 002a FFF7FEFF 		bl	usbStartTransmitI
 2469              	.LVL174:
 2470              		.loc 1 909 5 is_stmt 1 view .LVU813
 2471              	.LBB287:
 2472              	.LBI287:
 2473              		.loc 2 524 20 view .LVU814
 2474              	.LBB288:
 2475              		.loc 2 526 3 view .LVU815
 2476              	.LBB289:
 2477              	.LBI289:
 2478              		.loc 3 434 20 view .LVU816
 2479              		.loc 3 436 31 view .LVU817
 2480              		.loc 3 437 33 view .LVU818
 2481              		.loc 3 438 3 view .LVU819
 2482              	.LBB290:
 2483              	.LBI290:
 2484              		.loc 4 654 20 view .LVU820
 2485              		.loc 4 656 3 view .LVU821
 2486              	.LBB291:
 2487              	.LBI291:
 2488              		.loc 4 628 20 view .LVU822
 2489              		.loc 4 631 3 view .LVU823
 2490              	.LBB292:
 2491              	.LBI292:
 2492              		.loc 5 546 57 view .LVU824
 2493              	.LBB293:
 2494              		.loc 5 548 3 view .LVU825
 2495 002e 0023     		movs	r3, #0
 2496              		.syntax unified
 2497              	@ 548 "ChibiOS/os/common/ext/CMSIS/include/core_cmFunc.h" 1
 2498 0030 83F31188 		MSR basepri, r3
 2499              	@ 0 "" 2
 2500              	.LVL175:
 2501              		.loc 5 548 3 is_stmt 0 view .LVU826
 2502              		.thumb
 2503              		.syntax unified
 2504              	.LBE293:
 2505              	.LBE292:
 2506              	.LBE291:
 2507              	.LBE290:
 2508              	.LBE289:
ARM GAS  /tmp/ccrvdhwe.s 			page 45


 2509              	.LBE288:
 2510              	.LBE287:
 2511              		.loc 1 913 5 is_stmt 1 view .LVU827
 2512              	.L122:
 2513              		.loc 1 946 1 is_stmt 0 view .LVU828
 2514 0034 10BD     		pop	{r4, pc}
 2515              	.LVL176:
 2516              	.L127:
 2517              		.loc 1 918 5 is_stmt 1 view .LVU829
 2518              		.loc 1 918 9 is_stmt 0 view .LVU830
 2519 0036 C368     		ldr	r3, [r0, #12]
 2520 0038 9B69     		ldr	r3, [r3, #24]
 2521 003a 5B68     		ldr	r3, [r3, #4]
 2522              		.loc 1 918 8 view .LVU831
 2523 003c 002B     		cmp	r3, #0
 2524 003e F9D1     		bne	.L122
 2525              		.loc 1 922 5 is_stmt 1 view .LVU832
 2526              		.loc 1 922 13 is_stmt 0 view .LVU833
 2527 0040 036F     		ldr	r3, [r0, #112]
 2528              		.loc 1 922 8 view .LVU834
 2529 0042 03B1     		cbz	r3, .L128
 2530              		.loc 1 923 7 is_stmt 1 view .LVU835
 2531 0044 9847     		blx	r3
 2532              	.LVL177:
 2533              	.L128:
 2534              		.loc 1 925 5 view .LVU836
 2535              		.loc 1 925 20 is_stmt 0 view .LVU837
 2536 0046 0023     		movs	r3, #0
 2537 0048 84F86430 		strb	r3, [r4, #100]
 2538              		.loc 1 926 5 is_stmt 1 view .LVU838
 2539 004c F2E7     		b	.L122
 2540              	.LVL178:
 2541              	.L124:
 2542              		.loc 1 932 5 discriminator 5 view .LVU839
 2543              		.loc 1 938 5 view .LVU840
 2544 004e 0021     		movs	r1, #0
 2545              	.LVL179:
 2546              		.loc 1 938 5 is_stmt 0 view .LVU841
 2547 0050 FFF7FEFF 		bl	usb_lld_stall_in
 2548              	.LVL180:
 2549              		.loc 1 939 5 is_stmt 1 view .LVU842
 2550 0054 0021     		movs	r1, #0
 2551 0056 2046     		mov	r0, r4
 2552 0058 FFF7FEFF 		bl	usb_lld_stall_out
 2553              	.LVL181:
 2554              		.loc 1 940 5 view .LVU843
 2555 005c 6368     		ldr	r3, [r4, #4]
 2556 005e 1B68     		ldr	r3, [r3]
 2557 0060 13B1     		cbz	r3, .L129
 2558              		.loc 1 940 5 discriminator 1 view .LVU844
 2559 0062 0521     		movs	r1, #5
 2560 0064 2046     		mov	r0, r4
 2561 0066 9847     		blx	r3
 2562              	.LVL182:
 2563              	.L129:
 2564              		.loc 1 940 54 discriminator 3 view .LVU845
 2565              		.loc 1 941 5 view .LVU846
ARM GAS  /tmp/ccrvdhwe.s 			page 46


 2566              		.loc 1 941 20 is_stmt 0 view .LVU847
 2567 0068 0623     		movs	r3, #6
 2568 006a 84F86430 		strb	r3, [r4, #100]
 2569              		.loc 1 942 5 is_stmt 1 view .LVU848
 2570              		.loc 1 944 5 discriminator 5 view .LVU849
 2571              		.loc 1 942 5 is_stmt 0 view .LVU850
 2572 006e E1E7     		b	.L122
 2573              		.cfi_endproc
 2574              	.LFE251:
 2575              		.size	_usb_ep0out, .-_usb_ep0out
 2576              		.section	.rodata.halted_status,"a"
 2577              		.align	2
 2578              		.type	halted_status, %object
 2579              		.size	halted_status, 2
 2580              	halted_status:
 2581 0000 0100     		.ascii	"\001\000"
 2582              		.section	.rodata.active_status,"a"
 2583              		.align	2
 2584              		.type	active_status, %object
 2585              		.size	active_status, 2
 2586              	active_status:
 2587 0000 0000     		.space	2
 2588              		.section	.rodata.zero_status,"a"
 2589              		.align	2
 2590              		.type	zero_status, %object
 2591              		.size	zero_status, 2
 2592              	zero_status:
 2593 0000 0000     		.space	2
 2594              		.text
 2595              	.Letext0:
 2596              		.file 6 "/usr/lib/gcc/arm-none-eabi/13.2.1/include/stddef.h"
 2597              		.file 7 "/usr/lib/gcc/arm-none-eabi/13.2.1/include/stdint.h"
 2598              		.file 8 "ChibiOS/os/common/ports/ARMCMx/compilers/GCC/chtypes.h"
 2599              		.file 9 "ChibiOS/os/rt/include/chsystypes.h"
 2600              		.file 10 "ChibiOS/os/rt/include/chschd.h"
 2601              		.file 11 "ChibiOS/os/common/ports/ARMCMx/chcore.h"
 2602              		.file 12 "ChibiOS/os/hal/include/hal_usb.h"
 2603              		.file 13 "ChibiOS/os/hal/ports/STM32/LLD/USBv1/hal_usb_lld.h"
 2604              		.file 14 "/usr/include/newlib/string.h"
 2605              		.section	.debug_info,"",%progbits
 2606              	.Ldebug_info0:
 2607 0000 7C1D0000 		.4byte	0x1d7c
 2608 0004 0500     		.2byte	0x5
 2609 0006 01       		.byte	0x1
 2610 0007 04       		.byte	0x4
 2611 0008 00000000 		.4byte	.Ldebug_abbrev0
 2612 000c 2D       		.uleb128 0x2d
 2613 000d 59040000 		.4byte	.LASF180
 2614 0011 1D       		.byte	0x1d
 2615 0012 DE080000 		.4byte	.LASF181
 2616 0016 07080000 		.4byte	.LASF182
 2617 001a 0C000000 		.4byte	.LLRL60
 2618 001e 00000000 		.4byte	0
 2619 0022 00000000 		.4byte	.Ldebug_line0
 2620 0026 12       		.uleb128 0x12
 2621 0027 08       		.byte	0x8
 2622 0028 07       		.byte	0x7
ARM GAS  /tmp/ccrvdhwe.s 			page 47


 2623 0029 AF000000 		.4byte	.LASF0
 2624 002d 12       		.uleb128 0x12
 2625 002e 04       		.byte	0x4
 2626 002f 07       		.byte	0x7
 2627 0030 E6020000 		.4byte	.LASF1
 2628 0034 12       		.uleb128 0x12
 2629 0035 01       		.byte	0x1
 2630 0036 08       		.byte	0x8
 2631 0037 9C060000 		.4byte	.LASF2
 2632 003b 2E       		.uleb128 0x2e
 2633 003c 04       		.byte	0x4
 2634 003d 05       		.byte	0x5
 2635 003e 696E7400 		.ascii	"int\000"
 2636 0042 09       		.uleb128 0x9
 2637 0043 15000000 		.4byte	.LASF11
 2638 0047 06       		.byte	0x6
 2639 0048 D6       		.byte	0xd6
 2640 0049 17       		.byte	0x17
 2641 004a 2D000000 		.4byte	0x2d
 2642 004e 12       		.uleb128 0x12
 2643 004f 08       		.byte	0x8
 2644 0050 05       		.byte	0x5
 2645 0051 40010000 		.4byte	.LASF3
 2646 0055 12       		.uleb128 0x12
 2647 0056 08       		.byte	0x8
 2648 0057 04       		.byte	0x4
 2649 0058 A2050000 		.4byte	.LASF4
 2650 005c 12       		.uleb128 0x12
 2651 005d 01       		.byte	0x1
 2652 005e 06       		.byte	0x6
 2653 005f 4E010000 		.4byte	.LASF5
 2654 0063 12       		.uleb128 0x12
 2655 0064 02       		.byte	0x2
 2656 0065 05       		.byte	0x5
 2657 0066 B2060000 		.4byte	.LASF6
 2658 006a 12       		.uleb128 0x12
 2659 006b 02       		.byte	0x2
 2660 006c 07       		.byte	0x7
 2661 006d 66030000 		.4byte	.LASF7
 2662 0071 12       		.uleb128 0x12
 2663 0072 04       		.byte	0x4
 2664 0073 05       		.byte	0x5
 2665 0074 FA010000 		.4byte	.LASF8
 2666 0078 12       		.uleb128 0x12
 2667 0079 04       		.byte	0x4
 2668 007a 07       		.byte	0x7
 2669 007b 75070000 		.4byte	.LASF9
 2670 007f 2F       		.uleb128 0x2f
 2671 0080 04       		.byte	0x4
 2672 0081 12       		.uleb128 0x12
 2673 0082 01       		.byte	0x1
 2674 0083 08       		.byte	0x8
 2675 0084 90070000 		.4byte	.LASF10
 2676 0088 0F       		.uleb128 0xf
 2677 0089 81000000 		.4byte	0x81
 2678 008d 0B       		.uleb128 0xb
 2679 008e 88000000 		.4byte	0x88
ARM GAS  /tmp/ccrvdhwe.s 			page 48


 2680 0092 09       		.uleb128 0x9
 2681 0093 94060000 		.4byte	.LASF12
 2682 0097 07       		.byte	0x7
 2683 0098 28       		.byte	0x28
 2684 0099 18       		.byte	0x18
 2685 009a 71000000 		.4byte	0x71
 2686 009e 09       		.uleb128 0x9
 2687 009f 2C090000 		.4byte	.LASF13
 2688 00a3 07       		.byte	0x7
 2689 00a4 2E       		.byte	0x2e
 2690 00a5 18       		.byte	0x18
 2691 00a6 34000000 		.4byte	0x34
 2692 00aa 0F       		.uleb128 0xf
 2693 00ab 9E000000 		.4byte	0x9e
 2694 00af 09       		.uleb128 0x9
 2695 00b0 E0030000 		.4byte	.LASF14
 2696 00b4 07       		.byte	0x7
 2697 00b5 31       		.byte	0x31
 2698 00b6 19       		.byte	0x19
 2699 00b7 6A000000 		.4byte	0x6a
 2700 00bb 09       		.uleb128 0x9
 2701 00bc 99080000 		.4byte	.LASF15
 2702 00c0 07       		.byte	0x7
 2703 00c1 34       		.byte	0x34
 2704 00c2 19       		.byte	0x19
 2705 00c3 78000000 		.4byte	0x78
 2706 00c7 09       		.uleb128 0x9
 2707 00c8 3F000000 		.4byte	.LASF16
 2708 00cc 07       		.byte	0x7
 2709 00cd 37       		.byte	0x37
 2710 00ce 19       		.byte	0x19
 2711 00cf 26000000 		.4byte	0x26
 2712 00d3 09       		.uleb128 0x9
 2713 00d4 C8060000 		.4byte	.LASF17
 2714 00d8 08       		.byte	0x8
 2715 00d9 3C       		.byte	0x3c
 2716 00da 1D       		.byte	0x1d
 2717 00db 9E000000 		.4byte	0x9e
 2718 00df 09       		.uleb128 0x9
 2719 00e0 16020000 		.4byte	.LASF18
 2720 00e4 08       		.byte	0x8
 2721 00e5 3D       		.byte	0x3d
 2722 00e6 1D       		.byte	0x1d
 2723 00e7 9E000000 		.4byte	0x9e
 2724 00eb 09       		.uleb128 0x9
 2725 00ec CA080000 		.4byte	.LASF19
 2726 00f0 08       		.byte	0x8
 2727 00f1 3E       		.byte	0x3e
 2728 00f2 1D       		.byte	0x1d
 2729 00f3 9E000000 		.4byte	0x9e
 2730 00f7 09       		.uleb128 0x9
 2731 00f8 64060000 		.4byte	.LASF20
 2732 00fc 08       		.byte	0x8
 2733 00fd 40       		.byte	0x40
 2734 00fe 1D       		.byte	0x1d
 2735 00ff BB000000 		.4byte	0xbb
 2736 0103 09       		.uleb128 0x9
ARM GAS  /tmp/ccrvdhwe.s 			page 49


 2737 0104 9A030000 		.4byte	.LASF21
 2738 0108 08       		.byte	0x8
 2739 0109 41       		.byte	0x41
 2740 010a 1D       		.byte	0x1d
 2741 010b 92000000 		.4byte	0x92
 2742 010f 09       		.uleb128 0x9
 2743 0110 BF070000 		.4byte	.LASF22
 2744 0114 09       		.byte	0x9
 2745 0115 3F       		.byte	0x3f
 2746 0116 1A       		.byte	0x1a
 2747 0117 1B010000 		.4byte	0x11b
 2748 011b 1D       		.uleb128 0x1d
 2749 011c 82030000 		.4byte	.LASF35
 2750 0120 2C       		.byte	0x2c
 2751 0121 0A       		.byte	0xa
 2752 0122 9A       		.byte	0x9a
 2753 0123 C4010000 		.4byte	0x1c4
 2754 0127 05       		.uleb128 0x5
 2755 0128 30030000 		.4byte	.LASF23
 2756 012c 0A       		.byte	0xa
 2757 012d 9B       		.byte	0x9b
 2758 012e 19       		.byte	0x19
 2759 012f FB010000 		.4byte	0x1fb
 2760 0133 00       		.byte	0
 2761 0134 05       		.uleb128 0x5
 2762 0135 01060000 		.4byte	.LASF24
 2763 0139 0A       		.byte	0xa
 2764 013a 9C       		.byte	0x9c
 2765 013b 19       		.byte	0x19
 2766 013c F7000000 		.4byte	0xf7
 2767 0140 08       		.byte	0x8
 2768 0141 23       		.uleb128 0x23
 2769 0142 63747800 		.ascii	"ctx\000"
 2770 0146 0A       		.byte	0xa
 2771 0147 9D       		.byte	0x9d
 2772 0148 19       		.byte	0x19
 2773 0149 46020000 		.4byte	0x246
 2774 014d 0C       		.byte	0xc
 2775 014e 05       		.uleb128 0x5
 2776 014f 22040000 		.4byte	.LASF25
 2777 0153 0A       		.byte	0xa
 2778 0154 9F       		.byte	0x9f
 2779 0155 1A       		.byte	0x1a
 2780 0156 D0010000 		.4byte	0x1d0
 2781 015a 10       		.byte	0x10
 2782 015b 05       		.uleb128 0x5
 2783 015c 95070000 		.4byte	.LASF26
 2784 0160 0A       		.byte	0xa
 2785 0161 A0       		.byte	0xa0
 2786 0162 1A       		.byte	0x1a
 2787 0163 D0010000 		.4byte	0x1d0
 2788 0167 14       		.byte	0x14
 2789 0168 05       		.uleb128 0x5
 2790 0169 2B030000 		.4byte	.LASF27
 2791 016d 0A       		.byte	0xa
 2792 016e A7       		.byte	0xa7
 2793 016f 1A       		.byte	0x1a
ARM GAS  /tmp/ccrvdhwe.s 			page 50


 2794 0170 8D000000 		.4byte	0x8d
 2795 0174 18       		.byte	0x18
 2796 0175 05       		.uleb128 0x5
 2797 0176 E2010000 		.4byte	.LASF28
 2798 017a 0A       		.byte	0xa
 2799 017b B0       		.byte	0xb0
 2800 017c 1A       		.byte	0x1a
 2801 017d 04040000 		.4byte	0x404
 2802 0181 1C       		.byte	0x1c
 2803 0182 05       		.uleb128 0x5
 2804 0183 E9010000 		.4byte	.LASF29
 2805 0187 0A       		.byte	0xa
 2806 0188 B5       		.byte	0xb5
 2807 0189 19       		.byte	0x19
 2808 018a DF000000 		.4byte	0xdf
 2809 018e 20       		.byte	0x20
 2810 018f 05       		.uleb128 0x5
 2811 0190 6C090000 		.4byte	.LASF30
 2812 0194 0A       		.byte	0xa
 2813 0195 B9       		.byte	0xb9
 2814 0196 19       		.byte	0x19
 2815 0197 D3000000 		.4byte	0xd3
 2816 019b 21       		.byte	0x21
 2817 019c 05       		.uleb128 0x5
 2818 019d 5F060000 		.4byte	.LASF31
 2819 01a1 0A       		.byte	0xa
 2820 01a2 BE       		.byte	0xbe
 2821 01a3 19       		.byte	0x19
 2822 01a4 EB000000 		.4byte	0xeb
 2823 01a8 22       		.byte	0x22
 2824 01a9 04       		.uleb128 0x4
 2825 01aa 7500     		.ascii	"u\000"
 2826 01ac 0A       		.byte	0xa
 2827 01ad 0F01     		.2byte	0x10f
 2828 01af 19       		.byte	0x19
 2829 01b0 C9030000 		.4byte	0x3c9
 2830 01b4 24       		.byte	0x24
 2831 01b5 06       		.uleb128 0x6
 2832 01b6 B8020000 		.4byte	.LASF32
 2833 01ba 0A       		.byte	0xa
 2834 01bb 1401     		.2byte	0x114
 2835 01bd 19       		.byte	0x19
 2836 01be D5010000 		.4byte	0x1d5
 2837 01c2 28       		.byte	0x28
 2838 01c3 00       		.byte	0
 2839 01c4 09       		.uleb128 0x9
 2840 01c5 72090000 		.4byte	.LASF33
 2841 01c9 09       		.byte	0x9
 2842 01ca 44       		.byte	0x44
 2843 01cb 14       		.byte	0x14
 2844 01cc D0010000 		.4byte	0x1d0
 2845 01d0 0B       		.uleb128 0xb
 2846 01d1 0F010000 		.4byte	0x10f
 2847 01d5 09       		.uleb128 0x9
 2848 01d6 28040000 		.4byte	.LASF34
 2849 01da 09       		.byte	0x9
 2850 01db 49       		.byte	0x49
ARM GAS  /tmp/ccrvdhwe.s 			page 51


 2851 01dc 20       		.byte	0x20
 2852 01dd E1010000 		.4byte	0x1e1
 2853 01e1 1D       		.uleb128 0x1d
 2854 01e2 4C070000 		.4byte	.LASF36
 2855 01e6 04       		.byte	0x4
 2856 01e7 0A       		.byte	0xa
 2857 01e8 88       		.byte	0x88
 2858 01e9 FB010000 		.4byte	0x1fb
 2859 01ed 05       		.uleb128 0x5
 2860 01ee FD000000 		.4byte	.LASF37
 2861 01f2 0A       		.byte	0xa
 2862 01f3 89       		.byte	0x89
 2863 01f4 1A       		.byte	0x1a
 2864 01f5 D0010000 		.4byte	0x1d0
 2865 01f9 00       		.byte	0
 2866 01fa 00       		.byte	0
 2867 01fb 09       		.uleb128 0x9
 2868 01fc B3080000 		.4byte	.LASF38
 2869 0200 09       		.byte	0x9
 2870 0201 50       		.byte	0x50
 2871 0202 21       		.byte	0x21
 2872 0203 07020000 		.4byte	0x207
 2873 0207 1D       		.uleb128 0x1d
 2874 0208 02010000 		.4byte	.LASF39
 2875 020c 08       		.byte	0x8
 2876 020d 0A       		.byte	0xa
 2877 020e 8F       		.byte	0x8f
 2878 020f 2E020000 		.4byte	0x22e
 2879 0213 05       		.uleb128 0x5
 2880 0214 FD000000 		.4byte	.LASF37
 2881 0218 0A       		.byte	0xa
 2882 0219 90       		.byte	0x90
 2883 021a 1A       		.byte	0x1a
 2884 021b D0010000 		.4byte	0x1d0
 2885 021f 00       		.byte	0
 2886 0220 05       		.uleb128 0x5
 2887 0221 5D000000 		.4byte	.LASF40
 2888 0225 0A       		.byte	0xa
 2889 0226 91       		.byte	0x91
 2890 0227 1A       		.byte	0x1a
 2891 0228 D0010000 		.4byte	0x1d0
 2892 022c 04       		.byte	0x4
 2893 022d 00       		.byte	0
 2894 022e 09       		.uleb128 0x9
 2895 022f 9C020000 		.4byte	.LASF41
 2896 0233 0B       		.byte	0xb
 2897 0234 65       		.byte	0x65
 2898 0235 0F       		.byte	0xf
 2899 0236 7F000000 		.4byte	0x7f
 2900 023a 09       		.uleb128 0x9
 2901 023b 17040000 		.4byte	.LASF42
 2902 023f 0B       		.byte	0xb
 2903 0240 6D       		.byte	0x6d
 2904 0241 12       		.byte	0x12
 2905 0242 C7000000 		.4byte	0xc7
 2906 0246 1D       		.uleb128 0x1d
 2907 0247 EE050000 		.4byte	.LASF43
ARM GAS  /tmp/ccrvdhwe.s 			page 52


 2908 024b 04       		.byte	0x4
 2909 024c 0B       		.byte	0xb
 2910 024d 89       		.byte	0x89
 2911 024e 5F020000 		.4byte	0x25f
 2912 0252 23       		.uleb128 0x23
 2913 0253 737000   		.ascii	"sp\000"
 2914 0256 0B       		.byte	0xb
 2915 0257 8A       		.byte	0x8a
 2916 0258 17       		.byte	0x17
 2917 0259 C4030000 		.4byte	0x3c4
 2918 025d 00       		.byte	0
 2919 025e 00       		.byte	0
 2920 025f 24       		.uleb128 0x24
 2921 0260 92010000 		.4byte	.LASF44
 2922 0264 64       		.byte	0x64
 2923 0265 04       		.byte	0x4
 2924 0266 6001     		.2byte	0x160
 2925 0268 C4030000 		.4byte	0x3c4
 2926 026c 04       		.uleb128 0x4
 2927 026d 73313600 		.ascii	"s16\000"
 2928 0271 04       		.byte	0x4
 2929 0272 6201     		.2byte	0x162
 2930 0274 11       		.byte	0x11
 2931 0275 2E020000 		.4byte	0x22e
 2932 0279 00       		.byte	0
 2933 027a 04       		.uleb128 0x4
 2934 027b 73313700 		.ascii	"s17\000"
 2935 027f 04       		.byte	0x4
 2936 0280 6301     		.2byte	0x163
 2937 0282 11       		.byte	0x11
 2938 0283 2E020000 		.4byte	0x22e
 2939 0287 04       		.byte	0x4
 2940 0288 04       		.uleb128 0x4
 2941 0289 73313800 		.ascii	"s18\000"
 2942 028d 04       		.byte	0x4
 2943 028e 6401     		.2byte	0x164
 2944 0290 11       		.byte	0x11
 2945 0291 2E020000 		.4byte	0x22e
 2946 0295 08       		.byte	0x8
 2947 0296 04       		.uleb128 0x4
 2948 0297 73313900 		.ascii	"s19\000"
 2949 029b 04       		.byte	0x4
 2950 029c 6501     		.2byte	0x165
 2951 029e 11       		.byte	0x11
 2952 029f 2E020000 		.4byte	0x22e
 2953 02a3 0C       		.byte	0xc
 2954 02a4 04       		.uleb128 0x4
 2955 02a5 73323000 		.ascii	"s20\000"
 2956 02a9 04       		.byte	0x4
 2957 02aa 6601     		.2byte	0x166
 2958 02ac 11       		.byte	0x11
 2959 02ad 2E020000 		.4byte	0x22e
 2960 02b1 10       		.byte	0x10
 2961 02b2 04       		.uleb128 0x4
 2962 02b3 73323100 		.ascii	"s21\000"
 2963 02b7 04       		.byte	0x4
 2964 02b8 6701     		.2byte	0x167
ARM GAS  /tmp/ccrvdhwe.s 			page 53


 2965 02ba 11       		.byte	0x11
 2966 02bb 2E020000 		.4byte	0x22e
 2967 02bf 14       		.byte	0x14
 2968 02c0 04       		.uleb128 0x4
 2969 02c1 73323200 		.ascii	"s22\000"
 2970 02c5 04       		.byte	0x4
 2971 02c6 6801     		.2byte	0x168
 2972 02c8 11       		.byte	0x11
 2973 02c9 2E020000 		.4byte	0x22e
 2974 02cd 18       		.byte	0x18
 2975 02ce 04       		.uleb128 0x4
 2976 02cf 73323300 		.ascii	"s23\000"
 2977 02d3 04       		.byte	0x4
 2978 02d4 6901     		.2byte	0x169
 2979 02d6 11       		.byte	0x11
 2980 02d7 2E020000 		.4byte	0x22e
 2981 02db 1C       		.byte	0x1c
 2982 02dc 04       		.uleb128 0x4
 2983 02dd 73323400 		.ascii	"s24\000"
 2984 02e1 04       		.byte	0x4
 2985 02e2 6A01     		.2byte	0x16a
 2986 02e4 11       		.byte	0x11
 2987 02e5 2E020000 		.4byte	0x22e
 2988 02e9 20       		.byte	0x20
 2989 02ea 04       		.uleb128 0x4
 2990 02eb 73323500 		.ascii	"s25\000"
 2991 02ef 04       		.byte	0x4
 2992 02f0 6B01     		.2byte	0x16b
 2993 02f2 11       		.byte	0x11
 2994 02f3 2E020000 		.4byte	0x22e
 2995 02f7 24       		.byte	0x24
 2996 02f8 04       		.uleb128 0x4
 2997 02f9 73323600 		.ascii	"s26\000"
 2998 02fd 04       		.byte	0x4
 2999 02fe 6C01     		.2byte	0x16c
 3000 0300 11       		.byte	0x11
 3001 0301 2E020000 		.4byte	0x22e
 3002 0305 28       		.byte	0x28
 3003 0306 04       		.uleb128 0x4
 3004 0307 73323700 		.ascii	"s27\000"
 3005 030b 04       		.byte	0x4
 3006 030c 6D01     		.2byte	0x16d
 3007 030e 11       		.byte	0x11
 3008 030f 2E020000 		.4byte	0x22e
 3009 0313 2C       		.byte	0x2c
 3010 0314 04       		.uleb128 0x4
 3011 0315 73323800 		.ascii	"s28\000"
 3012 0319 04       		.byte	0x4
 3013 031a 6E01     		.2byte	0x16e
 3014 031c 11       		.byte	0x11
 3015 031d 2E020000 		.4byte	0x22e
 3016 0321 30       		.byte	0x30
 3017 0322 04       		.uleb128 0x4
 3018 0323 73323900 		.ascii	"s29\000"
 3019 0327 04       		.byte	0x4
 3020 0328 6F01     		.2byte	0x16f
 3021 032a 11       		.byte	0x11
ARM GAS  /tmp/ccrvdhwe.s 			page 54


 3022 032b 2E020000 		.4byte	0x22e
 3023 032f 34       		.byte	0x34
 3024 0330 04       		.uleb128 0x4
 3025 0331 73333000 		.ascii	"s30\000"
 3026 0335 04       		.byte	0x4
 3027 0336 7001     		.2byte	0x170
 3028 0338 11       		.byte	0x11
 3029 0339 2E020000 		.4byte	0x22e
 3030 033d 38       		.byte	0x38
 3031 033e 04       		.uleb128 0x4
 3032 033f 73333100 		.ascii	"s31\000"
 3033 0343 04       		.byte	0x4
 3034 0344 7101     		.2byte	0x171
 3035 0346 11       		.byte	0x11
 3036 0347 2E020000 		.4byte	0x22e
 3037 034b 3C       		.byte	0x3c
 3038 034c 04       		.uleb128 0x4
 3039 034d 723400   		.ascii	"r4\000"
 3040 0350 04       		.byte	0x4
 3041 0351 7301     		.2byte	0x173
 3042 0353 11       		.byte	0x11
 3043 0354 2E020000 		.4byte	0x22e
 3044 0358 40       		.byte	0x40
 3045 0359 04       		.uleb128 0x4
 3046 035a 723500   		.ascii	"r5\000"
 3047 035d 04       		.byte	0x4
 3048 035e 7401     		.2byte	0x174
 3049 0360 11       		.byte	0x11
 3050 0361 2E020000 		.4byte	0x22e
 3051 0365 44       		.byte	0x44
 3052 0366 04       		.uleb128 0x4
 3053 0367 723600   		.ascii	"r6\000"
 3054 036a 04       		.byte	0x4
 3055 036b 7501     		.2byte	0x175
 3056 036d 11       		.byte	0x11
 3057 036e 2E020000 		.4byte	0x22e
 3058 0372 48       		.byte	0x48
 3059 0373 04       		.uleb128 0x4
 3060 0374 723700   		.ascii	"r7\000"
 3061 0377 04       		.byte	0x4
 3062 0378 7601     		.2byte	0x176
 3063 037a 11       		.byte	0x11
 3064 037b 2E020000 		.4byte	0x22e
 3065 037f 4C       		.byte	0x4c
 3066 0380 04       		.uleb128 0x4
 3067 0381 723800   		.ascii	"r8\000"
 3068 0384 04       		.byte	0x4
 3069 0385 7701     		.2byte	0x177
 3070 0387 11       		.byte	0x11
 3071 0388 2E020000 		.4byte	0x22e
 3072 038c 50       		.byte	0x50
 3073 038d 04       		.uleb128 0x4
 3074 038e 723900   		.ascii	"r9\000"
 3075 0391 04       		.byte	0x4
 3076 0392 7801     		.2byte	0x178
 3077 0394 11       		.byte	0x11
 3078 0395 2E020000 		.4byte	0x22e
ARM GAS  /tmp/ccrvdhwe.s 			page 55


 3079 0399 54       		.byte	0x54
 3080 039a 04       		.uleb128 0x4
 3081 039b 72313000 		.ascii	"r10\000"
 3082 039f 04       		.byte	0x4
 3083 03a0 7901     		.2byte	0x179
 3084 03a2 11       		.byte	0x11
 3085 03a3 2E020000 		.4byte	0x22e
 3086 03a7 58       		.byte	0x58
 3087 03a8 04       		.uleb128 0x4
 3088 03a9 72313100 		.ascii	"r11\000"
 3089 03ad 04       		.byte	0x4
 3090 03ae 7A01     		.2byte	0x17a
 3091 03b0 11       		.byte	0x11
 3092 03b1 2E020000 		.4byte	0x22e
 3093 03b5 5C       		.byte	0x5c
 3094 03b6 04       		.uleb128 0x4
 3095 03b7 6C7200   		.ascii	"lr\000"
 3096 03ba 04       		.byte	0x4
 3097 03bb 7B01     		.2byte	0x17b
 3098 03bd 11       		.byte	0x11
 3099 03be 2E020000 		.4byte	0x22e
 3100 03c2 60       		.byte	0x60
 3101 03c3 00       		.byte	0
 3102 03c4 0B       		.uleb128 0xb
 3103 03c5 5F020000 		.4byte	0x25f
 3104 03c9 30       		.uleb128 0x30
 3105 03ca 04       		.byte	0x4
 3106 03cb 0A       		.byte	0xa
 3107 03cc D2       		.byte	0xd2
 3108 03cd 03       		.byte	0x3
 3109 03ce FF030000 		.4byte	0x3ff
 3110 03d2 1E       		.uleb128 0x1e
 3111 03d3 C3080000 		.4byte	.LASF45
 3112 03d7 D9       		.byte	0xd9
 3113 03d8 19       		.byte	0x19
 3114 03d9 03010000 		.4byte	0x103
 3115 03dd 1E       		.uleb128 0x1e
 3116 03de D4000000 		.4byte	.LASF46
 3117 03e2 E0       		.byte	0xe0
 3118 03e3 19       		.byte	0x19
 3119 03e4 03010000 		.4byte	0x103
 3120 03e8 1E       		.uleb128 0x1e
 3121 03e9 D9030000 		.4byte	.LASF47
 3122 03ed E7       		.byte	0xe7
 3123 03ee 1A       		.byte	0x1a
 3124 03ef 7F000000 		.4byte	0x7f
 3125 03f3 1E       		.uleb128 0x1e
 3126 03f4 0C030000 		.4byte	.LASF48
 3127 03f8 EE       		.byte	0xee
 3128 03f9 1A       		.byte	0x1a
 3129 03fa FF030000 		.4byte	0x3ff
 3130 03fe 00       		.byte	0
 3131 03ff 0B       		.uleb128 0xb
 3132 0400 C4010000 		.4byte	0x1c4
 3133 0404 0B       		.uleb128 0xb
 3134 0405 3A020000 		.4byte	0x23a
 3135 0409 0B       		.uleb128 0xb
ARM GAS  /tmp/ccrvdhwe.s 			page 56


 3136 040a AA000000 		.4byte	0xaa
 3137 040e 0B       		.uleb128 0xb
 3138 040f 9E000000 		.4byte	0x9e
 3139 0413 12       		.uleb128 0x12
 3140 0414 01       		.byte	0x1
 3141 0415 02       		.byte	0x2
 3142 0416 8E060000 		.4byte	.LASF49
 3143 041a 0E       		.uleb128 0xe
 3144 041b 22090000 		.4byte	.LASF50
 3145 041f 0C       		.byte	0xc
 3146 0420 0001     		.2byte	0x100
 3147 0422 1A       		.byte	0x1a
 3148 0423 27040000 		.4byte	0x427
 3149 0427 24       		.uleb128 0x24
 3150 0428 22090000 		.4byte	.LASF50
 3151 042c 84       		.byte	0x84
 3152 042d 0D       		.byte	0xd
 3153 042e 3501     		.2byte	0x135
 3154 0430 15050000 		.4byte	0x515
 3155 0434 06       		.uleb128 0x6
 3156 0435 E9010000 		.4byte	.LASF29
 3157 0439 0D       		.byte	0xd
 3158 043a 3901     		.2byte	0x139
 3159 043c 21       		.byte	0x21
 3160 043d 52050000 		.4byte	0x552
 3161 0441 00       		.byte	0
 3162 0442 06       		.uleb128 0x6
 3163 0443 A3070000 		.4byte	.LASF51
 3164 0447 0D       		.byte	0xd
 3165 0448 3D01     		.2byte	0x13d
 3166 044a 22       		.byte	0x22
 3167 044b 8C080000 		.4byte	0x88c
 3168 044f 04       		.byte	0x4
 3169 0450 06       		.uleb128 0x6
 3170 0451 47030000 		.4byte	.LASF52
 3171 0455 0D       		.byte	0xd
 3172 0456 4101     		.2byte	0x141
 3173 0458 21       		.byte	0x21
 3174 0459 AF000000 		.4byte	0xaf
 3175 045d 08       		.byte	0x8
 3176 045e 06       		.uleb128 0x6
 3177 045f FC030000 		.4byte	.LASF53
 3178 0463 0D       		.byte	0xd
 3179 0464 4501     		.2byte	0x145
 3180 0466 21       		.byte	0x21
 3181 0467 AF000000 		.4byte	0xaf
 3182 046b 0A       		.byte	0xa
 3183 046c 04       		.uleb128 0x4
 3184 046d 65706300 		.ascii	"epc\000"
 3185 0471 0D       		.byte	0xd
 3186 0472 4901     		.2byte	0x149
 3187 0474 22       		.byte	0x22
 3188 0475 91080000 		.4byte	0x891
 3189 0479 0C       		.byte	0xc
 3190 047a 06       		.uleb128 0x6
 3191 047b A2080000 		.4byte	.LASF54
 3192 047f 0D       		.byte	0xd
ARM GAS  /tmp/ccrvdhwe.s 			page 57


 3193 0480 5001     		.2byte	0x150
 3194 0482 22       		.byte	0x22
 3195 0483 A6080000 		.4byte	0x8a6
 3196 0487 2C       		.byte	0x2c
 3197 0488 06       		.uleb128 0x6
 3198 0489 EF010000 		.4byte	.LASF55
 3199 048d 0D       		.byte	0xd
 3200 048e 5701     		.2byte	0x157
 3201 0490 22       		.byte	0x22
 3202 0491 A6080000 		.4byte	0x8a6
 3203 0495 48       		.byte	0x48
 3204 0496 06       		.uleb128 0x6
 3205 0497 29070000 		.4byte	.LASF56
 3206 049b 0D       		.byte	0xd
 3207 049c 5B01     		.2byte	0x15b
 3208 049e 21       		.byte	0x21
 3209 049f C0050000 		.4byte	0x5c0
 3210 04a3 64       		.byte	0x64
 3211 04a4 06       		.uleb128 0x6
 3212 04a5 AA060000 		.4byte	.LASF57
 3213 04a9 0D       		.byte	0xd
 3214 04aa 5F01     		.2byte	0x15f
 3215 04ac 22       		.byte	0x22
 3216 04ad 0E040000 		.4byte	0x40e
 3217 04b1 68       		.byte	0x68
 3218 04b2 06       		.uleb128 0x6
 3219 04b3 89060000 		.4byte	.LASF58
 3220 04b7 0D       		.byte	0xd
 3221 04b8 6301     		.2byte	0x163
 3222 04ba 21       		.byte	0x21
 3223 04bb 42000000 		.4byte	0x42
 3224 04bf 6C       		.byte	0x6c
 3225 04c0 06       		.uleb128 0x6
 3226 04c1 1A080000 		.4byte	.LASF59
 3227 04c5 0D       		.byte	0xd
 3228 04c6 6701     		.2byte	0x167
 3229 04c8 21       		.byte	0x21
 3230 04c9 42060000 		.4byte	0x642
 3231 04cd 70       		.byte	0x70
 3232 04ce 06       		.uleb128 0x6
 3233 04cf FB050000 		.4byte	.LASF60
 3234 04d3 0D       		.byte	0xd
 3235 04d4 6B01     		.2byte	0x16b
 3236 04d6 21       		.byte	0x21
 3237 04d7 B6080000 		.4byte	0x8b6
 3238 04db 74       		.byte	0x74
 3239 04dc 06       		.uleb128 0x6
 3240 04dd D2080000 		.4byte	.LASF61
 3241 04e1 0D       		.byte	0xd
 3242 04e2 6F01     		.2byte	0x16f
 3243 04e4 21       		.byte	0x21
 3244 04e5 AF000000 		.4byte	0xaf
 3245 04e9 7C       		.byte	0x7c
 3246 04ea 06       		.uleb128 0x6
 3247 04eb AE050000 		.4byte	.LASF62
 3248 04ef 0D       		.byte	0xd
 3249 04f0 7301     		.2byte	0x173
ARM GAS  /tmp/ccrvdhwe.s 			page 58


 3250 04f2 21       		.byte	0x21
 3251 04f3 9E000000 		.4byte	0x9e
 3252 04f7 7E       		.byte	0x7e
 3253 04f8 06       		.uleb128 0x6
 3254 04f9 8C030000 		.4byte	.LASF63
 3255 04fd 0D       		.byte	0xd
 3256 04fe 7701     		.2byte	0x177
 3257 0500 21       		.byte	0x21
 3258 0501 9E000000 		.4byte	0x9e
 3259 0505 7F       		.byte	0x7f
 3260 0506 06       		.uleb128 0x6
 3261 0507 3E040000 		.4byte	.LASF64
 3262 050b 0D       		.byte	0xd
 3263 050c 7F01     		.2byte	0x17f
 3264 050e 21       		.byte	0x21
 3265 050f BB000000 		.4byte	0xbb
 3266 0513 80       		.byte	0x80
 3267 0514 00       		.byte	0
 3268 0515 0E       		.uleb128 0xe
 3269 0516 0D000000 		.4byte	.LASF65
 3270 051a 0C       		.byte	0xc
 3271 051b 0501     		.2byte	0x105
 3272 051d 11       		.byte	0x11
 3273 051e 9E000000 		.4byte	0x9e
 3274 0522 1F       		.uleb128 0x1f
 3275 0523 34000000 		.4byte	0x34
 3276 0527 0A01     		.2byte	0x10a
 3277 0529 52050000 		.4byte	0x552
 3278 052d 07       		.uleb128 0x7
 3279 052e F2000000 		.4byte	.LASF66
 3280 0532 00       		.byte	0
 3281 0533 07       		.uleb128 0x7
 3282 0534 84000000 		.4byte	.LASF67
 3283 0538 01       		.byte	0x1
 3284 0539 07       		.uleb128 0x7
 3285 053a 7F060000 		.4byte	.LASF68
 3286 053e 02       		.byte	0x2
 3287 053f 07       		.uleb128 0x7
 3288 0540 46090000 		.4byte	.LASF69
 3289 0544 03       		.byte	0x3
 3290 0545 07       		.uleb128 0x7
 3291 0546 F3020000 		.4byte	.LASF70
 3292 054a 04       		.byte	0x4
 3293 054b 07       		.uleb128 0x7
 3294 054c 050A0000 		.4byte	.LASF71
 3295 0550 05       		.byte	0x5
 3296 0551 00       		.byte	0
 3297 0552 0E       		.uleb128 0xe
 3298 0553 BE030000 		.4byte	.LASF72
 3299 0557 0C       		.byte	0xc
 3300 0558 1101     		.2byte	0x111
 3301 055a 03       		.byte	0x3
 3302 055b 22050000 		.4byte	0x522
 3303 055f 1F       		.uleb128 0x1f
 3304 0560 34000000 		.4byte	0x34
 3305 0564 1601     		.2byte	0x116
 3306 0566 7D050000 		.4byte	0x57d
ARM GAS  /tmp/ccrvdhwe.s 			page 59


 3307 056a 07       		.uleb128 0x7
 3308 056b 1F020000 		.4byte	.LASF73
 3309 056f 00       		.byte	0
 3310 0570 07       		.uleb128 0x7
 3311 0571 53090000 		.4byte	.LASF74
 3312 0575 01       		.byte	0x1
 3313 0576 07       		.uleb128 0x7
 3314 0577 2E000000 		.4byte	.LASF75
 3315 057b 02       		.byte	0x2
 3316 057c 00       		.byte	0
 3317 057d 0E       		.uleb128 0xe
 3318 057e C6000000 		.4byte	.LASF76
 3319 0582 0C       		.byte	0xc
 3320 0583 1A01     		.2byte	0x11a
 3321 0585 03       		.byte	0x3
 3322 0586 5F050000 		.4byte	0x55f
 3323 058a 1F       		.uleb128 0x1f
 3324 058b 34000000 		.4byte	0x34
 3325 058f 1F01     		.2byte	0x11f
 3326 0591 C0050000 		.4byte	0x5c0
 3327 0595 07       		.uleb128 0x7
 3328 0596 31080000 		.4byte	.LASF77
 3329 059a 00       		.byte	0
 3330 059b 07       		.uleb128 0x7
 3331 059c 48000000 		.4byte	.LASF78
 3332 05a0 01       		.byte	0x1
 3333 05a1 07       		.uleb128 0x7
 3334 05a2 9E010000 		.4byte	.LASF79
 3335 05a6 02       		.byte	0x2
 3336 05a7 07       		.uleb128 0x7
 3337 05a8 0E090000 		.4byte	.LASF80
 3338 05ac 03       		.byte	0x3
 3339 05ad 07       		.uleb128 0x7
 3340 05ae C8070000 		.4byte	.LASF81
 3341 05b2 04       		.byte	0x4
 3342 05b3 07       		.uleb128 0x7
 3343 05b4 45040000 		.4byte	.LASF82
 3344 05b8 05       		.byte	0x5
 3345 05b9 07       		.uleb128 0x7
 3346 05ba BE010000 		.4byte	.LASF83
 3347 05be 06       		.byte	0x6
 3348 05bf 00       		.byte	0
 3349 05c0 0E       		.uleb128 0xe
 3350 05c1 5F020000 		.4byte	.LASF84
 3351 05c5 0C       		.byte	0xc
 3352 05c6 2701     		.2byte	0x127
 3353 05c8 03       		.byte	0x3
 3354 05c9 8A050000 		.4byte	0x58a
 3355 05cd 1F       		.uleb128 0x1f
 3356 05ce 34000000 		.4byte	0x34
 3357 05d2 2C01     		.2byte	0x12c
 3358 05d4 FD050000 		.4byte	0x5fd
 3359 05d8 07       		.uleb128 0x7
 3360 05d9 06060000 		.4byte	.LASF85
 3361 05dd 00       		.byte	0
 3362 05de 07       		.uleb128 0x7
 3363 05df 4D060000 		.4byte	.LASF86
ARM GAS  /tmp/ccrvdhwe.s 			page 60


 3364 05e3 01       		.byte	0x1
 3365 05e4 07       		.uleb128 0x7
 3366 05e5 E4070000 		.4byte	.LASF87
 3367 05e9 02       		.byte	0x2
 3368 05ea 07       		.uleb128 0x7
 3369 05eb 17070000 		.4byte	.LASF88
 3370 05ef 03       		.byte	0x3
 3371 05f0 07       		.uleb128 0x7
 3372 05f1 36030000 		.4byte	.LASF89
 3373 05f5 04       		.byte	0x4
 3374 05f6 07       		.uleb128 0x7
 3375 05f7 8A020000 		.4byte	.LASF90
 3376 05fb 05       		.byte	0x5
 3377 05fc 00       		.byte	0
 3378 05fd 0E       		.uleb128 0xe
 3379 05fe 62000000 		.4byte	.LASF91
 3380 0602 0C       		.byte	0xc
 3381 0603 3301     		.2byte	0x133
 3382 0605 03       		.byte	0x3
 3383 0606 CD050000 		.4byte	0x5cd
 3384 060a 25       		.uleb128 0x25
 3385 060b 08       		.byte	0x8
 3386 060c 0C       		.byte	0xc
 3387 060d 3801     		.2byte	0x138
 3388 060f 30060000 		.4byte	0x630
 3389 0613 06       		.uleb128 0x6
 3390 0614 04030000 		.4byte	.LASF92
 3391 0618 0C       		.byte	0xc
 3392 0619 3C01     		.2byte	0x13c
 3393 061b 21       		.byte	0x21
 3394 061c 42000000 		.4byte	0x42
 3395 0620 00       		.byte	0
 3396 0621 06       		.uleb128 0x6
 3397 0622 A0030000 		.4byte	.LASF93
 3398 0626 0C       		.byte	0xc
 3399 0627 4001     		.2byte	0x140
 3400 0629 22       		.byte	0x22
 3401 062a 09040000 		.4byte	0x409
 3402 062e 04       		.byte	0x4
 3403 062f 00       		.byte	0
 3404 0630 0E       		.uleb128 0xe
 3405 0631 1F010000 		.4byte	.LASF94
 3406 0635 0C       		.byte	0xc
 3407 0636 4101     		.2byte	0x141
 3408 0638 03       		.byte	0x3
 3409 0639 0A060000 		.4byte	0x60a
 3410 063d 0F       		.uleb128 0xf
 3411 063e 30060000 		.4byte	0x630
 3412 0642 0E       		.uleb128 0xe
 3413 0643 5A010000 		.4byte	.LASF95
 3414 0647 0C       		.byte	0xc
 3415 0648 4901     		.2byte	0x149
 3416 064a 10       		.byte	0x10
 3417 064b 4F060000 		.4byte	0x64f
 3418 064f 0B       		.uleb128 0xb
 3419 0650 54060000 		.4byte	0x654
 3420 0654 20       		.uleb128 0x20
ARM GAS  /tmp/ccrvdhwe.s 			page 61


 3421 0655 5F060000 		.4byte	0x65f
 3422 0659 03       		.uleb128 0x3
 3423 065a 5F060000 		.4byte	0x65f
 3424 065e 00       		.byte	0
 3425 065f 0B       		.uleb128 0xb
 3426 0660 1A040000 		.4byte	0x41a
 3427 0664 0E       		.uleb128 0xe
 3428 0665 92050000 		.4byte	.LASF96
 3429 0669 0C       		.byte	0xc
 3430 066a 5201     		.2byte	0x152
 3431 066c 10       		.byte	0x10
 3432 066d 71060000 		.4byte	0x671
 3433 0671 0B       		.uleb128 0xb
 3434 0672 76060000 		.4byte	0x676
 3435 0676 20       		.uleb128 0x20
 3436 0677 86060000 		.4byte	0x686
 3437 067b 03       		.uleb128 0x3
 3438 067c 5F060000 		.4byte	0x65f
 3439 0680 03       		.uleb128 0x3
 3440 0681 15050000 		.4byte	0x515
 3441 0685 00       		.byte	0
 3442 0686 0E       		.uleb128 0xe
 3443 0687 130A0000 		.4byte	.LASF97
 3444 068b 0C       		.byte	0xc
 3445 068c 5B01     		.2byte	0x15b
 3446 068e 10       		.byte	0x10
 3447 068f 93060000 		.4byte	0x693
 3448 0693 0B       		.uleb128 0xb
 3449 0694 98060000 		.4byte	0x698
 3450 0698 20       		.uleb128 0x20
 3451 0699 A8060000 		.4byte	0x6a8
 3452 069d 03       		.uleb128 0x3
 3453 069e 5F060000 		.4byte	0x65f
 3454 06a2 03       		.uleb128 0x3
 3455 06a3 FD050000 		.4byte	0x5fd
 3456 06a7 00       		.byte	0
 3457 06a8 0E       		.uleb128 0xe
 3458 06a9 C9030000 		.4byte	.LASF98
 3459 06ad 0C       		.byte	0xc
 3460 06ae 6701     		.2byte	0x167
 3461 06b0 10       		.byte	0x10
 3462 06b1 B5060000 		.4byte	0x6b5
 3463 06b5 0B       		.uleb128 0xb
 3464 06b6 BA060000 		.4byte	0x6ba
 3465 06ba 26       		.uleb128 0x26
 3466 06bb 13040000 		.4byte	0x413
 3467 06bf C9060000 		.4byte	0x6c9
 3468 06c3 03       		.uleb128 0x3
 3469 06c4 5F060000 		.4byte	0x65f
 3470 06c8 00       		.byte	0
 3471 06c9 0E       		.uleb128 0xe
 3472 06ca 03020000 		.4byte	.LASF99
 3473 06ce 0C       		.byte	0xc
 3474 06cf 6C01     		.2byte	0x16c
 3475 06d1 21       		.byte	0x21
 3476 06d2 D6060000 		.4byte	0x6d6
 3477 06d6 0B       		.uleb128 0xb
ARM GAS  /tmp/ccrvdhwe.s 			page 62


 3478 06d7 DB060000 		.4byte	0x6db
 3479 06db 26       		.uleb128 0x26
 3480 06dc F9060000 		.4byte	0x6f9
 3481 06e0 F9060000 		.4byte	0x6f9
 3482 06e4 03       		.uleb128 0x3
 3483 06e5 5F060000 		.4byte	0x65f
 3484 06e9 03       		.uleb128 0x3
 3485 06ea 9E000000 		.4byte	0x9e
 3486 06ee 03       		.uleb128 0x3
 3487 06ef 9E000000 		.4byte	0x9e
 3488 06f3 03       		.uleb128 0x3
 3489 06f4 AF000000 		.4byte	0xaf
 3490 06f8 00       		.byte	0
 3491 06f9 0B       		.uleb128 0xb
 3492 06fa 3D060000 		.4byte	0x63d
 3493 06fe 21       		.uleb128 0x21
 3494 06ff 10       		.byte	0x10
 3495 0700 9E       		.byte	0x9e
 3496 0701 3A070000 		.4byte	0x73a
 3497 0705 05       		.uleb128 0x5
 3498 0706 68010000 		.4byte	.LASF100
 3499 070a 0D       		.byte	0xd
 3500 070b A2       		.byte	0xa2
 3501 070c 21       		.byte	0x21
 3502 070d 42000000 		.4byte	0x42
 3503 0711 00       		.byte	0
 3504 0712 05       		.uleb128 0x5
 3505 0713 93080000 		.4byte	.LASF101
 3506 0717 0D       		.byte	0xd
 3507 0718 A6       		.byte	0xa6
 3508 0719 21       		.byte	0x21
 3509 071a 42000000 		.4byte	0x42
 3510 071e 04       		.byte	0x4
 3511 071f 05       		.uleb128 0x5
 3512 0720 FE020000 		.4byte	.LASF102
 3513 0724 0D       		.byte	0xd
 3514 0725 AA       		.byte	0xaa
 3515 0726 22       		.byte	0x22
 3516 0727 09040000 		.4byte	0x409
 3517 072b 08       		.byte	0x8
 3518 072c 05       		.uleb128 0x5
 3519 072d 37040000 		.4byte	.LASF103
 3520 0731 0D       		.byte	0xd
 3521 0732 B5       		.byte	0xb5
 3522 0733 21       		.byte	0x21
 3523 0734 42000000 		.4byte	0x42
 3524 0738 0C       		.byte	0xc
 3525 0739 00       		.byte	0
 3526 073a 09       		.uleb128 0x9
 3527 073b FB080000 		.4byte	.LASF104
 3528 073f 0D       		.byte	0xd
 3529 0740 B6       		.byte	0xb6
 3530 0741 03       		.byte	0x3
 3531 0742 FE060000 		.4byte	0x6fe
 3532 0746 21       		.uleb128 0x21
 3533 0747 10       		.byte	0x10
 3534 0748 BB       		.byte	0xbb
ARM GAS  /tmp/ccrvdhwe.s 			page 63


 3535 0749 82070000 		.4byte	0x782
 3536 074d 05       		.uleb128 0x5
 3537 074e 65090000 		.4byte	.LASF105
 3538 0752 0D       		.byte	0xd
 3539 0753 BF       		.byte	0xbf
 3540 0754 21       		.byte	0x21
 3541 0755 42000000 		.4byte	0x42
 3542 0759 00       		.byte	0
 3543 075a 05       		.uleb128 0x5
 3544 075b 00000000 		.4byte	.LASF106
 3545 075f 0D       		.byte	0xd
 3546 0760 C3       		.byte	0xc3
 3547 0761 21       		.byte	0x21
 3548 0762 42000000 		.4byte	0x42
 3549 0766 04       		.byte	0x4
 3550 0767 05       		.uleb128 0x5
 3551 0768 8D000000 		.4byte	.LASF107
 3552 076c 0D       		.byte	0xd
 3553 076d C7       		.byte	0xc7
 3554 076e 22       		.byte	0x22
 3555 076f 0E040000 		.4byte	0x40e
 3556 0773 08       		.byte	0x8
 3557 0774 05       		.uleb128 0x5
 3558 0775 06000000 		.4byte	.LASF108
 3559 0779 0D       		.byte	0xd
 3560 077a D2       		.byte	0xd2
 3561 077b 21       		.byte	0x21
 3562 077c AF000000 		.4byte	0xaf
 3563 0780 0C       		.byte	0xc
 3564 0781 00       		.byte	0
 3565 0782 09       		.uleb128 0x9
 3566 0783 CE050000 		.4byte	.LASF109
 3567 0787 0D       		.byte	0xd
 3568 0788 D3       		.byte	0xd3
 3569 0789 03       		.byte	0x3
 3570 078a 46070000 		.4byte	0x746
 3571 078e 21       		.uleb128 0x21
 3572 078f 24       		.byte	0x24
 3573 0790 D9       		.byte	0xd9
 3574 0791 1C080000 		.4byte	0x81c
 3575 0795 05       		.uleb128 0x5
 3576 0796 79080000 		.4byte	.LASF110
 3577 079a 0D       		.byte	0xd
 3578 079b DD       		.byte	0xdd
 3579 079c 21       		.byte	0x21
 3580 079d BB000000 		.4byte	0xbb
 3581 07a1 00       		.byte	0
 3582 07a2 05       		.uleb128 0x5
 3583 07a3 2F060000 		.4byte	.LASF111
 3584 07a7 0D       		.byte	0xd
 3585 07a8 E8       		.byte	0xe8
 3586 07a9 21       		.byte	0x21
 3587 07aa 64060000 		.4byte	0x664
 3588 07ae 04       		.byte	0x4
 3589 07af 05       		.uleb128 0x5
 3590 07b0 54030000 		.4byte	.LASF112
 3591 07b4 0D       		.byte	0xd
ARM GAS  /tmp/ccrvdhwe.s 			page 64


 3592 07b5 ED       		.byte	0xed
 3593 07b6 21       		.byte	0x21
 3594 07b7 64060000 		.4byte	0x664
 3595 07bb 08       		.byte	0x8
 3596 07bc 05       		.uleb128 0x5
 3597 07bd B7030000 		.4byte	.LASF113
 3598 07c1 0D       		.byte	0xd
 3599 07c2 F2       		.byte	0xf2
 3600 07c3 21       		.byte	0x21
 3601 07c4 64060000 		.4byte	0x664
 3602 07c8 0C       		.byte	0xc
 3603 07c9 05       		.uleb128 0x5
 3604 07ca 38060000 		.4byte	.LASF114
 3605 07ce 0D       		.byte	0xd
 3606 07cf F7       		.byte	0xf7
 3607 07d0 21       		.byte	0x21
 3608 07d1 AF000000 		.4byte	0xaf
 3609 07d5 10       		.byte	0x10
 3610 07d6 05       		.uleb128 0x5
 3611 07d7 BC060000 		.4byte	.LASF115
 3612 07db 0D       		.byte	0xd
 3613 07dc FC       		.byte	0xfc
 3614 07dd 21       		.byte	0x21
 3615 07de AF000000 		.4byte	0xaf
 3616 07e2 12       		.byte	0x12
 3617 07e3 06       		.uleb128 0x6
 3618 07e4 87070000 		.4byte	.LASF116
 3619 07e8 0D       		.byte	0xd
 3620 07e9 0201     		.2byte	0x102
 3621 07eb 22       		.byte	0x22
 3622 07ec 1C080000 		.4byte	0x81c
 3623 07f0 14       		.byte	0x14
 3624 07f1 06       		.uleb128 0x6
 3625 07f2 43060000 		.4byte	.LASF117
 3626 07f6 0D       		.byte	0xd
 3627 07f7 0801     		.2byte	0x108
 3628 07f9 22       		.byte	0x22
 3629 07fa 21080000 		.4byte	0x821
 3630 07fe 18       		.byte	0x18
 3631 07ff 06       		.uleb128 0x6
 3632 0800 D2020000 		.4byte	.LASF118
 3633 0804 0D       		.byte	0xd
 3634 0805 0E01     		.2byte	0x10e
 3635 0807 21       		.byte	0x21
 3636 0808 AF000000 		.4byte	0xaf
 3637 080c 1C       		.byte	0x1c
 3638 080d 06       		.uleb128 0x6
 3639 080e 53000000 		.4byte	.LASF119
 3640 0812 0D       		.byte	0xd
 3641 0813 1401     		.2byte	0x114
 3642 0815 22       		.byte	0x22
 3643 0816 0E040000 		.4byte	0x40e
 3644 081a 20       		.byte	0x20
 3645 081b 00       		.byte	0
 3646 081c 0B       		.uleb128 0xb
 3647 081d 3A070000 		.4byte	0x73a
 3648 0821 0B       		.uleb128 0xb
ARM GAS  /tmp/ccrvdhwe.s 			page 65


 3649 0822 82070000 		.4byte	0x782
 3650 0826 0E       		.uleb128 0xe
 3651 0827 1D060000 		.4byte	.LASF120
 3652 082b 0D       		.byte	0xd
 3653 082c 1501     		.2byte	0x115
 3654 082e 03       		.byte	0x3
 3655 082f 8E070000 		.4byte	0x78e
 3656 0833 0F       		.uleb128 0xf
 3657 0834 26080000 		.4byte	0x826
 3658 0838 25       		.uleb128 0x25
 3659 0839 10       		.byte	0x10
 3660 083a 0D       		.byte	0xd
 3661 083b 1A01     		.2byte	0x11a
 3662 083d 7A080000 		.4byte	0x87a
 3663 0841 06       		.uleb128 0x6
 3664 0842 79030000 		.4byte	.LASF121
 3665 0846 0D       		.byte	0xd
 3666 0847 1F01     		.2byte	0x11f
 3667 0849 21       		.byte	0x21
 3668 084a 86060000 		.4byte	0x686
 3669 084e 00       		.byte	0
 3670 084f 06       		.uleb128 0x6
 3671 0850 80010000 		.4byte	.LASF122
 3672 0854 0D       		.byte	0xd
 3673 0855 2401     		.2byte	0x124
 3674 0857 21       		.byte	0x21
 3675 0858 C9060000 		.4byte	0x6c9
 3676 085c 04       		.byte	0x4
 3677 085d 06       		.uleb128 0x6
 3678 085e 06040000 		.4byte	.LASF123
 3679 0862 0D       		.byte	0xd
 3680 0863 2A01     		.2byte	0x12a
 3681 0865 21       		.byte	0x21
 3682 0866 A8060000 		.4byte	0x6a8
 3683 086a 08       		.byte	0x8
 3684 086b 06       		.uleb128 0x6
 3685 086c 16060000 		.4byte	.LASF124
 3686 0870 0D       		.byte	0xd
 3687 0871 2E01     		.2byte	0x12e
 3688 0873 21       		.byte	0x21
 3689 0874 42060000 		.4byte	0x642
 3690 0878 0C       		.byte	0xc
 3691 0879 00       		.byte	0
 3692 087a 0E       		.uleb128 0xe
 3693 087b 32070000 		.4byte	.LASF125
 3694 087f 0D       		.byte	0xd
 3695 0880 3001     		.2byte	0x130
 3696 0882 03       		.byte	0x3
 3697 0883 38080000 		.4byte	0x838
 3698 0887 0F       		.uleb128 0xf
 3699 0888 7A080000 		.4byte	0x87a
 3700 088c 0B       		.uleb128 0xb
 3701 088d 87080000 		.4byte	0x887
 3702 0891 15       		.uleb128 0x15
 3703 0892 A1080000 		.4byte	0x8a1
 3704 0896 A1080000 		.4byte	0x8a1
 3705 089a 16       		.uleb128 0x16
ARM GAS  /tmp/ccrvdhwe.s 			page 66


 3706 089b 2D000000 		.4byte	0x2d
 3707 089f 07       		.byte	0x7
 3708 08a0 00       		.byte	0
 3709 08a1 0B       		.uleb128 0xb
 3710 08a2 33080000 		.4byte	0x833
 3711 08a6 15       		.uleb128 0x15
 3712 08a7 7F000000 		.4byte	0x7f
 3713 08ab B6080000 		.4byte	0x8b6
 3714 08af 16       		.uleb128 0x16
 3715 08b0 2D000000 		.4byte	0x2d
 3716 08b4 06       		.byte	0x6
 3717 08b5 00       		.byte	0
 3718 08b6 15       		.uleb128 0x15
 3719 08b7 9E000000 		.4byte	0x9e
 3720 08bb C6080000 		.4byte	0x8c6
 3721 08bf 16       		.uleb128 0x16
 3722 08c0 2D000000 		.4byte	0x2d
 3723 08c4 07       		.byte	0x7
 3724 08c5 00       		.byte	0
 3725 08c6 15       		.uleb128 0x15
 3726 08c7 AA000000 		.4byte	0xaa
 3727 08cb D6080000 		.4byte	0x8d6
 3728 08cf 16       		.uleb128 0x16
 3729 08d0 2D000000 		.4byte	0x2d
 3730 08d4 01       		.byte	0x1
 3731 08d5 00       		.byte	0
 3732 08d6 0F       		.uleb128 0xf
 3733 08d7 C6080000 		.4byte	0x8c6
 3734 08db 22       		.uleb128 0x22
 3735 08dc 6D020000 		.4byte	.LASF126
 3736 08e0 2B       		.byte	0x2b
 3737 08e1 D6080000 		.4byte	0x8d6
 3738 08e5 05       		.uleb128 0x5
 3739 08e6 03       		.byte	0x3
 3740 08e7 00000000 		.4byte	zero_status
 3741 08eb 22       		.uleb128 0x22
 3742 08ec 23080000 		.4byte	.LASF127
 3743 08f0 2C       		.byte	0x2c
 3744 08f1 D6080000 		.4byte	0x8d6
 3745 08f5 05       		.uleb128 0x5
 3746 08f6 03       		.byte	0x3
 3747 08f7 00000000 		.4byte	active_status
 3748 08fb 22       		.uleb128 0x22
 3749 08fc 51020000 		.4byte	.LASF128
 3750 0900 2D       		.byte	0x2d
 3751 0901 D6080000 		.4byte	0x8d6
 3752 0905 05       		.uleb128 0x5
 3753 0906 03       		.byte	0x3
 3754 0907 00000000 		.4byte	halted_status
 3755 090b 10       		.uleb128 0x10
 3756 090c F1060000 		.4byte	.LASF129
 3757 0910 CE01     		.2byte	0x1ce
 3758 0912 1C090000 		.4byte	0x91c
 3759 0916 03       		.uleb128 0x3
 3760 0917 5F060000 		.4byte	0x65f
 3761 091b 00       		.byte	0
 3762 091c 10       		.uleb128 0x10
ARM GAS  /tmp/ccrvdhwe.s 			page 67


 3763 091d 1C000000 		.4byte	.LASF130
 3764 0921 D801     		.2byte	0x1d8
 3765 0923 32090000 		.4byte	0x932
 3766 0927 03       		.uleb128 0x3
 3767 0928 5F060000 		.4byte	0x65f
 3768 092c 03       		.uleb128 0x3
 3769 092d 15050000 		.4byte	0x515
 3770 0931 00       		.byte	0
 3771 0932 10       		.uleb128 0x10
 3772 0933 6F010000 		.4byte	.LASF131
 3773 0937 D901     		.2byte	0x1d9
 3774 0939 48090000 		.4byte	0x948
 3775 093d 03       		.uleb128 0x3
 3776 093e 5F060000 		.4byte	0x65f
 3777 0942 03       		.uleb128 0x3
 3778 0943 15050000 		.4byte	0x515
 3779 0947 00       		.byte	0
 3780 0948 27       		.uleb128 0x27
 3781 0949 6D000000 		.4byte	.LASF132
 3782 094d D201     		.2byte	0x1d2
 3783 094f 7D050000 		.4byte	0x57d
 3784 0953 62090000 		.4byte	0x962
 3785 0957 03       		.uleb128 0x3
 3786 0958 5F060000 		.4byte	0x65f
 3787 095c 03       		.uleb128 0x3
 3788 095d 15050000 		.4byte	0x515
 3789 0961 00       		.byte	0
 3790 0962 27       		.uleb128 0x27
 3791 0963 CC010000 		.4byte	.LASF133
 3792 0967 D101     		.2byte	0x1d1
 3793 0969 7D050000 		.4byte	0x57d
 3794 096d 7C090000 		.4byte	0x97c
 3795 0971 03       		.uleb128 0x3
 3796 0972 5F060000 		.4byte	0x65f
 3797 0976 03       		.uleb128 0x3
 3798 0977 15050000 		.4byte	0x515
 3799 097b 00       		.byte	0
 3800 097c 10       		.uleb128 0x10
 3801 097d 2D010000 		.4byte	.LASF134
 3802 0981 D301     		.2byte	0x1d3
 3803 0983 97090000 		.4byte	0x997
 3804 0987 03       		.uleb128 0x3
 3805 0988 5F060000 		.4byte	0x65f
 3806 098c 03       		.uleb128 0x3
 3807 098d 15050000 		.4byte	0x515
 3808 0991 03       		.uleb128 0x3
 3809 0992 0E040000 		.4byte	0x40e
 3810 0996 00       		.byte	0
 3811 0997 10       		.uleb128 0x10
 3812 0998 32020000 		.4byte	.LASF135
 3813 099c CD01     		.2byte	0x1cd
 3814 099e A8090000 		.4byte	0x9a8
 3815 09a2 03       		.uleb128 0x3
 3816 09a3 5F060000 		.4byte	0x65f
 3817 09a7 00       		.byte	0
 3818 09a8 10       		.uleb128 0x10
 3819 09a9 200A0000 		.4byte	.LASF136
ARM GAS  /tmp/ccrvdhwe.s 			page 68


 3820 09ad D701     		.2byte	0x1d7
 3821 09af BE090000 		.4byte	0x9be
 3822 09b3 03       		.uleb128 0x3
 3823 09b4 5F060000 		.4byte	0x65f
 3824 09b8 03       		.uleb128 0x3
 3825 09b9 15050000 		.4byte	0x515
 3826 09bd 00       		.byte	0
 3827 09be 10       		.uleb128 0x10
 3828 09bf 05070000 		.4byte	.LASF137
 3829 09c3 D601     		.2byte	0x1d6
 3830 09c5 D4090000 		.4byte	0x9d4
 3831 09c9 03       		.uleb128 0x3
 3832 09ca 5F060000 		.4byte	0x65f
 3833 09ce 03       		.uleb128 0x3
 3834 09cf 15050000 		.4byte	0x515
 3835 09d3 00       		.byte	0
 3836 09d4 10       		.uleb128 0x10
 3837 09d5 E7090000 		.4byte	.LASF138
 3838 09d9 D501     		.2byte	0x1d5
 3839 09db EA090000 		.4byte	0x9ea
 3840 09df 03       		.uleb128 0x3
 3841 09e0 5F060000 		.4byte	0x65f
 3842 09e4 03       		.uleb128 0x3
 3843 09e5 15050000 		.4byte	0x515
 3844 09e9 00       		.byte	0
 3845 09ea 10       		.uleb128 0x10
 3846 09eb 9D000000 		.4byte	.LASF139
 3847 09ef D401     		.2byte	0x1d4
 3848 09f1 000A0000 		.4byte	0xa00
 3849 09f5 03       		.uleb128 0x3
 3850 09f6 5F060000 		.4byte	0x65f
 3851 09fa 03       		.uleb128 0x3
 3852 09fb 15050000 		.4byte	0x515
 3853 09ff 00       		.byte	0
 3854 0a00 10       		.uleb128 0x10
 3855 0a01 96090000 		.4byte	.LASF140
 3856 0a05 D001     		.2byte	0x1d0
 3857 0a07 110A0000 		.4byte	0xa11
 3858 0a0b 03       		.uleb128 0x3
 3859 0a0c 5F060000 		.4byte	0x65f
 3860 0a10 00       		.byte	0
 3861 0a11 10       		.uleb128 0x10
 3862 0a12 B0090000 		.4byte	.LASF141
 3863 0a16 CF01     		.2byte	0x1cf
 3864 0a18 270A0000 		.4byte	0xa27
 3865 0a1c 03       		.uleb128 0x3
 3866 0a1d 5F060000 		.4byte	0x65f
 3867 0a21 03       		.uleb128 0x3
 3868 0a22 15050000 		.4byte	0x515
 3869 0a26 00       		.byte	0
 3870 0a27 31       		.uleb128 0x31
 3871 0a28 AC080000 		.4byte	.LASF142
 3872 0a2c 0E       		.byte	0xe
 3873 0a2d 21       		.byte	0x21
 3874 0a2e 09       		.byte	0x9
 3875 0a2f 7F000000 		.4byte	0x7f
 3876 0a33 470A0000 		.4byte	0xa47
ARM GAS  /tmp/ccrvdhwe.s 			page 69


 3877 0a37 03       		.uleb128 0x3
 3878 0a38 7F000000 		.4byte	0x7f
 3879 0a3c 03       		.uleb128 0x3
 3880 0a3d 3B000000 		.4byte	0x3b
 3881 0a41 03       		.uleb128 0x3
 3882 0a42 42000000 		.4byte	0x42
 3883 0a46 00       		.byte	0
 3884 0a47 28       		.uleb128 0x28
 3885 0a48 79020000 		.4byte	.LASF145
 3886 0a4c 0A       		.byte	0xa
 3887 0a4d E101     		.2byte	0x1e1
 3888 0a4f 10       		.uleb128 0x10
 3889 0a50 AA030000 		.4byte	.LASF143
 3890 0a54 CC01     		.2byte	0x1cc
 3891 0a56 600A0000 		.4byte	0xa60
 3892 0a5a 03       		.uleb128 0x3
 3893 0a5b 5F060000 		.4byte	0x65f
 3894 0a5f 00       		.byte	0
 3895 0a60 10       		.uleb128 0x10
 3896 0a61 5C070000 		.4byte	.LASF144
 3897 0a65 CB01     		.2byte	0x1cb
 3898 0a67 710A0000 		.4byte	0xa71
 3899 0a6b 03       		.uleb128 0x3
 3900 0a6c 5F060000 		.4byte	0x65f
 3901 0a70 00       		.byte	0
 3902 0a71 28       		.uleb128 0x28
 3903 0a72 47080000 		.4byte	.LASF146
 3904 0a76 0D       		.byte	0xd
 3905 0a77 CA01     		.2byte	0x1ca
 3906 0a79 11       		.uleb128 0x11
 3907 0a7a E2050000 		.4byte	.LASF148
 3908 0a7e 8303     		.2byte	0x383
 3909 0a80 00000000 		.4byte	.LFB251
 3910 0a84 70000000 		.4byte	.LFE251-.LFB251
 3911 0a88 01       		.uleb128 0x1
 3912 0a89 9C       		.byte	0x9c
 3913 0a8a 2D0C0000 		.4byte	0xc2d
 3914 0a8e 0D       		.uleb128 0xd
 3915 0a8f E9030000 		.4byte	.LASF147
 3916 0a93 8303     		.2byte	0x383
 3917 0a95 1D       		.byte	0x1d
 3918 0a96 5F060000 		.4byte	0x65f
 3919 0a9a 18000000 		.4byte	.LLST56
 3920 0a9e 0C000000 		.4byte	.LVUS56
 3921 0aa2 13       		.uleb128 0x13
 3922 0aa3 657000   		.ascii	"ep\000"
 3923 0aa6 8303     		.2byte	0x383
 3924 0aa8 2B       		.byte	0x2b
 3925 0aa9 15050000 		.4byte	0x515
 3926 0aad 48000000 		.4byte	.LLST57
 3927 0ab1 3C000000 		.4byte	.LVUS57
 3928 0ab5 17       		.uleb128 0x17
 3929 0ab6 D0060000 		.4byte	.LASF150
 3930 0aba 3D0C0000 		.4byte	0xc3d
 3931 0abe 0A       		.uleb128 0xa
 3932 0abf FF1C0000 		.4byte	0x1cff
 3933 0ac3 1E000000 		.4byte	.LBI281
ARM GAS  /tmp/ccrvdhwe.s 			page 70


 3934 0ac7 01       		.byte	.LVU798
 3935 0ac8 1E000000 		.4byte	.LBB281
 3936 0acc 06000000 		.4byte	.LBE281-.LBB281
 3937 0ad0 8B03     		.2byte	0x38b
 3938 0ad2 05       		.byte	0x5
 3939 0ad3 3D0B0000 		.4byte	0xb3d
 3940 0ad7 02       		.uleb128 0x2
 3941 0ad8 1F1D0000 		.4byte	0x1d1f
 3942 0adc 1E000000 		.4byte	.LBI282
 3943 0ae0 03       		.byte	.LVU800
 3944 0ae1 1E000000 		.4byte	.LBB282
 3945 0ae5 06000000 		.4byte	.LBE282-.LBB282
 3946 0ae9 02       		.byte	0x2
 3947 0aea 0302     		.2byte	0x203
 3948 0aec 02       		.uleb128 0x2
 3949 0aed 4F1D0000 		.4byte	0x1d4f
 3950 0af1 1E000000 		.4byte	.LBI283
 3951 0af5 05       		.byte	.LVU802
 3952 0af6 1E000000 		.4byte	.LBB283
 3953 0afa 06000000 		.4byte	.LBE283-.LBB283
 3954 0afe 03       		.byte	0x3
 3955 0aff A001     		.2byte	0x1a0
 3956 0b01 02       		.uleb128 0x2
 3957 0b02 5F1D0000 		.4byte	0x1d5f
 3958 0b06 1E000000 		.4byte	.LBI284
 3959 0b0a 07       		.byte	.LVU804
 3960 0b0b 1E000000 		.4byte	.LBB284
 3961 0b0f 06000000 		.4byte	.LBE284-.LBB284
 3962 0b13 04       		.byte	0x4
 3963 0b14 8502     		.2byte	0x285
 3964 0b16 02       		.uleb128 0x2
 3965 0b17 671D0000 		.4byte	0x1d67
 3966 0b1b 1E000000 		.4byte	.LBI285
 3967 0b1f 09       		.byte	.LVU806
 3968 0b20 1E000000 		.4byte	.LBB285
 3969 0b24 06000000 		.4byte	.LBE285-.LBB285
 3970 0b28 04       		.byte	0x4
 3971 0b29 6402     		.2byte	0x264
 3972 0b2b 0C       		.uleb128 0xc
 3973 0b2c 711D0000 		.4byte	0x1d71
 3974 0b30 89000000 		.4byte	.LLST58
 3975 0b34 87000000 		.4byte	.LVUS58
 3976 0b38 00       		.byte	0
 3977 0b39 00       		.byte	0
 3978 0b3a 00       		.byte	0
 3979 0b3b 00       		.byte	0
 3980 0b3c 00       		.byte	0
 3981 0b3d 0A       		.uleb128 0xa
 3982 0b3e F71C0000 		.4byte	0x1cf7
 3983 0b42 2E000000 		.4byte	.LBI287
 3984 0b46 01       		.byte	.LVU814
 3985 0b47 2E000000 		.4byte	.LBB287
 3986 0b4b 06000000 		.4byte	.LBE287-.LBB287
 3987 0b4f 8D03     		.2byte	0x38d
 3988 0b51 05       		.byte	0x5
 3989 0b52 BC0B0000 		.4byte	0xbbc
 3990 0b56 02       		.uleb128 0x2
ARM GAS  /tmp/ccrvdhwe.s 			page 71


 3991 0b57 171D0000 		.4byte	0x1d17
 3992 0b5b 2E000000 		.4byte	.LBI289
 3993 0b5f 03       		.byte	.LVU816
 3994 0b60 2E000000 		.4byte	.LBB289
 3995 0b64 06000000 		.4byte	.LBE289-.LBB289
 3996 0b68 02       		.byte	0x2
 3997 0b69 0E02     		.2byte	0x20e
 3998 0b6b 02       		.uleb128 0x2
 3999 0b6c 471D0000 		.4byte	0x1d47
 4000 0b70 2E000000 		.4byte	.LBI290
 4001 0b74 07       		.byte	.LVU820
 4002 0b75 2E000000 		.4byte	.LBB290
 4003 0b79 06000000 		.4byte	.LBE290-.LBB290
 4004 0b7d 03       		.byte	0x3
 4005 0b7e B601     		.2byte	0x1b6
 4006 0b80 02       		.uleb128 0x2
 4007 0b81 571D0000 		.4byte	0x1d57
 4008 0b85 2E000000 		.4byte	.LBI291
 4009 0b89 09       		.byte	.LVU822
 4010 0b8a 2E000000 		.4byte	.LBB291
 4011 0b8e 06000000 		.4byte	.LBE291-.LBB291
 4012 0b92 04       		.byte	0x4
 4013 0b93 9002     		.2byte	0x290
 4014 0b95 02       		.uleb128 0x2
 4015 0b96 671D0000 		.4byte	0x1d67
 4016 0b9a 2E000000 		.4byte	.LBI292
 4017 0b9e 0B       		.byte	.LVU824
 4018 0b9f 2E000000 		.4byte	.LBB292
 4019 0ba3 06000000 		.4byte	.LBE292-.LBB292
 4020 0ba7 04       		.byte	0x4
 4021 0ba8 7702     		.2byte	0x277
 4022 0baa 0C       		.uleb128 0xc
 4023 0bab 711D0000 		.4byte	0x1d71
 4024 0baf 96000000 		.4byte	.LLST59
 4025 0bb3 94000000 		.4byte	.LVUS59
 4026 0bb7 00       		.byte	0
 4027 0bb8 00       		.byte	0
 4028 0bb9 00       		.byte	0
 4029 0bba 00       		.byte	0
 4030 0bbb 00       		.byte	0
 4031 0bbc 08       		.uleb128 0x8
 4032 0bbd 2E000000 		.4byte	.LVL174
 4033 0bc1 6F160000 		.4byte	0x166f
 4034 0bc5 DF0B0000 		.4byte	0xbdf
 4035 0bc9 01       		.uleb128 0x1
 4036 0bca 01       		.uleb128 0x1
 4037 0bcb 50       		.byte	0x50
 4038 0bcc 02       		.uleb128 0x2
 4039 0bcd 74       		.byte	0x74
 4040 0bce 00       		.sleb128 0
 4041 0bcf 01       		.uleb128 0x1
 4042 0bd0 01       		.uleb128 0x1
 4043 0bd1 51       		.byte	0x51
 4044 0bd2 01       		.uleb128 0x1
 4045 0bd3 30       		.byte	0x30
 4046 0bd4 01       		.uleb128 0x1
 4047 0bd5 01       		.uleb128 0x1
ARM GAS  /tmp/ccrvdhwe.s 			page 72


 4048 0bd6 52       		.byte	0x52
 4049 0bd7 01       		.uleb128 0x1
 4050 0bd8 30       		.byte	0x30
 4051 0bd9 01       		.uleb128 0x1
 4052 0bda 01       		.uleb128 0x1
 4053 0bdb 53       		.byte	0x53
 4054 0bdc 01       		.uleb128 0x1
 4055 0bdd 30       		.byte	0x30
 4056 0bde 00       		.byte	0
 4057 0bdf 1B       		.uleb128 0x1b
 4058 0be0 46000000 		.4byte	.LVL177
 4059 0be4 EF0B0000 		.4byte	0xbef
 4060 0be8 01       		.uleb128 0x1
 4061 0be9 01       		.uleb128 0x1
 4062 0bea 50       		.byte	0x50
 4063 0beb 02       		.uleb128 0x2
 4064 0bec 74       		.byte	0x74
 4065 0bed 00       		.sleb128 0
 4066 0bee 00       		.byte	0
 4067 0bef 08       		.uleb128 0x8
 4068 0bf0 54000000 		.4byte	.LVL180
 4069 0bf4 A8090000 		.4byte	0x9a8
 4070 0bf8 020C0000 		.4byte	0xc02
 4071 0bfc 01       		.uleb128 0x1
 4072 0bfd 01       		.uleb128 0x1
 4073 0bfe 51       		.byte	0x51
 4074 0bff 01       		.uleb128 0x1
 4075 0c00 30       		.byte	0x30
 4076 0c01 00       		.byte	0
 4077 0c02 08       		.uleb128 0x8
 4078 0c03 5C000000 		.4byte	.LVL181
 4079 0c07 BE090000 		.4byte	0x9be
 4080 0c0b 1B0C0000 		.4byte	0xc1b
 4081 0c0f 01       		.uleb128 0x1
 4082 0c10 01       		.uleb128 0x1
 4083 0c11 50       		.byte	0x50
 4084 0c12 02       		.uleb128 0x2
 4085 0c13 74       		.byte	0x74
 4086 0c14 00       		.sleb128 0
 4087 0c15 01       		.uleb128 0x1
 4088 0c16 01       		.uleb128 0x1
 4089 0c17 51       		.byte	0x51
 4090 0c18 01       		.uleb128 0x1
 4091 0c19 30       		.byte	0x30
 4092 0c1a 00       		.byte	0
 4093 0c1b 1A       		.uleb128 0x1a
 4094 0c1c 68000000 		.4byte	.LVL182
 4095 0c20 01       		.uleb128 0x1
 4096 0c21 01       		.uleb128 0x1
 4097 0c22 50       		.byte	0x50
 4098 0c23 02       		.uleb128 0x2
 4099 0c24 74       		.byte	0x74
 4100 0c25 00       		.sleb128 0
 4101 0c26 01       		.uleb128 0x1
 4102 0c27 01       		.uleb128 0x1
 4103 0c28 51       		.byte	0x51
 4104 0c29 01       		.uleb128 0x1
ARM GAS  /tmp/ccrvdhwe.s 			page 73


 4105 0c2a 35       		.byte	0x35
 4106 0c2b 00       		.byte	0
 4107 0c2c 00       		.byte	0
 4108 0c2d 15       		.uleb128 0x15
 4109 0c2e 88000000 		.4byte	0x88
 4110 0c32 3D0C0000 		.4byte	0xc3d
 4111 0c36 16       		.uleb128 0x16
 4112 0c37 2D000000 		.4byte	0x2d
 4113 0c3b 0B       		.byte	0xb
 4114 0c3c 00       		.byte	0
 4115 0c3d 0F       		.uleb128 0xf
 4116 0c3e 2D0C0000 		.4byte	0xc2d
 4117 0c42 11       		.uleb128 0x11
 4118 0c43 6A070000 		.4byte	.LASF149
 4119 0c47 4003     		.2byte	0x340
 4120 0c49 00000000 		.4byte	.LFB250
 4121 0c4d A2000000 		.4byte	.LFE250-.LFB250
 4122 0c51 01       		.uleb128 0x1
 4123 0c52 9C       		.byte	0x9c
 4124 0c53 400F0000 		.4byte	0xf40
 4125 0c57 0D       		.uleb128 0xd
 4126 0c58 E9030000 		.4byte	.LASF147
 4127 0c5c 4003     		.2byte	0x340
 4128 0c5e 1C       		.byte	0x1c
 4129 0c5f 5F060000 		.4byte	0x65f
 4130 0c63 AC000000 		.4byte	.LLST49
 4131 0c67 A0000000 		.4byte	.LVUS49
 4132 0c6b 13       		.uleb128 0x13
 4133 0c6c 657000   		.ascii	"ep\000"
 4134 0c6f 4003     		.2byte	0x340
 4135 0c71 2A       		.byte	0x2a
 4136 0c72 15050000 		.4byte	0x515
 4137 0c76 E1000000 		.4byte	.LLST50
 4138 0c7a D5000000 		.4byte	.LVUS50
 4139 0c7e 18       		.uleb128 0x18
 4140 0c7f 6D617800 		.ascii	"max\000"
 4141 0c83 4103     		.2byte	0x341
 4142 0c85 0A       		.byte	0xa
 4143 0c86 42000000 		.4byte	0x42
 4144 0c8a 29010000 		.4byte	.LLST51
 4145 0c8e 25010000 		.4byte	.LVUS51
 4146 0c92 17       		.uleb128 0x17
 4147 0c93 D0060000 		.4byte	.LASF150
 4148 0c97 500F0000 		.4byte	0xf50
 4149 0c9b 0A       		.uleb128 0xa
 4150 0c9c FF1C0000 		.4byte	0x1cff
 4151 0ca0 38000000 		.4byte	.LBI256
 4152 0ca4 01       		.byte	.LVU707
 4153 0ca5 38000000 		.4byte	.LBB256
 4154 0ca9 06000000 		.4byte	.LBE256-.LBB256
 4155 0cad 5703     		.2byte	0x357
 4156 0caf 05       		.byte	0x5
 4157 0cb0 1A0D0000 		.4byte	0xd1a
 4158 0cb4 02       		.uleb128 0x2
 4159 0cb5 1F1D0000 		.4byte	0x1d1f
 4160 0cb9 38000000 		.4byte	.LBI257
 4161 0cbd 03       		.byte	.LVU709
ARM GAS  /tmp/ccrvdhwe.s 			page 74


 4162 0cbe 38000000 		.4byte	.LBB257
 4163 0cc2 06000000 		.4byte	.LBE257-.LBB257
 4164 0cc6 02       		.byte	0x2
 4165 0cc7 0302     		.2byte	0x203
 4166 0cc9 02       		.uleb128 0x2
 4167 0cca 4F1D0000 		.4byte	0x1d4f
 4168 0cce 38000000 		.4byte	.LBI258
 4169 0cd2 05       		.byte	.LVU711
 4170 0cd3 38000000 		.4byte	.LBB258
 4171 0cd7 06000000 		.4byte	.LBE258-.LBB258
 4172 0cdb 03       		.byte	0x3
 4173 0cdc A001     		.2byte	0x1a0
 4174 0cde 02       		.uleb128 0x2
 4175 0cdf 5F1D0000 		.4byte	0x1d5f
 4176 0ce3 38000000 		.4byte	.LBI259
 4177 0ce7 07       		.byte	.LVU713
 4178 0ce8 38000000 		.4byte	.LBB259
 4179 0cec 06000000 		.4byte	.LBE259-.LBB259
 4180 0cf0 04       		.byte	0x4
 4181 0cf1 8502     		.2byte	0x285
 4182 0cf3 02       		.uleb128 0x2
 4183 0cf4 671D0000 		.4byte	0x1d67
 4184 0cf8 38000000 		.4byte	.LBI260
 4185 0cfc 09       		.byte	.LVU715
 4186 0cfd 38000000 		.4byte	.LBB260
 4187 0d01 06000000 		.4byte	.LBE260-.LBB260
 4188 0d05 04       		.byte	0x4
 4189 0d06 6402     		.2byte	0x264
 4190 0d08 0C       		.uleb128 0xc
 4191 0d09 711D0000 		.4byte	0x1d71
 4192 0d0d 3B010000 		.4byte	.LLST52
 4193 0d11 39010000 		.4byte	.LVUS52
 4194 0d15 00       		.byte	0
 4195 0d16 00       		.byte	0
 4196 0d17 00       		.byte	0
 4197 0d18 00       		.byte	0
 4198 0d19 00       		.byte	0
 4199 0d1a 0A       		.uleb128 0xa
 4200 0d1b F71C0000 		.4byte	0x1cf7
 4201 0d1f 4A000000 		.4byte	.LBI262
 4202 0d23 01       		.byte	.LVU722
 4203 0d24 4A000000 		.4byte	.LBB262
 4204 0d28 06000000 		.4byte	.LBE262-.LBB262
 4205 0d2c 5903     		.2byte	0x359
 4206 0d2e 05       		.byte	0x5
 4207 0d2f 990D0000 		.4byte	0xd99
 4208 0d33 02       		.uleb128 0x2
 4209 0d34 171D0000 		.4byte	0x1d17
 4210 0d38 4A000000 		.4byte	.LBI264
 4211 0d3c 03       		.byte	.LVU724
 4212 0d3d 4A000000 		.4byte	.LBB264
 4213 0d41 06000000 		.4byte	.LBE264-.LBB264
 4214 0d45 02       		.byte	0x2
 4215 0d46 0E02     		.2byte	0x20e
 4216 0d48 02       		.uleb128 0x2
 4217 0d49 471D0000 		.4byte	0x1d47
 4218 0d4d 4A000000 		.4byte	.LBI265
ARM GAS  /tmp/ccrvdhwe.s 			page 75


 4219 0d51 07       		.byte	.LVU728
 4220 0d52 4A000000 		.4byte	.LBB265
 4221 0d56 06000000 		.4byte	.LBE265-.LBB265
 4222 0d5a 03       		.byte	0x3
 4223 0d5b B601     		.2byte	0x1b6
 4224 0d5d 02       		.uleb128 0x2
 4225 0d5e 571D0000 		.4byte	0x1d57
 4226 0d62 4A000000 		.4byte	.LBI266
 4227 0d66 09       		.byte	.LVU730
 4228 0d67 4A000000 		.4byte	.LBB266
 4229 0d6b 06000000 		.4byte	.LBE266-.LBB266
 4230 0d6f 04       		.byte	0x4
 4231 0d70 9002     		.2byte	0x290
 4232 0d72 02       		.uleb128 0x2
 4233 0d73 671D0000 		.4byte	0x1d67
 4234 0d77 4A000000 		.4byte	.LBI267
 4235 0d7b 0B       		.byte	.LVU732
 4236 0d7c 4A000000 		.4byte	.LBB267
 4237 0d80 06000000 		.4byte	.LBE267-.LBB267
 4238 0d84 04       		.byte	0x4
 4239 0d85 7702     		.2byte	0x277
 4240 0d87 0C       		.uleb128 0xc
 4241 0d88 711D0000 		.4byte	0x1d71
 4242 0d8c 48010000 		.4byte	.LLST53
 4243 0d90 46010000 		.4byte	.LVUS53
 4244 0d94 00       		.byte	0
 4245 0d95 00       		.byte	0
 4246 0d96 00       		.byte	0
 4247 0d97 00       		.byte	0
 4248 0d98 00       		.byte	0
 4249 0d99 0A       		.uleb128 0xa
 4250 0d9a FF1C0000 		.4byte	0x1cff
 4251 0d9e 52000000 		.4byte	.LBI269
 4252 0da2 01       		.byte	.LVU738
 4253 0da3 52000000 		.4byte	.LBB269
 4254 0da7 06000000 		.4byte	.LBE269-.LBB269
 4255 0dab 4C03     		.2byte	0x34c
 4256 0dad 07       		.byte	0x7
 4257 0dae 180E0000 		.4byte	0xe18
 4258 0db2 02       		.uleb128 0x2
 4259 0db3 1F1D0000 		.4byte	0x1d1f
 4260 0db7 52000000 		.4byte	.LBI270
 4261 0dbb 03       		.byte	.LVU740
 4262 0dbc 52000000 		.4byte	.LBB270
 4263 0dc0 06000000 		.4byte	.LBE270-.LBB270
 4264 0dc4 02       		.byte	0x2
 4265 0dc5 0302     		.2byte	0x203
 4266 0dc7 02       		.uleb128 0x2
 4267 0dc8 4F1D0000 		.4byte	0x1d4f
 4268 0dcc 52000000 		.4byte	.LBI271
 4269 0dd0 05       		.byte	.LVU742
 4270 0dd1 52000000 		.4byte	.LBB271
 4271 0dd5 06000000 		.4byte	.LBE271-.LBB271
 4272 0dd9 03       		.byte	0x3
 4273 0dda A001     		.2byte	0x1a0
 4274 0ddc 02       		.uleb128 0x2
 4275 0ddd 5F1D0000 		.4byte	0x1d5f
ARM GAS  /tmp/ccrvdhwe.s 			page 76


 4276 0de1 52000000 		.4byte	.LBI272
 4277 0de5 07       		.byte	.LVU744
 4278 0de6 52000000 		.4byte	.LBB272
 4279 0dea 06000000 		.4byte	.LBE272-.LBB272
 4280 0dee 04       		.byte	0x4
 4281 0def 8502     		.2byte	0x285
 4282 0df1 02       		.uleb128 0x2
 4283 0df2 671D0000 		.4byte	0x1d67
 4284 0df6 52000000 		.4byte	.LBI273
 4285 0dfa 09       		.byte	.LVU746
 4286 0dfb 52000000 		.4byte	.LBB273
 4287 0dff 06000000 		.4byte	.LBE273-.LBB273
 4288 0e03 04       		.byte	0x4
 4289 0e04 6402     		.2byte	0x264
 4290 0e06 0C       		.uleb128 0xc
 4291 0e07 711D0000 		.4byte	0x1d71
 4292 0e0b 54010000 		.4byte	.LLST54
 4293 0e0f 52010000 		.4byte	.LVUS54
 4294 0e13 00       		.byte	0
 4295 0e14 00       		.byte	0
 4296 0e15 00       		.byte	0
 4297 0e16 00       		.byte	0
 4298 0e17 00       		.byte	0
 4299 0e18 0A       		.uleb128 0xa
 4300 0e19 F71C0000 		.4byte	0x1cf7
 4301 0e1d 64000000 		.4byte	.LBI275
 4302 0e21 01       		.byte	.LVU754
 4303 0e22 64000000 		.4byte	.LBB275
 4304 0e26 06000000 		.4byte	.LBE275-.LBB275
 4305 0e2a 4E03     		.2byte	0x34e
 4306 0e2c 07       		.byte	0x7
 4307 0e2d 970E0000 		.4byte	0xe97
 4308 0e31 02       		.uleb128 0x2
 4309 0e32 171D0000 		.4byte	0x1d17
 4310 0e36 64000000 		.4byte	.LBI276
 4311 0e3a 03       		.byte	.LVU756
 4312 0e3b 64000000 		.4byte	.LBB276
 4313 0e3f 06000000 		.4byte	.LBE276-.LBB276
 4314 0e43 02       		.byte	0x2
 4315 0e44 0E02     		.2byte	0x20e
 4316 0e46 02       		.uleb128 0x2
 4317 0e47 471D0000 		.4byte	0x1d47
 4318 0e4b 64000000 		.4byte	.LBI277
 4319 0e4f 07       		.byte	.LVU760
 4320 0e50 64000000 		.4byte	.LBB277
 4321 0e54 06000000 		.4byte	.LBE277-.LBB277
 4322 0e58 03       		.byte	0x3
 4323 0e59 B601     		.2byte	0x1b6
 4324 0e5b 02       		.uleb128 0x2
 4325 0e5c 571D0000 		.4byte	0x1d57
 4326 0e60 64000000 		.4byte	.LBI278
 4327 0e64 09       		.byte	.LVU762
 4328 0e65 64000000 		.4byte	.LBB278
 4329 0e69 06000000 		.4byte	.LBE278-.LBB278
 4330 0e6d 04       		.byte	0x4
 4331 0e6e 9002     		.2byte	0x290
 4332 0e70 02       		.uleb128 0x2
ARM GAS  /tmp/ccrvdhwe.s 			page 77


 4333 0e71 671D0000 		.4byte	0x1d67
 4334 0e75 64000000 		.4byte	.LBI279
 4335 0e79 0B       		.byte	.LVU764
 4336 0e7a 64000000 		.4byte	.LBB279
 4337 0e7e 06000000 		.4byte	.LBE279-.LBB279
 4338 0e82 04       		.byte	0x4
 4339 0e83 7702     		.2byte	0x277
 4340 0e85 0C       		.uleb128 0xc
 4341 0e86 711D0000 		.4byte	0x1d71
 4342 0e8a 61010000 		.4byte	.LLST55
 4343 0e8e 5F010000 		.4byte	.LVUS55
 4344 0e92 00       		.byte	0
 4345 0e93 00       		.byte	0
 4346 0e94 00       		.byte	0
 4347 0e95 00       		.byte	0
 4348 0e96 00       		.byte	0
 4349 0e97 08       		.uleb128 0x8
 4350 0e98 1E000000 		.4byte	.LVL152
 4351 0e9c B11C0000 		.4byte	0x1cb1
 4352 0ea0 AC0E0000 		.4byte	0xeac
 4353 0ea4 01       		.uleb128 0x1
 4354 0ea5 01       		.uleb128 0x1
 4355 0ea6 50       		.byte	0x50
 4356 0ea7 03       		.uleb128 0x3
 4357 0ea8 74       		.byte	0x74
 4358 0ea9 FA00     		.sleb128 122
 4359 0eab 00       		.byte	0
 4360 0eac 08       		.uleb128 0x8
 4361 0ead 4A000000 		.4byte	.LVL156
 4362 0eb1 13170000 		.4byte	0x1713
 4363 0eb5 CF0E0000 		.4byte	0xecf
 4364 0eb9 01       		.uleb128 0x1
 4365 0eba 01       		.uleb128 0x1
 4366 0ebb 50       		.byte	0x50
 4367 0ebc 02       		.uleb128 0x2
 4368 0ebd 74       		.byte	0x74
 4369 0ebe 00       		.sleb128 0
 4370 0ebf 01       		.uleb128 0x1
 4371 0ec0 01       		.uleb128 0x1
 4372 0ec1 51       		.byte	0x51
 4373 0ec2 01       		.uleb128 0x1
 4374 0ec3 30       		.byte	0x30
 4375 0ec4 01       		.uleb128 0x1
 4376 0ec5 01       		.uleb128 0x1
 4377 0ec6 52       		.byte	0x52
 4378 0ec7 01       		.uleb128 0x1
 4379 0ec8 30       		.byte	0x30
 4380 0ec9 01       		.uleb128 0x1
 4381 0eca 01       		.uleb128 0x1
 4382 0ecb 53       		.byte	0x53
 4383 0ecc 01       		.uleb128 0x1
 4384 0ecd 30       		.byte	0x30
 4385 0ece 00       		.byte	0
 4386 0ecf 08       		.uleb128 0x8
 4387 0ed0 64000000 		.4byte	.LVL161
 4388 0ed4 6F160000 		.4byte	0x166f
 4389 0ed8 F20E0000 		.4byte	0xef2
ARM GAS  /tmp/ccrvdhwe.s 			page 78


 4390 0edc 01       		.uleb128 0x1
 4391 0edd 01       		.uleb128 0x1
 4392 0ede 50       		.byte	0x50
 4393 0edf 02       		.uleb128 0x2
 4394 0ee0 74       		.byte	0x74
 4395 0ee1 00       		.sleb128 0
 4396 0ee2 01       		.uleb128 0x1
 4397 0ee3 01       		.uleb128 0x1
 4398 0ee4 51       		.byte	0x51
 4399 0ee5 01       		.uleb128 0x1
 4400 0ee6 30       		.byte	0x30
 4401 0ee7 01       		.uleb128 0x1
 4402 0ee8 01       		.uleb128 0x1
 4403 0ee9 52       		.byte	0x52
 4404 0eea 01       		.uleb128 0x1
 4405 0eeb 30       		.byte	0x30
 4406 0eec 01       		.uleb128 0x1
 4407 0eed 01       		.uleb128 0x1
 4408 0eee 53       		.byte	0x53
 4409 0eef 01       		.uleb128 0x1
 4410 0ef0 30       		.byte	0x30
 4411 0ef1 00       		.byte	0
 4412 0ef2 1B       		.uleb128 0x1b
 4413 0ef3 78000000 		.4byte	.LVL164
 4414 0ef7 020F0000 		.4byte	0xf02
 4415 0efb 01       		.uleb128 0x1
 4416 0efc 01       		.uleb128 0x1
 4417 0efd 50       		.byte	0x50
 4418 0efe 02       		.uleb128 0x2
 4419 0eff 74       		.byte	0x74
 4420 0f00 00       		.sleb128 0
 4421 0f01 00       		.byte	0
 4422 0f02 08       		.uleb128 0x8
 4423 0f03 86000000 		.4byte	.LVL167
 4424 0f07 A8090000 		.4byte	0x9a8
 4425 0f0b 150F0000 		.4byte	0xf15
 4426 0f0f 01       		.uleb128 0x1
 4427 0f10 01       		.uleb128 0x1
 4428 0f11 51       		.byte	0x51
 4429 0f12 01       		.uleb128 0x1
 4430 0f13 30       		.byte	0x30
 4431 0f14 00       		.byte	0
 4432 0f15 08       		.uleb128 0x8
 4433 0f16 8E000000 		.4byte	.LVL168
 4434 0f1a BE090000 		.4byte	0x9be
 4435 0f1e 2E0F0000 		.4byte	0xf2e
 4436 0f22 01       		.uleb128 0x1
 4437 0f23 01       		.uleb128 0x1
 4438 0f24 50       		.byte	0x50
 4439 0f25 02       		.uleb128 0x2
 4440 0f26 74       		.byte	0x74
 4441 0f27 00       		.sleb128 0
 4442 0f28 01       		.uleb128 0x1
 4443 0f29 01       		.uleb128 0x1
 4444 0f2a 51       		.byte	0x51
 4445 0f2b 01       		.uleb128 0x1
 4446 0f2c 30       		.byte	0x30
ARM GAS  /tmp/ccrvdhwe.s 			page 79


 4447 0f2d 00       		.byte	0
 4448 0f2e 1A       		.uleb128 0x1a
 4449 0f2f 9A000000 		.4byte	.LVL169
 4450 0f33 01       		.uleb128 0x1
 4451 0f34 01       		.uleb128 0x1
 4452 0f35 50       		.byte	0x50
 4453 0f36 02       		.uleb128 0x2
 4454 0f37 74       		.byte	0x74
 4455 0f38 00       		.sleb128 0
 4456 0f39 01       		.uleb128 0x1
 4457 0f3a 01       		.uleb128 0x1
 4458 0f3b 51       		.byte	0x51
 4459 0f3c 01       		.uleb128 0x1
 4460 0f3d 35       		.byte	0x35
 4461 0f3e 00       		.byte	0
 4462 0f3f 00       		.byte	0
 4463 0f40 15       		.uleb128 0x15
 4464 0f41 88000000 		.4byte	0x88
 4465 0f45 500F0000 		.4byte	0xf50
 4466 0f49 16       		.uleb128 0x16
 4467 0f4a 2D000000 		.4byte	0x2d
 4468 0f4e 0A       		.byte	0xa
 4469 0f4f 00       		.byte	0
 4470 0f50 0F       		.uleb128 0xf
 4471 0f51 400F0000 		.4byte	0xf40
 4472 0f55 11       		.uleb128 0x11
 4473 0f56 EE030000 		.4byte	.LASF151
 4474 0f5a DE02     		.2byte	0x2de
 4475 0f5c 00000000 		.4byte	.LFB249
 4476 0f60 F6000000 		.4byte	.LFE249-.LFB249
 4477 0f64 01       		.uleb128 0x1
 4478 0f65 9C       		.byte	0x9c
 4479 0f66 BA140000 		.4byte	0x14ba
 4480 0f6a 0D       		.uleb128 0xd
 4481 0f6b E9030000 		.4byte	.LASF147
 4482 0f6f DE02     		.2byte	0x2de
 4483 0f71 1F       		.byte	0x1f
 4484 0f72 5F060000 		.4byte	0x65f
 4485 0f76 6F010000 		.4byte	.LLST38
 4486 0f7a 6B010000 		.4byte	.LVUS38
 4487 0f7e 13       		.uleb128 0x13
 4488 0f7f 657000   		.ascii	"ep\000"
 4489 0f82 DE02     		.2byte	0x2de
 4490 0f84 2D       		.byte	0x2d
 4491 0f85 15050000 		.4byte	0x515
 4492 0f89 84010000 		.4byte	.LLST39
 4493 0f8d 80010000 		.4byte	.LVUS39
 4494 0f91 18       		.uleb128 0x18
 4495 0f92 6D617800 		.ascii	"max\000"
 4496 0f96 DF02     		.2byte	0x2df
 4497 0f98 0A       		.byte	0xa
 4498 0f99 42000000 		.4byte	0x42
 4499 0f9d A6010000 		.4byte	.LLST40
 4500 0fa1 9E010000 		.4byte	.LVUS40
 4501 0fa5 0A       		.uleb128 0xa
 4502 0fa6 FF1C0000 		.4byte	0x1cff
 4503 0faa 54000000 		.4byte	.LBI204
ARM GAS  /tmp/ccrvdhwe.s 			page 80


 4504 0fae 01       		.byte	.LVU543
 4505 0faf 54000000 		.4byte	.LBB204
 4506 0fb3 06000000 		.4byte	.LBE204-.LBB204
 4507 0fb7 2303     		.2byte	0x323
 4508 0fb9 07       		.byte	0x7
 4509 0fba 24100000 		.4byte	0x1024
 4510 0fbe 02       		.uleb128 0x2
 4511 0fbf 1F1D0000 		.4byte	0x1d1f
 4512 0fc3 54000000 		.4byte	.LBI205
 4513 0fc7 03       		.byte	.LVU545
 4514 0fc8 54000000 		.4byte	.LBB205
 4515 0fcc 06000000 		.4byte	.LBE205-.LBB205
 4516 0fd0 02       		.byte	0x2
 4517 0fd1 0302     		.2byte	0x203
 4518 0fd3 02       		.uleb128 0x2
 4519 0fd4 4F1D0000 		.4byte	0x1d4f
 4520 0fd8 54000000 		.4byte	.LBI206
 4521 0fdc 05       		.byte	.LVU547
 4522 0fdd 54000000 		.4byte	.LBB206
 4523 0fe1 06000000 		.4byte	.LBE206-.LBB206
 4524 0fe5 03       		.byte	0x3
 4525 0fe6 A001     		.2byte	0x1a0
 4526 0fe8 02       		.uleb128 0x2
 4527 0fe9 5F1D0000 		.4byte	0x1d5f
 4528 0fed 54000000 		.4byte	.LBI207
 4529 0ff1 07       		.byte	.LVU549
 4530 0ff2 54000000 		.4byte	.LBB207
 4531 0ff6 06000000 		.4byte	.LBE207-.LBB207
 4532 0ffa 04       		.byte	0x4
 4533 0ffb 8502     		.2byte	0x285
 4534 0ffd 02       		.uleb128 0x2
 4535 0ffe 671D0000 		.4byte	0x1d67
 4536 1002 54000000 		.4byte	.LBI208
 4537 1006 09       		.byte	.LVU551
 4538 1007 54000000 		.4byte	.LBB208
 4539 100b 06000000 		.4byte	.LBE208-.LBB208
 4540 100f 04       		.byte	0x4
 4541 1010 6402     		.2byte	0x264
 4542 1012 0C       		.uleb128 0xc
 4543 1013 711D0000 		.4byte	0x1d71
 4544 1017 C5010000 		.4byte	.LLST41
 4545 101b C3010000 		.4byte	.LVUS41
 4546 101f 00       		.byte	0
 4547 1020 00       		.byte	0
 4548 1021 00       		.byte	0
 4549 1022 00       		.byte	0
 4550 1023 00       		.byte	0
 4551 1024 0A       		.uleb128 0xa
 4552 1025 F71C0000 		.4byte	0x1cf7
 4553 1029 66000000 		.4byte	.LBI210
 4554 102d 01       		.byte	.LVU559
 4555 102e 66000000 		.4byte	.LBB210
 4556 1032 08000000 		.4byte	.LBE210-.LBB210
 4557 1036 2503     		.2byte	0x325
 4558 1038 07       		.byte	0x7
 4559 1039 A3100000 		.4byte	0x10a3
 4560 103d 02       		.uleb128 0x2
ARM GAS  /tmp/ccrvdhwe.s 			page 81


 4561 103e 171D0000 		.4byte	0x1d17
 4562 1042 66000000 		.4byte	.LBI212
 4563 1046 03       		.byte	.LVU561
 4564 1047 66000000 		.4byte	.LBB212
 4565 104b 06000000 		.4byte	.LBE212-.LBB212
 4566 104f 02       		.byte	0x2
 4567 1050 0E02     		.2byte	0x20e
 4568 1052 02       		.uleb128 0x2
 4569 1053 471D0000 		.4byte	0x1d47
 4570 1057 66000000 		.4byte	.LBI213
 4571 105b 07       		.byte	.LVU565
 4572 105c 66000000 		.4byte	.LBB213
 4573 1060 06000000 		.4byte	.LBE213-.LBB213
 4574 1064 03       		.byte	0x3
 4575 1065 B601     		.2byte	0x1b6
 4576 1067 02       		.uleb128 0x2
 4577 1068 571D0000 		.4byte	0x1d57
 4578 106c 66000000 		.4byte	.LBI214
 4579 1070 09       		.byte	.LVU567
 4580 1071 66000000 		.4byte	.LBB214
 4581 1075 06000000 		.4byte	.LBE214-.LBB214
 4582 1079 04       		.byte	0x4
 4583 107a 9002     		.2byte	0x290
 4584 107c 02       		.uleb128 0x2
 4585 107d 671D0000 		.4byte	0x1d67
 4586 1081 66000000 		.4byte	.LBI215
 4587 1085 0B       		.byte	.LVU569
 4588 1086 66000000 		.4byte	.LBB215
 4589 108a 06000000 		.4byte	.LBE215-.LBB215
 4590 108e 04       		.byte	0x4
 4591 108f 7702     		.2byte	0x277
 4592 1091 0C       		.uleb128 0xc
 4593 1092 711D0000 		.4byte	0x1d71
 4594 1096 D2010000 		.4byte	.LLST42
 4595 109a D0010000 		.4byte	.LVUS42
 4596 109e 00       		.byte	0
 4597 109f 00       		.byte	0
 4598 10a0 00       		.byte	0
 4599 10a1 00       		.byte	0
 4600 10a2 00       		.byte	0
 4601 10a3 0A       		.uleb128 0xa
 4602 10a4 FF1C0000 		.4byte	0x1cff
 4603 10a8 9C000000 		.4byte	.LBI217
 4604 10ac 01       		.byte	.LVU589
 4605 10ad 9C000000 		.4byte	.LBB217
 4606 10b1 06000000 		.4byte	.LBE217-.LBB217
 4607 10b5 0D03     		.2byte	0x30d
 4608 10b7 07       		.byte	0x7
 4609 10b8 22110000 		.4byte	0x1122
 4610 10bc 02       		.uleb128 0x2
 4611 10bd 1F1D0000 		.4byte	0x1d1f
 4612 10c1 9C000000 		.4byte	.LBI218
 4613 10c5 03       		.byte	.LVU591
 4614 10c6 9C000000 		.4byte	.LBB218
 4615 10ca 06000000 		.4byte	.LBE218-.LBB218
 4616 10ce 02       		.byte	0x2
 4617 10cf 0302     		.2byte	0x203
ARM GAS  /tmp/ccrvdhwe.s 			page 82


 4618 10d1 02       		.uleb128 0x2
 4619 10d2 4F1D0000 		.4byte	0x1d4f
 4620 10d6 9C000000 		.4byte	.LBI219
 4621 10da 05       		.byte	.LVU593
 4622 10db 9C000000 		.4byte	.LBB219
 4623 10df 06000000 		.4byte	.LBE219-.LBB219
 4624 10e3 03       		.byte	0x3
 4625 10e4 A001     		.2byte	0x1a0
 4626 10e6 02       		.uleb128 0x2
 4627 10e7 5F1D0000 		.4byte	0x1d5f
 4628 10eb 9C000000 		.4byte	.LBI220
 4629 10ef 07       		.byte	.LVU595
 4630 10f0 9C000000 		.4byte	.LBB220
 4631 10f4 06000000 		.4byte	.LBE220-.LBB220
 4632 10f8 04       		.byte	0x4
 4633 10f9 8502     		.2byte	0x285
 4634 10fb 02       		.uleb128 0x2
 4635 10fc 671D0000 		.4byte	0x1d67
 4636 1100 9C000000 		.4byte	.LBI221
 4637 1104 09       		.byte	.LVU597
 4638 1105 9C000000 		.4byte	.LBB221
 4639 1109 06000000 		.4byte	.LBE221-.LBB221
 4640 110d 04       		.byte	0x4
 4641 110e 6402     		.2byte	0x264
 4642 1110 0C       		.uleb128 0xc
 4643 1111 711D0000 		.4byte	0x1d71
 4644 1115 DE010000 		.4byte	.LLST43
 4645 1119 DC010000 		.4byte	.LVUS43
 4646 111d 00       		.byte	0
 4647 111e 00       		.byte	0
 4648 111f 00       		.byte	0
 4649 1120 00       		.byte	0
 4650 1121 00       		.byte	0
 4651 1122 0A       		.uleb128 0xa
 4652 1123 F71C0000 		.4byte	0x1cf7
 4653 1127 AE000000 		.4byte	.LBI223
 4654 112b 01       		.byte	.LVU605
 4655 112c AE000000 		.4byte	.LBB223
 4656 1130 08000000 		.4byte	.LBE223-.LBB223
 4657 1134 0F03     		.2byte	0x30f
 4658 1136 07       		.byte	0x7
 4659 1137 A1110000 		.4byte	0x11a1
 4660 113b 02       		.uleb128 0x2
 4661 113c 171D0000 		.4byte	0x1d17
 4662 1140 AE000000 		.4byte	.LBI225
 4663 1144 03       		.byte	.LVU607
 4664 1145 AE000000 		.4byte	.LBB225
 4665 1149 06000000 		.4byte	.LBE225-.LBB225
 4666 114d 02       		.byte	0x2
 4667 114e 0E02     		.2byte	0x20e
 4668 1150 02       		.uleb128 0x2
 4669 1151 471D0000 		.4byte	0x1d47
 4670 1155 AE000000 		.4byte	.LBI226
 4671 1159 07       		.byte	.LVU611
 4672 115a AE000000 		.4byte	.LBB226
 4673 115e 06000000 		.4byte	.LBE226-.LBB226
 4674 1162 03       		.byte	0x3
ARM GAS  /tmp/ccrvdhwe.s 			page 83


 4675 1163 B601     		.2byte	0x1b6
 4676 1165 02       		.uleb128 0x2
 4677 1166 571D0000 		.4byte	0x1d57
 4678 116a AE000000 		.4byte	.LBI227
 4679 116e 09       		.byte	.LVU613
 4680 116f AE000000 		.4byte	.LBB227
 4681 1173 06000000 		.4byte	.LBE227-.LBB227
 4682 1177 04       		.byte	0x4
 4683 1178 9002     		.2byte	0x290
 4684 117a 02       		.uleb128 0x2
 4685 117b 671D0000 		.4byte	0x1d67
 4686 117f AE000000 		.4byte	.LBI228
 4687 1183 0B       		.byte	.LVU615
 4688 1184 AE000000 		.4byte	.LBB228
 4689 1188 06000000 		.4byte	.LBE228-.LBB228
 4690 118c 04       		.byte	0x4
 4691 118d 7702     		.2byte	0x277
 4692 118f 0C       		.uleb128 0xc
 4693 1190 711D0000 		.4byte	0x1d71
 4694 1194 EB010000 		.4byte	.LLST44
 4695 1198 E9010000 		.4byte	.LVUS44
 4696 119c 00       		.byte	0
 4697 119d 00       		.byte	0
 4698 119e 00       		.byte	0
 4699 119f 00       		.byte	0
 4700 11a0 00       		.byte	0
 4701 11a1 0A       		.uleb128 0xa
 4702 11a2 FF1C0000 		.4byte	0x1cff
 4703 11a6 BC000000 		.4byte	.LBI230
 4704 11aa 01       		.byte	.LVU623
 4705 11ab BC000000 		.4byte	.LBB230
 4706 11af 06000000 		.4byte	.LBE230-.LBB230
 4707 11b3 1603     		.2byte	0x316
 4708 11b5 07       		.byte	0x7
 4709 11b6 20120000 		.4byte	0x1220
 4710 11ba 02       		.uleb128 0x2
 4711 11bb 1F1D0000 		.4byte	0x1d1f
 4712 11bf BC000000 		.4byte	.LBI231
 4713 11c3 03       		.byte	.LVU625
 4714 11c4 BC000000 		.4byte	.LBB231
 4715 11c8 06000000 		.4byte	.LBE231-.LBB231
 4716 11cc 02       		.byte	0x2
 4717 11cd 0302     		.2byte	0x203
 4718 11cf 02       		.uleb128 0x2
 4719 11d0 4F1D0000 		.4byte	0x1d4f
 4720 11d4 BC000000 		.4byte	.LBI232
 4721 11d8 05       		.byte	.LVU627
 4722 11d9 BC000000 		.4byte	.LBB232
 4723 11dd 06000000 		.4byte	.LBE232-.LBB232
 4724 11e1 03       		.byte	0x3
 4725 11e2 A001     		.2byte	0x1a0
 4726 11e4 02       		.uleb128 0x2
 4727 11e5 5F1D0000 		.4byte	0x1d5f
 4728 11e9 BC000000 		.4byte	.LBI233
 4729 11ed 07       		.byte	.LVU629
 4730 11ee BC000000 		.4byte	.LBB233
 4731 11f2 06000000 		.4byte	.LBE233-.LBB233
ARM GAS  /tmp/ccrvdhwe.s 			page 84


 4732 11f6 04       		.byte	0x4
 4733 11f7 8502     		.2byte	0x285
 4734 11f9 02       		.uleb128 0x2
 4735 11fa 671D0000 		.4byte	0x1d67
 4736 11fe BC000000 		.4byte	.LBI234
 4737 1202 09       		.byte	.LVU631
 4738 1203 BC000000 		.4byte	.LBB234
 4739 1207 06000000 		.4byte	.LBE234-.LBB234
 4740 120b 04       		.byte	0x4
 4741 120c 6402     		.2byte	0x264
 4742 120e 0C       		.uleb128 0xc
 4743 120f 711D0000 		.4byte	0x1d71
 4744 1213 F7010000 		.4byte	.LLST45
 4745 1217 F5010000 		.4byte	.LVUS45
 4746 121b 00       		.byte	0
 4747 121c 00       		.byte	0
 4748 121d 00       		.byte	0
 4749 121e 00       		.byte	0
 4750 121f 00       		.byte	0
 4751 1220 0A       		.uleb128 0xa
 4752 1221 F71C0000 		.4byte	0x1cf7
 4753 1225 CE000000 		.4byte	.LBI236
 4754 1229 01       		.byte	.LVU639
 4755 122a CE000000 		.4byte	.LBB236
 4756 122e 08000000 		.4byte	.LBE236-.LBB236
 4757 1232 1803     		.2byte	0x318
 4758 1234 07       		.byte	0x7
 4759 1235 9F120000 		.4byte	0x129f
 4760 1239 02       		.uleb128 0x2
 4761 123a 171D0000 		.4byte	0x1d17
 4762 123e CE000000 		.4byte	.LBI238
 4763 1242 03       		.byte	.LVU641
 4764 1243 CE000000 		.4byte	.LBB238
 4765 1247 06000000 		.4byte	.LBE238-.LBB238
 4766 124b 02       		.byte	0x2
 4767 124c 0E02     		.2byte	0x20e
 4768 124e 02       		.uleb128 0x2
 4769 124f 471D0000 		.4byte	0x1d47
 4770 1253 CE000000 		.4byte	.LBI239
 4771 1257 07       		.byte	.LVU645
 4772 1258 CE000000 		.4byte	.LBB239
 4773 125c 06000000 		.4byte	.LBE239-.LBB239
 4774 1260 03       		.byte	0x3
 4775 1261 B601     		.2byte	0x1b6
 4776 1263 02       		.uleb128 0x2
 4777 1264 571D0000 		.4byte	0x1d57
 4778 1268 CE000000 		.4byte	.LBI240
 4779 126c 09       		.byte	.LVU647
 4780 126d CE000000 		.4byte	.LBB240
 4781 1271 06000000 		.4byte	.LBE240-.LBB240
 4782 1275 04       		.byte	0x4
 4783 1276 9002     		.2byte	0x290
 4784 1278 02       		.uleb128 0x2
 4785 1279 671D0000 		.4byte	0x1d67
 4786 127d CE000000 		.4byte	.LBI241
 4787 1281 0B       		.byte	.LVU649
 4788 1282 CE000000 		.4byte	.LBB241
ARM GAS  /tmp/ccrvdhwe.s 			page 85


 4789 1286 06000000 		.4byte	.LBE241-.LBB241
 4790 128a 04       		.byte	0x4
 4791 128b 7702     		.2byte	0x277
 4792 128d 0C       		.uleb128 0xc
 4793 128e 711D0000 		.4byte	0x1d71
 4794 1292 04020000 		.4byte	.LLST46
 4795 1296 02020000 		.4byte	.LVUS46
 4796 129a 00       		.byte	0
 4797 129b 00       		.byte	0
 4798 129c 00       		.byte	0
 4799 129d 00       		.byte	0
 4800 129e 00       		.byte	0
 4801 129f 0A       		.uleb128 0xa
 4802 12a0 FF1C0000 		.4byte	0x1cff
 4803 12a4 DC000000 		.4byte	.LBI243
 4804 12a8 01       		.byte	.LVU657
 4805 12a9 DC000000 		.4byte	.LBB243
 4806 12ad 06000000 		.4byte	.LBE243-.LBB243
 4807 12b1 2C03     		.2byte	0x32c
 4808 12b3 07       		.byte	0x7
 4809 12b4 1E130000 		.4byte	0x131e
 4810 12b8 02       		.uleb128 0x2
 4811 12b9 1F1D0000 		.4byte	0x1d1f
 4812 12bd DC000000 		.4byte	.LBI244
 4813 12c1 03       		.byte	.LVU659
 4814 12c2 DC000000 		.4byte	.LBB244
 4815 12c6 06000000 		.4byte	.LBE244-.LBB244
 4816 12ca 02       		.byte	0x2
 4817 12cb 0302     		.2byte	0x203
 4818 12cd 02       		.uleb128 0x2
 4819 12ce 4F1D0000 		.4byte	0x1d4f
 4820 12d2 DC000000 		.4byte	.LBI245
 4821 12d6 05       		.byte	.LVU661
 4822 12d7 DC000000 		.4byte	.LBB245
 4823 12db 06000000 		.4byte	.LBE245-.LBB245
 4824 12df 03       		.byte	0x3
 4825 12e0 A001     		.2byte	0x1a0
 4826 12e2 02       		.uleb128 0x2
 4827 12e3 5F1D0000 		.4byte	0x1d5f
 4828 12e7 DC000000 		.4byte	.LBI246
 4829 12eb 07       		.byte	.LVU663
 4830 12ec DC000000 		.4byte	.LBB246
 4831 12f0 06000000 		.4byte	.LBE246-.LBB246
 4832 12f4 04       		.byte	0x4
 4833 12f5 8502     		.2byte	0x285
 4834 12f7 02       		.uleb128 0x2
 4835 12f8 671D0000 		.4byte	0x1d67
 4836 12fc DC000000 		.4byte	.LBI247
 4837 1300 09       		.byte	.LVU665
 4838 1301 DC000000 		.4byte	.LBB247
 4839 1305 06000000 		.4byte	.LBE247-.LBB247
 4840 1309 04       		.byte	0x4
 4841 130a 6402     		.2byte	0x264
 4842 130c 0C       		.uleb128 0xc
 4843 130d 711D0000 		.4byte	0x1d71
 4844 1311 10020000 		.4byte	.LLST47
 4845 1315 0E020000 		.4byte	.LVUS47
ARM GAS  /tmp/ccrvdhwe.s 			page 86


 4846 1319 00       		.byte	0
 4847 131a 00       		.byte	0
 4848 131b 00       		.byte	0
 4849 131c 00       		.byte	0
 4850 131d 00       		.byte	0
 4851 131e 0A       		.uleb128 0xa
 4852 131f F71C0000 		.4byte	0x1cf7
 4853 1323 EE000000 		.4byte	.LBI249
 4854 1327 01       		.byte	.LVU673
 4855 1328 EE000000 		.4byte	.LBB249
 4856 132c 08000000 		.4byte	.LBE249-.LBB249
 4857 1330 2E03     		.2byte	0x32e
 4858 1332 07       		.byte	0x7
 4859 1333 9D130000 		.4byte	0x139d
 4860 1337 02       		.uleb128 0x2
 4861 1338 171D0000 		.4byte	0x1d17
 4862 133c EE000000 		.4byte	.LBI251
 4863 1340 03       		.byte	.LVU675
 4864 1341 EE000000 		.4byte	.LBB251
 4865 1345 06000000 		.4byte	.LBE251-.LBB251
 4866 1349 02       		.byte	0x2
 4867 134a 0E02     		.2byte	0x20e
 4868 134c 02       		.uleb128 0x2
 4869 134d 471D0000 		.4byte	0x1d47
 4870 1351 EE000000 		.4byte	.LBI252
 4871 1355 07       		.byte	.LVU679
 4872 1356 EE000000 		.4byte	.LBB252
 4873 135a 06000000 		.4byte	.LBE252-.LBB252
 4874 135e 03       		.byte	0x3
 4875 135f B601     		.2byte	0x1b6
 4876 1361 02       		.uleb128 0x2
 4877 1362 571D0000 		.4byte	0x1d57
 4878 1366 EE000000 		.4byte	.LBI253
 4879 136a 09       		.byte	.LVU681
 4880 136b EE000000 		.4byte	.LBB253
 4881 136f 06000000 		.4byte	.LBE253-.LBB253
 4882 1373 04       		.byte	0x4
 4883 1374 9002     		.2byte	0x290
 4884 1376 02       		.uleb128 0x2
 4885 1377 671D0000 		.4byte	0x1d67
 4886 137b EE000000 		.4byte	.LBI254
 4887 137f 0B       		.byte	.LVU683
 4888 1380 EE000000 		.4byte	.LBB254
 4889 1384 06000000 		.4byte	.LBE254-.LBB254
 4890 1388 04       		.byte	0x4
 4891 1389 7702     		.2byte	0x277
 4892 138b 0C       		.uleb128 0xc
 4893 138c 711D0000 		.4byte	0x1d71
 4894 1390 1D020000 		.4byte	.LLST48
 4895 1394 1B020000 		.4byte	.LVUS48
 4896 1398 00       		.byte	0
 4897 1399 00       		.byte	0
 4898 139a 00       		.byte	0
 4899 139b 00       		.byte	0
 4900 139c 00       		.byte	0
 4901 139d 08       		.uleb128 0x8
 4902 139e 12000000 		.4byte	.LVL119
ARM GAS  /tmp/ccrvdhwe.s 			page 87


 4903 13a2 7C090000 		.4byte	0x97c
 4904 13a6 C5130000 		.4byte	0x13c5
 4905 13aa 01       		.uleb128 0x1
 4906 13ab 01       		.uleb128 0x1
 4907 13ac 50       		.byte	0x50
 4908 13ad 02       		.uleb128 0x2
 4909 13ae 74       		.byte	0x74
 4910 13af 00       		.sleb128 0
 4911 13b0 01       		.uleb128 0x1
 4912 13b1 01       		.uleb128 0x1
 4913 13b2 51       		.byte	0x51
 4914 13b3 09       		.uleb128 0x9
 4915 13b4 A3       		.byte	0xa3
 4916 13b5 03       		.uleb128 0x3
 4917 13b6 A5       		.byte	0xa5
 4918 13b7 01       		.uleb128 0x1
 4919 13b8 26       		.uleb128 0x26
 4920 13b9 A8       		.byte	0xa8
 4921 13ba 34       		.uleb128 0x34
 4922 13bb A8       		.byte	0xa8
 4923 13bc 00       		.uleb128 0
 4924 13bd 01       		.uleb128 0x1
 4925 13be 01       		.uleb128 0x1
 4926 13bf 52       		.byte	0x52
 4927 13c0 03       		.uleb128 0x3
 4928 13c1 74       		.byte	0x74
 4929 13c2 F400     		.sleb128 116
 4930 13c4 00       		.byte	0
 4931 13c5 1B       		.uleb128 0x1b
 4932 13c6 1C000000 		.4byte	.LVL120
 4933 13ca D5130000 		.4byte	0x13d5
 4934 13ce 01       		.uleb128 0x1
 4935 13cf 01       		.uleb128 0x1
 4936 13d0 50       		.byte	0x50
 4937 13d1 02       		.uleb128 0x2
 4938 13d2 74       		.byte	0x74
 4939 13d3 00       		.sleb128 0
 4940 13d4 00       		.byte	0
 4941 13d5 08       		.uleb128 0x8
 4942 13d6 2E000000 		.4byte	.LVL121
 4943 13da 831B0000 		.4byte	0x1b83
 4944 13de E9130000 		.4byte	0x13e9
 4945 13e2 01       		.uleb128 0x1
 4946 13e3 01       		.uleb128 0x1
 4947 13e4 50       		.byte	0x50
 4948 13e5 02       		.uleb128 0x2
 4949 13e6 74       		.byte	0x74
 4950 13e7 00       		.sleb128 0
 4951 13e8 00       		.byte	0
 4952 13e9 08       		.uleb128 0x8
 4953 13ea 38000000 		.4byte	.LVL122
 4954 13ee B11C0000 		.4byte	0x1cb1
 4955 13f2 FE130000 		.4byte	0x13fe
 4956 13f6 01       		.uleb128 0x1
 4957 13f7 01       		.uleb128 0x1
 4958 13f8 50       		.byte	0x50
 4959 13f9 03       		.uleb128 0x3
ARM GAS  /tmp/ccrvdhwe.s 			page 88


 4960 13fa 74       		.byte	0x74
 4961 13fb FA00     		.sleb128 122
 4962 13fd 00       		.byte	0
 4963 13fe 08       		.uleb128 0x8
 4964 13ff 66000000 		.4byte	.LVL126
 4965 1403 13170000 		.4byte	0x1713
 4966 1407 17140000 		.4byte	0x1417
 4967 140b 01       		.uleb128 0x1
 4968 140c 01       		.uleb128 0x1
 4969 140d 50       		.byte	0x50
 4970 140e 02       		.uleb128 0x2
 4971 140f 74       		.byte	0x74
 4972 1410 00       		.sleb128 0
 4973 1411 01       		.uleb128 0x1
 4974 1412 01       		.uleb128 0x1
 4975 1413 51       		.byte	0x51
 4976 1414 01       		.uleb128 0x1
 4977 1415 30       		.byte	0x30
 4978 1416 00       		.byte	0
 4979 1417 08       		.uleb128 0x8
 4980 1418 76000000 		.4byte	.LVL129
 4981 141c A8090000 		.4byte	0x9a8
 4982 1420 30140000 		.4byte	0x1430
 4983 1424 01       		.uleb128 0x1
 4984 1425 01       		.uleb128 0x1
 4985 1426 50       		.byte	0x50
 4986 1427 02       		.uleb128 0x2
 4987 1428 74       		.byte	0x74
 4988 1429 00       		.sleb128 0
 4989 142a 01       		.uleb128 0x1
 4990 142b 01       		.uleb128 0x1
 4991 142c 51       		.byte	0x51
 4992 142d 01       		.uleb128 0x1
 4993 142e 30       		.byte	0x30
 4994 142f 00       		.byte	0
 4995 1430 08       		.uleb128 0x8
 4996 1431 7E000000 		.4byte	.LVL130
 4997 1435 BE090000 		.4byte	0x9be
 4998 1439 49140000 		.4byte	0x1449
 4999 143d 01       		.uleb128 0x1
 5000 143e 01       		.uleb128 0x1
 5001 143f 50       		.byte	0x50
 5002 1440 02       		.uleb128 0x2
 5003 1441 74       		.byte	0x74
 5004 1442 00       		.sleb128 0
 5005 1443 01       		.uleb128 0x1
 5006 1444 01       		.uleb128 0x1
 5007 1445 51       		.byte	0x51
 5008 1446 01       		.uleb128 0x1
 5009 1447 30       		.byte	0x30
 5010 1448 00       		.byte	0
 5011 1449 1B       		.uleb128 0x1b
 5012 144a 8A000000 		.4byte	.LVL131
 5013 144e 5E140000 		.4byte	0x145e
 5014 1452 01       		.uleb128 0x1
 5015 1453 01       		.uleb128 0x1
 5016 1454 50       		.byte	0x50
ARM GAS  /tmp/ccrvdhwe.s 			page 89


 5017 1455 02       		.uleb128 0x2
 5018 1456 74       		.byte	0x74
 5019 1457 00       		.sleb128 0
 5020 1458 01       		.uleb128 0x1
 5021 1459 01       		.uleb128 0x1
 5022 145a 51       		.byte	0x51
 5023 145b 01       		.uleb128 0x1
 5024 145c 35       		.byte	0x35
 5025 145d 00       		.byte	0
 5026 145e 08       		.uleb128 0x8
 5027 145f AE000000 		.4byte	.LVL136
 5028 1463 6F160000 		.4byte	0x166f
 5029 1467 77140000 		.4byte	0x1477
 5030 146b 01       		.uleb128 0x1
 5031 146c 01       		.uleb128 0x1
 5032 146d 50       		.byte	0x50
 5033 146e 02       		.uleb128 0x2
 5034 146f 74       		.byte	0x74
 5035 1470 00       		.sleb128 0
 5036 1471 01       		.uleb128 0x1
 5037 1472 01       		.uleb128 0x1
 5038 1473 51       		.byte	0x51
 5039 1474 01       		.uleb128 0x1
 5040 1475 30       		.byte	0x30
 5041 1476 00       		.byte	0
 5042 1477 08       		.uleb128 0x8
 5043 1478 CE000000 		.4byte	.LVL142
 5044 147c 13170000 		.4byte	0x1713
 5045 1480 9A140000 		.4byte	0x149a
 5046 1484 01       		.uleb128 0x1
 5047 1485 01       		.uleb128 0x1
 5048 1486 50       		.byte	0x50
 5049 1487 02       		.uleb128 0x2
 5050 1488 74       		.byte	0x74
 5051 1489 00       		.sleb128 0
 5052 148a 01       		.uleb128 0x1
 5053 148b 01       		.uleb128 0x1
 5054 148c 51       		.byte	0x51
 5055 148d 01       		.uleb128 0x1
 5056 148e 30       		.byte	0x30
 5057 148f 01       		.uleb128 0x1
 5058 1490 01       		.uleb128 0x1
 5059 1491 52       		.byte	0x52
 5060 1492 01       		.uleb128 0x1
 5061 1493 30       		.byte	0x30
 5062 1494 01       		.uleb128 0x1
 5063 1495 01       		.uleb128 0x1
 5064 1496 53       		.byte	0x53
 5065 1497 01       		.uleb128 0x1
 5066 1498 30       		.byte	0x30
 5067 1499 00       		.byte	0
 5068 149a 1C       		.uleb128 0x1c
 5069 149b EE000000 		.4byte	.LVL148
 5070 149f 6F160000 		.4byte	0x166f
 5071 14a3 01       		.uleb128 0x1
 5072 14a4 01       		.uleb128 0x1
 5073 14a5 50       		.byte	0x50
ARM GAS  /tmp/ccrvdhwe.s 			page 90


 5074 14a6 02       		.uleb128 0x2
 5075 14a7 74       		.byte	0x74
 5076 14a8 00       		.sleb128 0
 5077 14a9 01       		.uleb128 0x1
 5078 14aa 01       		.uleb128 0x1
 5079 14ab 51       		.byte	0x51
 5080 14ac 01       		.uleb128 0x1
 5081 14ad 30       		.byte	0x30
 5082 14ae 01       		.uleb128 0x1
 5083 14af 01       		.uleb128 0x1
 5084 14b0 52       		.byte	0x52
 5085 14b1 01       		.uleb128 0x1
 5086 14b2 30       		.byte	0x30
 5087 14b3 01       		.uleb128 0x1
 5088 14b4 01       		.uleb128 0x1
 5089 14b5 53       		.byte	0x53
 5090 14b6 01       		.uleb128 0x1
 5091 14b7 30       		.byte	0x30
 5092 14b8 00       		.byte	0
 5093 14b9 00       		.byte	0
 5094 14ba 11       		.uleb128 0x11
 5095 14bb 13010000 		.4byte	.LASF152
 5096 14bf CB02     		.2byte	0x2cb
 5097 14c1 00000000 		.4byte	.LFB248
 5098 14c5 12000000 		.4byte	.LFE248-.LFB248
 5099 14c9 01       		.uleb128 0x1
 5100 14ca 9C       		.byte	0x9c
 5101 14cb FC140000 		.4byte	0x14fc
 5102 14cf 0D       		.uleb128 0xd
 5103 14d0 E9030000 		.4byte	.LASF147
 5104 14d4 CB02     		.2byte	0x2cb
 5105 14d6 1D       		.byte	0x1d
 5106 14d7 5F060000 		.4byte	0x65f
 5107 14db 2B020000 		.4byte	.LLST37
 5108 14df 27020000 		.4byte	.LVUS37
 5109 14e3 1A       		.uleb128 0x1a
 5110 14e4 10000000 		.4byte	.LVL117
 5111 14e8 01       		.uleb128 0x1
 5112 14e9 01       		.uleb128 0x1
 5113 14ea 50       		.byte	0x50
 5114 14eb 09       		.uleb128 0x9
 5115 14ec A3       		.byte	0xa3
 5116 14ed 03       		.uleb128 0x3
 5117 14ee A5       		.byte	0xa5
 5118 14ef 00       		.uleb128 0
 5119 14f0 26       		.uleb128 0x26
 5120 14f1 A8       		.byte	0xa8
 5121 14f2 2D       		.uleb128 0x2d
 5122 14f3 A8       		.byte	0xa8
 5123 14f4 00       		.uleb128 0
 5124 14f5 01       		.uleb128 0x1
 5125 14f6 01       		.uleb128 0x1
 5126 14f7 51       		.byte	0x51
 5127 14f8 01       		.uleb128 0x1
 5128 14f9 34       		.byte	0x34
 5129 14fa 00       		.byte	0
 5130 14fb 00       		.byte	0
ARM GAS  /tmp/ccrvdhwe.s 			page 91


 5131 14fc 11       		.uleb128 0x11
 5132 14fd F8090000 		.4byte	.LASF153
 5133 1501 A502     		.2byte	0x2a5
 5134 1503 00000000 		.4byte	.LFB247
 5135 1507 12000000 		.4byte	.LFE247-.LFB247
 5136 150b 01       		.uleb128 0x1
 5137 150c 9C       		.byte	0x9c
 5138 150d 3E150000 		.4byte	0x153e
 5139 1511 0D       		.uleb128 0xd
 5140 1512 E9030000 		.4byte	.LASF147
 5141 1516 A502     		.2byte	0x2a5
 5142 1518 1E       		.byte	0x1e
 5143 1519 5F060000 		.4byte	0x65f
 5144 151d 48020000 		.4byte	.LLST36
 5145 1521 44020000 		.4byte	.LVUS36
 5146 1525 1A       		.uleb128 0x1a
 5147 1526 10000000 		.4byte	.LVL115
 5148 152a 01       		.uleb128 0x1
 5149 152b 01       		.uleb128 0x1
 5150 152c 50       		.byte	0x50
 5151 152d 09       		.uleb128 0x9
 5152 152e A3       		.byte	0xa3
 5153 152f 03       		.uleb128 0x3
 5154 1530 A5       		.byte	0xa5
 5155 1531 00       		.uleb128 0
 5156 1532 26       		.uleb128 0x26
 5157 1533 A8       		.byte	0xa8
 5158 1534 2D       		.uleb128 0x2d
 5159 1535 A8       		.byte	0xa8
 5160 1536 00       		.uleb128 0
 5161 1537 01       		.uleb128 0x1
 5162 1538 01       		.uleb128 0x1
 5163 1539 51       		.byte	0x51
 5164 153a 01       		.uleb128 0x1
 5165 153b 33       		.byte	0x33
 5166 153c 00       		.byte	0
 5167 153d 00       		.byte	0
 5168 153e 11       		.uleb128 0x11
 5169 153f 87050000 		.4byte	.LASF154
 5170 1543 7302     		.2byte	0x273
 5171 1545 00000000 		.4byte	.LFB246
 5172 1549 46000000 		.4byte	.LFE246-.LFB246
 5173 154d 01       		.uleb128 0x1
 5174 154e 9C       		.byte	0x9c
 5175 154f 9F150000 		.4byte	0x159f
 5176 1553 0D       		.uleb128 0xd
 5177 1554 E9030000 		.4byte	.LASF147
 5178 1558 7302     		.2byte	0x273
 5179 155a 1C       		.byte	0x1c
 5180 155b 5F060000 		.4byte	0x65f
 5181 155f 65020000 		.4byte	.LLST34
 5182 1563 61020000 		.4byte	.LVUS34
 5183 1567 18       		.uleb128 0x18
 5184 1568 6900     		.ascii	"i\000"
 5185 156a 7402     		.2byte	0x274
 5186 156c 0C       		.byte	0xc
 5187 156d 2D000000 		.4byte	0x2d
ARM GAS  /tmp/ccrvdhwe.s 			page 92


 5188 1571 79020000 		.4byte	.LLST35
 5189 1575 75020000 		.4byte	.LVUS35
 5190 1579 08       		.uleb128 0x8
 5191 157a 38000000 		.4byte	.LVL112
 5192 157e 97090000 		.4byte	0x997
 5193 1582 8D150000 		.4byte	0x158d
 5194 1586 01       		.uleb128 0x1
 5195 1587 01       		.uleb128 0x1
 5196 1588 50       		.byte	0x50
 5197 1589 02       		.uleb128 0x2
 5198 158a 74       		.byte	0x74
 5199 158b 00       		.sleb128 0
 5200 158c 00       		.byte	0
 5201 158d 1A       		.uleb128 0x1a
 5202 158e 44000000 		.4byte	.LVL113
 5203 1592 01       		.uleb128 0x1
 5204 1593 01       		.uleb128 0x1
 5205 1594 50       		.byte	0x50
 5206 1595 02       		.uleb128 0x2
 5207 1596 74       		.byte	0x74
 5208 1597 00       		.sleb128 0
 5209 1598 01       		.uleb128 0x1
 5210 1599 01       		.uleb128 0x1
 5211 159a 51       		.byte	0x51
 5212 159b 01       		.uleb128 0x1
 5213 159c 30       		.byte	0x30
 5214 159d 00       		.byte	0
 5215 159e 00       		.byte	0
 5216 159f 29       		.uleb128 0x29
 5217 15a0 54080000 		.4byte	.LASF155
 5218 15a4 5D02     		.2byte	0x25d
 5219 15a6 13040000 		.4byte	0x413
 5220 15aa 00000000 		.4byte	.LFB245
 5221 15ae 18000000 		.4byte	.LFE245-.LFB245
 5222 15b2 01       		.uleb128 0x1
 5223 15b3 9C       		.byte	0x9c
 5224 15b4 F2150000 		.4byte	0x15f2
 5225 15b8 0D       		.uleb128 0xd
 5226 15b9 E9030000 		.4byte	.LASF147
 5227 15bd 5D02     		.2byte	0x25d
 5228 15bf 23       		.byte	0x23
 5229 15c0 5F060000 		.4byte	0x65f
 5230 15c4 92020000 		.4byte	.LLST32
 5231 15c8 8A020000 		.4byte	.LVUS32
 5232 15cc 13       		.uleb128 0x13
 5233 15cd 657000   		.ascii	"ep\000"
 5234 15d0 5D02     		.2byte	0x25d
 5235 15d2 31       		.byte	0x31
 5236 15d3 15050000 		.4byte	0x515
 5237 15d7 C6020000 		.4byte	.LLST33
 5238 15db BE020000 		.4byte	.LVUS33
 5239 15df 17       		.uleb128 0x17
 5240 15e0 D0060000 		.4byte	.LASF150
 5241 15e4 02160000 		.4byte	0x1602
 5242 15e8 19       		.uleb128 0x19
 5243 15e9 14000000 		.4byte	.LVL105
 5244 15ed A8090000 		.4byte	0x9a8
ARM GAS  /tmp/ccrvdhwe.s 			page 93


 5245 15f1 00       		.byte	0
 5246 15f2 15       		.uleb128 0x15
 5247 15f3 88000000 		.4byte	0x88
 5248 15f7 02160000 		.4byte	0x1602
 5249 15fb 16       		.uleb128 0x16
 5250 15fc 2D000000 		.4byte	0x2d
 5251 1600 11       		.byte	0x11
 5252 1601 00       		.byte	0
 5253 1602 0F       		.uleb128 0xf
 5254 1603 F2150000 		.4byte	0x15f2
 5255 1607 29       		.uleb128 0x29
 5256 1608 40020000 		.4byte	.LASF156
 5257 160c 4402     		.2byte	0x244
 5258 160e 13040000 		.4byte	0x413
 5259 1612 00000000 		.4byte	.LFB244
 5260 1616 18000000 		.4byte	.LFE244-.LFB244
 5261 161a 01       		.uleb128 0x1
 5262 161b 9C       		.byte	0x9c
 5263 161c 5A160000 		.4byte	0x165a
 5264 1620 0D       		.uleb128 0xd
 5265 1621 E9030000 		.4byte	.LASF147
 5266 1625 4402     		.2byte	0x244
 5267 1627 22       		.byte	0x22
 5268 1628 5F060000 		.4byte	0x65f
 5269 162c FA020000 		.4byte	.LLST30
 5270 1630 F2020000 		.4byte	.LVUS30
 5271 1634 13       		.uleb128 0x13
 5272 1635 657000   		.ascii	"ep\000"
 5273 1638 4402     		.2byte	0x244
 5274 163a 30       		.byte	0x30
 5275 163b 15050000 		.4byte	0x515
 5276 163f 2E030000 		.4byte	.LLST31
 5277 1643 26030000 		.4byte	.LVUS31
 5278 1647 17       		.uleb128 0x17
 5279 1648 D0060000 		.4byte	.LASF150
 5280 164c 6A160000 		.4byte	0x166a
 5281 1650 19       		.uleb128 0x19
 5282 1651 14000000 		.4byte	.LVL101
 5283 1655 BE090000 		.4byte	0x9be
 5284 1659 00       		.byte	0
 5285 165a 15       		.uleb128 0x15
 5286 165b 88000000 		.4byte	0x88
 5287 165f 6A160000 		.4byte	0x166a
 5288 1663 16       		.uleb128 0x16
 5289 1664 2D000000 		.4byte	0x2d
 5290 1668 10       		.byte	0x10
 5291 1669 00       		.byte	0
 5292 166a 0F       		.uleb128 0xf
 5293 166b 5A160000 		.4byte	0x165a
 5294 166f 11       		.uleb128 0x11
 5295 1670 81080000 		.4byte	.LASF157
 5296 1674 D901     		.2byte	0x1d9
 5297 1676 00000000 		.4byte	.LFB243
 5298 167a 2A000000 		.4byte	.LFE243-.LFB243
 5299 167e 01       		.uleb128 0x1
 5300 167f 9C       		.byte	0x9c
 5301 1680 13170000 		.4byte	0x1713
ARM GAS  /tmp/ccrvdhwe.s 			page 94


 5302 1684 0D       		.uleb128 0xd
 5303 1685 E9030000 		.4byte	.LASF147
 5304 1689 D901     		.2byte	0x1d9
 5305 168b 23       		.byte	0x23
 5306 168c 5F060000 		.4byte	0x65f
 5307 1690 5E030000 		.4byte	.LLST25
 5308 1694 5A030000 		.4byte	.LVUS25
 5309 1698 13       		.uleb128 0x13
 5310 1699 657000   		.ascii	"ep\000"
 5311 169c D901     		.2byte	0x1d9
 5312 169e 31       		.byte	0x31
 5313 169f 15050000 		.4byte	0x515
 5314 16a3 7B030000 		.4byte	.LLST26
 5315 16a7 77030000 		.4byte	.LVUS26
 5316 16ab 13       		.uleb128 0x13
 5317 16ac 62756600 		.ascii	"buf\000"
 5318 16b0 DA01     		.2byte	0x1da
 5319 16b2 27       		.byte	0x27
 5320 16b3 09040000 		.4byte	0x409
 5321 16b7 98030000 		.4byte	.LLST27
 5322 16bb 94030000 		.4byte	.LVUS27
 5323 16bf 13       		.uleb128 0x13
 5324 16c0 6E00     		.ascii	"n\000"
 5325 16c2 DA01     		.2byte	0x1da
 5326 16c4 33       		.byte	0x33
 5327 16c5 42000000 		.4byte	0x42
 5328 16c9 B7030000 		.4byte	.LLST28
 5329 16cd B1030000 		.4byte	.LVUS28
 5330 16d1 18       		.uleb128 0x18
 5331 16d2 69737000 		.ascii	"isp\000"
 5332 16d6 DB01     		.2byte	0x1db
 5333 16d8 17       		.byte	0x17
 5334 16d9 1C080000 		.4byte	0x81c
 5335 16dd D8030000 		.4byte	.LLST29
 5336 16e1 D6030000 		.4byte	.LVUS29
 5337 16e5 17       		.uleb128 0x17
 5338 16e6 D0060000 		.4byte	.LASF150
 5339 16ea 02160000 		.4byte	0x1602
 5340 16ee 1C       		.uleb128 0x1c
 5341 16ef 28000000 		.4byte	.LVL97
 5342 16f3 D4090000 		.4byte	0x9d4
 5343 16f7 01       		.uleb128 0x1
 5344 16f8 01       		.uleb128 0x1
 5345 16f9 50       		.byte	0x50
 5346 16fa 09       		.uleb128 0x9
 5347 16fb A3       		.byte	0xa3
 5348 16fc 03       		.uleb128 0x3
 5349 16fd A5       		.byte	0xa5
 5350 16fe 00       		.uleb128 0
 5351 16ff 26       		.uleb128 0x26
 5352 1700 A8       		.byte	0xa8
 5353 1701 2D       		.uleb128 0x2d
 5354 1702 A8       		.byte	0xa8
 5355 1703 00       		.uleb128 0
 5356 1704 01       		.uleb128 0x1
 5357 1705 01       		.uleb128 0x1
 5358 1706 51       		.byte	0x51
ARM GAS  /tmp/ccrvdhwe.s 			page 95


 5359 1707 09       		.uleb128 0x9
 5360 1708 A3       		.byte	0xa3
 5361 1709 03       		.uleb128 0x3
 5362 170a A5       		.byte	0xa5
 5363 170b 01       		.uleb128 0x1
 5364 170c 26       		.uleb128 0x26
 5365 170d A8       		.byte	0xa8
 5366 170e 34       		.uleb128 0x34
 5367 170f A8       		.byte	0xa8
 5368 1710 00       		.uleb128 0
 5369 1711 00       		.byte	0
 5370 1712 00       		.byte	0
 5371 1713 11       		.uleb128 0x11
 5372 1714 12030000 		.4byte	.LASF158
 5373 1718 B201     		.2byte	0x1b2
 5374 171a 00000000 		.4byte	.LFB242
 5375 171e 2A000000 		.4byte	.LFE242-.LFB242
 5376 1722 01       		.uleb128 0x1
 5377 1723 9C       		.byte	0x9c
 5378 1724 B7170000 		.4byte	0x17b7
 5379 1728 0D       		.uleb128 0xd
 5380 1729 E9030000 		.4byte	.LASF147
 5381 172d B201     		.2byte	0x1b2
 5382 172f 22       		.byte	0x22
 5383 1730 5F060000 		.4byte	0x65f
 5384 1734 E5030000 		.4byte	.LLST20
 5385 1738 E1030000 		.4byte	.LVUS20
 5386 173c 13       		.uleb128 0x13
 5387 173d 657000   		.ascii	"ep\000"
 5388 1740 B201     		.2byte	0x1b2
 5389 1742 30       		.byte	0x30
 5390 1743 15050000 		.4byte	0x515
 5391 1747 02040000 		.4byte	.LLST21
 5392 174b FE030000 		.4byte	.LVUS21
 5393 174f 13       		.uleb128 0x13
 5394 1750 62756600 		.ascii	"buf\000"
 5395 1754 B301     		.2byte	0x1b3
 5396 1756 20       		.byte	0x20
 5397 1757 0E040000 		.4byte	0x40e
 5398 175b 1F040000 		.4byte	.LLST22
 5399 175f 1B040000 		.4byte	.LVUS22
 5400 1763 13       		.uleb128 0x13
 5401 1764 6E00     		.ascii	"n\000"
 5402 1766 B301     		.2byte	0x1b3
 5403 1768 2C       		.byte	0x2c
 5404 1769 42000000 		.4byte	0x42
 5405 176d 3E040000 		.4byte	.LLST23
 5406 1771 38040000 		.4byte	.LVUS23
 5407 1775 18       		.uleb128 0x18
 5408 1776 6F737000 		.ascii	"osp\000"
 5409 177a B401     		.2byte	0x1b4
 5410 177c 18       		.byte	0x18
 5411 177d 21080000 		.4byte	0x821
 5412 1781 5F040000 		.4byte	.LLST24
 5413 1785 5D040000 		.4byte	.LVUS24
 5414 1789 17       		.uleb128 0x17
 5415 178a D0060000 		.4byte	.LASF150
ARM GAS  /tmp/ccrvdhwe.s 			page 96


 5416 178e 6A160000 		.4byte	0x166a
 5417 1792 1C       		.uleb128 0x1c
 5418 1793 28000000 		.4byte	.LVL93
 5419 1797 EA090000 		.4byte	0x9ea
 5420 179b 01       		.uleb128 0x1
 5421 179c 01       		.uleb128 0x1
 5422 179d 50       		.byte	0x50
 5423 179e 09       		.uleb128 0x9
 5424 179f A3       		.byte	0xa3
 5425 17a0 03       		.uleb128 0x3
 5426 17a1 A5       		.byte	0xa5
 5427 17a2 00       		.uleb128 0
 5428 17a3 26       		.uleb128 0x26
 5429 17a4 A8       		.byte	0xa8
 5430 17a5 2D       		.uleb128 0x2d
 5431 17a6 A8       		.byte	0xa8
 5432 17a7 00       		.uleb128 0
 5433 17a8 01       		.uleb128 0x1
 5434 17a9 01       		.uleb128 0x1
 5435 17aa 51       		.byte	0x51
 5436 17ab 09       		.uleb128 0x9
 5437 17ac A3       		.byte	0xa3
 5438 17ad 03       		.uleb128 0x3
 5439 17ae A5       		.byte	0xa5
 5440 17af 01       		.uleb128 0x1
 5441 17b0 26       		.uleb128 0x26
 5442 17b1 A8       		.byte	0xa8
 5443 17b2 34       		.uleb128 0x34
 5444 17b3 A8       		.byte	0xa8
 5445 17b4 00       		.uleb128 0
 5446 17b5 00       		.byte	0
 5447 17b6 00       		.byte	0
 5448 17b7 11       		.uleb128 0x11
 5449 17b8 C6090000 		.4byte	.LASF159
 5450 17bc 8601     		.2byte	0x186
 5451 17be 00000000 		.4byte	.LFB241
 5452 17c2 2C000000 		.4byte	.LFE241-.LFB241
 5453 17c6 01       		.uleb128 0x1
 5454 17c7 9C       		.byte	0x9c
 5455 17c8 05180000 		.4byte	0x1805
 5456 17cc 0D       		.uleb128 0xd
 5457 17cd E9030000 		.4byte	.LASF147
 5458 17d1 8601     		.2byte	0x186
 5459 17d3 26       		.byte	0x26
 5460 17d4 5F060000 		.4byte	0x65f
 5461 17d8 6C040000 		.4byte	.LLST18
 5462 17dc 68040000 		.4byte	.LVUS18
 5463 17e0 18       		.uleb128 0x18
 5464 17e1 6900     		.ascii	"i\000"
 5465 17e3 8701     		.2byte	0x187
 5466 17e5 0C       		.byte	0xc
 5467 17e6 2D000000 		.4byte	0x2d
 5468 17ea 89040000 		.4byte	.LLST19
 5469 17ee 85040000 		.4byte	.LVUS19
 5470 17f2 17       		.uleb128 0x17
 5471 17f3 D0060000 		.4byte	.LASF150
 5472 17f7 15180000 		.4byte	0x1815
ARM GAS  /tmp/ccrvdhwe.s 			page 97


 5473 17fb 19       		.uleb128 0x19
 5474 17fc 2A000000 		.4byte	.LVL89
 5475 1800 000A0000 		.4byte	0xa00
 5476 1804 00       		.byte	0
 5477 1805 15       		.uleb128 0x15
 5478 1806 88000000 		.4byte	0x88
 5479 180a 15180000 		.4byte	0x1815
 5480 180e 16       		.uleb128 0x16
 5481 180f 2D000000 		.4byte	0x2d
 5482 1813 14       		.byte	0x14
 5483 1814 00       		.byte	0
 5484 1815 0F       		.uleb128 0xf
 5485 1816 05180000 		.4byte	0x1805
 5486 181a 11       		.uleb128 0x11
 5487 181b D3070000 		.4byte	.LASF160
 5488 181f 6301     		.2byte	0x163
 5489 1821 00000000 		.4byte	.LFB240
 5490 1825 36000000 		.4byte	.LFE240-.LFB240
 5491 1829 01       		.uleb128 0x1
 5492 182a 9C       		.byte	0x9c
 5493 182b 7D180000 		.4byte	0x187d
 5494 182f 0D       		.uleb128 0xd
 5495 1830 E9030000 		.4byte	.LASF147
 5496 1834 6301     		.2byte	0x163
 5497 1836 22       		.byte	0x22
 5498 1837 5F060000 		.4byte	0x65f
 5499 183b 9E040000 		.4byte	.LLST15
 5500 183f 9A040000 		.4byte	.LVUS15
 5501 1843 13       		.uleb128 0x13
 5502 1844 657000   		.ascii	"ep\000"
 5503 1847 6301     		.2byte	0x163
 5504 1849 30       		.byte	0x30
 5505 184a 15050000 		.4byte	0x515
 5506 184e BB040000 		.4byte	.LLST16
 5507 1852 B7040000 		.4byte	.LVUS16
 5508 1856 0D       		.uleb128 0xd
 5509 1857 D9080000 		.4byte	.LASF161
 5510 185b 6401     		.2byte	0x164
 5511 185d 30       		.byte	0x30
 5512 185e A1080000 		.4byte	0x8a1
 5513 1862 D8040000 		.4byte	.LLST17
 5514 1866 D4040000 		.4byte	.LVUS17
 5515 186a 17       		.uleb128 0x17
 5516 186b D0060000 		.4byte	.LASF150
 5517 186f 6A160000 		.4byte	0x166a
 5518 1873 19       		.uleb128 0x19
 5519 1874 34000000 		.4byte	.LVL84
 5520 1878 110A0000 		.4byte	0xa11
 5521 187c 00       		.byte	0
 5522 187d 11       		.uleb128 0x11
 5523 187e 23030000 		.4byte	.LASF162
 5524 1882 3701     		.2byte	0x137
 5525 1884 00000000 		.4byte	.LFB239
 5526 1888 32000000 		.4byte	.LFE239-.LFB239
 5527 188c 01       		.uleb128 0x1
 5528 188d 9C       		.byte	0x9c
 5529 188e C7190000 		.4byte	0x19c7
ARM GAS  /tmp/ccrvdhwe.s 			page 98


 5530 1892 0D       		.uleb128 0xd
 5531 1893 E9030000 		.4byte	.LASF147
 5532 1897 3701     		.2byte	0x137
 5533 1899 19       		.byte	0x19
 5534 189a 5F060000 		.4byte	0x65f
 5535 189e F5040000 		.4byte	.LLST11
 5536 18a2 F1040000 		.4byte	.LVUS11
 5537 18a6 18       		.uleb128 0x18
 5538 18a7 6900     		.ascii	"i\000"
 5539 18a9 3801     		.2byte	0x138
 5540 18ab 0C       		.byte	0xc
 5541 18ac 2D000000 		.4byte	0x2d
 5542 18b0 09050000 		.4byte	.LLST12
 5543 18b4 05050000 		.4byte	.LVUS12
 5544 18b8 17       		.uleb128 0x17
 5545 18b9 D0060000 		.4byte	.LASF150
 5546 18bd D7190000 		.4byte	0x19d7
 5547 18c1 0A       		.uleb128 0xa
 5548 18c2 0F1D0000 		.4byte	0x1d0f
 5549 18c6 04000000 		.4byte	.LBI191
 5550 18ca 05       		.byte	.LVU290
 5551 18cb 04000000 		.4byte	.LBB191
 5552 18cf 06000000 		.4byte	.LBE191-.LBB191
 5553 18d3 3C01     		.2byte	0x13c
 5554 18d5 03       		.byte	0x3
 5555 18d6 2A190000 		.4byte	0x192a
 5556 18da 02       		.uleb128 0x2
 5557 18db 3F1D0000 		.4byte	0x1d3f
 5558 18df 04000000 		.4byte	.LBI192
 5559 18e3 07       		.byte	.LVU292
 5560 18e4 04000000 		.4byte	.LBB192
 5561 18e8 06000000 		.4byte	.LBE192-.LBB192
 5562 18ec 02       		.byte	0x2
 5563 18ed ED01     		.2byte	0x1ed
 5564 18ef 02       		.uleb128 0x2
 5565 18f0 5F1D0000 		.4byte	0x1d5f
 5566 18f4 04000000 		.4byte	.LBI193
 5567 18f8 09       		.byte	.LVU294
 5568 18f9 04000000 		.4byte	.LBB193
 5569 18fd 06000000 		.4byte	.LBE193-.LBB193
 5570 1901 03       		.byte	0x3
 5571 1902 7801     		.2byte	0x178
 5572 1904 02       		.uleb128 0x2
 5573 1905 671D0000 		.4byte	0x1d67
 5574 1909 04000000 		.4byte	.LBI194
 5575 190d 0B       		.byte	.LVU296
 5576 190e 04000000 		.4byte	.LBB194
 5577 1912 06000000 		.4byte	.LBE194-.LBB194
 5578 1916 04       		.byte	0x4
 5579 1917 6402     		.2byte	0x264
 5580 1919 0C       		.uleb128 0xc
 5581 191a 711D0000 		.4byte	0x1d71
 5582 191e 1C050000 		.4byte	.LLST13
 5583 1922 1A050000 		.4byte	.LVUS13
 5584 1926 00       		.byte	0
 5585 1927 00       		.byte	0
 5586 1928 00       		.byte	0
ARM GAS  /tmp/ccrvdhwe.s 			page 99


 5587 1929 00       		.byte	0
 5588 192a 0A       		.uleb128 0xa
 5589 192b EF1C0000 		.4byte	0x1cef
 5590 192f 26000000 		.4byte	.LBI196
 5591 1933 01       		.byte	.LVU315
 5592 1934 26000000 		.4byte	.LBB196
 5593 1938 04000000 		.4byte	.LBE196-.LBB196
 5594 193c 5201     		.2byte	0x152
 5595 193e 03       		.byte	0x3
 5596 193f 4D190000 		.4byte	0x194d
 5597 1943 19       		.uleb128 0x19
 5598 1944 2A000000 		.4byte	.LVL80
 5599 1948 470A0000 		.4byte	0xa47
 5600 194c 00       		.byte	0
 5601 194d 0A       		.uleb128 0xa
 5602 194e 071D0000 		.4byte	0x1d07
 5603 1952 2A000000 		.4byte	.LBI198
 5604 1956 02       		.byte	.LVU319
 5605 1957 2A000000 		.4byte	.LBB198
 5606 195b 06000000 		.4byte	.LBE198-.LBB198
 5607 195f 5301     		.2byte	0x153
 5608 1961 03       		.byte	0x3
 5609 1962 B6190000 		.4byte	0x19b6
 5610 1966 02       		.uleb128 0x2
 5611 1967 271D0000 		.4byte	0x1d27
 5612 196b 2A000000 		.4byte	.LBI199
 5613 196f 04       		.byte	.LVU321
 5614 1970 2A000000 		.4byte	.LBB199
 5615 1974 06000000 		.4byte	.LBE199-.LBB199
 5616 1978 02       		.byte	0x2
 5617 1979 F801     		.2byte	0x1f8
 5618 197b 02       		.uleb128 0x2
 5619 197c 571D0000 		.4byte	0x1d57
 5620 1980 2A000000 		.4byte	.LBI201
 5621 1984 0B       		.byte	.LVU328
 5622 1985 2A000000 		.4byte	.LBB201
 5623 1989 06000000 		.4byte	.LBE201-.LBB201
 5624 198d 03       		.byte	0x3
 5625 198e 8F01     		.2byte	0x18f
 5626 1990 02       		.uleb128 0x2
 5627 1991 671D0000 		.4byte	0x1d67
 5628 1995 2A000000 		.4byte	.LBI202
 5629 1999 0D       		.byte	.LVU330
 5630 199a 2A000000 		.4byte	.LBB202
 5631 199e 06000000 		.4byte	.LBE202-.LBB202
 5632 19a2 04       		.byte	0x4
 5633 19a3 7702     		.2byte	0x277
 5634 19a5 0C       		.uleb128 0xc
 5635 19a6 711D0000 		.4byte	0x1d71
 5636 19aa 29050000 		.4byte	.LLST14
 5637 19ae 27050000 		.4byte	.LVUS14
 5638 19b2 00       		.byte	0
 5639 19b3 00       		.byte	0
 5640 19b4 00       		.byte	0
 5641 19b5 00       		.byte	0
 5642 19b6 1C       		.uleb128 0x1c
 5643 19b7 0E000000 		.4byte	.LVL76
ARM GAS  /tmp/ccrvdhwe.s 			page 100


 5644 19bb 4F0A0000 		.4byte	0xa4f
 5645 19bf 01       		.uleb128 0x1
 5646 19c0 01       		.uleb128 0x1
 5647 19c1 50       		.byte	0x50
 5648 19c2 02       		.uleb128 0x2
 5649 19c3 74       		.byte	0x74
 5650 19c4 00       		.sleb128 0
 5651 19c5 00       		.byte	0
 5652 19c6 00       		.byte	0
 5653 19c7 15       		.uleb128 0x15
 5654 19c8 88000000 		.4byte	0x88
 5655 19cc D7190000 		.4byte	0x19d7
 5656 19d0 16       		.uleb128 0x16
 5657 19d1 2D000000 		.4byte	0x2d
 5658 19d5 07       		.byte	0x7
 5659 19d6 00       		.byte	0
 5660 19d7 0F       		.uleb128 0xf
 5661 19d8 C7190000 		.4byte	0x19c7
 5662 19dc 11       		.uleb128 0x11
 5663 19dd DD020000 		.4byte	.LASF163
 5664 19e1 1F01     		.2byte	0x11f
 5665 19e3 00000000 		.4byte	.LFB238
 5666 19e7 32000000 		.4byte	.LFE238-.LFB238
 5667 19eb 01       		.uleb128 0x1
 5668 19ec 9C       		.byte	0x9c
 5669 19ed 171B0000 		.4byte	0x1b17
 5670 19f1 0D       		.uleb128 0xd
 5671 19f2 E9030000 		.4byte	.LASF147
 5672 19f6 1F01     		.2byte	0x11f
 5673 19f8 1A       		.byte	0x1a
 5674 19f9 5F060000 		.4byte	0x65f
 5675 19fd 37050000 		.4byte	.LLST6
 5676 1a01 33050000 		.4byte	.LVUS6
 5677 1a05 0D       		.uleb128 0xd
 5678 1a06 A3070000 		.4byte	.LASF51
 5679 1a0a 1F01     		.2byte	0x11f
 5680 1a0c 31       		.byte	0x31
 5681 1a0d 8C080000 		.4byte	0x88c
 5682 1a11 4B050000 		.4byte	.LLST7
 5683 1a15 47050000 		.4byte	.LVUS7
 5684 1a19 18       		.uleb128 0x18
 5685 1a1a 6900     		.ascii	"i\000"
 5686 1a1c 2001     		.2byte	0x120
 5687 1a1e 0C       		.byte	0xc
 5688 1a1f 2D000000 		.4byte	0x2d
 5689 1a23 68050000 		.4byte	.LLST8
 5690 1a27 64050000 		.4byte	.LVUS8
 5691 1a2b 17       		.uleb128 0x17
 5692 1a2c D0060000 		.4byte	.LASF150
 5693 1a30 271B0000 		.4byte	0x1b27
 5694 1a34 0A       		.uleb128 0xa
 5695 1a35 0F1D0000 		.4byte	0x1d0f
 5696 1a39 04000000 		.4byte	.LBI180
 5697 1a3d 05       		.byte	.LVU239
 5698 1a3e 04000000 		.4byte	.LBB180
 5699 1a42 06000000 		.4byte	.LBE180-.LBB180
 5700 1a46 2401     		.2byte	0x124
ARM GAS  /tmp/ccrvdhwe.s 			page 101


 5701 1a48 03       		.byte	0x3
 5702 1a49 9D1A0000 		.4byte	0x1a9d
 5703 1a4d 02       		.uleb128 0x2
 5704 1a4e 3F1D0000 		.4byte	0x1d3f
 5705 1a52 04000000 		.4byte	.LBI181
 5706 1a56 07       		.byte	.LVU241
 5707 1a57 04000000 		.4byte	.LBB181
 5708 1a5b 06000000 		.4byte	.LBE181-.LBB181
 5709 1a5f 02       		.byte	0x2
 5710 1a60 ED01     		.2byte	0x1ed
 5711 1a62 02       		.uleb128 0x2
 5712 1a63 5F1D0000 		.4byte	0x1d5f
 5713 1a67 04000000 		.4byte	.LBI182
 5714 1a6b 09       		.byte	.LVU243
 5715 1a6c 04000000 		.4byte	.LBB182
 5716 1a70 06000000 		.4byte	.LBE182-.LBB182
 5717 1a74 03       		.byte	0x3
 5718 1a75 7801     		.2byte	0x178
 5719 1a77 02       		.uleb128 0x2
 5720 1a78 671D0000 		.4byte	0x1d67
 5721 1a7c 04000000 		.4byte	.LBI183
 5722 1a80 0B       		.byte	.LVU245
 5723 1a81 04000000 		.4byte	.LBB183
 5724 1a85 06000000 		.4byte	.LBE183-.LBB183
 5725 1a89 04       		.byte	0x4
 5726 1a8a 6402     		.2byte	0x264
 5727 1a8c 0C       		.uleb128 0xc
 5728 1a8d 711D0000 		.4byte	0x1d71
 5729 1a91 7B050000 		.4byte	.LLST9
 5730 1a95 79050000 		.4byte	.LVUS9
 5731 1a99 00       		.byte	0
 5732 1a9a 00       		.byte	0
 5733 1a9b 00       		.byte	0
 5734 1a9c 00       		.byte	0
 5735 1a9d 0A       		.uleb128 0xa
 5736 1a9e 071D0000 		.4byte	0x1d07
 5737 1aa2 2A000000 		.4byte	.LBI185
 5738 1aa6 01       		.byte	.LVU267
 5739 1aa7 2A000000 		.4byte	.LBB185
 5740 1aab 06000000 		.4byte	.LBE185-.LBB185
 5741 1aaf 2D01     		.2byte	0x12d
 5742 1ab1 03       		.byte	0x3
 5743 1ab2 061B0000 		.4byte	0x1b06
 5744 1ab6 02       		.uleb128 0x2
 5745 1ab7 271D0000 		.4byte	0x1d27
 5746 1abb 2A000000 		.4byte	.LBI186
 5747 1abf 03       		.byte	.LVU269
 5748 1ac0 2A000000 		.4byte	.LBB186
 5749 1ac4 06000000 		.4byte	.LBE186-.LBB186
 5750 1ac8 02       		.byte	0x2
 5751 1ac9 F801     		.2byte	0x1f8
 5752 1acb 02       		.uleb128 0x2
 5753 1acc 571D0000 		.4byte	0x1d57
 5754 1ad0 2A000000 		.4byte	.LBI188
 5755 1ad4 0A       		.byte	.LVU276
 5756 1ad5 2A000000 		.4byte	.LBB188
 5757 1ad9 06000000 		.4byte	.LBE188-.LBB188
ARM GAS  /tmp/ccrvdhwe.s 			page 102


 5758 1add 03       		.byte	0x3
 5759 1ade 8F01     		.2byte	0x18f
 5760 1ae0 02       		.uleb128 0x2
 5761 1ae1 671D0000 		.4byte	0x1d67
 5762 1ae5 2A000000 		.4byte	.LBI189
 5763 1ae9 0C       		.byte	.LVU278
 5764 1aea 2A000000 		.4byte	.LBB189
 5765 1aee 06000000 		.4byte	.LBE189-.LBB189
 5766 1af2 04       		.byte	0x4
 5767 1af3 7702     		.2byte	0x277
 5768 1af5 0C       		.uleb128 0xc
 5769 1af6 711D0000 		.4byte	0x1d71
 5770 1afa 88050000 		.4byte	.LLST10
 5771 1afe 86050000 		.4byte	.LVUS10
 5772 1b02 00       		.byte	0
 5773 1b03 00       		.byte	0
 5774 1b04 00       		.byte	0
 5775 1b05 00       		.byte	0
 5776 1b06 1C       		.uleb128 0x1c
 5777 1b07 26000000 		.4byte	.LVL70
 5778 1b0b 600A0000 		.4byte	0xa60
 5779 1b0f 01       		.uleb128 0x1
 5780 1b10 01       		.uleb128 0x1
 5781 1b11 50       		.byte	0x50
 5782 1b12 02       		.uleb128 0x2
 5783 1b13 74       		.byte	0x74
 5784 1b14 00       		.sleb128 0
 5785 1b15 00       		.byte	0
 5786 1b16 00       		.byte	0
 5787 1b17 15       		.uleb128 0x15
 5788 1b18 88000000 		.4byte	0x88
 5789 1b1c 271B0000 		.4byte	0x1b27
 5790 1b20 16       		.uleb128 0x16
 5791 1b21 2D000000 		.4byte	0x2d
 5792 1b25 08       		.byte	0x8
 5793 1b26 00       		.byte	0
 5794 1b27 0F       		.uleb128 0xf
 5795 1b28 171B0000 		.4byte	0x1b17
 5796 1b2c 11       		.uleb128 0x11
 5797 1b2d C0050000 		.4byte	.LASF164
 5798 1b31 0A01     		.2byte	0x10a
 5799 1b33 00000000 		.4byte	.LFB237
 5800 1b37 2C000000 		.4byte	.LFE237-.LFB237
 5801 1b3b 01       		.uleb128 0x1
 5802 1b3c 9C       		.byte	0x9c
 5803 1b3d 631B0000 		.4byte	0x1b63
 5804 1b41 32       		.uleb128 0x32
 5805 1b42 E9030000 		.4byte	.LASF147
 5806 1b46 01       		.byte	0x1
 5807 1b47 0A01     		.2byte	0x10a
 5808 1b49 1F       		.byte	0x1f
 5809 1b4a 5F060000 		.4byte	0x65f
 5810 1b4e 01       		.uleb128 0x1
 5811 1b4f 50       		.byte	0x50
 5812 1b50 18       		.uleb128 0x18
 5813 1b51 6900     		.ascii	"i\000"
 5814 1b53 0B01     		.2byte	0x10b
ARM GAS  /tmp/ccrvdhwe.s 			page 103


 5815 1b55 0C       		.byte	0xc
 5816 1b56 2D000000 		.4byte	0x2d
 5817 1b5a 96050000 		.4byte	.LLST5
 5818 1b5e 92050000 		.4byte	.LVUS5
 5819 1b62 00       		.byte	0
 5820 1b63 33       		.uleb128 0x33
 5821 1b64 9B070000 		.4byte	.LASF165
 5822 1b68 01       		.byte	0x1
 5823 1b69 FE       		.byte	0xfe
 5824 1b6a 06       		.byte	0x6
 5825 1b6b 00000000 		.4byte	.LFB236
 5826 1b6f 08000000 		.4byte	.LFE236-.LFB236
 5827 1b73 01       		.uleb128 0x1
 5828 1b74 9C       		.byte	0x9c
 5829 1b75 831B0000 		.4byte	0x1b83
 5830 1b79 19       		.uleb128 0x19
 5831 1b7a 06000000 		.4byte	.LVL57
 5832 1b7e 710A0000 		.4byte	0xa71
 5833 1b82 00       		.byte	0
 5834 1b83 2A       		.uleb128 0x2a
 5835 1b84 3C070000 		.4byte	.LASF166
 5836 1b88 54       		.byte	0x54
 5837 1b89 0D       		.byte	0xd
 5838 1b8a 13040000 		.4byte	0x413
 5839 1b8e 00000000 		.4byte	.LFB235
 5840 1b92 44020000 		.4byte	.LFE235-.LFB235
 5841 1b96 01       		.uleb128 0x1
 5842 1b97 9C       		.byte	0x9c
 5843 1b98 621C0000 		.4byte	0x1c62
 5844 1b9c 2B       		.uleb128 0x2b
 5845 1b9d E9030000 		.4byte	.LASF147
 5846 1ba1 54       		.byte	0x54
 5847 1ba2 28       		.byte	0x28
 5848 1ba3 5F060000 		.4byte	0x65f
 5849 1ba7 FF050000 		.4byte	.LLST2
 5850 1bab A7050000 		.4byte	.LVUS2
 5851 1baf 2C       		.uleb128 0x2c
 5852 1bb0 647000   		.ascii	"dp\000"
 5853 1bb3 55       		.byte	0x55
 5854 1bb4 18       		.byte	0x18
 5855 1bb5 F9060000 		.4byte	0x6f9
 5856 1bb9 2C070000 		.4byte	.LLST3
 5857 1bbd 28070000 		.4byte	.LVUS3
 5858 1bc1 08       		.uleb128 0x8
 5859 1bc2 8E000000 		.4byte	.LVL14
 5860 1bc6 B11C0000 		.4byte	0x1cb1
 5861 1bca D61B0000 		.4byte	0x1bd6
 5862 1bce 01       		.uleb128 0x1
 5863 1bcf 01       		.uleb128 0x1
 5864 1bd0 50       		.byte	0x50
 5865 1bd1 03       		.uleb128 0x3
 5866 1bd2 74       		.byte	0x74
 5867 1bd3 F800     		.sleb128 120
 5868 1bd5 00       		.byte	0
 5869 1bd6 34       		.uleb128 0x34
 5870 1bd7 98000000 		.4byte	.LVL15
 5871 1bdb 02       		.uleb128 0x2
ARM GAS  /tmp/ccrvdhwe.s 			page 104


 5872 1bdc 75       		.byte	0x75
 5873 1bdd 00       		.sleb128 0
 5874 1bde F51B0000 		.4byte	0x1bf5
 5875 1be2 01       		.uleb128 0x1
 5876 1be3 01       		.uleb128 0x1
 5877 1be4 50       		.byte	0x50
 5878 1be5 02       		.uleb128 0x2
 5879 1be6 74       		.byte	0x74
 5880 1be7 00       		.sleb128 0
 5881 1be8 01       		.uleb128 0x1
 5882 1be9 01       		.uleb128 0x1
 5883 1bea 51       		.byte	0x51
 5884 1beb 02       		.uleb128 0x2
 5885 1bec 76       		.byte	0x76
 5886 1bed 00       		.sleb128 0
 5887 1bee 01       		.uleb128 0x1
 5888 1bef 01       		.uleb128 0x1
 5889 1bf0 52       		.byte	0x52
 5890 1bf1 02       		.uleb128 0x2
 5891 1bf2 77       		.byte	0x77
 5892 1bf3 00       		.sleb128 0
 5893 1bf4 00       		.byte	0
 5894 1bf5 1B       		.uleb128 0x1b
 5895 1bf6 D4000000 		.4byte	.LVL21
 5896 1bfa 0A1C0000 		.4byte	0x1c0a
 5897 1bfe 01       		.uleb128 0x1
 5898 1bff 01       		.uleb128 0x1
 5899 1c00 50       		.byte	0x50
 5900 1c01 02       		.uleb128 0x2
 5901 1c02 74       		.byte	0x74
 5902 1c03 00       		.sleb128 0
 5903 1c04 01       		.uleb128 0x1
 5904 1c05 01       		.uleb128 0x1
 5905 1c06 51       		.byte	0x51
 5906 1c07 01       		.uleb128 0x1
 5907 1c08 32       		.byte	0x32
 5908 1c09 00       		.byte	0
 5909 1c0a 08       		.uleb128 0x8
 5910 1c0b 70010000 		.4byte	.LVL37
 5911 1c0f 48090000 		.4byte	0x948
 5912 1c13 1E1C0000 		.4byte	0x1c1e
 5913 1c17 01       		.uleb128 0x1
 5914 1c18 01       		.uleb128 0x1
 5915 1c19 50       		.byte	0x50
 5916 1c1a 02       		.uleb128 0x2
 5917 1c1b 74       		.byte	0x74
 5918 1c1c 00       		.sleb128 0
 5919 1c1d 00       		.byte	0
 5920 1c1e 19       		.uleb128 0x19
 5921 1c1f 84010000 		.4byte	.LVL39
 5922 1c23 62090000 		.4byte	0x962
 5923 1c27 08       		.uleb128 0x8
 5924 1c28 EA010000 		.4byte	.LVL41
 5925 1c2c 1C090000 		.4byte	0x91c
 5926 1c30 3B1C0000 		.4byte	0x1c3b
 5927 1c34 01       		.uleb128 0x1
 5928 1c35 01       		.uleb128 0x1
ARM GAS  /tmp/ccrvdhwe.s 			page 105


 5929 1c36 50       		.byte	0x50
 5930 1c37 02       		.uleb128 0x2
 5931 1c38 74       		.byte	0x74
 5932 1c39 00       		.sleb128 0
 5933 1c3a 00       		.byte	0
 5934 1c3b 19       		.uleb128 0x19
 5935 1c3c FA010000 		.4byte	.LVL43
 5936 1c40 32090000 		.4byte	0x932
 5937 1c44 08       		.uleb128 0x8
 5938 1c45 16020000 		.4byte	.LVL45
 5939 1c49 BE090000 		.4byte	0x9be
 5940 1c4d 581C0000 		.4byte	0x1c58
 5941 1c51 01       		.uleb128 0x1
 5942 1c52 01       		.uleb128 0x1
 5943 1c53 50       		.byte	0x50
 5944 1c54 02       		.uleb128 0x2
 5945 1c55 74       		.byte	0x74
 5946 1c56 00       		.sleb128 0
 5947 1c57 00       		.byte	0
 5948 1c58 19       		.uleb128 0x19
 5949 1c59 26020000 		.4byte	.LVL47
 5950 1c5d A8090000 		.4byte	0x9a8
 5951 1c61 00       		.byte	0
 5952 1c62 35       		.uleb128 0x35
 5953 1c63 5A030000 		.4byte	.LASF183
 5954 1c67 01       		.byte	0x1
 5955 1c68 40       		.byte	0x40
 5956 1c69 0D       		.byte	0xd
 5957 1c6a 00000000 		.4byte	.LFB234
 5958 1c6e 22000000 		.4byte	.LFE234-.LFB234
 5959 1c72 01       		.uleb128 0x1
 5960 1c73 9C       		.byte	0x9c
 5961 1c74 B11C0000 		.4byte	0x1cb1
 5962 1c78 2B       		.uleb128 0x2b
 5963 1c79 E9030000 		.4byte	.LASF147
 5964 1c7d 40       		.byte	0x40
 5965 1c7e 24       		.byte	0x24
 5966 1c7f 5F060000 		.4byte	0x65f
 5967 1c83 42070000 		.4byte	.LLST4
 5968 1c87 3E070000 		.4byte	.LVUS4
 5969 1c8b 08       		.uleb128 0x8
 5970 1c8c 10000000 		.4byte	.LVL55
 5971 1c90 0B090000 		.4byte	0x90b
 5972 1c94 9F1C0000 		.4byte	0x1c9f
 5973 1c98 01       		.uleb128 0x1
 5974 1c99 01       		.uleb128 0x1
 5975 1c9a 50       		.byte	0x50
 5976 1c9b 02       		.uleb128 0x2
 5977 1c9c 74       		.byte	0x74
 5978 1c9d 00       		.sleb128 0
 5979 1c9e 00       		.byte	0
 5980 1c9f 1A       		.uleb128 0x1a
 5981 1ca0 1C000000 		.4byte	.LVL56
 5982 1ca4 01       		.uleb128 0x1
 5983 1ca5 01       		.uleb128 0x1
 5984 1ca6 50       		.byte	0x50
 5985 1ca7 02       		.uleb128 0x2
ARM GAS  /tmp/ccrvdhwe.s 			page 106


 5986 1ca8 74       		.byte	0x74
 5987 1ca9 00       		.sleb128 0
 5988 1caa 01       		.uleb128 0x1
 5989 1cab 01       		.uleb128 0x1
 5990 1cac 51       		.byte	0x51
 5991 1cad 01       		.uleb128 0x1
 5992 1cae 31       		.byte	0x31
 5993 1caf 00       		.byte	0
 5994 1cb0 00       		.byte	0
 5995 1cb1 2A       		.uleb128 0x2a
 5996 1cb2 B6050000 		.4byte	.LASF167
 5997 1cb6 33       		.byte	0x33
 5998 1cb7 11       		.byte	0x11
 5999 1cb8 AF000000 		.4byte	0xaf
 6000 1cbc 00000000 		.4byte	.LFB233
 6001 1cc0 0A000000 		.4byte	.LFE233-.LFB233
 6002 1cc4 01       		.uleb128 0x1
 6003 1cc5 9C       		.byte	0x9c
 6004 1cc6 EF1C0000 		.4byte	0x1cef
 6005 1cca 36       		.uleb128 0x36
 6006 1ccb 7000     		.ascii	"p\000"
 6007 1ccd 01       		.byte	0x1
 6008 1cce 33       		.byte	0x33
 6009 1ccf 24       		.byte	0x24
 6010 1cd0 0E040000 		.4byte	0x40e
 6011 1cd4 58070000 		.4byte	.LLST0
 6012 1cd8 52070000 		.4byte	.LVUS0
 6013 1cdc 2C       		.uleb128 0x2c
 6014 1cdd 687700   		.ascii	"hw\000"
 6015 1ce0 34       		.byte	0x34
 6016 1ce1 0C       		.byte	0xc
 6017 1ce2 AF000000 		.4byte	0xaf
 6018 1ce6 80070000 		.4byte	.LLST1
 6019 1cea 7A070000 		.4byte	.LVUS1
 6020 1cee 00       		.byte	0
 6021 1cef 14       		.uleb128 0x14
 6022 1cf0 34090000 		.4byte	.LASF168
 6023 1cf4 02       		.byte	0x2
 6024 1cf5 5602     		.2byte	0x256
 6025 1cf7 14       		.uleb128 0x14
 6026 1cf8 DD000000 		.4byte	.LASF169
 6027 1cfc 02       		.byte	0x2
 6028 1cfd 0C02     		.2byte	0x20c
 6029 1cff 14       		.uleb128 0x14
 6030 1d00 A5020000 		.4byte	.LASF170
 6031 1d04 02       		.byte	0x2
 6032 1d05 0102     		.2byte	0x201
 6033 1d07 14       		.uleb128 0x14
 6034 1d08 E3060000 		.4byte	.LASF171
 6035 1d0c 02       		.byte	0x2
 6036 1d0d F601     		.2byte	0x1f6
 6037 1d0f 14       		.uleb128 0x14
 6038 1d10 C0020000 		.4byte	.LASF172
 6039 1d14 02       		.byte	0x2
 6040 1d15 EB01     		.2byte	0x1eb
 6041 1d17 14       		.uleb128 0x14
 6042 1d18 6C060000 		.4byte	.LASF173
ARM GAS  /tmp/ccrvdhwe.s 			page 107


 6043 1d1c 03       		.byte	0x3
 6044 1d1d B201     		.2byte	0x1b2
 6045 1d1f 14       		.uleb128 0x14
 6046 1d20 85090000 		.4byte	.LASF174
 6047 1d24 03       		.byte	0x3
 6048 1d25 9E01     		.2byte	0x19e
 6049 1d27 37       		.uleb128 0x37
 6050 1d28 DB090000 		.4byte	.LASF184
 6051 1d2c 03       		.byte	0x3
 6052 1d2d 8201     		.2byte	0x182
 6053 1d2f 14       		.byte	0x14
 6054 1d30 03       		.byte	0x3
 6055 1d31 3F1D0000 		.4byte	0x1d3f
 6056 1d35 17       		.uleb128 0x17
 6057 1d36 D0060000 		.4byte	.LASF150
 6058 1d3a 3D0C0000 		.4byte	0xc3d
 6059 1d3e 00       		.byte	0
 6060 1d3f 14       		.uleb128 0x14
 6061 1d40 D9060000 		.4byte	.LASF175
 6062 1d44 03       		.byte	0x3
 6063 1d45 7601     		.2byte	0x176
 6064 1d47 14       		.uleb128 0x14
 6065 1d48 AA070000 		.4byte	.LASF176
 6066 1d4c 04       		.byte	0x4
 6067 1d4d 8E02     		.2byte	0x28e
 6068 1d4f 14       		.uleb128 0x14
 6069 1d50 66080000 		.4byte	.LASF177
 6070 1d54 04       		.byte	0x4
 6071 1d55 8302     		.2byte	0x283
 6072 1d57 14       		.uleb128 0x14
 6073 1d58 B2010000 		.4byte	.LASF178
 6074 1d5c 04       		.byte	0x4
 6075 1d5d 7402     		.2byte	0x274
 6076 1d5f 14       		.uleb128 0x14
 6077 1d60 93000000 		.4byte	.LASF179
 6078 1d64 04       		.byte	0x4
 6079 1d65 5C02     		.2byte	0x25c
 6080 1d67 38       		.uleb128 0x38
 6081 1d68 F9070000 		.4byte	.LASF185
 6082 1d6c 05       		.byte	0x5
 6083 1d6d 2202     		.2byte	0x222
 6084 1d6f 39       		.byte	0x39
 6085 1d70 03       		.byte	0x3
 6086 1d71 39       		.uleb128 0x39
 6087 1d72 CC020000 		.4byte	.LASF186
 6088 1d76 05       		.byte	0x5
 6089 1d77 2202     		.2byte	0x222
 6090 1d79 50       		.byte	0x50
 6091 1d7a BB000000 		.4byte	0xbb
 6092 1d7e 00       		.byte	0
 6093 1d7f 00       		.byte	0
 6094              		.section	.debug_abbrev,"",%progbits
 6095              	.Ldebug_abbrev0:
 6096 0000 01       		.uleb128 0x1
 6097 0001 49       		.uleb128 0x49
 6098 0002 00       		.byte	0
 6099 0003 02       		.uleb128 0x2
ARM GAS  /tmp/ccrvdhwe.s 			page 108


 6100 0004 18       		.uleb128 0x18
 6101 0005 7E       		.uleb128 0x7e
 6102 0006 18       		.uleb128 0x18
 6103 0007 00       		.byte	0
 6104 0008 00       		.byte	0
 6105 0009 02       		.uleb128 0x2
 6106 000a 1D       		.uleb128 0x1d
 6107 000b 01       		.byte	0x1
 6108 000c 31       		.uleb128 0x31
 6109 000d 13       		.uleb128 0x13
 6110 000e 52       		.uleb128 0x52
 6111 000f 01       		.uleb128 0x1
 6112 0010 B842     		.uleb128 0x2138
 6113 0012 0B       		.uleb128 0xb
 6114 0013 11       		.uleb128 0x11
 6115 0014 01       		.uleb128 0x1
 6116 0015 12       		.uleb128 0x12
 6117 0016 06       		.uleb128 0x6
 6118 0017 58       		.uleb128 0x58
 6119 0018 0B       		.uleb128 0xb
 6120 0019 59       		.uleb128 0x59
 6121 001a 05       		.uleb128 0x5
 6122 001b 57       		.uleb128 0x57
 6123 001c 21       		.uleb128 0x21
 6124 001d 03       		.sleb128 3
 6125 001e 00       		.byte	0
 6126 001f 00       		.byte	0
 6127 0020 03       		.uleb128 0x3
 6128 0021 05       		.uleb128 0x5
 6129 0022 00       		.byte	0
 6130 0023 49       		.uleb128 0x49
 6131 0024 13       		.uleb128 0x13
 6132 0025 00       		.byte	0
 6133 0026 00       		.byte	0
 6134 0027 04       		.uleb128 0x4
 6135 0028 0D       		.uleb128 0xd
 6136 0029 00       		.byte	0
 6137 002a 03       		.uleb128 0x3
 6138 002b 08       		.uleb128 0x8
 6139 002c 3A       		.uleb128 0x3a
 6140 002d 0B       		.uleb128 0xb
 6141 002e 3B       		.uleb128 0x3b
 6142 002f 05       		.uleb128 0x5
 6143 0030 39       		.uleb128 0x39
 6144 0031 0B       		.uleb128 0xb
 6145 0032 49       		.uleb128 0x49
 6146 0033 13       		.uleb128 0x13
 6147 0034 38       		.uleb128 0x38
 6148 0035 0B       		.uleb128 0xb
 6149 0036 00       		.byte	0
 6150 0037 00       		.byte	0
 6151 0038 05       		.uleb128 0x5
 6152 0039 0D       		.uleb128 0xd
 6153 003a 00       		.byte	0
 6154 003b 03       		.uleb128 0x3
 6155 003c 0E       		.uleb128 0xe
 6156 003d 3A       		.uleb128 0x3a
ARM GAS  /tmp/ccrvdhwe.s 			page 109


 6157 003e 0B       		.uleb128 0xb
 6158 003f 3B       		.uleb128 0x3b
 6159 0040 0B       		.uleb128 0xb
 6160 0041 39       		.uleb128 0x39
 6161 0042 0B       		.uleb128 0xb
 6162 0043 49       		.uleb128 0x49
 6163 0044 13       		.uleb128 0x13
 6164 0045 38       		.uleb128 0x38
 6165 0046 0B       		.uleb128 0xb
 6166 0047 00       		.byte	0
 6167 0048 00       		.byte	0
 6168 0049 06       		.uleb128 0x6
 6169 004a 0D       		.uleb128 0xd
 6170 004b 00       		.byte	0
 6171 004c 03       		.uleb128 0x3
 6172 004d 0E       		.uleb128 0xe
 6173 004e 3A       		.uleb128 0x3a
 6174 004f 0B       		.uleb128 0xb
 6175 0050 3B       		.uleb128 0x3b
 6176 0051 05       		.uleb128 0x5
 6177 0052 39       		.uleb128 0x39
 6178 0053 0B       		.uleb128 0xb
 6179 0054 49       		.uleb128 0x49
 6180 0055 13       		.uleb128 0x13
 6181 0056 38       		.uleb128 0x38
 6182 0057 0B       		.uleb128 0xb
 6183 0058 00       		.byte	0
 6184 0059 00       		.byte	0
 6185 005a 07       		.uleb128 0x7
 6186 005b 28       		.uleb128 0x28
 6187 005c 00       		.byte	0
 6188 005d 03       		.uleb128 0x3
 6189 005e 0E       		.uleb128 0xe
 6190 005f 1C       		.uleb128 0x1c
 6191 0060 0B       		.uleb128 0xb
 6192 0061 00       		.byte	0
 6193 0062 00       		.byte	0
 6194 0063 08       		.uleb128 0x8
 6195 0064 48       		.uleb128 0x48
 6196 0065 01       		.byte	0x1
 6197 0066 7D       		.uleb128 0x7d
 6198 0067 01       		.uleb128 0x1
 6199 0068 7F       		.uleb128 0x7f
 6200 0069 13       		.uleb128 0x13
 6201 006a 01       		.uleb128 0x1
 6202 006b 13       		.uleb128 0x13
 6203 006c 00       		.byte	0
 6204 006d 00       		.byte	0
 6205 006e 09       		.uleb128 0x9
 6206 006f 16       		.uleb128 0x16
 6207 0070 00       		.byte	0
 6208 0071 03       		.uleb128 0x3
 6209 0072 0E       		.uleb128 0xe
 6210 0073 3A       		.uleb128 0x3a
 6211 0074 0B       		.uleb128 0xb
 6212 0075 3B       		.uleb128 0x3b
 6213 0076 0B       		.uleb128 0xb
ARM GAS  /tmp/ccrvdhwe.s 			page 110


 6214 0077 39       		.uleb128 0x39
 6215 0078 0B       		.uleb128 0xb
 6216 0079 49       		.uleb128 0x49
 6217 007a 13       		.uleb128 0x13
 6218 007b 00       		.byte	0
 6219 007c 00       		.byte	0
 6220 007d 0A       		.uleb128 0xa
 6221 007e 1D       		.uleb128 0x1d
 6222 007f 01       		.byte	0x1
 6223 0080 31       		.uleb128 0x31
 6224 0081 13       		.uleb128 0x13
 6225 0082 52       		.uleb128 0x52
 6226 0083 01       		.uleb128 0x1
 6227 0084 B842     		.uleb128 0x2138
 6228 0086 0B       		.uleb128 0xb
 6229 0087 11       		.uleb128 0x11
 6230 0088 01       		.uleb128 0x1
 6231 0089 12       		.uleb128 0x12
 6232 008a 06       		.uleb128 0x6
 6233 008b 58       		.uleb128 0x58
 6234 008c 21       		.uleb128 0x21
 6235 008d 01       		.sleb128 1
 6236 008e 59       		.uleb128 0x59
 6237 008f 05       		.uleb128 0x5
 6238 0090 57       		.uleb128 0x57
 6239 0091 0B       		.uleb128 0xb
 6240 0092 01       		.uleb128 0x1
 6241 0093 13       		.uleb128 0x13
 6242 0094 00       		.byte	0
 6243 0095 00       		.byte	0
 6244 0096 0B       		.uleb128 0xb
 6245 0097 0F       		.uleb128 0xf
 6246 0098 00       		.byte	0
 6247 0099 0B       		.uleb128 0xb
 6248 009a 21       		.uleb128 0x21
 6249 009b 04       		.sleb128 4
 6250 009c 49       		.uleb128 0x49
 6251 009d 13       		.uleb128 0x13
 6252 009e 00       		.byte	0
 6253 009f 00       		.byte	0
 6254 00a0 0C       		.uleb128 0xc
 6255 00a1 05       		.uleb128 0x5
 6256 00a2 00       		.byte	0
 6257 00a3 31       		.uleb128 0x31
 6258 00a4 13       		.uleb128 0x13
 6259 00a5 02       		.uleb128 0x2
 6260 00a6 17       		.uleb128 0x17
 6261 00a7 B742     		.uleb128 0x2137
 6262 00a9 17       		.uleb128 0x17
 6263 00aa 00       		.byte	0
 6264 00ab 00       		.byte	0
 6265 00ac 0D       		.uleb128 0xd
 6266 00ad 05       		.uleb128 0x5
 6267 00ae 00       		.byte	0
 6268 00af 03       		.uleb128 0x3
 6269 00b0 0E       		.uleb128 0xe
 6270 00b1 3A       		.uleb128 0x3a
ARM GAS  /tmp/ccrvdhwe.s 			page 111


 6271 00b2 21       		.uleb128 0x21
 6272 00b3 01       		.sleb128 1
 6273 00b4 3B       		.uleb128 0x3b
 6274 00b5 05       		.uleb128 0x5
 6275 00b6 39       		.uleb128 0x39
 6276 00b7 0B       		.uleb128 0xb
 6277 00b8 49       		.uleb128 0x49
 6278 00b9 13       		.uleb128 0x13
 6279 00ba 02       		.uleb128 0x2
 6280 00bb 17       		.uleb128 0x17
 6281 00bc B742     		.uleb128 0x2137
 6282 00be 17       		.uleb128 0x17
 6283 00bf 00       		.byte	0
 6284 00c0 00       		.byte	0
 6285 00c1 0E       		.uleb128 0xe
 6286 00c2 16       		.uleb128 0x16
 6287 00c3 00       		.byte	0
 6288 00c4 03       		.uleb128 0x3
 6289 00c5 0E       		.uleb128 0xe
 6290 00c6 3A       		.uleb128 0x3a
 6291 00c7 0B       		.uleb128 0xb
 6292 00c8 3B       		.uleb128 0x3b
 6293 00c9 05       		.uleb128 0x5
 6294 00ca 39       		.uleb128 0x39
 6295 00cb 0B       		.uleb128 0xb
 6296 00cc 49       		.uleb128 0x49
 6297 00cd 13       		.uleb128 0x13
 6298 00ce 00       		.byte	0
 6299 00cf 00       		.byte	0
 6300 00d0 0F       		.uleb128 0xf
 6301 00d1 26       		.uleb128 0x26
 6302 00d2 00       		.byte	0
 6303 00d3 49       		.uleb128 0x49
 6304 00d4 13       		.uleb128 0x13
 6305 00d5 00       		.byte	0
 6306 00d6 00       		.byte	0
 6307 00d7 10       		.uleb128 0x10
 6308 00d8 2E       		.uleb128 0x2e
 6309 00d9 01       		.byte	0x1
 6310 00da 3F       		.uleb128 0x3f
 6311 00db 19       		.uleb128 0x19
 6312 00dc 03       		.uleb128 0x3
 6313 00dd 0E       		.uleb128 0xe
 6314 00de 3A       		.uleb128 0x3a
 6315 00df 21       		.uleb128 0x21
 6316 00e0 0D       		.sleb128 13
 6317 00e1 3B       		.uleb128 0x3b
 6318 00e2 05       		.uleb128 0x5
 6319 00e3 39       		.uleb128 0x39
 6320 00e4 21       		.uleb128 0x21
 6321 00e5 08       		.sleb128 8
 6322 00e6 27       		.uleb128 0x27
 6323 00e7 19       		.uleb128 0x19
 6324 00e8 3C       		.uleb128 0x3c
 6325 00e9 19       		.uleb128 0x19
 6326 00ea 01       		.uleb128 0x1
 6327 00eb 13       		.uleb128 0x13
ARM GAS  /tmp/ccrvdhwe.s 			page 112


 6328 00ec 00       		.byte	0
 6329 00ed 00       		.byte	0
 6330 00ee 11       		.uleb128 0x11
 6331 00ef 2E       		.uleb128 0x2e
 6332 00f0 01       		.byte	0x1
 6333 00f1 3F       		.uleb128 0x3f
 6334 00f2 19       		.uleb128 0x19
 6335 00f3 03       		.uleb128 0x3
 6336 00f4 0E       		.uleb128 0xe
 6337 00f5 3A       		.uleb128 0x3a
 6338 00f6 21       		.uleb128 0x21
 6339 00f7 01       		.sleb128 1
 6340 00f8 3B       		.uleb128 0x3b
 6341 00f9 05       		.uleb128 0x5
 6342 00fa 39       		.uleb128 0x39
 6343 00fb 21       		.uleb128 0x21
 6344 00fc 06       		.sleb128 6
 6345 00fd 27       		.uleb128 0x27
 6346 00fe 19       		.uleb128 0x19
 6347 00ff 11       		.uleb128 0x11
 6348 0100 01       		.uleb128 0x1
 6349 0101 12       		.uleb128 0x12
 6350 0102 06       		.uleb128 0x6
 6351 0103 40       		.uleb128 0x40
 6352 0104 18       		.uleb128 0x18
 6353 0105 7A       		.uleb128 0x7a
 6354 0106 19       		.uleb128 0x19
 6355 0107 01       		.uleb128 0x1
 6356 0108 13       		.uleb128 0x13
 6357 0109 00       		.byte	0
 6358 010a 00       		.byte	0
 6359 010b 12       		.uleb128 0x12
 6360 010c 24       		.uleb128 0x24
 6361 010d 00       		.byte	0
 6362 010e 0B       		.uleb128 0xb
 6363 010f 0B       		.uleb128 0xb
 6364 0110 3E       		.uleb128 0x3e
 6365 0111 0B       		.uleb128 0xb
 6366 0112 03       		.uleb128 0x3
 6367 0113 0E       		.uleb128 0xe
 6368 0114 00       		.byte	0
 6369 0115 00       		.byte	0
 6370 0116 13       		.uleb128 0x13
 6371 0117 05       		.uleb128 0x5
 6372 0118 00       		.byte	0
 6373 0119 03       		.uleb128 0x3
 6374 011a 08       		.uleb128 0x8
 6375 011b 3A       		.uleb128 0x3a
 6376 011c 21       		.uleb128 0x21
 6377 011d 01       		.sleb128 1
 6378 011e 3B       		.uleb128 0x3b
 6379 011f 05       		.uleb128 0x5
 6380 0120 39       		.uleb128 0x39
 6381 0121 0B       		.uleb128 0xb
 6382 0122 49       		.uleb128 0x49
 6383 0123 13       		.uleb128 0x13
 6384 0124 02       		.uleb128 0x2
ARM GAS  /tmp/ccrvdhwe.s 			page 113


 6385 0125 17       		.uleb128 0x17
 6386 0126 B742     		.uleb128 0x2137
 6387 0128 17       		.uleb128 0x17
 6388 0129 00       		.byte	0
 6389 012a 00       		.byte	0
 6390 012b 14       		.uleb128 0x14
 6391 012c 2E       		.uleb128 0x2e
 6392 012d 00       		.byte	0
 6393 012e 03       		.uleb128 0x3
 6394 012f 0E       		.uleb128 0xe
 6395 0130 3A       		.uleb128 0x3a
 6396 0131 0B       		.uleb128 0xb
 6397 0132 3B       		.uleb128 0x3b
 6398 0133 05       		.uleb128 0x5
 6399 0134 39       		.uleb128 0x39
 6400 0135 21       		.uleb128 0x21
 6401 0136 14       		.sleb128 20
 6402 0137 27       		.uleb128 0x27
 6403 0138 19       		.uleb128 0x19
 6404 0139 20       		.uleb128 0x20
 6405 013a 21       		.uleb128 0x21
 6406 013b 03       		.sleb128 3
 6407 013c 00       		.byte	0
 6408 013d 00       		.byte	0
 6409 013e 15       		.uleb128 0x15
 6410 013f 01       		.uleb128 0x1
 6411 0140 01       		.byte	0x1
 6412 0141 49       		.uleb128 0x49
 6413 0142 13       		.uleb128 0x13
 6414 0143 01       		.uleb128 0x1
 6415 0144 13       		.uleb128 0x13
 6416 0145 00       		.byte	0
 6417 0146 00       		.byte	0
 6418 0147 16       		.uleb128 0x16
 6419 0148 21       		.uleb128 0x21
 6420 0149 00       		.byte	0
 6421 014a 49       		.uleb128 0x49
 6422 014b 13       		.uleb128 0x13
 6423 014c 2F       		.uleb128 0x2f
 6424 014d 0B       		.uleb128 0xb
 6425 014e 00       		.byte	0
 6426 014f 00       		.byte	0
 6427 0150 17       		.uleb128 0x17
 6428 0151 34       		.uleb128 0x34
 6429 0152 00       		.byte	0
 6430 0153 03       		.uleb128 0x3
 6431 0154 0E       		.uleb128 0xe
 6432 0155 49       		.uleb128 0x49
 6433 0156 13       		.uleb128 0x13
 6434 0157 34       		.uleb128 0x34
 6435 0158 19       		.uleb128 0x19
 6436 0159 00       		.byte	0
 6437 015a 00       		.byte	0
 6438 015b 18       		.uleb128 0x18
 6439 015c 34       		.uleb128 0x34
 6440 015d 00       		.byte	0
 6441 015e 03       		.uleb128 0x3
ARM GAS  /tmp/ccrvdhwe.s 			page 114


 6442 015f 08       		.uleb128 0x8
 6443 0160 3A       		.uleb128 0x3a
 6444 0161 21       		.uleb128 0x21
 6445 0162 01       		.sleb128 1
 6446 0163 3B       		.uleb128 0x3b
 6447 0164 05       		.uleb128 0x5
 6448 0165 39       		.uleb128 0x39
 6449 0166 0B       		.uleb128 0xb
 6450 0167 49       		.uleb128 0x49
 6451 0168 13       		.uleb128 0x13
 6452 0169 02       		.uleb128 0x2
 6453 016a 17       		.uleb128 0x17
 6454 016b B742     		.uleb128 0x2137
 6455 016d 17       		.uleb128 0x17
 6456 016e 00       		.byte	0
 6457 016f 00       		.byte	0
 6458 0170 19       		.uleb128 0x19
 6459 0171 48       		.uleb128 0x48
 6460 0172 00       		.byte	0
 6461 0173 7D       		.uleb128 0x7d
 6462 0174 01       		.uleb128 0x1
 6463 0175 7F       		.uleb128 0x7f
 6464 0176 13       		.uleb128 0x13
 6465 0177 00       		.byte	0
 6466 0178 00       		.byte	0
 6467 0179 1A       		.uleb128 0x1a
 6468 017a 48       		.uleb128 0x48
 6469 017b 01       		.byte	0x1
 6470 017c 7D       		.uleb128 0x7d
 6471 017d 01       		.uleb128 0x1
 6472 017e 00       		.byte	0
 6473 017f 00       		.byte	0
 6474 0180 1B       		.uleb128 0x1b
 6475 0181 48       		.uleb128 0x48
 6476 0182 01       		.byte	0x1
 6477 0183 7D       		.uleb128 0x7d
 6478 0184 01       		.uleb128 0x1
 6479 0185 01       		.uleb128 0x1
 6480 0186 13       		.uleb128 0x13
 6481 0187 00       		.byte	0
 6482 0188 00       		.byte	0
 6483 0189 1C       		.uleb128 0x1c
 6484 018a 48       		.uleb128 0x48
 6485 018b 01       		.byte	0x1
 6486 018c 7D       		.uleb128 0x7d
 6487 018d 01       		.uleb128 0x1
 6488 018e 7F       		.uleb128 0x7f
 6489 018f 13       		.uleb128 0x13
 6490 0190 00       		.byte	0
 6491 0191 00       		.byte	0
 6492 0192 1D       		.uleb128 0x1d
 6493 0193 13       		.uleb128 0x13
 6494 0194 01       		.byte	0x1
 6495 0195 03       		.uleb128 0x3
 6496 0196 0E       		.uleb128 0xe
 6497 0197 0B       		.uleb128 0xb
 6498 0198 0B       		.uleb128 0xb
ARM GAS  /tmp/ccrvdhwe.s 			page 115


 6499 0199 3A       		.uleb128 0x3a
 6500 019a 0B       		.uleb128 0xb
 6501 019b 3B       		.uleb128 0x3b
 6502 019c 0B       		.uleb128 0xb
 6503 019d 39       		.uleb128 0x39
 6504 019e 21       		.uleb128 0x21
 6505 019f 08       		.sleb128 8
 6506 01a0 01       		.uleb128 0x1
 6507 01a1 13       		.uleb128 0x13
 6508 01a2 00       		.byte	0
 6509 01a3 00       		.byte	0
 6510 01a4 1E       		.uleb128 0x1e
 6511 01a5 0D       		.uleb128 0xd
 6512 01a6 00       		.byte	0
 6513 01a7 03       		.uleb128 0x3
 6514 01a8 0E       		.uleb128 0xe
 6515 01a9 3A       		.uleb128 0x3a
 6516 01aa 21       		.uleb128 0x21
 6517 01ab 0A       		.sleb128 10
 6518 01ac 3B       		.uleb128 0x3b
 6519 01ad 0B       		.uleb128 0xb
 6520 01ae 39       		.uleb128 0x39
 6521 01af 0B       		.uleb128 0xb
 6522 01b0 49       		.uleb128 0x49
 6523 01b1 13       		.uleb128 0x13
 6524 01b2 00       		.byte	0
 6525 01b3 00       		.byte	0
 6526 01b4 1F       		.uleb128 0x1f
 6527 01b5 04       		.uleb128 0x4
 6528 01b6 01       		.byte	0x1
 6529 01b7 3E       		.uleb128 0x3e
 6530 01b8 21       		.uleb128 0x21
 6531 01b9 07       		.sleb128 7
 6532 01ba 0B       		.uleb128 0xb
 6533 01bb 21       		.uleb128 0x21
 6534 01bc 01       		.sleb128 1
 6535 01bd 49       		.uleb128 0x49
 6536 01be 13       		.uleb128 0x13
 6537 01bf 3A       		.uleb128 0x3a
 6538 01c0 21       		.uleb128 0x21
 6539 01c1 0C       		.sleb128 12
 6540 01c2 3B       		.uleb128 0x3b
 6541 01c3 05       		.uleb128 0x5
 6542 01c4 39       		.uleb128 0x39
 6543 01c5 21       		.uleb128 0x21
 6544 01c6 0E       		.sleb128 14
 6545 01c7 01       		.uleb128 0x1
 6546 01c8 13       		.uleb128 0x13
 6547 01c9 00       		.byte	0
 6548 01ca 00       		.byte	0
 6549 01cb 20       		.uleb128 0x20
 6550 01cc 15       		.uleb128 0x15
 6551 01cd 01       		.byte	0x1
 6552 01ce 27       		.uleb128 0x27
 6553 01cf 19       		.uleb128 0x19
 6554 01d0 01       		.uleb128 0x1
 6555 01d1 13       		.uleb128 0x13
ARM GAS  /tmp/ccrvdhwe.s 			page 116


 6556 01d2 00       		.byte	0
 6557 01d3 00       		.byte	0
 6558 01d4 21       		.uleb128 0x21
 6559 01d5 13       		.uleb128 0x13
 6560 01d6 01       		.byte	0x1
 6561 01d7 0B       		.uleb128 0xb
 6562 01d8 0B       		.uleb128 0xb
 6563 01d9 3A       		.uleb128 0x3a
 6564 01da 21       		.uleb128 0x21
 6565 01db 0D       		.sleb128 13
 6566 01dc 3B       		.uleb128 0x3b
 6567 01dd 0B       		.uleb128 0xb
 6568 01de 39       		.uleb128 0x39
 6569 01df 21       		.uleb128 0x21
 6570 01e0 09       		.sleb128 9
 6571 01e1 01       		.uleb128 0x1
 6572 01e2 13       		.uleb128 0x13
 6573 01e3 00       		.byte	0
 6574 01e4 00       		.byte	0
 6575 01e5 22       		.uleb128 0x22
 6576 01e6 34       		.uleb128 0x34
 6577 01e7 00       		.byte	0
 6578 01e8 03       		.uleb128 0x3
 6579 01e9 0E       		.uleb128 0xe
 6580 01ea 3A       		.uleb128 0x3a
 6581 01eb 21       		.uleb128 0x21
 6582 01ec 01       		.sleb128 1
 6583 01ed 3B       		.uleb128 0x3b
 6584 01ee 0B       		.uleb128 0xb
 6585 01ef 39       		.uleb128 0x39
 6586 01f0 21       		.uleb128 0x21
 6587 01f1 16       		.sleb128 22
 6588 01f2 49       		.uleb128 0x49
 6589 01f3 13       		.uleb128 0x13
 6590 01f4 02       		.uleb128 0x2
 6591 01f5 18       		.uleb128 0x18
 6592 01f6 00       		.byte	0
 6593 01f7 00       		.byte	0
 6594 01f8 23       		.uleb128 0x23
 6595 01f9 0D       		.uleb128 0xd
 6596 01fa 00       		.byte	0
 6597 01fb 03       		.uleb128 0x3
 6598 01fc 08       		.uleb128 0x8
 6599 01fd 3A       		.uleb128 0x3a
 6600 01fe 0B       		.uleb128 0xb
 6601 01ff 3B       		.uleb128 0x3b
 6602 0200 0B       		.uleb128 0xb
 6603 0201 39       		.uleb128 0x39
 6604 0202 0B       		.uleb128 0xb
 6605 0203 49       		.uleb128 0x49
 6606 0204 13       		.uleb128 0x13
 6607 0205 38       		.uleb128 0x38
 6608 0206 0B       		.uleb128 0xb
 6609 0207 00       		.byte	0
 6610 0208 00       		.byte	0
 6611 0209 24       		.uleb128 0x24
 6612 020a 13       		.uleb128 0x13
ARM GAS  /tmp/ccrvdhwe.s 			page 117


 6613 020b 01       		.byte	0x1
 6614 020c 03       		.uleb128 0x3
 6615 020d 0E       		.uleb128 0xe
 6616 020e 0B       		.uleb128 0xb
 6617 020f 0B       		.uleb128 0xb
 6618 0210 3A       		.uleb128 0x3a
 6619 0211 0B       		.uleb128 0xb
 6620 0212 3B       		.uleb128 0x3b
 6621 0213 05       		.uleb128 0x5
 6622 0214 39       		.uleb128 0x39
 6623 0215 21       		.uleb128 0x21
 6624 0216 08       		.sleb128 8
 6625 0217 01       		.uleb128 0x1
 6626 0218 13       		.uleb128 0x13
 6627 0219 00       		.byte	0
 6628 021a 00       		.byte	0
 6629 021b 25       		.uleb128 0x25
 6630 021c 13       		.uleb128 0x13
 6631 021d 01       		.byte	0x1
 6632 021e 0B       		.uleb128 0xb
 6633 021f 0B       		.uleb128 0xb
 6634 0220 3A       		.uleb128 0x3a
 6635 0221 0B       		.uleb128 0xb
 6636 0222 3B       		.uleb128 0x3b
 6637 0223 05       		.uleb128 0x5
 6638 0224 39       		.uleb128 0x39
 6639 0225 21       		.uleb128 0x21
 6640 0226 09       		.sleb128 9
 6641 0227 01       		.uleb128 0x1
 6642 0228 13       		.uleb128 0x13
 6643 0229 00       		.byte	0
 6644 022a 00       		.byte	0
 6645 022b 26       		.uleb128 0x26
 6646 022c 15       		.uleb128 0x15
 6647 022d 01       		.byte	0x1
 6648 022e 27       		.uleb128 0x27
 6649 022f 19       		.uleb128 0x19
 6650 0230 49       		.uleb128 0x49
 6651 0231 13       		.uleb128 0x13
 6652 0232 01       		.uleb128 0x1
 6653 0233 13       		.uleb128 0x13
 6654 0234 00       		.byte	0
 6655 0235 00       		.byte	0
 6656 0236 27       		.uleb128 0x27
 6657 0237 2E       		.uleb128 0x2e
 6658 0238 01       		.byte	0x1
 6659 0239 3F       		.uleb128 0x3f
 6660 023a 19       		.uleb128 0x19
 6661 023b 03       		.uleb128 0x3
 6662 023c 0E       		.uleb128 0xe
 6663 023d 3A       		.uleb128 0x3a
 6664 023e 21       		.uleb128 0x21
 6665 023f 0D       		.sleb128 13
 6666 0240 3B       		.uleb128 0x3b
 6667 0241 05       		.uleb128 0x5
 6668 0242 39       		.uleb128 0x39
 6669 0243 21       		.uleb128 0x21
ARM GAS  /tmp/ccrvdhwe.s 			page 118


 6670 0244 11       		.sleb128 17
 6671 0245 27       		.uleb128 0x27
 6672 0246 19       		.uleb128 0x19
 6673 0247 49       		.uleb128 0x49
 6674 0248 13       		.uleb128 0x13
 6675 0249 3C       		.uleb128 0x3c
 6676 024a 19       		.uleb128 0x19
 6677 024b 01       		.uleb128 0x1
 6678 024c 13       		.uleb128 0x13
 6679 024d 00       		.byte	0
 6680 024e 00       		.byte	0
 6681 024f 28       		.uleb128 0x28
 6682 0250 2E       		.uleb128 0x2e
 6683 0251 00       		.byte	0
 6684 0252 3F       		.uleb128 0x3f
 6685 0253 19       		.uleb128 0x19
 6686 0254 03       		.uleb128 0x3
 6687 0255 0E       		.uleb128 0xe
 6688 0256 3A       		.uleb128 0x3a
 6689 0257 0B       		.uleb128 0xb
 6690 0258 3B       		.uleb128 0x3b
 6691 0259 05       		.uleb128 0x5
 6692 025a 39       		.uleb128 0x39
 6693 025b 21       		.uleb128 0x21
 6694 025c 08       		.sleb128 8
 6695 025d 27       		.uleb128 0x27
 6696 025e 19       		.uleb128 0x19
 6697 025f 3C       		.uleb128 0x3c
 6698 0260 19       		.uleb128 0x19
 6699 0261 00       		.byte	0
 6700 0262 00       		.byte	0
 6701 0263 29       		.uleb128 0x29
 6702 0264 2E       		.uleb128 0x2e
 6703 0265 01       		.byte	0x1
 6704 0266 3F       		.uleb128 0x3f
 6705 0267 19       		.uleb128 0x19
 6706 0268 03       		.uleb128 0x3
 6707 0269 0E       		.uleb128 0xe
 6708 026a 3A       		.uleb128 0x3a
 6709 026b 21       		.uleb128 0x21
 6710 026c 01       		.sleb128 1
 6711 026d 3B       		.uleb128 0x3b
 6712 026e 05       		.uleb128 0x5
 6713 026f 39       		.uleb128 0x39
 6714 0270 21       		.uleb128 0x21
 6715 0271 06       		.sleb128 6
 6716 0272 27       		.uleb128 0x27
 6717 0273 19       		.uleb128 0x19
 6718 0274 49       		.uleb128 0x49
 6719 0275 13       		.uleb128 0x13
 6720 0276 11       		.uleb128 0x11
 6721 0277 01       		.uleb128 0x1
 6722 0278 12       		.uleb128 0x12
 6723 0279 06       		.uleb128 0x6
 6724 027a 40       		.uleb128 0x40
 6725 027b 18       		.uleb128 0x18
 6726 027c 7A       		.uleb128 0x7a
ARM GAS  /tmp/ccrvdhwe.s 			page 119


 6727 027d 19       		.uleb128 0x19
 6728 027e 01       		.uleb128 0x1
 6729 027f 13       		.uleb128 0x13
 6730 0280 00       		.byte	0
 6731 0281 00       		.byte	0
 6732 0282 2A       		.uleb128 0x2a
 6733 0283 2E       		.uleb128 0x2e
 6734 0284 01       		.byte	0x1
 6735 0285 03       		.uleb128 0x3
 6736 0286 0E       		.uleb128 0xe
 6737 0287 3A       		.uleb128 0x3a
 6738 0288 21       		.uleb128 0x21
 6739 0289 01       		.sleb128 1
 6740 028a 3B       		.uleb128 0x3b
 6741 028b 0B       		.uleb128 0xb
 6742 028c 39       		.uleb128 0x39
 6743 028d 0B       		.uleb128 0xb
 6744 028e 27       		.uleb128 0x27
 6745 028f 19       		.uleb128 0x19
 6746 0290 49       		.uleb128 0x49
 6747 0291 13       		.uleb128 0x13
 6748 0292 11       		.uleb128 0x11
 6749 0293 01       		.uleb128 0x1
 6750 0294 12       		.uleb128 0x12
 6751 0295 06       		.uleb128 0x6
 6752 0296 40       		.uleb128 0x40
 6753 0297 18       		.uleb128 0x18
 6754 0298 7A       		.uleb128 0x7a
 6755 0299 19       		.uleb128 0x19
 6756 029a 01       		.uleb128 0x1
 6757 029b 13       		.uleb128 0x13
 6758 029c 00       		.byte	0
 6759 029d 00       		.byte	0
 6760 029e 2B       		.uleb128 0x2b
 6761 029f 05       		.uleb128 0x5
 6762 02a0 00       		.byte	0
 6763 02a1 03       		.uleb128 0x3
 6764 02a2 0E       		.uleb128 0xe
 6765 02a3 3A       		.uleb128 0x3a
 6766 02a4 21       		.uleb128 0x21
 6767 02a5 01       		.sleb128 1
 6768 02a6 3B       		.uleb128 0x3b
 6769 02a7 0B       		.uleb128 0xb
 6770 02a8 39       		.uleb128 0x39
 6771 02a9 0B       		.uleb128 0xb
 6772 02aa 49       		.uleb128 0x49
 6773 02ab 13       		.uleb128 0x13
 6774 02ac 02       		.uleb128 0x2
 6775 02ad 17       		.uleb128 0x17
 6776 02ae B742     		.uleb128 0x2137
 6777 02b0 17       		.uleb128 0x17
 6778 02b1 00       		.byte	0
 6779 02b2 00       		.byte	0
 6780 02b3 2C       		.uleb128 0x2c
 6781 02b4 34       		.uleb128 0x34
 6782 02b5 00       		.byte	0
 6783 02b6 03       		.uleb128 0x3
ARM GAS  /tmp/ccrvdhwe.s 			page 120


 6784 02b7 08       		.uleb128 0x8
 6785 02b8 3A       		.uleb128 0x3a
 6786 02b9 21       		.uleb128 0x21
 6787 02ba 01       		.sleb128 1
 6788 02bb 3B       		.uleb128 0x3b
 6789 02bc 0B       		.uleb128 0xb
 6790 02bd 39       		.uleb128 0x39
 6791 02be 0B       		.uleb128 0xb
 6792 02bf 49       		.uleb128 0x49
 6793 02c0 13       		.uleb128 0x13
 6794 02c1 02       		.uleb128 0x2
 6795 02c2 17       		.uleb128 0x17
 6796 02c3 B742     		.uleb128 0x2137
 6797 02c5 17       		.uleb128 0x17
 6798 02c6 00       		.byte	0
 6799 02c7 00       		.byte	0
 6800 02c8 2D       		.uleb128 0x2d
 6801 02c9 11       		.uleb128 0x11
 6802 02ca 01       		.byte	0x1
 6803 02cb 25       		.uleb128 0x25
 6804 02cc 0E       		.uleb128 0xe
 6805 02cd 13       		.uleb128 0x13
 6806 02ce 0B       		.uleb128 0xb
 6807 02cf 03       		.uleb128 0x3
 6808 02d0 0E       		.uleb128 0xe
 6809 02d1 1B       		.uleb128 0x1b
 6810 02d2 0E       		.uleb128 0xe
 6811 02d3 55       		.uleb128 0x55
 6812 02d4 17       		.uleb128 0x17
 6813 02d5 11       		.uleb128 0x11
 6814 02d6 01       		.uleb128 0x1
 6815 02d7 10       		.uleb128 0x10
 6816 02d8 17       		.uleb128 0x17
 6817 02d9 00       		.byte	0
 6818 02da 00       		.byte	0
 6819 02db 2E       		.uleb128 0x2e
 6820 02dc 24       		.uleb128 0x24
 6821 02dd 00       		.byte	0
 6822 02de 0B       		.uleb128 0xb
 6823 02df 0B       		.uleb128 0xb
 6824 02e0 3E       		.uleb128 0x3e
 6825 02e1 0B       		.uleb128 0xb
 6826 02e2 03       		.uleb128 0x3
 6827 02e3 08       		.uleb128 0x8
 6828 02e4 00       		.byte	0
 6829 02e5 00       		.byte	0
 6830 02e6 2F       		.uleb128 0x2f
 6831 02e7 0F       		.uleb128 0xf
 6832 02e8 00       		.byte	0
 6833 02e9 0B       		.uleb128 0xb
 6834 02ea 0B       		.uleb128 0xb
 6835 02eb 00       		.byte	0
 6836 02ec 00       		.byte	0
 6837 02ed 30       		.uleb128 0x30
 6838 02ee 17       		.uleb128 0x17
 6839 02ef 01       		.byte	0x1
 6840 02f0 0B       		.uleb128 0xb
ARM GAS  /tmp/ccrvdhwe.s 			page 121


 6841 02f1 0B       		.uleb128 0xb
 6842 02f2 3A       		.uleb128 0x3a
 6843 02f3 0B       		.uleb128 0xb
 6844 02f4 3B       		.uleb128 0x3b
 6845 02f5 0B       		.uleb128 0xb
 6846 02f6 39       		.uleb128 0x39
 6847 02f7 0B       		.uleb128 0xb
 6848 02f8 01       		.uleb128 0x1
 6849 02f9 13       		.uleb128 0x13
 6850 02fa 00       		.byte	0
 6851 02fb 00       		.byte	0
 6852 02fc 31       		.uleb128 0x31
 6853 02fd 2E       		.uleb128 0x2e
 6854 02fe 01       		.byte	0x1
 6855 02ff 3F       		.uleb128 0x3f
 6856 0300 19       		.uleb128 0x19
 6857 0301 03       		.uleb128 0x3
 6858 0302 0E       		.uleb128 0xe
 6859 0303 3A       		.uleb128 0x3a
 6860 0304 0B       		.uleb128 0xb
 6861 0305 3B       		.uleb128 0x3b
 6862 0306 0B       		.uleb128 0xb
 6863 0307 39       		.uleb128 0x39
 6864 0308 0B       		.uleb128 0xb
 6865 0309 27       		.uleb128 0x27
 6866 030a 19       		.uleb128 0x19
 6867 030b 49       		.uleb128 0x49
 6868 030c 13       		.uleb128 0x13
 6869 030d 3C       		.uleb128 0x3c
 6870 030e 19       		.uleb128 0x19
 6871 030f 01       		.uleb128 0x1
 6872 0310 13       		.uleb128 0x13
 6873 0311 00       		.byte	0
 6874 0312 00       		.byte	0
 6875 0313 32       		.uleb128 0x32
 6876 0314 05       		.uleb128 0x5
 6877 0315 00       		.byte	0
 6878 0316 03       		.uleb128 0x3
 6879 0317 0E       		.uleb128 0xe
 6880 0318 3A       		.uleb128 0x3a
 6881 0319 0B       		.uleb128 0xb
 6882 031a 3B       		.uleb128 0x3b
 6883 031b 05       		.uleb128 0x5
 6884 031c 39       		.uleb128 0x39
 6885 031d 0B       		.uleb128 0xb
 6886 031e 49       		.uleb128 0x49
 6887 031f 13       		.uleb128 0x13
 6888 0320 02       		.uleb128 0x2
 6889 0321 18       		.uleb128 0x18
 6890 0322 00       		.byte	0
 6891 0323 00       		.byte	0
 6892 0324 33       		.uleb128 0x33
 6893 0325 2E       		.uleb128 0x2e
 6894 0326 01       		.byte	0x1
 6895 0327 3F       		.uleb128 0x3f
 6896 0328 19       		.uleb128 0x19
 6897 0329 03       		.uleb128 0x3
ARM GAS  /tmp/ccrvdhwe.s 			page 122


 6898 032a 0E       		.uleb128 0xe
 6899 032b 3A       		.uleb128 0x3a
 6900 032c 0B       		.uleb128 0xb
 6901 032d 3B       		.uleb128 0x3b
 6902 032e 0B       		.uleb128 0xb
 6903 032f 39       		.uleb128 0x39
 6904 0330 0B       		.uleb128 0xb
 6905 0331 27       		.uleb128 0x27
 6906 0332 19       		.uleb128 0x19
 6907 0333 11       		.uleb128 0x11
 6908 0334 01       		.uleb128 0x1
 6909 0335 12       		.uleb128 0x12
 6910 0336 06       		.uleb128 0x6
 6911 0337 40       		.uleb128 0x40
 6912 0338 18       		.uleb128 0x18
 6913 0339 7A       		.uleb128 0x7a
 6914 033a 19       		.uleb128 0x19
 6915 033b 01       		.uleb128 0x1
 6916 033c 13       		.uleb128 0x13
 6917 033d 00       		.byte	0
 6918 033e 00       		.byte	0
 6919 033f 34       		.uleb128 0x34
 6920 0340 48       		.uleb128 0x48
 6921 0341 01       		.byte	0x1
 6922 0342 7D       		.uleb128 0x7d
 6923 0343 01       		.uleb128 0x1
 6924 0344 8301     		.uleb128 0x83
 6925 0346 18       		.uleb128 0x18
 6926 0347 01       		.uleb128 0x1
 6927 0348 13       		.uleb128 0x13
 6928 0349 00       		.byte	0
 6929 034a 00       		.byte	0
 6930 034b 35       		.uleb128 0x35
 6931 034c 2E       		.uleb128 0x2e
 6932 034d 01       		.byte	0x1
 6933 034e 03       		.uleb128 0x3
 6934 034f 0E       		.uleb128 0xe
 6935 0350 3A       		.uleb128 0x3a
 6936 0351 0B       		.uleb128 0xb
 6937 0352 3B       		.uleb128 0x3b
 6938 0353 0B       		.uleb128 0xb
 6939 0354 39       		.uleb128 0x39
 6940 0355 0B       		.uleb128 0xb
 6941 0356 27       		.uleb128 0x27
 6942 0357 19       		.uleb128 0x19
 6943 0358 11       		.uleb128 0x11
 6944 0359 01       		.uleb128 0x1
 6945 035a 12       		.uleb128 0x12
 6946 035b 06       		.uleb128 0x6
 6947 035c 40       		.uleb128 0x40
 6948 035d 18       		.uleb128 0x18
 6949 035e 7A       		.uleb128 0x7a
 6950 035f 19       		.uleb128 0x19
 6951 0360 01       		.uleb128 0x1
 6952 0361 13       		.uleb128 0x13
 6953 0362 00       		.byte	0
 6954 0363 00       		.byte	0
ARM GAS  /tmp/ccrvdhwe.s 			page 123


 6955 0364 36       		.uleb128 0x36
 6956 0365 05       		.uleb128 0x5
 6957 0366 00       		.byte	0
 6958 0367 03       		.uleb128 0x3
 6959 0368 08       		.uleb128 0x8
 6960 0369 3A       		.uleb128 0x3a
 6961 036a 0B       		.uleb128 0xb
 6962 036b 3B       		.uleb128 0x3b
 6963 036c 0B       		.uleb128 0xb
 6964 036d 39       		.uleb128 0x39
 6965 036e 0B       		.uleb128 0xb
 6966 036f 49       		.uleb128 0x49
 6967 0370 13       		.uleb128 0x13
 6968 0371 02       		.uleb128 0x2
 6969 0372 17       		.uleb128 0x17
 6970 0373 B742     		.uleb128 0x2137
 6971 0375 17       		.uleb128 0x17
 6972 0376 00       		.byte	0
 6973 0377 00       		.byte	0
 6974 0378 37       		.uleb128 0x37
 6975 0379 2E       		.uleb128 0x2e
 6976 037a 01       		.byte	0x1
 6977 037b 03       		.uleb128 0x3
 6978 037c 0E       		.uleb128 0xe
 6979 037d 3A       		.uleb128 0x3a
 6980 037e 0B       		.uleb128 0xb
 6981 037f 3B       		.uleb128 0x3b
 6982 0380 05       		.uleb128 0x5
 6983 0381 39       		.uleb128 0x39
 6984 0382 0B       		.uleb128 0xb
 6985 0383 27       		.uleb128 0x27
 6986 0384 19       		.uleb128 0x19
 6987 0385 20       		.uleb128 0x20
 6988 0386 0B       		.uleb128 0xb
 6989 0387 01       		.uleb128 0x1
 6990 0388 13       		.uleb128 0x13
 6991 0389 00       		.byte	0
 6992 038a 00       		.byte	0
 6993 038b 38       		.uleb128 0x38
 6994 038c 2E       		.uleb128 0x2e
 6995 038d 01       		.byte	0x1
 6996 038e 03       		.uleb128 0x3
 6997 038f 0E       		.uleb128 0xe
 6998 0390 3A       		.uleb128 0x3a
 6999 0391 0B       		.uleb128 0xb
 7000 0392 3B       		.uleb128 0x3b
 7001 0393 05       		.uleb128 0x5
 7002 0394 39       		.uleb128 0x39
 7003 0395 0B       		.uleb128 0xb
 7004 0396 27       		.uleb128 0x27
 7005 0397 19       		.uleb128 0x19
 7006 0398 20       		.uleb128 0x20
 7007 0399 0B       		.uleb128 0xb
 7008 039a 00       		.byte	0
 7009 039b 00       		.byte	0
 7010 039c 39       		.uleb128 0x39
 7011 039d 05       		.uleb128 0x5
ARM GAS  /tmp/ccrvdhwe.s 			page 124


 7012 039e 00       		.byte	0
 7013 039f 03       		.uleb128 0x3
 7014 03a0 0E       		.uleb128 0xe
 7015 03a1 3A       		.uleb128 0x3a
 7016 03a2 0B       		.uleb128 0xb
 7017 03a3 3B       		.uleb128 0x3b
 7018 03a4 05       		.uleb128 0x5
 7019 03a5 39       		.uleb128 0x39
 7020 03a6 0B       		.uleb128 0xb
 7021 03a7 49       		.uleb128 0x49
 7022 03a8 13       		.uleb128 0x13
 7023 03a9 00       		.byte	0
 7024 03aa 00       		.byte	0
 7025 03ab 00       		.byte	0
 7026              		.section	.debug_loclists,"",%progbits
 7027 0000 9F070000 		.4byte	.Ldebug_loc3-.Ldebug_loc2
 7028              	.Ldebug_loc2:
 7029 0004 0500     		.2byte	0x5
 7030 0006 04       		.byte	0x4
 7031 0007 00       		.byte	0
 7032 0008 00000000 		.4byte	0
 7033              	.Ldebug_loc0:
 7034              	.LVUS56:
 7035 000c 00       		.uleb128 0
 7036 000d 00       		.uleb128 .LVU813
 7037 000e 00       		.uleb128 .LVU813
 7038 000f 00       		.uleb128 .LVU829
 7039 0010 00       		.uleb128 .LVU829
 7040 0011 00       		.uleb128 .LVU836
 7041 0012 00       		.uleb128 .LVU836
 7042 0013 00       		.uleb128 .LVU839
 7043 0014 00       		.uleb128 .LVU839
 7044 0015 00       		.uleb128 .LVU842
 7045 0016 00       		.uleb128 .LVU842
 7046 0017 00       		.uleb128 0
 7047              	.LLST56:
 7048 0018 06       		.byte	0x6
 7049 0019 00000000 		.4byte	.LVL170
 7050 001d 04       		.byte	0x4
 7051 001e 00       		.uleb128 .LVL170-.LVL170
 7052 001f 2D       		.uleb128 .LVL174-1-.LVL170
 7053 0020 01       		.uleb128 0x1
 7054 0021 50       		.byte	0x50
 7055 0022 04       		.byte	0x4
 7056 0023 2D       		.uleb128 .LVL174-1-.LVL170
 7057 0024 36       		.uleb128 .LVL176-.LVL170
 7058 0025 01       		.uleb128 0x1
 7059 0026 54       		.byte	0x54
 7060 0027 04       		.byte	0x4
 7061 0028 36       		.uleb128 .LVL176-.LVL170
 7062 0029 45       		.uleb128 .LVL177-1-.LVL170
 7063 002a 01       		.uleb128 0x1
 7064 002b 50       		.byte	0x50
 7065 002c 04       		.byte	0x4
 7066 002d 45       		.uleb128 .LVL177-1-.LVL170
 7067 002e 4E       		.uleb128 .LVL178-.LVL170
 7068 002f 01       		.uleb128 0x1
ARM GAS  /tmp/ccrvdhwe.s 			page 125


 7069 0030 54       		.byte	0x54
 7070 0031 04       		.byte	0x4
 7071 0032 4E       		.uleb128 .LVL178-.LVL170
 7072 0033 53       		.uleb128 .LVL180-1-.LVL170
 7073 0034 01       		.uleb128 0x1
 7074 0035 50       		.byte	0x50
 7075 0036 04       		.byte	0x4
 7076 0037 53       		.uleb128 .LVL180-1-.LVL170
 7077 0038 70       		.uleb128 .LFE251-.LVL170
 7078 0039 01       		.uleb128 0x1
 7079 003a 54       		.byte	0x54
 7080 003b 00       		.byte	0
 7081              	.LVUS57:
 7082 003c 00       		.uleb128 0
 7083 003d 00       		.uleb128 .LVU812
 7084 003e 00       		.uleb128 .LVU812
 7085 003f 00       		.uleb128 .LVU829
 7086 0040 00       		.uleb128 .LVU829
 7087 0041 00       		.uleb128 .LVU836
 7088 0042 00       		.uleb128 .LVU836
 7089 0043 00       		.uleb128 .LVU839
 7090 0044 00       		.uleb128 .LVU839
 7091 0045 00       		.uleb128 .LVU841
 7092 0046 00       		.uleb128 .LVU841
 7093 0047 00       		.uleb128 0
 7094              	.LLST57:
 7095 0048 06       		.byte	0x6
 7096 0049 00000000 		.4byte	.LVL170
 7097 004d 04       		.byte	0x4
 7098 004e 00       		.uleb128 .LVL170-.LVL170
 7099 004f 2A       		.uleb128 .LVL173-.LVL170
 7100 0050 01       		.uleb128 0x1
 7101 0051 51       		.byte	0x51
 7102 0052 04       		.byte	0x4
 7103 0053 2A       		.uleb128 .LVL173-.LVL170
 7104 0054 36       		.uleb128 .LVL176-.LVL170
 7105 0055 0A       		.uleb128 0xa
 7106 0056 A3       		.byte	0xa3
 7107 0057 03       		.uleb128 0x3
 7108 0058 A5       		.byte	0xa5
 7109 0059 01       		.uleb128 0x1
 7110 005a 26       		.uleb128 0x26
 7111 005b A8       		.byte	0xa8
 7112 005c 34       		.uleb128 0x34
 7113 005d A8       		.byte	0xa8
 7114 005e 00       		.uleb128 0
 7115 005f 9F       		.byte	0x9f
 7116 0060 04       		.byte	0x4
 7117 0061 36       		.uleb128 .LVL176-.LVL170
 7118 0062 45       		.uleb128 .LVL177-1-.LVL170
 7119 0063 01       		.uleb128 0x1
 7120 0064 51       		.byte	0x51
 7121 0065 04       		.byte	0x4
 7122 0066 45       		.uleb128 .LVL177-1-.LVL170
 7123 0067 4E       		.uleb128 .LVL178-.LVL170
 7124 0068 0A       		.uleb128 0xa
 7125 0069 A3       		.byte	0xa3
ARM GAS  /tmp/ccrvdhwe.s 			page 126


 7126 006a 03       		.uleb128 0x3
 7127 006b A5       		.byte	0xa5
 7128 006c 01       		.uleb128 0x1
 7129 006d 26       		.uleb128 0x26
 7130 006e A8       		.byte	0xa8
 7131 006f 34       		.uleb128 0x34
 7132 0070 A8       		.byte	0xa8
 7133 0071 00       		.uleb128 0
 7134 0072 9F       		.byte	0x9f
 7135 0073 04       		.byte	0x4
 7136 0074 4E       		.uleb128 .LVL178-.LVL170
 7137 0075 50       		.uleb128 .LVL179-.LVL170
 7138 0076 01       		.uleb128 0x1
 7139 0077 51       		.byte	0x51
 7140 0078 04       		.byte	0x4
 7141 0079 50       		.uleb128 .LVL179-.LVL170
 7142 007a 70       		.uleb128 .LFE251-.LVL170
 7143 007b 0A       		.uleb128 0xa
 7144 007c A3       		.byte	0xa3
 7145 007d 03       		.uleb128 0x3
 7146 007e A5       		.byte	0xa5
 7147 007f 01       		.uleb128 0x1
 7148 0080 26       		.uleb128 0x26
 7149 0081 A8       		.byte	0xa8
 7150 0082 34       		.uleb128 0x34
 7151 0083 A8       		.byte	0xa8
 7152 0084 00       		.uleb128 0
 7153 0085 9F       		.byte	0x9f
 7154 0086 00       		.byte	0
 7155              	.LVUS58:
 7156 0087 09       		.uleb128 .LVU806
 7157 0088 00       		.uleb128 .LVU808
 7158              	.LLST58:
 7159 0089 08       		.byte	0x8
 7160 008a 1E000000 		.4byte	.LVL171
 7161 008e 06       		.uleb128 .LVL172-.LVL171
 7162 008f 03       		.uleb128 0x3
 7163 0090 08       		.byte	0x8
 7164 0091 20       		.byte	0x20
 7165 0092 9F       		.byte	0x9f
 7166 0093 00       		.byte	0
 7167              	.LVUS59:
 7168 0094 0B       		.uleb128 .LVU824
 7169 0095 00       		.uleb128 .LVU826
 7170              	.LLST59:
 7171 0096 08       		.byte	0x8
 7172 0097 2E000000 		.4byte	.LVL174
 7173 009b 06       		.uleb128 .LVL175-.LVL174
 7174 009c 02       		.uleb128 0x2
 7175 009d 30       		.byte	0x30
 7176 009e 9F       		.byte	0x9f
 7177 009f 00       		.byte	0
 7178              	.LVUS49:
 7179 00a0 00       		.uleb128 0
 7180 00a1 00       		.uleb128 .LVU696
 7181 00a2 00       		.uleb128 .LVU696
 7182 00a3 00       		.uleb128 .LVU770
ARM GAS  /tmp/ccrvdhwe.s 			page 127


 7183 00a4 00       		.uleb128 .LVU770
 7184 00a5 00       		.uleb128 .LVU774
 7185 00a6 00       		.uleb128 .LVU774
 7186 00a7 00       		.uleb128 .LVU777
 7187 00a8 00       		.uleb128 .LVU777
 7188 00a9 00       		.uleb128 .LVU780
 7189 00aa 00       		.uleb128 .LVU780
 7190 00ab 00       		.uleb128 0
 7191              	.LLST49:
 7192 00ac 06       		.byte	0x6
 7193 00ad 00000000 		.4byte	.LVL150
 7194 00b1 04       		.byte	0x4
 7195 00b2 00       		.uleb128 .LVL150-.LVL150
 7196 00b3 1A       		.uleb128 .LVL151-.LVL150
 7197 00b4 01       		.uleb128 0x1
 7198 00b5 50       		.byte	0x50
 7199 00b6 04       		.byte	0x4
 7200 00b7 1A       		.uleb128 .LVL151-.LVL150
 7201 00b8 72       		.uleb128 .LVL163-.LVL150
 7202 00b9 01       		.uleb128 0x1
 7203 00ba 54       		.byte	0x54
 7204 00bb 04       		.byte	0x4
 7205 00bc 72       		.uleb128 .LVL163-.LVL150
 7206 00bd 77       		.uleb128 .LVL164-1-.LVL150
 7207 00be 01       		.uleb128 0x1
 7208 00bf 50       		.byte	0x50
 7209 00c0 04       		.byte	0x4
 7210 00c1 77       		.uleb128 .LVL164-1-.LVL150
 7211 00c2 8001     		.uleb128 .LVL165-.LVL150
 7212 00c4 01       		.uleb128 0x1
 7213 00c5 54       		.byte	0x54
 7214 00c6 04       		.byte	0x4
 7215 00c7 8001     		.uleb128 .LVL165-.LVL150
 7216 00c9 8501     		.uleb128 .LVL167-1-.LVL150
 7217 00cb 01       		.uleb128 0x1
 7218 00cc 50       		.byte	0x50
 7219 00cd 04       		.byte	0x4
 7220 00ce 8501     		.uleb128 .LVL167-1-.LVL150
 7221 00d0 A201     		.uleb128 .LFE250-.LVL150
 7222 00d2 01       		.uleb128 0x1
 7223 00d3 54       		.byte	0x54
 7224 00d4 00       		.byte	0
 7225              	.LVUS50:
 7226 00d5 00       		.uleb128 0
 7227 00d6 00       		.uleb128 .LVU697
 7228 00d7 00       		.uleb128 .LVU697
 7229 00d8 00       		.uleb128 .LVU770
 7230 00d9 00       		.uleb128 .LVU770
 7231 00da 00       		.uleb128 .LVU774
 7232 00db 00       		.uleb128 .LVU774
 7233 00dc 00       		.uleb128 .LVU777
 7234 00dd 00       		.uleb128 .LVU777
 7235 00de 00       		.uleb128 .LVU779
 7236 00df 00       		.uleb128 .LVU779
 7237 00e0 00       		.uleb128 0
 7238              	.LLST50:
 7239 00e1 06       		.byte	0x6
ARM GAS  /tmp/ccrvdhwe.s 			page 128


 7240 00e2 00000000 		.4byte	.LVL150
 7241 00e6 04       		.byte	0x4
 7242 00e7 00       		.uleb128 .LVL150-.LVL150
 7243 00e8 1D       		.uleb128 .LVL152-1-.LVL150
 7244 00e9 01       		.uleb128 0x1
 7245 00ea 51       		.byte	0x51
 7246 00eb 04       		.byte	0x4
 7247 00ec 1D       		.uleb128 .LVL152-1-.LVL150
 7248 00ed 72       		.uleb128 .LVL163-.LVL150
 7249 00ee 0A       		.uleb128 0xa
 7250 00ef A3       		.byte	0xa3
 7251 00f0 03       		.uleb128 0x3
 7252 00f1 A5       		.byte	0xa5
 7253 00f2 01       		.uleb128 0x1
 7254 00f3 26       		.uleb128 0x26
 7255 00f4 A8       		.byte	0xa8
 7256 00f5 34       		.uleb128 0x34
 7257 00f6 A8       		.byte	0xa8
 7258 00f7 00       		.uleb128 0
 7259 00f8 9F       		.byte	0x9f
 7260 00f9 04       		.byte	0x4
 7261 00fa 72       		.uleb128 .LVL163-.LVL150
 7262 00fb 77       		.uleb128 .LVL164-1-.LVL150
 7263 00fc 01       		.uleb128 0x1
 7264 00fd 51       		.byte	0x51
 7265 00fe 04       		.byte	0x4
 7266 00ff 77       		.uleb128 .LVL164-1-.LVL150
 7267 0100 8001     		.uleb128 .LVL165-.LVL150
 7268 0102 0A       		.uleb128 0xa
 7269 0103 A3       		.byte	0xa3
 7270 0104 03       		.uleb128 0x3
 7271 0105 A5       		.byte	0xa5
 7272 0106 01       		.uleb128 0x1
 7273 0107 26       		.uleb128 0x26
 7274 0108 A8       		.byte	0xa8
 7275 0109 34       		.uleb128 0x34
 7276 010a A8       		.byte	0xa8
 7277 010b 00       		.uleb128 0
 7278 010c 9F       		.byte	0x9f
 7279 010d 04       		.byte	0x4
 7280 010e 8001     		.uleb128 .LVL165-.LVL150
 7281 0110 8201     		.uleb128 .LVL166-.LVL150
 7282 0112 01       		.uleb128 0x1
 7283 0113 51       		.byte	0x51
 7284 0114 04       		.byte	0x4
 7285 0115 8201     		.uleb128 .LVL166-.LVL150
 7286 0117 A201     		.uleb128 .LFE250-.LVL150
 7287 0119 0A       		.uleb128 0xa
 7288 011a A3       		.byte	0xa3
 7289 011b 03       		.uleb128 0x3
 7290 011c A5       		.byte	0xa5
 7291 011d 01       		.uleb128 0x1
 7292 011e 26       		.uleb128 0x26
 7293 011f A8       		.byte	0xa8
 7294 0120 34       		.uleb128 0x34
 7295 0121 A8       		.byte	0xa8
 7296 0122 00       		.uleb128 0
ARM GAS  /tmp/ccrvdhwe.s 			page 129


 7297 0123 9F       		.byte	0x9f
 7298 0124 00       		.byte	0
 7299              	.LVUS51:
 7300 0125 00       		.uleb128 .LVU697
 7301 0126 00       		.uleb128 .LVU704
 7302 0127 00       		.uleb128 .LVU737
 7303 0128 00       		.uleb128 .LVU752
 7304              	.LLST51:
 7305 0129 06       		.byte	0x6
 7306 012a 1E000000 		.4byte	.LVL152
 7307 012e 04       		.byte	0x4
 7308 012f 00       		.uleb128 .LVL152-.LVL152
 7309 0130 14       		.uleb128 .LVL153-.LVL152
 7310 0131 01       		.uleb128 0x1
 7311 0132 50       		.byte	0x50
 7312 0133 04       		.byte	0x4
 7313 0134 34       		.uleb128 .LVL158-.LVL152
 7314 0135 42       		.uleb128 .LVL160-.LVL152
 7315 0136 01       		.uleb128 0x1
 7316 0137 50       		.byte	0x50
 7317 0138 00       		.byte	0
 7318              	.LVUS52:
 7319 0139 09       		.uleb128 .LVU715
 7320 013a 00       		.uleb128 .LVU717
 7321              	.LLST52:
 7322 013b 08       		.byte	0x8
 7323 013c 38000000 		.4byte	.LVL154
 7324 0140 06       		.uleb128 .LVL155-.LVL154
 7325 0141 03       		.uleb128 0x3
 7326 0142 08       		.byte	0x8
 7327 0143 20       		.byte	0x20
 7328 0144 9F       		.byte	0x9f
 7329 0145 00       		.byte	0
 7330              	.LVUS53:
 7331 0146 0B       		.uleb128 .LVU732
 7332 0147 00       		.uleb128 .LVU734
 7333              	.LLST53:
 7334 0148 08       		.byte	0x8
 7335 0149 4A000000 		.4byte	.LVL156
 7336 014d 06       		.uleb128 .LVL157-.LVL156
 7337 014e 02       		.uleb128 0x2
 7338 014f 30       		.byte	0x30
 7339 0150 9F       		.byte	0x9f
 7340 0151 00       		.byte	0
 7341              	.LVUS54:
 7342 0152 09       		.uleb128 .LVU746
 7343 0153 00       		.uleb128 .LVU748
 7344              	.LLST54:
 7345 0154 08       		.byte	0x8
 7346 0155 52000000 		.4byte	.LVL158
 7347 0159 06       		.uleb128 .LVL159-.LVL158
 7348 015a 03       		.uleb128 0x3
 7349 015b 08       		.byte	0x8
 7350 015c 20       		.byte	0x20
 7351 015d 9F       		.byte	0x9f
 7352 015e 00       		.byte	0
 7353              	.LVUS55:
ARM GAS  /tmp/ccrvdhwe.s 			page 130


 7354 015f 0B       		.uleb128 .LVU764
 7355 0160 00       		.uleb128 .LVU766
 7356              	.LLST55:
 7357 0161 08       		.byte	0x8
 7358 0162 64000000 		.4byte	.LVL161
 7359 0166 06       		.uleb128 .LVL162-.LVL161
 7360 0167 02       		.uleb128 0x2
 7361 0168 30       		.byte	0x30
 7362 0169 9F       		.byte	0x9f
 7363 016a 00       		.byte	0
 7364              	.LVUS38:
 7365 016b 00       		.uleb128 0
 7366 016c 00       		.uleb128 .LVU516
 7367 016d 00       		.uleb128 .LVU516
 7368 016e 00       		.uleb128 0
 7369              	.LLST38:
 7370 016f 06       		.byte	0x6
 7371 0170 00000000 		.4byte	.LVL118
 7372 0174 04       		.byte	0x4
 7373 0175 00       		.uleb128 .LVL118-.LVL118
 7374 0176 11       		.uleb128 .LVL119-1-.LVL118
 7375 0177 01       		.uleb128 0x1
 7376 0178 50       		.byte	0x50
 7377 0179 04       		.byte	0x4
 7378 017a 11       		.uleb128 .LVL119-1-.LVL118
 7379 017b F601     		.uleb128 .LFE249-.LVL118
 7380 017d 01       		.uleb128 0x1
 7381 017e 54       		.byte	0x54
 7382 017f 00       		.byte	0
 7383              	.LVUS39:
 7384 0180 00       		.uleb128 0
 7385 0181 00       		.uleb128 .LVU516
 7386 0182 00       		.uleb128 .LVU516
 7387 0183 00       		.uleb128 0
 7388              	.LLST39:
 7389 0184 06       		.byte	0x6
 7390 0185 00000000 		.4byte	.LVL118
 7391 0189 04       		.byte	0x4
 7392 018a 00       		.uleb128 .LVL118-.LVL118
 7393 018b 11       		.uleb128 .LVL119-1-.LVL118
 7394 018c 01       		.uleb128 0x1
 7395 018d 51       		.byte	0x51
 7396 018e 04       		.byte	0x4
 7397 018f 11       		.uleb128 .LVL119-1-.LVL118
 7398 0190 F601     		.uleb128 .LFE249-.LVL118
 7399 0192 0A       		.uleb128 0xa
 7400 0193 A3       		.byte	0xa3
 7401 0194 03       		.uleb128 0x3
 7402 0195 A5       		.byte	0xa5
 7403 0196 01       		.uleb128 0x1
 7404 0197 26       		.uleb128 0x26
 7405 0198 A8       		.byte	0xa8
 7406 0199 34       		.uleb128 0x34
 7407 019a A8       		.byte	0xa8
 7408 019b 00       		.uleb128 0
 7409 019c 9F       		.byte	0x9f
 7410 019d 00       		.byte	0
ARM GAS  /tmp/ccrvdhwe.s 			page 131


 7411              	.LVUS40:
 7412 019e 00       		.uleb128 .LVU529
 7413 019f 00       		.uleb128 .LVU557
 7414 01a0 00       		.uleb128 .LVU583
 7415 01a1 00       		.uleb128 .LVU603
 7416 01a2 00       		.uleb128 .LVU619
 7417 01a3 00       		.uleb128 .LVU637
 7418 01a4 00       		.uleb128 .LVU653
 7419 01a5 00       		.uleb128 .LVU671
 7420              	.LLST40:
 7421 01a6 06       		.byte	0x6
 7422 01a7 38000000 		.4byte	.LVL122
 7423 01ab 04       		.byte	0x4
 7424 01ac 00       		.uleb128 .LVL122-.LVL122
 7425 01ad 2A       		.uleb128 .LVL125-.LVL122
 7426 01ae 01       		.uleb128 0x1
 7427 01af 50       		.byte	0x50
 7428 01b0 04       		.byte	0x4
 7429 01b1 5A       		.uleb128 .LVL132-.LVL122
 7430 01b2 72       		.uleb128 .LVL135-.LVL122
 7431 01b3 01       		.uleb128 0x1
 7432 01b4 50       		.byte	0x50
 7433 01b5 04       		.byte	0x4
 7434 01b6 7E       		.uleb128 .LVL138-.LVL122
 7435 01b7 9201     		.uleb128 .LVL141-.LVL122
 7436 01b9 01       		.uleb128 0x1
 7437 01ba 50       		.byte	0x50
 7438 01bb 04       		.byte	0x4
 7439 01bc 9E01     		.uleb128 .LVL144-.LVL122
 7440 01be B201     		.uleb128 .LVL147-.LVL122
 7441 01c0 01       		.uleb128 0x1
 7442 01c1 50       		.byte	0x50
 7443 01c2 00       		.byte	0
 7444              	.LVUS41:
 7445 01c3 09       		.uleb128 .LVU551
 7446 01c4 00       		.uleb128 .LVU553
 7447              	.LLST41:
 7448 01c5 08       		.byte	0x8
 7449 01c6 54000000 		.4byte	.LVL123
 7450 01ca 06       		.uleb128 .LVL124-.LVL123
 7451 01cb 03       		.uleb128 0x3
 7452 01cc 08       		.byte	0x8
 7453 01cd 20       		.byte	0x20
 7454 01ce 9F       		.byte	0x9f
 7455 01cf 00       		.byte	0
 7456              	.LVUS42:
 7457 01d0 0B       		.uleb128 .LVU569
 7458 01d1 00       		.uleb128 .LVU571
 7459              	.LLST42:
 7460 01d2 08       		.byte	0x8
 7461 01d3 66000000 		.4byte	.LVL126
 7462 01d7 06       		.uleb128 .LVL127-.LVL126
 7463 01d8 02       		.uleb128 0x2
 7464 01d9 30       		.byte	0x30
 7465 01da 9F       		.byte	0x9f
 7466 01db 00       		.byte	0
 7467              	.LVUS43:
ARM GAS  /tmp/ccrvdhwe.s 			page 132


 7468 01dc 09       		.uleb128 .LVU597
 7469 01dd 00       		.uleb128 .LVU599
 7470              	.LLST43:
 7471 01de 08       		.byte	0x8
 7472 01df 9C000000 		.4byte	.LVL133
 7473 01e3 06       		.uleb128 .LVL134-.LVL133
 7474 01e4 03       		.uleb128 0x3
 7475 01e5 08       		.byte	0x8
 7476 01e6 20       		.byte	0x20
 7477 01e7 9F       		.byte	0x9f
 7478 01e8 00       		.byte	0
 7479              	.LVUS44:
 7480 01e9 0B       		.uleb128 .LVU615
 7481 01ea 00       		.uleb128 .LVU617
 7482              	.LLST44:
 7483 01eb 08       		.byte	0x8
 7484 01ec AE000000 		.4byte	.LVL136
 7485 01f0 06       		.uleb128 .LVL137-.LVL136
 7486 01f1 02       		.uleb128 0x2
 7487 01f2 30       		.byte	0x30
 7488 01f3 9F       		.byte	0x9f
 7489 01f4 00       		.byte	0
 7490              	.LVUS45:
 7491 01f5 09       		.uleb128 .LVU631
 7492 01f6 00       		.uleb128 .LVU633
 7493              	.LLST45:
 7494 01f7 08       		.byte	0x8
 7495 01f8 BC000000 		.4byte	.LVL139
 7496 01fc 06       		.uleb128 .LVL140-.LVL139
 7497 01fd 03       		.uleb128 0x3
 7498 01fe 08       		.byte	0x8
 7499 01ff 20       		.byte	0x20
 7500 0200 9F       		.byte	0x9f
 7501 0201 00       		.byte	0
 7502              	.LVUS46:
 7503 0202 0B       		.uleb128 .LVU649
 7504 0203 00       		.uleb128 .LVU651
 7505              	.LLST46:
 7506 0204 08       		.byte	0x8
 7507 0205 CE000000 		.4byte	.LVL142
 7508 0209 06       		.uleb128 .LVL143-.LVL142
 7509 020a 02       		.uleb128 0x2
 7510 020b 30       		.byte	0x30
 7511 020c 9F       		.byte	0x9f
 7512 020d 00       		.byte	0
 7513              	.LVUS47:
 7514 020e 09       		.uleb128 .LVU665
 7515 020f 00       		.uleb128 .LVU667
 7516              	.LLST47:
 7517 0210 08       		.byte	0x8
 7518 0211 DC000000 		.4byte	.LVL145
 7519 0215 06       		.uleb128 .LVL146-.LVL145
 7520 0216 03       		.uleb128 0x3
 7521 0217 08       		.byte	0x8
 7522 0218 20       		.byte	0x20
 7523 0219 9F       		.byte	0x9f
 7524 021a 00       		.byte	0
ARM GAS  /tmp/ccrvdhwe.s 			page 133


 7525              	.LVUS48:
 7526 021b 0B       		.uleb128 .LVU683
 7527 021c 00       		.uleb128 .LVU685
 7528              	.LLST48:
 7529 021d 08       		.byte	0x8
 7530 021e EE000000 		.4byte	.LVL148
 7531 0222 06       		.uleb128 .LVL149-.LVL148
 7532 0223 02       		.uleb128 0x2
 7533 0224 30       		.byte	0x30
 7534 0225 9F       		.byte	0x9f
 7535 0226 00       		.byte	0
 7536              	.LVUS37:
 7537 0227 00       		.uleb128 0
 7538 0228 00       		.uleb128 .LVU508
 7539 0229 00       		.uleb128 .LVU508
 7540 022a 00       		.uleb128 0
 7541              	.LLST37:
 7542 022b 06       		.byte	0x6
 7543 022c 00000000 		.4byte	.LVL116
 7544 0230 04       		.byte	0x4
 7545 0231 00       		.uleb128 .LVL116-.LVL116
 7546 0232 0F       		.uleb128 .LVL117-1-.LVL116
 7547 0233 01       		.uleb128 0x1
 7548 0234 50       		.byte	0x50
 7549 0235 04       		.byte	0x4
 7550 0236 0F       		.uleb128 .LVL117-1-.LVL116
 7551 0237 12       		.uleb128 .LFE248-.LVL116
 7552 0238 0A       		.uleb128 0xa
 7553 0239 A3       		.byte	0xa3
 7554 023a 03       		.uleb128 0x3
 7555 023b A5       		.byte	0xa5
 7556 023c 00       		.uleb128 0
 7557 023d 26       		.uleb128 0x26
 7558 023e A8       		.byte	0xa8
 7559 023f 2D       		.uleb128 0x2d
 7560 0240 A8       		.byte	0xa8
 7561 0241 00       		.uleb128 0
 7562 0242 9F       		.byte	0x9f
 7563 0243 00       		.byte	0
 7564              	.LVUS36:
 7565 0244 00       		.uleb128 0
 7566 0245 00       		.uleb128 .LVU500
 7567 0246 00       		.uleb128 .LVU500
 7568 0247 00       		.uleb128 0
 7569              	.LLST36:
 7570 0248 06       		.byte	0x6
 7571 0249 00000000 		.4byte	.LVL114
 7572 024d 04       		.byte	0x4
 7573 024e 00       		.uleb128 .LVL114-.LVL114
 7574 024f 0F       		.uleb128 .LVL115-1-.LVL114
 7575 0250 01       		.uleb128 0x1
 7576 0251 50       		.byte	0x50
 7577 0252 04       		.byte	0x4
 7578 0253 0F       		.uleb128 .LVL115-1-.LVL114
 7579 0254 12       		.uleb128 .LFE247-.LVL114
 7580 0255 0A       		.uleb128 0xa
 7581 0256 A3       		.byte	0xa3
ARM GAS  /tmp/ccrvdhwe.s 			page 134


 7582 0257 03       		.uleb128 0x3
 7583 0258 A5       		.byte	0xa5
 7584 0259 00       		.uleb128 0
 7585 025a 26       		.uleb128 0x26
 7586 025b A8       		.byte	0xa8
 7587 025c 2D       		.uleb128 0x2d
 7588 025d A8       		.byte	0xa8
 7589 025e 00       		.uleb128 0
 7590 025f 9F       		.byte	0x9f
 7591 0260 00       		.byte	0
 7592              	.LVUS34:
 7593 0261 00       		.uleb128 0
 7594 0262 00       		.uleb128 .LVU488
 7595 0263 00       		.uleb128 .LVU488
 7596 0264 00       		.uleb128 0
 7597              	.LLST34:
 7598 0265 06       		.byte	0x6
 7599 0266 00000000 		.4byte	.LVL106
 7600 026a 04       		.byte	0x4
 7601 026b 00       		.uleb128 .LVL106-.LVL106
 7602 026c 34       		.uleb128 .LVL111-.LVL106
 7603 026d 01       		.uleb128 0x1
 7604 026e 50       		.byte	0x50
 7605 026f 04       		.byte	0x4
 7606 0270 34       		.uleb128 .LVL111-.LVL106
 7607 0271 46       		.uleb128 .LFE246-.LVL106
 7608 0272 01       		.uleb128 0x1
 7609 0273 54       		.byte	0x54
 7610 0274 00       		.byte	0
 7611              	.LVUS35:
 7612 0275 01       		.uleb128 .LVU479
 7613 0276 00       		.uleb128 .LVU480
 7614 0277 00       		.uleb128 .LVU480
 7615 0278 00       		.uleb128 .LVU486
 7616              	.LLST35:
 7617 0279 06       		.byte	0x6
 7618 027a 1A000000 		.4byte	.LVL107
 7619 027e 04       		.byte	0x4
 7620 027f 00       		.uleb128 .LVL107-.LVL107
 7621 0280 02       		.uleb128 .LVL108-.LVL107
 7622 0281 02       		.uleb128 0x2
 7623 0282 30       		.byte	0x30
 7624 0283 9F       		.byte	0x9f
 7625 0284 04       		.byte	0x4
 7626 0285 02       		.uleb128 .LVL108-.LVL107
 7627 0286 14       		.uleb128 .LVL110-.LVL107
 7628 0287 01       		.uleb128 0x1
 7629 0288 53       		.byte	0x53
 7630 0289 00       		.byte	0
 7631              	.LVUS32:
 7632 028a 00       		.uleb128 0
 7633 028b 00       		.uleb128 .LVU459
 7634 028c 00       		.uleb128 .LVU459
 7635 028d 00       		.uleb128 .LVU460
 7636 028e 00       		.uleb128 .LVU460
 7637 028f 00       		.uleb128 .LVU461
 7638 0290 00       		.uleb128 .LVU461
ARM GAS  /tmp/ccrvdhwe.s 			page 135


 7639 0291 00       		.uleb128 0
 7640              	.LLST32:
 7641 0292 06       		.byte	0x6
 7642 0293 00000000 		.4byte	.LVL102
 7643 0297 04       		.byte	0x4
 7644 0298 00       		.uleb128 .LVL102-.LVL102
 7645 0299 0E       		.uleb128 .LVL103-.LVL102
 7646 029a 01       		.uleb128 0x1
 7647 029b 50       		.byte	0x50
 7648 029c 04       		.byte	0x4
 7649 029d 0E       		.uleb128 .LVL103-.LVL102
 7650 029e 10       		.uleb128 .LVL104-.LVL102
 7651 029f 0A       		.uleb128 0xa
 7652 02a0 A3       		.byte	0xa3
 7653 02a1 03       		.uleb128 0x3
 7654 02a2 A5       		.byte	0xa5
 7655 02a3 00       		.uleb128 0
 7656 02a4 26       		.uleb128 0x26
 7657 02a5 A8       		.byte	0xa8
 7658 02a6 2D       		.uleb128 0x2d
 7659 02a7 A8       		.byte	0xa8
 7660 02a8 00       		.uleb128 0
 7661 02a9 9F       		.byte	0x9f
 7662 02aa 04       		.byte	0x4
 7663 02ab 10       		.uleb128 .LVL104-.LVL102
 7664 02ac 13       		.uleb128 .LVL105-1-.LVL102
 7665 02ad 01       		.uleb128 0x1
 7666 02ae 50       		.byte	0x50
 7667 02af 04       		.byte	0x4
 7668 02b0 13       		.uleb128 .LVL105-1-.LVL102
 7669 02b1 18       		.uleb128 .LFE245-.LVL102
 7670 02b2 0A       		.uleb128 0xa
 7671 02b3 A3       		.byte	0xa3
 7672 02b4 03       		.uleb128 0x3
 7673 02b5 A5       		.byte	0xa5
 7674 02b6 00       		.uleb128 0
 7675 02b7 26       		.uleb128 0x26
 7676 02b8 A8       		.byte	0xa8
 7677 02b9 2D       		.uleb128 0x2d
 7678 02ba A8       		.byte	0xa8
 7679 02bb 00       		.uleb128 0
 7680 02bc 9F       		.byte	0x9f
 7681 02bd 00       		.byte	0
 7682              	.LVUS33:
 7683 02be 00       		.uleb128 0
 7684 02bf 00       		.uleb128 .LVU459
 7685 02c0 00       		.uleb128 .LVU459
 7686 02c1 00       		.uleb128 .LVU460
 7687 02c2 00       		.uleb128 .LVU460
 7688 02c3 00       		.uleb128 .LVU461
 7689 02c4 00       		.uleb128 .LVU461
 7690 02c5 00       		.uleb128 0
 7691              	.LLST33:
 7692 02c6 06       		.byte	0x6
 7693 02c7 00000000 		.4byte	.LVL102
 7694 02cb 04       		.byte	0x4
 7695 02cc 00       		.uleb128 .LVL102-.LVL102
ARM GAS  /tmp/ccrvdhwe.s 			page 136


 7696 02cd 0E       		.uleb128 .LVL103-.LVL102
 7697 02ce 01       		.uleb128 0x1
 7698 02cf 51       		.byte	0x51
 7699 02d0 04       		.byte	0x4
 7700 02d1 0E       		.uleb128 .LVL103-.LVL102
 7701 02d2 10       		.uleb128 .LVL104-.LVL102
 7702 02d3 0A       		.uleb128 0xa
 7703 02d4 A3       		.byte	0xa3
 7704 02d5 03       		.uleb128 0x3
 7705 02d6 A5       		.byte	0xa5
 7706 02d7 01       		.uleb128 0x1
 7707 02d8 26       		.uleb128 0x26
 7708 02d9 A8       		.byte	0xa8
 7709 02da 34       		.uleb128 0x34
 7710 02db A8       		.byte	0xa8
 7711 02dc 00       		.uleb128 0
 7712 02dd 9F       		.byte	0x9f
 7713 02de 04       		.byte	0x4
 7714 02df 10       		.uleb128 .LVL104-.LVL102
 7715 02e0 13       		.uleb128 .LVL105-1-.LVL102
 7716 02e1 01       		.uleb128 0x1
 7717 02e2 51       		.byte	0x51
 7718 02e3 04       		.byte	0x4
 7719 02e4 13       		.uleb128 .LVL105-1-.LVL102
 7720 02e5 18       		.uleb128 .LFE245-.LVL102
 7721 02e6 0A       		.uleb128 0xa
 7722 02e7 A3       		.byte	0xa3
 7723 02e8 03       		.uleb128 0x3
 7724 02e9 A5       		.byte	0xa5
 7725 02ea 01       		.uleb128 0x1
 7726 02eb 26       		.uleb128 0x26
 7727 02ec A8       		.byte	0xa8
 7728 02ed 34       		.uleb128 0x34
 7729 02ee A8       		.byte	0xa8
 7730 02ef 00       		.uleb128 0
 7731 02f0 9F       		.byte	0x9f
 7732 02f1 00       		.byte	0
 7733              	.LVUS30:
 7734 02f2 00       		.uleb128 0
 7735 02f3 00       		.uleb128 .LVU445
 7736 02f4 00       		.uleb128 .LVU445
 7737 02f5 00       		.uleb128 .LVU446
 7738 02f6 00       		.uleb128 .LVU446
 7739 02f7 00       		.uleb128 .LVU447
 7740 02f8 00       		.uleb128 .LVU447
 7741 02f9 00       		.uleb128 0
 7742              	.LLST30:
 7743 02fa 06       		.byte	0x6
 7744 02fb 00000000 		.4byte	.LVL98
 7745 02ff 04       		.byte	0x4
 7746 0300 00       		.uleb128 .LVL98-.LVL98
 7747 0301 0E       		.uleb128 .LVL99-.LVL98
 7748 0302 01       		.uleb128 0x1
 7749 0303 50       		.byte	0x50
 7750 0304 04       		.byte	0x4
 7751 0305 0E       		.uleb128 .LVL99-.LVL98
 7752 0306 10       		.uleb128 .LVL100-.LVL98
ARM GAS  /tmp/ccrvdhwe.s 			page 137


 7753 0307 0A       		.uleb128 0xa
 7754 0308 A3       		.byte	0xa3
 7755 0309 03       		.uleb128 0x3
 7756 030a A5       		.byte	0xa5
 7757 030b 00       		.uleb128 0
 7758 030c 26       		.uleb128 0x26
 7759 030d A8       		.byte	0xa8
 7760 030e 2D       		.uleb128 0x2d
 7761 030f A8       		.byte	0xa8
 7762 0310 00       		.uleb128 0
 7763 0311 9F       		.byte	0x9f
 7764 0312 04       		.byte	0x4
 7765 0313 10       		.uleb128 .LVL100-.LVL98
 7766 0314 13       		.uleb128 .LVL101-1-.LVL98
 7767 0315 01       		.uleb128 0x1
 7768 0316 50       		.byte	0x50
 7769 0317 04       		.byte	0x4
 7770 0318 13       		.uleb128 .LVL101-1-.LVL98
 7771 0319 18       		.uleb128 .LFE244-.LVL98
 7772 031a 0A       		.uleb128 0xa
 7773 031b A3       		.byte	0xa3
 7774 031c 03       		.uleb128 0x3
 7775 031d A5       		.byte	0xa5
 7776 031e 00       		.uleb128 0
 7777 031f 26       		.uleb128 0x26
 7778 0320 A8       		.byte	0xa8
 7779 0321 2D       		.uleb128 0x2d
 7780 0322 A8       		.byte	0xa8
 7781 0323 00       		.uleb128 0
 7782 0324 9F       		.byte	0x9f
 7783 0325 00       		.byte	0
 7784              	.LVUS31:
 7785 0326 00       		.uleb128 0
 7786 0327 00       		.uleb128 .LVU445
 7787 0328 00       		.uleb128 .LVU445
 7788 0329 00       		.uleb128 .LVU446
 7789 032a 00       		.uleb128 .LVU446
 7790 032b 00       		.uleb128 .LVU447
 7791 032c 00       		.uleb128 .LVU447
 7792 032d 00       		.uleb128 0
 7793              	.LLST31:
 7794 032e 06       		.byte	0x6
 7795 032f 00000000 		.4byte	.LVL98
 7796 0333 04       		.byte	0x4
 7797 0334 00       		.uleb128 .LVL98-.LVL98
 7798 0335 0E       		.uleb128 .LVL99-.LVL98
 7799 0336 01       		.uleb128 0x1
 7800 0337 51       		.byte	0x51
 7801 0338 04       		.byte	0x4
 7802 0339 0E       		.uleb128 .LVL99-.LVL98
 7803 033a 10       		.uleb128 .LVL100-.LVL98
 7804 033b 0A       		.uleb128 0xa
 7805 033c A3       		.byte	0xa3
 7806 033d 03       		.uleb128 0x3
 7807 033e A5       		.byte	0xa5
 7808 033f 01       		.uleb128 0x1
 7809 0340 26       		.uleb128 0x26
ARM GAS  /tmp/ccrvdhwe.s 			page 138


 7810 0341 A8       		.byte	0xa8
 7811 0342 34       		.uleb128 0x34
 7812 0343 A8       		.byte	0xa8
 7813 0344 00       		.uleb128 0
 7814 0345 9F       		.byte	0x9f
 7815 0346 04       		.byte	0x4
 7816 0347 10       		.uleb128 .LVL100-.LVL98
 7817 0348 13       		.uleb128 .LVL101-1-.LVL98
 7818 0349 01       		.uleb128 0x1
 7819 034a 51       		.byte	0x51
 7820 034b 04       		.byte	0x4
 7821 034c 13       		.uleb128 .LVL101-1-.LVL98
 7822 034d 18       		.uleb128 .LFE244-.LVL98
 7823 034e 0A       		.uleb128 0xa
 7824 034f A3       		.byte	0xa3
 7825 0350 03       		.uleb128 0x3
 7826 0351 A5       		.byte	0xa5
 7827 0352 01       		.uleb128 0x1
 7828 0353 26       		.uleb128 0x26
 7829 0354 A8       		.byte	0xa8
 7830 0355 34       		.uleb128 0x34
 7831 0356 A8       		.byte	0xa8
 7832 0357 00       		.uleb128 0
 7833 0358 9F       		.byte	0x9f
 7834 0359 00       		.byte	0
 7835              	.LVUS25:
 7836 035a 00       		.uleb128 0
 7837 035b 00       		.uleb128 .LVU433
 7838 035c 00       		.uleb128 .LVU433
 7839 035d 00       		.uleb128 0
 7840              	.LLST25:
 7841 035e 06       		.byte	0x6
 7842 035f 00000000 		.4byte	.LVL94
 7843 0363 04       		.byte	0x4
 7844 0364 00       		.uleb128 .LVL94-.LVL94
 7845 0365 27       		.uleb128 .LVL97-1-.LVL94
 7846 0366 01       		.uleb128 0x1
 7847 0367 50       		.byte	0x50
 7848 0368 04       		.byte	0x4
 7849 0369 27       		.uleb128 .LVL97-1-.LVL94
 7850 036a 2A       		.uleb128 .LFE243-.LVL94
 7851 036b 0A       		.uleb128 0xa
 7852 036c A3       		.byte	0xa3
 7853 036d 03       		.uleb128 0x3
 7854 036e A5       		.byte	0xa5
 7855 036f 00       		.uleb128 0
 7856 0370 26       		.uleb128 0x26
 7857 0371 A8       		.byte	0xa8
 7858 0372 2D       		.uleb128 0x2d
 7859 0373 A8       		.byte	0xa8
 7860 0374 00       		.uleb128 0
 7861 0375 9F       		.byte	0x9f
 7862 0376 00       		.byte	0
 7863              	.LVUS26:
 7864 0377 00       		.uleb128 0
 7865 0378 00       		.uleb128 .LVU433
 7866 0379 00       		.uleb128 .LVU433
ARM GAS  /tmp/ccrvdhwe.s 			page 139


 7867 037a 00       		.uleb128 0
 7868              	.LLST26:
 7869 037b 06       		.byte	0x6
 7870 037c 00000000 		.4byte	.LVL94
 7871 0380 04       		.byte	0x4
 7872 0381 00       		.uleb128 .LVL94-.LVL94
 7873 0382 27       		.uleb128 .LVL97-1-.LVL94
 7874 0383 01       		.uleb128 0x1
 7875 0384 51       		.byte	0x51
 7876 0385 04       		.byte	0x4
 7877 0386 27       		.uleb128 .LVL97-1-.LVL94
 7878 0387 2A       		.uleb128 .LFE243-.LVL94
 7879 0388 0A       		.uleb128 0xa
 7880 0389 A3       		.byte	0xa3
 7881 038a 03       		.uleb128 0x3
 7882 038b A5       		.byte	0xa5
 7883 038c 01       		.uleb128 0x1
 7884 038d 26       		.uleb128 0x26
 7885 038e A8       		.byte	0xa8
 7886 038f 34       		.uleb128 0x34
 7887 0390 A8       		.byte	0xa8
 7888 0391 00       		.uleb128 0
 7889 0392 9F       		.byte	0x9f
 7890 0393 00       		.byte	0
 7891              	.LVUS27:
 7892 0394 00       		.uleb128 0
 7893 0395 00       		.uleb128 .LVU433
 7894 0396 00       		.uleb128 .LVU433
 7895 0397 00       		.uleb128 0
 7896              	.LLST27:
 7897 0398 06       		.byte	0x6
 7898 0399 00000000 		.4byte	.LVL94
 7899 039d 04       		.byte	0x4
 7900 039e 00       		.uleb128 .LVL94-.LVL94
 7901 039f 27       		.uleb128 .LVL97-1-.LVL94
 7902 03a0 01       		.uleb128 0x1
 7903 03a1 52       		.byte	0x52
 7904 03a2 04       		.byte	0x4
 7905 03a3 27       		.uleb128 .LVL97-1-.LVL94
 7906 03a4 2A       		.uleb128 .LFE243-.LVL94
 7907 03a5 0A       		.uleb128 0xa
 7908 03a6 A3       		.byte	0xa3
 7909 03a7 03       		.uleb128 0x3
 7910 03a8 A5       		.byte	0xa5
 7911 03a9 02       		.uleb128 0x2
 7912 03aa 26       		.uleb128 0x26
 7913 03ab A8       		.byte	0xa8
 7914 03ac 2D       		.uleb128 0x2d
 7915 03ad A8       		.byte	0xa8
 7916 03ae 00       		.uleb128 0
 7917 03af 9F       		.byte	0x9f
 7918 03b0 00       		.byte	0
 7919              	.LVUS28:
 7920 03b1 00       		.uleb128 0
 7921 03b2 00       		.uleb128 .LVU431
 7922 03b3 00       		.uleb128 .LVU431
 7923 03b4 00       		.uleb128 .LVU433
ARM GAS  /tmp/ccrvdhwe.s 			page 140


 7924 03b5 00       		.uleb128 .LVU433
 7925 03b6 00       		.uleb128 0
 7926              	.LLST28:
 7927 03b7 06       		.byte	0x6
 7928 03b8 00000000 		.4byte	.LVL94
 7929 03bc 04       		.byte	0x4
 7930 03bd 00       		.uleb128 .LVL94-.LVL94
 7931 03be 22       		.uleb128 .LVL96-.LVL94
 7932 03bf 01       		.uleb128 0x1
 7933 03c0 53       		.byte	0x53
 7934 03c1 04       		.byte	0x4
 7935 03c2 22       		.uleb128 .LVL96-.LVL94
 7936 03c3 27       		.uleb128 .LVL97-1-.LVL94
 7937 03c4 02       		.uleb128 0x2
 7938 03c5 74       		.byte	0x74
 7939 03c6 00       		.sleb128 0
 7940 03c7 04       		.byte	0x4
 7941 03c8 27       		.uleb128 .LVL97-1-.LVL94
 7942 03c9 2A       		.uleb128 .LFE243-.LVL94
 7943 03ca 0A       		.uleb128 0xa
 7944 03cb A3       		.byte	0xa3
 7945 03cc 03       		.uleb128 0x3
 7946 03cd A5       		.byte	0xa5
 7947 03ce 03       		.uleb128 0x3
 7948 03cf 26       		.uleb128 0x26
 7949 03d0 A8       		.byte	0xa8
 7950 03d1 2D       		.uleb128 0x2d
 7951 03d2 A8       		.byte	0xa8
 7952 03d3 00       		.uleb128 0
 7953 03d4 9F       		.byte	0x9f
 7954 03d5 00       		.byte	0
 7955              	.LVUS29:
 7956 03d6 00       		.uleb128 .LVU425
 7957 03d7 00       		.uleb128 0
 7958              	.LLST29:
 7959 03d8 08       		.byte	0x8
 7960 03d9 1C000000 		.4byte	.LVL95
 7961 03dd 0E       		.uleb128 .LFE243-.LVL95
 7962 03de 01       		.uleb128 0x1
 7963 03df 54       		.byte	0x54
 7964 03e0 00       		.byte	0
 7965              	.LVUS20:
 7966 03e1 00       		.uleb128 0
 7967 03e2 00       		.uleb128 .LVU408
 7968 03e3 00       		.uleb128 .LVU408
 7969 03e4 00       		.uleb128 0
 7970              	.LLST20:
 7971 03e5 06       		.byte	0x6
 7972 03e6 00000000 		.4byte	.LVL90
 7973 03ea 04       		.byte	0x4
 7974 03eb 00       		.uleb128 .LVL90-.LVL90
 7975 03ec 27       		.uleb128 .LVL93-1-.LVL90
 7976 03ed 01       		.uleb128 0x1
 7977 03ee 50       		.byte	0x50
 7978 03ef 04       		.byte	0x4
 7979 03f0 27       		.uleb128 .LVL93-1-.LVL90
 7980 03f1 2A       		.uleb128 .LFE242-.LVL90
ARM GAS  /tmp/ccrvdhwe.s 			page 141


 7981 03f2 0A       		.uleb128 0xa
 7982 03f3 A3       		.byte	0xa3
 7983 03f4 03       		.uleb128 0x3
 7984 03f5 A5       		.byte	0xa5
 7985 03f6 00       		.uleb128 0
 7986 03f7 26       		.uleb128 0x26
 7987 03f8 A8       		.byte	0xa8
 7988 03f9 2D       		.uleb128 0x2d
 7989 03fa A8       		.byte	0xa8
 7990 03fb 00       		.uleb128 0
 7991 03fc 9F       		.byte	0x9f
 7992 03fd 00       		.byte	0
 7993              	.LVUS21:
 7994 03fe 00       		.uleb128 0
 7995 03ff 00       		.uleb128 .LVU408
 7996 0400 00       		.uleb128 .LVU408
 7997 0401 00       		.uleb128 0
 7998              	.LLST21:
 7999 0402 06       		.byte	0x6
 8000 0403 00000000 		.4byte	.LVL90
 8001 0407 04       		.byte	0x4
 8002 0408 00       		.uleb128 .LVL90-.LVL90
 8003 0409 27       		.uleb128 .LVL93-1-.LVL90
 8004 040a 01       		.uleb128 0x1
 8005 040b 51       		.byte	0x51
 8006 040c 04       		.byte	0x4
 8007 040d 27       		.uleb128 .LVL93-1-.LVL90
 8008 040e 2A       		.uleb128 .LFE242-.LVL90
 8009 040f 0A       		.uleb128 0xa
 8010 0410 A3       		.byte	0xa3
 8011 0411 03       		.uleb128 0x3
 8012 0412 A5       		.byte	0xa5
 8013 0413 01       		.uleb128 0x1
 8014 0414 26       		.uleb128 0x26
 8015 0415 A8       		.byte	0xa8
 8016 0416 34       		.uleb128 0x34
 8017 0417 A8       		.byte	0xa8
 8018 0418 00       		.uleb128 0
 8019 0419 9F       		.byte	0x9f
 8020 041a 00       		.byte	0
 8021              	.LVUS22:
 8022 041b 00       		.uleb128 0
 8023 041c 00       		.uleb128 .LVU408
 8024 041d 00       		.uleb128 .LVU408
 8025 041e 00       		.uleb128 0
 8026              	.LLST22:
 8027 041f 06       		.byte	0x6
 8028 0420 00000000 		.4byte	.LVL90
 8029 0424 04       		.byte	0x4
 8030 0425 00       		.uleb128 .LVL90-.LVL90
 8031 0426 27       		.uleb128 .LVL93-1-.LVL90
 8032 0427 01       		.uleb128 0x1
 8033 0428 52       		.byte	0x52
 8034 0429 04       		.byte	0x4
 8035 042a 27       		.uleb128 .LVL93-1-.LVL90
 8036 042b 2A       		.uleb128 .LFE242-.LVL90
 8037 042c 0A       		.uleb128 0xa
ARM GAS  /tmp/ccrvdhwe.s 			page 142


 8038 042d A3       		.byte	0xa3
 8039 042e 03       		.uleb128 0x3
 8040 042f A5       		.byte	0xa5
 8041 0430 02       		.uleb128 0x2
 8042 0431 26       		.uleb128 0x26
 8043 0432 A8       		.byte	0xa8
 8044 0433 2D       		.uleb128 0x2d
 8045 0434 A8       		.byte	0xa8
 8046 0435 00       		.uleb128 0
 8047 0436 9F       		.byte	0x9f
 8048 0437 00       		.byte	0
 8049              	.LVUS23:
 8050 0438 00       		.uleb128 0
 8051 0439 00       		.uleb128 .LVU406
 8052 043a 00       		.uleb128 .LVU406
 8053 043b 00       		.uleb128 .LVU408
 8054 043c 00       		.uleb128 .LVU408
 8055 043d 00       		.uleb128 0
 8056              	.LLST23:
 8057 043e 06       		.byte	0x6
 8058 043f 00000000 		.4byte	.LVL90
 8059 0443 04       		.byte	0x4
 8060 0444 00       		.uleb128 .LVL90-.LVL90
 8061 0445 22       		.uleb128 .LVL92-.LVL90
 8062 0446 01       		.uleb128 0x1
 8063 0447 53       		.byte	0x53
 8064 0448 04       		.byte	0x4
 8065 0449 22       		.uleb128 .LVL92-.LVL90
 8066 044a 27       		.uleb128 .LVL93-1-.LVL90
 8067 044b 02       		.uleb128 0x2
 8068 044c 74       		.byte	0x74
 8069 044d 00       		.sleb128 0
 8070 044e 04       		.byte	0x4
 8071 044f 27       		.uleb128 .LVL93-1-.LVL90
 8072 0450 2A       		.uleb128 .LFE242-.LVL90
 8073 0451 0A       		.uleb128 0xa
 8074 0452 A3       		.byte	0xa3
 8075 0453 03       		.uleb128 0x3
 8076 0454 A5       		.byte	0xa5
 8077 0455 03       		.uleb128 0x3
 8078 0456 26       		.uleb128 0x26
 8079 0457 A8       		.byte	0xa8
 8080 0458 2D       		.uleb128 0x2d
 8081 0459 A8       		.byte	0xa8
 8082 045a 00       		.uleb128 0
 8083 045b 9F       		.byte	0x9f
 8084 045c 00       		.byte	0
 8085              	.LVUS24:
 8086 045d 00       		.uleb128 .LVU400
 8087 045e 00       		.uleb128 0
 8088              	.LLST24:
 8089 045f 08       		.byte	0x8
 8090 0460 1C000000 		.4byte	.LVL91
 8091 0464 0E       		.uleb128 .LFE242-.LVL91
 8092 0465 01       		.uleb128 0x1
 8093 0466 54       		.byte	0x54
 8094 0467 00       		.byte	0
ARM GAS  /tmp/ccrvdhwe.s 			page 143


 8095              	.LVUS18:
 8096 0468 00       		.uleb128 0
 8097 0469 00       		.uleb128 .LVU384
 8098 046a 00       		.uleb128 .LVU384
 8099 046b 00       		.uleb128 0
 8100              	.LLST18:
 8101 046c 06       		.byte	0x6
 8102 046d 00000000 		.4byte	.LVL85
 8103 0471 04       		.byte	0x4
 8104 0472 00       		.uleb128 .LVL85-.LVL85
 8105 0473 29       		.uleb128 .LVL89-1-.LVL85
 8106 0474 01       		.uleb128 0x1
 8107 0475 50       		.byte	0x50
 8108 0476 04       		.byte	0x4
 8109 0477 29       		.uleb128 .LVL89-1-.LVL85
 8110 0478 2C       		.uleb128 .LFE241-.LVL85
 8111 0479 0A       		.uleb128 0xa
 8112 047a A3       		.byte	0xa3
 8113 047b 03       		.uleb128 0x3
 8114 047c A5       		.byte	0xa5
 8115 047d 00       		.uleb128 0
 8116 047e 26       		.uleb128 0x26
 8117 047f A8       		.byte	0xa8
 8118 0480 2D       		.uleb128 0x2d
 8119 0481 A8       		.byte	0xa8
 8120 0482 00       		.uleb128 0
 8121 0483 9F       		.byte	0x9f
 8122 0484 00       		.byte	0
 8123              	.LVUS19:
 8124 0485 01       		.uleb128 .LVU377
 8125 0486 00       		.uleb128 .LVU379
 8126 0487 00       		.uleb128 .LVU379
 8127 0488 00       		.uleb128 .LVU384
 8128              	.LLST19:
 8129 0489 06       		.byte	0x6
 8130 048a 12000000 		.4byte	.LVL86
 8131 048e 04       		.byte	0x4
 8132 048f 00       		.uleb128 .LVL86-.LVL86
 8133 0490 04       		.uleb128 .LVL87-.LVL86
 8134 0491 02       		.uleb128 0x2
 8135 0492 31       		.byte	0x31
 8136 0493 9F       		.byte	0x9f
 8137 0494 04       		.byte	0x4
 8138 0495 04       		.uleb128 .LVL87-.LVL86
 8139 0496 17       		.uleb128 .LVL89-1-.LVL86
 8140 0497 01       		.uleb128 0x1
 8141 0498 53       		.byte	0x53
 8142 0499 00       		.byte	0
 8143              	.LVUS15:
 8144 049a 00       		.uleb128 0
 8145 049b 00       		.uleb128 .LVU359
 8146 049c 00       		.uleb128 .LVU359
 8147 049d 00       		.uleb128 0
 8148              	.LLST15:
 8149 049e 06       		.byte	0x6
 8150 049f 00000000 		.4byte	.LVL82
 8151 04a3 04       		.byte	0x4
ARM GAS  /tmp/ccrvdhwe.s 			page 144


 8152 04a4 00       		.uleb128 .LVL82-.LVL82
 8153 04a5 33       		.uleb128 .LVL84-1-.LVL82
 8154 04a6 01       		.uleb128 0x1
 8155 04a7 50       		.byte	0x50
 8156 04a8 04       		.byte	0x4
 8157 04a9 33       		.uleb128 .LVL84-1-.LVL82
 8158 04aa 36       		.uleb128 .LFE240-.LVL82
 8159 04ab 0A       		.uleb128 0xa
 8160 04ac A3       		.byte	0xa3
 8161 04ad 03       		.uleb128 0x3
 8162 04ae A5       		.byte	0xa5
 8163 04af 00       		.uleb128 0
 8164 04b0 26       		.uleb128 0x26
 8165 04b1 A8       		.byte	0xa8
 8166 04b2 2D       		.uleb128 0x2d
 8167 04b3 A8       		.byte	0xa8
 8168 04b4 00       		.uleb128 0
 8169 04b5 9F       		.byte	0x9f
 8170 04b6 00       		.byte	0
 8171              	.LVUS16:
 8172 04b7 00       		.uleb128 0
 8173 04b8 00       		.uleb128 .LVU359
 8174 04b9 00       		.uleb128 .LVU359
 8175 04ba 00       		.uleb128 0
 8176              	.LLST16:
 8177 04bb 06       		.byte	0x6
 8178 04bc 00000000 		.4byte	.LVL82
 8179 04c0 04       		.byte	0x4
 8180 04c1 00       		.uleb128 .LVL82-.LVL82
 8181 04c2 33       		.uleb128 .LVL84-1-.LVL82
 8182 04c3 01       		.uleb128 0x1
 8183 04c4 51       		.byte	0x51
 8184 04c5 04       		.byte	0x4
 8185 04c6 33       		.uleb128 .LVL84-1-.LVL82
 8186 04c7 36       		.uleb128 .LFE240-.LVL82
 8187 04c8 0A       		.uleb128 0xa
 8188 04c9 A3       		.byte	0xa3
 8189 04ca 03       		.uleb128 0x3
 8190 04cb A5       		.byte	0xa5
 8191 04cc 01       		.uleb128 0x1
 8192 04cd 26       		.uleb128 0x26
 8193 04ce A8       		.byte	0xa8
 8194 04cf 34       		.uleb128 0x34
 8195 04d0 A8       		.byte	0xa8
 8196 04d1 00       		.uleb128 0
 8197 04d2 9F       		.byte	0x9f
 8198 04d3 00       		.byte	0
 8199              	.LVUS17:
 8200 04d4 00       		.uleb128 0
 8201 04d5 00       		.uleb128 .LVU357
 8202 04d6 00       		.uleb128 .LVU357
 8203 04d7 00       		.uleb128 0
 8204              	.LLST17:
 8205 04d8 06       		.byte	0x6
 8206 04d9 00000000 		.4byte	.LVL82
 8207 04dd 04       		.byte	0x4
 8208 04de 00       		.uleb128 .LVL82-.LVL82
ARM GAS  /tmp/ccrvdhwe.s 			page 145


 8209 04df 28       		.uleb128 .LVL83-.LVL82
 8210 04e0 01       		.uleb128 0x1
 8211 04e1 52       		.byte	0x52
 8212 04e2 04       		.byte	0x4
 8213 04e3 28       		.uleb128 .LVL83-.LVL82
 8214 04e4 36       		.uleb128 .LFE240-.LVL82
 8215 04e5 0A       		.uleb128 0xa
 8216 04e6 A3       		.byte	0xa3
 8217 04e7 03       		.uleb128 0x3
 8218 04e8 A5       		.byte	0xa5
 8219 04e9 02       		.uleb128 0x2
 8220 04ea 26       		.uleb128 0x26
 8221 04eb A8       		.byte	0xa8
 8222 04ec 2D       		.uleb128 0x2d
 8223 04ed A8       		.byte	0xa8
 8224 04ee 00       		.uleb128 0
 8225 04ef 9F       		.byte	0x9f
 8226 04f0 00       		.byte	0
 8227              	.LVUS11:
 8228 04f1 00       		.uleb128 0
 8229 04f2 00       		.uleb128 .LVU305
 8230 04f3 00       		.uleb128 .LVU305
 8231 04f4 00       		.uleb128 0
 8232              	.LLST11:
 8233 04f5 06       		.byte	0x6
 8234 04f6 00000000 		.4byte	.LVL73
 8235 04fa 04       		.byte	0x4
 8236 04fb 00       		.uleb128 .LVL73-.LVL73
 8237 04fc 0D       		.uleb128 .LVL76-1-.LVL73
 8238 04fd 01       		.uleb128 0x1
 8239 04fe 50       		.byte	0x50
 8240 04ff 04       		.byte	0x4
 8241 0500 0D       		.uleb128 .LVL76-1-.LVL73
 8242 0501 32       		.uleb128 .LFE239-.LVL73
 8243 0502 01       		.uleb128 0x1
 8244 0503 54       		.byte	0x54
 8245 0504 00       		.byte	0
 8246              	.LVUS12:
 8247 0505 01       		.uleb128 .LVU308
 8248 0506 00       		.uleb128 .LVU310
 8249 0507 00       		.uleb128 .LVU310
 8250 0508 00       		.uleb128 .LVU317
 8251              	.LLST12:
 8252 0509 06       		.byte	0x6
 8253 050a 12000000 		.4byte	.LVL77
 8254 050e 04       		.byte	0x4
 8255 050f 00       		.uleb128 .LVL77-.LVL77
 8256 0510 04       		.uleb128 .LVL78-.LVL77
 8257 0511 02       		.uleb128 0x2
 8258 0512 30       		.byte	0x30
 8259 0513 9F       		.byte	0x9f
 8260 0514 04       		.byte	0x4
 8261 0515 04       		.uleb128 .LVL78-.LVL77
 8262 0516 17       		.uleb128 .LVL80-1-.LVL77
 8263 0517 01       		.uleb128 0x1
 8264 0518 53       		.byte	0x53
 8265 0519 00       		.byte	0
ARM GAS  /tmp/ccrvdhwe.s 			page 146


 8266              	.LVUS13:
 8267 051a 0B       		.uleb128 .LVU296
 8268 051b 00       		.uleb128 .LVU298
 8269              	.LLST13:
 8270 051c 08       		.byte	0x8
 8271 051d 04000000 		.4byte	.LVL74
 8272 0521 06       		.uleb128 .LVL75-.LVL74
 8273 0522 03       		.uleb128 0x3
 8274 0523 08       		.byte	0x8
 8275 0524 20       		.byte	0x20
 8276 0525 9F       		.byte	0x9f
 8277 0526 00       		.byte	0
 8278              	.LVUS14:
 8279 0527 0D       		.uleb128 .LVU330
 8280 0528 00       		.uleb128 .LVU332
 8281              	.LLST14:
 8282 0529 08       		.byte	0x8
 8283 052a 2A000000 		.4byte	.LVL80
 8284 052e 06       		.uleb128 .LVL81-.LVL80
 8285 052f 02       		.uleb128 0x2
 8286 0530 30       		.byte	0x30
 8287 0531 9F       		.byte	0x9f
 8288 0532 00       		.byte	0
 8289              	.LVUS6:
 8290 0533 00       		.uleb128 0
 8291 0534 00       		.uleb128 .LVU263
 8292 0535 00       		.uleb128 .LVU263
 8293 0536 00       		.uleb128 0
 8294              	.LLST6:
 8295 0537 06       		.byte	0x6
 8296 0538 00000000 		.4byte	.LVL63
 8297 053c 04       		.byte	0x4
 8298 053d 00       		.uleb128 .LVL63-.LVL63
 8299 053e 22       		.uleb128 .LVL69-.LVL63
 8300 053f 01       		.uleb128 0x1
 8301 0540 50       		.byte	0x50
 8302 0541 04       		.byte	0x4
 8303 0542 22       		.uleb128 .LVL69-.LVL63
 8304 0543 32       		.uleb128 .LFE238-.LVL63
 8305 0544 01       		.uleb128 0x1
 8306 0545 54       		.byte	0x54
 8307 0546 00       		.byte	0
 8308              	.LVUS7:
 8309 0547 00       		.uleb128 0
 8310 0548 00       		.uleb128 .LVU258
 8311 0549 00       		.uleb128 .LVU258
 8312 054a 00       		.uleb128 0
 8313              	.LLST7:
 8314 054b 06       		.byte	0x6
 8315 054c 00000000 		.4byte	.LVL63
 8316 0550 04       		.byte	0x4
 8317 0551 00       		.uleb128 .LVL63-.LVL63
 8318 0552 10       		.uleb128 .LVL67-.LVL63
 8319 0553 01       		.uleb128 0x1
 8320 0554 51       		.byte	0x51
 8321 0555 04       		.byte	0x4
 8322 0556 10       		.uleb128 .LVL67-.LVL63
ARM GAS  /tmp/ccrvdhwe.s 			page 147


 8323 0557 32       		.uleb128 .LFE238-.LVL63
 8324 0558 0A       		.uleb128 0xa
 8325 0559 A3       		.byte	0xa3
 8326 055a 03       		.uleb128 0x3
 8327 055b A5       		.byte	0xa5
 8328 055c 01       		.uleb128 0x1
 8329 055d 26       		.uleb128 0x26
 8330 055e A8       		.byte	0xa8
 8331 055f 2D       		.uleb128 0x2d
 8332 0560 A8       		.byte	0xa8
 8333 0561 00       		.uleb128 0
 8334 0562 9F       		.byte	0x9f
 8335 0563 00       		.byte	0
 8336              	.LVUS8:
 8337 0564 01       		.uleb128 .LVU256
 8338 0565 00       		.uleb128 .LVU258
 8339 0566 00       		.uleb128 .LVU258
 8340 0567 00       		.uleb128 .LVU264
 8341              	.LLST8:
 8342 0568 06       		.byte	0x6
 8343 0569 0C000000 		.4byte	.LVL66
 8344 056d 04       		.byte	0x4
 8345 056e 00       		.uleb128 .LVL66-.LVL66
 8346 056f 04       		.uleb128 .LVL67-.LVL66
 8347 0570 02       		.uleb128 0x2
 8348 0571 30       		.byte	0x30
 8349 0572 9F       		.byte	0x9f
 8350 0573 04       		.byte	0x4
 8351 0574 04       		.uleb128 .LVL67-.LVL66
 8352 0575 19       		.uleb128 .LVL70-1-.LVL66
 8353 0576 01       		.uleb128 0x1
 8354 0577 53       		.byte	0x53
 8355 0578 00       		.byte	0
 8356              	.LVUS9:
 8357 0579 0B       		.uleb128 .LVU245
 8358 057a 00       		.uleb128 .LVU247
 8359              	.LLST9:
 8360 057b 08       		.byte	0x8
 8361 057c 04000000 		.4byte	.LVL64
 8362 0580 06       		.uleb128 .LVL65-.LVL64
 8363 0581 03       		.uleb128 0x3
 8364 0582 08       		.byte	0x8
 8365 0583 20       		.byte	0x20
 8366 0584 9F       		.byte	0x9f
 8367 0585 00       		.byte	0
 8368              	.LVUS10:
 8369 0586 0C       		.uleb128 .LVU278
 8370 0587 00       		.uleb128 .LVU280
 8371              	.LLST10:
 8372 0588 08       		.byte	0x8
 8373 0589 2A000000 		.4byte	.LVL71
 8374 058d 06       		.uleb128 .LVL72-.LVL71
 8375 058e 02       		.uleb128 0x2
 8376 058f 30       		.byte	0x30
 8377 0590 9F       		.byte	0x9f
 8378 0591 00       		.byte	0
 8379              	.LVUS5:
ARM GAS  /tmp/ccrvdhwe.s 			page 148


 8380 0592 01       		.uleb128 .LVU219
 8381 0593 00       		.uleb128 .LVU220
 8382 0594 00       		.uleb128 .LVU220
 8383 0595 00       		.uleb128 .LVU228
 8384              	.LLST5:
 8385 0596 06       		.byte	0x6
 8386 0597 08000000 		.4byte	.LVL59
 8387 059b 04       		.byte	0x4
 8388 059c 00       		.uleb128 .LVL59-.LVL59
 8389 059d 02       		.uleb128 .LVL60-.LVL59
 8390 059e 02       		.uleb128 0x2
 8391 059f 30       		.byte	0x30
 8392 05a0 9F       		.byte	0x9f
 8393 05a1 04       		.byte	0x4
 8394 05a2 02       		.uleb128 .LVL60-.LVL59
 8395 05a3 1E       		.uleb128 .LVL62-.LVL59
 8396 05a4 01       		.uleb128 0x1
 8397 05a5 53       		.byte	0x53
 8398 05a6 00       		.byte	0
 8399              	.LVUS2:
 8400 05a7 00       		.uleb128 0
 8401 05a8 00       		.uleb128 .LVU24
 8402 05a9 00       		.uleb128 .LVU24
 8403 05aa 00       		.uleb128 .LVU25
 8404 05ab 00       		.uleb128 .LVU25
 8405 05ac 00       		.uleb128 .LVU26
 8406 05ad 00       		.uleb128 .LVU26
 8407 05ae 00       		.uleb128 .LVU27
 8408 05af 00       		.uleb128 .LVU27
 8409 05b0 00       		.uleb128 .LVU32
 8410 05b1 00       		.uleb128 .LVU32
 8411 05b2 00       		.uleb128 .LVU33
 8412 05b3 00       		.uleb128 .LVU33
 8413 05b4 00       		.uleb128 .LVU34
 8414 05b5 00       		.uleb128 .LVU34
 8415 05b6 00       		.uleb128 .LVU35
 8416 05b7 00       		.uleb128 .LVU35
 8417 05b8 00       		.uleb128 .LVU40
 8418 05b9 00       		.uleb128 .LVU40
 8419 05ba 00       		.uleb128 .LVU51
 8420 05bb 00       		.uleb128 .LVU51
 8421 05bc 00       		.uleb128 .LVU52
 8422 05bd 00       		.uleb128 .LVU52
 8423 05be 00       		.uleb128 .LVU53
 8424 05bf 00       		.uleb128 .LVU53
 8425 05c0 00       		.uleb128 .LVU63
 8426 05c1 00       		.uleb128 .LVU63
 8427 05c2 00       		.uleb128 .LVU71
 8428 05c3 00       		.uleb128 .LVU71
 8429 05c4 00       		.uleb128 .LVU78
 8430 05c5 00       		.uleb128 .LVU78
 8431 05c6 00       		.uleb128 .LVU79
 8432 05c7 00       		.uleb128 .LVU79
 8433 05c8 00       		.uleb128 .LVU80
 8434 05c9 00       		.uleb128 .LVU80
 8435 05ca 00       		.uleb128 .LVU81
 8436 05cb 00       		.uleb128 .LVU81
ARM GAS  /tmp/ccrvdhwe.s 			page 149


 8437 05cc 00       		.uleb128 .LVU85
 8438 05cd 00       		.uleb128 .LVU85
 8439 05ce 00       		.uleb128 .LVU86
 8440 05cf 00       		.uleb128 .LVU86
 8441 05d0 00       		.uleb128 .LVU95
 8442 05d1 00       		.uleb128 .LVU95
 8443 05d2 00       		.uleb128 .LVU96
 8444 05d3 00       		.uleb128 .LVU96
 8445 05d4 00       		.uleb128 .LVU105
 8446 05d5 00       		.uleb128 .LVU105
 8447 05d6 00       		.uleb128 .LVU106
 8448 05d7 00       		.uleb128 .LVU106
 8449 05d8 00       		.uleb128 .LVU112
 8450 05d9 00       		.uleb128 .LVU112
 8451 05da 00       		.uleb128 .LVU113
 8452 05db 00       		.uleb128 .LVU113
 8453 05dc 00       		.uleb128 .LVU115
 8454 05dd 00       		.uleb128 .LVU115
 8455 05de 00       		.uleb128 .LVU120
 8456 05df 00       		.uleb128 .LVU120
 8457 05e0 00       		.uleb128 .LVU128
 8458 05e1 00       		.uleb128 .LVU128
 8459 05e2 00       		.uleb128 .LVU129
 8460 05e3 00       		.uleb128 .LVU129
 8461 05e4 00       		.uleb128 .LVU131
 8462 05e5 00       		.uleb128 .LVU131
 8463 05e6 00       		.uleb128 .LVU156
 8464 05e7 00       		.uleb128 .LVU156
 8465 05e8 00       		.uleb128 .LVU165
 8466 05e9 00       		.uleb128 .LVU165
 8467 05ea 00       		.uleb128 .LVU171
 8468 05eb 00       		.uleb128 .LVU171
 8469 05ec 00       		.uleb128 .LVU172
 8470 05ed 00       		.uleb128 .LVU172
 8471 05ee 00       		.uleb128 .LVU173
 8472 05ef 00       		.uleb128 .LVU173
 8473 05f0 00       		.uleb128 .LVU182
 8474 05f1 00       		.uleb128 .LVU182
 8475 05f2 00       		.uleb128 .LVU188
 8476 05f3 00       		.uleb128 .LVU188
 8477 05f4 00       		.uleb128 .LVU189
 8478 05f5 00       		.uleb128 .LVU189
 8479 05f6 00       		.uleb128 .LVU192
 8480 05f7 00       		.uleb128 .LVU192
 8481 05f8 00       		.uleb128 .LVU193
 8482 05f9 00       		.uleb128 .LVU193
 8483 05fa 00       		.uleb128 .LVU194
 8484 05fb 00       		.uleb128 .LVU194
 8485 05fc 00       		.uleb128 .LVU195
 8486 05fd 00       		.uleb128 .LVU195
 8487 05fe 00       		.uleb128 0
 8488              	.LLST2:
 8489 05ff 06       		.byte	0x6
 8490 0600 00000000 		.4byte	.LVL4
 8491 0604 04       		.byte	0x4
 8492 0605 00       		.uleb128 .LVL4-.LVL4
 8493 0606 44       		.uleb128 .LVL5-.LVL4
ARM GAS  /tmp/ccrvdhwe.s 			page 150


 8494 0607 01       		.uleb128 0x1
 8495 0608 50       		.byte	0x50
 8496 0609 04       		.byte	0x4
 8497 060a 44       		.uleb128 .LVL5-.LVL4
 8498 060b 46       		.uleb128 .LVL6-.LVL4
 8499 060c 01       		.uleb128 0x1
 8500 060d 54       		.byte	0x54
 8501 060e 04       		.byte	0x4
 8502 060f 46       		.uleb128 .LVL6-.LVL4
 8503 0610 48       		.uleb128 .LVL7-.LVL4
 8504 0611 01       		.uleb128 0x1
 8505 0612 50       		.byte	0x50
 8506 0613 04       		.byte	0x4
 8507 0614 48       		.uleb128 .LVL7-.LVL4
 8508 0615 4A       		.uleb128 .LVL8-.LVL4
 8509 0616 01       		.uleb128 0x1
 8510 0617 54       		.byte	0x54
 8511 0618 04       		.byte	0x4
 8512 0619 4A       		.uleb128 .LVL8-.LVL4
 8513 061a 62       		.uleb128 .LVL9-.LVL4
 8514 061b 01       		.uleb128 0x1
 8515 061c 50       		.byte	0x50
 8516 061d 04       		.byte	0x4
 8517 061e 62       		.uleb128 .LVL9-.LVL4
 8518 061f 64       		.uleb128 .LVL10-.LVL4
 8519 0620 01       		.uleb128 0x1
 8520 0621 54       		.byte	0x54
 8521 0622 04       		.byte	0x4
 8522 0623 64       		.uleb128 .LVL10-.LVL4
 8523 0624 66       		.uleb128 .LVL11-.LVL4
 8524 0625 01       		.uleb128 0x1
 8525 0626 50       		.byte	0x50
 8526 0627 04       		.byte	0x4
 8527 0628 66       		.uleb128 .LVL11-.LVL4
 8528 0629 68       		.uleb128 .LVL12-.LVL4
 8529 062a 01       		.uleb128 0x1
 8530 062b 54       		.byte	0x54
 8531 062c 04       		.byte	0x4
 8532 062d 68       		.uleb128 .LVL12-.LVL4
 8533 062e 8A01     		.uleb128 .LVL13-.LVL4
 8534 0630 01       		.uleb128 0x1
 8535 0631 50       		.byte	0x50
 8536 0632 04       		.byte	0x4
 8537 0633 8A01     		.uleb128 .LVL13-.LVL4
 8538 0635 AE01     		.uleb128 .LVL17-.LVL4
 8539 0637 01       		.uleb128 0x1
 8540 0638 54       		.byte	0x54
 8541 0639 04       		.byte	0x4
 8542 063a AE01     		.uleb128 .LVL17-.LVL4
 8543 063c B001     		.uleb128 .LVL18-.LVL4
 8544 063e 01       		.uleb128 0x1
 8545 063f 50       		.byte	0x50
 8546 0640 04       		.byte	0x4
 8547 0641 B001     		.uleb128 .LVL18-.LVL4
 8548 0643 B201     		.uleb128 .LVL19-.LVL4
 8549 0645 01       		.uleb128 0x1
 8550 0646 54       		.byte	0x54
ARM GAS  /tmp/ccrvdhwe.s 			page 151


 8551 0647 04       		.byte	0x4
 8552 0648 B201     		.uleb128 .LVL19-.LVL4
 8553 064a D201     		.uleb128 .LVL20-.LVL4
 8554 064c 01       		.uleb128 0x1
 8555 064d 50       		.byte	0x50
 8556 064e 04       		.byte	0x4
 8557 064f D201     		.uleb128 .LVL20-.LVL4
 8558 0651 E001     		.uleb128 .LVL22-.LVL4
 8559 0653 01       		.uleb128 0x1
 8560 0654 54       		.byte	0x54
 8561 0655 04       		.byte	0x4
 8562 0656 E001     		.uleb128 .LVL22-.LVL4
 8563 0658 F601     		.uleb128 .LVL23-.LVL4
 8564 065a 01       		.uleb128 0x1
 8565 065b 50       		.byte	0x50
 8566 065c 04       		.byte	0x4
 8567 065d F601     		.uleb128 .LVL23-.LVL4
 8568 065f F801     		.uleb128 .LVL24-.LVL4
 8569 0661 01       		.uleb128 0x1
 8570 0662 54       		.byte	0x54
 8571 0663 04       		.byte	0x4
 8572 0664 F801     		.uleb128 .LVL24-.LVL4
 8573 0666 FA01     		.uleb128 .LVL25-.LVL4
 8574 0668 01       		.uleb128 0x1
 8575 0669 50       		.byte	0x50
 8576 066a 04       		.byte	0x4
 8577 066b FA01     		.uleb128 .LVL25-.LVL4
 8578 066d FC01     		.uleb128 .LVL26-.LVL4
 8579 066f 01       		.uleb128 0x1
 8580 0670 54       		.byte	0x54
 8581 0671 04       		.byte	0x4
 8582 0672 FC01     		.uleb128 .LVL26-.LVL4
 8583 0674 8602     		.uleb128 .LVL27-.LVL4
 8584 0676 01       		.uleb128 0x1
 8585 0677 50       		.byte	0x50
 8586 0678 04       		.byte	0x4
 8587 0679 8602     		.uleb128 .LVL27-.LVL4
 8588 067b 8802     		.uleb128 .LVL28-.LVL4
 8589 067d 01       		.uleb128 0x1
 8590 067e 54       		.byte	0x54
 8591 067f 04       		.byte	0x4
 8592 0680 8802     		.uleb128 .LVL28-.LVL4
 8593 0682 9E02     		.uleb128 .LVL29-.LVL4
 8594 0684 01       		.uleb128 0x1
 8595 0685 50       		.byte	0x50
 8596 0686 04       		.byte	0x4
 8597 0687 9E02     		.uleb128 .LVL29-.LVL4
 8598 0689 A002     		.uleb128 .LVL30-.LVL4
 8599 068b 01       		.uleb128 0x1
 8600 068c 54       		.byte	0x54
 8601 068d 04       		.byte	0x4
 8602 068e A002     		.uleb128 .LVL30-.LVL4
 8603 0690 B602     		.uleb128 .LVL31-.LVL4
 8604 0692 01       		.uleb128 0x1
 8605 0693 50       		.byte	0x50
 8606 0694 04       		.byte	0x4
 8607 0695 B602     		.uleb128 .LVL31-.LVL4
ARM GAS  /tmp/ccrvdhwe.s 			page 152


 8608 0697 B802     		.uleb128 .LVL32-.LVL4
 8609 0699 01       		.uleb128 0x1
 8610 069a 54       		.byte	0x54
 8611 069b 04       		.byte	0x4
 8612 069c B802     		.uleb128 .LVL32-.LVL4
 8613 069e C402     		.uleb128 .LVL33-.LVL4
 8614 06a0 01       		.uleb128 0x1
 8615 06a1 50       		.byte	0x50
 8616 06a2 04       		.byte	0x4
 8617 06a3 C402     		.uleb128 .LVL33-.LVL4
 8618 06a5 C602     		.uleb128 .LVL34-.LVL4
 8619 06a7 01       		.uleb128 0x1
 8620 06a8 54       		.byte	0x54
 8621 06a9 04       		.byte	0x4
 8622 06aa C602     		.uleb128 .LVL34-.LVL4
 8623 06ac CE02     		.uleb128 .LVL35-.LVL4
 8624 06ae 01       		.uleb128 0x1
 8625 06af 50       		.byte	0x50
 8626 06b0 04       		.byte	0x4
 8627 06b1 CE02     		.uleb128 .LVL35-.LVL4
 8628 06b3 D602     		.uleb128 .LVL36-.LVL4
 8629 06b5 01       		.uleb128 0x1
 8630 06b6 54       		.byte	0x54
 8631 06b7 04       		.byte	0x4
 8632 06b8 D602     		.uleb128 .LVL36-.LVL4
 8633 06ba EF02     		.uleb128 .LVL37-1-.LVL4
 8634 06bc 01       		.uleb128 0x1
 8635 06bd 50       		.byte	0x50
 8636 06be 04       		.byte	0x4
 8637 06bf EF02     		.uleb128 .LVL37-1-.LVL4
 8638 06c1 FC02     		.uleb128 .LVL38-.LVL4
 8639 06c3 01       		.uleb128 0x1
 8640 06c4 54       		.byte	0x54
 8641 06c5 04       		.byte	0x4
 8642 06c6 FC02     		.uleb128 .LVL38-.LVL4
 8643 06c8 8303     		.uleb128 .LVL39-1-.LVL4
 8644 06ca 01       		.uleb128 0x1
 8645 06cb 50       		.byte	0x50
 8646 06cc 04       		.byte	0x4
 8647 06cd 8303     		.uleb128 .LVL39-1-.LVL4
 8648 06cf D003     		.uleb128 .LVL40-.LVL4
 8649 06d1 01       		.uleb128 0x1
 8650 06d2 54       		.byte	0x54
 8651 06d3 04       		.byte	0x4
 8652 06d4 D003     		.uleb128 .LVL40-.LVL4
 8653 06d6 E903     		.uleb128 .LVL41-1-.LVL4
 8654 06d8 01       		.uleb128 0x1
 8655 06d9 50       		.byte	0x50
 8656 06da 04       		.byte	0x4
 8657 06db E903     		.uleb128 .LVL41-1-.LVL4
 8658 06dd F603     		.uleb128 .LVL42-.LVL4
 8659 06df 01       		.uleb128 0x1
 8660 06e0 54       		.byte	0x54
 8661 06e1 04       		.byte	0x4
 8662 06e2 F603     		.uleb128 .LVL42-.LVL4
 8663 06e4 F903     		.uleb128 .LVL43-1-.LVL4
 8664 06e6 01       		.uleb128 0x1
ARM GAS  /tmp/ccrvdhwe.s 			page 153


 8665 06e7 50       		.byte	0x50
 8666 06e8 04       		.byte	0x4
 8667 06e9 F903     		.uleb128 .LVL43-1-.LVL4
 8668 06eb FC03     		.uleb128 .LVL44-.LVL4
 8669 06ed 01       		.uleb128 0x1
 8670 06ee 54       		.byte	0x54
 8671 06ef 04       		.byte	0x4
 8672 06f0 FC03     		.uleb128 .LVL44-.LVL4
 8673 06f2 9504     		.uleb128 .LVL45-1-.LVL4
 8674 06f4 01       		.uleb128 0x1
 8675 06f5 50       		.byte	0x50
 8676 06f6 04       		.byte	0x4
 8677 06f7 9504     		.uleb128 .LVL45-1-.LVL4
 8678 06f9 A204     		.uleb128 .LVL46-.LVL4
 8679 06fb 01       		.uleb128 0x1
 8680 06fc 54       		.byte	0x54
 8681 06fd 04       		.byte	0x4
 8682 06fe A204     		.uleb128 .LVL46-.LVL4
 8683 0700 A504     		.uleb128 .LVL47-1-.LVL4
 8684 0702 01       		.uleb128 0x1
 8685 0703 50       		.byte	0x50
 8686 0704 04       		.byte	0x4
 8687 0705 A504     		.uleb128 .LVL47-1-.LVL4
 8688 0707 AC04     		.uleb128 .LVL50-.LVL4
 8689 0709 01       		.uleb128 0x1
 8690 070a 54       		.byte	0x54
 8691 070b 04       		.byte	0x4
 8692 070c AC04     		.uleb128 .LVL50-.LVL4
 8693 070e AE04     		.uleb128 .LVL51-.LVL4
 8694 0710 01       		.uleb128 0x1
 8695 0711 50       		.byte	0x50
 8696 0712 04       		.byte	0x4
 8697 0713 AE04     		.uleb128 .LVL51-.LVL4
 8698 0715 B004     		.uleb128 .LVL52-.LVL4
 8699 0717 01       		.uleb128 0x1
 8700 0718 54       		.byte	0x54
 8701 0719 04       		.byte	0x4
 8702 071a B004     		.uleb128 .LVL52-.LVL4
 8703 071c B204     		.uleb128 .LVL53-.LVL4
 8704 071e 01       		.uleb128 0x1
 8705 071f 50       		.byte	0x50
 8706 0720 04       		.byte	0x4
 8707 0721 B204     		.uleb128 .LVL53-.LVL4
 8708 0723 C404     		.uleb128 .LFE235-.LVL4
 8709 0725 01       		.uleb128 0x1
 8710 0726 54       		.byte	0x54
 8711 0727 00       		.byte	0
 8712              	.LVUS3:
 8713 0728 00       		.uleb128 .LVU42
 8714 0729 00       		.uleb128 .LVU50
 8715 072a 00       		.uleb128 .LVU190
 8716 072b 00       		.uleb128 .LVU191
 8717              	.LLST3:
 8718 072c 06       		.byte	0x6
 8719 072d 98000000 		.4byte	.LVL15
 8720 0731 04       		.byte	0x4
 8721 0732 00       		.uleb128 .LVL15-.LVL15
ARM GAS  /tmp/ccrvdhwe.s 			page 154


 8722 0733 14       		.uleb128 .LVL16-.LVL15
 8723 0734 01       		.uleb128 0x1
 8724 0735 50       		.byte	0x50
 8725 0736 04       		.byte	0x4
 8726 0737 9003     		.uleb128 .LVL48-.LVL15
 8727 0739 9203     		.uleb128 .LVL49-.LVL15
 8728 073b 01       		.uleb128 0x1
 8729 073c 50       		.byte	0x50
 8730 073d 00       		.byte	0
 8731              	.LVUS4:
 8732 073e 00       		.uleb128 0
 8733 073f 00       		.uleb128 .LVU202
 8734 0740 00       		.uleb128 .LVU202
 8735 0741 00       		.uleb128 0
 8736              	.LLST4:
 8737 0742 06       		.byte	0x6
 8738 0743 00000000 		.4byte	.LVL54
 8739 0747 04       		.byte	0x4
 8740 0748 00       		.uleb128 .LVL54-.LVL54
 8741 0749 0F       		.uleb128 .LVL55-1-.LVL54
 8742 074a 01       		.uleb128 0x1
 8743 074b 50       		.byte	0x50
 8744 074c 04       		.byte	0x4
 8745 074d 0F       		.uleb128 .LVL55-1-.LVL54
 8746 074e 22       		.uleb128 .LFE234-.LVL54
 8747 074f 01       		.uleb128 0x1
 8748 0750 54       		.byte	0x54
 8749 0751 00       		.byte	0
 8750              	.LVUS0:
 8751 0752 00       		.uleb128 0
 8752 0753 03       		.uleb128 .LVU3
 8753 0754 03       		.uleb128 .LVU3
 8754 0755 00       		.uleb128 .LVU6
 8755 0756 00       		.uleb128 .LVU6
 8756 0757 00       		.uleb128 0
 8757              	.LLST0:
 8758 0758 06       		.byte	0x6
 8759 0759 00000000 		.4byte	.LVL0
 8760 075d 04       		.byte	0x4
 8761 075e 00       		.uleb128 .LVL0-.LVL0
 8762 075f 00       		.uleb128 .LVL0-.LVL0
 8763 0760 01       		.uleb128 0x1
 8764 0761 50       		.byte	0x50
 8765 0762 04       		.byte	0x4
 8766 0763 00       		.uleb128 .LVL0-.LVL0
 8767 0764 04       		.uleb128 .LVL2-.LVL0
 8768 0765 03       		.uleb128 0x3
 8769 0766 70       		.byte	0x70
 8770 0767 01       		.sleb128 1
 8771 0768 9F       		.byte	0x9f
 8772 0769 04       		.byte	0x4
 8773 076a 04       		.uleb128 .LVL2-.LVL0
 8774 076b 0A       		.uleb128 .LFE233-.LVL0
 8775 076c 0C       		.uleb128 0xc
 8776 076d A3       		.byte	0xa3
 8777 076e 03       		.uleb128 0x3
 8778 076f A5       		.byte	0xa5
ARM GAS  /tmp/ccrvdhwe.s 			page 155


 8779 0770 00       		.uleb128 0
 8780 0771 26       		.uleb128 0x26
 8781 0772 A8       		.byte	0xa8
 8782 0773 2D       		.uleb128 0x2d
 8783 0774 A8       		.byte	0xa8
 8784 0775 00       		.uleb128 0
 8785 0776 23       		.byte	0x23
 8786 0777 01       		.uleb128 0x1
 8787 0778 9F       		.byte	0x9f
 8788 0779 00       		.byte	0
 8789              	.LVUS1:
 8790 077a 00       		.uleb128 .LVU4
 8791 077b 00       		.uleb128 .LVU6
 8792 077c 00       		.uleb128 .LVU6
 8793 077d 00       		.uleb128 .LVU8
 8794 077e 00       		.uleb128 .LVU8
 8795 077f 00       		.uleb128 0
 8796              	.LLST1:
 8797 0780 06       		.byte	0x6
 8798 0781 02000000 		.4byte	.LVL1
 8799 0785 04       		.byte	0x4
 8800 0786 00       		.uleb128 .LVL1-.LVL1
 8801 0787 02       		.uleb128 .LVL2-.LVL1
 8802 0788 08       		.uleb128 0x8
 8803 0789 70       		.byte	0x70
 8804 078a 00       		.sleb128 0
 8805 078b 94       		.byte	0x94
 8806 078c 01       		.byte	0x1
 8807 078d 08       		.byte	0x8
 8808 078e FF       		.byte	0xff
 8809 078f 1A       		.byte	0x1a
 8810 0790 9F       		.byte	0x9f
 8811 0791 04       		.byte	0x4
 8812 0792 02       		.uleb128 .LVL2-.LVL1
 8813 0793 06       		.uleb128 .LVL3-.LVL1
 8814 0794 08       		.uleb128 0x8
 8815 0795 70       		.byte	0x70
 8816 0796 00       		.sleb128 0
 8817 0797 38       		.byte	0x38
 8818 0798 24       		.byte	0x24
 8819 0799 73       		.byte	0x73
 8820 079a 00       		.sleb128 0
 8821 079b 21       		.byte	0x21
 8822 079c 9F       		.byte	0x9f
 8823 079d 04       		.byte	0x4
 8824 079e 06       		.uleb128 .LVL3-.LVL1
 8825 079f 08       		.uleb128 .LFE233-.LVL1
 8826 07a0 01       		.uleb128 0x1
 8827 07a1 50       		.byte	0x50
 8828 07a2 00       		.byte	0
 8829              	.Ldebug_loc3:
 8830              		.section	.debug_aranges,"",%progbits
 8831 0000 AC000000 		.4byte	0xac
 8832 0004 0200     		.2byte	0x2
 8833 0006 00000000 		.4byte	.Ldebug_info0
 8834 000a 04       		.byte	0x4
 8835 000b 00       		.byte	0
ARM GAS  /tmp/ccrvdhwe.s 			page 156


 8836 000c 0000     		.2byte	0
 8837 000e 0000     		.2byte	0
 8838 0010 00000000 		.4byte	.LFB233
 8839 0014 0A000000 		.4byte	.LFE233-.LFB233
 8840 0018 00000000 		.4byte	.LFB235
 8841 001c 44020000 		.4byte	.LFE235-.LFB235
 8842 0020 00000000 		.4byte	.LFB234
 8843 0024 22000000 		.4byte	.LFE234-.LFB234
 8844 0028 00000000 		.4byte	.LFB236
 8845 002c 08000000 		.4byte	.LFE236-.LFB236
 8846 0030 00000000 		.4byte	.LFB237
 8847 0034 2C000000 		.4byte	.LFE237-.LFB237
 8848 0038 00000000 		.4byte	.LFB238
 8849 003c 32000000 		.4byte	.LFE238-.LFB238
 8850 0040 00000000 		.4byte	.LFB239
 8851 0044 32000000 		.4byte	.LFE239-.LFB239
 8852 0048 00000000 		.4byte	.LFB240
 8853 004c 36000000 		.4byte	.LFE240-.LFB240
 8854 0050 00000000 		.4byte	.LFB241
 8855 0054 2C000000 		.4byte	.LFE241-.LFB241
 8856 0058 00000000 		.4byte	.LFB242
 8857 005c 2A000000 		.4byte	.LFE242-.LFB242
 8858 0060 00000000 		.4byte	.LFB243
 8859 0064 2A000000 		.4byte	.LFE243-.LFB243
 8860 0068 00000000 		.4byte	.LFB244
 8861 006c 18000000 		.4byte	.LFE244-.LFB244
 8862 0070 00000000 		.4byte	.LFB245
 8863 0074 18000000 		.4byte	.LFE245-.LFB245
 8864 0078 00000000 		.4byte	.LFB246
 8865 007c 46000000 		.4byte	.LFE246-.LFB246
 8866 0080 00000000 		.4byte	.LFB247
 8867 0084 12000000 		.4byte	.LFE247-.LFB247
 8868 0088 00000000 		.4byte	.LFB248
 8869 008c 12000000 		.4byte	.LFE248-.LFB248
 8870 0090 00000000 		.4byte	.LFB249
 8871 0094 F6000000 		.4byte	.LFE249-.LFB249
 8872 0098 00000000 		.4byte	.LFB250
 8873 009c A2000000 		.4byte	.LFE250-.LFB250
 8874 00a0 00000000 		.4byte	.LFB251
 8875 00a4 70000000 		.4byte	.LFE251-.LFB251
 8876 00a8 00000000 		.4byte	0
 8877 00ac 00000000 		.4byte	0
 8878              		.section	.debug_rnglists,"",%progbits
 8879              	.Ldebug_ranges0:
 8880 0000 7E000000 		.4byte	.Ldebug_ranges3-.Ldebug_ranges2
 8881              	.Ldebug_ranges2:
 8882 0004 0500     		.2byte	0x5
 8883 0006 04       		.byte	0x4
 8884 0007 00       		.byte	0
 8885 0008 00000000 		.4byte	0
 8886              	.LLRL60:
 8887 000c 07       		.byte	0x7
 8888 000d 00000000 		.4byte	.LFB233
 8889 0011 0A       		.uleb128 .LFE233-.LFB233
 8890 0012 07       		.byte	0x7
 8891 0013 00000000 		.4byte	.LFB235
 8892 0017 C404     		.uleb128 .LFE235-.LFB235
ARM GAS  /tmp/ccrvdhwe.s 			page 157


 8893 0019 07       		.byte	0x7
 8894 001a 00000000 		.4byte	.LFB234
 8895 001e 22       		.uleb128 .LFE234-.LFB234
 8896 001f 07       		.byte	0x7
 8897 0020 00000000 		.4byte	.LFB236
 8898 0024 08       		.uleb128 .LFE236-.LFB236
 8899 0025 07       		.byte	0x7
 8900 0026 00000000 		.4byte	.LFB237
 8901 002a 2C       		.uleb128 .LFE237-.LFB237
 8902 002b 07       		.byte	0x7
 8903 002c 00000000 		.4byte	.LFB238
 8904 0030 32       		.uleb128 .LFE238-.LFB238
 8905 0031 07       		.byte	0x7
 8906 0032 00000000 		.4byte	.LFB239
 8907 0036 32       		.uleb128 .LFE239-.LFB239
 8908 0037 07       		.byte	0x7
 8909 0038 00000000 		.4byte	.LFB240
 8910 003c 36       		.uleb128 .LFE240-.LFB240
 8911 003d 07       		.byte	0x7
 8912 003e 00000000 		.4byte	.LFB241
 8913 0042 2C       		.uleb128 .LFE241-.LFB241
 8914 0043 07       		.byte	0x7
 8915 0044 00000000 		.4byte	.LFB242
 8916 0048 2A       		.uleb128 .LFE242-.LFB242
 8917 0049 07       		.byte	0x7
 8918 004a 00000000 		.4byte	.LFB243
 8919 004e 2A       		.uleb128 .LFE243-.LFB243
 8920 004f 07       		.byte	0x7
 8921 0050 00000000 		.4byte	.LFB244
 8922 0054 18       		.uleb128 .LFE244-.LFB244
 8923 0055 07       		.byte	0x7
 8924 0056 00000000 		.4byte	.LFB245
 8925 005a 18       		.uleb128 .LFE245-.LFB245
 8926 005b 07       		.byte	0x7
 8927 005c 00000000 		.4byte	.LFB246
 8928 0060 46       		.uleb128 .LFE246-.LFB246
 8929 0061 07       		.byte	0x7
 8930 0062 00000000 		.4byte	.LFB247
 8931 0066 12       		.uleb128 .LFE247-.LFB247
 8932 0067 07       		.byte	0x7
 8933 0068 00000000 		.4byte	.LFB248
 8934 006c 12       		.uleb128 .LFE248-.LFB248
 8935 006d 07       		.byte	0x7
 8936 006e 00000000 		.4byte	.LFB249
 8937 0072 F601     		.uleb128 .LFE249-.LFB249
 8938 0074 07       		.byte	0x7
 8939 0075 00000000 		.4byte	.LFB250
 8940 0079 A201     		.uleb128 .LFE250-.LFB250
 8941 007b 07       		.byte	0x7
 8942 007c 00000000 		.4byte	.LFB251
 8943 0080 70       		.uleb128 .LFE251-.LFB251
 8944 0081 00       		.byte	0
 8945              	.Ldebug_ranges3:
 8946              		.section	.debug_line,"",%progbits
 8947              	.Ldebug_line0:
 8948 0000 FC0F0000 		.section	.debug_str,"MS",%progbits,1
 8948      0300F701 
ARM GAS  /tmp/ccrvdhwe.s 			page 158


 8948      00000201 
 8948      FB0E0D00 
 8948      01010101 
 8949              	.LASF106:
 8950 0000 7278636E 		.ascii	"rxcnt\000"
 8950      7400
 8951              	.LASF108:
 8952 0006 7278706B 		.ascii	"rxpkts\000"
 8952      747300
 8953              	.LASF65:
 8954 000d 75736265 		.ascii	"usbep_t\000"
 8954      705F7400 
 8955              	.LASF11:
 8956 0015 73697A65 		.ascii	"size_t\000"
 8956      5F7400
 8957              	.LASF130:
 8958 001c 7573625F 		.ascii	"usb_lld_clear_out\000"
 8958      6C6C645F 
 8958      636C6561 
 8958      725F6F75 
 8958      7400
 8959              	.LASF75:
 8960 002e 45505F53 		.ascii	"EP_STATUS_ACTIVE\000"
 8960      54415455 
 8960      535F4143 
 8960      54495645 
 8960      00
 8961              	.LASF16:
 8962 003f 75696E74 		.ascii	"uint64_t\000"
 8962      36345F74 
 8962      00
 8963              	.LASF78:
 8964 0048 5553425F 		.ascii	"USB_EP0_TX\000"
 8964      4550305F 
 8964      545800
 8965              	.LASF119:
 8966 0053 73657475 		.ascii	"setup_buf\000"
 8966      705F6275 
 8966      6600
 8967              	.LASF40:
 8968 005d 70726576 		.ascii	"prev\000"
 8968      00
 8969              	.LASF91:
 8970 0062 75736265 		.ascii	"usbevent_t\000"
 8970      76656E74 
 8970      5F7400
 8971              	.LASF132:
 8972 006d 7573625F 		.ascii	"usb_lld_get_status_out\000"
 8972      6C6C645F 
 8972      6765745F 
 8972      73746174 
 8972      75735F6F 
 8973              	.LASF67:
 8974 0084 5553425F 		.ascii	"USB_STOP\000"
 8974      53544F50 
 8974      00
 8975              	.LASF107:
ARM GAS  /tmp/ccrvdhwe.s 			page 159


 8976 008d 72786275 		.ascii	"rxbuf\000"
 8976      6600
 8977              	.LASF179:
 8978 0093 706F7274 		.ascii	"port_lock\000"
 8978      5F6C6F63 
 8978      6B00
 8979              	.LASF139:
 8980 009d 7573625F 		.ascii	"usb_lld_start_out\000"
 8980      6C6C645F 
 8980      73746172 
 8980      745F6F75 
 8980      7400
 8981              	.LASF0:
 8982 00af 6C6F6E67 		.ascii	"long long unsigned int\000"
 8982      206C6F6E 
 8982      6720756E 
 8982      7369676E 
 8982      65642069 
 8983              	.LASF76:
 8984 00c6 75736265 		.ascii	"usbepstatus_t\000"
 8984      70737461 
 8984      7475735F 
 8984      7400
 8985              	.LASF46:
 8986 00d4 65786974 		.ascii	"exitcode\000"
 8986      636F6465 
 8986      00
 8987              	.LASF169:
 8988 00dd 6F73616C 		.ascii	"osalSysUnlockFromISR\000"
 8988      53797355 
 8988      6E6C6F63 
 8988      6B46726F 
 8988      6D495352 
 8989              	.LASF66:
 8990 00f2 5553425F 		.ascii	"USB_UNINIT\000"
 8990      554E494E 
 8990      495400
 8991              	.LASF37:
 8992 00fd 6E657874 		.ascii	"next\000"
 8992      00
 8993              	.LASF39:
 8994 0102 63685F74 		.ascii	"ch_threads_queue\000"
 8994      68726561 
 8994      64735F71 
 8994      75657565 
 8994      00
 8995              	.LASF152:
 8996 0113 5F757362 		.ascii	"_usb_wakeup\000"
 8996      5F77616B 
 8996      65757000 
 8997              	.LASF94:
 8998 011f 55534244 		.ascii	"USBDescriptor\000"
 8998      65736372 
 8998      6970746F 
 8998      7200
 8999              	.LASF134:
 9000 012d 7573625F 		.ascii	"usb_lld_read_setup\000"
ARM GAS  /tmp/ccrvdhwe.s 			page 160


 9000      6C6C645F 
 9000      72656164 
 9000      5F736574 
 9000      757000
 9001              	.LASF3:
 9002 0140 6C6F6E67 		.ascii	"long long int\000"
 9002      206C6F6E 
 9002      6720696E 
 9002      7400
 9003              	.LASF5:
 9004 014e 7369676E 		.ascii	"signed char\000"
 9004      65642063 
 9004      68617200 
 9005              	.LASF95:
 9006 015a 75736263 		.ascii	"usbcallback_t\000"
 9006      616C6C62 
 9006      61636B5F 
 9006      7400
 9007              	.LASF100:
 9008 0168 74787369 		.ascii	"txsize\000"
 9008      7A6500
 9009              	.LASF131:
 9010 016f 7573625F 		.ascii	"usb_lld_clear_in\000"
 9010      6C6C645F 
 9010      636C6561 
 9010      725F696E 
 9010      00
 9011              	.LASF122:
 9012 0180 6765745F 		.ascii	"get_descriptor_cb\000"
 9012      64657363 
 9012      72697074 
 9012      6F725F63 
 9012      6200
 9013              	.LASF44:
 9014 0192 706F7274 		.ascii	"port_intctx\000"
 9014      5F696E74 
 9014      63747800 
 9015              	.LASF79:
 9016 019e 5553425F 		.ascii	"USB_EP0_WAITING_TX0\000"
 9016      4550305F 
 9016      57414954 
 9016      494E475F 
 9016      54583000 
 9017              	.LASF178:
 9018 01b2 706F7274 		.ascii	"port_unlock\000"
 9018      5F756E6C 
 9018      6F636B00 
 9019              	.LASF83:
 9020 01be 5553425F 		.ascii	"USB_EP0_ERROR\000"
 9020      4550305F 
 9020      4552524F 
 9020      5200
 9021              	.LASF133:
 9022 01cc 7573625F 		.ascii	"usb_lld_get_status_in\000"
 9022      6C6C645F 
 9022      6765745F 
 9022      73746174 
ARM GAS  /tmp/ccrvdhwe.s 			page 161


 9022      75735F69 
 9023              	.LASF28:
 9024 01e2 77616261 		.ascii	"wabase\000"
 9024      736500
 9025              	.LASF29:
 9026 01e9 73746174 		.ascii	"state\000"
 9026      6500
 9027              	.LASF55:
 9028 01ef 6F75745F 		.ascii	"out_params\000"
 9028      70617261 
 9028      6D7300
 9029              	.LASF8:
 9030 01fa 6C6F6E67 		.ascii	"long int\000"
 9030      20696E74 
 9030      00
 9031              	.LASF99:
 9032 0203 75736267 		.ascii	"usbgetdescriptor_t\000"
 9032      65746465 
 9032      73637269 
 9032      70746F72 
 9032      5F7400
 9033              	.LASF18:
 9034 0216 74737461 		.ascii	"tstate_t\000"
 9034      74655F74 
 9034      00
 9035              	.LASF73:
 9036 021f 45505F53 		.ascii	"EP_STATUS_DISABLED\000"
 9036      54415455 
 9036      535F4449 
 9036      5341424C 
 9036      454400
 9037              	.LASF135:
 9038 0232 7573625F 		.ascii	"usb_lld_reset\000"
 9038      6C6C645F 
 9038      72657365 
 9038      7400
 9039              	.LASF156:
 9040 0240 75736253 		.ascii	"usbStallReceiveI\000"
 9040      74616C6C 
 9040      52656365 
 9040      69766549 
 9040      00
 9041              	.LASF128:
 9042 0251 68616C74 		.ascii	"halted_status\000"
 9042      65645F73 
 9042      74617475 
 9042      7300
 9043              	.LASF84:
 9044 025f 75736265 		.ascii	"usbep0state_t\000"
 9044      70307374 
 9044      6174655F 
 9044      7400
 9045              	.LASF126:
 9046 026d 7A65726F 		.ascii	"zero_status\000"
 9046      5F737461 
 9046      74757300 
 9047              	.LASF145:
ARM GAS  /tmp/ccrvdhwe.s 			page 162


 9048 0279 63685363 		.ascii	"chSchRescheduleS\000"
 9048      68526573 
 9048      63686564 
 9048      756C6553 
 9048      00
 9049              	.LASF90:
 9050 028a 5553425F 		.ascii	"USB_EVENT_STALLED\000"
 9050      4556454E 
 9050      545F5354 
 9050      414C4C45 
 9050      4400
 9051              	.LASF41:
 9052 029c 72656761 		.ascii	"regarm_t\000"
 9052      726D5F74 
 9052      00
 9053              	.LASF170:
 9054 02a5 6F73616C 		.ascii	"osalSysLockFromISR\000"
 9054      5379734C 
 9054      6F636B46 
 9054      726F6D49 
 9054      535200
 9055              	.LASF32:
 9056 02b8 77616974 		.ascii	"waiting\000"
 9056      696E6700 
 9057              	.LASF172:
 9058 02c0 6F73616C 		.ascii	"osalSysLock\000"
 9058      5379734C 
 9058      6F636B00 
 9059              	.LASF186:
 9060 02cc 76616C75 		.ascii	"value\000"
 9060      6500
 9061              	.LASF118:
 9062 02d2 65705F62 		.ascii	"ep_buffers\000"
 9062      75666665 
 9062      727300
 9063              	.LASF163:
 9064 02dd 75736253 		.ascii	"usbStart\000"
 9064      74617274 
 9064      00
 9065              	.LASF1:
 9066 02e6 756E7369 		.ascii	"unsigned int\000"
 9066      676E6564 
 9066      20696E74 
 9066      00
 9067              	.LASF70:
 9068 02f3 5553425F 		.ascii	"USB_ACTIVE\000"
 9068      41435449 
 9068      564500
 9069              	.LASF102:
 9070 02fe 74786275 		.ascii	"txbuf\000"
 9070      6600
 9071              	.LASF92:
 9072 0304 75645F73 		.ascii	"ud_size\000"
 9072      697A6500 
 9073              	.LASF48:
 9074 030c 77747472 		.ascii	"wttrp\000"
 9074      7000
ARM GAS  /tmp/ccrvdhwe.s 			page 163


 9075              	.LASF158:
 9076 0312 75736253 		.ascii	"usbStartReceiveI\000"
 9076      74617274 
 9076      52656365 
 9076      69766549 
 9076      00
 9077              	.LASF162:
 9078 0323 75736253 		.ascii	"usbStop\000"
 9078      746F7000 
 9079              	.LASF27:
 9080 032b 6E616D65 		.ascii	"name\000"
 9080      00
 9081              	.LASF23:
 9082 0330 71756575 		.ascii	"queue\000"
 9082      6500
 9083              	.LASF89:
 9084 0336 5553425F 		.ascii	"USB_EVENT_WAKEUP\000"
 9084      4556454E 
 9084      545F5741 
 9084      4B455550 
 9084      00
 9085              	.LASF52:
 9086 0347 7472616E 		.ascii	"transmitting\000"
 9086      736D6974 
 9086      74696E67 
 9086      00
 9087              	.LASF112:
 9088 0354 696E5F63 		.ascii	"in_cb\000"
 9088      6200
 9089              	.LASF183:
 9090 035a 7365745F 		.ascii	"set_address\000"
 9090      61646472 
 9090      65737300 
 9091              	.LASF7:
 9092 0366 73686F72 		.ascii	"short unsigned int\000"
 9092      7420756E 
 9092      7369676E 
 9092      65642069 
 9092      6E7400
 9093              	.LASF121:
 9094 0379 6576656E 		.ascii	"event_cb\000"
 9094      745F6362 
 9094      00
 9095              	.LASF35:
 9096 0382 63685F74 		.ascii	"ch_thread\000"
 9096      68726561 
 9096      6400
 9097              	.LASF63:
 9098 038c 636F6E66 		.ascii	"configuration\000"
 9098      69677572 
 9098      6174696F 
 9098      6E00
 9099              	.LASF21:
 9100 039a 6D73675F 		.ascii	"msg_t\000"
 9100      7400
 9101              	.LASF93:
 9102 03a0 75645F73 		.ascii	"ud_string\000"
ARM GAS  /tmp/ccrvdhwe.s 			page 164


 9102      7472696E 
 9102      6700
 9103              	.LASF143:
 9104 03aa 7573625F 		.ascii	"usb_lld_stop\000"
 9104      6C6C645F 
 9104      73746F70 
 9104      00
 9105              	.LASF113:
 9106 03b7 6F75745F 		.ascii	"out_cb\000"
 9106      636200
 9107              	.LASF72:
 9108 03be 75736273 		.ascii	"usbstate_t\000"
 9108      74617465 
 9108      5F7400
 9109              	.LASF98:
 9110 03c9 75736272 		.ascii	"usbreqhandler_t\000"
 9110      65716861 
 9110      6E646C65 
 9110      725F7400 
 9111              	.LASF47:
 9112 03d9 77746F62 		.ascii	"wtobjp\000"
 9112      6A7000
 9113              	.LASF14:
 9114 03e0 75696E74 		.ascii	"uint16_t\000"
 9114      31365F74 
 9114      00
 9115              	.LASF147:
 9116 03e9 75736270 		.ascii	"usbp\000"
 9116      00
 9117              	.LASF151:
 9118 03ee 5F757362 		.ascii	"_usb_ep0setup\000"
 9118      5F657030 
 9118      73657475 
 9118      7000
 9119              	.LASF53:
 9120 03fc 72656365 		.ascii	"receiving\000"
 9120      6976696E 
 9120      6700
 9121              	.LASF123:
 9122 0406 72657175 		.ascii	"requests_hook_cb\000"
 9122      65737473 
 9122      5F686F6F 
 9122      6B5F6362 
 9122      00
 9123              	.LASF42:
 9124 0417 73746B61 		.ascii	"stkalign_t\000"
 9124      6C69676E 
 9124      5F7400
 9125              	.LASF25:
 9126 0422 6E657765 		.ascii	"newer\000"
 9126      7200
 9127              	.LASF34:
 9128 0428 74687265 		.ascii	"threads_list_t\000"
 9128      6164735F 
 9128      6C697374 
 9128      5F7400
 9129              	.LASF103:
ARM GAS  /tmp/ccrvdhwe.s 			page 165


 9130 0437 74786C61 		.ascii	"txlast\000"
 9130      737400
 9131              	.LASF64:
 9132 043e 706D6E65 		.ascii	"pmnext\000"
 9132      787400
 9133              	.LASF82:
 9134 0445 5553425F 		.ascii	"USB_EP0_SENDING_STS\000"
 9134      4550305F 
 9134      53454E44 
 9134      494E475F 
 9134      53545300 
 9135              	.LASF180:
 9136 0459 474E5520 		.ascii	"GNU C11 13.2.1 20231009 -mcpu=cortex-m4 -mfloat-abi"
 9136      43313120 
 9136      31332E32 
 9136      2E312032 
 9136      30323331 
 9137 048c 3D686172 		.ascii	"=hard -mfpu=fpv4-sp-d16 -mno-thumb-interwork -mthum"
 9137      64202D6D 
 9137      6670753D 
 9137      66707634 
 9137      2D73702D 
 9138 04bf 62202D6D 		.ascii	"b -march=armv7e-m+fp -ggdb -Og -std=c11 -fno-inline"
 9138      61726368 
 9138      3D61726D 
 9138      7637652D 
 9138      6D2B6670 
 9139 04f2 2D736D61 		.ascii	"-small-functions -fomit-frame-pointer -falign-funct"
 9139      6C6C2D66 
 9139      756E6374 
 9139      696F6E73 
 9139      202D666F 
 9140 0525 696F6E73 		.ascii	"ions=16 -fstack-usage -ffunction-sections -fdata-se"
 9140      3D313620 
 9140      2D667374 
 9140      61636B2D 
 9140      75736167 
 9141 0558 6374696F 		.ascii	"ctions -fno-common -fsingle-precision-constant\000"
 9141      6E73202D 
 9141      666E6F2D 
 9141      636F6D6D 
 9141      6F6E202D 
 9142              	.LASF154:
 9143 0587 5F757362 		.ascii	"_usb_reset\000"
 9143      5F726573 
 9143      657400
 9144              	.LASF96:
 9145 0592 75736265 		.ascii	"usbepcallback_t\000"
 9145      7063616C 
 9145      6C626163 
 9145      6B5F7400 
 9146              	.LASF4:
 9147 05a2 6C6F6E67 		.ascii	"long double\000"
 9147      20646F75 
 9147      626C6500 
 9148              	.LASF62:
 9149 05ae 61646472 		.ascii	"address\000"
ARM GAS  /tmp/ccrvdhwe.s 			page 166


 9149      65737300 
 9150              	.LASF167:
 9151 05b6 6765745F 		.ascii	"get_hword\000"
 9151      68776F72 
 9151      6400
 9152              	.LASF164:
 9153 05c0 7573624F 		.ascii	"usbObjectInit\000"
 9153      626A6563 
 9153      74496E69 
 9153      7400
 9154              	.LASF109:
 9155 05ce 5553424F 		.ascii	"USBOutEndpointState\000"
 9155      7574456E 
 9155      64706F69 
 9155      6E745374 
 9155      61746500 
 9156              	.LASF148:
 9157 05e2 5F757362 		.ascii	"_usb_ep0out\000"
 9157      5F657030 
 9157      6F757400 
 9158              	.LASF43:
 9159 05ee 706F7274 		.ascii	"port_context\000"
 9159      5F636F6E 
 9159      74657874 
 9159      00
 9160              	.LASF60:
 9161 05fb 73657475 		.ascii	"setup\000"
 9161      7000
 9162              	.LASF24:
 9163 0601 7072696F 		.ascii	"prio\000"
 9163      00
 9164              	.LASF85:
 9165 0606 5553425F 		.ascii	"USB_EVENT_RESET\000"
 9165      4556454E 
 9165      545F5245 
 9165      53455400 
 9166              	.LASF124:
 9167 0616 736F665F 		.ascii	"sof_cb\000"
 9167      636200
 9168              	.LASF120:
 9169 061d 55534245 		.ascii	"USBEndpointConfig\000"
 9169      6E64706F 
 9169      696E7443 
 9169      6F6E6669 
 9169      6700
 9170              	.LASF111:
 9171 062f 73657475 		.ascii	"setup_cb\000"
 9171      705F6362 
 9171      00
 9172              	.LASF114:
 9173 0638 696E5F6D 		.ascii	"in_maxsize\000"
 9173      61787369 
 9173      7A6500
 9174              	.LASF117:
 9175 0643 6F75745F 		.ascii	"out_state\000"
 9175      73746174 
 9175      6500
ARM GAS  /tmp/ccrvdhwe.s 			page 167


 9176              	.LASF86:
 9177 064d 5553425F 		.ascii	"USB_EVENT_ADDRESS\000"
 9177      4556454E 
 9177      545F4144 
 9177      44524553 
 9177      5300
 9178              	.LASF31:
 9179 065f 72656673 		.ascii	"refs\000"
 9179      00
 9180              	.LASF20:
 9181 0664 74707269 		.ascii	"tprio_t\000"
 9181      6F5F7400 
 9182              	.LASF173:
 9183 066c 63685379 		.ascii	"chSysUnlockFromISR\000"
 9183      73556E6C 
 9183      6F636B46 
 9183      726F6D49 
 9183      535200
 9184              	.LASF68:
 9185 067f 5553425F 		.ascii	"USB_READY\000"
 9185      52454144 
 9185      5900
 9186              	.LASF58:
 9187 0689 6570306E 		.ascii	"ep0n\000"
 9187      00
 9188              	.LASF49:
 9189 068e 5F426F6F 		.ascii	"_Bool\000"
 9189      6C00
 9190              	.LASF12:
 9191 0694 696E7433 		.ascii	"int32_t\000"
 9191      325F7400 
 9192              	.LASF2:
 9193 069c 756E7369 		.ascii	"unsigned char\000"
 9193      676E6564 
 9193      20636861 
 9193      7200
 9194              	.LASF57:
 9195 06aa 6570306E 		.ascii	"ep0next\000"
 9195      65787400 
 9196              	.LASF6:
 9197 06b2 73686F72 		.ascii	"short int\000"
 9197      7420696E 
 9197      7400
 9198              	.LASF115:
 9199 06bc 6F75745F 		.ascii	"out_maxsize\000"
 9199      6D617873 
 9199      697A6500 
 9200              	.LASF17:
 9201 06c8 746D6F64 		.ascii	"tmode_t\000"
 9201      655F7400 
 9202              	.LASF150:
 9203 06d0 5F5F6675 		.ascii	"__func__\000"
 9203      6E635F5F 
 9203      00
 9204              	.LASF175:
 9205 06d9 63685379 		.ascii	"chSysLock\000"
 9205      734C6F63 
ARM GAS  /tmp/ccrvdhwe.s 			page 168


 9205      6B00
 9206              	.LASF171:
 9207 06e3 6F73616C 		.ascii	"osalSysUnlock\000"
 9207      53797355 
 9207      6E6C6F63 
 9207      6B00
 9208              	.LASF129:
 9209 06f1 7573625F 		.ascii	"usb_lld_set_address\000"
 9209      6C6C645F 
 9209      7365745F 
 9209      61646472 
 9209      65737300 
 9210              	.LASF137:
 9211 0705 7573625F 		.ascii	"usb_lld_stall_out\000"
 9211      6C6C645F 
 9211      7374616C 
 9211      6C5F6F75 
 9211      7400
 9212              	.LASF88:
 9213 0717 5553425F 		.ascii	"USB_EVENT_SUSPEND\000"
 9213      4556454E 
 9213      545F5355 
 9213      5350454E 
 9213      4400
 9214              	.LASF56:
 9215 0729 65703073 		.ascii	"ep0state\000"
 9215      74617465 
 9215      00
 9216              	.LASF125:
 9217 0732 55534243 		.ascii	"USBConfig\000"
 9217      6F6E6669 
 9217      6700
 9218              	.LASF166:
 9219 073c 64656661 		.ascii	"default_handler\000"
 9219      756C745F 
 9219      68616E64 
 9219      6C657200 
 9220              	.LASF36:
 9221 074c 63685F74 		.ascii	"ch_threads_list\000"
 9221      68726561 
 9221      64735F6C 
 9221      69737400 
 9222              	.LASF144:
 9223 075c 7573625F 		.ascii	"usb_lld_start\000"
 9223      6C6C645F 
 9223      73746172 
 9223      7400
 9224              	.LASF149:
 9225 076a 5F757362 		.ascii	"_usb_ep0in\000"
 9225      5F657030 
 9225      696E00
 9226              	.LASF9:
 9227 0775 6C6F6E67 		.ascii	"long unsigned int\000"
 9227      20756E73 
 9227      69676E65 
 9227      6420696E 
 9227      7400
ARM GAS  /tmp/ccrvdhwe.s 			page 169


 9228              	.LASF116:
 9229 0787 696E5F73 		.ascii	"in_state\000"
 9229      74617465 
 9229      00
 9230              	.LASF10:
 9231 0790 63686172 		.ascii	"char\000"
 9231      00
 9232              	.LASF26:
 9233 0795 6F6C6465 		.ascii	"older\000"
 9233      7200
 9234              	.LASF165:
 9235 079b 75736249 		.ascii	"usbInit\000"
 9235      6E697400 
 9236              	.LASF51:
 9237 07a3 636F6E66 		.ascii	"config\000"
 9237      696700
 9238              	.LASF176:
 9239 07aa 706F7274 		.ascii	"port_unlock_from_isr\000"
 9239      5F756E6C 
 9239      6F636B5F 
 9239      66726F6D 
 9239      5F697372 
 9240              	.LASF22:
 9241 07bf 74687265 		.ascii	"thread_t\000"
 9241      61645F74 
 9241      00
 9242              	.LASF81:
 9243 07c8 5553425F 		.ascii	"USB_EP0_RX\000"
 9243      4550305F 
 9243      525800
 9244              	.LASF160:
 9245 07d3 75736249 		.ascii	"usbInitEndpointI\000"
 9245      6E697445 
 9245      6E64706F 
 9245      696E7449 
 9245      00
 9246              	.LASF87:
 9247 07e4 5553425F 		.ascii	"USB_EVENT_CONFIGURED\000"
 9247      4556454E 
 9247      545F434F 
 9247      4E464947 
 9247      55524544 
 9248              	.LASF185:
 9249 07f9 5F5F7365 		.ascii	"__set_BASEPRI\000"
 9249      745F4241 
 9249      53455052 
 9249      4900
 9250              	.LASF182:
 9251 0807 2F776F72 		.ascii	"/workspaces/tinySA\000"
 9251      6B737061 
 9251      6365732F 
 9251      74696E79 
 9251      534100
 9252              	.LASF59:
 9253 081a 65703065 		.ascii	"ep0endcb\000"
 9253      6E646362 
 9253      00
ARM GAS  /tmp/ccrvdhwe.s 			page 170


 9254              	.LASF127:
 9255 0823 61637469 		.ascii	"active_status\000"
 9255      76655F73 
 9255      74617475 
 9255      7300
 9256              	.LASF77:
 9257 0831 5553425F 		.ascii	"USB_EP0_WAITING_SETUP\000"
 9257      4550305F 
 9257      57414954 
 9257      494E475F 
 9257      53455455 
 9258              	.LASF146:
 9259 0847 7573625F 		.ascii	"usb_lld_init\000"
 9259      6C6C645F 
 9259      696E6974 
 9259      00
 9260              	.LASF155:
 9261 0854 75736253 		.ascii	"usbStallTransmitI\000"
 9261      74616C6C 
 9261      5472616E 
 9261      736D6974 
 9261      4900
 9262              	.LASF177:
 9263 0866 706F7274 		.ascii	"port_lock_from_isr\000"
 9263      5F6C6F63 
 9263      6B5F6672 
 9263      6F6D5F69 
 9263      737200
 9264              	.LASF110:
 9265 0879 65705F6D 		.ascii	"ep_mode\000"
 9265      6F646500 
 9266              	.LASF157:
 9267 0881 75736253 		.ascii	"usbStartTransmitI\000"
 9267      74617274 
 9267      5472616E 
 9267      736D6974 
 9267      4900
 9268              	.LASF101:
 9269 0893 7478636E 		.ascii	"txcnt\000"
 9269      7400
 9270              	.LASF15:
 9271 0899 75696E74 		.ascii	"uint32_t\000"
 9271      33325F74 
 9271      00
 9272              	.LASF54:
 9273 08a2 696E5F70 		.ascii	"in_params\000"
 9273      6172616D 
 9273      7300
 9274              	.LASF142:
 9275 08ac 6D656D73 		.ascii	"memset\000"
 9275      657400
 9276              	.LASF38:
 9277 08b3 74687265 		.ascii	"threads_queue_t\000"
 9277      6164735F 
 9277      71756575 
 9277      655F7400 
 9278              	.LASF45:
ARM GAS  /tmp/ccrvdhwe.s 			page 171


 9279 08c3 7264796D 		.ascii	"rdymsg\000"
 9279      736700
 9280              	.LASF19:
 9281 08ca 74726566 		.ascii	"trefs_t\000"
 9281      735F7400 
 9282              	.LASF61:
 9283 08d2 73746174 		.ascii	"status\000"
 9283      757300
 9284              	.LASF161:
 9285 08d9 65706370 		.ascii	"epcp\000"
 9285      00
 9286              	.LASF181:
 9287 08de 43686962 		.ascii	"ChibiOS/os/hal/src/hal_usb.c\000"
 9287      694F532F 
 9287      6F732F68 
 9287      616C2F73 
 9287      72632F68 
 9288              	.LASF104:
 9289 08fb 55534249 		.ascii	"USBInEndpointState\000"
 9289      6E456E64 
 9289      706F696E 
 9289      74537461 
 9289      746500
 9290              	.LASF80:
 9291 090e 5553425F 		.ascii	"USB_EP0_WAITING_STS\000"
 9291      4550305F 
 9291      57414954 
 9291      494E475F 
 9291      53545300 
 9292              	.LASF50:
 9293 0922 55534244 		.ascii	"USBDriver\000"
 9293      72697665 
 9293      7200
 9294              	.LASF13:
 9295 092c 75696E74 		.ascii	"uint8_t\000"
 9295      385F7400 
 9296              	.LASF168:
 9297 0934 6F73616C 		.ascii	"osalOsRescheduleS\000"
 9297      4F735265 
 9297      73636865 
 9297      64756C65 
 9297      5300
 9298              	.LASF69:
 9299 0946 5553425F 		.ascii	"USB_SELECTED\000"
 9299      53454C45 
 9299      43544544 
 9299      00
 9300              	.LASF74:
 9301 0953 45505F53 		.ascii	"EP_STATUS_STALLED\000"
 9301      54415455 
 9301      535F5354 
 9301      414C4C45 
 9301      4400
 9302              	.LASF105:
 9303 0965 72787369 		.ascii	"rxsize\000"
 9303      7A6500
 9304              	.LASF30:
ARM GAS  /tmp/ccrvdhwe.s 			page 172


 9305 096c 666C6167 		.ascii	"flags\000"
 9305      7300
 9306              	.LASF33:
 9307 0972 74687265 		.ascii	"thread_reference_t\000"
 9307      61645F72 
 9307      65666572 
 9307      656E6365 
 9307      5F7400
 9308              	.LASF174:
 9309 0985 63685379 		.ascii	"chSysLockFromISR\000"
 9309      734C6F63 
 9309      6B46726F 
 9309      6D495352 
 9309      00
 9310              	.LASF140:
 9311 0996 7573625F 		.ascii	"usb_lld_disable_endpoints\000"
 9311      6C6C645F 
 9311      64697361 
 9311      626C655F 
 9311      656E6470 
 9312              	.LASF141:
 9313 09b0 7573625F 		.ascii	"usb_lld_init_endpoint\000"
 9313      6C6C645F 
 9313      696E6974 
 9313      5F656E64 
 9313      706F696E 
 9314              	.LASF159:
 9315 09c6 75736244 		.ascii	"usbDisableEndpointsI\000"
 9315      69736162 
 9315      6C65456E 
 9315      64706F69 
 9315      6E747349 
 9316              	.LASF184:
 9317 09db 63685379 		.ascii	"chSysUnlock\000"
 9317      73556E6C 
 9317      6F636B00 
 9318              	.LASF138:
 9319 09e7 7573625F 		.ascii	"usb_lld_start_in\000"
 9319      6C6C645F 
 9319      73746172 
 9319      745F696E 
 9319      00
 9320              	.LASF153:
 9321 09f8 5F757362 		.ascii	"_usb_suspend\000"
 9321      5F737573 
 9321      70656E64 
 9321      00
 9322              	.LASF71:
 9323 0a05 5553425F 		.ascii	"USB_SUSPENDED\000"
 9323      53555350 
 9323      454E4445 
 9323      4400
 9324              	.LASF97:
 9325 0a13 75736265 		.ascii	"usbeventcb_t\000"
 9325      76656E74 
 9325      63625F74 
 9325      00
ARM GAS  /tmp/ccrvdhwe.s 			page 173


 9326              	.LASF136:
 9327 0a20 7573625F 		.ascii	"usb_lld_stall_in\000"
 9327      6C6C645F 
 9327      7374616C 
 9327      6C5F696E 
 9327      00
 9328              		.ident	"GCC: (15:13.2.rel1-2) 13.2.1 20231009"
ARM GAS  /tmp/ccrvdhwe.s 			page 174


DEFINED SYMBOLS
                            *ABS*:00000000 hal_usb.c
     /tmp/ccrvdhwe.s:21     .text.get_hword:00000000 $t
     /tmp/ccrvdhwe.s:27     .text.get_hword:00000000 get_hword
     /tmp/ccrvdhwe.s:54     .text.default_handler:00000000 $t
     /tmp/ccrvdhwe.s:60     .text.default_handler:00000000 default_handler
     /tmp/ccrvdhwe.s:577    .text.default_handler:00000234 $d
     /tmp/ccrvdhwe.s:2592   .rodata.zero_status:00000000 zero_status
     /tmp/ccrvdhwe.s:591    .text.set_address:00000000 set_address
     /tmp/ccrvdhwe.s:2580   .rodata.halted_status:00000000 halted_status
     /tmp/ccrvdhwe.s:2586   .rodata.active_status:00000000 active_status
     /tmp/ccrvdhwe.s:585    .text.set_address:00000000 $t
     /tmp/ccrvdhwe.s:634    .text.usbInit:00000000 $t
     /tmp/ccrvdhwe.s:641    .text.usbInit:00000000 usbInit
     /tmp/ccrvdhwe.s:660    .text.usbObjectInit:00000000 $t
     /tmp/ccrvdhwe.s:667    .text.usbObjectInit:00000000 usbObjectInit
     /tmp/ccrvdhwe.s:722    .text.usbStart:00000000 $t
     /tmp/ccrvdhwe.s:729    .text.usbStart:00000000 usbStart
     /tmp/ccrvdhwe.s:869    .text.usbStop:00000000 $t
     /tmp/ccrvdhwe.s:876    .text.usbStop:00000000 usbStop
     /tmp/ccrvdhwe.s:1016   .text.usbInitEndpointI:00000000 $t
     /tmp/ccrvdhwe.s:1023   .text.usbInitEndpointI:00000000 usbInitEndpointI
     /tmp/ccrvdhwe.s:1085   .text.usbDisableEndpointsI:00000000 $t
     /tmp/ccrvdhwe.s:1092   .text.usbDisableEndpointsI:00000000 usbDisableEndpointsI
     /tmp/ccrvdhwe.s:1154   .text.usbStartReceiveI:00000000 $t
     /tmp/ccrvdhwe.s:1161   .text.usbStartReceiveI:00000000 usbStartReceiveI
     /tmp/ccrvdhwe.s:1221   .text.usbStartTransmitI:00000000 $t
     /tmp/ccrvdhwe.s:1228   .text.usbStartTransmitI:00000000 usbStartTransmitI
     /tmp/ccrvdhwe.s:1288   .text.usbStallReceiveI:00000000 $t
     /tmp/ccrvdhwe.s:1295   .text.usbStallReceiveI:00000000 usbStallReceiveI
     /tmp/ccrvdhwe.s:1338   .text.usbStallTransmitI:00000000 $t
     /tmp/ccrvdhwe.s:1345   .text.usbStallTransmitI:00000000 usbStallTransmitI
     /tmp/ccrvdhwe.s:1388   .text._usb_reset:00000000 $t
     /tmp/ccrvdhwe.s:1395   .text._usb_reset:00000000 _usb_reset
     /tmp/ccrvdhwe.s:1478   .text._usb_suspend:00000000 $t
     /tmp/ccrvdhwe.s:1485   .text._usb_suspend:00000000 _usb_suspend
     /tmp/ccrvdhwe.s:1517   .text._usb_wakeup:00000000 $t
     /tmp/ccrvdhwe.s:1524   .text._usb_wakeup:00000000 _usb_wakeup
     /tmp/ccrvdhwe.s:1556   .text._usb_ep0setup:00000000 $t
     /tmp/ccrvdhwe.s:1563   .text._usb_ep0setup:00000000 _usb_ep0setup
     /tmp/ccrvdhwe.s:2072   .text._usb_ep0in:00000000 $t
     /tmp/ccrvdhwe.s:2079   .text._usb_ep0in:00000000 _usb_ep0in
     /tmp/ccrvdhwe.s:2102   .text._usb_ep0in:00000010 $d
     /tmp/ccrvdhwe.s:2380   .text._usb_ep0out:00000000 $t
     /tmp/ccrvdhwe.s:2387   .text._usb_ep0out:00000000 _usb_ep0out
     /tmp/ccrvdhwe.s:2409   .text._usb_ep0out:00000010 $d
     /tmp/ccrvdhwe.s:2577   .rodata.halted_status:00000000 $d
     /tmp/ccrvdhwe.s:2583   .rodata.active_status:00000000 $d
     /tmp/ccrvdhwe.s:2589   .rodata.zero_status:00000000 $d
     /tmp/ccrvdhwe.s:2109   .text._usb_ep0in:00000017 $d
     /tmp/ccrvdhwe.s:2109   .text._usb_ep0in:00000018 $t
     /tmp/ccrvdhwe.s:2416   .text._usb_ep0out:00000017 $d
     /tmp/ccrvdhwe.s:2416   .text._usb_ep0out:00000018 $t

UNDEFINED SYMBOLS
usb_lld_get_status_out
usb_lld_get_status_in
ARM GAS  /tmp/ccrvdhwe.s 			page 175


usb_lld_clear_out
usb_lld_clear_in
usb_lld_stall_out
usb_lld_stall_in
usb_lld_set_address
usb_lld_init
usb_lld_start
usb_lld_stop
chSchRescheduleS
usb_lld_init_endpoint
usb_lld_disable_endpoints
usb_lld_start_out
usb_lld_start_in
usb_lld_reset
usb_lld_read_setup
