ARM GAS  /tmp/ccUycNjg.s 			page 1


   1              		.cpu cortex-m4
   2              		.arch armv7e-m
   3              		.fpu fpv4-sp-d16
   4              		.eabi_attribute 27, 1
   5              		.eabi_attribute 28, 1
   6              		.eabi_attribute 20, 1
   7              		.eabi_attribute 21, 1
   8              		.eabi_attribute 23, 3
   9              		.eabi_attribute 24, 1
  10              		.eabi_attribute 25, 1
  11              		.eabi_attribute 26, 1
  12              		.eabi_attribute 30, 1
  13              		.eabi_attribute 34, 1
  14              		.eabi_attribute 18, 4
  15              		.file	"hal_buffers.c"
  16              		.text
  17              	.Ltext0:
  18              		.cfi_sections	.debug_frame
  19              		.file 1 "ChibiOS/os/hal/src/hal_buffers.c"
  20              		.section	.text.ibqObjectInit,"ax",%progbits
  21              		.align	1
  22              		.p2align 4,,15
  23              		.global	ibqObjectInit
  24              		.syntax unified
  25              		.thumb
  26              		.thumb_func
  27              		.type	ibqObjectInit, %function
  28              	ibqObjectInit:
  29              	.LVL0:
  30              	.LFB233:
  31              		.loc 1 77 49 view -0
  32              		.cfi_startproc
  33              		@ args = 8, pretend = 0, frame = 0
  34              		@ frame_needed = 0, uses_anonymous_args = 0
  35              		@ link register save eliminated.
  36              		.loc 1 77 49 is_stmt 0 view .LVU1
  37 0000 30B4     		push	{r4, r5}
  38              		.cfi_def_cfa_offset 8
  39              		.cfi_offset 4, -8
  40              		.cfi_offset 5, -4
  41              		.loc 1 79 3 is_stmt 1 view .LVU2
  42              		.loc 1 79 3 view .LVU3
  43              		.loc 1 79 3 discriminator 9 view .LVU4
  44              		.loc 1 81 3 view .LVU5
  45              	.LVL1:
  46              	.LBB267:
  47              	.LBI267:
  48              		.file 2 "ChibiOS/os/hal/osal/rt/osal.h"
  49              		.loc 2 753 20 view .LVU6
  50              		.loc 2 755 3 view .LVU7
  51              	.LBB268:
  52              	.LBI268:
  53              		.file 3 "ChibiOS/os/rt/include/chthreads.h"
  54              		.loc 3 395 20 view .LVU8
  55              		.loc 3 397 3 view .LVU9
  56              	.LBB269:
  57              	.LBI269:
ARM GAS  /tmp/ccUycNjg.s 			page 2


  58              		.file 4 "ChibiOS/os/rt/include/chschd.h"
  59              		.loc 4 548 20 view .LVU10
  60              	.LBB270:
  61              		.loc 4 550 3 view .LVU11
  62              		.loc 4 550 13 is_stmt 0 view .LVU12
  63 0002 0060     		str	r0, [r0]
  64              		.loc 4 551 3 is_stmt 1 view .LVU13
  65              		.loc 4 551 13 is_stmt 0 view .LVU14
  66 0004 4060     		str	r0, [r0, #4]
  67              	.LVL2:
  68              		.loc 4 551 13 view .LVU15
  69              	.LBE270:
  70              	.LBE269:
  71              	.LBE268:
  72              	.LBE267:
  73              		.loc 1 82 3 is_stmt 1 view .LVU16
  74              		.loc 1 82 18 is_stmt 0 view .LVU17
  75 0006 0024     		movs	r4, #0
  76 0008 8460     		str	r4, [r0, #8]
  77              		.loc 1 83 3 is_stmt 1 view .LVU18
  78              		.loc 1 83 18 is_stmt 0 view .LVU19
  79 000a 0161     		str	r1, [r0, #16]
  80              		.loc 1 84 3 is_stmt 1 view .LVU20
  81              		.loc 1 84 18 is_stmt 0 view .LVU21
  82 000c C160     		str	r1, [r0, #12]
  83              		.loc 1 85 3 is_stmt 1 view .LVU22
  84              		.loc 1 85 32 is_stmt 0 view .LVU23
  85 000e 0432     		adds	r2, r2, #4
  86              	.LVL3:
  87              		.loc 1 85 23 view .LVU24
  88 0010 03FB0215 		mla	r5, r3, r2, r1
  89              		.loc 1 85 18 view .LVU25
  90 0014 4561     		str	r5, [r0, #20]
  91              		.loc 1 86 3 is_stmt 1 view .LVU26
  92              		.loc 1 86 18 is_stmt 0 view .LVU27
  93 0016 8261     		str	r2, [r0, #24]
  94              		.loc 1 87 3 is_stmt 1 view .LVU28
  95              		.loc 1 87 18 is_stmt 0 view .LVU29
  96 0018 C361     		str	r3, [r0, #28]
  97              		.loc 1 88 3 is_stmt 1 view .LVU30
  98              		.loc 1 88 18 is_stmt 0 view .LVU31
  99 001a 0162     		str	r1, [r0, #32]
 100              		.loc 1 89 3 is_stmt 1 view .LVU32
 101              		.loc 1 89 18 is_stmt 0 view .LVU33
 102 001c 4462     		str	r4, [r0, #36]
 103              		.loc 1 90 3 is_stmt 1 view .LVU34
 104              		.loc 1 90 18 is_stmt 0 view .LVU35
 105 001e 8462     		str	r4, [r0, #40]
 106              		.loc 1 91 3 is_stmt 1 view .LVU36
 107              		.loc 1 91 18 is_stmt 0 view .LVU37
 108 0020 029B     		ldr	r3, [sp, #8]
 109              	.LVL4:
 110              		.loc 1 91 18 view .LVU38
 111 0022 C362     		str	r3, [r0, #44]
 112              		.loc 1 92 3 is_stmt 1 view .LVU39
 113              		.loc 1 92 18 is_stmt 0 view .LVU40
 114 0024 039B     		ldr	r3, [sp, #12]
ARM GAS  /tmp/ccUycNjg.s 			page 3


 115 0026 0363     		str	r3, [r0, #48]
 116              		.loc 1 93 1 view .LVU41
 117 0028 30BC     		pop	{r4, r5}
 118              		.cfi_restore 5
 119              		.cfi_restore 4
 120              		.cfi_def_cfa_offset 0
 121              	.LVL5:
 122              		.loc 1 93 1 view .LVU42
 123 002a 7047     		bx	lr
 124              		.cfi_endproc
 125              	.LFE233:
 126              		.size	ibqObjectInit, .-ibqObjectInit
 127              		.section	.text.ibqResetI,"ax",%progbits
 128              		.align	1
 129              		.p2align 4,,15
 130              		.global	ibqResetI
 131              		.syntax unified
 132              		.thumb
 133              		.thumb_func
 134              		.type	ibqResetI, %function
 135              	ibqResetI:
 136              	.LVL6:
 137              	.LFB234:
 138              		.loc 1 106 45 is_stmt 1 view -0
 139              		.cfi_startproc
 140              		@ args = 0, pretend = 0, frame = 0
 141              		@ frame_needed = 0, uses_anonymous_args = 0
 142              		.loc 1 106 45 is_stmt 0 view .LVU44
 143 0000 08B5     		push	{r3, lr}
 144              		.cfi_def_cfa_offset 8
 145              		.cfi_offset 3, -8
 146              		.cfi_offset 14, -4
 147              		.loc 1 108 23 is_stmt 1 view .LVU45
 148              		.loc 1 110 3 view .LVU46
 149              		.loc 1 110 18 is_stmt 0 view .LVU47
 150 0002 0022     		movs	r2, #0
 151 0004 8260     		str	r2, [r0, #8]
 152              		.loc 1 111 3 is_stmt 1 view .LVU48
 153              		.loc 1 111 24 is_stmt 0 view .LVU49
 154 0006 016A     		ldr	r1, [r0, #32]
 155              		.loc 1 111 18 view .LVU50
 156 0008 0161     		str	r1, [r0, #16]
 157              		.loc 1 112 3 is_stmt 1 view .LVU51
 158              		.loc 1 112 18 is_stmt 0 view .LVU52
 159 000a C160     		str	r1, [r0, #12]
 160              		.loc 1 113 3 is_stmt 1 view .LVU53
 161              		.loc 1 113 18 is_stmt 0 view .LVU54
 162 000c 4262     		str	r2, [r0, #36]
 163              		.loc 1 114 3 is_stmt 1 view .LVU55
 164              		.loc 1 114 18 is_stmt 0 view .LVU56
 165 000e 8262     		str	r2, [r0, #40]
 166              		.loc 1 115 3 is_stmt 1 view .LVU57
 167              	.LVL7:
 168              	.LBB271:
 169              	.LBI271:
 170              		.loc 2 808 20 view .LVU58
 171              	.LBB272:
ARM GAS  /tmp/ccUycNjg.s 			page 4


 172              		.loc 2 810 3 view .LVU59
 173 0010 6FF00101 		mvn	r1, #1
 174 0014 FFF7FEFF 		bl	chThdDequeueAllI
 175              	.LVL8:
 176              		.loc 2 810 3 is_stmt 0 view .LVU60
 177              	.LBE272:
 178              	.LBE271:
 179              		.loc 1 116 1 view .LVU61
 180 0018 08BD     		pop	{r3, pc}
 181              		.cfi_endproc
 182              	.LFE234:
 183              		.size	ibqResetI, .-ibqResetI
 184 001a 00BF     		.section	.text.ibqGetEmptyBufferI,"ax",%progbits
 185              		.align	1
 186              		.p2align 4,,15
 187              		.global	ibqGetEmptyBufferI
 188              		.syntax unified
 189              		.thumb
 190              		.thumb_func
 191              		.type	ibqGetEmptyBufferI, %function
 192              	ibqGetEmptyBufferI:
 193              	.LVL9:
 194              	.LFB235:
 195              		.loc 1 128 58 is_stmt 1 view -0
 196              		.cfi_startproc
 197              		@ args = 0, pretend = 0, frame = 0
 198              		@ frame_needed = 0, uses_anonymous_args = 0
 199              		@ link register save eliminated.
 200              		.loc 1 130 23 view .LVU63
 201              		.loc 1 132 3 view .LVU64
 202              		.loc 1 132 7 is_stmt 0 view .LVU65
 203 0000 C368     		ldr	r3, [r0, #12]
 204 0002 0269     		ldr	r2, [r0, #16]
 205 0004 9342     		cmp	r3, r2
 206 0006 01D0     		beq	.L9
 207              	.L6:
 208              		.loc 1 136 3 is_stmt 1 view .LVU66
 209              		.loc 1 136 23 is_stmt 0 view .LVU67
 210 0008 181D     		adds	r0, r3, #4
 211              	.LVL10:
 212              		.loc 1 136 23 view .LVU68
 213 000a 7047     		bx	lr
 214              	.LVL11:
 215              	.L9:
 216              		.loc 1 132 7 discriminator 1 view .LVU69
 217 000c 8268     		ldr	r2, [r0, #8]
 218 000e 002A     		cmp	r2, #0
 219 0010 FAD0     		beq	.L6
 220              		.loc 1 133 12 view .LVU70
 221 0012 0020     		movs	r0, #0
 222              	.LVL12:
 223              		.loc 1 137 1 view .LVU71
 224 0014 7047     		bx	lr
 225              		.cfi_endproc
 226              	.LFE235:
 227              		.size	ibqGetEmptyBufferI, .-ibqGetEmptyBufferI
 228 0016 00BF     		.section	.text.ibqPostFullBufferI,"ax",%progbits
ARM GAS  /tmp/ccUycNjg.s 			page 5


 229              		.align	1
 230              		.p2align 4,,15
 231              		.global	ibqPostFullBufferI
 232              		.syntax unified
 233              		.thumb
 234              		.thumb_func
 235              		.type	ibqPostFullBufferI, %function
 236              	ibqPostFullBufferI:
 237              	.LVL13:
 238              	.LFB236:
 239              		.loc 1 147 67 is_stmt 1 view -0
 240              		.cfi_startproc
 241              		@ args = 0, pretend = 0, frame = 0
 242              		@ frame_needed = 0, uses_anonymous_args = 0
 243              		.loc 1 147 67 is_stmt 0 view .LVU73
 244 0000 08B5     		push	{r3, lr}
 245              		.cfi_def_cfa_offset 8
 246              		.cfi_offset 3, -8
 247              		.cfi_offset 14, -4
 248              		.loc 1 149 23 is_stmt 1 view .LVU74
 249              		.loc 1 151 3 view .LVU75
 250              		.loc 1 151 3 view .LVU76
 251              		.loc 1 151 3 discriminator 7 view .LVU77
 252              		.loc 1 152 3 view .LVU78
 253              		.loc 1 152 3 view .LVU79
 254              		.loc 1 152 3 discriminator 11 view .LVU80
 255              		.loc 1 155 3 view .LVU81
 256              		.loc 1 155 19 is_stmt 0 view .LVU82
 257 0002 C368     		ldr	r3, [r0, #12]
 258              		.loc 1 155 29 view .LVU83
 259 0004 1960     		str	r1, [r3]
 260              		.loc 1 158 3 is_stmt 1 view .LVU84
 261              		.loc 1 158 7 is_stmt 0 view .LVU85
 262 0006 8368     		ldr	r3, [r0, #8]
 263              		.loc 1 158 17 view .LVU86
 264 0008 0133     		adds	r3, r3, #1
 265 000a 8360     		str	r3, [r0, #8]
 266              		.loc 1 159 3 is_stmt 1 view .LVU87
 267              		.loc 1 159 7 is_stmt 0 view .LVU88
 268 000c C368     		ldr	r3, [r0, #12]
 269              		.loc 1 159 23 view .LVU89
 270 000e 8269     		ldr	r2, [r0, #24]
 271              		.loc 1 159 16 view .LVU90
 272 0010 1344     		add	r3, r3, r2
 273 0012 C360     		str	r3, [r0, #12]
 274              		.loc 1 160 3 is_stmt 1 view .LVU91
 275              		.loc 1 160 27 is_stmt 0 view .LVU92
 276 0014 4269     		ldr	r2, [r0, #20]
 277              		.loc 1 160 6 view .LVU93
 278 0016 9342     		cmp	r3, r2
 279 0018 01D3     		bcc	.L11
 280              		.loc 1 161 5 is_stmt 1 view .LVU94
 281              		.loc 1 161 24 is_stmt 0 view .LVU95
 282 001a 036A     		ldr	r3, [r0, #32]
 283              		.loc 1 161 18 view .LVU96
 284 001c C360     		str	r3, [r0, #12]
 285              	.L11:
ARM GAS  /tmp/ccUycNjg.s 			page 6


 286              		.loc 1 165 3 is_stmt 1 view .LVU97
 287              	.LVL14:
 288              	.LBB273:
 289              	.LBI273:
 290              		.loc 2 795 20 view .LVU98
 291              	.LBB274:
 292              		.loc 2 797 3 view .LVU99
 293 001e 0021     		movs	r1, #0
 294              	.LVL15:
 295              		.loc 2 797 3 is_stmt 0 view .LVU100
 296 0020 FFF7FEFF 		bl	chThdDequeueNextI
 297              	.LVL16:
 298              		.loc 2 797 3 view .LVU101
 299              	.LBE274:
 300              	.LBE273:
 301              		.loc 1 166 1 view .LVU102
 302 0024 08BD     		pop	{r3, pc}
 303              		.cfi_endproc
 304              	.LFE236:
 305              		.size	ibqPostFullBufferI, .-ibqPostFullBufferI
 306 0026 00BF     		.section	.text.ibqGetFullBufferTimeoutS,"ax",%progbits
 307              		.align	1
 308              		.p2align 4,,15
 309              		.global	ibqGetFullBufferTimeoutS
 310              		.syntax unified
 311              		.thumb
 312              		.thumb_func
 313              		.type	ibqGetFullBufferTimeoutS, %function
 314              	ibqGetFullBufferTimeoutS:
 315              	.LVL17:
 316              	.LFB238:
 317              		.loc 1 220 53 is_stmt 1 view -0
 318              		.cfi_startproc
 319              		@ args = 0, pretend = 0, frame = 0
 320              		@ frame_needed = 0, uses_anonymous_args = 0
 321              		.loc 1 220 53 is_stmt 0 view .LVU104
 322 0000 38B5     		push	{r3, r4, r5, lr}
 323              		.cfi_def_cfa_offset 16
 324              		.cfi_offset 3, -16
 325              		.cfi_offset 4, -12
 326              		.cfi_offset 5, -8
 327              		.cfi_offset 14, -4
 328 0002 0446     		mov	r4, r0
 329 0004 0D46     		mov	r5, r1
 330              		.loc 1 222 23 is_stmt 1 view .LVU105
 331              		.loc 1 224 3 view .LVU106
 332              	.LVL18:
 333              	.L14:
 334              		.loc 1 224 10 view .LVU107
 335 0006 A368     		ldr	r3, [r4, #8]
 336 0008 33B9     		cbnz	r3, .L18
 337              	.LBB275:
 338              		.loc 1 225 5 view .LVU108
 339              	.LVL19:
 340              	.LBB276:
 341              	.LBI276:
 342              		.loc 2 781 21 view .LVU109
ARM GAS  /tmp/ccUycNjg.s 			page 7


 343              	.LBB277:
 344              		.loc 2 784 3 view .LVU110
 345              		.loc 2 784 10 is_stmt 0 view .LVU111
 346 000a 2946     		mov	r1, r5
 347 000c 2046     		mov	r0, r4
 348 000e FFF7FEFF 		bl	chThdEnqueueTimeoutS
 349              	.LVL20:
 350              		.loc 2 784 10 view .LVU112
 351              	.LBE277:
 352              	.LBE276:
 353              		.loc 1 226 5 is_stmt 1 view .LVU113
 354              		.loc 1 226 8 is_stmt 0 view .LVU114
 355 0012 0028     		cmp	r0, #0
 356              		.loc 1 226 8 view .LVU115
 357 0014 F7DA     		bge	.L14
 358 0016 06E0     		b	.L13
 359              	.LVL21:
 360              	.L18:
 361              		.loc 1 226 8 view .LVU116
 362              	.LBE275:
 363              		.loc 1 231 3 is_stmt 1 view .LVU117
 364              		.loc 1 231 3 view .LVU118
 365              		.loc 1 231 3 discriminator 5 view .LVU119
 366              		.loc 1 234 3 view .LVU120
 367              		.loc 1 234 19 is_stmt 0 view .LVU121
 368 0018 2269     		ldr	r2, [r4, #16]
 369              		.loc 1 234 28 view .LVU122
 370 001a 131D     		adds	r3, r2, #4
 371              		.loc 1 234 13 view .LVU123
 372 001c 6362     		str	r3, [r4, #36]
 373              		.loc 1 235 3 is_stmt 1 view .LVU124
 374              		.loc 1 235 27 is_stmt 0 view .LVU125
 375 001e 1268     		ldr	r2, [r2]
 376              		.loc 1 235 25 view .LVU126
 377 0020 1344     		add	r3, r3, r2
 378              		.loc 1 235 13 view .LVU127
 379 0022 A362     		str	r3, [r4, #40]
 380              		.loc 1 237 3 is_stmt 1 view .LVU128
 381              		.loc 1 237 10 is_stmt 0 view .LVU129
 382 0024 0020     		movs	r0, #0
 383              	.L13:
 384              		.loc 1 238 1 view .LVU130
 385 0026 38BD     		pop	{r3, r4, r5, pc}
 386              		.loc 1 238 1 view .LVU131
 387              		.cfi_endproc
 388              	.LFE238:
 389              		.size	ibqGetFullBufferTimeoutS, .-ibqGetFullBufferTimeoutS
 390              		.section	.text.ibqGetFullBufferTimeout,"ax",%progbits
 391              		.align	1
 392              		.p2align 4,,15
 393              		.global	ibqGetFullBufferTimeout
 394              		.syntax unified
 395              		.thumb
 396              		.thumb_func
 397              		.type	ibqGetFullBufferTimeout, %function
 398              	ibqGetFullBufferTimeout:
 399              	.LVL22:
ARM GAS  /tmp/ccUycNjg.s 			page 8


 400              	.LFB237:
 401              		.loc 1 189 50 is_stmt 1 view -0
 402              		.cfi_startproc
 403              		@ args = 0, pretend = 0, frame = 0
 404              		@ frame_needed = 0, uses_anonymous_args = 0
 405              		.loc 1 189 50 is_stmt 0 view .LVU133
 406 0000 08B5     		push	{r3, lr}
 407              		.cfi_def_cfa_offset 8
 408              		.cfi_offset 3, -8
 409              		.cfi_offset 14, -4
 410              		.loc 1 190 3 is_stmt 1 view .LVU134
 411              		.loc 1 192 3 view .LVU135
 412              	.LBB278:
 413              	.LBI278:
 414              		.loc 2 491 20 view .LVU136
 415              		.loc 2 493 3 view .LVU137
 416              	.LBB279:
 417              	.LBI279:
 418              		.file 5 "ChibiOS/os/rt/include/chsys.h"
 419              		.loc 5 374 20 view .LVU138
 420              		.loc 5 376 3 view .LVU139
 421              	.LBB280:
 422              	.LBI280:
 423              		.file 6 "ChibiOS/os/common/ports/ARMCMx/chcore_v7m.h"
 424              		.loc 6 604 20 view .LVU140
 425              		.loc 6 612 3 view .LVU141
 426              	.LVL23:
 427              	.LBB281:
 428              	.LBI281:
 429              		.file 7 "ChibiOS/os/common/ext/CMSIS/include/core_cmFunc.h"
 430              		.loc 7 546 57 view .LVU142
 431              	.LBB282:
 432              		.loc 7 548 3 view .LVU143
 433 0002 2023     		movs	r3, #32
 434              		.syntax unified
 435              	@ 548 "ChibiOS/os/common/ext/CMSIS/include/core_cmFunc.h" 1
 436 0004 83F31188 		MSR basepri, r3
 437              	@ 0 "" 2
 438              	.LVL24:
 439              		.loc 7 548 3 is_stmt 0 view .LVU144
 440              		.thumb
 441              		.syntax unified
 442              	.LBE282:
 443              	.LBE281:
 444              	.LBE280:
 445              		.loc 5 377 34 is_stmt 1 view .LVU145
 446              		.loc 5 378 20 view .LVU146
 447              	.LBE279:
 448              	.LBE278:
 449              		.loc 1 193 3 view .LVU147
 450              		.loc 1 193 9 is_stmt 0 view .LVU148
 451 0008 FFF7FEFF 		bl	ibqGetFullBufferTimeoutS
 452              	.LVL25:
 453              		.loc 1 194 3 is_stmt 1 view .LVU149
 454              	.LBB283:
 455              	.LBI283:
 456              		.loc 2 502 20 view .LVU150
ARM GAS  /tmp/ccUycNjg.s 			page 9


 457              		.loc 2 504 3 view .LVU151
 458              	.LBB284:
 459              	.LBI284:
 460              		.loc 5 386 20 view .LVU152
 461              	.LBB285:
 462              		.loc 5 388 22 view .LVU153
 463              		.loc 5 389 33 view .LVU154
 464              		.loc 5 395 3 view .LVU155
 465              		.loc 5 395 3 view .LVU156
 466              		.loc 5 395 3 discriminator 7 view .LVU157
 467              		.loc 5 399 3 view .LVU158
 468              	.LBB286:
 469              	.LBI286:
 470              		.loc 6 628 20 view .LVU159
 471              		.loc 6 631 3 view .LVU160
 472              	.LBB287:
 473              	.LBI287:
 474              		.loc 7 546 57 view .LVU161
 475              	.LBB288:
 476              		.loc 7 548 3 view .LVU162
 477 000c 0023     		movs	r3, #0
 478              		.syntax unified
 479              	@ 548 "ChibiOS/os/common/ext/CMSIS/include/core_cmFunc.h" 1
 480 000e 83F31188 		MSR basepri, r3
 481              	@ 0 "" 2
 482              	.LVL26:
 483              		.loc 7 548 3 is_stmt 0 view .LVU163
 484              		.thumb
 485              		.syntax unified
 486              	.LBE288:
 487              	.LBE287:
 488              	.LBE286:
 489              	.LBE285:
 490              	.LBE284:
 491              	.LBE283:
 492              		.loc 1 196 3 is_stmt 1 view .LVU164
 493              		.loc 1 197 1 is_stmt 0 view .LVU165
 494 0012 08BD     		pop	{r3, pc}
 495              		.cfi_endproc
 496              	.LFE237:
 497              		.size	ibqGetFullBufferTimeout, .-ibqGetFullBufferTimeout
 498              		.section	.text.ibqReleaseEmptyBufferS,"ax",%progbits
 499              		.align	1
 500              		.p2align 4,,15
 501              		.global	ibqReleaseEmptyBufferS
 502              		.syntax unified
 503              		.thumb
 504              		.thumb_func
 505              		.type	ibqReleaseEmptyBufferS, %function
 506              	ibqReleaseEmptyBufferS:
 507              	.LVL27:
 508              	.LFB240:
 509              		.loc 1 263 60 is_stmt 1 view -0
 510              		.cfi_startproc
 511              		@ args = 0, pretend = 0, frame = 0
 512              		@ frame_needed = 0, uses_anonymous_args = 0
 513              		.loc 1 263 60 is_stmt 0 view .LVU167
ARM GAS  /tmp/ccUycNjg.s 			page 10


 514 0000 08B5     		push	{r3, lr}
 515              		.cfi_def_cfa_offset 8
 516              		.cfi_offset 3, -8
 517              		.cfi_offset 14, -4
 518              		.loc 1 265 23 is_stmt 1 view .LVU168
 519              		.loc 1 266 3 view .LVU169
 520              		.loc 1 266 3 view .LVU170
 521              		.loc 1 266 3 discriminator 5 view .LVU171
 522              		.loc 1 269 3 view .LVU172
 523              		.loc 1 269 7 is_stmt 0 view .LVU173
 524 0002 8368     		ldr	r3, [r0, #8]
 525              		.loc 1 269 17 view .LVU174
 526 0004 013B     		subs	r3, r3, #1
 527 0006 8360     		str	r3, [r0, #8]
 528              		.loc 1 270 3 is_stmt 1 view .LVU175
 529              		.loc 1 270 7 is_stmt 0 view .LVU176
 530 0008 0369     		ldr	r3, [r0, #16]
 531              		.loc 1 270 23 view .LVU177
 532 000a 8269     		ldr	r2, [r0, #24]
 533              		.loc 1 270 16 view .LVU178
 534 000c 1344     		add	r3, r3, r2
 535 000e 0361     		str	r3, [r0, #16]
 536              		.loc 1 271 3 is_stmt 1 view .LVU179
 537              		.loc 1 271 27 is_stmt 0 view .LVU180
 538 0010 4269     		ldr	r2, [r0, #20]
 539              		.loc 1 271 6 view .LVU181
 540 0012 9342     		cmp	r3, r2
 541 0014 01D3     		bcc	.L22
 542              		.loc 1 272 5 is_stmt 1 view .LVU182
 543              		.loc 1 272 24 is_stmt 0 view .LVU183
 544 0016 036A     		ldr	r3, [r0, #32]
 545              		.loc 1 272 18 view .LVU184
 546 0018 0361     		str	r3, [r0, #16]
 547              	.L22:
 548              		.loc 1 276 3 is_stmt 1 view .LVU185
 549              		.loc 1 276 13 is_stmt 0 view .LVU186
 550 001a 0023     		movs	r3, #0
 551 001c 4362     		str	r3, [r0, #36]
 552              		.loc 1 279 3 is_stmt 1 view .LVU187
 553              		.loc 1 279 11 is_stmt 0 view .LVU188
 554 001e C36A     		ldr	r3, [r0, #44]
 555              		.loc 1 279 6 view .LVU189
 556 0020 03B1     		cbz	r3, .L21
 557              		.loc 1 280 5 is_stmt 1 view .LVU190
 558 0022 9847     		blx	r3
 559              	.LVL28:
 560              	.L21:
 561              		.loc 1 282 1 is_stmt 0 view .LVU191
 562 0024 08BD     		pop	{r3, pc}
 563              		.cfi_endproc
 564              	.LFE240:
 565              		.size	ibqReleaseEmptyBufferS, .-ibqReleaseEmptyBufferS
 566 0026 00BF     		.section	.text.ibqReleaseEmptyBuffer,"ax",%progbits
 567              		.align	1
 568              		.p2align 4,,15
 569              		.global	ibqReleaseEmptyBuffer
 570              		.syntax unified
ARM GAS  /tmp/ccUycNjg.s 			page 11


 571              		.thumb
 572              		.thumb_func
 573              		.type	ibqReleaseEmptyBuffer, %function
 574              	ibqReleaseEmptyBuffer:
 575              	.LVL29:
 576              	.LFB239:
 577              		.loc 1 248 57 is_stmt 1 view -0
 578              		.cfi_startproc
 579              		@ args = 0, pretend = 0, frame = 0
 580              		@ frame_needed = 0, uses_anonymous_args = 0
 581              		.loc 1 248 57 is_stmt 0 view .LVU193
 582 0000 08B5     		push	{r3, lr}
 583              		.cfi_def_cfa_offset 8
 584              		.cfi_offset 3, -8
 585              		.cfi_offset 14, -4
 586              		.loc 1 250 3 is_stmt 1 view .LVU194
 587              	.LBB289:
 588              	.LBI289:
 589              		.loc 2 491 20 view .LVU195
 590              		.loc 2 493 3 view .LVU196
 591              	.LBB290:
 592              	.LBI290:
 593              		.loc 5 374 20 view .LVU197
 594              		.loc 5 376 3 view .LVU198
 595              	.LBB291:
 596              	.LBI291:
 597              		.loc 6 604 20 view .LVU199
 598              		.loc 6 612 3 view .LVU200
 599              	.LVL30:
 600              	.LBB292:
 601              	.LBI292:
 602              		.loc 7 546 57 view .LVU201
 603              	.LBB293:
 604              		.loc 7 548 3 view .LVU202
 605 0002 2023     		movs	r3, #32
 606              		.syntax unified
 607              	@ 548 "ChibiOS/os/common/ext/CMSIS/include/core_cmFunc.h" 1
 608 0004 83F31188 		MSR basepri, r3
 609              	@ 0 "" 2
 610              	.LVL31:
 611              		.loc 7 548 3 is_stmt 0 view .LVU203
 612              		.thumb
 613              		.syntax unified
 614              	.LBE293:
 615              	.LBE292:
 616              	.LBE291:
 617              		.loc 5 377 34 is_stmt 1 view .LVU204
 618              		.loc 5 378 20 view .LVU205
 619              	.LBE290:
 620              	.LBE289:
 621              		.loc 1 251 3 view .LVU206
 622 0008 FFF7FEFF 		bl	ibqReleaseEmptyBufferS
 623              	.LVL32:
 624              		.loc 1 252 3 view .LVU207
 625              	.LBB294:
 626              	.LBI294:
 627              		.loc 2 502 20 view .LVU208
ARM GAS  /tmp/ccUycNjg.s 			page 12


 628              		.loc 2 504 3 view .LVU209
 629              	.LBB295:
 630              	.LBI295:
 631              		.loc 5 386 20 view .LVU210
 632              	.LBB296:
 633              		.loc 5 388 22 view .LVU211
 634              		.loc 5 389 33 view .LVU212
 635              		.loc 5 395 3 view .LVU213
 636              		.loc 5 395 3 view .LVU214
 637              		.loc 5 395 3 discriminator 7 view .LVU215
 638              		.loc 5 399 3 view .LVU216
 639              	.LBB297:
 640              	.LBI297:
 641              		.loc 6 628 20 view .LVU217
 642              		.loc 6 631 3 view .LVU218
 643              	.LBB298:
 644              	.LBI298:
 645              		.loc 7 546 57 view .LVU219
 646              	.LBB299:
 647              		.loc 7 548 3 view .LVU220
 648 000c 0023     		movs	r3, #0
 649              		.syntax unified
 650              	@ 548 "ChibiOS/os/common/ext/CMSIS/include/core_cmFunc.h" 1
 651 000e 83F31188 		MSR basepri, r3
 652              	@ 0 "" 2
 653              	.LVL33:
 654              		.loc 7 548 3 is_stmt 0 view .LVU221
 655              		.thumb
 656              		.syntax unified
 657              	.LBE299:
 658              	.LBE298:
 659              	.LBE297:
 660              	.LBE296:
 661              	.LBE295:
 662              	.LBE294:
 663              		.loc 1 253 1 view .LVU222
 664 0012 08BD     		pop	{r3, pc}
 665              		.cfi_endproc
 666              	.LFE239:
 667              		.size	ibqReleaseEmptyBuffer, .-ibqReleaseEmptyBuffer
 668              		.section	.text.ibqGetTimeout,"ax",%progbits
 669              		.align	1
 670              		.p2align 4,,15
 671              		.global	ibqGetTimeout
 672              		.syntax unified
 673              		.thumb
 674              		.thumb_func
 675              		.type	ibqGetTimeout, %function
 676              	ibqGetTimeout:
 677              	.LVL34:
 678              	.LFB241:
 679              		.loc 1 302 69 is_stmt 1 view -0
 680              		.cfi_startproc
 681              		@ args = 0, pretend = 0, frame = 0
 682              		@ frame_needed = 0, uses_anonymous_args = 0
 683              		.loc 1 302 69 is_stmt 0 view .LVU224
 684 0000 38B5     		push	{r3, r4, r5, lr}
ARM GAS  /tmp/ccUycNjg.s 			page 13


 685              		.cfi_def_cfa_offset 16
 686              		.cfi_offset 3, -16
 687              		.cfi_offset 4, -12
 688              		.cfi_offset 5, -8
 689              		.cfi_offset 14, -4
 690 0002 0446     		mov	r4, r0
 691              		.loc 1 303 3 is_stmt 1 view .LVU225
 692              		.loc 1 305 3 view .LVU226
 693              	.LBB300:
 694              	.LBI300:
 695              		.loc 2 491 20 view .LVU227
 696              		.loc 2 493 3 view .LVU228
 697              	.LBB301:
 698              	.LBI301:
 699              		.loc 5 374 20 view .LVU229
 700              		.loc 5 376 3 view .LVU230
 701              	.LBB302:
 702              	.LBI302:
 703              		.loc 6 604 20 view .LVU231
 704              		.loc 6 612 3 view .LVU232
 705              	.LVL35:
 706              	.LBB303:
 707              	.LBI303:
 708              		.loc 7 546 57 view .LVU233
 709              	.LBB304:
 710              		.loc 7 548 3 view .LVU234
 711 0004 2023     		movs	r3, #32
 712              		.syntax unified
 713              	@ 548 "ChibiOS/os/common/ext/CMSIS/include/core_cmFunc.h" 1
 714 0006 83F31188 		MSR basepri, r3
 715              	@ 0 "" 2
 716              	.LVL36:
 717              		.loc 7 548 3 is_stmt 0 view .LVU235
 718              		.thumb
 719              		.syntax unified
 720              	.LBE304:
 721              	.LBE303:
 722              	.LBE302:
 723              		.loc 5 377 34 is_stmt 1 view .LVU236
 724              		.loc 5 378 20 view .LVU237
 725              	.LBE301:
 726              	.LBE300:
 727              		.loc 1 308 3 view .LVU238
 728              		.loc 1 308 11 is_stmt 0 view .LVU239
 729 000a 436A     		ldr	r3, [r0, #36]
 730              		.loc 1 308 6 view .LVU240
 731 000c 5BB1     		cbz	r3, .L32
 732              	.LVL37:
 733              	.L28:
 734              		.loc 1 317 3 is_stmt 1 view .LVU241
 735              		.loc 1 317 16 is_stmt 0 view .LVU242
 736 000e 636A     		ldr	r3, [r4, #36]
 737 0010 13F8015B 		ldrb	r5, [r3], #1	@ zero_extendqisi2
 738              	.LVL38:
 739              		.loc 1 318 3 is_stmt 1 view .LVU243
 740              		.loc 1 318 12 is_stmt 0 view .LVU244
 741 0014 6362     		str	r3, [r4, #36]
ARM GAS  /tmp/ccUycNjg.s 			page 14


 742              		.loc 1 322 3 is_stmt 1 view .LVU245
 743              		.loc 1 322 24 is_stmt 0 view .LVU246
 744 0016 A26A     		ldr	r2, [r4, #40]
 745              		.loc 1 322 6 view .LVU247
 746 0018 9342     		cmp	r3, r2
 747 001a 0DD2     		bcs	.L33
 748              	.L30:
 749              		.loc 1 326 3 is_stmt 1 view .LVU248
 750              	.LBB305:
 751              	.LBI305:
 752              		.loc 2 502 20 view .LVU249
 753              		.loc 2 504 3 view .LVU250
 754              	.LBB306:
 755              	.LBI306:
 756              		.loc 5 386 20 view .LVU251
 757              	.LBB307:
 758              		.loc 5 388 22 view .LVU252
 759              		.loc 5 389 33 view .LVU253
 760              		.loc 5 395 3 view .LVU254
 761              		.loc 5 395 3 view .LVU255
 762              		.loc 5 395 3 discriminator 7 view .LVU256
 763              		.loc 5 399 3 view .LVU257
 764              	.LBB308:
 765              	.LBI308:
 766              		.loc 6 628 20 view .LVU258
 767              		.loc 6 631 3 view .LVU259
 768              	.LVL39:
 769              	.LBB309:
 770              	.LBI309:
 771              		.loc 7 546 57 view .LVU260
 772              	.LBB310:
 773              		.loc 7 548 3 view .LVU261
 774 001c 0023     		movs	r3, #0
 775              		.syntax unified
 776              	@ 548 "ChibiOS/os/common/ext/CMSIS/include/core_cmFunc.h" 1
 777 001e 83F31188 		MSR basepri, r3
 778              	@ 0 "" 2
 779              	.LVL40:
 780              		.loc 7 548 3 is_stmt 0 view .LVU262
 781              		.thumb
 782              		.syntax unified
 783              	.LBE310:
 784              	.LBE309:
 785              	.LBE308:
 786              	.LBE307:
 787              	.LBE306:
 788              	.LBE305:
 789              		.loc 1 327 3 is_stmt 1 view .LVU263
 790              	.L27:
 791              		.loc 1 328 1 is_stmt 0 view .LVU264
 792 0022 2846     		mov	r0, r5
 793 0024 38BD     		pop	{r3, r4, r5, pc}
 794              	.LVL41:
 795              	.L32:
 796              		.loc 1 309 5 is_stmt 1 view .LVU265
 797              		.loc 1 309 11 is_stmt 0 view .LVU266
 798 0026 FFF7FEFF 		bl	ibqGetFullBufferTimeoutS
ARM GAS  /tmp/ccUycNjg.s 			page 15


 799              	.LVL42:
 800              		.loc 1 310 5 is_stmt 1 view .LVU267
 801              		.loc 1 310 8 is_stmt 0 view .LVU268
 802 002a 0546     		mov	r5, r0
 803 002c 0028     		cmp	r0, #0
 804 002e EED0     		beq	.L28
 805              		.loc 1 311 7 is_stmt 1 view .LVU269
 806              	.LBB311:
 807              	.LBI311:
 808              		.loc 2 502 20 view .LVU270
 809              		.loc 2 504 3 view .LVU271
 810              	.LBB312:
 811              	.LBI312:
 812              		.loc 5 386 20 view .LVU272
 813              	.LBB313:
 814              		.loc 5 388 22 view .LVU273
 815              		.loc 5 389 33 view .LVU274
 816              		.loc 5 395 3 view .LVU275
 817              		.loc 5 395 3 view .LVU276
 818              		.loc 5 395 3 discriminator 7 view .LVU277
 819              		.loc 5 399 3 view .LVU278
 820              	.LBB314:
 821              	.LBI314:
 822              		.loc 6 628 20 view .LVU279
 823              		.loc 6 631 3 view .LVU280
 824              	.LVL43:
 825              	.LBB315:
 826              	.LBI315:
 827              		.loc 7 546 57 view .LVU281
 828              	.LBB316:
 829              		.loc 7 548 3 view .LVU282
 830 0030 0023     		movs	r3, #0
 831              		.syntax unified
 832              	@ 548 "ChibiOS/os/common/ext/CMSIS/include/core_cmFunc.h" 1
 833 0032 83F31188 		MSR basepri, r3
 834              	@ 0 "" 2
 835              	.LVL44:
 836              		.loc 7 548 3 is_stmt 0 view .LVU283
 837              		.thumb
 838              		.syntax unified
 839              	.LBE316:
 840              	.LBE315:
 841              	.LBE314:
 842              	.LBE313:
 843              	.LBE312:
 844              	.LBE311:
 845              		.loc 1 312 7 is_stmt 1 view .LVU284
 846              		.loc 1 312 14 is_stmt 0 view .LVU285
 847 0036 F4E7     		b	.L27
 848              	.LVL45:
 849              	.L33:
 850              		.loc 1 323 5 is_stmt 1 view .LVU286
 851 0038 2046     		mov	r0, r4
 852 003a FFF7FEFF 		bl	ibqReleaseEmptyBufferS
 853              	.LVL46:
 854 003e EDE7     		b	.L30
 855              		.cfi_endproc
ARM GAS  /tmp/ccUycNjg.s 			page 16


 856              	.LFE241:
 857              		.size	ibqGetTimeout, .-ibqGetTimeout
 858              		.section	.text.ibqReadTimeout,"ax",%progbits
 859              		.align	1
 860              		.p2align 4,,15
 861              		.global	ibqReadTimeout
 862              		.syntax unified
 863              		.thumb
 864              		.thumb_func
 865              		.type	ibqReadTimeout, %function
 866              	ibqReadTimeout:
 867              	.LVL47:
 868              	.LFB242:
 869              		.loc 1 352 52 view -0
 870              		.cfi_startproc
 871              		@ args = 0, pretend = 0, frame = 0
 872              		@ frame_needed = 0, uses_anonymous_args = 0
 873              		.loc 1 352 52 is_stmt 0 view .LVU288
 874 0000 2DE9F047 		push	{r4, r5, r6, r7, r8, r9, r10, lr}
 875              		.cfi_def_cfa_offset 32
 876              		.cfi_offset 4, -32
 877              		.cfi_offset 5, -28
 878              		.cfi_offset 6, -24
 879              		.cfi_offset 7, -20
 880              		.cfi_offset 8, -16
 881              		.cfi_offset 9, -12
 882              		.cfi_offset 10, -8
 883              		.cfi_offset 14, -4
 884 0004 0446     		mov	r4, r0
 885 0006 0E46     		mov	r6, r1
 886 0008 1746     		mov	r7, r2
 887 000a 9846     		mov	r8, r3
 888              		.loc 1 353 3 is_stmt 1 view .LVU289
 889              	.LVL48:
 890              		.loc 1 354 3 view .LVU290
 891              		.loc 1 356 3 view .LVU291
 892              		.loc 1 356 3 view .LVU292
 893              		.loc 1 356 3 discriminator 5 view .LVU293
 894              		.loc 1 358 3 view .LVU294
 895              	.LBB317:
 896              	.LBI317:
 897              		.loc 2 491 20 view .LVU295
 898              		.loc 2 493 3 view .LVU296
 899              	.LBB318:
 900              	.LBI318:
 901              		.loc 5 374 20 view .LVU297
 902              		.loc 5 376 3 view .LVU298
 903              	.LBB319:
 904              	.LBI319:
 905              		.loc 6 604 20 view .LVU299
 906              		.loc 6 612 3 view .LVU300
 907              	.LBB320:
 908              	.LBI320:
 909              		.loc 7 546 57 view .LVU301
 910              	.LBB321:
 911              		.loc 7 548 3 view .LVU302
 912 000c 2023     		movs	r3, #32
ARM GAS  /tmp/ccUycNjg.s 			page 17


 913              	.LVL49:
 914              		.loc 7 548 3 is_stmt 0 view .LVU303
 915              		.syntax unified
 916              	@ 548 "ChibiOS/os/common/ext/CMSIS/include/core_cmFunc.h" 1
 917 000e 83F31188 		MSR basepri, r3
 918              	@ 0 "" 2
 919              	.LVL50:
 920              		.loc 7 548 3 view .LVU304
 921              		.thumb
 922              		.syntax unified
 923              	.LBE321:
 924              	.LBE320:
 925              	.LBE319:
 926              		.loc 5 377 34 is_stmt 1 view .LVU305
 927              		.loc 5 378 20 view .LVU306
 928              	.LBE318:
 929              	.LBE317:
 930              		.loc 1 361 3 view .LVU307
 931              	.LBB322:
 932              	.LBI322:
 933              		.loc 2 616 25 view .LVU308
 934              		.loc 2 618 3 view .LVU309
 935              	.LBB323:
 936              	.LBI323:
 937              		.file 8 "ChibiOS/os/rt/include/chvt.h"
 938              		.loc 8 228 25 view .LVU310
 939              		.loc 8 233 3 view .LVU311
 940              	.LBB324:
 941              	.LBI324:
 942              		.file 9 "ChibiOS/os/common/ports/ARMCMx/chcore_timer.h"
 943              		.loc 9 105 25 view .LVU312
 944              		.loc 9 107 3 view .LVU313
 945              	.LBB325:
 946              	.LBI325:
 947              		.file 10 "ChibiOS/os/hal/ports/STM32/LLD/TIMv1/hal_st_lld.h"
 948              		.loc 10 139 25 view .LVU314
 949              	.LBB326:
 950              		.loc 10 141 3 view .LVU315
 951              		.loc 10 141 10 is_stmt 0 view .LVU316
 952 0012 4FF08043 		mov	r3, #1073741824
 953 0016 5B6A     		ldr	r3, [r3, #36]
 954              	.LBE326:
 955              	.LBE325:
 956              	.LBE324:
 957              	.LBE323:
 958              	.LBE322:
 959              		.loc 1 361 12 discriminator 1 view .LVU317
 960 0018 08EB0309 		add	r9, r8, r3
 961              	.LVL51:
 962              		.loc 1 353 10 view .LVU318
 963 001c 0025     		movs	r5, #0
 964 001e 45E0     		b	.L45
 965              	.LVL52:
 966              	.L50:
 967              	.LBB327:
 968              	.LBB328:
 969              		.loc 1 368 7 is_stmt 1 view .LVU319
ARM GAS  /tmp/ccUycNjg.s 			page 18


 970              		.loc 1 372 7 view .LVU320
 971              		.loc 1 372 38 is_stmt 0 view .LVU321
 972 0020 08F1FF33 		add	r3, r8, #-1
 973              		.loc 1 372 10 view .LVU322
 974 0024 13F1030F 		cmn	r3, #3
 975 0028 10D8     		bhi	.L47
 976              	.LBB329:
 977              		.loc 1 376 9 is_stmt 1 view .LVU323
 978              	.LBB330:
 979              	.LBI330:
 980              		.loc 2 616 25 view .LVU324
 981              		.loc 2 618 3 view .LVU325
 982              	.LBB331:
 983              	.LBI331:
 984              		.loc 8 228 25 view .LVU326
 985              		.loc 8 233 3 view .LVU327
 986              	.LBB332:
 987              	.LBI332:
 988              		.loc 9 105 25 view .LVU328
 989              		.loc 9 107 3 view .LVU329
 990              	.LBB333:
 991              	.LBI333:
 992              		.loc 10 139 25 view .LVU330
 993              	.LBB334:
 994              		.loc 10 141 3 view .LVU331
 995              		.loc 10 141 10 is_stmt 0 view .LVU332
 996 002a 4FF08043 		mov	r3, #1073741824
 997 002e 596A     		ldr	r1, [r3, #36]
 998              	.LBE334:
 999              	.LBE333:
 1000              	.LBE332:
 1001              	.LBE331:
 1002              	.LBE330:
 1003              		.loc 1 376 19 discriminator 1 view .LVU333
 1004 0030 A9EB0101 		sub	r1, r9, r1
 1005              	.LVL53:
 1006              		.loc 1 381 9 is_stmt 1 view .LVU334
 1007              		.loc 1 381 12 is_stmt 0 view .LVU335
 1008 0034 8845     		cmp	r8, r1
 1009 0036 0ED3     		bcc	.L48
 1010              		.loc 1 385 9 is_stmt 1 view .LVU336
 1011              		.loc 1 385 15 is_stmt 0 view .LVU337
 1012 0038 2046     		mov	r0, r4
 1013 003a FFF7FEFF 		bl	ibqGetFullBufferTimeoutS
 1014              	.LVL54:
 1015              	.L37:
 1016              		.loc 1 385 15 view .LVU338
 1017              	.LBE329:
 1018              		.loc 1 389 7 is_stmt 1 view .LVU339
 1019              		.loc 1 389 10 is_stmt 0 view .LVU340
 1020 003e C0B3     		cbz	r0, .L35
 1021              		.loc 1 390 9 is_stmt 1 view .LVU341
 1022              	.LBB341:
 1023              	.LBI341:
 1024              		.loc 2 502 20 view .LVU342
 1025              		.loc 2 504 3 view .LVU343
 1026              	.LBB342:
ARM GAS  /tmp/ccUycNjg.s 			page 19


 1027              	.LBI342:
 1028              		.loc 5 386 20 view .LVU344
 1029              	.LBB343:
 1030              		.loc 5 388 22 view .LVU345
 1031              		.loc 5 389 33 view .LVU346
 1032              		.loc 5 395 3 view .LVU347
 1033              		.loc 5 395 3 view .LVU348
 1034              		.loc 5 395 3 discriminator 7 view .LVU349
 1035              		.loc 5 399 3 view .LVU350
 1036              	.LBB344:
 1037              	.LBI344:
 1038              		.loc 6 628 20 view .LVU351
 1039              		.loc 6 631 3 view .LVU352
 1040              	.LVL55:
 1041              	.LBB345:
 1042              	.LBI345:
 1043              		.loc 7 546 57 view .LVU353
 1044              	.LBB346:
 1045              		.loc 7 548 3 view .LVU354
 1046 0040 0023     		movs	r3, #0
 1047              		.syntax unified
 1048              	@ 548 "ChibiOS/os/common/ext/CMSIS/include/core_cmFunc.h" 1
 1049 0042 83F31188 		MSR basepri, r3
 1050              	@ 0 "" 2
 1051              	.LVL56:
 1052              		.loc 7 548 3 is_stmt 0 view .LVU355
 1053              		.thumb
 1054              		.syntax unified
 1055              	.LBE346:
 1056              	.LBE345:
 1057              	.LBE344:
 1058              	.LBE343:
 1059              	.LBE342:
 1060              	.LBE341:
 1061              		.loc 1 391 9 is_stmt 1 view .LVU356
 1062              	.L34:
 1063              		.loc 1 391 9 is_stmt 0 view .LVU357
 1064              	.LBE328:
 1065              	.LBE327:
 1066              		.loc 1 429 1 view .LVU358
 1067 0046 2846     		mov	r0, r5
 1068 0048 BDE8F087 		pop	{r4, r5, r6, r7, r8, r9, r10, pc}
 1069              	.LVL57:
 1070              	.L47:
 1071              	.LBB361:
 1072              	.LBB348:
 1073              		.loc 1 373 9 is_stmt 1 view .LVU359
 1074              		.loc 1 373 15 is_stmt 0 view .LVU360
 1075 004c 4146     		mov	r1, r8
 1076 004e 2046     		mov	r0, r4
 1077 0050 FFF7FEFF 		bl	ibqGetFullBufferTimeoutS
 1078              	.LVL58:
 1079              		.loc 1 373 15 view .LVU361
 1080 0054 F3E7     		b	.L37
 1081              	.LVL59:
 1082              	.L48:
 1083              	.LBB347:
ARM GAS  /tmp/ccUycNjg.s 			page 20


 1084              		.loc 1 382 11 is_stmt 1 view .LVU362
 1085              	.LBB335:
 1086              	.LBI335:
 1087              		.loc 2 502 20 view .LVU363
 1088              		.loc 2 504 3 view .LVU364
 1089              	.LBB336:
 1090              	.LBI336:
 1091              		.loc 5 386 20 view .LVU365
 1092              	.LBB337:
 1093              		.loc 5 388 22 view .LVU366
 1094              		.loc 5 389 33 view .LVU367
 1095              		.loc 5 395 3 view .LVU368
 1096              		.loc 5 395 3 view .LVU369
 1097              		.loc 5 395 3 discriminator 7 view .LVU370
 1098              		.loc 5 399 3 view .LVU371
 1099              	.LBB338:
 1100              	.LBI338:
 1101              		.loc 6 628 20 view .LVU372
 1102              		.loc 6 631 3 view .LVU373
 1103              	.LBB339:
 1104              	.LBI339:
 1105              		.loc 7 546 57 view .LVU374
 1106              	.LBB340:
 1107              		.loc 7 548 3 view .LVU375
 1108 0056 0023     		movs	r3, #0
 1109              		.syntax unified
 1110              	@ 548 "ChibiOS/os/common/ext/CMSIS/include/core_cmFunc.h" 1
 1111 0058 83F31188 		MSR basepri, r3
 1112              	@ 0 "" 2
 1113              	.LVL60:
 1114              		.loc 7 548 3 is_stmt 0 view .LVU376
 1115              		.thumb
 1116              		.syntax unified
 1117              	.LBE340:
 1118              	.LBE339:
 1119              	.LBE338:
 1120              	.LBE337:
 1121              	.LBE336:
 1122              	.LBE335:
 1123              		.loc 1 383 11 is_stmt 1 view .LVU377
 1124              		.loc 1 383 18 is_stmt 0 view .LVU378
 1125 005c F3E7     		b	.L34
 1126              	.LVL61:
 1127              	.L42:
 1128              		.loc 1 383 18 view .LVU379
 1129              	.LBE347:
 1130              	.LBE348:
 1131              		.loc 1 405 7 view .LVU380
 1132 005e DCF800A0 		ldr	r10, [ip]	@ unaligned
 1133 0062 DCF80400 		ldr	r0, [ip, #4]	@ unaligned
 1134 0066 DCF80820 		ldr	r2, [ip, #8]	@ unaligned
 1135 006a DCF80C30 		ldr	r3, [ip, #12]	@ unaligned
 1136 006e CEF800A0 		str	r10, [lr]	@ unaligned
 1137 0072 CEF80400 		str	r0, [lr, #4]	@ unaligned
 1138 0076 CEF80820 		str	r2, [lr, #8]	@ unaligned
 1139 007a CEF80C30 		str	r3, [lr, #12]	@ unaligned
 1140 007e 0CF1100C 		add	ip, ip, #16
ARM GAS  /tmp/ccUycNjg.s 			page 21


 1141 0082 0EF1100E 		add	lr, lr, #16
 1142 0086 8C45     		cmp	ip, r1
 1143 0088 E9D1     		bne	.L42
 1144              		.loc 1 406 7 is_stmt 1 view .LVU381
 1145              		.loc 1 406 17 is_stmt 0 view .LVU382
 1146 008a 4036     		adds	r6, r6, #64
 1147              	.LVL62:
 1148              		.loc 1 407 7 is_stmt 1 view .LVU383
 1149              		.loc 1 407 11 is_stmt 0 view .LVU384
 1150 008c 636A     		ldr	r3, [r4, #36]
 1151              		.loc 1 407 17 view .LVU385
 1152 008e 4033     		adds	r3, r3, #64
 1153 0090 6362     		str	r3, [r4, #36]
 1154              		.loc 1 408 7 is_stmt 1 view .LVU386
 1155              		.loc 1 408 17 is_stmt 0 view .LVU387
 1156 0092 4035     		adds	r5, r5, #64
 1157              	.LVL63:
 1158              	.L43:
 1159              		.loc 1 418 5 is_stmt 1 view .LVU388
 1160              		.loc 1 418 13 is_stmt 0 view .LVU389
 1161 0094 626A     		ldr	r2, [r4, #36]
 1162              		.loc 1 418 26 view .LVU390
 1163 0096 A36A     		ldr	r3, [r4, #40]
 1164              		.loc 1 418 8 view .LVU391
 1165 0098 9A42     		cmp	r2, r3
 1166 009a 23D2     		bcs	.L49
 1167              	.L44:
 1168              		.loc 1 423 5 is_stmt 1 view .LVU392
 1169              	.LBB349:
 1170              	.LBI349:
 1171              		.loc 2 502 20 view .LVU393
 1172              		.loc 2 504 3 view .LVU394
 1173              	.LBB350:
 1174              	.LBI350:
 1175              		.loc 5 386 20 view .LVU395
 1176              	.LBB351:
 1177              		.loc 5 388 22 view .LVU396
 1178              		.loc 5 389 33 view .LVU397
 1179              		.loc 5 395 3 view .LVU398
 1180              		.loc 5 395 3 view .LVU399
 1181              		.loc 5 395 3 discriminator 7 view .LVU400
 1182              		.loc 5 399 3 view .LVU401
 1183              	.LBB352:
 1184              	.LBI352:
 1185              		.loc 6 628 20 view .LVU402
 1186              		.loc 6 631 3 view .LVU403
 1187              	.LVL64:
 1188              	.LBB353:
 1189              	.LBI353:
 1190              		.loc 7 546 57 view .LVU404
 1191              	.LBB354:
 1192              		.loc 7 548 3 view .LVU405
 1193 009c 0023     		movs	r3, #0
 1194              		.syntax unified
 1195              	@ 548 "ChibiOS/os/common/ext/CMSIS/include/core_cmFunc.h" 1
 1196 009e 83F31188 		MSR basepri, r3
 1197              	@ 0 "" 2
ARM GAS  /tmp/ccUycNjg.s 			page 22


 1198              	.LVL65:
 1199              		.loc 7 548 3 is_stmt 0 view .LVU406
 1200              		.thumb
 1201              		.syntax unified
 1202              	.LBE354:
 1203              	.LBE353:
 1204              	.LBE352:
 1205              	.LBE351:
 1206              	.LBE350:
 1207              	.LBE349:
 1208              		.loc 1 424 5 is_stmt 1 view .LVU407
 1209              		.loc 1 424 8 is_stmt 0 view .LVU408
 1210 00a2 BD42     		cmp	r5, r7
 1211 00a4 CFD2     		bcs	.L34
 1212              		.loc 1 427 5 is_stmt 1 view .LVU409
 1213              	.LBB355:
 1214              	.LBI355:
 1215              		.loc 2 491 20 view .LVU410
 1216              	.LBB356:
 1217              		.loc 2 493 3 view .LVU411
 1218              	.LBB357:
 1219              	.LBI357:
 1220              		.loc 5 374 20 view .LVU412
 1221              		.loc 5 376 3 view .LVU413
 1222              	.LBB358:
 1223              	.LBI358:
 1224              		.loc 6 604 20 view .LVU414
 1225              		.loc 6 612 3 view .LVU415
 1226              	.LVL66:
 1227              	.LBB359:
 1228              	.LBI359:
 1229              		.loc 7 546 57 view .LVU416
 1230              	.LBB360:
 1231              		.loc 7 548 3 view .LVU417
 1232 00a6 2023     		movs	r3, #32
 1233              		.syntax unified
 1234              	@ 548 "ChibiOS/os/common/ext/CMSIS/include/core_cmFunc.h" 1
 1235 00a8 83F31188 		MSR basepri, r3
 1236              	@ 0 "" 2
 1237              	.LVL67:
 1238              		.loc 7 548 3 is_stmt 0 view .LVU418
 1239              		.thumb
 1240              		.syntax unified
 1241              	.LBE360:
 1242              	.LBE359:
 1243              	.LBE358:
 1244              		.loc 5 377 34 is_stmt 1 view .LVU419
 1245              		.loc 5 378 20 view .LVU420
 1246              	.LBE357:
 1247              	.LBE356:
 1248              	.LBE355:
 1249              	.LBE361:
 1250              		.loc 1 363 9 view .LVU421
 1251              	.L45:
 1252              		.loc 1 363 3 view .LVU422
 1253              	.LBB362:
 1254              		.loc 1 364 5 view .LVU423
ARM GAS  /tmp/ccUycNjg.s 			page 23


 1255              		.loc 1 367 5 view .LVU424
 1256              		.loc 1 367 13 is_stmt 0 view .LVU425
 1257 00ac 636A     		ldr	r3, [r4, #36]
 1258              		.loc 1 367 8 view .LVU426
 1259 00ae 002B     		cmp	r3, #0
 1260 00b0 B6D0     		beq	.L50
 1261              	.L35:
 1262              		.loc 1 396 5 is_stmt 1 view .LVU427
 1263              		.loc 1 396 24 is_stmt 0 view .LVU428
 1264 00b2 A36A     		ldr	r3, [r4, #40]
 1265              		.loc 1 396 44 view .LVU429
 1266 00b4 616A     		ldr	r1, [r4, #36]
 1267              		.loc 1 396 10 view .LVU430
 1268 00b6 5B1A     		subs	r3, r3, r1
 1269              	.LVL68:
 1270              		.loc 1 397 5 is_stmt 1 view .LVU431
 1271              		.loc 1 397 19 is_stmt 0 view .LVU432
 1272 00b8 A7EB050A 		sub	r10, r7, r5
 1273              		.loc 1 397 8 view .LVU433
 1274 00bc 9A45     		cmp	r10, r3
 1275 00be 00D3     		bcc	.L40
 1276              		.loc 1 396 10 view .LVU434
 1277 00c0 9A46     		mov	r10, r3
 1278              	.L40:
 1279              	.LVL69:
 1280              		.loc 1 403 5 is_stmt 1 view .LVU435
 1281              		.loc 1 403 8 is_stmt 0 view .LVU436
 1282 00c2 BAF1400F 		cmp	r10, #64
 1283 00c6 03D9     		bls	.L41
 1284              		.loc 1 405 7 is_stmt 1 view .LVU437
 1285 00c8 8C46     		mov	ip, r1
 1286 00ca B646     		mov	lr, r6
 1287 00cc 4031     		adds	r1, r1, #64
 1288 00ce C6E7     		b	.L42
 1289              	.L41:
 1290              		.loc 1 411 7 view .LVU438
 1291 00d0 5246     		mov	r2, r10
 1292 00d2 3046     		mov	r0, r6
 1293 00d4 FFF7FEFF 		bl	memcpy
 1294              	.LVL70:
 1295              		.loc 1 412 7 view .LVU439
 1296              		.loc 1 412 17 is_stmt 0 view .LVU440
 1297 00d8 5644     		add	r6, r6, r10
 1298              	.LVL71:
 1299              		.loc 1 413 7 is_stmt 1 view .LVU441
 1300              		.loc 1 413 11 is_stmt 0 view .LVU442
 1301 00da 636A     		ldr	r3, [r4, #36]
 1302              		.loc 1 413 17 view .LVU443
 1303 00dc 5344     		add	r3, r3, r10
 1304 00de 6362     		str	r3, [r4, #36]
 1305              		.loc 1 414 7 is_stmt 1 view .LVU444
 1306              		.loc 1 414 17 is_stmt 0 view .LVU445
 1307 00e0 5544     		add	r5, r5, r10
 1308              	.LVL72:
 1309              		.loc 1 414 17 view .LVU446
 1310 00e2 D7E7     		b	.L43
 1311              	.LVL73:
ARM GAS  /tmp/ccUycNjg.s 			page 24


 1312              	.L49:
 1313              		.loc 1 419 7 is_stmt 1 view .LVU447
 1314 00e4 2046     		mov	r0, r4
 1315 00e6 FFF7FEFF 		bl	ibqReleaseEmptyBufferS
 1316              	.LVL74:
 1317 00ea D7E7     		b	.L44
 1318              	.LBE362:
 1319              		.cfi_endproc
 1320              	.LFE242:
 1321              		.size	ibqReadTimeout, .-ibqReadTimeout
 1322              		.section	.text.obqObjectInit,"ax",%progbits
 1323              		.align	1
 1324              		.p2align 4,,15
 1325              		.global	obqObjectInit
 1326              		.syntax unified
 1327              		.thumb
 1328              		.thumb_func
 1329              		.type	obqObjectInit, %function
 1330              	obqObjectInit:
 1331              	.LVL75:
 1332              	.LFB243:
 1333              		.loc 1 445 49 view -0
 1334              		.cfi_startproc
 1335              		@ args = 8, pretend = 0, frame = 0
 1336              		@ frame_needed = 0, uses_anonymous_args = 0
 1337              		@ link register save eliminated.
 1338              		.loc 1 445 49 is_stmt 0 view .LVU449
 1339 0000 10B4     		push	{r4}
 1340              		.cfi_def_cfa_offset 4
 1341              		.cfi_offset 4, -4
 1342              		.loc 1 447 3 is_stmt 1 view .LVU450
 1343              		.loc 1 447 3 view .LVU451
 1344              		.loc 1 447 3 discriminator 9 view .LVU452
 1345              		.loc 1 449 3 view .LVU453
 1346              	.LVL76:
 1347              	.LBB363:
 1348              	.LBI363:
 1349              		.loc 2 753 20 view .LVU454
 1350              		.loc 2 755 3 view .LVU455
 1351              	.LBB364:
 1352              	.LBI364:
 1353              		.loc 3 395 20 view .LVU456
 1354              		.loc 3 397 3 view .LVU457
 1355              	.LBB365:
 1356              	.LBI365:
 1357              		.loc 4 548 20 view .LVU458
 1358              	.LBB366:
 1359              		.loc 4 550 3 view .LVU459
 1360              		.loc 4 550 13 is_stmt 0 view .LVU460
 1361 0002 0060     		str	r0, [r0]
 1362              		.loc 4 551 3 is_stmt 1 view .LVU461
 1363              		.loc 4 551 13 is_stmt 0 view .LVU462
 1364 0004 4060     		str	r0, [r0, #4]
 1365              	.LVL77:
 1366              		.loc 4 551 13 view .LVU463
 1367              	.LBE366:
 1368              	.LBE365:
ARM GAS  /tmp/ccUycNjg.s 			page 25


 1369              	.LBE364:
 1370              	.LBE363:
 1371              		.loc 1 450 3 is_stmt 1 view .LVU464
 1372              		.loc 1 450 18 is_stmt 0 view .LVU465
 1373 0006 8360     		str	r3, [r0, #8]
 1374              		.loc 1 451 3 is_stmt 1 view .LVU466
 1375              		.loc 1 451 18 is_stmt 0 view .LVU467
 1376 0008 0161     		str	r1, [r0, #16]
 1377              		.loc 1 452 3 is_stmt 1 view .LVU468
 1378              		.loc 1 452 18 is_stmt 0 view .LVU469
 1379 000a C160     		str	r1, [r0, #12]
 1380              		.loc 1 453 3 is_stmt 1 view .LVU470
 1381              		.loc 1 453 32 is_stmt 0 view .LVU471
 1382 000c 0432     		adds	r2, r2, #4
 1383              	.LVL78:
 1384              		.loc 1 453 23 view .LVU472
 1385 000e 03FB0214 		mla	r4, r3, r2, r1
 1386              		.loc 1 453 18 view .LVU473
 1387 0012 4461     		str	r4, [r0, #20]
 1388              		.loc 1 454 3 is_stmt 1 view .LVU474
 1389              		.loc 1 454 18 is_stmt 0 view .LVU475
 1390 0014 8261     		str	r2, [r0, #24]
 1391              		.loc 1 455 3 is_stmt 1 view .LVU476
 1392              		.loc 1 455 18 is_stmt 0 view .LVU477
 1393 0016 C361     		str	r3, [r0, #28]
 1394              		.loc 1 456 3 is_stmt 1 view .LVU478
 1395              		.loc 1 456 18 is_stmt 0 view .LVU479
 1396 0018 0162     		str	r1, [r0, #32]
 1397              		.loc 1 457 3 is_stmt 1 view .LVU480
 1398              		.loc 1 457 18 is_stmt 0 view .LVU481
 1399 001a 0023     		movs	r3, #0
 1400              	.LVL79:
 1401              		.loc 1 457 18 view .LVU482
 1402 001c 4362     		str	r3, [r0, #36]
 1403              		.loc 1 458 3 is_stmt 1 view .LVU483
 1404              		.loc 1 458 18 is_stmt 0 view .LVU484
 1405 001e 8362     		str	r3, [r0, #40]
 1406              		.loc 1 459 3 is_stmt 1 view .LVU485
 1407              		.loc 1 459 18 is_stmt 0 view .LVU486
 1408 0020 019B     		ldr	r3, [sp, #4]
 1409 0022 C362     		str	r3, [r0, #44]
 1410              		.loc 1 460 3 is_stmt 1 view .LVU487
 1411              		.loc 1 460 18 is_stmt 0 view .LVU488
 1412 0024 029B     		ldr	r3, [sp, #8]
 1413 0026 0363     		str	r3, [r0, #48]
 1414              		.loc 1 461 1 view .LVU489
 1415 0028 5DF8044B 		ldr	r4, [sp], #4
 1416              		.cfi_restore 4
 1417              		.cfi_def_cfa_offset 0
 1418              	.LVL80:
 1419              		.loc 1 461 1 view .LVU490
 1420 002c 7047     		bx	lr
 1421              		.cfi_endproc
 1422              	.LFE243:
 1423              		.size	obqObjectInit, .-obqObjectInit
 1424 002e 00BF     		.section	.text.obqResetI,"ax",%progbits
 1425              		.align	1
ARM GAS  /tmp/ccUycNjg.s 			page 26


 1426              		.p2align 4,,15
 1427              		.global	obqResetI
 1428              		.syntax unified
 1429              		.thumb
 1430              		.thumb_func
 1431              		.type	obqResetI, %function
 1432              	obqResetI:
 1433              	.LVL81:
 1434              	.LFB244:
 1435              		.loc 1 474 46 is_stmt 1 view -0
 1436              		.cfi_startproc
 1437              		@ args = 0, pretend = 0, frame = 0
 1438              		@ frame_needed = 0, uses_anonymous_args = 0
 1439              		.loc 1 474 46 is_stmt 0 view .LVU492
 1440 0000 08B5     		push	{r3, lr}
 1441              		.cfi_def_cfa_offset 8
 1442              		.cfi_offset 3, -8
 1443              		.cfi_offset 14, -4
 1444              		.loc 1 476 23 is_stmt 1 view .LVU493
 1445              		.loc 1 478 3 view .LVU494
 1446              		.loc 1 478 20 is_stmt 0 view .LVU495
 1447 0002 C269     		ldr	r2, [r0, #28]
 1448              		.loc 1 478 18 view .LVU496
 1449 0004 8260     		str	r2, [r0, #8]
 1450              		.loc 1 479 3 is_stmt 1 view .LVU497
 1451              		.loc 1 479 24 is_stmt 0 view .LVU498
 1452 0006 026A     		ldr	r2, [r0, #32]
 1453              		.loc 1 479 18 view .LVU499
 1454 0008 0261     		str	r2, [r0, #16]
 1455              		.loc 1 480 3 is_stmt 1 view .LVU500
 1456              		.loc 1 480 18 is_stmt 0 view .LVU501
 1457 000a C260     		str	r2, [r0, #12]
 1458              		.loc 1 481 3 is_stmt 1 view .LVU502
 1459              		.loc 1 481 18 is_stmt 0 view .LVU503
 1460 000c 0022     		movs	r2, #0
 1461 000e 4262     		str	r2, [r0, #36]
 1462              		.loc 1 482 3 is_stmt 1 view .LVU504
 1463              		.loc 1 482 18 is_stmt 0 view .LVU505
 1464 0010 8262     		str	r2, [r0, #40]
 1465              		.loc 1 483 3 is_stmt 1 view .LVU506
 1466              	.LVL82:
 1467              	.LBB367:
 1468              	.LBI367:
 1469              		.loc 2 808 20 view .LVU507
 1470              	.LBB368:
 1471              		.loc 2 810 3 view .LVU508
 1472 0012 6FF00101 		mvn	r1, #1
 1473 0016 FFF7FEFF 		bl	chThdDequeueAllI
 1474              	.LVL83:
 1475              		.loc 2 810 3 is_stmt 0 view .LVU509
 1476              	.LBE368:
 1477              	.LBE367:
 1478              		.loc 1 484 1 view .LVU510
 1479 001a 08BD     		pop	{r3, pc}
 1480              		.cfi_endproc
 1481              	.LFE244:
 1482              		.size	obqResetI, .-obqResetI
ARM GAS  /tmp/ccUycNjg.s 			page 27


 1483              		.section	.text.obqGetFullBufferI,"ax",%progbits
 1484              		.align	1
 1485              		.p2align 4,,15
 1486              		.global	obqGetFullBufferI
 1487              		.syntax unified
 1488              		.thumb
 1489              		.thumb_func
 1490              		.type	obqGetFullBufferI, %function
 1491              	obqGetFullBufferI:
 1492              	.LVL84:
 1493              	.LFB245:
 1494              		.loc 1 498 43 is_stmt 1 view -0
 1495              		.cfi_startproc
 1496              		@ args = 0, pretend = 0, frame = 0
 1497              		@ frame_needed = 0, uses_anonymous_args = 0
 1498              		@ link register save eliminated.
 1499              		.loc 1 500 23 view .LVU512
 1500              		.loc 1 502 3 view .LVU513
 1501              		.loc 1 502 7 is_stmt 0 view .LVU514
 1502 0000 C268     		ldr	r2, [r0, #12]
 1503 0002 0369     		ldr	r3, [r0, #16]
 1504 0004 9A42     		cmp	r2, r3
 1505 0006 04D0     		beq	.L59
 1506              	.L56:
 1507              		.loc 1 507 3 is_stmt 1 view .LVU515
 1508              		.loc 1 507 12 is_stmt 0 view .LVU516
 1509 0008 1B68     		ldr	r3, [r3]
 1510              		.loc 1 507 10 view .LVU517
 1511 000a 0B60     		str	r3, [r1]
 1512              		.loc 1 509 3 is_stmt 1 view .LVU518
 1513              		.loc 1 509 14 is_stmt 0 view .LVU519
 1514 000c 0069     		ldr	r0, [r0, #16]
 1515              	.LVL85:
 1516              		.loc 1 509 23 view .LVU520
 1517 000e 0430     		adds	r0, r0, #4
 1518 0010 7047     		bx	lr
 1519              	.LVL86:
 1520              	.L59:
 1521              		.loc 1 502 7 discriminator 1 view .LVU521
 1522 0012 8268     		ldr	r2, [r0, #8]
 1523 0014 002A     		cmp	r2, #0
 1524 0016 F7D0     		beq	.L56
 1525              		.loc 1 503 12 view .LVU522
 1526 0018 0020     		movs	r0, #0
 1527              	.LVL87:
 1528              		.loc 1 510 1 view .LVU523
 1529 001a 7047     		bx	lr
 1530              		.cfi_endproc
 1531              	.LFE245:
 1532              		.size	obqGetFullBufferI, .-obqGetFullBufferI
 1533              		.section	.text.obqReleaseEmptyBufferI,"ax",%progbits
 1534              		.align	1
 1535              		.p2align 4,,15
 1536              		.global	obqReleaseEmptyBufferI
 1537              		.syntax unified
 1538              		.thumb
 1539              		.thumb_func
ARM GAS  /tmp/ccUycNjg.s 			page 28


 1540              		.type	obqReleaseEmptyBufferI, %function
 1541              	obqReleaseEmptyBufferI:
 1542              	.LVL88:
 1543              	.LFB246:
 1544              		.loc 1 519 59 is_stmt 1 view -0
 1545              		.cfi_startproc
 1546              		@ args = 0, pretend = 0, frame = 0
 1547              		@ frame_needed = 0, uses_anonymous_args = 0
 1548              		.loc 1 519 59 is_stmt 0 view .LVU525
 1549 0000 08B5     		push	{r3, lr}
 1550              		.cfi_def_cfa_offset 8
 1551              		.cfi_offset 3, -8
 1552              		.cfi_offset 14, -4
 1553              		.loc 1 521 23 is_stmt 1 view .LVU526
 1554              		.loc 1 522 3 view .LVU527
 1555              		.loc 1 522 3 view .LVU528
 1556              		.loc 1 522 3 discriminator 11 view .LVU529
 1557              		.loc 1 525 3 view .LVU530
 1558              		.loc 1 525 7 is_stmt 0 view .LVU531
 1559 0002 8368     		ldr	r3, [r0, #8]
 1560              		.loc 1 525 17 view .LVU532
 1561 0004 0133     		adds	r3, r3, #1
 1562 0006 8360     		str	r3, [r0, #8]
 1563              		.loc 1 526 3 is_stmt 1 view .LVU533
 1564              		.loc 1 526 7 is_stmt 0 view .LVU534
 1565 0008 0369     		ldr	r3, [r0, #16]
 1566              		.loc 1 526 23 view .LVU535
 1567 000a 8269     		ldr	r2, [r0, #24]
 1568              		.loc 1 526 16 view .LVU536
 1569 000c 1344     		add	r3, r3, r2
 1570 000e 0361     		str	r3, [r0, #16]
 1571              		.loc 1 527 3 is_stmt 1 view .LVU537
 1572              		.loc 1 527 27 is_stmt 0 view .LVU538
 1573 0010 4269     		ldr	r2, [r0, #20]
 1574              		.loc 1 527 6 view .LVU539
 1575 0012 9342     		cmp	r3, r2
 1576 0014 01D3     		bcc	.L61
 1577              		.loc 1 528 5 is_stmt 1 view .LVU540
 1578              		.loc 1 528 24 is_stmt 0 view .LVU541
 1579 0016 036A     		ldr	r3, [r0, #32]
 1580              		.loc 1 528 18 view .LVU542
 1581 0018 0361     		str	r3, [r0, #16]
 1582              	.L61:
 1583              		.loc 1 532 3 is_stmt 1 view .LVU543
 1584              	.LVL89:
 1585              	.LBB369:
 1586              	.LBI369:
 1587              		.loc 2 795 20 view .LVU544
 1588              	.LBB370:
 1589              		.loc 2 797 3 view .LVU545
 1590 001a 0021     		movs	r1, #0
 1591 001c FFF7FEFF 		bl	chThdDequeueNextI
 1592              	.LVL90:
 1593              		.loc 2 797 3 is_stmt 0 view .LVU546
 1594              	.LBE370:
 1595              	.LBE369:
 1596              		.loc 1 533 1 view .LVU547
ARM GAS  /tmp/ccUycNjg.s 			page 29


 1597 0020 08BD     		pop	{r3, pc}
 1598              		.cfi_endproc
 1599              	.LFE246:
 1600              		.size	obqReleaseEmptyBufferI, .-obqReleaseEmptyBufferI
 1601 0022 00BF     		.section	.text.obqGetEmptyBufferTimeoutS,"ax",%progbits
 1602              		.align	1
 1603              		.p2align 4,,15
 1604              		.global	obqGetEmptyBufferTimeoutS
 1605              		.syntax unified
 1606              		.thumb
 1607              		.thumb_func
 1608              		.type	obqGetEmptyBufferTimeoutS, %function
 1609              	obqGetEmptyBufferTimeoutS:
 1610              	.LVL91:
 1611              	.LFB248:
 1612              		.loc 1 587 54 is_stmt 1 view -0
 1613              		.cfi_startproc
 1614              		@ args = 0, pretend = 0, frame = 0
 1615              		@ frame_needed = 0, uses_anonymous_args = 0
 1616              		.loc 1 587 54 is_stmt 0 view .LVU549
 1617 0000 38B5     		push	{r3, r4, r5, lr}
 1618              		.cfi_def_cfa_offset 16
 1619              		.cfi_offset 3, -16
 1620              		.cfi_offset 4, -12
 1621              		.cfi_offset 5, -8
 1622              		.cfi_offset 14, -4
 1623 0002 0446     		mov	r4, r0
 1624 0004 0D46     		mov	r5, r1
 1625              		.loc 1 589 23 is_stmt 1 view .LVU550
 1626              		.loc 1 591 3 view .LVU551
 1627              	.LVL92:
 1628              	.L64:
 1629              		.loc 1 591 10 view .LVU552
 1630 0006 A368     		ldr	r3, [r4, #8]
 1631 0008 33B9     		cbnz	r3, .L68
 1632              	.LBB371:
 1633              		.loc 1 592 5 view .LVU553
 1634              	.LVL93:
 1635              	.LBB372:
 1636              	.LBI372:
 1637              		.loc 2 781 21 view .LVU554
 1638              	.LBB373:
 1639              		.loc 2 784 3 view .LVU555
 1640              		.loc 2 784 10 is_stmt 0 view .LVU556
 1641 000a 2946     		mov	r1, r5
 1642 000c 2046     		mov	r0, r4
 1643 000e FFF7FEFF 		bl	chThdEnqueueTimeoutS
 1644              	.LVL94:
 1645              		.loc 2 784 10 view .LVU557
 1646              	.LBE373:
 1647              	.LBE372:
 1648              		.loc 1 593 5 is_stmt 1 view .LVU558
 1649              		.loc 1 593 8 is_stmt 0 view .LVU559
 1650 0012 0028     		cmp	r0, #0
 1651              		.loc 1 593 8 view .LVU560
 1652 0014 F7DA     		bge	.L64
 1653 0016 06E0     		b	.L63
ARM GAS  /tmp/ccUycNjg.s 			page 30


 1654              	.LVL95:
 1655              	.L68:
 1656              		.loc 1 593 8 view .LVU561
 1657              	.LBE371:
 1658              		.loc 1 598 3 is_stmt 1 view .LVU562
 1659              		.loc 1 598 3 view .LVU563
 1660              		.loc 1 598 3 discriminator 5 view .LVU564
 1661              		.loc 1 601 3 view .LVU565
 1662              		.loc 1 601 19 is_stmt 0 view .LVU566
 1663 0018 E368     		ldr	r3, [r4, #12]
 1664              		.loc 1 601 28 view .LVU567
 1665 001a 1A1D     		adds	r2, r3, #4
 1666              		.loc 1 601 13 view .LVU568
 1667 001c 6262     		str	r2, [r4, #36]
 1668              		.loc 1 602 3 is_stmt 1 view .LVU569
 1669              		.loc 1 602 34 is_stmt 0 view .LVU570
 1670 001e A269     		ldr	r2, [r4, #24]
 1671              		.loc 1 602 28 view .LVU571
 1672 0020 1344     		add	r3, r3, r2
 1673              		.loc 1 602 13 view .LVU572
 1674 0022 A362     		str	r3, [r4, #40]
 1675              		.loc 1 604 3 is_stmt 1 view .LVU573
 1676              		.loc 1 604 10 is_stmt 0 view .LVU574
 1677 0024 0020     		movs	r0, #0
 1678              	.L63:
 1679              		.loc 1 605 1 view .LVU575
 1680 0026 38BD     		pop	{r3, r4, r5, pc}
 1681              		.loc 1 605 1 view .LVU576
 1682              		.cfi_endproc
 1683              	.LFE248:
 1684              		.size	obqGetEmptyBufferTimeoutS, .-obqGetEmptyBufferTimeoutS
 1685              		.section	.text.obqGetEmptyBufferTimeout,"ax",%progbits
 1686              		.align	1
 1687              		.p2align 4,,15
 1688              		.global	obqGetEmptyBufferTimeout
 1689              		.syntax unified
 1690              		.thumb
 1691              		.thumb_func
 1692              		.type	obqGetEmptyBufferTimeout, %function
 1693              	obqGetEmptyBufferTimeout:
 1694              	.LVL96:
 1695              	.LFB247:
 1696              		.loc 1 556 52 is_stmt 1 view -0
 1697              		.cfi_startproc
 1698              		@ args = 0, pretend = 0, frame = 0
 1699              		@ frame_needed = 0, uses_anonymous_args = 0
 1700              		.loc 1 556 52 is_stmt 0 view .LVU578
 1701 0000 08B5     		push	{r3, lr}
 1702              		.cfi_def_cfa_offset 8
 1703              		.cfi_offset 3, -8
 1704              		.cfi_offset 14, -4
 1705              		.loc 1 557 3 is_stmt 1 view .LVU579
 1706              		.loc 1 559 3 view .LVU580
 1707              	.LBB374:
 1708              	.LBI374:
 1709              		.loc 2 491 20 view .LVU581
 1710              		.loc 2 493 3 view .LVU582
ARM GAS  /tmp/ccUycNjg.s 			page 31


 1711              	.LBB375:
 1712              	.LBI375:
 1713              		.loc 5 374 20 view .LVU583
 1714              		.loc 5 376 3 view .LVU584
 1715              	.LBB376:
 1716              	.LBI376:
 1717              		.loc 6 604 20 view .LVU585
 1718              		.loc 6 612 3 view .LVU586
 1719              	.LVL97:
 1720              	.LBB377:
 1721              	.LBI377:
 1722              		.loc 7 546 57 view .LVU587
 1723              	.LBB378:
 1724              		.loc 7 548 3 view .LVU588
 1725 0002 2023     		movs	r3, #32
 1726              		.syntax unified
 1727              	@ 548 "ChibiOS/os/common/ext/CMSIS/include/core_cmFunc.h" 1
 1728 0004 83F31188 		MSR basepri, r3
 1729              	@ 0 "" 2
 1730              	.LVL98:
 1731              		.loc 7 548 3 is_stmt 0 view .LVU589
 1732              		.thumb
 1733              		.syntax unified
 1734              	.LBE378:
 1735              	.LBE377:
 1736              	.LBE376:
 1737              		.loc 5 377 34 is_stmt 1 view .LVU590
 1738              		.loc 5 378 20 view .LVU591
 1739              	.LBE375:
 1740              	.LBE374:
 1741              		.loc 1 560 3 view .LVU592
 1742              		.loc 1 560 9 is_stmt 0 view .LVU593
 1743 0008 FFF7FEFF 		bl	obqGetEmptyBufferTimeoutS
 1744              	.LVL99:
 1745              		.loc 1 561 3 is_stmt 1 view .LVU594
 1746              	.LBB379:
 1747              	.LBI379:
 1748              		.loc 2 502 20 view .LVU595
 1749              		.loc 2 504 3 view .LVU596
 1750              	.LBB380:
 1751              	.LBI380:
 1752              		.loc 5 386 20 view .LVU597
 1753              	.LBB381:
 1754              		.loc 5 388 22 view .LVU598
 1755              		.loc 5 389 33 view .LVU599
 1756              		.loc 5 395 3 view .LVU600
 1757              		.loc 5 395 3 view .LVU601
 1758              		.loc 5 395 3 discriminator 7 view .LVU602
 1759              		.loc 5 399 3 view .LVU603
 1760              	.LBB382:
 1761              	.LBI382:
 1762              		.loc 6 628 20 view .LVU604
 1763              		.loc 6 631 3 view .LVU605
 1764              	.LBB383:
 1765              	.LBI383:
 1766              		.loc 7 546 57 view .LVU606
 1767              	.LBB384:
ARM GAS  /tmp/ccUycNjg.s 			page 32


 1768              		.loc 7 548 3 view .LVU607
 1769 000c 0023     		movs	r3, #0
 1770              		.syntax unified
 1771              	@ 548 "ChibiOS/os/common/ext/CMSIS/include/core_cmFunc.h" 1
 1772 000e 83F31188 		MSR basepri, r3
 1773              	@ 0 "" 2
 1774              	.LVL100:
 1775              		.loc 7 548 3 is_stmt 0 view .LVU608
 1776              		.thumb
 1777              		.syntax unified
 1778              	.LBE384:
 1779              	.LBE383:
 1780              	.LBE382:
 1781              	.LBE381:
 1782              	.LBE380:
 1783              	.LBE379:
 1784              		.loc 1 563 3 is_stmt 1 view .LVU609
 1785              		.loc 1 564 1 is_stmt 0 view .LVU610
 1786 0012 08BD     		pop	{r3, pc}
 1787              		.cfi_endproc
 1788              	.LFE247:
 1789              		.size	obqGetEmptyBufferTimeout, .-obqGetEmptyBufferTimeout
 1790              		.section	.text.obqPostFullBufferS,"ax",%progbits
 1791              		.align	1
 1792              		.p2align 4,,15
 1793              		.global	obqPostFullBufferS
 1794              		.syntax unified
 1795              		.thumb
 1796              		.thumb_func
 1797              		.type	obqPostFullBufferS, %function
 1798              	obqPostFullBufferS:
 1799              	.LVL101:
 1800              	.LFB250:
 1801              		.loc 1 632 68 is_stmt 1 view -0
 1802              		.cfi_startproc
 1803              		@ args = 0, pretend = 0, frame = 0
 1804              		@ frame_needed = 0, uses_anonymous_args = 0
 1805              		.loc 1 632 68 is_stmt 0 view .LVU612
 1806 0000 08B5     		push	{r3, lr}
 1807              		.cfi_def_cfa_offset 8
 1808              		.cfi_offset 3, -8
 1809              		.cfi_offset 14, -4
 1810              		.loc 1 634 23 is_stmt 1 view .LVU613
 1811              		.loc 1 635 3 view .LVU614
 1812              		.loc 1 635 3 view .LVU615
 1813              		.loc 1 635 3 discriminator 7 view .LVU616
 1814              		.loc 1 636 3 view .LVU617
 1815              		.loc 1 636 3 view .LVU618
 1816              		.loc 1 636 3 discriminator 5 view .LVU619
 1817              		.loc 1 639 3 view .LVU620
 1818              		.loc 1 639 19 is_stmt 0 view .LVU621
 1819 0002 C368     		ldr	r3, [r0, #12]
 1820              		.loc 1 639 29 view .LVU622
 1821 0004 1960     		str	r1, [r3]
 1822              		.loc 1 642 3 is_stmt 1 view .LVU623
 1823              		.loc 1 642 7 is_stmt 0 view .LVU624
 1824 0006 8368     		ldr	r3, [r0, #8]
ARM GAS  /tmp/ccUycNjg.s 			page 33


 1825              		.loc 1 642 17 view .LVU625
 1826 0008 013B     		subs	r3, r3, #1
 1827 000a 8360     		str	r3, [r0, #8]
 1828              		.loc 1 643 3 is_stmt 1 view .LVU626
 1829              		.loc 1 643 7 is_stmt 0 view .LVU627
 1830 000c C368     		ldr	r3, [r0, #12]
 1831              		.loc 1 643 23 view .LVU628
 1832 000e 8269     		ldr	r2, [r0, #24]
 1833              		.loc 1 643 16 view .LVU629
 1834 0010 1344     		add	r3, r3, r2
 1835 0012 C360     		str	r3, [r0, #12]
 1836              		.loc 1 644 3 is_stmt 1 view .LVU630
 1837              		.loc 1 644 27 is_stmt 0 view .LVU631
 1838 0014 4269     		ldr	r2, [r0, #20]
 1839              		.loc 1 644 6 view .LVU632
 1840 0016 9342     		cmp	r3, r2
 1841 0018 01D3     		bcc	.L72
 1842              		.loc 1 645 5 is_stmt 1 view .LVU633
 1843              		.loc 1 645 24 is_stmt 0 view .LVU634
 1844 001a 036A     		ldr	r3, [r0, #32]
 1845              		.loc 1 645 18 view .LVU635
 1846 001c C360     		str	r3, [r0, #12]
 1847              	.L72:
 1848              		.loc 1 649 3 is_stmt 1 view .LVU636
 1849              		.loc 1 649 13 is_stmt 0 view .LVU637
 1850 001e 0023     		movs	r3, #0
 1851 0020 4362     		str	r3, [r0, #36]
 1852              		.loc 1 652 3 is_stmt 1 view .LVU638
 1853              		.loc 1 652 11 is_stmt 0 view .LVU639
 1854 0022 C36A     		ldr	r3, [r0, #44]
 1855              		.loc 1 652 6 view .LVU640
 1856 0024 03B1     		cbz	r3, .L71
 1857              		.loc 1 653 5 is_stmt 1 view .LVU641
 1858 0026 9847     		blx	r3
 1859              	.LVL102:
 1860              	.L71:
 1861              		.loc 1 655 1 is_stmt 0 view .LVU642
 1862 0028 08BD     		pop	{r3, pc}
 1863              		.cfi_endproc
 1864              	.LFE250:
 1865              		.size	obqPostFullBufferS, .-obqPostFullBufferS
 1866 002a 00BF     		.section	.text.obqPostFullBuffer,"ax",%progbits
 1867              		.align	1
 1868              		.p2align 4,,15
 1869              		.global	obqPostFullBuffer
 1870              		.syntax unified
 1871              		.thumb
 1872              		.thumb_func
 1873              		.type	obqPostFullBuffer, %function
 1874              	obqPostFullBuffer:
 1875              	.LVL103:
 1876              	.LFB249:
 1877              		.loc 1 616 67 is_stmt 1 view -0
 1878              		.cfi_startproc
 1879              		@ args = 0, pretend = 0, frame = 0
 1880              		@ frame_needed = 0, uses_anonymous_args = 0
 1881              		.loc 1 616 67 is_stmt 0 view .LVU644
ARM GAS  /tmp/ccUycNjg.s 			page 34


 1882 0000 08B5     		push	{r3, lr}
 1883              		.cfi_def_cfa_offset 8
 1884              		.cfi_offset 3, -8
 1885              		.cfi_offset 14, -4
 1886              		.loc 1 618 3 is_stmt 1 view .LVU645
 1887              	.LBB385:
 1888              	.LBI385:
 1889              		.loc 2 491 20 view .LVU646
 1890              		.loc 2 493 3 view .LVU647
 1891              	.LBB386:
 1892              	.LBI386:
 1893              		.loc 5 374 20 view .LVU648
 1894              		.loc 5 376 3 view .LVU649
 1895              	.LBB387:
 1896              	.LBI387:
 1897              		.loc 6 604 20 view .LVU650
 1898              		.loc 6 612 3 view .LVU651
 1899              	.LVL104:
 1900              	.LBB388:
 1901              	.LBI388:
 1902              		.loc 7 546 57 view .LVU652
 1903              	.LBB389:
 1904              		.loc 7 548 3 view .LVU653
 1905 0002 2023     		movs	r3, #32
 1906              		.syntax unified
 1907              	@ 548 "ChibiOS/os/common/ext/CMSIS/include/core_cmFunc.h" 1
 1908 0004 83F31188 		MSR basepri, r3
 1909              	@ 0 "" 2
 1910              	.LVL105:
 1911              		.loc 7 548 3 is_stmt 0 view .LVU654
 1912              		.thumb
 1913              		.syntax unified
 1914              	.LBE389:
 1915              	.LBE388:
 1916              	.LBE387:
 1917              		.loc 5 377 34 is_stmt 1 view .LVU655
 1918              		.loc 5 378 20 view .LVU656
 1919              	.LBE386:
 1920              	.LBE385:
 1921              		.loc 1 619 3 view .LVU657
 1922 0008 FFF7FEFF 		bl	obqPostFullBufferS
 1923              	.LVL106:
 1924              		.loc 1 620 3 view .LVU658
 1925              	.LBB390:
 1926              	.LBI390:
 1927              		.loc 2 502 20 view .LVU659
 1928              		.loc 2 504 3 view .LVU660
 1929              	.LBB391:
 1930              	.LBI391:
 1931              		.loc 5 386 20 view .LVU661
 1932              	.LBB392:
 1933              		.loc 5 388 22 view .LVU662
 1934              		.loc 5 389 33 view .LVU663
 1935              		.loc 5 395 3 view .LVU664
 1936              		.loc 5 395 3 view .LVU665
 1937              		.loc 5 395 3 discriminator 7 view .LVU666
 1938              		.loc 5 399 3 view .LVU667
ARM GAS  /tmp/ccUycNjg.s 			page 35


 1939              	.LBB393:
 1940              	.LBI393:
 1941              		.loc 6 628 20 view .LVU668
 1942              		.loc 6 631 3 view .LVU669
 1943              	.LBB394:
 1944              	.LBI394:
 1945              		.loc 7 546 57 view .LVU670
 1946              	.LBB395:
 1947              		.loc 7 548 3 view .LVU671
 1948 000c 0023     		movs	r3, #0
 1949              		.syntax unified
 1950              	@ 548 "ChibiOS/os/common/ext/CMSIS/include/core_cmFunc.h" 1
 1951 000e 83F31188 		MSR basepri, r3
 1952              	@ 0 "" 2
 1953              	.LVL107:
 1954              		.loc 7 548 3 is_stmt 0 view .LVU672
 1955              		.thumb
 1956              		.syntax unified
 1957              	.LBE395:
 1958              	.LBE394:
 1959              	.LBE393:
 1960              	.LBE392:
 1961              	.LBE391:
 1962              	.LBE390:
 1963              		.loc 1 621 1 view .LVU673
 1964 0012 08BD     		pop	{r3, pc}
 1965              		.cfi_endproc
 1966              	.LFE249:
 1967              		.size	obqPostFullBuffer, .-obqPostFullBuffer
 1968              		.section	.text.obqPutTimeout,"ax",%progbits
 1969              		.align	1
 1970              		.p2align 4,,15
 1971              		.global	obqPutTimeout
 1972              		.syntax unified
 1973              		.thumb
 1974              		.thumb_func
 1975              		.type	obqPutTimeout, %function
 1976              	obqPutTimeout:
 1977              	.LVL108:
 1978              	.LFB251:
 1979              		.loc 1 677 40 is_stmt 1 view -0
 1980              		.cfi_startproc
 1981              		@ args = 0, pretend = 0, frame = 0
 1982              		@ frame_needed = 0, uses_anonymous_args = 0
 1983              		.loc 1 677 40 is_stmt 0 view .LVU675
 1984 0000 38B5     		push	{r3, r4, r5, lr}
 1985              		.cfi_def_cfa_offset 16
 1986              		.cfi_offset 3, -16
 1987              		.cfi_offset 4, -12
 1988              		.cfi_offset 5, -8
 1989              		.cfi_offset 14, -4
 1990 0002 0446     		mov	r4, r0
 1991 0004 0D46     		mov	r5, r1
 1992              		.loc 1 678 3 is_stmt 1 view .LVU676
 1993              		.loc 1 680 3 view .LVU677
 1994              	.LBB396:
 1995              	.LBI396:
ARM GAS  /tmp/ccUycNjg.s 			page 36


 1996              		.loc 2 491 20 view .LVU678
 1997              		.loc 2 493 3 view .LVU679
 1998              	.LBB397:
 1999              	.LBI397:
 2000              		.loc 5 374 20 view .LVU680
 2001              		.loc 5 376 3 view .LVU681
 2002              	.LBB398:
 2003              	.LBI398:
 2004              		.loc 6 604 20 view .LVU682
 2005              		.loc 6 612 3 view .LVU683
 2006              	.LVL109:
 2007              	.LBB399:
 2008              	.LBI399:
 2009              		.loc 7 546 57 view .LVU684
 2010              	.LBB400:
 2011              		.loc 7 548 3 view .LVU685
 2012 0006 2023     		movs	r3, #32
 2013              		.syntax unified
 2014              	@ 548 "ChibiOS/os/common/ext/CMSIS/include/core_cmFunc.h" 1
 2015 0008 83F31188 		MSR basepri, r3
 2016              	@ 0 "" 2
 2017              	.LVL110:
 2018              		.loc 7 548 3 is_stmt 0 view .LVU686
 2019              		.thumb
 2020              		.syntax unified
 2021              	.LBE400:
 2022              	.LBE399:
 2023              	.LBE398:
 2024              		.loc 5 377 34 is_stmt 1 view .LVU687
 2025              		.loc 5 378 20 view .LVU688
 2026              	.LBE397:
 2027              	.LBE396:
 2028              		.loc 1 683 3 view .LVU689
 2029              		.loc 1 683 11 is_stmt 0 view .LVU690
 2030 000c 436A     		ldr	r3, [r0, #36]
 2031              		.loc 1 683 6 view .LVU691
 2032 000e 5BB1     		cbz	r3, .L82
 2033              	.LVL111:
 2034              	.L78:
 2035              		.loc 1 692 3 is_stmt 1 view .LVU692
 2036              		.loc 1 692 8 is_stmt 0 view .LVU693
 2037 0010 636A     		ldr	r3, [r4, #36]
 2038              		.loc 1 692 14 view .LVU694
 2039 0012 1D70     		strb	r5, [r3]
 2040              		.loc 1 693 3 is_stmt 1 view .LVU695
 2041              		.loc 1 693 7 is_stmt 0 view .LVU696
 2042 0014 636A     		ldr	r3, [r4, #36]
 2043              		.loc 1 693 12 view .LVU697
 2044 0016 0133     		adds	r3, r3, #1
 2045 0018 6362     		str	r3, [r4, #36]
 2046              		.loc 1 697 3 is_stmt 1 view .LVU698
 2047              		.loc 1 697 24 is_stmt 0 view .LVU699
 2048 001a A26A     		ldr	r2, [r4, #40]
 2049              		.loc 1 697 6 view .LVU700
 2050 001c 9342     		cmp	r3, r2
 2051 001e 0CD2     		bcs	.L83
 2052              	.L80:
ARM GAS  /tmp/ccUycNjg.s 			page 37


 2053              		.loc 1 701 3 is_stmt 1 view .LVU701
 2054              	.LBB401:
 2055              	.LBI401:
 2056              		.loc 2 502 20 view .LVU702
 2057              		.loc 2 504 3 view .LVU703
 2058              	.LBB402:
 2059              	.LBI402:
 2060              		.loc 5 386 20 view .LVU704
 2061              	.LBB403:
 2062              		.loc 5 388 22 view .LVU705
 2063              		.loc 5 389 33 view .LVU706
 2064              		.loc 5 395 3 view .LVU707
 2065              		.loc 5 395 3 view .LVU708
 2066              		.loc 5 395 3 discriminator 7 view .LVU709
 2067              		.loc 5 399 3 view .LVU710
 2068              	.LBB404:
 2069              	.LBI404:
 2070              		.loc 6 628 20 view .LVU711
 2071              		.loc 6 631 3 view .LVU712
 2072              	.LVL112:
 2073              	.LBB405:
 2074              	.LBI405:
 2075              		.loc 7 546 57 view .LVU713
 2076              	.LBB406:
 2077              		.loc 7 548 3 view .LVU714
 2078 0020 0020     		movs	r0, #0
 2079              		.syntax unified
 2080              	@ 548 "ChibiOS/os/common/ext/CMSIS/include/core_cmFunc.h" 1
 2081 0022 80F31188 		MSR basepri, r0
 2082              	@ 0 "" 2
 2083              	.LVL113:
 2084              		.loc 7 548 3 is_stmt 0 view .LVU715
 2085              		.thumb
 2086              		.syntax unified
 2087              	.LBE406:
 2088              	.LBE405:
 2089              	.LBE404:
 2090              	.LBE403:
 2091              	.LBE402:
 2092              	.LBE401:
 2093              		.loc 1 702 3 is_stmt 1 view .LVU716
 2094              	.L77:
 2095              		.loc 1 703 1 is_stmt 0 view .LVU717
 2096 0026 38BD     		pop	{r3, r4, r5, pc}
 2097              	.LVL114:
 2098              	.L82:
 2099              		.loc 1 684 5 is_stmt 1 view .LVU718
 2100              		.loc 1 684 11 is_stmt 0 view .LVU719
 2101 0028 1146     		mov	r1, r2
 2102              	.LVL115:
 2103              		.loc 1 684 11 view .LVU720
 2104 002a FFF7FEFF 		bl	obqGetEmptyBufferTimeoutS
 2105              	.LVL116:
 2106              		.loc 1 685 5 is_stmt 1 view .LVU721
 2107              		.loc 1 685 8 is_stmt 0 view .LVU722
 2108 002e 0028     		cmp	r0, #0
 2109 0030 EED0     		beq	.L78
ARM GAS  /tmp/ccUycNjg.s 			page 38


 2110              		.loc 1 686 7 is_stmt 1 view .LVU723
 2111              	.LBB407:
 2112              	.LBI407:
 2113              		.loc 2 502 20 view .LVU724
 2114              		.loc 2 504 3 view .LVU725
 2115              	.LBB408:
 2116              	.LBI408:
 2117              		.loc 5 386 20 view .LVU726
 2118              	.LBB409:
 2119              		.loc 5 388 22 view .LVU727
 2120              		.loc 5 389 33 view .LVU728
 2121              		.loc 5 395 3 view .LVU729
 2122              		.loc 5 395 3 view .LVU730
 2123              		.loc 5 395 3 discriminator 7 view .LVU731
 2124              		.loc 5 399 3 view .LVU732
 2125              	.LBB410:
 2126              	.LBI410:
 2127              		.loc 6 628 20 view .LVU733
 2128              		.loc 6 631 3 view .LVU734
 2129              	.LVL117:
 2130              	.LBB411:
 2131              	.LBI411:
 2132              		.loc 7 546 57 view .LVU735
 2133              	.LBB412:
 2134              		.loc 7 548 3 view .LVU736
 2135 0032 0023     		movs	r3, #0
 2136              		.syntax unified
 2137              	@ 548 "ChibiOS/os/common/ext/CMSIS/include/core_cmFunc.h" 1
 2138 0034 83F31188 		MSR basepri, r3
 2139              	@ 0 "" 2
 2140              	.LVL118:
 2141              		.loc 7 548 3 is_stmt 0 view .LVU737
 2142              		.thumb
 2143              		.syntax unified
 2144              	.LBE412:
 2145              	.LBE411:
 2146              	.LBE410:
 2147              	.LBE409:
 2148              	.LBE408:
 2149              	.LBE407:
 2150              		.loc 1 687 7 is_stmt 1 view .LVU738
 2151              		.loc 1 687 14 is_stmt 0 view .LVU739
 2152 0038 F5E7     		b	.L77
 2153              	.LVL119:
 2154              	.L83:
 2155              		.loc 1 698 5 is_stmt 1 view .LVU740
 2156              		.loc 1 698 34 is_stmt 0 view .LVU741
 2157 003a A169     		ldr	r1, [r4, #24]
 2158              		.loc 1 698 5 view .LVU742
 2159 003c 0439     		subs	r1, r1, #4
 2160 003e 2046     		mov	r0, r4
 2161 0040 FFF7FEFF 		bl	obqPostFullBufferS
 2162              	.LVL120:
 2163 0044 ECE7     		b	.L80
 2164              		.cfi_endproc
 2165              	.LFE251:
 2166              		.size	obqPutTimeout, .-obqPutTimeout
ARM GAS  /tmp/ccUycNjg.s 			page 39


 2167 0046 00BF     		.section	.text.obqWriteTimeout,"ax",%progbits
 2168              		.align	1
 2169              		.p2align 4,,15
 2170              		.global	obqWriteTimeout
 2171              		.syntax unified
 2172              		.thumb
 2173              		.thumb_func
 2174              		.type	obqWriteTimeout, %function
 2175              	obqWriteTimeout:
 2176              	.LVL121:
 2177              	.LFB252:
 2178              		.loc 1 727 53 is_stmt 1 view -0
 2179              		.cfi_startproc
 2180              		@ args = 0, pretend = 0, frame = 0
 2181              		@ frame_needed = 0, uses_anonymous_args = 0
 2182              		.loc 1 727 53 is_stmt 0 view .LVU744
 2183 0000 2DE9F047 		push	{r4, r5, r6, r7, r8, r9, r10, lr}
 2184              		.cfi_def_cfa_offset 32
 2185              		.cfi_offset 4, -32
 2186              		.cfi_offset 5, -28
 2187              		.cfi_offset 6, -24
 2188              		.cfi_offset 7, -20
 2189              		.cfi_offset 8, -16
 2190              		.cfi_offset 9, -12
 2191              		.cfi_offset 10, -8
 2192              		.cfi_offset 14, -4
 2193 0004 0446     		mov	r4, r0
 2194 0006 0E46     		mov	r6, r1
 2195 0008 1746     		mov	r7, r2
 2196 000a 9846     		mov	r8, r3
 2197              		.loc 1 728 3 is_stmt 1 view .LVU745
 2198              	.LVL122:
 2199              		.loc 1 729 3 view .LVU746
 2200              		.loc 1 731 3 view .LVU747
 2201              		.loc 1 731 3 view .LVU748
 2202              		.loc 1 731 3 discriminator 5 view .LVU749
 2203              		.loc 1 733 3 view .LVU750
 2204              	.LBB413:
 2205              	.LBI413:
 2206              		.loc 2 491 20 view .LVU751
 2207              		.loc 2 493 3 view .LVU752
 2208              	.LBB414:
 2209              	.LBI414:
 2210              		.loc 5 374 20 view .LVU753
 2211              		.loc 5 376 3 view .LVU754
 2212              	.LBB415:
 2213              	.LBI415:
 2214              		.loc 6 604 20 view .LVU755
 2215              		.loc 6 612 3 view .LVU756
 2216              	.LBB416:
 2217              	.LBI416:
 2218              		.loc 7 546 57 view .LVU757
 2219              	.LBB417:
 2220              		.loc 7 548 3 view .LVU758
 2221 000c 2023     		movs	r3, #32
 2222              	.LVL123:
 2223              		.loc 7 548 3 is_stmt 0 view .LVU759
ARM GAS  /tmp/ccUycNjg.s 			page 40


 2224              		.syntax unified
 2225              	@ 548 "ChibiOS/os/common/ext/CMSIS/include/core_cmFunc.h" 1
 2226 000e 83F31188 		MSR basepri, r3
 2227              	@ 0 "" 2
 2228              	.LVL124:
 2229              		.loc 7 548 3 view .LVU760
 2230              		.thumb
 2231              		.syntax unified
 2232              	.LBE417:
 2233              	.LBE416:
 2234              	.LBE415:
 2235              		.loc 5 377 34 is_stmt 1 view .LVU761
 2236              		.loc 5 378 20 view .LVU762
 2237              	.LBE414:
 2238              	.LBE413:
 2239              		.loc 1 736 3 view .LVU763
 2240              	.LBB418:
 2241              	.LBI418:
 2242              		.loc 2 616 25 view .LVU764
 2243              		.loc 2 618 3 view .LVU765
 2244              	.LBB419:
 2245              	.LBI419:
 2246              		.loc 8 228 25 view .LVU766
 2247              		.loc 8 233 3 view .LVU767
 2248              	.LBB420:
 2249              	.LBI420:
 2250              		.loc 9 105 25 view .LVU768
 2251              		.loc 9 107 3 view .LVU769
 2252              	.LBB421:
 2253              	.LBI421:
 2254              		.loc 10 139 25 view .LVU770
 2255              	.LBB422:
 2256              		.loc 10 141 3 view .LVU771
 2257              		.loc 10 141 10 is_stmt 0 view .LVU772
 2258 0012 4FF08043 		mov	r3, #1073741824
 2259 0016 5B6A     		ldr	r3, [r3, #36]
 2260              	.LBE422:
 2261              	.LBE421:
 2262              	.LBE420:
 2263              	.LBE419:
 2264              	.LBE418:
 2265              		.loc 1 736 12 discriminator 1 view .LVU773
 2266 0018 08EB0309 		add	r9, r8, r3
 2267              	.LVL125:
 2268              		.loc 1 728 10 view .LVU774
 2269 001c 0025     		movs	r5, #0
 2270 001e 3FE0     		b	.L95
 2271              	.LVL126:
 2272              	.L100:
 2273              	.LBB423:
 2274              	.LBB424:
 2275              		.loc 1 743 7 is_stmt 1 view .LVU775
 2276              		.loc 1 747 7 view .LVU776
 2277              		.loc 1 747 38 is_stmt 0 view .LVU777
 2278 0020 08F1FF33 		add	r3, r8, #-1
 2279              		.loc 1 747 10 view .LVU778
 2280 0024 13F1030F 		cmn	r3, #3
ARM GAS  /tmp/ccUycNjg.s 			page 41


 2281 0028 10D8     		bhi	.L97
 2282              	.LBB425:
 2283              		.loc 1 751 9 is_stmt 1 view .LVU779
 2284              	.LBB426:
 2285              	.LBI426:
 2286              		.loc 2 616 25 view .LVU780
 2287              		.loc 2 618 3 view .LVU781
 2288              	.LBB427:
 2289              	.LBI427:
 2290              		.loc 8 228 25 view .LVU782
 2291              		.loc 8 233 3 view .LVU783
 2292              	.LBB428:
 2293              	.LBI428:
 2294              		.loc 9 105 25 view .LVU784
 2295              		.loc 9 107 3 view .LVU785
 2296              	.LBB429:
 2297              	.LBI429:
 2298              		.loc 10 139 25 view .LVU786
 2299              	.LBB430:
 2300              		.loc 10 141 3 view .LVU787
 2301              		.loc 10 141 10 is_stmt 0 view .LVU788
 2302 002a 4FF08043 		mov	r3, #1073741824
 2303 002e 596A     		ldr	r1, [r3, #36]
 2304              	.LBE430:
 2305              	.LBE429:
 2306              	.LBE428:
 2307              	.LBE427:
 2308              	.LBE426:
 2309              		.loc 1 751 19 discriminator 1 view .LVU789
 2310 0030 A9EB0101 		sub	r1, r9, r1
 2311              	.LVL127:
 2312              		.loc 1 756 9 is_stmt 1 view .LVU790
 2313              		.loc 1 756 12 is_stmt 0 view .LVU791
 2314 0034 8845     		cmp	r8, r1
 2315 0036 0ED3     		bcc	.L98
 2316              		.loc 1 760 9 is_stmt 1 view .LVU792
 2317              		.loc 1 760 15 is_stmt 0 view .LVU793
 2318 0038 2046     		mov	r0, r4
 2319 003a FFF7FEFF 		bl	obqGetEmptyBufferTimeoutS
 2320              	.LVL128:
 2321              	.L87:
 2322              		.loc 1 760 15 view .LVU794
 2323              	.LBE425:
 2324              		.loc 1 764 7 is_stmt 1 view .LVU795
 2325              		.loc 1 764 10 is_stmt 0 view .LVU796
 2326 003e 90B3     		cbz	r0, .L85
 2327              		.loc 1 765 9 is_stmt 1 view .LVU797
 2328              	.LBB437:
 2329              	.LBI437:
 2330              		.loc 2 502 20 view .LVU798
 2331              		.loc 2 504 3 view .LVU799
 2332              	.LBB438:
 2333              	.LBI438:
 2334              		.loc 5 386 20 view .LVU800
 2335              	.LBB439:
 2336              		.loc 5 388 22 view .LVU801
 2337              		.loc 5 389 33 view .LVU802
ARM GAS  /tmp/ccUycNjg.s 			page 42


 2338              		.loc 5 395 3 view .LVU803
 2339              		.loc 5 395 3 view .LVU804
 2340              		.loc 5 395 3 discriminator 7 view .LVU805
 2341              		.loc 5 399 3 view .LVU806
 2342              	.LBB440:
 2343              	.LBI440:
 2344              		.loc 6 628 20 view .LVU807
 2345              		.loc 6 631 3 view .LVU808
 2346              	.LVL129:
 2347              	.LBB441:
 2348              	.LBI441:
 2349              		.loc 7 546 57 view .LVU809
 2350              	.LBB442:
 2351              		.loc 7 548 3 view .LVU810
 2352 0040 0023     		movs	r3, #0
 2353              		.syntax unified
 2354              	@ 548 "ChibiOS/os/common/ext/CMSIS/include/core_cmFunc.h" 1
 2355 0042 83F31188 		MSR basepri, r3
 2356              	@ 0 "" 2
 2357              	.LVL130:
 2358              		.loc 7 548 3 is_stmt 0 view .LVU811
 2359              		.thumb
 2360              		.syntax unified
 2361              	.LBE442:
 2362              	.LBE441:
 2363              	.LBE440:
 2364              	.LBE439:
 2365              	.LBE438:
 2366              	.LBE437:
 2367              		.loc 1 766 9 is_stmt 1 view .LVU812
 2368              	.L84:
 2369              		.loc 1 766 9 is_stmt 0 view .LVU813
 2370              	.LBE424:
 2371              	.LBE423:
 2372              		.loc 1 804 1 view .LVU814
 2373 0046 2846     		mov	r0, r5
 2374 0048 BDE8F087 		pop	{r4, r5, r6, r7, r8, r9, r10, pc}
 2375              	.LVL131:
 2376              	.L97:
 2377              	.LBB457:
 2378              	.LBB444:
 2379              		.loc 1 748 9 is_stmt 1 view .LVU815
 2380              		.loc 1 748 15 is_stmt 0 view .LVU816
 2381 004c 4146     		mov	r1, r8
 2382 004e 2046     		mov	r0, r4
 2383 0050 FFF7FEFF 		bl	obqGetEmptyBufferTimeoutS
 2384              	.LVL132:
 2385              		.loc 1 748 15 view .LVU817
 2386 0054 F3E7     		b	.L87
 2387              	.LVL133:
 2388              	.L98:
 2389              	.LBB443:
 2390              		.loc 1 757 11 is_stmt 1 view .LVU818
 2391              	.LBB431:
 2392              	.LBI431:
 2393              		.loc 2 502 20 view .LVU819
 2394              		.loc 2 504 3 view .LVU820
ARM GAS  /tmp/ccUycNjg.s 			page 43


 2395              	.LBB432:
 2396              	.LBI432:
 2397              		.loc 5 386 20 view .LVU821
 2398              	.LBB433:
 2399              		.loc 5 388 22 view .LVU822
 2400              		.loc 5 389 33 view .LVU823
 2401              		.loc 5 395 3 view .LVU824
 2402              		.loc 5 395 3 view .LVU825
 2403              		.loc 5 395 3 discriminator 7 view .LVU826
 2404              		.loc 5 399 3 view .LVU827
 2405              	.LBB434:
 2406              	.LBI434:
 2407              		.loc 6 628 20 view .LVU828
 2408              		.loc 6 631 3 view .LVU829
 2409              	.LBB435:
 2410              	.LBI435:
 2411              		.loc 7 546 57 view .LVU830
 2412              	.LBB436:
 2413              		.loc 7 548 3 view .LVU831
 2414 0056 0023     		movs	r3, #0
 2415              		.syntax unified
 2416              	@ 548 "ChibiOS/os/common/ext/CMSIS/include/core_cmFunc.h" 1
 2417 0058 83F31188 		MSR basepri, r3
 2418              	@ 0 "" 2
 2419              	.LVL134:
 2420              		.loc 7 548 3 is_stmt 0 view .LVU832
 2421              		.thumb
 2422              		.syntax unified
 2423              	.LBE436:
 2424              	.LBE435:
 2425              	.LBE434:
 2426              	.LBE433:
 2427              	.LBE432:
 2428              	.LBE431:
 2429              		.loc 1 758 11 is_stmt 1 view .LVU833
 2430              		.loc 1 758 18 is_stmt 0 view .LVU834
 2431 005c F3E7     		b	.L84
 2432              	.LVL135:
 2433              	.L92:
 2434              		.loc 1 758 18 view .LVU835
 2435              	.LBE443:
 2436              	.LBE444:
 2437              		.loc 1 780 7 view .LVU836
 2438 005e D3F800E0 		ldr	lr, [r3]	@ unaligned
 2439 0062 D3F804C0 		ldr	ip, [r3, #4]	@ unaligned
 2440 0066 9968     		ldr	r1, [r3, #8]	@ unaligned
 2441 0068 DA68     		ldr	r2, [r3, #12]	@ unaligned
 2442 006a C0F800E0 		str	lr, [r0]	@ unaligned
 2443 006e C0F804C0 		str	ip, [r0, #4]	@ unaligned
 2444 0072 8160     		str	r1, [r0, #8]	@ unaligned
 2445 0074 C260     		str	r2, [r0, #12]	@ unaligned
 2446 0076 1033     		adds	r3, r3, #16
 2447 0078 1030     		adds	r0, r0, #16
 2448 007a 5345     		cmp	r3, r10
 2449 007c EFD1     		bne	.L92
 2450              		.loc 1 781 7 is_stmt 1 view .LVU837
 2451              		.loc 1 781 17 is_stmt 0 view .LVU838
ARM GAS  /tmp/ccUycNjg.s 			page 44


 2452 007e 4036     		adds	r6, r6, #64
 2453              	.LVL136:
 2454              		.loc 1 782 7 is_stmt 1 view .LVU839
 2455              		.loc 1 782 11 is_stmt 0 view .LVU840
 2456 0080 636A     		ldr	r3, [r4, #36]
 2457              		.loc 1 782 17 view .LVU841
 2458 0082 4033     		adds	r3, r3, #64
 2459 0084 6362     		str	r3, [r4, #36]
 2460              		.loc 1 783 7 is_stmt 1 view .LVU842
 2461              		.loc 1 783 17 is_stmt 0 view .LVU843
 2462 0086 4035     		adds	r5, r5, #64
 2463              	.LVL137:
 2464              	.L93:
 2465              		.loc 1 793 5 is_stmt 1 view .LVU844
 2466              		.loc 1 793 13 is_stmt 0 view .LVU845
 2467 0088 626A     		ldr	r2, [r4, #36]
 2468              		.loc 1 793 26 view .LVU846
 2469 008a A36A     		ldr	r3, [r4, #40]
 2470              		.loc 1 793 8 view .LVU847
 2471 008c 9A42     		cmp	r2, r3
 2472 008e 23D2     		bcs	.L99
 2473              	.L94:
 2474              		.loc 1 798 5 is_stmt 1 view .LVU848
 2475              	.LBB445:
 2476              	.LBI445:
 2477              		.loc 2 502 20 view .LVU849
 2478              		.loc 2 504 3 view .LVU850
 2479              	.LBB446:
 2480              	.LBI446:
 2481              		.loc 5 386 20 view .LVU851
 2482              	.LBB447:
 2483              		.loc 5 388 22 view .LVU852
 2484              		.loc 5 389 33 view .LVU853
 2485              		.loc 5 395 3 view .LVU854
 2486              		.loc 5 395 3 view .LVU855
 2487              		.loc 5 395 3 discriminator 7 view .LVU856
 2488              		.loc 5 399 3 view .LVU857
 2489              	.LBB448:
 2490              	.LBI448:
 2491              		.loc 6 628 20 view .LVU858
 2492              		.loc 6 631 3 view .LVU859
 2493              	.LVL138:
 2494              	.LBB449:
 2495              	.LBI449:
 2496              		.loc 7 546 57 view .LVU860
 2497              	.LBB450:
 2498              		.loc 7 548 3 view .LVU861
 2499 0090 0023     		movs	r3, #0
 2500              		.syntax unified
 2501              	@ 548 "ChibiOS/os/common/ext/CMSIS/include/core_cmFunc.h" 1
 2502 0092 83F31188 		MSR basepri, r3
 2503              	@ 0 "" 2
 2504              	.LVL139:
 2505              		.loc 7 548 3 is_stmt 0 view .LVU862
 2506              		.thumb
 2507              		.syntax unified
 2508              	.LBE450:
ARM GAS  /tmp/ccUycNjg.s 			page 45


 2509              	.LBE449:
 2510              	.LBE448:
 2511              	.LBE447:
 2512              	.LBE446:
 2513              	.LBE445:
 2514              		.loc 1 799 5 is_stmt 1 view .LVU863
 2515              		.loc 1 799 8 is_stmt 0 view .LVU864
 2516 0096 BD42     		cmp	r5, r7
 2517 0098 D5D2     		bcs	.L84
 2518              		.loc 1 802 5 is_stmt 1 view .LVU865
 2519              	.LBB451:
 2520              	.LBI451:
 2521              		.loc 2 491 20 view .LVU866
 2522              	.LBB452:
 2523              		.loc 2 493 3 view .LVU867
 2524              	.LBB453:
 2525              	.LBI453:
 2526              		.loc 5 374 20 view .LVU868
 2527              		.loc 5 376 3 view .LVU869
 2528              	.LBB454:
 2529              	.LBI454:
 2530              		.loc 6 604 20 view .LVU870
 2531              		.loc 6 612 3 view .LVU871
 2532              	.LVL140:
 2533              	.LBB455:
 2534              	.LBI455:
 2535              		.loc 7 546 57 view .LVU872
 2536              	.LBB456:
 2537              		.loc 7 548 3 view .LVU873
 2538 009a 2023     		movs	r3, #32
 2539              		.syntax unified
 2540              	@ 548 "ChibiOS/os/common/ext/CMSIS/include/core_cmFunc.h" 1
 2541 009c 83F31188 		MSR basepri, r3
 2542              	@ 0 "" 2
 2543              	.LVL141:
 2544              		.loc 7 548 3 is_stmt 0 view .LVU874
 2545              		.thumb
 2546              		.syntax unified
 2547              	.LBE456:
 2548              	.LBE455:
 2549              	.LBE454:
 2550              		.loc 5 377 34 is_stmt 1 view .LVU875
 2551              		.loc 5 378 20 view .LVU876
 2552              	.LBE453:
 2553              	.LBE452:
 2554              	.LBE451:
 2555              	.LBE457:
 2556              		.loc 1 738 9 view .LVU877
 2557              	.L95:
 2558              		.loc 1 738 3 view .LVU878
 2559              	.LBB458:
 2560              		.loc 1 739 5 view .LVU879
 2561              		.loc 1 742 5 view .LVU880
 2562              		.loc 1 742 13 is_stmt 0 view .LVU881
 2563 00a0 636A     		ldr	r3, [r4, #36]
 2564              		.loc 1 742 8 view .LVU882
 2565 00a2 002B     		cmp	r3, #0
ARM GAS  /tmp/ccUycNjg.s 			page 46


 2566 00a4 BCD0     		beq	.L100
 2567              	.L85:
 2568              		.loc 1 771 5 is_stmt 1 view .LVU883
 2569              		.loc 1 771 24 is_stmt 0 view .LVU884
 2570 00a6 A36A     		ldr	r3, [r4, #40]
 2571              		.loc 1 771 44 view .LVU885
 2572 00a8 606A     		ldr	r0, [r4, #36]
 2573              		.loc 1 771 10 view .LVU886
 2574 00aa 1B1A     		subs	r3, r3, r0
 2575              	.LVL142:
 2576              		.loc 1 772 5 is_stmt 1 view .LVU887
 2577              		.loc 1 772 19 is_stmt 0 view .LVU888
 2578 00ac A7EB050A 		sub	r10, r7, r5
 2579              		.loc 1 772 8 view .LVU889
 2580 00b0 9A45     		cmp	r10, r3
 2581 00b2 00D3     		bcc	.L90
 2582              		.loc 1 771 10 view .LVU890
 2583 00b4 9A46     		mov	r10, r3
 2584              	.L90:
 2585              	.LVL143:
 2586              		.loc 1 778 5 is_stmt 1 view .LVU891
 2587              		.loc 1 778 8 is_stmt 0 view .LVU892
 2588 00b6 BAF1400F 		cmp	r10, #64
 2589 00ba 03D9     		bls	.L91
 2590              		.loc 1 780 7 is_stmt 1 view .LVU893
 2591 00bc 3346     		mov	r3, r6
 2592 00be 06F1400A 		add	r10, r6, #64
 2593              	.LVL144:
 2594              		.loc 1 780 7 is_stmt 0 view .LVU894
 2595 00c2 CCE7     		b	.L92
 2596              	.LVL145:
 2597              	.L91:
 2598              		.loc 1 786 7 is_stmt 1 view .LVU895
 2599 00c4 5246     		mov	r2, r10
 2600 00c6 3146     		mov	r1, r6
 2601 00c8 FFF7FEFF 		bl	memcpy
 2602              	.LVL146:
 2603              		.loc 1 787 7 view .LVU896
 2604              		.loc 1 787 17 is_stmt 0 view .LVU897
 2605 00cc 5644     		add	r6, r6, r10
 2606              	.LVL147:
 2607              		.loc 1 788 7 is_stmt 1 view .LVU898
 2608              		.loc 1 788 11 is_stmt 0 view .LVU899
 2609 00ce 636A     		ldr	r3, [r4, #36]
 2610              		.loc 1 788 17 view .LVU900
 2611 00d0 5344     		add	r3, r3, r10
 2612 00d2 6362     		str	r3, [r4, #36]
 2613              		.loc 1 789 7 is_stmt 1 view .LVU901
 2614              		.loc 1 789 17 is_stmt 0 view .LVU902
 2615 00d4 5544     		add	r5, r5, r10
 2616              	.LVL148:
 2617              		.loc 1 789 17 view .LVU903
 2618 00d6 D7E7     		b	.L93
 2619              	.LVL149:
 2620              	.L99:
 2621              		.loc 1 794 7 is_stmt 1 view .LVU904
 2622              		.loc 1 794 36 is_stmt 0 view .LVU905
ARM GAS  /tmp/ccUycNjg.s 			page 47


 2623 00d8 A169     		ldr	r1, [r4, #24]
 2624              		.loc 1 794 7 view .LVU906
 2625 00da 0439     		subs	r1, r1, #4
 2626 00dc 2046     		mov	r0, r4
 2627 00de FFF7FEFF 		bl	obqPostFullBufferS
 2628              	.LVL150:
 2629 00e2 D5E7     		b	.L94
 2630              	.LBE458:
 2631              		.cfi_endproc
 2632              	.LFE252:
 2633              		.size	obqWriteTimeout, .-obqWriteTimeout
 2634              		.section	.text.obqTryFlushI,"ax",%progbits
 2635              		.align	1
 2636              		.p2align 4,,15
 2637              		.global	obqTryFlushI
 2638              		.syntax unified
 2639              		.thumb
 2640              		.thumb_func
 2641              		.type	obqTryFlushI, %function
 2642              	obqTryFlushI:
 2643              	.LVL151:
 2644              	.LFB253:
 2645              		.loc 1 819 49 is_stmt 1 view -0
 2646              		.cfi_startproc
 2647              		@ args = 0, pretend = 0, frame = 0
 2648              		@ frame_needed = 0, uses_anonymous_args = 0
 2649              		@ link register save eliminated.
 2650              		.loc 1 821 23 view .LVU908
 2651              		.loc 1 825 3 view .LVU909
 2652              		.loc 1 825 7 is_stmt 0 view .LVU910
 2653 0000 C368     		ldr	r3, [r0, #12]
 2654 0002 0269     		ldr	r2, [r0, #16]
 2655 0004 9342     		cmp	r3, r2
 2656 0006 01D0     		beq	.L108
 2657              		.loc 1 846 10 view .LVU911
 2658 0008 0020     		movs	r0, #0
 2659              	.LVL152:
 2660              		.loc 1 846 10 view .LVU912
 2661 000a 7047     		bx	lr
 2662              	.LVL153:
 2663              	.L108:
 2664              		.loc 1 825 7 discriminator 1 view .LVU913
 2665 000c 8268     		ldr	r2, [r0, #8]
 2666 000e BAB1     		cbz	r2, .L105
 2667              		.loc 1 825 33 discriminator 7 view .LVU914
 2668 0010 426A     		ldr	r2, [r0, #36]
 2669              		.loc 1 825 25 discriminator 7 view .LVU915
 2670 0012 BAB1     		cbz	r2, .L106
 2671              	.LBB459:
 2672              		.loc 1 826 5 is_stmt 1 view .LVU916
 2673              		.loc 1 826 37 is_stmt 0 view .LVU917
 2674 0014 D21A     		subs	r2, r2, r3
 2675              	.LVL154:
 2676              		.loc 1 828 5 is_stmt 1 view .LVU918
 2677              		.loc 1 828 8 is_stmt 0 view .LVU919
 2678 0016 043A     		subs	r2, r2, #4
 2679              	.LVL155:
ARM GAS  /tmp/ccUycNjg.s 			page 48


 2680              		.loc 1 828 8 view .LVU920
 2681 0018 01D1     		bne	.L109
 2682              	.LBE459:
 2683              		.loc 1 846 10 view .LVU921
 2684 001a 0020     		movs	r0, #0
 2685              	.LVL156:
 2686              		.loc 1 847 1 view .LVU922
 2687 001c 7047     		bx	lr
 2688              	.LVL157:
 2689              	.L109:
 2690              	.LBB460:
 2691              		.loc 1 831 7 is_stmt 1 view .LVU923
 2692              		.loc 1 831 33 is_stmt 0 view .LVU924
 2693 001e 1A60     		str	r2, [r3]
 2694              		.loc 1 834 7 is_stmt 1 view .LVU925
 2695              		.loc 1 834 11 is_stmt 0 view .LVU926
 2696 0020 8368     		ldr	r3, [r0, #8]
 2697              		.loc 1 834 21 view .LVU927
 2698 0022 013B     		subs	r3, r3, #1
 2699 0024 8360     		str	r3, [r0, #8]
 2700              		.loc 1 835 7 is_stmt 1 view .LVU928
 2701              		.loc 1 835 11 is_stmt 0 view .LVU929
 2702 0026 C368     		ldr	r3, [r0, #12]
 2703              		.loc 1 835 27 view .LVU930
 2704 0028 8269     		ldr	r2, [r0, #24]
 2705              	.LVL158:
 2706              		.loc 1 835 20 view .LVU931
 2707 002a 1344     		add	r3, r3, r2
 2708 002c C360     		str	r3, [r0, #12]
 2709              		.loc 1 836 7 is_stmt 1 view .LVU932
 2710              		.loc 1 836 31 is_stmt 0 view .LVU933
 2711 002e 4269     		ldr	r2, [r0, #20]
 2712              		.loc 1 836 10 view .LVU934
 2713 0030 9342     		cmp	r3, r2
 2714 0032 01D3     		bcc	.L103
 2715              		.loc 1 837 9 is_stmt 1 view .LVU935
 2716              		.loc 1 837 28 is_stmt 0 view .LVU936
 2717 0034 036A     		ldr	r3, [r0, #32]
 2718              		.loc 1 837 22 view .LVU937
 2719 0036 C360     		str	r3, [r0, #12]
 2720              	.L103:
 2721              		.loc 1 841 7 is_stmt 1 view .LVU938
 2722              		.loc 1 841 17 is_stmt 0 view .LVU939
 2723 0038 0023     		movs	r3, #0
 2724 003a 4362     		str	r3, [r0, #36]
 2725              		.loc 1 843 7 is_stmt 1 view .LVU940
 2726              		.loc 1 843 14 is_stmt 0 view .LVU941
 2727 003c 0120     		movs	r0, #1
 2728              	.LVL159:
 2729              		.loc 1 843 14 view .LVU942
 2730 003e 7047     		bx	lr
 2731              	.LVL160:
 2732              	.L105:
 2733              		.loc 1 843 14 view .LVU943
 2734              	.LBE460:
 2735              		.loc 1 846 10 view .LVU944
 2736 0040 0020     		movs	r0, #0
ARM GAS  /tmp/ccUycNjg.s 			page 49


 2737              	.LVL161:
 2738              		.loc 1 846 10 view .LVU945
 2739 0042 7047     		bx	lr
 2740              	.LVL162:
 2741              	.L106:
 2742              		.loc 1 846 10 view .LVU946
 2743 0044 0020     		movs	r0, #0
 2744              	.LVL163:
 2745              		.loc 1 846 10 view .LVU947
 2746 0046 7047     		bx	lr
 2747              		.cfi_endproc
 2748              	.LFE253:
 2749              		.size	obqTryFlushI, .-obqTryFlushI
 2750              		.section	.text.obqFlush,"ax",%progbits
 2751              		.align	1
 2752              		.p2align 4,,15
 2753              		.global	obqFlush
 2754              		.syntax unified
 2755              		.thumb
 2756              		.thumb_func
 2757              		.type	obqFlush, %function
 2758              	obqFlush:
 2759              	.LVL164:
 2760              	.LFB254:
 2761              		.loc 1 856 45 is_stmt 1 view -0
 2762              		.cfi_startproc
 2763              		@ args = 0, pretend = 0, frame = 0
 2764              		@ frame_needed = 0, uses_anonymous_args = 0
 2765              		.loc 1 856 45 is_stmt 0 view .LVU949
 2766 0000 08B5     		push	{r3, lr}
 2767              		.cfi_def_cfa_offset 8
 2768              		.cfi_offset 3, -8
 2769              		.cfi_offset 14, -4
 2770              		.loc 1 858 3 is_stmt 1 view .LVU950
 2771              	.LBB461:
 2772              	.LBI461:
 2773              		.loc 2 491 20 view .LVU951
 2774              		.loc 2 493 3 view .LVU952
 2775              	.LBB462:
 2776              	.LBI462:
 2777              		.loc 5 374 20 view .LVU953
 2778              		.loc 5 376 3 view .LVU954
 2779              	.LBB463:
 2780              	.LBI463:
 2781              		.loc 6 604 20 view .LVU955
 2782              		.loc 6 612 3 view .LVU956
 2783              	.LVL165:
 2784              	.LBB464:
 2785              	.LBI464:
 2786              		.loc 7 546 57 view .LVU957
 2787              	.LBB465:
 2788              		.loc 7 548 3 view .LVU958
 2789 0002 2023     		movs	r3, #32
 2790              		.syntax unified
 2791              	@ 548 "ChibiOS/os/common/ext/CMSIS/include/core_cmFunc.h" 1
 2792 0004 83F31188 		MSR basepri, r3
 2793              	@ 0 "" 2
ARM GAS  /tmp/ccUycNjg.s 			page 50


 2794              	.LVL166:
 2795              		.loc 7 548 3 is_stmt 0 view .LVU959
 2796              		.thumb
 2797              		.syntax unified
 2798              	.LBE465:
 2799              	.LBE464:
 2800              	.LBE463:
 2801              		.loc 5 377 34 is_stmt 1 view .LVU960
 2802              		.loc 5 378 20 view .LVU961
 2803              	.LBE462:
 2804              	.LBE461:
 2805              		.loc 1 861 3 view .LVU962
 2806              		.loc 1 861 11 is_stmt 0 view .LVU963
 2807 0008 416A     		ldr	r1, [r0, #36]
 2808              		.loc 1 861 6 view .LVU964
 2809 000a 19B1     		cbz	r1, .L111
 2810              	.LBB466:
 2811              		.loc 1 862 5 is_stmt 1 view .LVU965
 2812              		.loc 1 862 51 is_stmt 0 view .LVU966
 2813 000c C368     		ldr	r3, [r0, #12]
 2814              		.loc 1 862 37 view .LVU967
 2815 000e C91A     		subs	r1, r1, r3
 2816              	.LVL167:
 2817              		.loc 1 864 5 is_stmt 1 view .LVU968
 2818              		.loc 1 864 8 is_stmt 0 view .LVU969
 2819 0010 0439     		subs	r1, r1, #4
 2820              	.LVL168:
 2821              		.loc 1 864 8 view .LVU970
 2822 0012 03D1     		bne	.L113
 2823              	.LVL169:
 2824              	.L111:
 2825              		.loc 1 864 8 view .LVU971
 2826              	.LBE466:
 2827              		.loc 1 869 3 is_stmt 1 view .LVU972
 2828              	.LBB467:
 2829              	.LBI467:
 2830              		.loc 2 502 20 view .LVU973
 2831              		.loc 2 504 3 view .LVU974
 2832              	.LBB468:
 2833              	.LBI468:
 2834              		.loc 5 386 20 view .LVU975
 2835              	.LBB469:
 2836              		.loc 5 388 22 view .LVU976
 2837              		.loc 5 389 33 view .LVU977
 2838              		.loc 5 395 3 view .LVU978
 2839              		.loc 5 395 3 view .LVU979
 2840              		.loc 5 395 3 discriminator 7 view .LVU980
 2841              		.loc 5 399 3 view .LVU981
 2842              	.LBB470:
 2843              	.LBI470:
 2844              		.loc 6 628 20 view .LVU982
 2845              		.loc 6 631 3 view .LVU983
 2846              	.LBB471:
 2847              	.LBI471:
 2848              		.loc 7 546 57 view .LVU984
 2849              	.LBB472:
 2850              		.loc 7 548 3 view .LVU985
ARM GAS  /tmp/ccUycNjg.s 			page 51


 2851 0014 0023     		movs	r3, #0
 2852              		.syntax unified
 2853              	@ 548 "ChibiOS/os/common/ext/CMSIS/include/core_cmFunc.h" 1
 2854 0016 83F31188 		MSR basepri, r3
 2855              	@ 0 "" 2
 2856              	.LVL170:
 2857              		.loc 7 548 3 is_stmt 0 view .LVU986
 2858              		.thumb
 2859              		.syntax unified
 2860              	.LBE472:
 2861              	.LBE471:
 2862              	.LBE470:
 2863              	.LBE469:
 2864              	.LBE468:
 2865              	.LBE467:
 2866              		.loc 1 870 1 view .LVU987
 2867 001a 08BD     		pop	{r3, pc}
 2868              	.LVL171:
 2869              	.L113:
 2870              	.LBB473:
 2871              		.loc 1 865 7 is_stmt 1 view .LVU988
 2872 001c FFF7FEFF 		bl	obqPostFullBufferS
 2873              	.LVL172:
 2874              		.loc 1 865 7 is_stmt 0 view .LVU989
 2875 0020 F8E7     		b	.L111
 2876              	.LBE473:
 2877              		.cfi_endproc
 2878              	.LFE254:
 2879              		.size	obqFlush, .-obqFlush
 2880 0022 00BF     		.text
 2881              	.Letext0:
 2882              		.file 11 "/usr/lib/gcc/arm-none-eabi/13.2.1/include/stddef.h"
 2883              		.file 12 "/usr/lib/gcc/arm-none-eabi/13.2.1/include/stdint.h"
 2884              		.file 13 "ChibiOS/os/common/ports/ARMCMx/compilers/GCC/chtypes.h"
 2885              		.file 14 "ChibiOS/os/rt/include/chsystypes.h"
 2886              		.file 15 "ChibiOS/os/common/ports/ARMCMx/chcore.h"
 2887              		.file 16 "ChibiOS/os/hal/ports/STM32/LLD/TIMv1/stm32_tim.h"
 2888              		.file 17 "ChibiOS/os/hal/include/hal_buffers.h"
 2889              		.file 18 "/usr/include/newlib/string.h"
 2890              		.file 19 "<built-in>"
 2891              		.section	.debug_info,"",%progbits
 2892              	.Ldebug_info0:
 2893 0000 31210000 		.4byte	0x2131
 2894 0004 0500     		.2byte	0x5
 2895 0006 01       		.byte	0x1
 2896 0007 04       		.byte	0x4
 2897 0008 00000000 		.4byte	.Ldebug_abbrev0
 2898 000c 2F       		.uleb128 0x2f
 2899 000d E0020000 		.4byte	.LASF127
 2900 0011 1D       		.byte	0x1d
 2901 0012 4A040000 		.4byte	.LASF128
 2902 0016 D9050000 		.4byte	.LASF129
 2903 001a 78000000 		.4byte	.LLRL114
 2904 001e 00000000 		.4byte	0
 2905 0022 00000000 		.4byte	.Ldebug_line0
 2906 0026 0B       		.uleb128 0xb
 2907 0027 08       		.byte	0x8
ARM GAS  /tmp/ccUycNjg.s 			page 52


 2908 0028 07       		.byte	0x7
 2909 0029 8E000000 		.4byte	.LASF0
 2910 002d 0B       		.uleb128 0xb
 2911 002e 04       		.byte	0x4
 2912 002f 07       		.byte	0x7
 2913 0030 2E020000 		.4byte	.LASF1
 2914 0034 30       		.uleb128 0x30
 2915 0035 04       		.byte	0x4
 2916 0036 05       		.byte	0x5
 2917 0037 696E7400 		.ascii	"int\000"
 2918 003b 07       		.uleb128 0x7
 2919 003c 18000000 		.4byte	.LASF11
 2920 0040 0B       		.byte	0xb
 2921 0041 D6       		.byte	0xd6
 2922 0042 17       		.byte	0x17
 2923 0043 2D000000 		.4byte	0x2d
 2924 0047 1F       		.uleb128 0x1f
 2925 0048 3B000000 		.4byte	0x3b
 2926 004c 0B       		.uleb128 0xb
 2927 004d 08       		.byte	0x8
 2928 004e 05       		.byte	0x5
 2929 004f F1010000 		.4byte	.LASF2
 2930 0053 0B       		.uleb128 0xb
 2931 0054 08       		.byte	0x8
 2932 0055 04       		.byte	0x4
 2933 0056 0E040000 		.4byte	.LASF3
 2934 005a 0B       		.uleb128 0xb
 2935 005b 01       		.byte	0x1
 2936 005c 06       		.byte	0x6
 2937 005d 03010000 		.4byte	.LASF4
 2938 0061 0B       		.uleb128 0xb
 2939 0062 01       		.byte	0x1
 2940 0063 08       		.byte	0x8
 2941 0064 BD040000 		.4byte	.LASF5
 2942 0068 0B       		.uleb128 0xb
 2943 0069 02       		.byte	0x2
 2944 006a 05       		.byte	0x5
 2945 006b F3040000 		.4byte	.LASF6
 2946 006f 0B       		.uleb128 0xb
 2947 0070 02       		.byte	0x2
 2948 0071 07       		.byte	0x7
 2949 0072 F3050000 		.4byte	.LASF7
 2950 0076 0B       		.uleb128 0xb
 2951 0077 04       		.byte	0x4
 2952 0078 05       		.byte	0x5
 2953 0079 74010000 		.4byte	.LASF8
 2954 007d 0B       		.uleb128 0xb
 2955 007e 04       		.byte	0x4
 2956 007f 07       		.byte	0x7
 2957 0080 7A050000 		.4byte	.LASF9
 2958 0084 31       		.uleb128 0x31
 2959 0085 04       		.byte	0x4
 2960 0086 0B       		.uleb128 0xb
 2961 0087 01       		.byte	0x1
 2962 0088 08       		.byte	0x8
 2963 0089 9A050000 		.4byte	.LASF10
 2964 008d 0E       		.uleb128 0xe
ARM GAS  /tmp/ccUycNjg.s 			page 53


 2965 008e 86000000 		.4byte	0x86
 2966 0092 0A       		.uleb128 0xa
 2967 0093 8D000000 		.4byte	0x8d
 2968 0097 07       		.uleb128 0x7
 2969 0098 B5040000 		.4byte	.LASF12
 2970 009c 0C       		.byte	0xc
 2971 009d 28       		.byte	0x28
 2972 009e 18       		.byte	0x18
 2973 009f 76000000 		.4byte	0x76
 2974 00a3 07       		.uleb128 0x7
 2975 00a4 71060000 		.4byte	.LASF13
 2976 00a8 0C       		.byte	0xc
 2977 00a9 2E       		.byte	0x2e
 2978 00aa 18       		.byte	0x18
 2979 00ab 61000000 		.4byte	0x61
 2980 00af 0E       		.uleb128 0xe
 2981 00b0 A3000000 		.4byte	0xa3
 2982 00b4 07       		.uleb128 0x7
 2983 00b5 61050000 		.4byte	.LASF14
 2984 00b9 0C       		.byte	0xc
 2985 00ba 34       		.byte	0x34
 2986 00bb 19       		.byte	0x19
 2987 00bc 7D000000 		.4byte	0x7d
 2988 00c0 1F       		.uleb128 0x1f
 2989 00c1 B4000000 		.4byte	0xb4
 2990 00c5 07       		.uleb128 0x7
 2991 00c6 2B000000 		.4byte	.LASF15
 2992 00ca 0C       		.byte	0xc
 2993 00cb 37       		.byte	0x37
 2994 00cc 19       		.byte	0x19
 2995 00cd 26000000 		.4byte	0x26
 2996 00d1 07       		.uleb128 0x7
 2997 00d2 0D070000 		.4byte	.LASF16
 2998 00d6 0D       		.byte	0xd
 2999 00d7 3C       		.byte	0x3c
 3000 00d8 1D       		.byte	0x1d
 3001 00d9 A3000000 		.4byte	0xa3
 3002 00dd 07       		.uleb128 0x7
 3003 00de 7D010000 		.4byte	.LASF17
 3004 00e2 0D       		.byte	0xd
 3005 00e3 3D       		.byte	0x3d
 3006 00e4 1D       		.byte	0x1d
 3007 00e5 A3000000 		.4byte	0xa3
 3008 00e9 07       		.uleb128 0x7
 3009 00ea 83040000 		.4byte	.LASF18
 3010 00ee 0D       		.byte	0xd
 3011 00ef 3E       		.byte	0x3e
 3012 00f0 1D       		.byte	0x1d
 3013 00f1 A3000000 		.4byte	0xa3
 3014 00f5 07       		.uleb128 0x7
 3015 00f6 90040000 		.4byte	.LASF19
 3016 00fa 0D       		.byte	0xd
 3017 00fb 40       		.byte	0x40
 3018 00fc 1D       		.byte	0x1d
 3019 00fd B4000000 		.4byte	0xb4
 3020 0101 07       		.uleb128 0x7
 3021 0102 34060000 		.4byte	.LASF20
ARM GAS  /tmp/ccUycNjg.s 			page 54


 3022 0106 0D       		.byte	0xd
 3023 0107 41       		.byte	0x41
 3024 0108 1D       		.byte	0x1d
 3025 0109 97000000 		.4byte	0x97
 3026 010d 07       		.uleb128 0x7
 3027 010e CA050000 		.4byte	.LASF21
 3028 0112 0E       		.byte	0xe
 3029 0113 33       		.byte	0x33
 3030 0114 12       		.byte	0x12
 3031 0115 B4000000 		.4byte	0xb4
 3032 0119 07       		.uleb128 0x7
 3033 011a BC050000 		.4byte	.LASF22
 3034 011e 0E       		.byte	0xe
 3035 011f 3F       		.byte	0x3f
 3036 0120 1A       		.byte	0x1a
 3037 0121 25010000 		.4byte	0x125
 3038 0125 1C       		.uleb128 0x1c
 3039 0126 80020000 		.4byte	.LASF35
 3040 012a 2C       		.byte	0x2c
 3041 012b 04       		.byte	0x4
 3042 012c 9A       		.byte	0x9a
 3043 012d CD010000 		.4byte	0x1cd
 3044 0131 08       		.uleb128 0x8
 3045 0132 70020000 		.4byte	.LASF23
 3046 0136 04       		.byte	0x4
 3047 0137 9B       		.byte	0x9b
 3048 0138 19       		.byte	0x19
 3049 0139 04020000 		.4byte	0x204
 3050 013d 00       		.byte	0
 3051 013e 08       		.uleb128 0x8
 3052 013f 70040000 		.4byte	.LASF24
 3053 0143 04       		.byte	0x4
 3054 0144 9C       		.byte	0x9c
 3055 0145 19       		.byte	0x19
 3056 0146 F5000000 		.4byte	0xf5
 3057 014a 08       		.byte	0x8
 3058 014b 1D       		.uleb128 0x1d
 3059 014c 63747800 		.ascii	"ctx\000"
 3060 0150 04       		.byte	0x4
 3061 0151 9D       		.byte	0x9d
 3062 0152 19       		.byte	0x19
 3063 0153 79020000 		.4byte	0x279
 3064 0157 0C       		.byte	0xc
 3065 0158 08       		.uleb128 0x8
 3066 0159 C5020000 		.4byte	.LASF25
 3067 015d 04       		.byte	0x4
 3068 015e 9F       		.byte	0x9f
 3069 015f 1A       		.byte	0x1a
 3070 0160 D9010000 		.4byte	0x1d9
 3071 0164 10       		.byte	0x10
 3072 0165 08       		.uleb128 0x8
 3073 0166 9F050000 		.4byte	.LASF26
 3074 016a 04       		.byte	0x4
 3075 016b A0       		.byte	0xa0
 3076 016c 1A       		.byte	0x1a
 3077 016d D9010000 		.4byte	0x1d9
 3078 0171 14       		.byte	0x14
ARM GAS  /tmp/ccUycNjg.s 			page 55


 3079 0172 08       		.uleb128 0x8
 3080 0173 6B020000 		.4byte	.LASF27
 3081 0177 04       		.byte	0x4
 3082 0178 A7       		.byte	0xa7
 3083 0179 1A       		.byte	0x1a
 3084 017a 92000000 		.4byte	0x92
 3085 017e 18       		.byte	0x18
 3086 017f 08       		.uleb128 0x8
 3087 0180 8C050000 		.4byte	.LASF28
 3088 0184 04       		.byte	0x4
 3089 0185 B0       		.byte	0xb0
 3090 0186 1A       		.byte	0x1a
 3091 0187 5D050000 		.4byte	0x55d
 3092 018b 1C       		.byte	0x1c
 3093 018c 08       		.uleb128 0x8
 3094 018d 6E010000 		.4byte	.LASF29
 3095 0191 04       		.byte	0x4
 3096 0192 B5       		.byte	0xb5
 3097 0193 19       		.byte	0x19
 3098 0194 DD000000 		.4byte	0xdd
 3099 0198 20       		.byte	0x20
 3100 0199 08       		.uleb128 0x8
 3101 019a 79060000 		.4byte	.LASF30
 3102 019e 04       		.byte	0x4
 3103 019f B9       		.byte	0xb9
 3104 01a0 19       		.byte	0x19
 3105 01a1 D1000000 		.4byte	0xd1
 3106 01a5 21       		.byte	0x21
 3107 01a6 08       		.uleb128 0x8
 3108 01a7 8B040000 		.4byte	.LASF31
 3109 01ab 04       		.byte	0x4
 3110 01ac BE       		.byte	0xbe
 3111 01ad 19       		.byte	0x19
 3112 01ae E9000000 		.4byte	0xe9
 3113 01b2 22       		.byte	0x22
 3114 01b3 03       		.uleb128 0x3
 3115 01b4 7500     		.ascii	"u\000"
 3116 01b6 04       		.byte	0x4
 3117 01b7 0F01     		.2byte	0x10f
 3118 01b9 19       		.byte	0x19
 3119 01ba 22050000 		.4byte	0x522
 3120 01be 24       		.byte	0x24
 3121 01bf 0F       		.uleb128 0xf
 3122 01c0 CA010000 		.4byte	.LASF32
 3123 01c4 04       		.byte	0x4
 3124 01c5 1401     		.2byte	0x114
 3125 01c7 DE010000 		.4byte	0x1de
 3126 01cb 28       		.byte	0x28
 3127 01cc 00       		.byte	0
 3128 01cd 07       		.uleb128 0x7
 3129 01ce 98060000 		.4byte	.LASF33
 3130 01d2 0E       		.byte	0xe
 3131 01d3 44       		.byte	0x44
 3132 01d4 14       		.byte	0x14
 3133 01d5 D9010000 		.4byte	0x1d9
 3134 01d9 0A       		.uleb128 0xa
 3135 01da 19010000 		.4byte	0x119
ARM GAS  /tmp/ccUycNjg.s 			page 56


 3136 01de 07       		.uleb128 0x7
 3137 01df E9060000 		.4byte	.LASF34
 3138 01e3 0E       		.byte	0xe
 3139 01e4 49       		.byte	0x49
 3140 01e5 20       		.byte	0x20
 3141 01e6 EA010000 		.4byte	0x1ea
 3142 01ea 1C       		.uleb128 0x1c
 3143 01eb 6A050000 		.4byte	.LASF36
 3144 01ef 04       		.byte	0x4
 3145 01f0 04       		.byte	0x4
 3146 01f1 88       		.byte	0x88
 3147 01f2 04020000 		.4byte	0x204
 3148 01f6 08       		.uleb128 0x8
 3149 01f7 1F000000 		.4byte	.LASF37
 3150 01fb 04       		.byte	0x4
 3151 01fc 89       		.byte	0x89
 3152 01fd 1A       		.byte	0x1a
 3153 01fe D9010000 		.4byte	0x1d9
 3154 0202 00       		.byte	0
 3155 0203 00       		.byte	0
 3156 0204 07       		.uleb128 0x7
 3157 0205 45060000 		.4byte	.LASF38
 3158 0209 0E       		.byte	0xe
 3159 020a 50       		.byte	0x50
 3160 020b 21       		.byte	0x21
 3161 020c 10020000 		.4byte	0x210
 3162 0210 1C       		.uleb128 0x1c
 3163 0211 68000000 		.4byte	.LASF39
 3164 0215 08       		.byte	0x8
 3165 0216 04       		.byte	0x4
 3166 0217 8F       		.byte	0x8f
 3167 0218 37020000 		.4byte	0x237
 3168 021c 08       		.uleb128 0x8
 3169 021d 1F000000 		.4byte	.LASF37
 3170 0221 04       		.byte	0x4
 3171 0222 90       		.byte	0x90
 3172 0223 1A       		.byte	0x1a
 3173 0224 D9010000 		.4byte	0x1d9
 3174 0228 00       		.byte	0
 3175 0229 08       		.uleb128 0x8
 3176 022a 57000000 		.4byte	.LASF40
 3177 022e 04       		.byte	0x4
 3178 022f 91       		.byte	0x91
 3179 0230 1A       		.byte	0x1a
 3180 0231 D9010000 		.4byte	0x1d9
 3181 0235 04       		.byte	0x4
 3182 0236 00       		.byte	0
 3183 0237 10       		.uleb128 0x10
 3184 0238 C0000000 		.4byte	0xc0
 3185 023c 47020000 		.4byte	0x247
 3186 0240 11       		.uleb128 0x11
 3187 0241 2D000000 		.4byte	0x2d
 3188 0245 01       		.byte	0x1
 3189 0246 00       		.byte	0
 3190 0247 1F       		.uleb128 0x1f
 3191 0248 37020000 		.4byte	0x237
 3192 024c 10       		.uleb128 0x10
ARM GAS  /tmp/ccUycNjg.s 			page 57


 3193 024d C0000000 		.4byte	0xc0
 3194 0251 5C020000 		.4byte	0x25c
 3195 0255 11       		.uleb128 0x11
 3196 0256 2D000000 		.4byte	0x2d
 3197 025a 03       		.byte	0x3
 3198 025b 00       		.byte	0
 3199 025c 1F       		.uleb128 0x1f
 3200 025d 4C020000 		.4byte	0x24c
 3201 0261 07       		.uleb128 0x7
 3202 0262 9F010000 		.4byte	.LASF41
 3203 0266 0F       		.byte	0xf
 3204 0267 65       		.byte	0x65
 3205 0268 0F       		.byte	0xf
 3206 0269 84000000 		.4byte	0x84
 3207 026d 07       		.uleb128 0x7
 3208 026e BA020000 		.4byte	.LASF42
 3209 0272 0F       		.byte	0xf
 3210 0273 6D       		.byte	0x6d
 3211 0274 12       		.byte	0x12
 3212 0275 C5000000 		.4byte	0xc5
 3213 0279 1C       		.uleb128 0x1c
 3214 027a 05020000 		.4byte	.LASF43
 3215 027e 04       		.byte	0x4
 3216 027f 0F       		.byte	0xf
 3217 0280 89       		.byte	0x89
 3218 0281 92020000 		.4byte	0x292
 3219 0285 1D       		.uleb128 0x1d
 3220 0286 737000   		.ascii	"sp\000"
 3221 0289 0F       		.byte	0xf
 3222 028a 8A       		.byte	0x8a
 3223 028b 17       		.byte	0x17
 3224 028c F8030000 		.4byte	0x3f8
 3225 0290 00       		.byte	0
 3226 0291 00       		.byte	0
 3227 0292 32       		.uleb128 0x32
 3228 0293 5C000000 		.4byte	.LASF44
 3229 0297 64       		.byte	0x64
 3230 0298 06       		.byte	0x6
 3231 0299 6001     		.2byte	0x160
 3232 029b 08       		.byte	0x8
 3233 029c F8030000 		.4byte	0x3f8
 3234 02a0 03       		.uleb128 0x3
 3235 02a1 73313600 		.ascii	"s16\000"
 3236 02a5 06       		.byte	0x6
 3237 02a6 6201     		.2byte	0x162
 3238 02a8 11       		.byte	0x11
 3239 02a9 61020000 		.4byte	0x261
 3240 02ad 00       		.byte	0
 3241 02ae 03       		.uleb128 0x3
 3242 02af 73313700 		.ascii	"s17\000"
 3243 02b3 06       		.byte	0x6
 3244 02b4 6301     		.2byte	0x163
 3245 02b6 11       		.byte	0x11
 3246 02b7 61020000 		.4byte	0x261
 3247 02bb 04       		.byte	0x4
 3248 02bc 03       		.uleb128 0x3
 3249 02bd 73313800 		.ascii	"s18\000"
ARM GAS  /tmp/ccUycNjg.s 			page 58


 3250 02c1 06       		.byte	0x6
 3251 02c2 6401     		.2byte	0x164
 3252 02c4 11       		.byte	0x11
 3253 02c5 61020000 		.4byte	0x261
 3254 02c9 08       		.byte	0x8
 3255 02ca 03       		.uleb128 0x3
 3256 02cb 73313900 		.ascii	"s19\000"
 3257 02cf 06       		.byte	0x6
 3258 02d0 6501     		.2byte	0x165
 3259 02d2 11       		.byte	0x11
 3260 02d3 61020000 		.4byte	0x261
 3261 02d7 0C       		.byte	0xc
 3262 02d8 03       		.uleb128 0x3
 3263 02d9 73323000 		.ascii	"s20\000"
 3264 02dd 06       		.byte	0x6
 3265 02de 6601     		.2byte	0x166
 3266 02e0 11       		.byte	0x11
 3267 02e1 61020000 		.4byte	0x261
 3268 02e5 10       		.byte	0x10
 3269 02e6 03       		.uleb128 0x3
 3270 02e7 73323100 		.ascii	"s21\000"
 3271 02eb 06       		.byte	0x6
 3272 02ec 6701     		.2byte	0x167
 3273 02ee 11       		.byte	0x11
 3274 02ef 61020000 		.4byte	0x261
 3275 02f3 14       		.byte	0x14
 3276 02f4 03       		.uleb128 0x3
 3277 02f5 73323200 		.ascii	"s22\000"
 3278 02f9 06       		.byte	0x6
 3279 02fa 6801     		.2byte	0x168
 3280 02fc 11       		.byte	0x11
 3281 02fd 61020000 		.4byte	0x261
 3282 0301 18       		.byte	0x18
 3283 0302 03       		.uleb128 0x3
 3284 0303 73323300 		.ascii	"s23\000"
 3285 0307 06       		.byte	0x6
 3286 0308 6901     		.2byte	0x169
 3287 030a 11       		.byte	0x11
 3288 030b 61020000 		.4byte	0x261
 3289 030f 1C       		.byte	0x1c
 3290 0310 03       		.uleb128 0x3
 3291 0311 73323400 		.ascii	"s24\000"
 3292 0315 06       		.byte	0x6
 3293 0316 6A01     		.2byte	0x16a
 3294 0318 11       		.byte	0x11
 3295 0319 61020000 		.4byte	0x261
 3296 031d 20       		.byte	0x20
 3297 031e 03       		.uleb128 0x3
 3298 031f 73323500 		.ascii	"s25\000"
 3299 0323 06       		.byte	0x6
 3300 0324 6B01     		.2byte	0x16b
 3301 0326 11       		.byte	0x11
 3302 0327 61020000 		.4byte	0x261
 3303 032b 24       		.byte	0x24
 3304 032c 03       		.uleb128 0x3
 3305 032d 73323600 		.ascii	"s26\000"
 3306 0331 06       		.byte	0x6
ARM GAS  /tmp/ccUycNjg.s 			page 59


 3307 0332 6C01     		.2byte	0x16c
 3308 0334 11       		.byte	0x11
 3309 0335 61020000 		.4byte	0x261
 3310 0339 28       		.byte	0x28
 3311 033a 03       		.uleb128 0x3
 3312 033b 73323700 		.ascii	"s27\000"
 3313 033f 06       		.byte	0x6
 3314 0340 6D01     		.2byte	0x16d
 3315 0342 11       		.byte	0x11
 3316 0343 61020000 		.4byte	0x261
 3317 0347 2C       		.byte	0x2c
 3318 0348 03       		.uleb128 0x3
 3319 0349 73323800 		.ascii	"s28\000"
 3320 034d 06       		.byte	0x6
 3321 034e 6E01     		.2byte	0x16e
 3322 0350 11       		.byte	0x11
 3323 0351 61020000 		.4byte	0x261
 3324 0355 30       		.byte	0x30
 3325 0356 03       		.uleb128 0x3
 3326 0357 73323900 		.ascii	"s29\000"
 3327 035b 06       		.byte	0x6
 3328 035c 6F01     		.2byte	0x16f
 3329 035e 11       		.byte	0x11
 3330 035f 61020000 		.4byte	0x261
 3331 0363 34       		.byte	0x34
 3332 0364 03       		.uleb128 0x3
 3333 0365 73333000 		.ascii	"s30\000"
 3334 0369 06       		.byte	0x6
 3335 036a 7001     		.2byte	0x170
 3336 036c 11       		.byte	0x11
 3337 036d 61020000 		.4byte	0x261
 3338 0371 38       		.byte	0x38
 3339 0372 03       		.uleb128 0x3
 3340 0373 73333100 		.ascii	"s31\000"
 3341 0377 06       		.byte	0x6
 3342 0378 7101     		.2byte	0x171
 3343 037a 11       		.byte	0x11
 3344 037b 61020000 		.4byte	0x261
 3345 037f 3C       		.byte	0x3c
 3346 0380 03       		.uleb128 0x3
 3347 0381 723400   		.ascii	"r4\000"
 3348 0384 06       		.byte	0x6
 3349 0385 7301     		.2byte	0x173
 3350 0387 11       		.byte	0x11
 3351 0388 61020000 		.4byte	0x261
 3352 038c 40       		.byte	0x40
 3353 038d 03       		.uleb128 0x3
 3354 038e 723500   		.ascii	"r5\000"
 3355 0391 06       		.byte	0x6
 3356 0392 7401     		.2byte	0x174
 3357 0394 11       		.byte	0x11
 3358 0395 61020000 		.4byte	0x261
 3359 0399 44       		.byte	0x44
 3360 039a 03       		.uleb128 0x3
 3361 039b 723600   		.ascii	"r6\000"
 3362 039e 06       		.byte	0x6
 3363 039f 7501     		.2byte	0x175
ARM GAS  /tmp/ccUycNjg.s 			page 60


 3364 03a1 11       		.byte	0x11
 3365 03a2 61020000 		.4byte	0x261
 3366 03a6 48       		.byte	0x48
 3367 03a7 03       		.uleb128 0x3
 3368 03a8 723700   		.ascii	"r7\000"
 3369 03ab 06       		.byte	0x6
 3370 03ac 7601     		.2byte	0x176
 3371 03ae 11       		.byte	0x11
 3372 03af 61020000 		.4byte	0x261
 3373 03b3 4C       		.byte	0x4c
 3374 03b4 03       		.uleb128 0x3
 3375 03b5 723800   		.ascii	"r8\000"
 3376 03b8 06       		.byte	0x6
 3377 03b9 7701     		.2byte	0x177
 3378 03bb 11       		.byte	0x11
 3379 03bc 61020000 		.4byte	0x261
 3380 03c0 50       		.byte	0x50
 3381 03c1 03       		.uleb128 0x3
 3382 03c2 723900   		.ascii	"r9\000"
 3383 03c5 06       		.byte	0x6
 3384 03c6 7801     		.2byte	0x178
 3385 03c8 11       		.byte	0x11
 3386 03c9 61020000 		.4byte	0x261
 3387 03cd 54       		.byte	0x54
 3388 03ce 03       		.uleb128 0x3
 3389 03cf 72313000 		.ascii	"r10\000"
 3390 03d3 06       		.byte	0x6
 3391 03d4 7901     		.2byte	0x179
 3392 03d6 11       		.byte	0x11
 3393 03d7 61020000 		.4byte	0x261
 3394 03db 58       		.byte	0x58
 3395 03dc 03       		.uleb128 0x3
 3396 03dd 72313100 		.ascii	"r11\000"
 3397 03e1 06       		.byte	0x6
 3398 03e2 7A01     		.2byte	0x17a
 3399 03e4 11       		.byte	0x11
 3400 03e5 61020000 		.4byte	0x261
 3401 03e9 5C       		.byte	0x5c
 3402 03ea 03       		.uleb128 0x3
 3403 03eb 6C7200   		.ascii	"lr\000"
 3404 03ee 06       		.byte	0x6
 3405 03ef 7B01     		.2byte	0x17b
 3406 03f1 11       		.byte	0x11
 3407 03f2 61020000 		.4byte	0x261
 3408 03f6 60       		.byte	0x60
 3409 03f7 00       		.byte	0
 3410 03f8 0A       		.uleb128 0xa
 3411 03f9 92020000 		.4byte	0x292
 3412 03fd 33       		.uleb128 0x33
 3413 03fe 60       		.byte	0x60
 3414 03ff 10       		.byte	0x10
 3415 0400 A101     		.2byte	0x1a1
 3416 0402 09       		.byte	0x9
 3417 0403 15050000 		.4byte	0x515
 3418 0407 03       		.uleb128 0x3
 3419 0408 43523100 		.ascii	"CR1\000"
 3420 040c 10       		.byte	0x10
ARM GAS  /tmp/ccUycNjg.s 			page 61


 3421 040d A201     		.2byte	0x1a2
 3422 040f 19       		.byte	0x19
 3423 0410 C0000000 		.4byte	0xc0
 3424 0414 00       		.byte	0
 3425 0415 03       		.uleb128 0x3
 3426 0416 43523200 		.ascii	"CR2\000"
 3427 041a 10       		.byte	0x10
 3428 041b A301     		.2byte	0x1a3
 3429 041d 19       		.byte	0x19
 3430 041e C0000000 		.4byte	0xc0
 3431 0422 04       		.byte	0x4
 3432 0423 0F       		.uleb128 0xf
 3433 0424 7B020000 		.4byte	.LASF45
 3434 0428 10       		.byte	0x10
 3435 0429 A401     		.2byte	0x1a4
 3436 042b C0000000 		.4byte	0xc0
 3437 042f 08       		.byte	0x8
 3438 0430 0F       		.uleb128 0xf
 3439 0431 CE060000 		.4byte	.LASF46
 3440 0435 10       		.byte	0x10
 3441 0436 A501     		.2byte	0x1a5
 3442 0438 C0000000 		.4byte	0xc0
 3443 043c 0C       		.byte	0xc
 3444 043d 03       		.uleb128 0x3
 3445 043e 535200   		.ascii	"SR\000"
 3446 0441 10       		.byte	0x10
 3447 0442 A601     		.2byte	0x1a6
 3448 0444 19       		.byte	0x19
 3449 0445 C0000000 		.4byte	0xc0
 3450 0449 10       		.byte	0x10
 3451 044a 03       		.uleb128 0x3
 3452 044b 45475200 		.ascii	"EGR\000"
 3453 044f 10       		.byte	0x10
 3454 0450 A701     		.2byte	0x1a7
 3455 0452 19       		.byte	0x19
 3456 0453 C0000000 		.4byte	0xc0
 3457 0457 14       		.byte	0x14
 3458 0458 0F       		.uleb128 0xf
 3459 0459 F1000000 		.4byte	.LASF47
 3460 045d 10       		.byte	0x10
 3461 045e A801     		.2byte	0x1a8
 3462 0460 C0000000 		.4byte	0xc0
 3463 0464 18       		.byte	0x18
 3464 0465 0F       		.uleb128 0xf
 3465 0466 F7000000 		.4byte	.LASF48
 3466 046a 10       		.byte	0x10
 3467 046b A901     		.2byte	0x1a9
 3468 046d C0000000 		.4byte	0xc0
 3469 0471 1C       		.byte	0x1c
 3470 0472 0F       		.uleb128 0xf
 3471 0473 C5050000 		.4byte	.LASF49
 3472 0477 10       		.byte	0x10
 3473 0478 AA01     		.2byte	0x1aa
 3474 047a C0000000 		.4byte	0xc0
 3475 047e 20       		.byte	0x20
 3476 047f 03       		.uleb128 0x3
 3477 0480 434E5400 		.ascii	"CNT\000"
ARM GAS  /tmp/ccUycNjg.s 			page 62


 3478 0484 10       		.byte	0x10
 3479 0485 AB01     		.2byte	0x1ab
 3480 0487 19       		.byte	0x19
 3481 0488 C0000000 		.4byte	0xc0
 3482 048c 24       		.byte	0x24
 3483 048d 03       		.uleb128 0x3
 3484 048e 50534300 		.ascii	"PSC\000"
 3485 0492 10       		.byte	0x10
 3486 0493 AC01     		.2byte	0x1ac
 3487 0495 19       		.byte	0x19
 3488 0496 C0000000 		.4byte	0xc0
 3489 049a 28       		.byte	0x28
 3490 049b 03       		.uleb128 0x3
 3491 049c 41525200 		.ascii	"ARR\000"
 3492 04a0 10       		.byte	0x10
 3493 04a1 AD01     		.2byte	0x1ad
 3494 04a3 19       		.byte	0x19
 3495 04a4 C0000000 		.4byte	0xc0
 3496 04a8 2C       		.byte	0x2c
 3497 04a9 03       		.uleb128 0x3
 3498 04aa 52435200 		.ascii	"RCR\000"
 3499 04ae 10       		.byte	0x10
 3500 04af AE01     		.2byte	0x1ae
 3501 04b1 19       		.byte	0x19
 3502 04b2 C0000000 		.4byte	0xc0
 3503 04b6 30       		.byte	0x30
 3504 04b7 03       		.uleb128 0x3
 3505 04b8 43435200 		.ascii	"CCR\000"
 3506 04bc 10       		.byte	0x10
 3507 04bd AF01     		.2byte	0x1af
 3508 04bf 19       		.byte	0x19
 3509 04c0 5C020000 		.4byte	0x25c
 3510 04c4 34       		.byte	0x34
 3511 04c5 0F       		.uleb128 0xf
 3512 04c6 D3000000 		.4byte	.LASF50
 3513 04ca 10       		.byte	0x10
 3514 04cb B001     		.2byte	0x1b0
 3515 04cd C0000000 		.4byte	0xc0
 3516 04d1 44       		.byte	0x44
 3517 04d2 03       		.uleb128 0x3
 3518 04d3 44435200 		.ascii	"DCR\000"
 3519 04d7 10       		.byte	0x10
 3520 04d8 B101     		.2byte	0x1b1
 3521 04da 19       		.byte	0x19
 3522 04db C0000000 		.4byte	0xc0
 3523 04df 48       		.byte	0x48
 3524 04e0 0F       		.uleb128 0xf
 3525 04e1 B7050000 		.4byte	.LASF51
 3526 04e5 10       		.byte	0x10
 3527 04e6 B201     		.2byte	0x1b2
 3528 04e8 C0000000 		.4byte	0xc0
 3529 04ec 4C       		.byte	0x4c
 3530 04ed 03       		.uleb128 0x3
 3531 04ee 4F5200   		.ascii	"OR\000"
 3532 04f1 10       		.byte	0x10
 3533 04f2 B301     		.2byte	0x1b3
 3534 04f4 19       		.byte	0x19
ARM GAS  /tmp/ccUycNjg.s 			page 63


 3535 04f5 C0000000 		.4byte	0xc0
 3536 04f9 50       		.byte	0x50
 3537 04fa 0F       		.uleb128 0xf
 3538 04fb FD000000 		.4byte	.LASF52
 3539 04ff 10       		.byte	0x10
 3540 0500 B401     		.2byte	0x1b4
 3541 0502 C0000000 		.4byte	0xc0
 3542 0506 54       		.byte	0x54
 3543 0507 0F       		.uleb128 0xf
 3544 0508 D4050000 		.4byte	.LASF53
 3545 050c 10       		.byte	0x10
 3546 050d B501     		.2byte	0x1b5
 3547 050f 47020000 		.4byte	0x247
 3548 0513 58       		.byte	0x58
 3549 0514 00       		.byte	0
 3550 0515 34       		.uleb128 0x34
 3551 0516 9D020000 		.4byte	.LASF54
 3552 051a 10       		.byte	0x10
 3553 051b B601     		.2byte	0x1b6
 3554 051d 03       		.byte	0x3
 3555 051e FD030000 		.4byte	0x3fd
 3556 0522 35       		.uleb128 0x35
 3557 0523 04       		.byte	0x4
 3558 0524 04       		.byte	0x4
 3559 0525 D2       		.byte	0xd2
 3560 0526 03       		.byte	0x3
 3561 0527 58050000 		.4byte	0x558
 3562 052b 20       		.uleb128 0x20
 3563 052c 24000000 		.4byte	.LASF55
 3564 0530 D9       		.byte	0xd9
 3565 0531 19       		.byte	0x19
 3566 0532 01010000 		.4byte	0x101
 3567 0536 20       		.uleb128 0x20
 3568 0537 A5000000 		.4byte	.LASF56
 3569 053b E0       		.byte	0xe0
 3570 053c 19       		.byte	0x19
 3571 053d 01010000 		.4byte	0x101
 3572 0541 20       		.uleb128 0x20
 3573 0542 AB060000 		.4byte	.LASF57
 3574 0546 E7       		.byte	0xe7
 3575 0547 1A       		.byte	0x1a
 3576 0548 84000000 		.4byte	0x84
 3577 054c 20       		.uleb128 0x20
 3578 054d 55020000 		.4byte	.LASF58
 3579 0551 EE       		.byte	0xee
 3580 0552 1A       		.byte	0x1a
 3581 0553 58050000 		.4byte	0x558
 3582 0557 00       		.byte	0
 3583 0558 0A       		.uleb128 0xa
 3584 0559 CD010000 		.4byte	0x1cd
 3585 055d 0A       		.uleb128 0xa
 3586 055e 6D020000 		.4byte	0x26d
 3587 0562 0A       		.uleb128 0xa
 3588 0563 AF000000 		.4byte	0xaf
 3589 0567 0A       		.uleb128 0xa
 3590 0568 A3000000 		.4byte	0xa3
 3591 056c 0B       		.uleb128 0xb
ARM GAS  /tmp/ccUycNjg.s 			page 64


 3592 056d 01       		.byte	0x1
 3593 056e 02       		.byte	0x2
 3594 056f AF040000 		.4byte	.LASF59
 3595 0573 07       		.uleb128 0x7
 3596 0574 DE010000 		.4byte	.LASF60
 3597 0578 11       		.byte	0x11
 3598 0579 2F       		.byte	0x2f
 3599 057a 21       		.byte	0x21
 3600 057b 7F050000 		.4byte	0x57f
 3601 057f 1C       		.uleb128 0x1c
 3602 0580 34010000 		.4byte	.LASF61
 3603 0584 34       		.byte	0x34
 3604 0585 11       		.byte	0x11
 3605 0586 3B       		.byte	0x3b
 3606 0587 27060000 		.4byte	0x627
 3607 058b 08       		.uleb128 0x8
 3608 058c CA010000 		.4byte	.LASF32
 3609 0590 11       		.byte	0x11
 3610 0591 3F       		.byte	0x3f
 3611 0592 19       		.byte	0x19
 3612 0593 04020000 		.4byte	0x204
 3613 0597 00       		.byte	0
 3614 0598 08       		.uleb128 0x8
 3615 0599 7A040000 		.4byte	.LASF62
 3616 059d 11       		.byte	0x11
 3617 059e 43       		.byte	0x43
 3618 059f 19       		.byte	0x19
 3619 05a0 47000000 		.4byte	0x47
 3620 05a4 08       		.byte	0x8
 3621 05a5 08       		.uleb128 0x8
 3622 05a6 D8000000 		.4byte	.LASF63
 3623 05aa 11       		.byte	0x11
 3624 05ab 47       		.byte	0x47
 3625 05ac 1A       		.byte	0x1a
 3626 05ad 67050000 		.4byte	0x567
 3627 05b1 0C       		.byte	0xc
 3628 05b2 08       		.uleb128 0x8
 3629 05b3 C3010000 		.4byte	.LASF64
 3630 05b7 11       		.byte	0x11
 3631 05b8 4B       		.byte	0x4b
 3632 05b9 1A       		.byte	0x1a
 3633 05ba 67050000 		.4byte	0x567
 3634 05be 10       		.byte	0x10
 3635 05bf 08       		.uleb128 0x8
 3636 05c0 3B040000 		.4byte	.LASF65
 3637 05c4 11       		.byte	0x11
 3638 05c5 4F       		.byte	0x4f
 3639 05c6 1A       		.byte	0x1a
 3640 05c7 67050000 		.4byte	0x567
 3641 05cb 14       		.byte	0x14
 3642 05cc 08       		.uleb128 0x8
 3643 05cd CB040000 		.4byte	.LASF66
 3644 05d1 11       		.byte	0x11
 3645 05d2 56       		.byte	0x56
 3646 05d3 19       		.byte	0x19
 3647 05d4 3B000000 		.4byte	0x3b
 3648 05d8 18       		.byte	0x18
ARM GAS  /tmp/ccUycNjg.s 			page 65


 3649 05d9 1D       		.uleb128 0x1d
 3650 05da 626E00   		.ascii	"bn\000"
 3651 05dd 11       		.byte	0x11
 3652 05de 5A       		.byte	0x5a
 3653 05df 19       		.byte	0x19
 3654 05e0 3B000000 		.4byte	0x3b
 3655 05e4 1C       		.byte	0x1c
 3656 05e5 08       		.uleb128 0x8
 3657 05e6 63020000 		.4byte	.LASF67
 3658 05ea 11       		.byte	0x11
 3659 05eb 5E       		.byte	0x5e
 3660 05ec 1A       		.byte	0x1a
 3661 05ed 67050000 		.4byte	0x567
 3662 05f1 20       		.byte	0x20
 3663 05f2 1D       		.uleb128 0x1d
 3664 05f3 70747200 		.ascii	"ptr\000"
 3665 05f7 11       		.byte	0x11
 3666 05f8 63       		.byte	0x63
 3667 05f9 1A       		.byte	0x1a
 3668 05fa 67050000 		.4byte	0x567
 3669 05fe 24       		.byte	0x24
 3670 05ff 1D       		.uleb128 0x1d
 3671 0600 746F7000 		.ascii	"top\000"
 3672 0604 11       		.byte	0x11
 3673 0605 67       		.byte	0x67
 3674 0606 1A       		.byte	0x1a
 3675 0607 67050000 		.4byte	0x567
 3676 060b 28       		.byte	0x28
 3677 060c 08       		.uleb128 0x8
 3678 060d 93050000 		.4byte	.LASF68
 3679 0611 11       		.byte	0x11
 3680 0612 6B       		.byte	0x6b
 3681 0613 19       		.byte	0x19
 3682 0614 27060000 		.4byte	0x627
 3683 0618 2C       		.byte	0x2c
 3684 0619 08       		.uleb128 0x8
 3685 061a A8010000 		.4byte	.LASF69
 3686 061e 11       		.byte	0x11
 3687 061f 6F       		.byte	0x6f
 3688 0620 1A       		.byte	0x1a
 3689 0621 84000000 		.4byte	0x84
 3690 0625 30       		.byte	0x30
 3691 0626 00       		.byte	0
 3692 0627 07       		.uleb128 0x7
 3693 0628 3A060000 		.4byte	.LASF70
 3694 062c 11       		.byte	0x11
 3695 062d 36       		.byte	0x36
 3696 062e 10       		.byte	0x10
 3697 062f 33060000 		.4byte	0x633
 3698 0633 0A       		.uleb128 0xa
 3699 0634 38060000 		.4byte	0x638
 3700 0638 36       		.uleb128 0x36
 3701 0639 43060000 		.4byte	0x643
 3702 063d 12       		.uleb128 0x12
 3703 063e 43060000 		.4byte	0x643
 3704 0642 00       		.byte	0
 3705 0643 0A       		.uleb128 0xa
ARM GAS  /tmp/ccUycNjg.s 			page 66


 3706 0644 73050000 		.4byte	0x573
 3707 0648 07       		.uleb128 0x7
 3708 0649 AD010000 		.4byte	.LASF71
 3709 064d 11       		.byte	0x11
 3710 064e 75       		.byte	0x75
 3711 064f 1C       		.byte	0x1c
 3712 0650 73050000 		.4byte	0x573
 3713 0654 07       		.uleb128 0x7
 3714 0655 98040000 		.4byte	.LASF72
 3715 0659 11       		.byte	0x11
 3716 065a 7A       		.byte	0x7a
 3717 065b 1C       		.byte	0x1c
 3718 065c 73050000 		.4byte	0x573
 3719 0660 27       		.uleb128 0x27
 3720 0661 EC050000 		.4byte	.LASF73
 3721 0665 12       		.byte	0x12
 3722 0666 1F       		.byte	0x1f
 3723 0667 84000000 		.4byte	0x84
 3724 066b 7F060000 		.4byte	0x67f
 3725 066f 12       		.uleb128 0x12
 3726 0670 84000000 		.4byte	0x84
 3727 0674 12       		.uleb128 0x12
 3728 0675 7F060000 		.4byte	0x67f
 3729 0679 12       		.uleb128 0x12
 3730 067a 3B000000 		.4byte	0x3b
 3731 067e 00       		.byte	0
 3732 067f 0A       		.uleb128 0xa
 3733 0680 84060000 		.4byte	0x684
 3734 0684 37       		.uleb128 0x37
 3735 0685 27       		.uleb128 0x27
 3736 0686 44070000 		.4byte	.LASF74
 3737 068a 03       		.byte	0x3
 3738 068b FD       		.byte	0xfd
 3739 068c 01010000 		.4byte	0x101
 3740 0690 9F060000 		.4byte	0x69f
 3741 0694 12       		.uleb128 0x12
 3742 0695 9F060000 		.4byte	0x69f
 3743 0699 12       		.uleb128 0x12
 3744 069a 0D010000 		.4byte	0x10d
 3745 069e 00       		.byte	0
 3746 069f 0A       		.uleb128 0xa
 3747 06a0 04020000 		.4byte	0x204
 3748 06a4 28       		.uleb128 0x28
 3749 06a5 45000000 		.4byte	.LASF75
 3750 06a9 FE       		.byte	0xfe
 3751 06aa B9060000 		.4byte	0x6b9
 3752 06ae 12       		.uleb128 0x12
 3753 06af 9F060000 		.4byte	0x69f
 3754 06b3 12       		.uleb128 0x12
 3755 06b4 01010000 		.4byte	0x101
 3756 06b8 00       		.byte	0
 3757 06b9 28       		.uleb128 0x28
 3758 06ba 34000000 		.4byte	.LASF76
 3759 06be FF       		.byte	0xff
 3760 06bf CE060000 		.4byte	0x6ce
 3761 06c3 12       		.uleb128 0x12
 3762 06c4 9F060000 		.4byte	0x69f
ARM GAS  /tmp/ccUycNjg.s 			page 67


 3763 06c8 12       		.uleb128 0x12
 3764 06c9 01010000 		.4byte	0x101
 3765 06cd 00       		.byte	0
 3766 06ce 18       		.uleb128 0x18
 3767 06cf 12020000 		.4byte	.LASF85
 3768 06d3 5803     		.2byte	0x358
 3769 06d5 06       		.byte	0x6
 3770 06d6 00000000 		.4byte	.LFB254
 3771 06da 22000000 		.4byte	.LFE254-.LFB254
 3772 06de 01       		.uleb128 0x1
 3773 06df 9C       		.byte	0x9c
 3774 06e0 F5070000 		.4byte	0x7f5
 3775 06e4 05       		.uleb128 0x5
 3776 06e5 6C060000 		.4byte	.LASF77
 3777 06e9 5803     		.2byte	0x358
 3778 06eb 27       		.byte	0x27
 3779 06ec F5070000 		.4byte	0x7f5
 3780 06f0 14000000 		.4byte	.LLST109
 3781 06f4 0C000000 		.4byte	.LVUS109
 3782 06f8 19       		.uleb128 0x19
 3783 06f9 6C000000 		.4byte	.LLRL111
 3784 06fd 1F070000 		.4byte	0x71f
 3785 0701 13       		.uleb128 0x13
 3786 0702 76020000 		.4byte	.LASF78
 3787 0706 5E03     		.2byte	0x35e
 3788 0708 0C       		.byte	0xc
 3789 0709 3B000000 		.4byte	0x3b
 3790 070d 46000000 		.4byte	.LLST112
 3791 0711 40000000 		.4byte	.LVUS112
 3792 0715 29       		.uleb128 0x29
 3793 0716 20000000 		.4byte	.LVL172
 3794 071a 3C0E0000 		.4byte	0xe3c
 3795 071e 00       		.byte	0
 3796 071f 06       		.uleb128 0x6
 3797 0720 6B200000 		.4byte	0x206b
 3798 0724 02000000 		.4byte	.LBI461
 3799 0728 01       		.byte	.LVU951
 3800 0729 02000000 		.4byte	.LBB461
 3801 072d 06000000 		.4byte	.LBE461-.LBB461
 3802 0731 5A03     		.2byte	0x35a
 3803 0733 03       		.byte	0x3
 3804 0734 8B070000 		.4byte	0x78b
 3805 0738 01       		.uleb128 0x1
 3806 0739 C5200000 		.4byte	0x20c5
 3807 073d 02000000 		.4byte	.LBI462
 3808 0741 03       		.byte	.LVU953
 3809 0742 02000000 		.4byte	.LBB462
 3810 0746 06000000 		.4byte	.LBE462-.LBB462
 3811 074a 02       		.byte	0x2
 3812 074b ED01     		.2byte	0x1ed
 3813 074d 03       		.byte	0x3
 3814 074e 01       		.uleb128 0x1
 3815 074f 06210000 		.4byte	0x2106
 3816 0753 02000000 		.4byte	.LBI463
 3817 0757 05       		.byte	.LVU955
 3818 0758 02000000 		.4byte	.LBB463
 3819 075c 06000000 		.4byte	.LBE463-.LBB463
ARM GAS  /tmp/ccUycNjg.s 			page 68


 3820 0760 05       		.byte	0x5
 3821 0761 7801     		.2byte	0x178
 3822 0763 03       		.byte	0x3
 3823 0764 01       		.uleb128 0x1
 3824 0765 0E210000 		.4byte	0x210e
 3825 0769 02000000 		.4byte	.LBI464
 3826 076d 07       		.byte	.LVU957
 3827 076e 02000000 		.4byte	.LBB464
 3828 0772 06000000 		.4byte	.LBE464-.LBB464
 3829 0776 06       		.byte	0x6
 3830 0777 6402     		.2byte	0x264
 3831 0779 03       		.byte	0x3
 3832 077a 02       		.uleb128 0x2
 3833 077b 1B210000 		.4byte	0x211b
 3834 077f 5F000000 		.4byte	.LLST110
 3835 0783 5D000000 		.4byte	.LVUS110
 3836 0787 00       		.byte	0
 3837 0788 00       		.byte	0
 3838 0789 00       		.byte	0
 3839 078a 00       		.byte	0
 3840 078b 01       		.uleb128 0x1
 3841 078c 63200000 		.4byte	0x2063
 3842 0790 14000000 		.4byte	.LBI467
 3843 0794 02       		.byte	.LVU973
 3844 0795 14000000 		.4byte	.LBB467
 3845 0799 06000000 		.4byte	.LBE467-.LBB467
 3846 079d 01       		.byte	0x1
 3847 079e 6503     		.2byte	0x365
 3848 07a0 03       		.byte	0x3
 3849 07a1 01       		.uleb128 0x1
 3850 07a2 99200000 		.4byte	0x2099
 3851 07a6 14000000 		.4byte	.LBI468
 3852 07aa 04       		.byte	.LVU975
 3853 07ab 14000000 		.4byte	.LBB468
 3854 07af 06000000 		.4byte	.LBE468-.LBB468
 3855 07b3 02       		.byte	0x2
 3856 07b4 F801     		.2byte	0x1f8
 3857 07b6 03       		.byte	0x3
 3858 07b7 01       		.uleb128 0x1
 3859 07b8 FE200000 		.4byte	0x20fe
 3860 07bc 14000000 		.4byte	.LBI470
 3861 07c0 0B       		.byte	.LVU982
 3862 07c1 14000000 		.4byte	.LBB470
 3863 07c5 06000000 		.4byte	.LBE470-.LBB470
 3864 07c9 05       		.byte	0x5
 3865 07ca 8F01     		.2byte	0x18f
 3866 07cc 03       		.byte	0x3
 3867 07cd 01       		.uleb128 0x1
 3868 07ce 0E210000 		.4byte	0x210e
 3869 07d2 14000000 		.4byte	.LBI471
 3870 07d6 0D       		.byte	.LVU984
 3871 07d7 14000000 		.4byte	.LBB471
 3872 07db 06000000 		.4byte	.LBE471-.LBB471
 3873 07df 06       		.byte	0x6
 3874 07e0 7702     		.2byte	0x277
 3875 07e2 03       		.byte	0x3
 3876 07e3 02       		.uleb128 0x2
ARM GAS  /tmp/ccUycNjg.s 			page 69


 3877 07e4 1B210000 		.4byte	0x211b
 3878 07e8 6C000000 		.4byte	.LLST113
 3879 07ec 6A000000 		.4byte	.LVUS113
 3880 07f0 00       		.byte	0
 3881 07f1 00       		.byte	0
 3882 07f2 00       		.byte	0
 3883 07f3 00       		.byte	0
 3884 07f4 00       		.byte	0
 3885 07f5 0A       		.uleb128 0xa
 3886 07f6 54060000 		.4byte	0x654
 3887 07fa 14       		.uleb128 0x14
 3888 07fb 54050000 		.4byte	.LASF79
 3889 07ff 3303     		.2byte	0x333
 3890 0801 06       		.byte	0x6
 3891 0802 6C050000 		.4byte	0x56c
 3892 0806 00000000 		.4byte	.LFB253
 3893 080a 48000000 		.4byte	.LFE253-.LFB253
 3894 080e 01       		.uleb128 0x1
 3895 080f 9C       		.byte	0x9c
 3896 0810 43080000 		.4byte	0x843
 3897 0814 05       		.uleb128 0x5
 3898 0815 6C060000 		.4byte	.LASF77
 3899 0819 3303     		.2byte	0x333
 3900 081b 2B       		.byte	0x2b
 3901 081c F5070000 		.4byte	0x7f5
 3902 0820 8A000000 		.4byte	.LLST106
 3903 0824 76000000 		.4byte	.LVUS106
 3904 0828 38       		.uleb128 0x38
 3905 0829 60000000 		.4byte	.LLRL107
 3906 082d 13       		.uleb128 0x13
 3907 082e 76020000 		.4byte	.LASF78
 3908 0832 3A03     		.2byte	0x33a
 3909 0834 0C       		.byte	0xc
 3910 0835 3B000000 		.4byte	0x3b
 3911 0839 F3000000 		.4byte	.LLST108
 3912 083d EF000000 		.4byte	.LVUS108
 3913 0841 00       		.byte	0
 3914 0842 00       		.byte	0
 3915 0843 14       		.uleb128 0x14
 3916 0844 23050000 		.4byte	.LASF80
 3917 0848 D602     		.2byte	0x2d6
 3918 084a 08       		.byte	0x8
 3919 084b 3B000000 		.4byte	0x3b
 3920 084f 00000000 		.4byte	.LFB252
 3921 0853 E4000000 		.4byte	.LFE252-.LFB252
 3922 0857 01       		.uleb128 0x1
 3923 0858 9C       		.byte	0x9c
 3924 0859 4F0C0000 		.4byte	0xc4f
 3925 085d 05       		.uleb128 0x5
 3926 085e 6C060000 		.4byte	.LASF77
 3927 0862 D602     		.2byte	0x2d6
 3928 0864 30       		.byte	0x30
 3929 0865 F5070000 		.4byte	0x7f5
 3930 0869 09010000 		.4byte	.LLST89
 3931 086d 05010000 		.4byte	.LVUS89
 3932 0871 1B       		.uleb128 0x1b
 3933 0872 627000   		.ascii	"bp\000"
ARM GAS  /tmp/ccUycNjg.s 			page 70


 3934 0875 D602     		.2byte	0x2d6
 3935 0877 45       		.byte	0x45
 3936 0878 62050000 		.4byte	0x562
 3937 087c 1E010000 		.4byte	.LLST90
 3938 0880 1A010000 		.4byte	.LVUS90
 3939 0884 1B       		.uleb128 0x1b
 3940 0885 6E00     		.ascii	"n\000"
 3941 0887 D702     		.2byte	0x2d7
 3942 0889 1F       		.byte	0x1f
 3943 088a 3B000000 		.4byte	0x3b
 3944 088e 33010000 		.4byte	.LLST91
 3945 0892 2F010000 		.4byte	.LVUS91
 3946 0896 05       		.uleb128 0x5
 3947 0897 5B020000 		.4byte	.LASF81
 3948 089b D702     		.2byte	0x2d7
 3949 089d 2C       		.byte	0x2c
 3950 089e 0D010000 		.4byte	0x10d
 3951 08a2 48010000 		.4byte	.LLST92
 3952 08a6 44010000 		.4byte	.LVUS92
 3953 08aa 15       		.uleb128 0x15
 3954 08ab 7700     		.ascii	"w\000"
 3955 08ad D802     		.2byte	0x2d8
 3956 08af 0A       		.byte	0xa
 3957 08b0 3B000000 		.4byte	0x3b
 3958 08b4 5D010000 		.4byte	.LLST93
 3959 08b8 59010000 		.4byte	.LVUS93
 3960 08bc 13       		.uleb128 0x13
 3961 08bd 21070000 		.4byte	.LASF82
 3962 08c1 D902     		.2byte	0x2d9
 3963 08c3 0D       		.byte	0xd
 3964 08c4 0D010000 		.4byte	0x10d
 3965 08c8 71010000 		.4byte	.LLST94
 3966 08cc 6F010000 		.4byte	.LVUS94
 3967 08d0 0D       		.uleb128 0xd
 3968 08d1 10050000 		.4byte	.LASF87
 3969 08d5 5F0C0000 		.4byte	0xc5f
 3970 08d9 19       		.uleb128 0x19
 3971 08da 36000000 		.4byte	.LLRL96
 3972 08de 8C0B0000 		.4byte	0xb8c
 3973 08e2 13       		.uleb128 0x13
 3974 08e3 76020000 		.4byte	.LASF78
 3975 08e7 E302     		.2byte	0x2e3
 3976 08e9 0C       		.byte	0xc
 3977 08ea 3B000000 		.4byte	0x3b
 3978 08ee 81010000 		.4byte	.LLST97
 3979 08f2 7B010000 		.4byte	.LVUS97
 3980 08f6 19       		.uleb128 0x19
 3981 08f7 48000000 		.4byte	.LLRL98
 3982 08fb 890A0000 		.4byte	0xa89
 3983 08ff 15       		.uleb128 0x15
 3984 0900 6D736700 		.ascii	"msg\000"
 3985 0904 E702     		.2byte	0x2e7
 3986 0906 0D       		.byte	0xd
 3987 0907 01010000 		.4byte	0x101
 3988 090b 9A010000 		.4byte	.LLST99
 3989 090f 96010000 		.4byte	.LVUS99
 3990 0913 19       		.uleb128 0x19
ARM GAS  /tmp/ccUycNjg.s 			page 71


 3991 0914 54000000 		.4byte	.LLRL100
 3992 0918 060A0000 		.4byte	0xa06
 3993 091c 13       		.uleb128 0x13
 3994 091d 59070000 		.4byte	.LASF83
 3995 0921 EF02     		.2byte	0x2ef
 3996 0923 13       		.byte	0x13
 3997 0924 0D010000 		.4byte	0x10d
 3998 0928 AE010000 		.4byte	.LLST101
 3999 092c AA010000 		.4byte	.LVUS101
 4000 0930 06       		.uleb128 0x6
 4001 0931 55200000 		.4byte	0x2055
 4002 0935 2A000000 		.4byte	.LBI426
 4003 0939 01       		.byte	.LVU780
 4004 093a 2A000000 		.4byte	.LBB426
 4005 093e 06000000 		.4byte	.LBE426-.LBB426
 4006 0942 EF02     		.2byte	0x2ef
 4007 0944 2D       		.byte	0x2d
 4008 0945 89090000 		.4byte	0x989
 4009 0949 01       		.uleb128 0x1
 4010 094a 8E200000 		.4byte	0x208e
 4011 094e 2A000000 		.4byte	.LBI427
 4012 0952 03       		.byte	.LVU782
 4013 0953 2A000000 		.4byte	.LBB427
 4014 0957 06000000 		.4byte	.LBE427-.LBB427
 4015 095b 02       		.byte	0x2
 4016 095c 6A02     		.2byte	0x26a
 4017 095e 0A       		.byte	0xa
 4018 095f 16       		.uleb128 0x16
 4019 0960 E8200000 		.4byte	0x20e8
 4020 0964 2A000000 		.4byte	.LBI428
 4021 0968 05       		.byte	.LVU784
 4022 0969 2A000000 		.4byte	.LBB428
 4023 096d 06000000 		.4byte	.LBE428-.LBB428
 4024 0971 08       		.byte	0x8
 4025 0972 E9       		.byte	0xe9
 4026 0973 0A       		.byte	0xa
 4027 0974 21       		.uleb128 0x21
 4028 0975 F3200000 		.4byte	0x20f3
 4029 0979 2A000000 		.4byte	.LBI429
 4030 097d 07       		.byte	.LVU786
 4031 097e 2A000000 		.4byte	.LBB429
 4032 0982 06000000 		.4byte	.LBE429-.LBB429
 4033 0986 00       		.byte	0
 4034 0987 00       		.byte	0
 4035 0988 00       		.byte	0
 4036 0989 06       		.uleb128 0x6
 4037 098a 63200000 		.4byte	0x2063
 4038 098e 56000000 		.4byte	.LBI431
 4039 0992 01       		.byte	.LVU819
 4040 0993 56000000 		.4byte	.LBB431
 4041 0997 06000000 		.4byte	.LBE431-.LBB431
 4042 099b F502     		.2byte	0x2f5
 4043 099d 0B       		.byte	0xb
 4044 099e F5090000 		.4byte	0x9f5
 4045 09a2 01       		.uleb128 0x1
 4046 09a3 99200000 		.4byte	0x2099
 4047 09a7 56000000 		.4byte	.LBI432
ARM GAS  /tmp/ccUycNjg.s 			page 72


 4048 09ab 03       		.byte	.LVU821
 4049 09ac 56000000 		.4byte	.LBB432
 4050 09b0 06000000 		.4byte	.LBE432-.LBB432
 4051 09b4 02       		.byte	0x2
 4052 09b5 F801     		.2byte	0x1f8
 4053 09b7 03       		.byte	0x3
 4054 09b8 01       		.uleb128 0x1
 4055 09b9 FE200000 		.4byte	0x20fe
 4056 09bd 56000000 		.4byte	.LBI434
 4057 09c1 0A       		.byte	.LVU828
 4058 09c2 56000000 		.4byte	.LBB434
 4059 09c6 06000000 		.4byte	.LBE434-.LBB434
 4060 09ca 05       		.byte	0x5
 4061 09cb 8F01     		.2byte	0x18f
 4062 09cd 03       		.byte	0x3
 4063 09ce 01       		.uleb128 0x1
 4064 09cf 0E210000 		.4byte	0x210e
 4065 09d3 56000000 		.4byte	.LBI435
 4066 09d7 0C       		.byte	.LVU830
 4067 09d8 56000000 		.4byte	.LBB435
 4068 09dc 06000000 		.4byte	.LBE435-.LBB435
 4069 09e0 06       		.byte	0x6
 4070 09e1 7702     		.2byte	0x277
 4071 09e3 03       		.byte	0x3
 4072 09e4 02       		.uleb128 0x2
 4073 09e5 1B210000 		.4byte	0x211b
 4074 09e9 C0010000 		.4byte	.LLST102
 4075 09ed BE010000 		.4byte	.LVUS102
 4076 09f1 00       		.byte	0
 4077 09f2 00       		.byte	0
 4078 09f3 00       		.byte	0
 4079 09f4 00       		.byte	0
 4080 09f5 09       		.uleb128 0x9
 4081 09f6 3E000000 		.4byte	.LVL128
 4082 09fa E70F0000 		.4byte	0xfe7
 4083 09fe 04       		.uleb128 0x4
 4084 09ff 01       		.uleb128 0x1
 4085 0a00 50       		.byte	0x50
 4086 0a01 02       		.uleb128 0x2
 4087 0a02 74       		.byte	0x74
 4088 0a03 00       		.sleb128 0
 4089 0a04 00       		.byte	0
 4090 0a05 00       		.byte	0
 4091 0a06 06       		.uleb128 0x6
 4092 0a07 63200000 		.4byte	0x2063
 4093 0a0b 40000000 		.4byte	.LBI437
 4094 0a0f 01       		.byte	.LVU798
 4095 0a10 40000000 		.4byte	.LBB437
 4096 0a14 06000000 		.4byte	.LBE437-.LBB437
 4097 0a18 FD02     		.2byte	0x2fd
 4098 0a1a 09       		.byte	0x9
 4099 0a1b 720A0000 		.4byte	0xa72
 4100 0a1f 01       		.uleb128 0x1
 4101 0a20 99200000 		.4byte	0x2099
 4102 0a24 40000000 		.4byte	.LBI438
 4103 0a28 03       		.byte	.LVU800
 4104 0a29 40000000 		.4byte	.LBB438
ARM GAS  /tmp/ccUycNjg.s 			page 73


 4105 0a2d 06000000 		.4byte	.LBE438-.LBB438
 4106 0a31 02       		.byte	0x2
 4107 0a32 F801     		.2byte	0x1f8
 4108 0a34 03       		.byte	0x3
 4109 0a35 01       		.uleb128 0x1
 4110 0a36 FE200000 		.4byte	0x20fe
 4111 0a3a 40000000 		.4byte	.LBI440
 4112 0a3e 0A       		.byte	.LVU807
 4113 0a3f 40000000 		.4byte	.LBB440
 4114 0a43 06000000 		.4byte	.LBE440-.LBB440
 4115 0a47 05       		.byte	0x5
 4116 0a48 8F01     		.2byte	0x18f
 4117 0a4a 03       		.byte	0x3
 4118 0a4b 01       		.uleb128 0x1
 4119 0a4c 0E210000 		.4byte	0x210e
 4120 0a50 40000000 		.4byte	.LBI441
 4121 0a54 0C       		.byte	.LVU809
 4122 0a55 40000000 		.4byte	.LBB441
 4123 0a59 06000000 		.4byte	.LBE441-.LBB441
 4124 0a5d 06       		.byte	0x6
 4125 0a5e 7702     		.2byte	0x277
 4126 0a60 03       		.byte	0x3
 4127 0a61 02       		.uleb128 0x2
 4128 0a62 1B210000 		.4byte	0x211b
 4129 0a66 CC010000 		.4byte	.LLST103
 4130 0a6a CA010000 		.4byte	.LVUS103
 4131 0a6e 00       		.byte	0
 4132 0a6f 00       		.byte	0
 4133 0a70 00       		.byte	0
 4134 0a71 00       		.byte	0
 4135 0a72 09       		.uleb128 0x9
 4136 0a73 54000000 		.4byte	.LVL132
 4137 0a77 E70F0000 		.4byte	0xfe7
 4138 0a7b 04       		.uleb128 0x4
 4139 0a7c 01       		.uleb128 0x1
 4140 0a7d 50       		.byte	0x50
 4141 0a7e 02       		.uleb128 0x2
 4142 0a7f 74       		.byte	0x74
 4143 0a80 00       		.sleb128 0
 4144 0a81 04       		.uleb128 0x4
 4145 0a82 01       		.uleb128 0x1
 4146 0a83 51       		.byte	0x51
 4147 0a84 02       		.uleb128 0x2
 4148 0a85 78       		.byte	0x78
 4149 0a86 00       		.sleb128 0
 4150 0a87 00       		.byte	0
 4151 0a88 00       		.byte	0
 4152 0a89 06       		.uleb128 0x6
 4153 0a8a 63200000 		.4byte	0x2063
 4154 0a8e 90000000 		.4byte	.LBI445
 4155 0a92 01       		.byte	.LVU849
 4156 0a93 90000000 		.4byte	.LBB445
 4157 0a97 06000000 		.4byte	.LBE445-.LBB445
 4158 0a9b 1E03     		.2byte	0x31e
 4159 0a9d 05       		.byte	0x5
 4160 0a9e F50A0000 		.4byte	0xaf5
 4161 0aa2 01       		.uleb128 0x1
ARM GAS  /tmp/ccUycNjg.s 			page 74


 4162 0aa3 99200000 		.4byte	0x2099
 4163 0aa7 90000000 		.4byte	.LBI446
 4164 0aab 03       		.byte	.LVU851
 4165 0aac 90000000 		.4byte	.LBB446
 4166 0ab0 06000000 		.4byte	.LBE446-.LBB446
 4167 0ab4 02       		.byte	0x2
 4168 0ab5 F801     		.2byte	0x1f8
 4169 0ab7 03       		.byte	0x3
 4170 0ab8 01       		.uleb128 0x1
 4171 0ab9 FE200000 		.4byte	0x20fe
 4172 0abd 90000000 		.4byte	.LBI448
 4173 0ac1 0A       		.byte	.LVU858
 4174 0ac2 90000000 		.4byte	.LBB448
 4175 0ac6 06000000 		.4byte	.LBE448-.LBB448
 4176 0aca 05       		.byte	0x5
 4177 0acb 8F01     		.2byte	0x18f
 4178 0acd 03       		.byte	0x3
 4179 0ace 01       		.uleb128 0x1
 4180 0acf 0E210000 		.4byte	0x210e
 4181 0ad3 90000000 		.4byte	.LBI449
 4182 0ad7 0C       		.byte	.LVU860
 4183 0ad8 90000000 		.4byte	.LBB449
 4184 0adc 06000000 		.4byte	.LBE449-.LBB449
 4185 0ae0 06       		.byte	0x6
 4186 0ae1 7702     		.2byte	0x277
 4187 0ae3 03       		.byte	0x3
 4188 0ae4 02       		.uleb128 0x2
 4189 0ae5 1B210000 		.4byte	0x211b
 4190 0ae9 D8010000 		.4byte	.LLST104
 4191 0aed D6010000 		.4byte	.LVUS104
 4192 0af1 00       		.byte	0
 4193 0af2 00       		.byte	0
 4194 0af3 00       		.byte	0
 4195 0af4 00       		.byte	0
 4196 0af5 06       		.uleb128 0x6
 4197 0af6 6B200000 		.4byte	0x206b
 4198 0afa 9A000000 		.4byte	.LBI451
 4199 0afe 01       		.byte	.LVU866
 4200 0aff 9A000000 		.4byte	.LBB451
 4201 0b03 06000000 		.4byte	.LBE451-.LBB451
 4202 0b07 2203     		.2byte	0x322
 4203 0b09 05       		.byte	0x5
 4204 0b0a 610B0000 		.4byte	0xb61
 4205 0b0e 01       		.uleb128 0x1
 4206 0b0f C5200000 		.4byte	0x20c5
 4207 0b13 9A000000 		.4byte	.LBI453
 4208 0b17 03       		.byte	.LVU868
 4209 0b18 9A000000 		.4byte	.LBB453
 4210 0b1c 06000000 		.4byte	.LBE453-.LBB453
 4211 0b20 02       		.byte	0x2
 4212 0b21 ED01     		.2byte	0x1ed
 4213 0b23 03       		.byte	0x3
 4214 0b24 01       		.uleb128 0x1
 4215 0b25 06210000 		.4byte	0x2106
 4216 0b29 9A000000 		.4byte	.LBI454
 4217 0b2d 05       		.byte	.LVU870
 4218 0b2e 9A000000 		.4byte	.LBB454
ARM GAS  /tmp/ccUycNjg.s 			page 75


 4219 0b32 06000000 		.4byte	.LBE454-.LBB454
 4220 0b36 05       		.byte	0x5
 4221 0b37 7801     		.2byte	0x178
 4222 0b39 03       		.byte	0x3
 4223 0b3a 01       		.uleb128 0x1
 4224 0b3b 0E210000 		.4byte	0x210e
 4225 0b3f 9A000000 		.4byte	.LBI455
 4226 0b43 07       		.byte	.LVU872
 4227 0b44 9A000000 		.4byte	.LBB455
 4228 0b48 06000000 		.4byte	.LBE455-.LBB455
 4229 0b4c 06       		.byte	0x6
 4230 0b4d 6402     		.2byte	0x264
 4231 0b4f 03       		.byte	0x3
 4232 0b50 02       		.uleb128 0x2
 4233 0b51 1B210000 		.4byte	0x211b
 4234 0b55 E4010000 		.4byte	.LLST105
 4235 0b59 E2010000 		.4byte	.LVUS105
 4236 0b5d 00       		.byte	0
 4237 0b5e 00       		.byte	0
 4238 0b5f 00       		.byte	0
 4239 0b60 00       		.byte	0
 4240 0b61 24       		.uleb128 0x24
 4241 0b62 CC000000 		.4byte	.LVL146
 4242 0b66 29210000 		.4byte	0x2129
 4243 0b6a 7B0B0000 		.4byte	0xb7b
 4244 0b6e 04       		.uleb128 0x4
 4245 0b6f 01       		.uleb128 0x1
 4246 0b70 51       		.byte	0x51
 4247 0b71 02       		.uleb128 0x2
 4248 0b72 76       		.byte	0x76
 4249 0b73 00       		.sleb128 0
 4250 0b74 04       		.uleb128 0x4
 4251 0b75 01       		.uleb128 0x1
 4252 0b76 52       		.byte	0x52
 4253 0b77 02       		.uleb128 0x2
 4254 0b78 7A       		.byte	0x7a
 4255 0b79 00       		.sleb128 0
 4256 0b7a 00       		.byte	0
 4257 0b7b 09       		.uleb128 0x9
 4258 0b7c E2000000 		.4byte	.LVL150
 4259 0b80 3C0E0000 		.4byte	0xe3c
 4260 0b84 04       		.uleb128 0x4
 4261 0b85 01       		.uleb128 0x1
 4262 0b86 50       		.byte	0x50
 4263 0b87 02       		.uleb128 0x2
 4264 0b88 74       		.byte	0x74
 4265 0b89 00       		.sleb128 0
 4266 0b8a 00       		.byte	0
 4267 0b8b 00       		.byte	0
 4268 0b8c 06       		.uleb128 0x6
 4269 0b8d 6B200000 		.4byte	0x206b
 4270 0b91 0C000000 		.4byte	.LBI413
 4271 0b95 06       		.byte	.LVU751
 4272 0b96 0C000000 		.4byte	.LBB413
 4273 0b9a 06000000 		.4byte	.LBE413-.LBB413
 4274 0b9e DD02     		.2byte	0x2dd
 4275 0ba0 03       		.byte	0x3
ARM GAS  /tmp/ccUycNjg.s 			page 76


 4276 0ba1 F80B0000 		.4byte	0xbf8
 4277 0ba5 01       		.uleb128 0x1
 4278 0ba6 C5200000 		.4byte	0x20c5
 4279 0baa 0C000000 		.4byte	.LBI414
 4280 0bae 08       		.byte	.LVU753
 4281 0baf 0C000000 		.4byte	.LBB414
 4282 0bb3 06000000 		.4byte	.LBE414-.LBB414
 4283 0bb7 02       		.byte	0x2
 4284 0bb8 ED01     		.2byte	0x1ed
 4285 0bba 03       		.byte	0x3
 4286 0bbb 01       		.uleb128 0x1
 4287 0bbc 06210000 		.4byte	0x2106
 4288 0bc0 0C000000 		.4byte	.LBI415
 4289 0bc4 0A       		.byte	.LVU755
 4290 0bc5 0C000000 		.4byte	.LBB415
 4291 0bc9 06000000 		.4byte	.LBE415-.LBB415
 4292 0bcd 05       		.byte	0x5
 4293 0bce 7801     		.2byte	0x178
 4294 0bd0 03       		.byte	0x3
 4295 0bd1 01       		.uleb128 0x1
 4296 0bd2 0E210000 		.4byte	0x210e
 4297 0bd6 0C000000 		.4byte	.LBI416
 4298 0bda 0C       		.byte	.LVU757
 4299 0bdb 0C000000 		.4byte	.LBB416
 4300 0bdf 06000000 		.4byte	.LBE416-.LBB416
 4301 0be3 06       		.byte	0x6
 4302 0be4 6402     		.2byte	0x264
 4303 0be6 03       		.byte	0x3
 4304 0be7 02       		.uleb128 0x2
 4305 0be8 1B210000 		.4byte	0x211b
 4306 0bec F1010000 		.4byte	.LLST95
 4307 0bf0 EF010000 		.4byte	.LVUS95
 4308 0bf4 00       		.byte	0
 4309 0bf5 00       		.byte	0
 4310 0bf6 00       		.byte	0
 4311 0bf7 00       		.byte	0
 4312 0bf8 01       		.uleb128 0x1
 4313 0bf9 55200000 		.4byte	0x2055
 4314 0bfd 12000000 		.4byte	.LBI418
 4315 0c01 04       		.byte	.LVU764
 4316 0c02 12000000 		.4byte	.LBB418
 4317 0c06 06000000 		.4byte	.LBE418-.LBB418
 4318 0c0a 01       		.byte	0x1
 4319 0c0b E002     		.2byte	0x2e0
 4320 0c0d 0E       		.byte	0xe
 4321 0c0e 01       		.uleb128 0x1
 4322 0c0f 8E200000 		.4byte	0x208e
 4323 0c13 12000000 		.4byte	.LBI419
 4324 0c17 06       		.byte	.LVU766
 4325 0c18 12000000 		.4byte	.LBB419
 4326 0c1c 06000000 		.4byte	.LBE419-.LBB419
 4327 0c20 02       		.byte	0x2
 4328 0c21 6A02     		.2byte	0x26a
 4329 0c23 0A       		.byte	0xa
 4330 0c24 16       		.uleb128 0x16
 4331 0c25 E8200000 		.4byte	0x20e8
 4332 0c29 12000000 		.4byte	.LBI420
ARM GAS  /tmp/ccUycNjg.s 			page 77


 4333 0c2d 08       		.byte	.LVU768
 4334 0c2e 12000000 		.4byte	.LBB420
 4335 0c32 06000000 		.4byte	.LBE420-.LBB420
 4336 0c36 08       		.byte	0x8
 4337 0c37 E9       		.byte	0xe9
 4338 0c38 0A       		.byte	0xa
 4339 0c39 21       		.uleb128 0x21
 4340 0c3a F3200000 		.4byte	0x20f3
 4341 0c3e 12000000 		.4byte	.LBI421
 4342 0c42 0A       		.byte	.LVU770
 4343 0c43 12000000 		.4byte	.LBB421
 4344 0c47 06000000 		.4byte	.LBE421-.LBB421
 4345 0c4b 00       		.byte	0
 4346 0c4c 00       		.byte	0
 4347 0c4d 00       		.byte	0
 4348 0c4e 00       		.byte	0
 4349 0c4f 10       		.uleb128 0x10
 4350 0c50 8D000000 		.4byte	0x8d
 4351 0c54 5F0C0000 		.4byte	0xc5f
 4352 0c58 11       		.uleb128 0x11
 4353 0c59 2D000000 		.4byte	0x2d
 4354 0c5d 0F       		.byte	0xf
 4355 0c5e 00       		.byte	0
 4356 0c5f 0E       		.uleb128 0xe
 4357 0c60 4F0C0000 		.4byte	0xc4f
 4358 0c64 14       		.uleb128 0x14
 4359 0c65 FD040000 		.4byte	.LASF84
 4360 0c69 A402     		.2byte	0x2a4
 4361 0c6b 07       		.byte	0x7
 4362 0c6c 01010000 		.4byte	0x101
 4363 0c70 00000000 		.4byte	.LFB251
 4364 0c74 46000000 		.4byte	.LFE251-.LFB251
 4365 0c78 01       		.uleb128 0x1
 4366 0c79 9C       		.byte	0x9c
 4367 0c7a 3C0E0000 		.4byte	0xe3c
 4368 0c7e 05       		.uleb128 0x5
 4369 0c7f 6C060000 		.4byte	.LASF77
 4370 0c83 A402     		.2byte	0x2a4
 4371 0c85 2D       		.byte	0x2d
 4372 0c86 F5070000 		.4byte	0x7f5
 4373 0c8a 04020000 		.4byte	.LLST82
 4374 0c8e FC010000 		.4byte	.LVUS82
 4375 0c92 1B       		.uleb128 0x1b
 4376 0c93 6200     		.ascii	"b\000"
 4377 0c95 A402     		.2byte	0x2a4
 4378 0c97 3B       		.byte	0x3b
 4379 0c98 A3000000 		.4byte	0xa3
 4380 0c9c 26020000 		.4byte	.LLST83
 4381 0ca0 1E020000 		.4byte	.LVUS83
 4382 0ca4 05       		.uleb128 0x5
 4383 0ca5 5B020000 		.4byte	.LASF81
 4384 0ca9 A502     		.2byte	0x2a5
 4385 0cab 1F       		.byte	0x1f
 4386 0cac 0D010000 		.4byte	0x10d
 4387 0cb0 48020000 		.4byte	.LLST84
 4388 0cb4 40020000 		.4byte	.LVUS84
 4389 0cb8 15       		.uleb128 0x15
ARM GAS  /tmp/ccUycNjg.s 			page 78


 4390 0cb9 6D736700 		.ascii	"msg\000"
 4391 0cbd A602     		.2byte	0x2a6
 4392 0cbf 09       		.byte	0x9
 4393 0cc0 01010000 		.4byte	0x101
 4394 0cc4 76020000 		.4byte	.LLST85
 4395 0cc8 74020000 		.4byte	.LVUS85
 4396 0ccc 06       		.uleb128 0x6
 4397 0ccd 6B200000 		.4byte	0x206b
 4398 0cd1 06000000 		.4byte	.LBI396
 4399 0cd5 02       		.byte	.LVU678
 4400 0cd6 06000000 		.4byte	.LBB396
 4401 0cda 06000000 		.4byte	.LBE396-.LBB396
 4402 0cde A802     		.2byte	0x2a8
 4403 0ce0 03       		.byte	0x3
 4404 0ce1 380D0000 		.4byte	0xd38
 4405 0ce5 01       		.uleb128 0x1
 4406 0ce6 C5200000 		.4byte	0x20c5
 4407 0cea 06000000 		.4byte	.LBI397
 4408 0cee 04       		.byte	.LVU680
 4409 0cef 06000000 		.4byte	.LBB397
 4410 0cf3 06000000 		.4byte	.LBE397-.LBB397
 4411 0cf7 02       		.byte	0x2
 4412 0cf8 ED01     		.2byte	0x1ed
 4413 0cfa 03       		.byte	0x3
 4414 0cfb 01       		.uleb128 0x1
 4415 0cfc 06210000 		.4byte	0x2106
 4416 0d00 06000000 		.4byte	.LBI398
 4417 0d04 06       		.byte	.LVU682
 4418 0d05 06000000 		.4byte	.LBB398
 4419 0d09 06000000 		.4byte	.LBE398-.LBB398
 4420 0d0d 05       		.byte	0x5
 4421 0d0e 7801     		.2byte	0x178
 4422 0d10 03       		.byte	0x3
 4423 0d11 01       		.uleb128 0x1
 4424 0d12 0E210000 		.4byte	0x210e
 4425 0d16 06000000 		.4byte	.LBI399
 4426 0d1a 08       		.byte	.LVU684
 4427 0d1b 06000000 		.4byte	.LBB399
 4428 0d1f 06000000 		.4byte	.LBE399-.LBB399
 4429 0d23 06       		.byte	0x6
 4430 0d24 6402     		.2byte	0x264
 4431 0d26 03       		.byte	0x3
 4432 0d27 02       		.uleb128 0x2
 4433 0d28 1B210000 		.4byte	0x211b
 4434 0d2c 81020000 		.4byte	.LLST86
 4435 0d30 7F020000 		.4byte	.LVUS86
 4436 0d34 00       		.byte	0
 4437 0d35 00       		.byte	0
 4438 0d36 00       		.byte	0
 4439 0d37 00       		.byte	0
 4440 0d38 06       		.uleb128 0x6
 4441 0d39 63200000 		.4byte	0x2063
 4442 0d3d 20000000 		.4byte	.LBI401
 4443 0d41 01       		.byte	.LVU702
 4444 0d42 20000000 		.4byte	.LBB401
 4445 0d46 06000000 		.4byte	.LBE401-.LBB401
 4446 0d4a BD02     		.2byte	0x2bd
ARM GAS  /tmp/ccUycNjg.s 			page 79


 4447 0d4c 03       		.byte	0x3
 4448 0d4d A40D0000 		.4byte	0xda4
 4449 0d51 01       		.uleb128 0x1
 4450 0d52 99200000 		.4byte	0x2099
 4451 0d56 20000000 		.4byte	.LBI402
 4452 0d5a 03       		.byte	.LVU704
 4453 0d5b 20000000 		.4byte	.LBB402
 4454 0d5f 06000000 		.4byte	.LBE402-.LBB402
 4455 0d63 02       		.byte	0x2
 4456 0d64 F801     		.2byte	0x1f8
 4457 0d66 03       		.byte	0x3
 4458 0d67 01       		.uleb128 0x1
 4459 0d68 FE200000 		.4byte	0x20fe
 4460 0d6c 20000000 		.4byte	.LBI404
 4461 0d70 0A       		.byte	.LVU711
 4462 0d71 20000000 		.4byte	.LBB404
 4463 0d75 06000000 		.4byte	.LBE404-.LBB404
 4464 0d79 05       		.byte	0x5
 4465 0d7a 8F01     		.2byte	0x18f
 4466 0d7c 03       		.byte	0x3
 4467 0d7d 01       		.uleb128 0x1
 4468 0d7e 0E210000 		.4byte	0x210e
 4469 0d82 20000000 		.4byte	.LBI405
 4470 0d86 0C       		.byte	.LVU713
 4471 0d87 20000000 		.4byte	.LBB405
 4472 0d8b 06000000 		.4byte	.LBE405-.LBB405
 4473 0d8f 06       		.byte	0x6
 4474 0d90 7702     		.2byte	0x277
 4475 0d92 03       		.byte	0x3
 4476 0d93 02       		.uleb128 0x2
 4477 0d94 1B210000 		.4byte	0x211b
 4478 0d98 8E020000 		.4byte	.LLST87
 4479 0d9c 8C020000 		.4byte	.LVUS87
 4480 0da0 00       		.byte	0
 4481 0da1 00       		.byte	0
 4482 0da2 00       		.byte	0
 4483 0da3 00       		.byte	0
 4484 0da4 06       		.uleb128 0x6
 4485 0da5 63200000 		.4byte	0x2063
 4486 0da9 32000000 		.4byte	.LBI407
 4487 0dad 01       		.byte	.LVU724
 4488 0dae 32000000 		.4byte	.LBB407
 4489 0db2 06000000 		.4byte	.LBE407-.LBB407
 4490 0db6 AE02     		.2byte	0x2ae
 4491 0db8 07       		.byte	0x7
 4492 0db9 100E0000 		.4byte	0xe10
 4493 0dbd 01       		.uleb128 0x1
 4494 0dbe 99200000 		.4byte	0x2099
 4495 0dc2 32000000 		.4byte	.LBI408
 4496 0dc6 03       		.byte	.LVU726
 4497 0dc7 32000000 		.4byte	.LBB408
 4498 0dcb 06000000 		.4byte	.LBE408-.LBB408
 4499 0dcf 02       		.byte	0x2
 4500 0dd0 F801     		.2byte	0x1f8
 4501 0dd2 03       		.byte	0x3
 4502 0dd3 01       		.uleb128 0x1
 4503 0dd4 FE200000 		.4byte	0x20fe
ARM GAS  /tmp/ccUycNjg.s 			page 80


 4504 0dd8 32000000 		.4byte	.LBI410
 4505 0ddc 0A       		.byte	.LVU733
 4506 0ddd 32000000 		.4byte	.LBB410
 4507 0de1 06000000 		.4byte	.LBE410-.LBB410
 4508 0de5 05       		.byte	0x5
 4509 0de6 8F01     		.2byte	0x18f
 4510 0de8 03       		.byte	0x3
 4511 0de9 01       		.uleb128 0x1
 4512 0dea 0E210000 		.4byte	0x210e
 4513 0dee 32000000 		.4byte	.LBI411
 4514 0df2 0C       		.byte	.LVU735
 4515 0df3 32000000 		.4byte	.LBB411
 4516 0df7 06000000 		.4byte	.LBE411-.LBB411
 4517 0dfb 06       		.byte	0x6
 4518 0dfc 7702     		.2byte	0x277
 4519 0dfe 03       		.byte	0x3
 4520 0dff 02       		.uleb128 0x2
 4521 0e00 1B210000 		.4byte	0x211b
 4522 0e04 9A020000 		.4byte	.LLST88
 4523 0e08 98020000 		.4byte	.LVUS88
 4524 0e0c 00       		.byte	0
 4525 0e0d 00       		.byte	0
 4526 0e0e 00       		.byte	0
 4527 0e0f 00       		.byte	0
 4528 0e10 24       		.uleb128 0x24
 4529 0e11 2E000000 		.4byte	.LVL116
 4530 0e15 E70F0000 		.4byte	0xfe7
 4531 0e19 2B0E0000 		.4byte	0xe2b
 4532 0e1d 04       		.uleb128 0x4
 4533 0e1e 01       		.uleb128 0x1
 4534 0e1f 51       		.byte	0x51
 4535 0e20 09       		.uleb128 0x9
 4536 0e21 A3       		.byte	0xa3
 4537 0e22 03       		.uleb128 0x3
 4538 0e23 A5       		.byte	0xa5
 4539 0e24 02       		.uleb128 0x2
 4540 0e25 26       		.uleb128 0x26
 4541 0e26 A8       		.byte	0xa8
 4542 0e27 2D       		.uleb128 0x2d
 4543 0e28 A8       		.byte	0xa8
 4544 0e29 00       		.uleb128 0
 4545 0e2a 00       		.byte	0
 4546 0e2b 09       		.uleb128 0x9
 4547 0e2c 44000000 		.4byte	.LVL120
 4548 0e30 3C0E0000 		.4byte	0xe3c
 4549 0e34 04       		.uleb128 0x4
 4550 0e35 01       		.uleb128 0x1
 4551 0e36 50       		.byte	0x50
 4552 0e37 02       		.uleb128 0x2
 4553 0e38 74       		.byte	0x74
 4554 0e39 00       		.sleb128 0
 4555 0e3a 00       		.byte	0
 4556 0e3b 00       		.byte	0
 4557 0e3c 18       		.uleb128 0x18
 4558 0e3d 8A020000 		.4byte	.LASF86
 4559 0e41 7802     		.2byte	0x278
 4560 0e43 06       		.byte	0x6
ARM GAS  /tmp/ccUycNjg.s 			page 81


 4561 0e44 00000000 		.4byte	.LFB250
 4562 0e48 2A000000 		.4byte	.LFE250-.LFB250
 4563 0e4c 01       		.uleb128 0x1
 4564 0e4d 9C       		.byte	0x9c
 4565 0e4e 970E0000 		.4byte	0xe97
 4566 0e52 05       		.uleb128 0x5
 4567 0e53 6C060000 		.4byte	.LASF77
 4568 0e57 7802     		.2byte	0x278
 4569 0e59 31       		.byte	0x31
 4570 0e5a F5070000 		.4byte	0x7f5
 4571 0e5e A8020000 		.4byte	.LLST76
 4572 0e62 A4020000 		.4byte	.LVUS76
 4573 0e66 05       		.uleb128 0x5
 4574 0e67 76020000 		.4byte	.LASF78
 4575 0e6b 7802     		.2byte	0x278
 4576 0e6d 3E       		.byte	0x3e
 4577 0e6e 3B000000 		.4byte	0x3b
 4578 0e72 C5020000 		.4byte	.LLST77
 4579 0e76 C1020000 		.4byte	.LVUS77
 4580 0e7a 0D       		.uleb128 0xd
 4581 0e7b 10050000 		.4byte	.LASF87
 4582 0e7f A70E0000 		.4byte	0xea7
 4583 0e83 2A       		.uleb128 0x2a
 4584 0e84 28000000 		.4byte	.LVL102
 4585 0e88 04       		.uleb128 0x4
 4586 0e89 01       		.uleb128 0x1
 4587 0e8a 50       		.byte	0x50
 4588 0e8b 09       		.uleb128 0x9
 4589 0e8c A3       		.byte	0xa3
 4590 0e8d 03       		.uleb128 0x3
 4591 0e8e A5       		.byte	0xa5
 4592 0e8f 00       		.uleb128 0
 4593 0e90 26       		.uleb128 0x26
 4594 0e91 A8       		.byte	0xa8
 4595 0e92 2D       		.uleb128 0x2d
 4596 0e93 A8       		.byte	0xa8
 4597 0e94 00       		.uleb128 0
 4598 0e95 00       		.byte	0
 4599 0e96 00       		.byte	0
 4600 0e97 10       		.uleb128 0x10
 4601 0e98 8D000000 		.4byte	0x8d
 4602 0e9c A70E0000 		.4byte	0xea7
 4603 0ea0 11       		.uleb128 0x11
 4604 0ea1 2D000000 		.4byte	0x2d
 4605 0ea5 12       		.byte	0x12
 4606 0ea6 00       		.byte	0
 4607 0ea7 0E       		.uleb128 0xe
 4608 0ea8 970E0000 		.4byte	0xe97
 4609 0eac 18       		.uleb128 0x18
 4610 0ead A5050000 		.4byte	.LASF88
 4611 0eb1 6802     		.2byte	0x268
 4612 0eb3 06       		.byte	0x6
 4613 0eb4 00000000 		.4byte	.LFB249
 4614 0eb8 14000000 		.4byte	.LFE249-.LFB249
 4615 0ebc 01       		.uleb128 0x1
 4616 0ebd 9C       		.byte	0x9c
 4617 0ebe E70F0000 		.4byte	0xfe7
ARM GAS  /tmp/ccUycNjg.s 			page 82


 4618 0ec2 05       		.uleb128 0x5
 4619 0ec3 6C060000 		.4byte	.LASF77
 4620 0ec7 6802     		.2byte	0x268
 4621 0ec9 30       		.byte	0x30
 4622 0eca F5070000 		.4byte	0x7f5
 4623 0ece E2020000 		.4byte	.LLST78
 4624 0ed2 DE020000 		.4byte	.LVUS78
 4625 0ed6 05       		.uleb128 0x5
 4626 0ed7 76020000 		.4byte	.LASF78
 4627 0edb 6802     		.2byte	0x268
 4628 0edd 3D       		.byte	0x3d
 4629 0ede 3B000000 		.4byte	0x3b
 4630 0ee2 FF020000 		.4byte	.LLST79
 4631 0ee6 FB020000 		.4byte	.LVUS79
 4632 0eea 06       		.uleb128 0x6
 4633 0eeb 6B200000 		.4byte	0x206b
 4634 0eef 02000000 		.4byte	.LBI385
 4635 0ef3 01       		.byte	.LVU646
 4636 0ef4 02000000 		.4byte	.LBB385
 4637 0ef8 06000000 		.4byte	.LBE385-.LBB385
 4638 0efc 6A02     		.2byte	0x26a
 4639 0efe 03       		.byte	0x3
 4640 0eff 560F0000 		.4byte	0xf56
 4641 0f03 01       		.uleb128 0x1
 4642 0f04 C5200000 		.4byte	0x20c5
 4643 0f08 02000000 		.4byte	.LBI386
 4644 0f0c 03       		.byte	.LVU648
 4645 0f0d 02000000 		.4byte	.LBB386
 4646 0f11 06000000 		.4byte	.LBE386-.LBB386
 4647 0f15 02       		.byte	0x2
 4648 0f16 ED01     		.2byte	0x1ed
 4649 0f18 03       		.byte	0x3
 4650 0f19 01       		.uleb128 0x1
 4651 0f1a 06210000 		.4byte	0x2106
 4652 0f1e 02000000 		.4byte	.LBI387
 4653 0f22 05       		.byte	.LVU650
 4654 0f23 02000000 		.4byte	.LBB387
 4655 0f27 06000000 		.4byte	.LBE387-.LBB387
 4656 0f2b 05       		.byte	0x5
 4657 0f2c 7801     		.2byte	0x178
 4658 0f2e 03       		.byte	0x3
 4659 0f2f 01       		.uleb128 0x1
 4660 0f30 0E210000 		.4byte	0x210e
 4661 0f34 02000000 		.4byte	.LBI388
 4662 0f38 07       		.byte	.LVU652
 4663 0f39 02000000 		.4byte	.LBB388
 4664 0f3d 06000000 		.4byte	.LBE388-.LBB388
 4665 0f41 06       		.byte	0x6
 4666 0f42 6402     		.2byte	0x264
 4667 0f44 03       		.byte	0x3
 4668 0f45 02       		.uleb128 0x2
 4669 0f46 1B210000 		.4byte	0x211b
 4670 0f4a 1A030000 		.4byte	.LLST80
 4671 0f4e 18030000 		.4byte	.LVUS80
 4672 0f52 00       		.byte	0
 4673 0f53 00       		.byte	0
 4674 0f54 00       		.byte	0
ARM GAS  /tmp/ccUycNjg.s 			page 83


 4675 0f55 00       		.byte	0
 4676 0f56 06       		.uleb128 0x6
 4677 0f57 63200000 		.4byte	0x2063
 4678 0f5b 0C000000 		.4byte	.LBI390
 4679 0f5f 01       		.byte	.LVU659
 4680 0f60 0C000000 		.4byte	.LBB390
 4681 0f64 06000000 		.4byte	.LBE390-.LBB390
 4682 0f68 6C02     		.2byte	0x26c
 4683 0f6a 03       		.byte	0x3
 4684 0f6b C20F0000 		.4byte	0xfc2
 4685 0f6f 01       		.uleb128 0x1
 4686 0f70 99200000 		.4byte	0x2099
 4687 0f74 0C000000 		.4byte	.LBI391
 4688 0f78 03       		.byte	.LVU661
 4689 0f79 0C000000 		.4byte	.LBB391
 4690 0f7d 06000000 		.4byte	.LBE391-.LBB391
 4691 0f81 02       		.byte	0x2
 4692 0f82 F801     		.2byte	0x1f8
 4693 0f84 03       		.byte	0x3
 4694 0f85 01       		.uleb128 0x1
 4695 0f86 FE200000 		.4byte	0x20fe
 4696 0f8a 0C000000 		.4byte	.LBI393
 4697 0f8e 0A       		.byte	.LVU668
 4698 0f8f 0C000000 		.4byte	.LBB393
 4699 0f93 06000000 		.4byte	.LBE393-.LBB393
 4700 0f97 05       		.byte	0x5
 4701 0f98 8F01     		.2byte	0x18f
 4702 0f9a 03       		.byte	0x3
 4703 0f9b 01       		.uleb128 0x1
 4704 0f9c 0E210000 		.4byte	0x210e
 4705 0fa0 0C000000 		.4byte	.LBI394
 4706 0fa4 0C       		.byte	.LVU670
 4707 0fa5 0C000000 		.4byte	.LBB394
 4708 0fa9 06000000 		.4byte	.LBE394-.LBB394
 4709 0fad 06       		.byte	0x6
 4710 0fae 7702     		.2byte	0x277
 4711 0fb0 03       		.byte	0x3
 4712 0fb1 02       		.uleb128 0x2
 4713 0fb2 1B210000 		.4byte	0x211b
 4714 0fb6 27030000 		.4byte	.LLST81
 4715 0fba 25030000 		.4byte	.LVUS81
 4716 0fbe 00       		.byte	0
 4717 0fbf 00       		.byte	0
 4718 0fc0 00       		.byte	0
 4719 0fc1 00       		.byte	0
 4720 0fc2 09       		.uleb128 0x9
 4721 0fc3 0C000000 		.4byte	.LVL106
 4722 0fc7 3C0E0000 		.4byte	0xe3c
 4723 0fcb 04       		.uleb128 0x4
 4724 0fcc 01       		.uleb128 0x1
 4725 0fcd 50       		.byte	0x50
 4726 0fce 09       		.uleb128 0x9
 4727 0fcf A3       		.byte	0xa3
 4728 0fd0 03       		.uleb128 0x3
 4729 0fd1 A5       		.byte	0xa5
 4730 0fd2 00       		.uleb128 0
 4731 0fd3 26       		.uleb128 0x26
ARM GAS  /tmp/ccUycNjg.s 			page 84


 4732 0fd4 A8       		.byte	0xa8
 4733 0fd5 2D       		.uleb128 0x2d
 4734 0fd6 A8       		.byte	0xa8
 4735 0fd7 00       		.uleb128 0
 4736 0fd8 04       		.uleb128 0x4
 4737 0fd9 01       		.uleb128 0x1
 4738 0fda 51       		.byte	0x51
 4739 0fdb 09       		.uleb128 0x9
 4740 0fdc A3       		.byte	0xa3
 4741 0fdd 03       		.uleb128 0x3
 4742 0fde A5       		.byte	0xa5
 4743 0fdf 01       		.uleb128 0x1
 4744 0fe0 26       		.uleb128 0x26
 4745 0fe1 A8       		.byte	0xa8
 4746 0fe2 2D       		.uleb128 0x2d
 4747 0fe3 A8       		.byte	0xa8
 4748 0fe4 00       		.uleb128 0
 4749 0fe5 00       		.byte	0
 4750 0fe6 00       		.byte	0
 4751 0fe7 14       		.uleb128 0x14
 4752 0fe8 2A070000 		.4byte	.LASF89
 4753 0fec 4A02     		.2byte	0x24a
 4754 0fee 09       		.byte	0x9
 4755 0fef 01010000 		.4byte	0x101
 4756 0ff3 00000000 		.4byte	.LFB248
 4757 0ff7 28000000 		.4byte	.LFE248-.LFB248
 4758 0ffb 01       		.uleb128 0x1
 4759 0ffc 9C       		.byte	0x9c
 4760 0ffd 98100000 		.4byte	0x1098
 4761 1001 05       		.uleb128 0x5
 4762 1002 6C060000 		.4byte	.LASF77
 4763 1006 4A02     		.2byte	0x24a
 4764 1008 3B       		.byte	0x3b
 4765 1009 F5070000 		.4byte	0x7f5
 4766 100d 35030000 		.4byte	.LLST66
 4767 1011 31030000 		.4byte	.LVUS66
 4768 1015 05       		.uleb128 0x5
 4769 1016 5B020000 		.4byte	.LASF81
 4770 101a 4B02     		.2byte	0x24b
 4771 101c 2D       		.byte	0x2d
 4772 101d 0D010000 		.4byte	0x10d
 4773 1021 49030000 		.4byte	.LLST67
 4774 1025 45030000 		.4byte	.LVUS67
 4775 1029 0D       		.uleb128 0xd
 4776 102a 10050000 		.4byte	.LASF87
 4777 102e A8100000 		.4byte	0x10a8
 4778 1032 2B       		.uleb128 0x2b
 4779 1033 0A000000 		.4byte	.LBB371
 4780 1037 0E000000 		.4byte	.LBE371-.LBB371
 4781 103b 15       		.uleb128 0x15
 4782 103c 6D736700 		.ascii	"msg\000"
 4783 1040 5002     		.2byte	0x250
 4784 1042 0B       		.byte	0xb
 4785 1043 01010000 		.4byte	0x101
 4786 1047 5B030000 		.4byte	.LLST68
 4787 104b 59030000 		.4byte	.LVUS68
 4788 104f 01       		.uleb128 0x1
ARM GAS  /tmp/ccUycNjg.s 			page 85


 4789 1050 0D200000 		.4byte	0x200d
 4790 1054 0A000000 		.4byte	.LBI372
 4791 1058 01       		.byte	.LVU554
 4792 1059 0A000000 		.4byte	.LBB372
 4793 105d 08000000 		.4byte	.LBE372-.LBB372
 4794 1061 01       		.byte	0x1
 4795 1062 5002     		.2byte	0x250
 4796 1064 11       		.byte	0x11
 4797 1065 02       		.uleb128 0x2
 4798 1066 2C200000 		.4byte	0x202c
 4799 106a 66030000 		.4byte	.LLST69
 4800 106e 64030000 		.4byte	.LVUS69
 4801 1072 02       		.uleb128 0x2
 4802 1073 1F200000 		.4byte	0x201f
 4803 1077 71030000 		.4byte	.LLST70
 4804 107b 6F030000 		.4byte	.LVUS70
 4805 107f 09       		.uleb128 0x9
 4806 1080 12000000 		.4byte	.LVL94
 4807 1084 85060000 		.4byte	0x685
 4808 1088 04       		.uleb128 0x4
 4809 1089 01       		.uleb128 0x1
 4810 108a 50       		.byte	0x50
 4811 108b 02       		.uleb128 0x2
 4812 108c 74       		.byte	0x74
 4813 108d 00       		.sleb128 0
 4814 108e 04       		.uleb128 0x4
 4815 108f 01       		.uleb128 0x1
 4816 1090 51       		.byte	0x51
 4817 1091 02       		.uleb128 0x2
 4818 1092 75       		.byte	0x75
 4819 1093 00       		.sleb128 0
 4820 1094 00       		.byte	0
 4821 1095 00       		.byte	0
 4822 1096 00       		.byte	0
 4823 1097 00       		.byte	0
 4824 1098 10       		.uleb128 0x10
 4825 1099 8D000000 		.4byte	0x8d
 4826 109d A8100000 		.4byte	0x10a8
 4827 10a1 11       		.uleb128 0x11
 4828 10a2 2D000000 		.4byte	0x2d
 4829 10a6 19       		.byte	0x19
 4830 10a7 00       		.byte	0
 4831 10a8 0E       		.uleb128 0xe
 4832 10a9 98100000 		.4byte	0x1098
 4833 10ad 14       		.uleb128 0x14
 4834 10ae 7F060000 		.4byte	.LASF90
 4835 10b2 2B02     		.2byte	0x22b
 4836 10b4 07       		.byte	0x7
 4837 10b5 01010000 		.4byte	0x101
 4838 10b9 00000000 		.4byte	.LFB247
 4839 10bd 14000000 		.4byte	.LFE247-.LFB247
 4840 10c1 01       		.uleb128 0x1
 4841 10c2 9C       		.byte	0x9c
 4842 10c3 00120000 		.4byte	0x1200
 4843 10c7 05       		.uleb128 0x5
 4844 10c8 6C060000 		.4byte	.LASF77
 4845 10cc 2B02     		.2byte	0x22b
ARM GAS  /tmp/ccUycNjg.s 			page 86


 4846 10ce 38       		.byte	0x38
 4847 10cf F5070000 		.4byte	0x7f5
 4848 10d3 7E030000 		.4byte	.LLST71
 4849 10d7 7A030000 		.4byte	.LVUS71
 4850 10db 05       		.uleb128 0x5
 4851 10dc 5B020000 		.4byte	.LASF81
 4852 10e0 2C02     		.2byte	0x22c
 4853 10e2 2B       		.byte	0x2b
 4854 10e3 0D010000 		.4byte	0x10d
 4855 10e7 9B030000 		.4byte	.LLST72
 4856 10eb 97030000 		.4byte	.LVUS72
 4857 10ef 15       		.uleb128 0x15
 4858 10f0 6D736700 		.ascii	"msg\000"
 4859 10f4 2D02     		.2byte	0x22d
 4860 10f6 09       		.byte	0x9
 4861 10f7 01010000 		.4byte	0x101
 4862 10fb B6030000 		.4byte	.LLST73
 4863 10ff B4030000 		.4byte	.LVUS73
 4864 1103 06       		.uleb128 0x6
 4865 1104 6B200000 		.4byte	0x206b
 4866 1108 02000000 		.4byte	.LBI374
 4867 110c 02       		.byte	.LVU581
 4868 110d 02000000 		.4byte	.LBB374
 4869 1111 06000000 		.4byte	.LBE374-.LBB374
 4870 1115 2F02     		.2byte	0x22f
 4871 1117 03       		.byte	0x3
 4872 1118 6F110000 		.4byte	0x116f
 4873 111c 01       		.uleb128 0x1
 4874 111d C5200000 		.4byte	0x20c5
 4875 1121 02000000 		.4byte	.LBI375
 4876 1125 04       		.byte	.LVU583
 4877 1126 02000000 		.4byte	.LBB375
 4878 112a 06000000 		.4byte	.LBE375-.LBB375
 4879 112e 02       		.byte	0x2
 4880 112f ED01     		.2byte	0x1ed
 4881 1131 03       		.byte	0x3
 4882 1132 01       		.uleb128 0x1
 4883 1133 06210000 		.4byte	0x2106
 4884 1137 02000000 		.4byte	.LBI376
 4885 113b 06       		.byte	.LVU585
 4886 113c 02000000 		.4byte	.LBB376
 4887 1140 06000000 		.4byte	.LBE376-.LBB376
 4888 1144 05       		.byte	0x5
 4889 1145 7801     		.2byte	0x178
 4890 1147 03       		.byte	0x3
 4891 1148 01       		.uleb128 0x1
 4892 1149 0E210000 		.4byte	0x210e
 4893 114d 02000000 		.4byte	.LBI377
 4894 1151 08       		.byte	.LVU587
 4895 1152 02000000 		.4byte	.LBB377
 4896 1156 06000000 		.4byte	.LBE377-.LBB377
 4897 115a 06       		.byte	0x6
 4898 115b 6402     		.2byte	0x264
 4899 115d 03       		.byte	0x3
 4900 115e 02       		.uleb128 0x2
 4901 115f 1B210000 		.4byte	0x211b
 4902 1163 C1030000 		.4byte	.LLST74
ARM GAS  /tmp/ccUycNjg.s 			page 87


 4903 1167 BF030000 		.4byte	.LVUS74
 4904 116b 00       		.byte	0
 4905 116c 00       		.byte	0
 4906 116d 00       		.byte	0
 4907 116e 00       		.byte	0
 4908 116f 06       		.uleb128 0x6
 4909 1170 63200000 		.4byte	0x2063
 4910 1174 0C000000 		.4byte	.LBI379
 4911 1178 01       		.byte	.LVU595
 4912 1179 0C000000 		.4byte	.LBB379
 4913 117d 06000000 		.4byte	.LBE379-.LBB379
 4914 1181 3102     		.2byte	0x231
 4915 1183 03       		.byte	0x3
 4916 1184 DB110000 		.4byte	0x11db
 4917 1188 01       		.uleb128 0x1
 4918 1189 99200000 		.4byte	0x2099
 4919 118d 0C000000 		.4byte	.LBI380
 4920 1191 03       		.byte	.LVU597
 4921 1192 0C000000 		.4byte	.LBB380
 4922 1196 06000000 		.4byte	.LBE380-.LBB380
 4923 119a 02       		.byte	0x2
 4924 119b F801     		.2byte	0x1f8
 4925 119d 03       		.byte	0x3
 4926 119e 01       		.uleb128 0x1
 4927 119f FE200000 		.4byte	0x20fe
 4928 11a3 0C000000 		.4byte	.LBI382
 4929 11a7 0A       		.byte	.LVU604
 4930 11a8 0C000000 		.4byte	.LBB382
 4931 11ac 06000000 		.4byte	.LBE382-.LBB382
 4932 11b0 05       		.byte	0x5
 4933 11b1 8F01     		.2byte	0x18f
 4934 11b3 03       		.byte	0x3
 4935 11b4 01       		.uleb128 0x1
 4936 11b5 0E210000 		.4byte	0x210e
 4937 11b9 0C000000 		.4byte	.LBI383
 4938 11bd 0C       		.byte	.LVU606
 4939 11be 0C000000 		.4byte	.LBB383
 4940 11c2 06000000 		.4byte	.LBE383-.LBB383
 4941 11c6 06       		.byte	0x6
 4942 11c7 7702     		.2byte	0x277
 4943 11c9 03       		.byte	0x3
 4944 11ca 02       		.uleb128 0x2
 4945 11cb 1B210000 		.4byte	0x211b
 4946 11cf CE030000 		.4byte	.LLST75
 4947 11d3 CC030000 		.4byte	.LVUS75
 4948 11d7 00       		.byte	0
 4949 11d8 00       		.byte	0
 4950 11d9 00       		.byte	0
 4951 11da 00       		.byte	0
 4952 11db 09       		.uleb128 0x9
 4953 11dc 0C000000 		.4byte	.LVL99
 4954 11e0 E70F0000 		.4byte	0xfe7
 4955 11e4 04       		.uleb128 0x4
 4956 11e5 01       		.uleb128 0x1
 4957 11e6 50       		.byte	0x50
 4958 11e7 09       		.uleb128 0x9
 4959 11e8 A3       		.byte	0xa3
ARM GAS  /tmp/ccUycNjg.s 			page 88


 4960 11e9 03       		.uleb128 0x3
 4961 11ea A5       		.byte	0xa5
 4962 11eb 00       		.uleb128 0
 4963 11ec 26       		.uleb128 0x26
 4964 11ed A8       		.byte	0xa8
 4965 11ee 2D       		.uleb128 0x2d
 4966 11ef A8       		.byte	0xa8
 4967 11f0 00       		.uleb128 0
 4968 11f1 04       		.uleb128 0x4
 4969 11f2 01       		.uleb128 0x1
 4970 11f3 51       		.byte	0x51
 4971 11f4 09       		.uleb128 0x9
 4972 11f5 A3       		.byte	0xa3
 4973 11f6 03       		.uleb128 0x3
 4974 11f7 A5       		.byte	0xa5
 4975 11f8 01       		.uleb128 0x1
 4976 11f9 26       		.uleb128 0x26
 4977 11fa A8       		.byte	0xa8
 4978 11fb 2D       		.uleb128 0x2d
 4979 11fc A8       		.byte	0xa8
 4980 11fd 00       		.uleb128 0
 4981 11fe 00       		.byte	0
 4982 11ff 00       		.byte	0
 4983 1200 18       		.uleb128 0x18
 4984 1201 55060000 		.4byte	.LASF91
 4985 1205 0702     		.2byte	0x207
 4986 1207 06       		.byte	0x6
 4987 1208 00000000 		.4byte	.LFB246
 4988 120c 22000000 		.4byte	.LFE246-.LFB246
 4989 1210 01       		.uleb128 0x1
 4990 1211 9C       		.byte	0x9c
 4991 1212 81120000 		.4byte	0x1281
 4992 1216 05       		.uleb128 0x5
 4993 1217 6C060000 		.4byte	.LASF77
 4994 121b 0702     		.2byte	0x207
 4995 121d 35       		.byte	0x35
 4996 121e F5070000 		.4byte	0x7f5
 4997 1222 DC030000 		.4byte	.LLST63
 4998 1226 D8030000 		.4byte	.LVUS63
 4999 122a 0D       		.uleb128 0xd
 5000 122b 10050000 		.4byte	.LASF87
 5001 122f 91120000 		.4byte	0x1291
 5002 1233 01       		.uleb128 0x1
 5003 1234 E51F0000 		.4byte	0x1fe5
 5004 1238 1A000000 		.4byte	.LBI369
 5005 123c 01       		.byte	.LVU544
 5006 123d 1A000000 		.4byte	.LBB369
 5007 1241 06000000 		.4byte	.LBE369-.LBB369
 5008 1245 01       		.byte	0x1
 5009 1246 1402     		.2byte	0x214
 5010 1248 03       		.byte	0x3
 5011 1249 02       		.uleb128 0x2
 5012 124a FF1F0000 		.4byte	0x1fff
 5013 124e F7030000 		.4byte	.LLST64
 5014 1252 F5030000 		.4byte	.LVUS64
 5015 1256 02       		.uleb128 0x2
 5016 1257 F21F0000 		.4byte	0x1ff2
ARM GAS  /tmp/ccUycNjg.s 			page 89


 5017 125b 05040000 		.4byte	.LLST65
 5018 125f 01040000 		.4byte	.LVUS65
 5019 1263 09       		.uleb128 0x9
 5020 1264 20000000 		.4byte	.LVL90
 5021 1268 A4060000 		.4byte	0x6a4
 5022 126c 04       		.uleb128 0x4
 5023 126d 01       		.uleb128 0x1
 5024 126e 50       		.byte	0x50
 5025 126f 09       		.uleb128 0x9
 5026 1270 A3       		.byte	0xa3
 5027 1271 03       		.uleb128 0x3
 5028 1272 A5       		.byte	0xa5
 5029 1273 00       		.uleb128 0
 5030 1274 26       		.uleb128 0x26
 5031 1275 A8       		.byte	0xa8
 5032 1276 2D       		.uleb128 0x2d
 5033 1277 A8       		.byte	0xa8
 5034 1278 00       		.uleb128 0
 5035 1279 04       		.uleb128 0x4
 5036 127a 01       		.uleb128 0x1
 5037 127b 51       		.byte	0x51
 5038 127c 01       		.uleb128 0x1
 5039 127d 30       		.byte	0x30
 5040 127e 00       		.byte	0
 5041 127f 00       		.byte	0
 5042 1280 00       		.byte	0
 5043 1281 10       		.uleb128 0x10
 5044 1282 8D000000 		.4byte	0x8d
 5045 1286 91120000 		.4byte	0x1291
 5046 128a 11       		.uleb128 0x11
 5047 128b 2D000000 		.4byte	0x2d
 5048 128f 16       		.byte	0x16
 5049 1290 00       		.byte	0
 5050 1291 0E       		.uleb128 0xe
 5051 1292 81120000 		.4byte	0x1281
 5052 1296 14       		.uleb128 0x14
 5053 1297 DF000000 		.4byte	.LASF92
 5054 129b F101     		.2byte	0x1f1
 5055 129d 0A       		.byte	0xa
 5056 129e 67050000 		.4byte	0x567
 5057 12a2 00000000 		.4byte	.LFB245
 5058 12a6 1C000000 		.4byte	.LFE245-.LFB245
 5059 12aa 01       		.uleb128 0x1
 5060 12ab 9C       		.byte	0x9c
 5061 12ac D3120000 		.4byte	0x12d3
 5062 12b0 05       		.uleb128 0x5
 5063 12b1 6C060000 		.4byte	.LASF77
 5064 12b5 F101     		.2byte	0x1f1
 5065 12b7 34       		.byte	0x34
 5066 12b8 F5070000 		.4byte	0x7f5
 5067 12bc 26040000 		.4byte	.LLST62
 5068 12c0 1E040000 		.4byte	.LVUS62
 5069 12c4 2C       		.uleb128 0x2c
 5070 12c5 B2060000 		.4byte	.LASF95
 5071 12c9 F201     		.2byte	0x1f2
 5072 12cb 24       		.byte	0x24
 5073 12cc D3120000 		.4byte	0x12d3
ARM GAS  /tmp/ccUycNjg.s 			page 90


 5074 12d0 01       		.uleb128 0x1
 5075 12d1 51       		.byte	0x51
 5076 12d2 00       		.byte	0
 5077 12d3 0A       		.uleb128 0xa
 5078 12d4 3B000000 		.4byte	0x3b
 5079 12d8 18       		.uleb128 0x18
 5080 12d9 40040000 		.4byte	.LASF93
 5081 12dd DA01     		.2byte	0x1da
 5082 12df 06       		.byte	0x6
 5083 12e0 00000000 		.4byte	.LFB244
 5084 12e4 1C000000 		.4byte	.LFE244-.LFB244
 5085 12e8 01       		.uleb128 0x1
 5086 12e9 9C       		.byte	0x9c
 5087 12ea 51130000 		.4byte	0x1351
 5088 12ee 05       		.uleb128 0x5
 5089 12ef 6C060000 		.4byte	.LASF77
 5090 12f3 DA01     		.2byte	0x1da
 5091 12f5 28       		.byte	0x28
 5092 12f6 F5070000 		.4byte	0x7f5
 5093 12fa 56040000 		.4byte	.LLST59
 5094 12fe 52040000 		.4byte	.LVUS59
 5095 1302 01       		.uleb128 0x1
 5096 1303 BD1F0000 		.4byte	0x1fbd
 5097 1307 12000000 		.4byte	.LBI367
 5098 130b 01       		.byte	.LVU507
 5099 130c 12000000 		.4byte	.LBB367
 5100 1310 08000000 		.4byte	.LBE367-.LBB367
 5101 1314 01       		.byte	0x1
 5102 1315 E301     		.2byte	0x1e3
 5103 1317 03       		.byte	0x3
 5104 1318 02       		.uleb128 0x2
 5105 1319 D71F0000 		.4byte	0x1fd7
 5106 131d 71040000 		.4byte	.LLST60
 5107 1321 6F040000 		.4byte	.LVUS60
 5108 1325 02       		.uleb128 0x2
 5109 1326 CA1F0000 		.4byte	0x1fca
 5110 132a 80040000 		.4byte	.LLST61
 5111 132e 7C040000 		.4byte	.LVUS61
 5112 1332 09       		.uleb128 0x9
 5113 1333 1A000000 		.4byte	.LVL83
 5114 1337 B9060000 		.4byte	0x6b9
 5115 133b 04       		.uleb128 0x4
 5116 133c 01       		.uleb128 0x1
 5117 133d 50       		.byte	0x50
 5118 133e 09       		.uleb128 0x9
 5119 133f A3       		.byte	0xa3
 5120 1340 03       		.uleb128 0x3
 5121 1341 A5       		.byte	0xa5
 5122 1342 00       		.uleb128 0
 5123 1343 26       		.uleb128 0x26
 5124 1344 A8       		.byte	0xa8
 5125 1345 2D       		.uleb128 0x2d
 5126 1346 A8       		.byte	0xa8
 5127 1347 00       		.uleb128 0
 5128 1348 04       		.uleb128 0x4
 5129 1349 01       		.uleb128 0x1
 5130 134a 51       		.byte	0x51
ARM GAS  /tmp/ccUycNjg.s 			page 91


 5131 134b 02       		.uleb128 0x2
 5132 134c 09       		.byte	0x9
 5133 134d FE       		.byte	0xfe
 5134 134e 00       		.byte	0
 5135 134f 00       		.byte	0
 5136 1350 00       		.byte	0
 5137 1351 18       		.uleb128 0x18
 5138 1352 0F010000 		.4byte	.LASF94
 5139 1356 BB01     		.2byte	0x1bb
 5140 1358 06       		.byte	0x6
 5141 1359 00000000 		.4byte	.LFB243
 5142 135d 2E000000 		.4byte	.LFE243-.LFB243
 5143 1361 01       		.uleb128 0x1
 5144 1362 9C       		.byte	0x9c
 5145 1363 47140000 		.4byte	0x1447
 5146 1367 2C       		.uleb128 0x2c
 5147 1368 6C060000 		.4byte	.LASF77
 5148 136c BB01     		.2byte	0x1bb
 5149 136e 2C       		.byte	0x2c
 5150 136f F5070000 		.4byte	0x7f5
 5151 1373 01       		.uleb128 0x1
 5152 1374 50       		.byte	0x50
 5153 1375 39       		.uleb128 0x39
 5154 1376 627000   		.ascii	"bp\000"
 5155 1379 01       		.byte	0x1
 5156 137a BB01     		.2byte	0x1bb
 5157 137c 3B       		.byte	0x3b
 5158 137d 67050000 		.4byte	0x567
 5159 1381 01       		.uleb128 0x1
 5160 1382 51       		.byte	0x51
 5161 1383 05       		.uleb128 0x5
 5162 1384 76020000 		.4byte	.LASF78
 5163 1388 BC01     		.2byte	0x1bc
 5164 138a 1B       		.byte	0x1b
 5165 138b 3B000000 		.4byte	0x3b
 5166 138f 9D040000 		.4byte	.LLST52
 5167 1393 99040000 		.4byte	.LVUS52
 5168 1397 1B       		.uleb128 0x1b
 5169 1398 6E00     		.ascii	"n\000"
 5170 139a BC01     		.2byte	0x1bc
 5171 139c 28       		.byte	0x28
 5172 139d 3B000000 		.4byte	0x3b
 5173 13a1 B3040000 		.4byte	.LLST53
 5174 13a5 AF040000 		.4byte	.LVUS53
 5175 13a9 05       		.uleb128 0x5
 5176 13aa 13000000 		.4byte	.LASF96
 5177 13ae BD01     		.2byte	0x1bd
 5178 13b0 1F       		.byte	0x1f
 5179 13b1 27060000 		.4byte	0x627
 5180 13b5 C8040000 		.4byte	.LLST54
 5181 13b9 C4040000 		.4byte	.LVUS54
 5182 13bd 05       		.uleb128 0x5
 5183 13be A8010000 		.4byte	.LASF69
 5184 13c2 BD01     		.2byte	0x1bd
 5185 13c4 2B       		.byte	0x2b
 5186 13c5 84000000 		.4byte	0x84
 5187 13c9 DE040000 		.4byte	.LLST55
ARM GAS  /tmp/ccUycNjg.s 			page 92


 5188 13cd DA040000 		.4byte	.LVUS55
 5189 13d1 0D       		.uleb128 0xd
 5190 13d2 10050000 		.4byte	.LASF87
 5191 13d6 57140000 		.4byte	0x1457
 5192 13da 01       		.uleb128 0x1
 5193 13db 3A200000 		.4byte	0x203a
 5194 13df 02000000 		.4byte	.LBI363
 5195 13e3 04       		.byte	.LVU454
 5196 13e4 02000000 		.4byte	.LBB363
 5197 13e8 04000000 		.4byte	.LBE363-.LBB363
 5198 13ec 01       		.byte	0x1
 5199 13ed C101     		.2byte	0x1c1
 5200 13ef 03       		.byte	0x3
 5201 13f0 02       		.uleb128 0x2
 5202 13f1 47200000 		.4byte	0x2047
 5203 13f5 F2040000 		.4byte	.LLST56
 5204 13f9 F0040000 		.4byte	.LVUS56
 5205 13fd 01       		.uleb128 0x1
 5206 13fe 73200000 		.4byte	0x2073
 5207 1402 02000000 		.4byte	.LBI364
 5208 1406 06       		.byte	.LVU456
 5209 1407 02000000 		.4byte	.LBB364
 5210 140b 04000000 		.4byte	.LBE364-.LBB364
 5211 140f 02       		.byte	0x2
 5212 1410 F302     		.2byte	0x2f3
 5213 1412 03       		.byte	0x3
 5214 1413 02       		.uleb128 0x2
 5215 1414 80200000 		.4byte	0x2080
 5216 1418 FD040000 		.4byte	.LLST57
 5217 141c FB040000 		.4byte	.LVUS57
 5218 1420 01       		.uleb128 0x1
 5219 1421 CD200000 		.4byte	0x20cd
 5220 1425 02000000 		.4byte	.LBI365
 5221 1429 08       		.byte	.LVU458
 5222 142a 02000000 		.4byte	.LBB365
 5223 142e 04000000 		.4byte	.LBE365-.LBB365
 5224 1432 03       		.byte	0x3
 5225 1433 8D01     		.2byte	0x18d
 5226 1435 03       		.byte	0x3
 5227 1436 02       		.uleb128 0x2
 5228 1437 DA200000 		.4byte	0x20da
 5229 143b 08050000 		.4byte	.LLST58
 5230 143f 06050000 		.4byte	.LVUS58
 5231 1443 00       		.byte	0
 5232 1444 00       		.byte	0
 5233 1445 00       		.byte	0
 5234 1446 00       		.byte	0
 5235 1447 10       		.uleb128 0x10
 5236 1448 8D000000 		.4byte	0x8d
 5237 144c 57140000 		.4byte	0x1457
 5238 1450 11       		.uleb128 0x11
 5239 1451 2D000000 		.4byte	0x2d
 5240 1455 0D       		.byte	0xd
 5241 1456 00       		.byte	0
 5242 1457 0E       		.uleb128 0xe
 5243 1458 47140000 		.4byte	0x1447
 5244 145c 14       		.uleb128 0x14
ARM GAS  /tmp/ccUycNjg.s 			page 93


 5245 145d 53010000 		.4byte	.LASF97
 5246 1461 5F01     		.2byte	0x15f
 5247 1463 08       		.byte	0x8
 5248 1464 3B000000 		.4byte	0x3b
 5249 1468 00000000 		.4byte	.LFB242
 5250 146c EC000000 		.4byte	.LFE242-.LFB242
 5251 1470 01       		.uleb128 0x1
 5252 1471 9C       		.byte	0x9c
 5253 1472 68180000 		.4byte	0x1868
 5254 1476 05       		.uleb128 0x5
 5255 1477 75040000 		.4byte	.LASF98
 5256 147b 5F01     		.2byte	0x15f
 5257 147d 2E       		.byte	0x2e
 5258 147e 68180000 		.4byte	0x1868
 5259 1482 15050000 		.4byte	.LLST35
 5260 1486 11050000 		.4byte	.LVUS35
 5261 148a 1B       		.uleb128 0x1b
 5262 148b 627000   		.ascii	"bp\000"
 5263 148e 5F01     		.2byte	0x15f
 5264 1490 3D       		.byte	0x3d
 5265 1491 67050000 		.4byte	0x567
 5266 1495 2A050000 		.4byte	.LLST36
 5267 1499 26050000 		.4byte	.LVUS36
 5268 149d 1B       		.uleb128 0x1b
 5269 149e 6E00     		.ascii	"n\000"
 5270 14a0 6001     		.2byte	0x160
 5271 14a2 1E       		.byte	0x1e
 5272 14a3 3B000000 		.4byte	0x3b
 5273 14a7 3F050000 		.4byte	.LLST37
 5274 14ab 3B050000 		.4byte	.LVUS37
 5275 14af 05       		.uleb128 0x5
 5276 14b0 5B020000 		.4byte	.LASF81
 5277 14b4 6001     		.2byte	0x160
 5278 14b6 2B       		.byte	0x2b
 5279 14b7 0D010000 		.4byte	0x10d
 5280 14bb 54050000 		.4byte	.LLST38
 5281 14bf 50050000 		.4byte	.LVUS38
 5282 14c3 15       		.uleb128 0x15
 5283 14c4 7200     		.ascii	"r\000"
 5284 14c6 6101     		.2byte	0x161
 5285 14c8 0A       		.byte	0xa
 5286 14c9 3B000000 		.4byte	0x3b
 5287 14cd 69050000 		.4byte	.LLST39
 5288 14d1 65050000 		.4byte	.LVUS39
 5289 14d5 13       		.uleb128 0x13
 5290 14d6 21070000 		.4byte	.LASF82
 5291 14da 6201     		.2byte	0x162
 5292 14dc 0D       		.byte	0xd
 5293 14dd 0D010000 		.4byte	0x10d
 5294 14e1 7D050000 		.4byte	.LLST40
 5295 14e5 7B050000 		.4byte	.LVUS40
 5296 14e9 0D       		.uleb128 0xd
 5297 14ea 10050000 		.4byte	.LASF87
 5298 14ee 7D180000 		.4byte	0x187d
 5299 14f2 19       		.uleb128 0x19
 5300 14f3 0C000000 		.4byte	.LLRL42
 5301 14f7 A5170000 		.4byte	0x17a5
ARM GAS  /tmp/ccUycNjg.s 			page 94


 5302 14fb 13       		.uleb128 0x13
 5303 14fc 76020000 		.4byte	.LASF78
 5304 1500 6C01     		.2byte	0x16c
 5305 1502 0C       		.byte	0xc
 5306 1503 3B000000 		.4byte	0x3b
 5307 1507 8B050000 		.4byte	.LLST43
 5308 150b 87050000 		.4byte	.LVUS43
 5309 150f 19       		.uleb128 0x19
 5310 1510 1E000000 		.4byte	.LLRL44
 5311 1514 A2160000 		.4byte	0x16a2
 5312 1518 15       		.uleb128 0x15
 5313 1519 6D736700 		.ascii	"msg\000"
 5314 151d 7001     		.2byte	0x170
 5315 151f 0D       		.byte	0xd
 5316 1520 01010000 		.4byte	0x101
 5317 1524 9F050000 		.4byte	.LLST45
 5318 1528 9B050000 		.4byte	.LVUS45
 5319 152c 19       		.uleb128 0x19
 5320 152d 2A000000 		.4byte	.LLRL46
 5321 1531 1F160000 		.4byte	0x161f
 5322 1535 13       		.uleb128 0x13
 5323 1536 59070000 		.4byte	.LASF83
 5324 153a 7801     		.2byte	0x178
 5325 153c 13       		.byte	0x13
 5326 153d 0D010000 		.4byte	0x10d
 5327 1541 B3050000 		.4byte	.LLST47
 5328 1545 AF050000 		.4byte	.LVUS47
 5329 1549 06       		.uleb128 0x6
 5330 154a 55200000 		.4byte	0x2055
 5331 154e 2A000000 		.4byte	.LBI330
 5332 1552 01       		.byte	.LVU324
 5333 1553 2A000000 		.4byte	.LBB330
 5334 1557 06000000 		.4byte	.LBE330-.LBB330
 5335 155b 7801     		.2byte	0x178
 5336 155d 2D       		.byte	0x2d
 5337 155e A2150000 		.4byte	0x15a2
 5338 1562 01       		.uleb128 0x1
 5339 1563 8E200000 		.4byte	0x208e
 5340 1567 2A000000 		.4byte	.LBI331
 5341 156b 03       		.byte	.LVU326
 5342 156c 2A000000 		.4byte	.LBB331
 5343 1570 06000000 		.4byte	.LBE331-.LBB331
 5344 1574 02       		.byte	0x2
 5345 1575 6A02     		.2byte	0x26a
 5346 1577 0A       		.byte	0xa
 5347 1578 16       		.uleb128 0x16
 5348 1579 E8200000 		.4byte	0x20e8
 5349 157d 2A000000 		.4byte	.LBI332
 5350 1581 05       		.byte	.LVU328
 5351 1582 2A000000 		.4byte	.LBB332
 5352 1586 06000000 		.4byte	.LBE332-.LBB332
 5353 158a 08       		.byte	0x8
 5354 158b E9       		.byte	0xe9
 5355 158c 0A       		.byte	0xa
 5356 158d 21       		.uleb128 0x21
 5357 158e F3200000 		.4byte	0x20f3
 5358 1592 2A000000 		.4byte	.LBI333
ARM GAS  /tmp/ccUycNjg.s 			page 95


 5359 1596 07       		.byte	.LVU330
 5360 1597 2A000000 		.4byte	.LBB333
 5361 159b 06000000 		.4byte	.LBE333-.LBB333
 5362 159f 00       		.byte	0
 5363 15a0 00       		.byte	0
 5364 15a1 00       		.byte	0
 5365 15a2 06       		.uleb128 0x6
 5366 15a3 63200000 		.4byte	0x2063
 5367 15a7 56000000 		.4byte	.LBI335
 5368 15ab 01       		.byte	.LVU363
 5369 15ac 56000000 		.4byte	.LBB335
 5370 15b0 06000000 		.4byte	.LBE335-.LBB335
 5371 15b4 7E01     		.2byte	0x17e
 5372 15b6 0B       		.byte	0xb
 5373 15b7 0E160000 		.4byte	0x160e
 5374 15bb 01       		.uleb128 0x1
 5375 15bc 99200000 		.4byte	0x2099
 5376 15c0 56000000 		.4byte	.LBI336
 5377 15c4 03       		.byte	.LVU365
 5378 15c5 56000000 		.4byte	.LBB336
 5379 15c9 06000000 		.4byte	.LBE336-.LBB336
 5380 15cd 02       		.byte	0x2
 5381 15ce F801     		.2byte	0x1f8
 5382 15d0 03       		.byte	0x3
 5383 15d1 01       		.uleb128 0x1
 5384 15d2 FE200000 		.4byte	0x20fe
 5385 15d6 56000000 		.4byte	.LBI338
 5386 15da 0A       		.byte	.LVU372
 5387 15db 56000000 		.4byte	.LBB338
 5388 15df 06000000 		.4byte	.LBE338-.LBB338
 5389 15e3 05       		.byte	0x5
 5390 15e4 8F01     		.2byte	0x18f
 5391 15e6 03       		.byte	0x3
 5392 15e7 01       		.uleb128 0x1
 5393 15e8 0E210000 		.4byte	0x210e
 5394 15ec 56000000 		.4byte	.LBI339
 5395 15f0 0C       		.byte	.LVU374
 5396 15f1 56000000 		.4byte	.LBB339
 5397 15f5 06000000 		.4byte	.LBE339-.LBB339
 5398 15f9 06       		.byte	0x6
 5399 15fa 7702     		.2byte	0x277
 5400 15fc 03       		.byte	0x3
 5401 15fd 02       		.uleb128 0x2
 5402 15fe 1B210000 		.4byte	0x211b
 5403 1602 C5050000 		.4byte	.LLST48
 5404 1606 C3050000 		.4byte	.LVUS48
 5405 160a 00       		.byte	0
 5406 160b 00       		.byte	0
 5407 160c 00       		.byte	0
 5408 160d 00       		.byte	0
 5409 160e 09       		.uleb128 0x9
 5410 160f 3E000000 		.4byte	.LVL54
 5411 1613 901B0000 		.4byte	0x1b90
 5412 1617 04       		.uleb128 0x4
 5413 1618 01       		.uleb128 0x1
 5414 1619 50       		.byte	0x50
 5415 161a 02       		.uleb128 0x2
ARM GAS  /tmp/ccUycNjg.s 			page 96


 5416 161b 74       		.byte	0x74
 5417 161c 00       		.sleb128 0
 5418 161d 00       		.byte	0
 5419 161e 00       		.byte	0
 5420 161f 06       		.uleb128 0x6
 5421 1620 63200000 		.4byte	0x2063
 5422 1624 40000000 		.4byte	.LBI341
 5423 1628 01       		.byte	.LVU342
 5424 1629 40000000 		.4byte	.LBB341
 5425 162d 06000000 		.4byte	.LBE341-.LBB341
 5426 1631 8601     		.2byte	0x186
 5427 1633 09       		.byte	0x9
 5428 1634 8B160000 		.4byte	0x168b
 5429 1638 01       		.uleb128 0x1
 5430 1639 99200000 		.4byte	0x2099
 5431 163d 40000000 		.4byte	.LBI342
 5432 1641 03       		.byte	.LVU344
 5433 1642 40000000 		.4byte	.LBB342
 5434 1646 06000000 		.4byte	.LBE342-.LBB342
 5435 164a 02       		.byte	0x2
 5436 164b F801     		.2byte	0x1f8
 5437 164d 03       		.byte	0x3
 5438 164e 01       		.uleb128 0x1
 5439 164f FE200000 		.4byte	0x20fe
 5440 1653 40000000 		.4byte	.LBI344
 5441 1657 0A       		.byte	.LVU351
 5442 1658 40000000 		.4byte	.LBB344
 5443 165c 06000000 		.4byte	.LBE344-.LBB344
 5444 1660 05       		.byte	0x5
 5445 1661 8F01     		.2byte	0x18f
 5446 1663 03       		.byte	0x3
 5447 1664 01       		.uleb128 0x1
 5448 1665 0E210000 		.4byte	0x210e
 5449 1669 40000000 		.4byte	.LBI345
 5450 166d 0C       		.byte	.LVU353
 5451 166e 40000000 		.4byte	.LBB345
 5452 1672 06000000 		.4byte	.LBE345-.LBB345
 5453 1676 06       		.byte	0x6
 5454 1677 7702     		.2byte	0x277
 5455 1679 03       		.byte	0x3
 5456 167a 02       		.uleb128 0x2
 5457 167b 1B210000 		.4byte	0x211b
 5458 167f D1050000 		.4byte	.LLST49
 5459 1683 CF050000 		.4byte	.LVUS49
 5460 1687 00       		.byte	0
 5461 1688 00       		.byte	0
 5462 1689 00       		.byte	0
 5463 168a 00       		.byte	0
 5464 168b 09       		.uleb128 0x9
 5465 168c 54000000 		.4byte	.LVL58
 5466 1690 901B0000 		.4byte	0x1b90
 5467 1694 04       		.uleb128 0x4
 5468 1695 01       		.uleb128 0x1
 5469 1696 50       		.byte	0x50
 5470 1697 02       		.uleb128 0x2
 5471 1698 74       		.byte	0x74
 5472 1699 00       		.sleb128 0
ARM GAS  /tmp/ccUycNjg.s 			page 97


 5473 169a 04       		.uleb128 0x4
 5474 169b 01       		.uleb128 0x1
 5475 169c 51       		.byte	0x51
 5476 169d 02       		.uleb128 0x2
 5477 169e 78       		.byte	0x78
 5478 169f 00       		.sleb128 0
 5479 16a0 00       		.byte	0
 5480 16a1 00       		.byte	0
 5481 16a2 06       		.uleb128 0x6
 5482 16a3 63200000 		.4byte	0x2063
 5483 16a7 9C000000 		.4byte	.LBI349
 5484 16ab 01       		.byte	.LVU393
 5485 16ac 9C000000 		.4byte	.LBB349
 5486 16b0 06000000 		.4byte	.LBE349-.LBB349
 5487 16b4 A701     		.2byte	0x1a7
 5488 16b6 05       		.byte	0x5
 5489 16b7 0E170000 		.4byte	0x170e
 5490 16bb 01       		.uleb128 0x1
 5491 16bc 99200000 		.4byte	0x2099
 5492 16c0 9C000000 		.4byte	.LBI350
 5493 16c4 03       		.byte	.LVU395
 5494 16c5 9C000000 		.4byte	.LBB350
 5495 16c9 06000000 		.4byte	.LBE350-.LBB350
 5496 16cd 02       		.byte	0x2
 5497 16ce F801     		.2byte	0x1f8
 5498 16d0 03       		.byte	0x3
 5499 16d1 01       		.uleb128 0x1
 5500 16d2 FE200000 		.4byte	0x20fe
 5501 16d6 9C000000 		.4byte	.LBI352
 5502 16da 0A       		.byte	.LVU402
 5503 16db 9C000000 		.4byte	.LBB352
 5504 16df 06000000 		.4byte	.LBE352-.LBB352
 5505 16e3 05       		.byte	0x5
 5506 16e4 8F01     		.2byte	0x18f
 5507 16e6 03       		.byte	0x3
 5508 16e7 01       		.uleb128 0x1
 5509 16e8 0E210000 		.4byte	0x210e
 5510 16ec 9C000000 		.4byte	.LBI353
 5511 16f0 0C       		.byte	.LVU404
 5512 16f1 9C000000 		.4byte	.LBB353
 5513 16f5 06000000 		.4byte	.LBE353-.LBB353
 5514 16f9 06       		.byte	0x6
 5515 16fa 7702     		.2byte	0x277
 5516 16fc 03       		.byte	0x3
 5517 16fd 02       		.uleb128 0x2
 5518 16fe 1B210000 		.4byte	0x211b
 5519 1702 DD050000 		.4byte	.LLST50
 5520 1706 DB050000 		.4byte	.LVUS50
 5521 170a 00       		.byte	0
 5522 170b 00       		.byte	0
 5523 170c 00       		.byte	0
 5524 170d 00       		.byte	0
 5525 170e 06       		.uleb128 0x6
 5526 170f 6B200000 		.4byte	0x206b
 5527 1713 A6000000 		.4byte	.LBI355
 5528 1717 01       		.byte	.LVU410
 5529 1718 A6000000 		.4byte	.LBB355
ARM GAS  /tmp/ccUycNjg.s 			page 98


 5530 171c 06000000 		.4byte	.LBE355-.LBB355
 5531 1720 AB01     		.2byte	0x1ab
 5532 1722 05       		.byte	0x5
 5533 1723 7A170000 		.4byte	0x177a
 5534 1727 01       		.uleb128 0x1
 5535 1728 C5200000 		.4byte	0x20c5
 5536 172c A6000000 		.4byte	.LBI357
 5537 1730 03       		.byte	.LVU412
 5538 1731 A6000000 		.4byte	.LBB357
 5539 1735 06000000 		.4byte	.LBE357-.LBB357
 5540 1739 02       		.byte	0x2
 5541 173a ED01     		.2byte	0x1ed
 5542 173c 03       		.byte	0x3
 5543 173d 01       		.uleb128 0x1
 5544 173e 06210000 		.4byte	0x2106
 5545 1742 A6000000 		.4byte	.LBI358
 5546 1746 05       		.byte	.LVU414
 5547 1747 A6000000 		.4byte	.LBB358
 5548 174b 06000000 		.4byte	.LBE358-.LBB358
 5549 174f 05       		.byte	0x5
 5550 1750 7801     		.2byte	0x178
 5551 1752 03       		.byte	0x3
 5552 1753 01       		.uleb128 0x1
 5553 1754 0E210000 		.4byte	0x210e
 5554 1758 A6000000 		.4byte	.LBI359
 5555 175c 07       		.byte	.LVU416
 5556 175d A6000000 		.4byte	.LBB359
 5557 1761 06000000 		.4byte	.LBE359-.LBB359
 5558 1765 06       		.byte	0x6
 5559 1766 6402     		.2byte	0x264
 5560 1768 03       		.byte	0x3
 5561 1769 02       		.uleb128 0x2
 5562 176a 1B210000 		.4byte	0x211b
 5563 176e E9050000 		.4byte	.LLST51
 5564 1772 E7050000 		.4byte	.LVUS51
 5565 1776 00       		.byte	0
 5566 1777 00       		.byte	0
 5567 1778 00       		.byte	0
 5568 1779 00       		.byte	0
 5569 177a 24       		.uleb128 0x24
 5570 177b D8000000 		.4byte	.LVL70
 5571 177f 29210000 		.4byte	0x2129
 5572 1783 94170000 		.4byte	0x1794
 5573 1787 04       		.uleb128 0x4
 5574 1788 01       		.uleb128 0x1
 5575 1789 50       		.byte	0x50
 5576 178a 02       		.uleb128 0x2
 5577 178b 76       		.byte	0x76
 5578 178c 00       		.sleb128 0
 5579 178d 04       		.uleb128 0x4
 5580 178e 01       		.uleb128 0x1
 5581 178f 52       		.byte	0x52
 5582 1790 02       		.uleb128 0x2
 5583 1791 7A       		.byte	0x7a
 5584 1792 00       		.sleb128 0
 5585 1793 00       		.byte	0
 5586 1794 09       		.uleb128 0x9
ARM GAS  /tmp/ccUycNjg.s 			page 99


 5587 1795 EA000000 		.4byte	.LVL74
 5588 1799 361A0000 		.4byte	0x1a36
 5589 179d 04       		.uleb128 0x4
 5590 179e 01       		.uleb128 0x1
 5591 179f 50       		.byte	0x50
 5592 17a0 02       		.uleb128 0x2
 5593 17a1 74       		.byte	0x74
 5594 17a2 00       		.sleb128 0
 5595 17a3 00       		.byte	0
 5596 17a4 00       		.byte	0
 5597 17a5 06       		.uleb128 0x6
 5598 17a6 6B200000 		.4byte	0x206b
 5599 17aa 0C000000 		.4byte	.LBI317
 5600 17ae 06       		.byte	.LVU295
 5601 17af 0C000000 		.4byte	.LBB317
 5602 17b3 06000000 		.4byte	.LBE317-.LBB317
 5603 17b7 6601     		.2byte	0x166
 5604 17b9 03       		.byte	0x3
 5605 17ba 11180000 		.4byte	0x1811
 5606 17be 01       		.uleb128 0x1
 5607 17bf C5200000 		.4byte	0x20c5
 5608 17c3 0C000000 		.4byte	.LBI318
 5609 17c7 08       		.byte	.LVU297
 5610 17c8 0C000000 		.4byte	.LBB318
 5611 17cc 06000000 		.4byte	.LBE318-.LBB318
 5612 17d0 02       		.byte	0x2
 5613 17d1 ED01     		.2byte	0x1ed
 5614 17d3 03       		.byte	0x3
 5615 17d4 01       		.uleb128 0x1
 5616 17d5 06210000 		.4byte	0x2106
 5617 17d9 0C000000 		.4byte	.LBI319
 5618 17dd 0A       		.byte	.LVU299
 5619 17de 0C000000 		.4byte	.LBB319
 5620 17e2 06000000 		.4byte	.LBE319-.LBB319
 5621 17e6 05       		.byte	0x5
 5622 17e7 7801     		.2byte	0x178
 5623 17e9 03       		.byte	0x3
 5624 17ea 01       		.uleb128 0x1
 5625 17eb 0E210000 		.4byte	0x210e
 5626 17ef 0C000000 		.4byte	.LBI320
 5627 17f3 0C       		.byte	.LVU301
 5628 17f4 0C000000 		.4byte	.LBB320
 5629 17f8 06000000 		.4byte	.LBE320-.LBB320
 5630 17fc 06       		.byte	0x6
 5631 17fd 6402     		.2byte	0x264
 5632 17ff 03       		.byte	0x3
 5633 1800 02       		.uleb128 0x2
 5634 1801 1B210000 		.4byte	0x211b
 5635 1805 F6050000 		.4byte	.LLST41
 5636 1809 F4050000 		.4byte	.LVUS41
 5637 180d 00       		.byte	0
 5638 180e 00       		.byte	0
 5639 180f 00       		.byte	0
 5640 1810 00       		.byte	0
 5641 1811 01       		.uleb128 0x1
 5642 1812 55200000 		.4byte	0x2055
 5643 1816 12000000 		.4byte	.LBI322
ARM GAS  /tmp/ccUycNjg.s 			page 100


 5644 181a 04       		.byte	.LVU308
 5645 181b 12000000 		.4byte	.LBB322
 5646 181f 06000000 		.4byte	.LBE322-.LBB322
 5647 1823 01       		.byte	0x1
 5648 1824 6901     		.2byte	0x169
 5649 1826 0E       		.byte	0xe
 5650 1827 01       		.uleb128 0x1
 5651 1828 8E200000 		.4byte	0x208e
 5652 182c 12000000 		.4byte	.LBI323
 5653 1830 06       		.byte	.LVU310
 5654 1831 12000000 		.4byte	.LBB323
 5655 1835 06000000 		.4byte	.LBE323-.LBB323
 5656 1839 02       		.byte	0x2
 5657 183a 6A02     		.2byte	0x26a
 5658 183c 0A       		.byte	0xa
 5659 183d 16       		.uleb128 0x16
 5660 183e E8200000 		.4byte	0x20e8
 5661 1842 12000000 		.4byte	.LBI324
 5662 1846 08       		.byte	.LVU312
 5663 1847 12000000 		.4byte	.LBB324
 5664 184b 06000000 		.4byte	.LBE324-.LBB324
 5665 184f 08       		.byte	0x8
 5666 1850 E9       		.byte	0xe9
 5667 1851 0A       		.byte	0xa
 5668 1852 21       		.uleb128 0x21
 5669 1853 F3200000 		.4byte	0x20f3
 5670 1857 12000000 		.4byte	.LBI325
 5671 185b 0A       		.byte	.LVU314
 5672 185c 12000000 		.4byte	.LBB325
 5673 1860 06000000 		.4byte	.LBE325-.LBB325
 5674 1864 00       		.byte	0
 5675 1865 00       		.byte	0
 5676 1866 00       		.byte	0
 5677 1867 00       		.byte	0
 5678 1868 0A       		.uleb128 0xa
 5679 1869 48060000 		.4byte	0x648
 5680 186d 10       		.uleb128 0x10
 5681 186e 8D000000 		.4byte	0x8d
 5682 1872 7D180000 		.4byte	0x187d
 5683 1876 11       		.uleb128 0x11
 5684 1877 2D000000 		.4byte	0x2d
 5685 187b 0E       		.byte	0xe
 5686 187c 00       		.byte	0
 5687 187d 0E       		.uleb128 0xe
 5688 187e 6D180000 		.4byte	0x186d
 5689 1882 14       		.uleb128 0x14
 5690 1883 45010000 		.4byte	.LASF99
 5691 1887 2E01     		.2byte	0x12e
 5692 1889 07       		.byte	0x7
 5693 188a 01010000 		.4byte	0x101
 5694 188e 00000000 		.4byte	.LFB241
 5695 1892 40000000 		.4byte	.LFE241-.LFB241
 5696 1896 01       		.uleb128 0x1
 5697 1897 9C       		.byte	0x9c
 5698 1898 361A0000 		.4byte	0x1a36
 5699 189c 05       		.uleb128 0x5
 5700 189d 75040000 		.4byte	.LASF98
ARM GAS  /tmp/ccUycNjg.s 			page 101


 5701 18a1 2E01     		.2byte	0x12e
 5702 18a3 2C       		.byte	0x2c
 5703 18a4 68180000 		.4byte	0x1868
 5704 18a8 09060000 		.4byte	.LLST29
 5705 18ac 01060000 		.4byte	.LVUS29
 5706 18b0 05       		.uleb128 0x5
 5707 18b1 5B020000 		.4byte	.LASF81
 5708 18b5 2E01     		.2byte	0x12e
 5709 18b7 3C       		.byte	0x3c
 5710 18b8 0D010000 		.4byte	0x10d
 5711 18bc 2B060000 		.4byte	.LLST30
 5712 18c0 23060000 		.4byte	.LVUS30
 5713 18c4 15       		.uleb128 0x15
 5714 18c5 6D736700 		.ascii	"msg\000"
 5715 18c9 2F01     		.2byte	0x12f
 5716 18cb 09       		.byte	0x9
 5717 18cc 01010000 		.4byte	0x101
 5718 18d0 5D060000 		.4byte	.LLST31
 5719 18d4 57060000 		.4byte	.LVUS31
 5720 18d8 06       		.uleb128 0x6
 5721 18d9 6B200000 		.4byte	0x206b
 5722 18dd 04000000 		.4byte	.LBI300
 5723 18e1 02       		.byte	.LVU227
 5724 18e2 04000000 		.4byte	.LBB300
 5725 18e6 06000000 		.4byte	.LBE300-.LBB300
 5726 18ea 3101     		.2byte	0x131
 5727 18ec 03       		.byte	0x3
 5728 18ed 44190000 		.4byte	0x1944
 5729 18f1 01       		.uleb128 0x1
 5730 18f2 C5200000 		.4byte	0x20c5
 5731 18f6 04000000 		.4byte	.LBI301
 5732 18fa 04       		.byte	.LVU229
 5733 18fb 04000000 		.4byte	.LBB301
 5734 18ff 06000000 		.4byte	.LBE301-.LBB301
 5735 1903 02       		.byte	0x2
 5736 1904 ED01     		.2byte	0x1ed
 5737 1906 03       		.byte	0x3
 5738 1907 01       		.uleb128 0x1
 5739 1908 06210000 		.4byte	0x2106
 5740 190c 04000000 		.4byte	.LBI302
 5741 1910 06       		.byte	.LVU231
 5742 1911 04000000 		.4byte	.LBB302
 5743 1915 06000000 		.4byte	.LBE302-.LBB302
 5744 1919 05       		.byte	0x5
 5745 191a 7801     		.2byte	0x178
 5746 191c 03       		.byte	0x3
 5747 191d 01       		.uleb128 0x1
 5748 191e 0E210000 		.4byte	0x210e
 5749 1922 04000000 		.4byte	.LBI303
 5750 1926 08       		.byte	.LVU233
 5751 1927 04000000 		.4byte	.LBB303
 5752 192b 06000000 		.4byte	.LBE303-.LBB303
 5753 192f 06       		.byte	0x6
 5754 1930 6402     		.2byte	0x264
 5755 1932 03       		.byte	0x3
 5756 1933 02       		.uleb128 0x2
 5757 1934 1B210000 		.4byte	0x211b
ARM GAS  /tmp/ccUycNjg.s 			page 102


 5758 1938 74060000 		.4byte	.LLST32
 5759 193c 72060000 		.4byte	.LVUS32
 5760 1940 00       		.byte	0
 5761 1941 00       		.byte	0
 5762 1942 00       		.byte	0
 5763 1943 00       		.byte	0
 5764 1944 06       		.uleb128 0x6
 5765 1945 63200000 		.4byte	0x2063
 5766 1949 1C000000 		.4byte	.LBI305
 5767 194d 01       		.byte	.LVU249
 5768 194e 1C000000 		.4byte	.LBB305
 5769 1952 06000000 		.4byte	.LBE305-.LBB305
 5770 1956 4601     		.2byte	0x146
 5771 1958 03       		.byte	0x3
 5772 1959 B0190000 		.4byte	0x19b0
 5773 195d 01       		.uleb128 0x1
 5774 195e 99200000 		.4byte	0x2099
 5775 1962 1C000000 		.4byte	.LBI306
 5776 1966 03       		.byte	.LVU251
 5777 1967 1C000000 		.4byte	.LBB306
 5778 196b 06000000 		.4byte	.LBE306-.LBB306
 5779 196f 02       		.byte	0x2
 5780 1970 F801     		.2byte	0x1f8
 5781 1972 03       		.byte	0x3
 5782 1973 01       		.uleb128 0x1
 5783 1974 FE200000 		.4byte	0x20fe
 5784 1978 1C000000 		.4byte	.LBI308
 5785 197c 0A       		.byte	.LVU258
 5786 197d 1C000000 		.4byte	.LBB308
 5787 1981 06000000 		.4byte	.LBE308-.LBB308
 5788 1985 05       		.byte	0x5
 5789 1986 8F01     		.2byte	0x18f
 5790 1988 03       		.byte	0x3
 5791 1989 01       		.uleb128 0x1
 5792 198a 0E210000 		.4byte	0x210e
 5793 198e 1C000000 		.4byte	.LBI309
 5794 1992 0C       		.byte	.LVU260
 5795 1993 1C000000 		.4byte	.LBB309
 5796 1997 06000000 		.4byte	.LBE309-.LBB309
 5797 199b 06       		.byte	0x6
 5798 199c 7702     		.2byte	0x277
 5799 199e 03       		.byte	0x3
 5800 199f 02       		.uleb128 0x2
 5801 19a0 1B210000 		.4byte	0x211b
 5802 19a4 81060000 		.4byte	.LLST33
 5803 19a8 7F060000 		.4byte	.LVUS33
 5804 19ac 00       		.byte	0
 5805 19ad 00       		.byte	0
 5806 19ae 00       		.byte	0
 5807 19af 00       		.byte	0
 5808 19b0 06       		.uleb128 0x6
 5809 19b1 63200000 		.4byte	0x2063
 5810 19b5 30000000 		.4byte	.LBI311
 5811 19b9 01       		.byte	.LVU270
 5812 19ba 30000000 		.4byte	.LBB311
 5813 19be 06000000 		.4byte	.LBE311-.LBB311
 5814 19c2 3701     		.2byte	0x137
ARM GAS  /tmp/ccUycNjg.s 			page 103


 5815 19c4 07       		.byte	0x7
 5816 19c5 1C1A0000 		.4byte	0x1a1c
 5817 19c9 01       		.uleb128 0x1
 5818 19ca 99200000 		.4byte	0x2099
 5819 19ce 30000000 		.4byte	.LBI312
 5820 19d2 03       		.byte	.LVU272
 5821 19d3 30000000 		.4byte	.LBB312
 5822 19d7 06000000 		.4byte	.LBE312-.LBB312
 5823 19db 02       		.byte	0x2
 5824 19dc F801     		.2byte	0x1f8
 5825 19de 03       		.byte	0x3
 5826 19df 01       		.uleb128 0x1
 5827 19e0 FE200000 		.4byte	0x20fe
 5828 19e4 30000000 		.4byte	.LBI314
 5829 19e8 0A       		.byte	.LVU279
 5830 19e9 30000000 		.4byte	.LBB314
 5831 19ed 06000000 		.4byte	.LBE314-.LBB314
 5832 19f1 05       		.byte	0x5
 5833 19f2 8F01     		.2byte	0x18f
 5834 19f4 03       		.byte	0x3
 5835 19f5 01       		.uleb128 0x1
 5836 19f6 0E210000 		.4byte	0x210e
 5837 19fa 30000000 		.4byte	.LBI315
 5838 19fe 0C       		.byte	.LVU281
 5839 19ff 30000000 		.4byte	.LBB315
 5840 1a03 06000000 		.4byte	.LBE315-.LBB315
 5841 1a07 06       		.byte	0x6
 5842 1a08 7702     		.2byte	0x277
 5843 1a0a 03       		.byte	0x3
 5844 1a0b 02       		.uleb128 0x2
 5845 1a0c 1B210000 		.4byte	0x211b
 5846 1a10 8D060000 		.4byte	.LLST34
 5847 1a14 8B060000 		.4byte	.LVUS34
 5848 1a18 00       		.byte	0
 5849 1a19 00       		.byte	0
 5850 1a1a 00       		.byte	0
 5851 1a1b 00       		.byte	0
 5852 1a1c 29       		.uleb128 0x29
 5853 1a1d 2A000000 		.4byte	.LVL42
 5854 1a21 901B0000 		.4byte	0x1b90
 5855 1a25 09       		.uleb128 0x9
 5856 1a26 3E000000 		.4byte	.LVL46
 5857 1a2a 361A0000 		.4byte	0x1a36
 5858 1a2e 04       		.uleb128 0x4
 5859 1a2f 01       		.uleb128 0x1
 5860 1a30 50       		.byte	0x50
 5861 1a31 02       		.uleb128 0x2
 5862 1a32 74       		.byte	0x74
 5863 1a33 00       		.sleb128 0
 5864 1a34 00       		.byte	0
 5865 1a35 00       		.byte	0
 5866 1a36 18       		.uleb128 0x18
 5867 1a37 AE000000 		.4byte	.LASF100
 5868 1a3b 0701     		.2byte	0x107
 5869 1a3d 08       		.byte	0x8
 5870 1a3e 00000000 		.4byte	.LFB240
 5871 1a42 26000000 		.4byte	.LFE240-.LFB240
ARM GAS  /tmp/ccUycNjg.s 			page 104


 5872 1a46 01       		.uleb128 0x1
 5873 1a47 9C       		.byte	0x9c
 5874 1a48 7D1A0000 		.4byte	0x1a7d
 5875 1a4c 05       		.uleb128 0x5
 5876 1a4d 75040000 		.4byte	.LASF98
 5877 1a51 0701     		.2byte	0x107
 5878 1a53 36       		.byte	0x36
 5879 1a54 68180000 		.4byte	0x1868
 5880 1a58 9B060000 		.4byte	.LLST25
 5881 1a5c 97060000 		.4byte	.LVUS25
 5882 1a60 0D       		.uleb128 0xd
 5883 1a61 10050000 		.4byte	.LASF87
 5884 1a65 91120000 		.4byte	0x1291
 5885 1a69 2A       		.uleb128 0x2a
 5886 1a6a 24000000 		.4byte	.LVL28
 5887 1a6e 04       		.uleb128 0x4
 5888 1a6f 01       		.uleb128 0x1
 5889 1a70 50       		.byte	0x50
 5890 1a71 09       		.uleb128 0x9
 5891 1a72 A3       		.byte	0xa3
 5892 1a73 03       		.uleb128 0x3
 5893 1a74 A5       		.byte	0xa5
 5894 1a75 00       		.uleb128 0
 5895 1a76 26       		.uleb128 0x26
 5896 1a77 A8       		.byte	0xa8
 5897 1a78 2D       		.uleb128 0x2d
 5898 1a79 A8       		.byte	0xa8
 5899 1a7a 00       		.uleb128 0
 5900 1a7b 00       		.byte	0
 5901 1a7c 00       		.byte	0
 5902 1a7d 22       		.uleb128 0x22
 5903 1a7e B8060000 		.4byte	.LASF101
 5904 1a82 F8       		.byte	0xf8
 5905 1a83 00000000 		.4byte	.LFB239
 5906 1a87 14000000 		.4byte	.LFE239-.LFB239
 5907 1a8b 01       		.uleb128 0x1
 5908 1a8c 9C       		.byte	0x9c
 5909 1a8d 901B0000 		.4byte	0x1b90
 5910 1a91 0C       		.uleb128 0xc
 5911 1a92 75040000 		.4byte	.LASF98
 5912 1a96 F8       		.byte	0xf8
 5913 1a97 33       		.byte	0x33
 5914 1a98 68180000 		.4byte	0x1868
 5915 1a9c B8060000 		.4byte	.LLST26
 5916 1aa0 B4060000 		.4byte	.LVUS26
 5917 1aa4 23       		.uleb128 0x23
 5918 1aa5 6B200000 		.4byte	0x206b
 5919 1aa9 02000000 		.4byte	.LBI289
 5920 1aad 01       		.byte	.LVU195
 5921 1aae 02000000 		.4byte	.LBB289
 5922 1ab2 06000000 		.4byte	.LBE289-.LBB289
 5923 1ab6 FA       		.byte	0xfa
 5924 1ab7 0E1B0000 		.4byte	0x1b0e
 5925 1abb 01       		.uleb128 0x1
 5926 1abc C5200000 		.4byte	0x20c5
 5927 1ac0 02000000 		.4byte	.LBI290
 5928 1ac4 03       		.byte	.LVU197
ARM GAS  /tmp/ccUycNjg.s 			page 105


 5929 1ac5 02000000 		.4byte	.LBB290
 5930 1ac9 06000000 		.4byte	.LBE290-.LBB290
 5931 1acd 02       		.byte	0x2
 5932 1ace ED01     		.2byte	0x1ed
 5933 1ad0 03       		.byte	0x3
 5934 1ad1 01       		.uleb128 0x1
 5935 1ad2 06210000 		.4byte	0x2106
 5936 1ad6 02000000 		.4byte	.LBI291
 5937 1ada 05       		.byte	.LVU199
 5938 1adb 02000000 		.4byte	.LBB291
 5939 1adf 06000000 		.4byte	.LBE291-.LBB291
 5940 1ae3 05       		.byte	0x5
 5941 1ae4 7801     		.2byte	0x178
 5942 1ae6 03       		.byte	0x3
 5943 1ae7 01       		.uleb128 0x1
 5944 1ae8 0E210000 		.4byte	0x210e
 5945 1aec 02000000 		.4byte	.LBI292
 5946 1af0 07       		.byte	.LVU201
 5947 1af1 02000000 		.4byte	.LBB292
 5948 1af5 06000000 		.4byte	.LBE292-.LBB292
 5949 1af9 06       		.byte	0x6
 5950 1afa 6402     		.2byte	0x264
 5951 1afc 03       		.byte	0x3
 5952 1afd 02       		.uleb128 0x2
 5953 1afe 1B210000 		.4byte	0x211b
 5954 1b02 D3060000 		.4byte	.LLST27
 5955 1b06 D1060000 		.4byte	.LVUS27
 5956 1b0a 00       		.byte	0
 5957 1b0b 00       		.byte	0
 5958 1b0c 00       		.byte	0
 5959 1b0d 00       		.byte	0
 5960 1b0e 23       		.uleb128 0x23
 5961 1b0f 63200000 		.4byte	0x2063
 5962 1b13 0C000000 		.4byte	.LBI294
 5963 1b17 01       		.byte	.LVU208
 5964 1b18 0C000000 		.4byte	.LBB294
 5965 1b1c 06000000 		.4byte	.LBE294-.LBB294
 5966 1b20 FC       		.byte	0xfc
 5967 1b21 781B0000 		.4byte	0x1b78
 5968 1b25 01       		.uleb128 0x1
 5969 1b26 99200000 		.4byte	0x2099
 5970 1b2a 0C000000 		.4byte	.LBI295
 5971 1b2e 03       		.byte	.LVU210
 5972 1b2f 0C000000 		.4byte	.LBB295
 5973 1b33 06000000 		.4byte	.LBE295-.LBB295
 5974 1b37 02       		.byte	0x2
 5975 1b38 F801     		.2byte	0x1f8
 5976 1b3a 03       		.byte	0x3
 5977 1b3b 01       		.uleb128 0x1
 5978 1b3c FE200000 		.4byte	0x20fe
 5979 1b40 0C000000 		.4byte	.LBI297
 5980 1b44 0A       		.byte	.LVU217
 5981 1b45 0C000000 		.4byte	.LBB297
 5982 1b49 06000000 		.4byte	.LBE297-.LBB297
 5983 1b4d 05       		.byte	0x5
 5984 1b4e 8F01     		.2byte	0x18f
 5985 1b50 03       		.byte	0x3
ARM GAS  /tmp/ccUycNjg.s 			page 106


 5986 1b51 01       		.uleb128 0x1
 5987 1b52 0E210000 		.4byte	0x210e
 5988 1b56 0C000000 		.4byte	.LBI298
 5989 1b5a 0C       		.byte	.LVU219
 5990 1b5b 0C000000 		.4byte	.LBB298
 5991 1b5f 06000000 		.4byte	.LBE298-.LBB298
 5992 1b63 06       		.byte	0x6
 5993 1b64 7702     		.2byte	0x277
 5994 1b66 03       		.byte	0x3
 5995 1b67 02       		.uleb128 0x2
 5996 1b68 1B210000 		.4byte	0x211b
 5997 1b6c E0060000 		.4byte	.LLST28
 5998 1b70 DE060000 		.4byte	.LVUS28
 5999 1b74 00       		.byte	0
 6000 1b75 00       		.byte	0
 6001 1b76 00       		.byte	0
 6002 1b77 00       		.byte	0
 6003 1b78 09       		.uleb128 0x9
 6004 1b79 0C000000 		.4byte	.LVL32
 6005 1b7d 361A0000 		.4byte	0x1a36
 6006 1b81 04       		.uleb128 0x4
 6007 1b82 01       		.uleb128 0x1
 6008 1b83 50       		.byte	0x50
 6009 1b84 09       		.uleb128 0x9
 6010 1b85 A3       		.byte	0xa3
 6011 1b86 03       		.uleb128 0x3
 6012 1b87 A5       		.byte	0xa5
 6013 1b88 00       		.uleb128 0
 6014 1b89 26       		.uleb128 0x26
 6015 1b8a A8       		.byte	0xa8
 6016 1b8b 2D       		.uleb128 0x2d
 6017 1b8c A8       		.byte	0xa8
 6018 1b8d 00       		.uleb128 0
 6019 1b8e 00       		.byte	0
 6020 1b8f 00       		.byte	0
 6021 1b90 25       		.uleb128 0x25
 6022 1b91 86010000 		.4byte	.LASF102
 6023 1b95 DB       		.byte	0xdb
 6024 1b96 09       		.byte	0x9
 6025 1b97 01010000 		.4byte	0x101
 6026 1b9b 00000000 		.4byte	.LFB238
 6027 1b9f 28000000 		.4byte	.LFE238-.LFB238
 6028 1ba3 01       		.uleb128 0x1
 6029 1ba4 9C       		.byte	0x9c
 6030 1ba5 3C1C0000 		.4byte	0x1c3c
 6031 1ba9 0C       		.uleb128 0xc
 6032 1baa 75040000 		.4byte	.LASF98
 6033 1bae DB       		.byte	0xdb
 6034 1baf 39       		.byte	0x39
 6035 1bb0 68180000 		.4byte	0x1868
 6036 1bb4 EE060000 		.4byte	.LLST15
 6037 1bb8 EA060000 		.4byte	.LVUS15
 6038 1bbc 0C       		.uleb128 0xc
 6039 1bbd 5B020000 		.4byte	.LASF81
 6040 1bc1 DC       		.byte	0xdc
 6041 1bc2 2C       		.byte	0x2c
 6042 1bc3 0D010000 		.4byte	0x10d
ARM GAS  /tmp/ccUycNjg.s 			page 107


 6043 1bc7 02070000 		.4byte	.LLST16
 6044 1bcb FE060000 		.4byte	.LVUS16
 6045 1bcf 0D       		.uleb128 0xd
 6046 1bd0 10050000 		.4byte	.LASF87
 6047 1bd4 4C1C0000 		.4byte	0x1c4c
 6048 1bd8 2B       		.uleb128 0x2b
 6049 1bd9 0A000000 		.4byte	.LBB275
 6050 1bdd 0E000000 		.4byte	.LBE275-.LBB275
 6051 1be1 2D       		.uleb128 0x2d
 6052 1be2 6D736700 		.ascii	"msg\000"
 6053 1be6 E1       		.byte	0xe1
 6054 1be7 0B       		.byte	0xb
 6055 1be8 01010000 		.4byte	0x101
 6056 1bec 14070000 		.4byte	.LLST17
 6057 1bf0 12070000 		.4byte	.LVUS17
 6058 1bf4 16       		.uleb128 0x16
 6059 1bf5 0D200000 		.4byte	0x200d
 6060 1bf9 0A000000 		.4byte	.LBI276
 6061 1bfd 01       		.byte	.LVU109
 6062 1bfe 0A000000 		.4byte	.LBB276
 6063 1c02 08000000 		.4byte	.LBE276-.LBB276
 6064 1c06 01       		.byte	0x1
 6065 1c07 E1       		.byte	0xe1
 6066 1c08 11       		.byte	0x11
 6067 1c09 02       		.uleb128 0x2
 6068 1c0a 2C200000 		.4byte	0x202c
 6069 1c0e 1F070000 		.4byte	.LLST18
 6070 1c12 1D070000 		.4byte	.LVUS18
 6071 1c16 02       		.uleb128 0x2
 6072 1c17 1F200000 		.4byte	0x201f
 6073 1c1b 2A070000 		.4byte	.LLST19
 6074 1c1f 28070000 		.4byte	.LVUS19
 6075 1c23 09       		.uleb128 0x9
 6076 1c24 12000000 		.4byte	.LVL20
 6077 1c28 85060000 		.4byte	0x685
 6078 1c2c 04       		.uleb128 0x4
 6079 1c2d 01       		.uleb128 0x1
 6080 1c2e 50       		.byte	0x50
 6081 1c2f 02       		.uleb128 0x2
 6082 1c30 74       		.byte	0x74
 6083 1c31 00       		.sleb128 0
 6084 1c32 04       		.uleb128 0x4
 6085 1c33 01       		.uleb128 0x1
 6086 1c34 51       		.byte	0x51
 6087 1c35 02       		.uleb128 0x2
 6088 1c36 75       		.byte	0x75
 6089 1c37 00       		.sleb128 0
 6090 1c38 00       		.byte	0
 6091 1c39 00       		.byte	0
 6092 1c3a 00       		.byte	0
 6093 1c3b 00       		.byte	0
 6094 1c3c 10       		.uleb128 0x10
 6095 1c3d 8D000000 		.4byte	0x8d
 6096 1c41 4C1C0000 		.4byte	0x1c4c
 6097 1c45 11       		.uleb128 0x11
 6098 1c46 2D000000 		.4byte	0x2d
 6099 1c4a 18       		.byte	0x18
ARM GAS  /tmp/ccUycNjg.s 			page 108


 6100 1c4b 00       		.byte	0
 6101 1c4c 0E       		.uleb128 0xe
 6102 1c4d 3C1C0000 		.4byte	0x1c3c
 6103 1c51 25       		.uleb128 0x25
 6104 1c52 DB040000 		.4byte	.LASF103
 6105 1c56 BC       		.byte	0xbc
 6106 1c57 07       		.byte	0x7
 6107 1c58 01010000 		.4byte	0x101
 6108 1c5c 00000000 		.4byte	.LFB237
 6109 1c60 14000000 		.4byte	.LFE237-.LFB237
 6110 1c64 01       		.uleb128 0x1
 6111 1c65 9C       		.byte	0x9c
 6112 1c66 9C1D0000 		.4byte	0x1d9c
 6113 1c6a 0C       		.uleb128 0xc
 6114 1c6b 75040000 		.4byte	.LASF98
 6115 1c6f BC       		.byte	0xbc
 6116 1c70 36       		.byte	0x36
 6117 1c71 68180000 		.4byte	0x1868
 6118 1c75 37070000 		.4byte	.LLST20
 6119 1c79 33070000 		.4byte	.LVUS20
 6120 1c7d 0C       		.uleb128 0xc
 6121 1c7e 5B020000 		.4byte	.LASF81
 6122 1c82 BD       		.byte	0xbd
 6123 1c83 29       		.byte	0x29
 6124 1c84 0D010000 		.4byte	0x10d
 6125 1c88 54070000 		.4byte	.LLST21
 6126 1c8c 50070000 		.4byte	.LVUS21
 6127 1c90 2D       		.uleb128 0x2d
 6128 1c91 6D736700 		.ascii	"msg\000"
 6129 1c95 BE       		.byte	0xbe
 6130 1c96 09       		.byte	0x9
 6131 1c97 01010000 		.4byte	0x101
 6132 1c9b 6F070000 		.4byte	.LLST22
 6133 1c9f 6D070000 		.4byte	.LVUS22
 6134 1ca3 23       		.uleb128 0x23
 6135 1ca4 6B200000 		.4byte	0x206b
 6136 1ca8 02000000 		.4byte	.LBI278
 6137 1cac 02       		.byte	.LVU136
 6138 1cad 02000000 		.4byte	.LBB278
 6139 1cb1 06000000 		.4byte	.LBE278-.LBB278
 6140 1cb5 C0       		.byte	0xc0
 6141 1cb6 0D1D0000 		.4byte	0x1d0d
 6142 1cba 01       		.uleb128 0x1
 6143 1cbb C5200000 		.4byte	0x20c5
 6144 1cbf 02000000 		.4byte	.LBI279
 6145 1cc3 04       		.byte	.LVU138
 6146 1cc4 02000000 		.4byte	.LBB279
 6147 1cc8 06000000 		.4byte	.LBE279-.LBB279
 6148 1ccc 02       		.byte	0x2
 6149 1ccd ED01     		.2byte	0x1ed
 6150 1ccf 03       		.byte	0x3
 6151 1cd0 01       		.uleb128 0x1
 6152 1cd1 06210000 		.4byte	0x2106
 6153 1cd5 02000000 		.4byte	.LBI280
 6154 1cd9 06       		.byte	.LVU140
 6155 1cda 02000000 		.4byte	.LBB280
 6156 1cde 06000000 		.4byte	.LBE280-.LBB280
ARM GAS  /tmp/ccUycNjg.s 			page 109


 6157 1ce2 05       		.byte	0x5
 6158 1ce3 7801     		.2byte	0x178
 6159 1ce5 03       		.byte	0x3
 6160 1ce6 01       		.uleb128 0x1
 6161 1ce7 0E210000 		.4byte	0x210e
 6162 1ceb 02000000 		.4byte	.LBI281
 6163 1cef 08       		.byte	.LVU142
 6164 1cf0 02000000 		.4byte	.LBB281
 6165 1cf4 06000000 		.4byte	.LBE281-.LBB281
 6166 1cf8 06       		.byte	0x6
 6167 1cf9 6402     		.2byte	0x264
 6168 1cfb 03       		.byte	0x3
 6169 1cfc 02       		.uleb128 0x2
 6170 1cfd 1B210000 		.4byte	0x211b
 6171 1d01 7A070000 		.4byte	.LLST23
 6172 1d05 78070000 		.4byte	.LVUS23
 6173 1d09 00       		.byte	0
 6174 1d0a 00       		.byte	0
 6175 1d0b 00       		.byte	0
 6176 1d0c 00       		.byte	0
 6177 1d0d 23       		.uleb128 0x23
 6178 1d0e 63200000 		.4byte	0x2063
 6179 1d12 0C000000 		.4byte	.LBI283
 6180 1d16 01       		.byte	.LVU150
 6181 1d17 0C000000 		.4byte	.LBB283
 6182 1d1b 06000000 		.4byte	.LBE283-.LBB283
 6183 1d1f C2       		.byte	0xc2
 6184 1d20 771D0000 		.4byte	0x1d77
 6185 1d24 01       		.uleb128 0x1
 6186 1d25 99200000 		.4byte	0x2099
 6187 1d29 0C000000 		.4byte	.LBI284
 6188 1d2d 03       		.byte	.LVU152
 6189 1d2e 0C000000 		.4byte	.LBB284
 6190 1d32 06000000 		.4byte	.LBE284-.LBB284
 6191 1d36 02       		.byte	0x2
 6192 1d37 F801     		.2byte	0x1f8
 6193 1d39 03       		.byte	0x3
 6194 1d3a 01       		.uleb128 0x1
 6195 1d3b FE200000 		.4byte	0x20fe
 6196 1d3f 0C000000 		.4byte	.LBI286
 6197 1d43 0A       		.byte	.LVU159
 6198 1d44 0C000000 		.4byte	.LBB286
 6199 1d48 06000000 		.4byte	.LBE286-.LBB286
 6200 1d4c 05       		.byte	0x5
 6201 1d4d 8F01     		.2byte	0x18f
 6202 1d4f 03       		.byte	0x3
 6203 1d50 01       		.uleb128 0x1
 6204 1d51 0E210000 		.4byte	0x210e
 6205 1d55 0C000000 		.4byte	.LBI287
 6206 1d59 0C       		.byte	.LVU161
 6207 1d5a 0C000000 		.4byte	.LBB287
 6208 1d5e 06000000 		.4byte	.LBE287-.LBB287
 6209 1d62 06       		.byte	0x6
 6210 1d63 7702     		.2byte	0x277
 6211 1d65 03       		.byte	0x3
 6212 1d66 02       		.uleb128 0x2
 6213 1d67 1B210000 		.4byte	0x211b
ARM GAS  /tmp/ccUycNjg.s 			page 110


 6214 1d6b 87070000 		.4byte	.LLST24
 6215 1d6f 85070000 		.4byte	.LVUS24
 6216 1d73 00       		.byte	0
 6217 1d74 00       		.byte	0
 6218 1d75 00       		.byte	0
 6219 1d76 00       		.byte	0
 6220 1d77 09       		.uleb128 0x9
 6221 1d78 0C000000 		.4byte	.LVL25
 6222 1d7c 901B0000 		.4byte	0x1b90
 6223 1d80 04       		.uleb128 0x4
 6224 1d81 01       		.uleb128 0x1
 6225 1d82 50       		.byte	0x50
 6226 1d83 09       		.uleb128 0x9
 6227 1d84 A3       		.byte	0xa3
 6228 1d85 03       		.uleb128 0x3
 6229 1d86 A5       		.byte	0xa5
 6230 1d87 00       		.uleb128 0
 6231 1d88 26       		.uleb128 0x26
 6232 1d89 A8       		.byte	0xa8
 6233 1d8a 2D       		.uleb128 0x2d
 6234 1d8b A8       		.byte	0xa8
 6235 1d8c 00       		.uleb128 0
 6236 1d8d 04       		.uleb128 0x4
 6237 1d8e 01       		.uleb128 0x1
 6238 1d8f 51       		.byte	0x51
 6239 1d90 09       		.uleb128 0x9
 6240 1d91 A3       		.byte	0xa3
 6241 1d92 03       		.uleb128 0x3
 6242 1d93 A5       		.byte	0xa5
 6243 1d94 01       		.uleb128 0x1
 6244 1d95 26       		.uleb128 0x26
 6245 1d96 A8       		.byte	0xa8
 6246 1d97 2D       		.uleb128 0x2d
 6247 1d98 A8       		.byte	0xa8
 6248 1d99 00       		.uleb128 0
 6249 1d9a 00       		.byte	0
 6250 1d9b 00       		.byte	0
 6251 1d9c 22       		.uleb128 0x22
 6252 1d9d 28040000 		.4byte	.LASF104
 6253 1da1 93       		.byte	0x93
 6254 1da2 00000000 		.4byte	.LFB236
 6255 1da6 26000000 		.4byte	.LFE236-.LFB236
 6256 1daa 01       		.uleb128 0x1
 6257 1dab 9C       		.byte	0x9c
 6258 1dac 2C1E0000 		.4byte	0x1e2c
 6259 1db0 0C       		.uleb128 0xc
 6260 1db1 75040000 		.4byte	.LASF98
 6261 1db5 93       		.byte	0x93
 6262 1db6 30       		.byte	0x30
 6263 1db7 68180000 		.4byte	0x1868
 6264 1dbb 95070000 		.4byte	.LLST11
 6265 1dbf 91070000 		.4byte	.LVUS11
 6266 1dc3 0C       		.uleb128 0xc
 6267 1dc4 76020000 		.4byte	.LASF78
 6268 1dc8 93       		.byte	0x93
 6269 1dc9 3D       		.byte	0x3d
 6270 1dca 3B000000 		.4byte	0x3b
ARM GAS  /tmp/ccUycNjg.s 			page 111


 6271 1dce B2070000 		.4byte	.LLST12
 6272 1dd2 AE070000 		.4byte	.LVUS12
 6273 1dd6 0D       		.uleb128 0xd
 6274 1dd7 10050000 		.4byte	.LASF87
 6275 1ddb A70E0000 		.4byte	0xea7
 6276 1ddf 16       		.uleb128 0x16
 6277 1de0 E51F0000 		.4byte	0x1fe5
 6278 1de4 1E000000 		.4byte	.LBI273
 6279 1de8 01       		.byte	.LVU98
 6280 1de9 1E000000 		.4byte	.LBB273
 6281 1ded 06000000 		.4byte	.LBE273-.LBB273
 6282 1df1 01       		.byte	0x1
 6283 1df2 A5       		.byte	0xa5
 6284 1df3 03       		.byte	0x3
 6285 1df4 02       		.uleb128 0x2
 6286 1df5 FF1F0000 		.4byte	0x1fff
 6287 1df9 CD070000 		.4byte	.LLST13
 6288 1dfd CB070000 		.4byte	.LVUS13
 6289 1e01 02       		.uleb128 0x2
 6290 1e02 F21F0000 		.4byte	0x1ff2
 6291 1e06 DB070000 		.4byte	.LLST14
 6292 1e0a D7070000 		.4byte	.LVUS14
 6293 1e0e 09       		.uleb128 0x9
 6294 1e0f 24000000 		.4byte	.LVL16
 6295 1e13 A4060000 		.4byte	0x6a4
 6296 1e17 04       		.uleb128 0x4
 6297 1e18 01       		.uleb128 0x1
 6298 1e19 50       		.byte	0x50
 6299 1e1a 09       		.uleb128 0x9
 6300 1e1b A3       		.byte	0xa3
 6301 1e1c 03       		.uleb128 0x3
 6302 1e1d A5       		.byte	0xa5
 6303 1e1e 00       		.uleb128 0
 6304 1e1f 26       		.uleb128 0x26
 6305 1e20 A8       		.byte	0xa8
 6306 1e21 2D       		.uleb128 0x2d
 6307 1e22 A8       		.byte	0xa8
 6308 1e23 00       		.uleb128 0
 6309 1e24 04       		.uleb128 0x4
 6310 1e25 01       		.uleb128 0x1
 6311 1e26 51       		.byte	0x51
 6312 1e27 01       		.uleb128 0x1
 6313 1e28 30       		.byte	0x30
 6314 1e29 00       		.byte	0
 6315 1e2a 00       		.byte	0
 6316 1e2b 00       		.byte	0
 6317 1e2c 25       		.uleb128 0x25
 6318 1e2d 00000000 		.4byte	.LASF105
 6319 1e31 80       		.byte	0x80
 6320 1e32 0A       		.byte	0xa
 6321 1e33 67050000 		.4byte	0x567
 6322 1e37 00000000 		.4byte	.LFB235
 6323 1e3b 16000000 		.4byte	.LFE235-.LFB235
 6324 1e3f 01       		.uleb128 0x1
 6325 1e40 9C       		.byte	0x9c
 6326 1e41 591E0000 		.4byte	0x1e59
 6327 1e45 0C       		.uleb128 0xc
ARM GAS  /tmp/ccUycNjg.s 			page 112


 6328 1e46 75040000 		.4byte	.LASF98
 6329 1e4a 80       		.byte	0x80
 6330 1e4b 34       		.byte	0x34
 6331 1e4c 68180000 		.4byte	0x1868
 6332 1e50 FC070000 		.4byte	.LLST10
 6333 1e54 F4070000 		.4byte	.LVUS10
 6334 1e58 00       		.byte	0
 6335 1e59 22       		.uleb128 0x22
 6336 1e5a D1040000 		.4byte	.LASF106
 6337 1e5e 6A       		.byte	0x6a
 6338 1e5f 00000000 		.4byte	.LFB234
 6339 1e63 1A000000 		.4byte	.LFE234-.LFB234
 6340 1e67 01       		.uleb128 0x1
 6341 1e68 9C       		.byte	0x9c
 6342 1e69 CE1E0000 		.4byte	0x1ece
 6343 1e6d 0C       		.uleb128 0xc
 6344 1e6e 75040000 		.4byte	.LASF98
 6345 1e72 6A       		.byte	0x6a
 6346 1e73 27       		.byte	0x27
 6347 1e74 68180000 		.4byte	0x1868
 6348 1e78 2C080000 		.4byte	.LLST7
 6349 1e7c 28080000 		.4byte	.LVUS7
 6350 1e80 16       		.uleb128 0x16
 6351 1e81 BD1F0000 		.4byte	0x1fbd
 6352 1e85 10000000 		.4byte	.LBI271
 6353 1e89 01       		.byte	.LVU58
 6354 1e8a 10000000 		.4byte	.LBB271
 6355 1e8e 08000000 		.4byte	.LBE271-.LBB271
 6356 1e92 01       		.byte	0x1
 6357 1e93 73       		.byte	0x73
 6358 1e94 03       		.byte	0x3
 6359 1e95 02       		.uleb128 0x2
 6360 1e96 D71F0000 		.4byte	0x1fd7
 6361 1e9a 47080000 		.4byte	.LLST8
 6362 1e9e 45080000 		.4byte	.LVUS8
 6363 1ea2 02       		.uleb128 0x2
 6364 1ea3 CA1F0000 		.4byte	0x1fca
 6365 1ea7 56080000 		.4byte	.LLST9
 6366 1eab 52080000 		.4byte	.LVUS9
 6367 1eaf 09       		.uleb128 0x9
 6368 1eb0 18000000 		.4byte	.LVL8
 6369 1eb4 B9060000 		.4byte	0x6b9
 6370 1eb8 04       		.uleb128 0x4
 6371 1eb9 01       		.uleb128 0x1
 6372 1eba 50       		.byte	0x50
 6373 1ebb 09       		.uleb128 0x9
 6374 1ebc A3       		.byte	0xa3
 6375 1ebd 03       		.uleb128 0x3
 6376 1ebe A5       		.byte	0xa5
 6377 1ebf 00       		.uleb128 0
 6378 1ec0 26       		.uleb128 0x26
 6379 1ec1 A8       		.byte	0xa8
 6380 1ec2 2D       		.uleb128 0x2d
 6381 1ec3 A8       		.byte	0xa8
 6382 1ec4 00       		.uleb128 0
 6383 1ec5 04       		.uleb128 0x4
 6384 1ec6 01       		.uleb128 0x1
ARM GAS  /tmp/ccUycNjg.s 			page 113


 6385 1ec7 51       		.byte	0x51
 6386 1ec8 02       		.uleb128 0x2
 6387 1ec9 09       		.byte	0x9
 6388 1eca FE       		.byte	0xfe
 6389 1ecb 00       		.byte	0
 6390 1ecc 00       		.byte	0
 6391 1ecd 00       		.byte	0
 6392 1ece 22       		.uleb128 0x22
 6393 1ecf C5000000 		.4byte	.LASF107
 6394 1ed3 4B       		.byte	0x4b
 6395 1ed4 00000000 		.4byte	.LFB233
 6396 1ed8 2C000000 		.4byte	.LFE233-.LFB233
 6397 1edc 01       		.uleb128 0x1
 6398 1edd 9C       		.byte	0x9c
 6399 1ede BD1F0000 		.4byte	0x1fbd
 6400 1ee2 3A       		.uleb128 0x3a
 6401 1ee3 75040000 		.4byte	.LASF98
 6402 1ee7 01       		.byte	0x1
 6403 1ee8 4B       		.byte	0x4b
 6404 1ee9 2B       		.byte	0x2b
 6405 1eea 68180000 		.4byte	0x1868
 6406 1eee 01       		.uleb128 0x1
 6407 1eef 50       		.byte	0x50
 6408 1ef0 3B       		.uleb128 0x3b
 6409 1ef1 627000   		.ascii	"bp\000"
 6410 1ef4 01       		.byte	0x1
 6411 1ef5 4B       		.byte	0x4b
 6412 1ef6 3A       		.byte	0x3a
 6413 1ef7 67050000 		.4byte	0x567
 6414 1efb 01       		.uleb128 0x1
 6415 1efc 51       		.byte	0x51
 6416 1efd 0C       		.uleb128 0xc
 6417 1efe 76020000 		.4byte	.LASF78
 6418 1f02 4C       		.byte	0x4c
 6419 1f03 1B       		.byte	0x1b
 6420 1f04 3B000000 		.4byte	0x3b
 6421 1f08 73080000 		.4byte	.LLST0
 6422 1f0c 6F080000 		.4byte	.LVUS0
 6423 1f10 3C       		.uleb128 0x3c
 6424 1f11 6E00     		.ascii	"n\000"
 6425 1f13 01       		.byte	0x1
 6426 1f14 4C       		.byte	0x4c
 6427 1f15 28       		.byte	0x28
 6428 1f16 3B000000 		.4byte	0x3b
 6429 1f1a 89080000 		.4byte	.LLST1
 6430 1f1e 85080000 		.4byte	.LVUS1
 6431 1f22 0C       		.uleb128 0xc
 6432 1f23 0B050000 		.4byte	.LASF108
 6433 1f27 4D       		.byte	0x4d
 6434 1f28 1F       		.byte	0x1f
 6435 1f29 27060000 		.4byte	0x627
 6436 1f2d 9E080000 		.4byte	.LLST2
 6437 1f31 9A080000 		.4byte	.LVUS2
 6438 1f35 0C       		.uleb128 0xc
 6439 1f36 A8010000 		.4byte	.LASF69
 6440 1f3a 4D       		.byte	0x4d
 6441 1f3b 2B       		.byte	0x2b
ARM GAS  /tmp/ccUycNjg.s 			page 114


 6442 1f3c 84000000 		.4byte	0x84
 6443 1f40 B4080000 		.4byte	.LLST3
 6444 1f44 B0080000 		.4byte	.LVUS3
 6445 1f48 0D       		.uleb128 0xd
 6446 1f49 10050000 		.4byte	.LASF87
 6447 1f4d 57140000 		.4byte	0x1457
 6448 1f51 16       		.uleb128 0x16
 6449 1f52 3A200000 		.4byte	0x203a
 6450 1f56 02000000 		.4byte	.LBI267
 6451 1f5a 04       		.byte	.LVU6
 6452 1f5b 02000000 		.4byte	.LBB267
 6453 1f5f 04000000 		.4byte	.LBE267-.LBB267
 6454 1f63 01       		.byte	0x1
 6455 1f64 51       		.byte	0x51
 6456 1f65 03       		.byte	0x3
 6457 1f66 02       		.uleb128 0x2
 6458 1f67 47200000 		.4byte	0x2047
 6459 1f6b C8080000 		.4byte	.LLST4
 6460 1f6f C6080000 		.4byte	.LVUS4
 6461 1f73 01       		.uleb128 0x1
 6462 1f74 73200000 		.4byte	0x2073
 6463 1f78 02000000 		.4byte	.LBI268
 6464 1f7c 06       		.byte	.LVU8
 6465 1f7d 02000000 		.4byte	.LBB268
 6466 1f81 04000000 		.4byte	.LBE268-.LBB268
 6467 1f85 02       		.byte	0x2
 6468 1f86 F302     		.2byte	0x2f3
 6469 1f88 03       		.byte	0x3
 6470 1f89 02       		.uleb128 0x2
 6471 1f8a 80200000 		.4byte	0x2080
 6472 1f8e D3080000 		.4byte	.LLST5
 6473 1f92 D1080000 		.4byte	.LVUS5
 6474 1f96 01       		.uleb128 0x1
 6475 1f97 CD200000 		.4byte	0x20cd
 6476 1f9b 02000000 		.4byte	.LBI269
 6477 1f9f 08       		.byte	.LVU10
 6478 1fa0 02000000 		.4byte	.LBB269
 6479 1fa4 04000000 		.4byte	.LBE269-.LBB269
 6480 1fa8 03       		.byte	0x3
 6481 1fa9 8D01     		.2byte	0x18d
 6482 1fab 03       		.byte	0x3
 6483 1fac 02       		.uleb128 0x2
 6484 1fad DA200000 		.4byte	0x20da
 6485 1fb1 DE080000 		.4byte	.LLST6
 6486 1fb5 DC080000 		.4byte	.LVUS6
 6487 1fb9 00       		.byte	0
 6488 1fba 00       		.byte	0
 6489 1fbb 00       		.byte	0
 6490 1fbc 00       		.byte	0
 6491 1fbd 1A       		.uleb128 0x1a
 6492 1fbe D3060000 		.4byte	.LASF109
 6493 1fc2 02       		.byte	0x2
 6494 1fc3 2803     		.2byte	0x328
 6495 1fc5 14       		.byte	0x14
 6496 1fc6 E51F0000 		.4byte	0x1fe5
 6497 1fca 17       		.uleb128 0x17
 6498 1fcb 74717000 		.ascii	"tqp\000"
ARM GAS  /tmp/ccUycNjg.s 			page 115


 6499 1fcf 02       		.byte	0x2
 6500 1fd0 2803     		.2byte	0x328
 6501 1fd2 3B       		.byte	0x3b
 6502 1fd3 9F060000 		.4byte	0x69f
 6503 1fd7 17       		.uleb128 0x17
 6504 1fd8 6D736700 		.ascii	"msg\000"
 6505 1fdc 02       		.byte	0x2
 6506 1fdd 2803     		.2byte	0x328
 6507 1fdf 46       		.byte	0x46
 6508 1fe0 01010000 		.4byte	0x101
 6509 1fe4 00       		.byte	0
 6510 1fe5 1A       		.uleb128 0x1a
 6511 1fe6 1D010000 		.4byte	.LASF110
 6512 1fea 02       		.byte	0x2
 6513 1feb 1B03     		.2byte	0x31b
 6514 1fed 14       		.byte	0x14
 6515 1fee 0D200000 		.4byte	0x200d
 6516 1ff2 17       		.uleb128 0x17
 6517 1ff3 74717000 		.ascii	"tqp\000"
 6518 1ff7 02       		.byte	0x2
 6519 1ff8 1B03     		.2byte	0x31b
 6520 1ffa 3C       		.byte	0x3c
 6521 1ffb 9F060000 		.4byte	0x69f
 6522 1fff 17       		.uleb128 0x17
 6523 2000 6D736700 		.ascii	"msg\000"
 6524 2004 02       		.byte	0x2
 6525 2005 1B03     		.2byte	0x31b
 6526 2007 47       		.byte	0x47
 6527 2008 01010000 		.4byte	0x101
 6528 200c 00       		.byte	0
 6529 200d 3D       		.uleb128 0x3d
 6530 200e 3B020000 		.4byte	.LASF130
 6531 2012 02       		.byte	0x2
 6532 2013 0D03     		.2byte	0x30d
 6533 2015 15       		.byte	0x15
 6534 2016 01010000 		.4byte	0x101
 6535 201a 03       		.byte	0x3
 6536 201b 3A200000 		.4byte	0x203a
 6537 201f 17       		.uleb128 0x17
 6538 2020 74717000 		.ascii	"tqp\000"
 6539 2024 02       		.byte	0x2
 6540 2025 0D03     		.2byte	0x30d
 6541 2027 40       		.byte	0x40
 6542 2028 9F060000 		.4byte	0x69f
 6543 202c 2E       		.uleb128 0x2e
 6544 202d 6B040000 		.4byte	.LASF111
 6545 2031 02       		.byte	0x2
 6546 2032 0E03     		.2byte	0x30e
 6547 2034 39       		.byte	0x39
 6548 2035 0D010000 		.4byte	0x10d
 6549 2039 00       		.byte	0
 6550 203a 1A       		.uleb128 0x1a
 6551 203b 06060000 		.4byte	.LASF112
 6552 203f 02       		.byte	0x2
 6553 2040 F102     		.2byte	0x2f1
 6554 2042 14       		.byte	0x14
 6555 2043 55200000 		.4byte	0x2055
ARM GAS  /tmp/ccUycNjg.s 			page 116


 6556 2047 17       		.uleb128 0x17
 6557 2048 74717000 		.ascii	"tqp\000"
 6558 204c 02       		.byte	0x2
 6559 204d F102     		.2byte	0x2f1
 6560 204f 3F       		.byte	0x3f
 6561 2050 9F060000 		.4byte	0x69f
 6562 2054 00       		.byte	0
 6563 2055 3E       		.uleb128 0x3e
 6564 2056 F8060000 		.4byte	.LASF116
 6565 205a 02       		.byte	0x2
 6566 205b 6802     		.2byte	0x268
 6567 205d 19       		.byte	0x19
 6568 205e 0D010000 		.4byte	0x10d
 6569 2062 03       		.byte	0x3
 6570 2063 1E       		.uleb128 0x1e
 6571 2064 33050000 		.4byte	.LASF113
 6572 2068 02       		.byte	0x2
 6573 2069 F601     		.2byte	0x1f6
 6574 206b 1E       		.uleb128 0x1e
 6575 206c D2010000 		.4byte	.LASF114
 6576 2070 02       		.byte	0x2
 6577 2071 EB01     		.2byte	0x1eb
 6578 2073 1A       		.uleb128 0x1a
 6579 2074 CB020000 		.4byte	.LASF115
 6580 2078 03       		.byte	0x3
 6581 2079 8B01     		.2byte	0x18b
 6582 207b 14       		.byte	0x14
 6583 207c 8E200000 		.4byte	0x208e
 6584 2080 17       		.uleb128 0x17
 6585 2081 74717000 		.ascii	"tqp\000"
 6586 2085 03       		.byte	0x3
 6587 2086 8B01     		.2byte	0x18b
 6588 2088 3A       		.byte	0x3a
 6589 2089 9F060000 		.4byte	0x69f
 6590 208d 00       		.byte	0
 6591 208e 26       		.uleb128 0x26
 6592 208f 1B020000 		.4byte	.LASF117
 6593 2093 08       		.byte	0x8
 6594 2094 E4       		.byte	0xe4
 6595 2095 0D010000 		.4byte	0x10d
 6596 2099 1A       		.uleb128 0x1a
 6597 209a 15070000 		.4byte	.LASF118
 6598 209e 05       		.byte	0x5
 6599 209f 8201     		.2byte	0x182
 6600 20a1 14       		.byte	0x14
 6601 20a2 B0200000 		.4byte	0x20b0
 6602 20a6 0D       		.uleb128 0xd
 6603 20a7 10050000 		.4byte	.LASF87
 6604 20ab C0200000 		.4byte	0x20c0
 6605 20af 00       		.byte	0
 6606 20b0 10       		.uleb128 0x10
 6607 20b1 8D000000 		.4byte	0x8d
 6608 20b5 C0200000 		.4byte	0x20c0
 6609 20b9 11       		.uleb128 0x11
 6610 20ba 2D000000 		.4byte	0x2d
 6611 20be 0B       		.byte	0xb
 6612 20bf 00       		.byte	0
ARM GAS  /tmp/ccUycNjg.s 			page 117


 6613 20c0 0E       		.uleb128 0xe
 6614 20c1 B0200000 		.4byte	0x20b0
 6615 20c5 1E       		.uleb128 0x1e
 6616 20c6 19050000 		.4byte	.LASF119
 6617 20ca 05       		.byte	0x5
 6618 20cb 7601     		.2byte	0x176
 6619 20cd 1A       		.uleb128 0x1a
 6620 20ce 79000000 		.4byte	.LASF120
 6621 20d2 04       		.byte	0x4
 6622 20d3 2402     		.2byte	0x224
 6623 20d5 14       		.byte	0x14
 6624 20d6 E8200000 		.4byte	0x20e8
 6625 20da 17       		.uleb128 0x17
 6626 20db 74717000 		.ascii	"tqp\000"
 6627 20df 04       		.byte	0x4
 6628 20e0 2402     		.2byte	0x224
 6629 20e2 30       		.byte	0x30
 6630 20e3 9F060000 		.4byte	0x69f
 6631 20e7 00       		.byte	0
 6632 20e8 26       		.uleb128 0x26
 6633 20e9 20060000 		.4byte	.LASF121
 6634 20ed 09       		.byte	0x9
 6635 20ee 69       		.byte	0x69
 6636 20ef 0D010000 		.4byte	0x10d
 6637 20f3 26       		.uleb128 0x26
 6638 20f4 41050000 		.4byte	.LASF122
 6639 20f8 0A       		.byte	0xa
 6640 20f9 8B       		.byte	0x8b
 6641 20fa 0D010000 		.4byte	0x10d
 6642 20fe 1E       		.uleb128 0x1e
 6643 20ff 62010000 		.4byte	.LASF123
 6644 2103 06       		.byte	0x6
 6645 2104 7402     		.2byte	0x274
 6646 2106 1E       		.uleb128 0x1e
 6647 2107 84000000 		.4byte	.LASF124
 6648 210b 06       		.byte	0x6
 6649 210c 5C02     		.2byte	0x25c
 6650 210e 1A       		.uleb128 0x1a
 6651 210f 1A040000 		.4byte	.LASF125
 6652 2113 07       		.byte	0x7
 6653 2114 2202     		.2byte	0x222
 6654 2116 39       		.byte	0x39
 6655 2117 29210000 		.4byte	0x2129
 6656 211b 2E       		.uleb128 0x2e
 6657 211c FF010000 		.4byte	.LASF126
 6658 2120 07       		.byte	0x7
 6659 2121 2202     		.2byte	0x222
 6660 2123 50       		.byte	0x50
 6661 2124 B4000000 		.4byte	0xb4
 6662 2128 00       		.byte	0
 6663 2129 3F       		.uleb128 0x3f
 6664 212a EC050000 		.4byte	.LASF73
 6665 212e A9020000 		.4byte	.LASF131
 6666 2132 13       		.byte	0x13
 6667 2133 00       		.byte	0
 6668 2134 00       		.byte	0
 6669              		.section	.debug_abbrev,"",%progbits
ARM GAS  /tmp/ccUycNjg.s 			page 118


 6670              	.Ldebug_abbrev0:
 6671 0000 01       		.uleb128 0x1
 6672 0001 1D       		.uleb128 0x1d
 6673 0002 01       		.byte	0x1
 6674 0003 31       		.uleb128 0x31
 6675 0004 13       		.uleb128 0x13
 6676 0005 52       		.uleb128 0x52
 6677 0006 01       		.uleb128 0x1
 6678 0007 B842     		.uleb128 0x2138
 6679 0009 0B       		.uleb128 0xb
 6680 000a 11       		.uleb128 0x11
 6681 000b 01       		.uleb128 0x1
 6682 000c 12       		.uleb128 0x12
 6683 000d 06       		.uleb128 0x6
 6684 000e 58       		.uleb128 0x58
 6685 000f 0B       		.uleb128 0xb
 6686 0010 59       		.uleb128 0x59
 6687 0011 05       		.uleb128 0x5
 6688 0012 57       		.uleb128 0x57
 6689 0013 0B       		.uleb128 0xb
 6690 0014 00       		.byte	0
 6691 0015 00       		.byte	0
 6692 0016 02       		.uleb128 0x2
 6693 0017 05       		.uleb128 0x5
 6694 0018 00       		.byte	0
 6695 0019 31       		.uleb128 0x31
 6696 001a 13       		.uleb128 0x13
 6697 001b 02       		.uleb128 0x2
 6698 001c 17       		.uleb128 0x17
 6699 001d B742     		.uleb128 0x2137
 6700 001f 17       		.uleb128 0x17
 6701 0020 00       		.byte	0
 6702 0021 00       		.byte	0
 6703 0022 03       		.uleb128 0x3
 6704 0023 0D       		.uleb128 0xd
 6705 0024 00       		.byte	0
 6706 0025 03       		.uleb128 0x3
 6707 0026 08       		.uleb128 0x8
 6708 0027 3A       		.uleb128 0x3a
 6709 0028 0B       		.uleb128 0xb
 6710 0029 3B       		.uleb128 0x3b
 6711 002a 05       		.uleb128 0x5
 6712 002b 39       		.uleb128 0x39
 6713 002c 0B       		.uleb128 0xb
 6714 002d 49       		.uleb128 0x49
 6715 002e 13       		.uleb128 0x13
 6716 002f 38       		.uleb128 0x38
 6717 0030 0B       		.uleb128 0xb
 6718 0031 00       		.byte	0
 6719 0032 00       		.byte	0
 6720 0033 04       		.uleb128 0x4
 6721 0034 49       		.uleb128 0x49
 6722 0035 00       		.byte	0
 6723 0036 02       		.uleb128 0x2
 6724 0037 18       		.uleb128 0x18
 6725 0038 7E       		.uleb128 0x7e
 6726 0039 18       		.uleb128 0x18
ARM GAS  /tmp/ccUycNjg.s 			page 119


 6727 003a 00       		.byte	0
 6728 003b 00       		.byte	0
 6729 003c 05       		.uleb128 0x5
 6730 003d 05       		.uleb128 0x5
 6731 003e 00       		.byte	0
 6732 003f 03       		.uleb128 0x3
 6733 0040 0E       		.uleb128 0xe
 6734 0041 3A       		.uleb128 0x3a
 6735 0042 21       		.uleb128 0x21
 6736 0043 01       		.sleb128 1
 6737 0044 3B       		.uleb128 0x3b
 6738 0045 05       		.uleb128 0x5
 6739 0046 39       		.uleb128 0x39
 6740 0047 0B       		.uleb128 0xb
 6741 0048 49       		.uleb128 0x49
 6742 0049 13       		.uleb128 0x13
 6743 004a 02       		.uleb128 0x2
 6744 004b 17       		.uleb128 0x17
 6745 004c B742     		.uleb128 0x2137
 6746 004e 17       		.uleb128 0x17
 6747 004f 00       		.byte	0
 6748 0050 00       		.byte	0
 6749 0051 06       		.uleb128 0x6
 6750 0052 1D       		.uleb128 0x1d
 6751 0053 01       		.byte	0x1
 6752 0054 31       		.uleb128 0x31
 6753 0055 13       		.uleb128 0x13
 6754 0056 52       		.uleb128 0x52
 6755 0057 01       		.uleb128 0x1
 6756 0058 B842     		.uleb128 0x2138
 6757 005a 0B       		.uleb128 0xb
 6758 005b 11       		.uleb128 0x11
 6759 005c 01       		.uleb128 0x1
 6760 005d 12       		.uleb128 0x12
 6761 005e 06       		.uleb128 0x6
 6762 005f 58       		.uleb128 0x58
 6763 0060 21       		.uleb128 0x21
 6764 0061 01       		.sleb128 1
 6765 0062 59       		.uleb128 0x59
 6766 0063 05       		.uleb128 0x5
 6767 0064 57       		.uleb128 0x57
 6768 0065 0B       		.uleb128 0xb
 6769 0066 01       		.uleb128 0x1
 6770 0067 13       		.uleb128 0x13
 6771 0068 00       		.byte	0
 6772 0069 00       		.byte	0
 6773 006a 07       		.uleb128 0x7
 6774 006b 16       		.uleb128 0x16
 6775 006c 00       		.byte	0
 6776 006d 03       		.uleb128 0x3
 6777 006e 0E       		.uleb128 0xe
 6778 006f 3A       		.uleb128 0x3a
 6779 0070 0B       		.uleb128 0xb
 6780 0071 3B       		.uleb128 0x3b
 6781 0072 0B       		.uleb128 0xb
 6782 0073 39       		.uleb128 0x39
 6783 0074 0B       		.uleb128 0xb
ARM GAS  /tmp/ccUycNjg.s 			page 120


 6784 0075 49       		.uleb128 0x49
 6785 0076 13       		.uleb128 0x13
 6786 0077 00       		.byte	0
 6787 0078 00       		.byte	0
 6788 0079 08       		.uleb128 0x8
 6789 007a 0D       		.uleb128 0xd
 6790 007b 00       		.byte	0
 6791 007c 03       		.uleb128 0x3
 6792 007d 0E       		.uleb128 0xe
 6793 007e 3A       		.uleb128 0x3a
 6794 007f 0B       		.uleb128 0xb
 6795 0080 3B       		.uleb128 0x3b
 6796 0081 0B       		.uleb128 0xb
 6797 0082 39       		.uleb128 0x39
 6798 0083 0B       		.uleb128 0xb
 6799 0084 49       		.uleb128 0x49
 6800 0085 13       		.uleb128 0x13
 6801 0086 38       		.uleb128 0x38
 6802 0087 0B       		.uleb128 0xb
 6803 0088 00       		.byte	0
 6804 0089 00       		.byte	0
 6805 008a 09       		.uleb128 0x9
 6806 008b 48       		.uleb128 0x48
 6807 008c 01       		.byte	0x1
 6808 008d 7D       		.uleb128 0x7d
 6809 008e 01       		.uleb128 0x1
 6810 008f 7F       		.uleb128 0x7f
 6811 0090 13       		.uleb128 0x13
 6812 0091 00       		.byte	0
 6813 0092 00       		.byte	0
 6814 0093 0A       		.uleb128 0xa
 6815 0094 0F       		.uleb128 0xf
 6816 0095 00       		.byte	0
 6817 0096 0B       		.uleb128 0xb
 6818 0097 21       		.uleb128 0x21
 6819 0098 04       		.sleb128 4
 6820 0099 49       		.uleb128 0x49
 6821 009a 13       		.uleb128 0x13
 6822 009b 00       		.byte	0
 6823 009c 00       		.byte	0
 6824 009d 0B       		.uleb128 0xb
 6825 009e 24       		.uleb128 0x24
 6826 009f 00       		.byte	0
 6827 00a0 0B       		.uleb128 0xb
 6828 00a1 0B       		.uleb128 0xb
 6829 00a2 3E       		.uleb128 0x3e
 6830 00a3 0B       		.uleb128 0xb
 6831 00a4 03       		.uleb128 0x3
 6832 00a5 0E       		.uleb128 0xe
 6833 00a6 00       		.byte	0
 6834 00a7 00       		.byte	0
 6835 00a8 0C       		.uleb128 0xc
 6836 00a9 05       		.uleb128 0x5
 6837 00aa 00       		.byte	0
 6838 00ab 03       		.uleb128 0x3
 6839 00ac 0E       		.uleb128 0xe
 6840 00ad 3A       		.uleb128 0x3a
ARM GAS  /tmp/ccUycNjg.s 			page 121


 6841 00ae 21       		.uleb128 0x21
 6842 00af 01       		.sleb128 1
 6843 00b0 3B       		.uleb128 0x3b
 6844 00b1 0B       		.uleb128 0xb
 6845 00b2 39       		.uleb128 0x39
 6846 00b3 0B       		.uleb128 0xb
 6847 00b4 49       		.uleb128 0x49
 6848 00b5 13       		.uleb128 0x13
 6849 00b6 02       		.uleb128 0x2
 6850 00b7 17       		.uleb128 0x17
 6851 00b8 B742     		.uleb128 0x2137
 6852 00ba 17       		.uleb128 0x17
 6853 00bb 00       		.byte	0
 6854 00bc 00       		.byte	0
 6855 00bd 0D       		.uleb128 0xd
 6856 00be 34       		.uleb128 0x34
 6857 00bf 00       		.byte	0
 6858 00c0 03       		.uleb128 0x3
 6859 00c1 0E       		.uleb128 0xe
 6860 00c2 49       		.uleb128 0x49
 6861 00c3 13       		.uleb128 0x13
 6862 00c4 34       		.uleb128 0x34
 6863 00c5 19       		.uleb128 0x19
 6864 00c6 00       		.byte	0
 6865 00c7 00       		.byte	0
 6866 00c8 0E       		.uleb128 0xe
 6867 00c9 26       		.uleb128 0x26
 6868 00ca 00       		.byte	0
 6869 00cb 49       		.uleb128 0x49
 6870 00cc 13       		.uleb128 0x13
 6871 00cd 00       		.byte	0
 6872 00ce 00       		.byte	0
 6873 00cf 0F       		.uleb128 0xf
 6874 00d0 0D       		.uleb128 0xd
 6875 00d1 00       		.byte	0
 6876 00d2 03       		.uleb128 0x3
 6877 00d3 0E       		.uleb128 0xe
 6878 00d4 3A       		.uleb128 0x3a
 6879 00d5 0B       		.uleb128 0xb
 6880 00d6 3B       		.uleb128 0x3b
 6881 00d7 05       		.uleb128 0x5
 6882 00d8 39       		.uleb128 0x39
 6883 00d9 21       		.uleb128 0x21
 6884 00da 19       		.sleb128 25
 6885 00db 49       		.uleb128 0x49
 6886 00dc 13       		.uleb128 0x13
 6887 00dd 38       		.uleb128 0x38
 6888 00de 0B       		.uleb128 0xb
 6889 00df 00       		.byte	0
 6890 00e0 00       		.byte	0
 6891 00e1 10       		.uleb128 0x10
 6892 00e2 01       		.uleb128 0x1
 6893 00e3 01       		.byte	0x1
 6894 00e4 49       		.uleb128 0x49
 6895 00e5 13       		.uleb128 0x13
 6896 00e6 01       		.uleb128 0x1
 6897 00e7 13       		.uleb128 0x13
ARM GAS  /tmp/ccUycNjg.s 			page 122


 6898 00e8 00       		.byte	0
 6899 00e9 00       		.byte	0
 6900 00ea 11       		.uleb128 0x11
 6901 00eb 21       		.uleb128 0x21
 6902 00ec 00       		.byte	0
 6903 00ed 49       		.uleb128 0x49
 6904 00ee 13       		.uleb128 0x13
 6905 00ef 2F       		.uleb128 0x2f
 6906 00f0 0B       		.uleb128 0xb
 6907 00f1 00       		.byte	0
 6908 00f2 00       		.byte	0
 6909 00f3 12       		.uleb128 0x12
 6910 00f4 05       		.uleb128 0x5
 6911 00f5 00       		.byte	0
 6912 00f6 49       		.uleb128 0x49
 6913 00f7 13       		.uleb128 0x13
 6914 00f8 00       		.byte	0
 6915 00f9 00       		.byte	0
 6916 00fa 13       		.uleb128 0x13
 6917 00fb 34       		.uleb128 0x34
 6918 00fc 00       		.byte	0
 6919 00fd 03       		.uleb128 0x3
 6920 00fe 0E       		.uleb128 0xe
 6921 00ff 3A       		.uleb128 0x3a
 6922 0100 21       		.uleb128 0x21
 6923 0101 01       		.sleb128 1
 6924 0102 3B       		.uleb128 0x3b
 6925 0103 05       		.uleb128 0x5
 6926 0104 39       		.uleb128 0x39
 6927 0105 0B       		.uleb128 0xb
 6928 0106 49       		.uleb128 0x49
 6929 0107 13       		.uleb128 0x13
 6930 0108 02       		.uleb128 0x2
 6931 0109 17       		.uleb128 0x17
 6932 010a B742     		.uleb128 0x2137
 6933 010c 17       		.uleb128 0x17
 6934 010d 00       		.byte	0
 6935 010e 00       		.byte	0
 6936 010f 14       		.uleb128 0x14
 6937 0110 2E       		.uleb128 0x2e
 6938 0111 01       		.byte	0x1
 6939 0112 3F       		.uleb128 0x3f
 6940 0113 19       		.uleb128 0x19
 6941 0114 03       		.uleb128 0x3
 6942 0115 0E       		.uleb128 0xe
 6943 0116 3A       		.uleb128 0x3a
 6944 0117 21       		.uleb128 0x21
 6945 0118 01       		.sleb128 1
 6946 0119 3B       		.uleb128 0x3b
 6947 011a 05       		.uleb128 0x5
 6948 011b 39       		.uleb128 0x39
 6949 011c 0B       		.uleb128 0xb
 6950 011d 27       		.uleb128 0x27
 6951 011e 19       		.uleb128 0x19
 6952 011f 49       		.uleb128 0x49
 6953 0120 13       		.uleb128 0x13
 6954 0121 11       		.uleb128 0x11
ARM GAS  /tmp/ccUycNjg.s 			page 123


 6955 0122 01       		.uleb128 0x1
 6956 0123 12       		.uleb128 0x12
 6957 0124 06       		.uleb128 0x6
 6958 0125 40       		.uleb128 0x40
 6959 0126 18       		.uleb128 0x18
 6960 0127 7A       		.uleb128 0x7a
 6961 0128 19       		.uleb128 0x19
 6962 0129 01       		.uleb128 0x1
 6963 012a 13       		.uleb128 0x13
 6964 012b 00       		.byte	0
 6965 012c 00       		.byte	0
 6966 012d 15       		.uleb128 0x15
 6967 012e 34       		.uleb128 0x34
 6968 012f 00       		.byte	0
 6969 0130 03       		.uleb128 0x3
 6970 0131 08       		.uleb128 0x8
 6971 0132 3A       		.uleb128 0x3a
 6972 0133 21       		.uleb128 0x21
 6973 0134 01       		.sleb128 1
 6974 0135 3B       		.uleb128 0x3b
 6975 0136 05       		.uleb128 0x5
 6976 0137 39       		.uleb128 0x39
 6977 0138 0B       		.uleb128 0xb
 6978 0139 49       		.uleb128 0x49
 6979 013a 13       		.uleb128 0x13
 6980 013b 02       		.uleb128 0x2
 6981 013c 17       		.uleb128 0x17
 6982 013d B742     		.uleb128 0x2137
 6983 013f 17       		.uleb128 0x17
 6984 0140 00       		.byte	0
 6985 0141 00       		.byte	0
 6986 0142 16       		.uleb128 0x16
 6987 0143 1D       		.uleb128 0x1d
 6988 0144 01       		.byte	0x1
 6989 0145 31       		.uleb128 0x31
 6990 0146 13       		.uleb128 0x13
 6991 0147 52       		.uleb128 0x52
 6992 0148 01       		.uleb128 0x1
 6993 0149 B842     		.uleb128 0x2138
 6994 014b 0B       		.uleb128 0xb
 6995 014c 11       		.uleb128 0x11
 6996 014d 01       		.uleb128 0x1
 6997 014e 12       		.uleb128 0x12
 6998 014f 06       		.uleb128 0x6
 6999 0150 58       		.uleb128 0x58
 7000 0151 0B       		.uleb128 0xb
 7001 0152 59       		.uleb128 0x59
 7002 0153 0B       		.uleb128 0xb
 7003 0154 57       		.uleb128 0x57
 7004 0155 0B       		.uleb128 0xb
 7005 0156 00       		.byte	0
 7006 0157 00       		.byte	0
 7007 0158 17       		.uleb128 0x17
 7008 0159 05       		.uleb128 0x5
 7009 015a 00       		.byte	0
 7010 015b 03       		.uleb128 0x3
 7011 015c 08       		.uleb128 0x8
ARM GAS  /tmp/ccUycNjg.s 			page 124


 7012 015d 3A       		.uleb128 0x3a
 7013 015e 0B       		.uleb128 0xb
 7014 015f 3B       		.uleb128 0x3b
 7015 0160 05       		.uleb128 0x5
 7016 0161 39       		.uleb128 0x39
 7017 0162 0B       		.uleb128 0xb
 7018 0163 49       		.uleb128 0x49
 7019 0164 13       		.uleb128 0x13
 7020 0165 00       		.byte	0
 7021 0166 00       		.byte	0
 7022 0167 18       		.uleb128 0x18
 7023 0168 2E       		.uleb128 0x2e
 7024 0169 01       		.byte	0x1
 7025 016a 3F       		.uleb128 0x3f
 7026 016b 19       		.uleb128 0x19
 7027 016c 03       		.uleb128 0x3
 7028 016d 0E       		.uleb128 0xe
 7029 016e 3A       		.uleb128 0x3a
 7030 016f 21       		.uleb128 0x21
 7031 0170 01       		.sleb128 1
 7032 0171 3B       		.uleb128 0x3b
 7033 0172 05       		.uleb128 0x5
 7034 0173 39       		.uleb128 0x39
 7035 0174 0B       		.uleb128 0xb
 7036 0175 27       		.uleb128 0x27
 7037 0176 19       		.uleb128 0x19
 7038 0177 11       		.uleb128 0x11
 7039 0178 01       		.uleb128 0x1
 7040 0179 12       		.uleb128 0x12
 7041 017a 06       		.uleb128 0x6
 7042 017b 40       		.uleb128 0x40
 7043 017c 18       		.uleb128 0x18
 7044 017d 7A       		.uleb128 0x7a
 7045 017e 19       		.uleb128 0x19
 7046 017f 01       		.uleb128 0x1
 7047 0180 13       		.uleb128 0x13
 7048 0181 00       		.byte	0
 7049 0182 00       		.byte	0
 7050 0183 19       		.uleb128 0x19
 7051 0184 0B       		.uleb128 0xb
 7052 0185 01       		.byte	0x1
 7053 0186 55       		.uleb128 0x55
 7054 0187 17       		.uleb128 0x17
 7055 0188 01       		.uleb128 0x1
 7056 0189 13       		.uleb128 0x13
 7057 018a 00       		.byte	0
 7058 018b 00       		.byte	0
 7059 018c 1A       		.uleb128 0x1a
 7060 018d 2E       		.uleb128 0x2e
 7061 018e 01       		.byte	0x1
 7062 018f 03       		.uleb128 0x3
 7063 0190 0E       		.uleb128 0xe
 7064 0191 3A       		.uleb128 0x3a
 7065 0192 0B       		.uleb128 0xb
 7066 0193 3B       		.uleb128 0x3b
 7067 0194 05       		.uleb128 0x5
 7068 0195 39       		.uleb128 0x39
ARM GAS  /tmp/ccUycNjg.s 			page 125


 7069 0196 0B       		.uleb128 0xb
 7070 0197 27       		.uleb128 0x27
 7071 0198 19       		.uleb128 0x19
 7072 0199 20       		.uleb128 0x20
 7073 019a 21       		.uleb128 0x21
 7074 019b 03       		.sleb128 3
 7075 019c 01       		.uleb128 0x1
 7076 019d 13       		.uleb128 0x13
 7077 019e 00       		.byte	0
 7078 019f 00       		.byte	0
 7079 01a0 1B       		.uleb128 0x1b
 7080 01a1 05       		.uleb128 0x5
 7081 01a2 00       		.byte	0
 7082 01a3 03       		.uleb128 0x3
 7083 01a4 08       		.uleb128 0x8
 7084 01a5 3A       		.uleb128 0x3a
 7085 01a6 21       		.uleb128 0x21
 7086 01a7 01       		.sleb128 1
 7087 01a8 3B       		.uleb128 0x3b
 7088 01a9 05       		.uleb128 0x5
 7089 01aa 39       		.uleb128 0x39
 7090 01ab 0B       		.uleb128 0xb
 7091 01ac 49       		.uleb128 0x49
 7092 01ad 13       		.uleb128 0x13
 7093 01ae 02       		.uleb128 0x2
 7094 01af 17       		.uleb128 0x17
 7095 01b0 B742     		.uleb128 0x2137
 7096 01b2 17       		.uleb128 0x17
 7097 01b3 00       		.byte	0
 7098 01b4 00       		.byte	0
 7099 01b5 1C       		.uleb128 0x1c
 7100 01b6 13       		.uleb128 0x13
 7101 01b7 01       		.byte	0x1
 7102 01b8 03       		.uleb128 0x3
 7103 01b9 0E       		.uleb128 0xe
 7104 01ba 0B       		.uleb128 0xb
 7105 01bb 0B       		.uleb128 0xb
 7106 01bc 3A       		.uleb128 0x3a
 7107 01bd 0B       		.uleb128 0xb
 7108 01be 3B       		.uleb128 0x3b
 7109 01bf 0B       		.uleb128 0xb
 7110 01c0 39       		.uleb128 0x39
 7111 01c1 21       		.uleb128 0x21
 7112 01c2 08       		.sleb128 8
 7113 01c3 01       		.uleb128 0x1
 7114 01c4 13       		.uleb128 0x13
 7115 01c5 00       		.byte	0
 7116 01c6 00       		.byte	0
 7117 01c7 1D       		.uleb128 0x1d
 7118 01c8 0D       		.uleb128 0xd
 7119 01c9 00       		.byte	0
 7120 01ca 03       		.uleb128 0x3
 7121 01cb 08       		.uleb128 0x8
 7122 01cc 3A       		.uleb128 0x3a
 7123 01cd 0B       		.uleb128 0xb
 7124 01ce 3B       		.uleb128 0x3b
 7125 01cf 0B       		.uleb128 0xb
ARM GAS  /tmp/ccUycNjg.s 			page 126


 7126 01d0 39       		.uleb128 0x39
 7127 01d1 0B       		.uleb128 0xb
 7128 01d2 49       		.uleb128 0x49
 7129 01d3 13       		.uleb128 0x13
 7130 01d4 38       		.uleb128 0x38
 7131 01d5 0B       		.uleb128 0xb
 7132 01d6 00       		.byte	0
 7133 01d7 00       		.byte	0
 7134 01d8 1E       		.uleb128 0x1e
 7135 01d9 2E       		.uleb128 0x2e
 7136 01da 00       		.byte	0
 7137 01db 03       		.uleb128 0x3
 7138 01dc 0E       		.uleb128 0xe
 7139 01dd 3A       		.uleb128 0x3a
 7140 01de 0B       		.uleb128 0xb
 7141 01df 3B       		.uleb128 0x3b
 7142 01e0 05       		.uleb128 0x5
 7143 01e1 39       		.uleb128 0x39
 7144 01e2 21       		.uleb128 0x21
 7145 01e3 14       		.sleb128 20
 7146 01e4 27       		.uleb128 0x27
 7147 01e5 19       		.uleb128 0x19
 7148 01e6 20       		.uleb128 0x20
 7149 01e7 21       		.uleb128 0x21
 7150 01e8 03       		.sleb128 3
 7151 01e9 00       		.byte	0
 7152 01ea 00       		.byte	0
 7153 01eb 1F       		.uleb128 0x1f
 7154 01ec 35       		.uleb128 0x35
 7155 01ed 00       		.byte	0
 7156 01ee 49       		.uleb128 0x49
 7157 01ef 13       		.uleb128 0x13
 7158 01f0 00       		.byte	0
 7159 01f1 00       		.byte	0
 7160 01f2 20       		.uleb128 0x20
 7161 01f3 0D       		.uleb128 0xd
 7162 01f4 00       		.byte	0
 7163 01f5 03       		.uleb128 0x3
 7164 01f6 0E       		.uleb128 0xe
 7165 01f7 3A       		.uleb128 0x3a
 7166 01f8 21       		.uleb128 0x21
 7167 01f9 04       		.sleb128 4
 7168 01fa 3B       		.uleb128 0x3b
 7169 01fb 0B       		.uleb128 0xb
 7170 01fc 39       		.uleb128 0x39
 7171 01fd 0B       		.uleb128 0xb
 7172 01fe 49       		.uleb128 0x49
 7173 01ff 13       		.uleb128 0x13
 7174 0200 00       		.byte	0
 7175 0201 00       		.byte	0
 7176 0202 21       		.uleb128 0x21
 7177 0203 1D       		.uleb128 0x1d
 7178 0204 00       		.byte	0
 7179 0205 31       		.uleb128 0x31
 7180 0206 13       		.uleb128 0x13
 7181 0207 52       		.uleb128 0x52
 7182 0208 01       		.uleb128 0x1
ARM GAS  /tmp/ccUycNjg.s 			page 127


 7183 0209 B842     		.uleb128 0x2138
 7184 020b 0B       		.uleb128 0xb
 7185 020c 11       		.uleb128 0x11
 7186 020d 01       		.uleb128 0x1
 7187 020e 12       		.uleb128 0x12
 7188 020f 06       		.uleb128 0x6
 7189 0210 58       		.uleb128 0x58
 7190 0211 21       		.uleb128 0x21
 7191 0212 09       		.sleb128 9
 7192 0213 59       		.uleb128 0x59
 7193 0214 21       		.uleb128 0x21
 7194 0215 EB00     		.sleb128 107
 7195 0217 57       		.uleb128 0x57
 7196 0218 21       		.uleb128 0x21
 7197 0219 0A       		.sleb128 10
 7198 021a 00       		.byte	0
 7199 021b 00       		.byte	0
 7200 021c 22       		.uleb128 0x22
 7201 021d 2E       		.uleb128 0x2e
 7202 021e 01       		.byte	0x1
 7203 021f 3F       		.uleb128 0x3f
 7204 0220 19       		.uleb128 0x19
 7205 0221 03       		.uleb128 0x3
 7206 0222 0E       		.uleb128 0xe
 7207 0223 3A       		.uleb128 0x3a
 7208 0224 21       		.uleb128 0x21
 7209 0225 01       		.sleb128 1
 7210 0226 3B       		.uleb128 0x3b
 7211 0227 0B       		.uleb128 0xb
 7212 0228 39       		.uleb128 0x39
 7213 0229 21       		.uleb128 0x21
 7214 022a 06       		.sleb128 6
 7215 022b 27       		.uleb128 0x27
 7216 022c 19       		.uleb128 0x19
 7217 022d 11       		.uleb128 0x11
 7218 022e 01       		.uleb128 0x1
 7219 022f 12       		.uleb128 0x12
 7220 0230 06       		.uleb128 0x6
 7221 0231 40       		.uleb128 0x40
 7222 0232 18       		.uleb128 0x18
 7223 0233 7A       		.uleb128 0x7a
 7224 0234 19       		.uleb128 0x19
 7225 0235 01       		.uleb128 0x1
 7226 0236 13       		.uleb128 0x13
 7227 0237 00       		.byte	0
 7228 0238 00       		.byte	0
 7229 0239 23       		.uleb128 0x23
 7230 023a 1D       		.uleb128 0x1d
 7231 023b 01       		.byte	0x1
 7232 023c 31       		.uleb128 0x31
 7233 023d 13       		.uleb128 0x13
 7234 023e 52       		.uleb128 0x52
 7235 023f 01       		.uleb128 0x1
 7236 0240 B842     		.uleb128 0x2138
 7237 0242 0B       		.uleb128 0xb
 7238 0243 11       		.uleb128 0x11
 7239 0244 01       		.uleb128 0x1
ARM GAS  /tmp/ccUycNjg.s 			page 128


 7240 0245 12       		.uleb128 0x12
 7241 0246 06       		.uleb128 0x6
 7242 0247 58       		.uleb128 0x58
 7243 0248 21       		.uleb128 0x21
 7244 0249 01       		.sleb128 1
 7245 024a 59       		.uleb128 0x59
 7246 024b 0B       		.uleb128 0xb
 7247 024c 57       		.uleb128 0x57
 7248 024d 21       		.uleb128 0x21
 7249 024e 03       		.sleb128 3
 7250 024f 01       		.uleb128 0x1
 7251 0250 13       		.uleb128 0x13
 7252 0251 00       		.byte	0
 7253 0252 00       		.byte	0
 7254 0253 24       		.uleb128 0x24
 7255 0254 48       		.uleb128 0x48
 7256 0255 01       		.byte	0x1
 7257 0256 7D       		.uleb128 0x7d
 7258 0257 01       		.uleb128 0x1
 7259 0258 7F       		.uleb128 0x7f
 7260 0259 13       		.uleb128 0x13
 7261 025a 01       		.uleb128 0x1
 7262 025b 13       		.uleb128 0x13
 7263 025c 00       		.byte	0
 7264 025d 00       		.byte	0
 7265 025e 25       		.uleb128 0x25
 7266 025f 2E       		.uleb128 0x2e
 7267 0260 01       		.byte	0x1
 7268 0261 3F       		.uleb128 0x3f
 7269 0262 19       		.uleb128 0x19
 7270 0263 03       		.uleb128 0x3
 7271 0264 0E       		.uleb128 0xe
 7272 0265 3A       		.uleb128 0x3a
 7273 0266 21       		.uleb128 0x21
 7274 0267 01       		.sleb128 1
 7275 0268 3B       		.uleb128 0x3b
 7276 0269 0B       		.uleb128 0xb
 7277 026a 39       		.uleb128 0x39
 7278 026b 0B       		.uleb128 0xb
 7279 026c 27       		.uleb128 0x27
 7280 026d 19       		.uleb128 0x19
 7281 026e 49       		.uleb128 0x49
 7282 026f 13       		.uleb128 0x13
 7283 0270 11       		.uleb128 0x11
 7284 0271 01       		.uleb128 0x1
 7285 0272 12       		.uleb128 0x12
 7286 0273 06       		.uleb128 0x6
 7287 0274 40       		.uleb128 0x40
 7288 0275 18       		.uleb128 0x18
 7289 0276 7A       		.uleb128 0x7a
 7290 0277 19       		.uleb128 0x19
 7291 0278 01       		.uleb128 0x1
 7292 0279 13       		.uleb128 0x13
 7293 027a 00       		.byte	0
 7294 027b 00       		.byte	0
 7295 027c 26       		.uleb128 0x26
 7296 027d 2E       		.uleb128 0x2e
ARM GAS  /tmp/ccUycNjg.s 			page 129


 7297 027e 00       		.byte	0
 7298 027f 03       		.uleb128 0x3
 7299 0280 0E       		.uleb128 0xe
 7300 0281 3A       		.uleb128 0x3a
 7301 0282 0B       		.uleb128 0xb
 7302 0283 3B       		.uleb128 0x3b
 7303 0284 0B       		.uleb128 0xb
 7304 0285 39       		.uleb128 0x39
 7305 0286 21       		.uleb128 0x21
 7306 0287 19       		.sleb128 25
 7307 0288 27       		.uleb128 0x27
 7308 0289 19       		.uleb128 0x19
 7309 028a 49       		.uleb128 0x49
 7310 028b 13       		.uleb128 0x13
 7311 028c 20       		.uleb128 0x20
 7312 028d 21       		.uleb128 0x21
 7313 028e 03       		.sleb128 3
 7314 028f 00       		.byte	0
 7315 0290 00       		.byte	0
 7316 0291 27       		.uleb128 0x27
 7317 0292 2E       		.uleb128 0x2e
 7318 0293 01       		.byte	0x1
 7319 0294 3F       		.uleb128 0x3f
 7320 0295 19       		.uleb128 0x19
 7321 0296 03       		.uleb128 0x3
 7322 0297 0E       		.uleb128 0xe
 7323 0298 3A       		.uleb128 0x3a
 7324 0299 0B       		.uleb128 0xb
 7325 029a 3B       		.uleb128 0x3b
 7326 029b 0B       		.uleb128 0xb
 7327 029c 39       		.uleb128 0x39
 7328 029d 21       		.uleb128 0x21
 7329 029e 09       		.sleb128 9
 7330 029f 27       		.uleb128 0x27
 7331 02a0 19       		.uleb128 0x19
 7332 02a1 49       		.uleb128 0x49
 7333 02a2 13       		.uleb128 0x13
 7334 02a3 3C       		.uleb128 0x3c
 7335 02a4 19       		.uleb128 0x19
 7336 02a5 01       		.uleb128 0x1
 7337 02a6 13       		.uleb128 0x13
 7338 02a7 00       		.byte	0
 7339 02a8 00       		.byte	0
 7340 02a9 28       		.uleb128 0x28
 7341 02aa 2E       		.uleb128 0x2e
 7342 02ab 01       		.byte	0x1
 7343 02ac 3F       		.uleb128 0x3f
 7344 02ad 19       		.uleb128 0x19
 7345 02ae 03       		.uleb128 0x3
 7346 02af 0E       		.uleb128 0xe
 7347 02b0 3A       		.uleb128 0x3a
 7348 02b1 21       		.uleb128 0x21
 7349 02b2 03       		.sleb128 3
 7350 02b3 3B       		.uleb128 0x3b
 7351 02b4 0B       		.uleb128 0xb
 7352 02b5 39       		.uleb128 0x39
 7353 02b6 21       		.uleb128 0x21
ARM GAS  /tmp/ccUycNjg.s 			page 130


 7354 02b7 08       		.sleb128 8
 7355 02b8 27       		.uleb128 0x27
 7356 02b9 19       		.uleb128 0x19
 7357 02ba 3C       		.uleb128 0x3c
 7358 02bb 19       		.uleb128 0x19
 7359 02bc 01       		.uleb128 0x1
 7360 02bd 13       		.uleb128 0x13
 7361 02be 00       		.byte	0
 7362 02bf 00       		.byte	0
 7363 02c0 29       		.uleb128 0x29
 7364 02c1 48       		.uleb128 0x48
 7365 02c2 00       		.byte	0
 7366 02c3 7D       		.uleb128 0x7d
 7367 02c4 01       		.uleb128 0x1
 7368 02c5 7F       		.uleb128 0x7f
 7369 02c6 13       		.uleb128 0x13
 7370 02c7 00       		.byte	0
 7371 02c8 00       		.byte	0
 7372 02c9 2A       		.uleb128 0x2a
 7373 02ca 48       		.uleb128 0x48
 7374 02cb 01       		.byte	0x1
 7375 02cc 7D       		.uleb128 0x7d
 7376 02cd 01       		.uleb128 0x1
 7377 02ce 00       		.byte	0
 7378 02cf 00       		.byte	0
 7379 02d0 2B       		.uleb128 0x2b
 7380 02d1 0B       		.uleb128 0xb
 7381 02d2 01       		.byte	0x1
 7382 02d3 11       		.uleb128 0x11
 7383 02d4 01       		.uleb128 0x1
 7384 02d5 12       		.uleb128 0x12
 7385 02d6 06       		.uleb128 0x6
 7386 02d7 00       		.byte	0
 7387 02d8 00       		.byte	0
 7388 02d9 2C       		.uleb128 0x2c
 7389 02da 05       		.uleb128 0x5
 7390 02db 00       		.byte	0
 7391 02dc 03       		.uleb128 0x3
 7392 02dd 0E       		.uleb128 0xe
 7393 02de 3A       		.uleb128 0x3a
 7394 02df 21       		.uleb128 0x21
 7395 02e0 01       		.sleb128 1
 7396 02e1 3B       		.uleb128 0x3b
 7397 02e2 05       		.uleb128 0x5
 7398 02e3 39       		.uleb128 0x39
 7399 02e4 0B       		.uleb128 0xb
 7400 02e5 49       		.uleb128 0x49
 7401 02e6 13       		.uleb128 0x13
 7402 02e7 02       		.uleb128 0x2
 7403 02e8 18       		.uleb128 0x18
 7404 02e9 00       		.byte	0
 7405 02ea 00       		.byte	0
 7406 02eb 2D       		.uleb128 0x2d
 7407 02ec 34       		.uleb128 0x34
 7408 02ed 00       		.byte	0
 7409 02ee 03       		.uleb128 0x3
 7410 02ef 08       		.uleb128 0x8
ARM GAS  /tmp/ccUycNjg.s 			page 131


 7411 02f0 3A       		.uleb128 0x3a
 7412 02f1 21       		.uleb128 0x21
 7413 02f2 01       		.sleb128 1
 7414 02f3 3B       		.uleb128 0x3b
 7415 02f4 0B       		.uleb128 0xb
 7416 02f5 39       		.uleb128 0x39
 7417 02f6 0B       		.uleb128 0xb
 7418 02f7 49       		.uleb128 0x49
 7419 02f8 13       		.uleb128 0x13
 7420 02f9 02       		.uleb128 0x2
 7421 02fa 17       		.uleb128 0x17
 7422 02fb B742     		.uleb128 0x2137
 7423 02fd 17       		.uleb128 0x17
 7424 02fe 00       		.byte	0
 7425 02ff 00       		.byte	0
 7426 0300 2E       		.uleb128 0x2e
 7427 0301 05       		.uleb128 0x5
 7428 0302 00       		.byte	0
 7429 0303 03       		.uleb128 0x3
 7430 0304 0E       		.uleb128 0xe
 7431 0305 3A       		.uleb128 0x3a
 7432 0306 0B       		.uleb128 0xb
 7433 0307 3B       		.uleb128 0x3b
 7434 0308 05       		.uleb128 0x5
 7435 0309 39       		.uleb128 0x39
 7436 030a 0B       		.uleb128 0xb
 7437 030b 49       		.uleb128 0x49
 7438 030c 13       		.uleb128 0x13
 7439 030d 00       		.byte	0
 7440 030e 00       		.byte	0
 7441 030f 2F       		.uleb128 0x2f
 7442 0310 11       		.uleb128 0x11
 7443 0311 01       		.byte	0x1
 7444 0312 25       		.uleb128 0x25
 7445 0313 0E       		.uleb128 0xe
 7446 0314 13       		.uleb128 0x13
 7447 0315 0B       		.uleb128 0xb
 7448 0316 03       		.uleb128 0x3
 7449 0317 0E       		.uleb128 0xe
 7450 0318 1B       		.uleb128 0x1b
 7451 0319 0E       		.uleb128 0xe
 7452 031a 55       		.uleb128 0x55
 7453 031b 17       		.uleb128 0x17
 7454 031c 11       		.uleb128 0x11
 7455 031d 01       		.uleb128 0x1
 7456 031e 10       		.uleb128 0x10
 7457 031f 17       		.uleb128 0x17
 7458 0320 00       		.byte	0
 7459 0321 00       		.byte	0
 7460 0322 30       		.uleb128 0x30
 7461 0323 24       		.uleb128 0x24
 7462 0324 00       		.byte	0
 7463 0325 0B       		.uleb128 0xb
 7464 0326 0B       		.uleb128 0xb
 7465 0327 3E       		.uleb128 0x3e
 7466 0328 0B       		.uleb128 0xb
 7467 0329 03       		.uleb128 0x3
ARM GAS  /tmp/ccUycNjg.s 			page 132


 7468 032a 08       		.uleb128 0x8
 7469 032b 00       		.byte	0
 7470 032c 00       		.byte	0
 7471 032d 31       		.uleb128 0x31
 7472 032e 0F       		.uleb128 0xf
 7473 032f 00       		.byte	0
 7474 0330 0B       		.uleb128 0xb
 7475 0331 0B       		.uleb128 0xb
 7476 0332 00       		.byte	0
 7477 0333 00       		.byte	0
 7478 0334 32       		.uleb128 0x32
 7479 0335 13       		.uleb128 0x13
 7480 0336 01       		.byte	0x1
 7481 0337 03       		.uleb128 0x3
 7482 0338 0E       		.uleb128 0xe
 7483 0339 0B       		.uleb128 0xb
 7484 033a 0B       		.uleb128 0xb
 7485 033b 3A       		.uleb128 0x3a
 7486 033c 0B       		.uleb128 0xb
 7487 033d 3B       		.uleb128 0x3b
 7488 033e 05       		.uleb128 0x5
 7489 033f 39       		.uleb128 0x39
 7490 0340 0B       		.uleb128 0xb
 7491 0341 01       		.uleb128 0x1
 7492 0342 13       		.uleb128 0x13
 7493 0343 00       		.byte	0
 7494 0344 00       		.byte	0
 7495 0345 33       		.uleb128 0x33
 7496 0346 13       		.uleb128 0x13
 7497 0347 01       		.byte	0x1
 7498 0348 0B       		.uleb128 0xb
 7499 0349 0B       		.uleb128 0xb
 7500 034a 3A       		.uleb128 0x3a
 7501 034b 0B       		.uleb128 0xb
 7502 034c 3B       		.uleb128 0x3b
 7503 034d 05       		.uleb128 0x5
 7504 034e 39       		.uleb128 0x39
 7505 034f 0B       		.uleb128 0xb
 7506 0350 01       		.uleb128 0x1
 7507 0351 13       		.uleb128 0x13
 7508 0352 00       		.byte	0
 7509 0353 00       		.byte	0
 7510 0354 34       		.uleb128 0x34
 7511 0355 16       		.uleb128 0x16
 7512 0356 00       		.byte	0
 7513 0357 03       		.uleb128 0x3
 7514 0358 0E       		.uleb128 0xe
 7515 0359 3A       		.uleb128 0x3a
 7516 035a 0B       		.uleb128 0xb
 7517 035b 3B       		.uleb128 0x3b
 7518 035c 05       		.uleb128 0x5
 7519 035d 39       		.uleb128 0x39
 7520 035e 0B       		.uleb128 0xb
 7521 035f 49       		.uleb128 0x49
 7522 0360 13       		.uleb128 0x13
 7523 0361 00       		.byte	0
 7524 0362 00       		.byte	0
ARM GAS  /tmp/ccUycNjg.s 			page 133


 7525 0363 35       		.uleb128 0x35
 7526 0364 17       		.uleb128 0x17
 7527 0365 01       		.byte	0x1
 7528 0366 0B       		.uleb128 0xb
 7529 0367 0B       		.uleb128 0xb
 7530 0368 3A       		.uleb128 0x3a
 7531 0369 0B       		.uleb128 0xb
 7532 036a 3B       		.uleb128 0x3b
 7533 036b 0B       		.uleb128 0xb
 7534 036c 39       		.uleb128 0x39
 7535 036d 0B       		.uleb128 0xb
 7536 036e 01       		.uleb128 0x1
 7537 036f 13       		.uleb128 0x13
 7538 0370 00       		.byte	0
 7539 0371 00       		.byte	0
 7540 0372 36       		.uleb128 0x36
 7541 0373 15       		.uleb128 0x15
 7542 0374 01       		.byte	0x1
 7543 0375 27       		.uleb128 0x27
 7544 0376 19       		.uleb128 0x19
 7545 0377 01       		.uleb128 0x1
 7546 0378 13       		.uleb128 0x13
 7547 0379 00       		.byte	0
 7548 037a 00       		.byte	0
 7549 037b 37       		.uleb128 0x37
 7550 037c 26       		.uleb128 0x26
 7551 037d 00       		.byte	0
 7552 037e 00       		.byte	0
 7553 037f 00       		.byte	0
 7554 0380 38       		.uleb128 0x38
 7555 0381 0B       		.uleb128 0xb
 7556 0382 01       		.byte	0x1
 7557 0383 55       		.uleb128 0x55
 7558 0384 17       		.uleb128 0x17
 7559 0385 00       		.byte	0
 7560 0386 00       		.byte	0
 7561 0387 39       		.uleb128 0x39
 7562 0388 05       		.uleb128 0x5
 7563 0389 00       		.byte	0
 7564 038a 03       		.uleb128 0x3
 7565 038b 08       		.uleb128 0x8
 7566 038c 3A       		.uleb128 0x3a
 7567 038d 0B       		.uleb128 0xb
 7568 038e 3B       		.uleb128 0x3b
 7569 038f 05       		.uleb128 0x5
 7570 0390 39       		.uleb128 0x39
 7571 0391 0B       		.uleb128 0xb
 7572 0392 49       		.uleb128 0x49
 7573 0393 13       		.uleb128 0x13
 7574 0394 02       		.uleb128 0x2
 7575 0395 18       		.uleb128 0x18
 7576 0396 00       		.byte	0
 7577 0397 00       		.byte	0
 7578 0398 3A       		.uleb128 0x3a
 7579 0399 05       		.uleb128 0x5
 7580 039a 00       		.byte	0
 7581 039b 03       		.uleb128 0x3
ARM GAS  /tmp/ccUycNjg.s 			page 134


 7582 039c 0E       		.uleb128 0xe
 7583 039d 3A       		.uleb128 0x3a
 7584 039e 0B       		.uleb128 0xb
 7585 039f 3B       		.uleb128 0x3b
 7586 03a0 0B       		.uleb128 0xb
 7587 03a1 39       		.uleb128 0x39
 7588 03a2 0B       		.uleb128 0xb
 7589 03a3 49       		.uleb128 0x49
 7590 03a4 13       		.uleb128 0x13
 7591 03a5 02       		.uleb128 0x2
 7592 03a6 18       		.uleb128 0x18
 7593 03a7 00       		.byte	0
 7594 03a8 00       		.byte	0
 7595 03a9 3B       		.uleb128 0x3b
 7596 03aa 05       		.uleb128 0x5
 7597 03ab 00       		.byte	0
 7598 03ac 03       		.uleb128 0x3
 7599 03ad 08       		.uleb128 0x8
 7600 03ae 3A       		.uleb128 0x3a
 7601 03af 0B       		.uleb128 0xb
 7602 03b0 3B       		.uleb128 0x3b
 7603 03b1 0B       		.uleb128 0xb
 7604 03b2 39       		.uleb128 0x39
 7605 03b3 0B       		.uleb128 0xb
 7606 03b4 49       		.uleb128 0x49
 7607 03b5 13       		.uleb128 0x13
 7608 03b6 02       		.uleb128 0x2
 7609 03b7 18       		.uleb128 0x18
 7610 03b8 00       		.byte	0
 7611 03b9 00       		.byte	0
 7612 03ba 3C       		.uleb128 0x3c
 7613 03bb 05       		.uleb128 0x5
 7614 03bc 00       		.byte	0
 7615 03bd 03       		.uleb128 0x3
 7616 03be 08       		.uleb128 0x8
 7617 03bf 3A       		.uleb128 0x3a
 7618 03c0 0B       		.uleb128 0xb
 7619 03c1 3B       		.uleb128 0x3b
 7620 03c2 0B       		.uleb128 0xb
 7621 03c3 39       		.uleb128 0x39
 7622 03c4 0B       		.uleb128 0xb
 7623 03c5 49       		.uleb128 0x49
 7624 03c6 13       		.uleb128 0x13
 7625 03c7 02       		.uleb128 0x2
 7626 03c8 17       		.uleb128 0x17
 7627 03c9 B742     		.uleb128 0x2137
 7628 03cb 17       		.uleb128 0x17
 7629 03cc 00       		.byte	0
 7630 03cd 00       		.byte	0
 7631 03ce 3D       		.uleb128 0x3d
 7632 03cf 2E       		.uleb128 0x2e
 7633 03d0 01       		.byte	0x1
 7634 03d1 03       		.uleb128 0x3
 7635 03d2 0E       		.uleb128 0xe
 7636 03d3 3A       		.uleb128 0x3a
 7637 03d4 0B       		.uleb128 0xb
 7638 03d5 3B       		.uleb128 0x3b
ARM GAS  /tmp/ccUycNjg.s 			page 135


 7639 03d6 05       		.uleb128 0x5
 7640 03d7 39       		.uleb128 0x39
 7641 03d8 0B       		.uleb128 0xb
 7642 03d9 27       		.uleb128 0x27
 7643 03da 19       		.uleb128 0x19
 7644 03db 49       		.uleb128 0x49
 7645 03dc 13       		.uleb128 0x13
 7646 03dd 20       		.uleb128 0x20
 7647 03de 0B       		.uleb128 0xb
 7648 03df 01       		.uleb128 0x1
 7649 03e0 13       		.uleb128 0x13
 7650 03e1 00       		.byte	0
 7651 03e2 00       		.byte	0
 7652 03e3 3E       		.uleb128 0x3e
 7653 03e4 2E       		.uleb128 0x2e
 7654 03e5 00       		.byte	0
 7655 03e6 03       		.uleb128 0x3
 7656 03e7 0E       		.uleb128 0xe
 7657 03e8 3A       		.uleb128 0x3a
 7658 03e9 0B       		.uleb128 0xb
 7659 03ea 3B       		.uleb128 0x3b
 7660 03eb 05       		.uleb128 0x5
 7661 03ec 39       		.uleb128 0x39
 7662 03ed 0B       		.uleb128 0xb
 7663 03ee 27       		.uleb128 0x27
 7664 03ef 19       		.uleb128 0x19
 7665 03f0 49       		.uleb128 0x49
 7666 03f1 13       		.uleb128 0x13
 7667 03f2 20       		.uleb128 0x20
 7668 03f3 0B       		.uleb128 0xb
 7669 03f4 00       		.byte	0
 7670 03f5 00       		.byte	0
 7671 03f6 3F       		.uleb128 0x3f
 7672 03f7 2E       		.uleb128 0x2e
 7673 03f8 00       		.byte	0
 7674 03f9 3F       		.uleb128 0x3f
 7675 03fa 19       		.uleb128 0x19
 7676 03fb 3C       		.uleb128 0x3c
 7677 03fc 19       		.uleb128 0x19
 7678 03fd 6E       		.uleb128 0x6e
 7679 03fe 0E       		.uleb128 0xe
 7680 03ff 03       		.uleb128 0x3
 7681 0400 0E       		.uleb128 0xe
 7682 0401 3A       		.uleb128 0x3a
 7683 0402 0B       		.uleb128 0xb
 7684 0403 3B       		.uleb128 0x3b
 7685 0404 0B       		.uleb128 0xb
 7686 0405 00       		.byte	0
 7687 0406 00       		.byte	0
 7688 0407 00       		.byte	0
 7689              		.section	.debug_loclists,"",%progbits
 7690 0000 E3080000 		.4byte	.Ldebug_loc3-.Ldebug_loc2
 7691              	.Ldebug_loc2:
 7692 0004 0500     		.2byte	0x5
 7693 0006 04       		.byte	0x4
 7694 0007 00       		.byte	0
 7695 0008 00000000 		.4byte	0
ARM GAS  /tmp/ccUycNjg.s 			page 136


 7696              	.Ldebug_loc0:
 7697              	.LVUS109:
 7698 000c 00       		.uleb128 0
 7699 000d 00       		.uleb128 .LVU971
 7700 000e 00       		.uleb128 .LVU971
 7701 000f 00       		.uleb128 .LVU988
 7702 0010 00       		.uleb128 .LVU988
 7703 0011 00       		.uleb128 .LVU989
 7704 0012 00       		.uleb128 .LVU989
 7705 0013 00       		.uleb128 0
 7706              	.LLST109:
 7707 0014 06       		.byte	0x6
 7708 0015 00000000 		.4byte	.LVL164
 7709 0019 04       		.byte	0x4
 7710 001a 00       		.uleb128 .LVL164-.LVL164
 7711 001b 14       		.uleb128 .LVL169-.LVL164
 7712 001c 01       		.uleb128 0x1
 7713 001d 50       		.byte	0x50
 7714 001e 04       		.byte	0x4
 7715 001f 14       		.uleb128 .LVL169-.LVL164
 7716 0020 1C       		.uleb128 .LVL171-.LVL164
 7717 0021 0A       		.uleb128 0xa
 7718 0022 A3       		.byte	0xa3
 7719 0023 03       		.uleb128 0x3
 7720 0024 A5       		.byte	0xa5
 7721 0025 00       		.uleb128 0
 7722 0026 26       		.uleb128 0x26
 7723 0027 A8       		.byte	0xa8
 7724 0028 2D       		.uleb128 0x2d
 7725 0029 A8       		.byte	0xa8
 7726 002a 00       		.uleb128 0
 7727 002b 9F       		.byte	0x9f
 7728 002c 04       		.byte	0x4
 7729 002d 1C       		.uleb128 .LVL171-.LVL164
 7730 002e 1F       		.uleb128 .LVL172-1-.LVL164
 7731 002f 01       		.uleb128 0x1
 7732 0030 50       		.byte	0x50
 7733 0031 04       		.byte	0x4
 7734 0032 1F       		.uleb128 .LVL172-1-.LVL164
 7735 0033 22       		.uleb128 .LFE254-.LVL164
 7736 0034 0A       		.uleb128 0xa
 7737 0035 A3       		.byte	0xa3
 7738 0036 03       		.uleb128 0x3
 7739 0037 A5       		.byte	0xa5
 7740 0038 00       		.uleb128 0
 7741 0039 26       		.uleb128 0x26
 7742 003a A8       		.byte	0xa8
 7743 003b 2D       		.uleb128 0x2d
 7744 003c A8       		.byte	0xa8
 7745 003d 00       		.uleb128 0
 7746 003e 9F       		.byte	0x9f
 7747 003f 00       		.byte	0
 7748              	.LVUS112:
 7749 0040 00       		.uleb128 .LVU968
 7750 0041 00       		.uleb128 .LVU970
 7751 0042 00       		.uleb128 .LVU970
 7752 0043 00       		.uleb128 .LVU971
ARM GAS  /tmp/ccUycNjg.s 			page 137


 7753 0044 00       		.uleb128 .LVU988
 7754 0045 00       		.uleb128 .LVU989
 7755              	.LLST112:
 7756 0046 06       		.byte	0x6
 7757 0047 10000000 		.4byte	.LVL167
 7758 004b 04       		.byte	0x4
 7759 004c 00       		.uleb128 .LVL167-.LVL167
 7760 004d 02       		.uleb128 .LVL168-.LVL167
 7761 004e 03       		.uleb128 0x3
 7762 004f 71       		.byte	0x71
 7763 0050 7C       		.sleb128 -4
 7764 0051 9F       		.byte	0x9f
 7765 0052 04       		.byte	0x4
 7766 0053 02       		.uleb128 .LVL168-.LVL167
 7767 0054 04       		.uleb128 .LVL169-.LVL167
 7768 0055 01       		.uleb128 0x1
 7769 0056 51       		.byte	0x51
 7770 0057 04       		.byte	0x4
 7771 0058 0C       		.uleb128 .LVL171-.LVL167
 7772 0059 0F       		.uleb128 .LVL172-1-.LVL167
 7773 005a 01       		.uleb128 0x1
 7774 005b 51       		.byte	0x51
 7775 005c 00       		.byte	0
 7776              	.LVUS110:
 7777 005d 07       		.uleb128 .LVU957
 7778 005e 00       		.uleb128 .LVU959
 7779              	.LLST110:
 7780 005f 08       		.byte	0x8
 7781 0060 02000000 		.4byte	.LVL165
 7782 0064 06       		.uleb128 .LVL166-.LVL165
 7783 0065 03       		.uleb128 0x3
 7784 0066 08       		.byte	0x8
 7785 0067 20       		.byte	0x20
 7786 0068 9F       		.byte	0x9f
 7787 0069 00       		.byte	0
 7788              	.LVUS113:
 7789 006a 0D       		.uleb128 .LVU984
 7790 006b 00       		.uleb128 .LVU986
 7791              	.LLST113:
 7792 006c 08       		.byte	0x8
 7793 006d 14000000 		.4byte	.LVL169
 7794 0071 06       		.uleb128 .LVL170-.LVL169
 7795 0072 02       		.uleb128 0x2
 7796 0073 30       		.byte	0x30
 7797 0074 9F       		.byte	0x9f
 7798 0075 00       		.byte	0
 7799              	.LVUS106:
 7800 0076 00       		.uleb128 0
 7801 0077 00       		.uleb128 .LVU912
 7802 0078 00       		.uleb128 .LVU912
 7803 0079 00       		.uleb128 .LVU913
 7804 007a 00       		.uleb128 .LVU913
 7805 007b 00       		.uleb128 .LVU922
 7806 007c 00       		.uleb128 .LVU922
 7807 007d 00       		.uleb128 .LVU923
 7808 007e 00       		.uleb128 .LVU923
 7809 007f 00       		.uleb128 .LVU942
ARM GAS  /tmp/ccUycNjg.s 			page 138


 7810 0080 00       		.uleb128 .LVU942
 7811 0081 00       		.uleb128 .LVU943
 7812 0082 00       		.uleb128 .LVU943
 7813 0083 00       		.uleb128 .LVU945
 7814 0084 00       		.uleb128 .LVU945
 7815 0085 00       		.uleb128 .LVU946
 7816 0086 00       		.uleb128 .LVU946
 7817 0087 00       		.uleb128 .LVU947
 7818 0088 00       		.uleb128 .LVU947
 7819 0089 00       		.uleb128 0
 7820              	.LLST106:
 7821 008a 06       		.byte	0x6
 7822 008b 00000000 		.4byte	.LVL151
 7823 008f 04       		.byte	0x4
 7824 0090 00       		.uleb128 .LVL151-.LVL151
 7825 0091 0A       		.uleb128 .LVL152-.LVL151
 7826 0092 01       		.uleb128 0x1
 7827 0093 50       		.byte	0x50
 7828 0094 04       		.byte	0x4
 7829 0095 0A       		.uleb128 .LVL152-.LVL151
 7830 0096 0C       		.uleb128 .LVL153-.LVL151
 7831 0097 0A       		.uleb128 0xa
 7832 0098 A3       		.byte	0xa3
 7833 0099 03       		.uleb128 0x3
 7834 009a A5       		.byte	0xa5
 7835 009b 00       		.uleb128 0
 7836 009c 26       		.uleb128 0x26
 7837 009d A8       		.byte	0xa8
 7838 009e 2D       		.uleb128 0x2d
 7839 009f A8       		.byte	0xa8
 7840 00a0 00       		.uleb128 0
 7841 00a1 9F       		.byte	0x9f
 7842 00a2 04       		.byte	0x4
 7843 00a3 0C       		.uleb128 .LVL153-.LVL151
 7844 00a4 1C       		.uleb128 .LVL156-.LVL151
 7845 00a5 01       		.uleb128 0x1
 7846 00a6 50       		.byte	0x50
 7847 00a7 04       		.byte	0x4
 7848 00a8 1C       		.uleb128 .LVL156-.LVL151
 7849 00a9 1E       		.uleb128 .LVL157-.LVL151
 7850 00aa 0A       		.uleb128 0xa
 7851 00ab A3       		.byte	0xa3
 7852 00ac 03       		.uleb128 0x3
 7853 00ad A5       		.byte	0xa5
 7854 00ae 00       		.uleb128 0
 7855 00af 26       		.uleb128 0x26
 7856 00b0 A8       		.byte	0xa8
 7857 00b1 2D       		.uleb128 0x2d
 7858 00b2 A8       		.byte	0xa8
 7859 00b3 00       		.uleb128 0
 7860 00b4 9F       		.byte	0x9f
 7861 00b5 04       		.byte	0x4
 7862 00b6 1E       		.uleb128 .LVL157-.LVL151
 7863 00b7 3E       		.uleb128 .LVL159-.LVL151
 7864 00b8 01       		.uleb128 0x1
 7865 00b9 50       		.byte	0x50
 7866 00ba 04       		.byte	0x4
ARM GAS  /tmp/ccUycNjg.s 			page 139


 7867 00bb 3E       		.uleb128 .LVL159-.LVL151
 7868 00bc 40       		.uleb128 .LVL160-.LVL151
 7869 00bd 0A       		.uleb128 0xa
 7870 00be A3       		.byte	0xa3
 7871 00bf 03       		.uleb128 0x3
 7872 00c0 A5       		.byte	0xa5
 7873 00c1 00       		.uleb128 0
 7874 00c2 26       		.uleb128 0x26
 7875 00c3 A8       		.byte	0xa8
 7876 00c4 2D       		.uleb128 0x2d
 7877 00c5 A8       		.byte	0xa8
 7878 00c6 00       		.uleb128 0
 7879 00c7 9F       		.byte	0x9f
 7880 00c8 04       		.byte	0x4
 7881 00c9 40       		.uleb128 .LVL160-.LVL151
 7882 00ca 42       		.uleb128 .LVL161-.LVL151
 7883 00cb 01       		.uleb128 0x1
 7884 00cc 50       		.byte	0x50
 7885 00cd 04       		.byte	0x4
 7886 00ce 42       		.uleb128 .LVL161-.LVL151
 7887 00cf 44       		.uleb128 .LVL162-.LVL151
 7888 00d0 0A       		.uleb128 0xa
 7889 00d1 A3       		.byte	0xa3
 7890 00d2 03       		.uleb128 0x3
 7891 00d3 A5       		.byte	0xa5
 7892 00d4 00       		.uleb128 0
 7893 00d5 26       		.uleb128 0x26
 7894 00d6 A8       		.byte	0xa8
 7895 00d7 2D       		.uleb128 0x2d
 7896 00d8 A8       		.byte	0xa8
 7897 00d9 00       		.uleb128 0
 7898 00da 9F       		.byte	0x9f
 7899 00db 04       		.byte	0x4
 7900 00dc 44       		.uleb128 .LVL162-.LVL151
 7901 00dd 46       		.uleb128 .LVL163-.LVL151
 7902 00de 01       		.uleb128 0x1
 7903 00df 50       		.byte	0x50
 7904 00e0 04       		.byte	0x4
 7905 00e1 46       		.uleb128 .LVL163-.LVL151
 7906 00e2 48       		.uleb128 .LFE253-.LVL151
 7907 00e3 0A       		.uleb128 0xa
 7908 00e4 A3       		.byte	0xa3
 7909 00e5 03       		.uleb128 0x3
 7910 00e6 A5       		.byte	0xa5
 7911 00e7 00       		.uleb128 0
 7912 00e8 26       		.uleb128 0x26
 7913 00e9 A8       		.byte	0xa8
 7914 00ea 2D       		.uleb128 0x2d
 7915 00eb A8       		.byte	0xa8
 7916 00ec 00       		.uleb128 0
 7917 00ed 9F       		.byte	0x9f
 7918 00ee 00       		.byte	0
 7919              	.LVUS108:
 7920 00ef 00       		.uleb128 .LVU918
 7921 00f0 00       		.uleb128 .LVU920
 7922 00f1 00       		.uleb128 .LVU920
 7923 00f2 00       		.uleb128 .LVU931
ARM GAS  /tmp/ccUycNjg.s 			page 140


 7924              	.LLST108:
 7925 00f3 06       		.byte	0x6
 7926 00f4 16000000 		.4byte	.LVL154
 7927 00f8 04       		.byte	0x4
 7928 00f9 00       		.uleb128 .LVL154-.LVL154
 7929 00fa 02       		.uleb128 .LVL155-.LVL154
 7930 00fb 03       		.uleb128 0x3
 7931 00fc 72       		.byte	0x72
 7932 00fd 7C       		.sleb128 -4
 7933 00fe 9F       		.byte	0x9f
 7934 00ff 04       		.byte	0x4
 7935 0100 02       		.uleb128 .LVL155-.LVL154
 7936 0101 14       		.uleb128 .LVL158-.LVL154
 7937 0102 01       		.uleb128 0x1
 7938 0103 52       		.byte	0x52
 7939 0104 00       		.byte	0
 7940              	.LVUS89:
 7941 0105 00       		.uleb128 0
 7942 0106 00       		.uleb128 .LVU775
 7943 0107 00       		.uleb128 .LVU775
 7944 0108 00       		.uleb128 0
 7945              	.LLST89:
 7946 0109 06       		.byte	0x6
 7947 010a 00000000 		.4byte	.LVL121
 7948 010e 04       		.byte	0x4
 7949 010f 00       		.uleb128 .LVL121-.LVL121
 7950 0110 20       		.uleb128 .LVL126-.LVL121
 7951 0111 01       		.uleb128 0x1
 7952 0112 50       		.byte	0x50
 7953 0113 04       		.byte	0x4
 7954 0114 20       		.uleb128 .LVL126-.LVL121
 7955 0115 E401     		.uleb128 .LFE252-.LVL121
 7956 0117 01       		.uleb128 0x1
 7957 0118 54       		.byte	0x54
 7958 0119 00       		.byte	0
 7959              	.LVUS90:
 7960 011a 00       		.uleb128 0
 7961 011b 00       		.uleb128 .LVU775
 7962 011c 00       		.uleb128 .LVU775
 7963 011d 00       		.uleb128 0
 7964              	.LLST90:
 7965 011e 06       		.byte	0x6
 7966 011f 00000000 		.4byte	.LVL121
 7967 0123 04       		.byte	0x4
 7968 0124 00       		.uleb128 .LVL121-.LVL121
 7969 0125 20       		.uleb128 .LVL126-.LVL121
 7970 0126 01       		.uleb128 0x1
 7971 0127 51       		.byte	0x51
 7972 0128 04       		.byte	0x4
 7973 0129 20       		.uleb128 .LVL126-.LVL121
 7974 012a E401     		.uleb128 .LFE252-.LVL121
 7975 012c 01       		.uleb128 0x1
 7976 012d 56       		.byte	0x56
 7977 012e 00       		.byte	0
 7978              	.LVUS91:
 7979 012f 00       		.uleb128 0
 7980 0130 00       		.uleb128 .LVU775
ARM GAS  /tmp/ccUycNjg.s 			page 141


 7981 0131 00       		.uleb128 .LVU775
 7982 0132 00       		.uleb128 0
 7983              	.LLST91:
 7984 0133 06       		.byte	0x6
 7985 0134 00000000 		.4byte	.LVL121
 7986 0138 04       		.byte	0x4
 7987 0139 00       		.uleb128 .LVL121-.LVL121
 7988 013a 20       		.uleb128 .LVL126-.LVL121
 7989 013b 01       		.uleb128 0x1
 7990 013c 52       		.byte	0x52
 7991 013d 04       		.byte	0x4
 7992 013e 20       		.uleb128 .LVL126-.LVL121
 7993 013f E401     		.uleb128 .LFE252-.LVL121
 7994 0141 01       		.uleb128 0x1
 7995 0142 57       		.byte	0x57
 7996 0143 00       		.byte	0
 7997              	.LVUS92:
 7998 0144 00       		.uleb128 0
 7999 0145 00       		.uleb128 .LVU759
 8000 0146 00       		.uleb128 .LVU759
 8001 0147 00       		.uleb128 0
 8002              	.LLST92:
 8003 0148 06       		.byte	0x6
 8004 0149 00000000 		.4byte	.LVL121
 8005 014d 04       		.byte	0x4
 8006 014e 00       		.uleb128 .LVL121-.LVL121
 8007 014f 0E       		.uleb128 .LVL123-.LVL121
 8008 0150 01       		.uleb128 0x1
 8009 0151 53       		.byte	0x53
 8010 0152 04       		.byte	0x4
 8011 0153 0E       		.uleb128 .LVL123-.LVL121
 8012 0154 E401     		.uleb128 .LFE252-.LVL121
 8013 0156 01       		.uleb128 0x1
 8014 0157 58       		.byte	0x58
 8015 0158 00       		.byte	0
 8016              	.LVUS93:
 8017 0159 01       		.uleb128 .LVU746
 8018 015a 00       		.uleb128 .LVU775
 8019 015b 00       		.uleb128 .LVU775
 8020 015c 00       		.uleb128 0
 8021              	.LLST93:
 8022 015d 06       		.byte	0x6
 8023 015e 0C000000 		.4byte	.LVL122
 8024 0162 04       		.byte	0x4
 8025 0163 00       		.uleb128 .LVL122-.LVL122
 8026 0164 14       		.uleb128 .LVL126-.LVL122
 8027 0165 02       		.uleb128 0x2
 8028 0166 30       		.byte	0x30
 8029 0167 9F       		.byte	0x9f
 8030 0168 04       		.byte	0x4
 8031 0169 14       		.uleb128 .LVL126-.LVL122
 8032 016a D801     		.uleb128 .LFE252-.LVL122
 8033 016c 01       		.uleb128 0x1
 8034 016d 55       		.byte	0x55
 8035 016e 00       		.byte	0
 8036              	.LVUS94:
 8037 016f 00       		.uleb128 .LVU774
ARM GAS  /tmp/ccUycNjg.s 			page 142


 8038 0170 00       		.uleb128 0
 8039              	.LLST94:
 8040 0171 08       		.byte	0x8
 8041 0172 1C000000 		.4byte	.LVL125
 8042 0176 C801     		.uleb128 .LFE252-.LVL125
 8043 0178 01       		.uleb128 0x1
 8044 0179 59       		.byte	0x59
 8045 017a 00       		.byte	0
 8046              	.LVUS97:
 8047 017b 00       		.uleb128 .LVU887
 8048 017c 00       		.uleb128 .LVU891
 8049 017d 00       		.uleb128 .LVU891
 8050 017e 00       		.uleb128 .LVU894
 8051 017f 00       		.uleb128 .LVU895
 8052 0180 00       		.uleb128 .LVU904
 8053              	.LLST97:
 8054 0181 06       		.byte	0x6
 8055 0182 AC000000 		.4byte	.LVL142
 8056 0186 04       		.byte	0x4
 8057 0187 00       		.uleb128 .LVL142-.LVL142
 8058 0188 0A       		.uleb128 .LVL143-.LVL142
 8059 0189 01       		.uleb128 0x1
 8060 018a 53       		.byte	0x53
 8061 018b 04       		.byte	0x4
 8062 018c 0A       		.uleb128 .LVL143-.LVL142
 8063 018d 16       		.uleb128 .LVL144-.LVL142
 8064 018e 01       		.uleb128 0x1
 8065 018f 5A       		.byte	0x5a
 8066 0190 04       		.byte	0x4
 8067 0191 18       		.uleb128 .LVL145-.LVL142
 8068 0192 2C       		.uleb128 .LVL149-.LVL142
 8069 0193 01       		.uleb128 0x1
 8070 0194 5A       		.byte	0x5a
 8071 0195 00       		.byte	0
 8072              	.LVUS99:
 8073 0196 00       		.uleb128 .LVU794
 8074 0197 02       		.uleb128 .LVU813
 8075 0198 00       		.uleb128 .LVU817
 8076 0199 00       		.uleb128 .LVU818
 8077              	.LLST99:
 8078 019a 06       		.byte	0x6
 8079 019b 3E000000 		.4byte	.LVL128
 8080 019f 04       		.byte	0x4
 8081 01a0 00       		.uleb128 .LVL128-.LVL128
 8082 01a1 08       		.uleb128 .LVL130-.LVL128
 8083 01a2 01       		.uleb128 0x1
 8084 01a3 50       		.byte	0x50
 8085 01a4 04       		.byte	0x4
 8086 01a5 16       		.uleb128 .LVL132-.LVL128
 8087 01a6 18       		.uleb128 .LVL133-.LVL128
 8088 01a7 01       		.uleb128 0x1
 8089 01a8 50       		.byte	0x50
 8090 01a9 00       		.byte	0
 8091              	.LVUS101:
 8092 01aa 00       		.uleb128 .LVU790
 8093 01ab 00       		.uleb128 .LVU794
 8094 01ac 00       		.uleb128 .LVU818
ARM GAS  /tmp/ccUycNjg.s 			page 143


 8095 01ad 00       		.uleb128 .LVU835
 8096              	.LLST101:
 8097 01ae 06       		.byte	0x6
 8098 01af 34000000 		.4byte	.LVL127
 8099 01b3 04       		.byte	0x4
 8100 01b4 00       		.uleb128 .LVL127-.LVL127
 8101 01b5 09       		.uleb128 .LVL128-1-.LVL127
 8102 01b6 01       		.uleb128 0x1
 8103 01b7 51       		.byte	0x51
 8104 01b8 04       		.byte	0x4
 8105 01b9 22       		.uleb128 .LVL133-.LVL127
 8106 01ba 2A       		.uleb128 .LVL135-.LVL127
 8107 01bb 01       		.uleb128 0x1
 8108 01bc 51       		.byte	0x51
 8109 01bd 00       		.byte	0
 8110              	.LVUS102:
 8111 01be 0C       		.uleb128 .LVU830
 8112 01bf 00       		.uleb128 .LVU832
 8113              	.LLST102:
 8114 01c0 08       		.byte	0x8
 8115 01c1 56000000 		.4byte	.LVL133
 8116 01c5 06       		.uleb128 .LVL134-.LVL133
 8117 01c6 02       		.uleb128 0x2
 8118 01c7 30       		.byte	0x30
 8119 01c8 9F       		.byte	0x9f
 8120 01c9 00       		.byte	0
 8121              	.LVUS103:
 8122 01ca 0C       		.uleb128 .LVU809
 8123 01cb 00       		.uleb128 .LVU811
 8124              	.LLST103:
 8125 01cc 08       		.byte	0x8
 8126 01cd 40000000 		.4byte	.LVL129
 8127 01d1 06       		.uleb128 .LVL130-.LVL129
 8128 01d2 02       		.uleb128 0x2
 8129 01d3 30       		.byte	0x30
 8130 01d4 9F       		.byte	0x9f
 8131 01d5 00       		.byte	0
 8132              	.LVUS104:
 8133 01d6 0C       		.uleb128 .LVU860
 8134 01d7 00       		.uleb128 .LVU862
 8135              	.LLST104:
 8136 01d8 08       		.byte	0x8
 8137 01d9 90000000 		.4byte	.LVL138
 8138 01dd 06       		.uleb128 .LVL139-.LVL138
 8139 01de 02       		.uleb128 0x2
 8140 01df 30       		.byte	0x30
 8141 01e0 9F       		.byte	0x9f
 8142 01e1 00       		.byte	0
 8143              	.LVUS105:
 8144 01e2 07       		.uleb128 .LVU872
 8145 01e3 00       		.uleb128 .LVU874
 8146              	.LLST105:
 8147 01e4 08       		.byte	0x8
 8148 01e5 9A000000 		.4byte	.LVL140
 8149 01e9 06       		.uleb128 .LVL141-.LVL140
 8150 01ea 03       		.uleb128 0x3
 8151 01eb 08       		.byte	0x8
ARM GAS  /tmp/ccUycNjg.s 			page 144


 8152 01ec 20       		.byte	0x20
 8153 01ed 9F       		.byte	0x9f
 8154 01ee 00       		.byte	0
 8155              	.LVUS95:
 8156 01ef 0C       		.uleb128 .LVU757
 8157 01f0 00       		.uleb128 .LVU760
 8158              	.LLST95:
 8159 01f1 08       		.byte	0x8
 8160 01f2 0C000000 		.4byte	.LVL122
 8161 01f6 06       		.uleb128 .LVL124-.LVL122
 8162 01f7 03       		.uleb128 0x3
 8163 01f8 08       		.byte	0x8
 8164 01f9 20       		.byte	0x20
 8165 01fa 9F       		.byte	0x9f
 8166 01fb 00       		.byte	0
 8167              	.LVUS82:
 8168 01fc 00       		.uleb128 0
 8169 01fd 00       		.uleb128 .LVU692
 8170 01fe 00       		.uleb128 .LVU692
 8171 01ff 00       		.uleb128 .LVU718
 8172 0200 00       		.uleb128 .LVU718
 8173 0201 00       		.uleb128 .LVU721
 8174 0202 00       		.uleb128 .LVU721
 8175 0203 00       		.uleb128 0
 8176              	.LLST82:
 8177 0204 06       		.byte	0x6
 8178 0205 00000000 		.4byte	.LVL108
 8179 0209 04       		.byte	0x4
 8180 020a 00       		.uleb128 .LVL108-.LVL108
 8181 020b 10       		.uleb128 .LVL111-.LVL108
 8182 020c 01       		.uleb128 0x1
 8183 020d 50       		.byte	0x50
 8184 020e 04       		.byte	0x4
 8185 020f 10       		.uleb128 .LVL111-.LVL108
 8186 0210 28       		.uleb128 .LVL114-.LVL108
 8187 0211 01       		.uleb128 0x1
 8188 0212 54       		.byte	0x54
 8189 0213 04       		.byte	0x4
 8190 0214 28       		.uleb128 .LVL114-.LVL108
 8191 0215 2D       		.uleb128 .LVL116-1-.LVL108
 8192 0216 01       		.uleb128 0x1
 8193 0217 50       		.byte	0x50
 8194 0218 04       		.byte	0x4
 8195 0219 2D       		.uleb128 .LVL116-1-.LVL108
 8196 021a 46       		.uleb128 .LFE251-.LVL108
 8197 021b 01       		.uleb128 0x1
 8198 021c 54       		.byte	0x54
 8199 021d 00       		.byte	0
 8200              	.LVUS83:
 8201 021e 00       		.uleb128 0
 8202 021f 00       		.uleb128 .LVU692
 8203 0220 00       		.uleb128 .LVU692
 8204 0221 00       		.uleb128 .LVU718
 8205 0222 00       		.uleb128 .LVU718
 8206 0223 00       		.uleb128 .LVU720
 8207 0224 00       		.uleb128 .LVU720
 8208 0225 00       		.uleb128 0
ARM GAS  /tmp/ccUycNjg.s 			page 145


 8209              	.LLST83:
 8210 0226 06       		.byte	0x6
 8211 0227 00000000 		.4byte	.LVL108
 8212 022b 04       		.byte	0x4
 8213 022c 00       		.uleb128 .LVL108-.LVL108
 8214 022d 10       		.uleb128 .LVL111-.LVL108
 8215 022e 01       		.uleb128 0x1
 8216 022f 51       		.byte	0x51
 8217 0230 04       		.byte	0x4
 8218 0231 10       		.uleb128 .LVL111-.LVL108
 8219 0232 28       		.uleb128 .LVL114-.LVL108
 8220 0233 01       		.uleb128 0x1
 8221 0234 55       		.byte	0x55
 8222 0235 04       		.byte	0x4
 8223 0236 28       		.uleb128 .LVL114-.LVL108
 8224 0237 2A       		.uleb128 .LVL115-.LVL108
 8225 0238 01       		.uleb128 0x1
 8226 0239 51       		.byte	0x51
 8227 023a 04       		.byte	0x4
 8228 023b 2A       		.uleb128 .LVL115-.LVL108
 8229 023c 46       		.uleb128 .LFE251-.LVL108
 8230 023d 01       		.uleb128 0x1
 8231 023e 55       		.byte	0x55
 8232 023f 00       		.byte	0
 8233              	.LVUS84:
 8234 0240 00       		.uleb128 0
 8235 0241 00       		.uleb128 .LVU692
 8236 0242 00       		.uleb128 .LVU692
 8237 0243 00       		.uleb128 .LVU718
 8238 0244 00       		.uleb128 .LVU718
 8239 0245 00       		.uleb128 .LVU721
 8240 0246 00       		.uleb128 .LVU721
 8241 0247 00       		.uleb128 0
 8242              	.LLST84:
 8243 0248 06       		.byte	0x6
 8244 0249 00000000 		.4byte	.LVL108
 8245 024d 04       		.byte	0x4
 8246 024e 00       		.uleb128 .LVL108-.LVL108
 8247 024f 10       		.uleb128 .LVL111-.LVL108
 8248 0250 01       		.uleb128 0x1
 8249 0251 52       		.byte	0x52
 8250 0252 04       		.byte	0x4
 8251 0253 10       		.uleb128 .LVL111-.LVL108
 8252 0254 28       		.uleb128 .LVL114-.LVL108
 8253 0255 0A       		.uleb128 0xa
 8254 0256 A3       		.byte	0xa3
 8255 0257 03       		.uleb128 0x3
 8256 0258 A5       		.byte	0xa5
 8257 0259 02       		.uleb128 0x2
 8258 025a 26       		.uleb128 0x26
 8259 025b A8       		.byte	0xa8
 8260 025c 2D       		.uleb128 0x2d
 8261 025d A8       		.byte	0xa8
 8262 025e 00       		.uleb128 0
 8263 025f 9F       		.byte	0x9f
 8264 0260 04       		.byte	0x4
 8265 0261 28       		.uleb128 .LVL114-.LVL108
ARM GAS  /tmp/ccUycNjg.s 			page 146


 8266 0262 2D       		.uleb128 .LVL116-1-.LVL108
 8267 0263 01       		.uleb128 0x1
 8268 0264 52       		.byte	0x52
 8269 0265 04       		.byte	0x4
 8270 0266 2D       		.uleb128 .LVL116-1-.LVL108
 8271 0267 46       		.uleb128 .LFE251-.LVL108
 8272 0268 0A       		.uleb128 0xa
 8273 0269 A3       		.byte	0xa3
 8274 026a 03       		.uleb128 0x3
 8275 026b A5       		.byte	0xa5
 8276 026c 02       		.uleb128 0x2
 8277 026d 26       		.uleb128 0x26
 8278 026e A8       		.byte	0xa8
 8279 026f 2D       		.uleb128 0x2d
 8280 0270 A8       		.byte	0xa8
 8281 0271 00       		.uleb128 0
 8282 0272 9F       		.byte	0x9f
 8283 0273 00       		.byte	0
 8284              	.LVUS85:
 8285 0274 00       		.uleb128 .LVU721
 8286 0275 00       		.uleb128 .LVU740
 8287              	.LLST85:
 8288 0276 08       		.byte	0x8
 8289 0277 2E000000 		.4byte	.LVL116
 8290 027b 0C       		.uleb128 .LVL119-.LVL116
 8291 027c 01       		.uleb128 0x1
 8292 027d 50       		.byte	0x50
 8293 027e 00       		.byte	0
 8294              	.LVUS86:
 8295 027f 08       		.uleb128 .LVU684
 8296 0280 00       		.uleb128 .LVU686
 8297              	.LLST86:
 8298 0281 08       		.byte	0x8
 8299 0282 06000000 		.4byte	.LVL109
 8300 0286 06       		.uleb128 .LVL110-.LVL109
 8301 0287 03       		.uleb128 0x3
 8302 0288 08       		.byte	0x8
 8303 0289 20       		.byte	0x20
 8304 028a 9F       		.byte	0x9f
 8305 028b 00       		.byte	0
 8306              	.LVUS87:
 8307 028c 0C       		.uleb128 .LVU713
 8308 028d 00       		.uleb128 .LVU715
 8309              	.LLST87:
 8310 028e 08       		.byte	0x8
 8311 028f 20000000 		.4byte	.LVL112
 8312 0293 06       		.uleb128 .LVL113-.LVL112
 8313 0294 02       		.uleb128 0x2
 8314 0295 30       		.byte	0x30
 8315 0296 9F       		.byte	0x9f
 8316 0297 00       		.byte	0
 8317              	.LVUS88:
 8318 0298 0C       		.uleb128 .LVU735
 8319 0299 00       		.uleb128 .LVU737
 8320              	.LLST88:
 8321 029a 08       		.byte	0x8
 8322 029b 32000000 		.4byte	.LVL117
ARM GAS  /tmp/ccUycNjg.s 			page 147


 8323 029f 06       		.uleb128 .LVL118-.LVL117
 8324 02a0 02       		.uleb128 0x2
 8325 02a1 30       		.byte	0x30
 8326 02a2 9F       		.byte	0x9f
 8327 02a3 00       		.byte	0
 8328              	.LVUS76:
 8329 02a4 00       		.uleb128 0
 8330 02a5 00       		.uleb128 .LVU642
 8331 02a6 00       		.uleb128 .LVU642
 8332 02a7 00       		.uleb128 0
 8333              	.LLST76:
 8334 02a8 06       		.byte	0x6
 8335 02a9 00000000 		.4byte	.LVL101
 8336 02ad 04       		.byte	0x4
 8337 02ae 00       		.uleb128 .LVL101-.LVL101
 8338 02af 27       		.uleb128 .LVL102-1-.LVL101
 8339 02b0 01       		.uleb128 0x1
 8340 02b1 50       		.byte	0x50
 8341 02b2 04       		.byte	0x4
 8342 02b3 27       		.uleb128 .LVL102-1-.LVL101
 8343 02b4 2A       		.uleb128 .LFE250-.LVL101
 8344 02b5 0A       		.uleb128 0xa
 8345 02b6 A3       		.byte	0xa3
 8346 02b7 03       		.uleb128 0x3
 8347 02b8 A5       		.byte	0xa5
 8348 02b9 00       		.uleb128 0
 8349 02ba 26       		.uleb128 0x26
 8350 02bb A8       		.byte	0xa8
 8351 02bc 2D       		.uleb128 0x2d
 8352 02bd A8       		.byte	0xa8
 8353 02be 00       		.uleb128 0
 8354 02bf 9F       		.byte	0x9f
 8355 02c0 00       		.byte	0
 8356              	.LVUS77:
 8357 02c1 00       		.uleb128 0
 8358 02c2 00       		.uleb128 .LVU642
 8359 02c3 00       		.uleb128 .LVU642
 8360 02c4 00       		.uleb128 0
 8361              	.LLST77:
 8362 02c5 06       		.byte	0x6
 8363 02c6 00000000 		.4byte	.LVL101
 8364 02ca 04       		.byte	0x4
 8365 02cb 00       		.uleb128 .LVL101-.LVL101
 8366 02cc 27       		.uleb128 .LVL102-1-.LVL101
 8367 02cd 01       		.uleb128 0x1
 8368 02ce 51       		.byte	0x51
 8369 02cf 04       		.byte	0x4
 8370 02d0 27       		.uleb128 .LVL102-1-.LVL101
 8371 02d1 2A       		.uleb128 .LFE250-.LVL101
 8372 02d2 0A       		.uleb128 0xa
 8373 02d3 A3       		.byte	0xa3
 8374 02d4 03       		.uleb128 0x3
 8375 02d5 A5       		.byte	0xa5
 8376 02d6 01       		.uleb128 0x1
 8377 02d7 26       		.uleb128 0x26
 8378 02d8 A8       		.byte	0xa8
 8379 02d9 2D       		.uleb128 0x2d
ARM GAS  /tmp/ccUycNjg.s 			page 148


 8380 02da A8       		.byte	0xa8
 8381 02db 00       		.uleb128 0
 8382 02dc 9F       		.byte	0x9f
 8383 02dd 00       		.byte	0
 8384              	.LVUS78:
 8385 02de 00       		.uleb128 0
 8386 02df 00       		.uleb128 .LVU658
 8387 02e0 00       		.uleb128 .LVU658
 8388 02e1 00       		.uleb128 0
 8389              	.LLST78:
 8390 02e2 06       		.byte	0x6
 8391 02e3 00000000 		.4byte	.LVL103
 8392 02e7 04       		.byte	0x4
 8393 02e8 00       		.uleb128 .LVL103-.LVL103
 8394 02e9 0B       		.uleb128 .LVL106-1-.LVL103
 8395 02ea 01       		.uleb128 0x1
 8396 02eb 50       		.byte	0x50
 8397 02ec 04       		.byte	0x4
 8398 02ed 0B       		.uleb128 .LVL106-1-.LVL103
 8399 02ee 14       		.uleb128 .LFE249-.LVL103
 8400 02ef 0A       		.uleb128 0xa
 8401 02f0 A3       		.byte	0xa3
 8402 02f1 03       		.uleb128 0x3
 8403 02f2 A5       		.byte	0xa5
 8404 02f3 00       		.uleb128 0
 8405 02f4 26       		.uleb128 0x26
 8406 02f5 A8       		.byte	0xa8
 8407 02f6 2D       		.uleb128 0x2d
 8408 02f7 A8       		.byte	0xa8
 8409 02f8 00       		.uleb128 0
 8410 02f9 9F       		.byte	0x9f
 8411 02fa 00       		.byte	0
 8412              	.LVUS79:
 8413 02fb 00       		.uleb128 0
 8414 02fc 00       		.uleb128 .LVU658
 8415 02fd 00       		.uleb128 .LVU658
 8416 02fe 00       		.uleb128 0
 8417              	.LLST79:
 8418 02ff 06       		.byte	0x6
 8419 0300 00000000 		.4byte	.LVL103
 8420 0304 04       		.byte	0x4
 8421 0305 00       		.uleb128 .LVL103-.LVL103
 8422 0306 0B       		.uleb128 .LVL106-1-.LVL103
 8423 0307 01       		.uleb128 0x1
 8424 0308 51       		.byte	0x51
 8425 0309 04       		.byte	0x4
 8426 030a 0B       		.uleb128 .LVL106-1-.LVL103
 8427 030b 14       		.uleb128 .LFE249-.LVL103
 8428 030c 0A       		.uleb128 0xa
 8429 030d A3       		.byte	0xa3
 8430 030e 03       		.uleb128 0x3
 8431 030f A5       		.byte	0xa5
 8432 0310 01       		.uleb128 0x1
 8433 0311 26       		.uleb128 0x26
 8434 0312 A8       		.byte	0xa8
 8435 0313 2D       		.uleb128 0x2d
 8436 0314 A8       		.byte	0xa8
ARM GAS  /tmp/ccUycNjg.s 			page 149


 8437 0315 00       		.uleb128 0
 8438 0316 9F       		.byte	0x9f
 8439 0317 00       		.byte	0
 8440              	.LVUS80:
 8441 0318 07       		.uleb128 .LVU652
 8442 0319 00       		.uleb128 .LVU654
 8443              	.LLST80:
 8444 031a 08       		.byte	0x8
 8445 031b 02000000 		.4byte	.LVL104
 8446 031f 06       		.uleb128 .LVL105-.LVL104
 8447 0320 03       		.uleb128 0x3
 8448 0321 08       		.byte	0x8
 8449 0322 20       		.byte	0x20
 8450 0323 9F       		.byte	0x9f
 8451 0324 00       		.byte	0
 8452              	.LVUS81:
 8453 0325 0C       		.uleb128 .LVU670
 8454 0326 00       		.uleb128 .LVU672
 8455              	.LLST81:
 8456 0327 08       		.byte	0x8
 8457 0328 0C000000 		.4byte	.LVL106
 8458 032c 06       		.uleb128 .LVL107-.LVL106
 8459 032d 02       		.uleb128 0x2
 8460 032e 30       		.byte	0x30
 8461 032f 9F       		.byte	0x9f
 8462 0330 00       		.byte	0
 8463              	.LVUS66:
 8464 0331 00       		.uleb128 0
 8465 0332 02       		.uleb128 .LVU552
 8466 0333 02       		.uleb128 .LVU552
 8467 0334 00       		.uleb128 0
 8468              	.LLST66:
 8469 0335 06       		.byte	0x6
 8470 0336 00000000 		.4byte	.LVL91
 8471 033a 04       		.byte	0x4
 8472 033b 00       		.uleb128 .LVL91-.LVL91
 8473 033c 06       		.uleb128 .LVL92-.LVL91
 8474 033d 01       		.uleb128 0x1
 8475 033e 50       		.byte	0x50
 8476 033f 04       		.byte	0x4
 8477 0340 06       		.uleb128 .LVL92-.LVL91
 8478 0341 28       		.uleb128 .LFE248-.LVL91
 8479 0342 01       		.uleb128 0x1
 8480 0343 54       		.byte	0x54
 8481 0344 00       		.byte	0
 8482              	.LVUS67:
 8483 0345 00       		.uleb128 0
 8484 0346 02       		.uleb128 .LVU552
 8485 0347 02       		.uleb128 .LVU552
 8486 0348 00       		.uleb128 0
 8487              	.LLST67:
 8488 0349 06       		.byte	0x6
 8489 034a 00000000 		.4byte	.LVL91
 8490 034e 04       		.byte	0x4
 8491 034f 00       		.uleb128 .LVL91-.LVL91
 8492 0350 06       		.uleb128 .LVL92-.LVL91
 8493 0351 01       		.uleb128 0x1
ARM GAS  /tmp/ccUycNjg.s 			page 150


 8494 0352 51       		.byte	0x51
 8495 0353 04       		.byte	0x4
 8496 0354 06       		.uleb128 .LVL92-.LVL91
 8497 0355 28       		.uleb128 .LFE248-.LVL91
 8498 0356 01       		.uleb128 0x1
 8499 0357 55       		.byte	0x55
 8500 0358 00       		.byte	0
 8501              	.LVUS68:
 8502 0359 00       		.uleb128 .LVU557
 8503 035a 00       		.uleb128 .LVU561
 8504              	.LLST68:
 8505 035b 08       		.byte	0x8
 8506 035c 12000000 		.4byte	.LVL94
 8507 0360 06       		.uleb128 .LVL95-.LVL94
 8508 0361 01       		.uleb128 0x1
 8509 0362 50       		.byte	0x50
 8510 0363 00       		.byte	0
 8511              	.LVUS69:
 8512 0364 01       		.uleb128 .LVU554
 8513 0365 00       		.uleb128 .LVU557
 8514              	.LLST69:
 8515 0366 08       		.byte	0x8
 8516 0367 0A000000 		.4byte	.LVL93
 8517 036b 08       		.uleb128 .LVL94-.LVL93
 8518 036c 01       		.uleb128 0x1
 8519 036d 55       		.byte	0x55
 8520 036e 00       		.byte	0
 8521              	.LVUS70:
 8522 036f 01       		.uleb128 .LVU554
 8523 0370 00       		.uleb128 .LVU557
 8524              	.LLST70:
 8525 0371 08       		.byte	0x8
 8526 0372 0A000000 		.4byte	.LVL93
 8527 0376 08       		.uleb128 .LVL94-.LVL93
 8528 0377 01       		.uleb128 0x1
 8529 0378 54       		.byte	0x54
 8530 0379 00       		.byte	0
 8531              	.LVUS71:
 8532 037a 00       		.uleb128 0
 8533 037b 00       		.uleb128 .LVU594
 8534 037c 00       		.uleb128 .LVU594
 8535 037d 00       		.uleb128 0
 8536              	.LLST71:
 8537 037e 06       		.byte	0x6
 8538 037f 00000000 		.4byte	.LVL96
 8539 0383 04       		.byte	0x4
 8540 0384 00       		.uleb128 .LVL96-.LVL96
 8541 0385 0B       		.uleb128 .LVL99-1-.LVL96
 8542 0386 01       		.uleb128 0x1
 8543 0387 50       		.byte	0x50
 8544 0388 04       		.byte	0x4
 8545 0389 0B       		.uleb128 .LVL99-1-.LVL96
 8546 038a 14       		.uleb128 .LFE247-.LVL96
 8547 038b 0A       		.uleb128 0xa
 8548 038c A3       		.byte	0xa3
 8549 038d 03       		.uleb128 0x3
 8550 038e A5       		.byte	0xa5
ARM GAS  /tmp/ccUycNjg.s 			page 151


 8551 038f 00       		.uleb128 0
 8552 0390 26       		.uleb128 0x26
 8553 0391 A8       		.byte	0xa8
 8554 0392 2D       		.uleb128 0x2d
 8555 0393 A8       		.byte	0xa8
 8556 0394 00       		.uleb128 0
 8557 0395 9F       		.byte	0x9f
 8558 0396 00       		.byte	0
 8559              	.LVUS72:
 8560 0397 00       		.uleb128 0
 8561 0398 00       		.uleb128 .LVU594
 8562 0399 00       		.uleb128 .LVU594
 8563 039a 00       		.uleb128 0
 8564              	.LLST72:
 8565 039b 06       		.byte	0x6
 8566 039c 00000000 		.4byte	.LVL96
 8567 03a0 04       		.byte	0x4
 8568 03a1 00       		.uleb128 .LVL96-.LVL96
 8569 03a2 0B       		.uleb128 .LVL99-1-.LVL96
 8570 03a3 01       		.uleb128 0x1
 8571 03a4 51       		.byte	0x51
 8572 03a5 04       		.byte	0x4
 8573 03a6 0B       		.uleb128 .LVL99-1-.LVL96
 8574 03a7 14       		.uleb128 .LFE247-.LVL96
 8575 03a8 0A       		.uleb128 0xa
 8576 03a9 A3       		.byte	0xa3
 8577 03aa 03       		.uleb128 0x3
 8578 03ab A5       		.byte	0xa5
 8579 03ac 01       		.uleb128 0x1
 8580 03ad 26       		.uleb128 0x26
 8581 03ae A8       		.byte	0xa8
 8582 03af 2D       		.uleb128 0x2d
 8583 03b0 A8       		.byte	0xa8
 8584 03b1 00       		.uleb128 0
 8585 03b2 9F       		.byte	0x9f
 8586 03b3 00       		.byte	0
 8587              	.LVUS73:
 8588 03b4 00       		.uleb128 .LVU594
 8589 03b5 00       		.uleb128 0
 8590              	.LLST73:
 8591 03b6 08       		.byte	0x8
 8592 03b7 0C000000 		.4byte	.LVL99
 8593 03bb 08       		.uleb128 .LFE247-.LVL99
 8594 03bc 01       		.uleb128 0x1
 8595 03bd 50       		.byte	0x50
 8596 03be 00       		.byte	0
 8597              	.LVUS74:
 8598 03bf 08       		.uleb128 .LVU587
 8599 03c0 00       		.uleb128 .LVU589
 8600              	.LLST74:
 8601 03c1 08       		.byte	0x8
 8602 03c2 02000000 		.4byte	.LVL97
 8603 03c6 06       		.uleb128 .LVL98-.LVL97
 8604 03c7 03       		.uleb128 0x3
 8605 03c8 08       		.byte	0x8
 8606 03c9 20       		.byte	0x20
 8607 03ca 9F       		.byte	0x9f
ARM GAS  /tmp/ccUycNjg.s 			page 152


 8608 03cb 00       		.byte	0
 8609              	.LVUS75:
 8610 03cc 0C       		.uleb128 .LVU606
 8611 03cd 00       		.uleb128 .LVU608
 8612              	.LLST75:
 8613 03ce 08       		.byte	0x8
 8614 03cf 0C000000 		.4byte	.LVL99
 8615 03d3 06       		.uleb128 .LVL100-.LVL99
 8616 03d4 02       		.uleb128 0x2
 8617 03d5 30       		.byte	0x30
 8618 03d6 9F       		.byte	0x9f
 8619 03d7 00       		.byte	0
 8620              	.LVUS63:
 8621 03d8 00       		.uleb128 0
 8622 03d9 00       		.uleb128 .LVU546
 8623 03da 00       		.uleb128 .LVU546
 8624 03db 00       		.uleb128 0
 8625              	.LLST63:
 8626 03dc 06       		.byte	0x6
 8627 03dd 00000000 		.4byte	.LVL88
 8628 03e1 04       		.byte	0x4
 8629 03e2 00       		.uleb128 .LVL88-.LVL88
 8630 03e3 1F       		.uleb128 .LVL90-1-.LVL88
 8631 03e4 01       		.uleb128 0x1
 8632 03e5 50       		.byte	0x50
 8633 03e6 04       		.byte	0x4
 8634 03e7 1F       		.uleb128 .LVL90-1-.LVL88
 8635 03e8 22       		.uleb128 .LFE246-.LVL88
 8636 03e9 0A       		.uleb128 0xa
 8637 03ea A3       		.byte	0xa3
 8638 03eb 03       		.uleb128 0x3
 8639 03ec A5       		.byte	0xa5
 8640 03ed 00       		.uleb128 0
 8641 03ee 26       		.uleb128 0x26
 8642 03ef A8       		.byte	0xa8
 8643 03f0 2D       		.uleb128 0x2d
 8644 03f1 A8       		.byte	0xa8
 8645 03f2 00       		.uleb128 0
 8646 03f3 9F       		.byte	0x9f
 8647 03f4 00       		.byte	0
 8648              	.LVUS64:
 8649 03f5 01       		.uleb128 .LVU544
 8650 03f6 00       		.uleb128 .LVU546
 8651              	.LLST64:
 8652 03f7 08       		.byte	0x8
 8653 03f8 1A000000 		.4byte	.LVL89
 8654 03fc 06       		.uleb128 .LVL90-.LVL89
 8655 03fd 02       		.uleb128 0x2
 8656 03fe 30       		.byte	0x30
 8657 03ff 9F       		.byte	0x9f
 8658 0400 00       		.byte	0
 8659              	.LVUS65:
 8660 0401 01       		.uleb128 .LVU544
 8661 0402 00       		.uleb128 .LVU546
 8662 0403 00       		.uleb128 .LVU546
 8663 0404 00       		.uleb128 .LVU546
 8664              	.LLST65:
ARM GAS  /tmp/ccUycNjg.s 			page 153


 8665 0405 06       		.byte	0x6
 8666 0406 1A000000 		.4byte	.LVL89
 8667 040a 04       		.byte	0x4
 8668 040b 00       		.uleb128 .LVL89-.LVL89
 8669 040c 05       		.uleb128 .LVL90-1-.LVL89
 8670 040d 01       		.uleb128 0x1
 8671 040e 50       		.byte	0x50
 8672 040f 04       		.byte	0x4
 8673 0410 05       		.uleb128 .LVL90-1-.LVL89
 8674 0411 06       		.uleb128 .LVL90-.LVL89
 8675 0412 0A       		.uleb128 0xa
 8676 0413 A3       		.byte	0xa3
 8677 0414 03       		.uleb128 0x3
 8678 0415 A5       		.byte	0xa5
 8679 0416 00       		.uleb128 0
 8680 0417 26       		.uleb128 0x26
 8681 0418 A8       		.byte	0xa8
 8682 0419 2D       		.uleb128 0x2d
 8683 041a A8       		.byte	0xa8
 8684 041b 00       		.uleb128 0
 8685 041c 9F       		.byte	0x9f
 8686 041d 00       		.byte	0
 8687              	.LVUS62:
 8688 041e 00       		.uleb128 0
 8689 041f 00       		.uleb128 .LVU520
 8690 0420 00       		.uleb128 .LVU520
 8691 0421 00       		.uleb128 .LVU521
 8692 0422 00       		.uleb128 .LVU521
 8693 0423 00       		.uleb128 .LVU523
 8694 0424 00       		.uleb128 .LVU523
 8695 0425 00       		.uleb128 0
 8696              	.LLST62:
 8697 0426 06       		.byte	0x6
 8698 0427 00000000 		.4byte	.LVL84
 8699 042b 04       		.byte	0x4
 8700 042c 00       		.uleb128 .LVL84-.LVL84
 8701 042d 0E       		.uleb128 .LVL85-.LVL84
 8702 042e 01       		.uleb128 0x1
 8703 042f 50       		.byte	0x50
 8704 0430 04       		.byte	0x4
 8705 0431 0E       		.uleb128 .LVL85-.LVL84
 8706 0432 12       		.uleb128 .LVL86-.LVL84
 8707 0433 0A       		.uleb128 0xa
 8708 0434 A3       		.byte	0xa3
 8709 0435 03       		.uleb128 0x3
 8710 0436 A5       		.byte	0xa5
 8711 0437 00       		.uleb128 0
 8712 0438 26       		.uleb128 0x26
 8713 0439 A8       		.byte	0xa8
 8714 043a 2D       		.uleb128 0x2d
 8715 043b A8       		.byte	0xa8
 8716 043c 00       		.uleb128 0
 8717 043d 9F       		.byte	0x9f
 8718 043e 04       		.byte	0x4
 8719 043f 12       		.uleb128 .LVL86-.LVL84
 8720 0440 1A       		.uleb128 .LVL87-.LVL84
 8721 0441 01       		.uleb128 0x1
ARM GAS  /tmp/ccUycNjg.s 			page 154


 8722 0442 50       		.byte	0x50
 8723 0443 04       		.byte	0x4
 8724 0444 1A       		.uleb128 .LVL87-.LVL84
 8725 0445 1C       		.uleb128 .LFE245-.LVL84
 8726 0446 0A       		.uleb128 0xa
 8727 0447 A3       		.byte	0xa3
 8728 0448 03       		.uleb128 0x3
 8729 0449 A5       		.byte	0xa5
 8730 044a 00       		.uleb128 0
 8731 044b 26       		.uleb128 0x26
 8732 044c A8       		.byte	0xa8
 8733 044d 2D       		.uleb128 0x2d
 8734 044e A8       		.byte	0xa8
 8735 044f 00       		.uleb128 0
 8736 0450 9F       		.byte	0x9f
 8737 0451 00       		.byte	0
 8738              	.LVUS59:
 8739 0452 00       		.uleb128 0
 8740 0453 00       		.uleb128 .LVU509
 8741 0454 00       		.uleb128 .LVU509
 8742 0455 00       		.uleb128 0
 8743              	.LLST59:
 8744 0456 06       		.byte	0x6
 8745 0457 00000000 		.4byte	.LVL81
 8746 045b 04       		.byte	0x4
 8747 045c 00       		.uleb128 .LVL81-.LVL81
 8748 045d 19       		.uleb128 .LVL83-1-.LVL81
 8749 045e 01       		.uleb128 0x1
 8750 045f 50       		.byte	0x50
 8751 0460 04       		.byte	0x4
 8752 0461 19       		.uleb128 .LVL83-1-.LVL81
 8753 0462 1C       		.uleb128 .LFE244-.LVL81
 8754 0463 0A       		.uleb128 0xa
 8755 0464 A3       		.byte	0xa3
 8756 0465 03       		.uleb128 0x3
 8757 0466 A5       		.byte	0xa5
 8758 0467 00       		.uleb128 0
 8759 0468 26       		.uleb128 0x26
 8760 0469 A8       		.byte	0xa8
 8761 046a 2D       		.uleb128 0x2d
 8762 046b A8       		.byte	0xa8
 8763 046c 00       		.uleb128 0
 8764 046d 9F       		.byte	0x9f
 8765 046e 00       		.byte	0
 8766              	.LVUS60:
 8767 046f 01       		.uleb128 .LVU507
 8768 0470 00       		.uleb128 .LVU509
 8769              	.LLST60:
 8770 0471 08       		.byte	0x8
 8771 0472 12000000 		.4byte	.LVL82
 8772 0476 08       		.uleb128 .LVL83-.LVL82
 8773 0477 03       		.uleb128 0x3
 8774 0478 09       		.byte	0x9
 8775 0479 FE       		.byte	0xfe
 8776 047a 9F       		.byte	0x9f
 8777 047b 00       		.byte	0
 8778              	.LVUS61:
ARM GAS  /tmp/ccUycNjg.s 			page 155


 8779 047c 01       		.uleb128 .LVU507
 8780 047d 00       		.uleb128 .LVU509
 8781 047e 00       		.uleb128 .LVU509
 8782 047f 00       		.uleb128 .LVU509
 8783              	.LLST61:
 8784 0480 06       		.byte	0x6
 8785 0481 12000000 		.4byte	.LVL82
 8786 0485 04       		.byte	0x4
 8787 0486 00       		.uleb128 .LVL82-.LVL82
 8788 0487 07       		.uleb128 .LVL83-1-.LVL82
 8789 0488 01       		.uleb128 0x1
 8790 0489 50       		.byte	0x50
 8791 048a 04       		.byte	0x4
 8792 048b 07       		.uleb128 .LVL83-1-.LVL82
 8793 048c 08       		.uleb128 .LVL83-.LVL82
 8794 048d 0A       		.uleb128 0xa
 8795 048e A3       		.byte	0xa3
 8796 048f 03       		.uleb128 0x3
 8797 0490 A5       		.byte	0xa5
 8798 0491 00       		.uleb128 0
 8799 0492 26       		.uleb128 0x26
 8800 0493 A8       		.byte	0xa8
 8801 0494 2D       		.uleb128 0x2d
 8802 0495 A8       		.byte	0xa8
 8803 0496 00       		.uleb128 0
 8804 0497 9F       		.byte	0x9f
 8805 0498 00       		.byte	0
 8806              	.LVUS52:
 8807 0499 00       		.uleb128 0
 8808 049a 00       		.uleb128 .LVU472
 8809 049b 00       		.uleb128 .LVU472
 8810 049c 00       		.uleb128 0
 8811              	.LLST52:
 8812 049d 06       		.byte	0x6
 8813 049e 00000000 		.4byte	.LVL75
 8814 04a2 04       		.byte	0x4
 8815 04a3 00       		.uleb128 .LVL75-.LVL75
 8816 04a4 0E       		.uleb128 .LVL78-.LVL75
 8817 04a5 01       		.uleb128 0x1
 8818 04a6 52       		.byte	0x52
 8819 04a7 04       		.byte	0x4
 8820 04a8 0E       		.uleb128 .LVL78-.LVL75
 8821 04a9 2E       		.uleb128 .LFE243-.LVL75
 8822 04aa 03       		.uleb128 0x3
 8823 04ab 72       		.byte	0x72
 8824 04ac 7C       		.sleb128 -4
 8825 04ad 9F       		.byte	0x9f
 8826 04ae 00       		.byte	0
 8827              	.LVUS53:
 8828 04af 00       		.uleb128 0
 8829 04b0 00       		.uleb128 .LVU482
 8830 04b1 00       		.uleb128 .LVU482
 8831 04b2 00       		.uleb128 0
 8832              	.LLST53:
 8833 04b3 06       		.byte	0x6
 8834 04b4 00000000 		.4byte	.LVL75
 8835 04b8 04       		.byte	0x4
ARM GAS  /tmp/ccUycNjg.s 			page 156


 8836 04b9 00       		.uleb128 .LVL75-.LVL75
 8837 04ba 1C       		.uleb128 .LVL79-.LVL75
 8838 04bb 01       		.uleb128 0x1
 8839 04bc 53       		.byte	0x53
 8840 04bd 04       		.byte	0x4
 8841 04be 1C       		.uleb128 .LVL79-.LVL75
 8842 04bf 2E       		.uleb128 .LFE243-.LVL75
 8843 04c0 02       		.uleb128 0x2
 8844 04c1 70       		.byte	0x70
 8845 04c2 08       		.sleb128 8
 8846 04c3 00       		.byte	0
 8847              	.LVUS54:
 8848 04c4 00       		.uleb128 0
 8849 04c5 00       		.uleb128 .LVU490
 8850 04c6 00       		.uleb128 .LVU490
 8851 04c7 00       		.uleb128 0
 8852              	.LLST54:
 8853 04c8 06       		.byte	0x6
 8854 04c9 00000000 		.4byte	.LVL75
 8855 04cd 04       		.byte	0x4
 8856 04ce 00       		.uleb128 .LVL75-.LVL75
 8857 04cf 2C       		.uleb128 .LVL80-.LVL75
 8858 04d0 02       		.uleb128 0x2
 8859 04d1 91       		.byte	0x91
 8860 04d2 00       		.sleb128 0
 8861 04d3 04       		.byte	0x4
 8862 04d4 2C       		.uleb128 .LVL80-.LVL75
 8863 04d5 2E       		.uleb128 .LFE243-.LVL75
 8864 04d6 02       		.uleb128 0x2
 8865 04d7 7D       		.byte	0x7d
 8866 04d8 00       		.sleb128 0
 8867 04d9 00       		.byte	0
 8868              	.LVUS55:
 8869 04da 00       		.uleb128 0
 8870 04db 00       		.uleb128 .LVU490
 8871 04dc 00       		.uleb128 .LVU490
 8872 04dd 00       		.uleb128 0
 8873              	.LLST55:
 8874 04de 06       		.byte	0x6
 8875 04df 00000000 		.4byte	.LVL75
 8876 04e3 04       		.byte	0x4
 8877 04e4 00       		.uleb128 .LVL75-.LVL75
 8878 04e5 2C       		.uleb128 .LVL80-.LVL75
 8879 04e6 02       		.uleb128 0x2
 8880 04e7 91       		.byte	0x91
 8881 04e8 04       		.sleb128 4
 8882 04e9 04       		.byte	0x4
 8883 04ea 2C       		.uleb128 .LVL80-.LVL75
 8884 04eb 2E       		.uleb128 .LFE243-.LVL75
 8885 04ec 02       		.uleb128 0x2
 8886 04ed 7D       		.byte	0x7d
 8887 04ee 04       		.sleb128 4
 8888 04ef 00       		.byte	0
 8889              	.LVUS56:
 8890 04f0 04       		.uleb128 .LVU454
 8891 04f1 00       		.uleb128 .LVU463
 8892              	.LLST56:
ARM GAS  /tmp/ccUycNjg.s 			page 157


 8893 04f2 08       		.byte	0x8
 8894 04f3 02000000 		.4byte	.LVL76
 8895 04f7 04       		.uleb128 .LVL77-.LVL76
 8896 04f8 01       		.uleb128 0x1
 8897 04f9 50       		.byte	0x50
 8898 04fa 00       		.byte	0
 8899              	.LVUS57:
 8900 04fb 06       		.uleb128 .LVU456
 8901 04fc 00       		.uleb128 .LVU463
 8902              	.LLST57:
 8903 04fd 08       		.byte	0x8
 8904 04fe 02000000 		.4byte	.LVL76
 8905 0502 04       		.uleb128 .LVL77-.LVL76
 8906 0503 01       		.uleb128 0x1
 8907 0504 50       		.byte	0x50
 8908 0505 00       		.byte	0
 8909              	.LVUS58:
 8910 0506 08       		.uleb128 .LVU458
 8911 0507 00       		.uleb128 .LVU463
 8912              	.LLST58:
 8913 0508 08       		.byte	0x8
 8914 0509 02000000 		.4byte	.LVL76
 8915 050d 04       		.uleb128 .LVL77-.LVL76
 8916 050e 01       		.uleb128 0x1
 8917 050f 50       		.byte	0x50
 8918 0510 00       		.byte	0
 8919              	.LVUS35:
 8920 0511 00       		.uleb128 0
 8921 0512 00       		.uleb128 .LVU319
 8922 0513 00       		.uleb128 .LVU319
 8923 0514 00       		.uleb128 0
 8924              	.LLST35:
 8925 0515 06       		.byte	0x6
 8926 0516 00000000 		.4byte	.LVL47
 8927 051a 04       		.byte	0x4
 8928 051b 00       		.uleb128 .LVL47-.LVL47
 8929 051c 20       		.uleb128 .LVL52-.LVL47
 8930 051d 01       		.uleb128 0x1
 8931 051e 50       		.byte	0x50
 8932 051f 04       		.byte	0x4
 8933 0520 20       		.uleb128 .LVL52-.LVL47
 8934 0521 EC01     		.uleb128 .LFE242-.LVL47
 8935 0523 01       		.uleb128 0x1
 8936 0524 54       		.byte	0x54
 8937 0525 00       		.byte	0
 8938              	.LVUS36:
 8939 0526 00       		.uleb128 0
 8940 0527 00       		.uleb128 .LVU319
 8941 0528 00       		.uleb128 .LVU319
 8942 0529 00       		.uleb128 0
 8943              	.LLST36:
 8944 052a 06       		.byte	0x6
 8945 052b 00000000 		.4byte	.LVL47
 8946 052f 04       		.byte	0x4
 8947 0530 00       		.uleb128 .LVL47-.LVL47
 8948 0531 20       		.uleb128 .LVL52-.LVL47
 8949 0532 01       		.uleb128 0x1
ARM GAS  /tmp/ccUycNjg.s 			page 158


 8950 0533 51       		.byte	0x51
 8951 0534 04       		.byte	0x4
 8952 0535 20       		.uleb128 .LVL52-.LVL47
 8953 0536 EC01     		.uleb128 .LFE242-.LVL47
 8954 0538 01       		.uleb128 0x1
 8955 0539 56       		.byte	0x56
 8956 053a 00       		.byte	0
 8957              	.LVUS37:
 8958 053b 00       		.uleb128 0
 8959 053c 00       		.uleb128 .LVU319
 8960 053d 00       		.uleb128 .LVU319
 8961 053e 00       		.uleb128 0
 8962              	.LLST37:
 8963 053f 06       		.byte	0x6
 8964 0540 00000000 		.4byte	.LVL47
 8965 0544 04       		.byte	0x4
 8966 0545 00       		.uleb128 .LVL47-.LVL47
 8967 0546 20       		.uleb128 .LVL52-.LVL47
 8968 0547 01       		.uleb128 0x1
 8969 0548 52       		.byte	0x52
 8970 0549 04       		.byte	0x4
 8971 054a 20       		.uleb128 .LVL52-.LVL47
 8972 054b EC01     		.uleb128 .LFE242-.LVL47
 8973 054d 01       		.uleb128 0x1
 8974 054e 57       		.byte	0x57
 8975 054f 00       		.byte	0
 8976              	.LVUS38:
 8977 0550 00       		.uleb128 0
 8978 0551 00       		.uleb128 .LVU303
 8979 0552 00       		.uleb128 .LVU303
 8980 0553 00       		.uleb128 0
 8981              	.LLST38:
 8982 0554 06       		.byte	0x6
 8983 0555 00000000 		.4byte	.LVL47
 8984 0559 04       		.byte	0x4
 8985 055a 00       		.uleb128 .LVL47-.LVL47
 8986 055b 0E       		.uleb128 .LVL49-.LVL47
 8987 055c 01       		.uleb128 0x1
 8988 055d 53       		.byte	0x53
 8989 055e 04       		.byte	0x4
 8990 055f 0E       		.uleb128 .LVL49-.LVL47
 8991 0560 EC01     		.uleb128 .LFE242-.LVL47
 8992 0562 01       		.uleb128 0x1
 8993 0563 58       		.byte	0x58
 8994 0564 00       		.byte	0
 8995              	.LVUS39:
 8996 0565 01       		.uleb128 .LVU290
 8997 0566 00       		.uleb128 .LVU319
 8998 0567 00       		.uleb128 .LVU319
 8999 0568 00       		.uleb128 0
 9000              	.LLST39:
 9001 0569 06       		.byte	0x6
 9002 056a 0C000000 		.4byte	.LVL48
 9003 056e 04       		.byte	0x4
 9004 056f 00       		.uleb128 .LVL48-.LVL48
 9005 0570 14       		.uleb128 .LVL52-.LVL48
 9006 0571 02       		.uleb128 0x2
ARM GAS  /tmp/ccUycNjg.s 			page 159


 9007 0572 30       		.byte	0x30
 9008 0573 9F       		.byte	0x9f
 9009 0574 04       		.byte	0x4
 9010 0575 14       		.uleb128 .LVL52-.LVL48
 9011 0576 E001     		.uleb128 .LFE242-.LVL48
 9012 0578 01       		.uleb128 0x1
 9013 0579 55       		.byte	0x55
 9014 057a 00       		.byte	0
 9015              	.LVUS40:
 9016 057b 00       		.uleb128 .LVU318
 9017 057c 00       		.uleb128 0
 9018              	.LLST40:
 9019 057d 08       		.byte	0x8
 9020 057e 1C000000 		.4byte	.LVL51
 9021 0582 D001     		.uleb128 .LFE242-.LVL51
 9022 0584 01       		.uleb128 0x1
 9023 0585 59       		.byte	0x59
 9024 0586 00       		.byte	0
 9025              	.LVUS43:
 9026 0587 00       		.uleb128 .LVU431
 9027 0588 00       		.uleb128 .LVU435
 9028 0589 00       		.uleb128 .LVU435
 9029 058a 00       		.uleb128 .LVU447
 9030              	.LLST43:
 9031 058b 06       		.byte	0x6
 9032 058c B8000000 		.4byte	.LVL68
 9033 0590 04       		.byte	0x4
 9034 0591 00       		.uleb128 .LVL68-.LVL68
 9035 0592 0A       		.uleb128 .LVL69-.LVL68
 9036 0593 01       		.uleb128 0x1
 9037 0594 53       		.byte	0x53
 9038 0595 04       		.byte	0x4
 9039 0596 0A       		.uleb128 .LVL69-.LVL68
 9040 0597 2C       		.uleb128 .LVL73-.LVL68
 9041 0598 01       		.uleb128 0x1
 9042 0599 5A       		.byte	0x5a
 9043 059a 00       		.byte	0
 9044              	.LVUS45:
 9045 059b 00       		.uleb128 .LVU338
 9046 059c 02       		.uleb128 .LVU357
 9047 059d 00       		.uleb128 .LVU361
 9048 059e 00       		.uleb128 .LVU362
 9049              	.LLST45:
 9050 059f 06       		.byte	0x6
 9051 05a0 3E000000 		.4byte	.LVL54
 9052 05a4 04       		.byte	0x4
 9053 05a5 00       		.uleb128 .LVL54-.LVL54
 9054 05a6 08       		.uleb128 .LVL56-.LVL54
 9055 05a7 01       		.uleb128 0x1
 9056 05a8 50       		.byte	0x50
 9057 05a9 04       		.byte	0x4
 9058 05aa 16       		.uleb128 .LVL58-.LVL54
 9059 05ab 18       		.uleb128 .LVL59-.LVL54
 9060 05ac 01       		.uleb128 0x1
 9061 05ad 50       		.byte	0x50
 9062 05ae 00       		.byte	0
 9063              	.LVUS47:
ARM GAS  /tmp/ccUycNjg.s 			page 160


 9064 05af 00       		.uleb128 .LVU334
 9065 05b0 00       		.uleb128 .LVU338
 9066 05b1 00       		.uleb128 .LVU362
 9067 05b2 00       		.uleb128 .LVU379
 9068              	.LLST47:
 9069 05b3 06       		.byte	0x6
 9070 05b4 34000000 		.4byte	.LVL53
 9071 05b8 04       		.byte	0x4
 9072 05b9 00       		.uleb128 .LVL53-.LVL53
 9073 05ba 09       		.uleb128 .LVL54-1-.LVL53
 9074 05bb 01       		.uleb128 0x1
 9075 05bc 51       		.byte	0x51
 9076 05bd 04       		.byte	0x4
 9077 05be 22       		.uleb128 .LVL59-.LVL53
 9078 05bf 2A       		.uleb128 .LVL61-.LVL53
 9079 05c0 01       		.uleb128 0x1
 9080 05c1 51       		.byte	0x51
 9081 05c2 00       		.byte	0
 9082              	.LVUS48:
 9083 05c3 0C       		.uleb128 .LVU374
 9084 05c4 00       		.uleb128 .LVU376
 9085              	.LLST48:
 9086 05c5 08       		.byte	0x8
 9087 05c6 56000000 		.4byte	.LVL59
 9088 05ca 06       		.uleb128 .LVL60-.LVL59
 9089 05cb 02       		.uleb128 0x2
 9090 05cc 30       		.byte	0x30
 9091 05cd 9F       		.byte	0x9f
 9092 05ce 00       		.byte	0
 9093              	.LVUS49:
 9094 05cf 0C       		.uleb128 .LVU353
 9095 05d0 00       		.uleb128 .LVU355
 9096              	.LLST49:
 9097 05d1 08       		.byte	0x8
 9098 05d2 40000000 		.4byte	.LVL55
 9099 05d6 06       		.uleb128 .LVL56-.LVL55
 9100 05d7 02       		.uleb128 0x2
 9101 05d8 30       		.byte	0x30
 9102 05d9 9F       		.byte	0x9f
 9103 05da 00       		.byte	0
 9104              	.LVUS50:
 9105 05db 0C       		.uleb128 .LVU404
 9106 05dc 00       		.uleb128 .LVU406
 9107              	.LLST50:
 9108 05dd 08       		.byte	0x8
 9109 05de 9C000000 		.4byte	.LVL64
 9110 05e2 06       		.uleb128 .LVL65-.LVL64
 9111 05e3 02       		.uleb128 0x2
 9112 05e4 30       		.byte	0x30
 9113 05e5 9F       		.byte	0x9f
 9114 05e6 00       		.byte	0
 9115              	.LVUS51:
 9116 05e7 07       		.uleb128 .LVU416
 9117 05e8 00       		.uleb128 .LVU418
 9118              	.LLST51:
 9119 05e9 08       		.byte	0x8
 9120 05ea A6000000 		.4byte	.LVL66
ARM GAS  /tmp/ccUycNjg.s 			page 161


 9121 05ee 06       		.uleb128 .LVL67-.LVL66
 9122 05ef 03       		.uleb128 0x3
 9123 05f0 08       		.byte	0x8
 9124 05f1 20       		.byte	0x20
 9125 05f2 9F       		.byte	0x9f
 9126 05f3 00       		.byte	0
 9127              	.LVUS41:
 9128 05f4 0C       		.uleb128 .LVU301
 9129 05f5 00       		.uleb128 .LVU304
 9130              	.LLST41:
 9131 05f6 08       		.byte	0x8
 9132 05f7 0C000000 		.4byte	.LVL48
 9133 05fb 06       		.uleb128 .LVL50-.LVL48
 9134 05fc 03       		.uleb128 0x3
 9135 05fd 08       		.byte	0x8
 9136 05fe 20       		.byte	0x20
 9137 05ff 9F       		.byte	0x9f
 9138 0600 00       		.byte	0
 9139              	.LVUS29:
 9140 0601 00       		.uleb128 0
 9141 0602 00       		.uleb128 .LVU241
 9142 0603 00       		.uleb128 .LVU241
 9143 0604 00       		.uleb128 .LVU265
 9144 0605 00       		.uleb128 .LVU265
 9145 0606 00       		.uleb128 .LVU267
 9146 0607 00       		.uleb128 .LVU267
 9147 0608 00       		.uleb128 0
 9148              	.LLST29:
 9149 0609 06       		.byte	0x6
 9150 060a 00000000 		.4byte	.LVL34
 9151 060e 04       		.byte	0x4
 9152 060f 00       		.uleb128 .LVL34-.LVL34
 9153 0610 0E       		.uleb128 .LVL37-.LVL34
 9154 0611 01       		.uleb128 0x1
 9155 0612 50       		.byte	0x50
 9156 0613 04       		.byte	0x4
 9157 0614 0E       		.uleb128 .LVL37-.LVL34
 9158 0615 26       		.uleb128 .LVL41-.LVL34
 9159 0616 01       		.uleb128 0x1
 9160 0617 54       		.byte	0x54
 9161 0618 04       		.byte	0x4
 9162 0619 26       		.uleb128 .LVL41-.LVL34
 9163 061a 29       		.uleb128 .LVL42-1-.LVL34
 9164 061b 01       		.uleb128 0x1
 9165 061c 50       		.byte	0x50
 9166 061d 04       		.byte	0x4
 9167 061e 29       		.uleb128 .LVL42-1-.LVL34
 9168 061f 40       		.uleb128 .LFE241-.LVL34
 9169 0620 01       		.uleb128 0x1
 9170 0621 54       		.byte	0x54
 9171 0622 00       		.byte	0
 9172              	.LVUS30:
 9173 0623 00       		.uleb128 0
 9174 0624 00       		.uleb128 .LVU241
 9175 0625 00       		.uleb128 .LVU241
 9176 0626 00       		.uleb128 .LVU265
 9177 0627 00       		.uleb128 .LVU265
ARM GAS  /tmp/ccUycNjg.s 			page 162


 9178 0628 00       		.uleb128 .LVU267
 9179 0629 00       		.uleb128 .LVU267
 9180 062a 00       		.uleb128 0
 9181              	.LLST30:
 9182 062b 06       		.byte	0x6
 9183 062c 00000000 		.4byte	.LVL34
 9184 0630 04       		.byte	0x4
 9185 0631 00       		.uleb128 .LVL34-.LVL34
 9186 0632 0E       		.uleb128 .LVL37-.LVL34
 9187 0633 01       		.uleb128 0x1
 9188 0634 51       		.byte	0x51
 9189 0635 04       		.byte	0x4
 9190 0636 0E       		.uleb128 .LVL37-.LVL34
 9191 0637 26       		.uleb128 .LVL41-.LVL34
 9192 0638 0A       		.uleb128 0xa
 9193 0639 A3       		.byte	0xa3
 9194 063a 03       		.uleb128 0x3
 9195 063b A5       		.byte	0xa5
 9196 063c 01       		.uleb128 0x1
 9197 063d 26       		.uleb128 0x26
 9198 063e A8       		.byte	0xa8
 9199 063f 2D       		.uleb128 0x2d
 9200 0640 A8       		.byte	0xa8
 9201 0641 00       		.uleb128 0
 9202 0642 9F       		.byte	0x9f
 9203 0643 04       		.byte	0x4
 9204 0644 26       		.uleb128 .LVL41-.LVL34
 9205 0645 29       		.uleb128 .LVL42-1-.LVL34
 9206 0646 01       		.uleb128 0x1
 9207 0647 51       		.byte	0x51
 9208 0648 04       		.byte	0x4
 9209 0649 29       		.uleb128 .LVL42-1-.LVL34
 9210 064a 40       		.uleb128 .LFE241-.LVL34
 9211 064b 0A       		.uleb128 0xa
 9212 064c A3       		.byte	0xa3
 9213 064d 03       		.uleb128 0x3
 9214 064e A5       		.byte	0xa5
 9215 064f 01       		.uleb128 0x1
 9216 0650 26       		.uleb128 0x26
 9217 0651 A8       		.byte	0xa8
 9218 0652 2D       		.uleb128 0x2d
 9219 0653 A8       		.byte	0xa8
 9220 0654 00       		.uleb128 0
 9221 0655 9F       		.byte	0x9f
 9222 0656 00       		.byte	0
 9223              	.LVUS31:
 9224 0657 00       		.uleb128 .LVU243
 9225 0658 00       		.uleb128 .LVU265
 9226 0659 00       		.uleb128 .LVU267
 9227 065a 00       		.uleb128 .LVU286
 9228 065b 00       		.uleb128 .LVU286
 9229 065c 00       		.uleb128 0
 9230              	.LLST31:
 9231 065d 06       		.byte	0x6
 9232 065e 14000000 		.4byte	.LVL38
 9233 0662 04       		.byte	0x4
 9234 0663 00       		.uleb128 .LVL38-.LVL38
ARM GAS  /tmp/ccUycNjg.s 			page 163


 9235 0664 12       		.uleb128 .LVL41-.LVL38
 9236 0665 01       		.uleb128 0x1
 9237 0666 55       		.byte	0x55
 9238 0667 04       		.byte	0x4
 9239 0668 16       		.uleb128 .LVL42-.LVL38
 9240 0669 24       		.uleb128 .LVL45-.LVL38
 9241 066a 01       		.uleb128 0x1
 9242 066b 50       		.byte	0x50
 9243 066c 04       		.byte	0x4
 9244 066d 24       		.uleb128 .LVL45-.LVL38
 9245 066e 2C       		.uleb128 .LFE241-.LVL38
 9246 066f 01       		.uleb128 0x1
 9247 0670 55       		.byte	0x55
 9248 0671 00       		.byte	0
 9249              	.LVUS32:
 9250 0672 08       		.uleb128 .LVU233
 9251 0673 00       		.uleb128 .LVU235
 9252              	.LLST32:
 9253 0674 08       		.byte	0x8
 9254 0675 04000000 		.4byte	.LVL35
 9255 0679 06       		.uleb128 .LVL36-.LVL35
 9256 067a 03       		.uleb128 0x3
 9257 067b 08       		.byte	0x8
 9258 067c 20       		.byte	0x20
 9259 067d 9F       		.byte	0x9f
 9260 067e 00       		.byte	0
 9261              	.LVUS33:
 9262 067f 0C       		.uleb128 .LVU260
 9263 0680 00       		.uleb128 .LVU262
 9264              	.LLST33:
 9265 0681 08       		.byte	0x8
 9266 0682 1C000000 		.4byte	.LVL39
 9267 0686 06       		.uleb128 .LVL40-.LVL39
 9268 0687 02       		.uleb128 0x2
 9269 0688 30       		.byte	0x30
 9270 0689 9F       		.byte	0x9f
 9271 068a 00       		.byte	0
 9272              	.LVUS34:
 9273 068b 0C       		.uleb128 .LVU281
 9274 068c 00       		.uleb128 .LVU283
 9275              	.LLST34:
 9276 068d 08       		.byte	0x8
 9277 068e 30000000 		.4byte	.LVL43
 9278 0692 06       		.uleb128 .LVL44-.LVL43
 9279 0693 02       		.uleb128 0x2
 9280 0694 30       		.byte	0x30
 9281 0695 9F       		.byte	0x9f
 9282 0696 00       		.byte	0
 9283              	.LVUS25:
 9284 0697 00       		.uleb128 0
 9285 0698 00       		.uleb128 .LVU191
 9286 0699 00       		.uleb128 .LVU191
 9287 069a 00       		.uleb128 0
 9288              	.LLST25:
 9289 069b 06       		.byte	0x6
 9290 069c 00000000 		.4byte	.LVL27
 9291 06a0 04       		.byte	0x4
ARM GAS  /tmp/ccUycNjg.s 			page 164


 9292 06a1 00       		.uleb128 .LVL27-.LVL27
 9293 06a2 23       		.uleb128 .LVL28-1-.LVL27
 9294 06a3 01       		.uleb128 0x1
 9295 06a4 50       		.byte	0x50
 9296 06a5 04       		.byte	0x4
 9297 06a6 23       		.uleb128 .LVL28-1-.LVL27
 9298 06a7 26       		.uleb128 .LFE240-.LVL27
 9299 06a8 0A       		.uleb128 0xa
 9300 06a9 A3       		.byte	0xa3
 9301 06aa 03       		.uleb128 0x3
 9302 06ab A5       		.byte	0xa5
 9303 06ac 00       		.uleb128 0
 9304 06ad 26       		.uleb128 0x26
 9305 06ae A8       		.byte	0xa8
 9306 06af 2D       		.uleb128 0x2d
 9307 06b0 A8       		.byte	0xa8
 9308 06b1 00       		.uleb128 0
 9309 06b2 9F       		.byte	0x9f
 9310 06b3 00       		.byte	0
 9311              	.LVUS26:
 9312 06b4 00       		.uleb128 0
 9313 06b5 00       		.uleb128 .LVU207
 9314 06b6 00       		.uleb128 .LVU207
 9315 06b7 00       		.uleb128 0
 9316              	.LLST26:
 9317 06b8 06       		.byte	0x6
 9318 06b9 00000000 		.4byte	.LVL29
 9319 06bd 04       		.byte	0x4
 9320 06be 00       		.uleb128 .LVL29-.LVL29
 9321 06bf 0B       		.uleb128 .LVL32-1-.LVL29
 9322 06c0 01       		.uleb128 0x1
 9323 06c1 50       		.byte	0x50
 9324 06c2 04       		.byte	0x4
 9325 06c3 0B       		.uleb128 .LVL32-1-.LVL29
 9326 06c4 14       		.uleb128 .LFE239-.LVL29
 9327 06c5 0A       		.uleb128 0xa
 9328 06c6 A3       		.byte	0xa3
 9329 06c7 03       		.uleb128 0x3
 9330 06c8 A5       		.byte	0xa5
 9331 06c9 00       		.uleb128 0
 9332 06ca 26       		.uleb128 0x26
 9333 06cb A8       		.byte	0xa8
 9334 06cc 2D       		.uleb128 0x2d
 9335 06cd A8       		.byte	0xa8
 9336 06ce 00       		.uleb128 0
 9337 06cf 9F       		.byte	0x9f
 9338 06d0 00       		.byte	0
 9339              	.LVUS27:
 9340 06d1 07       		.uleb128 .LVU201
 9341 06d2 00       		.uleb128 .LVU203
 9342              	.LLST27:
 9343 06d3 08       		.byte	0x8
 9344 06d4 02000000 		.4byte	.LVL30
 9345 06d8 06       		.uleb128 .LVL31-.LVL30
 9346 06d9 03       		.uleb128 0x3
 9347 06da 08       		.byte	0x8
 9348 06db 20       		.byte	0x20
ARM GAS  /tmp/ccUycNjg.s 			page 165


 9349 06dc 9F       		.byte	0x9f
 9350 06dd 00       		.byte	0
 9351              	.LVUS28:
 9352 06de 0C       		.uleb128 .LVU219
 9353 06df 00       		.uleb128 .LVU221
 9354              	.LLST28:
 9355 06e0 08       		.byte	0x8
 9356 06e1 0C000000 		.4byte	.LVL32
 9357 06e5 06       		.uleb128 .LVL33-.LVL32
 9358 06e6 02       		.uleb128 0x2
 9359 06e7 30       		.byte	0x30
 9360 06e8 9F       		.byte	0x9f
 9361 06e9 00       		.byte	0
 9362              	.LVUS15:
 9363 06ea 00       		.uleb128 0
 9364 06eb 02       		.uleb128 .LVU107
 9365 06ec 02       		.uleb128 .LVU107
 9366 06ed 00       		.uleb128 0
 9367              	.LLST15:
 9368 06ee 06       		.byte	0x6
 9369 06ef 00000000 		.4byte	.LVL17
 9370 06f3 04       		.byte	0x4
 9371 06f4 00       		.uleb128 .LVL17-.LVL17
 9372 06f5 06       		.uleb128 .LVL18-.LVL17
 9373 06f6 01       		.uleb128 0x1
 9374 06f7 50       		.byte	0x50
 9375 06f8 04       		.byte	0x4
 9376 06f9 06       		.uleb128 .LVL18-.LVL17
 9377 06fa 28       		.uleb128 .LFE238-.LVL17
 9378 06fb 01       		.uleb128 0x1
 9379 06fc 54       		.byte	0x54
 9380 06fd 00       		.byte	0
 9381              	.LVUS16:
 9382 06fe 00       		.uleb128 0
 9383 06ff 02       		.uleb128 .LVU107
 9384 0700 02       		.uleb128 .LVU107
 9385 0701 00       		.uleb128 0
 9386              	.LLST16:
 9387 0702 06       		.byte	0x6
 9388 0703 00000000 		.4byte	.LVL17
 9389 0707 04       		.byte	0x4
 9390 0708 00       		.uleb128 .LVL17-.LVL17
 9391 0709 06       		.uleb128 .LVL18-.LVL17
 9392 070a 01       		.uleb128 0x1
 9393 070b 51       		.byte	0x51
 9394 070c 04       		.byte	0x4
 9395 070d 06       		.uleb128 .LVL18-.LVL17
 9396 070e 28       		.uleb128 .LFE238-.LVL17
 9397 070f 01       		.uleb128 0x1
 9398 0710 55       		.byte	0x55
 9399 0711 00       		.byte	0
 9400              	.LVUS17:
 9401 0712 00       		.uleb128 .LVU112
 9402 0713 00       		.uleb128 .LVU116
 9403              	.LLST17:
 9404 0714 08       		.byte	0x8
 9405 0715 12000000 		.4byte	.LVL20
ARM GAS  /tmp/ccUycNjg.s 			page 166


 9406 0719 06       		.uleb128 .LVL21-.LVL20
 9407 071a 01       		.uleb128 0x1
 9408 071b 50       		.byte	0x50
 9409 071c 00       		.byte	0
 9410              	.LVUS18:
 9411 071d 01       		.uleb128 .LVU109
 9412 071e 00       		.uleb128 .LVU112
 9413              	.LLST18:
 9414 071f 08       		.byte	0x8
 9415 0720 0A000000 		.4byte	.LVL19
 9416 0724 08       		.uleb128 .LVL20-.LVL19
 9417 0725 01       		.uleb128 0x1
 9418 0726 55       		.byte	0x55
 9419 0727 00       		.byte	0
 9420              	.LVUS19:
 9421 0728 01       		.uleb128 .LVU109
 9422 0729 00       		.uleb128 .LVU112
 9423              	.LLST19:
 9424 072a 08       		.byte	0x8
 9425 072b 0A000000 		.4byte	.LVL19
 9426 072f 08       		.uleb128 .LVL20-.LVL19
 9427 0730 01       		.uleb128 0x1
 9428 0731 54       		.byte	0x54
 9429 0732 00       		.byte	0
 9430              	.LVUS20:
 9431 0733 00       		.uleb128 0
 9432 0734 00       		.uleb128 .LVU149
 9433 0735 00       		.uleb128 .LVU149
 9434 0736 00       		.uleb128 0
 9435              	.LLST20:
 9436 0737 06       		.byte	0x6
 9437 0738 00000000 		.4byte	.LVL22
 9438 073c 04       		.byte	0x4
 9439 073d 00       		.uleb128 .LVL22-.LVL22
 9440 073e 0B       		.uleb128 .LVL25-1-.LVL22
 9441 073f 01       		.uleb128 0x1
 9442 0740 50       		.byte	0x50
 9443 0741 04       		.byte	0x4
 9444 0742 0B       		.uleb128 .LVL25-1-.LVL22
 9445 0743 14       		.uleb128 .LFE237-.LVL22
 9446 0744 0A       		.uleb128 0xa
 9447 0745 A3       		.byte	0xa3
 9448 0746 03       		.uleb128 0x3
 9449 0747 A5       		.byte	0xa5
 9450 0748 00       		.uleb128 0
 9451 0749 26       		.uleb128 0x26
 9452 074a A8       		.byte	0xa8
 9453 074b 2D       		.uleb128 0x2d
 9454 074c A8       		.byte	0xa8
 9455 074d 00       		.uleb128 0
 9456 074e 9F       		.byte	0x9f
 9457 074f 00       		.byte	0
 9458              	.LVUS21:
 9459 0750 00       		.uleb128 0
 9460 0751 00       		.uleb128 .LVU149
 9461 0752 00       		.uleb128 .LVU149
 9462 0753 00       		.uleb128 0
ARM GAS  /tmp/ccUycNjg.s 			page 167


 9463              	.LLST21:
 9464 0754 06       		.byte	0x6
 9465 0755 00000000 		.4byte	.LVL22
 9466 0759 04       		.byte	0x4
 9467 075a 00       		.uleb128 .LVL22-.LVL22
 9468 075b 0B       		.uleb128 .LVL25-1-.LVL22
 9469 075c 01       		.uleb128 0x1
 9470 075d 51       		.byte	0x51
 9471 075e 04       		.byte	0x4
 9472 075f 0B       		.uleb128 .LVL25-1-.LVL22
 9473 0760 14       		.uleb128 .LFE237-.LVL22
 9474 0761 0A       		.uleb128 0xa
 9475 0762 A3       		.byte	0xa3
 9476 0763 03       		.uleb128 0x3
 9477 0764 A5       		.byte	0xa5
 9478 0765 01       		.uleb128 0x1
 9479 0766 26       		.uleb128 0x26
 9480 0767 A8       		.byte	0xa8
 9481 0768 2D       		.uleb128 0x2d
 9482 0769 A8       		.byte	0xa8
 9483 076a 00       		.uleb128 0
 9484 076b 9F       		.byte	0x9f
 9485 076c 00       		.byte	0
 9486              	.LVUS22:
 9487 076d 00       		.uleb128 .LVU149
 9488 076e 00       		.uleb128 0
 9489              	.LLST22:
 9490 076f 08       		.byte	0x8
 9491 0770 0C000000 		.4byte	.LVL25
 9492 0774 08       		.uleb128 .LFE237-.LVL25
 9493 0775 01       		.uleb128 0x1
 9494 0776 50       		.byte	0x50
 9495 0777 00       		.byte	0
 9496              	.LVUS23:
 9497 0778 08       		.uleb128 .LVU142
 9498 0779 00       		.uleb128 .LVU144
 9499              	.LLST23:
 9500 077a 08       		.byte	0x8
 9501 077b 02000000 		.4byte	.LVL23
 9502 077f 06       		.uleb128 .LVL24-.LVL23
 9503 0780 03       		.uleb128 0x3
 9504 0781 08       		.byte	0x8
 9505 0782 20       		.byte	0x20
 9506 0783 9F       		.byte	0x9f
 9507 0784 00       		.byte	0
 9508              	.LVUS24:
 9509 0785 0C       		.uleb128 .LVU161
 9510 0786 00       		.uleb128 .LVU163
 9511              	.LLST24:
 9512 0787 08       		.byte	0x8
 9513 0788 0C000000 		.4byte	.LVL25
 9514 078c 06       		.uleb128 .LVL26-.LVL25
 9515 078d 02       		.uleb128 0x2
 9516 078e 30       		.byte	0x30
 9517 078f 9F       		.byte	0x9f
 9518 0790 00       		.byte	0
 9519              	.LVUS11:
ARM GAS  /tmp/ccUycNjg.s 			page 168


 9520 0791 00       		.uleb128 0
 9521 0792 00       		.uleb128 .LVU101
 9522 0793 00       		.uleb128 .LVU101
 9523 0794 00       		.uleb128 0
 9524              	.LLST11:
 9525 0795 06       		.byte	0x6
 9526 0796 00000000 		.4byte	.LVL13
 9527 079a 04       		.byte	0x4
 9528 079b 00       		.uleb128 .LVL13-.LVL13
 9529 079c 23       		.uleb128 .LVL16-1-.LVL13
 9530 079d 01       		.uleb128 0x1
 9531 079e 50       		.byte	0x50
 9532 079f 04       		.byte	0x4
 9533 07a0 23       		.uleb128 .LVL16-1-.LVL13
 9534 07a1 26       		.uleb128 .LFE236-.LVL13
 9535 07a2 0A       		.uleb128 0xa
 9536 07a3 A3       		.byte	0xa3
 9537 07a4 03       		.uleb128 0x3
 9538 07a5 A5       		.byte	0xa5
 9539 07a6 00       		.uleb128 0
 9540 07a7 26       		.uleb128 0x26
 9541 07a8 A8       		.byte	0xa8
 9542 07a9 2D       		.uleb128 0x2d
 9543 07aa A8       		.byte	0xa8
 9544 07ab 00       		.uleb128 0
 9545 07ac 9F       		.byte	0x9f
 9546 07ad 00       		.byte	0
 9547              	.LVUS12:
 9548 07ae 00       		.uleb128 0
 9549 07af 00       		.uleb128 .LVU100
 9550 07b0 00       		.uleb128 .LVU100
 9551 07b1 00       		.uleb128 0
 9552              	.LLST12:
 9553 07b2 06       		.byte	0x6
 9554 07b3 00000000 		.4byte	.LVL13
 9555 07b7 04       		.byte	0x4
 9556 07b8 00       		.uleb128 .LVL13-.LVL13
 9557 07b9 20       		.uleb128 .LVL15-.LVL13
 9558 07ba 01       		.uleb128 0x1
 9559 07bb 51       		.byte	0x51
 9560 07bc 04       		.byte	0x4
 9561 07bd 20       		.uleb128 .LVL15-.LVL13
 9562 07be 26       		.uleb128 .LFE236-.LVL13
 9563 07bf 0A       		.uleb128 0xa
 9564 07c0 A3       		.byte	0xa3
 9565 07c1 03       		.uleb128 0x3
 9566 07c2 A5       		.byte	0xa5
 9567 07c3 01       		.uleb128 0x1
 9568 07c4 26       		.uleb128 0x26
 9569 07c5 A8       		.byte	0xa8
 9570 07c6 2D       		.uleb128 0x2d
 9571 07c7 A8       		.byte	0xa8
 9572 07c8 00       		.uleb128 0
 9573 07c9 9F       		.byte	0x9f
 9574 07ca 00       		.byte	0
 9575              	.LVUS13:
 9576 07cb 01       		.uleb128 .LVU98
ARM GAS  /tmp/ccUycNjg.s 			page 169


 9577 07cc 00       		.uleb128 .LVU101
 9578              	.LLST13:
 9579 07cd 08       		.byte	0x8
 9580 07ce 1E000000 		.4byte	.LVL14
 9581 07d2 06       		.uleb128 .LVL16-.LVL14
 9582 07d3 02       		.uleb128 0x2
 9583 07d4 30       		.byte	0x30
 9584 07d5 9F       		.byte	0x9f
 9585 07d6 00       		.byte	0
 9586              	.LVUS14:
 9587 07d7 01       		.uleb128 .LVU98
 9588 07d8 00       		.uleb128 .LVU101
 9589 07d9 00       		.uleb128 .LVU101
 9590 07da 00       		.uleb128 .LVU101
 9591              	.LLST14:
 9592 07db 06       		.byte	0x6
 9593 07dc 1E000000 		.4byte	.LVL14
 9594 07e0 04       		.byte	0x4
 9595 07e1 00       		.uleb128 .LVL14-.LVL14
 9596 07e2 05       		.uleb128 .LVL16-1-.LVL14
 9597 07e3 01       		.uleb128 0x1
 9598 07e4 50       		.byte	0x50
 9599 07e5 04       		.byte	0x4
 9600 07e6 05       		.uleb128 .LVL16-1-.LVL14
 9601 07e7 06       		.uleb128 .LVL16-.LVL14
 9602 07e8 0A       		.uleb128 0xa
 9603 07e9 A3       		.byte	0xa3
 9604 07ea 03       		.uleb128 0x3
 9605 07eb A5       		.byte	0xa5
 9606 07ec 00       		.uleb128 0
 9607 07ed 26       		.uleb128 0x26
 9608 07ee A8       		.byte	0xa8
 9609 07ef 2D       		.uleb128 0x2d
 9610 07f0 A8       		.byte	0xa8
 9611 07f1 00       		.uleb128 0
 9612 07f2 9F       		.byte	0x9f
 9613 07f3 00       		.byte	0
 9614              	.LVUS10:
 9615 07f4 00       		.uleb128 0
 9616 07f5 00       		.uleb128 .LVU68
 9617 07f6 00       		.uleb128 .LVU68
 9618 07f7 00       		.uleb128 .LVU69
 9619 07f8 00       		.uleb128 .LVU69
 9620 07f9 00       		.uleb128 .LVU71
 9621 07fa 00       		.uleb128 .LVU71
 9622 07fb 00       		.uleb128 0
 9623              	.LLST10:
 9624 07fc 06       		.byte	0x6
 9625 07fd 00000000 		.4byte	.LVL9
 9626 0801 04       		.byte	0x4
 9627 0802 00       		.uleb128 .LVL9-.LVL9
 9628 0803 0A       		.uleb128 .LVL10-.LVL9
 9629 0804 01       		.uleb128 0x1
 9630 0805 50       		.byte	0x50
 9631 0806 04       		.byte	0x4
 9632 0807 0A       		.uleb128 .LVL10-.LVL9
 9633 0808 0C       		.uleb128 .LVL11-.LVL9
ARM GAS  /tmp/ccUycNjg.s 			page 170


 9634 0809 0A       		.uleb128 0xa
 9635 080a A3       		.byte	0xa3
 9636 080b 03       		.uleb128 0x3
 9637 080c A5       		.byte	0xa5
 9638 080d 00       		.uleb128 0
 9639 080e 26       		.uleb128 0x26
 9640 080f A8       		.byte	0xa8
 9641 0810 2D       		.uleb128 0x2d
 9642 0811 A8       		.byte	0xa8
 9643 0812 00       		.uleb128 0
 9644 0813 9F       		.byte	0x9f
 9645 0814 04       		.byte	0x4
 9646 0815 0C       		.uleb128 .LVL11-.LVL9
 9647 0816 14       		.uleb128 .LVL12-.LVL9
 9648 0817 01       		.uleb128 0x1
 9649 0818 50       		.byte	0x50
 9650 0819 04       		.byte	0x4
 9651 081a 14       		.uleb128 .LVL12-.LVL9
 9652 081b 16       		.uleb128 .LFE235-.LVL9
 9653 081c 0A       		.uleb128 0xa
 9654 081d A3       		.byte	0xa3
 9655 081e 03       		.uleb128 0x3
 9656 081f A5       		.byte	0xa5
 9657 0820 00       		.uleb128 0
 9658 0821 26       		.uleb128 0x26
 9659 0822 A8       		.byte	0xa8
 9660 0823 2D       		.uleb128 0x2d
 9661 0824 A8       		.byte	0xa8
 9662 0825 00       		.uleb128 0
 9663 0826 9F       		.byte	0x9f
 9664 0827 00       		.byte	0
 9665              	.LVUS7:
 9666 0828 00       		.uleb128 0
 9667 0829 00       		.uleb128 .LVU60
 9668 082a 00       		.uleb128 .LVU60
 9669 082b 00       		.uleb128 0
 9670              	.LLST7:
 9671 082c 06       		.byte	0x6
 9672 082d 00000000 		.4byte	.LVL6
 9673 0831 04       		.byte	0x4
 9674 0832 00       		.uleb128 .LVL6-.LVL6
 9675 0833 17       		.uleb128 .LVL8-1-.LVL6
 9676 0834 01       		.uleb128 0x1
 9677 0835 50       		.byte	0x50
 9678 0836 04       		.byte	0x4
 9679 0837 17       		.uleb128 .LVL8-1-.LVL6
 9680 0838 1A       		.uleb128 .LFE234-.LVL6
 9681 0839 0A       		.uleb128 0xa
 9682 083a A3       		.byte	0xa3
 9683 083b 03       		.uleb128 0x3
 9684 083c A5       		.byte	0xa5
 9685 083d 00       		.uleb128 0
 9686 083e 26       		.uleb128 0x26
 9687 083f A8       		.byte	0xa8
 9688 0840 2D       		.uleb128 0x2d
 9689 0841 A8       		.byte	0xa8
 9690 0842 00       		.uleb128 0
ARM GAS  /tmp/ccUycNjg.s 			page 171


 9691 0843 9F       		.byte	0x9f
 9692 0844 00       		.byte	0
 9693              	.LVUS8:
 9694 0845 01       		.uleb128 .LVU58
 9695 0846 00       		.uleb128 .LVU60
 9696              	.LLST8:
 9697 0847 08       		.byte	0x8
 9698 0848 10000000 		.4byte	.LVL7
 9699 084c 08       		.uleb128 .LVL8-.LVL7
 9700 084d 03       		.uleb128 0x3
 9701 084e 09       		.byte	0x9
 9702 084f FE       		.byte	0xfe
 9703 0850 9F       		.byte	0x9f
 9704 0851 00       		.byte	0
 9705              	.LVUS9:
 9706 0852 01       		.uleb128 .LVU58
 9707 0853 00       		.uleb128 .LVU60
 9708 0854 00       		.uleb128 .LVU60
 9709 0855 00       		.uleb128 .LVU60
 9710              	.LLST9:
 9711 0856 06       		.byte	0x6
 9712 0857 10000000 		.4byte	.LVL7
 9713 085b 04       		.byte	0x4
 9714 085c 00       		.uleb128 .LVL7-.LVL7
 9715 085d 07       		.uleb128 .LVL8-1-.LVL7
 9716 085e 01       		.uleb128 0x1
 9717 085f 50       		.byte	0x50
 9718 0860 04       		.byte	0x4
 9719 0861 07       		.uleb128 .LVL8-1-.LVL7
 9720 0862 08       		.uleb128 .LVL8-.LVL7
 9721 0863 0A       		.uleb128 0xa
 9722 0864 A3       		.byte	0xa3
 9723 0865 03       		.uleb128 0x3
 9724 0866 A5       		.byte	0xa5
 9725 0867 00       		.uleb128 0
 9726 0868 26       		.uleb128 0x26
 9727 0869 A8       		.byte	0xa8
 9728 086a 2D       		.uleb128 0x2d
 9729 086b A8       		.byte	0xa8
 9730 086c 00       		.uleb128 0
 9731 086d 9F       		.byte	0x9f
 9732 086e 00       		.byte	0
 9733              	.LVUS0:
 9734 086f 00       		.uleb128 0
 9735 0870 00       		.uleb128 .LVU24
 9736 0871 00       		.uleb128 .LVU24
 9737 0872 00       		.uleb128 0
 9738              	.LLST0:
 9739 0873 06       		.byte	0x6
 9740 0874 00000000 		.4byte	.LVL0
 9741 0878 04       		.byte	0x4
 9742 0879 00       		.uleb128 .LVL0-.LVL0
 9743 087a 10       		.uleb128 .LVL3-.LVL0
 9744 087b 01       		.uleb128 0x1
 9745 087c 52       		.byte	0x52
 9746 087d 04       		.byte	0x4
 9747 087e 10       		.uleb128 .LVL3-.LVL0
ARM GAS  /tmp/ccUycNjg.s 			page 172


 9748 087f 2C       		.uleb128 .LFE233-.LVL0
 9749 0880 03       		.uleb128 0x3
 9750 0881 72       		.byte	0x72
 9751 0882 7C       		.sleb128 -4
 9752 0883 9F       		.byte	0x9f
 9753 0884 00       		.byte	0
 9754              	.LVUS1:
 9755 0885 00       		.uleb128 0
 9756 0886 00       		.uleb128 .LVU38
 9757 0887 00       		.uleb128 .LVU38
 9758 0888 00       		.uleb128 0
 9759              	.LLST1:
 9760 0889 06       		.byte	0x6
 9761 088a 00000000 		.4byte	.LVL0
 9762 088e 04       		.byte	0x4
 9763 088f 00       		.uleb128 .LVL0-.LVL0
 9764 0890 22       		.uleb128 .LVL4-.LVL0
 9765 0891 01       		.uleb128 0x1
 9766 0892 53       		.byte	0x53
 9767 0893 04       		.byte	0x4
 9768 0894 22       		.uleb128 .LVL4-.LVL0
 9769 0895 2C       		.uleb128 .LFE233-.LVL0
 9770 0896 02       		.uleb128 0x2
 9771 0897 70       		.byte	0x70
 9772 0898 1C       		.sleb128 28
 9773 0899 00       		.byte	0
 9774              	.LVUS2:
 9775 089a 00       		.uleb128 0
 9776 089b 00       		.uleb128 .LVU42
 9777 089c 00       		.uleb128 .LVU42
 9778 089d 00       		.uleb128 0
 9779              	.LLST2:
 9780 089e 06       		.byte	0x6
 9781 089f 00000000 		.4byte	.LVL0
 9782 08a3 04       		.byte	0x4
 9783 08a4 00       		.uleb128 .LVL0-.LVL0
 9784 08a5 2A       		.uleb128 .LVL5-.LVL0
 9785 08a6 02       		.uleb128 0x2
 9786 08a7 91       		.byte	0x91
 9787 08a8 00       		.sleb128 0
 9788 08a9 04       		.byte	0x4
 9789 08aa 2A       		.uleb128 .LVL5-.LVL0
 9790 08ab 2C       		.uleb128 .LFE233-.LVL0
 9791 08ac 02       		.uleb128 0x2
 9792 08ad 7D       		.byte	0x7d
 9793 08ae 00       		.sleb128 0
 9794 08af 00       		.byte	0
 9795              	.LVUS3:
 9796 08b0 00       		.uleb128 0
 9797 08b1 00       		.uleb128 .LVU42
 9798 08b2 00       		.uleb128 .LVU42
 9799 08b3 00       		.uleb128 0
 9800              	.LLST3:
 9801 08b4 06       		.byte	0x6
 9802 08b5 00000000 		.4byte	.LVL0
 9803 08b9 04       		.byte	0x4
 9804 08ba 00       		.uleb128 .LVL0-.LVL0
ARM GAS  /tmp/ccUycNjg.s 			page 173


 9805 08bb 2A       		.uleb128 .LVL5-.LVL0
 9806 08bc 02       		.uleb128 0x2
 9807 08bd 91       		.byte	0x91
 9808 08be 04       		.sleb128 4
 9809 08bf 04       		.byte	0x4
 9810 08c0 2A       		.uleb128 .LVL5-.LVL0
 9811 08c1 2C       		.uleb128 .LFE233-.LVL0
 9812 08c2 02       		.uleb128 0x2
 9813 08c3 7D       		.byte	0x7d
 9814 08c4 04       		.sleb128 4
 9815 08c5 00       		.byte	0
 9816              	.LVUS4:
 9817 08c6 04       		.uleb128 .LVU6
 9818 08c7 00       		.uleb128 .LVU15
 9819              	.LLST4:
 9820 08c8 08       		.byte	0x8
 9821 08c9 02000000 		.4byte	.LVL1
 9822 08cd 04       		.uleb128 .LVL2-.LVL1
 9823 08ce 01       		.uleb128 0x1
 9824 08cf 50       		.byte	0x50
 9825 08d0 00       		.byte	0
 9826              	.LVUS5:
 9827 08d1 06       		.uleb128 .LVU8
 9828 08d2 00       		.uleb128 .LVU15
 9829              	.LLST5:
 9830 08d3 08       		.byte	0x8
 9831 08d4 02000000 		.4byte	.LVL1
 9832 08d8 04       		.uleb128 .LVL2-.LVL1
 9833 08d9 01       		.uleb128 0x1
 9834 08da 50       		.byte	0x50
 9835 08db 00       		.byte	0
 9836              	.LVUS6:
 9837 08dc 08       		.uleb128 .LVU10
 9838 08dd 00       		.uleb128 .LVU15
 9839              	.LLST6:
 9840 08de 08       		.byte	0x8
 9841 08df 02000000 		.4byte	.LVL1
 9842 08e3 04       		.uleb128 .LVL2-.LVL1
 9843 08e4 01       		.uleb128 0x1
 9844 08e5 50       		.byte	0x50
 9845 08e6 00       		.byte	0
 9846              	.Ldebug_loc3:
 9847              		.section	.debug_aranges,"",%progbits
 9848 0000 C4000000 		.4byte	0xc4
 9849 0004 0200     		.2byte	0x2
 9850 0006 00000000 		.4byte	.Ldebug_info0
 9851 000a 04       		.byte	0x4
 9852 000b 00       		.byte	0
 9853 000c 0000     		.2byte	0
 9854 000e 0000     		.2byte	0
 9855 0010 00000000 		.4byte	.LFB233
 9856 0014 2C000000 		.4byte	.LFE233-.LFB233
 9857 0018 00000000 		.4byte	.LFB234
 9858 001c 1A000000 		.4byte	.LFE234-.LFB234
 9859 0020 00000000 		.4byte	.LFB235
 9860 0024 16000000 		.4byte	.LFE235-.LFB235
 9861 0028 00000000 		.4byte	.LFB236
ARM GAS  /tmp/ccUycNjg.s 			page 174


 9862 002c 26000000 		.4byte	.LFE236-.LFB236
 9863 0030 00000000 		.4byte	.LFB238
 9864 0034 28000000 		.4byte	.LFE238-.LFB238
 9865 0038 00000000 		.4byte	.LFB237
 9866 003c 14000000 		.4byte	.LFE237-.LFB237
 9867 0040 00000000 		.4byte	.LFB240
 9868 0044 26000000 		.4byte	.LFE240-.LFB240
 9869 0048 00000000 		.4byte	.LFB239
 9870 004c 14000000 		.4byte	.LFE239-.LFB239
 9871 0050 00000000 		.4byte	.LFB241
 9872 0054 40000000 		.4byte	.LFE241-.LFB241
 9873 0058 00000000 		.4byte	.LFB242
 9874 005c EC000000 		.4byte	.LFE242-.LFB242
 9875 0060 00000000 		.4byte	.LFB243
 9876 0064 2E000000 		.4byte	.LFE243-.LFB243
 9877 0068 00000000 		.4byte	.LFB244
 9878 006c 1C000000 		.4byte	.LFE244-.LFB244
 9879 0070 00000000 		.4byte	.LFB245
 9880 0074 1C000000 		.4byte	.LFE245-.LFB245
 9881 0078 00000000 		.4byte	.LFB246
 9882 007c 22000000 		.4byte	.LFE246-.LFB246
 9883 0080 00000000 		.4byte	.LFB248
 9884 0084 28000000 		.4byte	.LFE248-.LFB248
 9885 0088 00000000 		.4byte	.LFB247
 9886 008c 14000000 		.4byte	.LFE247-.LFB247
 9887 0090 00000000 		.4byte	.LFB250
 9888 0094 2A000000 		.4byte	.LFE250-.LFB250
 9889 0098 00000000 		.4byte	.LFB249
 9890 009c 14000000 		.4byte	.LFE249-.LFB249
 9891 00a0 00000000 		.4byte	.LFB251
 9892 00a4 46000000 		.4byte	.LFE251-.LFB251
 9893 00a8 00000000 		.4byte	.LFB252
 9894 00ac E4000000 		.4byte	.LFE252-.LFB252
 9895 00b0 00000000 		.4byte	.LFB253
 9896 00b4 48000000 		.4byte	.LFE253-.LFB253
 9897 00b8 00000000 		.4byte	.LFB254
 9898 00bc 22000000 		.4byte	.LFE254-.LFB254
 9899 00c0 00000000 		.4byte	0
 9900 00c4 00000000 		.4byte	0
 9901              		.section	.debug_rnglists,"",%progbits
 9902              	.Ldebug_ranges0:
 9903 0000 FB000000 		.4byte	.Ldebug_ranges3-.Ldebug_ranges2
 9904              	.Ldebug_ranges2:
 9905 0004 0500     		.2byte	0x5
 9906 0006 04       		.byte	0x4
 9907 0007 00       		.byte	0
 9908 0008 00000000 		.4byte	0
 9909              	.LLRL42:
 9910 000c 05       		.byte	0x5
 9911 000d 20000000 		.4byte	.LBB327
 9912 0011 04       		.byte	0x4
 9913 0012 00       		.uleb128 .LBB327-.LBB327
 9914 0013 26       		.uleb128 .LBE327-.LBB327
 9915 0014 04       		.byte	0x4
 9916 0015 2C       		.uleb128 .LBB361-.LBB327
 9917 0016 8C01     		.uleb128 .LBE361-.LBB327
 9918 0018 04       		.byte	0x4
ARM GAS  /tmp/ccUycNjg.s 			page 175


 9919 0019 8C01     		.uleb128 .LBB362-.LBB327
 9920 001b CC01     		.uleb128 .LBE362-.LBB327
 9921 001d 00       		.byte	0
 9922              	.LLRL44:
 9923 001e 05       		.byte	0x5
 9924 001f 20000000 		.4byte	.LBB328
 9925 0023 04       		.byte	0x4
 9926 0024 00       		.uleb128 .LBB328-.LBB328
 9927 0025 26       		.uleb128 .LBE328-.LBB328
 9928 0026 04       		.byte	0x4
 9929 0027 2C       		.uleb128 .LBB348-.LBB328
 9930 0028 3E       		.uleb128 .LBE348-.LBB328
 9931 0029 00       		.byte	0
 9932              	.LLRL46:
 9933 002a 05       		.byte	0x5
 9934 002b 2A000000 		.4byte	.LBB329
 9935 002f 04       		.byte	0x4
 9936 0030 00       		.uleb128 .LBB329-.LBB329
 9937 0031 14       		.uleb128 .LBE329-.LBB329
 9938 0032 04       		.byte	0x4
 9939 0033 2C       		.uleb128 .LBB347-.LBB329
 9940 0034 34       		.uleb128 .LBE347-.LBB329
 9941 0035 00       		.byte	0
 9942              	.LLRL96:
 9943 0036 05       		.byte	0x5
 9944 0037 20000000 		.4byte	.LBB423
 9945 003b 04       		.byte	0x4
 9946 003c 00       		.uleb128 .LBB423-.LBB423
 9947 003d 26       		.uleb128 .LBE423-.LBB423
 9948 003e 04       		.byte	0x4
 9949 003f 2C       		.uleb128 .LBB457-.LBB423
 9950 0040 8001     		.uleb128 .LBE457-.LBB423
 9951 0042 04       		.byte	0x4
 9952 0043 8001     		.uleb128 .LBB458-.LBB423
 9953 0045 C401     		.uleb128 .LBE458-.LBB423
 9954 0047 00       		.byte	0
 9955              	.LLRL98:
 9956 0048 05       		.byte	0x5
 9957 0049 20000000 		.4byte	.LBB424
 9958 004d 04       		.byte	0x4
 9959 004e 00       		.uleb128 .LBB424-.LBB424
 9960 004f 26       		.uleb128 .LBE424-.LBB424
 9961 0050 04       		.byte	0x4
 9962 0051 2C       		.uleb128 .LBB444-.LBB424
 9963 0052 3E       		.uleb128 .LBE444-.LBB424
 9964 0053 00       		.byte	0
 9965              	.LLRL100:
 9966 0054 05       		.byte	0x5
 9967 0055 2A000000 		.4byte	.LBB425
 9968 0059 04       		.byte	0x4
 9969 005a 00       		.uleb128 .LBB425-.LBB425
 9970 005b 14       		.uleb128 .LBE425-.LBB425
 9971 005c 04       		.byte	0x4
 9972 005d 2C       		.uleb128 .LBB443-.LBB425
 9973 005e 34       		.uleb128 .LBE443-.LBB425
 9974 005f 00       		.byte	0
 9975              	.LLRL107:
ARM GAS  /tmp/ccUycNjg.s 			page 176


 9976 0060 05       		.byte	0x5
 9977 0061 14000000 		.4byte	.LBB459
 9978 0065 04       		.byte	0x4
 9979 0066 00       		.uleb128 .LBB459-.LBB459
 9980 0067 06       		.uleb128 .LBE459-.LBB459
 9981 0068 04       		.byte	0x4
 9982 0069 0A       		.uleb128 .LBB460-.LBB459
 9983 006a 2C       		.uleb128 .LBE460-.LBB459
 9984 006b 00       		.byte	0
 9985              	.LLRL111:
 9986 006c 05       		.byte	0x5
 9987 006d 0C000000 		.4byte	.LBB466
 9988 0071 04       		.byte	0x4
 9989 0072 00       		.uleb128 .LBB466-.LBB466
 9990 0073 08       		.uleb128 .LBE466-.LBB466
 9991 0074 04       		.byte	0x4
 9992 0075 10       		.uleb128 .LBB473-.LBB466
 9993 0076 16       		.uleb128 .LBE473-.LBB466
 9994 0077 00       		.byte	0
 9995              	.LLRL114:
 9996 0078 07       		.byte	0x7
 9997 0079 00000000 		.4byte	.LFB233
 9998 007d 2C       		.uleb128 .LFE233-.LFB233
 9999 007e 07       		.byte	0x7
 10000 007f 00000000 		.4byte	.LFB234
 10001 0083 1A       		.uleb128 .LFE234-.LFB234
 10002 0084 07       		.byte	0x7
 10003 0085 00000000 		.4byte	.LFB235
 10004 0089 16       		.uleb128 .LFE235-.LFB235
 10005 008a 07       		.byte	0x7
 10006 008b 00000000 		.4byte	.LFB236
 10007 008f 26       		.uleb128 .LFE236-.LFB236
 10008 0090 07       		.byte	0x7
 10009 0091 00000000 		.4byte	.LFB238
 10010 0095 28       		.uleb128 .LFE238-.LFB238
 10011 0096 07       		.byte	0x7
 10012 0097 00000000 		.4byte	.LFB237
 10013 009b 14       		.uleb128 .LFE237-.LFB237
 10014 009c 07       		.byte	0x7
 10015 009d 00000000 		.4byte	.LFB240
 10016 00a1 26       		.uleb128 .LFE240-.LFB240
 10017 00a2 07       		.byte	0x7
 10018 00a3 00000000 		.4byte	.LFB239
 10019 00a7 14       		.uleb128 .LFE239-.LFB239
 10020 00a8 07       		.byte	0x7
 10021 00a9 00000000 		.4byte	.LFB241
 10022 00ad 40       		.uleb128 .LFE241-.LFB241
 10023 00ae 07       		.byte	0x7
 10024 00af 00000000 		.4byte	.LFB242
 10025 00b3 EC01     		.uleb128 .LFE242-.LFB242
 10026 00b5 07       		.byte	0x7
 10027 00b6 00000000 		.4byte	.LFB243
 10028 00ba 2E       		.uleb128 .LFE243-.LFB243
 10029 00bb 07       		.byte	0x7
 10030 00bc 00000000 		.4byte	.LFB244
 10031 00c0 1C       		.uleb128 .LFE244-.LFB244
 10032 00c1 07       		.byte	0x7
ARM GAS  /tmp/ccUycNjg.s 			page 177


 10033 00c2 00000000 		.4byte	.LFB245
 10034 00c6 1C       		.uleb128 .LFE245-.LFB245
 10035 00c7 07       		.byte	0x7
 10036 00c8 00000000 		.4byte	.LFB246
 10037 00cc 22       		.uleb128 .LFE246-.LFB246
 10038 00cd 07       		.byte	0x7
 10039 00ce 00000000 		.4byte	.LFB248
 10040 00d2 28       		.uleb128 .LFE248-.LFB248
 10041 00d3 07       		.byte	0x7
 10042 00d4 00000000 		.4byte	.LFB247
 10043 00d8 14       		.uleb128 .LFE247-.LFB247
 10044 00d9 07       		.byte	0x7
 10045 00da 00000000 		.4byte	.LFB250
 10046 00de 2A       		.uleb128 .LFE250-.LFB250
 10047 00df 07       		.byte	0x7
 10048 00e0 00000000 		.4byte	.LFB249
 10049 00e4 14       		.uleb128 .LFE249-.LFB249
 10050 00e5 07       		.byte	0x7
 10051 00e6 00000000 		.4byte	.LFB251
 10052 00ea 46       		.uleb128 .LFE251-.LFB251
 10053 00eb 07       		.byte	0x7
 10054 00ec 00000000 		.4byte	.LFB252
 10055 00f0 E401     		.uleb128 .LFE252-.LFB252
 10056 00f2 07       		.byte	0x7
 10057 00f3 00000000 		.4byte	.LFB253
 10058 00f7 48       		.uleb128 .LFE253-.LFB253
 10059 00f8 07       		.byte	0x7
 10060 00f9 00000000 		.4byte	.LFB254
 10061 00fd 22       		.uleb128 .LFE254-.LFB254
 10062 00fe 00       		.byte	0
 10063              	.Ldebug_ranges3:
 10064              		.section	.debug_line,"",%progbits
 10065              	.Ldebug_line0:
 10066 0000 72130000 		.section	.debug_str,"MS",%progbits,1
 10066      03004602 
 10066      00000201 
 10066      FB0E0D00 
 10066      01010101 
 10067              	.LASF105:
 10068 0000 69627147 		.ascii	"ibqGetEmptyBufferI\000"
 10068      6574456D 
 10068      70747942 
 10068      75666665 
 10068      724900
 10069              	.LASF96:
 10070 0013 6F6E6679 		.ascii	"onfy\000"
 10070      00
 10071              	.LASF11:
 10072 0018 73697A65 		.ascii	"size_t\000"
 10072      5F7400
 10073              	.LASF37:
 10074 001f 6E657874 		.ascii	"next\000"
 10074      00
 10075              	.LASF55:
 10076 0024 7264796D 		.ascii	"rdymsg\000"
 10076      736700
 10077              	.LASF15:
ARM GAS  /tmp/ccUycNjg.s 			page 178


 10078 002b 75696E74 		.ascii	"uint64_t\000"
 10078      36345F74 
 10078      00
 10079              	.LASF76:
 10080 0034 63685468 		.ascii	"chThdDequeueAllI\000"
 10080      64446571 
 10080      75657565 
 10080      416C6C49 
 10080      00
 10081              	.LASF75:
 10082 0045 63685468 		.ascii	"chThdDequeueNextI\000"
 10082      64446571 
 10082      75657565 
 10082      4E657874 
 10082      4900
 10083              	.LASF40:
 10084 0057 70726576 		.ascii	"prev\000"
 10084      00
 10085              	.LASF44:
 10086 005c 706F7274 		.ascii	"port_intctx\000"
 10086      5F696E74 
 10086      63747800 
 10087              	.LASF39:
 10088 0068 63685F74 		.ascii	"ch_threads_queue\000"
 10088      68726561 
 10088      64735F71 
 10088      75657565 
 10088      00
 10089              	.LASF120:
 10090 0079 71756575 		.ascii	"queue_init\000"
 10090      655F696E 
 10090      697400
 10091              	.LASF124:
 10092 0084 706F7274 		.ascii	"port_lock\000"
 10092      5F6C6F63 
 10092      6B00
 10093              	.LASF0:
 10094 008e 6C6F6E67 		.ascii	"long long unsigned int\000"
 10094      206C6F6E 
 10094      6720756E 
 10094      7369676E 
 10094      65642069 
 10095              	.LASF56:
 10096 00a5 65786974 		.ascii	"exitcode\000"
 10096      636F6465 
 10096      00
 10097              	.LASF100:
 10098 00ae 69627152 		.ascii	"ibqReleaseEmptyBufferS\000"
 10098      656C6561 
 10098      7365456D 
 10098      70747942 
 10098      75666665 
 10099              	.LASF107:
 10100 00c5 6962714F 		.ascii	"ibqObjectInit\000"
 10100      626A6563 
 10100      74496E69 
 10100      7400
ARM GAS  /tmp/ccUycNjg.s 			page 179


 10101              	.LASF50:
 10102 00d3 42445452 		.ascii	"BDTR\000"
 10102      00
 10103              	.LASF63:
 10104 00d8 62777270 		.ascii	"bwrptr\000"
 10104      747200
 10105              	.LASF92:
 10106 00df 6F627147 		.ascii	"obqGetFullBufferI\000"
 10106      65744675 
 10106      6C6C4275 
 10106      66666572 
 10106      4900
 10107              	.LASF47:
 10108 00f1 43434D52 		.ascii	"CCMR1\000"
 10108      3100
 10109              	.LASF48:
 10110 00f7 43434D52 		.ascii	"CCMR2\000"
 10110      3200
 10111              	.LASF52:
 10112 00fd 43434D52 		.ascii	"CCMR3\000"
 10112      3300
 10113              	.LASF4:
 10114 0103 7369676E 		.ascii	"signed char\000"
 10114      65642063 
 10114      68617200 
 10115              	.LASF94:
 10116 010f 6F62714F 		.ascii	"obqObjectInit\000"
 10116      626A6563 
 10116      74496E69 
 10116      7400
 10117              	.LASF110:
 10118 011d 6F73616C 		.ascii	"osalThreadDequeueNextI\000"
 10118      54687265 
 10118      61644465 
 10118      71756575 
 10118      654E6578 
 10119              	.LASF61:
 10120 0134 696F5F62 		.ascii	"io_buffers_queue\000"
 10120      75666665 
 10120      72735F71 
 10120      75657565 
 10120      00
 10121              	.LASF99:
 10122 0145 69627147 		.ascii	"ibqGetTimeout\000"
 10122      65745469 
 10122      6D656F75 
 10122      7400
 10123              	.LASF97:
 10124 0153 69627152 		.ascii	"ibqReadTimeout\000"
 10124      65616454 
 10124      696D656F 
 10124      757400
 10125              	.LASF123:
 10126 0162 706F7274 		.ascii	"port_unlock\000"
 10126      5F756E6C 
 10126      6F636B00 
 10127              	.LASF29:
ARM GAS  /tmp/ccUycNjg.s 			page 180


 10128 016e 73746174 		.ascii	"state\000"
 10128      6500
 10129              	.LASF8:
 10130 0174 6C6F6E67 		.ascii	"long int\000"
 10130      20696E74 
 10130      00
 10131              	.LASF17:
 10132 017d 74737461 		.ascii	"tstate_t\000"
 10132      74655F74 
 10132      00
 10133              	.LASF102:
 10134 0186 69627147 		.ascii	"ibqGetFullBufferTimeoutS\000"
 10134      65744675 
 10134      6C6C4275 
 10134      66666572 
 10134      54696D65 
 10135              	.LASF41:
 10136 019f 72656761 		.ascii	"regarm_t\000"
 10136      726D5F74 
 10136      00
 10137              	.LASF69:
 10138 01a8 6C696E6B 		.ascii	"link\000"
 10138      00
 10139              	.LASF71:
 10140 01ad 696E7075 		.ascii	"input_buffers_queue_t\000"
 10140      745F6275 
 10140      66666572 
 10140      735F7175 
 10140      6575655F 
 10141              	.LASF64:
 10142 01c3 62726470 		.ascii	"brdptr\000"
 10142      747200
 10143              	.LASF32:
 10144 01ca 77616974 		.ascii	"waiting\000"
 10144      696E6700 
 10145              	.LASF114:
 10146 01d2 6F73616C 		.ascii	"osalSysLock\000"
 10146      5379734C 
 10146      6F636B00 
 10147              	.LASF60:
 10148 01de 696F5F62 		.ascii	"io_buffers_queue_t\000"
 10148      75666665 
 10148      72735F71 
 10148      75657565 
 10148      5F7400
 10149              	.LASF2:
 10150 01f1 6C6F6E67 		.ascii	"long long int\000"
 10150      206C6F6E 
 10150      6720696E 
 10150      7400
 10151              	.LASF126:
 10152 01ff 76616C75 		.ascii	"value\000"
 10152      6500
 10153              	.LASF43:
 10154 0205 706F7274 		.ascii	"port_context\000"
 10154      5F636F6E 
 10154      74657874 
ARM GAS  /tmp/ccUycNjg.s 			page 181


 10154      00
 10155              	.LASF85:
 10156 0212 6F627146 		.ascii	"obqFlush\000"
 10156      6C757368 
 10156      00
 10157              	.LASF117:
 10158 021b 63685654 		.ascii	"chVTGetSystemTimeX\000"
 10158      47657453 
 10158      79737465 
 10158      6D54696D 
 10158      655800
 10159              	.LASF1:
 10160 022e 756E7369 		.ascii	"unsigned int\000"
 10160      676E6564 
 10160      20696E74 
 10160      00
 10161              	.LASF130:
 10162 023b 6F73616C 		.ascii	"osalThreadEnqueueTimeoutS\000"
 10162      54687265 
 10162      6164456E 
 10162      71756575 
 10162      6554696D 
 10163              	.LASF58:
 10164 0255 77747472 		.ascii	"wttrp\000"
 10164      7000
 10165              	.LASF81:
 10166 025b 74696D65 		.ascii	"timeout\000"
 10166      6F757400 
 10167              	.LASF67:
 10168 0263 62756666 		.ascii	"buffers\000"
 10168      65727300 
 10169              	.LASF27:
 10170 026b 6E616D65 		.ascii	"name\000"
 10170      00
 10171              	.LASF23:
 10172 0270 71756575 		.ascii	"queue\000"
 10172      6500
 10173              	.LASF78:
 10174 0276 73697A65 		.ascii	"size\000"
 10174      00
 10175              	.LASF45:
 10176 027b 534D4352 		.ascii	"SMCR\000"
 10176      00
 10177              	.LASF35:
 10178 0280 63685F74 		.ascii	"ch_thread\000"
 10178      68726561 
 10178      6400
 10179              	.LASF86:
 10180 028a 6F627150 		.ascii	"obqPostFullBufferS\000"
 10180      6F737446 
 10180      756C6C42 
 10180      75666665 
 10180      725300
 10181              	.LASF54:
 10182 029d 73746D33 		.ascii	"stm32_tim_t\000"
 10182      325F7469 
 10182      6D5F7400 
ARM GAS  /tmp/ccUycNjg.s 			page 182


 10183              	.LASF131:
 10184 02a9 5F5F6275 		.ascii	"__builtin_memcpy\000"
 10184      696C7469 
 10184      6E5F6D65 
 10184      6D637079 
 10184      00
 10185              	.LASF42:
 10186 02ba 73746B61 		.ascii	"stkalign_t\000"
 10186      6C69676E 
 10186      5F7400
 10187              	.LASF25:
 10188 02c5 6E657765 		.ascii	"newer\000"
 10188      7200
 10189              	.LASF115:
 10190 02cb 63685468 		.ascii	"chThdQueueObjectInit\000"
 10190      64517565 
 10190      75654F62 
 10190      6A656374 
 10190      496E6974 
 10191              	.LASF127:
 10192 02e0 474E5520 		.ascii	"GNU C11 13.2.1 20231009 -mcpu=cortex-m4 -mfloat-abi"
 10192      43313120 
 10192      31332E32 
 10192      2E312032 
 10192      30323331 
 10193 0313 3D686172 		.ascii	"=hard -mfpu=fpv4-sp-d16 -mno-thumb-interwork -mthum"
 10193      64202D6D 
 10193      6670753D 
 10193      66707634 
 10193      2D73702D 
 10194 0346 62202D6D 		.ascii	"b -march=armv7e-m+fp -ggdb -Og -std=c11 -fno-inline"
 10194      61726368 
 10194      3D61726D 
 10194      7637652D 
 10194      6D2B6670 
 10195 0379 2D736D61 		.ascii	"-small-functions -fomit-frame-pointer -falign-funct"
 10195      6C6C2D66 
 10195      756E6374 
 10195      696F6E73 
 10195      202D666F 
 10196 03ac 696F6E73 		.ascii	"ions=16 -fstack-usage -ffunction-sections -fdata-se"
 10196      3D313620 
 10196      2D667374 
 10196      61636B2D 
 10196      75736167 
 10197 03df 6374696F 		.ascii	"ctions -fno-common -fsingle-precision-constant\000"
 10197      6E73202D 
 10197      666E6F2D 
 10197      636F6D6D 
 10197      6F6E202D 
 10198              	.LASF3:
 10199 040e 6C6F6E67 		.ascii	"long double\000"
 10199      20646F75 
 10199      626C6500 
 10200              	.LASF125:
 10201 041a 5F5F7365 		.ascii	"__set_BASEPRI\000"
 10201      745F4241 
ARM GAS  /tmp/ccUycNjg.s 			page 183


 10201      53455052 
 10201      4900
 10202              	.LASF104:
 10203 0428 69627150 		.ascii	"ibqPostFullBufferI\000"
 10203      6F737446 
 10203      756C6C42 
 10203      75666665 
 10203      724900
 10204              	.LASF65:
 10205 043b 62746F70 		.ascii	"btop\000"
 10205      00
 10206              	.LASF93:
 10207 0440 6F627152 		.ascii	"obqResetI\000"
 10207      65736574 
 10207      4900
 10208              	.LASF128:
 10209 044a 43686962 		.ascii	"ChibiOS/os/hal/src/hal_buffers.c\000"
 10209      694F532F 
 10209      6F732F68 
 10209      616C2F73 
 10209      72632F68 
 10210              	.LASF111:
 10211 046b 74696D65 		.ascii	"time\000"
 10211      00
 10212              	.LASF24:
 10213 0470 7072696F 		.ascii	"prio\000"
 10213      00
 10214              	.LASF98:
 10215 0475 69627170 		.ascii	"ibqp\000"
 10215      00
 10216              	.LASF62:
 10217 047a 62636F75 		.ascii	"bcounter\000"
 10217      6E746572 
 10217      00
 10218              	.LASF18:
 10219 0483 74726566 		.ascii	"trefs_t\000"
 10219      735F7400 
 10220              	.LASF31:
 10221 048b 72656673 		.ascii	"refs\000"
 10221      00
 10222              	.LASF19:
 10223 0490 74707269 		.ascii	"tprio_t\000"
 10223      6F5F7400 
 10224              	.LASF72:
 10225 0498 6F757470 		.ascii	"output_buffers_queue_t\000"
 10225      75745F62 
 10225      75666665 
 10225      72735F71 
 10225      75657565 
 10226              	.LASF59:
 10227 04af 5F426F6F 		.ascii	"_Bool\000"
 10227      6C00
 10228              	.LASF12:
 10229 04b5 696E7433 		.ascii	"int32_t\000"
 10229      325F7400 
 10230              	.LASF5:
 10231 04bd 756E7369 		.ascii	"unsigned char\000"
ARM GAS  /tmp/ccUycNjg.s 			page 184


 10231      676E6564 
 10231      20636861 
 10231      7200
 10232              	.LASF66:
 10233 04cb 6273697A 		.ascii	"bsize\000"
 10233      6500
 10234              	.LASF106:
 10235 04d1 69627152 		.ascii	"ibqResetI\000"
 10235      65736574 
 10235      4900
 10236              	.LASF103:
 10237 04db 69627147 		.ascii	"ibqGetFullBufferTimeout\000"
 10237      65744675 
 10237      6C6C4275 
 10237      66666572 
 10237      54696D65 
 10238              	.LASF6:
 10239 04f3 73686F72 		.ascii	"short int\000"
 10239      7420696E 
 10239      7400
 10240              	.LASF84:
 10241 04fd 6F627150 		.ascii	"obqPutTimeout\000"
 10241      75745469 
 10241      6D656F75 
 10241      7400
 10242              	.LASF108:
 10243 050b 696E6679 		.ascii	"infy\000"
 10243      00
 10244              	.LASF87:
 10245 0510 5F5F6675 		.ascii	"__func__\000"
 10245      6E635F5F 
 10245      00
 10246              	.LASF119:
 10247 0519 63685379 		.ascii	"chSysLock\000"
 10247      734C6F63 
 10247      6B00
 10248              	.LASF80:
 10249 0523 6F627157 		.ascii	"obqWriteTimeout\000"
 10249      72697465 
 10249      54696D65 
 10249      6F757400 
 10250              	.LASF113:
 10251 0533 6F73616C 		.ascii	"osalSysUnlock\000"
 10251      53797355 
 10251      6E6C6F63 
 10251      6B00
 10252              	.LASF122:
 10253 0541 73745F6C 		.ascii	"st_lld_get_counter\000"
 10253      6C645F67 
 10253      65745F63 
 10253      6F756E74 
 10253      657200
 10254              	.LASF79:
 10255 0554 6F627154 		.ascii	"obqTryFlushI\000"
 10255      7279466C 
 10255      75736849 
 10255      00
ARM GAS  /tmp/ccUycNjg.s 			page 185


 10256              	.LASF14:
 10257 0561 75696E74 		.ascii	"uint32_t\000"
 10257      33325F74 
 10257      00
 10258              	.LASF36:
 10259 056a 63685F74 		.ascii	"ch_threads_list\000"
 10259      68726561 
 10259      64735F6C 
 10259      69737400 
 10260              	.LASF9:
 10261 057a 6C6F6E67 		.ascii	"long unsigned int\000"
 10261      20756E73 
 10261      69676E65 
 10261      6420696E 
 10261      7400
 10262              	.LASF28:
 10263 058c 77616261 		.ascii	"wabase\000"
 10263      736500
 10264              	.LASF68:
 10265 0593 6E6F7469 		.ascii	"notify\000"
 10265      667900
 10266              	.LASF10:
 10267 059a 63686172 		.ascii	"char\000"
 10267      00
 10268              	.LASF26:
 10269 059f 6F6C6465 		.ascii	"older\000"
 10269      7200
 10270              	.LASF88:
 10271 05a5 6F627150 		.ascii	"obqPostFullBuffer\000"
 10271      6F737446 
 10271      756C6C42 
 10271      75666665 
 10271      7200
 10272              	.LASF51:
 10273 05b7 444D4152 		.ascii	"DMAR\000"
 10273      00
 10274              	.LASF22:
 10275 05bc 74687265 		.ascii	"thread_t\000"
 10275      61645F74 
 10275      00
 10276              	.LASF49:
 10277 05c5 43434552 		.ascii	"CCER\000"
 10277      00
 10278              	.LASF21:
 10279 05ca 73797374 		.ascii	"systime_t\000"
 10279      696D655F 
 10279      7400
 10280              	.LASF53:
 10281 05d4 43435852 		.ascii	"CCXR\000"
 10281      00
 10282              	.LASF129:
 10283 05d9 2F776F72 		.ascii	"/workspaces/tinySA\000"
 10283      6B737061 
 10283      6365732F 
 10283      74696E79 
 10283      534100
 10284              	.LASF73:
ARM GAS  /tmp/ccUycNjg.s 			page 186


 10285 05ec 6D656D63 		.ascii	"memcpy\000"
 10285      707900
 10286              	.LASF7:
 10287 05f3 73686F72 		.ascii	"short unsigned int\000"
 10287      7420756E 
 10287      7369676E 
 10287      65642069 
 10287      6E7400
 10288              	.LASF112:
 10289 0606 6F73616C 		.ascii	"osalThreadQueueObjectInit\000"
 10289      54687265 
 10289      61645175 
 10289      6575654F 
 10289      626A6563 
 10290              	.LASF121:
 10291 0620 706F7274 		.ascii	"port_timer_get_time\000"
 10291      5F74696D 
 10291      65725F67 
 10291      65745F74 
 10291      696D6500 
 10292              	.LASF20:
 10293 0634 6D73675F 		.ascii	"msg_t\000"
 10293      7400
 10294              	.LASF70:
 10295 063a 62716E6F 		.ascii	"bqnotify_t\000"
 10295      74696679 
 10295      5F7400
 10296              	.LASF38:
 10297 0645 74687265 		.ascii	"threads_queue_t\000"
 10297      6164735F 
 10297      71756575 
 10297      655F7400 
 10298              	.LASF91:
 10299 0655 6F627152 		.ascii	"obqReleaseEmptyBufferI\000"
 10299      656C6561 
 10299      7365456D 
 10299      70747942 
 10299      75666665 
 10300              	.LASF77:
 10301 066c 6F627170 		.ascii	"obqp\000"
 10301      00
 10302              	.LASF13:
 10303 0671 75696E74 		.ascii	"uint8_t\000"
 10303      385F7400 
 10304              	.LASF30:
 10305 0679 666C6167 		.ascii	"flags\000"
 10305      7300
 10306              	.LASF90:
 10307 067f 6F627147 		.ascii	"obqGetEmptyBufferTimeout\000"
 10307      6574456D 
 10307      70747942 
 10307      75666665 
 10307      7254696D 
 10308              	.LASF33:
 10309 0698 74687265 		.ascii	"thread_reference_t\000"
 10309      61645F72 
 10309      65666572 
ARM GAS  /tmp/ccUycNjg.s 			page 187


 10309      656E6365 
 10309      5F7400
 10310              	.LASF57:
 10311 06ab 77746F62 		.ascii	"wtobjp\000"
 10311      6A7000
 10312              	.LASF95:
 10313 06b2 73697A65 		.ascii	"sizep\000"
 10313      7000
 10314              	.LASF101:
 10315 06b8 69627152 		.ascii	"ibqReleaseEmptyBuffer\000"
 10315      656C6561 
 10315      7365456D 
 10315      70747942 
 10315      75666665 
 10316              	.LASF46:
 10317 06ce 44494552 		.ascii	"DIER\000"
 10317      00
 10318              	.LASF109:
 10319 06d3 6F73616C 		.ascii	"osalThreadDequeueAllI\000"
 10319      54687265 
 10319      61644465 
 10319      71756575 
 10319      65416C6C 
 10320              	.LASF34:
 10321 06e9 74687265 		.ascii	"threads_list_t\000"
 10321      6164735F 
 10321      6C697374 
 10321      5F7400
 10322              	.LASF116:
 10323 06f8 6F73616C 		.ascii	"osalOsGetSystemTimeX\000"
 10323      4F734765 
 10323      74537973 
 10323      74656D54 
 10323      696D6558 
 10324              	.LASF16:
 10325 070d 746D6F64 		.ascii	"tmode_t\000"
 10325      655F7400 
 10326              	.LASF118:
 10327 0715 63685379 		.ascii	"chSysUnlock\000"
 10327      73556E6C 
 10327      6F636B00 
 10328              	.LASF82:
 10329 0721 64656164 		.ascii	"deadline\000"
 10329      6C696E65 
 10329      00
 10330              	.LASF89:
 10331 072a 6F627147 		.ascii	"obqGetEmptyBufferTimeoutS\000"
 10331      6574456D 
 10331      70747942 
 10331      75666665 
 10331      7254696D 
 10332              	.LASF74:
 10333 0744 63685468 		.ascii	"chThdEnqueueTimeoutS\000"
 10333      64456E71 
 10333      75657565 
 10333      54696D65 
 10333      6F757453 
ARM GAS  /tmp/ccUycNjg.s 			page 188


 10334              	.LASF83:
 10335 0759 6E657874 		.ascii	"next_timeout\000"
 10335      5F74696D 
 10335      656F7574 
 10335      00
 10336              		.ident	"GCC: (15:13.2.rel1-2) 13.2.1 20231009"
ARM GAS  /tmp/ccUycNjg.s 			page 189


DEFINED SYMBOLS
                            *ABS*:00000000 hal_buffers.c
     /tmp/ccUycNjg.s:21     .text.ibqObjectInit:00000000 $t
     /tmp/ccUycNjg.s:28     .text.ibqObjectInit:00000000 ibqObjectInit
     /tmp/ccUycNjg.s:128    .text.ibqResetI:00000000 $t
     /tmp/ccUycNjg.s:135    .text.ibqResetI:00000000 ibqResetI
     /tmp/ccUycNjg.s:185    .text.ibqGetEmptyBufferI:00000000 $t
     /tmp/ccUycNjg.s:192    .text.ibqGetEmptyBufferI:00000000 ibqGetEmptyBufferI
     /tmp/ccUycNjg.s:229    .text.ibqPostFullBufferI:00000000 $t
     /tmp/ccUycNjg.s:236    .text.ibqPostFullBufferI:00000000 ibqPostFullBufferI
     /tmp/ccUycNjg.s:307    .text.ibqGetFullBufferTimeoutS:00000000 $t
     /tmp/ccUycNjg.s:314    .text.ibqGetFullBufferTimeoutS:00000000 ibqGetFullBufferTimeoutS
     /tmp/ccUycNjg.s:391    .text.ibqGetFullBufferTimeout:00000000 $t
     /tmp/ccUycNjg.s:398    .text.ibqGetFullBufferTimeout:00000000 ibqGetFullBufferTimeout
     /tmp/ccUycNjg.s:499    .text.ibqReleaseEmptyBufferS:00000000 $t
     /tmp/ccUycNjg.s:506    .text.ibqReleaseEmptyBufferS:00000000 ibqReleaseEmptyBufferS
     /tmp/ccUycNjg.s:567    .text.ibqReleaseEmptyBuffer:00000000 $t
     /tmp/ccUycNjg.s:574    .text.ibqReleaseEmptyBuffer:00000000 ibqReleaseEmptyBuffer
     /tmp/ccUycNjg.s:669    .text.ibqGetTimeout:00000000 $t
     /tmp/ccUycNjg.s:676    .text.ibqGetTimeout:00000000 ibqGetTimeout
     /tmp/ccUycNjg.s:859    .text.ibqReadTimeout:00000000 $t
     /tmp/ccUycNjg.s:866    .text.ibqReadTimeout:00000000 ibqReadTimeout
     /tmp/ccUycNjg.s:1323   .text.obqObjectInit:00000000 $t
     /tmp/ccUycNjg.s:1330   .text.obqObjectInit:00000000 obqObjectInit
     /tmp/ccUycNjg.s:1425   .text.obqResetI:00000000 $t
     /tmp/ccUycNjg.s:1432   .text.obqResetI:00000000 obqResetI
     /tmp/ccUycNjg.s:1484   .text.obqGetFullBufferI:00000000 $t
     /tmp/ccUycNjg.s:1491   .text.obqGetFullBufferI:00000000 obqGetFullBufferI
     /tmp/ccUycNjg.s:1534   .text.obqReleaseEmptyBufferI:00000000 $t
     /tmp/ccUycNjg.s:1541   .text.obqReleaseEmptyBufferI:00000000 obqReleaseEmptyBufferI
     /tmp/ccUycNjg.s:1602   .text.obqGetEmptyBufferTimeoutS:00000000 $t
     /tmp/ccUycNjg.s:1609   .text.obqGetEmptyBufferTimeoutS:00000000 obqGetEmptyBufferTimeoutS
     /tmp/ccUycNjg.s:1686   .text.obqGetEmptyBufferTimeout:00000000 $t
     /tmp/ccUycNjg.s:1693   .text.obqGetEmptyBufferTimeout:00000000 obqGetEmptyBufferTimeout
     /tmp/ccUycNjg.s:1791   .text.obqPostFullBufferS:00000000 $t
     /tmp/ccUycNjg.s:1798   .text.obqPostFullBufferS:00000000 obqPostFullBufferS
     /tmp/ccUycNjg.s:1867   .text.obqPostFullBuffer:00000000 $t
     /tmp/ccUycNjg.s:1874   .text.obqPostFullBuffer:00000000 obqPostFullBuffer
     /tmp/ccUycNjg.s:1969   .text.obqPutTimeout:00000000 $t
     /tmp/ccUycNjg.s:1976   .text.obqPutTimeout:00000000 obqPutTimeout
     /tmp/ccUycNjg.s:2168   .text.obqWriteTimeout:00000000 $t
     /tmp/ccUycNjg.s:2175   .text.obqWriteTimeout:00000000 obqWriteTimeout
     /tmp/ccUycNjg.s:2635   .text.obqTryFlushI:00000000 $t
     /tmp/ccUycNjg.s:2642   .text.obqTryFlushI:00000000 obqTryFlushI
     /tmp/ccUycNjg.s:2751   .text.obqFlush:00000000 $t
     /tmp/ccUycNjg.s:2758   .text.obqFlush:00000000 obqFlush

UNDEFINED SYMBOLS
chThdDequeueAllI
chThdDequeueNextI
chThdEnqueueTimeoutS
memcpy
