ARM GAS  /tmp/ccRHyJSn.s 			page 1


   1              		.cpu cortex-m4
   2              		.arch armv7e-m
   3              		.fpu fpv4-sp-d16
   4              		.eabi_attribute 27, 1
   5              		.eabi_attribute 28, 1
   6              		.eabi_attribute 20, 1
   7              		.eabi_attribute 21, 1
   8              		.eabi_attribute 23, 3
   9              		.eabi_attribute 24, 1
  10              		.eabi_attribute 25, 1
  11              		.eabi_attribute 26, 1
  12              		.eabi_attribute 30, 1
  13              		.eabi_attribute 34, 1
  14              		.eabi_attribute 18, 4
  15              		.file	"si4468.c"
  16              		.text
  17              	.Ltext0:
  18              		.cfi_sections	.debug_frame
  19              		.file 1 "si4468.c"
  20              		.section	.text.chVTGetSystemTimeX,"ax",%progbits
  21              		.align	1
  22              		.p2align 4,,15
  23              		.syntax unified
  24              		.thumb
  25              		.thumb_func
  26              		.type	chVTGetSystemTimeX, %function
  27              	chVTGetSystemTimeX:
  28              	.LFB175:
  29              		.file 2 "ChibiOS/os/rt/include/chvt.h"
  30              		.loc 2 228 50 view -0
  31              		.cfi_startproc
  32              		@ args = 0, pretend = 0, frame = 0
  33              		@ frame_needed = 0, uses_anonymous_args = 0
  34              		@ link register save eliminated.
  35              		.loc 2 233 3 view .LVU1
  36              	.LBB12:
  37              	.LBI12:
  38              		.file 3 "ChibiOS/os/common/ports/ARMCMx/chcore_timer.h"
  39              		.loc 3 105 25 view .LVU2
  40              		.loc 3 107 3 view .LVU3
  41              	.LBB13:
  42              	.LBI13:
  43              		.file 4 "ChibiOS/os/hal/ports/STM32/LLD/TIMv1/hal_st_lld.h"
  44              		.loc 4 139 25 view .LVU4
  45              	.LBB14:
  46              		.loc 4 141 3 view .LVU5
  47              		.loc 4 141 10 is_stmt 0 view .LVU6
  48 0000 4FF08043 		mov	r3, #1073741824
  49 0004 586A     		ldr	r0, [r3, #36]
  50              	.LBE14:
  51              	.LBE13:
  52              	.LBE12:
  53              		.loc 2 235 1 view .LVU7
  54 0006 7047     		bx	lr
  55              		.cfi_endproc
  56              	.LFE175:
  57              		.size	chVTGetSystemTimeX, .-chVTGetSystemTimeX
ARM GAS  /tmp/ccRHyJSn.s 			page 2


  58              		.section	.text.osalThreadSleep,"ax",%progbits
  59              		.align	1
  60              		.p2align 4,,15
  61              		.syntax unified
  62              		.thumb
  63              		.thumb_func
  64              		.type	osalThreadSleep, %function
  65              	osalThreadSleep:
  66              	.LVL0:
  67              	.LFB218:
  68              		.file 5 "ChibiOS/os/hal/osal/rt/osal.h"
  69              		.loc 5 671 52 is_stmt 1 view -0
  70              		.cfi_startproc
  71              		@ args = 0, pretend = 0, frame = 0
  72              		@ frame_needed = 0, uses_anonymous_args = 0
  73              		.loc 5 671 52 is_stmt 0 view .LVU9
  74 0000 08B5     		push	{r3, lr}
  75              		.cfi_def_cfa_offset 8
  76              		.cfi_offset 3, -8
  77              		.cfi_offset 14, -4
  78              		.loc 5 673 3 is_stmt 1 view .LVU10
  79 0002 FFF7FEFF 		bl	chThdSleep
  80              	.LVL1:
  81              		.loc 5 674 1 is_stmt 0 view .LVU11
  82 0006 08BD     		pop	{r3, pc}
  83              		.cfi_endproc
  84              	.LFE218:
  85              		.size	osalThreadSleep, .-osalThreadSleep
  86              		.section	.text.start_SI4432_SPI_mode,"ax",%progbits
  87              		.align	1
  88              		.global	start_SI4432_SPI_mode
  89              		.syntax unified
  90              		.thumb
  91              		.thumb_func
  92              		.type	start_SI4432_SPI_mode, %function
  93              	start_SI4432_SPI_mode:
  94              	.LFB233:
  95              		.loc 1 109 33 is_stmt 1 view -0
  96              		.cfi_startproc
  97              		@ args = 0, pretend = 0, frame = 0
  98              		@ frame_needed = 0, uses_anonymous_args = 0
  99              		@ link register save eliminated.
 100              		.loc 1 111 3 view .LVU13
 101              		.loc 1 111 32 is_stmt 0 view .LVU14
 102 0000 054A     		ldr	r2, .L5
 103              		.loc 1 111 20 view .LVU15
 104 0002 064B     		ldr	r3, .L5+4
 105              		.loc 1 111 32 view .LVU16
 106 0004 1168     		ldr	r1, [r2]
 107              		.loc 1 111 20 view .LVU17
 108 0006 1960     		str	r1, [r3]
 109              		.loc 1 112 3 is_stmt 1 view .LVU18
 110 0008 1368     		ldr	r3, [r2]
 111 000a 23F03803 		bic	r3, r3, #56
 112 000e 43F00803 		orr	r3, r3, #8
 113 0012 1360     		str	r3, [r2]
 114              		.loc 1 123 1 is_stmt 0 view .LVU19
ARM GAS  /tmp/ccRHyJSn.s 			page 3


 115 0014 7047     		bx	lr
 116              	.L6:
 117 0016 00BF     		.align	2
 118              	.L5:
 119 0018 00300140 		.word	1073819648
 120 001c 00000000 		.word	old_spi_settings
 121              		.cfi_endproc
 122              	.LFE233:
 123              		.size	start_SI4432_SPI_mode, .-start_SI4432_SPI_mode
 124              		.section	.text.stop_SI4432_SPI_mode,"ax",%progbits
 125              		.align	1
 126              		.global	stop_SI4432_SPI_mode
 127              		.syntax unified
 128              		.thumb
 129              		.thumb_func
 130              		.type	stop_SI4432_SPI_mode, %function
 131              	stop_SI4432_SPI_mode:
 132              	.LFB234:
 133              		.loc 1 125 32 is_stmt 1 view -0
 134              		.cfi_startproc
 135              		@ args = 0, pretend = 0, frame = 0
 136              		@ frame_needed = 0, uses_anonymous_args = 0
 137              		@ link register save eliminated.
 138              		.loc 1 127 3 view .LVU21
 139              		.loc 1 127 19 is_stmt 0 view .LVU22
 140 0000 024B     		ldr	r3, .L8
 141 0002 1A68     		ldr	r2, [r3]
 142 0004 024B     		ldr	r3, .L8+4
 143 0006 1A60     		str	r2, [r3]
 144              		.loc 1 132 1 view .LVU23
 145 0008 7047     		bx	lr
 146              	.L9:
 147 000a 00BF     		.align	2
 148              	.L8:
 149 000c 00000000 		.word	old_spi_settings
 150 0010 00300140 		.word	1073819648
 151              		.cfi_endproc
 152              	.LFE234:
 153              		.size	stop_SI4432_SPI_mode, .-stop_SI4432_SPI_mode
 154              		.section	.text.start_PE4312_SPI_mode,"ax",%progbits
 155              		.align	1
 156              		.global	start_PE4312_SPI_mode
 157              		.syntax unified
 158              		.thumb
 159              		.thumb_func
 160              		.type	start_PE4312_SPI_mode, %function
 161              	start_PE4312_SPI_mode:
 162              	.LFB235:
 163              		.loc 1 134 33 is_stmt 1 view -0
 164              		.cfi_startproc
 165              		@ args = 0, pretend = 0, frame = 0
 166              		@ frame_needed = 0, uses_anonymous_args = 0
 167              		@ link register save eliminated.
 168              		.loc 1 136 3 view .LVU25
 169              		.loc 1 136 32 is_stmt 0 view .LVU26
 170 0000 084B     		ldr	r3, .L11
 171              		.loc 1 137 18 view .LVU27
ARM GAS  /tmp/ccRHyJSn.s 			page 4


 172 0002 0949     		ldr	r1, .L11+4
 173              		.loc 1 136 32 view .LVU28
 174 0004 1A68     		ldr	r2, [r3]
 175              		.loc 1 136 20 view .LVU29
 176 0006 094B     		ldr	r3, .L11+8
 177 0008 1A60     		str	r2, [r3]
 178              		.loc 1 137 3 is_stmt 1 view .LVU30
 179              		.loc 1 137 25 is_stmt 0 view .LVU31
 180 000a 094A     		ldr	r2, .L11+12
 181 000c 1368     		ldr	r3, [r2]
 182              		.loc 1 137 18 view .LVU32
 183 000e 0B60     		str	r3, [r1]
 184              		.loc 1 138 3 is_stmt 1 view .LVU33
 185              		.loc 1 138 12 is_stmt 0 view .LVU34
 186 0010 23F47C63 		bic	r3, r3, #4032
 187              	.LVL2:
 188              		.loc 1 139 3 is_stmt 1 view .LVU35
 189              		.loc 1 139 17 is_stmt 0 view .LVU36
 190 0014 43F48863 		orr	r3, r3, #1088
 191              	.LVL3:
 192              		.loc 1 140 3 is_stmt 1 view .LVU37
 193              		.loc 1 140 16 is_stmt 0 view .LVU38
 194 0018 1360     		str	r3, [r2]
 195              		.loc 1 142 3 is_stmt 1 view .LVU39
 196 001a 2023     		movs	r3, #32
 197              	.LVL4:
 198              		.loc 1 142 3 is_stmt 0 view .LVU40
 199 001c 5383     		strh	r3, [r2, #26]	@ movhi
 200              	.LVL5:
 201              		.loc 1 143 3 is_stmt 1 view .LVU41
 202 001e 0823     		movs	r3, #8
 203 0020 5383     		strh	r3, [r2, #26]	@ movhi
 204              		.loc 1 144 1 is_stmt 0 view .LVU42
 205 0022 7047     		bx	lr
 206              	.L12:
 207              		.align	2
 208              	.L11:
 209 0024 00300140 		.word	1073819648
 210 0028 00000000 		.word	old_port_moder
 211 002c 00000000 		.word	old_spi_settings
 212 0030 00040048 		.word	1207960576
 213              		.cfi_endproc
 214              	.LFE235:
 215              		.size	start_PE4312_SPI_mode, .-start_PE4312_SPI_mode
 216              		.section	.text.stop_PE4312_SPI_mode,"ax",%progbits
 217              		.align	1
 218              		.global	stop_PE4312_SPI_mode
 219              		.syntax unified
 220              		.thumb
 221              		.thumb_func
 222              		.type	stop_PE4312_SPI_mode, %function
 223              	stop_PE4312_SPI_mode:
 224              	.LFB236:
 225              		.loc 1 146 32 is_stmt 1 view -0
 226              		.cfi_startproc
 227              		@ args = 0, pretend = 0, frame = 0
 228              		@ frame_needed = 0, uses_anonymous_args = 0
ARM GAS  /tmp/ccRHyJSn.s 			page 5


 229              		@ link register save eliminated.
 230              		.loc 1 148 3 view .LVU44
 231              		.loc 1 148 16 is_stmt 0 view .LVU45
 232 0000 044B     		ldr	r3, .L14
 233 0002 1A68     		ldr	r2, [r3]
 234 0004 044B     		ldr	r3, .L14+4
 235 0006 1A60     		str	r2, [r3]
 236              		.loc 1 149 3 is_stmt 1 view .LVU46
 237              		.loc 1 149 19 is_stmt 0 view .LVU47
 238 0008 044B     		ldr	r3, .L14+8
 239 000a 1A68     		ldr	r2, [r3]
 240 000c 044B     		ldr	r3, .L14+12
 241 000e 1A60     		str	r2, [r3]
 242              		.loc 1 150 1 view .LVU48
 243 0010 7047     		bx	lr
 244              	.L15:
 245 0012 00BF     		.align	2
 246              	.L14:
 247 0014 00000000 		.word	old_port_moder
 248 0018 00040048 		.word	1207960576
 249 001c 00000000 		.word	old_spi_settings
 250 0020 00300140 		.word	1073819648
 251              		.cfi_endproc
 252              	.LFE236:
 253              		.size	stop_PE4312_SPI_mode, .-stop_PE4312_SPI_mode
 254              		.section	.text.PE4302_init,"ax",%progbits
 255              		.align	1
 256              		.global	PE4302_init
 257              		.syntax unified
 258              		.thumb
 259              		.thumb_func
 260              		.type	PE4302_init, %function
 261              	PE4302_init:
 262              	.LFB239:
 263              		.loc 1 217 24 is_stmt 1 view -0
 264              		.cfi_startproc
 265              		@ args = 0, pretend = 0, frame = 0
 266              		@ frame_needed = 0, uses_anonymous_args = 0
 267              		@ link register save eliminated.
 268              		.loc 1 218 3 view .LVU50
 269              		.loc 1 218 3 view .LVU51
 270 0000 4FF09043 		mov	r3, #1207959552
 271 0004 4FF40042 		mov	r2, #32768
 272 0008 5A83     		strh	r2, [r3, #26]	@ movhi
 273              		.loc 1 218 12 view .LVU52
 274              		.loc 1 219 1 is_stmt 0 view .LVU53
 275 000a 7047     		bx	lr
 276              		.cfi_endproc
 277              	.LFE239:
 278              		.size	PE4302_init, .-PE4302_init
 279              		.section	.text.PE4302_Write_Byte,"ax",%progbits
 280              		.align	1
 281              		.global	PE4302_Write_Byte
 282              		.syntax unified
 283              		.thumb
 284              		.thumb_func
 285              		.type	PE4302_Write_Byte, %function
ARM GAS  /tmp/ccRHyJSn.s 			page 6


 286              	PE4302_Write_Byte:
 287              	.LVL6:
 288              	.LFB240:
 289              		.loc 1 223 1 is_stmt 1 view -0
 290              		.cfi_startproc
 291              		@ args = 0, pretend = 0, frame = 0
 292              		@ frame_needed = 0, uses_anonymous_args = 0
 293              		.loc 1 226 3 view .LVU55
 294              		.loc 1 231 3 view .LVU56
 295              		.loc 1 223 1 is_stmt 0 view .LVU57
 296 0000 70B5     		push	{r4, r5, r6, lr}
 297              		.cfi_def_cfa_offset 16
 298              		.cfi_offset 4, -16
 299              		.cfi_offset 5, -12
 300              		.cfi_offset 6, -8
 301              		.cfi_offset 14, -4
 302              		.loc 1 233 5 view .LVU58
 303 0002 114C     		ldr	r4, .L21
 304              		.loc 1 223 1 view .LVU59
 305 0004 0546     		mov	r5, r0
 306              		.loc 1 231 3 view .LVU60
 307 0006 0320     		movs	r0, #3
 308              	.LVL7:
 309              		.loc 1 231 3 view .LVU61
 310 0008 FFF7FEFF 		bl	set_SPI_mode
 311              	.LVL8:
 312              		.loc 1 232 3 is_stmt 1 view .LVU62
 313              		.loc 1 233 5 view .LVU63
 314 000c 2368     		ldr	r3, [r4]
 315 000e 23F03803 		bic	r3, r3, #56
 316 0012 43F01003 		orr	r3, r3, #16
 317 0016 2360     		str	r3, [r4]
 318              		.loc 1 234 3 view .LVU64
 319 0018 2573     		strb	r5, [r4, #12]
 320              		.loc 1 235 3 view .LVU65
 321              	.L18:
 322              		.loc 1 235 35 discriminator 1 view .LVU66
 323              		.loc 1 235 10 discriminator 1 view .LVU67
 324 001a A368     		ldr	r3, [r4, #8]
 325 001c 1B06     		lsls	r3, r3, #24
 326 001e FCD4     		bmi	.L18
 327              		.loc 1 240 3 view .LVU68
 328              		.loc 1 240 3 view .LVU69
 329 0020 4FF09045 		mov	r5, #1207959552
 330              	.LVL9:
 331              		.loc 1 240 3 is_stmt 0 view .LVU70
 332 0024 4FF40046 		mov	r6, #32768
 333 0028 2E83     		strh	r6, [r5, #24]	@ movhi
 334              		.loc 1 240 13 is_stmt 1 view .LVU71
 335              		.loc 1 241 3 view .LVU72
 336 002a 0220     		movs	r0, #2
 337 002c FFF7FEFF 		bl	my_microsecond_delay
 338              	.LVL10:
 339              		.loc 1 242 3 view .LVU73
 340              		.loc 1 242 3 view .LVU74
 341 0030 6E83     		strh	r6, [r5, #26]	@ movhi
 342              		.loc 1 242 12 view .LVU75
ARM GAS  /tmp/ccRHyJSn.s 			page 7


 343              		.loc 1 243 3 view .LVU76
 344 0032 0220     		movs	r0, #2
 345 0034 FFF7FEFF 		bl	my_microsecond_delay
 346              	.LVL11:
 347              		.loc 1 245 3 view .LVU77
 348              		.loc 1 246 5 view .LVU78
 349 0038 2368     		ldr	r3, [r4]
 350 003a 23F03803 		bic	r3, r3, #56
 351 003e 43F00803 		orr	r3, r3, #8
 352 0042 2360     		str	r3, [r4]
 353              		.loc 1 248 3 view .LVU79
 354              		.loc 1 249 1 is_stmt 0 view .LVU80
 355 0044 0120     		movs	r0, #1
 356 0046 70BD     		pop	{r4, r5, r6, pc}
 357              	.L22:
 358              		.align	2
 359              	.L21:
 360 0048 00300140 		.word	1073819648
 361              		.cfi_endproc
 362              	.LFE240:
 363              		.size	PE4302_Write_Byte, .-PE4302_Write_Byte
 364              		.section	.text.ADF4351_WriteRegister32,"ax",%progbits
 365              		.align	1
 366              		.global	ADF4351_WriteRegister32
 367              		.syntax unified
 368              		.thumb
 369              		.thumb_func
 370              		.type	ADF4351_WriteRegister32, %function
 371              	ADF4351_WriteRegister32:
 372              	.LVL12:
 373              	.LFB242:
 374              		.loc 1 380 1 is_stmt 1 view -0
 375              		.cfi_startproc
 376              		@ args = 0, pretend = 0, frame = 0
 377              		@ frame_needed = 0, uses_anonymous_args = 0
 378              		@ link register save eliminated.
 379              		.loc 1 381 3 view .LVU82
 380              		.loc 1 383 5 view .LVU83
 381 0000 084B     		ldr	r3, .L24
 382 0002 4022     		movs	r2, #64
 383 0004 5A83     		strh	r2, [r3, #26]	@ movhi
 384              		.loc 1 383 5 view .LVU84
 385              		.loc 1 383 16 view .LVU85
 386              		.loc 1 386 5 view .LVU86
 387 0006 084B     		ldr	r3, .L24+4
 388 0008 0A0E     		lsrs	r2, r1, #24
 389 000a 1A73     		strb	r2, [r3, #12]
 390              		.loc 1 387 5 view .LVU87
 391 000c C1F30742 		ubfx	r2, r1, #16, #8
 392 0010 1A73     		strb	r2, [r3, #12]
 393              		.loc 1 388 5 view .LVU88
 394 0012 C1F30722 		ubfx	r2, r1, #8, #8
 395              		.loc 1 389 5 is_stmt 0 view .LVU89
 396 0016 C9B2     		uxtb	r1, r1
 397              	.LVL13:
 398              		.loc 1 388 5 view .LVU90
 399 0018 1A73     		strb	r2, [r3, #12]
ARM GAS  /tmp/ccRHyJSn.s 			page 8


 400              		.loc 1 389 5 is_stmt 1 view .LVU91
 401 001a 1973     		strb	r1, [r3, #12]
 402              		.loc 1 390 5 view .LVU92
 403              		.loc 1 390 19 is_stmt 0 view .LVU93
 404 001c 034B     		ldr	r3, .L24+8
 405 001e 0122     		movs	r2, #1
 406 0020 1A70     		strb	r2, [r3]
 407              		.loc 1 400 1 view .LVU94
 408 0022 7047     		bx	lr
 409              	.L25:
 410              		.align	2
 411              	.L24:
 412 0024 00040048 		.word	1207960576
 413 0028 00300140 		.word	1073819648
 414 002c 00000000 		.word	ADF4351_dirty
 415              		.cfi_endproc
 416              	.LFE242:
 417              		.size	ADF4351_WriteRegister32, .-ADF4351_WriteRegister32
 418              		.section	.text.ADF4351_Latch,"ax",%progbits
 419              		.align	1
 420              		.global	ADF4351_Latch
 421              		.syntax unified
 422              		.thumb
 423              		.thumb_func
 424              		.type	ADF4351_Latch, %function
 425              	ADF4351_Latch:
 426              	.LFB243:
 427              		.loc 1 403 1 is_stmt 1 view -0
 428              		.cfi_startproc
 429              		@ args = 0, pretend = 0, frame = 0
 430              		@ frame_needed = 0, uses_anonymous_args = 0
 431              		@ link register save eliminated.
 432              		.loc 1 404 3 view .LVU96
 433              		.loc 1 404 21 is_stmt 0 view .LVU97
 434 0000 054B     		ldr	r3, .L33
 435              		.loc 1 404 6 view .LVU98
 436 0002 1B78     		ldrb	r3, [r3]	@ zero_extendqisi2
 437 0004 33B1     		cbz	r3, .L26
 438              		.loc 1 406 10 discriminator 1 view .LVU99
 439 0006 054B     		ldr	r3, .L33+4
 440              	.L28:
 441              		.loc 1 406 35 is_stmt 1 discriminator 1 view .LVU100
 442              		.loc 1 406 10 discriminator 1 view .LVU101
 443 0008 9A68     		ldr	r2, [r3, #8]
 444 000a 1206     		lsls	r2, r2, #24
 445 000c FCD4     		bmi	.L28
 446              		.loc 1 407 3 view .LVU102
 447 000e 044B     		ldr	r3, .L33+8
 448 0010 4022     		movs	r2, #64
 449 0012 1A83     		strh	r2, [r3, #24]	@ movhi
 450              		.loc 1 407 3 discriminator 1 view .LVU103
 451              		.loc 1 407 15 discriminator 1 view .LVU104
 452              	.L26:
 453              		.loc 1 408 1 is_stmt 0 view .LVU105
 454 0014 7047     		bx	lr
 455              	.L34:
 456 0016 00BF     		.align	2
ARM GAS  /tmp/ccRHyJSn.s 			page 9


 457              	.L33:
 458 0018 00000000 		.word	ADF4351_dirty
 459 001c 00300140 		.word	1073819648
 460 0020 00040048 		.word	1207960576
 461              		.cfi_endproc
 462              	.LFE243:
 463              		.size	ADF4351_Latch, .-ADF4351_Latch
 464              		.section	.text.sendConfig,"ax",%progbits
 465              		.align	1
 466              		.global	sendConfig
 467              		.syntax unified
 468              		.thumb
 469              		.thumb_func
 470              		.type	sendConfig, %function
 471              	sendConfig:
 472              	.LFB244:
 473              		.loc 1 410 23 is_stmt 1 view -0
 474              		.cfi_startproc
 475              		@ args = 0, pretend = 0, frame = 0
 476              		@ frame_needed = 0, uses_anonymous_args = 0
 477              		.loc 1 411 3 view .LVU107
 478              		.loc 1 412 5 view .LVU108
 479 0000 894A     		ldr	r2, .L52
 480              		.loc 1 410 23 is_stmt 0 view .LVU109
 481 0002 2DE9F84F 		push	{r3, r4, r5, r6, r7, r8, r9, r10, fp, lr}
 482              		.cfi_def_cfa_offset 40
 483              		.cfi_offset 3, -40
 484              		.cfi_offset 4, -36
 485              		.cfi_offset 5, -32
 486              		.cfi_offset 6, -28
 487              		.cfi_offset 7, -24
 488              		.cfi_offset 8, -20
 489              		.cfi_offset 9, -16
 490              		.cfi_offset 10, -12
 491              		.cfi_offset 11, -8
 492              		.cfi_offset 14, -4
 493              		.loc 1 412 5 view .LVU110
 494 0006 1368     		ldr	r3, [r2]
 495              	.LBB15:
 496              		.loc 1 424 12 view .LVU111
 497 0008 DFF87C82 		ldr	r8, .L52+96
 498 000c 874C     		ldr	r4, .L52+4
 499 000e 884F     		ldr	r7, .L52+8
 500 0010 DFF878B2 		ldr	fp, .L52+100
 501 0014 DFF87892 		ldr	r9, .L52+104
 502 0018 DFF878A2 		ldr	r10, .L52+108
 503 001c 854E     		ldr	r6, .L52+12
 504 001e 864D     		ldr	r5, .L52+16
 505              	.LBE15:
 506              		.loc 1 412 5 view .LVU112
 507 0020 23F03803 		bic	r3, r3, #56
 508 0024 1360     		str	r3, [r2]
 509              		.loc 1 413 3 is_stmt 1 view .LVU113
 510              		.loc 1 413 7 is_stmt 0 view .LVU114
 511 0026 854A     		ldr	r2, .L52+20
 512              	.LBB16:
 513              		.loc 1 424 12 view .LVU115
ARM GAS  /tmp/ccRHyJSn.s 			page 10


 514 0028 D8F80000 		ldr	r0, [r8]
 515              	.LBE16:
 516              		.loc 1 413 6 view .LVU116
 517 002c 1168     		ldr	r1, [r2]
 518 002e 0029     		cmp	r1, #0
 519 0030 00F09780 		beq	.L36
 520              	.LBB17:
 521              		.loc 1 415 5 is_stmt 1 view .LVU117
 522              		.loc 1 416 5 view .LVU118
 523              	.LVL14:
 524              		.loc 1 417 5 view .LVU119
 525              		.loc 1 423 5 view .LVU120
 526              		.loc 1 424 5 view .LVU121
 527              		.loc 1 424 8 is_stmt 0 view .LVU122
 528 0034 8249     		ldr	r1, .L52+24
 529 0036 8842     		cmp	r0, r1
 530 0038 05D0     		beq	.L37
 531              		.loc 1 424 22 is_stmt 1 discriminator 1 view .LVU123
 532 003a 2088     		ldrh	r0, [r4]
 533 003c FFF7FEFF 		bl	ADF4351_WriteRegister32
 534              	.LVL15:
 535              		.loc 1 424 56 discriminator 1 view .LVU124
 536              		.loc 1 424 62 is_stmt 0 discriminator 1 view .LVU125
 537 0040 7F49     		ldr	r1, .L52+24
 538 0042 C8F80010 		str	r1, [r8]
 539              	.L37:
 540              		.loc 1 428 5 is_stmt 1 view .LVU126
 541              		.loc 1 428 117 is_stmt 0 view .LVU127
 542 0046 7F49     		ldr	r1, .L52+28
 543              		.loc 1 428 21 view .LVU128
 544 0048 3B88     		ldrh	r3, [r7]
 545              		.loc 1 428 99 view .LVU129
 546 004a 3A88     		ldrh	r2, [r7]
 547              		.loc 1 428 117 view .LVU130
 548 004c 0988     		ldrh	r1, [r1]
 549              		.loc 1 428 70 view .LVU131
 550 004e BBF80000 		ldrh	r0, [fp]
 551              		.loc 1 428 99 view .LVU132
 552 0052 92B2     		uxth	r2, r2
 553              		.loc 1 428 117 view .LVU133
 554 0054 C902     		lsls	r1, r1, #11
 555              		.loc 1 428 99 view .LVU134
 556 0056 1203     		lsls	r2, r2, #12
 557 0058 02F4FE22 		and	r2, r2, #520192
 558              		.loc 1 428 207 view .LVU135
 559 005c 41EA0051 		orr	r1, r1, r0, lsl #20
 560 0060 1143     		orrs	r1, r1, r2
 561              		.loc 1 428 155 view .LVU136
 562 0062 99F80020 		ldrb	r2, [r9]	@ zero_extendqisi2
 563              		.loc 1 428 207 view .LVU137
 564 0066 41EA0229 		orr	r9, r1, r2, lsl #8
 565              		.loc 1 428 202 view .LVU138
 566 006a 9AF80020 		ldrb	r2, [r10]	@ zero_extendqisi2
 567              		.loc 1 428 21 view .LVU139
 568 006e C3F3C813 		ubfx	r3, r3, #7, #9
 569              		.loc 1 428 207 view .LVU140
 570 0072 49EAC209 		orr	r9, r9, r2, lsl #3
ARM GAS  /tmp/ccRHyJSn.s 			page 11


 571 0076 49EA0369 		orr	r9, r9, r3, lsl #24
 572 007a 49F40007 		orr	r7, r9, #8388608
 573              		.loc 1 429 8 view .LVU141
 574 007e 3368     		ldr	r3, [r6]
 575              		.loc 1 428 207 view .LVU142
 576 0080 47F0E407 		orr	r7, r7, #228
 577              	.LVL16:
 578              		.loc 1 429 5 is_stmt 1 view .LVU143
 579              		.loc 1 429 8 is_stmt 0 view .LVU144
 580 0084 BB42     		cmp	r3, r7
 581 0086 06D0     		beq	.L38
 582              		.loc 1 429 22 is_stmt 1 discriminator 1 view .LVU145
 583 0088 FFF7FEFF 		bl	ADF4351_Latch
 584              	.LVL17:
 585              		.loc 1 429 39 discriminator 1 view .LVU146
 586 008c 3946     		mov	r1, r7
 587 008e 2088     		ldrh	r0, [r4]
 588 0090 FFF7FEFF 		bl	ADF4351_WriteRegister32
 589              	.LVL18:
 590              		.loc 1 429 73 discriminator 2 view .LVU147
 591              		.loc 1 429 79 is_stmt 0 discriminator 2 view .LVU148
 592 0094 3760     		str	r7, [r6]
 593              	.L38:
 594              		.loc 1 433 5 is_stmt 1 view .LVU149
 595              		.loc 1 433 81 is_stmt 0 view .LVU150
 596 0096 6C4B     		ldr	r3, .L52+32
 597 0098 1E88     		ldrh	r6, [r3]
 598              		.loc 1 433 16 view .LVU151
 599 009a 6C4B     		ldr	r3, .L52+36
 600              		.loc 1 433 81 view .LVU152
 601 009c B6B2     		uxth	r6, r6
 602              		.loc 1 433 16 view .LVU153
 603 009e 1B88     		ldrh	r3, [r3]
 604              		.loc 1 433 81 view .LVU154
 605 00a0 F600     		lsls	r6, r6, #3
 606              		.loc 1 433 63 view .LVU155
 607 00a2 46EAC356 		orr	r6, r6, r3, lsl #23
 608              		.loc 1 433 28 view .LVU156
 609 00a6 6A4B     		ldr	r3, .L52+40
 610 00a8 1B88     		ldrh	r3, [r3]
 611              		.loc 1 433 63 view .LVU157
 612 00aa 46EA8346 		orr	r6, r6, r3, lsl #18
 613              		.loc 1 433 57 view .LVU158
 614 00ae 694B     		ldr	r3, .L52+44
 615 00b0 1B78     		ldrb	r3, [r3]	@ zero_extendqisi2
 616              		.loc 1 433 63 view .LVU159
 617 00b2 46EAC336 		orr	r6, r6, r3, lsl #15
 618              		.loc 1 434 8 view .LVU160
 619 00b6 2B68     		ldr	r3, [r5]
 620              		.loc 1 433 86 view .LVU161
 621 00b8 46F00306 		orr	r6, r6, #3
 622              	.LVL19:
 623              		.loc 1 434 5 is_stmt 1 view .LVU162
 624              		.loc 1 434 8 is_stmt 0 view .LVU163
 625 00bc B342     		cmp	r3, r6
 626 00be 06D0     		beq	.L39
 627              		.loc 1 434 22 is_stmt 1 discriminator 1 view .LVU164
ARM GAS  /tmp/ccRHyJSn.s 			page 12


 628 00c0 FFF7FEFF 		bl	ADF4351_Latch
 629              	.LVL20:
 630              		.loc 1 434 39 discriminator 1 view .LVU165
 631 00c4 3146     		mov	r1, r6
 632 00c6 2088     		ldrh	r0, [r4]
 633 00c8 FFF7FEFF 		bl	ADF4351_WriteRegister32
 634              	.LVL21:
 635              		.loc 1 434 73 discriminator 2 view .LVU166
 636              		.loc 1 434 79 is_stmt 0 discriminator 2 view .LVU167
 637 00cc 2E60     		str	r6, [r5]
 638              	.L39:
 639              		.loc 1 438 5 is_stmt 1 view .LVU168
 640              		.loc 1 438 165 is_stmt 0 view .LVU169
 641 00ce 624A     		ldr	r2, .L52+48
 642              		.loc 1 438 48 view .LVU170
 643 00d0 624B     		ldr	r3, .L52+52
 644              		.loc 1 438 165 view .LVU171
 645 00d2 1578     		ldrb	r5, [r2]	@ zero_extendqisi2
 646              		.loc 1 438 48 view .LVU172
 647 00d4 1B88     		ldrh	r3, [r3]
 648              		.loc 1 439 12 view .LVU173
 649 00d6 624E     		ldr	r6, .L52+56
 650              	.LVL22:
 651              		.loc 1 438 165 view .LVU174
 652 00d8 6D01     		lsls	r5, r5, #5
 653              		.loc 1 438 190 view .LVU175
 654 00da 45EA8365 		orr	r5, r5, r3, lsl #26
 655              		.loc 1 438 66 view .LVU176
 656 00de 614B     		ldr	r3, .L52+60
 657 00e0 1B78     		ldrb	r3, [r3]	@ zero_extendqisi2
 658              		.loc 1 438 190 view .LVU177
 659 00e2 45EA4365 		orr	r5, r5, r3, lsl #25
 660              		.loc 1 438 94 view .LVU178
 661 00e6 604B     		ldr	r3, .L52+64
 662 00e8 1B88     		ldrh	r3, [r3]
 663              		.loc 1 438 190 view .LVU179
 664 00ea 45EA8335 		orr	r5, r5, r3, lsl #14
 665              		.loc 1 438 122 view .LVU180
 666 00ee 5F4B     		ldr	r3, .L52+68
 667 00f0 1B78     		ldrb	r3, [r3]	@ zero_extendqisi2
 668              		.loc 1 438 190 view .LVU181
 669 00f2 45EA4325 		orr	r5, r5, r3, lsl #9
 670 00f6 45F04045 		orr	r5, r5, #-1073741824
 671              		.loc 1 439 8 view .LVU182
 672 00fa 3368     		ldr	r3, [r6]
 673              		.loc 1 438 190 view .LVU183
 674 00fc 45F0C205 		orr	r5, r5, #194
 675              	.LVL23:
 676              		.loc 1 439 5 is_stmt 1 view .LVU184
 677              		.loc 1 439 8 is_stmt 0 view .LVU185
 678 0100 AB42     		cmp	r3, r5
 679 0102 06D0     		beq	.L40
 680              		.loc 1 439 22 is_stmt 1 discriminator 1 view .LVU186
 681 0104 FFF7FEFF 		bl	ADF4351_Latch
 682              	.LVL24:
 683              		.loc 1 439 39 discriminator 1 view .LVU187
 684 0108 2946     		mov	r1, r5
ARM GAS  /tmp/ccRHyJSn.s 			page 13


 685 010a 2088     		ldrh	r0, [r4]
 686 010c FFF7FEFF 		bl	ADF4351_WriteRegister32
 687              	.LVL25:
 688              		.loc 1 439 73 discriminator 2 view .LVU188
 689              		.loc 1 439 79 is_stmt 0 discriminator 2 view .LVU189
 690 0110 3560     		str	r5, [r6]
 691              	.L40:
 692              		.loc 1 443 5 is_stmt 1 view .LVU190
 693              		.loc 1 443 65 is_stmt 0 view .LVU191
 694 0112 574B     		ldr	r3, .L52+72
 695 0114 1B88     		ldrh	r3, [r3]
 696              		.loc 1 443 9 view .LVU192
 697 0116 48F20105 		movw	r5, #32769
 698              	.LVL26:
 699              	.L51:
 700              		.loc 1 443 9 view .LVU193
 701              	.LBE17:
 702              	.LBB18:
 703              		.loc 1 481 12 view .LVU194
 704 011a 564E     		ldr	r6, .L52+76
 705              		.loc 1 480 9 view .LVU195
 706 011c 45EAC305 		orr	r5, r5, r3, lsl #3
 707              	.LVL27:
 708              		.loc 1 481 5 is_stmt 1 view .LVU196
 709              		.loc 1 481 8 is_stmt 0 view .LVU197
 710 0120 3368     		ldr	r3, [r6]
 711 0122 AB42     		cmp	r3, r5
 712 0124 06D0     		beq	.L47
 713              		.loc 1 481 22 is_stmt 1 discriminator 1 view .LVU198
 714 0126 FFF7FEFF 		bl	ADF4351_Latch
 715              	.LVL28:
 716              		.loc 1 481 39 discriminator 1 view .LVU199
 717 012a 2946     		mov	r1, r5
 718 012c 2088     		ldrh	r0, [r4]
 719 012e FFF7FEFF 		bl	ADF4351_WriteRegister32
 720              	.LVL29:
 721              		.loc 1 481 73 discriminator 2 view .LVU200
 722              		.loc 1 481 79 is_stmt 0 discriminator 2 view .LVU201
 723 0132 3560     		str	r5, [r6]
 724              	.L47:
 725              		.loc 1 484 5 is_stmt 1 view .LVU202
 726              		.loc 1 484 26 is_stmt 0 view .LVU203
 727 0134 504A     		ldr	r2, .L52+80
 728              		.loc 1 484 13 view .LVU204
 729 0136 514B     		ldr	r3, .L52+84
 730              		.loc 1 484 26 view .LVU205
 731 0138 1188     		ldrh	r1, [r2]
 732              		.loc 1 484 13 view .LVU206
 733 013a 1B88     		ldrh	r3, [r3]
 734              		.loc 1 484 26 view .LVU207
 735 013c C900     		lsls	r1, r1, #3
 736              		.loc 1 484 31 view .LVU208
 737 013e 41EAC331 		orr	r1, r1, r3, lsl #15
 738              	.LVL30:
 739              		.loc 1 485 26 is_stmt 1 view .LVU209
 740 0142 FFF7FEFF 		bl	ADF4351_Latch
 741              	.LVL31:
ARM GAS  /tmp/ccRHyJSn.s 			page 14


 742              		.loc 1 485 43 discriminator 1 view .LVU210
 743 0146 2088     		ldrh	r0, [r4]
 744 0148 FFF7FEFF 		bl	ADF4351_WriteRegister32
 745              	.LVL32:
 746              		.loc 1 486 5 view .LVU211
 747 014c FFF7FEFF 		bl	ADF4351_Latch
 748              	.LVL33:
 749              	.LBE18:
 750              		.loc 1 488 3 view .LVU212
 751              		.loc 1 489 5 view .LVU213
 752 0150 354A     		ldr	r2, .L52
 753 0152 1368     		ldr	r3, [r2]
 754 0154 23F03803 		bic	r3, r3, #56
 755 0158 43F00803 		orr	r3, r3, #8
 756 015c 1360     		str	r3, [r2]
 757              		.loc 1 490 1 is_stmt 0 view .LVU214
 758 015e BDE8F88F 		pop	{r3, r4, r5, r6, r7, r8, r9, r10, fp, pc}
 759              	.LVL34:
 760              	.L36:
 761              	.LBB19:
 762              		.loc 1 452 5 is_stmt 1 view .LVU215
 763              		.loc 1 456 5 view .LVU216
 764              		.loc 1 460 5 view .LVU217
 765              		.loc 1 461 5 view .LVU218
 766              		.loc 1 461 8 is_stmt 0 view .LVU219
 767 0162 4749     		ldr	r1, .L52+88
 768 0164 8842     		cmp	r0, r1
 769 0166 05D0     		beq	.L43
 770              		.loc 1 461 22 is_stmt 1 discriminator 1 view .LVU220
 771 0168 2088     		ldrh	r0, [r4]
 772 016a FFF7FEFF 		bl	ADF4351_WriteRegister32
 773              	.LVL35:
 774              		.loc 1 461 56 discriminator 1 view .LVU221
 775              		.loc 1 461 62 is_stmt 0 discriminator 1 view .LVU222
 776 016e 4449     		ldr	r1, .L52+88
 777 0170 C8F80010 		str	r1, [r8]
 778              	.L43:
 779              		.loc 1 465 5 is_stmt 1 view .LVU223
 780              		.loc 1 465 164 is_stmt 0 view .LVU224
 781 0174 9AF80010 		ldrb	r1, [r10]	@ zero_extendqisi2
 782              		.loc 1 465 69 view .LVU225
 783 0178 3B88     		ldrh	r3, [r7]
 784              		.loc 1 465 47 view .LVU226
 785 017a BBF80020 		ldrh	r2, [fp]
 786              		.loc 1 465 164 view .LVU227
 787 017e C900     		lsls	r1, r1, #3
 788              		.loc 1 465 69 view .LVU228
 789 0180 9BB2     		uxth	r3, r3
 790              		.loc 1 465 169 view .LVU229
 791 0182 41EA0251 		orr	r1, r1, r2, lsl #20
 792 0186 41EA0331 		orr	r1, r1, r3, lsl #12
 793              		.loc 1 465 117 view .LVU230
 794 018a 99F80030 		ldrb	r3, [r9]	@ zero_extendqisi2
 795              		.loc 1 465 169 view .LVU231
 796 018e 41EA0329 		orr	r9, r1, r3, lsl #8
 797 0192 49F40009 		orr	r9, r9, #8388608
 798              		.loc 1 466 8 view .LVU232
ARM GAS  /tmp/ccRHyJSn.s 			page 15


 799 0196 3368     		ldr	r3, [r6]
 800              		.loc 1 465 169 view .LVU233
 801 0198 49F0E409 		orr	r9, r9, #228
 802              	.LVL36:
 803              		.loc 1 466 5 is_stmt 1 view .LVU234
 804              		.loc 1 466 8 is_stmt 0 view .LVU235
 805 019c 4B45     		cmp	r3, r9
 806 019e 07D0     		beq	.L44
 807              		.loc 1 466 23 is_stmt 1 discriminator 1 view .LVU236
 808 01a0 FFF7FEFF 		bl	ADF4351_Latch
 809              	.LVL37:
 810              		.loc 1 466 40 discriminator 1 view .LVU237
 811 01a4 4946     		mov	r1, r9
 812 01a6 2088     		ldrh	r0, [r4]
 813 01a8 FFF7FEFF 		bl	ADF4351_WriteRegister32
 814              	.LVL38:
 815              		.loc 1 466 74 discriminator 2 view .LVU238
 816              		.loc 1 466 80 is_stmt 0 discriminator 2 view .LVU239
 817 01ac C6F80090 		str	r9, [r6]
 818              	.L44:
 819              		.loc 1 470 5 is_stmt 1 view .LVU240
 820              		.loc 1 470 58 is_stmt 0 view .LVU241
 821 01b0 254B     		ldr	r3, .L52+32
 822 01b2 1E88     		ldrh	r6, [r3]
 823              		.loc 1 470 15 view .LVU242
 824 01b4 264B     		ldr	r3, .L52+40
 825              		.loc 1 470 58 view .LVU243
 826 01b6 B6B2     		uxth	r6, r6
 827              		.loc 1 470 15 view .LVU244
 828 01b8 1B88     		ldrh	r3, [r3]
 829              		.loc 1 470 58 view .LVU245
 830 01ba F600     		lsls	r6, r6, #3
 831              		.loc 1 470 40 view .LVU246
 832 01bc 46EA8346 		orr	r6, r6, r3, lsl #18
 833              		.loc 1 470 34 view .LVU247
 834 01c0 244B     		ldr	r3, .L52+44
 835 01c2 1B78     		ldrb	r3, [r3]	@ zero_extendqisi2
 836              		.loc 1 470 40 view .LVU248
 837 01c4 46EAC336 		orr	r6, r6, r3, lsl #15
 838              		.loc 1 471 8 view .LVU249
 839 01c8 2B68     		ldr	r3, [r5]
 840              		.loc 1 470 63 view .LVU250
 841 01ca 46F00306 		orr	r6, r6, #3
 842              	.LVL39:
 843              		.loc 1 471 5 is_stmt 1 view .LVU251
 844              		.loc 1 471 8 is_stmt 0 view .LVU252
 845 01ce B342     		cmp	r3, r6
 846 01d0 06D0     		beq	.L45
 847              		.loc 1 471 22 is_stmt 1 discriminator 1 view .LVU253
 848 01d2 FFF7FEFF 		bl	ADF4351_Latch
 849              	.LVL40:
 850              		.loc 1 471 39 discriminator 1 view .LVU254
 851 01d6 3146     		mov	r1, r6
 852 01d8 2088     		ldrh	r0, [r4]
 853 01da FFF7FEFF 		bl	ADF4351_WriteRegister32
 854              	.LVL41:
 855              		.loc 1 471 73 discriminator 2 view .LVU255
ARM GAS  /tmp/ccRHyJSn.s 			page 16


 856              		.loc 1 471 79 is_stmt 0 discriminator 2 view .LVU256
 857 01de 2E60     		str	r6, [r5]
 858              	.L45:
 859              		.loc 1 475 5 is_stmt 1 view .LVU257
 860              		.loc 1 475 153 is_stmt 0 view .LVU258
 861 01e0 1D4A     		ldr	r2, .L52+48
 862              		.loc 1 475 30 view .LVU259
 863 01e2 1E4B     		ldr	r3, .L52+52
 864              		.loc 1 475 153 view .LVU260
 865 01e4 1578     		ldrb	r5, [r2]	@ zero_extendqisi2
 866              		.loc 1 475 30 view .LVU261
 867 01e6 1B88     		ldrh	r3, [r3]
 868              		.loc 1 476 12 view .LVU262
 869 01e8 1D4E     		ldr	r6, .L52+56
 870              	.LVL42:
 871              		.loc 1 475 153 view .LVU263
 872 01ea 6D01     		lsls	r5, r5, #5
 873              		.loc 1 475 178 view .LVU264
 874 01ec 45EA8365 		orr	r5, r5, r3, lsl #26
 875              		.loc 1 475 54 view .LVU265
 876 01f0 1C4B     		ldr	r3, .L52+60
 877 01f2 1B78     		ldrb	r3, [r3]	@ zero_extendqisi2
 878              		.loc 1 475 178 view .LVU266
 879 01f4 45EA4365 		orr	r5, r5, r3, lsl #25
 880              		.loc 1 475 82 view .LVU267
 881 01f8 1B4B     		ldr	r3, .L52+64
 882 01fa 1B88     		ldrh	r3, [r3]
 883              		.loc 1 475 178 view .LVU268
 884 01fc 45EA8335 		orr	r5, r5, r3, lsl #14
 885              		.loc 1 475 110 view .LVU269
 886 0200 1A4B     		ldr	r3, .L52+68
 887 0202 1B78     		ldrb	r3, [r3]	@ zero_extendqisi2
 888              		.loc 1 475 178 view .LVU270
 889 0204 45EA4325 		orr	r5, r5, r3, lsl #9
 890              		.loc 1 476 8 view .LVU271
 891 0208 3368     		ldr	r3, [r6]
 892              		.loc 1 475 178 view .LVU272
 893 020a 45F0C205 		orr	r5, r5, #194
 894              	.LVL43:
 895              		.loc 1 476 5 is_stmt 1 view .LVU273
 896              		.loc 1 476 8 is_stmt 0 view .LVU274
 897 020e AB42     		cmp	r3, r5
 898 0210 06D0     		beq	.L46
 899              		.loc 1 476 22 is_stmt 1 discriminator 1 view .LVU275
 900 0212 FFF7FEFF 		bl	ADF4351_Latch
 901              	.LVL44:
 902              		.loc 1 476 39 discriminator 1 view .LVU276
 903 0216 2946     		mov	r1, r5
 904 0218 2088     		ldrh	r0, [r4]
 905 021a FFF7FEFF 		bl	ADF4351_WriteRegister32
 906              	.LVL45:
 907              		.loc 1 476 73 discriminator 2 view .LVU277
 908              		.loc 1 476 79 is_stmt 0 discriminator 2 view .LVU278
 909 021e 3560     		str	r5, [r6]
 910              	.L46:
 911              		.loc 1 480 5 is_stmt 1 view .LVU279
 912              		.loc 1 480 51 is_stmt 0 view .LVU280
ARM GAS  /tmp/ccRHyJSn.s 			page 17


 913 0220 134B     		ldr	r3, .L52+72
 914              		.loc 1 480 9 view .LVU281
 915 0222 184D     		ldr	r5, .L52+92
 916              	.LVL46:
 917              		.loc 1 480 51 view .LVU282
 918 0224 1B88     		ldrh	r3, [r3]
 919 0226 78E7     		b	.L51
 920              	.L53:
 921              		.align	2
 922              	.L52:
 923 0228 00300140 		.word	1073819648
 924 022c 00000000 		.word	id
 925 0230 00000000 		.word	bsDivider
 926 0234 00000000 		.word	reg_4
 927 0238 00000000 		.word	reg_3
 928 023c 00000000 		.word	max2871
 929 0240 05004000 		.word	4194309
 930 0244 00000000 		.word	powerDown
 931 0248 00000000 		.word	fastlockDivider
 932 024c 00000000 		.word	bscm
 933 0250 00000000 		.word	csr
 934 0254 00000000 		.word	clkDivMode
 935 0258 00000000 		.word	pdwn
 936 025c 00000000 		.word	mux
 937 0260 00000000 		.word	reg_2
 938 0264 00000000 		.word	refDouble
 939 0268 00000000 		.word	R
 940 026c 00000000 		.word	cpCurrent
 941 0270 00000000 		.word	modulus
 942 0274 00000000 		.word	reg_1
 943 0278 00000000 		.word	frac
 944 027c 00000000 		.word	N
 945 0280 05005800 		.word	5767173
 946 0284 01800008 		.word	134250497
 947 0288 00000000 		.word	reg_5
 948 028c 00000000 		.word	out_div
 949 0290 00000000 		.word	auxEnable
 950 0294 00000000 		.word	rfPower
 951              	.LBE19:
 952              		.cfi_endproc
 953              	.LFE244:
 954              		.size	sendConfig, .-sendConfig
 955              		.section	.text.sendPowerdown,"ax",%progbits
 956              		.align	1
 957              		.global	sendPowerdown
 958              		.syntax unified
 959              		.thumb
 960              		.thumb_func
 961              		.type	sendPowerdown, %function
 962              	sendPowerdown:
 963              	.LVL47:
 964              	.LFB245:
 965              		.loc 1 493 28 is_stmt 1 view -0
 966              		.cfi_startproc
 967              		@ args = 0, pretend = 0, frame = 0
 968              		@ frame_needed = 0, uses_anonymous_args = 0
 969              		.loc 1 494 5 view .LVU284
ARM GAS  /tmp/ccRHyJSn.s 			page 18


 970              		.loc 1 493 28 is_stmt 0 view .LVU285
 971 0000 38B5     		push	{r3, r4, r5, lr}
 972              		.cfi_def_cfa_offset 16
 973              		.cfi_offset 3, -16
 974              		.cfi_offset 4, -12
 975              		.cfi_offset 5, -8
 976              		.cfi_offset 14, -4
 977              		.loc 1 494 13 view .LVU286
 978 0002 124B     		ldr	r3, .L59
 979              		.loc 1 494 7 view .LVU287
 980 0004 1A78     		ldrb	r2, [r3]	@ zero_extendqisi2
 981 0006 8242     		cmp	r2, r0
 982 0008 1FD0     		beq	.L54
 983              		.loc 1 496 5 is_stmt 1 view .LVU288
 984              		.loc 1 497 90 is_stmt 0 view .LVU289
 985 000a 114A     		ldr	r2, .L59+4
 986              		.loc 1 496 10 view .LVU290
 987 000c 1870     		strb	r0, [r3]
 988              		.loc 1 497 5 is_stmt 1 view .LVU291
 989              		.loc 1 497 62 is_stmt 0 view .LVU292
 990 000e 114B     		ldr	r3, .L59+8
 991              		.loc 1 497 90 view .LVU293
 992 0010 1488     		ldrh	r4, [r2]
 993              		.loc 1 497 62 view .LVU294
 994 0012 1B78     		ldrb	r3, [r3]	@ zero_extendqisi2
 995              		.loc 1 498 12 view .LVU295
 996 0014 104D     		ldr	r5, .L59+12
 997              		.loc 1 497 90 view .LVU296
 998 0016 A403     		lsls	r4, r4, #14
 999              		.loc 1 497 152 view .LVU297
 1000 0018 44EA4364 		orr	r4, r4, r3, lsl #25
 1001              		.loc 1 497 108 view .LVU298
 1002 001c 0F4B     		ldr	r3, .L59+16
 1003 001e 1B78     		ldrb	r3, [r3]	@ zero_extendqisi2
 1004              		.loc 1 497 152 view .LVU299
 1005 0020 44EA4014 		orr	r4, r4, r0, lsl #5
 1006 0024 44EA4324 		orr	r4, r4, r3, lsl #9
 1007 0028 44F08844 		orr	r4, r4, #1140850688
 1008              		.loc 1 498 8 view .LVU300
 1009 002c 2B68     		ldr	r3, [r5]
 1010              		.loc 1 497 152 view .LVU301
 1011 002e 44F04204 		orr	r4, r4, #66
 1012              	.LVL48:
 1013              		.loc 1 498 5 is_stmt 1 view .LVU302
 1014              		.loc 1 498 8 is_stmt 0 view .LVU303
 1015 0032 A342     		cmp	r3, r4
 1016 0034 09D0     		beq	.L54
 1017              		.loc 1 498 22 is_stmt 1 discriminator 1 view .LVU304
 1018 0036 0A4B     		ldr	r3, .L59+20
 1019 0038 2146     		mov	r1, r4
 1020 003a 1888     		ldrh	r0, [r3]
 1021              	.LVL49:
 1022              		.loc 1 498 22 is_stmt 0 discriminator 1 view .LVU305
 1023 003c FFF7FEFF 		bl	ADF4351_WriteRegister32
 1024              	.LVL50:
 1025              		.loc 1 498 56 is_stmt 1 discriminator 1 view .LVU306
 1026              		.loc 1 498 62 is_stmt 0 discriminator 1 view .LVU307
ARM GAS  /tmp/ccRHyJSn.s 			page 19


 1027 0040 2C60     		str	r4, [r5]
 1028              		.loc 1 498 68 is_stmt 1 discriminator 1 view .LVU308
 1029              		.loc 1 499 1 is_stmt 0 view .LVU309
 1030 0042 BDE83840 		pop	{r3, r4, r5, lr}
 1031              		.cfi_remember_state
 1032              		.cfi_restore 14
 1033              		.cfi_restore 5
 1034              		.cfi_restore 4
 1035              		.cfi_restore 3
 1036              		.cfi_def_cfa_offset 0
 1037              	.LVL51:
 1038              		.loc 1 498 68 discriminator 1 view .LVU310
 1039 0046 FFF7FEBF 		b	ADF4351_Latch
 1040              	.LVL52:
 1041              	.L54:
 1042              		.cfi_restore_state
 1043              		.loc 1 499 1 view .LVU311
 1044 004a 38BD     		pop	{r3, r4, r5, pc}
 1045              	.L60:
 1046              		.align	2
 1047              	.L59:
 1048 004c 00000000 		.word	pdwn
 1049 0050 00000000 		.word	R
 1050 0054 00000000 		.word	refDouble
 1051 0058 00000000 		.word	reg_2
 1052 005c 00000000 		.word	cpCurrent
 1053 0060 00000000 		.word	id
 1054              		.cfi_endproc
 1055              	.LFE245:
 1056              		.size	sendPowerdown, .-sendPowerdown
 1057              		.global	__aeabi_uldivmod
 1058              		.section	.text.ADF4351_set_frequency,"ax",%progbits
 1059              		.align	1
 1060              		.global	ADF4351_set_frequency
 1061              		.syntax unified
 1062              		.thumb
 1063              		.thumb_func
 1064              		.type	ADF4351_set_frequency, %function
 1065              	ADF4351_set_frequency:
 1066              	.LVL53:
 1067              	.LFB247:
 1068              		.loc 1 523 62 is_stmt 1 view -0
 1069              		.cfi_startproc
 1070              		@ args = 0, pretend = 0, frame = 0
 1071              		@ frame_needed = 0, uses_anonymous_args = 0
 1072              		.loc 1 524 3 view .LVU313
 1073              		.loc 1 533 3 view .LVU314
 1074              		.loc 1 523 62 is_stmt 0 view .LVU315
 1075 0000 2DE9F047 		push	{r4, r5, r6, r7, r8, r9, r10, lr}
 1076              		.cfi_def_cfa_offset 32
 1077              		.cfi_offset 4, -32
 1078              		.cfi_offset 5, -28
 1079              		.cfi_offset 6, -24
 1080              		.cfi_offset 7, -20
 1081              		.cfi_offset 8, -16
 1082              		.cfi_offset 9, -12
 1083              		.cfi_offset 10, -8
ARM GAS  /tmp/ccRHyJSn.s 			page 20


 1084              		.cfi_offset 14, -4
 1085              		.loc 1 523 62 view .LVU316
 1086 0004 1E46     		mov	r6, r3
 1087              	.LVL54:
 1088              	.LBB22:
 1089              	.LBI22:
 1090              		.loc 1 502 17 is_stmt 1 view .LVU317
 1091              	.LBB23:
 1092              		.loc 1 503 3 view .LVU318
 1093              		.loc 1 503 6 is_stmt 0 view .LVU319
 1094 0006 6E4B     		ldr	r3, .L88
 1095              	.LVL55:
 1096              		.loc 1 503 5 view .LVU320
 1097 0008 1C68     		ldr	r4, [r3]
 1098              	.LBE23:
 1099              	.LBE22:
 1100              		.loc 1 523 62 view .LVU321
 1101 000a 1546     		mov	r5, r2
 1102              	.LBB26:
 1103              	.LBB24:
 1104              		.loc 1 503 5 view .LVU322
 1105 000c 002C     		cmp	r4, #0
 1106 000e 00F0B180 		beq	.L62
 1107              		.loc 1 504 5 is_stmt 1 view .LVU323
 1108              		.loc 1 504 7 is_stmt 0 view .LVU324
 1109 0012 6C4B     		ldr	r3, .L88+4
 1110 0014 0024     		movs	r4, #0
 1111 0016 9342     		cmp	r3, r2
 1112 0018 74EB0603 		sbcs	r3, r4, r6
 1113 001c 23D3     		bcc	.L63
 1114              		.loc 1 505 11 is_stmt 1 view .LVU325
 1115              		.loc 1 505 13 is_stmt 0 view .LVU326
 1116 001e 6A4B     		ldr	r3, .L88+8
 1117 0020 9342     		cmp	r3, r2
 1118 0022 74EB0603 		sbcs	r3, r4, r6
 1119 0026 C0F0BF80 		bcc	.L78
 1120              		.loc 1 506 11 is_stmt 1 view .LVU327
 1121              		.loc 1 506 13 is_stmt 0 view .LVU328
 1122 002a 684B     		ldr	r3, .L88+12
 1123 002c 9342     		cmp	r3, r2
 1124 002e 74EB0603 		sbcs	r3, r4, r6
 1125 0032 C0F0BB80 		bcc	.L79
 1126              		.loc 1 507 11 is_stmt 1 view .LVU329
 1127              		.loc 1 507 13 is_stmt 0 view .LVU330
 1128 0036 664B     		ldr	r3, .L88+16
 1129 0038 9342     		cmp	r3, r2
 1130 003a 74EB0603 		sbcs	r3, r4, r6
 1131 003e C0F0B780 		bcc	.L80
 1132              		.loc 1 508 11 is_stmt 1 view .LVU331
 1133              		.loc 1 508 13 is_stmt 0 view .LVU332
 1134 0042 644B     		ldr	r3, .L88+20
 1135 0044 9342     		cmp	r3, r2
 1136 0046 74EB0603 		sbcs	r3, r4, r6
 1137 004a C0F0A780 		bcc	.L74
 1138              		.loc 1 509 11 is_stmt 1 view .LVU333
 1139              		.loc 1 509 13 is_stmt 0 view .LVU334
 1140 004e 624B     		ldr	r3, .L88+24
ARM GAS  /tmp/ccRHyJSn.s 			page 21


 1141 0050 9342     		cmp	r3, r2
 1142 0052 74EB0603 		sbcs	r3, r4, r6
 1143 0056 C0F0A380 		bcc	.L75
 1144              		.loc 1 510 11 is_stmt 1 view .LVU335
 1145              		.loc 1 510 13 is_stmt 0 view .LVU336
 1146 005a 604B     		ldr	r3, .L88+28
 1147 005c 9342     		cmp	r3, r2
 1148 005e B441     		sbcs	r4, r4, r6
 1149 0060 80F0A080 		bcs	.L76
 1150              		.loc 1 510 43 discriminator 1 view .LVU337
 1151 0064 0624     		movs	r4, #6
 1152              	.L63:
 1153              	.LVL56:
 1154              		.loc 1 510 43 discriminator 1 view .LVU338
 1155              	.LBE24:
 1156              	.LBE26:
 1157              		.loc 1 533 11 discriminator 1 view .LVU339
 1158 0066 5E4B     		ldr	r3, .L88+32
 1159 0068 1C80     		strh	r4, [r3]	@ movhi
 1160              		.loc 1 538 5 is_stmt 1 view .LVU340
 1161              		.loc 1 539 21 is_stmt 0 view .LVU341
 1162 006a 5E4B     		ldr	r3, .L88+36
 1163 006c D3F8FC0B 		ldr	r0, [r3, #3068]
 1164              	.LVL57:
 1165              		.loc 1 539 21 view .LVU342
 1166 0070 D3F8001C 		ldr	r1, [r3, #3072]
 1167              		.loc 1 538 9 view .LVU343
 1168 0074 5C4B     		ldr	r3, .L88+40
 1169              		.loc 1 538 8 view .LVU344
 1170 0076 1B68     		ldr	r3, [r3]
 1171 0078 43B1     		cbz	r3, .L64
 1172              		.loc 1 539 7 is_stmt 1 view .LVU345
 1173              		.loc 1 539 46 is_stmt 0 view .LVU346
 1174 007a 1F27     		movs	r7, #31
 1175 007c A0FB070C 		umull	r0, ip, r0, r7
 1176              		.loc 1 539 59 view .LVU347
 1177 0080 1D22     		movs	r2, #29
 1178              	.LVL58:
 1179              		.loc 1 539 59 view .LVU348
 1180 0082 0023     		movs	r3, #0
 1181 0084 07FB01C1 		mla	r1, r7, r1, ip
 1182 0088 FFF7FEFF 		bl	__aeabi_uldivmod
 1183              	.LVL59:
 1184              	.L64:
 1185              		.loc 1 548 7 view .LVU349
 1186 008c 574B     		ldr	r3, .L88+44
 1187 008e 584F     		ldr	r7, .L88+48
 1188              		.loc 1 548 6 view .LVU350
 1189 0090 1B78     		ldrb	r3, [r3]	@ zero_extendqisi2
 1190 0092 C7E90001 		strd	r0, r1, [r7]
 1191              		.loc 1 548 3 is_stmt 1 view .LVU351
 1192              		.loc 1 548 6 is_stmt 0 view .LVU352
 1193 0096 1BB1     		cbz	r3, .L65
 1194              		.loc 1 549 5 is_stmt 1 view .LVU353
 1195              		.loc 1 549 9 is_stmt 0 view .LVU354
 1196 0098 0018     		adds	r0, r0, r0
 1197 009a 4941     		adcs	r1, r1, r1
ARM GAS  /tmp/ccRHyJSn.s 			page 22


 1198 009c C7E90001 		strd	r0, r1, [r7]
 1199              	.L65:
 1200              		.loc 1 551 3 is_stmt 1 view .LVU355
 1201              		.loc 1 551 9 is_stmt 0 view .LVU356
 1202 00a0 544B     		ldr	r3, .L88+52
 1203 00a2 1A88     		ldrh	r2, [r3]
 1204              		.loc 1 551 6 view .LVU357
 1205 00a4 012A     		cmp	r2, #1
 1206 00a6 06D9     		bls	.L66
 1207              		.loc 1 552 5 is_stmt 1 view .LVU358
 1208              		.loc 1 552 10 is_stmt 0 view .LVU359
 1209 00a8 D7E90001 		ldrd	r0, [r7]
 1210 00ac 0023     		movs	r3, #0
 1211 00ae FFF7FEFF 		bl	__aeabi_uldivmod
 1212              	.LVL60:
 1213 00b2 C7E90001 		strd	r0, [r7]
 1214              	.L66:
 1215              		.loc 1 555 3 is_stmt 1 view .LVU360
 1216              		.loc 1 555 32 is_stmt 0 view .LVU361
 1217 00b6 504B     		ldr	r3, .L88+56
 1218 00b8 B3F80080 		ldrh	r8, [r3]
 1219              		.loc 1 556 31 view .LVU362
 1220 00bc A4F12002 		sub	r2, r4, #32
 1221              		.loc 1 555 12 view .LVU363
 1222 00c0 4FEA4809 		lsl	r9, r8, #1
 1223              	.LVL61:
 1224              		.loc 1 556 3 is_stmt 1 view .LVU364
 1225              		.loc 1 556 31 is_stmt 0 view .LVU365
 1226 00c4 05FA02F2 		lsl	r2, r5, r2
 1227              		.loc 1 556 84 view .LVU366
 1228 00c8 D7E900A7 		ldrd	r10, r7, [r7]
 1229              		.loc 1 556 31 view .LVU367
 1230 00cc C4F12003 		rsb	r3, r4, #32
 1231 00d0 A640     		lsls	r6, r6, r4
 1232              		.loc 1 556 66 view .LVU368
 1233 00d2 6421     		movs	r1, #100
 1234              		.loc 1 556 31 view .LVU369
 1235 00d4 25FA03F3 		lsr	r3, r5, r3
 1236 00d8 1643     		orrs	r6, r6, r2
 1237              		.loc 1 556 66 view .LVU370
 1238 00da 01FB09F1 		mul	r1, r1, r9
 1239              		.loc 1 556 31 view .LVU371
 1240 00de A540     		lsls	r5, r5, r4
 1241 00e0 1E43     		orrs	r6, r6, r3
 1242              		.loc 1 556 43 view .LVU372
 1243 00e2 A5FB0105 		umull	r0, r5, r5, r1
 1244              		.loc 1 556 84 view .LVU373
 1245 00e6 01FB0651 		mla	r1, r1, r6, r5
 1246 00ea 5246     		mov	r2, r10
 1247 00ec 3B46     		mov	r3, r7
 1248 00ee FFF7FEFF 		bl	__aeabi_uldivmod
 1249              	.LVL62:
 1250              		.loc 1 556 12 view .LVU374
 1251 00f2 0130     		adds	r0, r0, #1
 1252              	.LVL63:
 1253              		.loc 1 557 3 is_stmt 1 view .LVU375
 1254              		.loc 1 557 14 is_stmt 0 view .LVU376
ARM GAS  /tmp/ccRHyJSn.s 			page 23


 1255 00f4 B0FBF9F3 		udiv	r3, r0, r9
 1256              		.loc 1 557 5 view .LVU377
 1257 00f8 99B2     		uxth	r1, r3
 1258              		.loc 1 558 18 view .LVU378
 1259 00fa 09FB1100 		mls	r0, r9, r1, r0
 1260              	.LVL64:
 1261              		.loc 1 558 8 view .LVU379
 1262 00fe C0F34F03 		ubfx	r3, r0, #1, #16
 1263              		.loc 1 557 5 view .LVU380
 1264 0102 3E4D     		ldr	r5, .L88+60
 1265 0104 3E4E     		ldr	r6, .L88+64
 1266 0106 2980     		strh	r1, [r5]	@ movhi
 1267              		.loc 1 558 3 is_stmt 1 view .LVU381
 1268              		.loc 1 559 3 view .LVU382
 1269              		.loc 1 559 6 is_stmt 0 view .LVU383
 1270 0108 9845     		cmp	r8, r3
 1271 010a A4F12000 		sub	r0, r4, #32
 1272 010e C4F12002 		rsb	r2, r4, #32
 1273 0112 4FD9     		bls	.L67
 1274              		.loc 1 558 8 view .LVU384
 1275 0114 3380     		strh	r3, [r6]	@ movhi
 1276              	.L68:
 1277              		.loc 1 564 3 is_stmt 1 view .LVU385
 1278              		.loc 1 564 55 is_stmt 0 view .LVU386
 1279 0116 2988     		ldrh	r1, [r5]
 1280              		.loc 1 564 65 view .LVU387
 1281 0118 3388     		ldrh	r3, [r6]
 1282 011a 08FB0133 		mla	r3, r8, r1, r3
 1283              		.loc 1 564 42 view .LVU388
 1284 011e DD17     		asrs	r5, r3, #31
 1285              		.loc 1 564 41 view .LVU389
 1286 0120 03FB07F1 		mul	r1, r3, r7
 1287 0124 0AFB0511 		mla	r1, r10, r5, r1
 1288 0128 A3FB0A3A 		umull	r3, r10, r3, r10
 1289 012c 5144     		add	r1, r1, r10
 1290              		.loc 1 564 73 view .LVU390
 1291 012e 23FA04F5 		lsr	r5, r3, r4
 1292 0132 01FA02F2 		lsl	r2, r1, r2
 1293 0136 1543     		orrs	r5, r5, r2
 1294 0138 21FA00F0 		lsr	r0, r1, r0
 1295              		.loc 1 564 10 view .LVU391
 1296 013c 6422     		movs	r2, #100
 1297 013e 02FB08F2 		mul	r2, r2, r8
 1298 0142 0023     		movs	r3, #0
 1299 0144 2843     		orrs	r0, r0, r5
 1300 0146 E140     		lsrs	r1, r1, r4
 1301 0148 FFF7FEFF 		bl	__aeabi_uldivmod
 1302              	.LVL65:
 1303              		.loc 1 590 24 view .LVU392
 1304 014c 2D4B     		ldr	r3, .L88+68
 1305              		.loc 1 564 10 view .LVU393
 1306 014e 0C46     		mov	r4, r1
 1307              		.loc 1 590 6 view .LVU394
 1308 0150 D3E90012 		ldrd	r1, r2, [r3]
 1309              		.loc 1 564 10 view .LVU395
 1310 0154 0546     		mov	r5, r0
 1311              	.LVL66:
ARM GAS  /tmp/ccRHyJSn.s 			page 24


 1312              		.loc 1 590 3 is_stmt 1 view .LVU396
 1313              		.loc 1 590 6 is_stmt 0 view .LVU397
 1314 0156 A242     		cmp	r2, r4
 1315 0158 08BF     		it	eq
 1316 015a A942     		cmpeq	r1, r5
 1317 015c 06D0     		beq	.L61
 1318              		.loc 1 592 3 is_stmt 1 view .LVU398
 1319              		.loc 1 592 20 is_stmt 0 view .LVU399
 1320 015e C3E90054 		strd	r5, r4, [r3]
 1321              		.loc 1 594 3 is_stmt 1 view .LVU400
 1322              		.loc 1 594 29 is_stmt 0 view .LVU401
 1323 0162 294B     		ldr	r3, .L88+72
 1324 0164 0122     		movs	r2, #1
 1325 0166 1A70     		strb	r2, [r3]
 1326              		.loc 1 595 3 is_stmt 1 view .LVU402
 1327 0168 FFF7FEFF 		bl	sendConfig
 1328              	.LVL67:
 1329              		.loc 1 596 3 view .LVU403
 1330              	.L61:
 1331              		.loc 1 597 1 is_stmt 0 view .LVU404
 1332 016c 2846     		mov	r0, r5
 1333 016e 2146     		mov	r1, r4
 1334 0170 BDE8F087 		pop	{r4, r5, r6, r7, r8, r9, r10, pc}
 1335              	.LVL68:
 1336              	.L62:
 1337              	.LBB27:
 1338              	.LBB25:
 1339              		.loc 1 513 5 is_stmt 1 view .LVU405
 1340              		.loc 1 513 7 is_stmt 0 view .LVU406
 1341 0174 254B     		ldr	r3, .L88+76
 1342 0176 9342     		cmp	r3, r2
 1343 0178 74EB0603 		sbcs	r3, r4, r6
 1344 017c FFF473AF 		bcc	.L63
 1345              		.loc 1 514 11 is_stmt 1 view .LVU407
 1346              		.loc 1 514 13 is_stmt 0 view .LVU408
 1347 0180 234B     		ldr	r3, .L88+80
 1348 0182 9342     		cmp	r3, r2
 1349 0184 74EB0603 		sbcs	r3, r4, r6
 1350 0188 0ED3     		bcc	.L78
 1351              		.loc 1 515 11 is_stmt 1 view .LVU409
 1352              		.loc 1 515 13 is_stmt 0 view .LVU410
 1353 018a 224B     		ldr	r3, .L88+84
 1354 018c 9342     		cmp	r3, r2
 1355 018e 74EB0603 		sbcs	r3, r4, r6
 1356 0192 0BD3     		bcc	.L79
 1357              		.loc 1 516 11 is_stmt 1 view .LVU411
 1358              		.loc 1 516 13 is_stmt 0 view .LVU412
 1359 0194 204B     		ldr	r3, .L88+88
 1360 0196 9342     		cmp	r3, r2
 1361 0198 B441     		sbcs	r4, r4, r6
 1362 019a 09D3     		bcc	.L80
 1363              	.L74:
 1364              		.loc 1 508 43 discriminator 1 view .LVU413
 1365 019c 0424     		movs	r4, #4
 1366 019e 62E7     		b	.L63
 1367              	.L75:
 1368              		.loc 1 509 43 discriminator 1 view .LVU414
ARM GAS  /tmp/ccRHyJSn.s 			page 25


 1369 01a0 0524     		movs	r4, #5
 1370 01a2 60E7     		b	.L63
 1371              	.L76:
 1372              		.loc 1 511 43 view .LVU415
 1373 01a4 0724     		movs	r4, #7
 1374 01a6 5EE7     		b	.L63
 1375              	.L78:
 1376              		.loc 1 505 43 discriminator 1 view .LVU416
 1377 01a8 0124     		movs	r4, #1
 1378 01aa 5CE7     		b	.L63
 1379              	.L79:
 1380              		.loc 1 506 43 discriminator 1 view .LVU417
 1381 01ac 0224     		movs	r4, #2
 1382 01ae 5AE7     		b	.L63
 1383              	.L80:
 1384              		.loc 1 507 43 discriminator 1 view .LVU418
 1385 01b0 0324     		movs	r4, #3
 1386 01b2 58E7     		b	.L63
 1387              	.LVL69:
 1388              	.L67:
 1389              		.loc 1 507 43 discriminator 1 view .LVU419
 1390              	.LBE25:
 1391              	.LBE27:
 1392              		.loc 1 560 5 is_stmt 1 view .LVU420
 1393              		.loc 1 560 10 is_stmt 0 view .LVU421
 1394 01b4 A3EB0803 		sub	r3, r3, r8
 1395              		.loc 1 561 6 view .LVU422
 1396 01b8 0131     		adds	r1, r1, #1
 1397              		.loc 1 560 10 view .LVU423
 1398 01ba 3380     		strh	r3, [r6]	@ movhi
 1399              		.loc 1 561 5 is_stmt 1 view .LVU424
 1400              		.loc 1 561 6 is_stmt 0 view .LVU425
 1401 01bc 2980     		strh	r1, [r5]	@ movhi
 1402 01be AAE7     		b	.L68
 1403              	.L89:
 1404              		.align	2
 1405              	.L88:
 1406 01c0 00000000 		.word	max2871
 1407 01c4 005ED0B2 		.word	-1294967296
 1408 01c8 002F6859 		.word	1500000000
 1409 01cc 8017B42C 		.word	750000000
 1410 01d0 C00B5A16 		.word	375000000
 1411 01d4 E0052D0B 		.word	187500000
 1412 01d8 60153208 		.word	137500000
 1413 01dc B00A1904 		.word	68750000
 1414 01e0 00000000 		.word	out_div
 1415 01e4 00000000 		.word	config
 1416 01e8 00000000 		.word	shifted
 1417 01ec 00000000 		.word	refDouble
 1418 01f0 00000000 		.word	xtal
 1419 01f4 00000000 		.word	R
 1420 01f8 00000000 		.word	modulus
 1421 01fc 00000000 		.word	N
 1422 0200 00000000 		.word	frac
 1423 0204 00000000 		.word	prev_actual_freq
 1424 0208 00000000 		.word	ADF4351_frequency_changed
 1425 020c 00562183 		.word	-2094967296
ARM GAS  /tmp/ccRHyJSn.s 			page 26


 1426 0210 00AB9041 		.word	1100000000
 1427 0214 8055C820 		.word	550000000
 1428 0218 C02A6410 		.word	275000000
 1429              		.cfi_endproc
 1430              	.LFE247:
 1431              		.size	ADF4351_set_frequency, .-ADF4351_set_frequency
 1432              		.section	.text.ADF4351_force_refresh,"ax",%progbits
 1433              		.align	1
 1434              		.global	ADF4351_force_refresh
 1435              		.syntax unified
 1436              		.thumb
 1437              		.thumb_func
 1438              		.type	ADF4351_force_refresh, %function
 1439              	ADF4351_force_refresh:
 1440              	.LFB248:
 1441              		.loc 1 599 34 is_stmt 1 view -0
 1442              		.cfi_startproc
 1443              		@ args = 0, pretend = 0, frame = 0
 1444              		@ frame_needed = 0, uses_anonymous_args = 0
 1445              		@ link register save eliminated.
 1446              		.loc 1 600 3 view .LVU427
 1447              		.loc 1 600 20 is_stmt 0 view .LVU428
 1448 0000 074B     		ldr	r3, .L91
 1449              		.loc 1 602 9 view .LVU429
 1450 0002 084A     		ldr	r2, .L91+4
 1451              		.loc 1 600 20 view .LVU430
 1452 0004 0020     		movs	r0, #0
 1453 0006 0021     		movs	r1, #0
 1454 0008 C3E90001 		strd	r0, [r3]
 1455              		.loc 1 602 3 is_stmt 1 view .LVU431
 1456              		.loc 1 602 9 is_stmt 0 view .LVU432
 1457 000c 0023     		movs	r3, #0
 1458 000e 1360     		str	r3, [r2]
 1459              		.loc 1 603 3 is_stmt 1 view .LVU433
 1460              		.loc 1 603 9 is_stmt 0 view .LVU434
 1461 0010 054A     		ldr	r2, .L91+8
 1462 0012 1360     		str	r3, [r2]
 1463              		.loc 1 604 3 is_stmt 1 view .LVU435
 1464              		.loc 1 604 9 is_stmt 0 view .LVU436
 1465 0014 054A     		ldr	r2, .L91+12
 1466 0016 1360     		str	r3, [r2]
 1467              		.loc 1 605 3 is_stmt 1 view .LVU437
 1468              		.loc 1 605 9 is_stmt 0 view .LVU438
 1469 0018 054A     		ldr	r2, .L91+16
 1470 001a 1360     		str	r3, [r2]
 1471              		.loc 1 606 1 view .LVU439
 1472 001c 7047     		bx	lr
 1473              	.L92:
 1474 001e 00BF     		.align	2
 1475              	.L91:
 1476 0020 00000000 		.word	prev_actual_freq
 1477 0024 00000000 		.word	reg_1
 1478 0028 00000000 		.word	reg_2
 1479 002c 00000000 		.word	reg_3
 1480 0030 00000000 		.word	reg_4
 1481              		.cfi_endproc
 1482              	.LFE248:
ARM GAS  /tmp/ccRHyJSn.s 			page 27


 1483              		.size	ADF4351_force_refresh, .-ADF4351_force_refresh
 1484              		.section	.text.ADF4351_modulo,"ax",%progbits
 1485              		.align	1
 1486              		.global	ADF4351_modulo
 1487              		.syntax unified
 1488              		.thumb
 1489              		.thumb_func
 1490              		.type	ADF4351_modulo, %function
 1491              	ADF4351_modulo:
 1492              	.LVL70:
 1493              	.LFB249:
 1494              		.loc 1 609 1 is_stmt 1 view -0
 1495              		.cfi_startproc
 1496              		@ args = 0, pretend = 0, frame = 0
 1497              		@ frame_needed = 0, uses_anonymous_args = 0
 1498              		@ link register save eliminated.
 1499              		.loc 1 610 3 view .LVU441
 1500              		.loc 1 610 11 is_stmt 0 view .LVU442
 1501 0000 014B     		ldr	r3, .L94
 1502 0002 1880     		strh	r0, [r3]	@ movhi
 1503              		.loc 1 611 1 view .LVU443
 1504 0004 7047     		bx	lr
 1505              	.L95:
 1506 0006 00BF     		.align	2
 1507              	.L94:
 1508 0008 00000000 		.word	modulus
 1509              		.cfi_endproc
 1510              	.LFE249:
 1511              		.size	ADF4351_modulo, .-ADF4351_modulo
 1512              		.section	.text.ADF4351_get_modulo,"ax",%progbits
 1513              		.align	1
 1514              		.global	ADF4351_get_modulo
 1515              		.syntax unified
 1516              		.thumb
 1517              		.thumb_func
 1518              		.type	ADF4351_get_modulo, %function
 1519              	ADF4351_get_modulo:
 1520              	.LFB250:
 1521              		.loc 1 614 1 is_stmt 1 view -0
 1522              		.cfi_startproc
 1523              		@ args = 0, pretend = 0, frame = 0
 1524              		@ frame_needed = 0, uses_anonymous_args = 0
 1525              		@ link register save eliminated.
 1526              		.loc 1 615 3 view .LVU445
 1527              		.loc 1 616 1 is_stmt 0 view .LVU446
 1528 0000 014B     		ldr	r3, .L97
 1529 0002 1888     		ldrh	r0, [r3]
 1530 0004 7047     		bx	lr
 1531              	.L98:
 1532 0006 00BF     		.align	2
 1533              	.L97:
 1534 0008 00000000 		.word	modulus
 1535              		.cfi_endproc
 1536              	.LFE250:
 1537              		.size	ADF4351_get_modulo, .-ADF4351_get_modulo
 1538              		.section	.text.ADF4351_spur_mode,"ax",%progbits
 1539              		.align	1
ARM GAS  /tmp/ccRHyJSn.s 			page 28


 1540              		.global	ADF4351_spur_mode
 1541              		.syntax unified
 1542              		.thumb
 1543              		.thumb_func
 1544              		.type	ADF4351_spur_mode, %function
 1545              	ADF4351_spur_mode:
 1546              	.LVL71:
 1547              	.LFB251:
 1548              		.loc 1 619 1 is_stmt 1 view -0
 1549              		.cfi_startproc
 1550              		@ args = 0, pretend = 0, frame = 0
 1551              		@ frame_needed = 0, uses_anonymous_args = 0
 1552              		@ link register save eliminated.
 1553              		.loc 1 620 3 view .LVU448
 1554              		.loc 1 622 1 is_stmt 0 view .LVU449
 1555 0000 7047     		bx	lr
 1556              		.cfi_endproc
 1557              	.LFE251:
 1558              		.size	ADF4351_spur_mode, .-ADF4351_spur_mode
 1559              		.section	.text.ADF4351_R_counter,"ax",%progbits
 1560              		.align	1
 1561              		.global	ADF4351_R_counter
 1562              		.syntax unified
 1563              		.thumb
 1564              		.thumb_func
 1565              		.type	ADF4351_R_counter, %function
 1566              	ADF4351_R_counter:
 1567              	.LVL72:
 1568              	.LFB252:
 1569              		.loc 1 625 1 is_stmt 1 view -0
 1570              		.cfi_startproc
 1571              		@ args = 0, pretend = 0, frame = 0
 1572              		@ frame_needed = 0, uses_anonymous_args = 0
 1573              		@ link register save eliminated.
 1574              		.loc 1 626 3 view .LVU451
 1575              		.loc 1 626 13 is_stmt 0 view .LVU452
 1576 0000 0D4B     		ldr	r3, .L106
 1577              		.loc 1 626 6 view .LVU453
 1578 0002 1A68     		ldr	r2, [r3]
 1579 0004 8242     		cmp	r2, r0
 1580 0006 15D0     		beq	.L100
 1581              		.loc 1 628 3 is_stmt 1 view .LVU454
 1582              		.loc 1 628 9 is_stmt 0 view .LVU455
 1583 0008 1860     		str	r0, [r3]
 1584              		.loc 1 629 3 is_stmt 1 view .LVU456
 1585              		.loc 1 629 13 is_stmt 0 view .LVU457
 1586 000a 0022     		movs	r2, #0
 1587 000c 0B4B     		ldr	r3, .L106+4
 1588              		.loc 1 630 6 view .LVU458
 1589 000e 9042     		cmp	r0, r2
 1590              		.loc 1 629 13 view .LVU459
 1591 0010 1A70     		strb	r2, [r3]
 1592              		.loc 1 630 3 is_stmt 1 view .LVU460
 1593              		.loc 1 630 6 is_stmt 0 view .LVU461
 1594 0012 0EDA     		bge	.L103
 1595              		.loc 1 631 5 is_stmt 1 view .LVU462
 1596              		.loc 1 631 15 is_stmt 0 view .LVU463
ARM GAS  /tmp/ccRHyJSn.s 			page 29


 1597 0014 0122     		movs	r2, #1
 1598 0016 1A70     		strb	r2, [r3]
 1599              		.loc 1 632 5 is_stmt 1 view .LVU464
 1600              		.loc 1 632 11 is_stmt 0 view .LVU465
 1601 0018 4042     		rsbs	r0, r0, #0
 1602              	.LVL73:
 1603              		.loc 1 634 3 is_stmt 1 view .LVU466
 1604              	.L104:
 1605              		.loc 1 636 3 view .LVU467
 1606              		.loc 1 636 5 is_stmt 0 view .LVU468
 1607 001a 094B     		ldr	r3, .L106+8
 1608 001c 80B2     		uxth	r0, r0
 1609              	.LVL74:
 1610              		.loc 1 636 5 view .LVU469
 1611 001e 1880     		strh	r0, [r3]	@ movhi
 1612              		.loc 1 637 3 is_stmt 1 view .LVU470
 1613              		.loc 1 637 6 is_stmt 0 view .LVU471
 1614 0020 0128     		cmp	r0, #1
 1615 0022 084B     		ldr	r3, .L106+12
 1616 0024 94BF     		ite	ls
 1617 0026 0020     		movls	r0, #0
 1618 0028 0120     		movhi	r0, #1
 1619 002a 83F80806 		strb	r0, [r3, #1544]
 1620              		.loc 1 641 3 is_stmt 1 view .LVU472
 1621 002e FFF7FEBF 		b	clear_frequency_cache
 1622              	.LVL75:
 1623              	.L103:
 1624              		.loc 1 634 3 view .LVU473
 1625              		.loc 1 634 6 is_stmt 0 view .LVU474
 1626 0032 F2D1     		bne	.L104
 1627              	.L100:
 1628              		.loc 1 642 1 view .LVU475
 1629 0034 7047     		bx	lr
 1630              	.L107:
 1631 0036 00BF     		.align	2
 1632              	.L106:
 1633 0038 00000000 		.word	old_R
 1634 003c 00000000 		.word	refDouble
 1635 0040 00000000 		.word	R
 1636 0044 00000000 		.word	setting
 1637              		.cfi_endproc
 1638              	.LFE252:
 1639              		.size	ADF4351_R_counter, .-ADF4351_R_counter
 1640              		.section	.text.ADF4351_mux,"ax",%progbits
 1641              		.align	1
 1642              		.global	ADF4351_mux
 1643              		.syntax unified
 1644              		.thumb
 1645              		.thumb_func
 1646              		.type	ADF4351_mux, %function
 1647              	ADF4351_mux:
 1648              	.LVL76:
 1649              	.LFB253:
 1650              		.loc 1 646 1 is_stmt 1 view -0
 1651              		.cfi_startproc
 1652              		@ args = 0, pretend = 0, frame = 0
 1653              		@ frame_needed = 0, uses_anonymous_args = 0
ARM GAS  /tmp/ccRHyJSn.s 			page 30


 1654              		@ link register save eliminated.
 1655              		.loc 1 647 3 view .LVU477
 1656              		.loc 1 647 7 is_stmt 0 view .LVU478
 1657 0000 014B     		ldr	r3, .L109
 1658 0002 1880     		strh	r0, [r3]	@ movhi
 1659              		.loc 1 648 3 is_stmt 1 view .LVU479
 1660 0004 FFF7FEBF 		b	sendConfig
 1661              	.LVL77:
 1662              	.L110:
 1663              		.loc 1 648 3 is_stmt 0 view .LVU480
 1664              		.align	2
 1665              	.L109:
 1666 0008 00000000 		.word	mux
 1667              		.cfi_endproc
 1668              	.LFE253:
 1669              		.size	ADF4351_mux, .-ADF4351_mux
 1670              		.section	.text.ADF4351_csr,"ax",%progbits
 1671              		.align	1
 1672              		.global	ADF4351_csr
 1673              		.syntax unified
 1674              		.thumb
 1675              		.thumb_func
 1676              		.type	ADF4351_csr, %function
 1677              	ADF4351_csr:
 1678              	.LVL78:
 1679              	.LFB254:
 1680              		.loc 1 652 1 is_stmt 1 view -0
 1681              		.cfi_startproc
 1682              		@ args = 0, pretend = 0, frame = 0
 1683              		@ frame_needed = 0, uses_anonymous_args = 0
 1684              		@ link register save eliminated.
 1685              		.loc 1 653 3 view .LVU482
 1686              		.loc 1 653 7 is_stmt 0 view .LVU483
 1687 0000 024B     		ldr	r3, .L112
 1688              		.loc 1 653 12 view .LVU484
 1689 0002 00F00100 		and	r0, r0, #1
 1690              	.LVL79:
 1691              		.loc 1 653 7 view .LVU485
 1692 0006 1880     		strh	r0, [r3]	@ movhi
 1693              		.loc 1 654 3 is_stmt 1 view .LVU486
 1694 0008 FFF7FEBF 		b	sendConfig
 1695              	.LVL80:
 1696              	.L113:
 1697              		.align	2
 1698              	.L112:
 1699 000c 00000000 		.word	csr
 1700              		.cfi_endproc
 1701              	.LFE254:
 1702              		.size	ADF4351_csr, .-ADF4351_csr
 1703              		.section	.text.ADF4351_fastlock,"ax",%progbits
 1704              		.align	1
 1705              		.global	ADF4351_fastlock
 1706              		.syntax unified
 1707              		.thumb
 1708              		.thumb_func
 1709              		.type	ADF4351_fastlock, %function
 1710              	ADF4351_fastlock:
ARM GAS  /tmp/ccRHyJSn.s 			page 31


 1711              	.LVL81:
 1712              	.LFB255:
 1713              		.loc 1 658 1 view -0
 1714              		.cfi_startproc
 1715              		@ args = 0, pretend = 0, frame = 0
 1716              		@ frame_needed = 0, uses_anonymous_args = 0
 1717              		@ link register save eliminated.
 1718              		.loc 1 659 3 view .LVU488
 1719              		.loc 1 659 14 is_stmt 0 view .LVU489
 1720 0000 024B     		ldr	r3, .L115
 1721              		.loc 1 659 19 view .LVU490
 1722 0002 00F00300 		and	r0, r0, #3
 1723              	.LVL82:
 1724              		.loc 1 659 14 view .LVU491
 1725 0006 1870     		strb	r0, [r3]
 1726              		.loc 1 660 3 is_stmt 1 view .LVU492
 1727 0008 FFF7FEBF 		b	sendConfig
 1728              	.LVL83:
 1729              	.L116:
 1730              		.align	2
 1731              	.L115:
 1732 000c 00000000 		.word	clkDivMode
 1733              		.cfi_endproc
 1734              	.LFE255:
 1735              		.size	ADF4351_fastlock, .-ADF4351_fastlock
 1736              		.section	.text.ADF4351_CP,"ax",%progbits
 1737              		.align	1
 1738              		.global	ADF4351_CP
 1739              		.syntax unified
 1740              		.thumb
 1741              		.thumb_func
 1742              		.type	ADF4351_CP, %function
 1743              	ADF4351_CP:
 1744              	.LVL84:
 1745              	.LFB256:
 1746              		.loc 1 664 1 view -0
 1747              		.cfi_startproc
 1748              		@ args = 0, pretend = 0, frame = 0
 1749              		@ frame_needed = 0, uses_anonymous_args = 0
 1750              		@ link register save eliminated.
 1751              		.loc 1 665 3 view .LVU494
 1752              		.loc 1 665 17 is_stmt 0 view .LVU495
 1753 0000 034B     		ldr	r3, .L119
 1754 0002 1A78     		ldrb	r2, [r3]	@ zero_extendqisi2
 1755              		.loc 1 665 6 view .LVU496
 1756 0004 8242     		cmp	r2, r0
 1757 0006 02D0     		beq	.L117
 1758              		.loc 1 667 3 is_stmt 1 view .LVU497
 1759              		.loc 1 667 13 is_stmt 0 view .LVU498
 1760 0008 1870     		strb	r0, [r3]
 1761              		.loc 1 668 3 is_stmt 1 view .LVU499
 1762 000a FFF7FEBF 		b	sendConfig
 1763              	.LVL85:
 1764              	.L117:
 1765              		.loc 1 669 1 is_stmt 0 view .LVU500
 1766 000e 7047     		bx	lr
 1767              	.L120:
ARM GAS  /tmp/ccRHyJSn.s 			page 32


 1768              		.align	2
 1769              	.L119:
 1770 0010 00000000 		.word	cpCurrent
 1771              		.cfi_endproc
 1772              	.LFE256:
 1773              		.size	ADF4351_CP, .-ADF4351_CP
 1774              		.section	.text.ADF4351_get_CP,"ax",%progbits
 1775              		.align	1
 1776              		.global	ADF4351_get_CP
 1777              		.syntax unified
 1778              		.thumb
 1779              		.thumb_func
 1780              		.type	ADF4351_get_CP, %function
 1781              	ADF4351_get_CP:
 1782              	.LFB257:
 1783              		.loc 1 672 1 is_stmt 1 view -0
 1784              		.cfi_startproc
 1785              		@ args = 0, pretend = 0, frame = 0
 1786              		@ frame_needed = 0, uses_anonymous_args = 0
 1787              		@ link register save eliminated.
 1788              		.loc 1 673 3 view .LVU502
 1789              		.loc 1 674 1 is_stmt 0 view .LVU503
 1790 0000 014B     		ldr	r3, .L122
 1791 0002 1878     		ldrb	r0, [r3]	@ zero_extendqisi2
 1792 0004 7047     		bx	lr
 1793              	.L123:
 1794 0006 00BF     		.align	2
 1795              	.L122:
 1796 0008 00000000 		.word	cpCurrent
 1797              		.cfi_endproc
 1798              	.LFE257:
 1799              		.size	ADF4351_get_CP, .-ADF4351_get_CP
 1800              		.section	.text.ADF4351_drive,"ax",%progbits
 1801              		.align	1
 1802              		.global	ADF4351_drive
 1803              		.syntax unified
 1804              		.thumb
 1805              		.thumb_func
 1806              		.type	ADF4351_drive, %function
 1807              	ADF4351_drive:
 1808              	.LVL86:
 1809              	.LFB258:
 1810              		.loc 1 677 1 is_stmt 1 view -0
 1811              		.cfi_startproc
 1812              		@ args = 0, pretend = 0, frame = 0
 1813              		@ frame_needed = 0, uses_anonymous_args = 0
 1814              		.loc 1 678 3 view .LVU505
 1815              		.loc 1 677 1 is_stmt 0 view .LVU506
 1816 0000 08B5     		push	{r3, lr}
 1817              		.cfi_def_cfa_offset 8
 1818              		.cfi_offset 3, -8
 1819              		.cfi_offset 14, -4
 1820              		.loc 1 678 15 view .LVU507
 1821 0002 074B     		ldr	r3, .L127
 1822 0004 1A78     		ldrb	r2, [r3]	@ zero_extendqisi2
 1823              		.loc 1 678 6 view .LVU508
 1824 0006 8242     		cmp	r2, r0
ARM GAS  /tmp/ccRHyJSn.s 			page 33


 1825 0008 08D0     		beq	.L124
 1826              		.loc 1 680 3 is_stmt 1 view .LVU509
 1827              		.loc 1 680 11 is_stmt 0 view .LVU510
 1828 000a 1870     		strb	r0, [r3]
 1829              		.loc 1 681 3 is_stmt 1 view .LVU511
 1830 000c FFF7FEFF 		bl	sendConfig
 1831              	.LVL87:
 1832              		.loc 1 682 3 view .LVU512
 1833              		.loc 1 683 1 is_stmt 0 view .LVU513
 1834 0010 BDE80840 		pop	{r3, lr}
 1835              		.cfi_remember_state
 1836              		.cfi_restore 14
 1837              		.cfi_restore 3
 1838              		.cfi_def_cfa_offset 0
 1839              		.loc 1 682 3 view .LVU514
 1840 0014 4FF47A70 		mov	r0, #1000
 1841 0018 FFF7FEBF 		b	my_microsecond_delay
 1842              	.LVL88:
 1843              	.L124:
 1844              		.cfi_restore_state
 1845              		.loc 1 683 1 view .LVU515
 1846 001c 08BD     		pop	{r3, pc}
 1847              	.L128:
 1848 001e 00BF     		.align	2
 1849              	.L127:
 1850 0020 00000000 		.word	rfPower
 1851              		.cfi_endproc
 1852              	.LFE258:
 1853              		.size	ADF4351_drive, .-ADF4351_drive
 1854              		.section	.text.ADF4351_enable_aux_out,"ax",%progbits
 1855              		.align	1
 1856              		.global	ADF4351_enable_aux_out
 1857              		.syntax unified
 1858              		.thumb
 1859              		.thumb_func
 1860              		.type	ADF4351_enable_aux_out, %function
 1861              	ADF4351_enable_aux_out:
 1862              	.LVL89:
 1863              	.LFB259:
 1864              		.loc 1 695 1 is_stmt 1 view -0
 1865              		.cfi_startproc
 1866              		@ args = 0, pretend = 0, frame = 0
 1867              		@ frame_needed = 0, uses_anonymous_args = 0
 1868              		@ link register save eliminated.
 1869              		.loc 1 696 3 view .LVU517
 1870              		.loc 1 696 18 is_stmt 0 view .LVU518
 1871 0000 054B     		ldr	r3, .L131
 1872 0002 1A78     		ldrb	r2, [r3]	@ zero_extendqisi2
 1873              		.loc 1 696 6 view .LVU519
 1874 0004 8242     		cmp	r2, r0
 1875 0006 05D0     		beq	.L129
 1876              		.loc 1 698 3 is_stmt 1 view .LVU520
 1877              		.loc 1 698 13 is_stmt 0 view .LVU521
 1878 0008 0038     		subs	r0, r0, #0
 1879              		.loc 1 698 13 view .LVU522
 1880 000a 18BF     		it	ne
 1881 000c 0120     		movne	r0, #1
ARM GAS  /tmp/ccRHyJSn.s 			page 34


 1882              	.LVL90:
 1883              		.loc 1 698 13 view .LVU523
 1884 000e 1870     		strb	r0, [r3]
 1885              		.loc 1 699 3 is_stmt 1 view .LVU524
 1886 0010 FFF7FEBF 		b	sendConfig
 1887              	.LVL91:
 1888              	.L129:
 1889              		.loc 1 700 1 is_stmt 0 view .LVU525
 1890 0014 7047     		bx	lr
 1891              	.L132:
 1892 0016 00BF     		.align	2
 1893              	.L131:
 1894 0018 00000000 		.word	auxEnable
 1895              		.cfi_endproc
 1896              	.LFE259:
 1897              		.size	ADF4351_enable_aux_out, .-ADF4351_enable_aux_out
 1898              		.section	.text.ADF4351_enable,"ax",%progbits
 1899              		.align	1
 1900              		.global	ADF4351_enable
 1901              		.syntax unified
 1902              		.thumb
 1903              		.thumb_func
 1904              		.type	ADF4351_enable, %function
 1905              	ADF4351_enable:
 1906              	.LVL92:
 1907              	.LFB260:
 1908              		.loc 1 704 1 is_stmt 1 view -0
 1909              		.cfi_startproc
 1910              		@ args = 0, pretend = 0, frame = 0
 1911              		@ frame_needed = 0, uses_anonymous_args = 0
 1912              		.loc 1 705 3 view .LVU527
 1913              		.loc 1 704 1 is_stmt 0 view .LVU528
 1914 0000 08B5     		push	{r3, lr}
 1915              		.cfi_def_cfa_offset 8
 1916              		.cfi_offset 3, -8
 1917              		.cfi_offset 14, -4
 1918              		.loc 1 705 18 view .LVU529
 1919 0002 084B     		ldr	r3, .L136
 1920 0004 B0FA80F0 		clz	r0, r0
 1921              	.LVL93:
 1922              		.loc 1 705 6 view .LVU530
 1923 0008 1A88     		ldrh	r2, [r3]
 1924 000a 4009     		lsrs	r0, r0, #5
 1925 000c 8242     		cmp	r2, r0
 1926 000e 07D0     		beq	.L133
 1927              		.loc 1 707 3 is_stmt 1 view .LVU531
 1928              		.loc 1 707 13 is_stmt 0 view .LVU532
 1929 0010 1880     		strh	r0, [r3]	@ movhi
 1930              		.loc 1 708 3 is_stmt 1 view .LVU533
 1931 0012 FFF7FEFF 		bl	sendConfig
 1932              	.LVL94:
 1933              		.loc 1 709 3 view .LVU534
 1934              		.loc 1 711 1 is_stmt 0 view .LVU535
 1935 0016 BDE80840 		pop	{r3, lr}
 1936              		.cfi_remember_state
 1937              		.cfi_restore 14
 1938              		.cfi_restore 3
ARM GAS  /tmp/ccRHyJSn.s 			page 35


 1939              		.cfi_def_cfa_offset 0
 1940              		.loc 1 709 3 view .LVU536
 1941 001a 6420     		movs	r0, #100
 1942 001c FFF7FEBF 		b	osalThreadSleep
 1943              	.LVL95:
 1944              	.L133:
 1945              		.cfi_restore_state
 1946              		.loc 1 711 1 view .LVU537
 1947 0020 08BD     		pop	{r3, pc}
 1948              	.L137:
 1949 0022 00BF     		.align	2
 1950              	.L136:
 1951 0024 00000000 		.word	powerDown
 1952              		.cfi_endproc
 1953              	.LFE260:
 1954              		.size	ADF4351_enable, .-ADF4351_enable
 1955              		.section	.text.ADF4351_enable_out,"ax",%progbits
 1956              		.align	1
 1957              		.global	ADF4351_enable_out
 1958              		.syntax unified
 1959              		.thumb
 1960              		.thumb_func
 1961              		.type	ADF4351_enable_out, %function
 1962              	ADF4351_enable_out:
 1963              	.LVL96:
 1964              	.LFB261:
 1965              		.loc 1 714 1 is_stmt 1 view -0
 1966              		.cfi_startproc
 1967              		@ args = 0, pretend = 0, frame = 0
 1968              		@ frame_needed = 0, uses_anonymous_args = 0
 1969              		.loc 1 715 3 view .LVU539
 1970              		.loc 1 714 1 is_stmt 0 view .LVU540
 1971 0000 08B5     		push	{r3, lr}
 1972              		.cfi_def_cfa_offset 8
 1973              		.cfi_offset 3, -8
 1974              		.cfi_offset 14, -4
 1975              		.loc 1 715 13 view .LVU541
 1976 0002 094B     		ldr	r3, .L141
 1977              		.loc 1 715 16 view .LVU542
 1978 0004 B0FA80F0 		clz	r0, r0
 1979              	.LVL97:
 1980              		.loc 1 715 6 view .LVU543
 1981 0008 1A78     		ldrb	r2, [r3]	@ zero_extendqisi2
 1982              		.loc 1 715 16 view .LVU544
 1983 000a 4009     		lsrs	r0, r0, #5
 1984              		.loc 1 715 6 view .LVU545
 1985 000c 8242     		cmp	r2, r0
 1986 000e 09D0     		beq	.L138
 1987              		.loc 1 717 3 is_stmt 1 view .LVU546
 1988              		.loc 1 717 13 is_stmt 0 view .LVU547
 1989 0010 064A     		ldr	r2, .L141+4
 1990              		.loc 1 718 8 view .LVU548
 1991 0012 1870     		strb	r0, [r3]
 1992              		.loc 1 717 15 view .LVU549
 1993 0014 1080     		strh	r0, [r2]	@ movhi
 1994              		.loc 1 718 3 is_stmt 1 view .LVU550
 1995              		.loc 1 719 3 view .LVU551
ARM GAS  /tmp/ccRHyJSn.s 			page 36


 1996 0016 FFF7FEFF 		bl	sendConfig
 1997              	.LVL98:
 1998              		.loc 1 720 3 view .LVU552
 1999              		.loc 1 721 1 is_stmt 0 view .LVU553
 2000 001a BDE80840 		pop	{r3, lr}
 2001              		.cfi_remember_state
 2002              		.cfi_restore 14
 2003              		.cfi_restore 3
 2004              		.cfi_def_cfa_offset 0
 2005              		.loc 1 720 3 view .LVU554
 2006 001e 6420     		movs	r0, #100
 2007 0020 FFF7FEBF 		b	osalThreadSleep
 2008              	.LVL99:
 2009              	.L138:
 2010              		.cfi_restore_state
 2011              		.loc 1 721 1 view .LVU555
 2012 0024 08BD     		pop	{r3, pc}
 2013              	.L142:
 2014 0026 00BF     		.align	2
 2015              	.L141:
 2016 0028 00000000 		.word	pdwn
 2017 002c 00000000 		.word	powerDown
 2018              		.cfi_endproc
 2019              	.LFE261:
 2020              		.size	ADF4351_enable_out, .-ADF4351_enable_out
 2021              		.section	.text.ADF4351_recalculate_PFDRFout,"ax",%progbits
 2022              		.align	1
 2023              		.global	ADF4351_recalculate_PFDRFout
 2024              		.syntax unified
 2025              		.thumb
 2026              		.thumb_func
 2027              		.type	ADF4351_recalculate_PFDRFout, %function
 2028              	ADF4351_recalculate_PFDRFout:
 2029              	.LFB262:
 2030              		.loc 1 723 41 is_stmt 1 view -0
 2031              		.cfi_startproc
 2032              		@ args = 0, pretend = 0, frame = 0
 2033              		@ frame_needed = 0, uses_anonymous_args = 0
 2034              		.loc 1 724 3 view .LVU557
 2035              		.loc 1 723 41 is_stmt 0 view .LVU558
 2036 0000 08B5     		push	{r3, lr}
 2037              		.cfi_def_cfa_offset 8
 2038              		.cfi_offset 3, -8
 2039              		.cfi_offset 14, -4
 2040              		.loc 1 724 7 view .LVU559
 2041 0002 054B     		ldr	r3, .L145
 2042              		.loc 1 725 9 view .LVU560
 2043 0004 4FF0FF32 		mov	r2, #-1
 2044              		.loc 1 724 7 view .LVU561
 2045 0008 1868     		ldr	r0, [r3]
 2046              	.LVL100:
 2047              		.loc 1 725 3 is_stmt 1 view .LVU562
 2048              		.loc 1 725 9 is_stmt 0 view .LVU563
 2049 000a 1A60     		str	r2, [r3]
 2050              		.loc 1 726 3 is_stmt 1 view .LVU564
 2051 000c FFF7FEFF 		bl	ADF4351_R_counter
 2052              	.LVL101:
ARM GAS  /tmp/ccRHyJSn.s 			page 37


 2053              		.loc 1 727 3 view .LVU565
 2054              		.loc 1 728 1 is_stmt 0 view .LVU566
 2055 0010 BDE80840 		pop	{r3, lr}
 2056              		.cfi_restore 14
 2057              		.cfi_restore 3
 2058              		.cfi_def_cfa_offset 0
 2059              		.loc 1 727 3 view .LVU567
 2060 0014 FFF7FEBF 		b	sendConfig
 2061              	.LVL102:
 2062              	.L146:
 2063              		.align	2
 2064              	.L145:
 2065 0018 00000000 		.word	old_R
 2066              		.cfi_endproc
 2067              	.LFE262:
 2068              		.size	ADF4351_recalculate_PFDRFout, .-ADF4351_recalculate_PFDRFout
 2069              		.section	.text.ADF4350_shift_ref,"ax",%progbits
 2070              		.align	1
 2071              		.global	ADF4350_shift_ref
 2072              		.syntax unified
 2073              		.thumb
 2074              		.thumb_func
 2075              		.type	ADF4350_shift_ref, %function
 2076              	ADF4350_shift_ref:
 2077              	.LVL103:
 2078              	.LFB241:
 2079              		.loc 1 270 31 is_stmt 1 view -0
 2080              		.cfi_startproc
 2081              		@ args = 0, pretend = 0, frame = 0
 2082              		@ frame_needed = 0, uses_anonymous_args = 0
 2083              		.loc 1 271 3 view .LVU569
 2084              		.loc 1 270 31 is_stmt 0 view .LVU570
 2085 0000 08B5     		push	{r3, lr}
 2086              		.cfi_def_cfa_offset 8
 2087              		.cfi_offset 3, -8
 2088              		.cfi_offset 14, -4
 2089              		.loc 1 271 9 view .LVU571
 2090 0002 0C4B     		ldr	r3, .L159
 2091              		.loc 1 271 6 view .LVU572
 2092 0004 1A68     		ldr	r2, [r3]
 2093 0006 8242     		cmp	r2, r0
 2094 0008 12D0     		beq	.L147
 2095              		.loc 1 273 3 is_stmt 1 view .LVU573
 2096              		.loc 1 273 11 is_stmt 0 view .LVU574
 2097 000a 1860     		str	r0, [r3]
 2098              		.loc 1 274 3 is_stmt 1 view .LVU575
 2099              		.loc 1 274 7 is_stmt 0 view .LVU576
 2100 000c 0A4B     		ldr	r3, .L159+4
 2101              		.loc 1 274 6 view .LVU577
 2102 000e 1B68     		ldr	r3, [r3]
 2103 0010 53B1     		cbz	r3, .L149
 2104              		.loc 1 274 24 discriminator 1 view .LVU578
 2105 0012 48B1     		cbz	r0, .L149
 2106              		.loc 1 275 5 is_stmt 1 view .LVU579
 2107 0014 0023     		movs	r3, #0
 2108 0016 1D22     		movs	r2, #29
 2109 0018 1F21     		movs	r1, #31
ARM GAS  /tmp/ccRHyJSn.s 			page 38


 2110              	.L158:
 2111              		.loc 1 277 5 is_stmt 0 view .LVU580
 2112 001a 1846     		mov	r0, r3
 2113              	.LVL104:
 2114              		.loc 1 277 5 view .LVU581
 2115 001c FFF7FEFF 		bl	si5351_set_int_mul_div
 2116              	.LVL105:
 2117              		.loc 1 278 3 is_stmt 1 view .LVU582
 2118              		.loc 1 279 1 is_stmt 0 view .LVU583
 2119 0020 BDE80840 		pop	{r3, lr}
 2120              		.cfi_remember_state
 2121              		.cfi_restore 14
 2122              		.cfi_restore 3
 2123              		.cfi_def_cfa_offset 0
 2124              		.loc 1 278 3 view .LVU584
 2125 0024 FFF7FEBF 		b	ADF4351_recalculate_PFDRFout
 2126              	.LVL106:
 2127              	.L149:
 2128              		.cfi_restore_state
 2129              		.loc 1 277 5 is_stmt 1 view .LVU585
 2130 0028 1E22     		movs	r2, #30
 2131 002a 0023     		movs	r3, #0
 2132 002c 1146     		mov	r1, r2
 2133 002e F4E7     		b	.L158
 2134              	.L147:
 2135              		.loc 1 279 1 is_stmt 0 view .LVU586
 2136 0030 08BD     		pop	{r3, pc}
 2137              	.L160:
 2138 0032 00BF     		.align	2
 2139              	.L159:
 2140 0034 00000000 		.word	shifted
 2141 0038 00000000 		.word	si5351_available
 2142              		.cfi_endproc
 2143              	.LFE241:
 2144              		.size	ADF4350_shift_ref, .-ADF4350_shift_ref
 2145              		.section	.text.ADF4351_Setup,"ax",%progbits
 2146              		.align	1
 2147              		.global	ADF4351_Setup
 2148              		.syntax unified
 2149              		.thumb
 2150              		.thumb_func
 2151              		.type	ADF4351_Setup, %function
 2152              	ADF4351_Setup:
 2153              	.LFB263:
 2154              		.loc 1 731 1 is_stmt 1 view -0
 2155              		.cfi_startproc
 2156              		@ args = 0, pretend = 0, frame = 0
 2157              		@ frame_needed = 0, uses_anonymous_args = 0
 2158              		.loc 1 732 3 view .LVU588
 2159 0000 214B     		ldr	r3, .L168+8
 2160 0002 4022     		movs	r2, #64
 2161              		.loc 1 731 1 is_stmt 0 view .LVU589
 2162 0004 70B5     		push	{r4, r5, r6, lr}
 2163              		.cfi_def_cfa_offset 16
 2164              		.cfi_offset 4, -16
 2165              		.cfi_offset 5, -12
 2166              		.cfi_offset 6, -8
ARM GAS  /tmp/ccRHyJSn.s 			page 39


 2167              		.cfi_offset 14, -4
 2168              		.loc 1 732 3 view .LVU590
 2169 0006 1A83     		strh	r2, [r3, #24]	@ movhi
 2170              		.loc 1 732 3 is_stmt 1 view .LVU591
 2171              		.loc 1 732 15 view .LVU592
 2172              		.loc 1 735 3 view .LVU593
 2173              		.loc 1 735 22 is_stmt 0 view .LVU594
 2174 0008 FFF7FEFF 		bl	si5351_init
 2175              	.LVL107:
 2176              		.loc 1 735 20 discriminator 1 view .LVU595
 2177 000c 1F4D     		ldr	r5, .L168+12
 2178              		.loc 1 735 22 discriminator 1 view .LVU596
 2179 000e 2860     		str	r0, [r5]
 2180              		.loc 1 736 3 is_stmt 1 view .LVU597
 2181              		.loc 1 736 6 is_stmt 0 view .LVU598
 2182 0010 C8B1     		cbz	r0, .L162
 2183              		.loc 1 737 5 is_stmt 1 view .LVU599
 2184              		.loc 1 737 36 is_stmt 0 view .LVU600
 2185 0012 1F4B     		ldr	r3, .L168+16
 2186 0014 D3F8FC0B 		ldr	r0, [r3, #3068]
 2187 0018 D3F8006C 		ldr	r6, [r3, #3072]
 2188              		.loc 1 737 61 view .LVU601
 2189 001c 1E24     		movs	r4, #30
 2190 001e A0FB0401 		umull	r0, r1, r0, r4
 2191              		.loc 1 737 91 view .LVU602
 2192 0022 0023     		movs	r3, #0
 2193 0024 40F6B832 		movw	r2, #3000
 2194 0028 04FB0611 		mla	r1, r4, r6, r1
 2195 002c FFF7FEFF 		bl	__aeabi_uldivmod
 2196              	.LVL108:
 2197              		.loc 1 737 5 view .LVU603
 2198 0030 0022     		movs	r2, #0
 2199              		.loc 1 737 91 view .LVU604
 2200 0032 0146     		mov	r1, r0
 2201              		.loc 1 737 5 view .LVU605
 2202 0034 1046     		mov	r0, r2
 2203 0036 FFF7FEFF 		bl	si5351_set_frequency
 2204              	.LVL109:
 2205              		.loc 1 738 5 is_stmt 1 view .LVU606
 2206 003a 0023     		movs	r3, #0
 2207 003c 2246     		mov	r2, r4
 2208 003e 2146     		mov	r1, r4
 2209 0040 1846     		mov	r0, r3
 2210 0042 FFF7FEFF 		bl	si5351_set_int_mul_div
 2211              	.LVL110:
 2212              	.L162:
 2213              		.loc 1 740 3 view .LVU607
 2214              		.loc 1 743 13 is_stmt 0 view .LVU608
 2215 0046 134A     		ldr	r2, .L168+20
 2216              		.loc 1 740 20 view .LVU609
 2217 0048 0023     		movs	r3, #0
 2218 004a 2B60     		str	r3, [r5]
 2219              		.loc 1 743 3 is_stmt 1 view .LVU610
 2220              		.loc 1 743 13 is_stmt 0 view .LVU611
 2221 004c 1370     		strb	r3, [r2]
 2222              		.loc 1 744 2 is_stmt 1 view .LVU612
 2223              		.loc 1 744 6 is_stmt 0 view .LVU613
ARM GAS  /tmp/ccRHyJSn.s 			page 40


 2224 004e 124B     		ldr	r3, .L168+24
 2225              		.loc 1 744 5 view .LVU614
 2226 0050 1B68     		ldr	r3, [r3]
 2227 0052 43B9     		cbnz	r3, .L163
 2228              		.loc 1 747 5 is_stmt 1 view .LVU615
 2229              	.LVL111:
 2230              	.LBB34:
 2231              	.LBI34:
 2232              		.loc 1 651 6 view .LVU616
 2233              	.LBB35:
 2234              		.loc 1 653 3 view .LVU617
 2235              		.loc 1 653 7 is_stmt 0 view .LVU618
 2236 0054 114B     		ldr	r3, .L168+28
 2237 0056 0124     		movs	r4, #1
 2238 0058 1C80     		strh	r4, [r3]	@ movhi
 2239              		.loc 1 654 3 is_stmt 1 view .LVU619
 2240 005a FFF7FEFF 		bl	sendConfig
 2241              	.LVL112:
 2242              		.loc 1 654 3 is_stmt 0 view .LVU620
 2243              	.LBE35:
 2244              	.LBE34:
 2245              		.loc 1 748 5 is_stmt 1 view .LVU621
 2246              	.LBB36:
 2247              	.LBI36:
 2248              		.loc 1 657 6 view .LVU622
 2249              	.LBB37:
 2250              		.loc 1 659 3 view .LVU623
 2251              		.loc 1 659 14 is_stmt 0 view .LVU624
 2252 005e 104B     		ldr	r3, .L168+32
 2253 0060 1C70     		strb	r4, [r3]
 2254              		.loc 1 660 3 is_stmt 1 view .LVU625
 2255 0062 FFF7FEFF 		bl	sendConfig
 2256              	.LVL113:
 2257              		.loc 1 660 3 is_stmt 0 view .LVU626
 2258              	.LBE37:
 2259              	.LBE36:
 2260              		.loc 1 749 5 is_stmt 1 view .LVU627
 2261              	.L163:
 2262              		.loc 1 752 3 view .LVU628
 2263 0066 06A3     		adr	r3, .L168
 2264 0068 D3E90023 		ldrd	r2, [r3]
 2265 006c 0020     		movs	r0, #0
 2266 006e FFF7FEFF 		bl	ADF4351_set_frequency
 2267              	.LVL114:
 2268              		.loc 1 753 3 view .LVU629
 2269              	.LBB38:
 2270              	.LBI38:
 2271              		.loc 1 645 6 view .LVU630
 2272              	.LBB39:
 2273              		.loc 1 647 3 view .LVU631
 2274              		.loc 1 647 7 is_stmt 0 view .LVU632
 2275 0072 0C4B     		ldr	r3, .L168+36
 2276 0074 0022     		movs	r2, #0
 2277              	.LBE39:
 2278              	.LBE38:
 2279              		.loc 1 754 1 view .LVU633
 2280 0076 BDE87040 		pop	{r4, r5, r6, lr}
ARM GAS  /tmp/ccRHyJSn.s 			page 41


 2281              		.cfi_restore 14
 2282              		.cfi_restore 6
 2283              		.cfi_restore 5
 2284              		.cfi_restore 4
 2285              		.cfi_def_cfa_offset 0
 2286              	.LBB41:
 2287              	.LBB40:
 2288              		.loc 1 647 7 view .LVU634
 2289 007a 1A80     		strh	r2, [r3]	@ movhi
 2290              		.loc 1 648 3 is_stmt 1 view .LVU635
 2291 007c FFF7FEBF 		b	sendConfig
 2292              	.LVL115:
 2293              	.L169:
 2294              		.align	3
 2295              	.L168:
 2296 0080 005ED0B2 		.word	-1294967296
 2297 0084 00000000 		.word	0
 2298 0088 00040048 		.word	1207960576
 2299 008c 00000000 		.word	si5351_available
 2300 0090 00000000 		.word	config
 2301 0094 00000000 		.word	cpCurrent
 2302 0098 00000000 		.word	max2871
 2303 009c 00000000 		.word	csr
 2304 00a0 00000000 		.word	clkDivMode
 2305 00a4 00000000 		.word	mux
 2306              	.LBE40:
 2307              	.LBE41:
 2308              		.cfi_endproc
 2309              	.LFE263:
 2310              		.size	ADF4351_Setup, .-ADF4351_Setup
 2311              		.section	.text.SI4463_wait_CTS,"ax",%progbits
 2312              		.align	1
 2313              		.global	SI4463_wait_CTS
 2314              		.syntax unified
 2315              		.thumb
 2316              		.thumb_func
 2317              		.type	SI4463_wait_CTS, %function
 2318              	SI4463_wait_CTS:
 2319              	.LFB264:
 2320              		.loc 1 1223 27 view -0
 2321              		.cfi_startproc
 2322              		@ args = 0, pretend = 0, frame = 0
 2323              		@ frame_needed = 0, uses_anonymous_args = 0
 2324              		@ link register save eliminated.
 2325              		.loc 1 1224 3 view .LVU637
 2326              	.LVL116:
 2327              		.loc 1 1225 3 view .LVU638
 2328              		.loc 1 1225 9 is_stmt 0 view .LVU639
 2329 0000 054B     		ldr	r3, .L176
 2330              		.loc 1 1225 11 view .LVU640
 2331 0002 064A     		ldr	r2, .L176+4
 2332              	.LVL117:
 2333              	.L171:
 2334              		.loc 1 1225 10 is_stmt 1 view .LVU641
 2335              		.loc 1 1225 11 is_stmt 0 view .LVU642
 2336 0004 1169     		ldr	r1, [r2, #16]
 2337              		.loc 1 1225 10 view .LVU643
ARM GAS  /tmp/ccRHyJSn.s 			page 42


 2338 0006 8905     		lsls	r1, r1, #22
 2339 0008 01D5     		bpl	.L173
 2340              		.loc 1 1230 10 view .LVU644
 2341 000a 0020     		movs	r0, #0
 2342 000c 7047     		bx	lr
 2343              	.L173:
 2344              		.loc 1 1226 5 is_stmt 1 view .LVU645
 2345              	.LVL118:
 2346              		.loc 1 1227 5 view .LVU646
 2347              		.loc 1 1227 8 is_stmt 0 view .LVU647
 2348 000e 013B     		subs	r3, r3, #1
 2349              	.LVL119:
 2350              		.loc 1 1227 8 view .LVU648
 2351 0010 F8D1     		bne	.L171
 2352              		.loc 1 1228 14 view .LVU649
 2353 0012 4FF0FF30 		mov	r0, #-1
 2354              		.loc 1 1231 1 view .LVU650
 2355 0016 7047     		bx	lr
 2356              	.L177:
 2357              		.align	2
 2358              	.L176:
 2359 0018 40420F00 		.word	1000000
 2360 001c 00040048 		.word	1207960576
 2361              		.cfi_endproc
 2362              	.LFE264:
 2363              		.size	SI4463_wait_CTS, .-SI4463_wait_CTS
 2364              		.section	.text.SI4463_do_first_api,"ax",%progbits
 2365              		.align	1
 2366              		.global	SI4463_do_first_api
 2367              		.syntax unified
 2368              		.thumb
 2369              		.thumb_func
 2370              		.type	SI4463_do_first_api, %function
 2371              	SI4463_do_first_api:
 2372              	.LVL120:
 2373              	.LFB266:
 2374              		.loc 1 1303 1 is_stmt 1 view -0
 2375              		.cfi_startproc
 2376              		@ args = 0, pretend = 0, frame = 0
 2377              		@ frame_needed = 0, uses_anonymous_args = 0
 2378              		.loc 1 1303 1 is_stmt 0 view .LVU652
 2379 0000 F8B5     		push	{r3, r4, r5, r6, r7, lr}
 2380              		.cfi_def_cfa_offset 24
 2381              		.cfi_offset 3, -24
 2382              		.cfi_offset 4, -20
 2383              		.cfi_offset 5, -16
 2384              		.cfi_offset 6, -12
 2385              		.cfi_offset 7, -8
 2386              		.cfi_offset 14, -4
 2387              		.loc 1 1303 1 view .LVU653
 2388 0002 0546     		mov	r5, r0
 2389              		.loc 1 1305 3 view .LVU654
 2390 0004 0320     		movs	r0, #3
 2391              	.LVL121:
 2392              		.loc 1 1303 1 view .LVU655
 2393 0006 0F46     		mov	r7, r1
 2394 0008 1446     		mov	r4, r2
ARM GAS  /tmp/ccRHyJSn.s 			page 43


 2395              		.loc 1 1304 3 is_stmt 1 view .LVU656
 2396              	.LVL122:
 2397              		.loc 1 1305 3 view .LVU657
 2398              		.loc 1 1303 1 is_stmt 0 view .LVU658
 2399 000a 1E46     		mov	r6, r3
 2400              		.loc 1 1305 3 view .LVU659
 2401 000c FFF7FEFF 		bl	set_SPI_mode
 2402              	.LVL123:
 2403              		.loc 1 1307 3 is_stmt 1 view .LVU660
 2404 0010 1E4B     		ldr	r3, .L200
 2405 0012 4FF48072 		mov	r2, #256
 2406 0016 5A83     		strh	r2, [r3, #26]	@ movhi
 2407              		.loc 1 1307 3 view .LVU661
 2408              		.loc 1 1307 12 view .LVU662
 2409              		.loc 1 1309 3 view .LVU663
 2410 0018 1D4B     		ldr	r3, .L200+4
 2411 001a 2F44     		add	r7, r7, r5
 2412              	.LVL124:
 2413              	.L179:
 2414              		.loc 1 1309 10 view .LVU664
 2415              		.loc 1 1309 10 is_stmt 0 view .LVU665
 2416 001c BD42     		cmp	r5, r7
 2417 001e 23D1     		bne	.L180
 2418              	.L181:
 2419              		.loc 1 1313 35 is_stmt 1 discriminator 1 view .LVU666
 2420              		.loc 1 1313 10 discriminator 1 view .LVU667
 2421 0020 9A68     		ldr	r2, [r3, #8]
 2422 0022 1206     		lsls	r2, r2, #24
 2423 0024 FCD4     		bmi	.L181
 2424              		.loc 1 1318 3 view .LVU668
 2425              		.loc 1 1318 3 view .LVU669
 2426 0026 194F     		ldr	r7, .L200
 2427 0028 4FF48073 		mov	r3, #256
 2428 002c 3B83     		strh	r3, [r7, #24]	@ movhi
 2429              		.loc 1 1318 13 view .LVU670
 2430              		.loc 1 1320 3 view .LVU671
 2431              		.loc 1 1320 5 is_stmt 0 view .LVU672
 2432 002e D4B1     		cbz	r4, .L178
 2433              		.loc 1 1322 10 view .LVU673
 2434 0030 174D     		ldr	r5, .L200+4
 2435              	.LVL125:
 2436              	.L183:
 2437              		.loc 1 1322 10 is_stmt 1 view .LVU674
 2438 0032 AB68     		ldr	r3, [r5, #8]
 2439 0034 DB07     		lsls	r3, r3, #31
 2440 0036 1ED4     		bmi	.L184
 2441              		.loc 1 1324 3 view .LVU675
 2442 0038 FFF7FEFF 		bl	SI4463_wait_CTS
 2443              	.LVL126:
 2444              		.loc 1 1326 3 view .LVU676
 2445 003c 4FF48073 		mov	r3, #256
 2446 0040 7B83     		strh	r3, [r7, #26]	@ movhi
 2447              		.loc 1 1326 3 view .LVU677
 2448              		.loc 1 1326 12 view .LVU678
 2449              		.loc 1 1328 3 view .LVU679
 2450 0042 4423     		movs	r3, #68
 2451 0044 2B73     		strb	r3, [r5, #12]
ARM GAS  /tmp/ccRHyJSn.s 			page 44


 2452              		.loc 1 1329 3 view .LVU680
 2453 0046 FF23     		movs	r3, #255
 2454 0048 2B73     		strb	r3, [r5, #12]
 2455              		.loc 1 1330 3 view .LVU681
 2456              		.loc 1 1330 10 is_stmt 0 discriminator 1 view .LVU682
 2457 004a 114B     		ldr	r3, .L200+4
 2458              	.L185:
 2459              		.loc 1 1330 10 is_stmt 1 discriminator 1 view .LVU683
 2460 004c 9A68     		ldr	r2, [r3, #8]
 2461 004e 1006     		lsls	r0, r2, #24
 2462 0050 FCD4     		bmi	.L185
 2463              		.loc 1 1331 3 view .LVU684
 2464 0052 9B89     		ldrh	r3, [r3, #12]
 2465              		.loc 1 1337 3 view .LVU685
 2466              	.LVL127:
 2467              		.loc 1 1338 3 view .LVU686
 2468              		.loc 1 1340 5 is_stmt 0 view .LVU687
 2469 0054 0E4B     		ldr	r3, .L200+4
 2470 0056 2644     		add	r6, r6, r4
 2471              	.LVL128:
 2472              		.loc 1 1340 5 view .LVU688
 2473 0058 FF22     		movs	r2, #255
 2474              	.LVL129:
 2475              	.L186:
 2476              		.loc 1 1338 10 is_stmt 1 view .LVU689
 2477              		.loc 1 1338 10 is_stmt 0 view .LVU690
 2478 005a B442     		cmp	r4, r6
 2479 005c 0DD1     		bne	.L188
 2480              		.loc 1 1347 3 is_stmt 1 view .LVU691
 2481              		.loc 1 1347 3 view .LVU692
 2482 005e 0B4B     		ldr	r3, .L200
 2483 0060 4FF48072 		mov	r2, #256
 2484 0064 1A83     		strh	r2, [r3, #24]	@ movhi
 2485              		.loc 1 1347 13 discriminator 1 view .LVU693
 2486              	.LVL130:
 2487              	.L178:
 2488              		.loc 1 1348 1 is_stmt 0 view .LVU694
 2489 0066 F8BD     		pop	{r3, r4, r5, r6, r7, pc}
 2490              	.LVL131:
 2491              	.L180:
 2492              		.loc 1 1310 12 is_stmt 1 discriminator 1 view .LVU695
 2493 0068 9A68     		ldr	r2, [r3, #8]
 2494 006a 9107     		lsls	r1, r2, #30
 2495 006c FCD5     		bpl	.L180
 2496              		.loc 1 1311 5 view .LVU696
 2497              	.LVL132:
 2498              		.loc 1 1311 5 is_stmt 0 view .LVU697
 2499 006e 15F8012B 		ldrb	r2, [r5], #1	@ zero_extendqisi2
 2500              	.LVL133:
 2501              		.loc 1 1311 5 view .LVU698
 2502 0072 1A73     		strb	r2, [r3, #12]
 2503 0074 D2E7     		b	.L179
 2504              	.LVL134:
 2505              	.L184:
 2506              		.loc 1 1323 5 is_stmt 1 view .LVU699
 2507 0076 2B7B     		ldrb	r3, [r5, #12]	@ zero_extendqisi2
 2508 0078 DBE7     		b	.L183
ARM GAS  /tmp/ccRHyJSn.s 			page 45


 2509              	.LVL135:
 2510              	.L188:
 2511              		.loc 1 1340 5 view .LVU700
 2512 007a 1A73     		strb	r2, [r3, #12]
 2513              		.loc 1 1341 5 view .LVU701
 2514              	.L187:
 2515              		.loc 1 1341 12 discriminator 1 view .LVU702
 2516 007c 9968     		ldr	r1, [r3, #8]
 2517 007e C907     		lsls	r1, r1, #31
 2518 0080 FCD5     		bpl	.L187
 2519              		.loc 1 1342 5 view .LVU703
 2520              	.LVL136:
 2521              		.loc 1 1342 14 is_stmt 0 view .LVU704
 2522 0082 197B     		ldrb	r1, [r3, #12]	@ zero_extendqisi2
 2523              		.loc 1 1342 12 view .LVU705
 2524 0084 04F8011B 		strb	r1, [r4], #1
 2525              	.LVL137:
 2526              		.loc 1 1342 12 view .LVU706
 2527 0088 E7E7     		b	.L186
 2528              	.L201:
 2529 008a 00BF     		.align	2
 2530              	.L200:
 2531 008c 00040048 		.word	1207960576
 2532 0090 00300140 		.word	1073819648
 2533              		.cfi_endproc
 2534              	.LFE266:
 2535              		.size	SI4463_do_first_api, .-SI4463_do_first_api
 2536              		.section	.text.SI4463_do_api,"ax",%progbits
 2537              		.align	1
 2538              		.global	SI4463_do_api
 2539              		.syntax unified
 2540              		.thumb
 2541              		.thumb_func
 2542              		.type	SI4463_do_api, %function
 2543              	SI4463_do_api:
 2544              	.LVL138:
 2545              	.LFB267:
 2546              		.loc 1 1352 1 is_stmt 1 view -0
 2547              		.cfi_startproc
 2548              		@ args = 0, pretend = 0, frame = 0
 2549              		@ frame_needed = 0, uses_anonymous_args = 0
 2550              		.loc 1 1352 1 is_stmt 0 view .LVU708
 2551 0000 2DE9F041 		push	{r4, r5, r6, r7, r8, lr}
 2552              		.cfi_def_cfa_offset 24
 2553              		.cfi_offset 4, -24
 2554              		.cfi_offset 5, -20
 2555              		.cfi_offset 6, -16
 2556              		.cfi_offset 7, -12
 2557              		.cfi_offset 8, -8
 2558              		.cfi_offset 14, -4
 2559              		.loc 1 1352 1 view .LVU709
 2560 0004 0546     		mov	r5, r0
 2561              		.loc 1 1354 3 view .LVU710
 2562 0006 0320     		movs	r0, #3
 2563              	.LVL139:
 2564              		.loc 1 1352 1 view .LVU711
 2565 0008 8846     		mov	r8, r1
ARM GAS  /tmp/ccRHyJSn.s 			page 46


 2566 000a 1446     		mov	r4, r2
 2567              		.loc 1 1353 3 is_stmt 1 view .LVU712
 2568              	.LVL140:
 2569              		.loc 1 1354 3 view .LVU713
 2570              		.loc 1 1352 1 is_stmt 0 view .LVU714
 2571 000c 1F46     		mov	r7, r3
 2572              		.loc 1 1354 3 view .LVU715
 2573 000e FFF7FEFF 		bl	set_SPI_mode
 2574              	.LVL141:
 2575              		.loc 1 1355 3 is_stmt 1 view .LVU716
 2576              		.loc 1 1355 7 is_stmt 0 view .LVU717
 2577 0012 FFF7FEFF 		bl	SI4463_wait_CTS
 2578              	.LVL142:
 2579              		.loc 1 1355 6 discriminator 1 view .LVU718
 2580 0016 20B1     		cbz	r0, .L203
 2581              	.LVL143:
 2582              	.L210:
 2583              		.loc 1 1355 32 discriminator 1 view .LVU719
 2584 0018 4FF0FF36 		mov	r6, #-1
 2585              	.LVL144:
 2586              	.L202:
 2587              		.loc 1 1398 1 view .LVU720
 2588 001c 3046     		mov	r0, r6
 2589 001e BDE8F081 		pop	{r4, r5, r6, r7, r8, pc}
 2590              	.LVL145:
 2591              	.L203:
 2592              		.loc 1 1356 3 view .LVU721
 2593 0022 214B     		ldr	r3, .L225
 2594 0024 4FF48072 		mov	r2, #256
 2595 0028 5A83     		strh	r2, [r3, #26]	@ movhi
 2596 002a 204B     		ldr	r3, .L225+4
 2597 002c 0646     		mov	r6, r0
 2598              		.loc 1 1356 3 is_stmt 1 view .LVU722
 2599              		.loc 1 1356 3 view .LVU723
 2600              		.loc 1 1356 12 view .LVU724
 2601              		.loc 1 1358 3 view .LVU725
 2602 002e A844     		add	r8, r8, r5
 2603              	.LVL146:
 2604              	.L205:
 2605              		.loc 1 1358 10 view .LVU726
 2606              		.loc 1 1358 10 is_stmt 0 view .LVU727
 2607 0030 4545     		cmp	r5, r8
 2608 0032 27D1     		bne	.L206
 2609              	.L207:
 2610              		.loc 1 1362 35 is_stmt 1 discriminator 1 view .LVU728
 2611              		.loc 1 1362 10 discriminator 1 view .LVU729
 2612 0034 9A68     		ldr	r2, [r3, #8]
 2613 0036 1206     		lsls	r2, r2, #24
 2614 0038 FCD4     		bmi	.L207
 2615              		.loc 1 1367 3 view .LVU730
 2616              		.loc 1 1367 3 view .LVU731
 2617 003a 1B4B     		ldr	r3, .L225
 2618 003c 4FF48072 		mov	r2, #256
 2619 0040 1A83     		strh	r2, [r3, #24]	@ movhi
 2620              		.loc 1 1367 13 view .LVU732
 2621              		.loc 1 1369 3 view .LVU733
 2622              		.loc 1 1369 5 is_stmt 0 view .LVU734
ARM GAS  /tmp/ccRHyJSn.s 			page 47


 2623 0042 002C     		cmp	r4, #0
 2624 0044 EAD0     		beq	.L202
 2625              		.loc 1 1371 10 view .LVU735
 2626 0046 194D     		ldr	r5, .L225+4
 2627              	.LVL147:
 2628              	.L208:
 2629              		.loc 1 1371 10 is_stmt 1 view .LVU736
 2630 0048 AB68     		ldr	r3, [r5, #8]
 2631 004a DB07     		lsls	r3, r3, #31
 2632 004c 21D4     		bmi	.L209
 2633              		.loc 1 1373 3 view .LVU737
 2634              		.loc 1 1373 7 is_stmt 0 view .LVU738
 2635 004e FFF7FEFF 		bl	SI4463_wait_CTS
 2636              	.LVL148:
 2637              		.loc 1 1373 6 discriminator 1 view .LVU739
 2638 0052 0028     		cmp	r0, #0
 2639 0054 E0D1     		bne	.L210
 2640              		.loc 1 1375 3 is_stmt 1 view .LVU740
 2641 0056 144B     		ldr	r3, .L225
 2642 0058 4FF48072 		mov	r2, #256
 2643 005c 5A83     		strh	r2, [r3, #26]	@ movhi
 2644              		.loc 1 1375 3 view .LVU741
 2645              		.loc 1 1375 12 view .LVU742
 2646              		.loc 1 1377 3 view .LVU743
 2647 005e 4423     		movs	r3, #68
 2648 0060 2B73     		strb	r3, [r5, #12]
 2649              		.loc 1 1378 3 view .LVU744
 2650 0062 FF23     		movs	r3, #255
 2651 0064 2B73     		strb	r3, [r5, #12]
 2652              		.loc 1 1379 3 view .LVU745
 2653              		.loc 1 1379 10 is_stmt 0 discriminator 1 view .LVU746
 2654 0066 114B     		ldr	r3, .L225+4
 2655              	.L211:
 2656              		.loc 1 1379 10 is_stmt 1 discriminator 1 view .LVU747
 2657 0068 9A68     		ldr	r2, [r3, #8]
 2658 006a 1006     		lsls	r0, r2, #24
 2659 006c FCD4     		bmi	.L211
 2660              		.loc 1 1380 3 view .LVU748
 2661 006e 9B89     		ldrh	r3, [r3, #12]
 2662              		.loc 1 1386 3 view .LVU749
 2663              	.LVL149:
 2664              		.loc 1 1387 3 view .LVU750
 2665              		.loc 1 1389 5 is_stmt 0 view .LVU751
 2666 0070 0E4B     		ldr	r3, .L225+4
 2667 0072 2744     		add	r7, r7, r4
 2668              	.LVL150:
 2669              		.loc 1 1389 5 view .LVU752
 2670 0074 FF22     		movs	r2, #255
 2671              	.LVL151:
 2672              	.L212:
 2673              		.loc 1 1387 10 is_stmt 1 view .LVU753
 2674              		.loc 1 1387 10 is_stmt 0 view .LVU754
 2675 0076 BC42     		cmp	r4, r7
 2676 0078 0DD1     		bne	.L214
 2677              		.loc 1 1396 3 is_stmt 1 view .LVU755
 2678              		.loc 1 1396 3 view .LVU756
 2679 007a 0B4B     		ldr	r3, .L225
ARM GAS  /tmp/ccRHyJSn.s 			page 48


 2680 007c 4FF48072 		mov	r2, #256
 2681 0080 1A83     		strh	r2, [r3, #24]	@ movhi
 2682              		.loc 1 1396 13 view .LVU757
 2683              		.loc 1 1397 3 view .LVU758
 2684              		.loc 1 1397 10 is_stmt 0 view .LVU759
 2685 0082 CBE7     		b	.L202
 2686              	.LVL152:
 2687              	.L206:
 2688              		.loc 1 1359 12 is_stmt 1 discriminator 1 view .LVU760
 2689 0084 9A68     		ldr	r2, [r3, #8]
 2690 0086 9107     		lsls	r1, r2, #30
 2691 0088 FCD5     		bpl	.L206
 2692              		.loc 1 1360 5 view .LVU761
 2693              	.LVL153:
 2694              		.loc 1 1360 5 is_stmt 0 view .LVU762
 2695 008a 15F8012B 		ldrb	r2, [r5], #1	@ zero_extendqisi2
 2696              	.LVL154:
 2697              		.loc 1 1360 5 view .LVU763
 2698 008e 1A73     		strb	r2, [r3, #12]
 2699 0090 CEE7     		b	.L205
 2700              	.LVL155:
 2701              	.L209:
 2702              		.loc 1 1372 5 is_stmt 1 view .LVU764
 2703 0092 2B7B     		ldrb	r3, [r5, #12]	@ zero_extendqisi2
 2704 0094 D8E7     		b	.L208
 2705              	.LVL156:
 2706              	.L214:
 2707              		.loc 1 1389 5 view .LVU765
 2708 0096 1A73     		strb	r2, [r3, #12]
 2709              		.loc 1 1390 5 view .LVU766
 2710              	.L213:
 2711              		.loc 1 1390 12 discriminator 1 view .LVU767
 2712 0098 9968     		ldr	r1, [r3, #8]
 2713 009a C907     		lsls	r1, r1, #31
 2714 009c FCD5     		bpl	.L213
 2715              		.loc 1 1391 5 view .LVU768
 2716              	.LVL157:
 2717              		.loc 1 1391 14 is_stmt 0 view .LVU769
 2718 009e 197B     		ldrb	r1, [r3, #12]	@ zero_extendqisi2
 2719              		.loc 1 1391 12 view .LVU770
 2720 00a0 04F8011B 		strb	r1, [r4], #1
 2721              	.LVL158:
 2722              		.loc 1 1391 12 view .LVU771
 2723 00a4 E7E7     		b	.L212
 2724              	.L226:
 2725 00a6 00BF     		.align	2
 2726              	.L225:
 2727 00a8 00040048 		.word	1207960576
 2728 00ac 00300140 		.word	1073819648
 2729              		.cfi_endproc
 2730              	.LFE267:
 2731              		.size	SI4463_do_api, .-SI4463_do_api
 2732              		.section	.text.SI4463_set_state,"ax",%progbits
 2733              		.align	1
 2734              		.syntax unified
 2735              		.thumb
 2736              		.thumb_func
ARM GAS  /tmp/ccRHyJSn.s 			page 49


 2737              		.type	SI4463_set_state, %function
 2738              	SI4463_set_state:
 2739              	.LVL159:
 2740              	.LFB268:
 2741              		.loc 1 1468 1 is_stmt 1 view -0
 2742              		.cfi_startproc
 2743              		@ args = 0, pretend = 0, frame = 8
 2744              		@ frame_needed = 0, uses_anonymous_args = 0
 2745              		.loc 1 1469 3 view .LVU773
 2746              		.loc 1 1468 1 is_stmt 0 view .LVU774
 2747 0000 07B5     		push	{r0, r1, r2, lr}
 2748              		.cfi_def_cfa_offset 16
 2749              		.cfi_offset 14, -4
 2750              		.loc 1 1469 11 view .LVU775
 2751 0002 3423     		movs	r3, #52
 2752 0004 8DF80430 		strb	r3, [sp, #4]
 2753              		.loc 1 1473 10 view .LVU776
 2754 0008 0023     		movs	r3, #0
 2755              		.loc 1 1469 11 view .LVU777
 2756 000a 8DF80500 		strb	r0, [sp, #5]
 2757              		.loc 1 1473 3 is_stmt 1 view .LVU778
 2758              		.loc 1 1473 10 is_stmt 0 view .LVU779
 2759 000e 1A46     		mov	r2, r3
 2760 0010 0221     		movs	r1, #2
 2761 0012 01A8     		add	r0, sp, #4
 2762              	.LVL160:
 2763              		.loc 1 1473 10 view .LVU780
 2764 0014 FFF7FEFF 		bl	SI4463_do_api
 2765              	.LVL161:
 2766              		.loc 1 1474 1 view .LVU781
 2767 0018 03B0     		add	sp, sp, #12
 2768              		.cfi_def_cfa_offset 4
 2769              		@ sp needed
 2770 001a 5DF804FB 		ldr	pc, [sp], #4
 2771              		.cfi_endproc
 2772              	.LFE268:
 2773              		.size	SI4463_set_state, .-SI4463_set_state
 2774              		.section	.text.SI4463_set_offset,"ax",%progbits
 2775              		.align	1
 2776              		.syntax unified
 2777              		.thumb
 2778              		.thumb_func
 2779              		.type	SI4463_set_offset, %function
 2780              	SI4463_set_offset:
 2781              	.LVL162:
 2782              	.LFB282:
 2783              		.loc 1 1821 46 is_stmt 1 view -0
 2784              		.cfi_startproc
 2785              		@ args = 0, pretend = 0, frame = 8
 2786              		@ frame_needed = 0, uses_anonymous_args = 0
 2787              		.loc 1 1831 3 view .LVU783
 2788              		.loc 1 1821 46 is_stmt 0 view .LVU784
 2789 0000 13B5     		push	{r0, r1, r4, lr}
 2790              		.cfi_def_cfa_offset 16
 2791              		.cfi_offset 4, -8
 2792              		.cfi_offset 14, -4
 2793              		.loc 1 1831 11 view .LVU785
ARM GAS  /tmp/ccRHyJSn.s 			page 50


 2794 0002 0B4B     		ldr	r3, .L231
 2795 0004 0093     		str	r3, [sp]
 2796 0006 43BA     		rev16	r3, r0
 2797 0008 ADF80430 		strh	r3, [sp, #4]	@ movhi
 2798              		.loc 1 1839 3 is_stmt 1 view .LVU786
 2799 000c 0023     		movs	r3, #0
 2800 000e 1A46     		mov	r2, r3
 2801              		.loc 1 1821 46 is_stmt 0 view .LVU787
 2802 0010 0446     		mov	r4, r0
 2803              		.loc 1 1839 3 view .LVU788
 2804 0012 0621     		movs	r1, #6
 2805 0014 6846     		mov	r0, sp
 2806              	.LVL163:
 2807              		.loc 1 1839 3 view .LVU789
 2808 0016 FFF7FEFF 		bl	SI4463_do_api
 2809              	.LVL164:
 2810              		.loc 1 1840 3 is_stmt 1 view .LVU790
 2811              		.loc 1 1840 25 is_stmt 0 view .LVU791
 2812 001a 064B     		ldr	r3, .L231+4
 2813 001c 0122     		movs	r2, #1
 2814 001e 1A70     		strb	r2, [r3]
 2815              		.loc 1 1841 3 is_stmt 1 view .LVU792
 2816              		.loc 1 1841 34 is_stmt 0 view .LVU793
 2817 0020 003C     		subs	r4, r4, #0
 2818              		.loc 1 1841 34 view .LVU794
 2819 0022 054B     		ldr	r3, .L231+8
 2820 0024 18BF     		it	ne
 2821 0026 0124     		movne	r4, #1
 2822              	.LVL165:
 2823              		.loc 1 1841 34 view .LVU795
 2824 0028 1C70     		strb	r4, [r3]
 2825              		.loc 1 1842 1 view .LVU796
 2826 002a 02B0     		add	sp, sp, #8
 2827              		.cfi_def_cfa_offset 8
 2828              		@ sp needed
 2829 002c 10BD     		pop	{r4, pc}
 2830              	.L232:
 2831 002e 00BF     		.align	2
 2832              	.L231:
 2833 0030 1120020D 		.word	218243089
 2834 0034 00000000 		.word	SI4463_offset_changed
 2835 0038 00000000 		.word	SI4463_offset_active
 2836              		.cfi_endproc
 2837              	.LFE282:
 2838              		.size	SI4463_set_offset, .-SI4463_set_offset
 2839              		.section	.text.Si446x_readRSSI,"ax",%progbits
 2840              		.align	1
 2841              		.syntax unified
 2842              		.thumb
 2843              		.thumb_func
 2844              		.type	Si446x_readRSSI, %function
 2845              	Si446x_readRSSI:
 2846              	.LFB285:
 2847              		.loc 1 1861 34 is_stmt 1 view -0
 2848              		.cfi_startproc
 2849              		@ args = 0, pretend = 0, frame = 8
 2850              		@ frame_needed = 0, uses_anonymous_args = 0
ARM GAS  /tmp/ccRHyJSn.s 			page 51


 2851              		.loc 1 1862 3 view .LVU798
 2852              		.loc 1 1908 3 view .LVU799
 2853              		.loc 1 1909 3 view .LVU800
 2854              		.loc 1 1861 34 is_stmt 0 view .LVU801
 2855 0000 07B5     		push	{r0, r1, r2, lr}
 2856              		.cfi_def_cfa_offset 16
 2857              		.cfi_offset 14, -4
 2858              		.loc 1 1909 11 view .LVU802
 2859 0002 2223     		movs	r3, #34
 2860              		.loc 1 1910 3 view .LVU803
 2861 0004 01AA     		add	r2, sp, #4
 2862              		.loc 1 1909 11 view .LVU804
 2863 0006 8DF80430 		strb	r3, [sp, #4]
 2864              		.loc 1 1910 3 is_stmt 1 view .LVU805
 2865 000a 0121     		movs	r1, #1
 2866 000c 0323     		movs	r3, #3
 2867 000e 1046     		mov	r0, r2
 2868 0010 FFF7FEFF 		bl	SI4463_do_api
 2869              	.LVL166:
 2870              		.loc 1 1911 3 view .LVU806
 2871              		.loc 1 1911 8 is_stmt 0 view .LVU807
 2872 0014 9DF80600 		ldrb	r0, [sp, #6]	@ zero_extendqisi2
 2873              	.LVL167:
 2874              		.loc 1 1912 3 is_stmt 1 view .LVU808
 2875              		.loc 1 1912 6 is_stmt 0 view .LVU809
 2876 0018 C528     		cmp	r0, #197
 2877              		.loc 1 1913 5 is_stmt 1 view .LVU810
 2878              		.loc 1 1913 10 is_stmt 0 view .LVU811
 2879 001a 84BF     		itt	hi
 2880 001c 00F1FF30 		addhi	r0, r0, #-1
 2881              	.LVL168:
 2882              		.loc 1 1913 10 view .LVU812
 2883 0020 C0B2     		uxtbhi	r0, r0
 2884              	.LVL169:
 2885              		.loc 1 1915 3 is_stmt 1 view .LVU813
 2886              		.loc 1 1916 1 is_stmt 0 view .LVU814
 2887 0022 03B0     		add	sp, sp, #12
 2888              		.cfi_def_cfa_offset 4
 2889              		@ sp needed
 2890 0024 5DF804FB 		ldr	pc, [sp], #4
 2891              		.cfi_endproc
 2892              	.LFE285:
 2893              		.size	Si446x_readRSSI, .-Si446x_readRSSI
 2894              		.section	.text.SI4463_refresh_gpio,"ax",%progbits
 2895              		.align	1
 2896              		.global	SI4463_refresh_gpio
 2897              		.syntax unified
 2898              		.thumb
 2899              		.thumb_func
 2900              		.type	SI4463_refresh_gpio, %function
 2901              	SI4463_refresh_gpio:
 2902              	.LFB269:
 2903              		.loc 1 1485 1 is_stmt 1 view -0
 2904              		.cfi_startproc
 2905              		@ args = 0, pretend = 0, frame = 8
 2906              		@ frame_needed = 0, uses_anonymous_args = 0
 2907              		.loc 1 1486 3 view .LVU816
ARM GAS  /tmp/ccRHyJSn.s 			page 52


 2908              		.loc 1 1485 1 is_stmt 0 view .LVU817
 2909 0000 07B5     		push	{r0, r1, r2, lr}
 2910              		.cfi_def_cfa_offset 16
 2911              		.cfi_offset 14, -4
 2912              		.loc 1 1486 11 view .LVU818
 2913 0002 1323     		movs	r3, #19
 2914 0004 8DF80030 		strb	r3, [sp]
 2915              		.loc 1 1488 15 view .LVU819
 2916 0008 0D4B     		ldr	r3, .L238
 2917              		.loc 1 1486 11 view .LVU820
 2918 000a 1A78     		ldrb	r2, [r3]	@ zero_extendqisi2
 2919 000c 8DF80120 		strb	r2, [sp, #1]
 2920 0010 5A78     		ldrb	r2, [r3, #1]	@ zero_extendqisi2
 2921 0012 8DF80220 		strb	r2, [sp, #2]
 2922 0016 9A78     		ldrb	r2, [r3, #2]	@ zero_extendqisi2
 2923 0018 8DF80320 		strb	r2, [sp, #3]
 2924 001c DA78     		ldrb	r2, [r3, #3]	@ zero_extendqisi2
 2925 001e 1B79     		ldrb	r3, [r3, #4]	@ zero_extendqisi2
 2926 0020 8DF80530 		strb	r3, [sp, #5]
 2927 0024 0023     		movs	r3, #0
 2928 0026 8DF80420 		strb	r2, [sp, #4]
 2929              		.loc 1 1496 10 view .LVU821
 2930 002a 0821     		movs	r1, #8
 2931 002c 1A46     		mov	r2, r3
 2932 002e 6846     		mov	r0, sp
 2933              		.loc 1 1486 11 view .LVU822
 2934 0030 ADF80630 		strh	r3, [sp, #6]	@ movhi
 2935              		.loc 1 1496 3 is_stmt 1 view .LVU823
 2936              		.loc 1 1496 10 is_stmt 0 view .LVU824
 2937 0034 FFF7FEFF 		bl	SI4463_do_api
 2938              	.LVL170:
 2939              		.loc 1 1497 1 view .LVU825
 2940 0038 03B0     		add	sp, sp, #12
 2941              		.cfi_def_cfa_offset 4
 2942              		@ sp needed
 2943 003a 5DF804FB 		ldr	pc, [sp], #4
 2944              	.L239:
 2945 003e 00BF     		.align	2
 2946              	.L238:
 2947 0040 00000000 		.word	gpio_state
 2948              		.cfi_endproc
 2949              	.LFE269:
 2950              		.size	SI4463_refresh_gpio, .-SI4463_refresh_gpio
 2951              		.section	.text.SI4463_set_gpio,"ax",%progbits
 2952              		.align	1
 2953              		.global	SI4463_set_gpio
 2954              		.syntax unified
 2955              		.thumb
 2956              		.thumb_func
 2957              		.type	SI4463_set_gpio, %function
 2958              	SI4463_set_gpio:
 2959              	.LVL171:
 2960              	.LFB270:
 2961              		.loc 1 1500 1 is_stmt 1 view -0
 2962              		.cfi_startproc
 2963              		@ args = 0, pretend = 0, frame = 0
 2964              		@ frame_needed = 0, uses_anonymous_args = 0
ARM GAS  /tmp/ccRHyJSn.s 			page 53


 2965              		@ link register save eliminated.
 2966              		.loc 1 1501 3 view .LVU827
 2967              		.loc 1 1501 17 is_stmt 0 view .LVU828
 2968 0000 034B     		ldr	r3, .L242
 2969 0002 1A5C     		ldrb	r2, [r3, r0]	@ zero_extendqisi2
 2970              		.loc 1 1501 6 view .LVU829
 2971 0004 8A42     		cmp	r2, r1
 2972 0006 02D0     		beq	.L240
 2973              		.loc 1 1503 3 is_stmt 1 view .LVU830
 2974              		.loc 1 1503 17 is_stmt 0 view .LVU831
 2975 0008 1954     		strb	r1, [r3, r0]
 2976              		.loc 1 1508 3 is_stmt 1 view .LVU832
 2977 000a FFF7FEBF 		b	SI4463_refresh_gpio
 2978              	.LVL172:
 2979              	.L240:
 2980              		.loc 1 1509 1 is_stmt 0 view .LVU833
 2981 000e 7047     		bx	lr
 2982              	.L243:
 2983              		.align	2
 2984              	.L242:
 2985 0010 00000000 		.word	gpio_state
 2986              		.cfi_endproc
 2987              	.LFE270:
 2988              		.size	SI4463_set_gpio, .-SI4463_set_gpio
 2989              		.section	.text.SI4463_set_output_level,"ax",%progbits
 2990              		.align	1
 2991              		.global	SI4463_set_output_level
 2992              		.syntax unified
 2993              		.thumb
 2994              		.thumb_func
 2995              		.type	SI4463_set_output_level, %function
 2996              	SI4463_set_output_level:
 2997              	.LVL173:
 2998              	.LFB271:
 2999              		.loc 1 1524 1 is_stmt 1 view -0
 3000              		.cfi_startproc
 3001              		@ args = 0, pretend = 0, frame = 8
 3002              		@ frame_needed = 0, uses_anonymous_args = 0
 3003              		.loc 1 1525 3 view .LVU835
 3004              		.loc 1 1525 23 is_stmt 0 view .LVU836
 3005 0000 0B4B     		ldr	r3, .L253
 3006 0002 1860     		str	r0, [r3]
 3007              		.loc 1 1526 3 is_stmt 1 view .LVU837
 3008              		.loc 1 1526 7 is_stmt 0 view .LVU838
 3009 0004 0B4B     		ldr	r3, .L253+4
 3010              		.loc 1 1526 6 view .LVU839
 3011 0006 1B78     		ldrb	r3, [r3]	@ zero_extendqisi2
 3012 0008 8BB1     		cbz	r3, .L250
 3013              	.LBB42:
 3014              		.loc 1 1529 7 is_stmt 1 view .LVU840
 3015              	.LBE42:
 3016              		.loc 1 1524 1 is_stmt 0 view .LVU841
 3017 000a 07B5     		push	{r0, r1, r2, lr}
 3018              		.cfi_def_cfa_offset 16
 3019              		.cfi_offset 14, -4
 3020              	.LBB43:
 3021              		.loc 1 1529 15 view .LVU842
ARM GAS  /tmp/ccRHyJSn.s 			page 54


 3022 000c 0A4B     		ldr	r3, .L253+8
 3023 000e 0093     		str	r3, [sp]
 3024 0010 0023     		movs	r3, #0
 3025 0012 0821     		movs	r1, #8
 3026              		.loc 1 1532 8 view .LVU843
 3027 0014 8DF80500 		strb	r0, [sp, #5]
 3028              		.loc 1 1536 7 view .LVU844
 3029 0018 1A46     		mov	r2, r3
 3030 001a 6846     		mov	r0, sp
 3031              	.LVL174:
 3032              		.loc 1 1529 15 view .LVU845
 3033 001c 8DF80410 		strb	r1, [sp, #4]
 3034 0020 ADF80630 		strh	r3, [sp, #6]	@ movhi
 3035              		.loc 1 1536 7 is_stmt 1 view .LVU846
 3036 0024 FFF7FEFF 		bl	SI4463_do_api
 3037              	.LVL175:
 3038              		.loc 1 1536 7 is_stmt 0 view .LVU847
 3039              	.LBE43:
 3040              		.loc 1 1542 1 view .LVU848
 3041 0028 03B0     		add	sp, sp, #12
 3042              		.cfi_def_cfa_offset 4
 3043              		@ sp needed
 3044 002a 5DF804FB 		ldr	pc, [sp], #4
 3045              	.LVL176:
 3046              	.L250:
 3047              		.cfi_def_cfa_offset 0
 3048              		.cfi_restore 14
 3049              		.loc 1 1542 1 view .LVU849
 3050 002e 7047     		bx	lr
 3051              	.L254:
 3052              		.align	2
 3053              	.L253:
 3054 0030 00000000 		.word	SI4463_output_level
 3055 0034 00000000 		.word	SI4463_in_tx_mode
 3056 0038 11220400 		.word	270865
 3057              		.cfi_endproc
 3058              	.LFE271:
 3059              		.size	SI4463_set_output_level, .-SI4463_set_output_level
 3060              		.section	.text.SI4463_start_tx,"ax",%progbits
 3061              		.align	1
 3062              		.global	SI4463_start_tx
 3063              		.syntax unified
 3064              		.thumb
 3065              		.thumb_func
 3066              		.type	SI4463_start_tx, %function
 3067              	SI4463_start_tx:
 3068              	.LVL177:
 3069              	.LFB272:
 3070              		.loc 1 1544 1 is_stmt 1 view -0
 3071              		.cfi_startproc
 3072              		@ args = 0, pretend = 0, frame = 8
 3073              		@ frame_needed = 0, uses_anonymous_args = 0
 3074              	.LBB44:
 3075              		.loc 1 1559 5 view .LVU851
 3076              	.LBE44:
 3077              		.loc 1 1544 1 is_stmt 0 view .LVU852
 3078 0000 37B5     		push	{r0, r1, r2, r4, r5, lr}
ARM GAS  /tmp/ccRHyJSn.s 			page 55


 3079              		.cfi_def_cfa_offset 24
 3080              		.cfi_offset 4, -12
 3081              		.cfi_offset 5, -8
 3082              		.cfi_offset 14, -4
 3083              	.LBB45:
 3084              		.loc 1 1559 13 view .LVU853
 3085 0002 1B4B     		ldr	r3, .L257
 3086 0004 0093     		str	r3, [sp]
 3087 0006 0024     		movs	r4, #0
 3088              	.LBE45:
 3089              		.loc 1 1544 1 view .LVU854
 3090 0008 0546     		mov	r5, r0
 3091              	.LBB46:
 3092              		.loc 1 1563 5 view .LVU855
 3093 000a 2346     		mov	r3, r4
 3094 000c 2246     		mov	r2, r4
 3095 000e 0521     		movs	r1, #5
 3096 0010 6846     		mov	r0, sp
 3097              	.LVL178:
 3098              		.loc 1 1559 13 view .LVU856
 3099 0012 8DF80440 		strb	r4, [sp, #4]
 3100              		.loc 1 1563 5 is_stmt 1 view .LVU857
 3101 0016 FFF7FEFF 		bl	SI4463_do_api
 3102              	.LVL179:
 3103              	.LBE46:
 3104              	.LBB47:
 3105              		.loc 1 1568 5 view .LVU858
 3106              		.loc 1 1568 13 is_stmt 0 view .LVU859
 3107 001a 164B     		ldr	r3, .L257+4
 3108 001c 0093     		str	r3, [sp]
 3109              		.loc 1 1571 6 view .LVU860
 3110 001e 164B     		ldr	r3, .L257+8
 3111              		.loc 1 1568 13 view .LVU861
 3112 0020 ADF80640 		strh	r4, [sp, #6]	@ movhi
 3113              		.loc 1 1575 5 is_stmt 1 view .LVU862
 3114              		.loc 1 1571 6 is_stmt 0 view .LVU863
 3115 0024 1B68     		ldr	r3, [r3]
 3116 0026 8DF80530 		strb	r3, [sp, #5]
 3117              		.loc 1 1568 13 view .LVU864
 3118 002a 0821     		movs	r1, #8
 3119              		.loc 1 1575 5 view .LVU865
 3120 002c 2346     		mov	r3, r4
 3121 002e 2246     		mov	r2, r4
 3122 0030 6846     		mov	r0, sp
 3123              		.loc 1 1568 13 view .LVU866
 3124 0032 8DF80410 		strb	r1, [sp, #4]
 3125              		.loc 1 1575 5 view .LVU867
 3126 0036 FFF7FEFF 		bl	SI4463_do_api
 3127              	.LVL180:
 3128              	.LBE47:
 3129              	.LBB48:
 3130              		.loc 1 1580 5 is_stmt 1 view .LVU868
 3131              		.loc 1 1580 13 is_stmt 0 view .LVU869
 3132 003a 3123     		movs	r3, #49
 3133 003c 8DF80030 		strb	r3, [sp]
 3134              		.loc 1 1590 5 view .LVU870
 3135 0040 2246     		mov	r2, r4
ARM GAS  /tmp/ccRHyJSn.s 			page 56


 3136 0042 2346     		mov	r3, r4
 3137 0044 0721     		movs	r1, #7
 3138 0046 6846     		mov	r0, sp
 3139              		.loc 1 1580 13 view .LVU871
 3140 0048 8DF80150 		strb	r5, [sp, #1]
 3141 004c ADF80240 		strh	r4, [sp, #2]	@ movhi
 3142 0050 ADF80440 		strh	r4, [sp, #4]	@ movhi
 3143 0054 8DF80640 		strb	r4, [sp, #6]
 3144              		.loc 1 1590 5 is_stmt 1 view .LVU872
 3145 0058 FFF7FEFF 		bl	SI4463_do_api
 3146              	.LVL181:
 3147              	.LBE48:
 3148              		.loc 1 1592 3 view .LVU873
 3149              		.loc 1 1592 21 is_stmt 0 view .LVU874
 3150 005c 074B     		ldr	r3, .L257+12
 3151 005e 0122     		movs	r2, #1
 3152              		.loc 1 1593 3 view .LVU875
 3153 0060 4FF47A70 		mov	r0, #1000
 3154              		.loc 1 1592 21 view .LVU876
 3155 0064 1A70     		strb	r2, [r3]
 3156              		.loc 1 1593 3 is_stmt 1 view .LVU877
 3157              		.loc 1 1602 1 is_stmt 0 view .LVU878
 3158 0066 03B0     		add	sp, sp, #12
 3159              		.cfi_def_cfa_offset 12
 3160              		@ sp needed
 3161 0068 BDE83040 		pop	{r4, r5, lr}
 3162              		.cfi_restore 14
 3163              		.cfi_restore 5
 3164              		.cfi_restore 4
 3165              		.cfi_def_cfa_offset 0
 3166              	.LVL182:
 3167              		.loc 1 1593 3 view .LVU879
 3168 006c FFF7FEBF 		b	my_microsecond_delay
 3169              	.LVL183:
 3170              	.L258:
 3171              		.align	2
 3172              	.L257:
 3173 0070 11200100 		.word	73745
 3174 0074 11220400 		.word	270865
 3175 0078 00000000 		.word	SI4463_output_level
 3176 007c 00000000 		.word	SI4463_in_tx_mode
 3177              		.cfi_endproc
 3178              	.LFE272:
 3179              		.size	SI4463_start_tx, .-SI4463_start_tx
 3180              		.section	.text.SI4463_short_start_rx,"ax",%progbits
 3181              		.align	1
 3182              		.global	SI4463_short_start_rx
 3183              		.syntax unified
 3184              		.thumb
 3185              		.thumb_func
 3186              		.type	SI4463_short_start_rx, %function
 3187              	SI4463_short_start_rx:
 3188              	.LFB274:
 3189              		.loc 1 1669 1 is_stmt 1 view -0
 3190              		.cfi_startproc
 3191              		@ args = 0, pretend = 0, frame = 8
 3192              		@ frame_needed = 0, uses_anonymous_args = 0
ARM GAS  /tmp/ccRHyJSn.s 			page 57


 3193              		.loc 1 1670 3 view .LVU881
 3194              		.loc 1 1669 1 is_stmt 0 view .LVU882
 3195 0000 07B5     		push	{r0, r1, r2, lr}
 3196              		.cfi_def_cfa_offset 16
 3197              		.cfi_offset 14, -4
 3198              		.loc 1 1670 11 view .LVU883
 3199 0002 3223     		movs	r3, #50
 3200 0004 8DF80430 		strb	r3, [sp, #4]
 3201              		.loc 1 1673 3 is_stmt 1 view .LVU884
 3202 0008 0023     		movs	r3, #0
 3203 000a 1A46     		mov	r2, r3
 3204 000c 0121     		movs	r1, #1
 3205 000e 01A8     		add	r0, sp, #4
 3206 0010 FFF7FEFF 		bl	SI4463_do_api
 3207              	.LVL184:
 3208              		.loc 1 1674 3 view .LVU885
 3209              		.loc 1 1674 21 is_stmt 0 view .LVU886
 3210 0014 024B     		ldr	r3, .L261
 3211 0016 0022     		movs	r2, #0
 3212 0018 1A70     		strb	r2, [r3]
 3213              		.loc 1 1675 1 view .LVU887
 3214 001a 03B0     		add	sp, sp, #12
 3215              		.cfi_def_cfa_offset 4
 3216              		@ sp needed
 3217 001c 5DF804FB 		ldr	pc, [sp], #4
 3218              	.L262:
 3219              		.align	2
 3220              	.L261:
 3221 0020 00000000 		.word	SI4463_in_tx_mode
 3222              		.cfi_endproc
 3223              	.LFE274:
 3224              		.size	SI4463_short_start_rx, .-SI4463_short_start_rx
 3225              		.section	.text.SI4463_clear_int_status,"ax",%progbits
 3226              		.align	1
 3227              		.global	SI4463_clear_int_status
 3228              		.syntax unified
 3229              		.thumb
 3230              		.thumb_func
 3231              		.type	SI4463_clear_int_status, %function
 3232              	SI4463_clear_int_status:
 3233              	.LFB275:
 3234              		.loc 1 1678 1 is_stmt 1 view -0
 3235              		.cfi_startproc
 3236              		@ args = 0, pretend = 0, frame = 16
 3237              		@ frame_needed = 0, uses_anonymous_args = 0
 3238              		.loc 1 1679 3 view .LVU889
 3239              		.loc 1 1678 1 is_stmt 0 view .LVU890
 3240 0000 1FB5     		push	{r0, r1, r2, r3, r4, lr}
 3241              		.cfi_def_cfa_offset 24
 3242              		.cfi_offset 14, -4
 3243              		.loc 1 1679 11 view .LVU891
 3244 0002 0023     		movs	r3, #0
 3245 0004 2022     		movs	r2, #32
 3246 0006 CDE90123 		strd	r2, r3, [sp, #4]
 3247              		.loc 1 1682 3 view .LVU892
 3248 000a 01AA     		add	r2, sp, #4
 3249              		.loc 1 1679 11 view .LVU893
ARM GAS  /tmp/ccRHyJSn.s 			page 58


 3250 000c 8DF80C30 		strb	r3, [sp, #12]
 3251              		.loc 1 1682 3 is_stmt 1 view .LVU894
 3252 0010 0121     		movs	r1, #1
 3253 0012 0823     		movs	r3, #8
 3254 0014 1046     		mov	r0, r2
 3255 0016 FFF7FEFF 		bl	SI4463_do_api
 3256              	.LVL185:
 3257              		.loc 1 1684 1 is_stmt 0 view .LVU895
 3258 001a 05B0     		add	sp, sp, #20
 3259              		.cfi_def_cfa_offset 4
 3260              		@ sp needed
 3261 001c 5DF804FB 		ldr	pc, [sp], #4
 3262              		.cfi_endproc
 3263              	.LFE275:
 3264              		.size	SI4463_clear_int_status, .-SI4463_clear_int_status
 3265              		.section	.text.set_calibration_freq,"ax",%progbits
 3266              		.align	1
 3267              		.global	set_calibration_freq
 3268              		.syntax unified
 3269              		.thumb
 3270              		.thumb_func
 3271              		.type	set_calibration_freq, %function
 3272              	set_calibration_freq:
 3273              	.LVL186:
 3274              	.LFB276:
 3275              		.loc 1 1687 1 is_stmt 1 view -0
 3276              		.cfi_startproc
 3277              		@ args = 0, pretend = 0, frame = 8
 3278              		@ frame_needed = 0, uses_anonymous_args = 0
 3279              		.loc 1 1688 3 view .LVU897
 3280              		.loc 1 1687 1 is_stmt 0 view .LVU898
 3281 0000 13B5     		push	{r0, r1, r4, lr}
 3282              		.cfi_def_cfa_offset 16
 3283              		.cfi_offset 4, -8
 3284              		.cfi_offset 14, -4
 3285              		.loc 1 1688 6 view .LVU899
 3286 0002 041E     		subs	r4, r0, #0
 3287 0004 12DB     		blt	.L266
 3288              	.LBB49:
 3289              		.loc 1 1689 5 is_stmt 1 view .LVU900
 3290 0006 0721     		movs	r1, #7
 3291 0008 0020     		movs	r0, #0
 3292              	.LVL187:
 3293              		.loc 1 1689 5 is_stmt 0 view .LVU901
 3294 000a FFF7FEFF 		bl	SI4463_set_gpio
 3295              	.LVL188:
 3296              		.loc 1 1690 5 is_stmt 1 view .LVU902
 3297              		.loc 1 1690 13 is_stmt 0 view .LVU903
 3298 000e 0B4B     		ldr	r3, .L270
 3299 0010 0093     		str	r3, [sp]
 3300              		.loc 1 1692 11 view .LVU904
 3301 0012 E000     		lsls	r0, r4, #3
 3302              		.loc 1 1694 5 view .LVU905
 3303 0014 0023     		movs	r3, #0
 3304              		.loc 1 1692 11 view .LVU906
 3305 0016 40F04000 		orr	r0, r0, #64
 3306              		.loc 1 1690 13 view .LVU907
ARM GAS  /tmp/ccRHyJSn.s 			page 59


 3307 001a 8DF80400 		strb	r0, [sp, #4]
 3308              		.loc 1 1694 5 is_stmt 1 view .LVU908
 3309 001e 1A46     		mov	r2, r3
 3310 0020 0521     		movs	r1, #5
 3311 0022 6846     		mov	r0, sp
 3312 0024 FFF7FEFF 		bl	SI4463_do_api
 3313              	.LVL189:
 3314              	.LBE49:
 3315              		.loc 1 1698 1 is_stmt 0 view .LVU909
 3316 0028 02B0     		add	sp, sp, #8
 3317              		.cfi_remember_state
 3318              		.cfi_def_cfa_offset 8
 3319              		@ sp needed
 3320 002a 10BD     		pop	{r4, pc}
 3321              	.LVL190:
 3322              	.L266:
 3323              		.cfi_restore_state
 3324              		.loc 1 1696 5 is_stmt 1 view .LVU910
 3325 002c 0121     		movs	r1, #1
 3326 002e 0020     		movs	r0, #0
 3327              	.LVL191:
 3328              		.loc 1 1698 1 is_stmt 0 view .LVU911
 3329 0030 02B0     		add	sp, sp, #8
 3330              		.cfi_def_cfa_offset 8
 3331              		@ sp needed
 3332 0032 BDE81040 		pop	{r4, lr}
 3333              		.cfi_restore 14
 3334              		.cfi_restore 4
 3335              		.cfi_def_cfa_offset 0
 3336              	.LVL192:
 3337              		.loc 1 1696 5 view .LVU912
 3338 0036 FFF7FEBF 		b	SI4463_set_gpio
 3339              	.LVL193:
 3340              	.L271:
 3341 003a 00BF     		.align	2
 3342              	.L270:
 3343 003c 11000101 		.word	16842769
 3344              		.cfi_endproc
 3345              	.LFE276:
 3346              		.size	set_calibration_freq, .-set_calibration_freq
 3347              		.section	.text.Si446x_getInfo,"ax",%progbits
 3348              		.align	1
 3349              		.global	Si446x_getInfo
 3350              		.syntax unified
 3351              		.thumb
 3352              		.thumb_func
 3353              		.type	Si446x_getInfo, %function
 3354              	Si446x_getInfo:
 3355              	.LVL194:
 3356              	.LFB277:
 3357              		.loc 1 1703 1 is_stmt 1 view -0
 3358              		.cfi_startproc
 3359              		@ args = 0, pretend = 0, frame = 8
 3360              		@ frame_needed = 0, uses_anonymous_args = 0
 3361              		.loc 1 1704 3 view .LVU914
 3362              		.loc 1 1703 1 is_stmt 0 view .LVU915
 3363 0000 37B5     		push	{r0, r1, r2, r4, r5, lr}
ARM GAS  /tmp/ccRHyJSn.s 			page 60


 3364              		.cfi_def_cfa_offset 24
 3365              		.cfi_offset 4, -12
 3366              		.cfi_offset 5, -8
 3367              		.cfi_offset 14, -4
 3368              		.loc 1 1704 11 view .LVU916
 3369 0002 0023     		movs	r3, #0
 3370 0004 0125     		movs	r5, #1
 3371              		.loc 1 1703 1 view .LVU917
 3372 0006 0446     		mov	r4, r0
 3373              		.loc 1 1704 11 view .LVU918
 3374 0008 CDE90053 		strd	r5, r3, [sp]
 3375              		.loc 1 1705 3 is_stmt 1 view .LVU919
 3376 000c 6A46     		mov	r2, sp
 3377 000e 2946     		mov	r1, r5
 3378 0010 0823     		movs	r3, #8
 3379 0012 6846     		mov	r0, sp
 3380              	.LVL195:
 3381              		.loc 1 1705 3 is_stmt 0 view .LVU920
 3382 0014 FFF7FEFF 		bl	SI4463_do_api
 3383              	.LVL196:
 3384              		.loc 1 1707 3 is_stmt 1 view .LVU921
 3385              		.loc 1 1707 19 is_stmt 0 view .LVU922
 3386 0018 9DF80030 		ldrb	r3, [sp]	@ zero_extendqisi2
 3387 001c 2370     		strb	r3, [r4]
 3388              		.loc 1 1708 3 is_stmt 1 view .LVU923
 3389              		.loc 1 1708 19 is_stmt 0 view .LVU924
 3390 001e BDF80130 		ldrh	r3, [sp, #1]	@ unaligned
 3391 0022 5BBA     		rev16	r3, r3
 3392 0024 6380     		strh	r3, [r4, #2]	@ movhi
 3393              		.loc 1 1709 3 is_stmt 1 view .LVU925
 3394              		.loc 1 1709 19 is_stmt 0 view .LVU926
 3395 0026 9DF80330 		ldrb	r3, [sp, #3]	@ zero_extendqisi2
 3396 002a 2371     		strb	r3, [r4, #4]
 3397              		.loc 1 1710 3 is_stmt 1 view .LVU927
 3398              		.loc 1 1710 19 is_stmt 0 view .LVU928
 3399 002c BDF80430 		ldrh	r3, [sp, #4]
 3400 0030 5BBA     		rev16	r3, r3
 3401 0032 E380     		strh	r3, [r4, #6]	@ movhi
 3402              		.loc 1 1711 3 is_stmt 1 view .LVU929
 3403              		.loc 1 1712 3 view .LVU930
 3404              		.loc 1 1711 19 is_stmt 0 view .LVU931
 3405 0034 BDF80630 		ldrh	r3, [sp, #6]
 3406 0038 2381     		strh	r3, [r4, #8]	@ movhi
 3407              		.loc 1 1715 3 is_stmt 1 view .LVU932
 3408              		.loc 1 1716 3 is_stmt 0 view .LVU933
 3409 003a 6A46     		mov	r2, sp
 3410              		.loc 1 1715 11 view .LVU934
 3411 003c 1023     		movs	r3, #16
 3412 003e 8DF80030 		strb	r3, [sp]
 3413              		.loc 1 1716 3 is_stmt 1 view .LVU935
 3414 0042 2946     		mov	r1, r5
 3415 0044 0623     		movs	r3, #6
 3416 0046 1046     		mov	r0, r2
 3417 0048 FFF7FEFF 		bl	SI4463_do_api
 3418              	.LVL197:
 3419              		.loc 1 1718 3 view .LVU936
 3420              		.loc 1 1719 3 view .LVU937
ARM GAS  /tmp/ccRHyJSn.s 			page 61


 3421              		.loc 1 1720 3 view .LVU938
 3422              		.loc 1 1720 29 is_stmt 0 view .LVU939
 3423 004c 9DF80230 		ldrb	r3, [sp, #2]	@ zero_extendqisi2
 3424              		.loc 1 1720 23 view .LVU940
 3425 0050 2373     		strb	r3, [r4, #12]
 3426              		.loc 1 1721 3 is_stmt 1 view .LVU941
 3427              		.loc 1 1721 23 is_stmt 0 view .LVU942
 3428 0052 BDF80330 		ldrh	r3, [sp, #3]	@ unaligned
 3429              		.loc 1 1718 23 view .LVU943
 3430 0056 BDF80020 		ldrh	r2, [sp]
 3431 005a 6281     		strh	r2, [r4, #10]	@ movhi
 3432              		.loc 1 1721 23 view .LVU944
 3433 005c 5BBA     		rev16	r3, r3
 3434 005e E381     		strh	r3, [r4, #14]	@ movhi
 3435              		.loc 1 1722 3 is_stmt 1 view .LVU945
 3436              		.loc 1 1722 23 is_stmt 0 view .LVU946
 3437 0060 9DF80530 		ldrb	r3, [sp, #5]	@ zero_extendqisi2
 3438 0064 2374     		strb	r3, [r4, #16]
 3439              		.loc 1 1723 1 view .LVU947
 3440 0066 03B0     		add	sp, sp, #12
 3441              		.cfi_def_cfa_offset 12
 3442              		@ sp needed
 3443 0068 30BD     		pop	{r4, r5, pc}
 3444              		.loc 1 1723 1 view .LVU948
 3445              		.cfi_endproc
 3446              	.LFE277:
 3447              		.size	Si446x_getInfo, .-Si446x_getInfo
 3448              		.section	.text.Si446x_get_temp,"ax",%progbits
 3449              		.align	1
 3450              		.global	Si446x_get_temp
 3451              		.syntax unified
 3452              		.thumb
 3453              		.thumb_func
 3454              		.type	Si446x_get_temp, %function
 3455              	Si446x_get_temp:
 3456              	.LFB278:
 3457              		.loc 1 1729 1 is_stmt 1 view -0
 3458              		.cfi_startproc
 3459              		@ args = 0, pretend = 0, frame = 8
 3460              		@ frame_needed = 0, uses_anonymous_args = 0
 3461              		.loc 1 1730 3 view .LVU950
 3462              		.loc 1 1729 1 is_stmt 0 view .LVU951
 3463 0000 07B5     		push	{r0, r1, r2, lr}
 3464              		.cfi_def_cfa_offset 16
 3465              		.cfi_offset 14, -4
 3466              		.loc 1 1730 11 view .LVU952
 3467 0002 0023     		movs	r3, #0
 3468 0004 41F21402 		movw	r2, #4116
 3469 0008 CDE90023 		strd	r2, r3, [sp]
 3470              		.loc 1 1731 3 is_stmt 1 view .LVU953
 3471 000c 6A46     		mov	r2, sp
 3472 000e 0823     		movs	r3, #8
 3473 0010 0321     		movs	r1, #3
 3474 0012 1046     		mov	r0, r2
 3475 0014 FFF7FEFF 		bl	SI4463_do_api
 3476              	.LVL198:
 3477              		.loc 1 1732 3 view .LVU954
ARM GAS  /tmp/ccRHyJSn.s 			page 62


 3478              		.loc 1 1733 3 view .LVU955
 3479              		.loc 1 1732 9 is_stmt 0 view .LVU956
 3480 0018 BDF80430 		ldrh	r3, [sp, #4]
 3481              		.loc 1 1733 14 view .LVU957
 3482 001c 9FED147A 		vldr.32	s14, .L280
 3483              		.loc 1 1733 5 view .LVU958
 3484 0020 DFED146A 		vldr.32	s13, .L280+4
 3485              		.loc 1 1732 9 view .LVU959
 3486 0024 5BBA     		rev16	r3, r3
 3487 0026 9BB2     		uxth	r3, r3
 3488 0028 07EE903A 		vmov	s15, r3	@ int
 3489 002c F8EEE77A 		vcvt.f32.s32	s15, s15
 3490              		.loc 1 1734 20 view .LVU960
 3491 0030 114B     		ldr	r3, .L280+8
 3492              		.loc 1 1733 14 view .LVU961
 3493 0032 67EE877A 		vmul.f32	s15, s15, s14
 3494              		.loc 1 1733 5 view .LVU962
 3495 0036 9FED117A 		vldr.32	s14, .L280+12
 3496              		.loc 1 1734 20 view .LVU963
 3497 003a 93ED000A 		vldr.32	s0, [r3]
 3498              		.loc 1 1733 5 view .LVU964
 3499 003e 17EEA67A 		vnmls.f32	s14, s15, s13
 3500              	.LVL199:
 3501              		.loc 1 1734 3 is_stmt 1 view .LVU965
 3502              		.loc 1 1734 20 is_stmt 0 view .LVU966
 3503 0042 F6EE007A 		vmov.f32	s15, #5.0e-1
 3504 0046 70EE676A 		vsub.f32	s13, s0, s15
 3505              		.loc 1 1734 6 view .LVU967
 3506 004a F4EEC76A 		vcmpe.f32	s13, s14
 3507 004e F1EE10FA 		vmrs	APSR_nzcv, FPSCR
 3508 0052 06D5     		bpl	.L275
 3509              		.loc 1 1734 53 discriminator 1 view .LVU968
 3510 0054 70EE277A 		vadd.f32	s15, s0, s15
 3511              		.loc 1 1734 37 discriminator 1 view .LVU969
 3512 0058 F4EEC77A 		vcmpe.f32	s15, s14
 3513 005c F1EE10FA 		vmrs	APSR_nzcv, FPSCR
 3514 0060 03DC     		bgt	.L274
 3515              	.L275:
 3516              		.loc 1 1737 3 is_stmt 1 view .LVU970
 3517              		.loc 1 1737 12 is_stmt 0 view .LVU971
 3518 0062 83ED007A 		vstr.32	s14, [r3]
 3519              		.loc 1 1738 3 is_stmt 1 view .LVU972
 3520              		.loc 1 1738 10 is_stmt 0 view .LVU973
 3521 0066 B0EE470A 		vmov.f32	s0, s14
 3522              	.L274:
 3523              		.loc 1 1739 1 view .LVU974
 3524 006a 03B0     		add	sp, sp, #12
 3525              		.cfi_def_cfa_offset 4
 3526              		@ sp needed
 3527 006c 5DF804FB 		ldr	pc, [sp], #4
 3528              	.L281:
 3529              		.align	2
 3530              	.L280:
 3531 0070 00C06044 		.word	1147191296
 3532 0074 00008039 		.word	964689920
 3533 0078 00000000 		.word	old_temp
 3534 007c 00809243 		.word	1133674496
ARM GAS  /tmp/ccRHyJSn.s 			page 63


 3535              		.cfi_endproc
 3536              	.LFE278:
 3537              		.size	Si446x_get_temp, .-Si446x_get_temp
 3538              		.section	.text.getFRR,"ax",%progbits
 3539              		.align	1
 3540              		.global	getFRR
 3541              		.syntax unified
 3542              		.thumb
 3543              		.thumb_func
 3544              		.type	getFRR, %function
 3545              	getFRR:
 3546              	.LVL200:
 3547              	.LFB279:
 3548              		.loc 1 1756 1 is_stmt 1 view -0
 3549              		.cfi_startproc
 3550              		@ args = 0, pretend = 0, frame = 0
 3551              		@ frame_needed = 0, uses_anonymous_args = 0
 3552              		.loc 1 1757 3 view .LVU976
 3553              		.loc 1 1756 1 is_stmt 0 view .LVU977
 3554 0000 10B5     		push	{r4, lr}
 3555              		.cfi_def_cfa_offset 8
 3556              		.cfi_offset 4, -8
 3557              		.cfi_offset 14, -4
 3558              		.loc 1 1756 1 view .LVU978
 3559 0002 0446     		mov	r4, r0
 3560              		.loc 1 1757 3 view .LVU979
 3561 0004 0320     		movs	r0, #3
 3562              	.LVL201:
 3563              		.loc 1 1757 3 view .LVU980
 3564 0006 FFF7FEFF 		bl	set_SPI_mode
 3565              	.LVL202:
 3566              		.loc 1 1760 3 is_stmt 1 view .LVU981
 3567              	.LBB56:
 3568              	.LBI56:
 3569              		.loc 1 1264 16 view .LVU982
 3570              	.LBB57:
 3571              		.loc 1 1266 3 view .LVU983
 3572              		.loc 1 1267 3 view .LVU984
 3573 000a 0320     		movs	r0, #3
 3574 000c FFF7FEFF 		bl	set_SPI_mode
 3575              	.LVL203:
 3576              		.loc 1 1268 3 view .LVU985
 3577 0010 0C4B     		ldr	r3, .L292
 3578 0012 4FF48072 		mov	r2, #256
 3579 0016 5A83     		strh	r2, [r3, #26]	@ movhi
 3580              		.loc 1 1268 3 view .LVU986
 3581              		.loc 1 1268 12 view .LVU987
 3582              		.loc 1 1269 3 view .LVU988
 3583              	.LVL204:
 3584              	.LBB58:
 3585              	.LBI58:
 3586              		.loc 1 170 13 view .LVU989
 3587              	.LBB59:
 3588              		.loc 1 173 3 view .LVU990
 3589              		.loc 1 173 10 is_stmt 0 discriminator 1 view .LVU991
 3590 0018 0B4B     		ldr	r3, .L292+4
 3591              	.L283:
ARM GAS  /tmp/ccRHyJSn.s 			page 64


 3592              		.loc 1 173 10 is_stmt 1 discriminator 1 view .LVU992
 3593 001a 9A68     		ldr	r2, [r3, #8]
 3594 001c 9007     		lsls	r0, r2, #30
 3595 001e FCD5     		bpl	.L283
 3596              		.loc 1 174 3 view .LVU993
 3597 0020 1C73     		strb	r4, [r3, #12]
 3598              		.loc 1 175 3 view .LVU994
 3599              	.L284:
 3600              		.loc 1 175 10 view .LVU995
 3601 0022 9A68     		ldr	r2, [r3, #8]
 3602 0024 1106     		lsls	r1, r2, #24
 3603 0026 0BD4     		bmi	.L285
 3604              	.LVL205:
 3605              		.loc 1 175 10 is_stmt 0 view .LVU996
 3606              	.LBE59:
 3607              	.LBE58:
 3608              		.loc 1 1270 3 is_stmt 1 view .LVU997
 3609              	.LBB61:
 3610              	.LBI61:
 3611              		.loc 1 190 16 view .LVU998
 3612              	.LBB62:
 3613              		.loc 1 194 3 view .LVU999
 3614 0028 FF22     		movs	r2, #255
 3615 002a 1A73     		strb	r2, [r3, #12]
 3616              		.loc 1 195 3 view .LVU1000
 3617              		.loc 1 195 10 is_stmt 0 discriminator 1 view .LVU1001
 3618 002c 064B     		ldr	r3, .L292+4
 3619              	.L286:
 3620              		.loc 1 195 10 is_stmt 1 discriminator 1 view .LVU1002
 3621 002e 9A68     		ldr	r2, [r3, #8]
 3622 0030 D207     		lsls	r2, r2, #31
 3623 0032 FCD5     		bpl	.L286
 3624              		.loc 1 196 3 view .LVU1003
 3625              		.loc 1 196 10 is_stmt 0 view .LVU1004
 3626 0034 187B     		ldrb	r0, [r3, #12]	@ zero_extendqisi2
 3627              	.LVL206:
 3628              		.loc 1 196 10 view .LVU1005
 3629              	.LBE62:
 3630              	.LBE61:
 3631              		.loc 1 1271 3 is_stmt 1 view .LVU1006
 3632              		.loc 1 1271 3 view .LVU1007
 3633 0036 034B     		ldr	r3, .L292
 3634 0038 4FF48072 		mov	r2, #256
 3635 003c 1A83     		strh	r2, [r3, #24]	@ movhi
 3636              		.loc 1 1271 13 view .LVU1008
 3637              		.loc 1 1272 3 view .LVU1009
 3638              	.LVL207:
 3639              		.loc 1 1272 3 is_stmt 0 view .LVU1010
 3640              	.LBE57:
 3641              	.LBE56:
 3642              		.loc 1 1761 1 view .LVU1011
 3643 003e 10BD     		pop	{r4, pc}
 3644              	.LVL208:
 3645              	.L285:
 3646              	.LBB65:
 3647              	.LBB64:
 3648              	.LBB63:
ARM GAS  /tmp/ccRHyJSn.s 			page 65


 3649              	.LBB60:
 3650              		.loc 1 176 5 is_stmt 1 view .LVU1012
 3651 0040 1A7B     		ldrb	r2, [r3, #12]	@ zero_extendqisi2
 3652 0042 EEE7     		b	.L284
 3653              	.L293:
 3654              		.align	2
 3655              	.L292:
 3656 0044 00040048 		.word	1207960576
 3657 0048 00300140 		.word	1073819648
 3658              	.LBE60:
 3659              	.LBE63:
 3660              	.LBE64:
 3661              	.LBE65:
 3662              		.cfi_endproc
 3663              	.LFE279:
 3664              		.size	getFRR, .-getFRR
 3665              		.section	.text.SI4463_start_rx,"ax",%progbits
 3666              		.align	1
 3667              		.global	SI4463_start_rx
 3668              		.syntax unified
 3669              		.thumb
 3670              		.thumb_func
 3671              		.type	SI4463_start_rx, %function
 3672              	SI4463_start_rx:
 3673              	.LVL209:
 3674              	.LFB273:
 3675              		.loc 1 1606 1 view -0
 3676              		.cfi_startproc
 3677              		@ args = 0, pretend = 0, frame = 8
 3678              		@ frame_needed = 0, uses_anonymous_args = 0
 3679              		.loc 1 1607 3 view .LVU1014
 3680              	.LBB68:
 3681              	.LBI68:
 3682              		.loc 1 1764 23 view .LVU1015
 3683              	.LBB69:
 3684              		.loc 1 1779 4 view .LVU1016
 3685              	.LBE69:
 3686              	.LBE68:
 3687              		.loc 1 1606 1 is_stmt 0 view .LVU1017
 3688 0000 13B5     		push	{r0, r1, r4, lr}
 3689              		.cfi_def_cfa_offset 16
 3690              		.cfi_offset 4, -8
 3691              		.cfi_offset 14, -4
 3692              		.loc 1 1606 1 view .LVU1018
 3693 0002 0446     		mov	r4, r0
 3694              	.LBB71:
 3695              	.LBB70:
 3696              		.loc 1 1779 20 view .LVU1019
 3697 0004 5120     		movs	r0, #81
 3698              	.LVL210:
 3699              		.loc 1 1779 20 view .LVU1020
 3700 0006 FFF7FEFF 		bl	getFRR
 3701              	.LVL211:
 3702              		.loc 1 1787 4 is_stmt 1 view .LVU1021
 3703 000a 031F     		subs	r3, r0, #4
 3704 000c DBB2     		uxtb	r3, r3
 3705 000e 022B     		cmp	r3, #2
ARM GAS  /tmp/ccRHyJSn.s 			page 66


 3706 0010 9CBF     		itt	ls
 3707 0012 124A     		ldrls	r2, .L306
 3708 0014 D05C     		ldrbls	r0, [r2, r3]	@ zero_extendqisi2
 3709              	.LVL212:
 3710              		.loc 1 1795 5 view .LVU1022
 3711              		.loc 1 1795 5 is_stmt 0 view .LVU1023
 3712              	.LBE70:
 3713              	.LBE71:
 3714              		.loc 1 1608 3 is_stmt 1 view .LVU1024
 3715              		.loc 1 1608 6 is_stmt 0 view .LVU1025
 3716 0016 0728     		cmp	r0, #7
 3717 0018 07D0     		beq	.L296
 3718              	.LVL213:
 3719              	.L299:
 3720              		.loc 1 1612 3 is_stmt 1 view .LVU1026
 3721              		.loc 1 1612 7 is_stmt 0 view .LVU1027
 3722 001a FFF7FEFF 		bl	SI4463_refresh_gpio
 3723              	.LVL214:
 3724              		.loc 1 1612 6 discriminator 1 view .LVU1028
 3725 001e 0346     		mov	r3, r0
 3726 0020 48B1     		cbz	r0, .L304
 3727              	.L297:
 3728              		.loc 1 1610 14 view .LVU1029
 3729 0022 4FF0FF30 		mov	r0, #-1
 3730              	.L294:
 3731              		.loc 1 1664 1 view .LVU1030
 3732 0026 02B0     		add	sp, sp, #8
 3733              		.cfi_remember_state
 3734              		.cfi_def_cfa_offset 8
 3735              		@ sp needed
 3736 0028 10BD     		pop	{r4, pc}
 3737              	.LVL215:
 3738              	.L296:
 3739              		.cfi_restore_state
 3740              		.loc 1 1609 5 is_stmt 1 view .LVU1031
 3741              		.loc 1 1609 9 is_stmt 0 view .LVU1032
 3742 002a 0320     		movs	r0, #3
 3743              	.LVL216:
 3744              		.loc 1 1609 9 view .LVU1033
 3745 002c FFF7FEFF 		bl	SI4463_set_state
 3746              	.LVL217:
 3747              		.loc 1 1609 8 discriminator 1 view .LVU1034
 3748 0030 0028     		cmp	r0, #0
 3749 0032 F2D0     		beq	.L299
 3750 0034 F5E7     		b	.L297
 3751              	.L304:
 3752              		.loc 1 1631 3 is_stmt 1 view .LVU1035
 3753              		.loc 1 1631 11 is_stmt 0 view .LVU1036
 3754 0036 3222     		movs	r2, #50
 3755 0038 8DF80020 		strb	r2, [sp]
 3756 003c 084A     		ldr	r2, .L306+4
 3757 003e ADF80200 		strh	r0, [sp, #2]	@ movhi
 3758 0042 0192     		str	r2, [sp, #4]
 3759              		.loc 1 1646 3 is_stmt 1 view .LVU1037
 3760              		.loc 1 1646 7 is_stmt 0 view .LVU1038
 3761 0044 0821     		movs	r1, #8
 3762 0046 0246     		mov	r2, r0
ARM GAS  /tmp/ccRHyJSn.s 			page 67


 3763 0048 6846     		mov	r0, sp
 3764              		.loc 1 1631 11 view .LVU1039
 3765 004a 8DF80140 		strb	r4, [sp, #1]
 3766              		.loc 1 1646 7 view .LVU1040
 3767 004e FFF7FEFF 		bl	SI4463_do_api
 3768              	.LVL218:
 3769              		.loc 1 1646 6 discriminator 1 view .LVU1041
 3770 0052 0028     		cmp	r0, #0
 3771 0054 E5D1     		bne	.L297
 3772              		.loc 1 1662 3 is_stmt 1 view .LVU1042
 3773              		.loc 1 1662 21 is_stmt 0 view .LVU1043
 3774 0056 034B     		ldr	r3, .L306+8
 3775 0058 1870     		strb	r0, [r3]
 3776              		.loc 1 1663 3 is_stmt 1 view .LVU1044
 3777              		.loc 1 1663 10 is_stmt 0 view .LVU1045
 3778 005a E4E7     		b	.L294
 3779              	.L307:
 3780              		.align	2
 3781              	.L306:
 3782 005c 00000000 		.word	CSWTCH.228
 3783 0060 00000808 		.word	134742016
 3784 0064 00000000 		.word	SI4463_in_tx_mode
 3785              		.cfi_endproc
 3786              	.LFE273:
 3787              		.size	SI4463_start_rx, .-SI4463_start_rx
 3788              		.section	.rodata.set_RSSI_comp.str1.1,"aMS",%progbits,1
 3789              	.LC0:
 3790 0000 1120014E 		.ascii	"\021 \001N@\000"
 3790      4000
 3791              		.section	.text.set_RSSI_comp,"ax",%progbits
 3792              		.align	1
 3793              		.global	set_RSSI_comp
 3794              		.syntax unified
 3795              		.thumb
 3796              		.thumb_func
 3797              		.type	set_RSSI_comp, %function
 3798              	set_RSSI_comp:
 3799              	.LFB281:
 3800              		.loc 1 1800 1 is_stmt 1 view -0
 3801              		.cfi_startproc
 3802              		@ args = 0, pretend = 0, frame = 8
 3803              		@ frame_needed = 0, uses_anonymous_args = 0
 3804              		.loc 1 1810 3 view .LVU1047
 3805              		.loc 1 1800 1 is_stmt 0 view .LVU1048
 3806 0000 07B5     		push	{r0, r1, r2, lr}
 3807              		.cfi_def_cfa_offset 16
 3808              		.cfi_offset 14, -4
 3809              		.loc 1 1810 11 view .LVU1049
 3810 0002 074B     		ldr	r3, .L310
 3811 0004 1868     		ldr	r0, [r3]	@ unaligned
 3812 0006 1B79     		ldrb	r3, [r3, #4]	@ zero_extendqisi2
 3813 0008 8DF80430 		strb	r3, [sp, #4]
 3814              		.loc 1 1817 3 is_stmt 1 view .LVU1050
 3815 000c 0023     		movs	r3, #0
 3816              		.loc 1 1810 11 is_stmt 0 view .LVU1051
 3817 000e 0090     		str	r0, [sp]
 3818              		.loc 1 1817 3 view .LVU1052
ARM GAS  /tmp/ccRHyJSn.s 			page 68


 3819 0010 1A46     		mov	r2, r3
 3820 0012 0521     		movs	r1, #5
 3821 0014 6846     		mov	r0, sp
 3822 0016 FFF7FEFF 		bl	SI4463_do_api
 3823              	.LVL219:
 3824              		.loc 1 1818 1 view .LVU1053
 3825 001a 03B0     		add	sp, sp, #12
 3826              		.cfi_def_cfa_offset 4
 3827              		@ sp needed
 3828 001c 5DF804FB 		ldr	pc, [sp], #4
 3829              	.L311:
 3830              		.align	2
 3831              	.L310:
 3832 0020 00000000 		.word	.LC0
 3833              		.cfi_endproc
 3834              	.LFE281:
 3835              		.size	set_RSSI_comp, .-set_RSSI_comp
 3836              		.section	.text.si_set_offset,"ax",%progbits
 3837              		.align	1
 3838              		.global	si_set_offset
 3839              		.syntax unified
 3840              		.thumb
 3841              		.thumb_func
 3842              		.type	si_set_offset, %function
 3843              	si_set_offset:
 3844              	.LVL220:
 3845              	.LFB283:
 3846              		.loc 1 1845 36 is_stmt 1 view -0
 3847              		.cfi_startproc
 3848              		@ args = 0, pretend = 0, frame = 0
 3849              		@ frame_needed = 0, uses_anonymous_args = 0
 3850              		@ link register save eliminated.
 3851              		.loc 1 1846 3 view .LVU1055
 3852              		.loc 1 1846 23 is_stmt 0 view .LVU1056
 3853 0000 014B     		ldr	r3, .L313
 3854 0002 1860     		str	r0, [r3]
 3855              		.loc 1 1847 3 is_stmt 1 view .LVU1057
 3856 0004 FFF7FEBF 		b	SI4463_set_offset
 3857              	.LVL221:
 3858              	.L314:
 3859              		.loc 1 1847 3 is_stmt 0 view .LVU1058
 3860              		.align	2
 3861              	.L313:
 3862 0008 00000000 		.word	SI4463_offset_value
 3863              		.cfi_endproc
 3864              	.LFE283:
 3865              		.size	si_set_offset, .-si_set_offset
 3866              		.section	.text.si_fm_offset,"ax",%progbits
 3867              		.align	1
 3868              		.global	si_fm_offset
 3869              		.syntax unified
 3870              		.thumb
 3871              		.thumb_func
 3872              		.type	si_fm_offset, %function
 3873              	si_fm_offset:
 3874              	.LVL222:
 3875              	.LFB284:
ARM GAS  /tmp/ccRHyJSn.s 			page 69


 3876              		.loc 1 1851 35 is_stmt 1 view -0
 3877              		.cfi_startproc
 3878              		@ args = 0, pretend = 0, frame = 0
 3879              		@ frame_needed = 0, uses_anonymous_args = 0
 3880              		@ link register save eliminated.
 3881              		.loc 1 1852 3 view .LVU1060
 3882              		.loc 1 1852 28 is_stmt 0 view .LVU1061
 3883 0000 024B     		ldr	r3, .L316
 3884 0002 1B68     		ldr	r3, [r3]
 3885 0004 1844     		add	r0, r0, r3
 3886              	.LVL223:
 3887              		.loc 1 1852 3 view .LVU1062
 3888 0006 00B2     		sxth	r0, r0
 3889 0008 FFF7FEBF 		b	SI4463_set_offset
 3890              	.LVL224:
 3891              	.L317:
 3892              		.align	2
 3893              	.L316:
 3894 000c 00000000 		.word	SI4463_offset_value
 3895              		.cfi_endproc
 3896              	.LFE284:
 3897              		.size	si_fm_offset, .-si_fm_offset
 3898              		.section	.text.SI446x_trigger_fill,"ax",%progbits
 3899              		.align	1
 3900              		.global	SI446x_trigger_fill
 3901              		.syntax unified
 3902              		.thumb
 3903              		.thumb_func
 3904              		.type	SI446x_trigger_fill, %function
 3905              	SI446x_trigger_fill:
 3906              	.LVL225:
 3907              	.LFB286:
 3908              		.loc 1 1946 1 is_stmt 1 view -0
 3909              		.cfi_startproc
 3910              		@ args = 0, pretend = 0, frame = 8
 3911              		@ frame_needed = 0, uses_anonymous_args = 0
 3912              		.loc 1 1947 3 view .LVU1064
 3913              		.loc 1 1948 3 view .LVU1065
 3914              		.loc 1 1949 3 view .LVU1066
 3915              		.loc 1 1946 1 is_stmt 0 view .LVU1067
 3916 0000 2DE9F74F 		push	{r0, r1, r2, r4, r5, r6, r7, r8, r9, r10, fp, lr}
 3917              		.cfi_def_cfa_offset 48
 3918              		.cfi_offset 4, -36
 3919              		.cfi_offset 5, -32
 3920              		.cfi_offset 6, -28
 3921              		.cfi_offset 7, -24
 3922              		.cfi_offset 8, -20
 3923              		.cfi_offset 9, -16
 3924              		.cfi_offset 10, -12
 3925              		.cfi_offset 11, -8
 3926              		.cfi_offset 14, -4
 3927              		.loc 1 1949 12 view .LVU1068
 3928 0004 384F     		ldr	r7, .L341
 3929              		.loc 1 1946 1 view .LVU1069
 3930 0006 0191     		str	r1, [sp, #4]
 3931 0008 1446     		mov	r4, r2
 3932              		.loc 1 1949 12 view .LVU1070
ARM GAS  /tmp/ccRHyJSn.s 			page 70


 3933 000a D7F8F495 		ldr	r9, [r7, #1524]
 3934              	.LVL226:
 3935              		.loc 1 1950 3 is_stmt 1 view .LVU1071
 3936              		.loc 1 2003 13 is_stmt 0 view .LVU1072
 3937 000e DFF8E4A0 		ldr	r10, .L341+12
 3938              		.loc 1 1946 1 view .LVU1073
 3939 0012 1D46     		mov	r5, r3
 3940              		.loc 1 1950 23 view .LVU1074
 3941 0014 FFF7FEFF 		bl	chVTGetSystemTimeX
 3942              	.LVL227:
 3943              		.loc 1 1953 7 view .LVU1075
 3944 0018 0026     		movs	r6, #0
 3945              		.loc 1 1954 12 discriminator 1 view .LVU1076
 3946 001a 002C     		cmp	r4, #0
 3947              		.loc 1 1950 23 view .LVU1077
 3948 001c 0090     		str	r0, [sp]
 3949              	.LVL228:
 3950              		.loc 1 1951 3 is_stmt 1 view .LVU1078
 3951              		.loc 1 1953 3 view .LVU1079
 3952              		.loc 1 1954 3 view .LVU1080
 3953              		.loc 1 1954 12 is_stmt 0 discriminator 1 view .LVU1081
 3954 001e 0CBF     		ite	eq
 3955 0020 4FF0010B 		moveq	fp, #1
 3956 0024 4FF0020B 		movne	fp, #2
 3957              	.LVL229:
 3958              		.loc 1 1955 3 is_stmt 1 view .LVU1082
 3959              		.loc 1 1955 12 is_stmt 0 view .LVU1083
 3960 0028 4FF48044 		mov	r4, #16384
 3961              	.LVL230:
 3962              		.loc 1 1951 7 view .LVU1084
 3963 002c B046     		mov	r8, r6
 3964              	.LVL231:
 3965              	.L320:
 3966              		.loc 1 1956 3 is_stmt 1 view .LVU1085
 3967              		.loc 1 1957 5 view .LVU1086
 3968              		.loc 1 1957 9 is_stmt 0 view .LVU1087
 3969 002e 2F4B     		ldr	r3, .L341+4
 3970 0030 1B78     		ldrb	r3, [r3]	@ zero_extendqisi2
 3971              		.loc 1 1957 8 view .LVU1088
 3972 0032 002B     		cmp	r3, #0
 3973 0034 4AD1     		bne	.L318
 3974              		.loc 1 1960 5 is_stmt 1 view .LVU1089
 3975              		.loc 1 1960 23 is_stmt 0 view .LVU1090
 3976 0036 FFF7FEFF 		bl	Si446x_readRSSI
 3977              	.LVL232:
 3978              		.loc 1 1960 14 discriminator 1 view .LVU1091
 3979 003a 2D4B     		ldr	r3, .L341+8
 3980 003c 9855     		strb	r0, [r3, r6]
 3981              		.loc 1 1961 14 view .LVU1092
 3982 003e B7F8CA31 		ldrh	r3, [r7, #458]
 3983              		.loc 1 1960 10 discriminator 1 view .LVU1093
 3984 0042 721C     		adds	r2, r6, #1
 3985              	.LVL233:
 3986              		.loc 1 1961 5 is_stmt 1 view .LVU1094
 3987              		.loc 1 1960 10 is_stmt 0 discriminator 1 view .LVU1095
 3988 0044 9342     		cmp	r3, r2
 3989 0046 CCBF     		ite	gt
ARM GAS  /tmp/ccRHyJSn.s 			page 71


 3990 0048 1646     		movgt	r6, r2
 3991 004a 0026     		movle	r6, #0
 3992              	.LVL234:
 3993              		.loc 1 1963 5 is_stmt 1 view .LVU1096
 3994 004c B8F1010F 		cmp	r8, #1
 3995 0050 19D0     		beq	.L323
 3996 0052 B8F1020F 		cmp	r8, #2
 3997 0056 42D0     		beq	.L324
 3998 0058 B8F1000F 		cmp	r8, #0
 3999 005c 0CD1     		bne	.L325
 4000              		.loc 1 1965 7 view .LVU1097
 4001              		.loc 1 1965 28 is_stmt 0 view .LVU1098
 4002 005e 013B     		subs	r3, r3, #1
 4003              		.loc 1 1965 10 view .LVU1099
 4004 0060 B342     		cmp	r3, r6
 4005 0062 09D1     		bne	.L325
 4006              		.loc 1 1966 9 is_stmt 1 view .LVU1100
 4007              	.LVL235:
 4008              		.loc 1 1967 9 view .LVU1101
 4009              		.loc 1 1967 41 is_stmt 0 view .LVU1102
 4010 0064 FFF7FEFF 		bl	chVTGetSystemTimeX
 4011              	.LVL236:
 4012              		.loc 1 1967 41 discriminator 1 view .LVU1103
 4013 0068 009B     		ldr	r3, [sp]
 4014 006a C01A     		subs	r0, r0, r3
 4015 006c 6423     		movs	r3, #100
 4016 006e 5843     		muls	r0, r3, r0
 4017              		.loc 1 1967 39 discriminator 1 view .LVU1104
 4018 0070 C7F8EC05 		str	r0, [r7, #1516]
 4019              		.loc 1 1966 17 view .LVU1105
 4020 0074 4FF00108 		mov	r8, #1
 4021              	.LVL237:
 4022              	.L325:
 4023              		.loc 1 2007 5 is_stmt 1 view .LVU1106
 4024              		.loc 1 2007 8 is_stmt 0 view .LVU1107
 4025 0078 B9F1000F 		cmp	r9, #0
 4026 007c D7D0     		beq	.L320
 4027              		.loc 1 2008 7 is_stmt 1 view .LVU1108
 4028 007e 4846     		mov	r0, r9
 4029 0080 FFF7FEFF 		bl	my_microsecond_delay
 4030              	.LVL238:
 4031 0084 D3E7     		b	.L320
 4032              	.LVL239:
 4033              	.L323:
 4034              		.loc 1 1980 7 view .LVU1109
 4035              		.loc 1 1980 75 is_stmt 0 view .LVU1110
 4036 0086 019A     		ldr	r2, [sp, #4]
 4037 0088 9042     		cmp	r0, r2
 4038 008a 2CBF     		ite	cs
 4039 008c 0020     		movcs	r0, #0
 4040              	.LVL240:
 4041              		.loc 1 1980 75 view .LVU1111
 4042 008e 0120     		movcc	r0, #1
 4043              		.loc 1 1980 37 view .LVU1112
 4044 0090 40EA4404 		orr	r4, r0, r4, lsl #1
 4045              	.LVL241:
 4046              		.loc 1 1980 37 view .LVU1113
ARM GAS  /tmp/ccRHyJSn.s 			page 72


 4047 0094 24F00404 		bic	r4, r4, #4
 4048 0098 24B2     		sxth	r4, r4
 4049              		.loc 1 1980 18 view .LVU1114
 4050 009a A4B2     		uxth	r4, r4
 4051              	.LVL242:
 4052              		.loc 1 1982 7 is_stmt 1 view .LVU1115
 4053              		.loc 1 1982 10 is_stmt 0 view .LVU1116
 4054 009c A345     		cmp	fp, r4
 4055 009e EBD1     		bne	.L325
 4056              		.loc 1 1984 9 is_stmt 1 view .LVU1117
 4057              	.LVL243:
 4058              		.loc 1 1985 9 view .LVU1118
 4059 00a0 082D     		cmp	r5, #8
 4060 00a2 0AD0     		beq	.L326
 4061 00a4 092D     		cmp	r5, #9
 4062 00a6 14D0     		beq	.L327
 4063 00a8 072D     		cmp	r5, #7
 4064 00aa 02D0     		beq	.L335
 4065              	.L329:
 4066              		.loc 1 1984 17 is_stmt 0 view .LVU1119
 4067 00ac 4FF00208 		mov	r8, #2
 4068 00b0 E2E7     		b	.L325
 4069              	.L335:
 4070 00b2 3246     		mov	r2, r6
 4071              	.L340:
 4072              		.loc 1 1997 23 view .LVU1120
 4073 00b4 0F4B     		ldr	r3, .L341+12
 4074 00b6 1A60     		str	r2, [r3]
 4075 00b8 F8E7     		b	.L329
 4076              	.L326:
 4077              		.loc 1 1989 11 is_stmt 1 view .LVU1121
 4078              		.loc 1 1991 11 view .LVU1122
 4079              		.loc 1 1991 21 is_stmt 0 view .LVU1123
 4080 00ba 0E4A     		ldr	r2, .L341+12
 4081 00bc 1660     		str	r6, [r2]
 4082              		.loc 1 1992 11 is_stmt 1 view .LVU1124
 4083              	.LVL244:
 4084              	.L330:
 4085              		.loc 1 2011 3 view .LVU1125
 4086              		.loc 1 2011 11 is_stmt 0 view .LVU1126
 4087 00be 0D4B     		ldr	r3, .L341+12
 4088 00c0 1A68     		ldr	r2, [r3]
 4089 00c2 0D4B     		ldr	r3, .L341+16
 4090 00c4 1A80     		strh	r2, [r3]	@ movhi
 4091              		.loc 1 2012 3 is_stmt 1 view .LVU1127
 4092              		.loc 1 2012 12 is_stmt 0 view .LVU1128
 4093 00c6 0D4B     		ldr	r3, .L341+20
 4094 00c8 0122     		movs	r2, #1
 4095 00ca 1A70     		strb	r2, [r3]
 4096              	.LVL245:
 4097              	.L318:
 4098              		.loc 1 2013 1 view .LVU1129
 4099 00cc 03B0     		add	sp, sp, #12
 4100              		.cfi_remember_state
 4101              		.cfi_def_cfa_offset 36
 4102              	.LVL246:
 4103              		.loc 1 2013 1 view .LVU1130
ARM GAS  /tmp/ccRHyJSn.s 			page 73


 4104              		@ sp needed
 4105 00ce BDE8F08F 		pop	{r4, r5, r6, r7, r8, r9, r10, fp, pc}
 4106              	.LVL247:
 4107              	.L327:
 4108              		.cfi_restore_state
 4109              		.loc 1 1993 11 is_stmt 1 view .LVU1131
 4110              		.loc 1 1995 11 view .LVU1132
 4111              		.loc 1 1995 25 is_stmt 0 view .LVU1133
 4112 00d2 06EB5302 		add	r2, r6, r3, lsr #1
 4113              		.loc 1 1996 11 is_stmt 1 view .LVU1134
 4114              		.loc 1 1996 14 is_stmt 0 view .LVU1135
 4115 00d6 9342     		cmp	r3, r2
 4116              		.loc 1 1997 13 is_stmt 1 view .LVU1136
 4117              		.loc 1 1997 23 is_stmt 0 view .LVU1137
 4118 00d8 D8BF     		it	le
 4119 00da D21A     		suble	r2, r2, r3
 4120 00dc EAE7     		b	.L340
 4121              	.LVL248:
 4122              	.L324:
 4123              		.loc 1 2003 7 is_stmt 1 view .LVU1138
 4124              		.loc 1 2003 10 is_stmt 0 view .LVU1139
 4125 00de DAF80030 		ldr	r3, [r10]
 4126 00e2 B342     		cmp	r3, r6
 4127 00e4 C8D1     		bne	.L325
 4128 00e6 EAE7     		b	.L330
 4129              	.L342:
 4130              		.align	2
 4131              	.L341:
 4132 00e8 00000000 		.word	setting
 4133 00ec 00000000 		.word	operation_requested
 4134 00f0 00000000 		.word	age
 4135 00f4 00000000 		.word	buf_index
 4136 00f8 00000000 		.word	buf_end
 4137 00fc 00000000 		.word	buf_read
 4138              		.cfi_endproc
 4139              	.LFE286:
 4140              		.size	SI446x_trigger_fill, .-SI446x_trigger_fill
 4141              		.section	.text.SI446x_Fill,"ax",%progbits
 4142              		.align	1
 4143              		.global	SI446x_Fill
 4144              		.syntax unified
 4145              		.thumb
 4146              		.thumb_func
 4147              		.type	SI446x_Fill, %function
 4148              	SI446x_Fill:
 4149              	.LVL249:
 4150              	.LFB287:
 4151              		.loc 1 2017 1 is_stmt 1 view -0
 4152              		.cfi_startproc
 4153              		@ args = 0, pretend = 0, frame = 0
 4154              		@ frame_needed = 0, uses_anonymous_args = 0
 4155              		.loc 1 2018 3 view .LVU1141
 4156              		.loc 1 2019 3 view .LVU1142
 4157              		.loc 1 2017 1 is_stmt 0 view .LVU1143
 4158 0000 2DE9F843 		push	{r3, r4, r5, r6, r7, r8, r9, lr}
 4159              		.cfi_def_cfa_offset 32
 4160              		.cfi_offset 3, -32
ARM GAS  /tmp/ccRHyJSn.s 			page 74


 4161              		.cfi_offset 4, -28
 4162              		.cfi_offset 5, -24
 4163              		.cfi_offset 6, -20
 4164              		.cfi_offset 7, -16
 4165              		.cfi_offset 8, -12
 4166              		.cfi_offset 9, -8
 4167              		.cfi_offset 14, -4
 4168              		.loc 1 2019 3 view .LVU1144
 4169 0004 0320     		movs	r0, #3
 4170              	.LVL250:
 4171              		.loc 1 2017 1 view .LVU1145
 4172 0006 0D46     		mov	r5, r1
 4173              		.loc 1 2019 3 view .LVU1146
 4174 0008 FFF7FEFF 		bl	set_SPI_mode
 4175              	.LVL251:
 4176              		.loc 1 2032 3 is_stmt 1 view .LVU1147
 4177              		.loc 1 2035 17 is_stmt 0 view .LVU1148
 4178 000c 1D4A     		ldr	r2, .L352
 4179              		.loc 1 2032 12 view .LVU1149
 4180 000e 1E4E     		ldr	r6, .L352+4
 4181              		.loc 1 2035 17 view .LVU1150
 4182 0010 1368     		ldr	r3, [r2]
 4183              		.loc 1 2032 12 view .LVU1151
 4184 0012 D6F8F445 		ldr	r4, [r6, #1524]
 4185              	.LVL252:
 4186              		.loc 1 2034 3 is_stmt 1 view .LVU1152
 4187              		.loc 1 2035 3 view .LVU1153
 4188              		.loc 1 2035 17 is_stmt 0 view .LVU1154
 4189 0016 03F16401 		add	r1, r3, #100
 4190              		.loc 1 2035 6 view .LVU1155
 4191 001a A142     		cmp	r1, r4
 4192 001c 05D9     		bls	.L344
 4193              		.loc 1 2035 27 discriminator 1 view .LVU1156
 4194 001e 04F16401 		add	r1, r4, #100
 4195              		.loc 1 2035 22 discriminator 1 view .LVU1157
 4196 0022 8B42     		cmp	r3, r1
 4197              		.loc 1 2036 5 is_stmt 1 view .LVU1158
 4198              		.loc 1 2036 12 is_stmt 0 view .LVU1159
 4199 0024 3CBF     		itt	cc
 4200 0026 1B19     		addcc	r3, r3, r4
 4201              		.loc 1 2036 7 view .LVU1160
 4202 0028 5C08     		lsrcc	r4, r3, #1
 4203              	.LVL253:
 4204              	.L344:
 4205              		.loc 1 2038 3 is_stmt 1 view .LVU1161
 4206              		.loc 1 2038 9 is_stmt 0 view .LVU1162
 4207 002a 1460     		str	r4, [r2]
 4208              		.loc 1 2040 3 is_stmt 1 view .LVU1163
 4209              		.loc 1 2040 23 is_stmt 0 view .LVU1164
 4210 002c FFF7FEFF 		bl	chVTGetSystemTimeX
 4211              	.LVL254:
 4212 0030 8046     		mov	r8, r0
 4213              	.LVL255:
 4214              		.loc 1 2041 3 is_stmt 1 view .LVU1165
 4215              		.loc 1 2058 3 view .LVU1166
 4216              	.LBB72:
 4217              	.LBI72:
ARM GAS  /tmp/ccRHyJSn.s 			page 75


 4218              		.file 6 "ChibiOS/os/common/ext/CMSIS/include/core_cmFunc.h"
 4219              		.loc 6 342 57 view .LVU1167
 4220              	.LBB73:
 4221              		.loc 6 344 3 view .LVU1168
 4222              		.syntax unified
 4223              	@ 344 "ChibiOS/os/common/ext/CMSIS/include/core_cmFunc.h" 1
 4224 0032 72B6     		cpsid i
 4225              	@ 0 "" 2
 4226              		.thumb
 4227              		.syntax unified
 4228              	.LBE73:
 4229              	.LBE72:
 4230              		.loc 1 2063 12 is_stmt 0 discriminator 1 view .LVU1169
 4231 0034 DFF86090 		ldr	r9, .L352+20
 4232              		.loc 1 2041 7 view .LVU1170
 4233 0038 2F46     		mov	r7, r5
 4234              	.LVL256:
 4235              	.L346:
 4236              		.loc 1 2059 3 is_stmt 1 view .LVU1171
 4237              		.loc 1 2061 5 view .LVU1172
 4238              		.loc 1 2061 8 is_stmt 0 view .LVU1173
 4239 003a 14B1     		cbz	r4, .L345
 4240              		.loc 1 2062 7 is_stmt 1 view .LVU1174
 4241 003c 2046     		mov	r0, r4
 4242 003e FFF7FEFF 		bl	my_microsecond_delay
 4243              	.LVL257:
 4244              	.L345:
 4245              		.loc 1 2063 5 view .LVU1175
 4246              		.loc 1 2063 14 is_stmt 0 view .LVU1176
 4247 0042 FFF7FEFF 		bl	Si446x_readRSSI
 4248              	.LVL258:
 4249              		.loc 1 2064 16 view .LVU1177
 4250 0046 B6F8CA31 		ldrh	r3, [r6, #458]
 4251              		.loc 1 2063 12 discriminator 1 view .LVU1178
 4252 004a 09F80700 		strb	r0, [r9, r7]
 4253              		.loc 1 2064 5 is_stmt 1 view .LVU1179
 4254              		.loc 1 2064 8 is_stmt 0 view .LVU1180
 4255 004e 0137     		adds	r7, r7, #1
 4256              	.LVL259:
 4257              		.loc 1 2064 8 view .LVU1181
 4258 0050 BB42     		cmp	r3, r7
 4259 0052 F2DC     		bgt	.L346
 4260              		.loc 1 2083 3 is_stmt 1 view .LVU1182
 4261              	.LBB74:
 4262              	.LBI74:
 4263              		.loc 6 331 57 view .LVU1183
 4264              	.LBB75:
 4265              		.loc 6 333 3 view .LVU1184
 4266              		.syntax unified
 4267              	@ 333 "ChibiOS/os/common/ext/CMSIS/include/core_cmFunc.h" 1
 4268 0054 62B6     		cpsie i
 4269              	@ 0 "" 2
 4270              		.thumb
 4271              		.syntax unified
 4272              	.LBE75:
 4273              	.LBE74:
 4274              		.loc 1 2084 3 view .LVU1185
ARM GAS  /tmp/ccRHyJSn.s 			page 76


 4275              		.loc 1 2084 35 is_stmt 0 view .LVU1186
 4276 0056 FFF7FEFF 		bl	chVTGetSystemTimeX
 4277              	.LVL260:
 4278              		.loc 1 2084 35 discriminator 1 view .LVU1187
 4279 005a 6423     		movs	r3, #100
 4280 005c A0EB0800 		sub	r0, r0, r8
 4281 0060 5843     		muls	r0, r3, r0
 4282              		.loc 1 2085 13 view .LVU1188
 4283 0062 0A4B     		ldr	r3, .L352+8
 4284              		.loc 1 2086 11 view .LVU1189
 4285 0064 0A4A     		ldr	r2, .L352+12
 4286              		.loc 1 2084 33 discriminator 1 view .LVU1190
 4287 0066 C6F8EC05 		str	r0, [r6, #1516]
 4288              		.loc 1 2085 3 is_stmt 1 view .LVU1191
 4289              		.loc 1 2085 29 is_stmt 0 view .LVU1192
 4290 006a 25EAE575 		bic	r5, r5, r5, asr #31
 4291              	.LVL261:
 4292              		.loc 1 2085 13 view .LVU1193
 4293 006e 1D60     		str	r5, [r3]
 4294              		.loc 1 2086 3 is_stmt 1 view .LVU1194
 4295              		.loc 1 2086 26 is_stmt 0 view .LVU1195
 4296 0070 B6F8CA31 		ldrh	r3, [r6, #458]
 4297 0074 013B     		subs	r3, r3, #1
 4298              		.loc 1 2086 11 view .LVU1196
 4299 0076 1380     		strh	r3, [r2]	@ movhi
 4300              		.loc 1 2087 3 is_stmt 1 view .LVU1197
 4301              		.loc 1 2087 12 is_stmt 0 view .LVU1198
 4302 0078 064B     		ldr	r3, .L352+16
 4303 007a 0122     		movs	r2, #1
 4304 007c 1A70     		strb	r2, [r3]
 4305              		.loc 1 2088 1 view .LVU1199
 4306 007e BDE8F883 		pop	{r3, r4, r5, r6, r7, r8, r9, pc}
 4307              	.LVL262:
 4308              	.L353:
 4309              		.loc 1 2088 1 view .LVU1200
 4310 0082 00BF     		.align	2
 4311              	.L352:
 4312 0084 00000000 		.word	old_t.8
 4313 0088 00000000 		.word	setting
 4314 008c 00000000 		.word	buf_index
 4315 0090 00000000 		.word	buf_end
 4316 0094 00000000 		.word	buf_read
 4317 0098 00000000 		.word	age
 4318              		.cfi_endproc
 4319              	.LFE287:
 4320              		.size	SI446x_Fill, .-SI446x_Fill
 4321              		.section	.text.SI4432_Listen,"ax",%progbits
 4322              		.align	1
 4323              		.global	SI4432_Listen
 4324              		.syntax unified
 4325              		.thumb
 4326              		.thumb_func
 4327              		.type	SI4432_Listen, %function
 4328              	SI4432_Listen:
 4329              	.LVL263:
 4330              	.LFB288:
 4331              		.loc 1 2131 1 is_stmt 1 view -0
ARM GAS  /tmp/ccRHyJSn.s 			page 77


 4332              		.cfi_startproc
 4333              		@ args = 0, pretend = 0, frame = 0
 4334              		@ frame_needed = 0, uses_anonymous_args = 0
 4335              		.loc 1 2132 3 view .LVU1202
 4336              		.loc 1 2133 3 view .LVU1203
 4337              		.loc 1 2134 3 view .LVU1204
 4338              		.loc 1 2135 3 view .LVU1205
 4339              		.loc 1 2131 1 is_stmt 0 view .LVU1206
 4340 0000 2DE9F843 		push	{r3, r4, r5, r6, r7, r8, r9, lr}
 4341              		.cfi_def_cfa_offset 32
 4342              		.cfi_offset 3, -32
 4343              		.cfi_offset 4, -28
 4344              		.cfi_offset 5, -24
 4345              		.cfi_offset 6, -20
 4346              		.cfi_offset 7, -16
 4347              		.cfi_offset 8, -12
 4348              		.cfi_offset 9, -8
 4349              		.cfi_offset 14, -4
 4350              		.loc 1 2135 23 view .LVU1207
 4351 0004 144F     		ldr	r7, .L363
 4352              	.LBB76:
 4353              		.loc 1 2139 17 view .LVU1208
 4354 0006 DFF85890 		ldr	r9, .L363+8
 4355              		.loc 1 2150 35 view .LVU1209
 4356 000a DFF85880 		ldr	r8, .L363+12
 4357              		.loc 1 2150 22 view .LVU1210
 4358 000e 134E     		ldr	r6, .L363+4
 4359              	.LBE76:
 4360              		.loc 1 2135 23 view .LVU1211
 4361 0010 0024     		movs	r4, #0
 4362 0012 3C70     		strb	r4, [r7]
 4363              		.loc 1 2133 11 view .LVU1212
 4364 0014 2546     		mov	r5, r4
 4365              	.LVL264:
 4366              	.L359:
 4367              		.loc 1 2137 3 is_stmt 1 view .LVU1213
 4368              	.LBB77:
 4369              		.loc 1 2138 7 view .LVU1214
 4370              		.loc 1 2138 19 is_stmt 0 view .LVU1215
 4371 0016 FFF7FEFF 		bl	Si446x_readRSSI
 4372              	.LVL265:
 4373              		.loc 1 2139 7 is_stmt 1 view .LVU1216
 4374              		.loc 1 2139 10 is_stmt 0 view .LVU1217
 4375 001a 99F84C3C 		ldrb	r3, [r9, #3148]	@ zero_extendqisi2
 4376 001e 33B1     		cbz	r3, .L355
 4377              		.loc 1 2140 9 is_stmt 1 view .LVU1218
 4378              		.loc 1 2140 26 is_stmt 0 view .LVU1219
 4379 0020 0001     		lsls	r0, r0, #4
 4380              	.LVL266:
 4381              		.loc 1 2140 22 view .LVU1220
 4382 0022 B060     		str	r0, [r6, #8]
 4383              	.LVL267:
 4384              	.L356:
 4385              		.loc 1 2140 22 view .LVU1221
 4386              	.LBE77:
 4387              		.loc 1 2152 33 is_stmt 1 view .LVU1222
 4388 0024 3B78     		ldrb	r3, [r7]	@ zero_extendqisi2
ARM GAS  /tmp/ccRHyJSn.s 			page 78


 4389 0026 002B     		cmp	r3, #0
 4390 0028 F5D0     		beq	.L359
 4391              		.loc 1 2155 1 is_stmt 0 view .LVU1223
 4392 002a BDE8F883 		pop	{r3, r4, r5, r6, r7, r8, r9, pc}
 4393              	.LVL268:
 4394              	.L355:
 4395              	.LBB78:
 4396              		.loc 1 2142 9 is_stmt 1 view .LVU1224
 4397              		.loc 1 2142 12 is_stmt 0 view .LVU1225
 4398 002e 8542     		cmp	r5, r0
 4399 0030 38BF     		it	cc
 4400 0032 0546     		movcc	r5, r0
 4401              	.LVL269:
 4402              		.loc 1 2144 12 view .LVU1226
 4403 0034 B4F57A7F 		cmp	r4, #1000
 4404              		.loc 1 2142 12 view .LVU1227
 4405 0038 EDB2     		uxtb	r5, r5
 4406              	.LVL270:
 4407              		.loc 1 2144 9 is_stmt 1 view .LVU1228
 4408              		.loc 1 2144 12 is_stmt 0 view .LVU1229
 4409 003a 09D9     		bls	.L357
 4410              		.loc 1 2145 11 is_stmt 1 view .LVU1230
 4411              		.loc 1 2145 15 is_stmt 0 view .LVU1231
 4412 003c 013D     		subs	r5, r5, #1
 4413              	.LVL271:
 4414              		.loc 1 2145 15 view .LVU1232
 4415 003e EDB2     		uxtb	r5, r5
 4416              	.LVL272:
 4417              		.loc 1 2146 11 is_stmt 1 view .LVU1233
 4418              		.loc 1 2146 17 is_stmt 0 view .LVU1234
 4419 0040 1C46     		mov	r4, r3
 4420              	.LVL273:
 4421              	.L358:
 4422              		.loc 1 2149 9 is_stmt 1 view .LVU1235
 4423              		.loc 1 2150 9 view .LVU1236
 4424              		.loc 1 2149 11 is_stmt 0 view .LVU1237
 4425 0042 281A     		subs	r0, r5, r0
 4426              	.LVL274:
 4427              		.loc 1 2150 35 view .LVU1238
 4428 0044 C0B2     		uxtb	r0, r0
 4429              		.loc 1 2150 39 view .LVU1239
 4430 0046 18F80030 		ldrb	r3, [r8, r0]	@ zero_extendqisi2
 4431 004a 1B01     		lsls	r3, r3, #4
 4432              		.loc 1 2150 22 view .LVU1240
 4433 004c B360     		str	r3, [r6, #8]
 4434 004e E9E7     		b	.L356
 4435              	.LVL275:
 4436              	.L357:
 4437              		.loc 1 2148 11 is_stmt 1 view .LVU1241
 4438              		.loc 1 2148 16 is_stmt 0 view .LVU1242
 4439 0050 0134     		adds	r4, r4, #1
 4440              	.LVL276:
 4441              		.loc 1 2148 16 view .LVU1243
 4442 0052 A4B2     		uxth	r4, r4
 4443              	.LVL277:
 4444              		.loc 1 2148 16 view .LVU1244
 4445 0054 F5E7     		b	.L358
ARM GAS  /tmp/ccRHyJSn.s 			page 79


 4446              	.L364:
 4447 0056 00BF     		.align	2
 4448              	.L363:
 4449 0058 00000000 		.word	operation_requested
 4450 005c 00740040 		.word	1073771520
 4451 0060 00000000 		.word	config
 4452 0064 00000000 		.word	dBm_to_volt
 4453              	.LBE78:
 4454              		.cfi_endproc
 4455              	.LFE288:
 4456              		.size	SI4432_Listen, .-SI4432_Listen
 4457              		.section	.text.Si446x_RSSI,"ax",%progbits
 4458              		.align	1
 4459              		.global	Si446x_RSSI
 4460              		.syntax unified
 4461              		.thumb
 4462              		.thumb_func
 4463              		.type	Si446x_RSSI, %function
 4464              	Si446x_RSSI:
 4465              	.LVL278:
 4466              	.LFB289:
 4467              		.loc 1 2160 1 is_stmt 1 view -0
 4468              		.cfi_startproc
 4469              		@ args = 0, pretend = 0, frame = 0
 4470              		@ frame_needed = 0, uses_anonymous_args = 0
 4471              		.loc 1 2162 3 view .LVU1246
 4472              		.loc 1 2162 7 is_stmt 0 view .LVU1247
 4473 0000 2D4A     		ldr	r2, .L384
 4474              		.loc 1 2160 1 view .LVU1248
 4475 0002 2DE9F843 		push	{r3, r4, r5, r6, r7, r8, r9, lr}
 4476              		.cfi_def_cfa_offset 32
 4477              		.cfi_offset 3, -32
 4478              		.cfi_offset 4, -28
 4479              		.cfi_offset 5, -24
 4480              		.cfi_offset 6, -20
 4481              		.cfi_offset 7, -16
 4482              		.cfi_offset 8, -12
 4483              		.cfi_offset 9, -8
 4484              		.cfi_offset 14, -4
 4485              		.loc 1 2162 6 view .LVU1249
 4486 0006 1378     		ldrb	r3, [r2]	@ zero_extendqisi2
 4487 0008 DFF8C880 		ldr	r8, .L384+28
 4488 000c ABB1     		cbz	r3, .L366
 4489              	.LBB79:
 4490              		.loc 1 2163 5 is_stmt 1 view .LVU1250
 4491              		.loc 1 2163 22 is_stmt 0 view .LVU1251
 4492 000e 2B4B     		ldr	r3, .L384+4
 4493 0010 2B4C     		ldr	r4, .L384+8
 4494 0012 1868     		ldr	r0, [r3]
 4495              	.LVL279:
 4496              		.loc 1 2163 22 view .LVU1252
 4497 0014 411C     		adds	r1, r0, #1
 4498 0016 205C     		ldrb	r0, [r4, r0]	@ zero_extendqisi2
 4499              	.LVL280:
 4500              		.loc 1 2164 5 is_stmt 1 view .LVU1253
 4501              		.loc 1 2164 22 is_stmt 0 view .LVU1254
 4502 0018 B8F8CA41 		ldrh	r4, [r8, #458]
ARM GAS  /tmp/ccRHyJSn.s 			page 80


 4503              		.loc 1 2163 22 view .LVU1255
 4504 001c 1960     		str	r1, [r3]
 4505              		.loc 1 2164 8 view .LVU1256
 4506 001e A142     		cmp	r1, r4
 4507              		.loc 1 2165 7 is_stmt 1 view .LVU1257
 4508              		.loc 1 2165 17 is_stmt 0 view .LVU1258
 4509 0020 A4BF     		itt	ge
 4510 0022 0021     		movge	r1, #0
 4511 0024 1960     		strge	r1, [r3]
 4512              		.loc 1 2166 5 is_stmt 1 view .LVU1259
 4513              		.loc 1 2166 19 is_stmt 0 view .LVU1260
 4514 0026 2749     		ldr	r1, .L384+12
 4515              		.loc 1 2166 8 view .LVU1261
 4516 0028 1B68     		ldr	r3, [r3]
 4517              		.loc 1 2166 19 view .LVU1262
 4518 002a 0988     		ldrh	r1, [r1]
 4519              		.loc 1 2166 8 view .LVU1263
 4520 002c 9942     		cmp	r1, r3
 4521              		.loc 1 2167 7 is_stmt 1 view .LVU1264
 4522              		.loc 1 2167 16 is_stmt 0 view .LVU1265
 4523 002e 04BF     		itt	eq
 4524 0030 0023     		moveq	r3, #0
 4525 0032 1370     		strbeq	r3, [r2]
 4526              		.loc 1 2163 16 view .LVU1266
 4527 0034 0001     		lsls	r0, r0, #4
 4528              	.LVL281:
 4529              	.L369:
 4530              		.loc 1 2163 16 view .LVU1267
 4531              	.LBE79:
 4532              		.loc 1 2230 1 view .LVU1268
 4533 0036 BDE8F883 		pop	{r3, r4, r5, r6, r7, r8, r9, pc}
 4534              	.LVL282:
 4535              	.L366:
 4536              		.loc 1 2173 6 view .LVU1269
 4537 003a D8F80426 		ldr	r2, [r8, #1540]
 4538 003e 224C     		ldr	r4, .L384+16
 4539              		.loc 1 2172 7 view .LVU1270
 4540 0040 B8F8C691 		ldrh	r9, [r8, #454]
 4541              	.LBB80:
 4542              		.loc 1 2221 7 view .LVU1271
 4543 0044 214F     		ldr	r7, .L384+20
 4544              		.loc 1 2222 28 discriminator 1 view .LVU1272
 4545 0046 224E     		ldr	r6, .L384+24
 4546              	.LBE80:
 4547              		.loc 1 2173 6 view .LVU1273
 4548 0048 012A     		cmp	r2, #1
 4549 004a 0546     		mov	r5, r0
 4550              		.loc 1 2172 3 is_stmt 1 view .LVU1274
 4551              	.LVL283:
 4552              		.loc 1 2173 3 view .LVU1275
 4553              		.loc 1 2174 5 view .LVU1276
 4554              		.loc 1 2174 15 is_stmt 0 view .LVU1277
 4555 004c 08BF     		it	eq
 4556 004e 2360     		streq	r3, [r4]
 4557              	.LVL284:
 4558              	.L371:
 4559              		.loc 1 2177 3 is_stmt 1 view .LVU1278
ARM GAS  /tmp/ccRHyJSn.s 			page 81


 4560              	.LBB81:
 4561              		.loc 1 2180 5 view .LVU1279
 4562              		.loc 1 2181 5 view .LVU1280
 4563              		.loc 1 2182 5 view .LVU1281
 4564              		.loc 1 2185 7 view .LVU1282
 4565              		.loc 1 2185 29 is_stmt 0 view .LVU1283
 4566 0050 FFF7FEFF 		bl	Si446x_readRSSI
 4567              	.LVL285:
 4568              		.loc 1 2186 7 is_stmt 1 view .LVU1284
 4569              		.loc 1 2210 5 view .LVU1285
 4570              		.loc 1 2210 16 is_stmt 0 view .LVU1286
 4571 0054 D8F80416 		ldr	r1, [r8, #1540]
 4572              		.loc 1 2210 8 view .LVU1287
 4573 0058 0129     		cmp	r1, #1
 4574 005a 4FEA0013 		lsl	r3, r0, #4
 4575 005e 10D1     		bne	.L372
 4576              		.loc 1 2211 7 is_stmt 1 view .LVU1288
 4577              		.loc 1 2211 16 is_stmt 0 view .LVU1289
 4578 0060 2268     		ldr	r2, [r4]
 4579 0062 1344     		add	r3, r3, r2
 4580              	.LVL286:
 4581              	.L373:
 4582              		.loc 1 2219 8 view .LVU1290
 4583 0064 09F1FF39 		add	r9, r9, #-1
 4584              	.LVL287:
 4585              		.loc 1 2219 8 view .LVU1291
 4586 0068 B9F1000F 		cmp	r9, #0
 4587 006c 2360     		str	r3, [r4]
 4588              		.loc 1 2219 5 is_stmt 1 view .LVU1292
 4589              	.LVL288:
 4590              		.loc 1 2220 16 is_stmt 0 view .LVU1293
 4591 006e B8F8C631 		ldrh	r3, [r8, #454]
 4592              		.loc 1 2219 8 view .LVU1294
 4593 0072 0DDC     		bgt	.L374
 4594              	.L379:
 4595              	.LBE81:
 4596              		.loc 1 2226 3 is_stmt 1 view .LVU1295
 4597              		.loc 1 2226 14 is_stmt 0 view .LVU1296
 4598 0074 B8F8C621 		ldrh	r2, [r8, #454]
 4599              		.loc 1 2226 6 view .LVU1297
 4600 0078 012A     		cmp	r2, #1
 4601 007a 14D8     		bhi	.L375
 4602              	.L376:
 4603              		.loc 1 2229 3 is_stmt 1 view .LVU1298
 4604              		.loc 1 2229 10 is_stmt 0 view .LVU1299
 4605 007c B4F90000 		ldrsh	r0, [r4]
 4606 0080 D9E7     		b	.L369
 4607              	.LVL289:
 4608              	.L372:
 4609              	.LBB82:
 4610              		.loc 1 2213 7 is_stmt 1 view .LVU1300
 4611              		.loc 1 2213 40 is_stmt 0 view .LVU1301
 4612 0082 2268     		ldr	r2, [r4]
 4613              		.loc 1 2213 36 view .LVU1302
 4614 0084 481E     		subs	r0, r1, #1
 4615              	.LVL290:
 4616              		.loc 1 2213 52 view .LVU1303
ARM GAS  /tmp/ccRHyJSn.s 			page 82


 4617 0086 02FB0033 		mla	r3, r2, r0, r3
 4618              		.loc 1 2213 93 view .LVU1304
 4619 008a 93FBF1F3 		sdiv	r3, r3, r1
 4620 008e E9E7     		b	.L373
 4621              	.L374:
 4622              		.loc 1 2220 5 is_stmt 1 view .LVU1305
 4623              		.loc 1 2220 8 is_stmt 0 view .LVU1306
 4624 0090 012B     		cmp	r3, #1
 4625 0092 02D9     		bls	.L377
 4626              		.loc 1 2221 7 is_stmt 1 view .LVU1307
 4627 0094 3868     		ldr	r0, [r7]
 4628 0096 FFF7FEFF 		bl	my_microsecond_delay
 4629              	.LVL291:
 4630              	.L377:
 4631              		.loc 1 2222 5 view .LVU1308
 4632              		.loc 1 2222 8 is_stmt 0 view .LVU1309
 4633 009a 002D     		cmp	r5, #0
 4634 009c D8D0     		beq	.L371
 4635              		.loc 1 2222 28 discriminator 1 view .LVU1310
 4636 009e 3378     		ldrb	r3, [r6]	@ zero_extendqisi2
 4637 00a0 002B     		cmp	r3, #0
 4638 00a2 D5D0     		beq	.L371
 4639 00a4 E6E7     		b	.L379
 4640              	.L375:
 4641              	.LBE82:
 4642              		.loc 1 2226 26 discriminator 1 view .LVU1311
 4643 00a6 D8F80436 		ldr	r3, [r8, #1540]
 4644 00aa 012B     		cmp	r3, #1
 4645 00ac E6D1     		bne	.L376
 4646              		.loc 1 2227 5 is_stmt 1 view .LVU1312
 4647              		.loc 1 2227 25 is_stmt 0 view .LVU1313
 4648 00ae 2368     		ldr	r3, [r4]
 4649 00b0 93FBF2F3 		sdiv	r3, r3, r2
 4650              		.loc 1 2227 14 view .LVU1314
 4651 00b4 2360     		str	r3, [r4]
 4652 00b6 E1E7     		b	.L376
 4653              	.L385:
 4654              		.align	2
 4655              	.L384:
 4656 00b8 00000000 		.word	buf_read
 4657 00bc 00000000 		.word	buf_index
 4658 00c0 00000000 		.word	age
 4659 00c4 00000000 		.word	buf_end
 4660 00c8 00000000 		.word	RSSI_RAW
 4661 00cc 00000000 		.word	SI4432_step_delay
 4662 00d0 00000000 		.word	operation_requested
 4663 00d4 00000000 		.word	setting
 4664              		.cfi_endproc
 4665              	.LFE289:
 4666              		.size	Si446x_RSSI, .-Si446x_RSSI
 4667              		.section	.text.SI446x_set_AGC_LNA,"ax",%progbits
 4668              		.align	1
 4669              		.global	SI446x_set_AGC_LNA
 4670              		.syntax unified
 4671              		.thumb
 4672              		.thumb_func
 4673              		.type	SI446x_set_AGC_LNA, %function
ARM GAS  /tmp/ccRHyJSn.s 			page 83


 4674              	SI446x_set_AGC_LNA:
 4675              	.LVL292:
 4676              	.LFB290:
 4677              		.loc 1 2235 1 is_stmt 1 view -0
 4678              		.cfi_startproc
 4679              		@ args = 0, pretend = 0, frame = 8
 4680              		@ frame_needed = 0, uses_anonymous_args = 0
 4681              		.loc 1 2236 3 view .LVU1316
 4682              		.loc 1 2235 1 is_stmt 0 view .LVU1317
 4683 0000 07B5     		push	{r0, r1, r2, lr}
 4684              		.cfi_def_cfa_offset 16
 4685              		.cfi_offset 14, -4
 4686              		.loc 1 2236 11 view .LVU1318
 4687 0002 D023     		movs	r3, #208
 4688 0004 8DF80430 		strb	r3, [sp, #4]
 4689              		.loc 1 2240 3 view .LVU1319
 4690 0008 0023     		movs	r3, #0
 4691              		.loc 1 2236 11 view .LVU1320
 4692 000a 8DF80500 		strb	r0, [sp, #5]
 4693              		.loc 1 2240 3 is_stmt 1 view .LVU1321
 4694 000e 1A46     		mov	r2, r3
 4695 0010 0221     		movs	r1, #2
 4696 0012 01A8     		add	r0, sp, #4
 4697              	.LVL293:
 4698              		.loc 1 2240 3 is_stmt 0 view .LVU1322
 4699 0014 FFF7FEFF 		bl	SI4463_do_api
 4700              	.LVL294:
 4701              		.loc 1 2247 1 view .LVU1323
 4702 0018 03B0     		add	sp, sp, #12
 4703              		.cfi_def_cfa_offset 4
 4704              		@ sp needed
 4705 001a 5DF804FB 		ldr	pc, [sp], #4
 4706              		.cfi_endproc
 4707              	.LFE290:
 4708              		.size	SI446x_set_AGC_LNA, .-SI446x_set_AGC_LNA
 4709              		.section	.text.getSI4463_RSSI_correction,"ax",%progbits
 4710              		.align	1
 4711              		.global	getSI4463_RSSI_correction
 4712              		.syntax unified
 4713              		.thumb
 4714              		.thumb_func
 4715              		.type	getSI4463_RSSI_correction, %function
 4716              	getSI4463_RSSI_correction:
 4717              	.LFB291:
 4718              		.loc 1 2387 43 is_stmt 1 view -0
 4719              		.cfi_startproc
 4720              		@ args = 0, pretend = 0, frame = 0
 4721              		@ frame_needed = 0, uses_anonymous_args = 0
 4722              		@ link register save eliminated.
 4723              		.loc 1 2388 3 view .LVU1325
 4724              		.loc 1 2389 1 is_stmt 0 view .LVU1326
 4725 0000 014B     		ldr	r3, .L389
 4726 0002 B3F90000 		ldrsh	r0, [r3]
 4727 0006 7047     		bx	lr
 4728              	.L390:
 4729              		.align	2
 4730              	.L389:
ARM GAS  /tmp/ccRHyJSn.s 			page 84


 4731 0008 00000000 		.word	SI4463_RSSI_correction
 4732              		.cfi_endproc
 4733              	.LFE291:
 4734              		.size	getSI4463_RSSI_correction, .-getSI4463_RSSI_correction
 4735              		.section	.text.switch_SI4463_RSSI_correction,"ax",%progbits
 4736              		.align	1
 4737              		.global	switch_SI4463_RSSI_correction
 4738              		.syntax unified
 4739              		.thumb
 4740              		.thumb_func
 4741              		.type	switch_SI4463_RSSI_correction, %function
 4742              	switch_SI4463_RSSI_correction:
 4743              	.LVL295:
 4744              	.LFB292:
 4745              		.loc 1 2391 49 is_stmt 1 view -0
 4746              		.cfi_startproc
 4747              		@ args = 0, pretend = 0, frame = 0
 4748              		@ frame_needed = 0, uses_anonymous_args = 0
 4749              		@ link register save eliminated.
 4750              		.loc 1 2392 3 view .LVU1328
 4751              		.loc 1 2392 34 is_stmt 0 view .LVU1329
 4752 0000 014B     		ldr	r3, .L392
 4753 0002 1870     		strb	r0, [r3]
 4754              		.loc 1 2393 1 view .LVU1330
 4755 0004 7047     		bx	lr
 4756              	.L393:
 4757 0006 00BF     		.align	2
 4758              	.L392:
 4759 0008 00000000 		.word	SI4463_RSSI_correction_enabled
 4760              		.cfi_endproc
 4761              	.LFE292:
 4762              		.size	switch_SI4463_RSSI_correction, .-switch_SI4463_RSSI_correction
 4763              		.section	.text.SI4463_set_IF,"ax",%progbits
 4764              		.align	1
 4765              		.global	SI4463_set_IF
 4766              		.syntax unified
 4767              		.thumb
 4768              		.thumb_func
 4769              		.type	SI4463_set_IF, %function
 4770              	SI4463_set_IF:
 4771              	.LVL296:
 4772              	.LFB293:
 4773              		.loc 1 2395 30 is_stmt 1 view -0
 4774              		.cfi_startproc
 4775              		@ args = 0, pretend = 0, frame = 8
 4776              		@ frame_needed = 0, uses_anonymous_args = 0
 4777              		.loc 1 2405 1 view .LVU1332
 4778              		.loc 1 2406 1 view .LVU1333
 4779              		.loc 1 2408 3 view .LVU1334
 4780              		.loc 1 2395 30 is_stmt 0 view .LVU1335
 4781 0000 07B5     		push	{r0, r1, r2, lr}
 4782              		.cfi_def_cfa_offset 16
 4783              		.cfi_offset 14, -4
 4784              		.loc 1 2408 11 view .LVU1336
 4785 0002 094B     		ldr	r3, .L396
 4786 0004 0093     		str	r3, [sp]
 4787              		.loc 1 2408 59 view .LVU1337
ARM GAS  /tmp/ccRHyJSn.s 			page 85


 4788 0006 094B     		ldr	r3, .L396+4
 4789              		.loc 1 2408 11 view .LVU1338
 4790 0008 1B5C     		ldrb	r3, [r3, r0]	@ zero_extendqisi2
 4791 000a 8DF80430 		strb	r3, [sp, #4]
 4792              		.loc 1 2408 78 view .LVU1339
 4793 000e 084B     		ldr	r3, .L396+8
 4794              		.loc 1 2408 11 view .LVU1340
 4795 0010 1B5C     		ldrb	r3, [r3, r0]	@ zero_extendqisi2
 4796 0012 8DF80530 		strb	r3, [sp, #5]
 4797              		.loc 1 2409 3 is_stmt 1 view .LVU1341
 4798 0016 0023     		movs	r3, #0
 4799 0018 1A46     		mov	r2, r3
 4800 001a 0621     		movs	r1, #6
 4801 001c 6846     		mov	r0, sp
 4802              	.LVL297:
 4803              		.loc 1 2409 3 is_stmt 0 view .LVU1342
 4804 001e FFF7FEFF 		bl	SI4463_do_api
 4805              	.LVL298:
 4806              		.loc 1 2410 1 view .LVU1343
 4807 0022 03B0     		add	sp, sp, #12
 4808              		.cfi_def_cfa_offset 4
 4809              		@ sp needed
 4810 0024 5DF804FB 		ldr	pc, [sp], #4
 4811              	.L397:
 4812              		.align	2
 4813              	.L396:
 4814 0028 1120031B 		.word	453189649
 4815 002c 00000000 		.word	if_freq_high.7
 4816 0030 00000000 		.word	if_freq_low.6
 4817              		.cfi_endproc
 4818              	.LFE293:
 4819              		.size	SI4463_set_IF, .-SI4463_set_IF
 4820              		.section	.text.SI4463_set_modem_DSM,"ax",%progbits
 4821              		.align	1
 4822              		.global	SI4463_set_modem_DSM
 4823              		.syntax unified
 4824              		.thumb
 4825              		.thumb_func
 4826              		.type	SI4463_set_modem_DSM, %function
 4827              	SI4463_set_modem_DSM:
 4828              	.LFB294:
 4829              		.loc 1 2412 33 is_stmt 1 view -0
 4830              		.cfi_startproc
 4831              		@ args = 0, pretend = 0, frame = 0
 4832              		@ frame_needed = 0, uses_anonymous_args = 0
 4833              		@ link register save eliminated.
 4834              		.loc 1 2421 3 view .LVU1345
 4835              		.loc 1 2422 3 view .LVU1346
 4836 0000 0023     		movs	r3, #0
 4837 0002 0248     		ldr	r0, .L399
 4838 0004 1A46     		mov	r2, r3
 4839 0006 0521     		movs	r1, #5
 4840 0008 FFF7FEBF 		b	SI4463_do_api
 4841              	.LVL299:
 4842              	.L400:
 4843              		.align	2
 4844              	.L399:
ARM GAS  /tmp/ccRHyJSn.s 			page 86


 4845 000c 00000000 		.word	data3.5
 4846              		.cfi_endproc
 4847              	.LFE294:
 4848              		.size	SI4463_set_modem_DSM, .-SI4463_set_modem_DSM
 4849              		.section	.text.force_rbw,"ax",%progbits
 4850              		.align	1
 4851              		.global	force_rbw
 4852              		.syntax unified
 4853              		.thumb
 4854              		.thumb_func
 4855              		.type	force_rbw, %function
 4856              	force_rbw:
 4857              	.LVL300:
 4858              	.LFB295:
 4859              		.loc 1 2427 1 view -0
 4860              		.cfi_startproc
 4861              		@ args = 0, pretend = 0, frame = 0
 4862              		@ frame_needed = 0, uses_anonymous_args = 0
 4863              		.loc 1 2428 3 view .LVU1348
 4864              		.loc 1 2428 6 is_stmt 0 view .LVU1349
 4865 0000 0828     		cmp	r0, #8
 4866 0002 4DDC     		bgt	.L408
 4867              		.loc 1 2427 1 view .LVU1350
 4868 0004 2DE9F041 		push	{r4, r5, r6, r7, r8, lr}
 4869              		.cfi_def_cfa_offset 24
 4870              		.cfi_offset 4, -24
 4871              		.cfi_offset 5, -20
 4872              		.cfi_offset 6, -16
 4873              		.cfi_offset 7, -12
 4874              		.cfi_offset 8, -8
 4875              		.cfi_offset 14, -4
 4876 0008 0446     		mov	r4, r0
 4877              		.loc 1 2430 3 is_stmt 1 view .LVU1351
 4878 000a 0320     		movs	r0, #3
 4879              	.LVL301:
 4880              		.loc 1 2430 3 is_stmt 0 view .LVU1352
 4881 000c FFF7FEFF 		bl	SI4463_set_state
 4882              	.LVL302:
 4883              		.loc 1 2431 3 is_stmt 1 view .LVU1353
 4884              		.loc 1 2431 18 is_stmt 0 view .LVU1354
 4885 0010 0C23     		movs	r3, #12
 4886 0012 244D     		ldr	r5, .L417
 4887 0014 6343     		muls	r3, r4, r3
 4888              		.loc 1 2432 12 view .LVU1355
 4889 0016 0026     		movs	r6, #0
 4890              		.loc 1 2431 18 view .LVU1356
 4891 0018 55F80380 		ldr	r8, [r5, r3]
 4892              	.LVL303:
 4893              		.loc 1 2432 3 is_stmt 1 view .LVU1357
 4894              		.loc 1 2433 3 view .LVU1358
 4895              	.L403:
 4896              		.loc 1 2433 19 view .LVU1359
 4897              		.loc 1 2433 15 is_stmt 0 view .LVU1360
 4898 001c 18F80610 		ldrb	r1, [r8, r6]	@ zero_extendqisi2
 4899              		.loc 1 2433 19 view .LVU1361
 4900 0020 79BB     		cbnz	r1, .L404
 4901              		.loc 1 2438 3 is_stmt 1 view .LVU1362
ARM GAS  /tmp/ccRHyJSn.s 			page 87


 4902              		.loc 1 2438 17 is_stmt 0 view .LVU1363
 4903 0022 214B     		ldr	r3, .L417+4
 4904 0024 1868     		ldr	r0, [r3]
 4905              		.loc 1 2438 6 view .LVU1364
 4906 0026 08B1     		cbz	r0, .L405
 4907              		.loc 1 2438 23 is_stmt 1 discriminator 1 view .LVU1365
 4908 0028 FFF7FEFF 		bl	SI4463_set_IF
 4909              	.LVL304:
 4910              	.L405:
 4911              		.loc 1 2439 3 view .LVU1366
 4912              		.loc 1 2439 14 is_stmt 0 view .LVU1367
 4913 002c 1F4B     		ldr	r3, .L417+8
 4914              		.loc 1 2439 6 view .LVU1368
 4915 002e D3E98C23 		ldrd	r2, r3, [r3, #560]
 4916 0032 642A     		cmp	r2, #100
 4917 0034 73F10003 		sbcs	r3, r3, #0
 4918 0038 01D2     		bcs	.L406
 4919              		.loc 1 2439 37 is_stmt 1 discriminator 1 view .LVU1369
 4920 003a FFF7FEFF 		bl	SI4463_set_modem_DSM
 4921              	.LVL305:
 4922              	.L406:
 4923              		.loc 1 2440 3 view .LVU1370
 4924 003e FFF7FEFF 		bl	SI4463_clear_int_status
 4925              	.LVL306:
 4926              		.loc 1 2441 3 view .LVU1371
 4927 0042 FFF7FEFF 		bl	SI4463_short_start_rx
 4928              	.LVL307:
 4929              		.loc 1 2443 3 view .LVU1372
 4930 0046 FFF7FEFF 		bl	set_RSSI_comp
 4931              	.LVL308:
 4932              		.loc 1 2445 3 view .LVU1373
 4933              		.loc 1 2445 61 is_stmt 0 view .LVU1374
 4934 004a 194B     		ldr	r3, .L417+12
 4935              		.loc 1 2445 26 view .LVU1375
 4936 004c 1B78     		ldrb	r3, [r3]	@ zero_extendqisi2
 4937 004e 2BB3     		cbz	r3, .L409
 4938              		.loc 1 2445 64 discriminator 1 view .LVU1376
 4939 0050 0C23     		movs	r3, #12
 4940 0052 03FB0453 		mla	r3, r3, r4, r5
 4941              		.loc 1 2445 126 discriminator 1 view .LVU1377
 4942 0056 0A22     		movs	r2, #10
 4943              		.loc 1 2445 64 discriminator 1 view .LVU1378
 4944 0058 B3F90430 		ldrsh	r3, [r3, #4]
 4945 005c A3F59663 		sub	r3, r3, #1200
 4946 0060 5B01     		lsls	r3, r3, #5
 4947              		.loc 1 2445 126 discriminator 1 view .LVU1379
 4948 0062 93FBF2F3 		sdiv	r3, r3, r2
 4949              		.loc 1 2445 26 discriminator 1 view .LVU1380
 4950 0066 1BB2     		sxth	r3, r3
 4951              	.L407:
 4952              		.loc 1 2445 26 discriminator 4 view .LVU1381
 4953 0068 124A     		ldr	r2, .L417+16
 4954 006a 1380     		strh	r3, [r2]	@ movhi
 4955              		.loc 1 2446 3 is_stmt 1 view .LVU1382
 4956              		.loc 1 2446 47 is_stmt 0 view .LVU1383
 4957 006c 0C23     		movs	r3, #12
 4958 006e 03FB0455 		mla	r5, r3, r4, r5
ARM GAS  /tmp/ccRHyJSn.s 			page 88


 4959              		.loc 1 2446 31 view .LVU1384
 4960 0072 114B     		ldr	r3, .L417+20
 4961 0074 2A89     		ldrh	r2, [r5, #8]
 4962 0076 1A80     		strh	r2, [r3]	@ movhi
 4963              		.loc 1 2447 3 is_stmt 1 view .LVU1385
 4964              		.loc 1 2447 23 is_stmt 0 view .LVU1386
 4965 0078 104B     		ldr	r3, .L417+24
 4966              		.loc 1 2448 24 view .LVU1387
 4967 007a E888     		ldrh	r0, [r5, #6]
 4968              		.loc 1 2447 23 view .LVU1388
 4969 007c 1C70     		strb	r4, [r3]
 4970              		.loc 1 2448 3 is_stmt 1 view .LVU1389
 4971              		.loc 1 2449 1 is_stmt 0 view .LVU1390
 4972 007e BDE8F081 		pop	{r4, r5, r6, r7, r8, pc}
 4973              	.LVL309:
 4974              	.L404:
 4975              		.loc 1 2435 5 is_stmt 1 view .LVU1391
 4976              		.loc 1 2435 34 is_stmt 0 view .LVU1392
 4977 0082 771C     		adds	r7, r6, #1
 4978              		.loc 1 2435 5 view .LVU1393
 4979 0084 0023     		movs	r3, #0
 4980 0086 1A46     		mov	r2, r3
 4981 0088 08EB0700 		add	r0, r8, r7
 4982 008c FFF7FEFF 		bl	SI4463_do_api
 4983              	.LVL310:
 4984              		.loc 1 2436 5 is_stmt 1 view .LVU1394
 4985              		.loc 1 2436 16 is_stmt 0 view .LVU1395
 4986 0090 18F80630 		ldrb	r3, [r8, r6]	@ zero_extendqisi2
 4987              		.loc 1 2436 7 view .LVU1396
 4988 0094 13FA87F7 		uxtah	r7, r3, r7
 4989 0098 BEB2     		uxth	r6, r7
 4990              	.LVL311:
 4991              		.loc 1 2436 7 view .LVU1397
 4992 009a BFE7     		b	.L403
 4993              	.L409:
 4994              		.loc 1 2445 26 discriminator 2 view .LVU1398
 4995 009c 084B     		ldr	r3, .L417+28
 4996 009e E3E7     		b	.L407
 4997              	.LVL312:
 4998              	.L408:
 4999              		.cfi_def_cfa_offset 0
 5000              		.cfi_restore 4
 5001              		.cfi_restore 5
 5002              		.cfi_restore 6
 5003              		.cfi_restore 7
 5004              		.cfi_restore 8
 5005              		.cfi_restore 14
 5006              		.loc 1 2429 11 view .LVU1399
 5007 00a0 0020     		movs	r0, #0
 5008              	.LVL313:
 5009              		.loc 1 2449 1 view .LVU1400
 5010 00a2 7047     		bx	lr
 5011              	.L418:
 5012              		.align	2
 5013              	.L417:
 5014 00a4 00000000 		.word	RBW_choices
 5015 00a8 00000000 		.word	prev_band
ARM GAS  /tmp/ccRHyJSn.s 			page 89


 5016 00ac 00000000 		.word	setting
 5017 00b0 00000000 		.word	SI4463_RSSI_correction_enabled
 5018 00b4 00000000 		.word	SI4463_RSSI_correction
 5019 00b8 00000000 		.word	SI4463_noise_correction_x10
 5020 00bc 00000000 		.word	SI4463_rbw_selected
 5021 00c0 00F1FFFF 		.word	-3840
 5022              		.cfi_endproc
 5023              	.LFE295:
 5024              		.size	force_rbw, .-force_rbw
 5025              		.section	.text.set_rbw,"ax",%progbits
 5026              		.align	1
 5027              		.global	set_rbw
 5028              		.syntax unified
 5029              		.thumb
 5030              		.thumb_func
 5031              		.type	set_rbw, %function
 5032              	set_rbw:
 5033              	.LVL314:
 5034              	.LFB296:
 5035              		.loc 1 2451 34 is_stmt 1 view -0
 5036              		.cfi_startproc
 5037              		@ args = 0, pretend = 0, frame = 0
 5038              		@ frame_needed = 0, uses_anonymous_args = 0
 5039              		@ link register save eliminated.
 5040              		.loc 1 2452 3 view .LVU1402
 5041              		.loc 1 2453 3 view .LVU1403
 5042              		.loc 1 2453 15 discriminator 1 view .LVU1404
 5043 0000 064B     		ldr	r3, .L423
 5044              		.loc 1 2451 34 is_stmt 0 view .LVU1405
 5045 0002 0246     		mov	r2, r0
 5046              		.loc 1 2453 9 view .LVU1406
 5047 0004 0020     		movs	r0, #0
 5048              	.LVL315:
 5049              	.L421:
 5050              		.loc 1 2454 5 is_stmt 1 view .LVU1407
 5051              		.loc 1 2454 31 is_stmt 0 view .LVU1408
 5052 0006 B3F90610 		ldrsh	r1, [r3, #6]
 5053              		.loc 1 2454 8 view .LVU1409
 5054 000a 8A42     		cmp	r2, r1
 5055 000c 04DD     		ble	.L420
 5056              		.loc 1 2453 64 is_stmt 1 discriminator 2 view .LVU1410
 5057 000e 0130     		adds	r0, r0, #1
 5058              	.LVL316:
 5059              		.loc 1 2453 15 discriminator 1 view .LVU1411
 5060 0010 0828     		cmp	r0, #8
 5061 0012 03F10C03 		add	r3, r3, #12
 5062 0016 F6D1     		bne	.L421
 5063              	.L420:
 5064              		.loc 1 2456 3 view .LVU1412
 5065              		.loc 1 2456 10 is_stmt 0 view .LVU1413
 5066 0018 FFF7FEBF 		b	force_rbw
 5067              	.LVL317:
 5068              	.L424:
 5069              		.loc 1 2456 10 view .LVU1414
 5070              		.align	2
 5071              	.L423:
 5072 001c 00000000 		.word	RBW_choices
ARM GAS  /tmp/ccRHyJSn.s 			page 90


 5073              		.cfi_endproc
 5074              	.LFE296:
 5075              		.size	set_rbw, .-set_rbw
 5076              		.section	.text.SI4463_set_freq,"ax",%progbits
 5077              		.align	1
 5078              		.global	SI4463_set_freq
 5079              		.syntax unified
 5080              		.thumb
 5081              		.thumb_func
 5082              		.type	SI4463_set_freq, %function
 5083              	SI4463_set_freq:
 5084              	.LVL318:
 5085              	.LFB297:
 5086              		.loc 1 2463 1 is_stmt 1 view -0
 5087              		.cfi_startproc
 5088              		@ args = 0, pretend = 0, frame = 24
 5089              		@ frame_needed = 0, uses_anonymous_args = 0
 5090              		.loc 1 2464 3 view .LVU1416
 5091              		.loc 1 2466 3 view .LVU1417
 5092              		.loc 1 2467 3 view .LVU1418
 5093              		.loc 1 2467 18 is_stmt 0 view .LVU1419
 5094 0000 684B     		ldr	r3, .L441
 5095              		.loc 1 2463 1 view .LVU1420
 5096 0002 2DE9F04F 		push	{r4, r5, r6, r7, r8, r9, r10, fp, lr}
 5097              		.cfi_def_cfa_offset 36
 5098              		.cfi_offset 4, -36
 5099              		.cfi_offset 5, -32
 5100              		.cfi_offset 6, -28
 5101              		.cfi_offset 7, -24
 5102              		.cfi_offset 8, -20
 5103              		.cfi_offset 9, -16
 5104              		.cfi_offset 10, -12
 5105              		.cfi_offset 11, -8
 5106              		.cfi_offset 14, -4
 5107 0006 0446     		mov	r4, r0
 5108              		.loc 1 2467 18 view .LVU1421
 5109 0008 0020     		movs	r0, #0
 5110              	.LVL319:
 5111              		.loc 1 2467 18 view .LVU1422
 5112 000a 1870     		strb	r0, [r3]
 5113              		.loc 1 2468 3 is_stmt 1 view .LVU1423
 5114              		.loc 1 2468 25 is_stmt 0 view .LVU1424
 5115 000c 664B     		ldr	r3, .L441+4
 5116 000e E318     		adds	r3, r4, r3
 5117 0010 61F10002 		sbc	r2, r1, #0
 5118              		.loc 1 2463 1 view .LVU1425
 5119 0014 0D46     		mov	r5, r1
 5120              		.loc 1 2468 6 view .LVU1426
 5121 0016 6549     		ldr	r1, .L441+8
 5122 0018 9942     		cmp	r1, r3
 5123 001a 70EB0202 		sbcs	r2, r0, r2
 5124              		.loc 1 2463 1 view .LVU1427
 5125 001e 87B0     		sub	sp, sp, #28
 5126              		.cfi_def_cfa_offset 64
 5127              		.loc 1 2468 6 view .LVU1428
 5128 0020 80F0AA80 		bcs	.L432
 5129              		.loc 1 2471 10 is_stmt 1 view .LVU1429
ARM GAS  /tmp/ccRHyJSn.s 			page 91


 5130              		.loc 1 2471 32 is_stmt 0 view .LVU1430
 5131 0024 624B     		ldr	r3, .L441+12
 5132              		.loc 1 2471 13 view .LVU1431
 5133 0026 6349     		ldr	r1, .L441+16
 5134              		.loc 1 2471 32 view .LVU1432
 5135 0028 E318     		adds	r3, r4, r3
 5136 002a 65F10002 		sbc	r2, r5, #0
 5137              		.loc 1 2471 13 view .LVU1433
 5138 002e 9942     		cmp	r1, r3
 5139 0030 70EB0202 		sbcs	r2, r0, r2
 5140 0034 80F0A380 		bcs	.L433
 5141              		.loc 1 2474 10 is_stmt 1 view .LVU1434
 5142              		.loc 1 2474 32 is_stmt 0 view .LVU1435
 5143 0038 5F4B     		ldr	r3, .L441+20
 5144              		.loc 1 2474 13 view .LVU1436
 5145 003a 6049     		ldr	r1, .L441+24
 5146              		.loc 1 2474 32 view .LVU1437
 5147 003c E318     		adds	r3, r4, r3
 5148 003e 65F10002 		sbc	r2, r5, #0
 5149              		.loc 1 2474 13 view .LVU1438
 5150 0042 9942     		cmp	r1, r3
 5151 0044 70EB0202 		sbcs	r2, r0, r2
 5152 0048 80F09D80 		bcs	.L434
 5153              		.loc 1 2477 10 is_stmt 1 view .LVU1439
 5154              		.loc 1 2477 32 is_stmt 0 view .LVU1440
 5155 004c 5C4B     		ldr	r3, .L441+28
 5156              		.loc 1 2477 13 view .LVU1441
 5157 004e 5D49     		ldr	r1, .L441+32
 5158              		.loc 1 2477 32 view .LVU1442
 5159 0050 E318     		adds	r3, r4, r3
 5160 0052 65F10002 		sbc	r2, r5, #0
 5161              		.loc 1 2477 13 view .LVU1443
 5162 0056 9942     		cmp	r1, r3
 5163 0058 70EB0202 		sbcs	r2, r0, r2
 5164 005c 80F09780 		bcs	.L435
 5165              		.loc 1 2480 10 is_stmt 1 view .LVU1444
 5166              		.loc 1 2480 32 is_stmt 0 view .LVU1445
 5167 0060 594B     		ldr	r3, .L441+36
 5168              		.loc 1 2480 13 view .LVU1446
 5169 0062 5A49     		ldr	r1, .L441+40
 5170              		.loc 1 2480 32 view .LVU1447
 5171 0064 E318     		adds	r3, r4, r3
 5172 0066 65F10002 		sbc	r2, r5, #0
 5173              		.loc 1 2480 13 view .LVU1448
 5174 006a 9942     		cmp	r1, r3
 5175 006c 70EB0202 		sbcs	r2, r0, r2
 5176 0070 C0F09480 		bcc	.L436
 5177 0074 0520     		movs	r0, #5
 5178              		.loc 1 2482 20 view .LVU1449
 5179 0076 4FF41666 		mov	r6, #2400
 5180              	.L426:
 5181              		.loc 1 2490 7 view .LVU1450
 5182 007a 554F     		ldr	r7, .L441+44
 5183              		.loc 1 2469 17 view .LVU1451
 5184 007c DFF87081 		ldr	r8, .L441+76
 5185              		.loc 1 2490 6 view .LVU1452
 5186 0080 3B78     		ldrb	r3, [r7]	@ zero_extendqisi2
ARM GAS  /tmp/ccRHyJSn.s 			page 92


 5187              		.loc 1 2469 17 view .LVU1453
 5188 0082 C8F80000 		str	r0, [r8]
 5189              	.LVL320:
 5190              		.loc 1 2490 3 is_stmt 1 view .LVU1454
 5191              		.loc 1 2490 6 is_stmt 0 view .LVU1455
 5192 0086 23B1     		cbz	r3, .L428
 5193              		.loc 1 2491 5 is_stmt 1 view .LVU1456
 5194 0088 0020     		movs	r0, #0
 5195 008a FFF7FEFF 		bl	si_set_offset
 5196              	.LVL321:
 5197              		.loc 1 2492 5 view .LVU1457
 5198              		.loc 1 2492 26 is_stmt 0 view .LVU1458
 5199 008e 0023     		movs	r3, #0
 5200 0090 3B70     		strb	r3, [r7]
 5201              	.L428:
 5202              		.loc 1 2494 3 is_stmt 1 view .LVU1459
 5203              		.loc 1 2494 60 is_stmt 0 view .LVU1460
 5204 0092 504B     		ldr	r3, .L441+48
 5205              		.loc 1 2494 22 view .LVU1461
 5206 0094 A6FB04A4 		umull	r10, r4, r6, r4
 5207 0098 06FB0544 		mla	r4, r6, r5, r4
 5208              		.loc 1 2494 60 view .LVU1462
 5209 009c D3F8FC5B 		ldr	r5, [r3, #3068]
 5210 00a0 D3F8001C 		ldr	r1, [r3, #3072]
 5211              		.loc 1 2494 85 view .LVU1463
 5212 00a4 6D19     		adds	r5, r5, r5
 5213 00a6 41EB010B 		adc	fp, r1, r1
 5214              		.loc 1 2494 40 view .LVU1464
 5215 00aa 2A46     		mov	r2, r5
 5216 00ac 5B46     		mov	r3, fp
 5217 00ae 5046     		mov	r0, r10
 5218 00b0 2146     		mov	r1, r4
 5219 00b2 FFF7FEFF 		bl	__aeabi_uldivmod
 5220              	.LVL322:
 5221              		.loc 1 2496 40 view .LVU1465
 5222 00b6 E404     		lsls	r4, r4, #19
 5223              		.loc 1 2494 12 view .LVU1466
 5224 00b8 00F1FF39 		add	r9, r0, #-1
 5225              	.LVL323:
 5226              		.loc 1 2495 3 is_stmt 1 view .LVU1467
 5227              		.loc 1 2496 3 view .LVU1468
 5228              		.loc 1 2496 46 is_stmt 0 view .LVU1469
 5229 00bc 2A46     		mov	r2, r5
 5230 00be 44EA5A31 		orr	r1, r4, r10, lsr #13
 5231 00c2 5B46     		mov	r3, fp
 5232 00c4 4FEACA40 		lsl	r0, r10, #19
 5233 00c8 FFF7FEFF 		bl	__aeabi_uldivmod
 5234              	.LVL324:
 5235              		.loc 1 2494 22 view .LVU1470
 5236 00cc 0027     		movs	r7, #0
 5237              		.loc 1 2496 13 view .LVU1471
 5238 00ce A0EBC94A 		sub	r10, r0, r9, lsl #19
 5239              	.LVL325:
 5240              		.loc 1 2497 3 is_stmt 1 view .LVU1472
 5241              		.loc 1 2497 31 is_stmt 0 view .LVU1473
 5242 00d2 4FF40023 		mov	r3, #524288
 5243 00d6 5046     		mov	r0, r10
ARM GAS  /tmp/ccRHyJSn.s 			page 93


 5244 00d8 3A46     		mov	r2, r7
 5245 00da E9FB0302 		umlal	r0, r2, r9, r3
 5246              		.loc 1 2497 36 view .LVU1474
 5247 00de 00FB0BF1 		mul	r1, r0, fp
 5248 00e2 05FB0211 		mla	r1, r5, r2, r1
 5249 00e6 A0FB0505 		umull	r0, r5, r0, r5
 5250              		.loc 1 2497 116 view .LVU1475
 5251 00ea 3246     		mov	r2, r6
 5252 00ec 3B46     		mov	r3, r7
 5253 00ee 2944     		add	r1, r1, r5
 5254 00f0 FFF7FEFF 		bl	__aeabi_uldivmod
 5255              	.LVL326:
 5256              		.loc 1 2497 10 view .LVU1476
 5257 00f4 C40C     		lsrs	r4, r0, #19
 5258              		.loc 1 2546 3 view .LVU1477
 5259 00f6 0320     		movs	r0, #3
 5260              		.loc 1 2497 10 view .LVU1478
 5261 00f8 44EA4134 		orr	r4, r4, r1, lsl #13
 5262 00fc CD0C     		lsrs	r5, r1, #19
 5263              	.LVL327:
 5264              		.loc 1 2546 3 is_stmt 1 view .LVU1479
 5265 00fe FFF7FEFF 		bl	SI4463_set_state
 5266              	.LVL328:
 5267              		.loc 1 2565 3 view .LVU1480
 5268              		.loc 1 2565 11 is_stmt 0 view .LVU1481
 5269 0102 354B     		ldr	r3, .L441+52
 5270 0104 0393     		str	r3, [sp, #12]
 5271              		.loc 1 2568 34 view .LVU1482
 5272 0106 4FEA1A43 		lsr	r3, r10, #16
 5273              		.loc 1 2568 21 view .LVU1483
 5274 010a 8DF81130 		strb	r3, [sp, #17]
 5275              		.loc 1 2578 3 view .LVU1484
 5276 010e 0C21     		movs	r1, #12
 5277              		.loc 1 2565 11 view .LVU1485
 5278 0110 324B     		ldr	r3, .L441+56
 5279              		.loc 1 2580 19 view .LVU1486
 5280 0112 334E     		ldr	r6, .L441+60
 5281              	.LVL329:
 5282              		.loc 1 2565 11 view .LVU1487
 5283 0114 0593     		str	r3, [sp, #20]
 5284              		.loc 1 2578 3 is_stmt 1 view .LVU1488
 5285 0116 3A46     		mov	r2, r7
 5286 0118 3B46     		mov	r3, r7
 5287              		.loc 1 2565 11 is_stmt 0 view .LVU1489
 5288 011a 9AFA9AFA 		rev16	r10, r10
 5289              	.LVL330:
 5290              		.loc 1 2578 3 view .LVU1490
 5291 011e 0DEB0100 		add	r0, sp, r1
 5292              		.loc 1 2567 21 view .LVU1491
 5293 0122 8DF81090 		strb	r9, [sp, #16]
 5294              		.loc 1 2565 11 view .LVU1492
 5295 0126 ADF812A0 		strh	r10, [sp, #18]	@ movhi
 5296              		.loc 1 2578 3 view .LVU1493
 5297 012a FFF7FEFF 		bl	SI4463_do_api
 5298              	.LVL331:
 5299              		.loc 1 2580 3 is_stmt 1 view .LVU1494
 5300              		.loc 1 2580 19 is_stmt 0 view .LVU1495
ARM GAS  /tmp/ccRHyJSn.s 			page 94


 5301 012e D8F80030 		ldr	r3, [r8]
 5302              		.loc 1 2580 6 view .LVU1496
 5303 0132 3268     		ldr	r2, [r6]
 5304 0134 9342     		cmp	r3, r2
 5305 0136 11D0     		beq	.L429
 5306              	.LBB83:
 5307              		.loc 1 2591 5 is_stmt 1 view .LVU1497
 5308              		.loc 1 2591 13 is_stmt 0 view .LVU1498
 5309 0138 2A4A     		ldr	r2, .L441+64
 5310 013a 0192     		str	r2, [sp, #4]
 5311              		.loc 1 2593 36 view .LVU1499
 5312 013c 0833     		adds	r3, r3, #8
 5313              		.loc 1 2591 13 view .LVU1500
 5314 013e 8DF80830 		strb	r3, [sp, #8]
 5315              		.loc 1 2595 5 is_stmt 1 view .LVU1501
 5316 0142 3A46     		mov	r2, r7
 5317 0144 3B46     		mov	r3, r7
 5318 0146 0521     		movs	r1, #5
 5319 0148 01A8     		add	r0, sp, #4
 5320 014a FFF7FEFF 		bl	SI4463_do_api
 5321              	.LVL332:
 5322              		.loc 1 2598 5 view .LVU1502
 5323 014e D8F80000 		ldr	r0, [r8]
 5324 0152 FFF7FEFF 		bl	SI4463_set_IF
 5325              	.LVL333:
 5326              		.loc 1 2599 5 view .LVU1503
 5327              		.loc 1 2599 15 is_stmt 0 view .LVU1504
 5328 0156 D8F80030 		ldr	r3, [r8]
 5329 015a 3360     		str	r3, [r6]
 5330              	.L429:
 5331              	.LBE83:
 5332              		.loc 1 2601 3 is_stmt 1 view .LVU1505
 5333              		.loc 1 2601 7 is_stmt 0 view .LVU1506
 5334 015c 224B     		ldr	r3, .L441+68
 5335              		.loc 1 2601 6 view .LVU1507
 5336 015e 1878     		ldrb	r0, [r3]	@ zero_extendqisi2
 5337 0160 C8B1     		cbz	r0, .L430
 5338              		.loc 1 2602 5 is_stmt 1 view .LVU1508
 5339 0162 0020     		movs	r0, #0
 5340 0164 FFF7FEFF 		bl	SI4463_start_tx
 5341              	.LVL334:
 5342              	.L431:
 5343              		.loc 1 2607 3 view .LVU1509
 5344              		.loc 1 2607 28 is_stmt 0 view .LVU1510
 5345 0168 204B     		ldr	r3, .L441+72
 5346 016a 0122     		movs	r2, #1
 5347 016c 1A70     		strb	r2, [r3]
 5348              		.loc 1 2608 3 is_stmt 1 view .LVU1511
 5349              	.LVL335:
 5350              	.L425:
 5351              		.loc 1 2609 1 is_stmt 0 view .LVU1512
 5352 016e 2046     		mov	r0, r4
 5353 0170 2946     		mov	r1, r5
 5354 0172 07B0     		add	sp, sp, #28
 5355              		.cfi_remember_state
 5356              		.cfi_def_cfa_offset 36
 5357              		@ sp needed
ARM GAS  /tmp/ccRHyJSn.s 			page 95


 5358 0174 BDE8F08F 		pop	{r4, r5, r6, r7, r8, r9, r10, fp, pc}
 5359              	.L432:
 5360              		.cfi_restore_state
 5361              		.loc 1 2470 20 view .LVU1513
 5362 0178 4FF4C876 		mov	r6, #400
 5363 017c 7DE7     		b	.L426
 5364              	.L433:
 5365 017e 0220     		movs	r0, #2
 5366              		.loc 1 2473 20 view .LVU1514
 5367 0180 4FF44876 		mov	r6, #800
 5368 0184 79E7     		b	.L426
 5369              	.L434:
 5370 0186 0120     		movs	r0, #1
 5371              		.loc 1 2476 20 view .LVU1515
 5372 0188 4FF47A76 		mov	r6, #1000
 5373 018c 75E7     		b	.L426
 5374              	.L435:
 5375 018e 0320     		movs	r0, #3
 5376              		.loc 1 2479 20 view .LVU1516
 5377 0190 4FF49666 		mov	r6, #1200
 5378 0194 71E7     		b	.L426
 5379              	.LVL336:
 5380              	.L430:
 5381              		.loc 1 2604 5 is_stmt 1 view .LVU1517
 5382 0196 FFF7FEFF 		bl	SI4463_start_rx
 5383              	.LVL337:
 5384 019a E5E7     		b	.L431
 5385              	.LVL338:
 5386              	.L436:
 5387              		.loc 1 2489 12 is_stmt 0 view .LVU1518
 5388 019c 0446     		mov	r4, r0
 5389 019e 0546     		mov	r5, r0
 5390 01a0 E5E7     		b	.L425
 5391              	.L442:
 5392 01a2 00BF     		.align	2
 5393              	.L441:
 5394 01a4 00000000 		.word	SI4463_channel
 5395 01a8 804601CF 		.word	-822000000
 5396 01ac 00E28C13 		.word	328000000
 5397 01b0 40A380E7 		.word	-411000000
 5398 01b4 C01C3D09 		.word	155000000
 5399 01b8 C0DB63EC 		.word	-329000000
 5400 01bc 40597307 		.word	125000000
 5401 01c0 8017ABEF 		.word	-274000000
 5402 01c4 00EA3206 		.word	104000000
 5403 01c8 C08BD5F7 		.word	-137000000
 5404 01cc 00751903 		.word	52000000
 5405 01d0 00000000 		.word	SI4463_offset_active
 5406 01d4 00000000 		.word	config
 5407 01d8 11400600 		.word	409617
 5408 01dc 000420FF 		.word	-14679040
 5409 01e0 00000000 		.word	prev_band
 5410 01e4 11200151 		.word	1359028241
 5411 01e8 00000000 		.word	SI4463_in_tx_mode
 5412 01ec 00000000 		.word	SI4463_frequency_changed
 5413 01f0 00000000 		.word	SI4463_band
 5414              		.cfi_endproc
ARM GAS  /tmp/ccRHyJSn.s 			page 96


 5415              	.LFE297:
 5416              		.size	SI4463_set_freq, .-SI4463_set_freq
 5417              		.section	.rodata.SI4463_init_rx.str1.1,"aMS",%progbits,1
 5418              	.LC1:
 5419 0000 53493434 		.ascii	"SI4468 Reset fail\000"
 5419      36382052 
 5419      65736574 
 5419      20666169 
 5419      6C00
 5420              	.LC2:
 5421 0012 53493434 		.ascii	"SI4468 Configure fail\000"
 5421      36382043 
 5421      6F6E6669 
 5421      67757265 
 5421      20666169 
 5422              	.LC3:
 5423 0028 53493434 		.ascii	"SI4468 Start fail\000"
 5423      36382053 
 5423      74617274 
 5423      20666169 
 5423      6C00
 5424              		.section	.text.SI4463_init_rx,"ax",%progbits
 5425              		.align	1
 5426              		.global	SI4463_init_rx
 5427              		.syntax unified
 5428              		.thumb
 5429              		.thumb_func
 5430              		.type	SI4463_init_rx, %function
 5431              	SI4463_init_rx:
 5432              	.LFB298:
 5433              		.loc 1 2612 1 is_stmt 1 view -0
 5434              		.cfi_startproc
 5435              		@ args = 0, pretend = 0, frame = 0
 5436              		@ frame_needed = 0, uses_anonymous_args = 0
 5437 0000 2DE9F84F 		push	{r3, r4, r5, r6, r7, r8, r9, r10, fp, lr}
 5438              		.cfi_def_cfa_offset 40
 5439              		.cfi_offset 3, -40
 5440              		.cfi_offset 4, -36
 5441              		.cfi_offset 5, -32
 5442              		.cfi_offset 6, -28
 5443              		.cfi_offset 7, -24
 5444              		.cfi_offset 8, -20
 5445              		.cfi_offset 9, -16
 5446              		.cfi_offset 10, -12
 5447              		.cfi_offset 11, -8
 5448              		.cfi_offset 14, -4
 5449              		.loc 1 2614 3 is_stmt 0 view .LVU1520
 5450 0004 8025     		movs	r5, #128
 5451 0006 224E     		ldr	r6, .L453
 5452 0008 2F46     		mov	r7, r5	@ movhi
 5453              	.L444:
 5454              		.loc 1 2614 3 is_stmt 1 view .LVU1521
 5455              		.loc 1 2615 3 is_stmt 0 view .LVU1522
 5456 000a 42F21070 		movw	r0, #10000
 5457              		.loc 1 2614 3 view .LVU1523
 5458 000e 7783     		strh	r7, [r6, #26]	@ movhi
 5459              		.loc 1 2614 13 is_stmt 1 view .LVU1524
ARM GAS  /tmp/ccRHyJSn.s 			page 97


 5460              		.loc 1 2615 3 view .LVU1525
 5461 0010 FFF7FEFF 		bl	my_microsecond_delay
 5462              	.LVL339:
 5463              		.loc 1 2616 3 view .LVU1526
 5464              		.loc 1 2617 3 is_stmt 0 view .LVU1527
 5465 0014 42F21070 		movw	r0, #10000
 5466              		.loc 1 2616 3 view .LVU1528
 5467 0018 3583     		strh	r5, [r6, #24]	@ movhi
 5468              		.loc 1 2616 14 is_stmt 1 view .LVU1529
 5469              		.loc 1 2617 3 view .LVU1530
 5470 001a FFF7FEFF 		bl	my_microsecond_delay
 5471              	.LVL340:
 5472              		.loc 1 2618 3 view .LVU1531
 5473              		.loc 1 2619 3 is_stmt 0 view .LVU1532
 5474 001e 1D48     		ldr	r0, .L453+4
 5475              		.loc 1 2618 3 view .LVU1533
 5476 0020 7583     		strh	r5, [r6, #26]	@ movhi
 5477              		.loc 1 2618 13 is_stmt 1 view .LVU1534
 5478              		.loc 1 2619 3 view .LVU1535
 5479 0022 FFF7FEFF 		bl	my_microsecond_delay
 5480              	.LVL341:
 5481              		.loc 1 2620 3 view .LVU1536
 5482              		.loc 1 2620 7 is_stmt 0 view .LVU1537
 5483 0026 FFF7FEFF 		bl	SI4463_wait_CTS
 5484              	.LVL342:
 5485              		.loc 1 2620 6 discriminator 1 view .LVU1538
 5486 002a 0346     		mov	r3, r0
 5487 002c 28B1     		cbz	r0, .L449
 5488              		.loc 1 2621 5 is_stmt 1 view .LVU1539
 5489 002e 1A48     		ldr	r0, .L453+8
 5490 0030 0A22     		movs	r2, #10
 5491 0032 0021     		movs	r1, #0
 5492              	.L452:
 5493              		.loc 1 2634 5 is_stmt 0 view .LVU1540
 5494 0034 FFF7FEFF 		bl	ili9341_drawstring
 5495              	.LVL343:
 5496              		.loc 1 2635 5 is_stmt 1 view .LVU1541
 5497 0038 E7E7     		b	.L444
 5498              	.L449:
 5499              	.LBB84:
 5500              		.loc 1 2626 65 is_stmt 0 view .LVU1542
 5501 003a DFF87080 		ldr	r8, .L453+28
 5502              		.loc 1 2624 21 discriminator 1 view .LVU1543
 5503 003e 40F21229 		movw	r9, #530
 5504              	.L445:
 5505              	.LVL344:
 5506              		.loc 1 2626 5 is_stmt 1 view .LVU1544
 5507              		.loc 1 2626 65 is_stmt 0 view .LVU1545
 5508 0042 18F803B0 		ldrb	fp, [r8, r3]	@ zero_extendqisi2
 5509              		.loc 1 2626 47 view .LVU1546
 5510 0046 5C1C     		adds	r4, r3, #1
 5511              		.loc 1 2626 9 view .LVU1547
 5512 0048 0023     		movs	r3, #0
 5513 004a 1A46     		mov	r2, r3
 5514 004c 5946     		mov	r1, fp
 5515 004e 08EB0400 		add	r0, r8, r4
 5516 0052 FFF7FEFF 		bl	SI4463_do_api
ARM GAS  /tmp/ccRHyJSn.s 			page 98


 5517              	.LVL345:
 5518              		.loc 1 2626 8 discriminator 1 view .LVU1548
 5519 0056 8246     		mov	r10, r0
 5520 0058 18B1     		cbz	r0, .L447
 5521              		.loc 1 2627 7 is_stmt 1 view .LVU1549
 5522 005a 1048     		ldr	r0, .L453+12
 5523 005c 0A22     		movs	r2, #10
 5524 005e 0021     		movs	r1, #0
 5525 0060 E8E7     		b	.L452
 5526              	.L447:
 5527              		.loc 1 2630 5 view .LVU1550
 5528              		.loc 1 2624 45 discriminator 2 view .LVU1551
 5529 0062 1BFA84F3 		uxtah	r3, fp, r4
 5530              	.LVL346:
 5531              		.loc 1 2624 45 is_stmt 0 discriminator 2 view .LVU1552
 5532 0066 9BB2     		uxth	r3, r3
 5533              	.LVL347:
 5534              		.loc 1 2624 21 is_stmt 1 discriminator 1 view .LVU1553
 5535 0068 4B45     		cmp	r3, r9
 5536 006a EAD9     		bls	.L445
 5537              	.LBE84:
 5538              		.loc 1 2632 3 view .LVU1554
 5539 006c FFF7FEFF 		bl	clear_frequency_cache
 5540              	.LVL348:
 5541              		.loc 1 2633 3 view .LVU1555
 5542              		.loc 1 2633 7 is_stmt 0 view .LVU1556
 5543 0070 0B4B     		ldr	r3, .L453+16
 5544 0072 1878     		ldrb	r0, [r3]	@ zero_extendqisi2
 5545 0074 FFF7FEFF 		bl	SI4463_start_rx
 5546              	.LVL349:
 5547              		.loc 1 2633 6 discriminator 1 view .LVU1557
 5548 0078 18B1     		cbz	r0, .L448
 5549              		.loc 1 2634 5 is_stmt 1 view .LVU1558
 5550 007a 0A48     		ldr	r0, .L453+20
 5551 007c 0A22     		movs	r2, #10
 5552 007e 5146     		mov	r1, r10
 5553 0080 D8E7     		b	.L452
 5554              	.L448:
 5555              		.loc 1 2638 3 view .LVU1559
 5556              		.loc 1 2638 13 is_stmt 0 view .LVU1560
 5557 0082 094B     		ldr	r3, .L453+24
 5558 0084 4FF0FF32 		mov	r2, #-1
 5559 0088 1A60     		str	r2, [r3]
 5560              		.loc 1 2639 1 view .LVU1561
 5561 008a BDE8F88F 		pop	{r3, r4, r5, r6, r7, r8, r9, r10, fp, pc}
 5562              	.LVL350:
 5563              	.L454:
 5564              		.loc 1 2639 1 view .LVU1562
 5565 008e 00BF     		.align	2
 5566              	.L453:
 5567 0090 00040048 		.word	1207960576
 5568 0094 A0860100 		.word	100000
 5569 0098 00000000 		.word	.LC1
 5570 009c 12000000 		.word	.LC2
 5571 00a0 00000000 		.word	SI4463_channel
 5572 00a4 28000000 		.word	.LC3
 5573 00a8 00000000 		.word	prev_band
ARM GAS  /tmp/ccRHyJSn.s 			page 99


 5574 00ac 00000000 		.word	SI4468_config
 5575              		.cfi_endproc
 5576              	.LFE298:
 5577              		.size	SI4463_init_rx, .-SI4463_init_rx
 5578              		.section	.text.SI4463_init_tx,"ax",%progbits
 5579              		.align	1
 5580              		.global	SI4463_init_tx
 5581              		.syntax unified
 5582              		.thumb
 5583              		.thumb_func
 5584              		.type	SI4463_init_tx, %function
 5585              	SI4463_init_tx:
 5586              	.LFB299:
 5587              		.loc 1 2642 1 is_stmt 1 view -0
 5588              		.cfi_startproc
 5589              		@ args = 0, pretend = 0, frame = 0
 5590              		@ frame_needed = 0, uses_anonymous_args = 0
 5591              		.loc 1 2644 3 view .LVU1564
 5592              		.loc 1 2642 1 is_stmt 0 view .LVU1565
 5593 0000 08B5     		push	{r3, lr}
 5594              		.cfi_def_cfa_offset 8
 5595              		.cfi_offset 3, -8
 5596              		.cfi_offset 14, -4
 5597              		.loc 1 2644 3 view .LVU1566
 5598 0002 0020     		movs	r0, #0
 5599 0004 FFF7FEFF 		bl	SI4463_start_tx
 5600              	.LVL351:
 5601              		.loc 1 2645 3 is_stmt 1 view .LVU1567
 5602              		.loc 1 2645 13 is_stmt 0 view .LVU1568
 5603 0008 024B     		ldr	r3, .L457
 5604 000a 4FF0FF32 		mov	r2, #-1
 5605 000e 1A60     		str	r2, [r3]
 5606              		.loc 1 2646 1 view .LVU1569
 5607 0010 08BD     		pop	{r3, pc}
 5608              	.L458:
 5609 0012 00BF     		.align	2
 5610              	.L457:
 5611 0014 00000000 		.word	prev_band
 5612              		.cfi_endproc
 5613              	.LFE299:
 5614              		.size	SI4463_init_tx, .-SI4463_init_tx
 5615              		.section	.text.SI4463_is_in_tx_mode,"ax",%progbits
 5616              		.align	1
 5617              		.global	SI4463_is_in_tx_mode
 5618              		.syntax unified
 5619              		.thumb
 5620              		.thumb_func
 5621              		.type	SI4463_is_in_tx_mode, %function
 5622              	SI4463_is_in_tx_mode:
 5623              	.LFB300:
 5624              		.loc 1 2649 1 is_stmt 1 view -0
 5625              		.cfi_startproc
 5626              		@ args = 0, pretend = 0, frame = 0
 5627              		@ frame_needed = 0, uses_anonymous_args = 0
 5628              		@ link register save eliminated.
 5629              		.loc 1 2650 3 view .LVU1571
 5630              		.loc 1 2651 1 is_stmt 0 view .LVU1572
ARM GAS  /tmp/ccRHyJSn.s 			page 100


 5631 0000 014B     		ldr	r3, .L460
 5632 0002 1878     		ldrb	r0, [r3]	@ zero_extendqisi2
 5633 0004 7047     		bx	lr
 5634              	.L461:
 5635 0006 00BF     		.align	2
 5636              	.L460:
 5637 0008 00000000 		.word	SI4463_in_tx_mode
 5638              		.cfi_endproc
 5639              	.LFE300:
 5640              		.size	SI4463_is_in_tx_mode, .-SI4463_is_in_tx_mode
 5641              		.section	.text.enable_extra_lna,"ax",%progbits
 5642              		.align	1
 5643              		.global	enable_extra_lna
 5644              		.syntax unified
 5645              		.thumb
 5646              		.thumb_func
 5647              		.type	enable_extra_lna, %function
 5648              	enable_extra_lna:
 5649              	.LVL352:
 5650              	.LFB301:
 5651              		.loc 1 2654 1 is_stmt 1 view -0
 5652              		.cfi_startproc
 5653              		@ args = 0, pretend = 0, frame = 0
 5654              		@ frame_needed = 0, uses_anonymous_args = 0
 5655              		@ link register save eliminated.
 5656              		.loc 1 2655 3 view .LVU1574
 5657              		.loc 1 2656 3 view .LVU1575
 5658              		.loc 1 2656 9 is_stmt 0 view .LVU1576
 5659 0000 084B     		ldr	r3, .L466
 5660              		.loc 1 2656 6 view .LVU1577
 5661 0002 1A68     		ldr	r2, [r3]
 5662 0004 8242     		cmp	r2, r0
 5663 0006 0CD0     		beq	.L462
 5664              		.loc 1 2657 5 is_stmt 1 view .LVU1578
 5665 0008 4FF09042 		mov	r2, #1207959552
 5666 000c 4FF48071 		mov	r1, #256
 5667              		.loc 1 2657 8 is_stmt 0 view .LVU1579
 5668 0010 28B1     		cbz	r0, .L464
 5669              		.loc 1 2658 7 is_stmt 1 view .LVU1580
 5670 0012 1183     		strh	r1, [r2, #24]	@ movhi
 5671              	.L465:
 5672              		.loc 1 2661 5 view .LVU1581
 5673              		.loc 1 2661 19 is_stmt 0 view .LVU1582
 5674 0014 1860     		str	r0, [r3]
 5675              		.loc 1 2662 5 is_stmt 1 view .LVU1583
 5676 0016 41F28830 		movw	r0, #5000
 5677              	.LVL353:
 5678              		.loc 1 2662 5 is_stmt 0 view .LVU1584
 5679 001a FFF7FEBF 		b	osalThreadSleep
 5680              	.LVL354:
 5681              	.L464:
 5682              		.loc 1 2660 7 is_stmt 1 view .LVU1585
 5683 001e 5183     		strh	r1, [r2, #26]	@ movhi
 5684 0020 F8E7     		b	.L465
 5685              	.L462:
 5686              		.loc 1 2664 1 is_stmt 0 view .LVU1586
 5687 0022 7047     		bx	lr
ARM GAS  /tmp/ccRHyJSn.s 			page 101


 5688              	.L467:
 5689              		.align	2
 5690              	.L466:
 5691 0024 00000000 		.word	old_extra_lna.4
 5692              		.cfi_endproc
 5693              	.LFE301:
 5694              		.size	enable_extra_lna, .-enable_extra_lna
 5695              		.section	.text.enable_ultra,"ax",%progbits
 5696              		.align	1
 5697              		.global	enable_ultra
 5698              		.syntax unified
 5699              		.thumb
 5700              		.thumb_func
 5701              		.type	enable_ultra, %function
 5702              	enable_ultra:
 5703              	.LVL355:
 5704              	.LFB302:
 5705              		.loc 1 2668 1 is_stmt 1 view -0
 5706              		.cfi_startproc
 5707              		@ args = 0, pretend = 0, frame = 0
 5708              		@ frame_needed = 0, uses_anonymous_args = 0
 5709              		@ link register save eliminated.
 5710              		.loc 1 2669 1 view .LVU1588
 5711              		.loc 1 2670 3 view .LVU1589
 5712              		.loc 1 2670 9 is_stmt 0 view .LVU1590
 5713 0000 064B     		ldr	r3, .L471
 5714              		.loc 1 2670 6 view .LVU1591
 5715 0002 1A68     		ldr	r2, [r3]
 5716 0004 8242     		cmp	r2, r0
 5717 0006 07D0     		beq	.L468
 5718              		.loc 1 2671 5 is_stmt 1 view .LVU1592
 5719              		.loc 1 2671 15 is_stmt 0 view .LVU1593
 5720 0008 1860     		str	r0, [r3]
 5721              		.loc 1 2673 5 is_stmt 1 view .LVU1594
 5722 000a 4FF40042 		mov	r2, #32768
 5723 000e 044B     		ldr	r3, .L471+4
 5724              		.loc 1 2673 8 is_stmt 0 view .LVU1595
 5725 0010 08B1     		cbz	r0, .L470
 5726              		.loc 1 2674 7 is_stmt 1 view .LVU1596
 5727 0012 5A83     		strh	r2, [r3, #26]	@ movhi
 5728 0014 7047     		bx	lr
 5729              	.L470:
 5730              		.loc 1 2676 7 view .LVU1597
 5731 0016 1A83     		strh	r2, [r3, #24]	@ movhi
 5732              	.L468:
 5733              		.loc 1 2679 1 is_stmt 0 view .LVU1598
 5734 0018 7047     		bx	lr
 5735              	.L472:
 5736 001a 00BF     		.align	2
 5737              	.L471:
 5738 001c 00000000 		.word	old_ultra.3
 5739 0020 00040048 		.word	1207960576
 5740              		.cfi_endproc
 5741              	.LFE302:
 5742              		.size	enable_ultra, .-enable_ultra
 5743              		.section	.text.enable_rx_output,"ax",%progbits
 5744              		.align	1
ARM GAS  /tmp/ccRHyJSn.s 			page 102


 5745              		.global	enable_rx_output
 5746              		.syntax unified
 5747              		.thumb
 5748              		.thumb_func
 5749              		.type	enable_rx_output, %function
 5750              	enable_rx_output:
 5751              	.LVL356:
 5752              	.LFB303:
 5753              		.loc 1 2683 1 is_stmt 1 view -0
 5754              		.cfi_startproc
 5755              		@ args = 0, pretend = 0, frame = 0
 5756              		@ frame_needed = 0, uses_anonymous_args = 0
 5757              		@ link register save eliminated.
 5758              		.loc 1 2684 1 view .LVU1600
 5759              		.loc 1 2685 3 view .LVU1601
 5760              		.loc 1 2685 9 is_stmt 0 view .LVU1602
 5761 0000 064B     		ldr	r3, .L477
 5762              		.loc 1 2685 6 view .LVU1603
 5763 0002 1A68     		ldr	r2, [r3]
 5764 0004 8242     		cmp	r2, r0
 5765 0006 07D0     		beq	.L473
 5766              		.loc 1 2687 3 is_stmt 1 view .LVU1604
 5767              		.loc 1 2687 15 is_stmt 0 view .LVU1605
 5768 0008 1860     		str	r0, [r3]
 5769              		.loc 1 2688 3 is_stmt 1 view .LVU1606
 5770              		.loc 1 2688 6 is_stmt 0 view .LVU1607
 5771 000a 18B1     		cbz	r0, .L475
 5772              		.loc 1 2689 5 is_stmt 1 view .LVU1608
 5773 000c 0321     		movs	r1, #3
 5774              	.L476:
 5775              		.loc 1 2691 5 is_stmt 0 view .LVU1609
 5776 000e 0320     		movs	r0, #3
 5777              	.LVL357:
 5778              		.loc 1 2691 5 view .LVU1610
 5779 0010 FFF7FEBF 		b	SI4463_set_gpio
 5780              	.LVL358:
 5781              	.L475:
 5782              		.loc 1 2691 5 is_stmt 1 view .LVU1611
 5783 0014 0221     		movs	r1, #2
 5784 0016 FAE7     		b	.L476
 5785              	.L473:
 5786              		.loc 1 2692 1 is_stmt 0 view .LVU1612
 5787 0018 7047     		bx	lr
 5788              	.L478:
 5789 001a 00BF     		.align	2
 5790              	.L477:
 5791 001c 00000000 		.word	old_rx_mode.2
 5792              		.cfi_endproc
 5793              	.LFE303:
 5794              		.size	enable_rx_output, .-enable_rx_output
 5795              		.section	.text.enable_high,"ax",%progbits
 5796              		.align	1
 5797              		.global	enable_high
 5798              		.syntax unified
 5799              		.thumb
 5800              		.thumb_func
 5801              		.type	enable_high, %function
ARM GAS  /tmp/ccRHyJSn.s 			page 103


 5802              	enable_high:
 5803              	.LVL359:
 5804              	.LFB304:
 5805              		.loc 1 2695 1 is_stmt 1 view -0
 5806              		.cfi_startproc
 5807              		@ args = 0, pretend = 0, frame = 0
 5808              		@ frame_needed = 0, uses_anonymous_args = 0
 5809              		@ link register save eliminated.
 5810              		.loc 1 2696 1 view .LVU1614
 5811              		.loc 1 2697 3 view .LVU1615
 5812              		.loc 1 2697 16 is_stmt 0 view .LVU1616
 5813 0000 064B     		ldr	r3, .L483
 5814              		.loc 1 2697 6 view .LVU1617
 5815 0002 1A68     		ldr	r2, [r3]
 5816 0004 8242     		cmp	r2, r0
 5817 0006 07D0     		beq	.L479
 5818              		.loc 1 2699 3 is_stmt 1 view .LVU1618
 5819              		.loc 1 2699 12 is_stmt 0 view .LVU1619
 5820 0008 1860     		str	r0, [r3]
 5821              		.loc 1 2701 3 is_stmt 1 view .LVU1620
 5822              		.loc 1 2701 6 is_stmt 0 view .LVU1621
 5823 000a 18B1     		cbz	r0, .L481
 5824              		.loc 1 2702 5 is_stmt 1 view .LVU1622
 5825 000c 0221     		movs	r1, #2
 5826              	.L482:
 5827              		.loc 1 2704 5 is_stmt 0 view .LVU1623
 5828 000e 0220     		movs	r0, #2
 5829              	.LVL360:
 5830              		.loc 1 2704 5 view .LVU1624
 5831 0010 FFF7FEBF 		b	SI4463_set_gpio
 5832              	.LVL361:
 5833              	.L481:
 5834              		.loc 1 2704 5 is_stmt 1 view .LVU1625
 5835 0014 0321     		movs	r1, #3
 5836 0016 FAE7     		b	.L482
 5837              	.L479:
 5838              		.loc 1 2711 1 is_stmt 0 view .LVU1626
 5839 0018 7047     		bx	lr
 5840              	.L484:
 5841 001a 00BF     		.align	2
 5842              	.L483:
 5843 001c 00000000 		.word	old_high.1
 5844              		.cfi_endproc
 5845              	.LFE304:
 5846              		.size	enable_high, .-enable_high
 5847              		.section	.text.enable_ADF_output,"ax",%progbits
 5848              		.align	1
 5849              		.global	enable_ADF_output
 5850              		.syntax unified
 5851              		.thumb
 5852              		.thumb_func
 5853              		.type	enable_ADF_output, %function
 5854              	enable_ADF_output:
 5855              	.LVL362:
 5856              	.LFB305:
 5857              		.loc 1 2714 1 is_stmt 1 view -0
 5858              		.cfi_startproc
ARM GAS  /tmp/ccRHyJSn.s 			page 104


 5859              		@ args = 0, pretend = 0, frame = 0
 5860              		@ frame_needed = 0, uses_anonymous_args = 0
 5861              		.loc 1 2716 3 view .LVU1628
 5862              		.loc 1 2714 1 is_stmt 0 view .LVU1629
 5863 0000 38B5     		push	{r3, r4, r5, lr}
 5864              		.cfi_def_cfa_offset 16
 5865              		.cfi_offset 3, -16
 5866              		.cfi_offset 4, -12
 5867              		.cfi_offset 5, -8
 5868              		.cfi_offset 14, -4
 5869              		.loc 1 2714 1 view .LVU1630
 5870 0002 0546     		mov	r5, r0
 5871 0004 0C46     		mov	r4, r1
 5872              		.loc 1 2716 3 view .LVU1631
 5873 0006 FFF7FEFF 		bl	ADF4351_enable
 5874              	.LVL363:
 5875              		.loc 1 2717 3 is_stmt 1 view .LVU1632
 5876 000a 2846     		mov	r0, r5
 5877 000c FFF7FEFF 		bl	ADF4351_enable_out
 5878              	.LVL364:
 5879              		.loc 1 2718 3 view .LVU1633
 5880 0010 2046     		mov	r0, r4
 5881              		.loc 1 2719 1 is_stmt 0 view .LVU1634
 5882 0012 BDE83840 		pop	{r3, r4, r5, lr}
 5883              		.cfi_restore 14
 5884              		.cfi_restore 5
 5885              		.cfi_restore 4
 5886              		.cfi_restore 3
 5887              		.cfi_def_cfa_offset 0
 5888              	.LVL365:
 5889              		.loc 1 2718 3 view .LVU1635
 5890 0016 FFF7FEBF 		b	ADF4351_enable_aux_out
 5891              	.LVL366:
 5892              		.loc 1 2718 3 view .LVU1636
 5893              		.cfi_endproc
 5894              	.LFE305:
 5895              		.size	enable_ADF_output, .-enable_ADF_output
 5896              		.section	.text.enable_direct,"ax",%progbits
 5897              		.align	1
 5898              		.global	enable_direct
 5899              		.syntax unified
 5900              		.thumb
 5901              		.thumb_func
 5902              		.type	enable_direct, %function
 5903              	enable_direct:
 5904              	.LVL367:
 5905              	.LFB306:
 5906              		.loc 1 2723 1 is_stmt 1 view -0
 5907              		.cfi_startproc
 5908              		@ args = 0, pretend = 0, frame = 0
 5909              		@ frame_needed = 0, uses_anonymous_args = 0
 5910              		@ link register save eliminated.
 5911              		.loc 1 2724 3 view .LVU1638
 5912              		.loc 1 2725 3 view .LVU1639
 5913              		.loc 1 2725 9 is_stmt 0 view .LVU1640
 5914 0000 064B     		ldr	r3, .L491
 5915              		.loc 1 2725 6 view .LVU1641
ARM GAS  /tmp/ccRHyJSn.s 			page 105


 5916 0002 1A68     		ldr	r2, [r3]
 5917 0004 8242     		cmp	r2, r0
 5918 0006 07D0     		beq	.L487
 5919              		.loc 1 2727 3 is_stmt 1 view .LVU1642
 5920              		.loc 1 2727 14 is_stmt 0 view .LVU1643
 5921 0008 1860     		str	r0, [r3]
 5922              		.loc 1 2728 3 is_stmt 1 view .LVU1644
 5923              		.loc 1 2728 6 is_stmt 0 view .LVU1645
 5924 000a 18B1     		cbz	r0, .L489
 5925              		.loc 1 2729 5 is_stmt 1 view .LVU1646
 5926 000c 0221     		movs	r1, #2
 5927              	.L490:
 5928              		.loc 1 2731 5 is_stmt 0 view .LVU1647
 5929 000e 0420     		movs	r0, #4
 5930              	.LVL368:
 5931              		.loc 1 2731 5 view .LVU1648
 5932 0010 FFF7FEBF 		b	SI4463_set_gpio
 5933              	.LVL369:
 5934              	.L489:
 5935              		.loc 1 2731 5 is_stmt 1 view .LVU1649
 5936 0014 0321     		movs	r1, #3
 5937 0016 FAE7     		b	.L490
 5938              	.L487:
 5939              		.loc 1 2732 1 is_stmt 0 view .LVU1650
 5940 0018 7047     		bx	lr
 5941              	.L492:
 5942 001a 00BF     		.align	2
 5943              	.L491:
 5944 001c 00000000 		.word	old_direct.0
 5945              		.cfi_endproc
 5946              	.LFE306:
 5947              		.size	enable_direct, .-enable_direct
 5948              		.section	.rodata.CSWTCH.228,"a"
 5949              		.align	2
 5950              		.type	CSWTCH.228, %object
 5951              		.size	CSWTCH.228, 3
 5952              	CSWTCH.228:
 5953 0000 03       		.byte	3
 5954 0001 07       		.byte	7
 5955 0002 08       		.byte	8
 5956              		.section	.data.old_direct.0,"aw"
 5957              		.align	2
 5958              		.type	old_direct.0, %object
 5959              		.size	old_direct.0, 4
 5960              	old_direct.0:
 5961 0000 02000000 		.word	2
 5962              		.section	.data.old_high.1,"aw"
 5963              		.align	2
 5964              		.type	old_high.1, %object
 5965              		.size	old_high.1, 4
 5966              	old_high.1:
 5967 0000 02000000 		.word	2
 5968              		.section	.data.old_rx_mode.2,"aw"
 5969              		.align	2
 5970              		.type	old_rx_mode.2, %object
 5971              		.size	old_rx_mode.2, 4
 5972              	old_rx_mode.2:
ARM GAS  /tmp/ccRHyJSn.s 			page 106


 5973 0000 02000000 		.word	2
 5974              		.section	.data.old_ultra.3,"aw"
 5975              		.align	2
 5976              		.type	old_ultra.3, %object
 5977              		.size	old_ultra.3, 4
 5978              	old_ultra.3:
 5979 0000 02000000 		.word	2
 5980              		.section	.data.old_extra_lna.4,"aw"
 5981              		.align	2
 5982              		.type	old_extra_lna.4, %object
 5983              		.size	old_extra_lna.4, 4
 5984              	old_extra_lna.4:
 5985 0000 FFFFFFFF 		.word	-1
 5986              		.section	.rodata.data3.5,"a"
 5987              		.align	2
 5988              		.type	data3.5, %object
 5989              		.size	data3.5, 5
 5990              	data3.5:
 5991 0000 11200102 		.ascii	"\021 \001\002\003"
 5991      03
 5992              		.section	.rodata.if_freq_low.6,"a"
 5993              		.align	2
 5994              		.type	if_freq_low.6, %object
 5995              		.size	if_freq_low.6, 6
 5996              	if_freq_low.6:
 5997 0000 C0608040 		.ascii	"\300`\200@\000\200"
 5997      0080
 5998              		.section	.rodata.if_freq_high.7,"a"
 5999              		.align	2
 6000              		.type	if_freq_high.7, %object
 6001              		.size	if_freq_high.7, 6
 6002              	if_freq_high.7:
 6003 0000 03030303 		.ascii	"\003\003\003\003\000\002"
 6003      0002
 6004              		.section	.bss.old_t.8,"aw",%nobits
 6005              		.align	2
 6006              		.type	old_t.8, %object
 6007              		.size	old_t.8, 4
 6008              	old_t.8:
 6009 0000 00000000 		.space	4
 6010              		.section	.data.prev_band,"aw"
 6011              		.align	2
 6012              		.type	prev_band, %object
 6013              		.size	prev_band, 4
 6014              	prev_band:
 6015 0000 FFFFFFFF 		.word	-1
 6016              		.global	SI4463_noise_correction_x10
 6017              		.section	.bss.SI4463_noise_correction_x10,"aw",%nobits
 6018              		.align	1
 6019              		.type	SI4463_noise_correction_x10, %object
 6020              		.size	SI4463_noise_correction_x10, 2
 6021              	SI4463_noise_correction_x10:
 6022 0000 0000     		.space	2
 6023              		.global	SI4463_RSSI_correction_enabled
 6024              		.section	.data.SI4463_RSSI_correction_enabled,"aw"
 6025              		.type	SI4463_RSSI_correction_enabled, %object
 6026              		.size	SI4463_RSSI_correction_enabled, 1
ARM GAS  /tmp/ccRHyJSn.s 			page 107


 6027              	SI4463_RSSI_correction_enabled:
 6028 0000 01       		.byte	1
 6029              		.section	.data.SI4463_RSSI_correction,"aw"
 6030              		.align	1
 6031              		.type	SI4463_RSSI_correction, %object
 6032              		.size	SI4463_RSSI_correction, 2
 6033              	SI4463_RSSI_correction:
 6034 0000 00F1     		.short	-3840
 6035              		.global	SI4432_RBW_count
 6036              		.section	.rodata.SI4432_RBW_count,"a"
 6037              		.type	SI4432_RBW_count, %object
 6038              		.size	SI4432_RBW_count, 1
 6039              	SI4432_RBW_count:
 6040 0000 09       		.byte	9
 6041              		.section	.rodata.RBW_choices,"a"
 6042              		.align	2
 6043              		.type	RBW_choices, %object
 6044              		.size	RBW_choices, 108
 6045              	RBW_choices:
 6046 0000 00000000 		.word	SI4463_RBW_02kHz
 6047 0004 0A00     		.short	10
 6048 0006 0200     		.short	2
 6049 0008 0700     		.short	7
 6050 000a 0000     		.space	2
 6051 000c 00000000 		.word	SI4463_RBW_1kHz
 6052 0010 0F00     		.short	15
 6053 0012 0A00     		.short	10
 6054 0014 0200     		.short	2
 6055 0016 0000     		.space	2
 6056 0018 00000000 		.word	SI4463_RBW_3kHz
 6057 001c 0A00     		.short	10
 6058 001e 1E00     		.short	30
 6059 0020 0200     		.short	2
 6060 0022 0000     		.space	2
 6061 0024 00000000 		.word	SI4463_RBW_10kHz
 6062 0028 0E00     		.short	14
 6063 002a 6400     		.short	100
 6064 002c 0500     		.short	5
 6065 002e 0000     		.space	2
 6066 0030 00000000 		.word	SI4463_RBW_30kHz
 6067 0034 0000     		.short	0
 6068 0036 2C01     		.short	300
 6069 0038 0500     		.short	5
 6070 003a 0000     		.space	2
 6071 003c 00000000 		.word	SI4463_RBW_100kHz
 6072 0040 0000     		.short	0
 6073 0042 E803     		.short	1000
 6074 0044 0600     		.short	6
 6075 0046 0000     		.space	2
 6076 0048 00000000 		.word	SI4463_RBW_300kHz
 6077 004c 0000     		.short	0
 6078 004e B80B     		.short	3000
 6079 0050 0700     		.short	7
 6080 0052 0000     		.space	2
 6081 0054 00000000 		.word	SI4463_RBW_600kHz
 6082 0058 0500     		.short	5
 6083 005a 7017     		.short	6000
ARM GAS  /tmp/ccRHyJSn.s 			page 108


 6084 005c 0500     		.short	5
 6085 005e 0000     		.space	2
 6086 0060 00000000 		.word	SI4463_RBW_850kHz
 6087 0064 0800     		.short	8
 6088 0066 3421     		.short	8500
 6089 0068 0900     		.short	9
 6090 006a 0000     		.space	2
 6091              		.section	.rodata.SI4463_RBW_850kHz,"a"
 6092              		.align	2
 6093              		.type	SI4463_RBW_850kHz, %object
 6094              		.size	SI4463_RBW_850kHz, 101
 6095              	SI4463_RBW_850kHz:
 6096 0000 1011200C 		.ascii	"\020\021 \014\000\012\000\007LK@\001\311\303\200\000"
 6096      000A0007 
 6096      4C4B4001 
 6096      C9C38000 
 6097 0010 28101120 		.ascii	"(\020\021 \014\030\001\200\011\003\300\000\0000\000"
 6097      0C180180 
 6097      0903C000 
 6097      003000
 6098 001f B5003C0E 		.ascii	"\265\000<\016\021 \012E\003\000\000\001\000\000\000"
 6098      11200A45 
 6098      03000001 
 6098      000000
 6099 002e 03104010 		.ascii	"\003\020@\020\021!\014\000\377\272\017Q\317\251\311"
 6099      11210C00 
 6099      FFBA0F51 
 6099      CFA9C9
 6100 003d FC1B1E0F 		.ascii	"\374\033\036\017\001\020\021!\014\014\374\375\025\377"
 6100      01101121 
 6100      0C0CFCFD 
 6100      15FF
 6101 004b 000FFFBA 		.ascii	"\000\017\377\272\017Q\317\251\020\021!\014\030\311\374"
 6101      0F51CFA9 
 6101      1011210C 
 6101      18C9FC
 6102 005a 1B1E0F01 		.ascii	"\033\036\017\001\374\375\025\377\000\017\000"
 6102      FCFD15FF 
 6102      000F00
 6103              		.section	.rodata.SI4463_RBW_600kHz,"a"
 6104              		.align	2
 6105              		.type	SI4463_RBW_600kHz, %object
 6106              		.size	SI4463_RBW_600kHz, 101
 6107              	SI4463_RBW_600kHz:
 6108 0000 1011200C 		.ascii	"\020\021 \014\000\002\000\007-\306\300\001\311\303\200"
 6108      00020007 
 6108      2DC6C001 
 6108      C9C380
 6109 000f 00141011 		.ascii	"\000\024\020\021 \014\030\001\000\011\003\300\000\000"
 6109      200C1801 
 6109      000903C0 
 6109      0000
 6110 001d 3000B500 		.ascii	"0\000\265\000d\016\021 \012E\003\000\000\001\000\000"
 6110      640E1120 
 6110      0A450300 
 6110      00010000 
 6111 002d 00031040 		.ascii	"\000\003\020@\020\021!\014\000~d\033\272X\013\335\316"
ARM GAS  /tmp/ccRHyJSn.s 			page 109


 6111      1011210C 
 6111      007E641B 
 6111      BA580BDD 
 6111      CE
 6112 003e D6E6F600 		.ascii	"\326\346\366\000\020\021!\014\014\003\003\025\360?\000"
 6112      1011210C 
 6112      0C030315 
 6112      F03F00
 6113 004d 7E641BBA 		.ascii	"~d\033\272X\013\020\021!\014\030\335\316\326\346\366"
 6113      580B1011 
 6113      210C18DD 
 6113      CED6E6F6 
 6114 005d 00030315 		.ascii	"\000\003\003\025\360?\000\000"
 6114      F03F0000 
 6115              		.section	.rodata.SI4463_RBW_300kHz,"a"
 6116              		.align	2
 6117              		.type	SI4463_RBW_300kHz, %object
 6118              		.size	SI4463_RBW_300kHz, 101
 6119              	SI4463_RBW_300kHz:
 6120 0000 1011200C 		.ascii	"\020\021 \014\000\012\000\007LK@\001\311\303\200\000"
 6120      000A0007 
 6120      4C4B4001 
 6120      C9C38000 
 6121 0010 28101120 		.ascii	"(\020\021 \014\030\001\200\011\003\300\000\0000\000"
 6121      0C180180 
 6121      0903C000 
 6121      003000
 6122 001f B5003C0E 		.ascii	"\265\000<\016\021 \012E\003\000\000\001\000\000\000"
 6122      11200A45 
 6122      03000001 
 6122      000000
 6123 002e 03104010 		.ascii	"\003\020@\020\021!\014\000\347\337\312\252\204]:\036"
 6123      11210C00 
 6123      E7DFCAAA 
 6123      845D3A1E 
 6124 003e 0AFEF9F9 		.ascii	"\012\376\371\371\020\021!\014\014\372\375\000\000\374"
 6124      1011210C 
 6124      0CFAFD00 
 6124      00FC
 6125 004c 0FE7DFCA 		.ascii	"\017\347\337\312\252\204]\020\021!\014\030:\036\012"
 6125      AA845D10 
 6125      11210C18 
 6125      3A1E0A
 6126 005b FEF9F9FA 		.ascii	"\376\371\371\372\375\000\000\374\017\000"
 6126      FD0000FC 
 6126      0F00
 6127              		.section	.rodata.SI4463_RBW_100kHz,"a"
 6128              		.align	2
 6129              		.type	SI4463_RBW_100kHz, %object
 6130              		.size	SI4463_RBW_100kHz, 101
 6131              	SI4463_RBW_100kHz:
 6132 0000 1011200C 		.ascii	"\020\021 \014\000\012\000\007\033w@\001\311\303\200"
 6132      000A0007 
 6132      1B774001 
 6132      C9C380
 6133 000f 00281011 		.ascii	"\000(\020\021 \014\030\001\200\011\003\300\000\000 "
 6133      200C1801 
ARM GAS  /tmp/ccRHyJSn.s 			page 110


 6133      800903C0 
 6133      000020
 6134 001e 00B50053 		.ascii	"\000\265\000S\016\021 \012E\003\000\000\001\000\000"
 6134      0E11200A 
 6134      45030000 
 6134      010000
 6135 002d 00031040 		.ascii	"\000\003\020@\020\021!\014\000\242\240\227\212yfR?."
 6135      1011210C 
 6135      00A2A097 
 6135      8A796652 
 6135      3F2E
 6136 003f 1F140B10 		.ascii	"\037\024\013\020\021!\014\014\006\002\000\000\000\000"
 6136      11210C0C 
 6136      06020000 
 6136      0000
 6137 004d A2A0978A 		.ascii	"\242\240\227\212yf\020\021!\014\030R?.\037\024\013\006"
 6137      79661011 
 6137      210C1852 
 6137      3F2E1F14 
 6137      0B06
 6138 005f 02000000 		.ascii	"\002\000\000\000\000\000"
 6138      0000
 6139              		.section	.rodata.SI4463_RBW_30kHz,"a"
 6140              		.align	2
 6141              		.type	SI4463_RBW_30kHz, %object
 6142              		.size	SI4463_RBW_30kHz, 101
 6143              	SI4463_RBW_30kHz:
 6144 0000 1011200C 		.ascii	"\020\021 \014\000\012\000\007\010\331\240\001\311\303"
 6144      000A0007 
 6144      08D9A001 
 6144      C9C3
 6145 000e 80000D10 		.ascii	"\200\000\015\020\021 \014\030\001\200\011\003\300\000"
 6145      11200C18 
 6145      01800903 
 6145      C000
 6146 001c 202000B5 		.ascii	"  \000\265\000A\016\021 \012E\003\000\000\001\000\000"
 6146      00410E11 
 6146      200A4503 
 6146      00000100 
 6146      00
 6147 002d 00031040 		.ascii	"\000\003\020@\020\021!\014\000\306\301\262\234\200c"
 6147      1011210C 
 6147      00C6C1B2 
 6147      9C8063
 6148 003c 472F1B0E 		.ascii	"G/\033\016\005\000\020\021!\014\014\377\376\000\000"
 6148      05001011 
 6148      210C0CFF 
 6148      FE0000
 6149 004b 000FC6C1 		.ascii	"\000\017\306\301\262\234\200c\020\021!\014\030G/\033"
 6149      B29C8063 
 6149      1011210C 
 6149      18472F1B 
 6150 005b 0E0500FF 		.ascii	"\016\005\000\377\376\000\000\000\017\000"
 6150      FE000000 
 6150      0F00
 6151              		.section	.rodata.SI4463_RBW_10kHz,"a"
 6152              		.align	2
ARM GAS  /tmp/ccRHyJSn.s 			page 111


 6153              		.type	SI4463_RBW_10kHz, %object
 6154              		.size	SI4463_RBW_10kHz, 101
 6155              	SI4463_RBW_10kHz:
 6156 0000 1011200C 		.ascii	"\020\021 \014\000\012\000\007\002\3460\001\311\303\200"
 6156      000A0007 
 6156      02E63001 
 6156      C9C380
 6157 000f 000D1011 		.ascii	"\000\015\020\021 \014\030\001\200\011\003\300\0000P"
 6157      200C1801 
 6157      800903C0 
 6157      003050
 6158 001e 00B50042 		.ascii	"\000\265\000B\016\021 \012E\003\000\000\001\000\000"
 6158      0E11200A 
 6158      45030000 
 6158      010000
 6159 002d 00031040 		.ascii	"\000\003\020@\020\021!\014\000\306\301\262\234\200c"
 6159      1011210C 
 6159      00C6C1B2 
 6159      9C8063
 6160 003c 472F1B0E 		.ascii	"G/\033\016\005\000\020\021!\014\014\377\376\000\000"
 6160      05001011 
 6160      210C0CFF 
 6160      FE0000
 6161 004b 000FC6C1 		.ascii	"\000\017\306\301\262\234\200c\020\021!\014\030G/\033"
 6161      B29C8063 
 6161      1011210C 
 6161      18472F1B 
 6162 005b 0E0500FF 		.ascii	"\016\005\000\377\376\000\000\000\017\000"
 6162      FE000000 
 6162      0F00
 6163              		.section	.rodata.SI4463_RBW_3kHz,"a"
 6164              		.align	2
 6165              		.type	SI4463_RBW_3kHz, %object
 6166              		.size	SI4463_RBW_3kHz, 101
 6167              	SI4463_RBW_3kHz:
 6168 0000 1011200C 		.ascii	"\020\021 \014\000\012\000\007\000\352`\001\311\303\200"
 6168      000A0007 
 6168      00EA6001 
 6168      C9C380
 6169 000f 00281011 		.ascii	"\000(\020\021 \014\030\001\200\011\003\300\000\260`"
 6169      200C1801 
 6169      800903C0 
 6169      00B060
 6170 001e 0CB5004E 		.ascii	"\014\265\000N\016\021 \012E\003\000\000\001\000\000"
 6170      0E11200A 
 6170      45030000 
 6170      010000
 6171 002d 00031040 		.ascii	"\000\003\020@\020\021!\014\000\242\240\227\212yfR?."
 6171      1011210C 
 6171      00A2A097 
 6171      8A796652 
 6171      3F2E
 6172 003f 1F140B10 		.ascii	"\037\024\013\020\021!\014\014\006\002\000\000\000\000"
 6172      11210C0C 
 6172      06020000 
 6172      0000
 6173 004d A2A0978A 		.ascii	"\242\240\227\212yf\020\021!\014\030R?.\037\024\013\006"
ARM GAS  /tmp/ccRHyJSn.s 			page 112


 6173      79661011 
 6173      210C1852 
 6173      3F2E1F14 
 6173      0B06
 6174 005f 02000000 		.ascii	"\002\000\000\000\000\000"
 6174      0000
 6175              		.section	.rodata.SI4463_RBW_1kHz,"a"
 6176              		.align	2
 6177              		.type	SI4463_RBW_1kHz, %object
 6178              		.size	SI4463_RBW_1kHz, 101
 6179              	SI4463_RBW_1kHz:
 6180 0000 1011200C 		.ascii	"\020\021 \014\000\012\000\007\000N \001\311\303\200"
 6180      000A0007 
 6180      004E2001 
 6180      C9C380
 6181 000f 000D1011 		.ascii	"\000\015\020\021 \014\030\001\200\011\003\300\000\360"
 6181      200C1801 
 6181      800903C0 
 6181      00F0
 6182 001d 500CB500 		.ascii	"P\014\265\000N\016\021 \012E\003\000\000\001\000\000"
 6182      4E0E1120 
 6182      0A450300 
 6182      00010000 
 6183 002d 00031040 		.ascii	"\000\003\020@\020\021!\014\000\242\240\227\212yfR?."
 6183      1011210C 
 6183      00A2A097 
 6183      8A796652 
 6183      3F2E
 6184 003f 1F140B10 		.ascii	"\037\024\013\020\021!\014\014\006\002\000\000\000\000"
 6184      11210C0C 
 6184      06020000 
 6184      0000
 6185 004d A2A0978A 		.ascii	"\242\240\227\212yf\020\021!\014\030R?.\037\024\013\006"
 6185      79661011 
 6185      210C1852 
 6185      3F2E1F14 
 6185      0B06
 6186 005f 02000000 		.ascii	"\002\000\000\000\000\000"
 6186      0000
 6187              		.section	.rodata.SI4463_RBW_02kHz,"a"
 6188              		.align	2
 6189              		.type	SI4463_RBW_02kHz, %object
 6190              		.size	SI4463_RBW_02kHz, 101
 6191              	SI4463_RBW_02kHz:
 6192 0000 1011200C 		.ascii	"\020\021 \014\000\012\000\007\000\017\240\001\311\303"
 6192      000A0007 
 6192      000FA001 
 6192      C9C3
 6193 000e 80000D10 		.ascii	"\200\000\015\020\021 \014\030\001\200\011\003\300\000"
 6193      11200C18 
 6193      01800903 
 6193      C000
 6194 001c F06074B5 		.ascii	"\360`t\265\000I\016\021 \012E\003\000\000\001\000\000"
 6194      00490E11 
 6194      200A4503 
 6194      00000100 
 6194      00
ARM GAS  /tmp/ccRHyJSn.s 			page 113


 6195 002d 00031040 		.ascii	"\000\003\020@\020\021!\014\000\242\240\227\212yfR?."
 6195      1011210C 
 6195      00A2A097 
 6195      8A796652 
 6195      3F2E
 6196 003f 1F140B10 		.ascii	"\037\024\013\020\021!\014\014\006\002\000\000\000\000"
 6196      11210C0C 
 6196      06020000 
 6196      0000
 6197 004d A2A0978A 		.ascii	"\242\240\227\212yf\020\021!\014\030R?.\037\024\013\006"
 6197      79661011 
 6197      210C1852 
 6197      3F2E1F14 
 6197      0B06
 6198 005f 02000000 		.ascii	"\002\000\000\000\000\000"
 6198      0000
 6199              		.section	.bss.RSSI_RAW,"aw",%nobits
 6200              		.align	2
 6201              		.type	RSSI_RAW, %object
 6202              		.size	RSSI_RAW, 4
 6203              	RSSI_RAW:
 6204 0000 00000000 		.space	4
 6205              		.global	dBm_to_volt
 6206              		.section	.rodata.dBm_to_volt,"a"
 6207              		.align	2
 6208              		.type	dBm_to_volt, %object
 6209              		.size	dBm_to_volt, 33
 6210              	dBm_to_volt:
 6211 0000 FFE1C6AF 		.ascii	"\377\341\306\257\232\210xj]RH@82,'\"\036\032\027\025"
 6211      9A88786A 
 6211      5D524840 
 6211      38322C27 
 6211      221E1A17 
 6212 0015 12100E0C 		.ascii	"\022\020\016\014\013\012\010\007\007\006\005\005"
 6212      0B0A0807 
 6212      07060505 
 6213              		.section	.bss.buf_read,"aw",%nobits
 6214              		.type	buf_read, %object
 6215              		.size	buf_read, 1
 6216              	buf_read:
 6217 0000 00       		.space	1
 6218              		.section	.bss.buf_end,"aw",%nobits
 6219              		.align	1
 6220              		.type	buf_end, %object
 6221              		.size	buf_end, 2
 6222              	buf_end:
 6223 0000 0000     		.space	2
 6224              		.section	.bss.buf_index,"aw",%nobits
 6225              		.align	2
 6226              		.type	buf_index, %object
 6227              		.size	buf_index, 4
 6228              	buf_index:
 6229 0000 00000000 		.space	4
 6230              		.section	.bss.SI4463_offset_active,"aw",%nobits
 6231              		.type	SI4463_offset_active, %object
 6232              		.size	SI4463_offset_active, 1
 6233              	SI4463_offset_active:
ARM GAS  /tmp/ccRHyJSn.s 			page 114


 6234 0000 00       		.space	1
 6235              		.global	old_temp
 6236              		.section	.data.old_temp,"aw"
 6237              		.align	2
 6238              		.type	old_temp, %object
 6239              		.size	old_temp, 4
 6240              	old_temp:
 6241 0000 0000C8C2 		.word	-1027080192
 6242              		.global	SI4463_info
 6243              		.section	.bss.SI4463_info,"aw",%nobits
 6244              		.align	2
 6245              		.type	SI4463_info, %object
 6246              		.size	SI4463_info, 18
 6247              	SI4463_info:
 6248 0000 00000000 		.space	18
 6248      00000000 
 6248      00000000 
 6248      00000000 
 6248      0000
 6249              		.section	.data.gpio_state,"aw"
 6250              		.align	2
 6251              		.type	gpio_state, %object
 6252              		.size	gpio_state, 5
 6253              	gpio_state:
 6254 0000 07080000 		.ascii	"\007\010\000\000\003"
 6254      03
 6255              		.section	.rodata.SI4468_config,"a"
 6256              		.align	2
 6257              		.type	SI4468_config, %object
 6258              		.size	SI4468_config, 531
 6259              	SI4468_config:
 6260 0000 07020101 		.ascii	"\007\002\001\001\001\311\303\200\010\023\007\010\000"
 6260      01C9C380 
 6260      08130708 
 6260      00
 6261 000d 00000000 		.ascii	"\000\000\000\000\005\021\000\001\000\000\005\021\000"
 6261      05110001 
 6261      00000511 
 6261      00
 6262 001a 01032005 		.ascii	"\001\003 \005\021\020\001\004!\020\021 \014\000\013"
 6262      11100104 
 6262      21101120 
 6262      0C000B
 6263 0029 00070271 		.ascii	"\000\007\002q\000\005\311\303\200\000\000\005\021 \001"
 6263      0005C9C3 
 6263      80000005 
 6263      112001
 6264 0038 0C231011 		.ascii	"\014#\020\021 \014\030\001\000\011\003\300\000\260\020"
 6264      200C1801 
 6264      000903C0 
 6264      00B010
 6265 0047 0CB5004E 		.ascii	"\014\265\000N\020\021 \014$\006\215\271\000\000\000"
 6265      1011200C 
 6265      24068DB9 
 6265      000000
 6266 0056 D0080012 		.ascii	"\320\010\000\022\000\021\007\021 \0030\001f\240\005"
 6266      00110711 
ARM GAS  /tmp/ccRHyJSn.s 			page 115


 6266      20033001 
 6266      66A005
 6267 0065 11200135 		.ascii	"\021 \0015\361\020\021 \0148\021\021\021\200\032 \000"
 6267      F1101120 
 6267      0C381111 
 6267      11801A20 
 6267      00
 6268 0076 00280CA4 		.ascii	"\000(\014\244#\011\021 \005E\203\000\205\001\000\010"
 6268      23091120 
 6268      05458300 
 6268      85010008 
 6269 0086 1120044B 		.ascii	"\021 \004K\006\033\020@\006\021 \002P\224\010\006\021"
 6269      061B1040 
 6269      06112002 
 6269      50940806 
 6269      11
 6270 0097 20025483 		.ascii	" \002T\203\007\005\021 \001W\000\011\021 \005[a\004"
 6270      07051120 
 6270      01570009 
 6270      1120055B 
 6270      6104
 6271 00a9 04782010 		.ascii	"\004x \020\021!\014\000~d\033\272X\013\335\316\326\346"
 6271      11210C00 
 6271      7E641BBA 
 6271      580BDDCE 
 6271      D6E6
 6272 00bb F6001011 		.ascii	"\366\000\020\021!\014\014\003\003\025\360?\000~d\033"
 6272      210C0C03 
 6272      0315F03F 
 6272      007E641B 
 6273 00cb BA580B10 		.ascii	"\272X\013\020\021!\014\030\335\316\326\346\366\000\003"
 6273      11210C18 
 6273      DDCED6E6 
 6273      F60003
 6274 00da 0315F03F 		.ascii	"\003\025\360?\000\005\021\"\001\003\035\013\021#\007"
 6274      00051122 
 6274      01031D0B 
 6274      112307
 6275 00e9 002C0E0B 		.ascii	"\000,\016\013\004\014s\003\014\021@\010\000A\010\200"
 6275      040C7303 
 6275      0C114008 
 6275      00410880 
 6276 00f9 00222220 		.ascii	"\000\"\" \377\0102\000\000\000\000\000\000\000\005\027"
 6276      FF083200 
 6276      00000000 
 6276      00000517 
 6277 0109 5610FAF0 		.ascii	"V\020\372\360\005\027\023\020\372\360\005\021\000\001"
 6277      05171310 
 6277      FAF00511 
 6277      0001
 6278 0117 01000511 		.ascii	"\001\000\005\021\000\001\003 \005\021\001\001\000\000"
 6278      00010320 
 6278      05110101 
 6278      0000
 6279 0125 08110204 		.ascii	"\010\021\002\004\000\012\000\000\000\005\021\020\001"
 6279      000A0000 
 6279      00051110 
ARM GAS  /tmp/ccRHyJSn.s 			page 116


 6279      01
 6280 0132 01140511 		.ascii	"\001\024\005\021\022\001\006@\020\021 \014\000\012\000"
 6280      12010640 
 6280      1011200C 
 6280      000A00
 6281 0141 074C4B40 		.ascii	"\007LK@\001\311\303\200\000(\005\021 \001\014\366\020"
 6281      01C9C380 
 6281      00280511 
 6281      20010CF6 
 6281      10
 6282 0152 11200C18 		.ascii	"\021 \014\030\001\200\011\003\300\000\0000\000\265\000"
 6282      01800903 
 6282      C0000030 
 6282      00B500
 6283 0161 3C101120 		.ascii	"<\020\021 \014$\010\210\211\004D\000\303\000T4\201U"
 6283      0C240888 
 6283      89044400 
 6283      C3005434 
 6283      8155
 6284 0173 07112003 		.ascii	"\007\021 \0030\022\306\200\005\021 \0015\000\020\021"
 6284      3012C680 
 6284      05112001 
 6284      35001011 
 6285 0183 200C3811 		.ascii	" \0148\021\007\007\200\034L\315\000'\014\204#\016\021"
 6285      0707801C 
 6285      4CCD0027 
 6285      0C84230E 
 6285      11
 6286 0194 200A458F 		.ascii	" \012E\217\002\177\001\000\377\010\033\032@\006\021"
 6286      027F0100 
 6286      FF081B1A 
 6286      400611
 6287 01a3 20025094 		.ascii	" \002P\224\010\006\021 \002T\210\247\005\021 \002W\000"
 6287      08061120 
 6287      025488A7 
 6287      05112002 
 6287      5700
 6288 01b5 00091120 		.ascii	"\000\011\021 \005[aD\023x \020\021!\014\000\377\272"
 6288      055B6144 
 6288      13782010 
 6288      11210C00 
 6288      FFBA
 6289 01c7 0F51CFA9 		.ascii	"\017Q\317\251\311\374\033\036\017\001\020\021!\014\014"
 6289      C9FC1B1E 
 6289      0F011011 
 6289      210C0C
 6290 01d6 FCFD15FF 		.ascii	"\374\375\025\377\000\017\377\272\017Q\317\251\020\021"
 6290      000FFFBA 
 6290      0F51CFA9 
 6290      1011
 6291 01e4 210C18C9 		.ascii	"!\014\030\311\374\033\036\017\001\374\375\025\377\000"
 6291      FC1B1E0F 
 6291      01FCFD15 
 6291      FF00
 6292 01f2 0F051122 		.ascii	"\017\005\021\"\001\003]\013\021#\007\000\024\007\013"
 6292      01035D0B 
 6292      11230700 
ARM GAS  /tmp/ccRHyJSn.s 			page 117


 6292      14070B
 6293 0201 02107303 		.ascii	"\002\020s\003\014\021@\010\000@\011\021\021\"\" \377"
 6293      0C114008 
 6293      00400911 
 6293      11222220 
 6293      FF
 6294 0212 00       		.ascii	"\000"
 6295              		.section	.data.SI4463_output_level,"aw"
 6296              		.align	2
 6297              		.type	SI4463_output_level, %object
 6298              		.size	SI4463_output_level, 4
 6299              	SI4463_output_level:
 6300 0000 20000000 		.word	32
 6301              		.section	.bss.SI4463_in_tx_mode,"aw",%nobits
 6302              		.type	SI4463_in_tx_mode, %object
 6303              		.size	SI4463_in_tx_mode, 1
 6304              	SI4463_in_tx_mode:
 6305 0000 00       		.space	1
 6306              		.section	.bss.SI4463_channel,"aw",%nobits
 6307              		.type	SI4463_channel, %object
 6308              		.size	SI4463_channel, 1
 6309              	SI4463_channel:
 6310 0000 00       		.space	1
 6311              		.section	.data.SI4463_band,"aw"
 6312              		.align	2
 6313              		.type	SI4463_band, %object
 6314              		.size	SI4463_band, 4
 6315              	SI4463_band:
 6316 0000 FFFFFFFF 		.word	-1
 6317              		.global	SI4463_rbw_selected
 6318              		.section	.bss.SI4463_rbw_selected,"aw",%nobits
 6319              		.type	SI4463_rbw_selected, %object
 6320              		.size	SI4463_rbw_selected, 1
 6321              	SI4463_rbw_selected:
 6322 0000 00       		.space	1
 6323              		.global	SI4463_offset_value
 6324              		.section	.bss.SI4463_offset_value,"aw",%nobits
 6325              		.align	2
 6326              		.type	SI4463_offset_value, %object
 6327              		.size	SI4463_offset_value, 4
 6328              	SI4463_offset_value:
 6329 0000 00000000 		.space	4
 6330              		.global	SI4463_offset_changed
 6331              		.section	.bss.SI4463_offset_changed,"aw",%nobits
 6332              		.type	SI4463_offset_changed, %object
 6333              		.size	SI4463_offset_changed, 1
 6334              	SI4463_offset_changed:
 6335 0000 00       		.space	1
 6336              		.global	SI4463_frequency_changed
 6337              		.section	.bss.SI4463_frequency_changed,"aw",%nobits
 6338              		.type	SI4463_frequency_changed, %object
 6339              		.size	SI4463_frequency_changed, 1
 6340              	SI4463_frequency_changed:
 6341 0000 00       		.space	1
 6342              		.global	xtal
 6343              		.section	.bss.xtal,"aw",%nobits
 6344              		.align	3
ARM GAS  /tmp/ccRHyJSn.s 			page 118


 6345              		.type	xtal, %object
 6346              		.size	xtal, 8
 6347              	xtal:
 6348 0000 00000000 		.space	8
 6348      00000000 
 6349              		.global	ADF4351_dirty
 6350              		.section	.bss.ADF4351_dirty,"aw",%nobits
 6351              		.type	ADF4351_dirty, %object
 6352              		.size	ADF4351_dirty, 1
 6353              	ADF4351_dirty:
 6354 0000 00       		.space	1
 6355              		.global	CP_Mode
 6356              		.section	.rodata.CP_Mode,"a"
 6357              		.type	CP_Mode, %object
 6358              		.size	CP_Mode, 1
 6359              	CP_Mode:
 6360 0000 00       		.space	1
 6361              		.section	.bss.auxEnable,"aw",%nobits
 6362              		.type	auxEnable, %object
 6363              		.size	auxEnable, 1
 6364              	auxEnable:
 6365 0000 00       		.space	1
 6366              		.global	refDouble
 6367              		.section	.bss.refDouble,"aw",%nobits
 6368              		.type	refDouble, %object
 6369              		.size	refDouble, 1
 6370              	refDouble:
 6371 0000 00       		.space	1
 6372              		.global	clkDivMode
 6373              		.section	.data.clkDivMode,"aw"
 6374              		.type	clkDivMode, %object
 6375              		.size	clkDivMode, 1
 6376              	clkDivMode:
 6377 0000 01       		.byte	1
 6378              		.global	fastlockDivider
 6379              		.section	.data.fastlockDivider,"aw"
 6380              		.align	1
 6381              		.type	fastlockDivider, %object
 6382              		.size	fastlockDivider, 2
 6383              	fastlockDivider:
 6384 0000 0600     		.short	6
 6385              		.section	.bss.cpCurrent,"aw",%nobits
 6386              		.type	cpCurrent, %object
 6387              		.size	cpCurrent, 1
 6388              	cpCurrent:
 6389 0000 00       		.space	1
 6390              		.global	bsDivider
 6391              		.section	.data.bsDivider,"aw"
 6392              		.align	1
 6393              		.type	bsDivider, %object
 6394              		.size	bsDivider, 2
 6395              	bsDivider:
 6396 0000 6400     		.short	100
 6397              		.global	powerDown
 6398              		.section	.bss.powerDown,"aw",%nobits
 6399              		.align	1
 6400              		.type	powerDown, %object
ARM GAS  /tmp/ccRHyJSn.s 			page 119


 6401              		.size	powerDown, 2
 6402              	powerDown:
 6403 0000 0000     		.space	2
 6404              		.global	pdwn
 6405              		.section	.bss.pdwn,"aw",%nobits
 6406              		.type	pdwn, %object
 6407              		.size	pdwn, 1
 6408              	pdwn:
 6409 0000 00       		.space	1
 6410              		.section	.bss.prev_actual_freq,"aw",%nobits
 6411              		.align	3
 6412              		.type	prev_actual_freq, %object
 6413              		.size	prev_actual_freq, 8
 6414              	prev_actual_freq:
 6415 0000 00000000 		.space	8
 6415      00000000 
 6416              		.global	rfPower
 6417              		.section	.bss.rfPower,"aw",%nobits
 6418              		.type	rfPower, %object
 6419              		.size	rfPower, 1
 6420              	rfPower:
 6421 0000 00       		.space	1
 6422              		.global	id
 6423              		.section	.bss.id,"aw",%nobits
 6424              		.align	1
 6425              		.type	id, %object
 6426              		.size	id, 2
 6427              	id:
 6428 0000 0000     		.space	2
 6429              		.global	reg_5
 6430              		.section	.bss.reg_5,"aw",%nobits
 6431              		.align	2
 6432              		.type	reg_5, %object
 6433              		.size	reg_5, 4
 6434              	reg_5:
 6435 0000 00000000 		.space	4
 6436              		.global	reg_4
 6437              		.section	.bss.reg_4,"aw",%nobits
 6438              		.align	2
 6439              		.type	reg_4, %object
 6440              		.size	reg_4, 4
 6441              	reg_4:
 6442 0000 00000000 		.space	4
 6443              		.global	reg_3
 6444              		.section	.bss.reg_3,"aw",%nobits
 6445              		.align	2
 6446              		.type	reg_3, %object
 6447              		.size	reg_3, 4
 6448              	reg_3:
 6449 0000 00000000 		.space	4
 6450              		.global	reg_2
 6451              		.section	.bss.reg_2,"aw",%nobits
 6452              		.align	2
 6453              		.type	reg_2, %object
 6454              		.size	reg_2, 4
 6455              	reg_2:
 6456 0000 00000000 		.space	4
ARM GAS  /tmp/ccRHyJSn.s 			page 120


 6457              		.global	reg_1
 6458              		.section	.bss.reg_1,"aw",%nobits
 6459              		.align	2
 6460              		.type	reg_1, %object
 6461              		.size	reg_1, 4
 6462              	reg_1:
 6463 0000 00000000 		.space	4
 6464              		.global	bscm
 6465              		.section	.data.bscm,"aw"
 6466              		.align	1
 6467              		.type	bscm, %object
 6468              		.size	bscm, 2
 6469              	bscm:
 6470 0000 0100     		.short	1
 6471              		.global	csr
 6472              		.section	.data.csr,"aw"
 6473              		.align	1
 6474              		.type	csr, %object
 6475              		.size	csr, 2
 6476              	csr:
 6477 0000 0100     		.short	1
 6478              		.global	mux
 6479              		.section	.bss.mux,"aw",%nobits
 6480              		.align	1
 6481              		.type	mux, %object
 6482              		.size	mux, 2
 6483              	mux:
 6484 0000 0000     		.space	2
 6485              		.global	out_div
 6486              		.section	.bss.out_div,"aw",%nobits
 6487              		.align	1
 6488              		.type	out_div, %object
 6489              		.size	out_div, 2
 6490              	out_div:
 6491 0000 0000     		.space	2
 6492              		.global	modulus
 6493              		.section	.data.modulus,"aw"
 6494              		.align	1
 6495              		.type	modulus, %object
 6496              		.size	modulus, 2
 6497              	modulus:
 6498 0000 C800     		.short	200
 6499              		.global	frac
 6500              		.section	.bss.frac,"aw",%nobits
 6501              		.align	1
 6502              		.type	frac, %object
 6503              		.size	frac, 2
 6504              	frac:
 6505 0000 0000     		.space	2
 6506              		.global	N
 6507              		.section	.data.N,"aw"
 6508              		.align	1
 6509              		.type	N, %object
 6510              		.size	N, 2
 6511              	N:
 6512 0000 0100     		.short	1
 6513              		.global	old_R
ARM GAS  /tmp/ccRHyJSn.s 			page 121


 6514              		.section	.bss.old_R,"aw",%nobits
 6515              		.align	2
 6516              		.type	old_R, %object
 6517              		.size	old_R, 4
 6518              	old_R:
 6519 0000 00000000 		.space	4
 6520              		.global	R
 6521              		.section	.data.R,"aw"
 6522              		.align	1
 6523              		.type	R, %object
 6524              		.size	R, 2
 6525              	R:
 6526 0000 0100     		.short	1
 6527              		.global	ADF4351_frequency_changed
 6528              		.section	.bss.ADF4351_frequency_changed,"aw",%nobits
 6529              		.type	ADF4351_frequency_changed, %object
 6530              		.size	ADF4351_frequency_changed, 1
 6531              	ADF4351_frequency_changed:
 6532 0000 00       		.space	1
 6533              		.section	.bss.shifted,"aw",%nobits
 6534              		.align	2
 6535              		.type	shifted, %object
 6536              		.size	shifted, 4
 6537              	shifted:
 6538 0000 00000000 		.space	4
 6539              		.global	SI4432_offset_delay
 6540              		.section	.data.SI4432_offset_delay,"aw"
 6541              		.align	2
 6542              		.type	SI4432_offset_delay, %object
 6543              		.size	SI4432_offset_delay, 4
 6544              	SI4432_offset_delay:
 6545 0000 DC050000 		.word	1500
 6546              		.global	SI4432_step_delay
 6547              		.section	.data.SI4432_step_delay,"aw"
 6548              		.align	2
 6549              		.type	SI4432_step_delay, %object
 6550              		.size	SI4432_step_delay, 4
 6551              	SI4432_step_delay:
 6552 0000 DC050000 		.word	1500
 6553              		.section	.bss.old_port_moder,"aw",%nobits
 6554              		.align	2
 6555              		.type	old_port_moder, %object
 6556              		.size	old_port_moder, 4
 6557              	old_port_moder:
 6558 0000 00000000 		.space	4
 6559              		.section	.bss.old_spi_settings,"aw",%nobits
 6560              		.align	2
 6561              		.type	old_spi_settings, %object
 6562              		.size	old_spi_settings, 4
 6563              	old_spi_settings:
 6564 0000 00000000 		.space	4
 6565              		.text
 6566              	.Letext0:
 6567              		.file 7 "/usr/lib/gcc/arm-none-eabi/13.2.1/include/stddef.h"
 6568              		.file 8 "/usr/lib/gcc/arm-none-eabi/13.2.1/include/stdint.h"
 6569              		.file 9 "ChibiOS/os/rt/include/chsystypes.h"
 6570              		.file 10 "ChibiOS/os/common/ext/CMSIS/ST/STM32F3xx/stm32f303xc.h"
ARM GAS  /tmp/ccRHyJSn.s 			page 122


 6571              		.file 11 "ChibiOS/os/hal/ports/STM32/LLD/TIMv1/stm32_tim.h"
 6572              		.file 12 "ChibiOS/os/hal/ports/STM32/LLD/GPIOv2/hal_pal_lld.h"
 6573              		.file 13 "nanovna.h"
 6574              		.file 14 "si4432.h"
 6575              		.file 15 "si446x.h"
 6576              		.file 16 "si5351.h"
 6577              		.file 17 "ChibiOS/os/rt/include/chthreads.h"
 6578              		.file 18 "spi.h"
 6579              		.section	.debug_info,"",%progbits
 6580              	.Ldebug_info0:
 6581 0000 80370000 		.4byte	0x3780
 6582 0004 0500     		.2byte	0x5
 6583 0006 01       		.byte	0x1
 6584 0007 04       		.byte	0x4
 6585 0008 00000000 		.4byte	.Ldebug_abbrev0
 6586 000c 48       		.uleb128 0x48
 6587 000d 03010000 		.4byte	.LASF546
 6588 0011 1D       		.byte	0x1d
 6589 0012 8C0A0000 		.4byte	.LASF547
 6590 0016 4D170000 		.4byte	.LASF548
 6591 001a A3000000 		.4byte	.LLRL115
 6592 001e 00000000 		.4byte	0
 6593 0022 00000000 		.4byte	.Ldebug_line0
 6594 0026 14       		.uleb128 0x14
 6595 0027 08       		.byte	0x8
 6596 0028 07       		.byte	0x7
 6597 0029 CC190000 		.4byte	.LASF0
 6598 002d 14       		.uleb128 0x14
 6599 002e 04       		.byte	0x4
 6600 002f 07       		.byte	0x7
 6601 0030 501D0000 		.4byte	.LASF1
 6602 0034 14       		.uleb128 0x14
 6603 0035 01       		.byte	0x1
 6604 0036 08       		.byte	0x8
 6605 0037 D4080000 		.4byte	.LASF2
 6606 003b 14       		.uleb128 0x14
 6607 003c 02       		.byte	0x2
 6608 003d 07       		.byte	0x7
 6609 003e 9F110000 		.4byte	.LASF3
 6610 0042 49       		.uleb128 0x49
 6611 0043 04       		.byte	0x4
 6612 0044 05       		.byte	0x5
 6613 0045 696E7400 		.ascii	"int\000"
 6614 0049 14       		.uleb128 0x14
 6615 004a 04       		.byte	0x4
 6616 004b 04       		.byte	0x4
 6617 004c 2C090000 		.4byte	.LASF4
 6618 0050 15       		.uleb128 0x15
 6619 0051 460C0000 		.4byte	.LASF7
 6620 0055 07       		.byte	0x7
 6621 0056 D6       		.byte	0xd6
 6622 0057 17       		.byte	0x17
 6623 0058 2D000000 		.4byte	0x2d
 6624 005c 14       		.uleb128 0x14
 6625 005d 08       		.byte	0x8
 6626 005e 05       		.byte	0x5
 6627 005f 851B0000 		.4byte	.LASF5
ARM GAS  /tmp/ccRHyJSn.s 			page 123


 6628 0063 14       		.uleb128 0x14
 6629 0064 08       		.byte	0x8
 6630 0065 04       		.byte	0x4
 6631 0066 30140000 		.4byte	.LASF6
 6632 006a 15       		.uleb128 0x15
 6633 006b E9100000 		.4byte	.LASF8
 6634 006f 08       		.byte	0x8
 6635 0070 22       		.byte	0x22
 6636 0071 17       		.byte	0x17
 6637 0072 76000000 		.4byte	0x76
 6638 0076 14       		.uleb128 0x14
 6639 0077 01       		.byte	0x1
 6640 0078 06       		.byte	0x6
 6641 0079 B2110000 		.4byte	.LASF9
 6642 007d 15       		.uleb128 0x15
 6643 007e 97110000 		.4byte	.LASF10
 6644 0082 08       		.byte	0x8
 6645 0083 25       		.byte	0x25
 6646 0084 18       		.byte	0x18
 6647 0085 89000000 		.4byte	0x89
 6648 0089 14       		.uleb128 0x14
 6649 008a 02       		.byte	0x2
 6650 008b 05       		.byte	0x5
 6651 008c 9C1D0000 		.4byte	.LASF11
 6652 0090 15       		.uleb128 0x15
 6653 0091 A6040000 		.4byte	.LASF12
 6654 0095 08       		.byte	0x8
 6655 0096 28       		.byte	0x28
 6656 0097 18       		.byte	0x18
 6657 0098 9C000000 		.4byte	0x9c
 6658 009c 14       		.uleb128 0x14
 6659 009d 04       		.byte	0x4
 6660 009e 05       		.byte	0x5
 6661 009f 20130000 		.4byte	.LASF13
 6662 00a3 15       		.uleb128 0x15
 6663 00a4 9D170000 		.4byte	.LASF14
 6664 00a8 08       		.byte	0x8
 6665 00a9 2B       		.byte	0x2b
 6666 00aa 18       		.byte	0x18
 6667 00ab 5C000000 		.4byte	0x5c
 6668 00af 15       		.uleb128 0x15
 6669 00b0 4D0C0000 		.4byte	.LASF15
 6670 00b4 08       		.byte	0x8
 6671 00b5 2E       		.byte	0x2e
 6672 00b6 18       		.byte	0x18
 6673 00b7 34000000 		.4byte	0x34
 6674 00bb 21       		.uleb128 0x21
 6675 00bc AF000000 		.4byte	0xaf
 6676 00c0 13       		.uleb128 0x13
 6677 00c1 AF000000 		.4byte	0xaf
 6678 00c5 15       		.uleb128 0x15
 6679 00c6 0E030000 		.4byte	.LASF16
 6680 00ca 08       		.byte	0x8
 6681 00cb 31       		.byte	0x31
 6682 00cc 19       		.byte	0x19
 6683 00cd 3B000000 		.4byte	0x3b
 6684 00d1 21       		.uleb128 0x21
ARM GAS  /tmp/ccRHyJSn.s 			page 124


 6685 00d2 C5000000 		.4byte	0xc5
 6686 00d6 13       		.uleb128 0x13
 6687 00d7 C5000000 		.4byte	0xc5
 6688 00db 15       		.uleb128 0x15
 6689 00dc D0130000 		.4byte	.LASF17
 6690 00e0 08       		.byte	0x8
 6691 00e1 34       		.byte	0x34
 6692 00e2 19       		.byte	0x19
 6693 00e3 F1000000 		.4byte	0xf1
 6694 00e7 21       		.uleb128 0x21
 6695 00e8 DB000000 		.4byte	0xdb
 6696 00ec 13       		.uleb128 0x13
 6697 00ed DB000000 		.4byte	0xdb
 6698 00f1 14       		.uleb128 0x14
 6699 00f2 04       		.byte	0x4
 6700 00f3 07       		.byte	0x7
 6701 00f4 95140000 		.4byte	.LASF18
 6702 00f8 15       		.uleb128 0x15
 6703 00f9 E5090000 		.4byte	.LASF19
 6704 00fd 08       		.byte	0x8
 6705 00fe 37       		.byte	0x37
 6706 00ff 19       		.byte	0x19
 6707 0100 26000000 		.4byte	0x26
 6708 0104 15       		.uleb128 0x15
 6709 0105 B4040000 		.4byte	.LASF20
 6710 0109 09       		.byte	0x9
 6711 010a 33       		.byte	0x33
 6712 010b 12       		.byte	0x12
 6713 010c DB000000 		.4byte	0xdb
 6714 0110 4A       		.uleb128 0x4a
 6715 0111 04       		.byte	0x4
 6716 0112 0A       		.uleb128 0xa
 6717 0113 DB000000 		.4byte	0xdb
 6718 0117 22010000 		.4byte	0x122
 6719 011b 09       		.uleb128 0x9
 6720 011c 2D000000 		.4byte	0x2d
 6721 0120 03       		.byte	0x3
 6722 0121 00       		.byte	0
 6723 0122 1F       		.uleb128 0x1f
 6724 0123 38       		.byte	0x38
 6725 0124 0A       		.byte	0xa
 6726 0125 4001     		.2byte	0x140
 6727 0127 EE010000 		.4byte	0x1ee
 6728 012b 10       		.uleb128 0x10
 6729 012c 435200   		.ascii	"CR\000"
 6730 012f 0A       		.byte	0xa
 6731 0130 4201     		.2byte	0x142
 6732 0132 11       		.byte	0x11
 6733 0133 E7000000 		.4byte	0xe7
 6734 0137 00       		.byte	0
 6735 0138 03       		.uleb128 0x3
 6736 0139 4C120000 		.4byte	.LASF21
 6737 013d 0A       		.byte	0xa
 6738 013e 4301     		.2byte	0x143
 6739 0140 11       		.byte	0x11
 6740 0141 E7000000 		.4byte	0xe7
 6741 0145 04       		.byte	0x4
ARM GAS  /tmp/ccRHyJSn.s 			page 125


 6742 0146 03       		.uleb128 0x3
 6743 0147 29190000 		.4byte	.LASF22
 6744 014b 0A       		.byte	0xa
 6745 014c 4401     		.2byte	0x144
 6746 014e 11       		.byte	0x11
 6747 014f E7000000 		.4byte	0xe7
 6748 0153 08       		.byte	0x8
 6749 0154 03       		.uleb128 0x3
 6750 0155 83160000 		.4byte	.LASF23
 6751 0159 0A       		.byte	0xa
 6752 015a 4501     		.2byte	0x145
 6753 015c 11       		.byte	0x11
 6754 015d E7000000 		.4byte	0xe7
 6755 0161 0C       		.byte	0xc
 6756 0162 03       		.uleb128 0x3
 6757 0163 43090000 		.4byte	.LASF24
 6758 0167 0A       		.byte	0xa
 6759 0168 4601     		.2byte	0x146
 6760 016a 11       		.byte	0x11
 6761 016b E7000000 		.4byte	0xe7
 6762 016f 10       		.byte	0x10
 6763 0170 03       		.uleb128 0x3
 6764 0171 31190000 		.4byte	.LASF25
 6765 0175 0A       		.byte	0xa
 6766 0176 4701     		.2byte	0x147
 6767 0178 11       		.byte	0x11
 6768 0179 E7000000 		.4byte	0xe7
 6769 017d 14       		.byte	0x14
 6770 017e 03       		.uleb128 0x3
 6771 017f 8B160000 		.4byte	.LASF26
 6772 0183 0A       		.byte	0xa
 6773 0184 4801     		.2byte	0x148
 6774 0186 11       		.byte	0x11
 6775 0187 E7000000 		.4byte	0xe7
 6776 018b 18       		.byte	0x18
 6777 018c 03       		.uleb128 0x3
 6778 018d 4A090000 		.4byte	.LASF27
 6779 0191 0A       		.byte	0xa
 6780 0192 4901     		.2byte	0x149
 6781 0194 11       		.byte	0x11
 6782 0195 E7000000 		.4byte	0xe7
 6783 0199 1C       		.byte	0x1c
 6784 019a 03       		.uleb128 0x3
 6785 019b 5A190000 		.4byte	.LASF28
 6786 019f 0A       		.byte	0xa
 6787 01a0 4A01     		.2byte	0x14a
 6788 01a2 11       		.byte	0x11
 6789 01a3 E7000000 		.4byte	0xe7
 6790 01a7 20       		.byte	0x20
 6791 01a8 03       		.uleb128 0x3
 6792 01a9 A8160000 		.4byte	.LASF29
 6793 01ad 0A       		.byte	0xa
 6794 01ae 4B01     		.2byte	0x14b
 6795 01b0 11       		.byte	0x11
 6796 01b1 E7000000 		.4byte	0xe7
 6797 01b5 24       		.byte	0x24
 6798 01b6 03       		.uleb128 0x3
ARM GAS  /tmp/ccRHyJSn.s 			page 126


 6799 01b7 81090000 		.4byte	.LASF30
 6800 01bb 0A       		.byte	0xa
 6801 01bc 4C01     		.2byte	0x14c
 6802 01be 11       		.byte	0x11
 6803 01bf E7000000 		.4byte	0xe7
 6804 01c3 28       		.byte	0x28
 6805 01c4 03       		.uleb128 0x3
 6806 01c5 49020000 		.4byte	.LASF31
 6807 01c9 0A       		.byte	0xa
 6808 01ca 4D01     		.2byte	0x14d
 6809 01cc 11       		.byte	0x11
 6810 01cd E7000000 		.4byte	0xe7
 6811 01d1 2C       		.byte	0x2c
 6812 01d2 03       		.uleb128 0x3
 6813 01d3 4E020000 		.4byte	.LASF32
 6814 01d7 0A       		.byte	0xa
 6815 01d8 4E01     		.2byte	0x14e
 6816 01da 11       		.byte	0x11
 6817 01db E7000000 		.4byte	0xe7
 6818 01df 30       		.byte	0x30
 6819 01e0 10       		.uleb128 0x10
 6820 01e1 535200   		.ascii	"SR\000"
 6821 01e4 0A       		.byte	0xa
 6822 01e5 4F01     		.2byte	0x14f
 6823 01e7 11       		.byte	0x11
 6824 01e8 E7000000 		.4byte	0xe7
 6825 01ec 34       		.byte	0x34
 6826 01ed 00       		.byte	0
 6827 01ee 16       		.uleb128 0x16
 6828 01ef B9170000 		.4byte	.LASF33
 6829 01f3 0A       		.byte	0xa
 6830 01f4 5001     		.2byte	0x150
 6831 01f6 03       		.byte	0x3
 6832 01f7 22010000 		.4byte	0x122
 6833 01fb 0A       		.uleb128 0xa
 6834 01fc E7000000 		.4byte	0xe7
 6835 0200 0B020000 		.4byte	0x20b
 6836 0204 09       		.uleb128 0x9
 6837 0205 2D000000 		.4byte	0x2d
 6838 0209 01       		.byte	0x1
 6839 020a 00       		.byte	0
 6840 020b 21       		.uleb128 0x21
 6841 020c FB010000 		.4byte	0x1fb
 6842 0210 0A       		.uleb128 0xa
 6843 0211 E7000000 		.4byte	0xe7
 6844 0215 20020000 		.4byte	0x220
 6845 0219 09       		.uleb128 0x9
 6846 021a 2D000000 		.4byte	0x2d
 6847 021e 03       		.byte	0x3
 6848 021f 00       		.byte	0
 6849 0220 21       		.uleb128 0x21
 6850 0221 10020000 		.4byte	0x210
 6851 0225 1F       		.uleb128 0x1f
 6852 0226 24       		.byte	0x24
 6853 0227 0A       		.byte	0xa
 6854 0228 3D02     		.2byte	0x23d
 6855 022a AB020000 		.4byte	0x2ab
ARM GAS  /tmp/ccRHyJSn.s 			page 127


 6856 022e 10       		.uleb128 0x10
 6857 022f 43523100 		.ascii	"CR1\000"
 6858 0233 0A       		.byte	0xa
 6859 0234 3F02     		.2byte	0x23f
 6860 0236 11       		.byte	0x11
 6861 0237 E7000000 		.4byte	0xe7
 6862 023b 00       		.byte	0
 6863 023c 10       		.uleb128 0x10
 6864 023d 43523200 		.ascii	"CR2\000"
 6865 0241 0A       		.byte	0xa
 6866 0242 4002     		.2byte	0x240
 6867 0244 11       		.byte	0x11
 6868 0245 E7000000 		.4byte	0xe7
 6869 0249 04       		.byte	0x4
 6870 024a 10       		.uleb128 0x10
 6871 024b 535200   		.ascii	"SR\000"
 6872 024e 0A       		.byte	0xa
 6873 024f 4102     		.2byte	0x241
 6874 0251 11       		.byte	0x11
 6875 0252 E7000000 		.4byte	0xe7
 6876 0256 08       		.byte	0x8
 6877 0257 10       		.uleb128 0x10
 6878 0258 445200   		.ascii	"DR\000"
 6879 025b 0A       		.byte	0xa
 6880 025c 4202     		.2byte	0x242
 6881 025e 11       		.byte	0x11
 6882 025f E7000000 		.4byte	0xe7
 6883 0263 0C       		.byte	0xc
 6884 0264 03       		.uleb128 0x3
 6885 0265 7C070000 		.4byte	.LASF34
 6886 0269 0A       		.byte	0xa
 6887 026a 4302     		.2byte	0x243
 6888 026c 11       		.byte	0x11
 6889 026d E7000000 		.4byte	0xe7
 6890 0271 10       		.byte	0x10
 6891 0272 03       		.uleb128 0x3
 6892 0273 7C0A0000 		.4byte	.LASF35
 6893 0277 0A       		.byte	0xa
 6894 0278 4402     		.2byte	0x244
 6895 027a 11       		.byte	0x11
 6896 027b E7000000 		.4byte	0xe7
 6897 027f 14       		.byte	0x14
 6898 0280 03       		.uleb128 0x3
 6899 0281 B0090000 		.4byte	.LASF36
 6900 0285 0A       		.byte	0xa
 6901 0286 4502     		.2byte	0x245
 6902 0288 11       		.byte	0x11
 6903 0289 E7000000 		.4byte	0xe7
 6904 028d 18       		.byte	0x18
 6905 028e 03       		.uleb128 0x3
 6906 028f 461B0000 		.4byte	.LASF37
 6907 0293 0A       		.byte	0xa
 6908 0294 4602     		.2byte	0x246
 6909 0296 11       		.byte	0x11
 6910 0297 E7000000 		.4byte	0xe7
 6911 029b 1C       		.byte	0x1c
 6912 029c 03       		.uleb128 0x3
ARM GAS  /tmp/ccRHyJSn.s 			page 128


 6913 029d 3B070000 		.4byte	.LASF38
 6914 02a1 0A       		.byte	0xa
 6915 02a2 4702     		.2byte	0x247
 6916 02a4 11       		.byte	0x11
 6917 02a5 E7000000 		.4byte	0xe7
 6918 02a9 20       		.byte	0x20
 6919 02aa 00       		.byte	0
 6920 02ab 16       		.uleb128 0x16
 6921 02ac 1A1A0000 		.4byte	.LASF39
 6922 02b0 0A       		.byte	0xa
 6923 02b1 4802     		.2byte	0x248
 6924 02b3 03       		.byte	0x3
 6925 02b4 25020000 		.4byte	0x225
 6926 02b8 1F       		.uleb128 0x1f
 6927 02b9 60       		.byte	0x60
 6928 02ba 0B       		.byte	0xb
 6929 02bb A101     		.2byte	0x1a1
 6930 02bd D8030000 		.4byte	0x3d8
 6931 02c1 10       		.uleb128 0x10
 6932 02c2 43523100 		.ascii	"CR1\000"
 6933 02c6 0B       		.byte	0xb
 6934 02c7 A201     		.2byte	0x1a2
 6935 02c9 19       		.byte	0x19
 6936 02ca E7000000 		.4byte	0xe7
 6937 02ce 00       		.byte	0
 6938 02cf 10       		.uleb128 0x10
 6939 02d0 43523200 		.ascii	"CR2\000"
 6940 02d4 0B       		.byte	0xb
 6941 02d5 A301     		.2byte	0x1a3
 6942 02d7 19       		.byte	0x19
 6943 02d8 E7000000 		.4byte	0xe7
 6944 02dc 04       		.byte	0x4
 6945 02dd 03       		.uleb128 0x3
 6946 02de 261A0000 		.4byte	.LASF40
 6947 02e2 0B       		.byte	0xb
 6948 02e3 A401     		.2byte	0x1a4
 6949 02e5 19       		.byte	0x19
 6950 02e6 E7000000 		.4byte	0xe7
 6951 02ea 08       		.byte	0x8
 6952 02eb 03       		.uleb128 0x3
 6953 02ec 51090000 		.4byte	.LASF41
 6954 02f0 0B       		.byte	0xb
 6955 02f1 A501     		.2byte	0x1a5
 6956 02f3 19       		.byte	0x19
 6957 02f4 E7000000 		.4byte	0xe7
 6958 02f8 0C       		.byte	0xc
 6959 02f9 10       		.uleb128 0x10
 6960 02fa 535200   		.ascii	"SR\000"
 6961 02fd 0B       		.byte	0xb
 6962 02fe A601     		.2byte	0x1a6
 6963 0300 19       		.byte	0x19
 6964 0301 E7000000 		.4byte	0xe7
 6965 0305 10       		.byte	0x10
 6966 0306 10       		.uleb128 0x10
 6967 0307 45475200 		.ascii	"EGR\000"
 6968 030b 0B       		.byte	0xb
 6969 030c A701     		.2byte	0x1a7
ARM GAS  /tmp/ccRHyJSn.s 			page 129


 6970 030e 19       		.byte	0x19
 6971 030f E7000000 		.4byte	0xe7
 6972 0313 14       		.byte	0x14
 6973 0314 03       		.uleb128 0x3
 6974 0315 381D0000 		.4byte	.LASF42
 6975 0319 0B       		.byte	0xb
 6976 031a A801     		.2byte	0x1a8
 6977 031c 19       		.byte	0x19
 6978 031d E7000000 		.4byte	0xe7
 6979 0321 18       		.byte	0x18
 6980 0322 03       		.uleb128 0x3
 6981 0323 3E1D0000 		.4byte	.LASF43
 6982 0327 0B       		.byte	0xb
 6983 0328 A901     		.2byte	0x1a9
 6984 032a 19       		.byte	0x19
 6985 032b E7000000 		.4byte	0xe7
 6986 032f 1C       		.byte	0x1c
 6987 0330 03       		.uleb128 0x3
 6988 0331 36070000 		.4byte	.LASF44
 6989 0335 0B       		.byte	0xb
 6990 0336 AA01     		.2byte	0x1aa
 6991 0338 19       		.byte	0x19
 6992 0339 E7000000 		.4byte	0xe7
 6993 033d 20       		.byte	0x20
 6994 033e 10       		.uleb128 0x10
 6995 033f 434E5400 		.ascii	"CNT\000"
 6996 0343 0B       		.byte	0xb
 6997 0344 AB01     		.2byte	0x1ab
 6998 0346 19       		.byte	0x19
 6999 0347 E7000000 		.4byte	0xe7
 7000 034b 24       		.byte	0x24
 7001 034c 10       		.uleb128 0x10
 7002 034d 50534300 		.ascii	"PSC\000"
 7003 0351 0B       		.byte	0xb
 7004 0352 AC01     		.2byte	0x1ac
 7005 0354 19       		.byte	0x19
 7006 0355 E7000000 		.4byte	0xe7
 7007 0359 28       		.byte	0x28
 7008 035a 10       		.uleb128 0x10
 7009 035b 41525200 		.ascii	"ARR\000"
 7010 035f 0B       		.byte	0xb
 7011 0360 AD01     		.2byte	0x1ad
 7012 0362 19       		.byte	0x19
 7013 0363 E7000000 		.4byte	0xe7
 7014 0367 2C       		.byte	0x2c
 7015 0368 10       		.uleb128 0x10
 7016 0369 52435200 		.ascii	"RCR\000"
 7017 036d 0B       		.byte	0xb
 7018 036e AE01     		.2byte	0x1ae
 7019 0370 19       		.byte	0x19
 7020 0371 E7000000 		.4byte	0xe7
 7021 0375 30       		.byte	0x30
 7022 0376 10       		.uleb128 0x10
 7023 0377 43435200 		.ascii	"CCR\000"
 7024 037b 0B       		.byte	0xb
 7025 037c AF01     		.2byte	0x1af
 7026 037e 19       		.byte	0x19
ARM GAS  /tmp/ccRHyJSn.s 			page 130


 7027 037f 20020000 		.4byte	0x220
 7028 0383 34       		.byte	0x34
 7029 0384 03       		.uleb128 0x3
 7030 0385 F0020000 		.4byte	.LASF45
 7031 0389 0B       		.byte	0xb
 7032 038a B001     		.2byte	0x1b0
 7033 038c 19       		.byte	0x19
 7034 038d E7000000 		.4byte	0xe7
 7035 0391 44       		.byte	0x44
 7036 0392 10       		.uleb128 0x10
 7037 0393 44435200 		.ascii	"DCR\000"
 7038 0397 0B       		.byte	0xb
 7039 0398 B101     		.2byte	0x1b1
 7040 039a 19       		.byte	0x19
 7041 039b E7000000 		.4byte	0xe7
 7042 039f 48       		.byte	0x48
 7043 03a0 03       		.uleb128 0x3
 7044 03a1 83120000 		.4byte	.LASF46
 7045 03a5 0B       		.byte	0xb
 7046 03a6 B201     		.2byte	0x1b2
 7047 03a8 19       		.byte	0x19
 7048 03a9 E7000000 		.4byte	0xe7
 7049 03ad 4C       		.byte	0x4c
 7050 03ae 10       		.uleb128 0x10
 7051 03af 4F5200   		.ascii	"OR\000"
 7052 03b2 0B       		.byte	0xb
 7053 03b3 B301     		.2byte	0x1b3
 7054 03b5 19       		.byte	0x19
 7055 03b6 E7000000 		.4byte	0xe7
 7056 03ba 50       		.byte	0x50
 7057 03bb 03       		.uleb128 0x3
 7058 03bc 441D0000 		.4byte	.LASF47
 7059 03c0 0B       		.byte	0xb
 7060 03c1 B401     		.2byte	0x1b4
 7061 03c3 19       		.byte	0x19
 7062 03c4 E7000000 		.4byte	0xe7
 7063 03c8 54       		.byte	0x54
 7064 03c9 03       		.uleb128 0x3
 7065 03ca 16110000 		.4byte	.LASF48
 7066 03ce 0B       		.byte	0xb
 7067 03cf B501     		.2byte	0x1b5
 7068 03d1 19       		.byte	0x19
 7069 03d2 0B020000 		.4byte	0x20b
 7070 03d6 58       		.byte	0x58
 7071 03d7 00       		.byte	0
 7072 03d8 16       		.uleb128 0x16
 7073 03d9 92190000 		.4byte	.LASF49
 7074 03dd 0B       		.byte	0xb
 7075 03de B601     		.2byte	0x1b6
 7076 03e0 03       		.byte	0x3
 7077 03e1 B8020000 		.4byte	0x2b8
 7078 03e5 26       		.uleb128 0x26
 7079 03e6 F1030000 		.4byte	0x3f1
 7080 03ea 14       		.uleb128 0x14
 7081 03eb 01       		.byte	0x1
 7082 03ec 08       		.byte	0x8
 7083 03ed 47150000 		.4byte	.LASF50
ARM GAS  /tmp/ccRHyJSn.s 			page 131


 7084 03f1 13       		.uleb128 0x13
 7085 03f2 EA030000 		.4byte	0x3ea
 7086 03f6 26       		.uleb128 0x26
 7087 03f7 C0000000 		.4byte	0xc0
 7088 03fb 26       		.uleb128 0x26
 7089 03fc AF000000 		.4byte	0xaf
 7090 0400 14       		.uleb128 0x14
 7091 0401 01       		.byte	0x1
 7092 0402 02       		.byte	0x2
 7093 0403 B0000000 		.4byte	.LASF51
 7094 0407 13       		.uleb128 0x13
 7095 0408 00040000 		.4byte	0x400
 7096 040c 2C       		.uleb128 0x2c
 7097 040d 04       		.byte	0x4
 7098 040e 0C       		.byte	0xc
 7099 040f E7       		.byte	0xe7
 7100 0410 05       		.byte	0x5
 7101 0411 30040000 		.4byte	0x430
 7102 0415 24       		.uleb128 0x24
 7103 0416 73657400 		.ascii	"set\000"
 7104 041a 0C       		.byte	0xc
 7105 041b E8       		.byte	0xe8
 7106 041c 19       		.byte	0x19
 7107 041d C5000000 		.4byte	0xc5
 7108 0421 00       		.byte	0
 7109 0422 11       		.uleb128 0x11
 7110 0423 130C0000 		.4byte	.LASF52
 7111 0427 0C       		.byte	0xc
 7112 0428 E9       		.byte	0xe9
 7113 0429 19       		.byte	0x19
 7114 042a C5000000 		.4byte	0xc5
 7115 042e 02       		.byte	0x2
 7116 042f 00       		.byte	0
 7117 0430 4B       		.uleb128 0x4b
 7118 0431 04       		.byte	0x4
 7119 0432 0C       		.byte	0xc
 7120 0433 E5       		.byte	0xe5
 7121 0434 0C       		.byte	0xc
 7122 0435 4C040000 		.4byte	0x44c
 7123 0439 38       		.uleb128 0x38
 7124 043a 5700     		.ascii	"W\000"
 7125 043c E6       		.byte	0xe6
 7126 043d 19       		.byte	0x19
 7127 043e DB000000 		.4byte	0xdb
 7128 0442 38       		.uleb128 0x38
 7129 0443 4800     		.ascii	"H\000"
 7130 0445 EA       		.byte	0xea
 7131 0446 07       		.byte	0x7
 7132 0447 0C040000 		.4byte	0x40c
 7133 044b 00       		.byte	0
 7134 044c 21       		.uleb128 0x21
 7135 044d 30040000 		.4byte	0x430
 7136 0451 2C       		.uleb128 0x2c
 7137 0452 2C       		.byte	0x2c
 7138 0453 0C       		.byte	0xc
 7139 0454 DD       		.byte	0xdd
 7140 0455 09       		.byte	0x9
ARM GAS  /tmp/ccRHyJSn.s 			page 132


 7141 0456 EA040000 		.4byte	0x4ea
 7142 045a 11       		.uleb128 0x11
 7143 045b 00190000 		.4byte	.LASF53
 7144 045f 0C       		.byte	0xc
 7145 0460 DF       		.byte	0xdf
 7146 0461 19       		.byte	0x19
 7147 0462 E7000000 		.4byte	0xe7
 7148 0466 00       		.byte	0
 7149 0467 11       		.uleb128 0x11
 7150 0468 67040000 		.4byte	.LASF54
 7151 046c 0C       		.byte	0xc
 7152 046d E0       		.byte	0xe0
 7153 046e 19       		.byte	0x19
 7154 046f E7000000 		.4byte	0xe7
 7155 0473 04       		.byte	0x4
 7156 0474 11       		.uleb128 0x11
 7157 0475 2B0D0000 		.4byte	.LASF55
 7158 0479 0C       		.byte	0xc
 7159 047a E1       		.byte	0xe1
 7160 047b 19       		.byte	0x19
 7161 047c E7000000 		.4byte	0xe7
 7162 0480 08       		.byte	0x8
 7163 0481 11       		.uleb128 0x11
 7164 0482 6B180000 		.4byte	.LASF56
 7165 0486 0C       		.byte	0xc
 7166 0487 E2       		.byte	0xe2
 7167 0488 19       		.byte	0x19
 7168 0489 E7000000 		.4byte	0xe7
 7169 048d 0C       		.byte	0xc
 7170 048e 24       		.uleb128 0x24
 7171 048f 49445200 		.ascii	"IDR\000"
 7172 0493 0C       		.byte	0xc
 7173 0494 E3       		.byte	0xe3
 7174 0495 19       		.byte	0x19
 7175 0496 E7000000 		.4byte	0xe7
 7176 049a 10       		.byte	0x10
 7177 049b 24       		.uleb128 0x24
 7178 049c 4F445200 		.ascii	"ODR\000"
 7179 04a0 0C       		.byte	0xc
 7180 04a1 E4       		.byte	0xe4
 7181 04a2 19       		.byte	0x19
 7182 04a3 E7000000 		.4byte	0xe7
 7183 04a7 14       		.byte	0x14
 7184 04a8 11       		.uleb128 0x11
 7185 04a9 58100000 		.4byte	.LASF57
 7186 04ad 0C       		.byte	0xc
 7187 04ae EB       		.byte	0xeb
 7188 04af 05       		.byte	0x5
 7189 04b0 4C040000 		.4byte	0x44c
 7190 04b4 18       		.byte	0x18
 7191 04b5 11       		.uleb128 0x11
 7192 04b6 CB130000 		.4byte	.LASF58
 7193 04ba 0C       		.byte	0xc
 7194 04bb EC       		.byte	0xec
 7195 04bc 19       		.byte	0x19
 7196 04bd E7000000 		.4byte	0xe7
 7197 04c1 1C       		.byte	0x1c
ARM GAS  /tmp/ccRHyJSn.s 			page 133


 7198 04c2 11       		.uleb128 0x11
 7199 04c3 48170000 		.4byte	.LASF59
 7200 04c7 0C       		.byte	0xc
 7201 04c8 ED       		.byte	0xed
 7202 04c9 19       		.byte	0x19
 7203 04ca E7000000 		.4byte	0xe7
 7204 04ce 20       		.byte	0x20
 7205 04cf 11       		.uleb128 0x11
 7206 04d0 43170000 		.4byte	.LASF60
 7207 04d4 0C       		.byte	0xc
 7208 04d5 EE       		.byte	0xee
 7209 04d6 19       		.byte	0x19
 7210 04d7 E7000000 		.4byte	0xe7
 7211 04db 24       		.byte	0x24
 7212 04dc 24       		.uleb128 0x24
 7213 04dd 42525200 		.ascii	"BRR\000"
 7214 04e1 0C       		.byte	0xc
 7215 04e2 EF       		.byte	0xef
 7216 04e3 19       		.byte	0x19
 7217 04e4 E7000000 		.4byte	0xe7
 7218 04e8 28       		.byte	0x28
 7219 04e9 00       		.byte	0
 7220 04ea 15       		.uleb128 0x15
 7221 04eb 4E0E0000 		.4byte	.LASF61
 7222 04ef 0C       		.byte	0xc
 7223 04f0 F0       		.byte	0xf0
 7224 04f1 03       		.byte	0x3
 7225 04f2 51040000 		.4byte	0x451
 7226 04f6 16       		.uleb128 0x16
 7227 04f7 5D110000 		.4byte	.LASF62
 7228 04fb 0C       		.byte	0xc
 7229 04fc 3F01     		.2byte	0x13f
 7230 04fe 12       		.byte	0x12
 7231 04ff DB000000 		.4byte	0xdb
 7232 0503 16       		.uleb128 0x16
 7233 0504 7B170000 		.4byte	.LASF63
 7234 0508 0C       		.byte	0xc
 7235 0509 4901     		.2byte	0x149
 7236 050b 12       		.byte	0x12
 7237 050c DB000000 		.4byte	0xdb
 7238 0510 0A       		.uleb128 0xa
 7239 0511 AF000000 		.4byte	0xaf
 7240 0515 20050000 		.4byte	0x520
 7241 0519 09       		.uleb128 0x9
 7242 051a 2D000000 		.4byte	0x2d
 7243 051e 07       		.byte	0x7
 7244 051f 00       		.byte	0
 7245 0520 0A       		.uleb128 0xa
 7246 0521 AF000000 		.4byte	0xaf
 7247 0525 30050000 		.4byte	0x530
 7248 0529 09       		.uleb128 0x9
 7249 052a 2D000000 		.4byte	0x2d
 7250 052e 03       		.byte	0x3
 7251 052f 00       		.byte	0
 7252 0530 15       		.uleb128 0x15
 7253 0531 E9130000 		.4byte	.LASF64
 7254 0535 0D       		.byte	0xd
ARM GAS  /tmp/ccRHyJSn.s 			page 134


 7255 0536 9C       		.byte	0x9c
 7256 0537 12       		.byte	0x12
 7257 0538 F8000000 		.4byte	0xf8
 7258 053c 17       		.uleb128 0x17
 7259 053d DD030000 		.4byte	.LASF130
 7260 0541 0501     		.2byte	0x105
 7261 0543 0D       		.byte	0xd
 7262 0544 42000000 		.4byte	0x42
 7263 0548 39       		.uleb128 0x39
 7264 0549 74170000 		.4byte	.LASF131
 7265 054d 680C     		.2byte	0xc68
 7266 054f 3103     		.2byte	0x331
 7267 0551 D6080000 		.4byte	0x8d6
 7268 0555 03       		.uleb128 0x3
 7269 0556 CC100000 		.4byte	.LASF65
 7270 055a 0D       		.byte	0xd
 7271 055b 3203     		.2byte	0x332
 7272 055d 0B       		.byte	0xb
 7273 055e 90000000 		.4byte	0x90
 7274 0562 00       		.byte	0
 7275 0563 03       		.uleb128 0x3
 7276 0564 14040000 		.4byte	.LASF66
 7277 0568 0D       		.byte	0xd
 7278 0569 3303     		.2byte	0x333
 7279 056b 0C       		.byte	0xc
 7280 056c DB000000 		.4byte	0xdb
 7281 0570 04       		.byte	0x4
 7282 0571 03       		.uleb128 0x3
 7283 0572 F80B0000 		.4byte	.LASF67
 7284 0576 0D       		.byte	0xd
 7285 0577 3403     		.2byte	0x334
 7286 0579 0C       		.byte	0xc
 7287 057a D6080000 		.4byte	0x8d6
 7288 057e 08       		.byte	0x8
 7289 057f 03       		.uleb128 0x3
 7290 0580 79160000 		.4byte	.LASF68
 7291 0584 0D       		.byte	0xd
 7292 0585 3503     		.2byte	0x335
 7293 0587 0C       		.byte	0xc
 7294 0588 E6080000 		.4byte	0x8e6
 7295 058c 48       		.byte	0x48
 7296 058d 03       		.uleb128 0x3
 7297 058e 6A110000 		.4byte	.LASF69
 7298 0592 0D       		.byte	0xd
 7299 0593 3603     		.2byte	0x336
 7300 0595 0C       		.byte	0xc
 7301 0596 DB000000 		.4byte	0xdb
 7302 059a 50       		.byte	0x50
 7303 059b 03       		.uleb128 0x3
 7304 059c FE0C0000 		.4byte	.LASF70
 7305 05a0 0D       		.byte	0xd
 7306 05a1 3703     		.2byte	0x337
 7307 05a3 0C       		.byte	0xc
 7308 05a4 C5000000 		.4byte	0xc5
 7309 05a8 54       		.byte	0x54
 7310 05a9 03       		.uleb128 0x3
 7311 05aa 2F0E0000 		.4byte	.LASF71
ARM GAS  /tmp/ccRHyJSn.s 			page 135


 7312 05ae 0D       		.byte	0xd
 7313 05af 3803     		.2byte	0x338
 7314 05b1 0C       		.byte	0xc
 7315 05b2 C5000000 		.4byte	0xc5
 7316 05b6 56       		.byte	0x56
 7317 05b7 03       		.uleb128 0x3
 7318 05b8 F8090000 		.4byte	.LASF72
 7319 05bc 0D       		.byte	0xd
 7320 05bd 3903     		.2byte	0x339
 7321 05bf 0E       		.byte	0xe
 7322 05c0 7D000000 		.4byte	0x7d
 7323 05c4 58       		.byte	0x58
 7324 05c5 03       		.uleb128 0x3
 7325 05c6 C5170000 		.4byte	.LASF73
 7326 05ca 0D       		.byte	0xd
 7327 05cb 3A03     		.2byte	0x33a
 7328 05cd 09       		.byte	0x9
 7329 05ce 49000000 		.4byte	0x49
 7330 05d2 5C       		.byte	0x5c
 7331 05d3 03       		.uleb128 0x3
 7332 05d4 D2100000 		.4byte	.LASF74
 7333 05d8 0D       		.byte	0xd
 7334 05d9 3B03     		.2byte	0x33b
 7335 05db 09       		.byte	0x9
 7336 05dc 49000000 		.4byte	0x49
 7337 05e0 60       		.byte	0x60
 7338 05e1 03       		.uleb128 0x3
 7339 05e2 F9120000 		.4byte	.LASF75
 7340 05e6 0D       		.byte	0xd
 7341 05e7 3C03     		.2byte	0x33c
 7342 05e9 09       		.byte	0x9
 7343 05ea 49000000 		.4byte	0x49
 7344 05ee 64       		.byte	0x64
 7345 05ef 03       		.uleb128 0x3
 7346 05f0 6C1B0000 		.4byte	.LASF76
 7347 05f4 0D       		.byte	0xd
 7348 05f5 3D03     		.2byte	0x33d
 7349 05f7 09       		.byte	0x9
 7350 05f8 49000000 		.4byte	0x49
 7351 05fc 68       		.byte	0x68
 7352 05fd 03       		.uleb128 0x3
 7353 05fe E21B0000 		.4byte	.LASF77
 7354 0602 0D       		.byte	0xd
 7355 0603 3E03     		.2byte	0x33e
 7356 0605 09       		.byte	0x9
 7357 0606 49000000 		.4byte	0x49
 7358 060a 6C       		.byte	0x6c
 7359 060b 03       		.uleb128 0x3
 7360 060c E3050000 		.4byte	.LASF78
 7361 0610 0D       		.byte	0xd
 7362 0611 4003     		.2byte	0x340
 7363 0613 09       		.byte	0x9
 7364 0614 49000000 		.4byte	0x49
 7365 0618 70       		.byte	0x70
 7366 0619 03       		.uleb128 0x3
 7367 061a BE040000 		.4byte	.LASF79
 7368 061e 0D       		.byte	0xd
ARM GAS  /tmp/ccRHyJSn.s 			page 136


 7369 061f 4103     		.2byte	0x341
 7370 0621 09       		.byte	0x9
 7371 0622 49000000 		.4byte	0x49
 7372 0626 74       		.byte	0x74
 7373 0627 03       		.uleb128 0x3
 7374 0628 FA0A0000 		.4byte	.LASF80
 7375 062c 0D       		.byte	0xd
 7376 062d 4203     		.2byte	0x342
 7377 062f 09       		.byte	0x9
 7378 0630 49000000 		.4byte	0x49
 7379 0634 78       		.byte	0x78
 7380 0635 03       		.uleb128 0x3
 7381 0636 1B1B0000 		.4byte	.LASF81
 7382 063a 0D       		.byte	0xd
 7383 063b 4303     		.2byte	0x343
 7384 063d 09       		.byte	0x9
 7385 063e 49000000 		.4byte	0x49
 7386 0642 7C       		.byte	0x7c
 7387 0643 03       		.uleb128 0x3
 7388 0644 91070000 		.4byte	.LASF82
 7389 0648 0D       		.byte	0xd
 7390 0649 4403     		.2byte	0x344
 7391 064b 09       		.byte	0x9
 7392 064c 49000000 		.4byte	0x49
 7393 0650 80       		.byte	0x80
 7394 0651 03       		.uleb128 0x3
 7395 0652 89030000 		.4byte	.LASF83
 7396 0656 0D       		.byte	0xd
 7397 0657 4503     		.2byte	0x345
 7398 0659 09       		.byte	0x9
 7399 065a 49000000 		.4byte	0x49
 7400 065e 84       		.byte	0x84
 7401 065f 03       		.uleb128 0x3
 7402 0660 DA0C0000 		.4byte	.LASF84
 7403 0664 0D       		.byte	0xd
 7404 0665 4603     		.2byte	0x346
 7405 0667 09       		.byte	0x9
 7406 0668 49000000 		.4byte	0x49
 7407 066c 88       		.byte	0x88
 7408 066d 03       		.uleb128 0x3
 7409 066e 1F150000 		.4byte	.LASF85
 7410 0672 0D       		.byte	0xd
 7411 0673 4703     		.2byte	0x347
 7412 0675 09       		.byte	0x9
 7413 0676 49000000 		.4byte	0x49
 7414 067a 8C       		.byte	0x8c
 7415 067b 03       		.uleb128 0x3
 7416 067c 60170000 		.4byte	.LASF86
 7417 0680 0D       		.byte	0xd
 7418 0681 4803     		.2byte	0x348
 7419 0683 09       		.byte	0x9
 7420 0684 49000000 		.4byte	0x49
 7421 0688 90       		.byte	0x90
 7422 0689 03       		.uleb128 0x3
 7423 068a 1B0E0000 		.4byte	.LASF87
 7424 068e 0D       		.byte	0xd
 7425 068f 4903     		.2byte	0x349
ARM GAS  /tmp/ccRHyJSn.s 			page 137


 7426 0691 09       		.byte	0x9
 7427 0692 49000000 		.4byte	0x49
 7428 0696 94       		.byte	0x94
 7429 0697 03       		.uleb128 0x3
 7430 0698 50160000 		.4byte	.LASF88
 7431 069c 0D       		.byte	0xd
 7432 069d 4A03     		.2byte	0x34a
 7433 069f 09       		.byte	0x9
 7434 06a0 49000000 		.4byte	0x49
 7435 06a4 98       		.byte	0x98
 7436 06a5 03       		.uleb128 0x3
 7437 06a6 00000000 		.4byte	.LASF89
 7438 06aa 0D       		.byte	0xd
 7439 06ab 4B03     		.2byte	0x34b
 7440 06ad 09       		.byte	0x9
 7441 06ae 49000000 		.4byte	0x49
 7442 06b2 9C       		.byte	0x9c
 7443 06b3 03       		.uleb128 0x3
 7444 06b4 76190000 		.4byte	.LASF90
 7445 06b8 0D       		.byte	0xd
 7446 06b9 4C03     		.2byte	0x34c
 7447 06bb 09       		.byte	0x9
 7448 06bc 49000000 		.4byte	0x49
 7449 06c0 A0       		.byte	0xa0
 7450 06c1 03       		.uleb128 0x3
 7451 06c2 C1080000 		.4byte	.LASF91
 7452 06c6 0D       		.byte	0xd
 7453 06c7 4D03     		.2byte	0x34d
 7454 06c9 09       		.byte	0x9
 7455 06ca 49000000 		.4byte	0x49
 7456 06ce A4       		.byte	0xa4
 7457 06cf 03       		.uleb128 0x3
 7458 06d0 D0120000 		.4byte	.LASF92
 7459 06d4 0D       		.byte	0xd
 7460 06d5 4E03     		.2byte	0x34e
 7461 06d7 09       		.byte	0x9
 7462 06d8 49000000 		.4byte	0x49
 7463 06dc A8       		.byte	0xa8
 7464 06dd 03       		.uleb128 0x3
 7465 06de 12190000 		.4byte	.LASF93
 7466 06e2 0D       		.byte	0xd
 7467 06e3 4F03     		.2byte	0x34f
 7468 06e5 09       		.byte	0x9
 7469 06e6 49000000 		.4byte	0x49
 7470 06ea AC       		.byte	0xac
 7471 06eb 03       		.uleb128 0x3
 7472 06ec 73130000 		.4byte	.LASF94
 7473 06f0 0D       		.byte	0xd
 7474 06f1 5003     		.2byte	0x350
 7475 06f3 09       		.byte	0x9
 7476 06f4 49000000 		.4byte	0x49
 7477 06f8 B0       		.byte	0xb0
 7478 06f9 03       		.uleb128 0x3
 7479 06fa 8A0F0000 		.4byte	.LASF95
 7480 06fe 0D       		.byte	0xd
 7481 06ff 5103     		.2byte	0x351
 7482 0701 09       		.byte	0x9
ARM GAS  /tmp/ccRHyJSn.s 			page 138


 7483 0702 49000000 		.4byte	0x49
 7484 0706 B4       		.byte	0xb4
 7485 0707 03       		.uleb128 0x3
 7486 0708 6C1A0000 		.4byte	.LASF96
 7487 070c 0D       		.byte	0xd
 7488 070d 5403     		.2byte	0x354
 7489 070f 09       		.byte	0x9
 7490 0710 49000000 		.4byte	0x49
 7491 0714 B8       		.byte	0xb8
 7492 0715 03       		.uleb128 0x3
 7493 0716 491C0000 		.4byte	.LASF97
 7494 071a 0D       		.byte	0xd
 7495 071b 5603     		.2byte	0x356
 7496 071d 0A       		.byte	0xa
 7497 071e F6080000 		.4byte	0x8f6
 7498 0722 BC       		.byte	0xbc
 7499 0723 02       		.uleb128 0x2
 7500 0724 B6000000 		.4byte	.LASF98
 7501 0728 5703     		.2byte	0x357
 7502 072a 0A       		.byte	0xa
 7503 072b 0C090000 		.4byte	0x90c
 7504 072f 7C04     		.2byte	0x47c
 7505 0731 02       		.uleb128 0x2
 7506 0732 7B0C0000 		.4byte	.LASF99
 7507 0736 5903     		.2byte	0x359
 7508 0738 0B       		.byte	0xb
 7509 0739 30050000 		.4byte	0x530
 7510 073d FC0B     		.2byte	0xbfc
 7511 073f 02       		.uleb128 0x2
 7512 0740 180D0000 		.4byte	.LASF100
 7513 0744 5E03     		.2byte	0x35e
 7514 0746 0C       		.byte	0xc
 7515 0747 C5000000 		.4byte	0xc5
 7516 074b 040C     		.2byte	0xc04
 7517 074d 02       		.uleb128 0x2
 7518 074e 42180000 		.4byte	.LASF101
 7519 0752 5F03     		.2byte	0x35f
 7520 0754 0C       		.byte	0xc
 7521 0755 C5000000 		.4byte	0xc5
 7522 0759 060C     		.2byte	0xc06
 7523 075b 02       		.uleb128 0x2
 7524 075c 1D080000 		.4byte	.LASF102
 7525 0760 6103     		.2byte	0x361
 7526 0762 0A       		.byte	0xa
 7527 0763 30050000 		.4byte	0x530
 7528 0767 080C     		.2byte	0xc08
 7529 0769 02       		.uleb128 0x2
 7530 076a 2B080000 		.4byte	.LASF103
 7531 076e 6203     		.2byte	0x362
 7532 0770 0A       		.byte	0xa
 7533 0771 30050000 		.4byte	0x530
 7534 0775 100C     		.2byte	0xc10
 7535 0777 02       		.uleb128 0x2
 7536 0778 81040000 		.4byte	.LASF104
 7537 077c 6503     		.2byte	0x365
 7538 077e 0A       		.byte	0xa
 7539 077f 30050000 		.4byte	0x530
ARM GAS  /tmp/ccRHyJSn.s 			page 139


 7540 0783 180C     		.2byte	0xc18
 7541 0785 02       		.uleb128 0x2
 7542 0786 B10A0000 		.4byte	.LASF105
 7543 078a 6603     		.2byte	0x366
 7544 078c 0A       		.byte	0xa
 7545 078d 30050000 		.4byte	0x530
 7546 0791 200C     		.2byte	0xc20
 7547 0793 02       		.uleb128 0x2
 7548 0794 54060000 		.4byte	.LASF106
 7549 0798 6703     		.2byte	0x367
 7550 079a 0A       		.byte	0xa
 7551 079b 30050000 		.4byte	0x530
 7552 079f 280C     		.2byte	0xc28
 7553 07a1 02       		.uleb128 0x2
 7554 07a2 FD1B0000 		.4byte	.LASF107
 7555 07a6 6803     		.2byte	0x368
 7556 07a8 0A       		.byte	0xa
 7557 07a9 30050000 		.4byte	0x530
 7558 07ad 300C     		.2byte	0xc30
 7559 07af 02       		.uleb128 0x2
 7560 07b0 100B0000 		.4byte	.LASF108
 7561 07b4 6903     		.2byte	0x369
 7562 07b6 0A       		.byte	0xa
 7563 07b7 30050000 		.4byte	0x530
 7564 07bb 380C     		.2byte	0xc38
 7565 07bd 02       		.uleb128 0x2
 7566 07be 74050000 		.4byte	.LASF109
 7567 07c2 6A03     		.2byte	0x36a
 7568 07c4 0D       		.byte	0xd
 7569 07c5 6A000000 		.4byte	0x6a
 7570 07c9 400C     		.2byte	0xc40
 7571 07cb 02       		.uleb128 0x2
 7572 07cc 8F090000 		.4byte	.LASF110
 7573 07d0 6C03     		.2byte	0x36c
 7574 07d2 0D       		.byte	0xd
 7575 07d3 AF000000 		.4byte	0xaf
 7576 07d7 410C     		.2byte	0xc41
 7577 07d9 02       		.uleb128 0x2
 7578 07da D21A0000 		.4byte	.LASF111
 7579 07de 6D03     		.2byte	0x36d
 7580 07e0 0D       		.byte	0xd
 7581 07e1 AF000000 		.4byte	0xaf
 7582 07e5 420C     		.2byte	0xc42
 7583 07e7 02       		.uleb128 0x2
 7584 07e8 88120000 		.4byte	.LASF112
 7585 07ec 6E03     		.2byte	0x36e
 7586 07ee 0D       		.byte	0xd
 7587 07ef AF000000 		.4byte	0xaf
 7588 07f3 430C     		.2byte	0xc43
 7589 07f5 02       		.uleb128 0x2
 7590 07f6 74070000 		.4byte	.LASF113
 7591 07fa 6F03     		.2byte	0x36f
 7592 07fc 0D       		.byte	0xd
 7593 07fd 6A000000 		.4byte	0x6a
 7594 0801 440C     		.2byte	0xc44
 7595 0803 02       		.uleb128 0x2
 7596 0804 DF0B0000 		.4byte	.LASF114
ARM GAS  /tmp/ccRHyJSn.s 			page 140


 7597 0808 7003     		.2byte	0x370
 7598 080a 0D       		.byte	0xd
 7599 080b 6A000000 		.4byte	0x6a
 7600 080f 450C     		.2byte	0xc45
 7601 0811 02       		.uleb128 0x2
 7602 0812 62050000 		.4byte	.LASF115
 7603 0816 7203     		.2byte	0x372
 7604 0818 0D       		.byte	0xd
 7605 0819 6A000000 		.4byte	0x6a
 7606 081d 460C     		.2byte	0xc46
 7607 081f 02       		.uleb128 0x2
 7608 0820 6B050000 		.4byte	.LASF116
 7609 0824 7303     		.2byte	0x373
 7610 0826 0D       		.byte	0xd
 7611 0827 6A000000 		.4byte	0x6a
 7612 082b 470C     		.2byte	0xc47
 7613 082d 02       		.uleb128 0x2
 7614 082e E8120000 		.4byte	.LASF117
 7615 0832 7503     		.2byte	0x375
 7616 0834 0C       		.byte	0xc
 7617 0835 AF000000 		.4byte	0xaf
 7618 0839 480C     		.2byte	0xc48
 7619 083b 02       		.uleb128 0x2
 7620 083c 02140000 		.4byte	.LASF118
 7621 0840 7903     		.2byte	0x379
 7622 0842 0B       		.byte	0xb
 7623 0843 AF000000 		.4byte	0xaf
 7624 0847 490C     		.2byte	0xc49
 7625 0849 02       		.uleb128 0x2
 7626 084a 8E120000 		.4byte	.LASF119
 7627 084e 7B03     		.2byte	0x37b
 7628 0850 0E       		.byte	0xe
 7629 0851 AF000000 		.4byte	0xaf
 7630 0855 4A0C     		.2byte	0xc4a
 7631 0857 02       		.uleb128 0x2
 7632 0858 28110000 		.4byte	.LASF120
 7633 085c 7E03     		.2byte	0x37e
 7634 085e 0B       		.byte	0xb
 7635 085f AF000000 		.4byte	0xaf
 7636 0863 4B0C     		.2byte	0xc4b
 7637 0865 02       		.uleb128 0x2
 7638 0866 3C020000 		.4byte	.LASF121
 7639 086a 7F03     		.2byte	0x37f
 7640 086c 0B       		.byte	0xb
 7641 086d AF000000 		.4byte	0xaf
 7642 0871 4C0C     		.2byte	0xc4c
 7643 0873 02       		.uleb128 0x2
 7644 0874 230F0000 		.4byte	.LASF122
 7645 0878 8003     		.2byte	0x380
 7646 087a 0B       		.byte	0xb
 7647 087b AF000000 		.4byte	0xaf
 7648 087f 4D0C     		.2byte	0xc4d
 7649 0881 02       		.uleb128 0x2
 7650 0882 B6030000 		.4byte	.LASF123
 7651 0886 8303     		.2byte	0x383
 7652 0888 0B       		.byte	0xb
 7653 0889 AF000000 		.4byte	0xaf
ARM GAS  /tmp/ccRHyJSn.s 			page 141


 7654 088d 4E0C     		.2byte	0xc4e
 7655 088f 02       		.uleb128 0x2
 7656 0890 0C1E0000 		.4byte	.LASF124
 7657 0894 8503     		.2byte	0x385
 7658 0896 09       		.byte	0x9
 7659 0897 49000000 		.4byte	0x49
 7660 089b 500C     		.2byte	0xc50
 7661 089d 02       		.uleb128 0x2
 7662 089e CC0C0000 		.4byte	.LASF125
 7663 08a2 8603     		.2byte	0x386
 7664 08a4 09       		.byte	0x9
 7665 08a5 49000000 		.4byte	0x49
 7666 08a9 540C     		.2byte	0xc54
 7667 08ab 02       		.uleb128 0x2
 7668 08ac F6060000 		.4byte	.LASF126
 7669 08b0 8703     		.2byte	0x387
 7670 08b2 0D       		.byte	0xd
 7671 08b3 7D000000 		.4byte	0x7d
 7672 08b7 580C     		.2byte	0xc58
 7673 08b9 02       		.uleb128 0x2
 7674 08ba 6F1D0000 		.4byte	.LASF127
 7675 08be 8803     		.2byte	0x388
 7676 08c0 0F       		.byte	0xf
 7677 08c1 DB000000 		.4byte	0xdb
 7678 08c5 5C0C     		.2byte	0xc5c
 7679 08c7 02       		.uleb128 0x2
 7680 08c8 220D0000 		.4byte	.LASF128
 7681 08cc 8A03     		.2byte	0x38a
 7682 08ce 0A       		.byte	0xa
 7683 08cf 30050000 		.4byte	0x530
 7684 08d3 600C     		.2byte	0xc60
 7685 08d5 00       		.byte	0
 7686 08d6 0A       		.uleb128 0xa
 7687 08d7 C5000000 		.4byte	0xc5
 7688 08db E6080000 		.4byte	0x8e6
 7689 08df 09       		.uleb128 0x9
 7690 08e0 2D000000 		.4byte	0x2d
 7691 08e4 1F       		.byte	0x1f
 7692 08e5 00       		.byte	0
 7693 08e6 0A       		.uleb128 0xa
 7694 08e7 7D000000 		.4byte	0x7d
 7695 08eb F6080000 		.4byte	0x8f6
 7696 08ef 09       		.uleb128 0x9
 7697 08f0 2D000000 		.4byte	0x2d
 7698 08f4 03       		.byte	0x3
 7699 08f5 00       		.byte	0
 7700 08f6 0A       		.uleb128 0xa
 7701 08f7 49000000 		.4byte	0x49
 7702 08fb 0C090000 		.4byte	0x90c
 7703 08ff 09       		.uleb128 0x9
 7704 0900 2D000000 		.4byte	0x2d
 7705 0904 0B       		.byte	0xb
 7706 0905 09       		.uleb128 0x9
 7707 0906 2D000000 		.4byte	0x2d
 7708 090a 13       		.byte	0x13
 7709 090b 00       		.byte	0
 7710 090c 0A       		.uleb128 0xa
ARM GAS  /tmp/ccRHyJSn.s 			page 142


 7711 090d 30050000 		.4byte	0x530
 7712 0911 22090000 		.4byte	0x922
 7713 0915 09       		.uleb128 0x9
 7714 0916 2D000000 		.4byte	0x2d
 7715 091a 0B       		.byte	0xb
 7716 091b 09       		.uleb128 0x9
 7717 091c 2D000000 		.4byte	0x2d
 7718 0920 13       		.byte	0x13
 7719 0921 00       		.byte	0
 7720 0922 16       		.uleb128 0x16
 7721 0923 890E0000 		.4byte	.LASF129
 7722 0927 0D       		.byte	0xd
 7723 0928 8B03     		.2byte	0x38b
 7724 092a 03       		.byte	0x3
 7725 092b 48050000 		.4byte	0x548
 7726 092f 17       		.uleb128 0x17
 7727 0930 74170000 		.4byte	.LASF131
 7728 0934 8E03     		.2byte	0x38e
 7729 0936 11       		.byte	0x11
 7730 0937 22090000 		.4byte	0x922
 7731 093b 1F       		.uleb128 0x1f
 7732 093c 10       		.byte	0x10
 7733 093d 0D       		.byte	0xd
 7734 093e B903     		.2byte	0x3b9
 7735 0940 99090000 		.4byte	0x999
 7736 0944 03       		.uleb128 0x3
 7737 0945 1B110000 		.4byte	.LASF132
 7738 0949 0D       		.byte	0xd
 7739 094a BA03     		.2byte	0x3ba
 7740 094c 0B       		.byte	0xb
 7741 094d AF000000 		.4byte	0xaf
 7742 0951 00       		.byte	0
 7743 0952 03       		.uleb128 0x3
 7744 0953 97150000 		.4byte	.LASF133
 7745 0957 0D       		.byte	0xd
 7746 0958 BB03     		.2byte	0x3bb
 7747 095a 0B       		.byte	0xb
 7748 095b AF000000 		.4byte	0xaf
 7749 095f 01       		.byte	0x1
 7750 0960 10       		.uleb128 0x10
 7751 0961 72656600 		.ascii	"ref\000"
 7752 0965 0D       		.byte	0xd
 7753 0966 BC03     		.2byte	0x3bc
 7754 0968 0B       		.byte	0xb
 7755 0969 AF000000 		.4byte	0xaf
 7756 096d 02       		.byte	0x2
 7757 096e 03       		.uleb128 0x3
 7758 096f E3130000 		.4byte	.LASF134
 7759 0973 0D       		.byte	0xd
 7760 0974 BD03     		.2byte	0x3bd
 7761 0976 0B       		.byte	0xb
 7762 0977 AF000000 		.4byte	0xaf
 7763 097b 03       		.byte	0x3
 7764 097c 03       		.uleb128 0x3
 7765 097d 24060000 		.4byte	.LASF135
 7766 0981 0D       		.byte	0xd
 7767 0982 BE03     		.2byte	0x3be
ARM GAS  /tmp/ccRHyJSn.s 			page 143


 7768 0984 0B       		.byte	0xb
 7769 0985 7D000000 		.4byte	0x7d
 7770 0989 04       		.byte	0x4
 7771 098a 03       		.uleb128 0x3
 7772 098b EC1C0000 		.4byte	.LASF136
 7773 098f 0D       		.byte	0xd
 7774 0990 BF03     		.2byte	0x3bf
 7775 0992 0A       		.byte	0xa
 7776 0993 30050000 		.4byte	0x530
 7777 0997 08       		.byte	0x8
 7778 0998 00       		.byte	0
 7779 0999 16       		.uleb128 0x16
 7780 099a 84170000 		.4byte	.LASF137
 7781 099e 0D       		.byte	0xd
 7782 099f C003     		.2byte	0x3c0
 7783 09a1 03       		.byte	0x3
 7784 09a2 3B090000 		.4byte	0x93b
 7785 09a6 1F       		.uleb128 0x1f
 7786 09a7 18       		.byte	0x18
 7787 09a8 0D       		.byte	0xd
 7788 09a9 C903     		.2byte	0x3c9
 7789 09ab E8090000 		.4byte	0x9e8
 7790 09af 03       		.uleb128 0x3
 7791 09b0 97150000 		.4byte	.LASF133
 7792 09b4 0D       		.byte	0xd
 7793 09b5 CA03     		.2byte	0x3ca
 7794 09b7 0B       		.byte	0xb
 7795 09b8 AF000000 		.4byte	0xaf
 7796 09bc 00       		.byte	0
 7797 09bd 03       		.uleb128 0x3
 7798 09be 57110000 		.4byte	.LASF138
 7799 09c2 0D       		.byte	0xd
 7800 09c3 CB03     		.2byte	0x3cb
 7801 09c5 09       		.byte	0x9
 7802 09c6 49000000 		.4byte	0x49
 7803 09ca 04       		.byte	0x4
 7804 09cb 03       		.uleb128 0x3
 7805 09cc EC1C0000 		.4byte	.LASF136
 7806 09d0 0D       		.byte	0xd
 7807 09d1 CC03     		.2byte	0x3cc
 7808 09d3 0A       		.byte	0xa
 7809 09d4 30050000 		.4byte	0x530
 7810 09d8 08       		.byte	0x8
 7811 09d9 03       		.uleb128 0x3
 7812 09da 24060000 		.4byte	.LASF135
 7813 09de 0D       		.byte	0xd
 7814 09df CD03     		.2byte	0x3cd
 7815 09e1 0B       		.byte	0xb
 7816 09e2 7D000000 		.4byte	0x7d
 7817 09e6 10       		.byte	0x10
 7818 09e7 00       		.byte	0
 7819 09e8 16       		.uleb128 0x16
 7820 09e9 84130000 		.4byte	.LASF139
 7821 09ed 0D       		.byte	0xd
 7822 09ee CE03     		.2byte	0x3ce
 7823 09f0 03       		.byte	0x3
 7824 09f1 A6090000 		.4byte	0x9a6
ARM GAS  /tmp/ccRHyJSn.s 			page 144


 7825 09f5 1F       		.uleb128 0x1f
 7826 09f6 30       		.byte	0x30
 7827 09f7 0D       		.byte	0xd
 7828 09f8 CA04     		.2byte	0x4ca
 7829 09fa 610A0000 		.4byte	0xa61
 7830 09fe 03       		.uleb128 0x3
 7831 09ff E4100000 		.4byte	.LASF140
 7832 0a03 0D       		.byte	0xd
 7833 0a04 CB04     		.2byte	0x4cb
 7834 0a06 0D       		.byte	0xd
 7835 0a07 610A0000 		.4byte	0xa61
 7836 0a0b 00       		.byte	0
 7837 0a0c 03       		.uleb128 0x3
 7838 0a0d 97150000 		.4byte	.LASF133
 7839 0a11 0D       		.byte	0xd
 7840 0a12 CC04     		.2byte	0x4cc
 7841 0a14 0D       		.byte	0xd
 7842 0a15 00040000 		.4byte	0x400
 7843 0a19 09       		.byte	0x9
 7844 0a1a 03       		.uleb128 0x3
 7845 0a1b D7110000 		.4byte	.LASF141
 7846 0a1f 0D       		.byte	0xd
 7847 0a20 CD04     		.2byte	0x4cd
 7848 0a22 0D       		.byte	0xd
 7849 0a23 30050000 		.4byte	0x530
 7850 0a27 10       		.byte	0x10
 7851 0a28 10       		.uleb128 0x10
 7852 0a29 656E6400 		.ascii	"end\000"
 7853 0a2d 0D       		.byte	0xd
 7854 0a2e CE04     		.2byte	0x4ce
 7855 0a30 0D       		.byte	0xd
 7856 0a31 30050000 		.4byte	0x530
 7857 0a35 18       		.byte	0x18
 7858 0a36 03       		.uleb128 0x3
 7859 0a37 57110000 		.4byte	.LASF138
 7860 0a3b 0D       		.byte	0xd
 7861 0a3c CF04     		.2byte	0x4cf
 7862 0a3e 0D       		.byte	0xd
 7863 0a3f 49000000 		.4byte	0x49
 7864 0a43 20       		.byte	0x20
 7865 0a44 03       		.uleb128 0x3
 7866 0a45 B7090000 		.4byte	.LASF142
 7867 0a49 0D       		.byte	0xd
 7868 0a4a D004     		.2byte	0x4d0
 7869 0a4c 0D       		.byte	0xd
 7870 0a4d 42000000 		.4byte	0x42
 7871 0a51 24       		.byte	0x24
 7872 0a52 03       		.uleb128 0x3
 7873 0a53 A41B0000 		.4byte	.LASF143
 7874 0a57 0D       		.byte	0xd
 7875 0a58 D104     		.2byte	0x4d1
 7876 0a5a 0D       		.byte	0xd
 7877 0a5b 42000000 		.4byte	0x42
 7878 0a5f 28       		.byte	0x28
 7879 0a60 00       		.byte	0
 7880 0a61 0A       		.uleb128 0xa
 7881 0a62 EA030000 		.4byte	0x3ea
ARM GAS  /tmp/ccRHyJSn.s 			page 145


 7882 0a66 710A0000 		.4byte	0xa71
 7883 0a6a 09       		.uleb128 0x9
 7884 0a6b 2D000000 		.4byte	0x2d
 7885 0a6f 08       		.byte	0x8
 7886 0a70 00       		.byte	0
 7887 0a71 16       		.uleb128 0x16
 7888 0a72 8F000000 		.4byte	.LASF144
 7889 0a76 0D       		.byte	0xd
 7890 0a77 D204     		.2byte	0x4d2
 7891 0a79 03       		.byte	0x3
 7892 0a7a F5090000 		.4byte	0x9f5
 7893 0a7e 39       		.uleb128 0x39
 7894 0a7f 460E0000 		.4byte	.LASF145
 7895 0a83 3006     		.2byte	0x630
 7896 0a85 D604     		.2byte	0x4d6
 7897 0a87 2C100000 		.4byte	0x102c
 7898 0a8b 03       		.uleb128 0x3
 7899 0a8c CC100000 		.4byte	.LASF65
 7900 0a90 0D       		.byte	0xd
 7901 0a91 D804     		.2byte	0x4d8
 7902 0a93 0C       		.byte	0xc
 7903 0a94 DB000000 		.4byte	0xdb
 7904 0a98 00       		.byte	0
 7905 0a99 03       		.uleb128 0x3
 7906 0a9a 95120000 		.4byte	.LASF146
 7907 0a9e 0D       		.byte	0xd
 7908 0a9f D904     		.2byte	0x4d9
 7909 0aa1 08       		.byte	0x8
 7910 0aa2 00040000 		.4byte	0x400
 7911 0aa6 04       		.byte	0x4
 7912 0aa7 03       		.uleb128 0x3
 7913 0aa8 FF1A0000 		.4byte	.LASF147
 7914 0aac 0D       		.byte	0xd
 7915 0aad DA04     		.2byte	0x4da
 7916 0aaf 08       		.byte	0x8
 7917 0ab0 00040000 		.4byte	0x400
 7918 0ab4 05       		.byte	0x5
 7919 0ab5 03       		.uleb128 0x3
 7920 0ab6 E71A0000 		.4byte	.LASF148
 7921 0aba 0D       		.byte	0xd
 7922 0abb DB04     		.2byte	0x4db
 7923 0abd 08       		.byte	0x8
 7924 0abe 00040000 		.4byte	0x400
 7925 0ac2 06       		.byte	0x6
 7926 0ac3 03       		.uleb128 0x3
 7927 0ac4 56090000 		.4byte	.LASF149
 7928 0ac8 0D       		.byte	0xd
 7929 0ac9 DD04     		.2byte	0x4dd
 7930 0acb 08       		.byte	0x8
 7931 0acc 00040000 		.4byte	0x400
 7932 0ad0 07       		.byte	0x7
 7933 0ad1 03       		.uleb128 0x3
 7934 0ad2 27030000 		.4byte	.LASF150
 7935 0ad6 0D       		.byte	0xd
 7936 0ad7 DE04     		.2byte	0x4de
 7937 0ad9 08       		.byte	0x8
 7938 0ada 00040000 		.4byte	0x400
ARM GAS  /tmp/ccRHyJSn.s 			page 146


 7939 0ade 08       		.byte	0x8
 7940 0adf 03       		.uleb128 0x3
 7941 0ae0 5F040000 		.4byte	.LASF151
 7942 0ae4 0D       		.byte	0xd
 7943 0ae5 DF04     		.2byte	0x4df
 7944 0ae7 08       		.byte	0x8
 7945 0ae8 00040000 		.4byte	0x400
 7946 0aec 09       		.byte	0x9
 7947 0aed 03       		.uleb128 0x3
 7948 0aee 2F060000 		.4byte	.LASF152
 7949 0af2 0D       		.byte	0xd
 7950 0af3 E004     		.2byte	0x4e0
 7951 0af5 08       		.byte	0x8
 7952 0af6 00040000 		.4byte	0x400
 7953 0afa 0A       		.byte	0xa
 7954 0afb 03       		.uleb128 0x3
 7955 0afc F7160000 		.4byte	.LASF153
 7956 0b00 0D       		.byte	0xd
 7957 0b01 E104     		.2byte	0x4e1
 7958 0b03 08       		.byte	0x8
 7959 0b04 00040000 		.4byte	0x400
 7960 0b08 0B       		.byte	0xb
 7961 0b09 03       		.uleb128 0x3
 7962 0b0a 081A0000 		.4byte	.LASF154
 7963 0b0e 0D       		.byte	0xd
 7964 0b0f E204     		.2byte	0x4e2
 7965 0b11 08       		.byte	0x8
 7966 0b12 2C100000 		.4byte	0x102c
 7967 0b16 0C       		.byte	0xc
 7968 0b17 03       		.uleb128 0x3
 7969 0b18 CD1B0000 		.4byte	.LASF155
 7970 0b1c 0D       		.byte	0xd
 7971 0b1d E304     		.2byte	0x4e3
 7972 0b1f 08       		.byte	0x8
 7973 0b20 2C100000 		.4byte	0x102c
 7974 0b24 10       		.byte	0x10
 7975 0b25 03       		.uleb128 0x3
 7976 0b26 10140000 		.4byte	.LASF156
 7977 0b2a 0D       		.byte	0xd
 7978 0b2b E504     		.2byte	0x4e5
 7979 0b2d 0A       		.byte	0xa
 7980 0b2e 3C100000 		.4byte	0x103c
 7981 0b32 18       		.byte	0x18
 7982 0b33 02       		.uleb128 0x2
 7983 0b34 56080000 		.4byte	.LASF157
 7984 0b38 E804     		.2byte	0x4e8
 7985 0b3a 0B       		.byte	0xb
 7986 0b3b AF000000 		.4byte	0xaf
 7987 0b3f 9801     		.2byte	0x198
 7988 0b41 02       		.uleb128 0x2
 7989 0b42 3A1A0000 		.4byte	.LASF158
 7990 0b46 E904     		.2byte	0x4e9
 7991 0b48 0B       		.byte	0xb
 7992 0b49 AF000000 		.4byte	0xaf
 7993 0b4d 9901     		.2byte	0x199
 7994 0b4f 02       		.uleb128 0x2
 7995 0b50 11110000 		.4byte	.LASF159
ARM GAS  /tmp/ccRHyJSn.s 			page 147


 7996 0b54 EA04     		.2byte	0x4ea
 7997 0b56 0B       		.byte	0xb
 7998 0b57 AF000000 		.4byte	0xaf
 7999 0b5b 9A01     		.2byte	0x19a
 8000 0b5d 2D       		.uleb128 0x2d
 8001 0b5e 61676300 		.ascii	"agc\000"
 8002 0b62 EB04     		.2byte	0x4eb
 8003 0b64 0B       		.byte	0xb
 8004 0b65 AF000000 		.4byte	0xaf
 8005 0b69 9B01     		.2byte	0x19b
 8006 0b6b 2D       		.uleb128 0x2d
 8007 0b6c 6C6E6100 		.ascii	"lna\000"
 8008 0b70 EC04     		.2byte	0x4ec
 8009 0b72 0B       		.byte	0xb
 8010 0b73 AF000000 		.4byte	0xaf
 8011 0b77 9C01     		.2byte	0x19c
 8012 0b79 02       		.uleb128 0x2
 8013 0b7a 12080000 		.4byte	.LASF160
 8014 0b7e ED04     		.2byte	0x4ed
 8015 0b80 0B       		.byte	0xb
 8016 0b81 AF000000 		.4byte	0xaf
 8017 0b85 9D01     		.2byte	0x19d
 8018 0b87 02       		.uleb128 0x2
 8019 0b88 3D050000 		.4byte	.LASF161
 8020 0b8c EE04     		.2byte	0x4ee
 8021 0b8e 0B       		.byte	0xb
 8022 0b8f AF000000 		.4byte	0xaf
 8023 0b93 9E01     		.2byte	0x19e
 8024 0b95 02       		.uleb128 0x2
 8025 0b96 69140000 		.4byte	.LASF162
 8026 0b9a EF04     		.2byte	0x4ef
 8027 0b9c 0B       		.byte	0xb
 8028 0b9d AF000000 		.4byte	0xaf
 8029 0ba1 9F01     		.2byte	0x19f
 8030 0ba3 02       		.uleb128 0x2
 8031 0ba4 83140000 		.4byte	.LASF163
 8032 0ba8 F004     		.2byte	0x4f0
 8033 0baa 0B       		.byte	0xb
 8034 0bab AF000000 		.4byte	0xaf
 8035 0baf A001     		.2byte	0x1a0
 8036 0bb1 02       		.uleb128 0x2
 8037 0bb2 730D0000 		.4byte	.LASF164
 8038 0bb6 F204     		.2byte	0x4f2
 8039 0bb8 0B       		.byte	0xb
 8040 0bb9 AF000000 		.4byte	0xaf
 8041 0bbd A101     		.2byte	0x1a1
 8042 0bbf 02       		.uleb128 0x2
 8043 0bc0 61130000 		.4byte	.LASF165
 8044 0bc4 F504     		.2byte	0x4f5
 8045 0bc6 0B       		.byte	0xb
 8046 0bc7 AF000000 		.4byte	0xaf
 8047 0bcb A201     		.2byte	0x1a2
 8048 0bcd 02       		.uleb128 0x2
 8049 0bce 4E1B0000 		.4byte	.LASF166
 8050 0bd2 F704     		.2byte	0x4f7
 8051 0bd4 0B       		.byte	0xb
 8052 0bd5 AF000000 		.4byte	0xaf
ARM GAS  /tmp/ccRHyJSn.s 			page 148


 8053 0bd9 A301     		.2byte	0x1a3
 8054 0bdb 02       		.uleb128 0x2
 8055 0bdc E4040000 		.4byte	.LASF167
 8056 0be0 F804     		.2byte	0x4f8
 8057 0be2 0B       		.byte	0xb
 8058 0be3 AF000000 		.4byte	0xaf
 8059 0be7 A401     		.2byte	0x1a4
 8060 0be9 02       		.uleb128 0x2
 8061 0bea EE040000 		.4byte	.LASF168
 8062 0bee FA04     		.2byte	0x4fa
 8063 0bf0 0B       		.byte	0xb
 8064 0bf1 AF000000 		.4byte	0xaf
 8065 0bf5 A501     		.2byte	0x1a5
 8066 0bf7 02       		.uleb128 0x2
 8067 0bf8 4F110000 		.4byte	.LASF169
 8068 0bfc FC04     		.2byte	0x4fc
 8069 0bfe 0B       		.byte	0xb
 8070 0bff 20050000 		.4byte	0x520
 8071 0c03 A601     		.2byte	0x1a6
 8072 0c05 02       		.uleb128 0x2
 8073 0c06 43120000 		.4byte	.LASF170
 8074 0c0a FD04     		.2byte	0x4fd
 8075 0c0c 0B       		.byte	0xb
 8076 0c0d 20050000 		.4byte	0x520
 8077 0c11 AA01     		.2byte	0x1aa
 8078 0c13 02       		.uleb128 0x2
 8079 0c14 4D000000 		.4byte	.LASF171
 8080 0c18 FE04     		.2byte	0x4fe
 8081 0c1a 0B       		.byte	0xb
 8082 0c1b AF000000 		.4byte	0xaf
 8083 0c1f AE01     		.2byte	0x1ae
 8084 0c21 02       		.uleb128 0x2
 8085 0c22 A5170000 		.4byte	.LASF172
 8086 0c26 FF04     		.2byte	0x4ff
 8087 0c28 0B       		.byte	0xb
 8088 0c29 AF000000 		.4byte	0xaf
 8089 0c2d AF01     		.2byte	0x1af
 8090 0c2f 02       		.uleb128 0x2
 8091 0c30 54120000 		.4byte	.LASF173
 8092 0c34 0005     		.2byte	0x500
 8093 0c36 0B       		.byte	0xb
 8094 0c37 AF000000 		.4byte	0xaf
 8095 0c3b B001     		.2byte	0x1b0
 8096 0c3d 02       		.uleb128 0x2
 8097 0c3e C5150000 		.4byte	.LASF174
 8098 0c42 0105     		.2byte	0x501
 8099 0c44 0A       		.byte	0xa
 8100 0c45 6A000000 		.4byte	0x6a
 8101 0c49 B101     		.2byte	0x1b1
 8102 0c4b 02       		.uleb128 0x2
 8103 0c4c 8D170000 		.4byte	.LASF175
 8104 0c50 0205     		.2byte	0x502
 8105 0c52 0B       		.byte	0xb
 8106 0c53 AF000000 		.4byte	0xaf
 8107 0c57 B201     		.2byte	0x1b2
 8108 0c59 02       		.uleb128 0x2
 8109 0c5a F3070000 		.4byte	.LASF176
ARM GAS  /tmp/ccRHyJSn.s 			page 149


 8110 0c5e 0405     		.2byte	0x504
 8111 0c60 0B       		.byte	0xb
 8112 0c61 6A000000 		.4byte	0x6a
 8113 0c65 B301     		.2byte	0x1b3
 8114 0c67 02       		.uleb128 0x2
 8115 0c68 D3140000 		.4byte	.LASF177
 8116 0c6c 0505     		.2byte	0x505
 8117 0c6e 0B       		.byte	0xb
 8118 0c6f AF000000 		.4byte	0xaf
 8119 0c73 B401     		.2byte	0x1b4
 8120 0c75 02       		.uleb128 0x2
 8121 0c76 2B1A0000 		.4byte	.LASF178
 8122 0c7a 0605     		.2byte	0x506
 8123 0c7c 0A       		.byte	0xa
 8124 0c7d 6A000000 		.4byte	0x6a
 8125 0c81 B501     		.2byte	0x1b5
 8126 0c83 02       		.uleb128 0x2
 8127 0c84 5D100000 		.4byte	.LASF179
 8128 0c88 0705     		.2byte	0x507
 8129 0c8a 0B       		.byte	0xb
 8130 0c8b AF000000 		.4byte	0xaf
 8131 0c8f B601     		.2byte	0x1b6
 8132 0c91 02       		.uleb128 0x2
 8133 0c92 C71B0000 		.4byte	.LASF180
 8134 0c96 0805     		.2byte	0x508
 8135 0c98 0B       		.byte	0xb
 8136 0c99 AF000000 		.4byte	0xaf
 8137 0c9d B701     		.2byte	0x1b7
 8138 0c9f 02       		.uleb128 0x2
 8139 0ca0 6E100000 		.4byte	.LASF181
 8140 0ca4 0905     		.2byte	0x509
 8141 0ca6 0B       		.byte	0xb
 8142 0ca7 AF000000 		.4byte	0xaf
 8143 0cab B801     		.2byte	0x1b8
 8144 0cad 02       		.uleb128 0x2
 8145 0cae 961A0000 		.4byte	.LASF182
 8146 0cb2 0A05     		.2byte	0x50a
 8147 0cb4 0B       		.byte	0xb
 8148 0cb5 AF000000 		.4byte	0xaf
 8149 0cb9 B901     		.2byte	0x1b9
 8150 0cbb 02       		.uleb128 0x2
 8151 0cbc 310B0000 		.4byte	.LASF183
 8152 0cc0 0B05     		.2byte	0x50b
 8153 0cc2 0B       		.byte	0xb
 8154 0cc3 AF000000 		.4byte	0xaf
 8155 0cc7 BA01     		.2byte	0x1ba
 8156 0cc9 02       		.uleb128 0x2
 8157 0cca 631A0000 		.4byte	.LASF184
 8158 0cce 0C05     		.2byte	0x50c
 8159 0cd0 0B       		.byte	0xb
 8160 0cd1 AF000000 		.4byte	0xaf
 8161 0cd5 BB01     		.2byte	0x1bb
 8162 0cd7 02       		.uleb128 0x2
 8163 0cd8 430F0000 		.4byte	.LASF185
 8164 0cdc 0D05     		.2byte	0x50d
 8165 0cde 0B       		.byte	0xb
 8166 0cdf AF000000 		.4byte	0xaf
ARM GAS  /tmp/ccRHyJSn.s 			page 150


 8167 0ce3 BC01     		.2byte	0x1bc
 8168 0ce5 02       		.uleb128 0x2
 8169 0ce6 A31C0000 		.4byte	.LASF186
 8170 0cea 0E05     		.2byte	0x50e
 8171 0cec 0B       		.byte	0xb
 8172 0ced AF000000 		.4byte	0xaf
 8173 0cf1 BD01     		.2byte	0x1bd
 8174 0cf3 02       		.uleb128 0x2
 8175 0cf4 15170000 		.4byte	.LASF187
 8176 0cf8 0F05     		.2byte	0x50f
 8177 0cfa 0C       		.byte	0xc
 8178 0cfb AF000000 		.4byte	0xaf
 8179 0cff BE01     		.2byte	0x1be
 8180 0d01 02       		.uleb128 0x2
 8181 0d02 57130000 		.4byte	.LASF188
 8182 0d06 1005     		.2byte	0x510
 8183 0d08 0D       		.byte	0xd
 8184 0d09 AF000000 		.4byte	0xaf
 8185 0d0d BF01     		.2byte	0x1bf
 8186 0d0f 02       		.uleb128 0x2
 8187 0d10 6F0A0000 		.4byte	.LASF189
 8188 0d14 1205     		.2byte	0x512
 8189 0d16 0D       		.byte	0xd
 8190 0d17 AF000000 		.4byte	0xaf
 8191 0d1b C001     		.2byte	0x1c0
 8192 0d1d 02       		.uleb128 0x2
 8193 0d1e 8E150000 		.4byte	.LASF190
 8194 0d22 1305     		.2byte	0x513
 8195 0d24 0D       		.byte	0xd
 8196 0d25 AF000000 		.4byte	0xaf
 8197 0d29 C101     		.2byte	0x1c1
 8198 0d2b 02       		.uleb128 0x2
 8199 0d2c C0050000 		.4byte	.LASF191
 8200 0d30 1605     		.2byte	0x516
 8201 0d32 0B       		.byte	0xb
 8202 0d33 AF000000 		.4byte	0xaf
 8203 0d37 C201     		.2byte	0x1c2
 8204 0d39 02       		.uleb128 0x2
 8205 0d3a 64160000 		.4byte	.LASF192
 8206 0d3e 1705     		.2byte	0x517
 8207 0d40 0B       		.byte	0xb
 8208 0d41 AF000000 		.4byte	0xaf
 8209 0d45 C301     		.2byte	0x1c3
 8210 0d47 02       		.uleb128 0x2
 8211 0d48 FA040000 		.4byte	.LASF193
 8212 0d4c 1A05     		.2byte	0x51a
 8213 0d4e 0B       		.byte	0xb
 8214 0d4f AF000000 		.4byte	0xaf
 8215 0d53 C401     		.2byte	0x1c4
 8216 0d55 02       		.uleb128 0x2
 8217 0d56 560B0000 		.4byte	.LASF194
 8218 0d5a 1C05     		.2byte	0x51c
 8219 0d5c 0C       		.byte	0xc
 8220 0d5d C5000000 		.4byte	0xc5
 8221 0d61 C601     		.2byte	0x1c6
 8222 0d63 02       		.uleb128 0x2
 8223 0d64 A9120000 		.4byte	.LASF195
ARM GAS  /tmp/ccRHyJSn.s 			page 151


 8224 0d68 1D05     		.2byte	0x51d
 8225 0d6a 0C       		.byte	0xc
 8226 0d6b C5000000 		.4byte	0xc5
 8227 0d6f C801     		.2byte	0x1c8
 8228 0d71 02       		.uleb128 0x2
 8229 0d72 B0130000 		.4byte	.LASF196
 8230 0d76 1E05     		.2byte	0x51e
 8231 0d78 0C       		.byte	0xc
 8232 0d79 C5000000 		.4byte	0xc5
 8233 0d7d CA01     		.2byte	0x1ca
 8234 0d7f 02       		.uleb128 0x2
 8235 0d80 07040000 		.4byte	.LASF197
 8236 0d84 1F05     		.2byte	0x51f
 8237 0d86 0B       		.byte	0xb
 8238 0d87 7D000000 		.4byte	0x7d
 8239 0d8b CC01     		.2byte	0x1cc
 8240 0d8d 02       		.uleb128 0x2
 8241 0d8e 31020000 		.4byte	.LASF198
 8242 0d92 2105     		.2byte	0x521
 8243 0d94 0C       		.byte	0xc
 8244 0d95 C5000000 		.4byte	0xc5
 8245 0d99 CE01     		.2byte	0x1ce
 8246 0d9b 02       		.uleb128 0x2
 8247 0d9c A3090000 		.4byte	.LASF199
 8248 0da0 2205     		.2byte	0x522
 8249 0da2 0C       		.byte	0xc
 8250 0da3 C5000000 		.4byte	0xc5
 8251 0da7 D001     		.2byte	0x1d0
 8252 0da9 02       		.uleb128 0x2
 8253 0daa 96000000 		.4byte	.LASF200
 8254 0dae 2405     		.2byte	0x524
 8255 0db0 0C       		.byte	0xc
 8256 0db1 C5000000 		.4byte	0xc5
 8257 0db5 D201     		.2byte	0x1d2
 8258 0db7 02       		.uleb128 0x2
 8259 0db8 7B090000 		.4byte	.LASF201
 8260 0dbc 2505     		.2byte	0x525
 8261 0dbe 0C       		.byte	0xc
 8262 0dbf 7D000000 		.4byte	0x7d
 8263 0dc3 D401     		.2byte	0x1d4
 8264 0dc5 02       		.uleb128 0x2
 8265 0dc6 9B0A0000 		.4byte	.LASF202
 8266 0dca 2805     		.2byte	0x528
 8267 0dcc 0C       		.byte	0xc
 8268 0dcd C5000000 		.4byte	0xc5
 8269 0dd1 D601     		.2byte	0x1d6
 8270 0dd3 02       		.uleb128 0x2
 8271 0dd4 C2180000 		.4byte	.LASF203
 8272 0dd8 2905     		.2byte	0x529
 8273 0dda 0C       		.byte	0xc
 8274 0ddb C5000000 		.4byte	0xc5
 8275 0ddf D801     		.2byte	0x1d8
 8276 0de1 02       		.uleb128 0x2
 8277 0de2 350F0000 		.4byte	.LASF204
 8278 0de6 2B05     		.2byte	0x52b
 8279 0de8 07       		.byte	0x7
 8280 0de9 42000000 		.4byte	0x42
ARM GAS  /tmp/ccRHyJSn.s 			page 152


 8281 0ded DC01     		.2byte	0x1dc
 8282 0def 02       		.uleb128 0x2
 8283 0df0 B9070000 		.4byte	.LASF205
 8284 0df4 2C05     		.2byte	0x52c
 8285 0df6 07       		.byte	0x7
 8286 0df7 42000000 		.4byte	0x42
 8287 0dfb E001     		.2byte	0x1e0
 8288 0dfd 02       		.uleb128 0x2
 8289 0dfe 690E0000 		.4byte	.LASF206
 8290 0e02 2E05     		.2byte	0x52e
 8291 0e04 0B       		.byte	0xb
 8292 0e05 90000000 		.4byte	0x90
 8293 0e09 E401     		.2byte	0x1e4
 8294 0e0b 02       		.uleb128 0x2
 8295 0e0c CA060000 		.4byte	.LASF207
 8296 0e10 2F05     		.2byte	0x52f
 8297 0e12 0B       		.byte	0xb
 8298 0e13 30050000 		.4byte	0x530
 8299 0e17 E801     		.2byte	0x1e8
 8300 0e19 02       		.uleb128 0x2
 8301 0e1a D8020000 		.4byte	.LASF208
 8302 0e1e 3105     		.2byte	0x531
 8303 0e20 0C       		.byte	0xc
 8304 0e21 DB000000 		.4byte	0xdb
 8305 0e25 F001     		.2byte	0x1f0
 8306 0e27 02       		.uleb128 0x2
 8307 0e28 3A170000 		.4byte	.LASF209
 8308 0e2c 3205     		.2byte	0x532
 8309 0e2e 0C       		.byte	0xc
 8310 0e2f DB000000 		.4byte	0xdb
 8311 0e33 F401     		.2byte	0x1f4
 8312 0e35 02       		.uleb128 0x2
 8313 0e36 D40A0000 		.4byte	.LASF210
 8314 0e3a 3305     		.2byte	0x533
 8315 0e3c 0C       		.byte	0xc
 8316 0e3d 12010000 		.4byte	0x112
 8317 0e41 F801     		.2byte	0x1f8
 8318 0e43 02       		.uleb128 0x2
 8319 0e44 02160000 		.4byte	.LASF211
 8320 0e48 3505     		.2byte	0x535
 8321 0e4a 09       		.byte	0x9
 8322 0e4b 49000000 		.4byte	0x49
 8323 0e4f 0802     		.2byte	0x208
 8324 0e51 02       		.uleb128 0x2
 8325 0e52 C30C0000 		.4byte	.LASF212
 8326 0e56 3605     		.2byte	0x536
 8327 0e58 09       		.byte	0x9
 8328 0e59 49000000 		.4byte	0x49
 8329 0e5d 0C02     		.2byte	0x20c
 8330 0e5f 02       		.uleb128 0x2
 8331 0e60 65180000 		.4byte	.LASF213
 8332 0e64 3705     		.2byte	0x537
 8333 0e66 09       		.byte	0x9
 8334 0e67 49000000 		.4byte	0x49
 8335 0e6b 1002     		.2byte	0x210
 8336 0e6d 02       		.uleb128 0x2
 8337 0e6e 41110000 		.4byte	.LASF214
ARM GAS  /tmp/ccRHyJSn.s 			page 153


 8338 0e72 3805     		.2byte	0x538
 8339 0e74 09       		.byte	0x9
 8340 0e75 49000000 		.4byte	0x49
 8341 0e79 1402     		.2byte	0x214
 8342 0e7b 02       		.uleb128 0x2
 8343 0e7c 5B0E0000 		.4byte	.LASF215
 8344 0e80 3905     		.2byte	0x539
 8345 0e82 09       		.byte	0x9
 8346 0e83 49000000 		.4byte	0x49
 8347 0e87 1802     		.2byte	0x218
 8348 0e89 02       		.uleb128 0x2
 8349 0e8a 57110000 		.4byte	.LASF138
 8350 0e8e 3A05     		.2byte	0x53a
 8351 0e90 09       		.byte	0x9
 8352 0e91 49000000 		.4byte	0x49
 8353 0e95 1C02     		.2byte	0x21c
 8354 0e97 02       		.uleb128 0x2
 8355 0e98 8E080000 		.4byte	.LASF216
 8356 0e9c 3B05     		.2byte	0x53b
 8357 0e9e 09       		.byte	0x9
 8358 0e9f 49000000 		.4byte	0x49
 8359 0ea3 2002     		.2byte	0x220
 8360 0ea5 02       		.uleb128 0x2
 8361 0ea6 4C130000 		.4byte	.LASF217
 8362 0eaa 3D05     		.2byte	0x53d
 8363 0eac 09       		.byte	0x9
 8364 0ead 49000000 		.4byte	0x49
 8365 0eb1 2402     		.2byte	0x224
 8366 0eb3 02       		.uleb128 0x2
 8367 0eb4 17030000 		.4byte	.LASF218
 8368 0eb8 3E05     		.2byte	0x53e
 8369 0eba 09       		.byte	0x9
 8370 0ebb 49000000 		.4byte	0x49
 8371 0ebf 2802     		.2byte	0x228
 8372 0ec1 02       		.uleb128 0x2
 8373 0ec2 040C0000 		.4byte	.LASF219
 8374 0ec6 4005     		.2byte	0x540
 8375 0ec8 0A       		.byte	0xa
 8376 0ec9 30050000 		.4byte	0x530
 8377 0ecd 3002     		.2byte	0x230
 8378 0ecf 02       		.uleb128 0x2
 8379 0ed0 16090000 		.4byte	.LASF220
 8380 0ed4 4105     		.2byte	0x541
 8381 0ed6 0A       		.byte	0xa
 8382 0ed7 30050000 		.4byte	0x530
 8383 0edb 3802     		.2byte	0x238
 8384 0edd 02       		.uleb128 0x2
 8385 0ede 21090000 		.4byte	.LASF221
 8386 0ee2 4205     		.2byte	0x542
 8387 0ee4 0A       		.byte	0xa
 8388 0ee5 30050000 		.4byte	0x530
 8389 0ee9 4002     		.2byte	0x240
 8390 0eeb 02       		.uleb128 0x2
 8391 0eec CB000000 		.4byte	.LASF222
 8392 0ef0 4305     		.2byte	0x543
 8393 0ef2 0A       		.byte	0xa
 8394 0ef3 30050000 		.4byte	0x530
ARM GAS  /tmp/ccRHyJSn.s 			page 154


 8395 0ef7 4802     		.2byte	0x248
 8396 0ef9 02       		.uleb128 0x2
 8397 0efa C3090000 		.4byte	.LASF223
 8398 0efe 4405     		.2byte	0x544
 8399 0f00 0A       		.byte	0xa
 8400 0f01 30050000 		.4byte	0x530
 8401 0f05 5002     		.2byte	0x250
 8402 0f07 02       		.uleb128 0x2
 8403 0f08 E70B0000 		.4byte	.LASF224
 8404 0f0c 4505     		.2byte	0x545
 8405 0f0e 0A       		.byte	0xa
 8406 0f0f 30050000 		.4byte	0x530
 8407 0f13 5802     		.2byte	0x258
 8408 0f15 02       		.uleb128 0x2
 8409 0f16 B8120000 		.4byte	.LASF225
 8410 0f1a 4705     		.2byte	0x547
 8411 0f1c 09       		.byte	0x9
 8412 0f1d 49000000 		.4byte	0x49
 8413 0f21 6002     		.2byte	0x260
 8414 0f23 02       		.uleb128 0x2
 8415 0f24 A7140000 		.4byte	.LASF226
 8416 0f28 4805     		.2byte	0x548
 8417 0f2a 09       		.byte	0x9
 8418 0f2b 49000000 		.4byte	0x49
 8419 0f2f 6402     		.2byte	0x264
 8420 0f31 02       		.uleb128 0x2
 8421 0f32 94170000 		.4byte	.LASF227
 8422 0f36 4905     		.2byte	0x549
 8423 0f38 0C       		.byte	0xc
 8424 0f39 4C100000 		.4byte	0x104c
 8425 0f3d 6802     		.2byte	0x268
 8426 0f3f 02       		.uleb128 0x2
 8427 0f40 D9000000 		.4byte	.LASF228
 8428 0f44 4B05     		.2byte	0x54b
 8429 0f46 0B       		.byte	0xb
 8430 0f47 5C100000 		.4byte	0x105c
 8431 0f4b E802     		.2byte	0x2e8
 8432 0f4d 02       		.uleb128 0x2
 8433 0f4e 5E1B0000 		.4byte	.LASF229
 8434 0f52 4D05     		.2byte	0x54d
 8435 0f54 0D       		.byte	0xd
 8436 0f55 04010000 		.4byte	0x104
 8437 0f59 E805     		.2byte	0x5e8
 8438 0f5b 02       		.uleb128 0x2
 8439 0f5c DE140000 		.4byte	.LASF230
 8440 0f60 4E05     		.2byte	0x54e
 8441 0f62 0D       		.byte	0xd
 8442 0f63 04010000 		.4byte	0x104
 8443 0f67 EC05     		.2byte	0x5ec
 8444 0f69 02       		.uleb128 0x2
 8445 0f6a 66090000 		.4byte	.LASF231
 8446 0f6e 4F05     		.2byte	0x54f
 8447 0f70 0D       		.byte	0xd
 8448 0f71 04010000 		.4byte	0x104
 8449 0f75 F005     		.2byte	0x5f0
 8450 0f77 02       		.uleb128 0x2
 8451 0f78 F5020000 		.4byte	.LASF232
ARM GAS  /tmp/ccRHyJSn.s 			page 155


 8452 0f7c 5005     		.2byte	0x550
 8453 0f7e 0D       		.byte	0xd
 8454 0f7f 04010000 		.4byte	0x104
 8455 0f83 F405     		.2byte	0x5f4
 8456 0f85 02       		.uleb128 0x2
 8457 0f86 30050000 		.4byte	.LASF233
 8458 0f8a 5205     		.2byte	0x552
 8459 0f8c 0C       		.byte	0xc
 8460 0f8d DB000000 		.4byte	0xdb
 8461 0f91 F805     		.2byte	0x5f8
 8462 0f93 02       		.uleb128 0x2
 8463 0f94 74050000 		.4byte	.LASF109
 8464 0f98 5805     		.2byte	0x558
 8465 0f9a 0B       		.byte	0xb
 8466 0f9b AF000000 		.4byte	0xaf
 8467 0f9f FC05     		.2byte	0x5fc
 8468 0fa1 02       		.uleb128 0x2
 8469 0fa2 0C1D0000 		.4byte	.LASF234
 8470 0fa6 5B05     		.2byte	0x55b
 8471 0fa8 0B       		.byte	0xb
 8472 0fa9 00040000 		.4byte	0x400
 8473 0fad FD05     		.2byte	0x5fd
 8474 0faf 2D       		.uleb128 0x2d
 8475 0fb0 5200     		.ascii	"R\000"
 8476 0fb2 5C05     		.2byte	0x55c
 8477 0fb4 07       		.byte	0x7
 8478 0fb5 42000000 		.4byte	0x42
 8479 0fb9 0006     		.2byte	0x600
 8480 0fbb 02       		.uleb128 0x2
 8481 0fbc 4B0A0000 		.4byte	.LASF235
 8482 0fc0 5D05     		.2byte	0x55d
 8483 0fc2 0B       		.byte	0xb
 8484 0fc3 90000000 		.4byte	0x90
 8485 0fc7 0406     		.2byte	0x604
 8486 0fc9 02       		.uleb128 0x2
 8487 0fca 930C0000 		.4byte	.LASF236
 8488 0fce 5E05     		.2byte	0x55e
 8489 0fd0 08       		.byte	0x8
 8490 0fd1 00040000 		.4byte	0x400
 8491 0fd5 0806     		.2byte	0x608
 8492 0fd7 02       		.uleb128 0x2
 8493 0fd8 2D170000 		.4byte	.LASF237
 8494 0fdc 5F05     		.2byte	0x55f
 8495 0fde 08       		.byte	0x8
 8496 0fdf 00040000 		.4byte	0x400
 8497 0fe3 0906     		.2byte	0x609
 8498 0fe5 02       		.uleb128 0x2
 8499 0fe6 07140000 		.4byte	.LASF238
 8500 0fea 6005     		.2byte	0x560
 8501 0fec 0C       		.byte	0xc
 8502 0fed DB000000 		.4byte	0xdb
 8503 0ff1 0C06     		.2byte	0x60c
 8504 0ff3 02       		.uleb128 0x2
 8505 0ff4 37000000 		.4byte	.LASF239
 8506 0ff8 6205     		.2byte	0x562
 8507 0ffa 08       		.byte	0x8
 8508 0ffb 72100000 		.4byte	0x1072
ARM GAS  /tmp/ccRHyJSn.s 			page 156


 8509 0fff 1006     		.2byte	0x610
 8510 1001 02       		.uleb128 0x2
 8511 1002 FB180000 		.4byte	.LASF240
 8512 1006 6405     		.2byte	0x564
 8513 1008 09       		.byte	0x9
 8514 1009 00040000 		.4byte	0x400
 8515 100d 1A06     		.2byte	0x61a
 8516 100f 02       		.uleb128 0x2
 8517 1010 6F150000 		.4byte	.LASF241
 8518 1014 6505     		.2byte	0x565
 8519 1016 0B       		.byte	0xb
 8520 1017 A3000000 		.4byte	0xa3
 8521 101b 2006     		.2byte	0x620
 8522 101d 02       		.uleb128 0x2
 8523 101e 220D0000 		.4byte	.LASF128
 8524 1022 6605     		.2byte	0x566
 8525 1024 0C       		.byte	0xc
 8526 1025 DB000000 		.4byte	0xdb
 8527 1029 2806     		.2byte	0x628
 8528 102b 00       		.byte	0
 8529 102c 0A       		.uleb128 0xa
 8530 102d 00040000 		.4byte	0x400
 8531 1031 3C100000 		.4byte	0x103c
 8532 1035 09       		.uleb128 0x9
 8533 1036 2D000000 		.4byte	0x2d
 8534 103a 03       		.byte	0x3
 8535 103b 00       		.byte	0
 8536 103c 0A       		.uleb128 0xa
 8537 103d 710A0000 		.4byte	0xa71
 8538 1041 4C100000 		.4byte	0x104c
 8539 1045 09       		.uleb128 0x9
 8540 1046 2D000000 		.4byte	0x2d
 8541 104a 07       		.byte	0x7
 8542 104b 00       		.byte	0
 8543 104c 0A       		.uleb128 0xa
 8544 104d 99090000 		.4byte	0x999
 8545 1051 5C100000 		.4byte	0x105c
 8546 1055 09       		.uleb128 0x9
 8547 1056 2D000000 		.4byte	0x2d
 8548 105a 07       		.byte	0x7
 8549 105b 00       		.byte	0
 8550 105c 0A       		.uleb128 0xa
 8551 105d E8090000 		.4byte	0x9e8
 8552 1061 72100000 		.4byte	0x1072
 8553 1065 09       		.uleb128 0x9
 8554 1066 2D000000 		.4byte	0x2d
 8555 106a 03       		.byte	0x3
 8556 106b 09       		.uleb128 0x9
 8557 106c 2D000000 		.4byte	0x2d
 8558 1070 07       		.byte	0x7
 8559 1071 00       		.byte	0
 8560 1072 0A       		.uleb128 0xa
 8561 1073 EA030000 		.4byte	0x3ea
 8562 1077 82100000 		.4byte	0x1082
 8563 107b 09       		.uleb128 0x9
 8564 107c 2D000000 		.4byte	0x2d
 8565 1080 09       		.byte	0x9
ARM GAS  /tmp/ccRHyJSn.s 			page 157


 8566 1081 00       		.byte	0
 8567 1082 16       		.uleb128 0x16
 8568 1083 65150000 		.4byte	.LASF242
 8569 1087 0D       		.byte	0xd
 8570 1088 6705     		.2byte	0x567
 8571 108a 02       		.byte	0x2
 8572 108b 7E0A0000 		.4byte	0xa7e
 8573 108f 17       		.uleb128 0x17
 8574 1090 460E0000 		.4byte	.LASF145
 8575 1094 6905     		.2byte	0x569
 8576 1096 12       		.byte	0x12
 8577 1097 82100000 		.4byte	0x1082
 8578 109b 17       		.uleb128 0x17
 8579 109c BB0E0000 		.4byte	.LASF243
 8580 10a0 4F06     		.2byte	0x64f
 8581 10a2 0C       		.byte	0xc
 8582 10a3 42000000 		.4byte	0x42
 8583 10a7 17       		.uleb128 0x17
 8584 10a8 75020000 		.4byte	.LASF244
 8585 10ac 5706     		.2byte	0x657
 8586 10ae 19       		.byte	0x19
 8587 10af BB000000 		.4byte	0xbb
 8588 10b3 17       		.uleb128 0x17
 8589 10b4 E0000000 		.4byte	.LASF245
 8590 10b8 EA06     		.2byte	0x6ea
 8591 10ba 10       		.byte	0x10
 8592 10bb AF000000 		.4byte	0xaf
 8593 10bf 16       		.uleb128 0x16
 8594 10c0 3C1C0000 		.4byte	.LASF246
 8595 10c4 0D       		.byte	0xd
 8596 10c5 2E07     		.2byte	0x72e
 8597 10c7 12       		.byte	0x12
 8598 10c8 AF000000 		.4byte	0xaf
 8599 10cc 16       		.uleb128 0x16
 8600 10cd AF1B0000 		.4byte	.LASF247
 8601 10d1 0D       		.byte	0xd
 8602 10d2 2F07     		.2byte	0x72f
 8603 10d4 12       		.byte	0x12
 8604 10d5 7D000000 		.4byte	0x7d
 8605 10d9 20       		.uleb128 0x20
 8606 10da 34000000 		.4byte	0x34
 8607 10de 0D       		.byte	0xd
 8608 10df 5B07     		.2byte	0x75b
 8609 10e1 06       		.byte	0x6
 8610 10e2 2F110000 		.4byte	0x112f
 8611 10e6 04       		.uleb128 0x4
 8612 10e7 2C030000 		.4byte	.LASF248
 8613 10eb 00       		.byte	0
 8614 10ec 04       		.uleb128 0x4
 8615 10ed 8C050000 		.4byte	.LASF249
 8616 10f1 01       		.byte	0x1
 8617 10f2 04       		.uleb128 0x4
 8618 10f3 830A0000 		.4byte	.LASF250
 8619 10f7 02       		.byte	0x2
 8620 10f8 04       		.uleb128 0x4
 8621 10f9 BC190000 		.4byte	.LASF251
 8622 10fd 03       		.byte	0x3
ARM GAS  /tmp/ccRHyJSn.s 			page 158


 8623 10fe 04       		.uleb128 0x4
 8624 10ff 9F0C0000 		.4byte	.LASF252
 8625 1103 04       		.byte	0x4
 8626 1104 04       		.uleb128 0x4
 8627 1105 FA1D0000 		.4byte	.LASF253
 8628 1109 05       		.byte	0x5
 8629 110a 04       		.uleb128 0x4
 8630 110b 30000000 		.4byte	.LASF254
 8631 110f 06       		.byte	0x6
 8632 1110 04       		.uleb128 0x4
 8633 1111 F6030000 		.4byte	.LASF255
 8634 1115 07       		.byte	0x7
 8635 1116 04       		.uleb128 0x4
 8636 1117 3C160000 		.4byte	.LASF256
 8637 111b 08       		.byte	0x8
 8638 111c 04       		.uleb128 0x4
 8639 111d 2A140000 		.4byte	.LASF257
 8640 1121 09       		.byte	0x9
 8641 1122 04       		.uleb128 0x4
 8642 1123 B2170000 		.4byte	.LASF258
 8643 1127 0A       		.byte	0xa
 8644 1128 04       		.uleb128 0x4
 8645 1129 06190000 		.4byte	.LASF259
 8646 112d 0B       		.byte	0xb
 8647 112e 00       		.byte	0
 8648 112f 17       		.uleb128 0x17
 8649 1130 931B0000 		.4byte	.LASF260
 8650 1134 6207     		.2byte	0x762
 8651 1136 16       		.byte	0x16
 8652 1137 C0000000 		.4byte	0xc0
 8653 113b 3A       		.uleb128 0x3a
 8654 113c 5200     		.ascii	"R\000"
 8655 113e 0D       		.byte	0xd
 8656 113f 7007     		.2byte	0x770
 8657 1141 11       		.byte	0x11
 8658 1142 C5000000 		.4byte	0xc5
 8659 1146 17       		.uleb128 0x17
 8660 1147 48160000 		.4byte	.LASF261
 8661 114b 7107     		.2byte	0x771
 8662 114d 10       		.byte	0x10
 8663 114e AF000000 		.4byte	0xaf
 8664 1152 17       		.uleb128 0x17
 8665 1153 FF090000 		.4byte	.LASF262
 8666 1157 8907     		.2byte	0x789
 8667 1159 0D       		.byte	0xd
 8668 115a 00040000 		.4byte	0x400
 8669 115e 17       		.uleb128 0x17
 8670 115f B21C0000 		.4byte	.LASF263
 8671 1163 8A07     		.2byte	0x78a
 8672 1165 0D       		.byte	0xd
 8673 1166 00040000 		.4byte	0x400
 8674 116a 17       		.uleb128 0x17
 8675 116b D6170000 		.4byte	.LASF264
 8676 116f 8B07     		.2byte	0x78b
 8677 1171 0D       		.byte	0xd
 8678 1172 00040000 		.4byte	0x400
 8679 1176 17       		.uleb128 0x17
ARM GAS  /tmp/ccRHyJSn.s 			page 159


 8680 1177 9F0E0000 		.4byte	.LASF265
 8681 117b 8D07     		.2byte	0x78d
 8682 117d 10       		.byte	0x10
 8683 117e 7D000000 		.4byte	0x7d
 8684 1182 17       		.uleb128 0x17
 8685 1183 4A1D0000 		.4byte	.LASF266
 8686 1187 8F07     		.2byte	0x78f
 8687 1189 0C       		.byte	0xc
 8688 118a 42000000 		.4byte	0x42
 8689 118e 14       		.uleb128 0x14
 8690 118f 08       		.byte	0x8
 8691 1190 04       		.byte	0x4
 8692 1191 02180000 		.4byte	.LASF267
 8693 1195 2E       		.uleb128 0x2e
 8694 1196 8C0B0000 		.4byte	.LASF268
 8695 119a 19       		.byte	0x19
 8696 119b 11       		.byte	0x11
 8697 119c DB000000 		.4byte	0xdb
 8698 11a0 2E       		.uleb128 0x2e
 8699 11a1 091C0000 		.4byte	.LASF269
 8700 11a5 1A       		.byte	0x1a
 8701 11a6 11       		.byte	0x11
 8702 11a7 DB000000 		.4byte	0xdb
 8703 11ab 3B       		.uleb128 0x3b
 8704 11ac 34000000 		.4byte	0x34
 8705 11b0 3D       		.byte	0x3d
 8706 11b1 A0120000 		.4byte	0x12a0
 8707 11b5 04       		.uleb128 0x4
 8708 11b6 09060000 		.4byte	.LASF270
 8709 11ba 00       		.byte	0
 8710 11bb 04       		.uleb128 0x4
 8711 11bc 161D0000 		.4byte	.LASF271
 8712 11c0 01       		.byte	0x1
 8713 11c1 04       		.uleb128 0x4
 8714 11c2 B0160000 		.4byte	.LASF272
 8715 11c6 02       		.byte	0x2
 8716 11c7 04       		.uleb128 0x4
 8717 11c8 C8160000 		.4byte	.LASF273
 8718 11cc 03       		.byte	0x3
 8719 11cd 04       		.uleb128 0x4
 8720 11ce 29130000 		.4byte	.LASF274
 8721 11d2 04       		.byte	0x4
 8722 11d3 04       		.uleb128 0x4
 8723 11d4 9F1A0000 		.4byte	.LASF275
 8724 11d8 05       		.byte	0x5
 8725 11d9 04       		.uleb128 0x4
 8726 11da 6F030000 		.4byte	.LASF276
 8727 11de 06       		.byte	0x6
 8728 11df 04       		.uleb128 0x4
 8729 11e0 1A1E0000 		.4byte	.LASF277
 8730 11e4 07       		.byte	0x7
 8731 11e5 04       		.uleb128 0x4
 8732 11e6 DE070000 		.4byte	.LASF278
 8733 11ea 08       		.byte	0x8
 8734 11eb 04       		.uleb128 0x4
 8735 11ec 331E0000 		.4byte	.LASF279
 8736 11f0 09       		.byte	0x9
ARM GAS  /tmp/ccRHyJSn.s 			page 160


 8737 11f1 04       		.uleb128 0x4
 8738 11f2 5D0B0000 		.4byte	.LASF280
 8739 11f6 0A       		.byte	0xa
 8740 11f7 04       		.uleb128 0x4
 8741 11f8 F0100000 		.4byte	.LASF281
 8742 11fc 0B       		.byte	0xb
 8743 11fd 04       		.uleb128 0x4
 8744 11fe 5E0D0000 		.4byte	.LASF282
 8745 1202 0C       		.byte	0xc
 8746 1203 04       		.uleb128 0x4
 8747 1204 BE110000 		.4byte	.LASF283
 8748 1208 0D       		.byte	0xd
 8749 1209 04       		.uleb128 0x4
 8750 120a E50A0000 		.4byte	.LASF284
 8751 120e 0E       		.byte	0xe
 8752 120f 04       		.uleb128 0x4
 8753 1210 E0160000 		.4byte	.LASF285
 8754 1214 0F       		.byte	0xf
 8755 1215 04       		.uleb128 0x4
 8756 1216 4C140000 		.4byte	.LASF286
 8757 121a 10       		.byte	0x10
 8758 121b 04       		.uleb128 0x4
 8759 121c A80B0000 		.4byte	.LASF287
 8760 1220 11       		.byte	0x11
 8761 1221 04       		.uleb128 0x4
 8762 1222 AD150000 		.4byte	.LASF288
 8763 1226 12       		.byte	0x12
 8764 1227 04       		.uleb128 0x4
 8765 1228 8D040000 		.4byte	.LASF289
 8766 122c 13       		.byte	0x13
 8767 122d 04       		.uleb128 0x4
 8768 122e 4C150000 		.4byte	.LASF290
 8769 1232 14       		.byte	0x14
 8770 1233 04       		.uleb128 0x4
 8771 1234 39080000 		.4byte	.LASF291
 8772 1238 15       		.byte	0x15
 8773 1239 04       		.uleb128 0x4
 8774 123a 5D0C0000 		.4byte	.LASF292
 8775 123e 16       		.byte	0x16
 8776 123f 04       		.uleb128 0x4
 8777 1240 EA190000 		.4byte	.LASF293
 8778 1244 17       		.byte	0x17
 8779 1245 04       		.uleb128 0x4
 8780 1246 BD0D0000 		.4byte	.LASF294
 8781 124a 18       		.byte	0x18
 8782 124b 04       		.uleb128 0x4
 8783 124c 53020000 		.4byte	.LASF295
 8784 1250 19       		.byte	0x19
 8785 1251 04       		.uleb128 0x4
 8786 1252 5C0F0000 		.4byte	.LASF296
 8787 1256 1A       		.byte	0x1a
 8788 1257 04       		.uleb128 0x4
 8789 1258 741C0000 		.4byte	.LASF297
 8790 125c 1B       		.byte	0x1b
 8791 125d 04       		.uleb128 0x4
 8792 125e F20D0000 		.4byte	.LASF298
 8793 1262 1C       		.byte	0x1c
ARM GAS  /tmp/ccRHyJSn.s 			page 161


 8794 1263 04       		.uleb128 0x4
 8795 1264 41070000 		.4byte	.LASF299
 8796 1268 1D       		.byte	0x1d
 8797 1269 04       		.uleb128 0x4
 8798 126a 980D0000 		.4byte	.LASF300
 8799 126e 1F       		.byte	0x1f
 8800 126f 04       		.uleb128 0x4
 8801 1270 BD1D0000 		.4byte	.LASF301
 8802 1274 20       		.byte	0x20
 8803 1275 04       		.uleb128 0x4
 8804 1276 5A1C0000 		.4byte	.LASF302
 8805 127a 21       		.byte	0x21
 8806 127b 04       		.uleb128 0x4
 8807 127c 9E190000 		.4byte	.LASF303
 8808 1280 22       		.byte	0x22
 8809 1281 04       		.uleb128 0x4
 8810 1282 B4140000 		.4byte	.LASF304
 8811 1286 23       		.byte	0x23
 8812 1287 04       		.uleb128 0x4
 8813 1288 C50B0000 		.4byte	.LASF305
 8814 128c 24       		.byte	0x24
 8815 128d 04       		.uleb128 0x4
 8816 128e 1B070000 		.4byte	.LASF306
 8817 1292 25       		.byte	0x25
 8818 1293 04       		.uleb128 0x4
 8819 1294 800D0000 		.4byte	.LASF307
 8820 1298 26       		.byte	0x26
 8821 1299 04       		.uleb128 0x4
 8822 129a E2150000 		.4byte	.LASF308
 8823 129e 27       		.byte	0x27
 8824 129f 00       		.byte	0
 8825 12a0 2C       		.uleb128 0x2c
 8826 12a1 12       		.byte	0x12
 8827 12a2 0F       		.byte	0xf
 8828 12a3 C9       		.byte	0xc9
 8829 12a4 09       		.byte	0x9
 8830 12a5 38130000 		.4byte	0x1338
 8831 12a9 11       		.uleb128 0x11
 8832 12aa C0070000 		.4byte	.LASF309
 8833 12ae 0F       		.byte	0xf
 8834 12af CA       		.byte	0xca
 8835 12b0 0A       		.byte	0xa
 8836 12b1 AF000000 		.4byte	0xaf
 8837 12b5 00       		.byte	0
 8838 12b6 11       		.uleb128 0x11
 8839 12b7 EB110000 		.4byte	.LASF310
 8840 12bb 0F       		.byte	0xf
 8841 12bc CB       		.byte	0xcb
 8842 12bd 0B       		.byte	0xb
 8843 12be C5000000 		.4byte	0xc5
 8844 12c2 02       		.byte	0x2
 8845 12c3 11       		.uleb128 0x11
 8846 12c4 EE090000 		.4byte	.LASF311
 8847 12c8 0F       		.byte	0xf
 8848 12c9 CC       		.byte	0xcc
 8849 12ca 0A       		.byte	0xa
 8850 12cb AF000000 		.4byte	0xaf
ARM GAS  /tmp/ccRHyJSn.s 			page 162


 8851 12cf 04       		.byte	0x4
 8852 12d0 24       		.uleb128 0x24
 8853 12d1 696400   		.ascii	"id\000"
 8854 12d4 0F       		.byte	0xf
 8855 12d5 CD       		.byte	0xcd
 8856 12d6 0B       		.byte	0xb
 8857 12d7 C5000000 		.4byte	0xc5
 8858 12db 06       		.byte	0x6
 8859 12dc 11       		.uleb128 0x11
 8860 12dd C50F0000 		.4byte	.LASF312
 8861 12e1 0F       		.byte	0xf
 8862 12e2 CE       		.byte	0xce
 8863 12e3 0A       		.byte	0xa
 8864 12e4 AF000000 		.4byte	0xaf
 8865 12e8 08       		.byte	0x8
 8866 12e9 11       		.uleb128 0x11
 8867 12ea 950A0000 		.4byte	.LASF313
 8868 12ee 0F       		.byte	0xf
 8869 12ef CF       		.byte	0xcf
 8870 12f0 0A       		.byte	0xa
 8871 12f1 AF000000 		.4byte	0xaf
 8872 12f5 09       		.byte	0x9
 8873 12f6 11       		.uleb128 0x11
 8874 12f7 40130000 		.4byte	.LASF314
 8875 12fb 0F       		.byte	0xf
 8876 12fc D1       		.byte	0xd1
 8877 12fd 0A       		.byte	0xa
 8878 12fe AF000000 		.4byte	0xaf
 8879 1302 0A       		.byte	0xa
 8880 1303 11       		.uleb128 0x11
 8881 1304 02120000 		.4byte	.LASF315
 8882 1308 0F       		.byte	0xf
 8883 1309 D2       		.byte	0xd2
 8884 130a 0A       		.byte	0xa
 8885 130b AF000000 		.4byte	0xaf
 8886 130f 0B       		.byte	0xb
 8887 1310 11       		.uleb128 0x11
 8888 1311 37120000 		.4byte	.LASF316
 8889 1315 0F       		.byte	0xf
 8890 1316 D3       		.byte	0xd3
 8891 1317 0A       		.byte	0xa
 8892 1318 AF000000 		.4byte	0xaf
 8893 131c 0C       		.byte	0xc
 8894 131d 11       		.uleb128 0x11
 8895 131e A3120000 		.4byte	.LASF317
 8896 1322 0F       		.byte	0xf
 8897 1323 D4       		.byte	0xd4
 8898 1324 0B       		.byte	0xb
 8899 1325 C5000000 		.4byte	0xc5
 8900 1329 0E       		.byte	0xe
 8901 132a 11       		.uleb128 0x11
 8902 132b 99180000 		.4byte	.LASF318
 8903 132f 0F       		.byte	0xf
 8904 1330 D5       		.byte	0xd5
 8905 1331 0A       		.byte	0xa
 8906 1332 AF000000 		.4byte	0xaf
 8907 1336 10       		.byte	0x10
ARM GAS  /tmp/ccRHyJSn.s 			page 163


 8908 1337 00       		.byte	0
 8909 1338 15       		.uleb128 0x15
 8910 1339 F50E0000 		.4byte	.LASF319
 8911 133d 0F       		.byte	0xf
 8912 133e D6       		.byte	0xd6
 8913 133f 03       		.byte	0x3
 8914 1340 A0120000 		.4byte	0x12a0
 8915 1344 3B       		.uleb128 0x3b
 8916 1345 34000000 		.4byte	0x34
 8917 1349 E9       		.byte	0xe9
 8918 134a 85130000 		.4byte	0x1385
 8919 134e 04       		.uleb128 0x4
 8920 134f 05070000 		.4byte	.LASF320
 8921 1353 00       		.byte	0
 8922 1354 04       		.uleb128 0x4
 8923 1355 7B060000 		.4byte	.LASF321
 8924 1359 01       		.byte	0x1
 8925 135a 04       		.uleb128 0x4
 8926 135b CB050000 		.4byte	.LASF322
 8927 135f 02       		.byte	0x2
 8928 1360 04       		.uleb128 0x4
 8929 1361 6E040000 		.4byte	.LASF323
 8930 1365 03       		.byte	0x3
 8931 1366 04       		.uleb128 0x4
 8932 1367 59000000 		.4byte	.LASF324
 8933 136b 04       		.byte	0x4
 8934 136c 04       		.uleb128 0x4
 8935 136d 0A150000 		.4byte	.LASF325
 8936 1371 05       		.byte	0x5
 8937 1372 04       		.uleb128 0x4
 8938 1373 93160000 		.4byte	.LASF326
 8939 1377 06       		.byte	0x6
 8940 1378 04       		.uleb128 0x4
 8941 1379 FC1C0000 		.4byte	.LASF327
 8942 137d 07       		.byte	0x7
 8943 137e 04       		.uleb128 0x4
 8944 137f 4C030000 		.4byte	.LASF328
 8945 1383 08       		.byte	0x8
 8946 1384 00       		.byte	0
 8947 1385 15       		.uleb128 0x15
 8948 1386 39190000 		.4byte	.LASF329
 8949 138a 0F       		.byte	0xf
 8950 138b F3       		.byte	0xf3
 8951 138c 03       		.byte	0x3
 8952 138d 44130000 		.4byte	0x1344
 8953 1391 2E       		.uleb128 0x2e
 8954 1392 D6060000 		.4byte	.LASF330
 8955 1396 C1       		.byte	0xc1
 8956 1397 16       		.byte	0x16
 8957 1398 38130000 		.4byte	0x1338
 8958 139c 3C       		.uleb128 0x3c
 8959 139d 351B0000 		.4byte	.LASF331
 8960 13a1 51       		.byte	0x51
 8961 13a2 DB000000 		.4byte	0xdb
 8962 13a6 05       		.uleb128 0x5
 8963 13a7 03       		.byte	0x3
 8964 13a8 00000000 		.4byte	old_spi_settings
ARM GAS  /tmp/ccRHyJSn.s 			page 164


 8965 13ac 3C       		.uleb128 0x3c
 8966 13ad 53050000 		.4byte	.LASF332
 8967 13b1 55       		.byte	0x55
 8968 13b2 DB000000 		.4byte	0xdb
 8969 13b6 05       		.uleb128 0x5
 8970 13b7 03       		.byte	0x3
 8971 13b8 00000000 		.4byte	old_port_moder
 8972 13bc 3D       		.uleb128 0x3d
 8973 13bd 95110000 		.4byte	0x1195
 8974 13c1 D2       		.byte	0xd2
 8975 13c2 05       		.uleb128 0x5
 8976 13c3 03       		.byte	0x3
 8977 13c4 00000000 		.4byte	SI4432_step_delay
 8978 13c8 3D       		.uleb128 0x3d
 8979 13c9 A0110000 		.4byte	0x11a0
 8980 13cd D3       		.byte	0xd3
 8981 13ce 05       		.uleb128 0x5
 8982 13cf 03       		.byte	0x3
 8983 13d0 00000000 		.4byte	SI4432_offset_delay
 8984 13d4 4C       		.uleb128 0x4c
 8985 13d5 1D170000 		.4byte	.LASF367
 8986 13d9 01       		.byte	0x1
 8987 13da DD       		.byte	0xdd
 8988 13db 16       		.byte	0x16
 8989 13dc 34000000 		.4byte	0x34
 8990 13e0 05       		.uleb128 0x5
 8991 13e1 39110000 		.4byte	.LASF333
 8992 13e5 0601     		.2byte	0x106
 8993 13e7 0C       		.byte	0xc
 8994 13e8 42000000 		.4byte	0x42
 8995 13ec 05       		.uleb128 0x5
 8996 13ed 03       		.byte	0x3
 8997 13ee 00000000 		.4byte	shifted
 8998 13f2 1C       		.uleb128 0x1c
 8999 13f3 52110000 		.4byte	0x1152
 9000 13f7 1F01     		.2byte	0x11f
 9001 13f9 06       		.byte	0x6
 9002 13fa 05       		.uleb128 0x5
 9003 13fb 03       		.byte	0x3
 9004 13fc 00000000 		.4byte	ADF4351_frequency_changed
 9005 1400 1C       		.uleb128 0x1c
 9006 1401 3B110000 		.4byte	0x113b
 9007 1405 2101     		.2byte	0x121
 9008 1407 0A       		.byte	0xa
 9009 1408 05       		.uleb128 0x5
 9010 1409 03       		.byte	0x3
 9011 140a 00000000 		.4byte	R
 9012 140e 1C       		.uleb128 0x1c
 9013 140f 82110000 		.4byte	0x1182
 9014 1413 2201     		.2byte	0x122
 9015 1415 05       		.byte	0x5
 9016 1416 05       		.uleb128 0x5
 9017 1417 03       		.byte	0x3
 9018 1418 00000000 		.4byte	old_R
 9019 141c 27       		.uleb128 0x27
 9020 141d 4E00     		.ascii	"N\000"
 9021 141f 2301     		.2byte	0x123
ARM GAS  /tmp/ccRHyJSn.s 			page 165


 9022 1421 C5000000 		.4byte	0xc5
 9023 1425 05       		.uleb128 0x5
 9024 1426 03       		.byte	0x3
 9025 1427 00000000 		.4byte	N
 9026 142b 0F       		.uleb128 0xf
 9027 142c 60180000 		.4byte	.LASF334
 9028 1430 2401     		.2byte	0x124
 9029 1432 0A       		.byte	0xa
 9030 1433 C5000000 		.4byte	0xc5
 9031 1437 05       		.uleb128 0x5
 9032 1438 03       		.byte	0x3
 9033 1439 00000000 		.4byte	frac
 9034 143d 0F       		.uleb128 0xf
 9035 143e 8E060000 		.4byte	.LASF335
 9036 1442 2501     		.2byte	0x125
 9037 1444 0A       		.byte	0xa
 9038 1445 C5000000 		.4byte	0xc5
 9039 1449 05       		.uleb128 0x5
 9040 144a 03       		.byte	0x3
 9041 144b 00000000 		.4byte	modulus
 9042 144f 0F       		.uleb128 0xf
 9043 1450 8A190000 		.4byte	.LASF336
 9044 1454 2601     		.2byte	0x126
 9045 1456 0A       		.byte	0xa
 9046 1457 C5000000 		.4byte	0xc5
 9047 145b 05       		.uleb128 0x5
 9048 145c 03       		.byte	0x3
 9049 145d 00000000 		.4byte	out_div
 9050 1461 27       		.uleb128 0x27
 9051 1462 6D757800 		.ascii	"mux\000"
 9052 1466 2701     		.2byte	0x127
 9053 1468 C5000000 		.4byte	0xc5
 9054 146c 05       		.uleb128 0x5
 9055 146d 03       		.byte	0x3
 9056 146e 00000000 		.4byte	mux
 9057 1472 27       		.uleb128 0x27
 9058 1473 63737200 		.ascii	"csr\000"
 9059 1477 2801     		.2byte	0x128
 9060 1479 C5000000 		.4byte	0xc5
 9061 147d 05       		.uleb128 0x5
 9062 147e 03       		.byte	0x3
 9063 147f 00000000 		.4byte	csr
 9064 1483 0F       		.uleb128 0xf
 9065 1484 460A0000 		.4byte	.LASF337
 9066 1488 2901     		.2byte	0x129
 9067 148a 0A       		.byte	0xa
 9068 148b C5000000 		.4byte	0xc5
 9069 148f 05       		.uleb128 0x5
 9070 1490 03       		.byte	0x3
 9071 1491 00000000 		.4byte	bscm
 9072 1495 0F       		.uleb128 0xf
 9073 1496 F8080000 		.4byte	.LASF338
 9074 149a 2C01     		.2byte	0x12c
 9075 149c 0A       		.byte	0xa
 9076 149d DB000000 		.4byte	0xdb
 9077 14a1 05       		.uleb128 0x5
 9078 14a2 03       		.byte	0x3
ARM GAS  /tmp/ccRHyJSn.s 			page 166


 9079 14a3 00000000 		.4byte	reg_1
 9080 14a7 0F       		.uleb128 0xf
 9081 14a8 FE080000 		.4byte	.LASF339
 9082 14ac 2D01     		.2byte	0x12d
 9083 14ae 0A       		.byte	0xa
 9084 14af DB000000 		.4byte	0xdb
 9085 14b3 05       		.uleb128 0x5
 9086 14b4 03       		.byte	0x3
 9087 14b5 00000000 		.4byte	reg_2
 9088 14b9 0F       		.uleb128 0xf
 9089 14ba 04090000 		.4byte	.LASF340
 9090 14be 2E01     		.2byte	0x12e
 9091 14c0 0A       		.byte	0xa
 9092 14c1 DB000000 		.4byte	0xdb
 9093 14c5 05       		.uleb128 0x5
 9094 14c6 03       		.byte	0x3
 9095 14c7 00000000 		.4byte	reg_3
 9096 14cb 0F       		.uleb128 0xf
 9097 14cc 0A090000 		.4byte	.LASF341
 9098 14d0 2F01     		.2byte	0x12f
 9099 14d2 0A       		.byte	0xa
 9100 14d3 DB000000 		.4byte	0xdb
 9101 14d7 05       		.uleb128 0x5
 9102 14d8 03       		.byte	0x3
 9103 14d9 00000000 		.4byte	reg_4
 9104 14dd 0F       		.uleb128 0xf
 9105 14de 10090000 		.4byte	.LASF342
 9106 14e2 3001     		.2byte	0x130
 9107 14e4 0A       		.byte	0xa
 9108 14e5 DB000000 		.4byte	0xdb
 9109 14e9 05       		.uleb128 0x5
 9110 14ea 03       		.byte	0x3
 9111 14eb 00000000 		.4byte	reg_5
 9112 14ef 27       		.uleb128 0x27
 9113 14f0 696400   		.ascii	"id\000"
 9114 14f3 3201     		.2byte	0x132
 9115 14f5 C5000000 		.4byte	0xc5
 9116 14f9 05       		.uleb128 0x5
 9117 14fa 03       		.byte	0x3
 9118 14fb 00000000 		.4byte	id
 9119 14ff 1C       		.uleb128 0x1c
 9120 1500 46110000 		.4byte	0x1146
 9121 1504 3301     		.2byte	0x133
 9122 1506 09       		.byte	0x9
 9123 1507 05       		.uleb128 0x5
 9124 1508 03       		.byte	0x3
 9125 1509 00000000 		.4byte	rfPower
 9126 150d 05       		.uleb128 0x5
 9127 150e 3B030000 		.4byte	.LASF343
 9128 1512 3401     		.2byte	0x134
 9129 1514 0F       		.byte	0xf
 9130 1515 30050000 		.4byte	0x530
 9131 1519 05       		.uleb128 0x5
 9132 151a 03       		.byte	0x3
 9133 151b 00000000 		.4byte	prev_actual_freq
 9134 151f 0F       		.uleb128 0xf
 9135 1520 F81B0000 		.4byte	.LASF344
ARM GAS  /tmp/ccRHyJSn.s 			page 167


 9136 1524 3501     		.2byte	0x135
 9137 1526 06       		.byte	0x6
 9138 1527 00040000 		.4byte	0x400
 9139 152b 05       		.uleb128 0x5
 9140 152c 03       		.byte	0x3
 9141 152d 00000000 		.4byte	pdwn
 9142 1531 0F       		.uleb128 0xf
 9143 1532 3F060000 		.4byte	.LASF345
 9144 1536 3601     		.2byte	0x136
 9145 1538 0A       		.byte	0xa
 9146 1539 C5000000 		.4byte	0xc5
 9147 153d 05       		.uleb128 0x5
 9148 153e 03       		.byte	0x3
 9149 153f 00000000 		.4byte	powerDown
 9150 1543 1D       		.uleb128 0x1d
 9151 1544 13100000 		.4byte	.LASF346
 9152 1548 3901     		.2byte	0x139
 9153 154a 16       		.byte	0x16
 9154 154b C0000000 		.4byte	0xc0
 9155 154f 03       		.byte	0x3
 9156 1550 0F       		.uleb128 0xf
 9157 1551 35060000 		.4byte	.LASF347
 9158 1555 3C01     		.2byte	0x13c
 9159 1557 14       		.byte	0x14
 9160 1558 D1000000 		.4byte	0xd1
 9161 155c 05       		.uleb128 0x5
 9162 155d 03       		.byte	0x3
 9163 155e 00000000 		.4byte	bsDivider
 9164 1562 05       		.uleb128 0x5
 9165 1563 9E180000 		.4byte	.LASF348
 9166 1567 3F01     		.2byte	0x13f
 9167 1569 10       		.byte	0x10
 9168 156a AF000000 		.4byte	0xaf
 9169 156e 05       		.uleb128 0x5
 9170 156f 03       		.byte	0x3
 9171 1570 00000000 		.4byte	cpCurrent
 9172 1574 0F       		.uleb128 0xf
 9173 1575 E0020000 		.4byte	.LASF349
 9174 1579 4201     		.2byte	0x142
 9175 157b 13       		.byte	0x13
 9176 157c D1000000 		.4byte	0xd1
 9177 1580 05       		.uleb128 0x5
 9178 1581 03       		.byte	0x3
 9179 1582 00000000 		.4byte	fastlockDivider
 9180 1586 1D       		.uleb128 0x1d
 9181 1587 580D0000 		.4byte	.LASF350
 9182 158b 4401     		.2byte	0x144
 9183 158d 17       		.byte	0x17
 9184 158e D6000000 		.4byte	0xd6
 9185 1592 01       		.byte	0x1
 9186 1593 20       		.uleb128 0x20
 9187 1594 34000000 		.4byte	0x34
 9188 1598 01       		.byte	0x1
 9189 1599 4601     		.2byte	0x146
 9190 159b 06       		.byte	0x6
 9191 159c B3150000 		.4byte	0x15b3
 9192 15a0 04       		.uleb128 0x4
ARM GAS  /tmp/ccRHyJSn.s 			page 168


 9193 15a1 DE0E0000 		.4byte	.LASF351
 9194 15a5 00       		.byte	0
 9195 15a6 04       		.uleb128 0x4
 9196 15a7 C00A0000 		.4byte	.LASF352
 9197 15ab 01       		.byte	0x1
 9198 15ac 04       		.uleb128 0x4
 9199 15ad CC0E0000 		.4byte	.LASF353
 9200 15b1 02       		.byte	0x2
 9201 15b2 00       		.byte	0
 9202 15b3 0F       		.uleb128 0xf
 9203 15b4 E30F0000 		.4byte	.LASF354
 9204 15b8 4A01     		.2byte	0x14a
 9205 15ba 03       		.byte	0x3
 9206 15bb 93150000 		.4byte	0x1593
 9207 15bf 05       		.uleb128 0x5
 9208 15c0 03       		.byte	0x3
 9209 15c1 00000000 		.4byte	clkDivMode
 9210 15c5 20       		.uleb128 0x20
 9211 15c6 34000000 		.4byte	0x34
 9212 15ca 01       		.byte	0x1
 9213 15cb 4C01     		.2byte	0x14c
 9214 15cd 13       		.byte	0x13
 9215 15ce E5150000 		.4byte	0x15e5
 9216 15d2 04       		.uleb128 0x4
 9217 15d3 A40C0000 		.4byte	.LASF355
 9218 15d7 00       		.byte	0
 9219 15d8 04       		.uleb128 0x4
 9220 15d9 370A0000 		.4byte	.LASF356
 9221 15dd 01       		.byte	0x1
 9222 15de 04       		.uleb128 0x4
 9223 15df 550C0000 		.4byte	.LASF357
 9224 15e3 03       		.byte	0x3
 9225 15e4 00       		.byte	0
 9226 15e5 13       		.uleb128 0x13
 9227 15e6 C5150000 		.4byte	0x15c5
 9228 15ea 1D       		.uleb128 0x1d
 9229 15eb C8070000 		.4byte	.LASF358
 9230 15ef 5001     		.2byte	0x150
 9231 15f1 03       		.byte	0x3
 9232 15f2 E5150000 		.4byte	0x15e5
 9233 15f6 01       		.byte	0x1
 9234 15f7 0F       		.uleb128 0xf
 9235 15f8 EE0C0000 		.4byte	.LASF359
 9236 15fc 5201     		.2byte	0x152
 9237 15fe 06       		.byte	0x6
 9238 15ff 00040000 		.4byte	0x400
 9239 1603 05       		.uleb128 0x5
 9240 1604 03       		.byte	0x3
 9241 1605 00000000 		.4byte	refDouble
 9242 1609 1D       		.uleb128 0x1d
 9243 160a 4B180000 		.4byte	.LASF360
 9244 160e 5301     		.2byte	0x153
 9245 1610 13       		.byte	0x13
 9246 1611 07040000 		.4byte	0x407
 9247 1615 00       		.byte	0
 9248 1616 1D       		.uleb128 0x1d
 9249 1617 0C120000 		.4byte	.LASF361
ARM GAS  /tmp/ccRHyJSn.s 			page 169


 9250 161b 5401     		.2byte	0x154
 9251 161d 13       		.byte	0x13
 9252 161e 07040000 		.4byte	0x407
 9253 1622 01       		.byte	0x1
 9254 1623 05       		.uleb128 0x5
 9255 1624 650A0000 		.4byte	.LASF362
 9256 1628 5501     		.2byte	0x155
 9257 162a 0D       		.byte	0xd
 9258 162b 00040000 		.4byte	0x400
 9259 162f 05       		.uleb128 0x5
 9260 1630 03       		.byte	0x3
 9261 1631 00000000 		.4byte	auxEnable
 9262 1635 1D       		.uleb128 0x1d
 9263 1636 16140000 		.4byte	.LASF363
 9264 163a 5601     		.2byte	0x156
 9265 163c 13       		.byte	0x13
 9266 163d 07040000 		.4byte	0x407
 9267 1641 01       		.byte	0x1
 9268 1642 28       		.uleb128 0x28
 9269 1643 4C444600 		.ascii	"LDF\000"
 9270 1647 5801     		.2byte	0x158
 9271 1649 13       		.byte	0x13
 9272 164a 07040000 		.4byte	0x407
 9273 164e 00       		.byte	0
 9274 164f 28       		.uleb128 0x28
 9275 1650 4C445000 		.ascii	"LDP\000"
 9276 1654 5901     		.2byte	0x159
 9277 1656 13       		.byte	0x13
 9278 1657 07040000 		.4byte	0x407
 9279 165b 01       		.byte	0x1
 9280 165c 28       		.uleb128 0x28
 9281 165d 4C445300 		.ascii	"LDS\000"
 9282 1661 5A01     		.2byte	0x15a
 9283 1663 13       		.byte	0x13
 9284 1664 07040000 		.4byte	0x407
 9285 1668 01       		.byte	0x1
 9286 1669 20       		.uleb128 0x20
 9287 166a 34000000 		.4byte	0x34
 9288 166e 01       		.byte	0x1
 9289 166f 5C01     		.2byte	0x15c
 9290 1671 0D       		.byte	0xd
 9291 1672 89160000 		.4byte	0x1689
 9292 1676 04       		.uleb128 0x4
 9293 1677 BA1B0000 		.4byte	.LASF364
 9294 167b 00       		.byte	0
 9295 167c 04       		.uleb128 0x4
 9296 167d 45040000 		.4byte	.LASF365
 9297 1681 02       		.byte	0x2
 9298 1682 04       		.uleb128 0x4
 9299 1683 52040000 		.4byte	.LASF366
 9300 1687 03       		.byte	0x3
 9301 1688 00       		.byte	0
 9302 1689 2F       		.uleb128 0x2f
 9303 168a EE080000 		.4byte	.LASF368
 9304 168e 6001     		.2byte	0x160
 9305 1690 03       		.byte	0x3
 9306 1691 69160000 		.4byte	0x1669
ARM GAS  /tmp/ccRHyJSn.s 			page 170


 9307 1695 20       		.uleb128 0x20
 9308 1696 34000000 		.4byte	0x34
 9309 169a 01       		.byte	0x1
 9310 169b 6801     		.2byte	0x168
 9311 169d 13       		.byte	0x13
 9312 169e BB160000 		.4byte	0x16bb
 9313 16a2 04       		.uleb128 0x4
 9314 16a3 011E0000 		.4byte	.LASF369
 9315 16a7 00       		.byte	0
 9316 16a8 04       		.uleb128 0x4
 9317 16a9 21000000 		.4byte	.LASF370
 9318 16ad 01       		.byte	0x1
 9319 16ae 04       		.uleb128 0x4
 9320 16af 540A0000 		.4byte	.LASF371
 9321 16b3 02       		.byte	0x2
 9322 16b4 04       		.uleb128 0x4
 9323 16b5 F4000000 		.4byte	.LASF372
 9324 16b9 03       		.byte	0x3
 9325 16ba 00       		.byte	0
 9326 16bb 13       		.uleb128 0x13
 9327 16bc 95160000 		.4byte	0x1695
 9328 16c0 1D       		.uleb128 0x1d
 9329 16c1 F3180000 		.4byte	.LASF373
 9330 16c5 6D01     		.2byte	0x16d
 9331 16c7 03       		.byte	0x3
 9332 16c8 BB160000 		.4byte	0x16bb
 9333 16cc 00       		.byte	0
 9334 16cd 20       		.uleb128 0x20
 9335 16ce 34000000 		.4byte	0x34
 9336 16d2 01       		.byte	0x1
 9337 16d3 6F01     		.2byte	0x16f
 9338 16d5 0C       		.byte	0xc
 9339 16d6 F3160000 		.4byte	0x16f3
 9340 16da 04       		.uleb128 0x4
 9341 16db C0100000 		.4byte	.LASF374
 9342 16df 00       		.byte	0
 9343 16e0 04       		.uleb128 0x4
 9344 16e1 43000000 		.4byte	.LASF375
 9345 16e5 01       		.byte	0x1
 9346 16e6 04       		.uleb128 0x4
 9347 16e7 9E0B0000 		.4byte	.LASF376
 9348 16eb 02       		.byte	0x2
 9349 16ec 04       		.uleb128 0x4
 9350 16ed D9130000 		.4byte	.LASF377
 9351 16f1 03       		.byte	0x3
 9352 16f2 00       		.byte	0
 9353 16f3 13       		.uleb128 0x13
 9354 16f4 CD160000 		.4byte	0x16cd
 9355 16f8 0F       		.uleb128 0xf
 9356 16f9 95050000 		.4byte	.LASF378
 9357 16fd 7401     		.2byte	0x174
 9358 16ff 03       		.byte	0x3
 9359 1700 F3160000 		.4byte	0x16f3
 9360 1704 05       		.uleb128 0x5
 9361 1705 03       		.byte	0x3
 9362 1706 00000000 		.4byte	CP_Mode
 9363 170a 0F       		.uleb128 0xf
ARM GAS  /tmp/ccRHyJSn.s 			page 171


 9364 170b 7B080000 		.4byte	.LASF379
 9365 170f 7901     		.2byte	0x179
 9366 1711 06       		.byte	0x6
 9367 1712 00040000 		.4byte	0x400
 9368 1716 05       		.uleb128 0x5
 9369 1717 03       		.byte	0x3
 9370 1718 00000000 		.4byte	ADF4351_dirty
 9371 171c 0F       		.uleb128 0xf
 9372 171d B80D0000 		.4byte	.LASF380
 9373 1721 0902     		.2byte	0x209
 9374 1723 08       		.byte	0x8
 9375 1724 30050000 		.4byte	0x530
 9376 1728 05       		.uleb128 0x5
 9377 1729 03       		.byte	0x3
 9378 172a 00000000 		.4byte	xtal
 9379 172e 1C       		.uleb128 0x1c
 9380 172f 5E110000 		.4byte	0x115e
 9381 1733 A904     		.2byte	0x4a9
 9382 1735 06       		.byte	0x6
 9383 1736 05       		.uleb128 0x5
 9384 1737 03       		.byte	0x3
 9385 1738 00000000 		.4byte	SI4463_frequency_changed
 9386 173c 1C       		.uleb128 0x1c
 9387 173d 6A110000 		.4byte	0x116a
 9388 1741 AA04     		.2byte	0x4aa
 9389 1743 06       		.byte	0x6
 9390 1744 05       		.uleb128 0x5
 9391 1745 03       		.byte	0x3
 9392 1746 00000000 		.4byte	SI4463_offset_changed
 9393 174a 0F       		.uleb128 0xf
 9394 174b E2060000 		.4byte	.LASF381
 9395 174f AB04     		.2byte	0x4ab
 9396 1751 05       		.byte	0x5
 9397 1752 42000000 		.4byte	0x42
 9398 1756 05       		.uleb128 0x5
 9399 1757 03       		.byte	0x3
 9400 1758 00000000 		.4byte	SI4463_offset_value
 9401 175c 1C       		.uleb128 0x1c
 9402 175d B3100000 		.4byte	0x10b3
 9403 1761 AC04     		.2byte	0x4ac
 9404 1763 09       		.byte	0x9
 9405 1764 05       		.uleb128 0x5
 9406 1765 03       		.byte	0x3
 9407 1766 00000000 		.4byte	SI4463_rbw_selected
 9408 176a 05       		.uleb128 0x5
 9409 176b D6150000 		.4byte	.LASF382
 9410 176f AE04     		.2byte	0x4ae
 9411 1771 0C       		.byte	0xc
 9412 1772 42000000 		.4byte	0x42
 9413 1776 05       		.uleb128 0x5
 9414 1777 03       		.byte	0x3
 9415 1778 00000000 		.4byte	SI4463_band
 9416 177c 05       		.uleb128 0x5
 9417 177d 250C0000 		.4byte	.LASF383
 9418 1781 B104     		.2byte	0x4b1
 9419 1783 10       		.byte	0x10
 9420 1784 AF000000 		.4byte	0xaf
ARM GAS  /tmp/ccRHyJSn.s 			page 172


 9421 1788 05       		.uleb128 0x5
 9422 1789 03       		.byte	0x3
 9423 178a 00000000 		.4byte	SI4463_channel
 9424 178e 05       		.uleb128 0x5
 9425 178f 15120000 		.4byte	.LASF384
 9426 1793 B204     		.2byte	0x4b2
 9427 1795 10       		.byte	0x10
 9428 1796 AF000000 		.4byte	0xaf
 9429 179a 05       		.uleb128 0x5
 9430 179b 03       		.byte	0x3
 9431 179c 00000000 		.4byte	SI4463_in_tx_mode
 9432 17a0 05       		.uleb128 0x5
 9433 17a1 62190000 		.4byte	.LASF385
 9434 17a5 B404     		.2byte	0x4b4
 9435 17a7 0C       		.byte	0xc
 9436 17a8 42000000 		.4byte	0x42
 9437 17ac 05       		.uleb128 0x5
 9438 17ad 03       		.byte	0x3
 9439 17ae 00000000 		.4byte	SI4463_output_level
 9440 17b2 0A       		.uleb128 0xa
 9441 17b3 AF000000 		.4byte	0xaf
 9442 17b7 C2170000 		.4byte	0x17c2
 9443 17bb 09       		.uleb128 0x9
 9444 17bc 2D000000 		.4byte	0x2d
 9445 17c0 01       		.byte	0x1
 9446 17c1 00       		.byte	0
 9447 17c2 0A       		.uleb128 0xa
 9448 17c3 C0000000 		.4byte	0xc0
 9449 17c7 D3170000 		.4byte	0x17d3
 9450 17cb 3E       		.uleb128 0x3e
 9451 17cc 2D000000 		.4byte	0x2d
 9452 17d0 1202     		.2byte	0x212
 9453 17d2 00       		.byte	0
 9454 17d3 13       		.uleb128 0x13
 9455 17d4 C2170000 		.4byte	0x17c2
 9456 17d8 05       		.uleb128 0x5
 9457 17d9 CB1C0000 		.4byte	.LASF386
 9458 17dd B805     		.2byte	0x5b8
 9459 17df 16       		.byte	0x16
 9460 17e0 D3170000 		.4byte	0x17d3
 9461 17e4 05       		.uleb128 0x5
 9462 17e5 03       		.byte	0x3
 9463 17e6 00000000 		.4byte	SI4468_config
 9464 17ea 0A       		.uleb128 0xa
 9465 17eb AF000000 		.4byte	0xaf
 9466 17ef FA170000 		.4byte	0x17fa
 9467 17f3 09       		.uleb128 0x9
 9468 17f4 2D000000 		.4byte	0x2d
 9469 17f8 04       		.byte	0x4
 9470 17f9 00       		.byte	0
 9471 17fa 05       		.uleb128 0x5
 9472 17fb B7180000 		.4byte	.LASF387
 9473 17ff C405     		.2byte	0x5c4
 9474 1801 10       		.byte	0x10
 9475 1802 EA170000 		.4byte	0x17ea
 9476 1806 05       		.uleb128 0x5
 9477 1807 03       		.byte	0x3
ARM GAS  /tmp/ccRHyJSn.s 			page 173


 9478 1808 00000000 		.4byte	gpio_state
 9479 180c 1C       		.uleb128 0x1c
 9480 180d 91130000 		.4byte	0x1391
 9481 1811 A406     		.2byte	0x6a4
 9482 1813 0F       		.byte	0xf
 9483 1814 05       		.uleb128 0x5
 9484 1815 03       		.byte	0x3
 9485 1816 00000000 		.4byte	SI4463_info
 9486 181a 0F       		.uleb128 0xf
 9487 181b 0A100000 		.4byte	.LASF388
 9488 181f BD06     		.2byte	0x6bd
 9489 1821 07       		.byte	0x7
 9490 1822 49000000 		.4byte	0x49
 9491 1826 05       		.uleb128 0x5
 9492 1827 03       		.byte	0x3
 9493 1828 00000000 		.4byte	old_temp
 9494 182c 05       		.uleb128 0x5
 9495 182d 430D0000 		.4byte	.LASF389
 9496 1831 1C07     		.2byte	0x71c
 9497 1833 0D       		.byte	0xd
 9498 1834 00040000 		.4byte	0x400
 9499 1838 05       		.uleb128 0x5
 9500 1839 03       		.byte	0x3
 9501 183a 00000000 		.4byte	SI4463_offset_active
 9502 183e 0A       		.uleb128 0xa
 9503 183f BF100000 		.4byte	0x10bf
 9504 1843 4F180000 		.4byte	0x184f
 9505 1847 3E       		.uleb128 0x3e
 9506 1848 2D000000 		.4byte	0x2d
 9507 184c C101     		.2byte	0x1c1
 9508 184e 00       		.byte	0
 9509 184f 3A       		.uleb128 0x3a
 9510 1850 61676500 		.ascii	"age\000"
 9511 1854 01       		.byte	0x1
 9512 1855 4007     		.2byte	0x740
 9513 1857 15       		.byte	0x15
 9514 1858 3E180000 		.4byte	0x183e
 9515 185c 05       		.uleb128 0x5
 9516 185d 891C0000 		.4byte	.LASF390
 9517 1861 4107     		.2byte	0x741
 9518 1863 0C       		.byte	0xc
 9519 1864 42000000 		.4byte	0x42
 9520 1868 05       		.uleb128 0x5
 9521 1869 03       		.byte	0x3
 9522 186a 00000000 		.4byte	buf_index
 9523 186e 05       		.uleb128 0x5
 9524 186f 0C0E0000 		.4byte	.LASF391
 9525 1873 4207     		.2byte	0x742
 9526 1875 11       		.byte	0x11
 9527 1876 C5000000 		.4byte	0xc5
 9528 187a 05       		.uleb128 0x5
 9529 187b 03       		.byte	0x3
 9530 187c 00000000 		.4byte	buf_end
 9531 1880 05       		.uleb128 0x5
 9532 1881 EE0F0000 		.4byte	.LASF392
 9533 1885 4307     		.2byte	0x743
 9534 1887 0E       		.byte	0xe
ARM GAS  /tmp/ccRHyJSn.s 			page 174


 9535 1888 00040000 		.4byte	0x400
 9536 188c 05       		.uleb128 0x5
 9537 188d 03       		.byte	0x3
 9538 188e 00000000 		.4byte	buf_read
 9539 1892 20       		.uleb128 0x20
 9540 1893 34000000 		.4byte	0x34
 9541 1897 01       		.byte	0x1
 9542 1898 9707     		.2byte	0x797
 9543 189a 06       		.byte	0x6
 9544 189b B2180000 		.4byte	0x18b2
 9545 189f 04       		.uleb128 0x4
 9546 18a0 591A0000 		.4byte	.LASF393
 9547 18a4 00       		.byte	0
 9548 18a5 04       		.uleb128 0x4
 9549 18a6 C71A0000 		.4byte	.LASF394
 9550 18aa 01       		.byte	0x1
 9551 18ab 04       		.uleb128 0x4
 9552 18ac FC030000 		.4byte	.LASF395
 9553 18b0 02       		.byte	0x2
 9554 18b1 00       		.byte	0
 9555 18b2 0A       		.uleb128 0xa
 9556 18b3 C0000000 		.4byte	0xc0
 9557 18b7 C2180000 		.4byte	0x18c2
 9558 18bb 09       		.uleb128 0x9
 9559 18bc 2D000000 		.4byte	0x2d
 9560 18c0 20       		.byte	0x20
 9561 18c1 00       		.byte	0
 9562 18c2 13       		.uleb128 0x13
 9563 18c3 B2180000 		.4byte	0x18b2
 9564 18c7 0F       		.uleb128 0xf
 9565 18c8 9A080000 		.4byte	.LASF396
 9566 18cc 2C08     		.2byte	0x82c
 9567 18ce 0F       		.byte	0xf
 9568 18cf C2180000 		.4byte	0x18c2
 9569 18d3 05       		.uleb128 0x5
 9570 18d4 03       		.byte	0x3
 9571 18d5 00000000 		.4byte	dBm_to_volt
 9572 18d9 05       		.uleb128 0x5
 9573 18da F61A0000 		.4byte	.LASF397
 9574 18de 5008     		.2byte	0x850
 9575 18e0 10       		.byte	0x10
 9576 18e1 90000000 		.4byte	0x90
 9577 18e5 05       		.uleb128 0x5
 9578 18e6 03       		.byte	0x3
 9579 18e7 00000000 		.4byte	RSSI_RAW
 9580 18eb 0A       		.uleb128 0xa
 9581 18ec C0000000 		.4byte	0xc0
 9582 18f0 FB180000 		.4byte	0x18fb
 9583 18f4 09       		.uleb128 0x9
 9584 18f5 2D000000 		.4byte	0x2d
 9585 18f9 64       		.byte	0x64
 9586 18fa 00       		.byte	0
 9587 18fb 13       		.uleb128 0x13
 9588 18fc EB180000 		.4byte	0x18eb
 9589 1900 05       		.uleb128 0x5
 9590 1901 32090000 		.4byte	.LASF398
 9591 1905 DE08     		.2byte	0x8de
ARM GAS  /tmp/ccRHyJSn.s 			page 175


 9592 1907 16       		.byte	0x16
 9593 1908 FB180000 		.4byte	0x18fb
 9594 190c 05       		.uleb128 0x5
 9595 190d 03       		.byte	0x3
 9596 190e 00000000 		.4byte	SI4463_RBW_02kHz
 9597 1912 05       		.uleb128 0x5
 9598 1913 8C1D0000 		.4byte	.LASF399
 9599 1917 E708     		.2byte	0x8e7
 9600 1919 16       		.byte	0x16
 9601 191a FB180000 		.4byte	0x18fb
 9602 191e 05       		.uleb128 0x5
 9603 191f 03       		.byte	0x3
 9604 1920 00000000 		.4byte	SI4463_RBW_1kHz
 9605 1924 05       		.uleb128 0x5
 9606 1925 931C0000 		.4byte	.LASF400
 9607 1929 EF08     		.2byte	0x8ef
 9608 192b 16       		.byte	0x16
 9609 192c FB180000 		.4byte	0x18fb
 9610 1930 05       		.uleb128 0x5
 9611 1931 03       		.byte	0x3
 9612 1932 00000000 		.4byte	SI4463_RBW_3kHz
 9613 1936 05       		.uleb128 0x5
 9614 1937 9A130000 		.4byte	.LASF401
 9615 193b F708     		.2byte	0x8f7
 9616 193d 16       		.byte	0x16
 9617 193e FB180000 		.4byte	0x18fb
 9618 1942 05       		.uleb128 0x5
 9619 1943 03       		.byte	0x3
 9620 1944 00000000 		.4byte	SI4463_RBW_10kHz
 9621 1948 05       		.uleb128 0x5
 9622 1949 5B080000 		.4byte	.LASF402
 9623 194d FF08     		.2byte	0x8ff
 9624 194f 16       		.byte	0x16
 9625 1950 FB180000 		.4byte	0x18fb
 9626 1954 05       		.uleb128 0x5
 9627 1955 03       		.byte	0x3
 9628 1956 00000000 		.4byte	SI4463_RBW_30kHz
 9629 195a 05       		.uleb128 0x5
 9630 195b F0130000 		.4byte	.LASF403
 9631 195f 0709     		.2byte	0x907
 9632 1961 16       		.byte	0x16
 9633 1962 FB180000 		.4byte	0x18fb
 9634 1966 05       		.uleb128 0x5
 9635 1967 03       		.byte	0x3
 9636 1968 00000000 		.4byte	SI4463_RBW_100kHz
 9637 196c 05       		.uleb128 0x5
 9638 196d B5020000 		.4byte	.LASF404
 9639 1971 1009     		.2byte	0x910
 9640 1973 16       		.byte	0x16
 9641 1974 FB180000 		.4byte	0x18fb
 9642 1978 05       		.uleb128 0x5
 9643 1979 03       		.byte	0x3
 9644 197a 00000000 		.4byte	SI4463_RBW_300kHz
 9645 197e 05       		.uleb128 0x5
 9646 197f 110F0000 		.4byte	.LASF405
 9647 1983 1909     		.2byte	0x919
 9648 1985 16       		.byte	0x16
ARM GAS  /tmp/ccRHyJSn.s 			page 176


 9649 1986 FB180000 		.4byte	0x18fb
 9650 198a 05       		.uleb128 0x5
 9651 198b 03       		.byte	0x3
 9652 198c 00000000 		.4byte	SI4463_RBW_600kHz
 9653 1990 05       		.uleb128 0x5
 9654 1991 E81D0000 		.4byte	.LASF406
 9655 1995 2209     		.2byte	0x922
 9656 1997 16       		.byte	0x16
 9657 1998 FB180000 		.4byte	0x18fb
 9658 199c 05       		.uleb128 0x5
 9659 199d 03       		.byte	0x3
 9660 199e 00000000 		.4byte	SI4463_RBW_850kHz
 9661 19a2 1F       		.uleb128 0x1f
 9662 19a3 0C       		.byte	0xc
 9663 19a4 01       		.byte	0x1
 9664 19a5 2909     		.2byte	0x929
 9665 19a7 E4190000 		.4byte	0x19e4
 9666 19ab 10       		.uleb128 0x10
 9667 19ac 72656700 		.ascii	"reg\000"
 9668 19b0 01       		.byte	0x1
 9669 19b1 2A09     		.2byte	0x92a
 9670 19b3 13       		.byte	0x13
 9671 19b4 F6030000 		.4byte	0x3f6
 9672 19b8 00       		.byte	0
 9673 19b9 03       		.uleb128 0x3
 9674 19ba 1C180000 		.4byte	.LASF407
 9675 19be 01       		.byte	0x1
 9676 19bf 2B09     		.2byte	0x92b
 9677 19c1 0D       		.byte	0xd
 9678 19c2 7D000000 		.4byte	0x7d
 9679 19c6 04       		.byte	0x4
 9680 19c7 03       		.uleb128 0x3
 9681 19c8 980E0000 		.4byte	.LASF408
 9682 19cc 01       		.byte	0x1
 9683 19cd 2C09     		.2byte	0x92c
 9684 19cf 0B       		.byte	0xb
 9685 19d0 7D000000 		.4byte	0x7d
 9686 19d4 06       		.byte	0x6
 9687 19d5 03       		.uleb128 0x3
 9688 19d6 A0020000 		.4byte	.LASF409
 9689 19da 01       		.byte	0x1
 9690 19db 2D09     		.2byte	0x92d
 9691 19dd 0B       		.byte	0xb
 9692 19de 7D000000 		.4byte	0x7d
 9693 19e2 08       		.byte	0x8
 9694 19e3 00       		.byte	0
 9695 19e4 16       		.uleb128 0x16
 9696 19e5 F80C0000 		.4byte	.LASF410
 9697 19e9 01       		.byte	0x1
 9698 19ea 2E09     		.2byte	0x92e
 9699 19ec 02       		.byte	0x2
 9700 19ed A2190000 		.4byte	0x19a2
 9701 19f1 13       		.uleb128 0x13
 9702 19f2 E4190000 		.4byte	0x19e4
 9703 19f6 0A       		.uleb128 0xa
 9704 19f7 F1190000 		.4byte	0x19f1
 9705 19fb 061A0000 		.4byte	0x1a06
ARM GAS  /tmp/ccRHyJSn.s 			page 177


 9706 19ff 09       		.uleb128 0x9
 9707 1a00 2D000000 		.4byte	0x2d
 9708 1a04 08       		.byte	0x8
 9709 1a05 00       		.byte	0
 9710 1a06 13       		.uleb128 0x13
 9711 1a07 F6190000 		.4byte	0x19f6
 9712 1a0b 05       		.uleb128 0x5
 9713 1a0c B5080000 		.4byte	.LASF411
 9714 1a10 3009     		.2byte	0x930
 9715 1a12 14       		.byte	0x14
 9716 1a13 061A0000 		.4byte	0x1a06
 9717 1a17 05       		.uleb128 0x5
 9718 1a18 03       		.byte	0x3
 9719 1a19 00000000 		.4byte	RBW_choices
 9720 1a1d 1C       		.uleb128 0x1c
 9721 1a1e 2F110000 		.4byte	0x112f
 9722 1a22 4C09     		.2byte	0x94c
 9723 1a24 0F       		.byte	0xf
 9724 1a25 05       		.uleb128 0x5
 9725 1a26 03       		.byte	0x3
 9726 1a27 00000000 		.4byte	SI4432_RBW_count
 9727 1a2b 05       		.uleb128 0x5
 9728 1a2c 82180000 		.4byte	.LASF412
 9729 1a30 4E09     		.2byte	0x94e
 9730 1a32 13       		.byte	0x13
 9731 1a33 CC100000 		.4byte	0x10cc
 9732 1a37 05       		.uleb128 0x5
 9733 1a38 03       		.byte	0x3
 9734 1a39 00000000 		.4byte	SI4463_RSSI_correction
 9735 1a3d 0F       		.uleb128 0xf
 9736 1a3e 78110000 		.4byte	.LASF413
 9737 1a42 4F09     		.2byte	0x94f
 9738 1a44 06       		.byte	0x6
 9739 1a45 00040000 		.4byte	0x400
 9740 1a49 05       		.uleb128 0x5
 9741 1a4a 03       		.byte	0x3
 9742 1a4b 00000000 		.4byte	SI4463_RSSI_correction_enabled
 9743 1a4f 1C       		.uleb128 0x1c
 9744 1a50 76110000 		.4byte	0x1176
 9745 1a54 5009     		.2byte	0x950
 9746 1a56 09       		.byte	0x9
 9747 1a57 05       		.uleb128 0x5
 9748 1a58 03       		.byte	0x3
 9749 1a59 00000000 		.4byte	SI4463_noise_correction_x10
 9750 1a5d 05       		.uleb128 0x5
 9751 1a5e D81B0000 		.4byte	.LASF414
 9752 1a62 5109     		.2byte	0x951
 9753 1a64 0C       		.byte	0xc
 9754 1a65 42000000 		.4byte	0x42
 9755 1a69 05       		.uleb128 0x5
 9756 1a6a 03       		.byte	0x3
 9757 1a6b 00000000 		.4byte	prev_band
 9758 1a6f 30       		.uleb128 0x30
 9759 1a70 D91C0000 		.4byte	.LASF415
 9760 1a74 0D       		.byte	0xd
 9761 1a75 B204     		.2byte	0x4b2
 9762 1a77 06       		.byte	0x6
ARM GAS  /tmp/ccRHyJSn.s 			page 178


 9763 1a78 8C1A0000 		.4byte	0x1a8c
 9764 1a7c 18       		.uleb128 0x18
 9765 1a7d E5030000 		.4byte	0x3e5
 9766 1a81 18       		.uleb128 0x18
 9767 1a82 42000000 		.4byte	0x42
 9768 1a86 18       		.uleb128 0x18
 9769 1a87 42000000 		.4byte	0x42
 9770 1a8b 00       		.byte	0
 9771 1a8c 31       		.uleb128 0x31
 9772 1a8d D0090000 		.4byte	.LASF416
 9773 1a91 10       		.byte	0x10
 9774 1a92 52       		.byte	0x52
 9775 1a93 A71A0000 		.4byte	0x1aa7
 9776 1a97 18       		.uleb128 0x18
 9777 1a98 42000000 		.4byte	0x42
 9778 1a9c 18       		.uleb128 0x18
 9779 1a9d 42000000 		.4byte	0x42
 9780 1aa1 18       		.uleb128 0x18
 9781 1aa2 AF000000 		.4byte	0xaf
 9782 1aa6 00       		.byte	0
 9783 1aa7 4D       		.uleb128 0x4d
 9784 1aa8 4C1E0000 		.4byte	.LASF549
 9785 1aac 10       		.byte	0x10
 9786 1aad 51       		.byte	0x51
 9787 1aae 06       		.byte	0x6
 9788 1aaf 00040000 		.4byte	0x400
 9789 1ab3 30       		.uleb128 0x30
 9790 1ab4 3B0E0000 		.4byte	.LASF417
 9791 1ab8 11       		.byte	0x11
 9792 1ab9 0001     		.2byte	0x100
 9793 1abb 08       		.byte	0x8
 9794 1abc C61A0000 		.4byte	0x1ac6
 9795 1ac0 18       		.uleb128 0x18
 9796 1ac1 04010000 		.4byte	0x104
 9797 1ac5 00       		.byte	0
 9798 1ac6 4E       		.uleb128 0x4e
 9799 1ac7 431A0000 		.4byte	.LASF550
 9800 1acb 0D       		.byte	0xd
 9801 1acc FF01     		.2byte	0x1ff
 9802 1ace 06       		.byte	0x6
 9803 1acf 31       		.uleb128 0x31
 9804 1ad0 1A0B0000 		.4byte	.LASF418
 9805 1ad4 10       		.byte	0x10
 9806 1ad5 54       		.byte	0x54
 9807 1ad6 EF1A0000 		.4byte	0x1aef
 9808 1ada 18       		.uleb128 0x18
 9809 1adb 42000000 		.4byte	0x42
 9810 1adf 18       		.uleb128 0x18
 9811 1ae0 42000000 		.4byte	0x42
 9812 1ae4 18       		.uleb128 0x18
 9813 1ae5 42000000 		.4byte	0x42
 9814 1ae9 18       		.uleb128 0x18
 9815 1aea AF000000 		.4byte	0xaf
 9816 1aee 00       		.byte	0
 9817 1aef 30       		.uleb128 0x30
 9818 1af0 DE180000 		.4byte	.LASF419
 9819 1af4 0D       		.byte	0xd
ARM GAS  /tmp/ccRHyJSn.s 			page 179


 9820 1af5 1F01     		.2byte	0x11f
 9821 1af7 06       		.byte	0x6
 9822 1af8 021B0000 		.4byte	0x1b02
 9823 1afc 18       		.uleb128 0x18
 9824 1afd 42000000 		.4byte	0x42
 9825 1b01 00       		.byte	0
 9826 1b02 31       		.uleb128 0x31
 9827 1b03 76120000 		.4byte	.LASF420
 9828 1b07 12       		.byte	0x12
 9829 1b08 66       		.byte	0x66
 9830 1b09 131B0000 		.4byte	0x1b13
 9831 1b0d 18       		.uleb128 0x18
 9832 1b0e C5000000 		.4byte	0xc5
 9833 1b12 00       		.byte	0
 9834 1b13 07       		.uleb128 0x7
 9835 1b14 DD110000 		.4byte	.LASF422
 9836 1b18 A20A     		.2byte	0xaa2
 9837 1b1a 00000000 		.4byte	.LFB306
 9838 1b1e 20000000 		.4byte	.LFE306-.LFB306
 9839 1b22 01       		.uleb128 0x1
 9840 1b23 9C       		.byte	0x9c
 9841 1b24 5C1B0000 		.4byte	0x1b5c
 9842 1b28 0C       		.uleb128 0xc
 9843 1b29 7300     		.ascii	"s\000"
 9844 1b2b A20A     		.2byte	0xaa2
 9845 1b2d 18       		.byte	0x18
 9846 1b2e 42000000 		.4byte	0x42
 9847 1b32 14000000 		.4byte	.LLST114
 9848 1b36 0C000000 		.4byte	.LVUS114
 9849 1b3a 05       		.uleb128 0x5
 9850 1b3b A4070000 		.4byte	.LASF421
 9851 1b3f A40A     		.2byte	0xaa4
 9852 1b41 0E       		.byte	0xe
 9853 1b42 42000000 		.4byte	0x42
 9854 1b46 05       		.uleb128 0x5
 9855 1b47 03       		.byte	0x3
 9856 1b48 00000000 		.4byte	old_direct.0
 9857 1b4c 1A       		.uleb128 0x1a
 9858 1b4d 14000000 		.4byte	.LVL369
 9859 1b51 C22B0000 		.4byte	0x2bc2
 9860 1b55 01       		.uleb128 0x1
 9861 1b56 01       		.uleb128 0x1
 9862 1b57 50       		.byte	0x50
 9863 1b58 01       		.uleb128 0x1
 9864 1b59 34       		.byte	0x34
 9865 1b5a 00       		.byte	0
 9866 1b5b 00       		.byte	0
 9867 1b5c 07       		.uleb128 0x7
 9868 1b5d 7A050000 		.4byte	.LASF423
 9869 1b61 990A     		.2byte	0xa99
 9870 1b63 00000000 		.4byte	.LFB305
 9871 1b67 1A000000 		.4byte	.LFE305-.LFB305
 9872 1b6b 01       		.uleb128 0x1
 9873 1b6c 9C       		.byte	0x9c
 9874 1b6d D51B0000 		.4byte	0x1bd5
 9875 1b71 0C       		.uleb128 0xc
 9876 1b72 6600     		.ascii	"f\000"
ARM GAS  /tmp/ccRHyJSn.s 			page 180


 9877 1b74 990A     		.2byte	0xa99
 9878 1b76 1C       		.byte	0x1c
 9879 1b77 42000000 		.4byte	0x42
 9880 1b7b 41000000 		.4byte	.LLST112
 9881 1b7f 3B000000 		.4byte	.LVUS112
 9882 1b83 0C       		.uleb128 0xc
 9883 1b84 7400     		.ascii	"t\000"
 9884 1b86 990A     		.2byte	0xa99
 9885 1b88 23       		.byte	0x23
 9886 1b89 42000000 		.4byte	0x42
 9887 1b8d 67000000 		.4byte	.LLST113
 9888 1b91 5F000000 		.4byte	.LVUS113
 9889 1b95 08       		.uleb128 0x8
 9890 1b96 0A000000 		.4byte	.LVL363
 9891 1b9a C72F0000 		.4byte	0x2fc7
 9892 1b9e A91B0000 		.4byte	0x1ba9
 9893 1ba2 01       		.uleb128 0x1
 9894 1ba3 01       		.uleb128 0x1
 9895 1ba4 50       		.byte	0x50
 9896 1ba5 02       		.uleb128 0x2
 9897 1ba6 75       		.byte	0x75
 9898 1ba7 00       		.sleb128 0
 9899 1ba8 00       		.byte	0
 9900 1ba9 08       		.uleb128 0x8
 9901 1baa 10000000 		.4byte	.LVL364
 9902 1bae 862F0000 		.4byte	0x2f86
 9903 1bb2 BD1B0000 		.4byte	0x1bbd
 9904 1bb6 01       		.uleb128 0x1
 9905 1bb7 01       		.uleb128 0x1
 9906 1bb8 50       		.byte	0x50
 9907 1bb9 02       		.uleb128 0x2
 9908 1bba 75       		.byte	0x75
 9909 1bbb 00       		.sleb128 0
 9910 1bbc 00       		.byte	0
 9911 1bbd 1A       		.uleb128 0x1a
 9912 1bbe 1A000000 		.4byte	.LVL366
 9913 1bc2 08300000 		.4byte	0x3008
 9914 1bc6 01       		.uleb128 0x1
 9915 1bc7 01       		.uleb128 0x1
 9916 1bc8 50       		.byte	0x50
 9917 1bc9 09       		.uleb128 0x9
 9918 1bca A3       		.byte	0xa3
 9919 1bcb 03       		.uleb128 0x3
 9920 1bcc A5       		.byte	0xa5
 9921 1bcd 01       		.uleb128 0x1
 9922 1bce 26       		.uleb128 0x26
 9923 1bcf A8       		.byte	0xa8
 9924 1bd0 2D       		.uleb128 0x2d
 9925 1bd1 A8       		.byte	0xa8
 9926 1bd2 00       		.uleb128 0
 9927 1bd3 00       		.byte	0
 9928 1bd4 00       		.byte	0
 9929 1bd5 07       		.uleb128 0x7
 9930 1bd6 C4120000 		.4byte	.LASF424
 9931 1bda 860A     		.2byte	0xa86
 9932 1bdc 00000000 		.4byte	.LFB304
 9933 1be0 20000000 		.4byte	.LFE304-.LFB304
ARM GAS  /tmp/ccRHyJSn.s 			page 181


 9934 1be4 01       		.uleb128 0x1
 9935 1be5 9C       		.byte	0x9c
 9936 1be6 1E1C0000 		.4byte	0x1c1e
 9937 1bea 0C       		.uleb128 0xc
 9938 1beb 7300     		.ascii	"s\000"
 9939 1bed 860A     		.2byte	0xa86
 9940 1bef 16       		.byte	0x16
 9941 1bf0 42000000 		.4byte	0x42
 9942 1bf4 92000000 		.4byte	.LLST111
 9943 1bf8 8A000000 		.4byte	.LVUS111
 9944 1bfc 05       		.uleb128 0x5
 9945 1bfd 831D0000 		.4byte	.LASF425
 9946 1c01 880A     		.2byte	0xa88
 9947 1c03 0C       		.byte	0xc
 9948 1c04 42000000 		.4byte	0x42
 9949 1c08 05       		.uleb128 0x5
 9950 1c09 03       		.byte	0x3
 9951 1c0a 00000000 		.4byte	old_high.1
 9952 1c0e 1A       		.uleb128 0x1a
 9953 1c0f 14000000 		.4byte	.LVL361
 9954 1c13 C22B0000 		.4byte	0x2bc2
 9955 1c17 01       		.uleb128 0x1
 9956 1c18 01       		.uleb128 0x1
 9957 1c19 50       		.byte	0x50
 9958 1c1a 01       		.uleb128 0x1
 9959 1c1b 32       		.byte	0x32
 9960 1c1c 00       		.byte	0
 9961 1c1d 00       		.byte	0
 9962 1c1e 07       		.uleb128 0x7
 9963 1c1f 7D150000 		.4byte	.LASF426
 9964 1c23 7A0A     		.2byte	0xa7a
 9965 1c25 00000000 		.4byte	.LFB303
 9966 1c29 20000000 		.4byte	.LFE303-.LFB303
 9967 1c2d 01       		.uleb128 0x1
 9968 1c2e 9C       		.byte	0x9c
 9969 1c2f 671C0000 		.4byte	0x1c67
 9970 1c33 0C       		.uleb128 0xc
 9971 1c34 7300     		.ascii	"s\000"
 9972 1c36 7A0A     		.2byte	0xa7a
 9973 1c38 1B       		.byte	0x1b
 9974 1c39 42000000 		.4byte	0x42
 9975 1c3d C1000000 		.4byte	.LLST110
 9976 1c41 B9000000 		.4byte	.LVUS110
 9977 1c45 05       		.uleb128 0x5
 9978 1c46 1C100000 		.4byte	.LASF427
 9979 1c4a 7C0A     		.2byte	0xa7c
 9980 1c4c 0C       		.byte	0xc
 9981 1c4d 42000000 		.4byte	0x42
 9982 1c51 05       		.uleb128 0x5
 9983 1c52 03       		.byte	0x3
 9984 1c53 00000000 		.4byte	old_rx_mode.2
 9985 1c57 1A       		.uleb128 0x1a
 9986 1c58 14000000 		.4byte	.LVL358
 9987 1c5c C22B0000 		.4byte	0x2bc2
 9988 1c60 01       		.uleb128 0x1
 9989 1c61 01       		.uleb128 0x1
 9990 1c62 50       		.byte	0x50
ARM GAS  /tmp/ccRHyJSn.s 			page 182


 9991 1c63 01       		.uleb128 0x1
 9992 1c64 33       		.byte	0x33
 9993 1c65 00       		.byte	0
 9994 1c66 00       		.byte	0
 9995 1c67 07       		.uleb128 0x7
 9996 1c68 14000000 		.4byte	.LASF428
 9997 1c6c 6B0A     		.2byte	0xa6b
 9998 1c6e 00000000 		.4byte	.LFB302
 9999 1c72 24000000 		.4byte	.LFE302-.LFB302
 10000 1c76 01       		.uleb128 0x1
 10001 1c77 9C       		.byte	0x9c
 10002 1c78 9B1C0000 		.4byte	0x1c9b
 10003 1c7c 32       		.uleb128 0x32
 10004 1c7d 7300     		.ascii	"s\000"
 10005 1c7f 6B0A     		.2byte	0xa6b
 10006 1c81 17       		.byte	0x17
 10007 1c82 42000000 		.4byte	0x42
 10008 1c86 01       		.uleb128 0x1
 10009 1c87 50       		.byte	0x50
 10010 1c88 05       		.uleb128 0x5
 10011 1c89 85000000 		.4byte	.LASF429
 10012 1c8d 6D0A     		.2byte	0xa6d
 10013 1c8f 0C       		.byte	0xc
 10014 1c90 42000000 		.4byte	0x42
 10015 1c94 05       		.uleb128 0x5
 10016 1c95 03       		.byte	0x3
 10017 1c96 00000000 		.4byte	old_ultra.3
 10018 1c9a 00       		.byte	0
 10019 1c9b 07       		.uleb128 0x7
 10020 1c9c C7020000 		.4byte	.LASF430
 10021 1ca0 5D0A     		.2byte	0xa5d
 10022 1ca2 00000000 		.4byte	.LFB301
 10023 1ca6 28000000 		.4byte	.LFE301-.LFB301
 10024 1caa 01       		.uleb128 0x1
 10025 1cab 9C       		.byte	0x9c
 10026 1cac E61C0000 		.4byte	0x1ce6
 10027 1cb0 0C       		.uleb128 0xc
 10028 1cb1 7300     		.ascii	"s\000"
 10029 1cb3 5D0A     		.2byte	0xa5d
 10030 1cb5 1B       		.byte	0x1b
 10031 1cb6 42000000 		.4byte	0x42
 10032 1cba F0000000 		.4byte	.LLST109
 10033 1cbe E8000000 		.4byte	.LVUS109
 10034 1cc2 05       		.uleb128 0x5
 10035 1cc3 8C130000 		.4byte	.LASF431
 10036 1cc7 5F0A     		.2byte	0xa5f
 10037 1cc9 0E       		.byte	0xe
 10038 1cca 42000000 		.4byte	0x42
 10039 1cce 05       		.uleb128 0x5
 10040 1ccf 03       		.byte	0x3
 10041 1cd0 00000000 		.4byte	old_extra_lna.4
 10042 1cd4 1A       		.uleb128 0x1a
 10043 1cd5 1E000000 		.4byte	.LVL354
 10044 1cd9 4A360000 		.4byte	0x364a
 10045 1cdd 01       		.uleb128 0x1
 10046 1cde 01       		.uleb128 0x1
 10047 1cdf 50       		.byte	0x50
ARM GAS  /tmp/ccRHyJSn.s 			page 183


 10048 1ce0 03       		.uleb128 0x3
 10049 1ce1 0A       		.byte	0xa
 10050 1ce2 8813     		.2byte	0x1388
 10051 1ce4 00       		.byte	0
 10052 1ce5 00       		.byte	0
 10053 1ce6 29       		.uleb128 0x29
 10054 1ce7 B5060000 		.4byte	.LASF450
 10055 1ceb 580A     		.2byte	0xa58
 10056 1ced 05       		.byte	0x5
 10057 1cee 42000000 		.4byte	0x42
 10058 1cf2 00000000 		.4byte	.LFB300
 10059 1cf6 0C000000 		.4byte	.LFE300-.LFB300
 10060 1cfa 01       		.uleb128 0x1
 10061 1cfb 9C       		.byte	0x9c
 10062 1cfc 07       		.uleb128 0x7
 10063 1cfd 11130000 		.4byte	.LASF432
 10064 1d01 510A     		.2byte	0xa51
 10065 1d03 00000000 		.4byte	.LFB299
 10066 1d07 18000000 		.4byte	.LFE299-.LFB299
 10067 1d0b 01       		.uleb128 0x1
 10068 1d0c 9C       		.byte	0x9c
 10069 1d0d 211D0000 		.4byte	0x1d21
 10070 1d11 0B       		.uleb128 0xb
 10071 1d12 08000000 		.4byte	.LVL351
 10072 1d16 642A0000 		.4byte	0x2a64
 10073 1d1a 01       		.uleb128 0x1
 10074 1d1b 01       		.uleb128 0x1
 10075 1d1c 50       		.byte	0x50
 10076 1d1d 01       		.uleb128 0x1
 10077 1d1e 30       		.byte	0x30
 10078 1d1f 00       		.byte	0
 10079 1d20 00       		.byte	0
 10080 1d21 07       		.uleb128 0x7
 10081 1d22 A6080000 		.4byte	.LASF433
 10082 1d26 330A     		.2byte	0xa33
 10083 1d28 00000000 		.4byte	.LFB298
 10084 1d2c B0000000 		.4byte	.LFE298-.LFB298
 10085 1d30 01       		.uleb128 0x1
 10086 1d31 9C       		.byte	0x9c
 10087 1d32 E81D0000 		.4byte	0x1de8
 10088 1d36 4F       		.uleb128 0x4f
 10089 1d37 33110000 		.4byte	.LASF551
 10090 1d3b 01       		.byte	0x1
 10091 1d3c 350A     		.2byte	0xa35
 10092 1d3e 02       		.byte	0x2
 10093 1d3f 22       		.uleb128 0x22
 10094 1d40 3A000000 		.4byte	.LBB84
 10095 1d44 32000000 		.4byte	.LBE84-.LBB84
 10096 1d48 821D0000 		.4byte	0x1d82
 10097 1d4c 0E       		.uleb128 0xe
 10098 1d4d 6900     		.ascii	"i\000"
 10099 1d4f 400A     		.2byte	0xa40
 10100 1d51 10       		.byte	0x10
 10101 1d52 C5000000 		.4byte	0xc5
 10102 1d56 1D010000 		.4byte	.LLST108
 10103 1d5a 17010000 		.4byte	.LVUS108
 10104 1d5e 0B       		.uleb128 0xb
ARM GAS  /tmp/ccRHyJSn.s 			page 184


 10105 1d5f 56000000 		.4byte	.LVL345
 10106 1d63 AC2C0000 		.4byte	0x2cac
 10107 1d67 01       		.uleb128 0x1
 10108 1d68 01       		.uleb128 0x1
 10109 1d69 50       		.byte	0x50
 10110 1d6a 05       		.uleb128 0x5
 10111 1d6b 78       		.byte	0x78
 10112 1d6c 00       		.sleb128 0
 10113 1d6d 74       		.byte	0x74
 10114 1d6e 00       		.sleb128 0
 10115 1d6f 22       		.byte	0x22
 10116 1d70 01       		.uleb128 0x1
 10117 1d71 01       		.uleb128 0x1
 10118 1d72 51       		.byte	0x51
 10119 1d73 02       		.uleb128 0x2
 10120 1d74 7B       		.byte	0x7b
 10121 1d75 00       		.sleb128 0
 10122 1d76 01       		.uleb128 0x1
 10123 1d77 01       		.uleb128 0x1
 10124 1d78 52       		.byte	0x52
 10125 1d79 01       		.uleb128 0x1
 10126 1d7a 30       		.byte	0x30
 10127 1d7b 01       		.uleb128 0x1
 10128 1d7c 01       		.uleb128 0x1
 10129 1d7d 53       		.byte	0x53
 10130 1d7e 01       		.uleb128 0x1
 10131 1d7f 30       		.byte	0x30
 10132 1d80 00       		.byte	0
 10133 1d81 00       		.byte	0
 10134 1d82 08       		.uleb128 0x8
 10135 1d83 14000000 		.4byte	.LVL339
 10136 1d87 EF1A0000 		.4byte	0x1aef
 10137 1d8b 971D0000 		.4byte	0x1d97
 10138 1d8f 01       		.uleb128 0x1
 10139 1d90 01       		.uleb128 0x1
 10140 1d91 50       		.byte	0x50
 10141 1d92 03       		.uleb128 0x3
 10142 1d93 0A       		.byte	0xa
 10143 1d94 1027     		.2byte	0x2710
 10144 1d96 00       		.byte	0
 10145 1d97 08       		.uleb128 0x8
 10146 1d98 1E000000 		.4byte	.LVL340
 10147 1d9c EF1A0000 		.4byte	0x1aef
 10148 1da0 AC1D0000 		.4byte	0x1dac
 10149 1da4 01       		.uleb128 0x1
 10150 1da5 01       		.uleb128 0x1
 10151 1da6 50       		.byte	0x50
 10152 1da7 03       		.uleb128 0x3
 10153 1da8 0A       		.byte	0xa
 10154 1da9 1027     		.2byte	0x2710
 10155 1dab 00       		.byte	0
 10156 1dac 08       		.uleb128 0x8
 10157 1dad 26000000 		.4byte	.LVL341
 10158 1db1 EF1A0000 		.4byte	0x1aef
 10159 1db5 C31D0000 		.4byte	0x1dc3
 10160 1db9 01       		.uleb128 0x1
 10161 1dba 01       		.uleb128 0x1
ARM GAS  /tmp/ccRHyJSn.s 			page 185


 10162 1dbb 50       		.byte	0x50
 10163 1dbc 05       		.uleb128 0x5
 10164 1dbd 0C       		.byte	0xc
 10165 1dbe A0860100 		.4byte	0x186a0
 10166 1dc2 00       		.byte	0
 10167 1dc3 06       		.uleb128 0x6
 10168 1dc4 2A000000 		.4byte	.LVL342
 10169 1dc8 132E0000 		.4byte	0x2e13
 10170 1dcc 06       		.uleb128 0x6
 10171 1dcd 38000000 		.4byte	.LVL343
 10172 1dd1 6F1A0000 		.4byte	0x1a6f
 10173 1dd5 06       		.uleb128 0x6
 10174 1dd6 70000000 		.4byte	.LVL348
 10175 1dda C61A0000 		.4byte	0x1ac6
 10176 1dde 06       		.uleb128 0x6
 10177 1ddf 78000000 		.4byte	.LVL349
 10178 1de3 A9290000 		.4byte	0x29a9
 10179 1de7 00       		.byte	0
 10180 1de8 1B       		.uleb128 0x1b
 10181 1de9 A0000000 		.4byte	.LASF439
 10182 1ded 9E09     		.2byte	0x99e
 10183 1def 08       		.byte	0x8
 10184 1df0 30050000 		.4byte	0x530
 10185 1df4 00000000 		.4byte	.LFB297
 10186 1df8 F4010000 		.4byte	.LFE297-.LFB297
 10187 1dfc 01       		.uleb128 0x1
 10188 1dfd 9C       		.byte	0x9c
 10189 1dfe 601F0000 		.4byte	0x1f60
 10190 1e02 0D       		.uleb128 0xd
 10191 1e03 2A060000 		.4byte	.LASF434
 10192 1e07 01       		.byte	0x1
 10193 1e08 9E09     		.2byte	0x99e
 10194 1e0a 1F       		.byte	0x1f
 10195 1e0b 30050000 		.4byte	0x530
 10196 1e0f 47010000 		.4byte	.LLST102
 10197 1e13 43010000 		.4byte	.LVUS102
 10198 1e17 12       		.uleb128 0x12
 10199 1e18 6C060000 		.4byte	.LASF435
 10200 1e1c A009     		.2byte	0x9a0
 10201 1e1e 0C       		.byte	0xc
 10202 1e1f DB000000 		.4byte	0xdb
 10203 1e23 64010000 		.4byte	.LLST103
 10204 1e27 62010000 		.4byte	.LVUS103
 10205 1e2b 28       		.uleb128 0x28
 10206 1e2c 5300     		.ascii	"S\000"
 10207 1e2e A209     		.2byte	0x9a2
 10208 1e30 07       		.byte	0x7
 10209 1e31 42000000 		.4byte	0x42
 10210 1e35 04       		.byte	0x4
 10211 1e36 0E       		.uleb128 0xe
 10212 1e37 5200     		.ascii	"R\000"
 10213 1e39 BE09     		.2byte	0x9be
 10214 1e3b 0C       		.byte	0xc
 10215 1e3c DB000000 		.4byte	0xdb
 10216 1e40 72010000 		.4byte	.LLST104
 10217 1e44 6E010000 		.4byte	.LVUS104
 10218 1e48 0E       		.uleb128 0xe
ARM GAS  /tmp/ccRHyJSn.s 			page 186


 10219 1e49 4D4F4400 		.ascii	"MOD\000"
 10220 1e4d BF09     		.2byte	0x9bf
 10221 1e4f 0C       		.byte	0xc
 10222 1e50 F8000000 		.4byte	0xf8
 10223 1e54 89010000 		.4byte	.LLST105
 10224 1e58 85010000 		.4byte	.LVUS105
 10225 1e5c 0E       		.uleb128 0xe
 10226 1e5d 4600     		.ascii	"F\000"
 10227 1e5f C009     		.2byte	0x9c0
 10228 1e61 0D       		.byte	0xd
 10229 1e62 DB000000 		.4byte	0xdb
 10230 1e66 B0010000 		.4byte	.LLST106
 10231 1e6a AE010000 		.4byte	.LVUS106
 10232 1e6e 12       		.uleb128 0x12
 10233 1e6f 05110000 		.4byte	.LASF436
 10234 1e73 C109     		.2byte	0x9c1
 10235 1e75 0A       		.byte	0xa
 10236 1e76 30050000 		.4byte	0x530
 10237 1e7a BD010000 		.4byte	.LLST107
 10238 1e7e B9010000 		.4byte	.LVUS107
 10239 1e82 05       		.uleb128 0x5
 10240 1e83 7D180000 		.4byte	.LASF437
 10241 1e87 050A     		.2byte	0xa05
 10242 1e89 0B       		.byte	0xb
 10243 1e8a 601F0000 		.4byte	0x1f60
 10244 1e8e 02       		.uleb128 0x2
 10245 1e8f 91       		.byte	0x91
 10246 1e90 4C       		.sleb128 -52
 10247 1e91 22       		.uleb128 0x22
 10248 1e92 38010000 		.4byte	.LBB83
 10249 1e96 24000000 		.4byte	.LBE83-.LBB83
 10250 1e9a DC1E0000 		.4byte	0x1edc
 10251 1e9e 05       		.uleb128 0x5
 10252 1e9f 71180000 		.4byte	.LASF438
 10253 1ea3 1F0A     		.2byte	0xa1f
 10254 1ea5 0D       		.byte	0xd
 10255 1ea6 EA170000 		.4byte	0x17ea
 10256 1eaa 02       		.uleb128 0x2
 10257 1eab 91       		.byte	0x91
 10258 1eac 44       		.sleb128 -60
 10259 1ead 08       		.uleb128 0x8
 10260 1eae 4E010000 		.4byte	.LVL332
 10261 1eb2 AC2C0000 		.4byte	0x2cac
 10262 1eb6 D21E0000 		.4byte	0x1ed2
 10263 1eba 01       		.uleb128 0x1
 10264 1ebb 01       		.uleb128 0x1
 10265 1ebc 50       		.byte	0x50
 10266 1ebd 02       		.uleb128 0x2
 10267 1ebe 91       		.byte	0x91
 10268 1ebf 44       		.sleb128 -60
 10269 1ec0 01       		.uleb128 0x1
 10270 1ec1 01       		.uleb128 0x1
 10271 1ec2 51       		.byte	0x51
 10272 1ec3 01       		.uleb128 0x1
 10273 1ec4 35       		.byte	0x35
 10274 1ec5 01       		.uleb128 0x1
 10275 1ec6 01       		.uleb128 0x1
ARM GAS  /tmp/ccRHyJSn.s 			page 187


 10276 1ec7 52       		.byte	0x52
 10277 1ec8 02       		.uleb128 0x2
 10278 1ec9 77       		.byte	0x77
 10279 1eca 00       		.sleb128 0
 10280 1ecb 01       		.uleb128 0x1
 10281 1ecc 01       		.uleb128 0x1
 10282 1ecd 53       		.byte	0x53
 10283 1ece 02       		.uleb128 0x2
 10284 1ecf 77       		.byte	0x77
 10285 1ed0 00       		.sleb128 0
 10286 1ed1 00       		.byte	0
 10287 1ed2 06       		.uleb128 0x6
 10288 1ed3 56010000 		.4byte	.LVL333
 10289 1ed7 CA200000 		.4byte	0x20ca
 10290 1edb 00       		.byte	0
 10291 1edc 08       		.uleb128 0x8
 10292 1edd 8E000000 		.4byte	.LVL321
 10293 1ee1 D4250000 		.4byte	0x25d4
 10294 1ee5 EF1E0000 		.4byte	0x1eef
 10295 1ee9 01       		.uleb128 0x1
 10296 1eea 01       		.uleb128 0x1
 10297 1eeb 50       		.byte	0x50
 10298 1eec 01       		.uleb128 0x1
 10299 1eed 30       		.byte	0x30
 10300 1eee 00       		.byte	0
 10301 1eef 06       		.uleb128 0x6
 10302 1ef0 B6000000 		.4byte	.LVL322
 10303 1ef4 7A370000 		.4byte	0x377a
 10304 1ef8 06       		.uleb128 0x6
 10305 1ef9 CC000000 		.4byte	.LVL324
 10306 1efd 7A370000 		.4byte	0x377a
 10307 1f01 06       		.uleb128 0x6
 10308 1f02 F4000000 		.4byte	.LVL326
 10309 1f06 7A370000 		.4byte	0x377a
 10310 1f0a 08       		.uleb128 0x8
 10311 1f0b 02010000 		.4byte	.LVL328
 10312 1f0f 4E2C0000 		.4byte	0x2c4e
 10313 1f13 1D1F0000 		.4byte	0x1f1d
 10314 1f17 01       		.uleb128 0x1
 10315 1f18 01       		.uleb128 0x1
 10316 1f19 50       		.byte	0x50
 10317 1f1a 01       		.uleb128 0x1
 10318 1f1b 33       		.byte	0x33
 10319 1f1c 00       		.byte	0
 10320 1f1d 08       		.uleb128 0x8
 10321 1f1e 2E010000 		.4byte	.LVL331
 10322 1f22 AC2C0000 		.4byte	0x2cac
 10323 1f26 421F0000 		.4byte	0x1f42
 10324 1f2a 01       		.uleb128 0x1
 10325 1f2b 01       		.uleb128 0x1
 10326 1f2c 50       		.byte	0x50
 10327 1f2d 02       		.uleb128 0x2
 10328 1f2e 91       		.byte	0x91
 10329 1f2f 4C       		.sleb128 -52
 10330 1f30 01       		.uleb128 0x1
 10331 1f31 01       		.uleb128 0x1
 10332 1f32 51       		.byte	0x51
ARM GAS  /tmp/ccRHyJSn.s 			page 188


 10333 1f33 01       		.uleb128 0x1
 10334 1f34 3C       		.byte	0x3c
 10335 1f35 01       		.uleb128 0x1
 10336 1f36 01       		.uleb128 0x1
 10337 1f37 52       		.byte	0x52
 10338 1f38 02       		.uleb128 0x2
 10339 1f39 77       		.byte	0x77
 10340 1f3a 00       		.sleb128 0
 10341 1f3b 01       		.uleb128 0x1
 10342 1f3c 01       		.uleb128 0x1
 10343 1f3d 53       		.byte	0x53
 10344 1f3e 02       		.uleb128 0x2
 10345 1f3f 77       		.byte	0x77
 10346 1f40 00       		.sleb128 0
 10347 1f41 00       		.byte	0
 10348 1f42 08       		.uleb128 0x8
 10349 1f43 68010000 		.4byte	.LVL334
 10350 1f47 642A0000 		.4byte	0x2a64
 10351 1f4b 561F0000 		.4byte	0x1f56
 10352 1f4f 01       		.uleb128 0x1
 10353 1f50 01       		.uleb128 0x1
 10354 1f51 50       		.byte	0x50
 10355 1f52 02       		.uleb128 0x2
 10356 1f53 77       		.byte	0x77
 10357 1f54 00       		.sleb128 0
 10358 1f55 00       		.byte	0
 10359 1f56 06       		.uleb128 0x6
 10360 1f57 9A010000 		.4byte	.LVL337
 10361 1f5b A9290000 		.4byte	0x29a9
 10362 1f5f 00       		.byte	0
 10363 1f60 0A       		.uleb128 0xa
 10364 1f61 AF000000 		.4byte	0xaf
 10365 1f65 701F0000 		.4byte	0x1f70
 10366 1f69 09       		.uleb128 0x9
 10367 1f6a 2D000000 		.4byte	0x2d
 10368 1f6e 0B       		.byte	0xb
 10369 1f6f 00       		.byte	0
 10370 1f70 1B       		.uleb128 0x1b
 10371 1f71 301D0000 		.4byte	.LASF440
 10372 1f75 9309     		.2byte	0x993
 10373 1f77 0A       		.byte	0xa
 10374 1f78 C5000000 		.4byte	0xc5
 10375 1f7c 00000000 		.4byte	.LFB296
 10376 1f80 20000000 		.4byte	.LFE296-.LFB296
 10377 1f84 01       		.uleb128 0x1
 10378 1f85 9C       		.byte	0x9c
 10379 1f86 BB1F0000 		.4byte	0x1fbb
 10380 1f8a 0D       		.uleb128 0xd
 10381 1f8b 410C0000 		.4byte	.LASF441
 10382 1f8f 01       		.byte	0x1
 10383 1f90 9309     		.2byte	0x993
 10384 1f92 1B       		.byte	0x1b
 10385 1f93 C5000000 		.4byte	0xc5
 10386 1f97 DF010000 		.4byte	.LLST100
 10387 1f9b D9010000 		.4byte	.LVUS100
 10388 1f9f 0E       		.uleb128 0xe
 10389 1fa0 6900     		.ascii	"i\000"
ARM GAS  /tmp/ccRHyJSn.s 			page 189


 10390 1fa2 9409     		.2byte	0x994
 10391 1fa4 07       		.byte	0x7
 10392 1fa5 42000000 		.4byte	0x42
 10393 1fa9 01020000 		.4byte	.LLST101
 10394 1fad FD010000 		.4byte	.LVUS101
 10395 1fb1 19       		.uleb128 0x19
 10396 1fb2 1C000000 		.4byte	.LVL317
 10397 1fb6 BB1F0000 		.4byte	0x1fbb
 10398 1fba 00       		.byte	0
 10399 1fbb 1B       		.uleb128 0x1b
 10400 1fbc 27120000 		.4byte	.LASF442
 10401 1fc0 7A09     		.2byte	0x97a
 10402 1fc2 0A       		.byte	0xa
 10403 1fc3 C5000000 		.4byte	0xc5
 10404 1fc7 00000000 		.4byte	.LFB295
 10405 1fcb C4000000 		.4byte	.LFE295-.LFB295
 10406 1fcf 01       		.uleb128 0x1
 10407 1fd0 9C       		.byte	0x9c
 10408 1fd1 6B200000 		.4byte	0x206b
 10409 1fd5 0C       		.uleb128 0xc
 10410 1fd6 6600     		.ascii	"f\000"
 10411 1fd8 7A09     		.2byte	0x97a
 10412 1fda 18       		.byte	0x18
 10413 1fdb 42000000 		.4byte	0x42
 10414 1fdf 1A020000 		.4byte	.LLST97
 10415 1fe3 12020000 		.4byte	.LVUS97
 10416 1fe7 12       		.uleb128 0x12
 10417 1fe8 74170000 		.4byte	.LASF131
 10418 1fec 7F09     		.2byte	0x97f
 10419 1fee 12       		.byte	0x12
 10420 1fef F6030000 		.4byte	0x3f6
 10421 1ff3 44020000 		.4byte	.LLST98
 10422 1ff7 42020000 		.4byte	.LVUS98
 10423 1ffb 0E       		.uleb128 0xe
 10424 1ffc 6900     		.ascii	"i\000"
 10425 1ffe 8009     		.2byte	0x980
 10426 2000 0C       		.byte	0xc
 10427 2001 C5000000 		.4byte	0xc5
 10428 2005 52020000 		.4byte	.LLST99
 10429 2009 4E020000 		.4byte	.LVUS99
 10430 200d 08       		.uleb128 0x8
 10431 200e 10000000 		.4byte	.LVL302
 10432 2012 4E2C0000 		.4byte	0x2c4e
 10433 2016 20200000 		.4byte	0x2020
 10434 201a 01       		.uleb128 0x1
 10435 201b 01       		.uleb128 0x1
 10436 201c 50       		.byte	0x50
 10437 201d 01       		.uleb128 0x1
 10438 201e 33       		.byte	0x33
 10439 201f 00       		.byte	0
 10440 2020 06       		.uleb128 0x6
 10441 2021 2C000000 		.4byte	.LVL304
 10442 2025 CA200000 		.4byte	0x20ca
 10443 2029 06       		.uleb128 0x6
 10444 202a 3E000000 		.4byte	.LVL305
 10445 202e 6B200000 		.4byte	0x206b
 10446 2032 06       		.uleb128 0x6
ARM GAS  /tmp/ccRHyJSn.s 			page 190


 10447 2033 42000000 		.4byte	.LVL306
 10448 2037 00290000 		.4byte	0x2900
 10449 203b 06       		.uleb128 0x6
 10450 203c 46000000 		.4byte	.LVL307
 10451 2040 55290000 		.4byte	0x2955
 10452 2044 06       		.uleb128 0x6
 10453 2045 4A000000 		.4byte	.LVL308
 10454 2049 71260000 		.4byte	0x2671
 10455 204d 0B       		.uleb128 0xb
 10456 204e 90000000 		.4byte	.LVL310
 10457 2052 AC2C0000 		.4byte	0x2cac
 10458 2056 01       		.uleb128 0x1
 10459 2057 01       		.uleb128 0x1
 10460 2058 50       		.byte	0x50
 10461 2059 05       		.uleb128 0x5
 10462 205a 78       		.byte	0x78
 10463 205b 00       		.sleb128 0
 10464 205c 77       		.byte	0x77
 10465 205d 00       		.sleb128 0
 10466 205e 22       		.byte	0x22
 10467 205f 01       		.uleb128 0x1
 10468 2060 01       		.uleb128 0x1
 10469 2061 52       		.byte	0x52
 10470 2062 01       		.uleb128 0x1
 10471 2063 30       		.byte	0x30
 10472 2064 01       		.uleb128 0x1
 10473 2065 01       		.uleb128 0x1
 10474 2066 53       		.byte	0x53
 10475 2067 01       		.uleb128 0x1
 10476 2068 30       		.byte	0x30
 10477 2069 00       		.byte	0
 10478 206a 00       		.byte	0
 10479 206b 07       		.uleb128 0x7
 10480 206c CF040000 		.4byte	.LASF443
 10481 2070 6C09     		.2byte	0x96c
 10482 2072 00000000 		.4byte	.LFB294
 10483 2076 10000000 		.4byte	.LFE294-.LFB294
 10484 207a 01       		.uleb128 0x1
 10485 207b 9C       		.byte	0x9c
 10486 207c B5200000 		.4byte	0x20b5
 10487 2080 05       		.uleb128 0x5
 10488 2081 77180000 		.4byte	.LASF444
 10489 2085 7509     		.2byte	0x975
 10490 2087 18       		.byte	0x18
 10491 2088 C5200000 		.4byte	0x20c5
 10492 208c 05       		.uleb128 0x5
 10493 208d 03       		.byte	0x3
 10494 208e 00000000 		.4byte	data3.5
 10495 2092 1A       		.uleb128 0x1a
 10496 2093 0C000000 		.4byte	.LVL299
 10497 2097 AC2C0000 		.4byte	0x2cac
 10498 209b 01       		.uleb128 0x1
 10499 209c 01       		.uleb128 0x1
 10500 209d 50       		.byte	0x50
 10501 209e 05       		.uleb128 0x5
 10502 209f 03       		.byte	0x3
 10503 20a0 00000000 		.4byte	data3.5
ARM GAS  /tmp/ccRHyJSn.s 			page 191


 10504 20a4 01       		.uleb128 0x1
 10505 20a5 01       		.uleb128 0x1
 10506 20a6 51       		.byte	0x51
 10507 20a7 01       		.uleb128 0x1
 10508 20a8 35       		.byte	0x35
 10509 20a9 01       		.uleb128 0x1
 10510 20aa 01       		.uleb128 0x1
 10511 20ab 52       		.byte	0x52
 10512 20ac 01       		.uleb128 0x1
 10513 20ad 30       		.byte	0x30
 10514 20ae 01       		.uleb128 0x1
 10515 20af 01       		.uleb128 0x1
 10516 20b0 53       		.byte	0x53
 10517 20b1 01       		.uleb128 0x1
 10518 20b2 30       		.byte	0x30
 10519 20b3 00       		.byte	0
 10520 20b4 00       		.byte	0
 10521 20b5 0A       		.uleb128 0xa
 10522 20b6 C0000000 		.4byte	0xc0
 10523 20ba C5200000 		.4byte	0x20c5
 10524 20be 09       		.uleb128 0x9
 10525 20bf 2D000000 		.4byte	0x2d
 10526 20c3 04       		.byte	0x4
 10527 20c4 00       		.byte	0
 10528 20c5 13       		.uleb128 0x13
 10529 20c6 B5200000 		.4byte	0x20b5
 10530 20ca 07       		.uleb128 0x7
 10531 20cb 751D0000 		.4byte	.LASF445
 10532 20cf 5B09     		.2byte	0x95b
 10533 20d1 00000000 		.4byte	.LFB293
 10534 20d5 34000000 		.4byte	.LFE293-.LFB293
 10535 20d9 01       		.uleb128 0x1
 10536 20da 9C       		.byte	0x9c
 10537 20db 47210000 		.4byte	0x2147
 10538 20df 0D       		.uleb128 0xd
 10539 20e0 0B170000 		.4byte	.LASF446
 10540 20e4 01       		.byte	0x1
 10541 20e5 5B09     		.2byte	0x95b
 10542 20e7 18       		.byte	0x18
 10543 20e8 42000000 		.4byte	0x42
 10544 20ec 68020000 		.4byte	.LLST96
 10545 20f0 64020000 		.4byte	.LVUS96
 10546 20f4 05       		.uleb128 0x5
 10547 20f5 53180000 		.4byte	.LASF447
 10548 20f9 6509     		.2byte	0x965
 10549 20fb 16       		.byte	0x16
 10550 20fc 57210000 		.4byte	0x2157
 10551 2100 05       		.uleb128 0x5
 10552 2101 03       		.byte	0x3
 10553 2102 00000000 		.4byte	if_freq_high.7
 10554 2106 05       		.uleb128 0x5
 10555 2107 360B0000 		.4byte	.LASF448
 10556 210b 6609     		.2byte	0x966
 10557 210d 16       		.byte	0x16
 10558 210e 57210000 		.4byte	0x2157
 10559 2112 05       		.uleb128 0x5
 10560 2113 03       		.byte	0x3
ARM GAS  /tmp/ccRHyJSn.s 			page 192


 10561 2114 00000000 		.4byte	if_freq_low.6
 10562 2118 05       		.uleb128 0x5
 10563 2119 77180000 		.4byte	.LASF444
 10564 211d 6809     		.2byte	0x968
 10565 211f 0B       		.byte	0xb
 10566 2120 5C210000 		.4byte	0x215c
 10567 2124 02       		.uleb128 0x2
 10568 2125 91       		.byte	0x91
 10569 2126 70       		.sleb128 -16
 10570 2127 0B       		.uleb128 0xb
 10571 2128 22000000 		.4byte	.LVL298
 10572 212c AC2C0000 		.4byte	0x2cac
 10573 2130 01       		.uleb128 0x1
 10574 2131 01       		.uleb128 0x1
 10575 2132 50       		.byte	0x50
 10576 2133 02       		.uleb128 0x2
 10577 2134 7D       		.byte	0x7d
 10578 2135 00       		.sleb128 0
 10579 2136 01       		.uleb128 0x1
 10580 2137 01       		.uleb128 0x1
 10581 2138 51       		.byte	0x51
 10582 2139 01       		.uleb128 0x1
 10583 213a 36       		.byte	0x36
 10584 213b 01       		.uleb128 0x1
 10585 213c 01       		.uleb128 0x1
 10586 213d 52       		.byte	0x52
 10587 213e 01       		.uleb128 0x1
 10588 213f 30       		.byte	0x30
 10589 2140 01       		.uleb128 0x1
 10590 2141 01       		.uleb128 0x1
 10591 2142 53       		.byte	0x53
 10592 2143 01       		.uleb128 0x1
 10593 2144 30       		.byte	0x30
 10594 2145 00       		.byte	0
 10595 2146 00       		.byte	0
 10596 2147 0A       		.uleb128 0xa
 10597 2148 C0000000 		.4byte	0xc0
 10598 214c 57210000 		.4byte	0x2157
 10599 2150 09       		.uleb128 0x9
 10600 2151 2D000000 		.4byte	0x2d
 10601 2155 05       		.byte	0x5
 10602 2156 00       		.byte	0
 10603 2157 13       		.uleb128 0x13
 10604 2158 47210000 		.4byte	0x2147
 10605 215c 0A       		.uleb128 0xa
 10606 215d AF000000 		.4byte	0xaf
 10607 2161 6C210000 		.4byte	0x216c
 10608 2165 09       		.uleb128 0x9
 10609 2166 2D000000 		.4byte	0x2d
 10610 216a 05       		.byte	0x5
 10611 216b 00       		.byte	0
 10612 216c 07       		.uleb128 0x7
 10613 216d 190A0000 		.4byte	.LASF449
 10614 2171 5709     		.2byte	0x957
 10615 2173 00000000 		.4byte	.LFB292
 10616 2177 0C000000 		.4byte	.LFE292-.LFB292
 10617 217b 01       		.uleb128 0x1
ARM GAS  /tmp/ccRHyJSn.s 			page 193


 10618 217c 9C       		.byte	0x9c
 10619 217d 90210000 		.4byte	0x2190
 10620 2181 3F       		.uleb128 0x3f
 10621 2182 97150000 		.4byte	.LASF133
 10622 2186 5709     		.2byte	0x957
 10623 2188 29       		.byte	0x29
 10624 2189 00040000 		.4byte	0x400
 10625 218d 01       		.uleb128 0x1
 10626 218e 50       		.byte	0x50
 10627 218f 00       		.byte	0
 10628 2190 29       		.uleb128 0x29
 10629 2191 C3030000 		.4byte	.LASF451
 10630 2195 5309     		.2byte	0x953
 10631 2197 0C       		.byte	0xc
 10632 2198 CC100000 		.4byte	0x10cc
 10633 219c 00000000 		.4byte	.LFB291
 10634 21a0 0C000000 		.4byte	.LFE291-.LFB291
 10635 21a4 01       		.uleb128 0x1
 10636 21a5 9C       		.byte	0x9c
 10637 21a6 07       		.uleb128 0x7
 10638 21a7 1D050000 		.4byte	.LASF452
 10639 21ab BA08     		.2byte	0x8ba
 10640 21ad 00000000 		.4byte	.LFB290
 10641 21b1 1E000000 		.4byte	.LFE290-.LFB290
 10642 21b5 01       		.uleb128 0x1
 10643 21b6 9C       		.byte	0x9c
 10644 21b7 FC210000 		.4byte	0x21fc
 10645 21bb 0C       		.uleb128 0xc
 10646 21bc 7600     		.ascii	"v\000"
 10647 21be BA08     		.2byte	0x8ba
 10648 21c0 21       		.byte	0x21
 10649 21c1 AF000000 		.4byte	0xaf
 10650 21c5 87020000 		.4byte	.LLST95
 10651 21c9 81020000 		.4byte	.LVUS95
 10652 21cd 05       		.uleb128 0x5
 10653 21ce 7D180000 		.4byte	.LASF437
 10654 21d2 BC08     		.2byte	0x8bc
 10655 21d4 0B       		.byte	0xb
 10656 21d5 B2170000 		.4byte	0x17b2
 10657 21d9 02       		.uleb128 0x2
 10658 21da 91       		.byte	0x91
 10659 21db 74       		.sleb128 -12
 10660 21dc 0B       		.uleb128 0xb
 10661 21dd 18000000 		.4byte	.LVL294
 10662 21e1 AC2C0000 		.4byte	0x2cac
 10663 21e5 01       		.uleb128 0x1
 10664 21e6 01       		.uleb128 0x1
 10665 21e7 50       		.byte	0x50
 10666 21e8 02       		.uleb128 0x2
 10667 21e9 91       		.byte	0x91
 10668 21ea 74       		.sleb128 -12
 10669 21eb 01       		.uleb128 0x1
 10670 21ec 01       		.uleb128 0x1
 10671 21ed 51       		.byte	0x51
 10672 21ee 01       		.uleb128 0x1
 10673 21ef 32       		.byte	0x32
 10674 21f0 01       		.uleb128 0x1
ARM GAS  /tmp/ccRHyJSn.s 			page 194


 10675 21f1 01       		.uleb128 0x1
 10676 21f2 52       		.byte	0x52
 10677 21f3 01       		.uleb128 0x1
 10678 21f4 30       		.byte	0x30
 10679 21f5 01       		.uleb128 0x1
 10680 21f6 01       		.uleb128 0x1
 10681 21f7 53       		.byte	0x53
 10682 21f8 01       		.uleb128 0x1
 10683 21f9 30       		.byte	0x30
 10684 21fa 00       		.byte	0
 10685 21fb 00       		.byte	0
 10686 21fc 1B       		.uleb128 0x1b
 10687 21fd E2080000 		.4byte	.LASF453
 10688 2201 6F08     		.2byte	0x86f
 10689 2203 09       		.byte	0x9
 10690 2204 7D000000 		.4byte	0x7d
 10691 2208 00000000 		.4byte	.LFB289
 10692 220c D8000000 		.4byte	.LFE289-.LFB289
 10693 2210 01       		.uleb128 0x1
 10694 2211 9C       		.byte	0x9c
 10695 2212 9E220000 		.4byte	0x229e
 10696 2216 0D       		.uleb128 0xd
 10697 2217 AD050000 		.4byte	.LASF454
 10698 221b 01       		.byte	0x1
 10699 221c 6F08     		.2byte	0x86f
 10700 221e 1A       		.byte	0x1a
 10701 221f 00040000 		.4byte	0x400
 10702 2223 AE020000 		.4byte	.LLST89
 10703 2227 A6020000 		.4byte	.LVUS89
 10704 222b 0E       		.uleb128 0xe
 10705 222c 6900     		.ascii	"i\000"
 10706 222e 7C08     		.2byte	0x87c
 10707 2230 07       		.byte	0x7
 10708 2231 42000000 		.4byte	0x42
 10709 2235 E1020000 		.4byte	.LLST90
 10710 2239 DB020000 		.4byte	.LVUS90
 10711 223d 22       		.uleb128 0x22
 10712 223e 0E000000 		.4byte	.LBB79
 10713 2242 28000000 		.4byte	.LBE79-.LBB79
 10714 2246 5F220000 		.4byte	0x225f
 10715 224a 0E       		.uleb128 0xe
 10716 224b 76616C00 		.ascii	"val\000"
 10717 224f 7308     		.2byte	0x873
 10718 2251 10       		.byte	0x10
 10719 2252 CC100000 		.4byte	0x10cc
 10720 2256 FB020000 		.4byte	.LLST91
 10721 225a F9020000 		.4byte	.LVUS91
 10722 225e 00       		.byte	0
 10723 225f 23       		.uleb128 0x23
 10724 2260 94000000 		.4byte	.LLRL92
 10725 2264 0E       		.uleb128 0xe
 10726 2265 6A00     		.ascii	"j\000"
 10727 2267 8408     		.2byte	0x884
 10728 2269 09       		.byte	0x9
 10729 226a 42000000 		.4byte	0x42
 10730 226e 0F030000 		.4byte	.LLST93
 10731 2272 0B030000 		.4byte	.LVUS93
ARM GAS  /tmp/ccRHyJSn.s 			page 195


 10732 2276 12       		.uleb128 0x12
 10733 2277 2D160000 		.4byte	.LASF455
 10734 227b 8508     		.2byte	0x885
 10735 227d 09       		.byte	0x9
 10736 227e 9E220000 		.4byte	0x229e
 10737 2282 26030000 		.4byte	.LLST94
 10738 2286 22030000 		.4byte	.LVUS94
 10739 228a 06       		.uleb128 0x6
 10740 228b 54000000 		.4byte	.LVL285
 10741 228f 42250000 		.4byte	0x2542
 10742 2293 06       		.uleb128 0x6
 10743 2294 9A000000 		.4byte	.LVL291
 10744 2298 EF1A0000 		.4byte	0x1aef
 10745 229c 00       		.byte	0
 10746 229d 00       		.byte	0
 10747 229e 0A       		.uleb128 0xa
 10748 229f 42000000 		.4byte	0x42
 10749 22a3 AE220000 		.4byte	0x22ae
 10750 22a7 09       		.uleb128 0x9
 10751 22a8 2D000000 		.4byte	0x2d
 10752 22ac 02       		.byte	0x2
 10753 22ad 00       		.byte	0
 10754 22ae 07       		.uleb128 0x7
 10755 22af 2E1C0000 		.4byte	.LASF456
 10756 22b3 5208     		.2byte	0x852
 10757 22b5 00000000 		.4byte	.LFB288
 10758 22b9 68000000 		.4byte	.LFE288-.LFB288
 10759 22bd 01       		.uleb128 0x1
 10760 22be 9C       		.byte	0x9c
 10761 22bf 1F230000 		.4byte	0x231f
 10762 22c3 0C       		.uleb128 0xc
 10763 22c4 7300     		.ascii	"s\000"
 10764 22c6 5208     		.2byte	0x852
 10765 22c8 18       		.byte	0x18
 10766 22c9 42000000 		.4byte	0x42
 10767 22cd 42030000 		.4byte	.LLST84
 10768 22d1 3E030000 		.4byte	.LVUS84
 10769 22d5 0E       		.uleb128 0xe
 10770 22d6 6D617800 		.ascii	"max\000"
 10771 22da 5508     		.2byte	0x855
 10772 22dc 0B       		.byte	0xb
 10773 22dd AF000000 		.4byte	0xaf
 10774 22e1 65030000 		.4byte	.LLST85
 10775 22e5 5B030000 		.4byte	.LVUS85
 10776 22e9 12       		.uleb128 0x12
 10777 22ea FC110000 		.4byte	.LASF457
 10778 22ee 5608     		.2byte	0x856
 10779 22f0 0C       		.byte	0xc
 10780 22f1 C5000000 		.4byte	0xc5
 10781 22f5 91030000 		.4byte	.LLST86
 10782 22f9 87030000 		.4byte	.LVUS86
 10783 22fd 23       		.uleb128 0x23
 10784 22fe 85000000 		.4byte	.LLRL87
 10785 2302 0E       		.uleb128 0xe
 10786 2303 7600     		.ascii	"v\000"
 10787 2305 5A08     		.2byte	0x85a
 10788 2307 0F       		.byte	0xf
ARM GAS  /tmp/ccRHyJSn.s 			page 196


 10789 2308 AF000000 		.4byte	0xaf
 10790 230c BA030000 		.4byte	.LLST88
 10791 2310 B2030000 		.4byte	.LVUS88
 10792 2314 06       		.uleb128 0x6
 10793 2315 1A000000 		.4byte	.LVL265
 10794 2319 42250000 		.4byte	0x2542
 10795 231d 00       		.byte	0
 10796 231e 00       		.byte	0
 10797 231f 07       		.uleb128 0x7
 10798 2320 F0110000 		.4byte	.LASF458
 10799 2324 E007     		.2byte	0x7e0
 10800 2326 00000000 		.4byte	.LFB287
 10801 232a 9C000000 		.4byte	.LFE287-.LFB287
 10802 232e 01       		.uleb128 0x1
 10803 232f 9C       		.byte	0x9c
 10804 2330 12240000 		.4byte	0x2412
 10805 2334 0C       		.uleb128 0xc
 10806 2335 7300     		.ascii	"s\000"
 10807 2337 E007     		.2byte	0x7e0
 10808 2339 16       		.byte	0x16
 10809 233a 42000000 		.4byte	0x42
 10810 233e DD030000 		.4byte	.LLST79
 10811 2342 D9030000 		.4byte	.LVUS79
 10812 2346 0D       		.uleb128 0xd
 10813 2347 D7110000 		.4byte	.LASF141
 10814 234b 01       		.byte	0x1
 10815 234c E007     		.2byte	0x7e0
 10816 234e 1D       		.byte	0x1d
 10817 234f 42000000 		.4byte	0x42
 10818 2353 FD030000 		.4byte	.LLST80
 10819 2357 F7030000 		.4byte	.LVUS80
 10820 235b 0E       		.uleb128 0xe
 10821 235c 7400     		.ascii	"t\000"
 10822 235e F007     		.2byte	0x7f0
 10823 2360 0C       		.byte	0xc
 10824 2361 DB000000 		.4byte	0xdb
 10825 2365 1E040000 		.4byte	.LLST81
 10826 2369 1C040000 		.4byte	.LVUS81
 10827 236d 05       		.uleb128 0x5
 10828 236e F61C0000 		.4byte	.LASF459
 10829 2372 F207     		.2byte	0x7f2
 10830 2374 13       		.byte	0x13
 10831 2375 DB000000 		.4byte	0xdb
 10832 2379 05       		.uleb128 0x5
 10833 237a 03       		.byte	0x3
 10834 237b 00000000 		.4byte	old_t.8
 10835 237f 12       		.uleb128 0x12
 10836 2380 B8100000 		.4byte	.LASF460
 10837 2384 F807     		.2byte	0x7f8
 10838 2386 0D       		.byte	0xd
 10839 2387 04010000 		.4byte	0x104
 10840 238b 2B040000 		.4byte	.LLST82
 10841 238f 27040000 		.4byte	.LVUS82
 10842 2393 0E       		.uleb128 0xe
 10843 2394 6900     		.ascii	"i\000"
 10844 2396 F907     		.2byte	0x7f9
 10845 2398 07       		.byte	0x7
ARM GAS  /tmp/ccRHyJSn.s 			page 197


 10846 2399 42000000 		.4byte	0x42
 10847 239d 3F040000 		.4byte	.LLST83
 10848 23a1 3B040000 		.4byte	.LVUS83
 10849 23a5 33       		.uleb128 0x33
 10850 23a6 EE360000 		.4byte	0x36ee
 10851 23aa 32000000 		.4byte	.LBI72
 10852 23ae 02       		.byte	.LVU1167
 10853 23af 32000000 		.4byte	.LBB72
 10854 23b3 02000000 		.4byte	.LBE72-.LBB72
 10855 23b7 0A08     		.2byte	0x80a
 10856 23b9 03       		.byte	0x3
 10857 23ba 33       		.uleb128 0x33
 10858 23bb F5360000 		.4byte	0x36f5
 10859 23bf 54000000 		.4byte	.LBI74
 10860 23c3 01       		.byte	.LVU1183
 10861 23c4 54000000 		.4byte	.LBB74
 10862 23c8 02000000 		.4byte	.LBE74-.LBB74
 10863 23cc 2308     		.2byte	0x823
 10864 23ce 03       		.byte	0x3
 10865 23cf 08       		.uleb128 0x8
 10866 23d0 0C000000 		.4byte	.LVL251
 10867 23d4 021B0000 		.4byte	0x1b02
 10868 23d8 E2230000 		.4byte	0x23e2
 10869 23dc 01       		.uleb128 0x1
 10870 23dd 01       		.uleb128 0x1
 10871 23de 50       		.byte	0x50
 10872 23df 01       		.uleb128 0x1
 10873 23e0 33       		.byte	0x33
 10874 23e1 00       		.byte	0
 10875 23e2 06       		.uleb128 0x6
 10876 23e3 30000000 		.4byte	.LVL254
 10877 23e7 8E360000 		.4byte	0x368e
 10878 23eb 08       		.uleb128 0x8
 10879 23ec 42000000 		.4byte	.LVL257
 10880 23f0 EF1A0000 		.4byte	0x1aef
 10881 23f4 FF230000 		.4byte	0x23ff
 10882 23f8 01       		.uleb128 0x1
 10883 23f9 01       		.uleb128 0x1
 10884 23fa 50       		.byte	0x50
 10885 23fb 02       		.uleb128 0x2
 10886 23fc 74       		.byte	0x74
 10887 23fd 00       		.sleb128 0
 10888 23fe 00       		.byte	0
 10889 23ff 06       		.uleb128 0x6
 10890 2400 46000000 		.4byte	.LVL258
 10891 2404 42250000 		.4byte	0x2542
 10892 2408 06       		.uleb128 0x6
 10893 2409 5A000000 		.4byte	.LVL260
 10894 240d 8E360000 		.4byte	0x368e
 10895 2411 00       		.byte	0
 10896 2412 07       		.uleb128 0x7
 10897 2413 F5050000 		.4byte	.LASF461
 10898 2417 9907     		.2byte	0x799
 10899 2419 00000000 		.4byte	.LFB286
 10900 241d 00010000 		.4byte	.LFE286-.LFB286
 10901 2421 01       		.uleb128 0x1
 10902 2422 9C       		.byte	0x9c
ARM GAS  /tmp/ccRHyJSn.s 			page 198


 10903 2423 42250000 		.4byte	0x2542
 10904 2427 0C       		.uleb128 0xc
 10905 2428 7300     		.ascii	"s\000"
 10906 242a 9907     		.2byte	0x799
 10907 242c 1E       		.byte	0x1e
 10908 242d 42000000 		.4byte	0x42
 10909 2431 53040000 		.4byte	.LLST68
 10910 2435 4F040000 		.4byte	.LVUS68
 10911 2439 0D       		.uleb128 0xd
 10912 243a 190C0000 		.4byte	.LASF462
 10913 243e 01       		.byte	0x1
 10914 243f 9907     		.2byte	0x799
 10915 2441 29       		.byte	0x29
 10916 2442 AF000000 		.4byte	0xaf
 10917 2446 71040000 		.4byte	.LLST69
 10918 244a 6D040000 		.4byte	.LVUS69
 10919 244e 0D       		.uleb128 0xd
 10920 244f 76140000 		.4byte	.LASF463
 10921 2453 01       		.byte	0x1
 10922 2454 9907     		.2byte	0x799
 10923 2456 3A       		.byte	0x3a
 10924 2457 42000000 		.4byte	0x42
 10925 245b 89040000 		.4byte	.LLST70
 10926 245f 83040000 		.4byte	.LVUS70
 10927 2463 0D       		.uleb128 0xd
 10928 2464 69140000 		.4byte	.LASF162
 10929 2468 01       		.byte	0x1
 10930 2469 9907     		.2byte	0x799
 10931 246b 4C       		.byte	0x4c
 10932 246c 42000000 		.4byte	0x42
 10933 2470 AC040000 		.4byte	.LLST71
 10934 2474 A8040000 		.4byte	.LVUS71
 10935 2478 12       		.uleb128 0x12
 10936 2479 43160000 		.4byte	.LASF464
 10937 247d 9C07     		.2byte	0x79c
 10938 247f 0B       		.byte	0xb
 10939 2480 AF000000 		.4byte	0xaf
 10940 2484 C3040000 		.4byte	.LLST72
 10941 2488 BD040000 		.4byte	.LVUS72
 10942 248c 0E       		.uleb128 0xe
 10943 248d 7400     		.ascii	"t\000"
 10944 248f 9D07     		.2byte	0x79d
 10945 2491 0C       		.byte	0xc
 10946 2492 DB000000 		.4byte	0xdb
 10947 2496 DC040000 		.4byte	.LLST73
 10948 249a DA040000 		.4byte	.LVUS73
 10949 249e 12       		.uleb128 0x12
 10950 249f B8100000 		.4byte	.LASF460
 10951 24a3 9E07     		.2byte	0x79e
 10952 24a5 0D       		.byte	0xd
 10953 24a6 04010000 		.4byte	0x104
 10954 24aa EE040000 		.4byte	.LLST74
 10955 24ae E6040000 		.4byte	.LVUS74
 10956 24b2 12       		.uleb128 0x12
 10957 24b3 ED0E0000 		.4byte	.LASF465
 10958 24b7 9F07     		.2byte	0x79f
 10959 24b9 07       		.byte	0x7
ARM GAS  /tmp/ccRHyJSn.s 			page 199


 10960 24ba 42000000 		.4byte	0x42
 10961 24be 1E050000 		.4byte	.LLST75
 10962 24c2 10050000 		.4byte	.LVUS75
 10963 24c6 0E       		.uleb128 0xe
 10964 24c7 6900     		.ascii	"i\000"
 10965 24c9 A107     		.2byte	0x7a1
 10966 24cb 07       		.byte	0x7
 10967 24cc 42000000 		.4byte	0x42
 10968 24d0 5A050000 		.4byte	.LLST76
 10969 24d4 52050000 		.4byte	.LVUS76
 10970 24d8 12       		.uleb128 0x12
 10971 24d9 B61D0000 		.4byte	.LASF466
 10972 24dd A207     		.2byte	0x7a2
 10973 24df 0C       		.byte	0xc
 10974 24e0 C5000000 		.4byte	0xc5
 10975 24e4 78050000 		.4byte	.LLST77
 10976 24e8 76050000 		.4byte	.LVUS77
 10977 24ec 12       		.uleb128 0x12
 10978 24ed 0F1A0000 		.4byte	.LASF467
 10979 24f1 A307     		.2byte	0x7a3
 10980 24f3 0C       		.byte	0xc
 10981 24f4 C5000000 		.4byte	0xc5
 10982 24f8 88050000 		.4byte	.LLST78
 10983 24fc 82050000 		.4byte	.LVUS78
 10984 2500 40       		.uleb128 0x40
 10985 2501 6A070000 		.4byte	.LASF468
 10986 2505 D607     		.2byte	0x7d6
 10987 2507 78000000 		.4byte	.L325
 10988 250b 40       		.uleb128 0x40
 10989 250c AB130000 		.4byte	.LASF469
 10990 2510 DA07     		.2byte	0x7da
 10991 2512 BE000000 		.4byte	.L330
 10992 2516 06       		.uleb128 0x6
 10993 2517 18000000 		.4byte	.LVL227
 10994 251b 8E360000 		.4byte	0x368e
 10995 251f 06       		.uleb128 0x6
 10996 2520 3A000000 		.4byte	.LVL232
 10997 2524 42250000 		.4byte	0x2542
 10998 2528 06       		.uleb128 0x6
 10999 2529 68000000 		.4byte	.LVL236
 11000 252d 8E360000 		.4byte	0x368e
 11001 2531 0B       		.uleb128 0xb
 11002 2532 84000000 		.4byte	.LVL238
 11003 2536 EF1A0000 		.4byte	0x1aef
 11004 253a 01       		.uleb128 0x1
 11005 253b 01       		.uleb128 0x1
 11006 253c 50       		.byte	0x50
 11007 253d 02       		.uleb128 0x2
 11008 253e 79       		.byte	0x79
 11009 253f 00       		.sleb128 0
 11010 2540 00       		.byte	0
 11011 2541 00       		.byte	0
 11012 2542 41       		.uleb128 0x41
 11013 2543 A61D0000 		.4byte	.LASF488
 11014 2547 4507     		.2byte	0x745
 11015 2549 0D       		.byte	0xd
 11016 254a EA030000 		.4byte	0x3ea
ARM GAS  /tmp/ccRHyJSn.s 			page 200


 11017 254e 00000000 		.4byte	.LFB285
 11018 2552 28000000 		.4byte	.LFE285-.LFB285
 11019 2556 01       		.uleb128 0x1
 11020 2557 9C       		.byte	0x9c
 11021 2558 A0250000 		.4byte	0x25a0
 11022 255c 12       		.uleb128 0x12
 11023 255d 43160000 		.4byte	.LASF464
 11024 2561 4607     		.2byte	0x746
 11025 2563 0B       		.byte	0xb
 11026 2564 AF000000 		.4byte	0xaf
 11027 2568 A7050000 		.4byte	.LLST46
 11028 256c A1050000 		.4byte	.LVUS46
 11029 2570 05       		.uleb128 0x5
 11030 2571 7D180000 		.4byte	.LASF437
 11031 2575 7407     		.2byte	0x774
 11032 2577 0B       		.byte	0xb
 11033 2578 20050000 		.4byte	0x520
 11034 257c 02       		.uleb128 0x2
 11035 257d 91       		.byte	0x91
 11036 257e 74       		.sleb128 -12
 11037 257f 0B       		.uleb128 0xb
 11038 2580 14000000 		.4byte	.LVL166
 11039 2584 AC2C0000 		.4byte	0x2cac
 11040 2588 01       		.uleb128 0x1
 11041 2589 01       		.uleb128 0x1
 11042 258a 50       		.byte	0x50
 11043 258b 02       		.uleb128 0x2
 11044 258c 91       		.byte	0x91
 11045 258d 74       		.sleb128 -12
 11046 258e 01       		.uleb128 0x1
 11047 258f 01       		.uleb128 0x1
 11048 2590 51       		.byte	0x51
 11049 2591 01       		.uleb128 0x1
 11050 2592 31       		.byte	0x31
 11051 2593 01       		.uleb128 0x1
 11052 2594 01       		.uleb128 0x1
 11053 2595 52       		.byte	0x52
 11054 2596 02       		.uleb128 0x2
 11055 2597 91       		.byte	0x91
 11056 2598 74       		.sleb128 -12
 11057 2599 01       		.uleb128 0x1
 11058 259a 01       		.uleb128 0x1
 11059 259b 53       		.byte	0x53
 11060 259c 01       		.uleb128 0x1
 11061 259d 33       		.byte	0x33
 11062 259e 00       		.byte	0
 11063 259f 00       		.byte	0
 11064 25a0 07       		.uleb128 0x7
 11065 25a1 340C0000 		.4byte	.LASF470
 11066 25a5 3B07     		.2byte	0x73b
 11067 25a7 00000000 		.4byte	.LFB284
 11068 25ab 10000000 		.4byte	.LFE284-.LFB284
 11069 25af 01       		.uleb128 0x1
 11070 25b0 9C       		.byte	0x9c
 11071 25b1 D4250000 		.4byte	0x25d4
 11072 25b5 0D       		.uleb128 0xd
 11073 25b6 E3190000 		.4byte	.LASF471
ARM GAS  /tmp/ccRHyJSn.s 			page 201


 11074 25ba 01       		.byte	0x1
 11075 25bb 3B07     		.2byte	0x73b
 11076 25bd 1B       		.byte	0x1b
 11077 25be 7D000000 		.4byte	0x7d
 11078 25c2 C1050000 		.4byte	.LLST67
 11079 25c6 BD050000 		.4byte	.LVUS67
 11080 25ca 19       		.uleb128 0x19
 11081 25cb 0C000000 		.4byte	.LVL224
 11082 25cf 16260000 		.4byte	0x2616
 11083 25d3 00       		.byte	0
 11084 25d4 07       		.uleb128 0x7
 11085 25d5 A8030000 		.4byte	.LASF472
 11086 25d9 3507     		.2byte	0x735
 11087 25db 00000000 		.4byte	.LFB283
 11088 25df 0C000000 		.4byte	.LFE283-.LFB283
 11089 25e3 01       		.uleb128 0x1
 11090 25e4 9C       		.byte	0x9c
 11091 25e5 16260000 		.4byte	0x2616
 11092 25e9 0D       		.uleb128 0xd
 11093 25ea E3190000 		.4byte	.LASF471
 11094 25ee 01       		.byte	0x1
 11095 25ef 3507     		.2byte	0x735
 11096 25f1 1C       		.byte	0x1c
 11097 25f2 7D000000 		.4byte	0x7d
 11098 25f6 DE050000 		.4byte	.LLST66
 11099 25fa DA050000 		.4byte	.LVUS66
 11100 25fe 1A       		.uleb128 0x1a
 11101 25ff 08000000 		.4byte	.LVL221
 11102 2603 16260000 		.4byte	0x2616
 11103 2607 01       		.uleb128 0x1
 11104 2608 01       		.uleb128 0x1
 11105 2609 50       		.byte	0x50
 11106 260a 09       		.uleb128 0x9
 11107 260b A3       		.byte	0xa3
 11108 260c 03       		.uleb128 0x3
 11109 260d A5       		.byte	0xa5
 11110 260e 00       		.uleb128 0
 11111 260f 26       		.uleb128 0x26
 11112 2610 A8       		.byte	0xa8
 11113 2611 3B       		.uleb128 0x3b
 11114 2612 A8       		.byte	0xa8
 11115 2613 00       		.uleb128 0
 11116 2614 00       		.byte	0
 11117 2615 00       		.byte	0
 11118 2616 42       		.uleb128 0x42
 11119 2617 48190000 		.4byte	.LASF537
 11120 261b 01       		.byte	0x1
 11121 261c 1D07     		.2byte	0x71d
 11122 261e 0D       		.byte	0xd
 11123 261f 00000000 		.4byte	.LFB282
 11124 2623 3C000000 		.4byte	.LFE282-.LFB282
 11125 2627 01       		.uleb128 0x1
 11126 2628 9C       		.byte	0x9c
 11127 2629 71260000 		.4byte	0x2671
 11128 262d 0D       		.uleb128 0xd
 11129 262e E3190000 		.4byte	.LASF471
 11130 2632 01       		.byte	0x1
ARM GAS  /tmp/ccRHyJSn.s 			page 202


 11131 2633 1D07     		.2byte	0x71d
 11132 2635 27       		.byte	0x27
 11133 2636 7D000000 		.4byte	0x7d
 11134 263a FD050000 		.4byte	.LLST45
 11135 263e F7050000 		.4byte	.LVUS45
 11136 2642 05       		.uleb128 0x5
 11137 2643 7D180000 		.4byte	.LASF437
 11138 2647 2707     		.2byte	0x727
 11139 2649 0B       		.byte	0xb
 11140 264a 5C210000 		.4byte	0x215c
 11141 264e 02       		.uleb128 0x2
 11142 264f 91       		.byte	0x91
 11143 2650 70       		.sleb128 -16
 11144 2651 0B       		.uleb128 0xb
 11145 2652 1A000000 		.4byte	.LVL164
 11146 2656 AC2C0000 		.4byte	0x2cac
 11147 265a 01       		.uleb128 0x1
 11148 265b 01       		.uleb128 0x1
 11149 265c 50       		.byte	0x50
 11150 265d 02       		.uleb128 0x2
 11151 265e 7D       		.byte	0x7d
 11152 265f 00       		.sleb128 0
 11153 2660 01       		.uleb128 0x1
 11154 2661 01       		.uleb128 0x1
 11155 2662 51       		.byte	0x51
 11156 2663 01       		.uleb128 0x1
 11157 2664 36       		.byte	0x36
 11158 2665 01       		.uleb128 0x1
 11159 2666 01       		.uleb128 0x1
 11160 2667 52       		.byte	0x52
 11161 2668 01       		.uleb128 0x1
 11162 2669 30       		.byte	0x30
 11163 266a 01       		.uleb128 0x1
 11164 266b 01       		.uleb128 0x1
 11165 266c 53       		.byte	0x53
 11166 266d 01       		.uleb128 0x1
 11167 266e 30       		.byte	0x30
 11168 266f 00       		.byte	0
 11169 2670 00       		.byte	0
 11170 2671 07       		.uleb128 0x7
 11171 2672 A50F0000 		.4byte	.LASF473
 11172 2676 0707     		.2byte	0x707
 11173 2678 00000000 		.4byte	.LFB281
 11174 267c 24000000 		.4byte	.LFE281-.LFB281
 11175 2680 01       		.uleb128 0x1
 11176 2681 9C       		.byte	0x9c
 11177 2682 B5260000 		.4byte	0x26b5
 11178 2686 05       		.uleb128 0x5
 11179 2687 7D180000 		.4byte	.LASF437
 11180 268b 1207     		.2byte	0x712
 11181 268d 0B       		.byte	0xb
 11182 268e EA170000 		.4byte	0x17ea
 11183 2692 02       		.uleb128 0x2
 11184 2693 91       		.byte	0x91
 11185 2694 70       		.sleb128 -16
 11186 2695 0B       		.uleb128 0xb
 11187 2696 1A000000 		.4byte	.LVL219
ARM GAS  /tmp/ccRHyJSn.s 			page 203


 11188 269a AC2C0000 		.4byte	0x2cac
 11189 269e 01       		.uleb128 0x1
 11190 269f 01       		.uleb128 0x1
 11191 26a0 50       		.byte	0x50
 11192 26a1 02       		.uleb128 0x2
 11193 26a2 7D       		.byte	0x7d
 11194 26a3 00       		.sleb128 0
 11195 26a4 01       		.uleb128 0x1
 11196 26a5 01       		.uleb128 0x1
 11197 26a6 51       		.byte	0x51
 11198 26a7 01       		.uleb128 0x1
 11199 26a8 35       		.byte	0x35
 11200 26a9 01       		.uleb128 0x1
 11201 26aa 01       		.uleb128 0x1
 11202 26ab 52       		.byte	0x52
 11203 26ac 01       		.uleb128 0x1
 11204 26ad 30       		.byte	0x30
 11205 26ae 01       		.uleb128 0x1
 11206 26af 01       		.uleb128 0x1
 11207 26b0 53       		.byte	0x53
 11208 26b1 01       		.uleb128 0x1
 11209 26b2 30       		.byte	0x30
 11210 26b3 00       		.byte	0
 11211 26b4 00       		.byte	0
 11212 26b5 34       		.uleb128 0x34
 11213 26b6 E5030000 		.4byte	.LASF494
 11214 26ba E406     		.2byte	0x6e4
 11215 26bc 17       		.byte	0x17
 11216 26bd 85130000 		.4byte	0x1385
 11217 26c1 D2260000 		.4byte	0x26d2
 11218 26c5 2F       		.uleb128 0x2f
 11219 26c6 31120000 		.4byte	.LASF474
 11220 26ca F306     		.2byte	0x6f3
 11221 26cc 0C       		.byte	0xc
 11222 26cd AF000000 		.4byte	0xaf
 11223 26d1 00       		.byte	0
 11224 26d2 1B       		.uleb128 0x1b
 11225 26d3 140E0000 		.4byte	.LASF475
 11226 26d7 DB06     		.2byte	0x6db
 11227 26d9 09       		.byte	0x9
 11228 26da AF000000 		.4byte	0xaf
 11229 26de 00000000 		.4byte	.LFB279
 11230 26e2 4C000000 		.4byte	.LFE279-.LFB279
 11231 26e6 01       		.uleb128 0x1
 11232 26e7 9C       		.byte	0x9c
 11233 26e8 8D270000 		.4byte	0x278d
 11234 26ec 0C       		.uleb128 0xc
 11235 26ed 72656700 		.ascii	"reg\000"
 11236 26f1 DB06     		.2byte	0x6db
 11237 26f3 18       		.byte	0x18
 11238 26f4 AF000000 		.4byte	0xaf
 11239 26f8 21060000 		.4byte	.LLST56
 11240 26fc 1B060000 		.4byte	.LVUS56
 11241 2700 25       		.uleb128 0x25
 11242 2701 EA2D0000 		.4byte	0x2dea
 11243 2705 0A000000 		.4byte	.LBI56
 11244 2709 01       		.byte	.LVU982
ARM GAS  /tmp/ccRHyJSn.s 			page 204


 11245 270a 61000000 		.4byte	.LLRL57
 11246 270e E006     		.2byte	0x6e0
 11247 2710 0A       		.byte	0xa
 11248 2711 7D270000 		.4byte	0x277d
 11249 2715 1E       		.uleb128 0x1e
 11250 2716 FA2D0000 		.4byte	0x2dfa
 11251 271a 43060000 		.4byte	.LLST58
 11252 271e 3F060000 		.4byte	.LVUS58
 11253 2722 23       		.uleb128 0x23
 11254 2723 61000000 		.4byte	.LLRL57
 11255 2727 43       		.uleb128 0x43
 11256 2728 062E0000 		.4byte	0x2e06
 11257 272c 55060000 		.4byte	.LLST59
 11258 2730 53060000 		.4byte	.LVUS59
 11259 2734 25       		.uleb128 0x25
 11260 2735 D5350000 		.4byte	0x35d5
 11261 2739 18000000 		.4byte	.LBI58
 11262 273d 03       		.byte	.LVU989
 11263 273e 6D000000 		.4byte	.LLRL60
 11264 2742 F504     		.2byte	0x4f5
 11265 2744 03       		.byte	0x3
 11266 2745 57270000 		.4byte	0x2757
 11267 2749 1E       		.uleb128 0x1e
 11268 274a E2350000 		.4byte	0x35e2
 11269 274e 62060000 		.4byte	.LLST61
 11270 2752 5E060000 		.4byte	.LVUS61
 11271 2756 00       		.byte	0
 11272 2757 33       		.uleb128 0x33
 11273 2758 C8350000 		.4byte	0x35c8
 11274 275c 28000000 		.4byte	.LBI61
 11275 2760 02       		.byte	.LVU998
 11276 2761 28000000 		.4byte	.LBB61
 11277 2765 0E000000 		.4byte	.LBE61-.LBB61
 11278 2769 F604     		.2byte	0x4f6
 11279 276b 0A       		.byte	0xa
 11280 276c 0B       		.uleb128 0xb
 11281 276d 10000000 		.4byte	.LVL203
 11282 2771 021B0000 		.4byte	0x1b02
 11283 2775 01       		.uleb128 0x1
 11284 2776 01       		.uleb128 0x1
 11285 2777 50       		.byte	0x50
 11286 2778 01       		.uleb128 0x1
 11287 2779 33       		.byte	0x33
 11288 277a 00       		.byte	0
 11289 277b 00       		.byte	0
 11290 277c 00       		.byte	0
 11291 277d 0B       		.uleb128 0xb
 11292 277e 0A000000 		.4byte	.LVL202
 11293 2782 021B0000 		.4byte	0x1b02
 11294 2786 01       		.uleb128 0x1
 11295 2787 01       		.uleb128 0x1
 11296 2788 50       		.byte	0x50
 11297 2789 01       		.uleb128 0x1
 11298 278a 33       		.byte	0x33
 11299 278b 00       		.byte	0
 11300 278c 00       		.byte	0
 11301 278d 1B       		.uleb128 0x1b
ARM GAS  /tmp/ccRHyJSn.s 			page 205


 11302 278e 3C140000 		.4byte	.LASF476
 11303 2792 C006     		.2byte	0x6c0
 11304 2794 07       		.byte	0x7
 11305 2795 49000000 		.4byte	0x49
 11306 2799 00000000 		.4byte	.LFB278
 11307 279d 80000000 		.4byte	.LFE278-.LFB278
 11308 27a1 01       		.uleb128 0x1
 11309 27a2 9C       		.byte	0x9c
 11310 27a3 E9270000 		.4byte	0x27e9
 11311 27a7 05       		.uleb128 0x5
 11312 27a8 7D180000 		.4byte	.LASF437
 11313 27ac C206     		.2byte	0x6c2
 11314 27ae 0B       		.byte	0xb
 11315 27af 10050000 		.4byte	0x510
 11316 27b3 02       		.uleb128 0x2
 11317 27b4 91       		.byte	0x91
 11318 27b5 70       		.sleb128 -16
 11319 27b6 0E       		.uleb128 0xe
 11320 27b7 7400     		.ascii	"t\000"
 11321 27b9 C406     		.2byte	0x6c4
 11322 27bb 09       		.byte	0x9
 11323 27bc 49000000 		.4byte	0x49
 11324 27c0 76060000 		.4byte	.LLST55
 11325 27c4 72060000 		.4byte	.LVUS55
 11326 27c8 0B       		.uleb128 0xb
 11327 27c9 18000000 		.4byte	.LVL198
 11328 27cd AC2C0000 		.4byte	0x2cac
 11329 27d1 01       		.uleb128 0x1
 11330 27d2 01       		.uleb128 0x1
 11331 27d3 50       		.byte	0x50
 11332 27d4 02       		.uleb128 0x2
 11333 27d5 7D       		.byte	0x7d
 11334 27d6 00       		.sleb128 0
 11335 27d7 01       		.uleb128 0x1
 11336 27d8 01       		.uleb128 0x1
 11337 27d9 51       		.byte	0x51
 11338 27da 01       		.uleb128 0x1
 11339 27db 33       		.byte	0x33
 11340 27dc 01       		.uleb128 0x1
 11341 27dd 01       		.uleb128 0x1
 11342 27de 52       		.byte	0x52
 11343 27df 02       		.uleb128 0x2
 11344 27e0 7D       		.byte	0x7d
 11345 27e1 00       		.sleb128 0
 11346 27e2 01       		.uleb128 0x1
 11347 27e3 01       		.uleb128 0x1
 11348 27e4 53       		.byte	0x53
 11349 27e5 01       		.uleb128 0x1
 11350 27e6 38       		.byte	0x38
 11351 27e7 00       		.byte	0
 11352 27e8 00       		.byte	0
 11353 27e9 07       		.uleb128 0x7
 11354 27ea 67120000 		.4byte	.LASF477
 11355 27ee A606     		.2byte	0x6a6
 11356 27f0 00000000 		.4byte	.LFB277
 11357 27f4 6A000000 		.4byte	.LFE277-.LFB277
 11358 27f8 01       		.uleb128 0x1
ARM GAS  /tmp/ccRHyJSn.s 			page 206


 11359 27f9 9C       		.byte	0x9c
 11360 27fa 69280000 		.4byte	0x2869
 11361 27fe 0D       		.uleb128 0xd
 11362 27ff 89080000 		.4byte	.LASF478
 11363 2803 01       		.byte	0x1
 11364 2804 A606     		.2byte	0x6a6
 11365 2806 24       		.byte	0x24
 11366 2807 69280000 		.4byte	0x2869
 11367 280b AB060000 		.4byte	.LLST54
 11368 280f A7060000 		.4byte	.LVUS54
 11369 2813 05       		.uleb128 0x5
 11370 2814 7D180000 		.4byte	.LASF437
 11371 2818 A806     		.2byte	0x6a8
 11372 281a 0B       		.byte	0xb
 11373 281b 10050000 		.4byte	0x510
 11374 281f 02       		.uleb128 0x2
 11375 2820 91       		.byte	0x91
 11376 2821 68       		.sleb128 -24
 11377 2822 08       		.uleb128 0x8
 11378 2823 18000000 		.4byte	.LVL196
 11379 2827 AC2C0000 		.4byte	0x2cac
 11380 282b 47280000 		.4byte	0x2847
 11381 282f 01       		.uleb128 0x1
 11382 2830 01       		.uleb128 0x1
 11383 2831 50       		.byte	0x50
 11384 2832 02       		.uleb128 0x2
 11385 2833 7D       		.byte	0x7d
 11386 2834 00       		.sleb128 0
 11387 2835 01       		.uleb128 0x1
 11388 2836 01       		.uleb128 0x1
 11389 2837 51       		.byte	0x51
 11390 2838 02       		.uleb128 0x2
 11391 2839 75       		.byte	0x75
 11392 283a 00       		.sleb128 0
 11393 283b 01       		.uleb128 0x1
 11394 283c 01       		.uleb128 0x1
 11395 283d 52       		.byte	0x52
 11396 283e 02       		.uleb128 0x2
 11397 283f 7D       		.byte	0x7d
 11398 2840 00       		.sleb128 0
 11399 2841 01       		.uleb128 0x1
 11400 2842 01       		.uleb128 0x1
 11401 2843 53       		.byte	0x53
 11402 2844 01       		.uleb128 0x1
 11403 2845 38       		.byte	0x38
 11404 2846 00       		.byte	0
 11405 2847 0B       		.uleb128 0xb
 11406 2848 4C000000 		.4byte	.LVL197
 11407 284c AC2C0000 		.4byte	0x2cac
 11408 2850 01       		.uleb128 0x1
 11409 2851 01       		.uleb128 0x1
 11410 2852 50       		.byte	0x50
 11411 2853 02       		.uleb128 0x2
 11412 2854 7D       		.byte	0x7d
 11413 2855 00       		.sleb128 0
 11414 2856 01       		.uleb128 0x1
 11415 2857 01       		.uleb128 0x1
ARM GAS  /tmp/ccRHyJSn.s 			page 207


 11416 2858 51       		.byte	0x51
 11417 2859 02       		.uleb128 0x2
 11418 285a 75       		.byte	0x75
 11419 285b 00       		.sleb128 0
 11420 285c 01       		.uleb128 0x1
 11421 285d 01       		.uleb128 0x1
 11422 285e 52       		.byte	0x52
 11423 285f 02       		.uleb128 0x2
 11424 2860 7D       		.byte	0x7d
 11425 2861 00       		.sleb128 0
 11426 2862 01       		.uleb128 0x1
 11427 2863 01       		.uleb128 0x1
 11428 2864 53       		.byte	0x53
 11429 2865 01       		.uleb128 0x1
 11430 2866 36       		.byte	0x36
 11431 2867 00       		.byte	0
 11432 2868 00       		.byte	0
 11433 2869 26       		.uleb128 0x26
 11434 286a 38130000 		.4byte	0x1338
 11435 286e 07       		.uleb128 0x7
 11436 286f 08050000 		.4byte	.LASF479
 11437 2873 9606     		.2byte	0x696
 11438 2875 00000000 		.4byte	.LFB276
 11439 2879 40000000 		.4byte	.LFE276-.LFB276
 11440 287d 01       		.uleb128 0x1
 11441 287e 9C       		.byte	0x9c
 11442 287f 00290000 		.4byte	0x2900
 11443 2883 0C       		.uleb128 0xc
 11444 2884 72656600 		.ascii	"ref\000"
 11445 2888 9606     		.2byte	0x696
 11446 288a 1F       		.byte	0x1f
 11447 288b 42000000 		.4byte	0x42
 11448 288f C5060000 		.4byte	.LLST53
 11449 2893 BB060000 		.4byte	.LVUS53
 11450 2897 22       		.uleb128 0x22
 11451 2898 06000000 		.4byte	.LBB49
 11452 289c 22000000 		.4byte	.LBE49-.LBB49
 11453 28a0 EB280000 		.4byte	0x28eb
 11454 28a4 05       		.uleb128 0x5
 11455 28a5 71180000 		.4byte	.LASF438
 11456 28a9 9A06     		.2byte	0x69a
 11457 28ab 0D       		.byte	0xd
 11458 28ac EA170000 		.4byte	0x17ea
 11459 28b0 02       		.uleb128 0x2
 11460 28b1 91       		.byte	0x91
 11461 28b2 70       		.sleb128 -16
 11462 28b3 08       		.uleb128 0x8
 11463 28b4 0E000000 		.4byte	.LVL188
 11464 28b8 C22B0000 		.4byte	0x2bc2
 11465 28bc CB280000 		.4byte	0x28cb
 11466 28c0 01       		.uleb128 0x1
 11467 28c1 01       		.uleb128 0x1
 11468 28c2 50       		.byte	0x50
 11469 28c3 01       		.uleb128 0x1
 11470 28c4 30       		.byte	0x30
 11471 28c5 01       		.uleb128 0x1
 11472 28c6 01       		.uleb128 0x1
ARM GAS  /tmp/ccRHyJSn.s 			page 208


 11473 28c7 51       		.byte	0x51
 11474 28c8 01       		.uleb128 0x1
 11475 28c9 37       		.byte	0x37
 11476 28ca 00       		.byte	0
 11477 28cb 0B       		.uleb128 0xb
 11478 28cc 28000000 		.4byte	.LVL189
 11479 28d0 AC2C0000 		.4byte	0x2cac
 11480 28d4 01       		.uleb128 0x1
 11481 28d5 01       		.uleb128 0x1
 11482 28d6 50       		.byte	0x50
 11483 28d7 02       		.uleb128 0x2
 11484 28d8 7D       		.byte	0x7d
 11485 28d9 00       		.sleb128 0
 11486 28da 01       		.uleb128 0x1
 11487 28db 01       		.uleb128 0x1
 11488 28dc 51       		.byte	0x51
 11489 28dd 01       		.uleb128 0x1
 11490 28de 35       		.byte	0x35
 11491 28df 01       		.uleb128 0x1
 11492 28e0 01       		.uleb128 0x1
 11493 28e1 52       		.byte	0x52
 11494 28e2 01       		.uleb128 0x1
 11495 28e3 30       		.byte	0x30
 11496 28e4 01       		.uleb128 0x1
 11497 28e5 01       		.uleb128 0x1
 11498 28e6 53       		.byte	0x53
 11499 28e7 01       		.uleb128 0x1
 11500 28e8 30       		.byte	0x30
 11501 28e9 00       		.byte	0
 11502 28ea 00       		.byte	0
 11503 28eb 1A       		.uleb128 0x1a
 11504 28ec 3A000000 		.4byte	.LVL193
 11505 28f0 C22B0000 		.4byte	0x2bc2
 11506 28f4 01       		.uleb128 0x1
 11507 28f5 01       		.uleb128 0x1
 11508 28f6 50       		.byte	0x50
 11509 28f7 01       		.uleb128 0x1
 11510 28f8 30       		.byte	0x30
 11511 28f9 01       		.uleb128 0x1
 11512 28fa 01       		.uleb128 0x1
 11513 28fb 51       		.byte	0x51
 11514 28fc 01       		.uleb128 0x1
 11515 28fd 31       		.byte	0x31
 11516 28fe 00       		.byte	0
 11517 28ff 00       		.byte	0
 11518 2900 07       		.uleb128 0x7
 11519 2901 6D000000 		.4byte	.LASF480
 11520 2905 8D06     		.2byte	0x68d
 11521 2907 00000000 		.4byte	.LFB275
 11522 290b 20000000 		.4byte	.LFE275-.LFB275
 11523 290f 01       		.uleb128 0x1
 11524 2910 9C       		.byte	0x9c
 11525 2911 45290000 		.4byte	0x2945
 11526 2915 05       		.uleb128 0x5
 11527 2916 7D180000 		.4byte	.LASF437
 11528 291a 8F06     		.2byte	0x68f
 11529 291c 0B       		.byte	0xb
ARM GAS  /tmp/ccRHyJSn.s 			page 209


 11530 291d 45290000 		.4byte	0x2945
 11531 2921 02       		.uleb128 0x2
 11532 2922 91       		.byte	0x91
 11533 2923 6C       		.sleb128 -20
 11534 2924 0B       		.uleb128 0xb
 11535 2925 1A000000 		.4byte	.LVL185
 11536 2929 AC2C0000 		.4byte	0x2cac
 11537 292d 01       		.uleb128 0x1
 11538 292e 01       		.uleb128 0x1
 11539 292f 50       		.byte	0x50
 11540 2930 02       		.uleb128 0x2
 11541 2931 91       		.byte	0x91
 11542 2932 6C       		.sleb128 -20
 11543 2933 01       		.uleb128 0x1
 11544 2934 01       		.uleb128 0x1
 11545 2935 51       		.byte	0x51
 11546 2936 01       		.uleb128 0x1
 11547 2937 31       		.byte	0x31
 11548 2938 01       		.uleb128 0x1
 11549 2939 01       		.uleb128 0x1
 11550 293a 52       		.byte	0x52
 11551 293b 02       		.uleb128 0x2
 11552 293c 91       		.byte	0x91
 11553 293d 6C       		.sleb128 -20
 11554 293e 01       		.uleb128 0x1
 11555 293f 01       		.uleb128 0x1
 11556 2940 53       		.byte	0x53
 11557 2941 01       		.uleb128 0x1
 11558 2942 38       		.byte	0x38
 11559 2943 00       		.byte	0
 11560 2944 00       		.byte	0
 11561 2945 0A       		.uleb128 0xa
 11562 2946 AF000000 		.4byte	0xaf
 11563 294a 55290000 		.4byte	0x2955
 11564 294e 09       		.uleb128 0x9
 11565 294f 2D000000 		.4byte	0x2d
 11566 2953 08       		.byte	0x8
 11567 2954 00       		.byte	0
 11568 2955 07       		.uleb128 0x7
 11569 2956 F4140000 		.4byte	.LASF481
 11570 295a 8406     		.2byte	0x684
 11571 295c 00000000 		.4byte	.LFB274
 11572 2960 24000000 		.4byte	.LFE274-.LFB274
 11573 2964 01       		.uleb128 0x1
 11574 2965 9C       		.byte	0x9c
 11575 2966 99290000 		.4byte	0x2999
 11576 296a 05       		.uleb128 0x5
 11577 296b 7D180000 		.4byte	.LASF437
 11578 296f 8606     		.2byte	0x686
 11579 2971 0B       		.byte	0xb
 11580 2972 99290000 		.4byte	0x2999
 11581 2976 02       		.uleb128 0x2
 11582 2977 91       		.byte	0x91
 11583 2978 74       		.sleb128 -12
 11584 2979 0B       		.uleb128 0xb
 11585 297a 14000000 		.4byte	.LVL184
 11586 297e AC2C0000 		.4byte	0x2cac
ARM GAS  /tmp/ccRHyJSn.s 			page 210


 11587 2982 01       		.uleb128 0x1
 11588 2983 01       		.uleb128 0x1
 11589 2984 50       		.byte	0x50
 11590 2985 02       		.uleb128 0x2
 11591 2986 91       		.byte	0x91
 11592 2987 74       		.sleb128 -12
 11593 2988 01       		.uleb128 0x1
 11594 2989 01       		.uleb128 0x1
 11595 298a 51       		.byte	0x51
 11596 298b 01       		.uleb128 0x1
 11597 298c 31       		.byte	0x31
 11598 298d 01       		.uleb128 0x1
 11599 298e 01       		.uleb128 0x1
 11600 298f 52       		.byte	0x52
 11601 2990 01       		.uleb128 0x1
 11602 2991 30       		.byte	0x30
 11603 2992 01       		.uleb128 0x1
 11604 2993 01       		.uleb128 0x1
 11605 2994 53       		.byte	0x53
 11606 2995 01       		.uleb128 0x1
 11607 2996 30       		.byte	0x30
 11608 2997 00       		.byte	0
 11609 2998 00       		.byte	0
 11610 2999 0A       		.uleb128 0xa
 11611 299a AF000000 		.4byte	0xaf
 11612 299e A9290000 		.4byte	0x29a9
 11613 29a2 09       		.uleb128 0x9
 11614 29a3 2D000000 		.4byte	0x2d
 11615 29a7 00       		.byte	0
 11616 29a8 00       		.byte	0
 11617 29a9 1B       		.uleb128 0x1b
 11618 29aa 330D0000 		.4byte	.LASF482
 11619 29ae 4506     		.2byte	0x645
 11620 29b0 05       		.byte	0x5
 11621 29b1 42000000 		.4byte	0x42
 11622 29b5 00000000 		.4byte	.LFB273
 11623 29b9 68000000 		.4byte	.LFE273-.LFB273
 11624 29bd 01       		.uleb128 0x1
 11625 29be 9C       		.byte	0x9c
 11626 29bf 642A0000 		.4byte	0x2a64
 11627 29c3 0D       		.uleb128 0xd
 11628 29c4 FA170000 		.4byte	.LASF483
 11629 29c8 01       		.byte	0x1
 11630 29c9 4506     		.2byte	0x645
 11631 29cb 1D       		.byte	0x1d
 11632 29cc AF000000 		.4byte	0xaf
 11633 29d0 F3060000 		.4byte	.LLST62
 11634 29d4 ED060000 		.4byte	.LVUS62
 11635 29d8 0E       		.uleb128 0xe
 11636 29d9 7300     		.ascii	"s\000"
 11637 29db 4706     		.2byte	0x647
 11638 29dd 12       		.byte	0x12
 11639 29de 85130000 		.4byte	0x1385
 11640 29e2 15070000 		.4byte	.LLST63
 11641 29e6 11070000 		.4byte	.LVUS63
 11642 29ea 05       		.uleb128 0x5
 11643 29eb 7D180000 		.4byte	.LASF437
ARM GAS  /tmp/ccRHyJSn.s 			page 211


 11644 29ef 5F06     		.2byte	0x65f
 11645 29f1 0B       		.byte	0xb
 11646 29f2 10050000 		.4byte	0x510
 11647 29f6 02       		.uleb128 0x2
 11648 29f7 91       		.byte	0x91
 11649 29f8 70       		.sleb128 -16
 11650 29f9 25       		.uleb128 0x25
 11651 29fa B5260000 		.4byte	0x26b5
 11652 29fe 00000000 		.4byte	.LBI68
 11653 2a02 02       		.byte	.LVU1015
 11654 2a03 79000000 		.4byte	.LLRL64
 11655 2a07 4706     		.2byte	0x647
 11656 2a09 16       		.byte	0x16
 11657 2a0a 322A0000 		.4byte	0x2a32
 11658 2a0e 23       		.uleb128 0x23
 11659 2a0f 79000000 		.4byte	.LLRL64
 11660 2a13 43       		.uleb128 0x43
 11661 2a14 C5260000 		.4byte	0x26c5
 11662 2a18 27070000 		.4byte	.LLST65
 11663 2a1c 25070000 		.4byte	.LVUS65
 11664 2a20 0B       		.uleb128 0xb
 11665 2a21 0A000000 		.4byte	.LVL211
 11666 2a25 D2260000 		.4byte	0x26d2
 11667 2a29 01       		.uleb128 0x1
 11668 2a2a 01       		.uleb128 0x1
 11669 2a2b 50       		.byte	0x50
 11670 2a2c 02       		.uleb128 0x2
 11671 2a2d 08       		.byte	0x8
 11672 2a2e 51       		.byte	0x51
 11673 2a2f 00       		.byte	0
 11674 2a30 00       		.byte	0
 11675 2a31 00       		.byte	0
 11676 2a32 06       		.uleb128 0x6
 11677 2a33 1E000000 		.4byte	.LVL214
 11678 2a37 052C0000 		.4byte	0x2c05
 11679 2a3b 08       		.uleb128 0x8
 11680 2a3c 30000000 		.4byte	.LVL217
 11681 2a40 4E2C0000 		.4byte	0x2c4e
 11682 2a44 4E2A0000 		.4byte	0x2a4e
 11683 2a48 01       		.uleb128 0x1
 11684 2a49 01       		.uleb128 0x1
 11685 2a4a 50       		.byte	0x50
 11686 2a4b 01       		.uleb128 0x1
 11687 2a4c 33       		.byte	0x33
 11688 2a4d 00       		.byte	0
 11689 2a4e 0B       		.uleb128 0xb
 11690 2a4f 52000000 		.4byte	.LVL218
 11691 2a53 AC2C0000 		.4byte	0x2cac
 11692 2a57 01       		.uleb128 0x1
 11693 2a58 01       		.uleb128 0x1
 11694 2a59 50       		.byte	0x50
 11695 2a5a 02       		.uleb128 0x2
 11696 2a5b 7D       		.byte	0x7d
 11697 2a5c 00       		.sleb128 0
 11698 2a5d 01       		.uleb128 0x1
 11699 2a5e 01       		.uleb128 0x1
 11700 2a5f 51       		.byte	0x51
ARM GAS  /tmp/ccRHyJSn.s 			page 212


 11701 2a60 01       		.uleb128 0x1
 11702 2a61 38       		.byte	0x38
 11703 2a62 00       		.byte	0
 11704 2a63 00       		.byte	0
 11705 2a64 07       		.uleb128 0x7
 11706 2a65 790E0000 		.4byte	.LASF484
 11707 2a69 0706     		.2byte	0x607
 11708 2a6b 00000000 		.4byte	.LFB272
 11709 2a6f 80000000 		.4byte	.LFE272-.LFB272
 11710 2a73 01       		.uleb128 0x1
 11711 2a74 9C       		.byte	0x9c
 11712 2a75 562B0000 		.4byte	0x2b56
 11713 2a79 0D       		.uleb128 0xd
 11714 2a7a FA170000 		.4byte	.LASF483
 11715 2a7e 01       		.byte	0x1
 11716 2a7f 0706     		.2byte	0x607
 11717 2a81 1E       		.byte	0x1e
 11718 2a82 AF000000 		.4byte	0xaf
 11719 2a86 36070000 		.4byte	.LLST51
 11720 2a8a 30070000 		.4byte	.LVUS51
 11721 2a8e 44       		.uleb128 0x44
 11722 2a8f 52000000 		.4byte	.LLRL52
 11723 2a93 C82A0000 		.4byte	0x2ac8
 11724 2a97 05       		.uleb128 0x5
 11725 2a98 7D180000 		.4byte	.LASF437
 11726 2a9c 1706     		.2byte	0x617
 11727 2a9e 0D       		.byte	0xd
 11728 2a9f EA170000 		.4byte	0x17ea
 11729 2aa3 02       		.uleb128 0x2
 11730 2aa4 91       		.byte	0x91
 11731 2aa5 68       		.sleb128 -24
 11732 2aa6 0B       		.uleb128 0xb
 11733 2aa7 1A000000 		.4byte	.LVL179
 11734 2aab AC2C0000 		.4byte	0x2cac
 11735 2aaf 01       		.uleb128 0x1
 11736 2ab0 01       		.uleb128 0x1
 11737 2ab1 50       		.byte	0x50
 11738 2ab2 02       		.uleb128 0x2
 11739 2ab3 7D       		.byte	0x7d
 11740 2ab4 00       		.sleb128 0
 11741 2ab5 01       		.uleb128 0x1
 11742 2ab6 01       		.uleb128 0x1
 11743 2ab7 51       		.byte	0x51
 11744 2ab8 01       		.uleb128 0x1
 11745 2ab9 35       		.byte	0x35
 11746 2aba 01       		.uleb128 0x1
 11747 2abb 01       		.uleb128 0x1
 11748 2abc 52       		.byte	0x52
 11749 2abd 02       		.uleb128 0x2
 11750 2abe 74       		.byte	0x74
 11751 2abf 00       		.sleb128 0
 11752 2ac0 01       		.uleb128 0x1
 11753 2ac1 01       		.uleb128 0x1
 11754 2ac2 53       		.byte	0x53
 11755 2ac3 02       		.uleb128 0x2
 11756 2ac4 74       		.byte	0x74
 11757 2ac5 00       		.sleb128 0
ARM GAS  /tmp/ccRHyJSn.s 			page 213


 11758 2ac6 00       		.byte	0
 11759 2ac7 00       		.byte	0
 11760 2ac8 22       		.uleb128 0x22
 11761 2ac9 1A000000 		.4byte	.LBB47
 11762 2acd 20000000 		.4byte	.LBE47-.LBB47
 11763 2ad1 062B0000 		.4byte	0x2b06
 11764 2ad5 05       		.uleb128 0x5
 11765 2ad6 7D180000 		.4byte	.LASF437
 11766 2ada 2006     		.2byte	0x620
 11767 2adc 0D       		.byte	0xd
 11768 2add 10050000 		.4byte	0x510
 11769 2ae1 02       		.uleb128 0x2
 11770 2ae2 91       		.byte	0x91
 11771 2ae3 68       		.sleb128 -24
 11772 2ae4 0B       		.uleb128 0xb
 11773 2ae5 3A000000 		.4byte	.LVL180
 11774 2ae9 AC2C0000 		.4byte	0x2cac
 11775 2aed 01       		.uleb128 0x1
 11776 2aee 01       		.uleb128 0x1
 11777 2aef 50       		.byte	0x50
 11778 2af0 02       		.uleb128 0x2
 11779 2af1 7D       		.byte	0x7d
 11780 2af2 00       		.sleb128 0
 11781 2af3 01       		.uleb128 0x1
 11782 2af4 01       		.uleb128 0x1
 11783 2af5 51       		.byte	0x51
 11784 2af6 01       		.uleb128 0x1
 11785 2af7 38       		.byte	0x38
 11786 2af8 01       		.uleb128 0x1
 11787 2af9 01       		.uleb128 0x1
 11788 2afa 52       		.byte	0x52
 11789 2afb 02       		.uleb128 0x2
 11790 2afc 74       		.byte	0x74
 11791 2afd 00       		.sleb128 0
 11792 2afe 01       		.uleb128 0x1
 11793 2aff 01       		.uleb128 0x1
 11794 2b00 53       		.byte	0x53
 11795 2b01 02       		.uleb128 0x2
 11796 2b02 74       		.byte	0x74
 11797 2b03 00       		.sleb128 0
 11798 2b04 00       		.byte	0
 11799 2b05 00       		.byte	0
 11800 2b06 22       		.uleb128 0x22
 11801 2b07 3A000000 		.4byte	.LBB48
 11802 2b0b 22000000 		.4byte	.LBE48-.LBB48
 11803 2b0f 442B0000 		.4byte	0x2b44
 11804 2b13 05       		.uleb128 0x5
 11805 2b14 7D180000 		.4byte	.LASF437
 11806 2b18 2C06     		.2byte	0x62c
 11807 2b1a 0D       		.byte	0xd
 11808 2b1b 562B0000 		.4byte	0x2b56
 11809 2b1f 02       		.uleb128 0x2
 11810 2b20 91       		.byte	0x91
 11811 2b21 68       		.sleb128 -24
 11812 2b22 0B       		.uleb128 0xb
 11813 2b23 5C000000 		.4byte	.LVL181
 11814 2b27 AC2C0000 		.4byte	0x2cac
ARM GAS  /tmp/ccRHyJSn.s 			page 214


 11815 2b2b 01       		.uleb128 0x1
 11816 2b2c 01       		.uleb128 0x1
 11817 2b2d 50       		.byte	0x50
 11818 2b2e 02       		.uleb128 0x2
 11819 2b2f 7D       		.byte	0x7d
 11820 2b30 00       		.sleb128 0
 11821 2b31 01       		.uleb128 0x1
 11822 2b32 01       		.uleb128 0x1
 11823 2b33 51       		.byte	0x51
 11824 2b34 01       		.uleb128 0x1
 11825 2b35 37       		.byte	0x37
 11826 2b36 01       		.uleb128 0x1
 11827 2b37 01       		.uleb128 0x1
 11828 2b38 52       		.byte	0x52
 11829 2b39 02       		.uleb128 0x2
 11830 2b3a 74       		.byte	0x74
 11831 2b3b 00       		.sleb128 0
 11832 2b3c 01       		.uleb128 0x1
 11833 2b3d 01       		.uleb128 0x1
 11834 2b3e 53       		.byte	0x53
 11835 2b3f 02       		.uleb128 0x2
 11836 2b40 74       		.byte	0x74
 11837 2b41 00       		.sleb128 0
 11838 2b42 00       		.byte	0
 11839 2b43 00       		.byte	0
 11840 2b44 1A       		.uleb128 0x1a
 11841 2b45 70000000 		.4byte	.LVL183
 11842 2b49 EF1A0000 		.4byte	0x1aef
 11843 2b4d 01       		.uleb128 0x1
 11844 2b4e 01       		.uleb128 0x1
 11845 2b4f 50       		.byte	0x50
 11846 2b50 03       		.uleb128 0x3
 11847 2b51 0A       		.byte	0xa
 11848 2b52 E803     		.2byte	0x3e8
 11849 2b54 00       		.byte	0
 11850 2b55 00       		.byte	0
 11851 2b56 0A       		.uleb128 0xa
 11852 2b57 AF000000 		.4byte	0xaf
 11853 2b5b 662B0000 		.4byte	0x2b66
 11854 2b5f 09       		.uleb128 0x9
 11855 2b60 2D000000 		.4byte	0x2d
 11856 2b64 06       		.byte	0x6
 11857 2b65 00       		.byte	0
 11858 2b66 07       		.uleb128 0x7
 11859 2b67 A0100000 		.4byte	.LASF485
 11860 2b6b F305     		.2byte	0x5f3
 11861 2b6d 00000000 		.4byte	.LFB271
 11862 2b71 3C000000 		.4byte	.LFE271-.LFB271
 11863 2b75 01       		.uleb128 0x1
 11864 2b76 9C       		.byte	0x9c
 11865 2b77 C22B0000 		.4byte	0x2bc2
 11866 2b7b 0C       		.uleb128 0xc
 11867 2b7c 7400     		.ascii	"t\000"
 11868 2b7e F305     		.2byte	0x5f3
 11869 2b80 22       		.byte	0x22
 11870 2b81 42000000 		.4byte	0x42
 11871 2b85 5D070000 		.4byte	.LLST49
ARM GAS  /tmp/ccRHyJSn.s 			page 215


 11872 2b89 55070000 		.4byte	.LVUS49
 11873 2b8d 23       		.uleb128 0x23
 11874 2b8e 46000000 		.4byte	.LLRL50
 11875 2b92 05       		.uleb128 0x5
 11876 2b93 7D180000 		.4byte	.LASF437
 11877 2b97 F905     		.2byte	0x5f9
 11878 2b99 0F       		.byte	0xf
 11879 2b9a 10050000 		.4byte	0x510
 11880 2b9e 02       		.uleb128 0x2
 11881 2b9f 91       		.byte	0x91
 11882 2ba0 70       		.sleb128 -16
 11883 2ba1 0B       		.uleb128 0xb
 11884 2ba2 28000000 		.4byte	.LVL175
 11885 2ba6 AC2C0000 		.4byte	0x2cac
 11886 2baa 01       		.uleb128 0x1
 11887 2bab 01       		.uleb128 0x1
 11888 2bac 50       		.byte	0x50
 11889 2bad 02       		.uleb128 0x2
 11890 2bae 7D       		.byte	0x7d
 11891 2baf 00       		.sleb128 0
 11892 2bb0 01       		.uleb128 0x1
 11893 2bb1 01       		.uleb128 0x1
 11894 2bb2 51       		.byte	0x51
 11895 2bb3 01       		.uleb128 0x1
 11896 2bb4 38       		.byte	0x38
 11897 2bb5 01       		.uleb128 0x1
 11898 2bb6 01       		.uleb128 0x1
 11899 2bb7 52       		.byte	0x52
 11900 2bb8 01       		.uleb128 0x1
 11901 2bb9 30       		.byte	0x30
 11902 2bba 01       		.uleb128 0x1
 11903 2bbb 01       		.uleb128 0x1
 11904 2bbc 53       		.byte	0x53
 11905 2bbd 01       		.uleb128 0x1
 11906 2bbe 30       		.byte	0x30
 11907 2bbf 00       		.byte	0
 11908 2bc0 00       		.byte	0
 11909 2bc1 00       		.byte	0
 11910 2bc2 07       		.uleb128 0x7
 11911 2bc3 080D0000 		.4byte	.LASF486
 11912 2bc7 DB05     		.2byte	0x5db
 11913 2bc9 00000000 		.4byte	.LFB270
 11914 2bcd 14000000 		.4byte	.LFE270-.LFB270
 11915 2bd1 01       		.uleb128 0x1
 11916 2bd2 9C       		.byte	0x9c
 11917 2bd3 052C0000 		.4byte	0x2c05
 11918 2bd7 0C       		.uleb128 0xc
 11919 2bd8 6900     		.ascii	"i\000"
 11920 2bda DB05     		.2byte	0x5db
 11921 2bdc 1A       		.byte	0x1a
 11922 2bdd 42000000 		.4byte	0x42
 11923 2be1 8A070000 		.4byte	.LLST47
 11924 2be5 84070000 		.4byte	.LVUS47
 11925 2be9 0C       		.uleb128 0xc
 11926 2bea 7300     		.ascii	"s\000"
 11927 2bec DB05     		.2byte	0x5db
 11928 2bee 21       		.byte	0x21
ARM GAS  /tmp/ccRHyJSn.s 			page 216


 11929 2bef 42000000 		.4byte	0x42
 11930 2bf3 AE070000 		.4byte	.LLST48
 11931 2bf7 A8070000 		.4byte	.LVUS48
 11932 2bfb 19       		.uleb128 0x19
 11933 2bfc 0E000000 		.4byte	.LVL172
 11934 2c00 052C0000 		.4byte	0x2c05
 11935 2c04 00       		.byte	0
 11936 2c05 1B       		.uleb128 0x1b
 11937 2c06 420B0000 		.4byte	.LASF487
 11938 2c0a CC05     		.2byte	0x5cc
 11939 2c0c 05       		.byte	0x5
 11940 2c0d 42000000 		.4byte	0x42
 11941 2c11 00000000 		.4byte	.LFB269
 11942 2c15 44000000 		.4byte	.LFE269-.LFB269
 11943 2c19 01       		.uleb128 0x1
 11944 2c1a 9C       		.byte	0x9c
 11945 2c1b 4E2C0000 		.4byte	0x2c4e
 11946 2c1f 05       		.uleb128 0x5
 11947 2c20 71180000 		.4byte	.LASF438
 11948 2c24 CE05     		.2byte	0x5ce
 11949 2c26 0B       		.byte	0xb
 11950 2c27 10050000 		.4byte	0x510
 11951 2c2b 02       		.uleb128 0x2
 11952 2c2c 91       		.byte	0x91
 11953 2c2d 70       		.sleb128 -16
 11954 2c2e 0B       		.uleb128 0xb
 11955 2c2f 38000000 		.4byte	.LVL170
 11956 2c33 AC2C0000 		.4byte	0x2cac
 11957 2c37 01       		.uleb128 0x1
 11958 2c38 01       		.uleb128 0x1
 11959 2c39 50       		.byte	0x50
 11960 2c3a 02       		.uleb128 0x2
 11961 2c3b 7D       		.byte	0x7d
 11962 2c3c 00       		.sleb128 0
 11963 2c3d 01       		.uleb128 0x1
 11964 2c3e 01       		.uleb128 0x1
 11965 2c3f 51       		.byte	0x51
 11966 2c40 01       		.uleb128 0x1
 11967 2c41 38       		.byte	0x38
 11968 2c42 01       		.uleb128 0x1
 11969 2c43 01       		.uleb128 0x1
 11970 2c44 52       		.byte	0x52
 11971 2c45 01       		.uleb128 0x1
 11972 2c46 30       		.byte	0x30
 11973 2c47 01       		.uleb128 0x1
 11974 2c48 01       		.uleb128 0x1
 11975 2c49 53       		.byte	0x53
 11976 2c4a 01       		.uleb128 0x1
 11977 2c4b 30       		.byte	0x30
 11978 2c4c 00       		.byte	0
 11979 2c4d 00       		.byte	0
 11980 2c4e 41       		.uleb128 0x41
 11981 2c4f 1D1C0000 		.4byte	.LASF489
 11982 2c53 BB05     		.2byte	0x5bb
 11983 2c55 0C       		.byte	0xc
 11984 2c56 42000000 		.4byte	0x42
 11985 2c5a 00000000 		.4byte	.LFB268
ARM GAS  /tmp/ccRHyJSn.s 			page 217


 11986 2c5e 1E000000 		.4byte	.LFE268-.LFB268
 11987 2c62 01       		.uleb128 0x1
 11988 2c63 9C       		.byte	0x9c
 11989 2c64 AC2C0000 		.4byte	0x2cac
 11990 2c68 0D       		.uleb128 0xd
 11991 2c69 C3190000 		.4byte	.LASF490
 11992 2c6d 01       		.byte	0x1
 11993 2c6e BB05     		.2byte	0x5bb
 11994 2c70 2C       		.byte	0x2c
 11995 2c71 85130000 		.4byte	0x1385
 11996 2c75 D2070000 		.4byte	.LLST44
 11997 2c79 CC070000 		.4byte	.LVUS44
 11998 2c7d 05       		.uleb128 0x5
 11999 2c7e 7D180000 		.4byte	.LASF437
 12000 2c82 BD05     		.2byte	0x5bd
 12001 2c84 0B       		.byte	0xb
 12002 2c85 B2170000 		.4byte	0x17b2
 12003 2c89 02       		.uleb128 0x2
 12004 2c8a 91       		.byte	0x91
 12005 2c8b 74       		.sleb128 -12
 12006 2c8c 0B       		.uleb128 0xb
 12007 2c8d 18000000 		.4byte	.LVL161
 12008 2c91 AC2C0000 		.4byte	0x2cac
 12009 2c95 01       		.uleb128 0x1
 12010 2c96 01       		.uleb128 0x1
 12011 2c97 50       		.byte	0x50
 12012 2c98 02       		.uleb128 0x2
 12013 2c99 91       		.byte	0x91
 12014 2c9a 74       		.sleb128 -12
 12015 2c9b 01       		.uleb128 0x1
 12016 2c9c 01       		.uleb128 0x1
 12017 2c9d 51       		.byte	0x51
 12018 2c9e 01       		.uleb128 0x1
 12019 2c9f 32       		.byte	0x32
 12020 2ca0 01       		.uleb128 0x1
 12021 2ca1 01       		.uleb128 0x1
 12022 2ca2 52       		.byte	0x52
 12023 2ca3 01       		.uleb128 0x1
 12024 2ca4 30       		.byte	0x30
 12025 2ca5 01       		.uleb128 0x1
 12026 2ca6 01       		.uleb128 0x1
 12027 2ca7 53       		.byte	0x53
 12028 2ca8 01       		.uleb128 0x1
 12029 2ca9 30       		.byte	0x30
 12030 2caa 00       		.byte	0
 12031 2cab 00       		.byte	0
 12032 2cac 1B       		.uleb128 0x1b
 12033 2cad 9F150000 		.4byte	.LASF491
 12034 2cb1 4705     		.2byte	0x547
 12035 2cb3 05       		.byte	0x5
 12036 2cb4 42000000 		.4byte	0x42
 12037 2cb8 00000000 		.4byte	.LFB267
 12038 2cbc B0000000 		.4byte	.LFE267-.LFB267
 12039 2cc0 01       		.uleb128 0x1
 12040 2cc1 9C       		.byte	0x9c
 12041 2cc2 522D0000 		.4byte	0x2d52
 12042 2cc6 0D       		.uleb128 0xd
ARM GAS  /tmp/ccRHyJSn.s 			page 218


 12043 2cc7 7D180000 		.4byte	.LASF437
 12044 2ccb 01       		.byte	0x1
 12045 2ccc 4705     		.2byte	0x547
 12046 2cce 19       		.byte	0x19
 12047 2ccf 10010000 		.4byte	0x110
 12048 2cd3 FB070000 		.4byte	.LLST39
 12049 2cd7 F1070000 		.4byte	.LVUS39
 12050 2cdb 0C       		.uleb128 0xc
 12051 2cdc 6C656E00 		.ascii	"len\000"
 12052 2ce0 4705     		.2byte	0x547
 12053 2ce2 27       		.byte	0x27
 12054 2ce3 AF000000 		.4byte	0xaf
 12055 2ce7 37080000 		.4byte	.LLST40
 12056 2ceb 2D080000 		.4byte	.LVUS40
 12057 2cef 0C       		.uleb128 0xc
 12058 2cf0 6F757400 		.ascii	"out\000"
 12059 2cf4 4705     		.2byte	0x547
 12060 2cf6 32       		.byte	0x32
 12061 2cf7 10010000 		.4byte	0x110
 12062 2cfb 79080000 		.4byte	.LLST41
 12063 2cff 6B080000 		.4byte	.LVUS41
 12064 2d03 0D       		.uleb128 0xd
 12065 2d04 21110000 		.4byte	.LASF492
 12066 2d08 01       		.byte	0x1
 12067 2d09 4705     		.2byte	0x547
 12068 2d0b 3F       		.byte	0x3f
 12069 2d0c AF000000 		.4byte	0xaf
 12070 2d10 D0080000 		.4byte	.LLST42
 12071 2d14 C2080000 		.4byte	.LVUS42
 12072 2d18 0E       		.uleb128 0xe
 12073 2d19 70747200 		.ascii	"ptr\000"
 12074 2d1d 4905     		.2byte	0x549
 12075 2d1f 0C       		.byte	0xc
 12076 2d20 FB030000 		.4byte	0x3fb
 12077 2d24 38090000 		.4byte	.LLST43
 12078 2d28 26090000 		.4byte	.LVUS43
 12079 2d2c 08       		.uleb128 0x8
 12080 2d2d 12000000 		.4byte	.LVL141
 12081 2d31 021B0000 		.4byte	0x1b02
 12082 2d35 3F2D0000 		.4byte	0x2d3f
 12083 2d39 01       		.uleb128 0x1
 12084 2d3a 01       		.uleb128 0x1
 12085 2d3b 50       		.byte	0x50
 12086 2d3c 01       		.uleb128 0x1
 12087 2d3d 33       		.byte	0x33
 12088 2d3e 00       		.byte	0
 12089 2d3f 06       		.uleb128 0x6
 12090 2d40 16000000 		.4byte	.LVL142
 12091 2d44 132E0000 		.4byte	0x2e13
 12092 2d48 06       		.uleb128 0x6
 12093 2d49 52000000 		.4byte	.LVL148
 12094 2d4d 132E0000 		.4byte	0x2e13
 12095 2d51 00       		.byte	0
 12096 2d52 07       		.uleb128 0x7
 12097 2d53 33150000 		.4byte	.LASF493
 12098 2d57 1605     		.2byte	0x516
 12099 2d59 00000000 		.4byte	.LFB266
ARM GAS  /tmp/ccRHyJSn.s 			page 219


 12100 2d5d 94000000 		.4byte	.LFE266-.LFB266
 12101 2d61 01       		.uleb128 0x1
 12102 2d62 9C       		.byte	0x9c
 12103 2d63 EA2D0000 		.4byte	0x2dea
 12104 2d67 0D       		.uleb128 0xd
 12105 2d68 7D180000 		.4byte	.LASF437
 12106 2d6c 01       		.byte	0x1
 12107 2d6d 1605     		.2byte	0x516
 12108 2d6f 20       		.byte	0x20
 12109 2d70 10010000 		.4byte	0x110
 12110 2d74 7E090000 		.4byte	.LLST34
 12111 2d78 78090000 		.4byte	.LVUS34
 12112 2d7c 0C       		.uleb128 0xc
 12113 2d7d 6C656E00 		.ascii	"len\000"
 12114 2d81 1605     		.2byte	0x516
 12115 2d83 2E       		.byte	0x2e
 12116 2d84 AF000000 		.4byte	0xaf
 12117 2d88 A5090000 		.4byte	.LLST35
 12118 2d8c 9D090000 		.4byte	.LVUS35
 12119 2d90 0C       		.uleb128 0xc
 12120 2d91 6F757400 		.ascii	"out\000"
 12121 2d95 1605     		.2byte	0x516
 12122 2d97 39       		.byte	0x39
 12123 2d98 10010000 		.4byte	0x110
 12124 2d9c DE090000 		.4byte	.LLST36
 12125 2da0 D4090000 		.4byte	.LVUS36
 12126 2da4 0D       		.uleb128 0xd
 12127 2da5 21110000 		.4byte	.LASF492
 12128 2da9 01       		.byte	0x1
 12129 2daa 1605     		.2byte	0x516
 12130 2dac 46       		.byte	0x46
 12131 2dad AF000000 		.4byte	0xaf
 12132 2db1 1C0A0000 		.4byte	.LLST37
 12133 2db5 100A0000 		.4byte	.LVUS37
 12134 2db9 0E       		.uleb128 0xe
 12135 2dba 70747200 		.ascii	"ptr\000"
 12136 2dbe 1805     		.2byte	0x518
 12137 2dc0 0C       		.byte	0xc
 12138 2dc1 FB030000 		.4byte	0x3fb
 12139 2dc5 790A0000 		.4byte	.LLST38
 12140 2dc9 690A0000 		.4byte	.LVUS38
 12141 2dcd 08       		.uleb128 0x8
 12142 2dce 10000000 		.4byte	.LVL123
 12143 2dd2 021B0000 		.4byte	0x1b02
 12144 2dd6 E02D0000 		.4byte	0x2de0
 12145 2dda 01       		.uleb128 0x1
 12146 2ddb 01       		.uleb128 0x1
 12147 2ddc 50       		.byte	0x50
 12148 2ddd 01       		.uleb128 0x1
 12149 2dde 33       		.byte	0x33
 12150 2ddf 00       		.byte	0
 12151 2de0 06       		.uleb128 0x6
 12152 2de1 3C000000 		.4byte	.LVL126
 12153 2de5 132E0000 		.4byte	0x2e13
 12154 2de9 00       		.byte	0
 12155 2dea 34       		.uleb128 0x34
 12156 2deb A4060000 		.4byte	.LASF495
ARM GAS  /tmp/ccRHyJSn.s 			page 220


 12157 2def F004     		.2byte	0x4f0
 12158 2df1 10       		.byte	0x10
 12159 2df2 AF000000 		.4byte	0xaf
 12160 2df6 132E0000 		.4byte	0x2e13
 12161 2dfa 2A       		.uleb128 0x2a
 12162 2dfb 41445200 		.ascii	"ADR\000"
 12163 2dff F004     		.2byte	0x4f0
 12164 2e01 2A       		.byte	0x2a
 12165 2e02 AF000000 		.4byte	0xaf
 12166 2e06 2F       		.uleb128 0x2f
 12167 2e07 10170000 		.4byte	.LASF496
 12168 2e0b F204     		.2byte	0x4f2
 12169 2e0d 0B       		.byte	0xb
 12170 2e0e AF000000 		.4byte	0xaf
 12171 2e12 00       		.byte	0
 12172 2e13 1B       		.uleb128 0x1b
 12173 2e14 48100000 		.4byte	.LASF497
 12174 2e18 C704     		.2byte	0x4c7
 12175 2e1a 05       		.byte	0x5
 12176 2e1b 42000000 		.4byte	0x42
 12177 2e1f 00000000 		.4byte	.LFB264
 12178 2e23 20000000 		.4byte	.LFE264-.LFB264
 12179 2e27 01       		.uleb128 0x1
 12180 2e28 9C       		.byte	0x9c
 12181 2e29 402E0000 		.4byte	0x2e40
 12182 2e2d 0E       		.uleb128 0xe
 12183 2e2e 7400     		.ascii	"t\000"
 12184 2e30 C804     		.2byte	0x4c8
 12185 2e32 07       		.byte	0x7
 12186 2e33 42000000 		.4byte	0x42
 12187 2e37 B40A0000 		.4byte	.LLST33
 12188 2e3b AC0A0000 		.4byte	.LVUS33
 12189 2e3f 00       		.byte	0
 12190 2e40 07       		.uleb128 0x7
 12191 2e41 96060000 		.4byte	.LASF498
 12192 2e45 DA02     		.2byte	0x2da
 12193 2e47 00000000 		.4byte	.LFB263
 12194 2e4b A8000000 		.4byte	.LFE263-.LFB263
 12195 2e4f 01       		.uleb128 0x1
 12196 2e50 9C       		.byte	0x9c
 12197 2e51 4A2F0000 		.4byte	0x2f4a
 12198 2e55 45       		.uleb128 0x45
 12199 2e56 D8300000 		.4byte	0x30d8
 12200 2e5a 54000000 		.4byte	.LBI34
 12201 2e5e 01       		.byte	.LVU616
 12202 2e5f 54000000 		.4byte	.LBB34
 12203 2e63 0A000000 		.4byte	.LBE34-.LBB34
 12204 2e67 EB02     		.2byte	0x2eb
 12205 2e69 842E0000 		.4byte	0x2e84
 12206 2e6d 1E       		.uleb128 0x1e
 12207 2e6e E3300000 		.4byte	0x30e3
 12208 2e72 E90A0000 		.4byte	.LLST30
 12209 2e76 E70A0000 		.4byte	.LVUS30
 12210 2e7a 06       		.uleb128 0x6
 12211 2e7b 5E000000 		.4byte	.LVL112
 12212 2e7f F1320000 		.4byte	0x32f1
 12213 2e83 00       		.byte	0
ARM GAS  /tmp/ccRHyJSn.s 			page 221


 12214 2e84 45       		.uleb128 0x45
 12215 2e85 C2300000 		.4byte	0x30c2
 12216 2e89 5E000000 		.4byte	.LBI36
 12217 2e8d 02       		.byte	.LVU622
 12218 2e8e 5E000000 		.4byte	.LBB36
 12219 2e92 08000000 		.4byte	.LBE36-.LBB36
 12220 2e96 EC02     		.2byte	0x2ec
 12221 2e98 B32E0000 		.4byte	0x2eb3
 12222 2e9c 1E       		.uleb128 0x1e
 12223 2e9d CD300000 		.4byte	0x30cd
 12224 2ea1 F50A0000 		.4byte	.LLST31
 12225 2ea5 F30A0000 		.4byte	.LVUS31
 12226 2ea9 06       		.uleb128 0x6
 12227 2eaa 66000000 		.4byte	.LVL113
 12228 2eae F1320000 		.4byte	0x32f1
 12229 2eb2 00       		.byte	0
 12230 2eb3 25       		.uleb128 0x25
 12231 2eb4 EE300000 		.4byte	0x30ee
 12232 2eb8 72000000 		.4byte	.LBI38
 12233 2ebc 01       		.byte	.LVU630
 12234 2ebd 3A000000 		.4byte	.LLRL32
 12235 2ec1 F102     		.2byte	0x2f1
 12236 2ec3 03       		.byte	0x3
 12237 2ec4 D82E0000 		.4byte	0x2ed8
 12238 2ec8 50       		.uleb128 0x50
 12239 2ec9 F9300000 		.4byte	0x30f9
 12240 2ecd 00       		.byte	0
 12241 2ece 19       		.uleb128 0x19
 12242 2ecf 80000000 		.4byte	.LVL115
 12243 2ed3 F1320000 		.4byte	0x32f1
 12244 2ed7 00       		.byte	0
 12245 2ed8 06       		.uleb128 0x6
 12246 2ed9 0C000000 		.4byte	.LVL107
 12247 2edd A71A0000 		.4byte	0x1aa7
 12248 2ee1 06       		.uleb128 0x6
 12249 2ee2 30000000 		.4byte	.LVL108
 12250 2ee6 7A370000 		.4byte	0x377a
 12251 2eea 08       		.uleb128 0x8
 12252 2eeb 3A000000 		.4byte	.LVL109
 12253 2eef 8C1A0000 		.4byte	0x1a8c
 12254 2ef3 022F0000 		.4byte	0x2f02
 12255 2ef7 01       		.uleb128 0x1
 12256 2ef8 01       		.uleb128 0x1
 12257 2ef9 50       		.byte	0x50
 12258 2efa 01       		.uleb128 0x1
 12259 2efb 30       		.byte	0x30
 12260 2efc 01       		.uleb128 0x1
 12261 2efd 01       		.uleb128 0x1
 12262 2efe 52       		.byte	0x52
 12263 2eff 01       		.uleb128 0x1
 12264 2f00 30       		.byte	0x30
 12265 2f01 00       		.byte	0
 12266 2f02 08       		.uleb128 0x8
 12267 2f03 46000000 		.4byte	.LVL110
 12268 2f07 CF1A0000 		.4byte	0x1acf
 12269 2f0b 262F0000 		.4byte	0x2f26
 12270 2f0f 01       		.uleb128 0x1
ARM GAS  /tmp/ccRHyJSn.s 			page 222


 12271 2f10 01       		.uleb128 0x1
 12272 2f11 50       		.byte	0x50
 12273 2f12 01       		.uleb128 0x1
 12274 2f13 30       		.byte	0x30
 12275 2f14 01       		.uleb128 0x1
 12276 2f15 01       		.uleb128 0x1
 12277 2f16 51       		.byte	0x51
 12278 2f17 02       		.uleb128 0x2
 12279 2f18 74       		.byte	0x74
 12280 2f19 00       		.sleb128 0
 12281 2f1a 01       		.uleb128 0x1
 12282 2f1b 01       		.uleb128 0x1
 12283 2f1c 52       		.byte	0x52
 12284 2f1d 02       		.uleb128 0x2
 12285 2f1e 74       		.byte	0x74
 12286 2f1f 00       		.sleb128 0
 12287 2f20 01       		.uleb128 0x1
 12288 2f21 01       		.uleb128 0x1
 12289 2f22 53       		.byte	0x53
 12290 2f23 01       		.uleb128 0x1
 12291 2f24 30       		.byte	0x30
 12292 2f25 00       		.byte	0
 12293 2f26 0B       		.uleb128 0xb
 12294 2f27 72000000 		.4byte	.LVL114
 12295 2f2b A3310000 		.4byte	0x31a3
 12296 2f2f 01       		.uleb128 0x1
 12297 2f30 01       		.uleb128 0x1
 12298 2f31 50       		.byte	0x50
 12299 2f32 01       		.uleb128 0x1
 12300 2f33 30       		.byte	0x30
 12301 2f34 01       		.uleb128 0x1
 12302 2f35 06       		.uleb128 0x6
 12303 2f36 52       		.byte	0x52
 12304 2f37 93       		.byte	0x93
 12305 2f38 04       		.uleb128 0x4
 12306 2f39 53       		.byte	0x53
 12307 2f3a 93       		.byte	0x93
 12308 2f3b 04       		.uleb128 0x4
 12309 2f3c 0B       		.uleb128 0xb
 12310 2f3d A4       		.byte	0xa4
 12311 2f3e 26       		.uleb128 0x26
 12312 2f3f 08       		.byte	0x8
 12313 2f40 005ED0B2 		.8byte	0xb2d05e00
 12313      00000000 
 12314 2f48 00       		.byte	0
 12315 2f49 00       		.byte	0
 12316 2f4a 07       		.uleb128 0x7
 12317 2f4b 791A0000 		.4byte	.LASF499
 12318 2f4f D302     		.2byte	0x2d3
 12319 2f51 00000000 		.4byte	.LFB262
 12320 2f55 1C000000 		.4byte	.LFE262-.LFB262
 12321 2f59 01       		.uleb128 0x1
 12322 2f5a 9C       		.byte	0x9c
 12323 2f5b 862F0000 		.4byte	0x2f86
 12324 2f5f 12       		.uleb128 0x12
 12325 2f60 82070000 		.4byte	.LASF500
 12326 2f64 D402     		.2byte	0x2d4
ARM GAS  /tmp/ccRHyJSn.s 			page 223


 12327 2f66 07       		.byte	0x7
 12328 2f67 42000000 		.4byte	0x42
 12329 2f6b 010B0000 		.4byte	.LLST28
 12330 2f6f FF0A0000 		.4byte	.LVUS28
 12331 2f73 06       		.uleb128 0x6
 12332 2f74 10000000 		.4byte	.LVL101
 12333 2f78 04310000 		.4byte	0x3104
 12334 2f7c 19       		.uleb128 0x19
 12335 2f7d 18000000 		.4byte	.LVL102
 12336 2f81 F1320000 		.4byte	0x32f1
 12337 2f85 00       		.byte	0
 12338 2f86 07       		.uleb128 0x7
 12339 2f87 5C030000 		.4byte	.LASF501
 12340 2f8b C902     		.2byte	0x2c9
 12341 2f8d 00000000 		.4byte	.LFB261
 12342 2f91 30000000 		.4byte	.LFE261-.LFB261
 12343 2f95 01       		.uleb128 0x1
 12344 2f96 9C       		.byte	0x9c
 12345 2f97 C72F0000 		.4byte	0x2fc7
 12346 2f9b 0C       		.uleb128 0xc
 12347 2f9c 7300     		.ascii	"s\000"
 12348 2f9e C902     		.2byte	0x2c9
 12349 2fa0 1D       		.byte	0x1d
 12350 2fa1 42000000 		.4byte	0x42
 12351 2fa5 0E0B0000 		.4byte	.LLST27
 12352 2fa9 0A0B0000 		.4byte	.LVUS27
 12353 2fad 06       		.uleb128 0x6
 12354 2fae 1A000000 		.4byte	.LVL98
 12355 2fb2 F1320000 		.4byte	0x32f1
 12356 2fb6 1A       		.uleb128 0x1a
 12357 2fb7 24000000 		.4byte	.LVL99
 12358 2fbb 4A360000 		.4byte	0x364a
 12359 2fbf 01       		.uleb128 0x1
 12360 2fc0 01       		.uleb128 0x1
 12361 2fc1 50       		.byte	0x50
 12362 2fc2 02       		.uleb128 0x2
 12363 2fc3 08       		.byte	0x8
 12364 2fc4 64       		.byte	0x64
 12365 2fc5 00       		.byte	0
 12366 2fc6 00       		.byte	0
 12367 2fc7 07       		.uleb128 0x7
 12368 2fc8 B81A0000 		.4byte	.LASF502
 12369 2fcc BF02     		.2byte	0x2bf
 12370 2fce 00000000 		.4byte	.LFB260
 12371 2fd2 28000000 		.4byte	.LFE260-.LFB260
 12372 2fd6 01       		.uleb128 0x1
 12373 2fd7 9C       		.byte	0x9c
 12374 2fd8 08300000 		.4byte	0x3008
 12375 2fdc 0C       		.uleb128 0xc
 12376 2fdd 7300     		.ascii	"s\000"
 12377 2fdf BF02     		.2byte	0x2bf
 12378 2fe1 19       		.byte	0x19
 12379 2fe2 42000000 		.4byte	0x42
 12380 2fe6 2B0B0000 		.4byte	.LLST26
 12381 2fea 270B0000 		.4byte	.LVUS26
 12382 2fee 06       		.uleb128 0x6
 12383 2fef 16000000 		.4byte	.LVL94
ARM GAS  /tmp/ccRHyJSn.s 			page 224


 12384 2ff3 F1320000 		.4byte	0x32f1
 12385 2ff7 1A       		.uleb128 0x1a
 12386 2ff8 20000000 		.4byte	.LVL95
 12387 2ffc 4A360000 		.4byte	0x364a
 12388 3000 01       		.uleb128 0x1
 12389 3001 01       		.uleb128 0x1
 12390 3002 50       		.byte	0x50
 12391 3003 02       		.uleb128 0x2
 12392 3004 08       		.byte	0x8
 12393 3005 64       		.byte	0x64
 12394 3006 00       		.byte	0
 12395 3007 00       		.byte	0
 12396 3008 07       		.uleb128 0x7
 12397 3009 89020000 		.4byte	.LASF503
 12398 300d B602     		.2byte	0x2b6
 12399 300f 00000000 		.4byte	.LFB259
 12400 3013 1C000000 		.4byte	.LFE259-.LFB259
 12401 3017 01       		.uleb128 0x1
 12402 3018 9C       		.byte	0x9c
 12403 3019 39300000 		.4byte	0x3039
 12404 301d 0C       		.uleb128 0xc
 12405 301e 7300     		.ascii	"s\000"
 12406 3020 B602     		.2byte	0x2b6
 12407 3022 21       		.byte	0x21
 12408 3023 42000000 		.4byte	0x42
 12409 3027 4A0B0000 		.4byte	.LLST25
 12410 302b 440B0000 		.4byte	.LVUS25
 12411 302f 19       		.uleb128 0x19
 12412 3030 14000000 		.4byte	.LVL91
 12413 3034 F1320000 		.4byte	0x32f1
 12414 3038 00       		.byte	0
 12415 3039 07       		.uleb128 0x7
 12416 303a FD160000 		.4byte	.LASF504
 12417 303e A402     		.2byte	0x2a4
 12418 3040 00000000 		.4byte	.LFB258
 12419 3044 24000000 		.4byte	.LFE258-.LFB258
 12420 3048 01       		.uleb128 0x1
 12421 3049 9C       		.byte	0x9c
 12422 304a 7B300000 		.4byte	0x307b
 12423 304e 0C       		.uleb128 0xc
 12424 304f 7000     		.ascii	"p\000"
 12425 3051 A402     		.2byte	0x2a4
 12426 3053 18       		.byte	0x18
 12427 3054 42000000 		.4byte	0x42
 12428 3058 6E0B0000 		.4byte	.LLST24
 12429 305c 680B0000 		.4byte	.LVUS24
 12430 3060 06       		.uleb128 0x6
 12431 3061 10000000 		.4byte	.LVL87
 12432 3065 F1320000 		.4byte	0x32f1
 12433 3069 1A       		.uleb128 0x1a
 12434 306a 1C000000 		.4byte	.LVL88
 12435 306e EF1A0000 		.4byte	0x1aef
 12436 3072 01       		.uleb128 0x1
 12437 3073 01       		.uleb128 0x1
 12438 3074 50       		.byte	0x50
 12439 3075 03       		.uleb128 0x3
 12440 3076 0A       		.byte	0xa
ARM GAS  /tmp/ccRHyJSn.s 			page 225


 12441 3077 E803     		.2byte	0x3e8
 12442 3079 00       		.byte	0
 12443 307a 00       		.byte	0
 12444 307b 29       		.uleb128 0x29
 12445 307c CF070000 		.4byte	.LASF505
 12446 3080 9F02     		.2byte	0x29f
 12447 3082 0A       		.byte	0xa
 12448 3083 C5000000 		.4byte	0xc5
 12449 3087 00000000 		.4byte	.LFB257
 12450 308b 0C000000 		.4byte	.LFE257-.LFB257
 12451 308f 01       		.uleb128 0x1
 12452 3090 9C       		.byte	0x9c
 12453 3091 07       		.uleb128 0x7
 12454 3092 9D030000 		.4byte	.LASF506
 12455 3096 9702     		.2byte	0x297
 12456 3098 00000000 		.4byte	.LFB256
 12457 309c 14000000 		.4byte	.LFE256-.LFB256
 12458 30a0 01       		.uleb128 0x1
 12459 30a1 9C       		.byte	0x9c
 12460 30a2 C2300000 		.4byte	0x30c2
 12461 30a6 0C       		.uleb128 0xc
 12462 30a7 7000     		.ascii	"p\000"
 12463 30a9 9702     		.2byte	0x297
 12464 30ab 15       		.byte	0x15
 12465 30ac 42000000 		.4byte	0x42
 12466 30b0 920B0000 		.4byte	.LLST23
 12467 30b4 8C0B0000 		.4byte	.LVUS23
 12468 30b8 19       		.uleb128 0x19
 12469 30b9 0E000000 		.4byte	.LVL85
 12470 30bd F1320000 		.4byte	0x32f1
 12471 30c1 00       		.byte	0
 12472 30c2 35       		.uleb128 0x35
 12473 30c3 D71D0000 		.4byte	.LASF507
 12474 30c7 9102     		.2byte	0x291
 12475 30c9 D8300000 		.4byte	0x30d8
 12476 30cd 2A       		.uleb128 0x2a
 12477 30ce 6300     		.ascii	"c\000"
 12478 30d0 9102     		.2byte	0x291
 12479 30d2 1B       		.byte	0x1b
 12480 30d3 42000000 		.4byte	0x42
 12481 30d7 00       		.byte	0
 12482 30d8 35       		.uleb128 0x35
 12483 30d9 500F0000 		.4byte	.LASF508
 12484 30dd 8B02     		.2byte	0x28b
 12485 30df EE300000 		.4byte	0x30ee
 12486 30e3 2A       		.uleb128 0x2a
 12487 30e4 6300     		.ascii	"c\000"
 12488 30e6 8B02     		.2byte	0x28b
 12489 30e8 16       		.byte	0x16
 12490 30e9 42000000 		.4byte	0x42
 12491 30ed 00       		.byte	0
 12492 30ee 35       		.uleb128 0x35
 12493 30ef 7E0F0000 		.4byte	.LASF509
 12494 30f3 8502     		.2byte	0x285
 12495 30f5 04310000 		.4byte	0x3104
 12496 30f9 2A       		.uleb128 0x2a
 12497 30fa 6D00     		.ascii	"m\000"
ARM GAS  /tmp/ccRHyJSn.s 			page 226


 12498 30fc 8502     		.2byte	0x285
 12499 30fe 16       		.byte	0x16
 12500 30ff 42000000 		.4byte	0x42
 12501 3103 00       		.byte	0
 12502 3104 07       		.uleb128 0x7
 12503 3105 7A0B0000 		.4byte	.LASF510
 12504 3109 7002     		.2byte	0x270
 12505 310b 00000000 		.4byte	.LFB252
 12506 310f 48000000 		.4byte	.LFE252-.LFB252
 12507 3113 01       		.uleb128 0x1
 12508 3114 9C       		.byte	0x9c
 12509 3115 38310000 		.4byte	0x3138
 12510 3119 0D       		.uleb128 0xd
 12511 311a AE040000 		.4byte	.LASF511
 12512 311e 01       		.byte	0x1
 12513 311f 7002     		.2byte	0x270
 12514 3121 1C       		.byte	0x1c
 12515 3122 42000000 		.4byte	0x42
 12516 3126 B60B0000 		.4byte	.LLST19
 12517 312a B00B0000 		.4byte	.LVUS19
 12518 312e 19       		.uleb128 0x19
 12519 312f 32000000 		.4byte	.LVL75
 12520 3133 C61A0000 		.4byte	0x1ac6
 12521 3137 00       		.byte	0
 12522 3138 07       		.uleb128 0x7
 12523 3139 B30F0000 		.4byte	.LASF512
 12524 313d 6A02     		.2byte	0x26a
 12525 313f 00000000 		.4byte	.LFB251
 12526 3143 02000000 		.4byte	.LFE251-.LFB251
 12527 3147 01       		.uleb128 0x1
 12528 3148 9C       		.byte	0x9c
 12529 3149 5A310000 		.4byte	0x315a
 12530 314d 32       		.uleb128 0x32
 12531 314e 5300     		.ascii	"S\000"
 12532 3150 6A02     		.2byte	0x26a
 12533 3152 1C       		.byte	0x1c
 12534 3153 42000000 		.4byte	0x42
 12535 3157 01       		.uleb128 0x1
 12536 3158 50       		.byte	0x50
 12537 3159 00       		.byte	0
 12538 315a 29       		.uleb128 0x29
 12539 315b F70F0000 		.4byte	.LASF513
 12540 315f 6502     		.2byte	0x265
 12541 3161 0A       		.byte	0xa
 12542 3162 C5000000 		.4byte	0xc5
 12543 3166 00000000 		.4byte	.LFB250
 12544 316a 0C000000 		.4byte	.LFE250-.LFB250
 12545 316e 01       		.uleb128 0x1
 12546 316f 9C       		.byte	0x9c
 12547 3170 07       		.uleb128 0x7
 12548 3171 6C080000 		.4byte	.LASF514
 12549 3175 6002     		.2byte	0x260
 12550 3177 00000000 		.4byte	.LFB249
 12551 317b 0C000000 		.4byte	.LFE249-.LFB249
 12552 317f 01       		.uleb128 0x1
 12553 3180 9C       		.byte	0x9c
 12554 3181 92310000 		.4byte	0x3192
ARM GAS  /tmp/ccRHyJSn.s 			page 227


 12555 3185 32       		.uleb128 0x32
 12556 3186 6D00     		.ascii	"m\000"
 12557 3188 6002     		.2byte	0x260
 12558 318a 19       		.byte	0x19
 12559 318b 42000000 		.4byte	0x42
 12560 318f 01       		.uleb128 0x1
 12561 3190 50       		.byte	0x50
 12562 3191 00       		.byte	0
 12563 3192 46       		.uleb128 0x46
 12564 3193 FC070000 		.4byte	.LASF525
 12565 3197 5702     		.2byte	0x257
 12566 3199 00000000 		.4byte	.LFB248
 12567 319d 34000000 		.4byte	.LFE248-.LFB248
 12568 31a1 01       		.uleb128 0x1
 12569 31a2 9C       		.byte	0x9c
 12570 31a3 1B       		.uleb128 0x1b
 12571 31a4 2F040000 		.4byte	.LASF515
 12572 31a8 0B02     		.2byte	0x20b
 12573 31aa 0A       		.byte	0xa
 12574 31ab F8000000 		.4byte	0xf8
 12575 31af 00000000 		.4byte	.LFB247
 12576 31b3 1C020000 		.4byte	.LFE247-.LFB247
 12577 31b7 01       		.uleb128 0x1
 12578 31b8 9C       		.byte	0x9c
 12579 31b9 74320000 		.4byte	0x3274
 12580 31bd 0D       		.uleb128 0xd
 12581 31be 3B0F0000 		.4byte	.LASF516
 12582 31c2 01       		.byte	0x1
 12583 31c3 0B02     		.2byte	0x20b
 12584 31c5 24       		.byte	0x24
 12585 31c6 42000000 		.4byte	0x42
 12586 31ca D30B0000 		.4byte	.LLST12
 12587 31ce CB0B0000 		.4byte	.LVUS12
 12588 31d2 0D       		.uleb128 0xd
 12589 31d3 88090000 		.4byte	.LASF517
 12590 31d7 01       		.byte	0x1
 12591 31d8 0B02     		.2byte	0x20b
 12592 31da 36       		.byte	0x36
 12593 31db F8000000 		.4byte	0xf8
 12594 31df 0C0C0000 		.4byte	.LLST13
 12595 31e3 040C0000 		.4byte	.LVUS13
 12596 31e7 12       		.uleb128 0x12
 12597 31e8 49060000 		.4byte	.LASF518
 12598 31ec 2B02     		.2byte	0x22b
 12599 31ee 0C       		.byte	0xc
 12600 31ef DB000000 		.4byte	0xdb
 12601 31f3 450C0000 		.4byte	.LLST14
 12602 31f7 410C0000 		.4byte	.LVUS14
 12603 31fb 12       		.uleb128 0x12
 12604 31fc 8A070000 		.4byte	.LASF519
 12605 3200 2C02     		.2byte	0x22c
 12606 3202 0C       		.byte	0xc
 12607 3203 DB000000 		.4byte	0xdb
 12608 3207 5A0C0000 		.4byte	.LLST15
 12609 320b 580C0000 		.4byte	.LVUS15
 12610 320f 12       		.uleb128 0x12
 12611 3210 05110000 		.4byte	.LASF436
ARM GAS  /tmp/ccRHyJSn.s 			page 228


 12612 3214 3402     		.2byte	0x234
 12613 3216 0A       		.byte	0xa
 12614 3217 30050000 		.4byte	0x530
 12615 321b 670C0000 		.4byte	.LLST16
 12616 321f 630C0000 		.4byte	.LVUS16
 12617 3223 25       		.uleb128 0x25
 12618 3224 74320000 		.4byte	0x3274
 12619 3228 06000000 		.4byte	.LBI22
 12620 322c 00       		.byte	.LVU317
 12621 322d 29000000 		.4byte	.LLRL17
 12622 3231 1502     		.2byte	0x215
 12623 3233 0D       		.byte	0xd
 12624 3234 46320000 		.4byte	0x3246
 12625 3238 1E       		.uleb128 0x1e
 12626 3239 84320000 		.4byte	0x3284
 12627 323d 870C0000 		.4byte	.LLST18
 12628 3241 810C0000 		.4byte	.LVUS18
 12629 3245 00       		.byte	0
 12630 3246 06       		.uleb128 0x6
 12631 3247 8C000000 		.4byte	.LVL59
 12632 324b 7A370000 		.4byte	0x377a
 12633 324f 06       		.uleb128 0x6
 12634 3250 B2000000 		.4byte	.LVL60
 12635 3254 7A370000 		.4byte	0x377a
 12636 3258 06       		.uleb128 0x6
 12637 3259 F2000000 		.4byte	.LVL62
 12638 325d 7A370000 		.4byte	0x377a
 12639 3261 06       		.uleb128 0x6
 12640 3262 4C010000 		.4byte	.LVL65
 12641 3266 7A370000 		.4byte	0x377a
 12642 326a 06       		.uleb128 0x6
 12643 326b 6C010000 		.4byte	.LVL67
 12644 326f F1320000 		.4byte	0x32f1
 12645 3273 00       		.byte	0
 12646 3274 34       		.uleb128 0x34
 12647 3275 45050000 		.4byte	.LASF520
 12648 3279 F601     		.2byte	0x1f6
 12649 327b 11       		.byte	0x11
 12650 327c DB000000 		.4byte	0xdb
 12651 3280 92320000 		.4byte	0x3292
 12652 3284 51       		.uleb128 0x51
 12653 3285 88090000 		.4byte	.LASF517
 12654 3289 01       		.byte	0x1
 12655 328a F601     		.2byte	0x1f6
 12656 328c 28       		.byte	0x28
 12657 328d F8000000 		.4byte	0xf8
 12658 3291 00       		.byte	0
 12659 3292 07       		.uleb128 0x7
 12660 3293 030F0000 		.4byte	.LASF521
 12661 3297 ED01     		.2byte	0x1ed
 12662 3299 00000000 		.4byte	.LFB245
 12663 329d 64000000 		.4byte	.LFE245-.LFB245
 12664 32a1 01       		.uleb128 0x1
 12665 32a2 9C       		.byte	0x9c
 12666 32a3 F1320000 		.4byte	0x32f1
 12667 32a7 0C       		.uleb128 0xc
 12668 32a8 7000     		.ascii	"p\000"
ARM GAS  /tmp/ccRHyJSn.s 			page 229


 12669 32aa ED01     		.2byte	0x1ed
 12670 32ac 19       		.byte	0x19
 12671 32ad 00040000 		.4byte	0x400
 12672 32b1 B50C0000 		.4byte	.LLST10
 12673 32b5 AD0C0000 		.4byte	.LVUS10
 12674 32b9 0E       		.uleb128 0xe
 12675 32ba 72656700 		.ascii	"reg\000"
 12676 32be F101     		.2byte	0x1f1
 12677 32c0 0E       		.byte	0xe
 12678 32c1 DB000000 		.4byte	0xdb
 12679 32c5 E00C0000 		.4byte	.LLST11
 12680 32c9 DC0C0000 		.4byte	.LVUS11
 12681 32cd 08       		.uleb128 0x8
 12682 32ce 40000000 		.4byte	.LVL50
 12683 32d2 D2340000 		.4byte	0x34d2
 12684 32d6 E7320000 		.4byte	0x32e7
 12685 32da 01       		.uleb128 0x1
 12686 32db 01       		.uleb128 0x1
 12687 32dc 50       		.byte	0x50
 12688 32dd 02       		.uleb128 0x2
 12689 32de 70       		.byte	0x70
 12690 32df 00       		.sleb128 0
 12691 32e0 01       		.uleb128 0x1
 12692 32e1 01       		.uleb128 0x1
 12693 32e2 51       		.byte	0x51
 12694 32e3 02       		.uleb128 0x2
 12695 32e4 74       		.byte	0x74
 12696 32e5 00       		.sleb128 0
 12697 32e6 00       		.byte	0
 12698 32e7 19       		.uleb128 0x19
 12699 32e8 4A000000 		.4byte	.LVL52
 12700 32ec C1340000 		.4byte	0x34c1
 12701 32f0 00       		.byte	0
 12702 32f1 07       		.uleb128 0x7
 12703 32f2 101B0000 		.4byte	.LASF522
 12704 32f6 9A01     		.2byte	0x19a
 12705 32f8 00000000 		.4byte	.LFB244
 12706 32fc 98020000 		.4byte	.LFE244-.LFB244
 12707 3300 01       		.uleb128 0x1
 12708 3301 9C       		.byte	0x9c
 12709 3302 C1340000 		.4byte	0x34c1
 12710 3306 44       		.uleb128 0x44
 12711 3307 0C000000 		.4byte	.LLRL4
 12712 330b CE330000 		.4byte	0x33ce
 12713 330f 0E       		.uleb128 0xe
 12714 3310 72656700 		.ascii	"reg\000"
 12715 3314 9F01     		.2byte	0x19f
 12716 3316 0E       		.byte	0xe
 12717 3317 DB000000 		.4byte	0xdb
 12718 331b FC0C0000 		.4byte	.LLST5
 12719 331f F40C0000 		.4byte	.LVUS5
 12720 3323 12       		.uleb128 0x12
 12721 3324 61060000 		.4byte	.LASF523
 12722 3328 A001     		.2byte	0x1a0
 12723 332a 10       		.byte	0x10
 12724 332b 07040000 		.4byte	0x407
 12725 332f 220D0000 		.4byte	.LLST6
ARM GAS  /tmp/ccRHyJSn.s 			page 230


 12726 3333 200D0000 		.4byte	.LVUS6
 12727 3337 12       		.uleb128 0x12
 12728 3338 580D0000 		.4byte	.LASF350
 12729 333c A101     		.2byte	0x1a1
 12730 333e 14       		.byte	0x14
 12731 333f EC000000 		.4byte	0xec
 12732 3343 2F0D0000 		.4byte	.LLST7
 12733 3347 2D0D0000 		.4byte	.LVUS7
 12734 334b 08       		.uleb128 0x8
 12735 334c 40000000 		.4byte	.LVL15
 12736 3350 D2340000 		.4byte	0x34d2
 12737 3354 68330000 		.4byte	0x3368
 12738 3358 01       		.uleb128 0x1
 12739 3359 01       		.uleb128 0x1
 12740 335a 50       		.byte	0x50
 12741 335b 02       		.uleb128 0x2
 12742 335c 70       		.byte	0x70
 12743 335d 00       		.sleb128 0
 12744 335e 01       		.uleb128 0x1
 12745 335f 01       		.uleb128 0x1
 12746 3360 51       		.byte	0x51
 12747 3361 05       		.uleb128 0x5
 12748 3362 0C       		.byte	0xc
 12749 3363 05004000 		.4byte	0x400005
 12750 3367 00       		.byte	0
 12751 3368 06       		.uleb128 0x6
 12752 3369 8C000000 		.4byte	.LVL17
 12753 336d C1340000 		.4byte	0x34c1
 12754 3371 08       		.uleb128 0x8
 12755 3372 94000000 		.4byte	.LVL18
 12756 3376 D2340000 		.4byte	0x34d2
 12757 337a 8B330000 		.4byte	0x338b
 12758 337e 01       		.uleb128 0x1
 12759 337f 01       		.uleb128 0x1
 12760 3380 50       		.byte	0x50
 12761 3381 02       		.uleb128 0x2
 12762 3382 70       		.byte	0x70
 12763 3383 00       		.sleb128 0
 12764 3384 01       		.uleb128 0x1
 12765 3385 01       		.uleb128 0x1
 12766 3386 51       		.byte	0x51
 12767 3387 02       		.uleb128 0x2
 12768 3388 77       		.byte	0x77
 12769 3389 00       		.sleb128 0
 12770 338a 00       		.byte	0
 12771 338b 06       		.uleb128 0x6
 12772 338c C4000000 		.4byte	.LVL20
 12773 3390 C1340000 		.4byte	0x34c1
 12774 3394 08       		.uleb128 0x8
 12775 3395 CC000000 		.4byte	.LVL21
 12776 3399 D2340000 		.4byte	0x34d2
 12777 339d AE330000 		.4byte	0x33ae
 12778 33a1 01       		.uleb128 0x1
 12779 33a2 01       		.uleb128 0x1
 12780 33a3 50       		.byte	0x50
 12781 33a4 02       		.uleb128 0x2
 12782 33a5 70       		.byte	0x70
ARM GAS  /tmp/ccRHyJSn.s 			page 231


 12783 33a6 00       		.sleb128 0
 12784 33a7 01       		.uleb128 0x1
 12785 33a8 01       		.uleb128 0x1
 12786 33a9 51       		.byte	0x51
 12787 33aa 02       		.uleb128 0x2
 12788 33ab 76       		.byte	0x76
 12789 33ac 00       		.sleb128 0
 12790 33ad 00       		.byte	0
 12791 33ae 06       		.uleb128 0x6
 12792 33af 08010000 		.4byte	.LVL24
 12793 33b3 C1340000 		.4byte	0x34c1
 12794 33b7 0B       		.uleb128 0xb
 12795 33b8 10010000 		.4byte	.LVL25
 12796 33bc D2340000 		.4byte	0x34d2
 12797 33c0 01       		.uleb128 0x1
 12798 33c1 01       		.uleb128 0x1
 12799 33c2 50       		.byte	0x50
 12800 33c3 02       		.uleb128 0x2
 12801 33c4 70       		.byte	0x70
 12802 33c5 00       		.sleb128 0
 12803 33c6 01       		.uleb128 0x1
 12804 33c7 01       		.uleb128 0x1
 12805 33c8 51       		.byte	0x51
 12806 33c9 02       		.uleb128 0x2
 12807 33ca 75       		.byte	0x75
 12808 33cb 00       		.sleb128 0
 12809 33cc 00       		.byte	0
 12810 33cd 00       		.byte	0
 12811 33ce 23       		.uleb128 0x23
 12812 33cf 1C000000 		.4byte	.LLRL8
 12813 33d3 0E       		.uleb128 0xe
 12814 33d4 72656700 		.ascii	"reg\000"
 12815 33d8 C401     		.2byte	0x1c4
 12816 33da 0E       		.byte	0xe
 12817 33db DB000000 		.4byte	0xdb
 12818 33df 460D0000 		.4byte	.LLST9
 12819 33e3 3A0D0000 		.4byte	.LVUS9
 12820 33e7 1D       		.uleb128 0x1d
 12821 33e8 AF070000 		.4byte	.LASF524
 12822 33ec C801     		.2byte	0x1c8
 12823 33ee 0E       		.byte	0xe
 12824 33ef DB000000 		.4byte	0xdb
 12825 33f3 01       		.byte	0x1
 12826 33f4 06       		.uleb128 0x6
 12827 33f5 2A010000 		.4byte	.LVL28
 12828 33f9 C1340000 		.4byte	0x34c1
 12829 33fd 08       		.uleb128 0x8
 12830 33fe 32010000 		.4byte	.LVL29
 12831 3402 D2340000 		.4byte	0x34d2
 12832 3406 17340000 		.4byte	0x3417
 12833 340a 01       		.uleb128 0x1
 12834 340b 01       		.uleb128 0x1
 12835 340c 50       		.byte	0x50
 12836 340d 02       		.uleb128 0x2
 12837 340e 70       		.byte	0x70
 12838 340f 00       		.sleb128 0
 12839 3410 01       		.uleb128 0x1
ARM GAS  /tmp/ccRHyJSn.s 			page 232


 12840 3411 01       		.uleb128 0x1
 12841 3412 51       		.byte	0x51
 12842 3413 02       		.uleb128 0x2
 12843 3414 75       		.byte	0x75
 12844 3415 00       		.sleb128 0
 12845 3416 00       		.byte	0
 12846 3417 06       		.uleb128 0x6
 12847 3418 46010000 		.4byte	.LVL31
 12848 341c C1340000 		.4byte	0x34c1
 12849 3420 08       		.uleb128 0x8
 12850 3421 4C010000 		.4byte	.LVL32
 12851 3425 D2340000 		.4byte	0x34d2
 12852 3429 34340000 		.4byte	0x3434
 12853 342d 01       		.uleb128 0x1
 12854 342e 01       		.uleb128 0x1
 12855 342f 50       		.byte	0x50
 12856 3430 02       		.uleb128 0x2
 12857 3431 70       		.byte	0x70
 12858 3432 00       		.sleb128 0
 12859 3433 00       		.byte	0
 12860 3434 06       		.uleb128 0x6
 12861 3435 50010000 		.4byte	.LVL33
 12862 3439 C1340000 		.4byte	0x34c1
 12863 343d 08       		.uleb128 0x8
 12864 343e 6E010000 		.4byte	.LVL35
 12865 3442 D2340000 		.4byte	0x34d2
 12866 3446 5A340000 		.4byte	0x345a
 12867 344a 01       		.uleb128 0x1
 12868 344b 01       		.uleb128 0x1
 12869 344c 50       		.byte	0x50
 12870 344d 02       		.uleb128 0x2
 12871 344e 70       		.byte	0x70
 12872 344f 00       		.sleb128 0
 12873 3450 01       		.uleb128 0x1
 12874 3451 01       		.uleb128 0x1
 12875 3452 51       		.byte	0x51
 12876 3453 05       		.uleb128 0x5
 12877 3454 0C       		.byte	0xc
 12878 3455 05005800 		.4byte	0x580005
 12879 3459 00       		.byte	0
 12880 345a 06       		.uleb128 0x6
 12881 345b A4010000 		.4byte	.LVL37
 12882 345f C1340000 		.4byte	0x34c1
 12883 3463 08       		.uleb128 0x8
 12884 3464 AC010000 		.4byte	.LVL38
 12885 3468 D2340000 		.4byte	0x34d2
 12886 346c 7D340000 		.4byte	0x347d
 12887 3470 01       		.uleb128 0x1
 12888 3471 01       		.uleb128 0x1
 12889 3472 50       		.byte	0x50
 12890 3473 02       		.uleb128 0x2
 12891 3474 70       		.byte	0x70
 12892 3475 00       		.sleb128 0
 12893 3476 01       		.uleb128 0x1
 12894 3477 01       		.uleb128 0x1
 12895 3478 51       		.byte	0x51
 12896 3479 02       		.uleb128 0x2
ARM GAS  /tmp/ccRHyJSn.s 			page 233


 12897 347a 79       		.byte	0x79
 12898 347b 00       		.sleb128 0
 12899 347c 00       		.byte	0
 12900 347d 06       		.uleb128 0x6
 12901 347e D6010000 		.4byte	.LVL40
 12902 3482 C1340000 		.4byte	0x34c1
 12903 3486 08       		.uleb128 0x8
 12904 3487 DE010000 		.4byte	.LVL41
 12905 348b D2340000 		.4byte	0x34d2
 12906 348f A0340000 		.4byte	0x34a0
 12907 3493 01       		.uleb128 0x1
 12908 3494 01       		.uleb128 0x1
 12909 3495 50       		.byte	0x50
 12910 3496 02       		.uleb128 0x2
 12911 3497 70       		.byte	0x70
 12912 3498 00       		.sleb128 0
 12913 3499 01       		.uleb128 0x1
 12914 349a 01       		.uleb128 0x1
 12915 349b 51       		.byte	0x51
 12916 349c 02       		.uleb128 0x2
 12917 349d 76       		.byte	0x76
 12918 349e 00       		.sleb128 0
 12919 349f 00       		.byte	0
 12920 34a0 06       		.uleb128 0x6
 12921 34a1 16020000 		.4byte	.LVL44
 12922 34a5 C1340000 		.4byte	0x34c1
 12923 34a9 0B       		.uleb128 0xb
 12924 34aa 1E020000 		.4byte	.LVL45
 12925 34ae D2340000 		.4byte	0x34d2
 12926 34b2 01       		.uleb128 0x1
 12927 34b3 01       		.uleb128 0x1
 12928 34b4 50       		.byte	0x50
 12929 34b5 02       		.uleb128 0x2
 12930 34b6 70       		.byte	0x70
 12931 34b7 00       		.sleb128 0
 12932 34b8 01       		.uleb128 0x1
 12933 34b9 01       		.uleb128 0x1
 12934 34ba 51       		.byte	0x51
 12935 34bb 02       		.uleb128 0x2
 12936 34bc 75       		.byte	0x75
 12937 34bd 00       		.sleb128 0
 12938 34be 00       		.byte	0
 12939 34bf 00       		.byte	0
 12940 34c0 00       		.byte	0
 12941 34c1 46       		.uleb128 0x46
 12942 34c2 EC170000 		.4byte	.LASF526
 12943 34c6 9201     		.2byte	0x192
 12944 34c8 00000000 		.4byte	.LFB243
 12945 34cc 24000000 		.4byte	.LFE243-.LFB243
 12946 34d0 01       		.uleb128 0x1
 12947 34d1 9C       		.byte	0x9c
 12948 34d2 07       		.uleb128 0x7
 12949 34d3 AB0C0000 		.4byte	.LASF527
 12950 34d7 7B01     		.2byte	0x17b
 12951 34d9 00000000 		.4byte	.LFB242
 12952 34dd 30000000 		.4byte	.LFE242-.LFB242
 12953 34e1 01       		.uleb128 0x1
ARM GAS  /tmp/ccRHyJSn.s 			page 234


 12954 34e2 9C       		.byte	0x9c
 12955 34e3 0B350000 		.4byte	0x350b
 12956 34e7 3F       		.uleb128 0x3f
 12957 34e8 3B0F0000 		.4byte	.LASF516
 12958 34ec 7B01     		.2byte	0x17b
 12959 34ee 22       		.byte	0x22
 12960 34ef 42000000 		.4byte	0x42
 12961 34f3 01       		.uleb128 0x1
 12962 34f4 50       		.byte	0x50
 12963 34f5 0D       		.uleb128 0xd
 12964 34f6 920E0000 		.4byte	.LASF528
 12965 34fa 01       		.byte	0x1
 12966 34fb 7B01     		.2byte	0x17b
 12967 34fd 3A       		.byte	0x3a
 12968 34fe EC000000 		.4byte	0xec
 12969 3502 780D0000 		.4byte	.LLST3
 12970 3506 740D0000 		.4byte	.LVUS3
 12971 350a 00       		.byte	0
 12972 350b 07       		.uleb128 0x7
 12973 350c 5D1D0000 		.4byte	.LASF529
 12974 3510 0E01     		.2byte	0x10e
 12975 3512 00000000 		.4byte	.LFB241
 12976 3516 3C000000 		.4byte	.LFE241-.LFB241
 12977 351a 01       		.uleb128 0x1
 12978 351b 9C       		.byte	0x9c
 12979 351c 54350000 		.4byte	0x3554
 12980 3520 0C       		.uleb128 0xc
 12981 3521 6600     		.ascii	"f\000"
 12982 3523 0E01     		.2byte	0x10e
 12983 3525 1C       		.byte	0x1c
 12984 3526 42000000 		.4byte	0x42
 12985 352a 990D0000 		.4byte	.LLST29
 12986 352e 910D0000 		.4byte	.LVUS29
 12987 3532 08       		.uleb128 0x8
 12988 3533 20000000 		.4byte	.LVL105
 12989 3537 CF1A0000 		.4byte	0x1acf
 12990 353b 4A350000 		.4byte	0x354a
 12991 353f 01       		.uleb128 0x1
 12992 3540 01       		.uleb128 0x1
 12993 3541 50       		.byte	0x50
 12994 3542 01       		.uleb128 0x1
 12995 3543 30       		.byte	0x30
 12996 3544 01       		.uleb128 0x1
 12997 3545 01       		.uleb128 0x1
 12998 3546 53       		.byte	0x53
 12999 3547 01       		.uleb128 0x1
 13000 3548 30       		.byte	0x30
 13001 3549 00       		.byte	0
 13002 354a 19       		.uleb128 0x19
 13003 354b 28000000 		.4byte	.LVL106
 13004 354f 4A2F0000 		.4byte	0x2f4a
 13005 3553 00       		.byte	0
 13006 3554 52       		.uleb128 0x52
 13007 3555 1D040000 		.4byte	.LASF530
 13008 3559 01       		.byte	0x1
 13009 355a DE       		.byte	0xde
 13010 355b 06       		.byte	0x6
ARM GAS  /tmp/ccRHyJSn.s 			page 235


 13011 355c 00040000 		.4byte	0x400
 13012 3560 00000000 		.4byte	.LFB240
 13013 3564 4C000000 		.4byte	.LFE240-.LFB240
 13014 3568 01       		.uleb128 0x1
 13015 3569 9C       		.byte	0x9c
 13016 356a B8350000 		.4byte	0x35b8
 13017 356e 53       		.uleb128 0x53
 13018 356f 10170000 		.4byte	.LASF496
 13019 3573 01       		.byte	0x1
 13020 3574 DE       		.byte	0xde
 13021 3575 26       		.byte	0x26
 13022 3576 34000000 		.4byte	0x34
 13023 357a C60D0000 		.4byte	.LLST2
 13024 357e C00D0000 		.4byte	.LVUS2
 13025 3582 08       		.uleb128 0x8
 13026 3583 0C000000 		.4byte	.LVL8
 13027 3587 021B0000 		.4byte	0x1b02
 13028 358b 95350000 		.4byte	0x3595
 13029 358f 01       		.uleb128 0x1
 13030 3590 01       		.uleb128 0x1
 13031 3591 50       		.byte	0x50
 13032 3592 01       		.uleb128 0x1
 13033 3593 33       		.byte	0x33
 13034 3594 00       		.byte	0
 13035 3595 08       		.uleb128 0x8
 13036 3596 30000000 		.4byte	.LVL10
 13037 359a EF1A0000 		.4byte	0x1aef
 13038 359e A8350000 		.4byte	0x35a8
 13039 35a2 01       		.uleb128 0x1
 13040 35a3 01       		.uleb128 0x1
 13041 35a4 50       		.byte	0x50
 13042 35a5 01       		.uleb128 0x1
 13043 35a6 32       		.byte	0x32
 13044 35a7 00       		.byte	0
 13045 35a8 0B       		.uleb128 0xb
 13046 35a9 38000000 		.4byte	.LVL11
 13047 35ad EF1A0000 		.4byte	0x1aef
 13048 35b1 01       		.uleb128 0x1
 13049 35b2 01       		.uleb128 0x1
 13050 35b3 50       		.byte	0x50
 13051 35b4 01       		.uleb128 0x1
 13052 35b5 32       		.byte	0x32
 13053 35b6 00       		.byte	0
 13054 35b7 00       		.byte	0
 13055 35b8 2B       		.uleb128 0x2b
 13056 35b9 3C100000 		.4byte	.LASF531
 13057 35bd D9       		.byte	0xd9
 13058 35be 00000000 		.4byte	.LFB239
 13059 35c2 0C000000 		.4byte	.LFE239-.LFB239
 13060 35c6 01       		.uleb128 0x1
 13061 35c7 9C       		.byte	0x9c
 13062 35c8 36       		.uleb128 0x36
 13063 35c9 33030000 		.4byte	.LASF541
 13064 35cd 01       		.byte	0x1
 13065 35ce BE       		.byte	0xbe
 13066 35cf 10       		.byte	0x10
 13067 35d0 AF000000 		.4byte	0xaf
ARM GAS  /tmp/ccRHyJSn.s 			page 236


 13068 35d4 01       		.byte	0x1
 13069 35d5 54       		.uleb128 0x54
 13070 35d6 70160000 		.4byte	.LASF552
 13071 35da 01       		.byte	0x1
 13072 35db AA       		.byte	0xaa
 13073 35dc 0D       		.byte	0xd
 13074 35dd 01       		.byte	0x1
 13075 35de EF350000 		.4byte	0x35ef
 13076 35e2 55       		.uleb128 0x55
 13077 35e3 76616C00 		.ascii	"val\000"
 13078 35e7 01       		.byte	0x1
 13079 35e8 AA       		.byte	0xaa
 13080 35e9 1E       		.byte	0x1e
 13081 35ea AF000000 		.4byte	0xaf
 13082 35ee 00       		.byte	0
 13083 35ef 2B       		.uleb128 0x2b
 13084 35f0 DD0D0000 		.4byte	.LASF532
 13085 35f4 92       		.byte	0x92
 13086 35f5 00000000 		.4byte	.LFB236
 13087 35f9 24000000 		.4byte	.LFE236-.LFB236
 13088 35fd 01       		.uleb128 0x1
 13089 35fe 9C       		.byte	0x9c
 13090 35ff 56       		.uleb128 0x56
 13091 3600 17160000 		.4byte	.LASF533
 13092 3604 01       		.byte	0x1
 13093 3605 86       		.byte	0x86
 13094 3606 06       		.byte	0x6
 13095 3607 00000000 		.4byte	.LFB235
 13096 360b 34000000 		.4byte	.LFE235-.LFB235
 13097 360f 01       		.uleb128 0x1
 13098 3610 9C       		.byte	0x9c
 13099 3611 2A360000 		.4byte	0x362a
 13100 3615 57       		.uleb128 0x57
 13101 3616 A8180000 		.4byte	.LASF534
 13102 361a 01       		.byte	0x1
 13103 361b 8A       		.byte	0x8a
 13104 361c 0C       		.byte	0xc
 13105 361d DB000000 		.4byte	0xdb
 13106 3621 E80D0000 		.4byte	.LLST1
 13107 3625 E40D0000 		.4byte	.LVUS1
 13108 3629 00       		.byte	0
 13109 362a 2B       		.uleb128 0x2b
 13110 362b CE0F0000 		.4byte	.LASF535
 13111 362f 7D       		.byte	0x7d
 13112 3630 00000000 		.4byte	.LFB234
 13113 3634 14000000 		.4byte	.LFE234-.LFB234
 13114 3638 01       		.uleb128 0x1
 13115 3639 9C       		.byte	0x9c
 13116 363a 2B       		.uleb128 0x2b
 13117 363b 8A100000 		.4byte	.LASF536
 13118 363f 6D       		.byte	0x6d
 13119 3640 00000000 		.4byte	.LFB233
 13120 3644 20000000 		.4byte	.LFE233-.LFB233
 13121 3648 01       		.uleb128 0x1
 13122 3649 9C       		.byte	0x9c
 13123 364a 42       		.uleb128 0x42
 13124 364b 9D050000 		.4byte	.LASF538
ARM GAS  /tmp/ccRHyJSn.s 			page 237


 13125 364f 05       		.byte	0x5
 13126 3650 9F02     		.2byte	0x29f
 13127 3652 14       		.byte	0x14
 13128 3653 00000000 		.4byte	.LFB218
 13129 3657 08000000 		.4byte	.LFE218-.LFB218
 13130 365b 01       		.uleb128 0x1
 13131 365c 9C       		.byte	0x9c
 13132 365d 8E360000 		.4byte	0x368e
 13133 3661 0D       		.uleb128 0xd
 13134 3662 F4120000 		.4byte	.LASF539
 13135 3666 05       		.byte	0x5
 13136 3667 9F02     		.2byte	0x29f
 13137 3669 2E       		.byte	0x2e
 13138 366a 04010000 		.4byte	0x104
 13139 366e FD0D0000 		.4byte	.LLST0
 13140 3672 F90D0000 		.4byte	.LVUS0
 13141 3676 0B       		.uleb128 0xb
 13142 3677 06000000 		.4byte	.LVL1
 13143 367b B31A0000 		.4byte	0x1ab3
 13144 367f 01       		.uleb128 0x1
 13145 3680 01       		.uleb128 0x1
 13146 3681 50       		.byte	0x50
 13147 3682 09       		.uleb128 0x9
 13148 3683 A3       		.byte	0xa3
 13149 3684 03       		.uleb128 0x3
 13150 3685 A5       		.byte	0xa5
 13151 3686 00       		.uleb128 0
 13152 3687 26       		.uleb128 0x26
 13153 3688 A8       		.byte	0xa8
 13154 3689 2D       		.uleb128 0x2d
 13155 368a A8       		.byte	0xa8
 13156 368b 00       		.uleb128 0
 13157 368c 00       		.byte	0
 13158 368d 00       		.byte	0
 13159 368e 58       		.uleb128 0x58
 13160 368f 09180000 		.4byte	.LASF540
 13161 3693 02       		.byte	0x2
 13162 3694 E4       		.byte	0xe4
 13163 3695 19       		.byte	0x19
 13164 3696 04010000 		.4byte	0x104
 13165 369a 00000000 		.4byte	.LFB175
 13166 369e 08000000 		.4byte	.LFE175-.LFB175
 13167 36a2 01       		.uleb128 0x1
 13168 36a3 9C       		.byte	0x9c
 13169 36a4 D4360000 		.4byte	0x36d4
 13170 36a8 59       		.uleb128 0x59
 13171 36a9 D4360000 		.4byte	0x36d4
 13172 36ad 00000000 		.4byte	.LBI12
 13173 36b1 02       		.byte	.LVU2
 13174 36b2 00000000 		.4byte	.LBB12
 13175 36b6 06000000 		.4byte	.LBE12-.LBB12
 13176 36ba 02       		.byte	0x2
 13177 36bb E9       		.byte	0xe9
 13178 36bc 0A       		.byte	0xa
 13179 36bd 5A       		.uleb128 0x5a
 13180 36be E1360000 		.4byte	0x36e1
 13181 36c2 00000000 		.4byte	.LBI13
ARM GAS  /tmp/ccRHyJSn.s 			page 238


 13182 36c6 04       		.byte	.LVU4
 13183 36c7 00000000 		.4byte	.LBB13
 13184 36cb 06000000 		.4byte	.LBE13-.LBB13
 13185 36cf 03       		.byte	0x3
 13186 36d0 6B       		.byte	0x6b
 13187 36d1 0A       		.byte	0xa
 13188 36d2 00       		.byte	0
 13189 36d3 00       		.byte	0
 13190 36d4 36       		.uleb128 0x36
 13191 36d5 28100000 		.4byte	.LASF542
 13192 36d9 03       		.byte	0x3
 13193 36da 69       		.byte	0x69
 13194 36db 19       		.byte	0x19
 13195 36dc 04010000 		.4byte	0x104
 13196 36e0 03       		.byte	0x3
 13197 36e1 36       		.uleb128 0x36
 13198 36e2 77100000 		.4byte	.LASF543
 13199 36e6 04       		.byte	0x4
 13200 36e7 8B       		.byte	0x8b
 13201 36e8 19       		.byte	0x19
 13202 36e9 04010000 		.4byte	0x104
 13203 36ed 03       		.byte	0x3
 13204 36ee 47       		.uleb128 0x47
 13205 36ef 5C070000 		.4byte	.LASF544
 13206 36f3 5601     		.2byte	0x156
 13207 36f5 47       		.uleb128 0x47
 13208 36f6 BE130000 		.4byte	.LASF545
 13209 36fa 4B01     		.2byte	0x14b
 13210 36fc 37       		.uleb128 0x37
 13211 36fd EE300000 		.4byte	0x30ee
 13212 3701 00000000 		.4byte	.LFB253
 13213 3705 0C000000 		.4byte	.LFE253-.LFB253
 13214 3709 01       		.uleb128 0x1
 13215 370a 9C       		.byte	0x9c
 13216 370b 26370000 		.4byte	0x3726
 13217 370f 1E       		.uleb128 0x1e
 13218 3710 F9300000 		.4byte	0x30f9
 13219 3714 1A0E0000 		.4byte	.LLST20
 13220 3718 160E0000 		.4byte	.LVUS20
 13221 371c 19       		.uleb128 0x19
 13222 371d 08000000 		.4byte	.LVL77
 13223 3721 F1320000 		.4byte	0x32f1
 13224 3725 00       		.byte	0
 13225 3726 37       		.uleb128 0x37
 13226 3727 D8300000 		.4byte	0x30d8
 13227 372b 00000000 		.4byte	.LFB254
 13228 372f 10000000 		.4byte	.LFE254-.LFB254
 13229 3733 01       		.uleb128 0x1
 13230 3734 9C       		.byte	0x9c
 13231 3735 50370000 		.4byte	0x3750
 13232 3739 1E       		.uleb128 0x1e
 13233 373a E3300000 		.4byte	0x30e3
 13234 373e 370E0000 		.4byte	.LLST21
 13235 3742 330E0000 		.4byte	.LVUS21
 13236 3746 19       		.uleb128 0x19
 13237 3747 0C000000 		.4byte	.LVL80
 13238 374b F1320000 		.4byte	0x32f1
ARM GAS  /tmp/ccRHyJSn.s 			page 239


 13239 374f 00       		.byte	0
 13240 3750 37       		.uleb128 0x37
 13241 3751 C2300000 		.4byte	0x30c2
 13242 3755 00000000 		.4byte	.LFB255
 13243 3759 10000000 		.4byte	.LFE255-.LFB255
 13244 375d 01       		.uleb128 0x1
 13245 375e 9C       		.byte	0x9c
 13246 375f 7A370000 		.4byte	0x377a
 13247 3763 1E       		.uleb128 0x1e
 13248 3764 CD300000 		.4byte	0x30cd
 13249 3768 540E0000 		.4byte	.LLST22
 13250 376c 500E0000 		.4byte	.LVUS22
 13251 3770 19       		.uleb128 0x19
 13252 3771 0C000000 		.4byte	.LVL83
 13253 3775 F1320000 		.4byte	0x32f1
 13254 3779 00       		.byte	0
 13255 377a 5B       		.uleb128 0x5b
 13256 377b 31180000 		.4byte	.LASF553
 13257 377f 31180000 		.4byte	.LASF553
 13258 3783 00       		.byte	0
 13259              		.section	.debug_abbrev,"",%progbits
 13260              	.Ldebug_abbrev0:
 13261 0000 01       		.uleb128 0x1
 13262 0001 49       		.uleb128 0x49
 13263 0002 00       		.byte	0
 13264 0003 02       		.uleb128 0x2
 13265 0004 18       		.uleb128 0x18
 13266 0005 7E       		.uleb128 0x7e
 13267 0006 18       		.uleb128 0x18
 13268 0007 00       		.byte	0
 13269 0008 00       		.byte	0
 13270 0009 02       		.uleb128 0x2
 13271 000a 0D       		.uleb128 0xd
 13272 000b 00       		.byte	0
 13273 000c 03       		.uleb128 0x3
 13274 000d 0E       		.uleb128 0xe
 13275 000e 3A       		.uleb128 0x3a
 13276 000f 21       		.uleb128 0x21
 13277 0010 0D       		.sleb128 13
 13278 0011 3B       		.uleb128 0x3b
 13279 0012 05       		.uleb128 0x5
 13280 0013 39       		.uleb128 0x39
 13281 0014 0B       		.uleb128 0xb
 13282 0015 49       		.uleb128 0x49
 13283 0016 13       		.uleb128 0x13
 13284 0017 38       		.uleb128 0x38
 13285 0018 05       		.uleb128 0x5
 13286 0019 00       		.byte	0
 13287 001a 00       		.byte	0
 13288 001b 03       		.uleb128 0x3
 13289 001c 0D       		.uleb128 0xd
 13290 001d 00       		.byte	0
 13291 001e 03       		.uleb128 0x3
 13292 001f 0E       		.uleb128 0xe
 13293 0020 3A       		.uleb128 0x3a
 13294 0021 0B       		.uleb128 0xb
 13295 0022 3B       		.uleb128 0x3b
ARM GAS  /tmp/ccRHyJSn.s 			page 240


 13296 0023 05       		.uleb128 0x5
 13297 0024 39       		.uleb128 0x39
 13298 0025 0B       		.uleb128 0xb
 13299 0026 49       		.uleb128 0x49
 13300 0027 13       		.uleb128 0x13
 13301 0028 38       		.uleb128 0x38
 13302 0029 0B       		.uleb128 0xb
 13303 002a 00       		.byte	0
 13304 002b 00       		.byte	0
 13305 002c 04       		.uleb128 0x4
 13306 002d 28       		.uleb128 0x28
 13307 002e 00       		.byte	0
 13308 002f 03       		.uleb128 0x3
 13309 0030 0E       		.uleb128 0xe
 13310 0031 1C       		.uleb128 0x1c
 13311 0032 0B       		.uleb128 0xb
 13312 0033 00       		.byte	0
 13313 0034 00       		.byte	0
 13314 0035 05       		.uleb128 0x5
 13315 0036 34       		.uleb128 0x34
 13316 0037 00       		.byte	0
 13317 0038 03       		.uleb128 0x3
 13318 0039 0E       		.uleb128 0xe
 13319 003a 3A       		.uleb128 0x3a
 13320 003b 21       		.uleb128 0x21
 13321 003c 01       		.sleb128 1
 13322 003d 3B       		.uleb128 0x3b
 13323 003e 05       		.uleb128 0x5
 13324 003f 39       		.uleb128 0x39
 13325 0040 0B       		.uleb128 0xb
 13326 0041 49       		.uleb128 0x49
 13327 0042 13       		.uleb128 0x13
 13328 0043 02       		.uleb128 0x2
 13329 0044 18       		.uleb128 0x18
 13330 0045 00       		.byte	0
 13331 0046 00       		.byte	0
 13332 0047 06       		.uleb128 0x6
 13333 0048 48       		.uleb128 0x48
 13334 0049 00       		.byte	0
 13335 004a 7D       		.uleb128 0x7d
 13336 004b 01       		.uleb128 0x1
 13337 004c 7F       		.uleb128 0x7f
 13338 004d 13       		.uleb128 0x13
 13339 004e 00       		.byte	0
 13340 004f 00       		.byte	0
 13341 0050 07       		.uleb128 0x7
 13342 0051 2E       		.uleb128 0x2e
 13343 0052 01       		.byte	0x1
 13344 0053 3F       		.uleb128 0x3f
 13345 0054 19       		.uleb128 0x19
 13346 0055 03       		.uleb128 0x3
 13347 0056 0E       		.uleb128 0xe
 13348 0057 3A       		.uleb128 0x3a
 13349 0058 21       		.uleb128 0x21
 13350 0059 01       		.sleb128 1
 13351 005a 3B       		.uleb128 0x3b
 13352 005b 05       		.uleb128 0x5
ARM GAS  /tmp/ccRHyJSn.s 			page 241


 13353 005c 39       		.uleb128 0x39
 13354 005d 21       		.uleb128 0x21
 13355 005e 06       		.sleb128 6
 13356 005f 27       		.uleb128 0x27
 13357 0060 19       		.uleb128 0x19
 13358 0061 11       		.uleb128 0x11
 13359 0062 01       		.uleb128 0x1
 13360 0063 12       		.uleb128 0x12
 13361 0064 06       		.uleb128 0x6
 13362 0065 40       		.uleb128 0x40
 13363 0066 18       		.uleb128 0x18
 13364 0067 7A       		.uleb128 0x7a
 13365 0068 19       		.uleb128 0x19
 13366 0069 01       		.uleb128 0x1
 13367 006a 13       		.uleb128 0x13
 13368 006b 00       		.byte	0
 13369 006c 00       		.byte	0
 13370 006d 08       		.uleb128 0x8
 13371 006e 48       		.uleb128 0x48
 13372 006f 01       		.byte	0x1
 13373 0070 7D       		.uleb128 0x7d
 13374 0071 01       		.uleb128 0x1
 13375 0072 7F       		.uleb128 0x7f
 13376 0073 13       		.uleb128 0x13
 13377 0074 01       		.uleb128 0x1
 13378 0075 13       		.uleb128 0x13
 13379 0076 00       		.byte	0
 13380 0077 00       		.byte	0
 13381 0078 09       		.uleb128 0x9
 13382 0079 21       		.uleb128 0x21
 13383 007a 00       		.byte	0
 13384 007b 49       		.uleb128 0x49
 13385 007c 13       		.uleb128 0x13
 13386 007d 2F       		.uleb128 0x2f
 13387 007e 0B       		.uleb128 0xb
 13388 007f 00       		.byte	0
 13389 0080 00       		.byte	0
 13390 0081 0A       		.uleb128 0xa
 13391 0082 01       		.uleb128 0x1
 13392 0083 01       		.byte	0x1
 13393 0084 49       		.uleb128 0x49
 13394 0085 13       		.uleb128 0x13
 13395 0086 01       		.uleb128 0x1
 13396 0087 13       		.uleb128 0x13
 13397 0088 00       		.byte	0
 13398 0089 00       		.byte	0
 13399 008a 0B       		.uleb128 0xb
 13400 008b 48       		.uleb128 0x48
 13401 008c 01       		.byte	0x1
 13402 008d 7D       		.uleb128 0x7d
 13403 008e 01       		.uleb128 0x1
 13404 008f 7F       		.uleb128 0x7f
 13405 0090 13       		.uleb128 0x13
 13406 0091 00       		.byte	0
 13407 0092 00       		.byte	0
 13408 0093 0C       		.uleb128 0xc
 13409 0094 05       		.uleb128 0x5
ARM GAS  /tmp/ccRHyJSn.s 			page 242


 13410 0095 00       		.byte	0
 13411 0096 03       		.uleb128 0x3
 13412 0097 08       		.uleb128 0x8
 13413 0098 3A       		.uleb128 0x3a
 13414 0099 21       		.uleb128 0x21
 13415 009a 01       		.sleb128 1
 13416 009b 3B       		.uleb128 0x3b
 13417 009c 05       		.uleb128 0x5
 13418 009d 39       		.uleb128 0x39
 13419 009e 0B       		.uleb128 0xb
 13420 009f 49       		.uleb128 0x49
 13421 00a0 13       		.uleb128 0x13
 13422 00a1 02       		.uleb128 0x2
 13423 00a2 17       		.uleb128 0x17
 13424 00a3 B742     		.uleb128 0x2137
 13425 00a5 17       		.uleb128 0x17
 13426 00a6 00       		.byte	0
 13427 00a7 00       		.byte	0
 13428 00a8 0D       		.uleb128 0xd
 13429 00a9 05       		.uleb128 0x5
 13430 00aa 00       		.byte	0
 13431 00ab 03       		.uleb128 0x3
 13432 00ac 0E       		.uleb128 0xe
 13433 00ad 3A       		.uleb128 0x3a
 13434 00ae 0B       		.uleb128 0xb
 13435 00af 3B       		.uleb128 0x3b
 13436 00b0 05       		.uleb128 0x5
 13437 00b1 39       		.uleb128 0x39
 13438 00b2 0B       		.uleb128 0xb
 13439 00b3 49       		.uleb128 0x49
 13440 00b4 13       		.uleb128 0x13
 13441 00b5 02       		.uleb128 0x2
 13442 00b6 17       		.uleb128 0x17
 13443 00b7 B742     		.uleb128 0x2137
 13444 00b9 17       		.uleb128 0x17
 13445 00ba 00       		.byte	0
 13446 00bb 00       		.byte	0
 13447 00bc 0E       		.uleb128 0xe
 13448 00bd 34       		.uleb128 0x34
 13449 00be 00       		.byte	0
 13450 00bf 03       		.uleb128 0x3
 13451 00c0 08       		.uleb128 0x8
 13452 00c1 3A       		.uleb128 0x3a
 13453 00c2 21       		.uleb128 0x21
 13454 00c3 01       		.sleb128 1
 13455 00c4 3B       		.uleb128 0x3b
 13456 00c5 05       		.uleb128 0x5
 13457 00c6 39       		.uleb128 0x39
 13458 00c7 0B       		.uleb128 0xb
 13459 00c8 49       		.uleb128 0x49
 13460 00c9 13       		.uleb128 0x13
 13461 00ca 02       		.uleb128 0x2
 13462 00cb 17       		.uleb128 0x17
 13463 00cc B742     		.uleb128 0x2137
 13464 00ce 17       		.uleb128 0x17
 13465 00cf 00       		.byte	0
 13466 00d0 00       		.byte	0
ARM GAS  /tmp/ccRHyJSn.s 			page 243


 13467 00d1 0F       		.uleb128 0xf
 13468 00d2 34       		.uleb128 0x34
 13469 00d3 00       		.byte	0
 13470 00d4 03       		.uleb128 0x3
 13471 00d5 0E       		.uleb128 0xe
 13472 00d6 3A       		.uleb128 0x3a
 13473 00d7 21       		.uleb128 0x21
 13474 00d8 01       		.sleb128 1
 13475 00d9 3B       		.uleb128 0x3b
 13476 00da 05       		.uleb128 0x5
 13477 00db 39       		.uleb128 0x39
 13478 00dc 0B       		.uleb128 0xb
 13479 00dd 49       		.uleb128 0x49
 13480 00de 13       		.uleb128 0x13
 13481 00df 3F       		.uleb128 0x3f
 13482 00e0 19       		.uleb128 0x19
 13483 00e1 02       		.uleb128 0x2
 13484 00e2 18       		.uleb128 0x18
 13485 00e3 00       		.byte	0
 13486 00e4 00       		.byte	0
 13487 00e5 10       		.uleb128 0x10
 13488 00e6 0D       		.uleb128 0xd
 13489 00e7 00       		.byte	0
 13490 00e8 03       		.uleb128 0x3
 13491 00e9 08       		.uleb128 0x8
 13492 00ea 3A       		.uleb128 0x3a
 13493 00eb 0B       		.uleb128 0xb
 13494 00ec 3B       		.uleb128 0x3b
 13495 00ed 05       		.uleb128 0x5
 13496 00ee 39       		.uleb128 0x39
 13497 00ef 0B       		.uleb128 0xb
 13498 00f0 49       		.uleb128 0x49
 13499 00f1 13       		.uleb128 0x13
 13500 00f2 38       		.uleb128 0x38
 13501 00f3 0B       		.uleb128 0xb
 13502 00f4 00       		.byte	0
 13503 00f5 00       		.byte	0
 13504 00f6 11       		.uleb128 0x11
 13505 00f7 0D       		.uleb128 0xd
 13506 00f8 00       		.byte	0
 13507 00f9 03       		.uleb128 0x3
 13508 00fa 0E       		.uleb128 0xe
 13509 00fb 3A       		.uleb128 0x3a
 13510 00fc 0B       		.uleb128 0xb
 13511 00fd 3B       		.uleb128 0x3b
 13512 00fe 0B       		.uleb128 0xb
 13513 00ff 39       		.uleb128 0x39
 13514 0100 0B       		.uleb128 0xb
 13515 0101 49       		.uleb128 0x49
 13516 0102 13       		.uleb128 0x13
 13517 0103 38       		.uleb128 0x38
 13518 0104 0B       		.uleb128 0xb
 13519 0105 00       		.byte	0
 13520 0106 00       		.byte	0
 13521 0107 12       		.uleb128 0x12
 13522 0108 34       		.uleb128 0x34
 13523 0109 00       		.byte	0
ARM GAS  /tmp/ccRHyJSn.s 			page 244


 13524 010a 03       		.uleb128 0x3
 13525 010b 0E       		.uleb128 0xe
 13526 010c 3A       		.uleb128 0x3a
 13527 010d 21       		.uleb128 0x21
 13528 010e 01       		.sleb128 1
 13529 010f 3B       		.uleb128 0x3b
 13530 0110 05       		.uleb128 0x5
 13531 0111 39       		.uleb128 0x39
 13532 0112 0B       		.uleb128 0xb
 13533 0113 49       		.uleb128 0x49
 13534 0114 13       		.uleb128 0x13
 13535 0115 02       		.uleb128 0x2
 13536 0116 17       		.uleb128 0x17
 13537 0117 B742     		.uleb128 0x2137
 13538 0119 17       		.uleb128 0x17
 13539 011a 00       		.byte	0
 13540 011b 00       		.byte	0
 13541 011c 13       		.uleb128 0x13
 13542 011d 26       		.uleb128 0x26
 13543 011e 00       		.byte	0
 13544 011f 49       		.uleb128 0x49
 13545 0120 13       		.uleb128 0x13
 13546 0121 00       		.byte	0
 13547 0122 00       		.byte	0
 13548 0123 14       		.uleb128 0x14
 13549 0124 24       		.uleb128 0x24
 13550 0125 00       		.byte	0
 13551 0126 0B       		.uleb128 0xb
 13552 0127 0B       		.uleb128 0xb
 13553 0128 3E       		.uleb128 0x3e
 13554 0129 0B       		.uleb128 0xb
 13555 012a 03       		.uleb128 0x3
 13556 012b 0E       		.uleb128 0xe
 13557 012c 00       		.byte	0
 13558 012d 00       		.byte	0
 13559 012e 15       		.uleb128 0x15
 13560 012f 16       		.uleb128 0x16
 13561 0130 00       		.byte	0
 13562 0131 03       		.uleb128 0x3
 13563 0132 0E       		.uleb128 0xe
 13564 0133 3A       		.uleb128 0x3a
 13565 0134 0B       		.uleb128 0xb
 13566 0135 3B       		.uleb128 0x3b
 13567 0136 0B       		.uleb128 0xb
 13568 0137 39       		.uleb128 0x39
 13569 0138 0B       		.uleb128 0xb
 13570 0139 49       		.uleb128 0x49
 13571 013a 13       		.uleb128 0x13
 13572 013b 00       		.byte	0
 13573 013c 00       		.byte	0
 13574 013d 16       		.uleb128 0x16
 13575 013e 16       		.uleb128 0x16
 13576 013f 00       		.byte	0
 13577 0140 03       		.uleb128 0x3
 13578 0141 0E       		.uleb128 0xe
 13579 0142 3A       		.uleb128 0x3a
 13580 0143 0B       		.uleb128 0xb
ARM GAS  /tmp/ccRHyJSn.s 			page 245


 13581 0144 3B       		.uleb128 0x3b
 13582 0145 05       		.uleb128 0x5
 13583 0146 39       		.uleb128 0x39
 13584 0147 0B       		.uleb128 0xb
 13585 0148 49       		.uleb128 0x49
 13586 0149 13       		.uleb128 0x13
 13587 014a 00       		.byte	0
 13588 014b 00       		.byte	0
 13589 014c 17       		.uleb128 0x17
 13590 014d 34       		.uleb128 0x34
 13591 014e 00       		.byte	0
 13592 014f 03       		.uleb128 0x3
 13593 0150 0E       		.uleb128 0xe
 13594 0151 3A       		.uleb128 0x3a
 13595 0152 21       		.uleb128 0x21
 13596 0153 0D       		.sleb128 13
 13597 0154 3B       		.uleb128 0x3b
 13598 0155 05       		.uleb128 0x5
 13599 0156 39       		.uleb128 0x39
 13600 0157 0B       		.uleb128 0xb
 13601 0158 49       		.uleb128 0x49
 13602 0159 13       		.uleb128 0x13
 13603 015a 3F       		.uleb128 0x3f
 13604 015b 19       		.uleb128 0x19
 13605 015c 3C       		.uleb128 0x3c
 13606 015d 19       		.uleb128 0x19
 13607 015e 00       		.byte	0
 13608 015f 00       		.byte	0
 13609 0160 18       		.uleb128 0x18
 13610 0161 05       		.uleb128 0x5
 13611 0162 00       		.byte	0
 13612 0163 49       		.uleb128 0x49
 13613 0164 13       		.uleb128 0x13
 13614 0165 00       		.byte	0
 13615 0166 00       		.byte	0
 13616 0167 19       		.uleb128 0x19
 13617 0168 48       		.uleb128 0x48
 13618 0169 00       		.byte	0
 13619 016a 7D       		.uleb128 0x7d
 13620 016b 01       		.uleb128 0x1
 13621 016c 8201     		.uleb128 0x82
 13622 016e 19       		.uleb128 0x19
 13623 016f 7F       		.uleb128 0x7f
 13624 0170 13       		.uleb128 0x13
 13625 0171 00       		.byte	0
 13626 0172 00       		.byte	0
 13627 0173 1A       		.uleb128 0x1a
 13628 0174 48       		.uleb128 0x48
 13629 0175 01       		.byte	0x1
 13630 0176 7D       		.uleb128 0x7d
 13631 0177 01       		.uleb128 0x1
 13632 0178 8201     		.uleb128 0x82
 13633 017a 19       		.uleb128 0x19
 13634 017b 7F       		.uleb128 0x7f
 13635 017c 13       		.uleb128 0x13
 13636 017d 00       		.byte	0
 13637 017e 00       		.byte	0
ARM GAS  /tmp/ccRHyJSn.s 			page 246


 13638 017f 1B       		.uleb128 0x1b
 13639 0180 2E       		.uleb128 0x2e
 13640 0181 01       		.byte	0x1
 13641 0182 3F       		.uleb128 0x3f
 13642 0183 19       		.uleb128 0x19
 13643 0184 03       		.uleb128 0x3
 13644 0185 0E       		.uleb128 0xe
 13645 0186 3A       		.uleb128 0x3a
 13646 0187 21       		.uleb128 0x21
 13647 0188 01       		.sleb128 1
 13648 0189 3B       		.uleb128 0x3b
 13649 018a 05       		.uleb128 0x5
 13650 018b 39       		.uleb128 0x39
 13651 018c 0B       		.uleb128 0xb
 13652 018d 27       		.uleb128 0x27
 13653 018e 19       		.uleb128 0x19
 13654 018f 49       		.uleb128 0x49
 13655 0190 13       		.uleb128 0x13
 13656 0191 11       		.uleb128 0x11
 13657 0192 01       		.uleb128 0x1
 13658 0193 12       		.uleb128 0x12
 13659 0194 06       		.uleb128 0x6
 13660 0195 40       		.uleb128 0x40
 13661 0196 18       		.uleb128 0x18
 13662 0197 7A       		.uleb128 0x7a
 13663 0198 19       		.uleb128 0x19
 13664 0199 01       		.uleb128 0x1
 13665 019a 13       		.uleb128 0x13
 13666 019b 00       		.byte	0
 13667 019c 00       		.byte	0
 13668 019d 1C       		.uleb128 0x1c
 13669 019e 34       		.uleb128 0x34
 13670 019f 00       		.byte	0
 13671 01a0 47       		.uleb128 0x47
 13672 01a1 13       		.uleb128 0x13
 13673 01a2 3A       		.uleb128 0x3a
 13674 01a3 21       		.uleb128 0x21
 13675 01a4 01       		.sleb128 1
 13676 01a5 3B       		.uleb128 0x3b
 13677 01a6 05       		.uleb128 0x5
 13678 01a7 39       		.uleb128 0x39
 13679 01a8 0B       		.uleb128 0xb
 13680 01a9 02       		.uleb128 0x2
 13681 01aa 18       		.uleb128 0x18
 13682 01ab 00       		.byte	0
 13683 01ac 00       		.byte	0
 13684 01ad 1D       		.uleb128 0x1d
 13685 01ae 34       		.uleb128 0x34
 13686 01af 00       		.byte	0
 13687 01b0 03       		.uleb128 0x3
 13688 01b1 0E       		.uleb128 0xe
 13689 01b2 3A       		.uleb128 0x3a
 13690 01b3 21       		.uleb128 0x21
 13691 01b4 01       		.sleb128 1
 13692 01b5 3B       		.uleb128 0x3b
 13693 01b6 05       		.uleb128 0x5
 13694 01b7 39       		.uleb128 0x39
ARM GAS  /tmp/ccRHyJSn.s 			page 247


 13695 01b8 0B       		.uleb128 0xb
 13696 01b9 49       		.uleb128 0x49
 13697 01ba 13       		.uleb128 0x13
 13698 01bb 1C       		.uleb128 0x1c
 13699 01bc 0B       		.uleb128 0xb
 13700 01bd 00       		.byte	0
 13701 01be 00       		.byte	0
 13702 01bf 1E       		.uleb128 0x1e
 13703 01c0 05       		.uleb128 0x5
 13704 01c1 00       		.byte	0
 13705 01c2 31       		.uleb128 0x31
 13706 01c3 13       		.uleb128 0x13
 13707 01c4 02       		.uleb128 0x2
 13708 01c5 17       		.uleb128 0x17
 13709 01c6 B742     		.uleb128 0x2137
 13710 01c8 17       		.uleb128 0x17
 13711 01c9 00       		.byte	0
 13712 01ca 00       		.byte	0
 13713 01cb 1F       		.uleb128 0x1f
 13714 01cc 13       		.uleb128 0x13
 13715 01cd 01       		.byte	0x1
 13716 01ce 0B       		.uleb128 0xb
 13717 01cf 0B       		.uleb128 0xb
 13718 01d0 3A       		.uleb128 0x3a
 13719 01d1 0B       		.uleb128 0xb
 13720 01d2 3B       		.uleb128 0x3b
 13721 01d3 05       		.uleb128 0x5
 13722 01d4 39       		.uleb128 0x39
 13723 01d5 21       		.uleb128 0x21
 13724 01d6 09       		.sleb128 9
 13725 01d7 01       		.uleb128 0x1
 13726 01d8 13       		.uleb128 0x13
 13727 01d9 00       		.byte	0
 13728 01da 00       		.byte	0
 13729 01db 20       		.uleb128 0x20
 13730 01dc 04       		.uleb128 0x4
 13731 01dd 01       		.byte	0x1
 13732 01de 3E       		.uleb128 0x3e
 13733 01df 21       		.uleb128 0x21
 13734 01e0 07       		.sleb128 7
 13735 01e1 0B       		.uleb128 0xb
 13736 01e2 21       		.uleb128 0x21
 13737 01e3 01       		.sleb128 1
 13738 01e4 49       		.uleb128 0x49
 13739 01e5 13       		.uleb128 0x13
 13740 01e6 3A       		.uleb128 0x3a
 13741 01e7 0B       		.uleb128 0xb
 13742 01e8 3B       		.uleb128 0x3b
 13743 01e9 05       		.uleb128 0x5
 13744 01ea 39       		.uleb128 0x39
 13745 01eb 0B       		.uleb128 0xb
 13746 01ec 01       		.uleb128 0x1
 13747 01ed 13       		.uleb128 0x13
 13748 01ee 00       		.byte	0
 13749 01ef 00       		.byte	0
 13750 01f0 21       		.uleb128 0x21
 13751 01f1 35       		.uleb128 0x35
ARM GAS  /tmp/ccRHyJSn.s 			page 248


 13752 01f2 00       		.byte	0
 13753 01f3 49       		.uleb128 0x49
 13754 01f4 13       		.uleb128 0x13
 13755 01f5 00       		.byte	0
 13756 01f6 00       		.byte	0
 13757 01f7 22       		.uleb128 0x22
 13758 01f8 0B       		.uleb128 0xb
 13759 01f9 01       		.byte	0x1
 13760 01fa 11       		.uleb128 0x11
 13761 01fb 01       		.uleb128 0x1
 13762 01fc 12       		.uleb128 0x12
 13763 01fd 06       		.uleb128 0x6
 13764 01fe 01       		.uleb128 0x1
 13765 01ff 13       		.uleb128 0x13
 13766 0200 00       		.byte	0
 13767 0201 00       		.byte	0
 13768 0202 23       		.uleb128 0x23
 13769 0203 0B       		.uleb128 0xb
 13770 0204 01       		.byte	0x1
 13771 0205 55       		.uleb128 0x55
 13772 0206 17       		.uleb128 0x17
 13773 0207 00       		.byte	0
 13774 0208 00       		.byte	0
 13775 0209 24       		.uleb128 0x24
 13776 020a 0D       		.uleb128 0xd
 13777 020b 00       		.byte	0
 13778 020c 03       		.uleb128 0x3
 13779 020d 08       		.uleb128 0x8
 13780 020e 3A       		.uleb128 0x3a
 13781 020f 0B       		.uleb128 0xb
 13782 0210 3B       		.uleb128 0x3b
 13783 0211 0B       		.uleb128 0xb
 13784 0212 39       		.uleb128 0x39
 13785 0213 0B       		.uleb128 0xb
 13786 0214 49       		.uleb128 0x49
 13787 0215 13       		.uleb128 0x13
 13788 0216 38       		.uleb128 0x38
 13789 0217 0B       		.uleb128 0xb
 13790 0218 00       		.byte	0
 13791 0219 00       		.byte	0
 13792 021a 25       		.uleb128 0x25
 13793 021b 1D       		.uleb128 0x1d
 13794 021c 01       		.byte	0x1
 13795 021d 31       		.uleb128 0x31
 13796 021e 13       		.uleb128 0x13
 13797 021f 52       		.uleb128 0x52
 13798 0220 01       		.uleb128 0x1
 13799 0221 B842     		.uleb128 0x2138
 13800 0223 0B       		.uleb128 0xb
 13801 0224 55       		.uleb128 0x55
 13802 0225 17       		.uleb128 0x17
 13803 0226 58       		.uleb128 0x58
 13804 0227 21       		.uleb128 0x21
 13805 0228 01       		.sleb128 1
 13806 0229 59       		.uleb128 0x59
 13807 022a 05       		.uleb128 0x5
 13808 022b 57       		.uleb128 0x57
ARM GAS  /tmp/ccRHyJSn.s 			page 249


 13809 022c 0B       		.uleb128 0xb
 13810 022d 01       		.uleb128 0x1
 13811 022e 13       		.uleb128 0x13
 13812 022f 00       		.byte	0
 13813 0230 00       		.byte	0
 13814 0231 26       		.uleb128 0x26
 13815 0232 0F       		.uleb128 0xf
 13816 0233 00       		.byte	0
 13817 0234 0B       		.uleb128 0xb
 13818 0235 21       		.uleb128 0x21
 13819 0236 04       		.sleb128 4
 13820 0237 49       		.uleb128 0x49
 13821 0238 13       		.uleb128 0x13
 13822 0239 00       		.byte	0
 13823 023a 00       		.byte	0
 13824 023b 27       		.uleb128 0x27
 13825 023c 34       		.uleb128 0x34
 13826 023d 00       		.byte	0
 13827 023e 03       		.uleb128 0x3
 13828 023f 08       		.uleb128 0x8
 13829 0240 3A       		.uleb128 0x3a
 13830 0241 21       		.uleb128 0x21
 13831 0242 01       		.sleb128 1
 13832 0243 3B       		.uleb128 0x3b
 13833 0244 05       		.uleb128 0x5
 13834 0245 39       		.uleb128 0x39
 13835 0246 21       		.uleb128 0x21
 13836 0247 0A       		.sleb128 10
 13837 0248 49       		.uleb128 0x49
 13838 0249 13       		.uleb128 0x13
 13839 024a 3F       		.uleb128 0x3f
 13840 024b 19       		.uleb128 0x19
 13841 024c 02       		.uleb128 0x2
 13842 024d 18       		.uleb128 0x18
 13843 024e 00       		.byte	0
 13844 024f 00       		.byte	0
 13845 0250 28       		.uleb128 0x28
 13846 0251 34       		.uleb128 0x34
 13847 0252 00       		.byte	0
 13848 0253 03       		.uleb128 0x3
 13849 0254 08       		.uleb128 0x8
 13850 0255 3A       		.uleb128 0x3a
 13851 0256 21       		.uleb128 0x21
 13852 0257 01       		.sleb128 1
 13853 0258 3B       		.uleb128 0x3b
 13854 0259 05       		.uleb128 0x5
 13855 025a 39       		.uleb128 0x39
 13856 025b 0B       		.uleb128 0xb
 13857 025c 49       		.uleb128 0x49
 13858 025d 13       		.uleb128 0x13
 13859 025e 1C       		.uleb128 0x1c
 13860 025f 0B       		.uleb128 0xb
 13861 0260 00       		.byte	0
 13862 0261 00       		.byte	0
 13863 0262 29       		.uleb128 0x29
 13864 0263 2E       		.uleb128 0x2e
 13865 0264 00       		.byte	0
ARM GAS  /tmp/ccRHyJSn.s 			page 250


 13866 0265 3F       		.uleb128 0x3f
 13867 0266 19       		.uleb128 0x19
 13868 0267 03       		.uleb128 0x3
 13869 0268 0E       		.uleb128 0xe
 13870 0269 3A       		.uleb128 0x3a
 13871 026a 21       		.uleb128 0x21
 13872 026b 01       		.sleb128 1
 13873 026c 3B       		.uleb128 0x3b
 13874 026d 05       		.uleb128 0x5
 13875 026e 39       		.uleb128 0x39
 13876 026f 0B       		.uleb128 0xb
 13877 0270 27       		.uleb128 0x27
 13878 0271 19       		.uleb128 0x19
 13879 0272 49       		.uleb128 0x49
 13880 0273 13       		.uleb128 0x13
 13881 0274 11       		.uleb128 0x11
 13882 0275 01       		.uleb128 0x1
 13883 0276 12       		.uleb128 0x12
 13884 0277 06       		.uleb128 0x6
 13885 0278 40       		.uleb128 0x40
 13886 0279 18       		.uleb128 0x18
 13887 027a 7A       		.uleb128 0x7a
 13888 027b 19       		.uleb128 0x19
 13889 027c 00       		.byte	0
 13890 027d 00       		.byte	0
 13891 027e 2A       		.uleb128 0x2a
 13892 027f 05       		.uleb128 0x5
 13893 0280 00       		.byte	0
 13894 0281 03       		.uleb128 0x3
 13895 0282 08       		.uleb128 0x8
 13896 0283 3A       		.uleb128 0x3a
 13897 0284 21       		.uleb128 0x21
 13898 0285 01       		.sleb128 1
 13899 0286 3B       		.uleb128 0x3b
 13900 0287 05       		.uleb128 0x5
 13901 0288 39       		.uleb128 0x39
 13902 0289 0B       		.uleb128 0xb
 13903 028a 49       		.uleb128 0x49
 13904 028b 13       		.uleb128 0x13
 13905 028c 00       		.byte	0
 13906 028d 00       		.byte	0
 13907 028e 2B       		.uleb128 0x2b
 13908 028f 2E       		.uleb128 0x2e
 13909 0290 00       		.byte	0
 13910 0291 3F       		.uleb128 0x3f
 13911 0292 19       		.uleb128 0x19
 13912 0293 03       		.uleb128 0x3
 13913 0294 0E       		.uleb128 0xe
 13914 0295 3A       		.uleb128 0x3a
 13915 0296 21       		.uleb128 0x21
 13916 0297 01       		.sleb128 1
 13917 0298 3B       		.uleb128 0x3b
 13918 0299 0B       		.uleb128 0xb
 13919 029a 39       		.uleb128 0x39
 13920 029b 21       		.uleb128 0x21
 13921 029c 06       		.sleb128 6
 13922 029d 27       		.uleb128 0x27
ARM GAS  /tmp/ccRHyJSn.s 			page 251


 13923 029e 19       		.uleb128 0x19
 13924 029f 11       		.uleb128 0x11
 13925 02a0 01       		.uleb128 0x1
 13926 02a1 12       		.uleb128 0x12
 13927 02a2 06       		.uleb128 0x6
 13928 02a3 40       		.uleb128 0x40
 13929 02a4 18       		.uleb128 0x18
 13930 02a5 7A       		.uleb128 0x7a
 13931 02a6 19       		.uleb128 0x19
 13932 02a7 00       		.byte	0
 13933 02a8 00       		.byte	0
 13934 02a9 2C       		.uleb128 0x2c
 13935 02aa 13       		.uleb128 0x13
 13936 02ab 01       		.byte	0x1
 13937 02ac 0B       		.uleb128 0xb
 13938 02ad 0B       		.uleb128 0xb
 13939 02ae 3A       		.uleb128 0x3a
 13940 02af 0B       		.uleb128 0xb
 13941 02b0 3B       		.uleb128 0x3b
 13942 02b1 0B       		.uleb128 0xb
 13943 02b2 39       		.uleb128 0x39
 13944 02b3 0B       		.uleb128 0xb
 13945 02b4 01       		.uleb128 0x1
 13946 02b5 13       		.uleb128 0x13
 13947 02b6 00       		.byte	0
 13948 02b7 00       		.byte	0
 13949 02b8 2D       		.uleb128 0x2d
 13950 02b9 0D       		.uleb128 0xd
 13951 02ba 00       		.byte	0
 13952 02bb 03       		.uleb128 0x3
 13953 02bc 08       		.uleb128 0x8
 13954 02bd 3A       		.uleb128 0x3a
 13955 02be 21       		.uleb128 0x21
 13956 02bf 0D       		.sleb128 13
 13957 02c0 3B       		.uleb128 0x3b
 13958 02c1 05       		.uleb128 0x5
 13959 02c2 39       		.uleb128 0x39
 13960 02c3 0B       		.uleb128 0xb
 13961 02c4 49       		.uleb128 0x49
 13962 02c5 13       		.uleb128 0x13
 13963 02c6 38       		.uleb128 0x38
 13964 02c7 05       		.uleb128 0x5
 13965 02c8 00       		.byte	0
 13966 02c9 00       		.byte	0
 13967 02ca 2E       		.uleb128 0x2e
 13968 02cb 34       		.uleb128 0x34
 13969 02cc 00       		.byte	0
 13970 02cd 03       		.uleb128 0x3
 13971 02ce 0E       		.uleb128 0xe
 13972 02cf 3A       		.uleb128 0x3a
 13973 02d0 21       		.uleb128 0x21
 13974 02d1 0E       		.sleb128 14
 13975 02d2 3B       		.uleb128 0x3b
 13976 02d3 0B       		.uleb128 0xb
 13977 02d4 39       		.uleb128 0x39
 13978 02d5 0B       		.uleb128 0xb
 13979 02d6 49       		.uleb128 0x49
ARM GAS  /tmp/ccRHyJSn.s 			page 252


 13980 02d7 13       		.uleb128 0x13
 13981 02d8 3F       		.uleb128 0x3f
 13982 02d9 19       		.uleb128 0x19
 13983 02da 3C       		.uleb128 0x3c
 13984 02db 19       		.uleb128 0x19
 13985 02dc 00       		.byte	0
 13986 02dd 00       		.byte	0
 13987 02de 2F       		.uleb128 0x2f
 13988 02df 34       		.uleb128 0x34
 13989 02e0 00       		.byte	0
 13990 02e1 03       		.uleb128 0x3
 13991 02e2 0E       		.uleb128 0xe
 13992 02e3 3A       		.uleb128 0x3a
 13993 02e4 21       		.uleb128 0x21
 13994 02e5 01       		.sleb128 1
 13995 02e6 3B       		.uleb128 0x3b
 13996 02e7 05       		.uleb128 0x5
 13997 02e8 39       		.uleb128 0x39
 13998 02e9 0B       		.uleb128 0xb
 13999 02ea 49       		.uleb128 0x49
 14000 02eb 13       		.uleb128 0x13
 14001 02ec 00       		.byte	0
 14002 02ed 00       		.byte	0
 14003 02ee 30       		.uleb128 0x30
 14004 02ef 2E       		.uleb128 0x2e
 14005 02f0 01       		.byte	0x1
 14006 02f1 3F       		.uleb128 0x3f
 14007 02f2 19       		.uleb128 0x19
 14008 02f3 03       		.uleb128 0x3
 14009 02f4 0E       		.uleb128 0xe
 14010 02f5 3A       		.uleb128 0x3a
 14011 02f6 0B       		.uleb128 0xb
 14012 02f7 3B       		.uleb128 0x3b
 14013 02f8 05       		.uleb128 0x5
 14014 02f9 39       		.uleb128 0x39
 14015 02fa 0B       		.uleb128 0xb
 14016 02fb 27       		.uleb128 0x27
 14017 02fc 19       		.uleb128 0x19
 14018 02fd 3C       		.uleb128 0x3c
 14019 02fe 19       		.uleb128 0x19
 14020 02ff 01       		.uleb128 0x1
 14021 0300 13       		.uleb128 0x13
 14022 0301 00       		.byte	0
 14023 0302 00       		.byte	0
 14024 0303 31       		.uleb128 0x31
 14025 0304 2E       		.uleb128 0x2e
 14026 0305 01       		.byte	0x1
 14027 0306 3F       		.uleb128 0x3f
 14028 0307 19       		.uleb128 0x19
 14029 0308 03       		.uleb128 0x3
 14030 0309 0E       		.uleb128 0xe
 14031 030a 3A       		.uleb128 0x3a
 14032 030b 0B       		.uleb128 0xb
 14033 030c 3B       		.uleb128 0x3b
 14034 030d 0B       		.uleb128 0xb
 14035 030e 39       		.uleb128 0x39
 14036 030f 21       		.uleb128 0x21
ARM GAS  /tmp/ccRHyJSn.s 			page 253


 14037 0310 06       		.sleb128 6
 14038 0311 27       		.uleb128 0x27
 14039 0312 19       		.uleb128 0x19
 14040 0313 3C       		.uleb128 0x3c
 14041 0314 19       		.uleb128 0x19
 14042 0315 01       		.uleb128 0x1
 14043 0316 13       		.uleb128 0x13
 14044 0317 00       		.byte	0
 14045 0318 00       		.byte	0
 14046 0319 32       		.uleb128 0x32
 14047 031a 05       		.uleb128 0x5
 14048 031b 00       		.byte	0
 14049 031c 03       		.uleb128 0x3
 14050 031d 08       		.uleb128 0x8
 14051 031e 3A       		.uleb128 0x3a
 14052 031f 21       		.uleb128 0x21
 14053 0320 01       		.sleb128 1
 14054 0321 3B       		.uleb128 0x3b
 14055 0322 05       		.uleb128 0x5
 14056 0323 39       		.uleb128 0x39
 14057 0324 0B       		.uleb128 0xb
 14058 0325 49       		.uleb128 0x49
 14059 0326 13       		.uleb128 0x13
 14060 0327 02       		.uleb128 0x2
 14061 0328 18       		.uleb128 0x18
 14062 0329 00       		.byte	0
 14063 032a 00       		.byte	0
 14064 032b 33       		.uleb128 0x33
 14065 032c 1D       		.uleb128 0x1d
 14066 032d 00       		.byte	0
 14067 032e 31       		.uleb128 0x31
 14068 032f 13       		.uleb128 0x13
 14069 0330 52       		.uleb128 0x52
 14070 0331 01       		.uleb128 0x1
 14071 0332 B842     		.uleb128 0x2138
 14072 0334 0B       		.uleb128 0xb
 14073 0335 11       		.uleb128 0x11
 14074 0336 01       		.uleb128 0x1
 14075 0337 12       		.uleb128 0x12
 14076 0338 06       		.uleb128 0x6
 14077 0339 58       		.uleb128 0x58
 14078 033a 21       		.uleb128 0x21
 14079 033b 01       		.sleb128 1
 14080 033c 59       		.uleb128 0x59
 14081 033d 05       		.uleb128 0x5
 14082 033e 57       		.uleb128 0x57
 14083 033f 0B       		.uleb128 0xb
 14084 0340 00       		.byte	0
 14085 0341 00       		.byte	0
 14086 0342 34       		.uleb128 0x34
 14087 0343 2E       		.uleb128 0x2e
 14088 0344 01       		.byte	0x1
 14089 0345 03       		.uleb128 0x3
 14090 0346 0E       		.uleb128 0xe
 14091 0347 3A       		.uleb128 0x3a
 14092 0348 21       		.uleb128 0x21
 14093 0349 01       		.sleb128 1
ARM GAS  /tmp/ccRHyJSn.s 			page 254


 14094 034a 3B       		.uleb128 0x3b
 14095 034b 05       		.uleb128 0x5
 14096 034c 39       		.uleb128 0x39
 14097 034d 0B       		.uleb128 0xb
 14098 034e 27       		.uleb128 0x27
 14099 034f 19       		.uleb128 0x19
 14100 0350 49       		.uleb128 0x49
 14101 0351 13       		.uleb128 0x13
 14102 0352 20       		.uleb128 0x20
 14103 0353 21       		.uleb128 0x21
 14104 0354 01       		.sleb128 1
 14105 0355 01       		.uleb128 0x1
 14106 0356 13       		.uleb128 0x13
 14107 0357 00       		.byte	0
 14108 0358 00       		.byte	0
 14109 0359 35       		.uleb128 0x35
 14110 035a 2E       		.uleb128 0x2e
 14111 035b 01       		.byte	0x1
 14112 035c 3F       		.uleb128 0x3f
 14113 035d 19       		.uleb128 0x19
 14114 035e 03       		.uleb128 0x3
 14115 035f 0E       		.uleb128 0xe
 14116 0360 3A       		.uleb128 0x3a
 14117 0361 21       		.uleb128 0x21
 14118 0362 01       		.sleb128 1
 14119 0363 3B       		.uleb128 0x3b
 14120 0364 05       		.uleb128 0x5
 14121 0365 39       		.uleb128 0x39
 14122 0366 21       		.uleb128 0x21
 14123 0367 06       		.sleb128 6
 14124 0368 27       		.uleb128 0x27
 14125 0369 19       		.uleb128 0x19
 14126 036a 20       		.uleb128 0x20
 14127 036b 21       		.uleb128 0x21
 14128 036c 01       		.sleb128 1
 14129 036d 01       		.uleb128 0x1
 14130 036e 13       		.uleb128 0x13
 14131 036f 00       		.byte	0
 14132 0370 00       		.byte	0
 14133 0371 36       		.uleb128 0x36
 14134 0372 2E       		.uleb128 0x2e
 14135 0373 00       		.byte	0
 14136 0374 03       		.uleb128 0x3
 14137 0375 0E       		.uleb128 0xe
 14138 0376 3A       		.uleb128 0x3a
 14139 0377 0B       		.uleb128 0xb
 14140 0378 3B       		.uleb128 0x3b
 14141 0379 0B       		.uleb128 0xb
 14142 037a 39       		.uleb128 0x39
 14143 037b 0B       		.uleb128 0xb
 14144 037c 27       		.uleb128 0x27
 14145 037d 19       		.uleb128 0x19
 14146 037e 49       		.uleb128 0x49
 14147 037f 13       		.uleb128 0x13
 14148 0380 20       		.uleb128 0x20
 14149 0381 0B       		.uleb128 0xb
 14150 0382 00       		.byte	0
ARM GAS  /tmp/ccRHyJSn.s 			page 255


 14151 0383 00       		.byte	0
 14152 0384 37       		.uleb128 0x37
 14153 0385 2E       		.uleb128 0x2e
 14154 0386 01       		.byte	0x1
 14155 0387 31       		.uleb128 0x31
 14156 0388 13       		.uleb128 0x13
 14157 0389 11       		.uleb128 0x11
 14158 038a 01       		.uleb128 0x1
 14159 038b 12       		.uleb128 0x12
 14160 038c 06       		.uleb128 0x6
 14161 038d 40       		.uleb128 0x40
 14162 038e 18       		.uleb128 0x18
 14163 038f 7A       		.uleb128 0x7a
 14164 0390 19       		.uleb128 0x19
 14165 0391 01       		.uleb128 0x1
 14166 0392 13       		.uleb128 0x13
 14167 0393 00       		.byte	0
 14168 0394 00       		.byte	0
 14169 0395 38       		.uleb128 0x38
 14170 0396 0D       		.uleb128 0xd
 14171 0397 00       		.byte	0
 14172 0398 03       		.uleb128 0x3
 14173 0399 08       		.uleb128 0x8
 14174 039a 3A       		.uleb128 0x3a
 14175 039b 21       		.uleb128 0x21
 14176 039c 0C       		.sleb128 12
 14177 039d 3B       		.uleb128 0x3b
 14178 039e 0B       		.uleb128 0xb
 14179 039f 39       		.uleb128 0x39
 14180 03a0 0B       		.uleb128 0xb
 14181 03a1 49       		.uleb128 0x49
 14182 03a2 13       		.uleb128 0x13
 14183 03a3 00       		.byte	0
 14184 03a4 00       		.byte	0
 14185 03a5 39       		.uleb128 0x39
 14186 03a6 13       		.uleb128 0x13
 14187 03a7 01       		.byte	0x1
 14188 03a8 03       		.uleb128 0x3
 14189 03a9 0E       		.uleb128 0xe
 14190 03aa 0B       		.uleb128 0xb
 14191 03ab 05       		.uleb128 0x5
 14192 03ac 3A       		.uleb128 0x3a
 14193 03ad 21       		.uleb128 0x21
 14194 03ae 0D       		.sleb128 13
 14195 03af 3B       		.uleb128 0x3b
 14196 03b0 05       		.uleb128 0x5
 14197 03b1 39       		.uleb128 0x39
 14198 03b2 21       		.uleb128 0x21
 14199 03b3 10       		.sleb128 16
 14200 03b4 01       		.uleb128 0x1
 14201 03b5 13       		.uleb128 0x13
 14202 03b6 00       		.byte	0
 14203 03b7 00       		.byte	0
 14204 03b8 3A       		.uleb128 0x3a
 14205 03b9 34       		.uleb128 0x34
 14206 03ba 00       		.byte	0
 14207 03bb 03       		.uleb128 0x3
ARM GAS  /tmp/ccRHyJSn.s 			page 256


 14208 03bc 08       		.uleb128 0x8
 14209 03bd 3A       		.uleb128 0x3a
 14210 03be 0B       		.uleb128 0xb
 14211 03bf 3B       		.uleb128 0x3b
 14212 03c0 05       		.uleb128 0x5
 14213 03c1 39       		.uleb128 0x39
 14214 03c2 0B       		.uleb128 0xb
 14215 03c3 49       		.uleb128 0x49
 14216 03c4 13       		.uleb128 0x13
 14217 03c5 3F       		.uleb128 0x3f
 14218 03c6 19       		.uleb128 0x19
 14219 03c7 3C       		.uleb128 0x3c
 14220 03c8 19       		.uleb128 0x19
 14221 03c9 00       		.byte	0
 14222 03ca 00       		.byte	0
 14223 03cb 3B       		.uleb128 0x3b
 14224 03cc 04       		.uleb128 0x4
 14225 03cd 01       		.byte	0x1
 14226 03ce 3E       		.uleb128 0x3e
 14227 03cf 21       		.uleb128 0x21
 14228 03d0 07       		.sleb128 7
 14229 03d1 0B       		.uleb128 0xb
 14230 03d2 21       		.uleb128 0x21
 14231 03d3 01       		.sleb128 1
 14232 03d4 49       		.uleb128 0x49
 14233 03d5 13       		.uleb128 0x13
 14234 03d6 3A       		.uleb128 0x3a
 14235 03d7 21       		.uleb128 0x21
 14236 03d8 0F       		.sleb128 15
 14237 03d9 3B       		.uleb128 0x3b
 14238 03da 0B       		.uleb128 0xb
 14239 03db 39       		.uleb128 0x39
 14240 03dc 21       		.uleb128 0x21
 14241 03dd 01       		.sleb128 1
 14242 03de 01       		.uleb128 0x1
 14243 03df 13       		.uleb128 0x13
 14244 03e0 00       		.byte	0
 14245 03e1 00       		.byte	0
 14246 03e2 3C       		.uleb128 0x3c
 14247 03e3 34       		.uleb128 0x34
 14248 03e4 00       		.byte	0
 14249 03e5 03       		.uleb128 0x3
 14250 03e6 0E       		.uleb128 0xe
 14251 03e7 3A       		.uleb128 0x3a
 14252 03e8 21       		.uleb128 0x21
 14253 03e9 01       		.sleb128 1
 14254 03ea 3B       		.uleb128 0x3b
 14255 03eb 0B       		.uleb128 0xb
 14256 03ec 39       		.uleb128 0x39
 14257 03ed 21       		.uleb128 0x21
 14258 03ee 11       		.sleb128 17
 14259 03ef 49       		.uleb128 0x49
 14260 03f0 13       		.uleb128 0x13
 14261 03f1 02       		.uleb128 0x2
 14262 03f2 18       		.uleb128 0x18
 14263 03f3 00       		.byte	0
 14264 03f4 00       		.byte	0
ARM GAS  /tmp/ccRHyJSn.s 			page 257


 14265 03f5 3D       		.uleb128 0x3d
 14266 03f6 34       		.uleb128 0x34
 14267 03f7 00       		.byte	0
 14268 03f8 47       		.uleb128 0x47
 14269 03f9 13       		.uleb128 0x13
 14270 03fa 3A       		.uleb128 0x3a
 14271 03fb 21       		.uleb128 0x21
 14272 03fc 01       		.sleb128 1
 14273 03fd 3B       		.uleb128 0x3b
 14274 03fe 0B       		.uleb128 0xb
 14275 03ff 39       		.uleb128 0x39
 14276 0400 21       		.uleb128 0x21
 14277 0401 0A       		.sleb128 10
 14278 0402 02       		.uleb128 0x2
 14279 0403 18       		.uleb128 0x18
 14280 0404 00       		.byte	0
 14281 0405 00       		.byte	0
 14282 0406 3E       		.uleb128 0x3e
 14283 0407 21       		.uleb128 0x21
 14284 0408 00       		.byte	0
 14285 0409 49       		.uleb128 0x49
 14286 040a 13       		.uleb128 0x13
 14287 040b 2F       		.uleb128 0x2f
 14288 040c 05       		.uleb128 0x5
 14289 040d 00       		.byte	0
 14290 040e 00       		.byte	0
 14291 040f 3F       		.uleb128 0x3f
 14292 0410 05       		.uleb128 0x5
 14293 0411 00       		.byte	0
 14294 0412 03       		.uleb128 0x3
 14295 0413 0E       		.uleb128 0xe
 14296 0414 3A       		.uleb128 0x3a
 14297 0415 21       		.uleb128 0x21
 14298 0416 01       		.sleb128 1
 14299 0417 3B       		.uleb128 0x3b
 14300 0418 05       		.uleb128 0x5
 14301 0419 39       		.uleb128 0x39
 14302 041a 0B       		.uleb128 0xb
 14303 041b 49       		.uleb128 0x49
 14304 041c 13       		.uleb128 0x13
 14305 041d 02       		.uleb128 0x2
 14306 041e 18       		.uleb128 0x18
 14307 041f 00       		.byte	0
 14308 0420 00       		.byte	0
 14309 0421 40       		.uleb128 0x40
 14310 0422 0A       		.uleb128 0xa
 14311 0423 00       		.byte	0
 14312 0424 03       		.uleb128 0x3
 14313 0425 0E       		.uleb128 0xe
 14314 0426 3A       		.uleb128 0x3a
 14315 0427 21       		.uleb128 0x21
 14316 0428 01       		.sleb128 1
 14317 0429 3B       		.uleb128 0x3b
 14318 042a 05       		.uleb128 0x5
 14319 042b 39       		.uleb128 0x39
 14320 042c 21       		.uleb128 0x21
 14321 042d 01       		.sleb128 1
ARM GAS  /tmp/ccRHyJSn.s 			page 258


 14322 042e 11       		.uleb128 0x11
 14323 042f 01       		.uleb128 0x1
 14324 0430 00       		.byte	0
 14325 0431 00       		.byte	0
 14326 0432 41       		.uleb128 0x41
 14327 0433 2E       		.uleb128 0x2e
 14328 0434 01       		.byte	0x1
 14329 0435 03       		.uleb128 0x3
 14330 0436 0E       		.uleb128 0xe
 14331 0437 3A       		.uleb128 0x3a
 14332 0438 21       		.uleb128 0x21
 14333 0439 01       		.sleb128 1
 14334 043a 3B       		.uleb128 0x3b
 14335 043b 05       		.uleb128 0x5
 14336 043c 39       		.uleb128 0x39
 14337 043d 0B       		.uleb128 0xb
 14338 043e 27       		.uleb128 0x27
 14339 043f 19       		.uleb128 0x19
 14340 0440 49       		.uleb128 0x49
 14341 0441 13       		.uleb128 0x13
 14342 0442 11       		.uleb128 0x11
 14343 0443 01       		.uleb128 0x1
 14344 0444 12       		.uleb128 0x12
 14345 0445 06       		.uleb128 0x6
 14346 0446 40       		.uleb128 0x40
 14347 0447 18       		.uleb128 0x18
 14348 0448 7A       		.uleb128 0x7a
 14349 0449 19       		.uleb128 0x19
 14350 044a 01       		.uleb128 0x1
 14351 044b 13       		.uleb128 0x13
 14352 044c 00       		.byte	0
 14353 044d 00       		.byte	0
 14354 044e 42       		.uleb128 0x42
 14355 044f 2E       		.uleb128 0x2e
 14356 0450 01       		.byte	0x1
 14357 0451 03       		.uleb128 0x3
 14358 0452 0E       		.uleb128 0xe
 14359 0453 3A       		.uleb128 0x3a
 14360 0454 0B       		.uleb128 0xb
 14361 0455 3B       		.uleb128 0x3b
 14362 0456 05       		.uleb128 0x5
 14363 0457 39       		.uleb128 0x39
 14364 0458 0B       		.uleb128 0xb
 14365 0459 27       		.uleb128 0x27
 14366 045a 19       		.uleb128 0x19
 14367 045b 11       		.uleb128 0x11
 14368 045c 01       		.uleb128 0x1
 14369 045d 12       		.uleb128 0x12
 14370 045e 06       		.uleb128 0x6
 14371 045f 40       		.uleb128 0x40
 14372 0460 18       		.uleb128 0x18
 14373 0461 7A       		.uleb128 0x7a
 14374 0462 19       		.uleb128 0x19
 14375 0463 01       		.uleb128 0x1
 14376 0464 13       		.uleb128 0x13
 14377 0465 00       		.byte	0
 14378 0466 00       		.byte	0
ARM GAS  /tmp/ccRHyJSn.s 			page 259


 14379 0467 43       		.uleb128 0x43
 14380 0468 34       		.uleb128 0x34
 14381 0469 00       		.byte	0
 14382 046a 31       		.uleb128 0x31
 14383 046b 13       		.uleb128 0x13
 14384 046c 02       		.uleb128 0x2
 14385 046d 17       		.uleb128 0x17
 14386 046e B742     		.uleb128 0x2137
 14387 0470 17       		.uleb128 0x17
 14388 0471 00       		.byte	0
 14389 0472 00       		.byte	0
 14390 0473 44       		.uleb128 0x44
 14391 0474 0B       		.uleb128 0xb
 14392 0475 01       		.byte	0x1
 14393 0476 55       		.uleb128 0x55
 14394 0477 17       		.uleb128 0x17
 14395 0478 01       		.uleb128 0x1
 14396 0479 13       		.uleb128 0x13
 14397 047a 00       		.byte	0
 14398 047b 00       		.byte	0
 14399 047c 45       		.uleb128 0x45
 14400 047d 1D       		.uleb128 0x1d
 14401 047e 01       		.byte	0x1
 14402 047f 31       		.uleb128 0x31
 14403 0480 13       		.uleb128 0x13
 14404 0481 52       		.uleb128 0x52
 14405 0482 01       		.uleb128 0x1
 14406 0483 B842     		.uleb128 0x2138
 14407 0485 0B       		.uleb128 0xb
 14408 0486 11       		.uleb128 0x11
 14409 0487 01       		.uleb128 0x1
 14410 0488 12       		.uleb128 0x12
 14411 0489 06       		.uleb128 0x6
 14412 048a 58       		.uleb128 0x58
 14413 048b 21       		.uleb128 0x21
 14414 048c 01       		.sleb128 1
 14415 048d 59       		.uleb128 0x59
 14416 048e 05       		.uleb128 0x5
 14417 048f 57       		.uleb128 0x57
 14418 0490 21       		.uleb128 0x21
 14419 0491 05       		.sleb128 5
 14420 0492 01       		.uleb128 0x1
 14421 0493 13       		.uleb128 0x13
 14422 0494 00       		.byte	0
 14423 0495 00       		.byte	0
 14424 0496 46       		.uleb128 0x46
 14425 0497 2E       		.uleb128 0x2e
 14426 0498 00       		.byte	0
 14427 0499 3F       		.uleb128 0x3f
 14428 049a 19       		.uleb128 0x19
 14429 049b 03       		.uleb128 0x3
 14430 049c 0E       		.uleb128 0xe
 14431 049d 3A       		.uleb128 0x3a
 14432 049e 21       		.uleb128 0x21
 14433 049f 01       		.sleb128 1
 14434 04a0 3B       		.uleb128 0x3b
 14435 04a1 05       		.uleb128 0x5
ARM GAS  /tmp/ccRHyJSn.s 			page 260


 14436 04a2 39       		.uleb128 0x39
 14437 04a3 21       		.uleb128 0x21
 14438 04a4 06       		.sleb128 6
 14439 04a5 27       		.uleb128 0x27
 14440 04a6 19       		.uleb128 0x19
 14441 04a7 11       		.uleb128 0x11
 14442 04a8 01       		.uleb128 0x1
 14443 04a9 12       		.uleb128 0x12
 14444 04aa 06       		.uleb128 0x6
 14445 04ab 40       		.uleb128 0x40
 14446 04ac 18       		.uleb128 0x18
 14447 04ad 7A       		.uleb128 0x7a
 14448 04ae 19       		.uleb128 0x19
 14449 04af 00       		.byte	0
 14450 04b0 00       		.byte	0
 14451 04b1 47       		.uleb128 0x47
 14452 04b2 2E       		.uleb128 0x2e
 14453 04b3 00       		.byte	0
 14454 04b4 03       		.uleb128 0x3
 14455 04b5 0E       		.uleb128 0xe
 14456 04b6 3A       		.uleb128 0x3a
 14457 04b7 21       		.uleb128 0x21
 14458 04b8 06       		.sleb128 6
 14459 04b9 3B       		.uleb128 0x3b
 14460 04ba 05       		.uleb128 0x5
 14461 04bb 39       		.uleb128 0x39
 14462 04bc 21       		.uleb128 0x21
 14463 04bd 39       		.sleb128 57
 14464 04be 27       		.uleb128 0x27
 14465 04bf 19       		.uleb128 0x19
 14466 04c0 20       		.uleb128 0x20
 14467 04c1 21       		.uleb128 0x21
 14468 04c2 03       		.sleb128 3
 14469 04c3 00       		.byte	0
 14470 04c4 00       		.byte	0
 14471 04c5 48       		.uleb128 0x48
 14472 04c6 11       		.uleb128 0x11
 14473 04c7 01       		.byte	0x1
 14474 04c8 25       		.uleb128 0x25
 14475 04c9 0E       		.uleb128 0xe
 14476 04ca 13       		.uleb128 0x13
 14477 04cb 0B       		.uleb128 0xb
 14478 04cc 03       		.uleb128 0x3
 14479 04cd 0E       		.uleb128 0xe
 14480 04ce 1B       		.uleb128 0x1b
 14481 04cf 0E       		.uleb128 0xe
 14482 04d0 55       		.uleb128 0x55
 14483 04d1 17       		.uleb128 0x17
 14484 04d2 11       		.uleb128 0x11
 14485 04d3 01       		.uleb128 0x1
 14486 04d4 10       		.uleb128 0x10
 14487 04d5 17       		.uleb128 0x17
 14488 04d6 00       		.byte	0
 14489 04d7 00       		.byte	0
 14490 04d8 49       		.uleb128 0x49
 14491 04d9 24       		.uleb128 0x24
 14492 04da 00       		.byte	0
ARM GAS  /tmp/ccRHyJSn.s 			page 261


 14493 04db 0B       		.uleb128 0xb
 14494 04dc 0B       		.uleb128 0xb
 14495 04dd 3E       		.uleb128 0x3e
 14496 04de 0B       		.uleb128 0xb
 14497 04df 03       		.uleb128 0x3
 14498 04e0 08       		.uleb128 0x8
 14499 04e1 00       		.byte	0
 14500 04e2 00       		.byte	0
 14501 04e3 4A       		.uleb128 0x4a
 14502 04e4 0F       		.uleb128 0xf
 14503 04e5 00       		.byte	0
 14504 04e6 0B       		.uleb128 0xb
 14505 04e7 0B       		.uleb128 0xb
 14506 04e8 00       		.byte	0
 14507 04e9 00       		.byte	0
 14508 04ea 4B       		.uleb128 0x4b
 14509 04eb 17       		.uleb128 0x17
 14510 04ec 01       		.byte	0x1
 14511 04ed 0B       		.uleb128 0xb
 14512 04ee 0B       		.uleb128 0xb
 14513 04ef 3A       		.uleb128 0x3a
 14514 04f0 0B       		.uleb128 0xb
 14515 04f1 3B       		.uleb128 0x3b
 14516 04f2 0B       		.uleb128 0xb
 14517 04f3 39       		.uleb128 0x39
 14518 04f4 0B       		.uleb128 0xb
 14519 04f5 01       		.uleb128 0x1
 14520 04f6 13       		.uleb128 0x13
 14521 04f7 00       		.byte	0
 14522 04f8 00       		.byte	0
 14523 04f9 4C       		.uleb128 0x4c
 14524 04fa 34       		.uleb128 0x34
 14525 04fb 00       		.byte	0
 14526 04fc 03       		.uleb128 0x3
 14527 04fd 0E       		.uleb128 0xe
 14528 04fe 3A       		.uleb128 0x3a
 14529 04ff 0B       		.uleb128 0xb
 14530 0500 3B       		.uleb128 0x3b
 14531 0501 0B       		.uleb128 0xb
 14532 0502 39       		.uleb128 0x39
 14533 0503 0B       		.uleb128 0xb
 14534 0504 49       		.uleb128 0x49
 14535 0505 13       		.uleb128 0x13
 14536 0506 00       		.byte	0
 14537 0507 00       		.byte	0
 14538 0508 4D       		.uleb128 0x4d
 14539 0509 2E       		.uleb128 0x2e
 14540 050a 00       		.byte	0
 14541 050b 3F       		.uleb128 0x3f
 14542 050c 19       		.uleb128 0x19
 14543 050d 03       		.uleb128 0x3
 14544 050e 0E       		.uleb128 0xe
 14545 050f 3A       		.uleb128 0x3a
 14546 0510 0B       		.uleb128 0xb
 14547 0511 3B       		.uleb128 0x3b
 14548 0512 0B       		.uleb128 0xb
 14549 0513 39       		.uleb128 0x39
ARM GAS  /tmp/ccRHyJSn.s 			page 262


 14550 0514 0B       		.uleb128 0xb
 14551 0515 27       		.uleb128 0x27
 14552 0516 19       		.uleb128 0x19
 14553 0517 49       		.uleb128 0x49
 14554 0518 13       		.uleb128 0x13
 14555 0519 3C       		.uleb128 0x3c
 14556 051a 19       		.uleb128 0x19
 14557 051b 00       		.byte	0
 14558 051c 00       		.byte	0
 14559 051d 4E       		.uleb128 0x4e
 14560 051e 2E       		.uleb128 0x2e
 14561 051f 00       		.byte	0
 14562 0520 3F       		.uleb128 0x3f
 14563 0521 19       		.uleb128 0x19
 14564 0522 03       		.uleb128 0x3
 14565 0523 0E       		.uleb128 0xe
 14566 0524 3A       		.uleb128 0x3a
 14567 0525 0B       		.uleb128 0xb
 14568 0526 3B       		.uleb128 0x3b
 14569 0527 05       		.uleb128 0x5
 14570 0528 39       		.uleb128 0x39
 14571 0529 0B       		.uleb128 0xb
 14572 052a 27       		.uleb128 0x27
 14573 052b 19       		.uleb128 0x19
 14574 052c 3C       		.uleb128 0x3c
 14575 052d 19       		.uleb128 0x19
 14576 052e 00       		.byte	0
 14577 052f 00       		.byte	0
 14578 0530 4F       		.uleb128 0x4f
 14579 0531 0A       		.uleb128 0xa
 14580 0532 00       		.byte	0
 14581 0533 03       		.uleb128 0x3
 14582 0534 0E       		.uleb128 0xe
 14583 0535 3A       		.uleb128 0x3a
 14584 0536 0B       		.uleb128 0xb
 14585 0537 3B       		.uleb128 0x3b
 14586 0538 05       		.uleb128 0x5
 14587 0539 39       		.uleb128 0x39
 14588 053a 0B       		.uleb128 0xb
 14589 053b 00       		.byte	0
 14590 053c 00       		.byte	0
 14591 053d 50       		.uleb128 0x50
 14592 053e 05       		.uleb128 0x5
 14593 053f 00       		.byte	0
 14594 0540 31       		.uleb128 0x31
 14595 0541 13       		.uleb128 0x13
 14596 0542 1C       		.uleb128 0x1c
 14597 0543 0B       		.uleb128 0xb
 14598 0544 00       		.byte	0
 14599 0545 00       		.byte	0
 14600 0546 51       		.uleb128 0x51
 14601 0547 05       		.uleb128 0x5
 14602 0548 00       		.byte	0
 14603 0549 03       		.uleb128 0x3
 14604 054a 0E       		.uleb128 0xe
 14605 054b 3A       		.uleb128 0x3a
 14606 054c 0B       		.uleb128 0xb
ARM GAS  /tmp/ccRHyJSn.s 			page 263


 14607 054d 3B       		.uleb128 0x3b
 14608 054e 05       		.uleb128 0x5
 14609 054f 39       		.uleb128 0x39
 14610 0550 0B       		.uleb128 0xb
 14611 0551 49       		.uleb128 0x49
 14612 0552 13       		.uleb128 0x13
 14613 0553 00       		.byte	0
 14614 0554 00       		.byte	0
 14615 0555 52       		.uleb128 0x52
 14616 0556 2E       		.uleb128 0x2e
 14617 0557 01       		.byte	0x1
 14618 0558 3F       		.uleb128 0x3f
 14619 0559 19       		.uleb128 0x19
 14620 055a 03       		.uleb128 0x3
 14621 055b 0E       		.uleb128 0xe
 14622 055c 3A       		.uleb128 0x3a
 14623 055d 0B       		.uleb128 0xb
 14624 055e 3B       		.uleb128 0x3b
 14625 055f 0B       		.uleb128 0xb
 14626 0560 39       		.uleb128 0x39
 14627 0561 0B       		.uleb128 0xb
 14628 0562 27       		.uleb128 0x27
 14629 0563 19       		.uleb128 0x19
 14630 0564 49       		.uleb128 0x49
 14631 0565 13       		.uleb128 0x13
 14632 0566 11       		.uleb128 0x11
 14633 0567 01       		.uleb128 0x1
 14634 0568 12       		.uleb128 0x12
 14635 0569 06       		.uleb128 0x6
 14636 056a 40       		.uleb128 0x40
 14637 056b 18       		.uleb128 0x18
 14638 056c 7A       		.uleb128 0x7a
 14639 056d 19       		.uleb128 0x19
 14640 056e 01       		.uleb128 0x1
 14641 056f 13       		.uleb128 0x13
 14642 0570 00       		.byte	0
 14643 0571 00       		.byte	0
 14644 0572 53       		.uleb128 0x53
 14645 0573 05       		.uleb128 0x5
 14646 0574 00       		.byte	0
 14647 0575 03       		.uleb128 0x3
 14648 0576 0E       		.uleb128 0xe
 14649 0577 3A       		.uleb128 0x3a
 14650 0578 0B       		.uleb128 0xb
 14651 0579 3B       		.uleb128 0x3b
 14652 057a 0B       		.uleb128 0xb
 14653 057b 39       		.uleb128 0x39
 14654 057c 0B       		.uleb128 0xb
 14655 057d 49       		.uleb128 0x49
 14656 057e 13       		.uleb128 0x13
 14657 057f 02       		.uleb128 0x2
 14658 0580 17       		.uleb128 0x17
 14659 0581 B742     		.uleb128 0x2137
 14660 0583 17       		.uleb128 0x17
 14661 0584 00       		.byte	0
 14662 0585 00       		.byte	0
 14663 0586 54       		.uleb128 0x54
ARM GAS  /tmp/ccRHyJSn.s 			page 264


 14664 0587 2E       		.uleb128 0x2e
 14665 0588 01       		.byte	0x1
 14666 0589 03       		.uleb128 0x3
 14667 058a 0E       		.uleb128 0xe
 14668 058b 3A       		.uleb128 0x3a
 14669 058c 0B       		.uleb128 0xb
 14670 058d 3B       		.uleb128 0x3b
 14671 058e 0B       		.uleb128 0xb
 14672 058f 39       		.uleb128 0x39
 14673 0590 0B       		.uleb128 0xb
 14674 0591 27       		.uleb128 0x27
 14675 0592 19       		.uleb128 0x19
 14676 0593 20       		.uleb128 0x20
 14677 0594 0B       		.uleb128 0xb
 14678 0595 01       		.uleb128 0x1
 14679 0596 13       		.uleb128 0x13
 14680 0597 00       		.byte	0
 14681 0598 00       		.byte	0
 14682 0599 55       		.uleb128 0x55
 14683 059a 05       		.uleb128 0x5
 14684 059b 00       		.byte	0
 14685 059c 03       		.uleb128 0x3
 14686 059d 08       		.uleb128 0x8
 14687 059e 3A       		.uleb128 0x3a
 14688 059f 0B       		.uleb128 0xb
 14689 05a0 3B       		.uleb128 0x3b
 14690 05a1 0B       		.uleb128 0xb
 14691 05a2 39       		.uleb128 0x39
 14692 05a3 0B       		.uleb128 0xb
 14693 05a4 49       		.uleb128 0x49
 14694 05a5 13       		.uleb128 0x13
 14695 05a6 00       		.byte	0
 14696 05a7 00       		.byte	0
 14697 05a8 56       		.uleb128 0x56
 14698 05a9 2E       		.uleb128 0x2e
 14699 05aa 01       		.byte	0x1
 14700 05ab 3F       		.uleb128 0x3f
 14701 05ac 19       		.uleb128 0x19
 14702 05ad 03       		.uleb128 0x3
 14703 05ae 0E       		.uleb128 0xe
 14704 05af 3A       		.uleb128 0x3a
 14705 05b0 0B       		.uleb128 0xb
 14706 05b1 3B       		.uleb128 0x3b
 14707 05b2 0B       		.uleb128 0xb
 14708 05b3 39       		.uleb128 0x39
 14709 05b4 0B       		.uleb128 0xb
 14710 05b5 27       		.uleb128 0x27
 14711 05b6 19       		.uleb128 0x19
 14712 05b7 11       		.uleb128 0x11
 14713 05b8 01       		.uleb128 0x1
 14714 05b9 12       		.uleb128 0x12
 14715 05ba 06       		.uleb128 0x6
 14716 05bb 40       		.uleb128 0x40
 14717 05bc 18       		.uleb128 0x18
 14718 05bd 7A       		.uleb128 0x7a
 14719 05be 19       		.uleb128 0x19
 14720 05bf 01       		.uleb128 0x1
ARM GAS  /tmp/ccRHyJSn.s 			page 265


 14721 05c0 13       		.uleb128 0x13
 14722 05c1 00       		.byte	0
 14723 05c2 00       		.byte	0
 14724 05c3 57       		.uleb128 0x57
 14725 05c4 34       		.uleb128 0x34
 14726 05c5 00       		.byte	0
 14727 05c6 03       		.uleb128 0x3
 14728 05c7 0E       		.uleb128 0xe
 14729 05c8 3A       		.uleb128 0x3a
 14730 05c9 0B       		.uleb128 0xb
 14731 05ca 3B       		.uleb128 0x3b
 14732 05cb 0B       		.uleb128 0xb
 14733 05cc 39       		.uleb128 0x39
 14734 05cd 0B       		.uleb128 0xb
 14735 05ce 49       		.uleb128 0x49
 14736 05cf 13       		.uleb128 0x13
 14737 05d0 02       		.uleb128 0x2
 14738 05d1 17       		.uleb128 0x17
 14739 05d2 B742     		.uleb128 0x2137
 14740 05d4 17       		.uleb128 0x17
 14741 05d5 00       		.byte	0
 14742 05d6 00       		.byte	0
 14743 05d7 58       		.uleb128 0x58
 14744 05d8 2E       		.uleb128 0x2e
 14745 05d9 01       		.byte	0x1
 14746 05da 03       		.uleb128 0x3
 14747 05db 0E       		.uleb128 0xe
 14748 05dc 3A       		.uleb128 0x3a
 14749 05dd 0B       		.uleb128 0xb
 14750 05de 3B       		.uleb128 0x3b
 14751 05df 0B       		.uleb128 0xb
 14752 05e0 39       		.uleb128 0x39
 14753 05e1 0B       		.uleb128 0xb
 14754 05e2 27       		.uleb128 0x27
 14755 05e3 19       		.uleb128 0x19
 14756 05e4 49       		.uleb128 0x49
 14757 05e5 13       		.uleb128 0x13
 14758 05e6 11       		.uleb128 0x11
 14759 05e7 01       		.uleb128 0x1
 14760 05e8 12       		.uleb128 0x12
 14761 05e9 06       		.uleb128 0x6
 14762 05ea 40       		.uleb128 0x40
 14763 05eb 18       		.uleb128 0x18
 14764 05ec 7A       		.uleb128 0x7a
 14765 05ed 19       		.uleb128 0x19
 14766 05ee 01       		.uleb128 0x1
 14767 05ef 13       		.uleb128 0x13
 14768 05f0 00       		.byte	0
 14769 05f1 00       		.byte	0
 14770 05f2 59       		.uleb128 0x59
 14771 05f3 1D       		.uleb128 0x1d
 14772 05f4 01       		.byte	0x1
 14773 05f5 31       		.uleb128 0x31
 14774 05f6 13       		.uleb128 0x13
 14775 05f7 52       		.uleb128 0x52
 14776 05f8 01       		.uleb128 0x1
 14777 05f9 B842     		.uleb128 0x2138
ARM GAS  /tmp/ccRHyJSn.s 			page 266


 14778 05fb 0B       		.uleb128 0xb
 14779 05fc 11       		.uleb128 0x11
 14780 05fd 01       		.uleb128 0x1
 14781 05fe 12       		.uleb128 0x12
 14782 05ff 06       		.uleb128 0x6
 14783 0600 58       		.uleb128 0x58
 14784 0601 0B       		.uleb128 0xb
 14785 0602 59       		.uleb128 0x59
 14786 0603 0B       		.uleb128 0xb
 14787 0604 57       		.uleb128 0x57
 14788 0605 0B       		.uleb128 0xb
 14789 0606 00       		.byte	0
 14790 0607 00       		.byte	0
 14791 0608 5A       		.uleb128 0x5a
 14792 0609 1D       		.uleb128 0x1d
 14793 060a 00       		.byte	0
 14794 060b 31       		.uleb128 0x31
 14795 060c 13       		.uleb128 0x13
 14796 060d 52       		.uleb128 0x52
 14797 060e 01       		.uleb128 0x1
 14798 060f B842     		.uleb128 0x2138
 14799 0611 0B       		.uleb128 0xb
 14800 0612 11       		.uleb128 0x11
 14801 0613 01       		.uleb128 0x1
 14802 0614 12       		.uleb128 0x12
 14803 0615 06       		.uleb128 0x6
 14804 0616 58       		.uleb128 0x58
 14805 0617 0B       		.uleb128 0xb
 14806 0618 59       		.uleb128 0x59
 14807 0619 0B       		.uleb128 0xb
 14808 061a 57       		.uleb128 0x57
 14809 061b 0B       		.uleb128 0xb
 14810 061c 00       		.byte	0
 14811 061d 00       		.byte	0
 14812 061e 5B       		.uleb128 0x5b
 14813 061f 2E       		.uleb128 0x2e
 14814 0620 00       		.byte	0
 14815 0621 3F       		.uleb128 0x3f
 14816 0622 19       		.uleb128 0x19
 14817 0623 3C       		.uleb128 0x3c
 14818 0624 19       		.uleb128 0x19
 14819 0625 6E       		.uleb128 0x6e
 14820 0626 0E       		.uleb128 0xe
 14821 0627 03       		.uleb128 0x3
 14822 0628 0E       		.uleb128 0xe
 14823 0629 00       		.byte	0
 14824 062a 00       		.byte	0
 14825 062b 00       		.byte	0
 14826              		.section	.debug_loclists,"",%progbits
 14827 0000 690E0000 		.4byte	.Ldebug_loc3-.Ldebug_loc2
 14828              	.Ldebug_loc2:
 14829 0004 0500     		.2byte	0x5
 14830 0006 04       		.byte	0x4
 14831 0007 00       		.byte	0
 14832 0008 00000000 		.4byte	0
 14833              	.Ldebug_loc0:
 14834              	.LVUS114:
ARM GAS  /tmp/ccRHyJSn.s 			page 267


 14835 000c 00       		.uleb128 0
 14836 000d 00       		.uleb128 .LVU1648
 14837 000e 00       		.uleb128 .LVU1648
 14838 000f 00       		.uleb128 .LVU1649
 14839 0010 00       		.uleb128 .LVU1649
 14840 0011 00       		.uleb128 .LVU1649
 14841 0012 00       		.uleb128 .LVU1649
 14842 0013 00       		.uleb128 0
 14843              	.LLST114:
 14844 0014 06       		.byte	0x6
 14845 0015 00000000 		.4byte	.LVL367
 14846 0019 04       		.byte	0x4
 14847 001a 00       		.uleb128 .LVL367-.LVL367
 14848 001b 10       		.uleb128 .LVL368-.LVL367
 14849 001c 01       		.uleb128 0x1
 14850 001d 50       		.byte	0x50
 14851 001e 04       		.byte	0x4
 14852 001f 10       		.uleb128 .LVL368-.LVL367
 14853 0020 13       		.uleb128 .LVL369-1-.LVL367
 14854 0021 05       		.uleb128 0x5
 14855 0022 03       		.byte	0x3
 14856 0023 00000000 		.4byte	old_direct.0
 14857 0027 04       		.byte	0x4
 14858 0028 13       		.uleb128 .LVL369-1-.LVL367
 14859 0029 14       		.uleb128 .LVL369-.LVL367
 14860 002a 0A       		.uleb128 0xa
 14861 002b A3       		.byte	0xa3
 14862 002c 03       		.uleb128 0x3
 14863 002d A5       		.byte	0xa5
 14864 002e 00       		.uleb128 0
 14865 002f 26       		.uleb128 0x26
 14866 0030 A8       		.byte	0xa8
 14867 0031 2D       		.uleb128 0x2d
 14868 0032 A8       		.byte	0xa8
 14869 0033 00       		.uleb128 0
 14870 0034 9F       		.byte	0x9f
 14871 0035 04       		.byte	0x4
 14872 0036 14       		.uleb128 .LVL369-.LVL367
 14873 0037 20       		.uleb128 .LFE306-.LVL367
 14874 0038 01       		.uleb128 0x1
 14875 0039 50       		.byte	0x50
 14876 003a 00       		.byte	0
 14877              	.LVUS112:
 14878 003b 00       		.uleb128 0
 14879 003c 00       		.uleb128 .LVU1632
 14880 003d 00       		.uleb128 .LVU1632
 14881 003e 00       		.uleb128 .LVU1635
 14882 003f 00       		.uleb128 .LVU1635
 14883 0040 00       		.uleb128 0
 14884              	.LLST112:
 14885 0041 06       		.byte	0x6
 14886 0042 00000000 		.4byte	.LVL362
 14887 0046 04       		.byte	0x4
 14888 0047 00       		.uleb128 .LVL362-.LVL362
 14889 0048 09       		.uleb128 .LVL363-1-.LVL362
 14890 0049 01       		.uleb128 0x1
 14891 004a 50       		.byte	0x50
ARM GAS  /tmp/ccRHyJSn.s 			page 268


 14892 004b 04       		.byte	0x4
 14893 004c 09       		.uleb128 .LVL363-1-.LVL362
 14894 004d 16       		.uleb128 .LVL365-.LVL362
 14895 004e 01       		.uleb128 0x1
 14896 004f 55       		.byte	0x55
 14897 0050 04       		.byte	0x4
 14898 0051 16       		.uleb128 .LVL365-.LVL362
 14899 0052 1A       		.uleb128 .LFE305-.LVL362
 14900 0053 0A       		.uleb128 0xa
 14901 0054 A3       		.byte	0xa3
 14902 0055 03       		.uleb128 0x3
 14903 0056 A5       		.byte	0xa5
 14904 0057 00       		.uleb128 0
 14905 0058 26       		.uleb128 0x26
 14906 0059 A8       		.byte	0xa8
 14907 005a 2D       		.uleb128 0x2d
 14908 005b A8       		.byte	0xa8
 14909 005c 00       		.uleb128 0
 14910 005d 9F       		.byte	0x9f
 14911 005e 00       		.byte	0
 14912              	.LVUS113:
 14913 005f 00       		.uleb128 0
 14914 0060 00       		.uleb128 .LVU1632
 14915 0061 00       		.uleb128 .LVU1632
 14916 0062 00       		.uleb128 .LVU1635
 14917 0063 00       		.uleb128 .LVU1635
 14918 0064 00       		.uleb128 .LVU1636
 14919 0065 00       		.uleb128 .LVU1636
 14920 0066 00       		.uleb128 0
 14921              	.LLST113:
 14922 0067 06       		.byte	0x6
 14923 0068 00000000 		.4byte	.LVL362
 14924 006c 04       		.byte	0x4
 14925 006d 00       		.uleb128 .LVL362-.LVL362
 14926 006e 09       		.uleb128 .LVL363-1-.LVL362
 14927 006f 01       		.uleb128 0x1
 14928 0070 51       		.byte	0x51
 14929 0071 04       		.byte	0x4
 14930 0072 09       		.uleb128 .LVL363-1-.LVL362
 14931 0073 16       		.uleb128 .LVL365-.LVL362
 14932 0074 01       		.uleb128 0x1
 14933 0075 54       		.byte	0x54
 14934 0076 04       		.byte	0x4
 14935 0077 16       		.uleb128 .LVL365-.LVL362
 14936 0078 19       		.uleb128 .LVL366-1-.LVL362
 14937 0079 01       		.uleb128 0x1
 14938 007a 50       		.byte	0x50
 14939 007b 04       		.byte	0x4
 14940 007c 19       		.uleb128 .LVL366-1-.LVL362
 14941 007d 1A       		.uleb128 .LFE305-.LVL362
 14942 007e 0A       		.uleb128 0xa
 14943 007f A3       		.byte	0xa3
 14944 0080 03       		.uleb128 0x3
 14945 0081 A5       		.byte	0xa5
 14946 0082 01       		.uleb128 0x1
 14947 0083 26       		.uleb128 0x26
 14948 0084 A8       		.byte	0xa8
ARM GAS  /tmp/ccRHyJSn.s 			page 269


 14949 0085 2D       		.uleb128 0x2d
 14950 0086 A8       		.byte	0xa8
 14951 0087 00       		.uleb128 0
 14952 0088 9F       		.byte	0x9f
 14953 0089 00       		.byte	0
 14954              	.LVUS111:
 14955 008a 00       		.uleb128 0
 14956 008b 00       		.uleb128 .LVU1624
 14957 008c 00       		.uleb128 .LVU1624
 14958 008d 00       		.uleb128 .LVU1625
 14959 008e 00       		.uleb128 .LVU1625
 14960 008f 00       		.uleb128 .LVU1625
 14961 0090 00       		.uleb128 .LVU1625
 14962 0091 00       		.uleb128 0
 14963              	.LLST111:
 14964 0092 06       		.byte	0x6
 14965 0093 00000000 		.4byte	.LVL359
 14966 0097 04       		.byte	0x4
 14967 0098 00       		.uleb128 .LVL359-.LVL359
 14968 0099 10       		.uleb128 .LVL360-.LVL359
 14969 009a 01       		.uleb128 0x1
 14970 009b 50       		.byte	0x50
 14971 009c 04       		.byte	0x4
 14972 009d 10       		.uleb128 .LVL360-.LVL359
 14973 009e 13       		.uleb128 .LVL361-1-.LVL359
 14974 009f 05       		.uleb128 0x5
 14975 00a0 03       		.byte	0x3
 14976 00a1 00000000 		.4byte	old_high.1
 14977 00a5 04       		.byte	0x4
 14978 00a6 13       		.uleb128 .LVL361-1-.LVL359
 14979 00a7 14       		.uleb128 .LVL361-.LVL359
 14980 00a8 0A       		.uleb128 0xa
 14981 00a9 A3       		.byte	0xa3
 14982 00aa 03       		.uleb128 0x3
 14983 00ab A5       		.byte	0xa5
 14984 00ac 00       		.uleb128 0
 14985 00ad 26       		.uleb128 0x26
 14986 00ae A8       		.byte	0xa8
 14987 00af 2D       		.uleb128 0x2d
 14988 00b0 A8       		.byte	0xa8
 14989 00b1 00       		.uleb128 0
 14990 00b2 9F       		.byte	0x9f
 14991 00b3 04       		.byte	0x4
 14992 00b4 14       		.uleb128 .LVL361-.LVL359
 14993 00b5 20       		.uleb128 .LFE304-.LVL359
 14994 00b6 01       		.uleb128 0x1
 14995 00b7 50       		.byte	0x50
 14996 00b8 00       		.byte	0
 14997              	.LVUS110:
 14998 00b9 00       		.uleb128 0
 14999 00ba 00       		.uleb128 .LVU1610
 15000 00bb 00       		.uleb128 .LVU1610
 15001 00bc 00       		.uleb128 .LVU1611
 15002 00bd 00       		.uleb128 .LVU1611
 15003 00be 00       		.uleb128 .LVU1611
 15004 00bf 00       		.uleb128 .LVU1611
 15005 00c0 00       		.uleb128 0
ARM GAS  /tmp/ccRHyJSn.s 			page 270


 15006              	.LLST110:
 15007 00c1 06       		.byte	0x6
 15008 00c2 00000000 		.4byte	.LVL356
 15009 00c6 04       		.byte	0x4
 15010 00c7 00       		.uleb128 .LVL356-.LVL356
 15011 00c8 10       		.uleb128 .LVL357-.LVL356
 15012 00c9 01       		.uleb128 0x1
 15013 00ca 50       		.byte	0x50
 15014 00cb 04       		.byte	0x4
 15015 00cc 10       		.uleb128 .LVL357-.LVL356
 15016 00cd 13       		.uleb128 .LVL358-1-.LVL356
 15017 00ce 05       		.uleb128 0x5
 15018 00cf 03       		.byte	0x3
 15019 00d0 00000000 		.4byte	old_rx_mode.2
 15020 00d4 04       		.byte	0x4
 15021 00d5 13       		.uleb128 .LVL358-1-.LVL356
 15022 00d6 14       		.uleb128 .LVL358-.LVL356
 15023 00d7 0A       		.uleb128 0xa
 15024 00d8 A3       		.byte	0xa3
 15025 00d9 03       		.uleb128 0x3
 15026 00da A5       		.byte	0xa5
 15027 00db 00       		.uleb128 0
 15028 00dc 26       		.uleb128 0x26
 15029 00dd A8       		.byte	0xa8
 15030 00de 2D       		.uleb128 0x2d
 15031 00df A8       		.byte	0xa8
 15032 00e0 00       		.uleb128 0
 15033 00e1 9F       		.byte	0x9f
 15034 00e2 04       		.byte	0x4
 15035 00e3 14       		.uleb128 .LVL358-.LVL356
 15036 00e4 20       		.uleb128 .LFE303-.LVL356
 15037 00e5 01       		.uleb128 0x1
 15038 00e6 50       		.byte	0x50
 15039 00e7 00       		.byte	0
 15040              	.LVUS109:
 15041 00e8 00       		.uleb128 0
 15042 00e9 00       		.uleb128 .LVU1584
 15043 00ea 00       		.uleb128 .LVU1584
 15044 00eb 00       		.uleb128 .LVU1585
 15045 00ec 00       		.uleb128 .LVU1585
 15046 00ed 00       		.uleb128 .LVU1585
 15047 00ee 00       		.uleb128 .LVU1585
 15048 00ef 00       		.uleb128 0
 15049              	.LLST109:
 15050 00f0 06       		.byte	0x6
 15051 00f1 00000000 		.4byte	.LVL352
 15052 00f5 04       		.byte	0x4
 15053 00f6 00       		.uleb128 .LVL352-.LVL352
 15054 00f7 1A       		.uleb128 .LVL353-.LVL352
 15055 00f8 01       		.uleb128 0x1
 15056 00f9 50       		.byte	0x50
 15057 00fa 04       		.byte	0x4
 15058 00fb 1A       		.uleb128 .LVL353-.LVL352
 15059 00fc 1D       		.uleb128 .LVL354-1-.LVL352
 15060 00fd 05       		.uleb128 0x5
 15061 00fe 03       		.byte	0x3
 15062 00ff 00000000 		.4byte	old_extra_lna.4
ARM GAS  /tmp/ccRHyJSn.s 			page 271


 15063 0103 04       		.byte	0x4
 15064 0104 1D       		.uleb128 .LVL354-1-.LVL352
 15065 0105 1E       		.uleb128 .LVL354-.LVL352
 15066 0106 0A       		.uleb128 0xa
 15067 0107 A3       		.byte	0xa3
 15068 0108 03       		.uleb128 0x3
 15069 0109 A5       		.byte	0xa5
 15070 010a 00       		.uleb128 0
 15071 010b 26       		.uleb128 0x26
 15072 010c A8       		.byte	0xa8
 15073 010d 2D       		.uleb128 0x2d
 15074 010e A8       		.byte	0xa8
 15075 010f 00       		.uleb128 0
 15076 0110 9F       		.byte	0x9f
 15077 0111 04       		.byte	0x4
 15078 0112 1E       		.uleb128 .LVL354-.LVL352
 15079 0113 28       		.uleb128 .LFE301-.LVL352
 15080 0114 01       		.uleb128 0x1
 15081 0115 50       		.byte	0x50
 15082 0116 00       		.byte	0
 15083              	.LVUS108:
 15084 0117 00       		.uleb128 .LVU1552
 15085 0118 00       		.uleb128 .LVU1553
 15086 0119 00       		.uleb128 .LVU1553
 15087 011a 00       		.uleb128 .LVU1555
 15088 011b 00       		.uleb128 .LVU1555
 15089 011c 00       		.uleb128 .LVU1562
 15090              	.LLST108:
 15091 011d 06       		.byte	0x6
 15092 011e 66000000 		.4byte	.LVL346
 15093 0122 04       		.byte	0x4
 15094 0123 00       		.uleb128 .LVL346-.LVL346
 15095 0124 02       		.uleb128 .LVL347-.LVL346
 15096 0125 09       		.uleb128 0x9
 15097 0126 7B       		.byte	0x7b
 15098 0127 00       		.sleb128 0
 15099 0128 08       		.byte	0x8
 15100 0129 FF       		.byte	0xff
 15101 012a 1A       		.byte	0x1a
 15102 012b 73       		.byte	0x73
 15103 012c 00       		.sleb128 0
 15104 012d 22       		.byte	0x22
 15105 012e 9F       		.byte	0x9f
 15106 012f 04       		.byte	0x4
 15107 0130 02       		.uleb128 .LVL347-.LVL346
 15108 0131 09       		.uleb128 .LVL348-1-.LVL346
 15109 0132 01       		.uleb128 0x1
 15110 0133 53       		.byte	0x53
 15111 0134 04       		.byte	0x4
 15112 0135 09       		.uleb128 .LVL348-1-.LVL346
 15113 0136 28       		.uleb128 .LVL350-.LVL346
 15114 0137 0A       		.uleb128 0xa
 15115 0138 74       		.byte	0x74
 15116 0139 00       		.sleb128 0
 15117 013a 0A       		.byte	0xa
 15118 013b FFFF     		.2byte	0xffff
 15119 013d 1A       		.byte	0x1a
ARM GAS  /tmp/ccRHyJSn.s 			page 272


 15120 013e 7B       		.byte	0x7b
 15121 013f 00       		.sleb128 0
 15122 0140 22       		.byte	0x22
 15123 0141 9F       		.byte	0x9f
 15124 0142 00       		.byte	0
 15125              	.LVUS102:
 15126 0143 00       		.uleb128 0
 15127 0144 00       		.uleb128 .LVU1422
 15128 0145 00       		.uleb128 .LVU1422
 15129 0146 00       		.uleb128 0
 15130              	.LLST102:
 15131 0147 06       		.byte	0x6
 15132 0148 00000000 		.4byte	.LVL318
 15133 014c 04       		.byte	0x4
 15134 014d 00       		.uleb128 .LVL318-.LVL318
 15135 014e 0A       		.uleb128 .LVL319-.LVL318
 15136 014f 06       		.uleb128 0x6
 15137 0150 50       		.byte	0x50
 15138 0151 93       		.byte	0x93
 15139 0152 04       		.uleb128 0x4
 15140 0153 51       		.byte	0x51
 15141 0154 93       		.byte	0x93
 15142 0155 04       		.uleb128 0x4
 15143 0156 04       		.byte	0x4
 15144 0157 0A       		.uleb128 .LVL319-.LVL318
 15145 0158 F403     		.uleb128 .LFE297-.LVL318
 15146 015a 06       		.uleb128 0x6
 15147 015b A3       		.byte	0xa3
 15148 015c 03       		.uleb128 0x3
 15149 015d A5       		.byte	0xa5
 15150 015e 00       		.uleb128 0
 15151 015f 26       		.uleb128 0x26
 15152 0160 9F       		.byte	0x9f
 15153 0161 00       		.byte	0
 15154              	.LVUS103:
 15155 0162 00       		.uleb128 .LVU1454
 15156 0163 00       		.uleb128 .LVU1487
 15157              	.LLST103:
 15158 0164 08       		.byte	0x8
 15159 0165 86000000 		.4byte	.LVL320
 15160 0169 8E01     		.uleb128 .LVL329-.LVL320
 15161 016b 01       		.uleb128 0x1
 15162 016c 56       		.byte	0x56
 15163 016d 00       		.byte	0
 15164              	.LVUS104:
 15165 016e 00       		.uleb128 .LVU1467
 15166 016f 01       		.uleb128 .LVU1512
 15167 0170 00       		.uleb128 .LVU1517
 15168 0171 00       		.uleb128 .LVU1518
 15169              	.LLST104:
 15170 0172 06       		.byte	0x6
 15171 0173 BC000000 		.4byte	.LVL323
 15172 0177 04       		.byte	0x4
 15173 0178 00       		.uleb128 .LVL323-.LVL323
 15174 0179 B201     		.uleb128 .LVL335-.LVL323
 15175 017b 01       		.uleb128 0x1
 15176 017c 59       		.byte	0x59
ARM GAS  /tmp/ccRHyJSn.s 			page 273


 15177 017d 04       		.byte	0x4
 15178 017e DA01     		.uleb128 .LVL336-.LVL323
 15179 0180 E001     		.uleb128 .LVL338-.LVL323
 15180 0182 01       		.uleb128 0x1
 15181 0183 59       		.byte	0x59
 15182 0184 00       		.byte	0
 15183              	.LVUS105:
 15184 0185 01       		.uleb128 .LVU1468
 15185 0186 01       		.uleb128 .LVU1512
 15186 0187 00       		.uleb128 .LVU1517
 15187 0188 00       		.uleb128 .LVU1518
 15188              	.LLST105:
 15189 0189 06       		.byte	0x6
 15190 018a BC000000 		.4byte	.LVL323
 15191 018e 04       		.byte	0x4
 15192 018f 00       		.uleb128 .LVL323-.LVL323
 15193 0190 B201     		.uleb128 .LVL335-.LVL323
 15194 0192 0A       		.uleb128 0xa
 15195 0193 9E       		.byte	0x9e
 15196 0194 08       		.uleb128 0x8
 15197 0195 00000800 		.8byte	0x80000
 15197      00000000 
 15198 019d 04       		.byte	0x4
 15199 019e DA01     		.uleb128 .LVL336-.LVL323
 15200 01a0 E001     		.uleb128 .LVL338-.LVL323
 15201 01a2 0A       		.uleb128 0xa
 15202 01a3 9E       		.byte	0x9e
 15203 01a4 08       		.uleb128 0x8
 15204 01a5 00000800 		.8byte	0x80000
 15204      00000000 
 15205 01ad 00       		.byte	0
 15206              	.LVUS106:
 15207 01ae 00       		.uleb128 .LVU1472
 15208 01af 00       		.uleb128 .LVU1490
 15209              	.LLST106:
 15210 01b0 08       		.byte	0x8
 15211 01b1 D2000000 		.4byte	.LVL325
 15212 01b5 4C       		.uleb128 .LVL330-.LVL325
 15213 01b6 01       		.uleb128 0x1
 15214 01b7 5A       		.byte	0x5a
 15215 01b8 00       		.byte	0
 15216              	.LVUS107:
 15217 01b9 00       		.uleb128 .LVU1479
 15218 01ba 01       		.uleb128 .LVU1512
 15219 01bb 00       		.uleb128 .LVU1517
 15220 01bc 00       		.uleb128 .LVU1518
 15221              	.LLST107:
 15222 01bd 06       		.byte	0x6
 15223 01be FE000000 		.4byte	.LVL327
 15224 01c2 04       		.byte	0x4
 15225 01c3 00       		.uleb128 .LVL327-.LVL327
 15226 01c4 70       		.uleb128 .LVL335-.LVL327
 15227 01c5 06       		.uleb128 0x6
 15228 01c6 54       		.byte	0x54
 15229 01c7 93       		.byte	0x93
 15230 01c8 04       		.uleb128 0x4
 15231 01c9 55       		.byte	0x55
ARM GAS  /tmp/ccRHyJSn.s 			page 274


 15232 01ca 93       		.byte	0x93
 15233 01cb 04       		.uleb128 0x4
 15234 01cc 04       		.byte	0x4
 15235 01cd 9801     		.uleb128 .LVL336-.LVL327
 15236 01cf 9E01     		.uleb128 .LVL338-.LVL327
 15237 01d1 06       		.uleb128 0x6
 15238 01d2 54       		.byte	0x54
 15239 01d3 93       		.byte	0x93
 15240 01d4 04       		.uleb128 0x4
 15241 01d5 55       		.byte	0x55
 15242 01d6 93       		.byte	0x93
 15243 01d7 04       		.uleb128 0x4
 15244 01d8 00       		.byte	0
 15245              	.LVUS100:
 15246 01d9 00       		.uleb128 0
 15247 01da 00       		.uleb128 .LVU1407
 15248 01db 00       		.uleb128 .LVU1407
 15249 01dc 00       		.uleb128 .LVU1414
 15250 01dd 00       		.uleb128 .LVU1414
 15251 01de 00       		.uleb128 0
 15252              	.LLST100:
 15253 01df 06       		.byte	0x6
 15254 01e0 00000000 		.4byte	.LVL314
 15255 01e4 04       		.byte	0x4
 15256 01e5 00       		.uleb128 .LVL314-.LVL314
 15257 01e6 06       		.uleb128 .LVL315-.LVL314
 15258 01e7 01       		.uleb128 0x1
 15259 01e8 50       		.byte	0x50
 15260 01e9 04       		.byte	0x4
 15261 01ea 06       		.uleb128 .LVL315-.LVL314
 15262 01eb 1B       		.uleb128 .LVL317-1-.LVL314
 15263 01ec 01       		.uleb128 0x1
 15264 01ed 52       		.byte	0x52
 15265 01ee 04       		.byte	0x4
 15266 01ef 1B       		.uleb128 .LVL317-1-.LVL314
 15267 01f0 20       		.uleb128 .LFE296-.LVL314
 15268 01f1 0A       		.uleb128 0xa
 15269 01f2 A3       		.byte	0xa3
 15270 01f3 03       		.uleb128 0x3
 15271 01f4 A5       		.byte	0xa5
 15272 01f5 00       		.uleb128 0
 15273 01f6 26       		.uleb128 0x26
 15274 01f7 A8       		.byte	0xa8
 15275 01f8 3B       		.uleb128 0x3b
 15276 01f9 A8       		.byte	0xa8
 15277 01fa 00       		.uleb128 0
 15278 01fb 9F       		.byte	0x9f
 15279 01fc 00       		.byte	0
 15280              	.LVUS101:
 15281 01fd 03       		.uleb128 .LVU1404
 15282 01fe 00       		.uleb128 .LVU1407
 15283 01ff 00       		.uleb128 .LVU1407
 15284 0200 00       		.uleb128 .LVU1414
 15285              	.LLST101:
 15286 0201 06       		.byte	0x6
 15287 0202 00000000 		.4byte	.LVL314
 15288 0206 04       		.byte	0x4
ARM GAS  /tmp/ccRHyJSn.s 			page 275


 15289 0207 00       		.uleb128 .LVL314-.LVL314
 15290 0208 06       		.uleb128 .LVL315-.LVL314
 15291 0209 02       		.uleb128 0x2
 15292 020a 30       		.byte	0x30
 15293 020b 9F       		.byte	0x9f
 15294 020c 04       		.byte	0x4
 15295 020d 06       		.uleb128 .LVL315-.LVL314
 15296 020e 1B       		.uleb128 .LVL317-1-.LVL314
 15297 020f 01       		.uleb128 0x1
 15298 0210 50       		.byte	0x50
 15299 0211 00       		.byte	0
 15300              	.LVUS97:
 15301 0212 00       		.uleb128 0
 15302 0213 00       		.uleb128 .LVU1352
 15303 0214 00       		.uleb128 .LVU1352
 15304 0215 00       		.uleb128 .LVU1399
 15305 0216 00       		.uleb128 .LVU1399
 15306 0217 00       		.uleb128 .LVU1400
 15307 0218 00       		.uleb128 .LVU1400
 15308 0219 00       		.uleb128 0
 15309              	.LLST97:
 15310 021a 06       		.byte	0x6
 15311 021b 00000000 		.4byte	.LVL300
 15312 021f 04       		.byte	0x4
 15313 0220 00       		.uleb128 .LVL300-.LVL300
 15314 0221 0C       		.uleb128 .LVL301-.LVL300
 15315 0222 01       		.uleb128 0x1
 15316 0223 50       		.byte	0x50
 15317 0224 04       		.byte	0x4
 15318 0225 0C       		.uleb128 .LVL301-.LVL300
 15319 0226 A001     		.uleb128 .LVL312-.LVL300
 15320 0228 01       		.uleb128 0x1
 15321 0229 54       		.byte	0x54
 15322 022a 04       		.byte	0x4
 15323 022b A001     		.uleb128 .LVL312-.LVL300
 15324 022d A201     		.uleb128 .LVL313-.LVL300
 15325 022f 01       		.uleb128 0x1
 15326 0230 50       		.byte	0x50
 15327 0231 04       		.byte	0x4
 15328 0232 A201     		.uleb128 .LVL313-.LVL300
 15329 0234 C401     		.uleb128 .LFE295-.LVL300
 15330 0236 0A       		.uleb128 0xa
 15331 0237 A3       		.byte	0xa3
 15332 0238 03       		.uleb128 0x3
 15333 0239 A5       		.byte	0xa5
 15334 023a 00       		.uleb128 0
 15335 023b 26       		.uleb128 0x26
 15336 023c A8       		.byte	0xa8
 15337 023d 2D       		.uleb128 0x2d
 15338 023e A8       		.byte	0xa8
 15339 023f 00       		.uleb128 0
 15340 0240 9F       		.byte	0x9f
 15341 0241 00       		.byte	0
 15342              	.LVUS98:
 15343 0242 00       		.uleb128 .LVU1357
 15344 0243 00       		.uleb128 .LVU1399
 15345              	.LLST98:
ARM GAS  /tmp/ccRHyJSn.s 			page 276


 15346 0244 08       		.byte	0x8
 15347 0245 1C000000 		.4byte	.LVL303
 15348 0249 8401     		.uleb128 .LVL312-.LVL303
 15349 024b 01       		.uleb128 0x1
 15350 024c 58       		.byte	0x58
 15351 024d 00       		.byte	0
 15352              	.LVUS99:
 15353 024e 01       		.uleb128 .LVU1358
 15354 024f 02       		.uleb128 .LVU1359
 15355 0250 02       		.uleb128 .LVU1359
 15356 0251 00       		.uleb128 .LVU1399
 15357              	.LLST99:
 15358 0252 06       		.byte	0x6
 15359 0253 1C000000 		.4byte	.LVL303
 15360 0257 04       		.byte	0x4
 15361 0258 00       		.uleb128 .LVL303-.LVL303
 15362 0259 00       		.uleb128 .LVL303-.LVL303
 15363 025a 02       		.uleb128 0x2
 15364 025b 30       		.byte	0x30
 15365 025c 9F       		.byte	0x9f
 15366 025d 04       		.byte	0x4
 15367 025e 00       		.uleb128 .LVL303-.LVL303
 15368 025f 8401     		.uleb128 .LVL312-.LVL303
 15369 0261 01       		.uleb128 0x1
 15370 0262 56       		.byte	0x56
 15371 0263 00       		.byte	0
 15372              	.LVUS96:
 15373 0264 00       		.uleb128 0
 15374 0265 00       		.uleb128 .LVU1342
 15375 0266 00       		.uleb128 .LVU1342
 15376 0267 00       		.uleb128 0
 15377              	.LLST96:
 15378 0268 06       		.byte	0x6
 15379 0269 00000000 		.4byte	.LVL296
 15380 026d 04       		.byte	0x4
 15381 026e 00       		.uleb128 .LVL296-.LVL296
 15382 026f 1E       		.uleb128 .LVL297-.LVL296
 15383 0270 01       		.uleb128 0x1
 15384 0271 50       		.byte	0x50
 15385 0272 04       		.byte	0x4
 15386 0273 1E       		.uleb128 .LVL297-.LVL296
 15387 0274 34       		.uleb128 .LFE293-.LVL296
 15388 0275 0A       		.uleb128 0xa
 15389 0276 A3       		.byte	0xa3
 15390 0277 03       		.uleb128 0x3
 15391 0278 A5       		.byte	0xa5
 15392 0279 00       		.uleb128 0
 15393 027a 26       		.uleb128 0x26
 15394 027b A8       		.byte	0xa8
 15395 027c 2D       		.uleb128 0x2d
 15396 027d A8       		.byte	0xa8
 15397 027e 00       		.uleb128 0
 15398 027f 9F       		.byte	0x9f
 15399 0280 00       		.byte	0
 15400              	.LVUS95:
 15401 0281 00       		.uleb128 0
 15402 0282 00       		.uleb128 .LVU1322
ARM GAS  /tmp/ccRHyJSn.s 			page 277


 15403 0283 00       		.uleb128 .LVU1322
 15404 0284 00       		.uleb128 .LVU1323
 15405 0285 00       		.uleb128 .LVU1323
 15406 0286 00       		.uleb128 0
 15407              	.LLST95:
 15408 0287 06       		.byte	0x6
 15409 0288 00000000 		.4byte	.LVL292
 15410 028c 04       		.byte	0x4
 15411 028d 00       		.uleb128 .LVL292-.LVL292
 15412 028e 14       		.uleb128 .LVL293-.LVL292
 15413 028f 01       		.uleb128 0x1
 15414 0290 50       		.byte	0x50
 15415 0291 04       		.byte	0x4
 15416 0292 14       		.uleb128 .LVL293-.LVL292
 15417 0293 17       		.uleb128 .LVL294-1-.LVL292
 15418 0294 02       		.uleb128 0x2
 15419 0295 91       		.byte	0x91
 15420 0296 75       		.sleb128 -11
 15421 0297 04       		.byte	0x4
 15422 0298 17       		.uleb128 .LVL294-1-.LVL292
 15423 0299 1E       		.uleb128 .LFE290-.LVL292
 15424 029a 0A       		.uleb128 0xa
 15425 029b A3       		.byte	0xa3
 15426 029c 03       		.uleb128 0x3
 15427 029d A5       		.byte	0xa5
 15428 029e 00       		.uleb128 0
 15429 029f 26       		.uleb128 0x26
 15430 02a0 A8       		.byte	0xa8
 15431 02a1 34       		.uleb128 0x34
 15432 02a2 A8       		.byte	0xa8
 15433 02a3 00       		.uleb128 0
 15434 02a4 9F       		.byte	0x9f
 15435 02a5 00       		.byte	0
 15436              	.LVUS89:
 15437 02a6 00       		.uleb128 0
 15438 02a7 00       		.uleb128 .LVU1252
 15439 02a8 00       		.uleb128 .LVU1252
 15440 02a9 00       		.uleb128 .LVU1269
 15441 02aa 00       		.uleb128 .LVU1269
 15442 02ab 00       		.uleb128 .LVU1278
 15443 02ac 00       		.uleb128 .LVU1278
 15444 02ad 00       		.uleb128 0
 15445              	.LLST89:
 15446 02ae 06       		.byte	0x6
 15447 02af 00000000 		.4byte	.LVL278
 15448 02b3 04       		.byte	0x4
 15449 02b4 00       		.uleb128 .LVL278-.LVL278
 15450 02b5 14       		.uleb128 .LVL279-.LVL278
 15451 02b6 01       		.uleb128 0x1
 15452 02b7 50       		.byte	0x50
 15453 02b8 04       		.byte	0x4
 15454 02b9 14       		.uleb128 .LVL279-.LVL278
 15455 02ba 3A       		.uleb128 .LVL282-.LVL278
 15456 02bb 0A       		.uleb128 0xa
 15457 02bc A3       		.byte	0xa3
 15458 02bd 03       		.uleb128 0x3
 15459 02be A5       		.byte	0xa5
ARM GAS  /tmp/ccRHyJSn.s 			page 278


 15460 02bf 00       		.uleb128 0
 15461 02c0 26       		.uleb128 0x26
 15462 02c1 A8       		.byte	0xa8
 15463 02c2 34       		.uleb128 0x34
 15464 02c3 A8       		.byte	0xa8
 15465 02c4 00       		.uleb128 0
 15466 02c5 9F       		.byte	0x9f
 15467 02c6 04       		.byte	0x4
 15468 02c7 3A       		.uleb128 .LVL282-.LVL278
 15469 02c8 50       		.uleb128 .LVL284-.LVL278
 15470 02c9 01       		.uleb128 0x1
 15471 02ca 50       		.byte	0x50
 15472 02cb 04       		.byte	0x4
 15473 02cc 50       		.uleb128 .LVL284-.LVL278
 15474 02cd D801     		.uleb128 .LFE289-.LVL278
 15475 02cf 0A       		.uleb128 0xa
 15476 02d0 A3       		.byte	0xa3
 15477 02d1 03       		.uleb128 0x3
 15478 02d2 A5       		.byte	0xa5
 15479 02d3 00       		.uleb128 0
 15480 02d4 26       		.uleb128 0x26
 15481 02d5 A8       		.byte	0xa8
 15482 02d6 34       		.uleb128 0x34
 15483 02d7 A8       		.byte	0xa8
 15484 02d8 00       		.uleb128 0
 15485 02d9 9F       		.byte	0x9f
 15486 02da 00       		.byte	0
 15487              	.LVUS90:
 15488 02db 01       		.uleb128 .LVU1275
 15489 02dc 00       		.uleb128 .LVU1291
 15490 02dd 00       		.uleb128 .LVU1291
 15491 02de 01       		.uleb128 .LVU1293
 15492 02df 01       		.uleb128 .LVU1293
 15493 02e0 00       		.uleb128 0
 15494              	.LLST90:
 15495 02e1 06       		.byte	0x6
 15496 02e2 4C000000 		.4byte	.LVL283
 15497 02e6 04       		.byte	0x4
 15498 02e7 00       		.uleb128 .LVL283-.LVL283
 15499 02e8 1C       		.uleb128 .LVL287-.LVL283
 15500 02e9 01       		.uleb128 0x1
 15501 02ea 59       		.byte	0x59
 15502 02eb 04       		.byte	0x4
 15503 02ec 1C       		.uleb128 .LVL287-.LVL283
 15504 02ed 22       		.uleb128 .LVL288-.LVL283
 15505 02ee 03       		.uleb128 0x3
 15506 02ef 79       		.byte	0x79
 15507 02f0 01       		.sleb128 1
 15508 02f1 9F       		.byte	0x9f
 15509 02f2 04       		.byte	0x4
 15510 02f3 22       		.uleb128 .LVL288-.LVL283
 15511 02f4 8C01     		.uleb128 .LFE289-.LVL283
 15512 02f6 01       		.uleb128 0x1
 15513 02f7 59       		.byte	0x59
 15514 02f8 00       		.byte	0
 15515              	.LVUS91:
 15516 02f9 00       		.uleb128 .LVU1253
ARM GAS  /tmp/ccRHyJSn.s 			page 279


 15517 02fa 00       		.uleb128 .LVU1267
 15518              	.LLST91:
 15519 02fb 08       		.byte	0x8
 15520 02fc 18000000 		.4byte	.LVL280
 15521 0300 1E       		.uleb128 .LVL281-.LVL280
 15522 0301 08       		.uleb128 0x8
 15523 0302 70       		.byte	0x70
 15524 0303 00       		.sleb128 0
 15525 0304 08       		.byte	0x8
 15526 0305 FF       		.byte	0xff
 15527 0306 1A       		.byte	0x1a
 15528 0307 34       		.byte	0x34
 15529 0308 24       		.byte	0x24
 15530 0309 9F       		.byte	0x9f
 15531 030a 00       		.byte	0
 15532              	.LVUS93:
 15533 030b 02       		.uleb128 .LVU1280
 15534 030c 00       		.uleb128 .LVU1284
 15535 030d 00       		.uleb128 .LVU1284
 15536 030e 00       		.uleb128 0
 15537              	.LLST93:
 15538 030f 06       		.byte	0x6
 15539 0310 50000000 		.4byte	.LVL284
 15540 0314 04       		.byte	0x4
 15541 0315 00       		.uleb128 .LVL284-.LVL284
 15542 0316 04       		.uleb128 .LVL285-.LVL284
 15543 0317 02       		.uleb128 0x2
 15544 0318 31       		.byte	0x31
 15545 0319 9F       		.byte	0x9f
 15546 031a 04       		.byte	0x4
 15547 031b 04       		.uleb128 .LVL285-.LVL284
 15548 031c 8801     		.uleb128 .LFE289-.LVL284
 15549 031e 02       		.uleb128 0x2
 15550 031f 30       		.byte	0x30
 15551 0320 9F       		.byte	0x9f
 15552 0321 00       		.byte	0
 15553              	.LVUS94:
 15554 0322 00       		.uleb128 .LVU1284
 15555 0323 00       		.uleb128 .LVU1290
 15556 0324 00       		.uleb128 .LVU1300
 15557 0325 00       		.uleb128 .LVU1303
 15558              	.LLST94:
 15559 0326 06       		.byte	0x6
 15560 0327 54000000 		.4byte	.LVL285
 15561 032b 04       		.byte	0x4
 15562 032c 00       		.uleb128 .LVL285-.LVL285
 15563 032d 10       		.uleb128 .LVL286-.LVL285
 15564 032e 05       		.uleb128 0x5
 15565 032f 50       		.byte	0x50
 15566 0330 93       		.byte	0x93
 15567 0331 04       		.uleb128 0x4
 15568 0332 93       		.byte	0x93
 15569 0333 08       		.uleb128 0x8
 15570 0334 04       		.byte	0x4
 15571 0335 2E       		.uleb128 .LVL289-.LVL285
 15572 0336 32       		.uleb128 .LVL290-.LVL285
 15573 0337 05       		.uleb128 0x5
ARM GAS  /tmp/ccRHyJSn.s 			page 280


 15574 0338 50       		.byte	0x50
 15575 0339 93       		.byte	0x93
 15576 033a 04       		.uleb128 0x4
 15577 033b 93       		.byte	0x93
 15578 033c 08       		.uleb128 0x8
 15579 033d 00       		.byte	0
 15580              	.LVUS84:
 15581 033e 00       		.uleb128 0
 15582 033f 00       		.uleb128 .LVU1213
 15583 0340 00       		.uleb128 .LVU1213
 15584 0341 00       		.uleb128 0
 15585              	.LLST84:
 15586 0342 06       		.byte	0x6
 15587 0343 00000000 		.4byte	.LVL263
 15588 0347 04       		.byte	0x4
 15589 0348 00       		.uleb128 .LVL263-.LVL263
 15590 0349 16       		.uleb128 .LVL264-.LVL263
 15591 034a 01       		.uleb128 0x1
 15592 034b 50       		.byte	0x50
 15593 034c 04       		.byte	0x4
 15594 034d 16       		.uleb128 .LVL264-.LVL263
 15595 034e 68       		.uleb128 .LFE288-.LVL263
 15596 034f 0A       		.uleb128 0xa
 15597 0350 A3       		.byte	0xa3
 15598 0351 03       		.uleb128 0x3
 15599 0352 A5       		.byte	0xa5
 15600 0353 00       		.uleb128 0
 15601 0354 26       		.uleb128 0x26
 15602 0355 A8       		.byte	0xa8
 15603 0356 2D       		.uleb128 0x2d
 15604 0357 A8       		.byte	0xa8
 15605 0358 00       		.uleb128 0
 15606 0359 9F       		.byte	0x9f
 15607 035a 00       		.byte	0
 15608              	.LVUS85:
 15609 035b 03       		.uleb128 .LVU1204
 15610 035c 00       		.uleb128 .LVU1213
 15611 035d 00       		.uleb128 .LVU1213
 15612 035e 00       		.uleb128 .LVU1226
 15613 035f 00       		.uleb128 .LVU1228
 15614 0360 00       		.uleb128 .LVU1232
 15615 0361 00       		.uleb128 .LVU1232
 15616 0362 00       		.uleb128 .LVU1233
 15617 0363 00       		.uleb128 .LVU1233
 15618 0364 00       		.uleb128 0
 15619              	.LLST85:
 15620 0365 06       		.byte	0x6
 15621 0366 00000000 		.4byte	.LVL263
 15622 036a 04       		.byte	0x4
 15623 036b 00       		.uleb128 .LVL263-.LVL263
 15624 036c 16       		.uleb128 .LVL264-.LVL263
 15625 036d 02       		.uleb128 0x2
 15626 036e 30       		.byte	0x30
 15627 036f 9F       		.byte	0x9f
 15628 0370 04       		.byte	0x4
 15629 0371 16       		.uleb128 .LVL264-.LVL263
 15630 0372 34       		.uleb128 .LVL269-.LVL263
ARM GAS  /tmp/ccRHyJSn.s 			page 281


 15631 0373 01       		.uleb128 0x1
 15632 0374 55       		.byte	0x55
 15633 0375 04       		.byte	0x4
 15634 0376 3A       		.uleb128 .LVL270-.LVL263
 15635 0377 3E       		.uleb128 .LVL271-.LVL263
 15636 0378 01       		.uleb128 0x1
 15637 0379 55       		.byte	0x55
 15638 037a 04       		.byte	0x4
 15639 037b 3E       		.uleb128 .LVL271-.LVL263
 15640 037c 40       		.uleb128 .LVL272-.LVL263
 15641 037d 03       		.uleb128 0x3
 15642 037e 75       		.byte	0x75
 15643 037f 01       		.sleb128 1
 15644 0380 9F       		.byte	0x9f
 15645 0381 04       		.byte	0x4
 15646 0382 40       		.uleb128 .LVL272-.LVL263
 15647 0383 68       		.uleb128 .LFE288-.LVL263
 15648 0384 01       		.uleb128 0x1
 15649 0385 55       		.byte	0x55
 15650 0386 00       		.byte	0
 15651              	.LVUS86:
 15652 0387 04       		.uleb128 .LVU1205
 15653 0388 00       		.uleb128 .LVU1213
 15654 0389 00       		.uleb128 .LVU1213
 15655 038a 01       		.uleb128 .LVU1234
 15656 038b 01       		.uleb128 .LVU1234
 15657 038c 00       		.uleb128 .LVU1235
 15658 038d 00       		.uleb128 .LVU1235
 15659 038e 00       		.uleb128 .LVU1243
 15660 038f 00       		.uleb128 .LVU1244
 15661 0390 00       		.uleb128 0
 15662              	.LLST86:
 15663 0391 06       		.byte	0x6
 15664 0392 00000000 		.4byte	.LVL263
 15665 0396 04       		.byte	0x4
 15666 0397 00       		.uleb128 .LVL263-.LVL263
 15667 0398 16       		.uleb128 .LVL264-.LVL263
 15668 0399 02       		.uleb128 0x2
 15669 039a 30       		.byte	0x30
 15670 039b 9F       		.byte	0x9f
 15671 039c 04       		.byte	0x4
 15672 039d 16       		.uleb128 .LVL264-.LVL263
 15673 039e 40       		.uleb128 .LVL272-.LVL263
 15674 039f 01       		.uleb128 0x1
 15675 03a0 54       		.byte	0x54
 15676 03a1 04       		.byte	0x4
 15677 03a2 40       		.uleb128 .LVL272-.LVL263
 15678 03a3 42       		.uleb128 .LVL273-.LVL263
 15679 03a4 02       		.uleb128 0x2
 15680 03a5 30       		.byte	0x30
 15681 03a6 9F       		.byte	0x9f
 15682 03a7 04       		.byte	0x4
 15683 03a8 42       		.uleb128 .LVL273-.LVL263
 15684 03a9 52       		.uleb128 .LVL276-.LVL263
 15685 03aa 01       		.uleb128 0x1
 15686 03ab 54       		.byte	0x54
 15687 03ac 04       		.byte	0x4
ARM GAS  /tmp/ccRHyJSn.s 			page 282


 15688 03ad 54       		.uleb128 .LVL277-.LVL263
 15689 03ae 68       		.uleb128 .LFE288-.LVL263
 15690 03af 01       		.uleb128 0x1
 15691 03b0 54       		.byte	0x54
 15692 03b1 00       		.byte	0
 15693              	.LVUS88:
 15694 03b2 00       		.uleb128 .LVU1216
 15695 03b3 00       		.uleb128 .LVU1220
 15696 03b4 00       		.uleb128 .LVU1224
 15697 03b5 01       		.uleb128 .LVU1236
 15698 03b6 01       		.uleb128 .LVU1236
 15699 03b7 00       		.uleb128 .LVU1238
 15700 03b8 00       		.uleb128 .LVU1241
 15701 03b9 00       		.uleb128 0
 15702              	.LLST88:
 15703 03ba 06       		.byte	0x6
 15704 03bb 1A000000 		.4byte	.LVL265
 15705 03bf 04       		.byte	0x4
 15706 03c0 00       		.uleb128 .LVL265-.LVL265
 15707 03c1 08       		.uleb128 .LVL266-.LVL265
 15708 03c2 01       		.uleb128 0x1
 15709 03c3 50       		.byte	0x50
 15710 03c4 04       		.byte	0x4
 15711 03c5 14       		.uleb128 .LVL268-.LVL265
 15712 03c6 28       		.uleb128 .LVL273-.LVL265
 15713 03c7 01       		.uleb128 0x1
 15714 03c8 50       		.byte	0x50
 15715 03c9 04       		.byte	0x4
 15716 03ca 28       		.uleb128 .LVL273-.LVL265
 15717 03cb 2A       		.uleb128 .LVL274-.LVL265
 15718 03cc 06       		.uleb128 0x6
 15719 03cd 75       		.byte	0x75
 15720 03ce 00       		.sleb128 0
 15721 03cf 70       		.byte	0x70
 15722 03d0 00       		.sleb128 0
 15723 03d1 1C       		.byte	0x1c
 15724 03d2 9F       		.byte	0x9f
 15725 03d3 04       		.byte	0x4
 15726 03d4 36       		.uleb128 .LVL275-.LVL265
 15727 03d5 4E       		.uleb128 .LFE288-.LVL265
 15728 03d6 01       		.uleb128 0x1
 15729 03d7 50       		.byte	0x50
 15730 03d8 00       		.byte	0
 15731              	.LVUS79:
 15732 03d9 00       		.uleb128 0
 15733 03da 00       		.uleb128 .LVU1145
 15734 03db 00       		.uleb128 .LVU1145
 15735 03dc 00       		.uleb128 0
 15736              	.LLST79:
 15737 03dd 06       		.byte	0x6
 15738 03de 00000000 		.4byte	.LVL249
 15739 03e2 04       		.byte	0x4
 15740 03e3 00       		.uleb128 .LVL249-.LVL249
 15741 03e4 06       		.uleb128 .LVL250-.LVL249
 15742 03e5 01       		.uleb128 0x1
 15743 03e6 50       		.byte	0x50
 15744 03e7 04       		.byte	0x4
ARM GAS  /tmp/ccRHyJSn.s 			page 283


 15745 03e8 06       		.uleb128 .LVL250-.LVL249
 15746 03e9 9C01     		.uleb128 .LFE287-.LVL249
 15747 03eb 0A       		.uleb128 0xa
 15748 03ec A3       		.byte	0xa3
 15749 03ed 03       		.uleb128 0x3
 15750 03ee A5       		.byte	0xa5
 15751 03ef 00       		.uleb128 0
 15752 03f0 26       		.uleb128 0x26
 15753 03f1 A8       		.byte	0xa8
 15754 03f2 2D       		.uleb128 0x2d
 15755 03f3 A8       		.byte	0xa8
 15756 03f4 00       		.uleb128 0
 15757 03f5 9F       		.byte	0x9f
 15758 03f6 00       		.byte	0
 15759              	.LVUS80:
 15760 03f7 00       		.uleb128 0
 15761 03f8 00       		.uleb128 .LVU1147
 15762 03f9 00       		.uleb128 .LVU1147
 15763 03fa 00       		.uleb128 .LVU1193
 15764 03fb 00       		.uleb128 .LVU1193
 15765 03fc 00       		.uleb128 0
 15766              	.LLST80:
 15767 03fd 06       		.byte	0x6
 15768 03fe 00000000 		.4byte	.LVL249
 15769 0402 04       		.byte	0x4
 15770 0403 00       		.uleb128 .LVL249-.LVL249
 15771 0404 0B       		.uleb128 .LVL251-1-.LVL249
 15772 0405 01       		.uleb128 0x1
 15773 0406 51       		.byte	0x51
 15774 0407 04       		.byte	0x4
 15775 0408 0B       		.uleb128 .LVL251-1-.LVL249
 15776 0409 6E       		.uleb128 .LVL261-.LVL249
 15777 040a 01       		.uleb128 0x1
 15778 040b 55       		.byte	0x55
 15779 040c 04       		.byte	0x4
 15780 040d 6E       		.uleb128 .LVL261-.LVL249
 15781 040e 9C01     		.uleb128 .LFE287-.LVL249
 15782 0410 0A       		.uleb128 0xa
 15783 0411 A3       		.byte	0xa3
 15784 0412 03       		.uleb128 0x3
 15785 0413 A5       		.byte	0xa5
 15786 0414 01       		.uleb128 0x1
 15787 0415 26       		.uleb128 0x26
 15788 0416 A8       		.byte	0xa8
 15789 0417 2D       		.uleb128 0x2d
 15790 0418 A8       		.byte	0xa8
 15791 0419 00       		.uleb128 0
 15792 041a 9F       		.byte	0x9f
 15793 041b 00       		.byte	0
 15794              	.LVUS81:
 15795 041c 00       		.uleb128 .LVU1152
 15796 041d 00       		.uleb128 .LVU1200
 15797              	.LLST81:
 15798 041e 08       		.byte	0x8
 15799 041f 16000000 		.4byte	.LVL252
 15800 0423 6C       		.uleb128 .LVL262-.LVL252
 15801 0424 01       		.uleb128 0x1
ARM GAS  /tmp/ccRHyJSn.s 			page 284


 15802 0425 54       		.byte	0x54
 15803 0426 00       		.byte	0
 15804              	.LVUS82:
 15805 0427 00       		.uleb128 .LVU1165
 15806 0428 00       		.uleb128 .LVU1171
 15807 0429 00       		.uleb128 .LVU1171
 15808 042a 00       		.uleb128 .LVU1200
 15809              	.LLST82:
 15810 042b 06       		.byte	0x6
 15811 042c 32000000 		.4byte	.LVL255
 15812 0430 04       		.byte	0x4
 15813 0431 00       		.uleb128 .LVL255-.LVL255
 15814 0432 08       		.uleb128 .LVL256-.LVL255
 15815 0433 01       		.uleb128 0x1
 15816 0434 50       		.byte	0x50
 15817 0435 04       		.byte	0x4
 15818 0436 08       		.uleb128 .LVL256-.LVL255
 15819 0437 50       		.uleb128 .LVL262-.LVL255
 15820 0438 01       		.uleb128 0x1
 15821 0439 58       		.byte	0x58
 15822 043a 00       		.byte	0
 15823              	.LVUS83:
 15824 043b 01       		.uleb128 .LVU1166
 15825 043c 00       		.uleb128 .LVU1171
 15826 043d 00       		.uleb128 .LVU1171
 15827 043e 00       		.uleb128 .LVU1200
 15828              	.LLST83:
 15829 043f 06       		.byte	0x6
 15830 0440 32000000 		.4byte	.LVL255
 15831 0444 04       		.byte	0x4
 15832 0445 00       		.uleb128 .LVL255-.LVL255
 15833 0446 08       		.uleb128 .LVL256-.LVL255
 15834 0447 01       		.uleb128 0x1
 15835 0448 55       		.byte	0x55
 15836 0449 04       		.byte	0x4
 15837 044a 08       		.uleb128 .LVL256-.LVL255
 15838 044b 50       		.uleb128 .LVL262-.LVL255
 15839 044c 01       		.uleb128 0x1
 15840 044d 57       		.byte	0x57
 15841 044e 00       		.byte	0
 15842              	.LVUS68:
 15843 044f 00       		.uleb128 0
 15844 0450 00       		.uleb128 .LVU1075
 15845 0451 00       		.uleb128 .LVU1075
 15846 0452 00       		.uleb128 0
 15847              	.LLST68:
 15848 0453 06       		.byte	0x6
 15849 0454 00000000 		.4byte	.LVL225
 15850 0458 04       		.byte	0x4
 15851 0459 00       		.uleb128 .LVL225-.LVL225
 15852 045a 17       		.uleb128 .LVL227-1-.LVL225
 15853 045b 01       		.uleb128 0x1
 15854 045c 50       		.byte	0x50
 15855 045d 04       		.byte	0x4
 15856 045e 17       		.uleb128 .LVL227-1-.LVL225
 15857 045f 8002     		.uleb128 .LFE286-.LVL225
 15858 0461 0A       		.uleb128 0xa
ARM GAS  /tmp/ccRHyJSn.s 			page 285


 15859 0462 A3       		.byte	0xa3
 15860 0463 03       		.uleb128 0x3
 15861 0464 A5       		.byte	0xa5
 15862 0465 00       		.uleb128 0
 15863 0466 26       		.uleb128 0x26
 15864 0467 A8       		.byte	0xa8
 15865 0468 2D       		.uleb128 0x2d
 15866 0469 A8       		.byte	0xa8
 15867 046a 00       		.uleb128 0
 15868 046b 9F       		.byte	0x9f
 15869 046c 00       		.byte	0
 15870              	.LVUS69:
 15871 046d 00       		.uleb128 0
 15872 046e 00       		.uleb128 .LVU1075
 15873 046f 00       		.uleb128 .LVU1075
 15874 0470 00       		.uleb128 0
 15875              	.LLST69:
 15876 0471 06       		.byte	0x6
 15877 0472 00000000 		.4byte	.LVL225
 15878 0476 04       		.byte	0x4
 15879 0477 00       		.uleb128 .LVL225-.LVL225
 15880 0478 17       		.uleb128 .LVL227-1-.LVL225
 15881 0479 01       		.uleb128 0x1
 15882 047a 51       		.byte	0x51
 15883 047b 04       		.byte	0x4
 15884 047c 17       		.uleb128 .LVL227-1-.LVL225
 15885 047d 8002     		.uleb128 .LFE286-.LVL225
 15886 047f 02       		.uleb128 0x2
 15887 0480 91       		.byte	0x91
 15888 0481 54       		.sleb128 -44
 15889 0482 00       		.byte	0
 15890              	.LVUS70:
 15891 0483 00       		.uleb128 0
 15892 0484 00       		.uleb128 .LVU1075
 15893 0485 00       		.uleb128 .LVU1075
 15894 0486 00       		.uleb128 .LVU1084
 15895 0487 00       		.uleb128 .LVU1084
 15896 0488 00       		.uleb128 0
 15897              	.LLST70:
 15898 0489 06       		.byte	0x6
 15899 048a 00000000 		.4byte	.LVL225
 15900 048e 04       		.byte	0x4
 15901 048f 00       		.uleb128 .LVL225-.LVL225
 15902 0490 17       		.uleb128 .LVL227-1-.LVL225
 15903 0491 01       		.uleb128 0x1
 15904 0492 52       		.byte	0x52
 15905 0493 04       		.byte	0x4
 15906 0494 17       		.uleb128 .LVL227-1-.LVL225
 15907 0495 2C       		.uleb128 .LVL230-.LVL225
 15908 0496 01       		.uleb128 0x1
 15909 0497 54       		.byte	0x54
 15910 0498 04       		.byte	0x4
 15911 0499 2C       		.uleb128 .LVL230-.LVL225
 15912 049a 8002     		.uleb128 .LFE286-.LVL225
 15913 049c 0A       		.uleb128 0xa
 15914 049d A3       		.byte	0xa3
 15915 049e 03       		.uleb128 0x3
ARM GAS  /tmp/ccRHyJSn.s 			page 286


 15916 049f A5       		.byte	0xa5
 15917 04a0 02       		.uleb128 0x2
 15918 04a1 26       		.uleb128 0x26
 15919 04a2 A8       		.byte	0xa8
 15920 04a3 2D       		.uleb128 0x2d
 15921 04a4 A8       		.byte	0xa8
 15922 04a5 00       		.uleb128 0
 15923 04a6 9F       		.byte	0x9f
 15924 04a7 00       		.byte	0
 15925              	.LVUS71:
 15926 04a8 00       		.uleb128 0
 15927 04a9 00       		.uleb128 .LVU1075
 15928 04aa 00       		.uleb128 .LVU1075
 15929 04ab 00       		.uleb128 0
 15930              	.LLST71:
 15931 04ac 06       		.byte	0x6
 15932 04ad 00000000 		.4byte	.LVL225
 15933 04b1 04       		.byte	0x4
 15934 04b2 00       		.uleb128 .LVL225-.LVL225
 15935 04b3 17       		.uleb128 .LVL227-1-.LVL225
 15936 04b4 01       		.uleb128 0x1
 15937 04b5 53       		.byte	0x53
 15938 04b6 04       		.byte	0x4
 15939 04b7 17       		.uleb128 .LVL227-1-.LVL225
 15940 04b8 8002     		.uleb128 .LFE286-.LVL225
 15941 04ba 01       		.uleb128 0x1
 15942 04bb 55       		.byte	0x55
 15943 04bc 00       		.byte	0
 15944              	.LVUS72:
 15945 04bd 00       		.uleb128 .LVU1091
 15946 04be 00       		.uleb128 .LVU1103
 15947 04bf 00       		.uleb128 .LVU1109
 15948 04c0 00       		.uleb128 .LVU1111
 15949 04c1 00       		.uleb128 .LVU1138
 15950 04c2 00       		.uleb128 0
 15951              	.LLST72:
 15952 04c3 06       		.byte	0x6
 15953 04c4 3A000000 		.4byte	.LVL232
 15954 04c8 04       		.byte	0x4
 15955 04c9 00       		.uleb128 .LVL232-.LVL232
 15956 04ca 2D       		.uleb128 .LVL236-1-.LVL232
 15957 04cb 01       		.uleb128 0x1
 15958 04cc 50       		.byte	0x50
 15959 04cd 04       		.byte	0x4
 15960 04ce 4C       		.uleb128 .LVL239-.LVL232
 15961 04cf 54       		.uleb128 .LVL240-.LVL232
 15962 04d0 01       		.uleb128 0x1
 15963 04d1 50       		.byte	0x50
 15964 04d2 04       		.byte	0x4
 15965 04d3 A401     		.uleb128 .LVL248-.LVL232
 15966 04d5 C601     		.uleb128 .LFE286-.LVL232
 15967 04d7 01       		.uleb128 0x1
 15968 04d8 50       		.byte	0x50
 15969 04d9 00       		.byte	0
 15970              	.LVUS73:
 15971 04da 00       		.uleb128 .LVU1071
 15972 04db 00       		.uleb128 0
ARM GAS  /tmp/ccRHyJSn.s 			page 287


 15973              	.LLST73:
 15974 04dc 08       		.byte	0x8
 15975 04dd 0E000000 		.4byte	.LVL226
 15976 04e1 F201     		.uleb128 .LFE286-.LVL226
 15977 04e3 01       		.uleb128 0x1
 15978 04e4 59       		.byte	0x59
 15979 04e5 00       		.byte	0
 15980              	.LVUS74:
 15981 04e6 00       		.uleb128 .LVU1078
 15982 04e7 00       		.uleb128 .LVU1085
 15983 04e8 00       		.uleb128 .LVU1085
 15984 04e9 00       		.uleb128 .LVU1130
 15985 04ea 00       		.uleb128 .LVU1130
 15986 04eb 00       		.uleb128 .LVU1131
 15987 04ec 00       		.uleb128 .LVU1131
 15988 04ed 00       		.uleb128 0
 15989              	.LLST74:
 15990 04ee 06       		.byte	0x6
 15991 04ef 1E000000 		.4byte	.LVL228
 15992 04f3 04       		.byte	0x4
 15993 04f4 00       		.uleb128 .LVL228-.LVL228
 15994 04f5 10       		.uleb128 .LVL231-.LVL228
 15995 04f6 01       		.uleb128 0x1
 15996 04f7 50       		.byte	0x50
 15997 04f8 04       		.byte	0x4
 15998 04f9 10       		.uleb128 .LVL231-.LVL228
 15999 04fa B001     		.uleb128 .LVL246-.LVL228
 16000 04fc 02       		.uleb128 0x2
 16001 04fd 7D       		.byte	0x7d
 16002 04fe 00       		.sleb128 0
 16003 04ff 04       		.byte	0x4
 16004 0500 B001     		.uleb128 .LVL246-.LVL228
 16005 0502 B401     		.uleb128 .LVL247-.LVL228
 16006 0504 02       		.uleb128 0x2
 16007 0505 91       		.byte	0x91
 16008 0506 50       		.sleb128 -48
 16009 0507 04       		.byte	0x4
 16010 0508 B401     		.uleb128 .LVL247-.LVL228
 16011 050a E201     		.uleb128 .LFE286-.LVL228
 16012 050c 02       		.uleb128 0x2
 16013 050d 7D       		.byte	0x7d
 16014 050e 00       		.sleb128 0
 16015 050f 00       		.byte	0
 16016              	.LVUS75:
 16017 0510 01       		.uleb128 .LVU1079
 16018 0511 00       		.uleb128 .LVU1085
 16019 0512 00       		.uleb128 .LVU1085
 16020 0513 01       		.uleb128 .LVU1101
 16021 0514 01       		.uleb128 .LVU1101
 16022 0515 00       		.uleb128 .LVU1106
 16023 0516 00       		.uleb128 .LVU1106
 16024 0517 01       		.uleb128 .LVU1118
 16025 0518 01       		.uleb128 .LVU1118
 16026 0519 01       		.uleb128 .LVU1125
 16027 051a 00       		.uleb128 .LVU1131
 16028 051b 00       		.uleb128 .LVU1138
 16029 051c 00       		.uleb128 .LVU1138
ARM GAS  /tmp/ccRHyJSn.s 			page 288


 16030 051d 00       		.uleb128 0
 16031              	.LLST75:
 16032 051e 06       		.byte	0x6
 16033 051f 1E000000 		.4byte	.LVL228
 16034 0523 04       		.byte	0x4
 16035 0524 00       		.uleb128 .LVL228-.LVL228
 16036 0525 10       		.uleb128 .LVL231-.LVL228
 16037 0526 02       		.uleb128 0x2
 16038 0527 30       		.byte	0x30
 16039 0528 9F       		.byte	0x9f
 16040 0529 04       		.byte	0x4
 16041 052a 10       		.uleb128 .LVL231-.LVL228
 16042 052b 46       		.uleb128 .LVL235-.LVL228
 16043 052c 01       		.uleb128 0x1
 16044 052d 58       		.byte	0x58
 16045 052e 04       		.byte	0x4
 16046 052f 46       		.uleb128 .LVL235-.LVL228
 16047 0530 5A       		.uleb128 .LVL237-.LVL228
 16048 0531 02       		.uleb128 0x2
 16049 0532 31       		.byte	0x31
 16050 0533 9F       		.byte	0x9f
 16051 0534 04       		.byte	0x4
 16052 0535 5A       		.uleb128 .LVL237-.LVL228
 16053 0536 8201     		.uleb128 .LVL243-.LVL228
 16054 0538 01       		.uleb128 0x1
 16055 0539 58       		.byte	0x58
 16056 053a 04       		.byte	0x4
 16057 053b 8201     		.uleb128 .LVL243-.LVL228
 16058 053d A001     		.uleb128 .LVL244-.LVL228
 16059 053f 02       		.uleb128 0x2
 16060 0540 32       		.byte	0x32
 16061 0541 9F       		.byte	0x9f
 16062 0542 04       		.byte	0x4
 16063 0543 B401     		.uleb128 .LVL247-.LVL228
 16064 0545 C001     		.uleb128 .LVL248-.LVL228
 16065 0547 02       		.uleb128 0x2
 16066 0548 32       		.byte	0x32
 16067 0549 9F       		.byte	0x9f
 16068 054a 04       		.byte	0x4
 16069 054b C001     		.uleb128 .LVL248-.LVL228
 16070 054d E201     		.uleb128 .LFE286-.LVL228
 16071 054f 01       		.uleb128 0x1
 16072 0550 58       		.byte	0x58
 16073 0551 00       		.byte	0
 16074              	.LVUS76:
 16075 0552 02       		.uleb128 .LVU1080
 16076 0553 00       		.uleb128 .LVU1085
 16077 0554 00       		.uleb128 .LVU1085
 16078 0555 00       		.uleb128 .LVU1094
 16079 0556 00       		.uleb128 .LVU1094
 16080 0557 00       		.uleb128 .LVU1096
 16081 0558 00       		.uleb128 .LVU1096
 16082 0559 00       		.uleb128 0
 16083              	.LLST76:
 16084 055a 06       		.byte	0x6
 16085 055b 1E000000 		.4byte	.LVL228
 16086 055f 04       		.byte	0x4
ARM GAS  /tmp/ccRHyJSn.s 			page 289


 16087 0560 00       		.uleb128 .LVL228-.LVL228
 16088 0561 10       		.uleb128 .LVL231-.LVL228
 16089 0562 02       		.uleb128 0x2
 16090 0563 30       		.byte	0x30
 16091 0564 9F       		.byte	0x9f
 16092 0565 04       		.byte	0x4
 16093 0566 10       		.uleb128 .LVL231-.LVL228
 16094 0567 26       		.uleb128 .LVL233-.LVL228
 16095 0568 01       		.uleb128 0x1
 16096 0569 56       		.byte	0x56
 16097 056a 04       		.byte	0x4
 16098 056b 26       		.uleb128 .LVL233-.LVL228
 16099 056c 2E       		.uleb128 .LVL234-.LVL228
 16100 056d 01       		.uleb128 0x1
 16101 056e 52       		.byte	0x52
 16102 056f 04       		.byte	0x4
 16103 0570 2E       		.uleb128 .LVL234-.LVL228
 16104 0571 E201     		.uleb128 .LFE286-.LVL228
 16105 0573 01       		.uleb128 0x1
 16106 0574 56       		.byte	0x56
 16107 0575 00       		.byte	0
 16108              	.LVUS77:
 16109 0576 00       		.uleb128 .LVU1082
 16110 0577 00       		.uleb128 0
 16111              	.LLST77:
 16112 0578 08       		.byte	0x8
 16113 0579 28000000 		.4byte	.LVL229
 16114 057d D801     		.uleb128 .LFE286-.LVL229
 16115 057f 01       		.uleb128 0x1
 16116 0580 5B       		.byte	0x5b
 16117 0581 00       		.byte	0
 16118              	.LVUS78:
 16119 0582 01       		.uleb128 .LVU1083
 16120 0583 00       		.uleb128 .LVU1085
 16121 0584 00       		.uleb128 .LVU1085
 16122 0585 00       		.uleb128 .LVU1113
 16123 0586 00       		.uleb128 .LVU1115
 16124 0587 00       		.uleb128 0
 16125              	.LLST78:
 16126 0588 06       		.byte	0x6
 16127 0589 28000000 		.4byte	.LVL229
 16128 058d 04       		.byte	0x4
 16129 058e 00       		.uleb128 .LVL229-.LVL229
 16130 058f 06       		.uleb128 .LVL231-.LVL229
 16131 0590 04       		.uleb128 0x4
 16132 0591 0A       		.byte	0xa
 16133 0592 0040     		.2byte	0x4000
 16134 0594 9F       		.byte	0x9f
 16135 0595 04       		.byte	0x4
 16136 0596 06       		.uleb128 .LVL231-.LVL229
 16137 0597 6C       		.uleb128 .LVL241-.LVL229
 16138 0598 01       		.uleb128 0x1
 16139 0599 54       		.byte	0x54
 16140 059a 04       		.byte	0x4
 16141 059b 74       		.uleb128 .LVL242-.LVL229
 16142 059c D801     		.uleb128 .LFE286-.LVL229
 16143 059e 01       		.uleb128 0x1
ARM GAS  /tmp/ccRHyJSn.s 			page 290


 16144 059f 54       		.byte	0x54
 16145 05a0 00       		.byte	0
 16146              	.LVUS46:
 16147 05a1 00       		.uleb128 .LVU808
 16148 05a2 00       		.uleb128 .LVU812
 16149 05a3 00       		.uleb128 .LVU812
 16150 05a4 00       		.uleb128 .LVU813
 16151 05a5 00       		.uleb128 .LVU813
 16152 05a6 00       		.uleb128 0
 16153              	.LLST46:
 16154 05a7 06       		.byte	0x6
 16155 05a8 18000000 		.4byte	.LVL167
 16156 05ac 04       		.byte	0x4
 16157 05ad 00       		.uleb128 .LVL167-.LVL167
 16158 05ae 08       		.uleb128 .LVL168-.LVL167
 16159 05af 01       		.uleb128 0x1
 16160 05b0 50       		.byte	0x50
 16161 05b1 04       		.byte	0x4
 16162 05b2 08       		.uleb128 .LVL168-.LVL167
 16163 05b3 0A       		.uleb128 .LVL169-.LVL167
 16164 05b4 02       		.uleb128 0x2
 16165 05b5 91       		.byte	0x91
 16166 05b6 76       		.sleb128 -10
 16167 05b7 04       		.byte	0x4
 16168 05b8 0A       		.uleb128 .LVL169-.LVL167
 16169 05b9 10       		.uleb128 .LFE285-.LVL167
 16170 05ba 01       		.uleb128 0x1
 16171 05bb 50       		.byte	0x50
 16172 05bc 00       		.byte	0
 16173              	.LVUS67:
 16174 05bd 00       		.uleb128 0
 16175 05be 00       		.uleb128 .LVU1062
 16176 05bf 00       		.uleb128 .LVU1062
 16177 05c0 00       		.uleb128 0
 16178              	.LLST67:
 16179 05c1 06       		.byte	0x6
 16180 05c2 00000000 		.4byte	.LVL222
 16181 05c6 04       		.byte	0x4
 16182 05c7 00       		.uleb128 .LVL222-.LVL222
 16183 05c8 06       		.uleb128 .LVL223-.LVL222
 16184 05c9 01       		.uleb128 0x1
 16185 05ca 50       		.byte	0x50
 16186 05cb 04       		.byte	0x4
 16187 05cc 06       		.uleb128 .LVL223-.LVL222
 16188 05cd 10       		.uleb128 .LFE284-.LVL222
 16189 05ce 0A       		.uleb128 0xa
 16190 05cf A3       		.byte	0xa3
 16191 05d0 03       		.uleb128 0x3
 16192 05d1 A5       		.byte	0xa5
 16193 05d2 00       		.uleb128 0
 16194 05d3 26       		.uleb128 0x26
 16195 05d4 A8       		.byte	0xa8
 16196 05d5 3B       		.uleb128 0x3b
 16197 05d6 A8       		.byte	0xa8
 16198 05d7 00       		.uleb128 0
 16199 05d8 9F       		.byte	0x9f
 16200 05d9 00       		.byte	0
ARM GAS  /tmp/ccRHyJSn.s 			page 291


 16201              	.LVUS66:
 16202 05da 00       		.uleb128 0
 16203 05db 00       		.uleb128 .LVU1058
 16204 05dc 00       		.uleb128 .LVU1058
 16205 05dd 00       		.uleb128 0
 16206              	.LLST66:
 16207 05de 06       		.byte	0x6
 16208 05df 00000000 		.4byte	.LVL220
 16209 05e3 04       		.byte	0x4
 16210 05e4 00       		.uleb128 .LVL220-.LVL220
 16211 05e5 07       		.uleb128 .LVL221-1-.LVL220
 16212 05e6 01       		.uleb128 0x1
 16213 05e7 50       		.byte	0x50
 16214 05e8 04       		.byte	0x4
 16215 05e9 07       		.uleb128 .LVL221-1-.LVL220
 16216 05ea 0C       		.uleb128 .LFE283-.LVL220
 16217 05eb 0A       		.uleb128 0xa
 16218 05ec A3       		.byte	0xa3
 16219 05ed 03       		.uleb128 0x3
 16220 05ee A5       		.byte	0xa5
 16221 05ef 00       		.uleb128 0
 16222 05f0 26       		.uleb128 0x26
 16223 05f1 A8       		.byte	0xa8
 16224 05f2 3B       		.uleb128 0x3b
 16225 05f3 A8       		.byte	0xa8
 16226 05f4 00       		.uleb128 0
 16227 05f5 9F       		.byte	0x9f
 16228 05f6 00       		.byte	0
 16229              	.LVUS45:
 16230 05f7 00       		.uleb128 0
 16231 05f8 00       		.uleb128 .LVU789
 16232 05f9 00       		.uleb128 .LVU789
 16233 05fa 00       		.uleb128 .LVU795
 16234 05fb 00       		.uleb128 .LVU795
 16235 05fc 00       		.uleb128 0
 16236              	.LLST45:
 16237 05fd 06       		.byte	0x6
 16238 05fe 00000000 		.4byte	.LVL162
 16239 0602 04       		.byte	0x4
 16240 0603 00       		.uleb128 .LVL162-.LVL162
 16241 0604 16       		.uleb128 .LVL163-.LVL162
 16242 0605 01       		.uleb128 0x1
 16243 0606 50       		.byte	0x50
 16244 0607 04       		.byte	0x4
 16245 0608 16       		.uleb128 .LVL163-.LVL162
 16246 0609 28       		.uleb128 .LVL165-.LVL162
 16247 060a 01       		.uleb128 0x1
 16248 060b 54       		.byte	0x54
 16249 060c 04       		.byte	0x4
 16250 060d 28       		.uleb128 .LVL165-.LVL162
 16251 060e 3C       		.uleb128 .LFE282-.LVL162
 16252 060f 0A       		.uleb128 0xa
 16253 0610 A3       		.byte	0xa3
 16254 0611 03       		.uleb128 0x3
 16255 0612 A5       		.byte	0xa5
 16256 0613 00       		.uleb128 0
 16257 0614 26       		.uleb128 0x26
ARM GAS  /tmp/ccRHyJSn.s 			page 292


 16258 0615 A8       		.byte	0xa8
 16259 0616 3B       		.uleb128 0x3b
 16260 0617 A8       		.byte	0xa8
 16261 0618 00       		.uleb128 0
 16262 0619 9F       		.byte	0x9f
 16263 061a 00       		.byte	0
 16264              	.LVUS56:
 16265 061b 00       		.uleb128 0
 16266 061c 00       		.uleb128 .LVU980
 16267 061d 00       		.uleb128 .LVU980
 16268 061e 00       		.uleb128 .LVU1012
 16269 061f 00       		.uleb128 .LVU1012
 16270 0620 00       		.uleb128 0
 16271              	.LLST56:
 16272 0621 06       		.byte	0x6
 16273 0622 00000000 		.4byte	.LVL200
 16274 0626 04       		.byte	0x4
 16275 0627 00       		.uleb128 .LVL200-.LVL200
 16276 0628 06       		.uleb128 .LVL201-.LVL200
 16277 0629 01       		.uleb128 0x1
 16278 062a 50       		.byte	0x50
 16279 062b 04       		.byte	0x4
 16280 062c 06       		.uleb128 .LVL201-.LVL200
 16281 062d 40       		.uleb128 .LVL208-.LVL200
 16282 062e 01       		.uleb128 0x1
 16283 062f 54       		.byte	0x54
 16284 0630 04       		.byte	0x4
 16285 0631 40       		.uleb128 .LVL208-.LVL200
 16286 0632 4C       		.uleb128 .LFE279-.LVL200
 16287 0633 0A       		.uleb128 0xa
 16288 0634 A3       		.byte	0xa3
 16289 0635 03       		.uleb128 0x3
 16290 0636 A5       		.byte	0xa5
 16291 0637 00       		.uleb128 0
 16292 0638 26       		.uleb128 0x26
 16293 0639 A8       		.byte	0xa8
 16294 063a 34       		.uleb128 0x34
 16295 063b A8       		.byte	0xa8
 16296 063c 00       		.uleb128 0
 16297 063d 9F       		.byte	0x9f
 16298 063e 00       		.byte	0
 16299              	.LVUS58:
 16300 063f 01       		.uleb128 .LVU982
 16301 0640 02       		.uleb128 .LVU1010
 16302 0641 00       		.uleb128 .LVU1012
 16303 0642 00       		.uleb128 0
 16304              	.LLST58:
 16305 0643 06       		.byte	0x6
 16306 0644 0A000000 		.4byte	.LVL202
 16307 0648 04       		.byte	0x4
 16308 0649 00       		.uleb128 .LVL202-.LVL202
 16309 064a 34       		.uleb128 .LVL207-.LVL202
 16310 064b 01       		.uleb128 0x1
 16311 064c 54       		.byte	0x54
 16312 064d 04       		.byte	0x4
 16313 064e 36       		.uleb128 .LVL208-.LVL202
 16314 064f 42       		.uleb128 .LFE279-.LVL202
ARM GAS  /tmp/ccRHyJSn.s 			page 293


 16315 0650 01       		.uleb128 0x1
 16316 0651 54       		.byte	0x54
 16317 0652 00       		.byte	0
 16318              	.LVUS59:
 16319 0653 00       		.uleb128 .LVU1005
 16320 0654 02       		.uleb128 .LVU1010
 16321              	.LLST59:
 16322 0655 08       		.byte	0x8
 16323 0656 36000000 		.4byte	.LVL206
 16324 065a 08       		.uleb128 .LVL207-.LVL206
 16325 065b 01       		.uleb128 0x1
 16326 065c 50       		.byte	0x50
 16327 065d 00       		.byte	0
 16328              	.LVUS61:
 16329 065e 03       		.uleb128 .LVU989
 16330 065f 00       		.uleb128 .LVU996
 16331 0660 00       		.uleb128 .LVU1012
 16332 0661 00       		.uleb128 0
 16333              	.LLST61:
 16334 0662 06       		.byte	0x6
 16335 0663 18000000 		.4byte	.LVL204
 16336 0667 04       		.byte	0x4
 16337 0668 00       		.uleb128 .LVL204-.LVL204
 16338 0669 10       		.uleb128 .LVL205-.LVL204
 16339 066a 01       		.uleb128 0x1
 16340 066b 54       		.byte	0x54
 16341 066c 04       		.byte	0x4
 16342 066d 28       		.uleb128 .LVL208-.LVL204
 16343 066e 34       		.uleb128 .LFE279-.LVL204
 16344 066f 01       		.uleb128 0x1
 16345 0670 54       		.byte	0x54
 16346 0671 00       		.byte	0
 16347              	.LVUS55:
 16348 0672 01       		.uleb128 .LVU955
 16349 0673 00       		.uleb128 .LVU965
 16350 0674 00       		.uleb128 .LVU965
 16351 0675 00       		.uleb128 0
 16352              	.LLST55:
 16353 0676 06       		.byte	0x6
 16354 0677 18000000 		.4byte	.LVL198
 16355 067b 04       		.byte	0x4
 16356 067c 00       		.uleb128 .LVL198-.LVL198
 16357 067d 2A       		.uleb128 .LVL199-.LVL198
 16358 067e 21       		.uleb128 0x21
 16359 067f 91       		.byte	0x91
 16360 0680 74       		.sleb128 -12
 16361 0681 94       		.byte	0x94
 16362 0682 02       		.byte	0x2
 16363 0683 38       		.byte	0x38
 16364 0684 14       		.byte	0x14
 16365 0685 14       		.byte	0x14
 16366 0686 1F       		.byte	0x1f
 16367 0687 23       		.byte	0x23
 16368 0688 10       		.uleb128 0x10
 16369 0689 24       		.byte	0x24
 16370 068a 0A       		.byte	0xa
 16371 068b FFFF     		.2byte	0xffff
ARM GAS  /tmp/ccRHyJSn.s 			page 294


 16372 068d 1A       		.byte	0x1a
 16373 068e 17       		.byte	0x17
 16374 068f 16       		.byte	0x16
 16375 0690 0A       		.byte	0xa
 16376 0691 FFFF     		.2byte	0xffff
 16377 0693 1A       		.byte	0x1a
 16378 0694 16       		.byte	0x16
 16379 0695 25       		.byte	0x25
 16380 0696 21       		.byte	0x21
 16381 0697 0A       		.byte	0xa
 16382 0698 FFFF     		.2byte	0xffff
 16383 069a 1A       		.byte	0x1a
 16384 069b A8       		.byte	0xa8
 16385 069c 42       		.uleb128 0x42
 16386 069d A8       		.byte	0xa8
 16387 069e 49       		.uleb128 0x49
 16388 069f 9F       		.byte	0x9f
 16389 06a0 04       		.byte	0x4
 16390 06a1 2A       		.uleb128 .LVL199-.LVL198
 16391 06a2 68       		.uleb128 .LFE278-.LVL198
 16392 06a3 02       		.uleb128 0x2
 16393 06a4 90       		.byte	0x90
 16394 06a5 4E       		.uleb128 0x4e
 16395 06a6 00       		.byte	0
 16396              	.LVUS54:
 16397 06a7 00       		.uleb128 0
 16398 06a8 00       		.uleb128 .LVU920
 16399 06a9 00       		.uleb128 .LVU920
 16400 06aa 00       		.uleb128 0
 16401              	.LLST54:
 16402 06ab 06       		.byte	0x6
 16403 06ac 00000000 		.4byte	.LVL194
 16404 06b0 04       		.byte	0x4
 16405 06b1 00       		.uleb128 .LVL194-.LVL194
 16406 06b2 14       		.uleb128 .LVL195-.LVL194
 16407 06b3 01       		.uleb128 0x1
 16408 06b4 50       		.byte	0x50
 16409 06b5 04       		.byte	0x4
 16410 06b6 14       		.uleb128 .LVL195-.LVL194
 16411 06b7 6A       		.uleb128 .LFE277-.LVL194
 16412 06b8 01       		.uleb128 0x1
 16413 06b9 54       		.byte	0x54
 16414 06ba 00       		.byte	0
 16415              	.LVUS53:
 16416 06bb 00       		.uleb128 0
 16417 06bc 00       		.uleb128 .LVU901
 16418 06bd 00       		.uleb128 .LVU901
 16419 06be 00       		.uleb128 .LVU910
 16420 06bf 00       		.uleb128 .LVU910
 16421 06c0 00       		.uleb128 .LVU911
 16422 06c1 00       		.uleb128 .LVU911
 16423 06c2 00       		.uleb128 .LVU912
 16424 06c3 00       		.uleb128 .LVU912
 16425 06c4 00       		.uleb128 0
 16426              	.LLST53:
 16427 06c5 06       		.byte	0x6
 16428 06c6 00000000 		.4byte	.LVL186
ARM GAS  /tmp/ccRHyJSn.s 			page 295


 16429 06ca 04       		.byte	0x4
 16430 06cb 00       		.uleb128 .LVL186-.LVL186
 16431 06cc 0A       		.uleb128 .LVL187-.LVL186
 16432 06cd 01       		.uleb128 0x1
 16433 06ce 50       		.byte	0x50
 16434 06cf 04       		.byte	0x4
 16435 06d0 0A       		.uleb128 .LVL187-.LVL186
 16436 06d1 2C       		.uleb128 .LVL190-.LVL186
 16437 06d2 01       		.uleb128 0x1
 16438 06d3 54       		.byte	0x54
 16439 06d4 04       		.byte	0x4
 16440 06d5 2C       		.uleb128 .LVL190-.LVL186
 16441 06d6 30       		.uleb128 .LVL191-.LVL186
 16442 06d7 01       		.uleb128 0x1
 16443 06d8 50       		.byte	0x50
 16444 06d9 04       		.byte	0x4
 16445 06da 30       		.uleb128 .LVL191-.LVL186
 16446 06db 36       		.uleb128 .LVL192-.LVL186
 16447 06dc 01       		.uleb128 0x1
 16448 06dd 54       		.byte	0x54
 16449 06de 04       		.byte	0x4
 16450 06df 36       		.uleb128 .LVL192-.LVL186
 16451 06e0 40       		.uleb128 .LFE276-.LVL186
 16452 06e1 0A       		.uleb128 0xa
 16453 06e2 A3       		.byte	0xa3
 16454 06e3 03       		.uleb128 0x3
 16455 06e4 A5       		.byte	0xa5
 16456 06e5 00       		.uleb128 0
 16457 06e6 26       		.uleb128 0x26
 16458 06e7 A8       		.byte	0xa8
 16459 06e8 2D       		.uleb128 0x2d
 16460 06e9 A8       		.byte	0xa8
 16461 06ea 00       		.uleb128 0
 16462 06eb 9F       		.byte	0x9f
 16463 06ec 00       		.byte	0
 16464              	.LVUS62:
 16465 06ed 00       		.uleb128 0
 16466 06ee 00       		.uleb128 .LVU1020
 16467 06ef 00       		.uleb128 .LVU1020
 16468 06f0 00       		.uleb128 .LVU1031
 16469 06f1 00       		.uleb128 .LVU1031
 16470 06f2 00       		.uleb128 0
 16471              	.LLST62:
 16472 06f3 06       		.byte	0x6
 16473 06f4 00000000 		.4byte	.LVL209
 16474 06f8 04       		.byte	0x4
 16475 06f9 00       		.uleb128 .LVL209-.LVL209
 16476 06fa 06       		.uleb128 .LVL210-.LVL209
 16477 06fb 01       		.uleb128 0x1
 16478 06fc 50       		.byte	0x50
 16479 06fd 04       		.byte	0x4
 16480 06fe 06       		.uleb128 .LVL210-.LVL209
 16481 06ff 2A       		.uleb128 .LVL215-.LVL209
 16482 0700 01       		.uleb128 0x1
 16483 0701 54       		.byte	0x54
 16484 0702 04       		.byte	0x4
 16485 0703 2A       		.uleb128 .LVL215-.LVL209
ARM GAS  /tmp/ccRHyJSn.s 			page 296


 16486 0704 68       		.uleb128 .LFE273-.LVL209
 16487 0705 0A       		.uleb128 0xa
 16488 0706 A3       		.byte	0xa3
 16489 0707 03       		.uleb128 0x3
 16490 0708 A5       		.byte	0xa5
 16491 0709 00       		.uleb128 0
 16492 070a 26       		.uleb128 0x26
 16493 070b A8       		.byte	0xa8
 16494 070c 34       		.uleb128 0x34
 16495 070d A8       		.byte	0xa8
 16496 070e 00       		.uleb128 0
 16497 070f 9F       		.byte	0x9f
 16498 0710 00       		.byte	0
 16499              	.LVUS63:
 16500 0711 01       		.uleb128 .LVU1023
 16501 0712 00       		.uleb128 .LVU1026
 16502 0713 00       		.uleb128 .LVU1031
 16503 0714 00       		.uleb128 .LVU1033
 16504              	.LLST63:
 16505 0715 06       		.byte	0x6
 16506 0716 16000000 		.4byte	.LVL212
 16507 071a 04       		.byte	0x4
 16508 071b 00       		.uleb128 .LVL212-.LVL212
 16509 071c 04       		.uleb128 .LVL213-.LVL212
 16510 071d 01       		.uleb128 0x1
 16511 071e 50       		.byte	0x50
 16512 071f 04       		.byte	0x4
 16513 0720 14       		.uleb128 .LVL215-.LVL212
 16514 0721 16       		.uleb128 .LVL216-.LVL212
 16515 0722 01       		.uleb128 0x1
 16516 0723 50       		.byte	0x50
 16517 0724 00       		.byte	0
 16518              	.LVUS65:
 16519 0725 00       		.uleb128 .LVU1021
 16520 0726 01       		.uleb128 .LVU1023
 16521              	.LLST65:
 16522 0727 08       		.byte	0x8
 16523 0728 0A000000 		.4byte	.LVL211
 16524 072c 0C       		.uleb128 .LVL212-.LVL211
 16525 072d 01       		.uleb128 0x1
 16526 072e 50       		.byte	0x50
 16527 072f 00       		.byte	0
 16528              	.LVUS51:
 16529 0730 00       		.uleb128 0
 16530 0731 00       		.uleb128 .LVU856
 16531 0732 00       		.uleb128 .LVU856
 16532 0733 00       		.uleb128 .LVU879
 16533 0734 00       		.uleb128 .LVU879
 16534 0735 00       		.uleb128 0
 16535              	.LLST51:
 16536 0736 06       		.byte	0x6
 16537 0737 00000000 		.4byte	.LVL177
 16538 073b 04       		.byte	0x4
 16539 073c 00       		.uleb128 .LVL177-.LVL177
 16540 073d 12       		.uleb128 .LVL178-.LVL177
 16541 073e 01       		.uleb128 0x1
 16542 073f 50       		.byte	0x50
ARM GAS  /tmp/ccRHyJSn.s 			page 297


 16543 0740 04       		.byte	0x4
 16544 0741 12       		.uleb128 .LVL178-.LVL177
 16545 0742 6C       		.uleb128 .LVL182-.LVL177
 16546 0743 01       		.uleb128 0x1
 16547 0744 55       		.byte	0x55
 16548 0745 04       		.byte	0x4
 16549 0746 6C       		.uleb128 .LVL182-.LVL177
 16550 0747 8001     		.uleb128 .LFE272-.LVL177
 16551 0749 0A       		.uleb128 0xa
 16552 074a A3       		.byte	0xa3
 16553 074b 03       		.uleb128 0x3
 16554 074c A5       		.byte	0xa5
 16555 074d 00       		.uleb128 0
 16556 074e 26       		.uleb128 0x26
 16557 074f A8       		.byte	0xa8
 16558 0750 34       		.uleb128 0x34
 16559 0751 A8       		.byte	0xa8
 16560 0752 00       		.uleb128 0
 16561 0753 9F       		.byte	0x9f
 16562 0754 00       		.byte	0
 16563              	.LVUS49:
 16564 0755 00       		.uleb128 0
 16565 0756 00       		.uleb128 .LVU845
 16566 0757 00       		.uleb128 .LVU845
 16567 0758 00       		.uleb128 .LVU847
 16568 0759 00       		.uleb128 .LVU847
 16569 075a 00       		.uleb128 .LVU849
 16570 075b 00       		.uleb128 .LVU849
 16571 075c 00       		.uleb128 0
 16572              	.LLST49:
 16573 075d 06       		.byte	0x6
 16574 075e 00000000 		.4byte	.LVL173
 16575 0762 04       		.byte	0x4
 16576 0763 00       		.uleb128 .LVL173-.LVL173
 16577 0764 1C       		.uleb128 .LVL174-.LVL173
 16578 0765 01       		.uleb128 0x1
 16579 0766 50       		.byte	0x50
 16580 0767 04       		.byte	0x4
 16581 0768 1C       		.uleb128 .LVL174-.LVL173
 16582 0769 27       		.uleb128 .LVL175-1-.LVL173
 16583 076a 05       		.uleb128 0x5
 16584 076b 03       		.byte	0x3
 16585 076c 00000000 		.4byte	SI4463_output_level
 16586 0770 04       		.byte	0x4
 16587 0771 27       		.uleb128 .LVL175-1-.LVL173
 16588 0772 2E       		.uleb128 .LVL176-.LVL173
 16589 0773 0A       		.uleb128 0xa
 16590 0774 A3       		.byte	0xa3
 16591 0775 03       		.uleb128 0x3
 16592 0776 A5       		.byte	0xa5
 16593 0777 00       		.uleb128 0
 16594 0778 26       		.uleb128 0x26
 16595 0779 A8       		.byte	0xa8
 16596 077a 2D       		.uleb128 0x2d
 16597 077b A8       		.byte	0xa8
 16598 077c 00       		.uleb128 0
 16599 077d 9F       		.byte	0x9f
ARM GAS  /tmp/ccRHyJSn.s 			page 298


 16600 077e 04       		.byte	0x4
 16601 077f 2E       		.uleb128 .LVL176-.LVL173
 16602 0780 3C       		.uleb128 .LFE271-.LVL173
 16603 0781 01       		.uleb128 0x1
 16604 0782 50       		.byte	0x50
 16605 0783 00       		.byte	0
 16606              	.LVUS47:
 16607 0784 00       		.uleb128 0
 16608 0785 00       		.uleb128 .LVU833
 16609 0786 00       		.uleb128 .LVU833
 16610 0787 00       		.uleb128 .LVU833
 16611 0788 00       		.uleb128 .LVU833
 16612 0789 00       		.uleb128 0
 16613              	.LLST47:
 16614 078a 06       		.byte	0x6
 16615 078b 00000000 		.4byte	.LVL171
 16616 078f 04       		.byte	0x4
 16617 0790 00       		.uleb128 .LVL171-.LVL171
 16618 0791 0D       		.uleb128 .LVL172-1-.LVL171
 16619 0792 01       		.uleb128 0x1
 16620 0793 50       		.byte	0x50
 16621 0794 04       		.byte	0x4
 16622 0795 0D       		.uleb128 .LVL172-1-.LVL171
 16623 0796 0E       		.uleb128 .LVL172-.LVL171
 16624 0797 0A       		.uleb128 0xa
 16625 0798 A3       		.byte	0xa3
 16626 0799 03       		.uleb128 0x3
 16627 079a A5       		.byte	0xa5
 16628 079b 00       		.uleb128 0
 16629 079c 26       		.uleb128 0x26
 16630 079d A8       		.byte	0xa8
 16631 079e 2D       		.uleb128 0x2d
 16632 079f A8       		.byte	0xa8
 16633 07a0 00       		.uleb128 0
 16634 07a1 9F       		.byte	0x9f
 16635 07a2 04       		.byte	0x4
 16636 07a3 0E       		.uleb128 .LVL172-.LVL171
 16637 07a4 14       		.uleb128 .LFE270-.LVL171
 16638 07a5 01       		.uleb128 0x1
 16639 07a6 50       		.byte	0x50
 16640 07a7 00       		.byte	0
 16641              	.LVUS48:
 16642 07a8 00       		.uleb128 0
 16643 07a9 00       		.uleb128 .LVU833
 16644 07aa 00       		.uleb128 .LVU833
 16645 07ab 00       		.uleb128 .LVU833
 16646 07ac 00       		.uleb128 .LVU833
 16647 07ad 00       		.uleb128 0
 16648              	.LLST48:
 16649 07ae 06       		.byte	0x6
 16650 07af 00000000 		.4byte	.LVL171
 16651 07b3 04       		.byte	0x4
 16652 07b4 00       		.uleb128 .LVL171-.LVL171
 16653 07b5 0D       		.uleb128 .LVL172-1-.LVL171
 16654 07b6 01       		.uleb128 0x1
 16655 07b7 51       		.byte	0x51
 16656 07b8 04       		.byte	0x4
ARM GAS  /tmp/ccRHyJSn.s 			page 299


 16657 07b9 0D       		.uleb128 .LVL172-1-.LVL171
 16658 07ba 0E       		.uleb128 .LVL172-.LVL171
 16659 07bb 0A       		.uleb128 0xa
 16660 07bc A3       		.byte	0xa3
 16661 07bd 03       		.uleb128 0x3
 16662 07be A5       		.byte	0xa5
 16663 07bf 01       		.uleb128 0x1
 16664 07c0 26       		.uleb128 0x26
 16665 07c1 A8       		.byte	0xa8
 16666 07c2 2D       		.uleb128 0x2d
 16667 07c3 A8       		.byte	0xa8
 16668 07c4 00       		.uleb128 0
 16669 07c5 9F       		.byte	0x9f
 16670 07c6 04       		.byte	0x4
 16671 07c7 0E       		.uleb128 .LVL172-.LVL171
 16672 07c8 14       		.uleb128 .LFE270-.LVL171
 16673 07c9 01       		.uleb128 0x1
 16674 07ca 51       		.byte	0x51
 16675 07cb 00       		.byte	0
 16676              	.LVUS44:
 16677 07cc 00       		.uleb128 0
 16678 07cd 00       		.uleb128 .LVU780
 16679 07ce 00       		.uleb128 .LVU780
 16680 07cf 00       		.uleb128 .LVU781
 16681 07d0 00       		.uleb128 .LVU781
 16682 07d1 00       		.uleb128 0
 16683              	.LLST44:
 16684 07d2 06       		.byte	0x6
 16685 07d3 00000000 		.4byte	.LVL159
 16686 07d7 04       		.byte	0x4
 16687 07d8 00       		.uleb128 .LVL159-.LVL159
 16688 07d9 14       		.uleb128 .LVL160-.LVL159
 16689 07da 01       		.uleb128 0x1
 16690 07db 50       		.byte	0x50
 16691 07dc 04       		.byte	0x4
 16692 07dd 14       		.uleb128 .LVL160-.LVL159
 16693 07de 17       		.uleb128 .LVL161-1-.LVL159
 16694 07df 02       		.uleb128 0x2
 16695 07e0 91       		.byte	0x91
 16696 07e1 75       		.sleb128 -11
 16697 07e2 04       		.byte	0x4
 16698 07e3 17       		.uleb128 .LVL161-1-.LVL159
 16699 07e4 1E       		.uleb128 .LFE268-.LVL159
 16700 07e5 0A       		.uleb128 0xa
 16701 07e6 A3       		.byte	0xa3
 16702 07e7 03       		.uleb128 0x3
 16703 07e8 A5       		.byte	0xa5
 16704 07e9 00       		.uleb128 0
 16705 07ea 26       		.uleb128 0x26
 16706 07eb A8       		.byte	0xa8
 16707 07ec 34       		.uleb128 0x34
 16708 07ed A8       		.byte	0xa8
 16709 07ee 00       		.uleb128 0
 16710 07ef 9F       		.byte	0x9f
 16711 07f0 00       		.byte	0
 16712              	.LVUS39:
 16713 07f1 00       		.uleb128 0
ARM GAS  /tmp/ccRHyJSn.s 			page 300


 16714 07f2 00       		.uleb128 .LVU711
 16715 07f3 00       		.uleb128 .LVU711
 16716 07f4 00       		.uleb128 .LVU719
 16717 07f5 00       		.uleb128 .LVU719
 16718 07f6 00       		.uleb128 .LVU721
 16719 07f7 00       		.uleb128 .LVU721
 16720 07f8 00       		.uleb128 .LVU726
 16721 07f9 00       		.uleb128 .LVU726
 16722 07fa 00       		.uleb128 0
 16723              	.LLST39:
 16724 07fb 06       		.byte	0x6
 16725 07fc 00000000 		.4byte	.LVL138
 16726 0800 04       		.byte	0x4
 16727 0801 00       		.uleb128 .LVL138-.LVL138
 16728 0802 08       		.uleb128 .LVL139-.LVL138
 16729 0803 01       		.uleb128 0x1
 16730 0804 50       		.byte	0x50
 16731 0805 04       		.byte	0x4
 16732 0806 08       		.uleb128 .LVL139-.LVL138
 16733 0807 18       		.uleb128 .LVL143-.LVL138
 16734 0808 01       		.uleb128 0x1
 16735 0809 55       		.byte	0x55
 16736 080a 04       		.byte	0x4
 16737 080b 18       		.uleb128 .LVL143-.LVL138
 16738 080c 22       		.uleb128 .LVL145-.LVL138
 16739 080d 0A       		.uleb128 0xa
 16740 080e A3       		.byte	0xa3
 16741 080f 03       		.uleb128 0x3
 16742 0810 A5       		.byte	0xa5
 16743 0811 00       		.uleb128 0
 16744 0812 26       		.uleb128 0x26
 16745 0813 A8       		.byte	0xa8
 16746 0814 2D       		.uleb128 0x2d
 16747 0815 A8       		.byte	0xa8
 16748 0816 00       		.uleb128 0
 16749 0817 9F       		.byte	0x9f
 16750 0818 04       		.byte	0x4
 16751 0819 22       		.uleb128 .LVL145-.LVL138
 16752 081a 30       		.uleb128 .LVL146-.LVL138
 16753 081b 01       		.uleb128 0x1
 16754 081c 55       		.byte	0x55
 16755 081d 04       		.byte	0x4
 16756 081e 30       		.uleb128 .LVL146-.LVL138
 16757 081f B001     		.uleb128 .LFE267-.LVL138
 16758 0821 0A       		.uleb128 0xa
 16759 0822 A3       		.byte	0xa3
 16760 0823 03       		.uleb128 0x3
 16761 0824 A5       		.byte	0xa5
 16762 0825 00       		.uleb128 0
 16763 0826 26       		.uleb128 0x26
 16764 0827 A8       		.byte	0xa8
 16765 0828 2D       		.uleb128 0x2d
 16766 0829 A8       		.byte	0xa8
 16767 082a 00       		.uleb128 0
 16768 082b 9F       		.byte	0x9f
 16769 082c 00       		.byte	0
 16770              	.LVUS40:
ARM GAS  /tmp/ccRHyJSn.s 			page 301


 16771 082d 00       		.uleb128 0
 16772 082e 00       		.uleb128 .LVU716
 16773 082f 00       		.uleb128 .LVU716
 16774 0830 00       		.uleb128 .LVU719
 16775 0831 00       		.uleb128 .LVU721
 16776 0832 00       		.uleb128 .LVU726
 16777 0833 00       		.uleb128 .LVU726
 16778 0834 01       		.uleb128 .LVU727
 16779 0835 01       		.uleb128 .LVU727
 16780 0836 00       		.uleb128 0
 16781              	.LLST40:
 16782 0837 06       		.byte	0x6
 16783 0838 00000000 		.4byte	.LVL138
 16784 083c 04       		.byte	0x4
 16785 083d 00       		.uleb128 .LVL138-.LVL138
 16786 083e 11       		.uleb128 .LVL141-1-.LVL138
 16787 083f 01       		.uleb128 0x1
 16788 0840 51       		.byte	0x51
 16789 0841 04       		.byte	0x4
 16790 0842 11       		.uleb128 .LVL141-1-.LVL138
 16791 0843 18       		.uleb128 .LVL143-.LVL138
 16792 0844 01       		.uleb128 0x1
 16793 0845 58       		.byte	0x58
 16794 0846 04       		.byte	0x4
 16795 0847 22       		.uleb128 .LVL145-.LVL138
 16796 0848 30       		.uleb128 .LVL146-.LVL138
 16797 0849 01       		.uleb128 0x1
 16798 084a 58       		.byte	0x58
 16799 084b 04       		.byte	0x4
 16800 084c 30       		.uleb128 .LVL146-.LVL138
 16801 084d 30       		.uleb128 .LVL146-.LVL138
 16802 084e 0A       		.uleb128 0xa
 16803 084f A3       		.byte	0xa3
 16804 0850 03       		.uleb128 0x3
 16805 0851 A5       		.byte	0xa5
 16806 0852 01       		.uleb128 0x1
 16807 0853 26       		.uleb128 0x26
 16808 0854 A8       		.byte	0xa8
 16809 0855 34       		.uleb128 0x34
 16810 0856 A8       		.byte	0xa8
 16811 0857 00       		.uleb128 0
 16812 0858 9F       		.byte	0x9f
 16813 0859 04       		.byte	0x4
 16814 085a 30       		.uleb128 .LVL146-.LVL138
 16815 085b B001     		.uleb128 .LFE267-.LVL138
 16816 085d 0C       		.uleb128 0xc
 16817 085e A3       		.byte	0xa3
 16818 085f 03       		.uleb128 0x3
 16819 0860 A5       		.byte	0xa5
 16820 0861 01       		.uleb128 0x1
 16821 0862 26       		.uleb128 0x26
 16822 0863 A8       		.byte	0xa8
 16823 0864 34       		.uleb128 0x34
 16824 0865 A8       		.byte	0xa8
 16825 0866 00       		.uleb128 0
 16826 0867 31       		.byte	0x31
 16827 0868 1C       		.byte	0x1c
ARM GAS  /tmp/ccRHyJSn.s 			page 302


 16828 0869 9F       		.byte	0x9f
 16829 086a 00       		.byte	0
 16830              	.LVUS41:
 16831 086b 00       		.uleb128 0
 16832 086c 00       		.uleb128 .LVU716
 16833 086d 00       		.uleb128 .LVU716
 16834 086e 00       		.uleb128 .LVU720
 16835 086f 00       		.uleb128 .LVU720
 16836 0870 00       		.uleb128 .LVU721
 16837 0871 00       		.uleb128 .LVU721
 16838 0872 00       		.uleb128 .LVU753
 16839 0873 00       		.uleb128 .LVU753
 16840 0874 00       		.uleb128 .LVU760
 16841 0875 00       		.uleb128 .LVU760
 16842 0876 00       		.uleb128 .LVU765
 16843 0877 00       		.uleb128 .LVU765
 16844 0878 00       		.uleb128 0
 16845              	.LLST41:
 16846 0879 06       		.byte	0x6
 16847 087a 00000000 		.4byte	.LVL138
 16848 087e 04       		.byte	0x4
 16849 087f 00       		.uleb128 .LVL138-.LVL138
 16850 0880 11       		.uleb128 .LVL141-1-.LVL138
 16851 0881 01       		.uleb128 0x1
 16852 0882 52       		.byte	0x52
 16853 0883 04       		.byte	0x4
 16854 0884 11       		.uleb128 .LVL141-1-.LVL138
 16855 0885 1C       		.uleb128 .LVL144-.LVL138
 16856 0886 01       		.uleb128 0x1
 16857 0887 54       		.byte	0x54
 16858 0888 04       		.byte	0x4
 16859 0889 1C       		.uleb128 .LVL144-.LVL138
 16860 088a 22       		.uleb128 .LVL145-.LVL138
 16861 088b 0A       		.uleb128 0xa
 16862 088c A3       		.byte	0xa3
 16863 088d 03       		.uleb128 0x3
 16864 088e A5       		.byte	0xa5
 16865 088f 02       		.uleb128 0x2
 16866 0890 26       		.uleb128 0x26
 16867 0891 A8       		.byte	0xa8
 16868 0892 2D       		.uleb128 0x2d
 16869 0893 A8       		.byte	0xa8
 16870 0894 00       		.uleb128 0
 16871 0895 9F       		.byte	0x9f
 16872 0896 04       		.byte	0x4
 16873 0897 22       		.uleb128 .LVL145-.LVL138
 16874 0898 76       		.uleb128 .LVL151-.LVL138
 16875 0899 01       		.uleb128 0x1
 16876 089a 54       		.byte	0x54
 16877 089b 04       		.byte	0x4
 16878 089c 76       		.uleb128 .LVL151-.LVL138
 16879 089d 8401     		.uleb128 .LVL152-.LVL138
 16880 089f 0A       		.uleb128 0xa
 16881 08a0 A3       		.byte	0xa3
 16882 08a1 03       		.uleb128 0x3
 16883 08a2 A5       		.byte	0xa5
 16884 08a3 02       		.uleb128 0x2
ARM GAS  /tmp/ccRHyJSn.s 			page 303


 16885 08a4 26       		.uleb128 0x26
 16886 08a5 A8       		.byte	0xa8
 16887 08a6 2D       		.uleb128 0x2d
 16888 08a7 A8       		.byte	0xa8
 16889 08a8 00       		.uleb128 0
 16890 08a9 9F       		.byte	0x9f
 16891 08aa 04       		.byte	0x4
 16892 08ab 8401     		.uleb128 .LVL152-.LVL138
 16893 08ad 9601     		.uleb128 .LVL156-.LVL138
 16894 08af 01       		.uleb128 0x1
 16895 08b0 54       		.byte	0x54
 16896 08b1 04       		.byte	0x4
 16897 08b2 9601     		.uleb128 .LVL156-.LVL138
 16898 08b4 B001     		.uleb128 .LFE267-.LVL138
 16899 08b6 0A       		.uleb128 0xa
 16900 08b7 A3       		.byte	0xa3
 16901 08b8 03       		.uleb128 0x3
 16902 08b9 A5       		.byte	0xa5
 16903 08ba 02       		.uleb128 0x2
 16904 08bb 26       		.uleb128 0x26
 16905 08bc A8       		.byte	0xa8
 16906 08bd 2D       		.uleb128 0x2d
 16907 08be A8       		.byte	0xa8
 16908 08bf 00       		.uleb128 0
 16909 08c0 9F       		.byte	0x9f
 16910 08c1 00       		.byte	0
 16911              	.LVUS42:
 16912 08c2 00       		.uleb128 0
 16913 08c3 00       		.uleb128 .LVU716
 16914 08c4 00       		.uleb128 .LVU716
 16915 08c5 00       		.uleb128 .LVU720
 16916 08c6 00       		.uleb128 .LVU721
 16917 08c7 00       		.uleb128 .LVU752
 16918 08c8 00       		.uleb128 .LVU752
 16919 08c9 01       		.uleb128 .LVU754
 16920 08ca 01       		.uleb128 .LVU754
 16921 08cb 00       		.uleb128 .LVU760
 16922 08cc 00       		.uleb128 .LVU760
 16923 08cd 00       		.uleb128 .LVU765
 16924 08ce 00       		.uleb128 .LVU765
 16925 08cf 00       		.uleb128 0
 16926              	.LLST42:
 16927 08d0 06       		.byte	0x6
 16928 08d1 00000000 		.4byte	.LVL138
 16929 08d5 04       		.byte	0x4
 16930 08d6 00       		.uleb128 .LVL138-.LVL138
 16931 08d7 11       		.uleb128 .LVL141-1-.LVL138
 16932 08d8 01       		.uleb128 0x1
 16933 08d9 53       		.byte	0x53
 16934 08da 04       		.byte	0x4
 16935 08db 11       		.uleb128 .LVL141-1-.LVL138
 16936 08dc 1C       		.uleb128 .LVL144-.LVL138
 16937 08dd 01       		.uleb128 0x1
 16938 08de 57       		.byte	0x57
 16939 08df 04       		.byte	0x4
 16940 08e0 22       		.uleb128 .LVL145-.LVL138
 16941 08e1 74       		.uleb128 .LVL150-.LVL138
ARM GAS  /tmp/ccRHyJSn.s 			page 304


 16942 08e2 01       		.uleb128 0x1
 16943 08e3 57       		.byte	0x57
 16944 08e4 04       		.byte	0x4
 16945 08e5 74       		.uleb128 .LVL150-.LVL138
 16946 08e6 76       		.uleb128 .LVL151-.LVL138
 16947 08e7 0A       		.uleb128 0xa
 16948 08e8 A3       		.byte	0xa3
 16949 08e9 03       		.uleb128 0x3
 16950 08ea A5       		.byte	0xa5
 16951 08eb 03       		.uleb128 0x3
 16952 08ec 26       		.uleb128 0x26
 16953 08ed A8       		.byte	0xa8
 16954 08ee 34       		.uleb128 0x34
 16955 08ef A8       		.byte	0xa8
 16956 08f0 00       		.uleb128 0
 16957 08f1 9F       		.byte	0x9f
 16958 08f2 04       		.byte	0x4
 16959 08f3 76       		.uleb128 .LVL151-.LVL138
 16960 08f4 8401     		.uleb128 .LVL152-.LVL138
 16961 08f6 0C       		.uleb128 0xc
 16962 08f7 A3       		.byte	0xa3
 16963 08f8 03       		.uleb128 0x3
 16964 08f9 A5       		.byte	0xa5
 16965 08fa 03       		.uleb128 0x3
 16966 08fb 26       		.uleb128 0x26
 16967 08fc A8       		.byte	0xa8
 16968 08fd 34       		.uleb128 0x34
 16969 08fe A8       		.byte	0xa8
 16970 08ff 00       		.uleb128 0
 16971 0900 31       		.byte	0x31
 16972 0901 1C       		.byte	0x1c
 16973 0902 9F       		.byte	0x9f
 16974 0903 04       		.byte	0x4
 16975 0904 8401     		.uleb128 .LVL152-.LVL138
 16976 0906 9601     		.uleb128 .LVL156-.LVL138
 16977 0908 0A       		.uleb128 0xa
 16978 0909 A3       		.byte	0xa3
 16979 090a 03       		.uleb128 0x3
 16980 090b A5       		.byte	0xa5
 16981 090c 03       		.uleb128 0x3
 16982 090d 26       		.uleb128 0x26
 16983 090e A8       		.byte	0xa8
 16984 090f 34       		.uleb128 0x34
 16985 0910 A8       		.byte	0xa8
 16986 0911 00       		.uleb128 0
 16987 0912 9F       		.byte	0x9f
 16988 0913 04       		.byte	0x4
 16989 0914 9601     		.uleb128 .LVL156-.LVL138
 16990 0916 B001     		.uleb128 .LFE267-.LVL138
 16991 0918 0C       		.uleb128 0xc
 16992 0919 A3       		.byte	0xa3
 16993 091a 03       		.uleb128 0x3
 16994 091b A5       		.byte	0xa5
 16995 091c 03       		.uleb128 0x3
 16996 091d 26       		.uleb128 0x26
 16997 091e A8       		.byte	0xa8
 16998 091f 34       		.uleb128 0x34
ARM GAS  /tmp/ccRHyJSn.s 			page 305


 16999 0920 A8       		.byte	0xa8
 17000 0921 00       		.uleb128 0
 17001 0922 31       		.byte	0x31
 17002 0923 1C       		.byte	0x1c
 17003 0924 9F       		.byte	0x9f
 17004 0925 00       		.byte	0
 17005              	.LVUS43:
 17006 0926 01       		.uleb128 .LVU713
 17007 0927 00       		.uleb128 .LVU719
 17008 0928 00       		.uleb128 .LVU721
 17009 0929 00       		.uleb128 .LVU736
 17010 092a 01       		.uleb128 .LVU750
 17011 092b 00       		.uleb128 .LVU760
 17012 092c 00       		.uleb128 .LVU760
 17013 092d 01       		.uleb128 .LVU762
 17014 092e 01       		.uleb128 .LVU762
 17015 092f 00       		.uleb128 .LVU763
 17016 0930 00       		.uleb128 .LVU763
 17017 0931 00       		.uleb128 .LVU764
 17018 0932 00       		.uleb128 .LVU765
 17019 0933 01       		.uleb128 .LVU769
 17020 0934 01       		.uleb128 .LVU769
 17021 0935 00       		.uleb128 .LVU771
 17022 0936 00       		.uleb128 .LVU771
 17023 0937 00       		.uleb128 0
 17024              	.LLST43:
 17025 0938 06       		.byte	0x6
 17026 0939 0C000000 		.4byte	.LVL140
 17027 093d 04       		.byte	0x4
 17028 093e 00       		.uleb128 .LVL140-.LVL140
 17029 093f 0C       		.uleb128 .LVL143-.LVL140
 17030 0940 01       		.uleb128 0x1
 17031 0941 55       		.byte	0x55
 17032 0942 04       		.byte	0x4
 17033 0943 16       		.uleb128 .LVL145-.LVL140
 17034 0944 3C       		.uleb128 .LVL147-.LVL140
 17035 0945 01       		.uleb128 0x1
 17036 0946 55       		.byte	0x55
 17037 0947 04       		.byte	0x4
 17038 0948 64       		.uleb128 .LVL149-.LVL140
 17039 0949 78       		.uleb128 .LVL152-.LVL140
 17040 094a 01       		.uleb128 0x1
 17041 094b 54       		.byte	0x54
 17042 094c 04       		.byte	0x4
 17043 094d 78       		.uleb128 .LVL152-.LVL140
 17044 094e 7E       		.uleb128 .LVL153-.LVL140
 17045 094f 01       		.uleb128 0x1
 17046 0950 55       		.byte	0x55
 17047 0951 04       		.byte	0x4
 17048 0952 7E       		.uleb128 .LVL153-.LVL140
 17049 0953 8201     		.uleb128 .LVL154-.LVL140
 17050 0955 03       		.uleb128 0x3
 17051 0956 75       		.byte	0x75
 17052 0957 01       		.sleb128 1
 17053 0958 9F       		.byte	0x9f
 17054 0959 04       		.byte	0x4
 17055 095a 8201     		.uleb128 .LVL154-.LVL140
ARM GAS  /tmp/ccRHyJSn.s 			page 306


 17056 095c 8601     		.uleb128 .LVL155-.LVL140
 17057 095e 01       		.uleb128 0x1
 17058 095f 55       		.byte	0x55
 17059 0960 04       		.byte	0x4
 17060 0961 8A01     		.uleb128 .LVL156-.LVL140
 17061 0963 9201     		.uleb128 .LVL157-.LVL140
 17062 0965 01       		.uleb128 0x1
 17063 0966 54       		.byte	0x54
 17064 0967 04       		.byte	0x4
 17065 0968 9201     		.uleb128 .LVL157-.LVL140
 17066 096a 9801     		.uleb128 .LVL158-.LVL140
 17067 096c 03       		.uleb128 0x3
 17068 096d 74       		.byte	0x74
 17069 096e 01       		.sleb128 1
 17070 096f 9F       		.byte	0x9f
 17071 0970 04       		.byte	0x4
 17072 0971 9801     		.uleb128 .LVL158-.LVL140
 17073 0973 A401     		.uleb128 .LFE267-.LVL140
 17074 0975 01       		.uleb128 0x1
 17075 0976 54       		.byte	0x54
 17076 0977 00       		.byte	0
 17077              	.LVUS34:
 17078 0978 00       		.uleb128 0
 17079 0979 00       		.uleb128 .LVU655
 17080 097a 00       		.uleb128 .LVU655
 17081 097b 00       		.uleb128 .LVU664
 17082 097c 00       		.uleb128 .LVU664
 17083 097d 00       		.uleb128 0
 17084              	.LLST34:
 17085 097e 06       		.byte	0x6
 17086 097f 00000000 		.4byte	.LVL120
 17087 0983 04       		.byte	0x4
 17088 0984 00       		.uleb128 .LVL120-.LVL120
 17089 0985 06       		.uleb128 .LVL121-.LVL120
 17090 0986 01       		.uleb128 0x1
 17091 0987 50       		.byte	0x50
 17092 0988 04       		.byte	0x4
 17093 0989 06       		.uleb128 .LVL121-.LVL120
 17094 098a 1C       		.uleb128 .LVL124-.LVL120
 17095 098b 01       		.uleb128 0x1
 17096 098c 55       		.byte	0x55
 17097 098d 04       		.byte	0x4
 17098 098e 1C       		.uleb128 .LVL124-.LVL120
 17099 098f 9401     		.uleb128 .LFE266-.LVL120
 17100 0991 0A       		.uleb128 0xa
 17101 0992 A3       		.byte	0xa3
 17102 0993 03       		.uleb128 0x3
 17103 0994 A5       		.byte	0xa5
 17104 0995 00       		.uleb128 0
 17105 0996 26       		.uleb128 0x26
 17106 0997 A8       		.byte	0xa8
 17107 0998 2D       		.uleb128 0x2d
 17108 0999 A8       		.byte	0xa8
 17109 099a 00       		.uleb128 0
 17110 099b 9F       		.byte	0x9f
 17111 099c 00       		.byte	0
 17112              	.LVUS35:
ARM GAS  /tmp/ccRHyJSn.s 			page 307


 17113 099d 00       		.uleb128 0
 17114 099e 00       		.uleb128 .LVU660
 17115 099f 00       		.uleb128 .LVU660
 17116 09a0 00       		.uleb128 .LVU664
 17117 09a1 00       		.uleb128 .LVU664
 17118 09a2 01       		.uleb128 .LVU665
 17119 09a3 01       		.uleb128 .LVU665
 17120 09a4 00       		.uleb128 0
 17121              	.LLST35:
 17122 09a5 06       		.byte	0x6
 17123 09a6 00000000 		.4byte	.LVL120
 17124 09aa 04       		.byte	0x4
 17125 09ab 00       		.uleb128 .LVL120-.LVL120
 17126 09ac 0F       		.uleb128 .LVL123-1-.LVL120
 17127 09ad 01       		.uleb128 0x1
 17128 09ae 51       		.byte	0x51
 17129 09af 04       		.byte	0x4
 17130 09b0 0F       		.uleb128 .LVL123-1-.LVL120
 17131 09b1 1C       		.uleb128 .LVL124-.LVL120
 17132 09b2 01       		.uleb128 0x1
 17133 09b3 57       		.byte	0x57
 17134 09b4 04       		.byte	0x4
 17135 09b5 1C       		.uleb128 .LVL124-.LVL120
 17136 09b6 1C       		.uleb128 .LVL124-.LVL120
 17137 09b7 0A       		.uleb128 0xa
 17138 09b8 A3       		.byte	0xa3
 17139 09b9 03       		.uleb128 0x3
 17140 09ba A5       		.byte	0xa5
 17141 09bb 01       		.uleb128 0x1
 17142 09bc 26       		.uleb128 0x26
 17143 09bd A8       		.byte	0xa8
 17144 09be 34       		.uleb128 0x34
 17145 09bf A8       		.byte	0xa8
 17146 09c0 00       		.uleb128 0
 17147 09c1 9F       		.byte	0x9f
 17148 09c2 04       		.byte	0x4
 17149 09c3 1C       		.uleb128 .LVL124-.LVL120
 17150 09c4 9401     		.uleb128 .LFE266-.LVL120
 17151 09c6 0C       		.uleb128 0xc
 17152 09c7 A3       		.byte	0xa3
 17153 09c8 03       		.uleb128 0x3
 17154 09c9 A5       		.byte	0xa5
 17155 09ca 01       		.uleb128 0x1
 17156 09cb 26       		.uleb128 0x26
 17157 09cc A8       		.byte	0xa8
 17158 09cd 34       		.uleb128 0x34
 17159 09ce A8       		.byte	0xa8
 17160 09cf 00       		.uleb128 0
 17161 09d0 31       		.byte	0x31
 17162 09d1 1C       		.byte	0x1c
 17163 09d2 9F       		.byte	0x9f
 17164 09d3 00       		.byte	0
 17165              	.LVUS36:
 17166 09d4 00       		.uleb128 0
 17167 09d5 00       		.uleb128 .LVU660
 17168 09d6 00       		.uleb128 .LVU660
 17169 09d7 00       		.uleb128 .LVU689
ARM GAS  /tmp/ccRHyJSn.s 			page 308


 17170 09d8 00       		.uleb128 .LVU689
 17171 09d9 00       		.uleb128 .LVU695
 17172 09da 00       		.uleb128 .LVU695
 17173 09db 00       		.uleb128 .LVU700
 17174 09dc 00       		.uleb128 .LVU700
 17175 09dd 00       		.uleb128 0
 17176              	.LLST36:
 17177 09de 06       		.byte	0x6
 17178 09df 00000000 		.4byte	.LVL120
 17179 09e3 04       		.byte	0x4
 17180 09e4 00       		.uleb128 .LVL120-.LVL120
 17181 09e5 0F       		.uleb128 .LVL123-1-.LVL120
 17182 09e6 01       		.uleb128 0x1
 17183 09e7 52       		.byte	0x52
 17184 09e8 04       		.byte	0x4
 17185 09e9 0F       		.uleb128 .LVL123-1-.LVL120
 17186 09ea 5A       		.uleb128 .LVL129-.LVL120
 17187 09eb 01       		.uleb128 0x1
 17188 09ec 54       		.byte	0x54
 17189 09ed 04       		.byte	0x4
 17190 09ee 5A       		.uleb128 .LVL129-.LVL120
 17191 09ef 68       		.uleb128 .LVL131-.LVL120
 17192 09f0 0A       		.uleb128 0xa
 17193 09f1 A3       		.byte	0xa3
 17194 09f2 03       		.uleb128 0x3
 17195 09f3 A5       		.byte	0xa5
 17196 09f4 02       		.uleb128 0x2
 17197 09f5 26       		.uleb128 0x26
 17198 09f6 A8       		.byte	0xa8
 17199 09f7 2D       		.uleb128 0x2d
 17200 09f8 A8       		.byte	0xa8
 17201 09f9 00       		.uleb128 0
 17202 09fa 9F       		.byte	0x9f
 17203 09fb 04       		.byte	0x4
 17204 09fc 68       		.uleb128 .LVL131-.LVL120
 17205 09fd 7A       		.uleb128 .LVL135-.LVL120
 17206 09fe 01       		.uleb128 0x1
 17207 09ff 54       		.byte	0x54
 17208 0a00 04       		.byte	0x4
 17209 0a01 7A       		.uleb128 .LVL135-.LVL120
 17210 0a02 9401     		.uleb128 .LFE266-.LVL120
 17211 0a04 0A       		.uleb128 0xa
 17212 0a05 A3       		.byte	0xa3
 17213 0a06 03       		.uleb128 0x3
 17214 0a07 A5       		.byte	0xa5
 17215 0a08 02       		.uleb128 0x2
 17216 0a09 26       		.uleb128 0x26
 17217 0a0a A8       		.byte	0xa8
 17218 0a0b 2D       		.uleb128 0x2d
 17219 0a0c A8       		.byte	0xa8
 17220 0a0d 00       		.uleb128 0
 17221 0a0e 9F       		.byte	0x9f
 17222 0a0f 00       		.byte	0
 17223              	.LVUS37:
 17224 0a10 00       		.uleb128 0
 17225 0a11 00       		.uleb128 .LVU660
 17226 0a12 00       		.uleb128 .LVU660
ARM GAS  /tmp/ccRHyJSn.s 			page 309


 17227 0a13 00       		.uleb128 .LVU688
 17228 0a14 00       		.uleb128 .LVU688
 17229 0a15 01       		.uleb128 .LVU690
 17230 0a16 01       		.uleb128 .LVU690
 17231 0a17 01       		.uleb128 .LVU694
 17232 0a18 00       		.uleb128 .LVU695
 17233 0a19 00       		.uleb128 .LVU700
 17234 0a1a 00       		.uleb128 .LVU700
 17235 0a1b 00       		.uleb128 0
 17236              	.LLST37:
 17237 0a1c 06       		.byte	0x6
 17238 0a1d 00000000 		.4byte	.LVL120
 17239 0a21 04       		.byte	0x4
 17240 0a22 00       		.uleb128 .LVL120-.LVL120
 17241 0a23 0F       		.uleb128 .LVL123-1-.LVL120
 17242 0a24 01       		.uleb128 0x1
 17243 0a25 53       		.byte	0x53
 17244 0a26 04       		.byte	0x4
 17245 0a27 0F       		.uleb128 .LVL123-1-.LVL120
 17246 0a28 58       		.uleb128 .LVL128-.LVL120
 17247 0a29 01       		.uleb128 0x1
 17248 0a2a 56       		.byte	0x56
 17249 0a2b 04       		.byte	0x4
 17250 0a2c 58       		.uleb128 .LVL128-.LVL120
 17251 0a2d 5A       		.uleb128 .LVL129-.LVL120
 17252 0a2e 0A       		.uleb128 0xa
 17253 0a2f A3       		.byte	0xa3
 17254 0a30 03       		.uleb128 0x3
 17255 0a31 A5       		.byte	0xa5
 17256 0a32 03       		.uleb128 0x3
 17257 0a33 26       		.uleb128 0x26
 17258 0a34 A8       		.byte	0xa8
 17259 0a35 34       		.uleb128 0x34
 17260 0a36 A8       		.byte	0xa8
 17261 0a37 00       		.uleb128 0
 17262 0a38 9F       		.byte	0x9f
 17263 0a39 04       		.byte	0x4
 17264 0a3a 5A       		.uleb128 .LVL129-.LVL120
 17265 0a3b 66       		.uleb128 .LVL130-.LVL120
 17266 0a3c 0C       		.uleb128 0xc
 17267 0a3d A3       		.byte	0xa3
 17268 0a3e 03       		.uleb128 0x3
 17269 0a3f A5       		.byte	0xa5
 17270 0a40 03       		.uleb128 0x3
 17271 0a41 26       		.uleb128 0x26
 17272 0a42 A8       		.byte	0xa8
 17273 0a43 34       		.uleb128 0x34
 17274 0a44 A8       		.byte	0xa8
 17275 0a45 00       		.uleb128 0
 17276 0a46 31       		.byte	0x31
 17277 0a47 1C       		.byte	0x1c
 17278 0a48 9F       		.byte	0x9f
 17279 0a49 04       		.byte	0x4
 17280 0a4a 68       		.uleb128 .LVL131-.LVL120
 17281 0a4b 7A       		.uleb128 .LVL135-.LVL120
 17282 0a4c 0A       		.uleb128 0xa
 17283 0a4d A3       		.byte	0xa3
ARM GAS  /tmp/ccRHyJSn.s 			page 310


 17284 0a4e 03       		.uleb128 0x3
 17285 0a4f A5       		.byte	0xa5
 17286 0a50 03       		.uleb128 0x3
 17287 0a51 26       		.uleb128 0x26
 17288 0a52 A8       		.byte	0xa8
 17289 0a53 34       		.uleb128 0x34
 17290 0a54 A8       		.byte	0xa8
 17291 0a55 00       		.uleb128 0
 17292 0a56 9F       		.byte	0x9f
 17293 0a57 04       		.byte	0x4
 17294 0a58 7A       		.uleb128 .LVL135-.LVL120
 17295 0a59 9401     		.uleb128 .LFE266-.LVL120
 17296 0a5b 0C       		.uleb128 0xc
 17297 0a5c A3       		.byte	0xa3
 17298 0a5d 03       		.uleb128 0x3
 17299 0a5e A5       		.byte	0xa5
 17300 0a5f 03       		.uleb128 0x3
 17301 0a60 26       		.uleb128 0x26
 17302 0a61 A8       		.byte	0xa8
 17303 0a62 34       		.uleb128 0x34
 17304 0a63 A8       		.byte	0xa8
 17305 0a64 00       		.uleb128 0
 17306 0a65 31       		.byte	0x31
 17307 0a66 1C       		.byte	0x1c
 17308 0a67 9F       		.byte	0x9f
 17309 0a68 00       		.byte	0
 17310              	.LVUS38:
 17311 0a69 01       		.uleb128 .LVU657
 17312 0a6a 00       		.uleb128 .LVU674
 17313 0a6b 01       		.uleb128 .LVU686
 17314 0a6c 01       		.uleb128 .LVU694
 17315 0a6d 00       		.uleb128 .LVU695
 17316 0a6e 01       		.uleb128 .LVU697
 17317 0a6f 01       		.uleb128 .LVU697
 17318 0a70 00       		.uleb128 .LVU698
 17319 0a71 00       		.uleb128 .LVU698
 17320 0a72 00       		.uleb128 .LVU699
 17321 0a73 00       		.uleb128 .LVU700
 17322 0a74 01       		.uleb128 .LVU704
 17323 0a75 01       		.uleb128 .LVU704
 17324 0a76 00       		.uleb128 .LVU706
 17325 0a77 00       		.uleb128 .LVU706
 17326 0a78 00       		.uleb128 0
 17327              	.LLST38:
 17328 0a79 06       		.byte	0x6
 17329 0a7a 0A000000 		.4byte	.LVL122
 17330 0a7e 04       		.byte	0x4
 17331 0a7f 00       		.uleb128 .LVL122-.LVL122
 17332 0a80 28       		.uleb128 .LVL125-.LVL122
 17333 0a81 01       		.uleb128 0x1
 17334 0a82 55       		.byte	0x55
 17335 0a83 04       		.byte	0x4
 17336 0a84 4A       		.uleb128 .LVL127-.LVL122
 17337 0a85 5C       		.uleb128 .LVL130-.LVL122
 17338 0a86 01       		.uleb128 0x1
 17339 0a87 54       		.byte	0x54
 17340 0a88 04       		.byte	0x4
ARM GAS  /tmp/ccRHyJSn.s 			page 311


 17341 0a89 5E       		.uleb128 .LVL131-.LVL122
 17342 0a8a 64       		.uleb128 .LVL132-.LVL122
 17343 0a8b 01       		.uleb128 0x1
 17344 0a8c 55       		.byte	0x55
 17345 0a8d 04       		.byte	0x4
 17346 0a8e 64       		.uleb128 .LVL132-.LVL122
 17347 0a8f 68       		.uleb128 .LVL133-.LVL122
 17348 0a90 03       		.uleb128 0x3
 17349 0a91 75       		.byte	0x75
 17350 0a92 01       		.sleb128 1
 17351 0a93 9F       		.byte	0x9f
 17352 0a94 04       		.byte	0x4
 17353 0a95 68       		.uleb128 .LVL133-.LVL122
 17354 0a96 6C       		.uleb128 .LVL134-.LVL122
 17355 0a97 01       		.uleb128 0x1
 17356 0a98 55       		.byte	0x55
 17357 0a99 04       		.byte	0x4
 17358 0a9a 70       		.uleb128 .LVL135-.LVL122
 17359 0a9b 78       		.uleb128 .LVL136-.LVL122
 17360 0a9c 01       		.uleb128 0x1
 17361 0a9d 54       		.byte	0x54
 17362 0a9e 04       		.byte	0x4
 17363 0a9f 78       		.uleb128 .LVL136-.LVL122
 17364 0aa0 7E       		.uleb128 .LVL137-.LVL122
 17365 0aa1 03       		.uleb128 0x3
 17366 0aa2 74       		.byte	0x74
 17367 0aa3 01       		.sleb128 1
 17368 0aa4 9F       		.byte	0x9f
 17369 0aa5 04       		.byte	0x4
 17370 0aa6 7E       		.uleb128 .LVL137-.LVL122
 17371 0aa7 8A01     		.uleb128 .LFE266-.LVL122
 17372 0aa9 01       		.uleb128 0x1
 17373 0aaa 54       		.byte	0x54
 17374 0aab 00       		.byte	0
 17375              	.LVUS33:
 17376 0aac 02       		.uleb128 .LVU638
 17377 0aad 00       		.uleb128 .LVU641
 17378 0aae 00       		.uleb128 .LVU641
 17379 0aaf 01       		.uleb128 .LVU646
 17380 0ab0 01       		.uleb128 .LVU646
 17381 0ab1 00       		.uleb128 .LVU648
 17382 0ab2 00       		.uleb128 .LVU648
 17383 0ab3 00       		.uleb128 0
 17384              	.LLST33:
 17385 0ab4 06       		.byte	0x6
 17386 0ab5 00000000 		.4byte	.LVL116
 17387 0ab9 04       		.byte	0x4
 17388 0aba 00       		.uleb128 .LVL116-.LVL116
 17389 0abb 04       		.uleb128 .LVL117-.LVL116
 17390 0abc 02       		.uleb128 0x2
 17391 0abd 30       		.byte	0x30
 17392 0abe 9F       		.byte	0x9f
 17393 0abf 04       		.byte	0x4
 17394 0ac0 04       		.uleb128 .LVL117-.LVL116
 17395 0ac1 0E       		.uleb128 .LVL118-.LVL116
 17396 0ac2 09       		.uleb128 0x9
 17397 0ac3 0C       		.byte	0xc
ARM GAS  /tmp/ccRHyJSn.s 			page 312


 17398 0ac4 40420F00 		.4byte	0xf4240
 17399 0ac8 73       		.byte	0x73
 17400 0ac9 00       		.sleb128 0
 17401 0aca 1C       		.byte	0x1c
 17402 0acb 9F       		.byte	0x9f
 17403 0acc 04       		.byte	0x4
 17404 0acd 0E       		.uleb128 .LVL118-.LVL116
 17405 0ace 10       		.uleb128 .LVL119-.LVL116
 17406 0acf 09       		.uleb128 0x9
 17407 0ad0 0C       		.byte	0xc
 17408 0ad1 41420F00 		.4byte	0xf4241
 17409 0ad5 73       		.byte	0x73
 17410 0ad6 00       		.sleb128 0
 17411 0ad7 1C       		.byte	0x1c
 17412 0ad8 9F       		.byte	0x9f
 17413 0ad9 04       		.byte	0x4
 17414 0ada 10       		.uleb128 .LVL119-.LVL116
 17415 0adb 20       		.uleb128 .LFE264-.LVL116
 17416 0adc 09       		.uleb128 0x9
 17417 0add 0C       		.byte	0xc
 17418 0ade 40420F00 		.4byte	0xf4240
 17419 0ae2 73       		.byte	0x73
 17420 0ae3 00       		.sleb128 0
 17421 0ae4 1C       		.byte	0x1c
 17422 0ae5 9F       		.byte	0x9f
 17423 0ae6 00       		.byte	0
 17424              	.LVUS30:
 17425 0ae7 01       		.uleb128 .LVU616
 17426 0ae8 00       		.uleb128 .LVU620
 17427              	.LLST30:
 17428 0ae9 08       		.byte	0x8
 17429 0aea 54000000 		.4byte	.LVL111
 17430 0aee 0A       		.uleb128 .LVL112-.LVL111
 17431 0aef 02       		.uleb128 0x2
 17432 0af0 31       		.byte	0x31
 17433 0af1 9F       		.byte	0x9f
 17434 0af2 00       		.byte	0
 17435              	.LVUS31:
 17436 0af3 02       		.uleb128 .LVU622
 17437 0af4 00       		.uleb128 .LVU626
 17438              	.LLST31:
 17439 0af5 08       		.byte	0x8
 17440 0af6 5E000000 		.4byte	.LVL112
 17441 0afa 08       		.uleb128 .LVL113-.LVL112
 17442 0afb 02       		.uleb128 0x2
 17443 0afc 31       		.byte	0x31
 17444 0afd 9F       		.byte	0x9f
 17445 0afe 00       		.byte	0
 17446              	.LVUS28:
 17447 0aff 00       		.uleb128 .LVU562
 17448 0b00 00       		.uleb128 .LVU565
 17449              	.LLST28:
 17450 0b01 08       		.byte	0x8
 17451 0b02 0A000000 		.4byte	.LVL100
 17452 0b06 05       		.uleb128 .LVL101-1-.LVL100
 17453 0b07 01       		.uleb128 0x1
 17454 0b08 50       		.byte	0x50
ARM GAS  /tmp/ccRHyJSn.s 			page 313


 17455 0b09 00       		.byte	0
 17456              	.LVUS27:
 17457 0b0a 00       		.uleb128 0
 17458 0b0b 00       		.uleb128 .LVU543
 17459 0b0c 00       		.uleb128 .LVU543
 17460 0b0d 00       		.uleb128 0
 17461              	.LLST27:
 17462 0b0e 06       		.byte	0x6
 17463 0b0f 00000000 		.4byte	.LVL96
 17464 0b13 04       		.byte	0x4
 17465 0b14 00       		.uleb128 .LVL96-.LVL96
 17466 0b15 08       		.uleb128 .LVL97-.LVL96
 17467 0b16 01       		.uleb128 0x1
 17468 0b17 50       		.byte	0x50
 17469 0b18 04       		.byte	0x4
 17470 0b19 08       		.uleb128 .LVL97-.LVL96
 17471 0b1a 30       		.uleb128 .LFE261-.LVL96
 17472 0b1b 0A       		.uleb128 0xa
 17473 0b1c A3       		.byte	0xa3
 17474 0b1d 03       		.uleb128 0x3
 17475 0b1e A5       		.byte	0xa5
 17476 0b1f 00       		.uleb128 0
 17477 0b20 26       		.uleb128 0x26
 17478 0b21 A8       		.byte	0xa8
 17479 0b22 2D       		.uleb128 0x2d
 17480 0b23 A8       		.byte	0xa8
 17481 0b24 00       		.uleb128 0
 17482 0b25 9F       		.byte	0x9f
 17483 0b26 00       		.byte	0
 17484              	.LVUS26:
 17485 0b27 00       		.uleb128 0
 17486 0b28 00       		.uleb128 .LVU530
 17487 0b29 00       		.uleb128 .LVU530
 17488 0b2a 00       		.uleb128 0
 17489              	.LLST26:
 17490 0b2b 06       		.byte	0x6
 17491 0b2c 00000000 		.4byte	.LVL92
 17492 0b30 04       		.byte	0x4
 17493 0b31 00       		.uleb128 .LVL92-.LVL92
 17494 0b32 08       		.uleb128 .LVL93-.LVL92
 17495 0b33 01       		.uleb128 0x1
 17496 0b34 50       		.byte	0x50
 17497 0b35 04       		.byte	0x4
 17498 0b36 08       		.uleb128 .LVL93-.LVL92
 17499 0b37 28       		.uleb128 .LFE260-.LVL92
 17500 0b38 0A       		.uleb128 0xa
 17501 0b39 A3       		.byte	0xa3
 17502 0b3a 03       		.uleb128 0x3
 17503 0b3b A5       		.byte	0xa5
 17504 0b3c 00       		.uleb128 0
 17505 0b3d 26       		.uleb128 0x26
 17506 0b3e A8       		.byte	0xa8
 17507 0b3f 2D       		.uleb128 0x2d
 17508 0b40 A8       		.byte	0xa8
 17509 0b41 00       		.uleb128 0
 17510 0b42 9F       		.byte	0x9f
 17511 0b43 00       		.byte	0
ARM GAS  /tmp/ccRHyJSn.s 			page 314


 17512              	.LVUS25:
 17513 0b44 00       		.uleb128 0
 17514 0b45 00       		.uleb128 .LVU523
 17515 0b46 00       		.uleb128 .LVU523
 17516 0b47 00       		.uleb128 .LVU525
 17517 0b48 00       		.uleb128 .LVU525
 17518 0b49 00       		.uleb128 0
 17519              	.LLST25:
 17520 0b4a 06       		.byte	0x6
 17521 0b4b 00000000 		.4byte	.LVL89
 17522 0b4f 04       		.byte	0x4
 17523 0b50 00       		.uleb128 .LVL89-.LVL89
 17524 0b51 0E       		.uleb128 .LVL90-.LVL89
 17525 0b52 01       		.uleb128 0x1
 17526 0b53 50       		.byte	0x50
 17527 0b54 04       		.byte	0x4
 17528 0b55 0E       		.uleb128 .LVL90-.LVL89
 17529 0b56 14       		.uleb128 .LVL91-.LVL89
 17530 0b57 0A       		.uleb128 0xa
 17531 0b58 A3       		.byte	0xa3
 17532 0b59 03       		.uleb128 0x3
 17533 0b5a A5       		.byte	0xa5
 17534 0b5b 00       		.uleb128 0
 17535 0b5c 26       		.uleb128 0x26
 17536 0b5d A8       		.byte	0xa8
 17537 0b5e 2D       		.uleb128 0x2d
 17538 0b5f A8       		.byte	0xa8
 17539 0b60 00       		.uleb128 0
 17540 0b61 9F       		.byte	0x9f
 17541 0b62 04       		.byte	0x4
 17542 0b63 14       		.uleb128 .LVL91-.LVL89
 17543 0b64 1C       		.uleb128 .LFE259-.LVL89
 17544 0b65 01       		.uleb128 0x1
 17545 0b66 50       		.byte	0x50
 17546 0b67 00       		.byte	0
 17547              	.LVUS24:
 17548 0b68 00       		.uleb128 0
 17549 0b69 00       		.uleb128 .LVU512
 17550 0b6a 00       		.uleb128 .LVU512
 17551 0b6b 00       		.uleb128 .LVU515
 17552 0b6c 00       		.uleb128 .LVU515
 17553 0b6d 00       		.uleb128 0
 17554              	.LLST24:
 17555 0b6e 06       		.byte	0x6
 17556 0b6f 00000000 		.4byte	.LVL86
 17557 0b73 04       		.byte	0x4
 17558 0b74 00       		.uleb128 .LVL86-.LVL86
 17559 0b75 0F       		.uleb128 .LVL87-1-.LVL86
 17560 0b76 01       		.uleb128 0x1
 17561 0b77 50       		.byte	0x50
 17562 0b78 04       		.byte	0x4
 17563 0b79 0F       		.uleb128 .LVL87-1-.LVL86
 17564 0b7a 1C       		.uleb128 .LVL88-.LVL86
 17565 0b7b 0A       		.uleb128 0xa
 17566 0b7c A3       		.byte	0xa3
 17567 0b7d 03       		.uleb128 0x3
 17568 0b7e A5       		.byte	0xa5
ARM GAS  /tmp/ccRHyJSn.s 			page 315


 17569 0b7f 00       		.uleb128 0
 17570 0b80 26       		.uleb128 0x26
 17571 0b81 A8       		.byte	0xa8
 17572 0b82 2D       		.uleb128 0x2d
 17573 0b83 A8       		.byte	0xa8
 17574 0b84 00       		.uleb128 0
 17575 0b85 9F       		.byte	0x9f
 17576 0b86 04       		.byte	0x4
 17577 0b87 1C       		.uleb128 .LVL88-.LVL86
 17578 0b88 24       		.uleb128 .LFE258-.LVL86
 17579 0b89 01       		.uleb128 0x1
 17580 0b8a 50       		.byte	0x50
 17581 0b8b 00       		.byte	0
 17582              	.LVUS23:
 17583 0b8c 00       		.uleb128 0
 17584 0b8d 00       		.uleb128 .LVU500
 17585 0b8e 00       		.uleb128 .LVU500
 17586 0b8f 00       		.uleb128 .LVU500
 17587 0b90 00       		.uleb128 .LVU500
 17588 0b91 00       		.uleb128 0
 17589              	.LLST23:
 17590 0b92 06       		.byte	0x6
 17591 0b93 00000000 		.4byte	.LVL84
 17592 0b97 04       		.byte	0x4
 17593 0b98 00       		.uleb128 .LVL84-.LVL84
 17594 0b99 0D       		.uleb128 .LVL85-1-.LVL84
 17595 0b9a 01       		.uleb128 0x1
 17596 0b9b 50       		.byte	0x50
 17597 0b9c 04       		.byte	0x4
 17598 0b9d 0D       		.uleb128 .LVL85-1-.LVL84
 17599 0b9e 0E       		.uleb128 .LVL85-.LVL84
 17600 0b9f 0A       		.uleb128 0xa
 17601 0ba0 A3       		.byte	0xa3
 17602 0ba1 03       		.uleb128 0x3
 17603 0ba2 A5       		.byte	0xa5
 17604 0ba3 00       		.uleb128 0
 17605 0ba4 26       		.uleb128 0x26
 17606 0ba5 A8       		.byte	0xa8
 17607 0ba6 2D       		.uleb128 0x2d
 17608 0ba7 A8       		.byte	0xa8
 17609 0ba8 00       		.uleb128 0
 17610 0ba9 9F       		.byte	0x9f
 17611 0baa 04       		.byte	0x4
 17612 0bab 0E       		.uleb128 .LVL85-.LVL84
 17613 0bac 14       		.uleb128 .LFE256-.LVL84
 17614 0bad 01       		.uleb128 0x1
 17615 0bae 50       		.byte	0x50
 17616 0baf 00       		.byte	0
 17617              	.LVUS19:
 17618 0bb0 00       		.uleb128 0
 17619 0bb1 00       		.uleb128 .LVU466
 17620 0bb2 00       		.uleb128 .LVU466
 17621 0bb3 00       		.uleb128 .LVU469
 17622 0bb4 00       		.uleb128 .LVU473
 17623 0bb5 00       		.uleb128 0
 17624              	.LLST19:
 17625 0bb6 06       		.byte	0x6
ARM GAS  /tmp/ccRHyJSn.s 			page 316


 17626 0bb7 00000000 		.4byte	.LVL72
 17627 0bbb 04       		.byte	0x4
 17628 0bbc 00       		.uleb128 .LVL72-.LVL72
 17629 0bbd 1A       		.uleb128 .LVL73-.LVL72
 17630 0bbe 01       		.uleb128 0x1
 17631 0bbf 50       		.byte	0x50
 17632 0bc0 04       		.byte	0x4
 17633 0bc1 1A       		.uleb128 .LVL73-.LVL72
 17634 0bc2 1E       		.uleb128 .LVL74-.LVL72
 17635 0bc3 01       		.uleb128 0x1
 17636 0bc4 50       		.byte	0x50
 17637 0bc5 04       		.byte	0x4
 17638 0bc6 32       		.uleb128 .LVL75-.LVL72
 17639 0bc7 48       		.uleb128 .LFE252-.LVL72
 17640 0bc8 01       		.uleb128 0x1
 17641 0bc9 50       		.byte	0x50
 17642 0bca 00       		.byte	0
 17643              	.LVUS12:
 17644 0bcb 00       		.uleb128 0
 17645 0bcc 00       		.uleb128 .LVU342
 17646 0bcd 00       		.uleb128 .LVU342
 17647 0bce 00       		.uleb128 .LVU405
 17648 0bcf 00       		.uleb128 .LVU405
 17649 0bd0 00       		.uleb128 .LVU419
 17650 0bd1 00       		.uleb128 .LVU419
 17651 0bd2 00       		.uleb128 0
 17652              	.LLST12:
 17653 0bd3 06       		.byte	0x6
 17654 0bd4 00000000 		.4byte	.LVL53
 17655 0bd8 04       		.byte	0x4
 17656 0bd9 00       		.uleb128 .LVL53-.LVL53
 17657 0bda 70       		.uleb128 .LVL57-.LVL53
 17658 0bdb 01       		.uleb128 0x1
 17659 0bdc 50       		.byte	0x50
 17660 0bdd 04       		.byte	0x4
 17661 0bde 70       		.uleb128 .LVL57-.LVL53
 17662 0bdf F402     		.uleb128 .LVL68-.LVL53
 17663 0be1 0A       		.uleb128 0xa
 17664 0be2 A3       		.byte	0xa3
 17665 0be3 03       		.uleb128 0x3
 17666 0be4 A5       		.byte	0xa5
 17667 0be5 00       		.uleb128 0
 17668 0be6 26       		.uleb128 0x26
 17669 0be7 A8       		.byte	0xa8
 17670 0be8 2D       		.uleb128 0x2d
 17671 0be9 A8       		.byte	0xa8
 17672 0bea 00       		.uleb128 0
 17673 0beb 9F       		.byte	0x9f
 17674 0bec 04       		.byte	0x4
 17675 0bed F402     		.uleb128 .LVL68-.LVL53
 17676 0bef B403     		.uleb128 .LVL69-.LVL53
 17677 0bf1 01       		.uleb128 0x1
 17678 0bf2 50       		.byte	0x50
 17679 0bf3 04       		.byte	0x4
 17680 0bf4 B403     		.uleb128 .LVL69-.LVL53
 17681 0bf6 9C04     		.uleb128 .LFE247-.LVL53
 17682 0bf8 0A       		.uleb128 0xa
ARM GAS  /tmp/ccRHyJSn.s 			page 317


 17683 0bf9 A3       		.byte	0xa3
 17684 0bfa 03       		.uleb128 0x3
 17685 0bfb A5       		.byte	0xa5
 17686 0bfc 00       		.uleb128 0
 17687 0bfd 26       		.uleb128 0x26
 17688 0bfe A8       		.byte	0xa8
 17689 0bff 2D       		.uleb128 0x2d
 17690 0c00 A8       		.byte	0xa8
 17691 0c01 00       		.uleb128 0
 17692 0c02 9F       		.byte	0x9f
 17693 0c03 00       		.byte	0
 17694              	.LVUS13:
 17695 0c04 00       		.uleb128 0
 17696 0c05 00       		.uleb128 .LVU348
 17697 0c06 00       		.uleb128 .LVU348
 17698 0c07 00       		.uleb128 .LVU405
 17699 0c08 00       		.uleb128 .LVU405
 17700 0c09 00       		.uleb128 .LVU419
 17701 0c0a 00       		.uleb128 .LVU419
 17702 0c0b 00       		.uleb128 0
 17703              	.LLST13:
 17704 0c0c 06       		.byte	0x6
 17705 0c0d 00000000 		.4byte	.LVL53
 17706 0c11 04       		.byte	0x4
 17707 0c12 00       		.uleb128 .LVL53-.LVL53
 17708 0c13 8201     		.uleb128 .LVL58-.LVL53
 17709 0c15 06       		.uleb128 0x6
 17710 0c16 52       		.byte	0x52
 17711 0c17 93       		.byte	0x93
 17712 0c18 04       		.uleb128 0x4
 17713 0c19 53       		.byte	0x53
 17714 0c1a 93       		.byte	0x93
 17715 0c1b 04       		.uleb128 0x4
 17716 0c1c 04       		.byte	0x4
 17717 0c1d 8201     		.uleb128 .LVL58-.LVL53
 17718 0c1f F402     		.uleb128 .LVL68-.LVL53
 17719 0c21 06       		.uleb128 0x6
 17720 0c22 A3       		.byte	0xa3
 17721 0c23 03       		.uleb128 0x3
 17722 0c24 A5       		.byte	0xa5
 17723 0c25 02       		.uleb128 0x2
 17724 0c26 26       		.uleb128 0x26
 17725 0c27 9F       		.byte	0x9f
 17726 0c28 04       		.byte	0x4
 17727 0c29 F402     		.uleb128 .LVL68-.LVL53
 17728 0c2b B403     		.uleb128 .LVL69-.LVL53
 17729 0c2d 06       		.uleb128 0x6
 17730 0c2e 52       		.byte	0x52
 17731 0c2f 93       		.byte	0x93
 17732 0c30 04       		.uleb128 0x4
 17733 0c31 53       		.byte	0x53
 17734 0c32 93       		.byte	0x93
 17735 0c33 04       		.uleb128 0x4
 17736 0c34 04       		.byte	0x4
 17737 0c35 B403     		.uleb128 .LVL69-.LVL53
 17738 0c37 9C04     		.uleb128 .LFE247-.LVL53
 17739 0c39 06       		.uleb128 0x6
ARM GAS  /tmp/ccRHyJSn.s 			page 318


 17740 0c3a A3       		.byte	0xa3
 17741 0c3b 03       		.uleb128 0x3
 17742 0c3c A5       		.byte	0xa5
 17743 0c3d 02       		.uleb128 0x2
 17744 0c3e 26       		.uleb128 0x26
 17745 0c3f 9F       		.byte	0x9f
 17746 0c40 00       		.byte	0
 17747              	.LVUS14:
 17748 0c41 00       		.uleb128 .LVU364
 17749 0c42 00       		.uleb128 .LVU405
 17750 0c43 00       		.uleb128 .LVU419
 17751 0c44 00       		.uleb128 0
 17752              	.LLST14:
 17753 0c45 06       		.byte	0x6
 17754 0c46 C4000000 		.4byte	.LVL61
 17755 0c4a 04       		.byte	0x4
 17756 0c4b 00       		.uleb128 .LVL61-.LVL61
 17757 0c4c B001     		.uleb128 .LVL68-.LVL61
 17758 0c4e 01       		.uleb128 0x1
 17759 0c4f 59       		.byte	0x59
 17760 0c50 04       		.byte	0x4
 17761 0c51 F001     		.uleb128 .LVL69-.LVL61
 17762 0c53 D802     		.uleb128 .LFE247-.LVL61
 17763 0c55 01       		.uleb128 0x1
 17764 0c56 59       		.byte	0x59
 17765 0c57 00       		.byte	0
 17766              	.LVUS15:
 17767 0c58 00       		.uleb128 .LVU375
 17768 0c59 00       		.uleb128 .LVU379
 17769              	.LLST15:
 17770 0c5a 08       		.byte	0x8
 17771 0c5b F4000000 		.4byte	.LVL63
 17772 0c5f 0A       		.uleb128 .LVL64-.LVL63
 17773 0c60 01       		.uleb128 0x1
 17774 0c61 50       		.byte	0x50
 17775 0c62 00       		.byte	0
 17776              	.LVUS16:
 17777 0c63 00       		.uleb128 .LVU396
 17778 0c64 00       		.uleb128 .LVU403
 17779 0c65 00       		.uleb128 .LVU403
 17780 0c66 00       		.uleb128 .LVU405
 17781              	.LLST16:
 17782 0c67 06       		.byte	0x6
 17783 0c68 56010000 		.4byte	.LVL66
 17784 0c6c 04       		.byte	0x4
 17785 0c6d 00       		.uleb128 .LVL66-.LVL66
 17786 0c6e 15       		.uleb128 .LVL67-1-.LVL66
 17787 0c6f 06       		.uleb128 0x6
 17788 0c70 50       		.byte	0x50
 17789 0c71 93       		.byte	0x93
 17790 0c72 04       		.uleb128 0x4
 17791 0c73 54       		.byte	0x54
 17792 0c74 93       		.byte	0x93
 17793 0c75 04       		.uleb128 0x4
 17794 0c76 04       		.byte	0x4
 17795 0c77 15       		.uleb128 .LVL67-1-.LVL66
 17796 0c78 1E       		.uleb128 .LVL68-.LVL66
ARM GAS  /tmp/ccRHyJSn.s 			page 319


 17797 0c79 06       		.uleb128 0x6
 17798 0c7a 55       		.byte	0x55
 17799 0c7b 93       		.byte	0x93
 17800 0c7c 04       		.uleb128 0x4
 17801 0c7d 54       		.byte	0x54
 17802 0c7e 93       		.byte	0x93
 17803 0c7f 04       		.uleb128 0x4
 17804 0c80 00       		.byte	0
 17805              	.LVUS18:
 17806 0c81 00       		.uleb128 .LVU317
 17807 0c82 00       		.uleb128 .LVU320
 17808 0c83 00       		.uleb128 .LVU320
 17809 0c84 00       		.uleb128 .LVU338
 17810 0c85 00       		.uleb128 .LVU405
 17811 0c86 00       		.uleb128 .LVU419
 17812              	.LLST18:
 17813 0c87 06       		.byte	0x6
 17814 0c88 06000000 		.4byte	.LVL54
 17815 0c8c 04       		.byte	0x4
 17816 0c8d 00       		.uleb128 .LVL54-.LVL54
 17817 0c8e 02       		.uleb128 .LVL55-.LVL54
 17818 0c8f 06       		.uleb128 0x6
 17819 0c90 52       		.byte	0x52
 17820 0c91 93       		.byte	0x93
 17821 0c92 04       		.uleb128 0x4
 17822 0c93 53       		.byte	0x53
 17823 0c94 93       		.byte	0x93
 17824 0c95 04       		.uleb128 0x4
 17825 0c96 04       		.byte	0x4
 17826 0c97 02       		.uleb128 .LVL55-.LVL54
 17827 0c98 60       		.uleb128 .LVL56-.LVL54
 17828 0c99 06       		.uleb128 0x6
 17829 0c9a 52       		.byte	0x52
 17830 0c9b 93       		.byte	0x93
 17831 0c9c 04       		.uleb128 0x4
 17832 0c9d 56       		.byte	0x56
 17833 0c9e 93       		.byte	0x93
 17834 0c9f 04       		.uleb128 0x4
 17835 0ca0 04       		.byte	0x4
 17836 0ca1 EE02     		.uleb128 .LVL68-.LVL54
 17837 0ca3 AE03     		.uleb128 .LVL69-.LVL54
 17838 0ca5 06       		.uleb128 0x6
 17839 0ca6 52       		.byte	0x52
 17840 0ca7 93       		.byte	0x93
 17841 0ca8 04       		.uleb128 0x4
 17842 0ca9 56       		.byte	0x56
 17843 0caa 93       		.byte	0x93
 17844 0cab 04       		.uleb128 0x4
 17845 0cac 00       		.byte	0
 17846              	.LVUS10:
 17847 0cad 00       		.uleb128 0
 17848 0cae 00       		.uleb128 .LVU305
 17849 0caf 00       		.uleb128 .LVU305
 17850 0cb0 00       		.uleb128 .LVU306
 17851 0cb1 00       		.uleb128 .LVU306
 17852 0cb2 00       		.uleb128 .LVU311
 17853 0cb3 00       		.uleb128 .LVU311
ARM GAS  /tmp/ccRHyJSn.s 			page 320


 17854 0cb4 00       		.uleb128 0
 17855              	.LLST10:
 17856 0cb5 06       		.byte	0x6
 17857 0cb6 00000000 		.4byte	.LVL47
 17858 0cba 04       		.byte	0x4
 17859 0cbb 00       		.uleb128 .LVL47-.LVL47
 17860 0cbc 3C       		.uleb128 .LVL49-.LVL47
 17861 0cbd 01       		.uleb128 0x1
 17862 0cbe 50       		.byte	0x50
 17863 0cbf 04       		.byte	0x4
 17864 0cc0 3C       		.uleb128 .LVL49-.LVL47
 17865 0cc1 3F       		.uleb128 .LVL50-1-.LVL47
 17866 0cc2 05       		.uleb128 0x5
 17867 0cc3 03       		.byte	0x3
 17868 0cc4 00000000 		.4byte	pdwn
 17869 0cc8 04       		.byte	0x4
 17870 0cc9 3F       		.uleb128 .LVL50-1-.LVL47
 17871 0cca 4A       		.uleb128 .LVL52-.LVL47
 17872 0ccb 0A       		.uleb128 0xa
 17873 0ccc A3       		.byte	0xa3
 17874 0ccd 03       		.uleb128 0x3
 17875 0cce A5       		.byte	0xa5
 17876 0ccf 00       		.uleb128 0
 17877 0cd0 26       		.uleb128 0x26
 17878 0cd1 A8       		.byte	0xa8
 17879 0cd2 34       		.uleb128 0x34
 17880 0cd3 A8       		.byte	0xa8
 17881 0cd4 00       		.uleb128 0
 17882 0cd5 9F       		.byte	0x9f
 17883 0cd6 04       		.byte	0x4
 17884 0cd7 4A       		.uleb128 .LVL52-.LVL47
 17885 0cd8 64       		.uleb128 .LFE245-.LVL47
 17886 0cd9 01       		.uleb128 0x1
 17887 0cda 50       		.byte	0x50
 17888 0cdb 00       		.byte	0
 17889              	.LVUS11:
 17890 0cdc 00       		.uleb128 .LVU302
 17891 0cdd 00       		.uleb128 .LVU310
 17892 0cde 00       		.uleb128 .LVU310
 17893 0cdf 00       		.uleb128 .LVU311
 17894              	.LLST11:
 17895 0ce0 06       		.byte	0x6
 17896 0ce1 32000000 		.4byte	.LVL48
 17897 0ce5 04       		.byte	0x4
 17898 0ce6 00       		.uleb128 .LVL48-.LVL48
 17899 0ce7 14       		.uleb128 .LVL51-.LVL48
 17900 0ce8 01       		.uleb128 0x1
 17901 0ce9 54       		.byte	0x54
 17902 0cea 04       		.byte	0x4
 17903 0ceb 14       		.uleb128 .LVL51-.LVL48
 17904 0cec 17       		.uleb128 .LVL52-1-.LVL48
 17905 0ced 05       		.uleb128 0x5
 17906 0cee 03       		.byte	0x3
 17907 0cef 00000000 		.4byte	reg_2
 17908 0cf3 00       		.byte	0
 17909              	.LVUS5:
 17910 0cf4 04       		.uleb128 .LVU121
ARM GAS  /tmp/ccRHyJSn.s 			page 321


 17911 0cf5 00       		.uleb128 .LVU143
 17912 0cf6 00       		.uleb128 .LVU143
 17913 0cf7 00       		.uleb128 .LVU162
 17914 0cf8 00       		.uleb128 .LVU162
 17915 0cf9 00       		.uleb128 .LVU174
 17916 0cfa 00       		.uleb128 .LVU184
 17917 0cfb 00       		.uleb128 .LVU193
 17918              	.LLST5:
 17919 0cfc 06       		.byte	0x6
 17920 0cfd 34000000 		.4byte	.LVL14
 17921 0d01 04       		.byte	0x4
 17922 0d02 00       		.uleb128 .LVL14-.LVL14
 17923 0d03 50       		.uleb128 .LVL16-.LVL14
 17924 0d04 06       		.uleb128 0x6
 17925 0d05 0C       		.byte	0xc
 17926 0d06 05004000 		.4byte	0x400005
 17927 0d0a 9F       		.byte	0x9f
 17928 0d0b 04       		.byte	0x4
 17929 0d0c 50       		.uleb128 .LVL16-.LVL14
 17930 0d0d 8801     		.uleb128 .LVL19-.LVL14
 17931 0d0f 01       		.uleb128 0x1
 17932 0d10 57       		.byte	0x57
 17933 0d11 04       		.byte	0x4
 17934 0d12 8801     		.uleb128 .LVL19-.LVL14
 17935 0d14 A401     		.uleb128 .LVL22-.LVL14
 17936 0d16 01       		.uleb128 0x1
 17937 0d17 56       		.byte	0x56
 17938 0d18 04       		.byte	0x4
 17939 0d19 CC01     		.uleb128 .LVL23-.LVL14
 17940 0d1b E601     		.uleb128 .LVL26-.LVL14
 17941 0d1d 01       		.uleb128 0x1
 17942 0d1e 55       		.byte	0x55
 17943 0d1f 00       		.byte	0
 17944              	.LVUS6:
 17945 0d20 02       		.uleb128 .LVU119
 17946 0d21 00       		.uleb128 .LVU193
 17947              	.LLST6:
 17948 0d22 08       		.byte	0x8
 17949 0d23 34000000 		.4byte	.LVL14
 17950 0d27 E601     		.uleb128 .LVL26-.LVL14
 17951 0d29 02       		.uleb128 0x2
 17952 0d2a 30       		.byte	0x30
 17953 0d2b 9F       		.byte	0x9f
 17954 0d2c 00       		.byte	0
 17955              	.LVUS7:
 17956 0d2d 03       		.uleb128 .LVU120
 17957 0d2e 00       		.uleb128 .LVU193
 17958              	.LLST7:
 17959 0d2f 08       		.byte	0x8
 17960 0d30 34000000 		.4byte	.LVL14
 17961 0d34 E601     		.uleb128 .LVL26-.LVL14
 17962 0d36 02       		.uleb128 0x2
 17963 0d37 31       		.byte	0x31
 17964 0d38 9F       		.byte	0x9f
 17965 0d39 00       		.byte	0
 17966              	.LVUS9:
 17967 0d3a 00       		.uleb128 .LVU196
ARM GAS  /tmp/ccRHyJSn.s 			page 322


 17968 0d3b 00       		.uleb128 .LVU209
 17969 0d3c 00       		.uleb128 .LVU209
 17970 0d3d 00       		.uleb128 .LVU211
 17971 0d3e 03       		.uleb128 .LVU218
 17972 0d3f 00       		.uleb128 .LVU234
 17973 0d40 00       		.uleb128 .LVU234
 17974 0d41 00       		.uleb128 .LVU251
 17975 0d42 00       		.uleb128 .LVU251
 17976 0d43 00       		.uleb128 .LVU263
 17977 0d44 00       		.uleb128 .LVU273
 17978 0d45 00       		.uleb128 .LVU282
 17979              	.LLST9:
 17980 0d46 06       		.byte	0x6
 17981 0d47 20010000 		.4byte	.LVL27
 17982 0d4b 04       		.byte	0x4
 17983 0d4c 00       		.uleb128 .LVL27-.LVL27
 17984 0d4d 22       		.uleb128 .LVL30-.LVL27
 17985 0d4e 01       		.uleb128 0x1
 17986 0d4f 55       		.byte	0x55
 17987 0d50 04       		.byte	0x4
 17988 0d51 22       		.uleb128 .LVL30-.LVL27
 17989 0d52 2B       		.uleb128 .LVL32-1-.LVL27
 17990 0d53 01       		.uleb128 0x1
 17991 0d54 51       		.byte	0x51
 17992 0d55 04       		.byte	0x4
 17993 0d56 42       		.uleb128 .LVL34-.LVL27
 17994 0d57 7C       		.uleb128 .LVL36-.LVL27
 17995 0d58 06       		.uleb128 0x6
 17996 0d59 0C       		.byte	0xc
 17997 0d5a 05005800 		.4byte	0x580005
 17998 0d5e 9F       		.byte	0x9f
 17999 0d5f 04       		.byte	0x4
 18000 0d60 7C       		.uleb128 .LVL36-.LVL27
 18001 0d61 AE01     		.uleb128 .LVL39-.LVL27
 18002 0d63 01       		.uleb128 0x1
 18003 0d64 59       		.byte	0x59
 18004 0d65 04       		.byte	0x4
 18005 0d66 AE01     		.uleb128 .LVL39-.LVL27
 18006 0d68 CA01     		.uleb128 .LVL42-.LVL27
 18007 0d6a 01       		.uleb128 0x1
 18008 0d6b 56       		.byte	0x56
 18009 0d6c 04       		.byte	0x4
 18010 0d6d EE01     		.uleb128 .LVL43-.LVL27
 18011 0d6f 8402     		.uleb128 .LVL46-.LVL27
 18012 0d71 01       		.uleb128 0x1
 18013 0d72 55       		.byte	0x55
 18014 0d73 00       		.byte	0
 18015              	.LVUS3:
 18016 0d74 00       		.uleb128 0
 18017 0d75 00       		.uleb128 .LVU90
 18018 0d76 00       		.uleb128 .LVU90
 18019 0d77 00       		.uleb128 0
 18020              	.LLST3:
 18021 0d78 06       		.byte	0x6
 18022 0d79 00000000 		.4byte	.LVL12
 18023 0d7d 04       		.byte	0x4
 18024 0d7e 00       		.uleb128 .LVL12-.LVL12
ARM GAS  /tmp/ccRHyJSn.s 			page 323


 18025 0d7f 18       		.uleb128 .LVL13-.LVL12
 18026 0d80 01       		.uleb128 0x1
 18027 0d81 51       		.byte	0x51
 18028 0d82 04       		.byte	0x4
 18029 0d83 18       		.uleb128 .LVL13-.LVL12
 18030 0d84 30       		.uleb128 .LFE242-.LVL12
 18031 0d85 0A       		.uleb128 0xa
 18032 0d86 A3       		.byte	0xa3
 18033 0d87 03       		.uleb128 0x3
 18034 0d88 A5       		.byte	0xa5
 18035 0d89 01       		.uleb128 0x1
 18036 0d8a 26       		.uleb128 0x26
 18037 0d8b A8       		.byte	0xa8
 18038 0d8c 2D       		.uleb128 0x2d
 18039 0d8d A8       		.byte	0xa8
 18040 0d8e 00       		.uleb128 0
 18041 0d8f 9F       		.byte	0x9f
 18042 0d90 00       		.byte	0
 18043              	.LVUS29:
 18044 0d91 00       		.uleb128 0
 18045 0d92 00       		.uleb128 .LVU581
 18046 0d93 00       		.uleb128 .LVU581
 18047 0d94 00       		.uleb128 .LVU582
 18048 0d95 00       		.uleb128 .LVU582
 18049 0d96 00       		.uleb128 .LVU585
 18050 0d97 00       		.uleb128 .LVU585
 18051 0d98 00       		.uleb128 0
 18052              	.LLST29:
 18053 0d99 06       		.byte	0x6
 18054 0d9a 00000000 		.4byte	.LVL103
 18055 0d9e 04       		.byte	0x4
 18056 0d9f 00       		.uleb128 .LVL103-.LVL103
 18057 0da0 1C       		.uleb128 .LVL104-.LVL103
 18058 0da1 01       		.uleb128 0x1
 18059 0da2 50       		.byte	0x50
 18060 0da3 04       		.byte	0x4
 18061 0da4 1C       		.uleb128 .LVL104-.LVL103
 18062 0da5 1F       		.uleb128 .LVL105-1-.LVL103
 18063 0da6 05       		.uleb128 0x5
 18064 0da7 03       		.byte	0x3
 18065 0da8 00000000 		.4byte	shifted
 18066 0dac 04       		.byte	0x4
 18067 0dad 1F       		.uleb128 .LVL105-1-.LVL103
 18068 0dae 28       		.uleb128 .LVL106-.LVL103
 18069 0daf 0A       		.uleb128 0xa
 18070 0db0 A3       		.byte	0xa3
 18071 0db1 03       		.uleb128 0x3
 18072 0db2 A5       		.byte	0xa5
 18073 0db3 00       		.uleb128 0
 18074 0db4 26       		.uleb128 0x26
 18075 0db5 A8       		.byte	0xa8
 18076 0db6 2D       		.uleb128 0x2d
 18077 0db7 A8       		.byte	0xa8
 18078 0db8 00       		.uleb128 0
 18079 0db9 9F       		.byte	0x9f
 18080 0dba 04       		.byte	0x4
 18081 0dbb 28       		.uleb128 .LVL106-.LVL103
ARM GAS  /tmp/ccRHyJSn.s 			page 324


 18082 0dbc 3C       		.uleb128 .LFE241-.LVL103
 18083 0dbd 01       		.uleb128 0x1
 18084 0dbe 50       		.byte	0x50
 18085 0dbf 00       		.byte	0
 18086              	.LVUS2:
 18087 0dc0 00       		.uleb128 0
 18088 0dc1 00       		.uleb128 .LVU61
 18089 0dc2 00       		.uleb128 .LVU61
 18090 0dc3 00       		.uleb128 .LVU70
 18091 0dc4 00       		.uleb128 .LVU70
 18092 0dc5 00       		.uleb128 0
 18093              	.LLST2:
 18094 0dc6 06       		.byte	0x6
 18095 0dc7 00000000 		.4byte	.LVL6
 18096 0dcb 04       		.byte	0x4
 18097 0dcc 00       		.uleb128 .LVL6-.LVL6
 18098 0dcd 08       		.uleb128 .LVL7-.LVL6
 18099 0dce 01       		.uleb128 0x1
 18100 0dcf 50       		.byte	0x50
 18101 0dd0 04       		.byte	0x4
 18102 0dd1 08       		.uleb128 .LVL7-.LVL6
 18103 0dd2 24       		.uleb128 .LVL9-.LVL6
 18104 0dd3 01       		.uleb128 0x1
 18105 0dd4 55       		.byte	0x55
 18106 0dd5 04       		.byte	0x4
 18107 0dd6 24       		.uleb128 .LVL9-.LVL6
 18108 0dd7 4C       		.uleb128 .LFE240-.LVL6
 18109 0dd8 0A       		.uleb128 0xa
 18110 0dd9 A3       		.byte	0xa3
 18111 0dda 03       		.uleb128 0x3
 18112 0ddb A5       		.byte	0xa5
 18113 0ddc 00       		.uleb128 0
 18114 0ddd 26       		.uleb128 0x26
 18115 0dde A8       		.byte	0xa8
 18116 0ddf 34       		.uleb128 0x34
 18117 0de0 A8       		.byte	0xa8
 18118 0de1 00       		.uleb128 0
 18119 0de2 9F       		.byte	0x9f
 18120 0de3 00       		.byte	0
 18121              	.LVUS1:
 18122 0de4 00       		.uleb128 .LVU35
 18123 0de5 00       		.uleb128 .LVU40
 18124 0de6 00       		.uleb128 .LVU40
 18125 0de7 00       		.uleb128 .LVU41
 18126              	.LLST1:
 18127 0de8 06       		.byte	0x6
 18128 0de9 14000000 		.4byte	.LVL2
 18129 0ded 04       		.byte	0x4
 18130 0dee 00       		.uleb128 .LVL2-.LVL2
 18131 0def 08       		.uleb128 .LVL4-.LVL2
 18132 0df0 01       		.uleb128 0x1
 18133 0df1 53       		.byte	0x53
 18134 0df2 04       		.byte	0x4
 18135 0df3 08       		.uleb128 .LVL4-.LVL2
 18136 0df4 0A       		.uleb128 .LVL5-.LVL2
 18137 0df5 02       		.uleb128 0x2
 18138 0df6 72       		.byte	0x72
ARM GAS  /tmp/ccRHyJSn.s 			page 325


 18139 0df7 00       		.sleb128 0
 18140 0df8 00       		.byte	0
 18141              	.LVUS0:
 18142 0df9 00       		.uleb128 0
 18143 0dfa 00       		.uleb128 .LVU11
 18144 0dfb 00       		.uleb128 .LVU11
 18145 0dfc 00       		.uleb128 0
 18146              	.LLST0:
 18147 0dfd 06       		.byte	0x6
 18148 0dfe 00000000 		.4byte	.LVL0
 18149 0e02 04       		.byte	0x4
 18150 0e03 00       		.uleb128 .LVL0-.LVL0
 18151 0e04 05       		.uleb128 .LVL1-1-.LVL0
 18152 0e05 01       		.uleb128 0x1
 18153 0e06 50       		.byte	0x50
 18154 0e07 04       		.byte	0x4
 18155 0e08 05       		.uleb128 .LVL1-1-.LVL0
 18156 0e09 08       		.uleb128 .LFE218-.LVL0
 18157 0e0a 0A       		.uleb128 0xa
 18158 0e0b A3       		.byte	0xa3
 18159 0e0c 03       		.uleb128 0x3
 18160 0e0d A5       		.byte	0xa5
 18161 0e0e 00       		.uleb128 0
 18162 0e0f 26       		.uleb128 0x26
 18163 0e10 A8       		.byte	0xa8
 18164 0e11 2D       		.uleb128 0x2d
 18165 0e12 A8       		.byte	0xa8
 18166 0e13 00       		.uleb128 0
 18167 0e14 9F       		.byte	0x9f
 18168 0e15 00       		.byte	0
 18169              	.LVUS20:
 18170 0e16 00       		.uleb128 0
 18171 0e17 00       		.uleb128 .LVU480
 18172 0e18 00       		.uleb128 .LVU480
 18173 0e19 00       		.uleb128 0
 18174              	.LLST20:
 18175 0e1a 06       		.byte	0x6
 18176 0e1b 00000000 		.4byte	.LVL76
 18177 0e1f 04       		.byte	0x4
 18178 0e20 00       		.uleb128 .LVL76-.LVL76
 18179 0e21 07       		.uleb128 .LVL77-1-.LVL76
 18180 0e22 01       		.uleb128 0x1
 18181 0e23 50       		.byte	0x50
 18182 0e24 04       		.byte	0x4
 18183 0e25 07       		.uleb128 .LVL77-1-.LVL76
 18184 0e26 0C       		.uleb128 .LFE253-.LVL76
 18185 0e27 0A       		.uleb128 0xa
 18186 0e28 A3       		.byte	0xa3
 18187 0e29 03       		.uleb128 0x3
 18188 0e2a A5       		.byte	0xa5
 18189 0e2b 00       		.uleb128 0
 18190 0e2c 26       		.uleb128 0x26
 18191 0e2d A8       		.byte	0xa8
 18192 0e2e 2D       		.uleb128 0x2d
 18193 0e2f A8       		.byte	0xa8
 18194 0e30 00       		.uleb128 0
 18195 0e31 9F       		.byte	0x9f
ARM GAS  /tmp/ccRHyJSn.s 			page 326


 18196 0e32 00       		.byte	0
 18197              	.LVUS21:
 18198 0e33 00       		.uleb128 0
 18199 0e34 00       		.uleb128 .LVU485
 18200 0e35 00       		.uleb128 .LVU485
 18201 0e36 00       		.uleb128 0
 18202              	.LLST21:
 18203 0e37 06       		.byte	0x6
 18204 0e38 00000000 		.4byte	.LVL78
 18205 0e3c 04       		.byte	0x4
 18206 0e3d 00       		.uleb128 .LVL78-.LVL78
 18207 0e3e 06       		.uleb128 .LVL79-.LVL78
 18208 0e3f 01       		.uleb128 0x1
 18209 0e40 50       		.byte	0x50
 18210 0e41 04       		.byte	0x4
 18211 0e42 06       		.uleb128 .LVL79-.LVL78
 18212 0e43 10       		.uleb128 .LFE254-.LVL78
 18213 0e44 0A       		.uleb128 0xa
 18214 0e45 A3       		.byte	0xa3
 18215 0e46 03       		.uleb128 0x3
 18216 0e47 A5       		.byte	0xa5
 18217 0e48 00       		.uleb128 0
 18218 0e49 26       		.uleb128 0x26
 18219 0e4a A8       		.byte	0xa8
 18220 0e4b 2D       		.uleb128 0x2d
 18221 0e4c A8       		.byte	0xa8
 18222 0e4d 00       		.uleb128 0
 18223 0e4e 9F       		.byte	0x9f
 18224 0e4f 00       		.byte	0
 18225              	.LVUS22:
 18226 0e50 00       		.uleb128 0
 18227 0e51 00       		.uleb128 .LVU491
 18228 0e52 00       		.uleb128 .LVU491
 18229 0e53 00       		.uleb128 0
 18230              	.LLST22:
 18231 0e54 06       		.byte	0x6
 18232 0e55 00000000 		.4byte	.LVL81
 18233 0e59 04       		.byte	0x4
 18234 0e5a 00       		.uleb128 .LVL81-.LVL81
 18235 0e5b 06       		.uleb128 .LVL82-.LVL81
 18236 0e5c 01       		.uleb128 0x1
 18237 0e5d 50       		.byte	0x50
 18238 0e5e 04       		.byte	0x4
 18239 0e5f 06       		.uleb128 .LVL82-.LVL81
 18240 0e60 10       		.uleb128 .LFE255-.LVL81
 18241 0e61 0A       		.uleb128 0xa
 18242 0e62 A3       		.byte	0xa3
 18243 0e63 03       		.uleb128 0x3
 18244 0e64 A5       		.byte	0xa5
 18245 0e65 00       		.uleb128 0
 18246 0e66 26       		.uleb128 0x26
 18247 0e67 A8       		.byte	0xa8
 18248 0e68 2D       		.uleb128 0x2d
 18249 0e69 A8       		.byte	0xa8
 18250 0e6a 00       		.uleb128 0
 18251 0e6b 9F       		.byte	0x9f
 18252 0e6c 00       		.byte	0
ARM GAS  /tmp/ccRHyJSn.s 			page 327


 18253              	.Ldebug_loc3:
 18254              		.section	.debug_aranges,"",%progbits
 18255 0000 4C020000 		.4byte	0x24c
 18256 0004 0200     		.2byte	0x2
 18257 0006 00000000 		.4byte	.Ldebug_info0
 18258 000a 04       		.byte	0x4
 18259 000b 00       		.byte	0
 18260 000c 0000     		.2byte	0
 18261 000e 0000     		.2byte	0
 18262 0010 00000000 		.4byte	.LFB175
 18263 0014 08000000 		.4byte	.LFE175-.LFB175
 18264 0018 00000000 		.4byte	.LFB218
 18265 001c 08000000 		.4byte	.LFE218-.LFB218
 18266 0020 00000000 		.4byte	.LFB233
 18267 0024 20000000 		.4byte	.LFE233-.LFB233
 18268 0028 00000000 		.4byte	.LFB234
 18269 002c 14000000 		.4byte	.LFE234-.LFB234
 18270 0030 00000000 		.4byte	.LFB235
 18271 0034 34000000 		.4byte	.LFE235-.LFB235
 18272 0038 00000000 		.4byte	.LFB236
 18273 003c 24000000 		.4byte	.LFE236-.LFB236
 18274 0040 00000000 		.4byte	.LFB239
 18275 0044 0C000000 		.4byte	.LFE239-.LFB239
 18276 0048 00000000 		.4byte	.LFB240
 18277 004c 4C000000 		.4byte	.LFE240-.LFB240
 18278 0050 00000000 		.4byte	.LFB242
 18279 0054 30000000 		.4byte	.LFE242-.LFB242
 18280 0058 00000000 		.4byte	.LFB243
 18281 005c 24000000 		.4byte	.LFE243-.LFB243
 18282 0060 00000000 		.4byte	.LFB244
 18283 0064 98020000 		.4byte	.LFE244-.LFB244
 18284 0068 00000000 		.4byte	.LFB245
 18285 006c 64000000 		.4byte	.LFE245-.LFB245
 18286 0070 00000000 		.4byte	.LFB247
 18287 0074 1C020000 		.4byte	.LFE247-.LFB247
 18288 0078 00000000 		.4byte	.LFB248
 18289 007c 34000000 		.4byte	.LFE248-.LFB248
 18290 0080 00000000 		.4byte	.LFB249
 18291 0084 0C000000 		.4byte	.LFE249-.LFB249
 18292 0088 00000000 		.4byte	.LFB250
 18293 008c 0C000000 		.4byte	.LFE250-.LFB250
 18294 0090 00000000 		.4byte	.LFB251
 18295 0094 02000000 		.4byte	.LFE251-.LFB251
 18296 0098 00000000 		.4byte	.LFB252
 18297 009c 48000000 		.4byte	.LFE252-.LFB252
 18298 00a0 00000000 		.4byte	.LFB253
 18299 00a4 0C000000 		.4byte	.LFE253-.LFB253
 18300 00a8 00000000 		.4byte	.LFB254
 18301 00ac 10000000 		.4byte	.LFE254-.LFB254
 18302 00b0 00000000 		.4byte	.LFB255
 18303 00b4 10000000 		.4byte	.LFE255-.LFB255
 18304 00b8 00000000 		.4byte	.LFB256
 18305 00bc 14000000 		.4byte	.LFE256-.LFB256
 18306 00c0 00000000 		.4byte	.LFB257
 18307 00c4 0C000000 		.4byte	.LFE257-.LFB257
 18308 00c8 00000000 		.4byte	.LFB258
 18309 00cc 24000000 		.4byte	.LFE258-.LFB258
ARM GAS  /tmp/ccRHyJSn.s 			page 328


 18310 00d0 00000000 		.4byte	.LFB259
 18311 00d4 1C000000 		.4byte	.LFE259-.LFB259
 18312 00d8 00000000 		.4byte	.LFB260
 18313 00dc 28000000 		.4byte	.LFE260-.LFB260
 18314 00e0 00000000 		.4byte	.LFB261
 18315 00e4 30000000 		.4byte	.LFE261-.LFB261
 18316 00e8 00000000 		.4byte	.LFB262
 18317 00ec 1C000000 		.4byte	.LFE262-.LFB262
 18318 00f0 00000000 		.4byte	.LFB241
 18319 00f4 3C000000 		.4byte	.LFE241-.LFB241
 18320 00f8 00000000 		.4byte	.LFB263
 18321 00fc A8000000 		.4byte	.LFE263-.LFB263
 18322 0100 00000000 		.4byte	.LFB264
 18323 0104 20000000 		.4byte	.LFE264-.LFB264
 18324 0108 00000000 		.4byte	.LFB266
 18325 010c 94000000 		.4byte	.LFE266-.LFB266
 18326 0110 00000000 		.4byte	.LFB267
 18327 0114 B0000000 		.4byte	.LFE267-.LFB267
 18328 0118 00000000 		.4byte	.LFB268
 18329 011c 1E000000 		.4byte	.LFE268-.LFB268
 18330 0120 00000000 		.4byte	.LFB282
 18331 0124 3C000000 		.4byte	.LFE282-.LFB282
 18332 0128 00000000 		.4byte	.LFB285
 18333 012c 28000000 		.4byte	.LFE285-.LFB285
 18334 0130 00000000 		.4byte	.LFB269
 18335 0134 44000000 		.4byte	.LFE269-.LFB269
 18336 0138 00000000 		.4byte	.LFB270
 18337 013c 14000000 		.4byte	.LFE270-.LFB270
 18338 0140 00000000 		.4byte	.LFB271
 18339 0144 3C000000 		.4byte	.LFE271-.LFB271
 18340 0148 00000000 		.4byte	.LFB272
 18341 014c 80000000 		.4byte	.LFE272-.LFB272
 18342 0150 00000000 		.4byte	.LFB274
 18343 0154 24000000 		.4byte	.LFE274-.LFB274
 18344 0158 00000000 		.4byte	.LFB275
 18345 015c 20000000 		.4byte	.LFE275-.LFB275
 18346 0160 00000000 		.4byte	.LFB276
 18347 0164 40000000 		.4byte	.LFE276-.LFB276
 18348 0168 00000000 		.4byte	.LFB277
 18349 016c 6A000000 		.4byte	.LFE277-.LFB277
 18350 0170 00000000 		.4byte	.LFB278
 18351 0174 80000000 		.4byte	.LFE278-.LFB278
 18352 0178 00000000 		.4byte	.LFB279
 18353 017c 4C000000 		.4byte	.LFE279-.LFB279
 18354 0180 00000000 		.4byte	.LFB273
 18355 0184 68000000 		.4byte	.LFE273-.LFB273
 18356 0188 00000000 		.4byte	.LFB281
 18357 018c 24000000 		.4byte	.LFE281-.LFB281
 18358 0190 00000000 		.4byte	.LFB283
 18359 0194 0C000000 		.4byte	.LFE283-.LFB283
 18360 0198 00000000 		.4byte	.LFB284
 18361 019c 10000000 		.4byte	.LFE284-.LFB284
 18362 01a0 00000000 		.4byte	.LFB286
 18363 01a4 00010000 		.4byte	.LFE286-.LFB286
 18364 01a8 00000000 		.4byte	.LFB287
 18365 01ac 9C000000 		.4byte	.LFE287-.LFB287
 18366 01b0 00000000 		.4byte	.LFB288
ARM GAS  /tmp/ccRHyJSn.s 			page 329


 18367 01b4 68000000 		.4byte	.LFE288-.LFB288
 18368 01b8 00000000 		.4byte	.LFB289
 18369 01bc D8000000 		.4byte	.LFE289-.LFB289
 18370 01c0 00000000 		.4byte	.LFB290
 18371 01c4 1E000000 		.4byte	.LFE290-.LFB290
 18372 01c8 00000000 		.4byte	.LFB291
 18373 01cc 0C000000 		.4byte	.LFE291-.LFB291
 18374 01d0 00000000 		.4byte	.LFB292
 18375 01d4 0C000000 		.4byte	.LFE292-.LFB292
 18376 01d8 00000000 		.4byte	.LFB293
 18377 01dc 34000000 		.4byte	.LFE293-.LFB293
 18378 01e0 00000000 		.4byte	.LFB294
 18379 01e4 10000000 		.4byte	.LFE294-.LFB294
 18380 01e8 00000000 		.4byte	.LFB295
 18381 01ec C4000000 		.4byte	.LFE295-.LFB295
 18382 01f0 00000000 		.4byte	.LFB296
 18383 01f4 20000000 		.4byte	.LFE296-.LFB296
 18384 01f8 00000000 		.4byte	.LFB297
 18385 01fc F4010000 		.4byte	.LFE297-.LFB297
 18386 0200 00000000 		.4byte	.LFB298
 18387 0204 B0000000 		.4byte	.LFE298-.LFB298
 18388 0208 00000000 		.4byte	.LFB299
 18389 020c 18000000 		.4byte	.LFE299-.LFB299
 18390 0210 00000000 		.4byte	.LFB300
 18391 0214 0C000000 		.4byte	.LFE300-.LFB300
 18392 0218 00000000 		.4byte	.LFB301
 18393 021c 28000000 		.4byte	.LFE301-.LFB301
 18394 0220 00000000 		.4byte	.LFB302
 18395 0224 24000000 		.4byte	.LFE302-.LFB302
 18396 0228 00000000 		.4byte	.LFB303
 18397 022c 20000000 		.4byte	.LFE303-.LFB303
 18398 0230 00000000 		.4byte	.LFB304
 18399 0234 20000000 		.4byte	.LFE304-.LFB304
 18400 0238 00000000 		.4byte	.LFB305
 18401 023c 1A000000 		.4byte	.LFE305-.LFB305
 18402 0240 00000000 		.4byte	.LFB306
 18403 0244 20000000 		.4byte	.LFE306-.LFB306
 18404 0248 00000000 		.4byte	0
 18405 024c 00000000 		.4byte	0
 18406              		.section	.debug_rnglists,"",%progbits
 18407              	.Ldebug_ranges0:
 18408 0000 57020000 		.4byte	.Ldebug_ranges3-.Ldebug_ranges2
 18409              	.Ldebug_ranges2:
 18410 0004 0500     		.2byte	0x5
 18411 0006 04       		.byte	0x4
 18412 0007 00       		.byte	0
 18413 0008 00000000 		.4byte	0
 18414              	.LLRL4:
 18415 000c 05       		.byte	0x5
 18416 000d 08000000 		.4byte	.LBB15
 18417 0011 04       		.byte	0x4
 18418 0012 00       		.uleb128 .LBB15-.LBB15
 18419 0013 18       		.uleb128 .LBE15-.LBB15
 18420 0014 04       		.byte	0x4
 18421 0015 20       		.uleb128 .LBB16-.LBB15
 18422 0016 24       		.uleb128 .LBE16-.LBB15
 18423 0017 04       		.byte	0x4
ARM GAS  /tmp/ccRHyJSn.s 			page 330


 18424 0018 2C       		.uleb128 .LBB17-.LBB15
 18425 0019 9202     		.uleb128 .LBE17-.LBB15
 18426 001b 00       		.byte	0
 18427              	.LLRL8:
 18428 001c 05       		.byte	0x5
 18429 001d 1A010000 		.4byte	.LBB18
 18430 0021 04       		.byte	0x4
 18431 0022 00       		.uleb128 .LBB18-.LBB18
 18432 0023 36       		.uleb128 .LBE18-.LBB18
 18433 0024 04       		.byte	0x4
 18434 0025 48       		.uleb128 .LBB19-.LBB18
 18435 0026 FE02     		.uleb128 .LBE19-.LBB18
 18436 0028 00       		.byte	0
 18437              	.LLRL17:
 18438 0029 05       		.byte	0x5
 18439 002a 06000000 		.4byte	.LBB22
 18440 002e 04       		.byte	0x4
 18441 002f 00       		.uleb128 .LBB22-.LBB22
 18442 0030 04       		.uleb128 .LBE22-.LBB22
 18443 0031 04       		.byte	0x4
 18444 0032 06       		.uleb128 .LBB26-.LBB22
 18445 0033 60       		.uleb128 .LBE26-.LBB22
 18446 0034 04       		.byte	0x4
 18447 0035 EE02     		.uleb128 .LBB27-.LBB22
 18448 0037 AE03     		.uleb128 .LBE27-.LBB22
 18449 0039 00       		.byte	0
 18450              	.LLRL32:
 18451 003a 05       		.byte	0x5
 18452 003b 72000000 		.4byte	.LBB38
 18453 003f 04       		.byte	0x4
 18454 0040 00       		.uleb128 .LBB38-.LBB38
 18455 0041 04       		.uleb128 .LBE38-.LBB38
 18456 0042 04       		.byte	0x4
 18457 0043 08       		.uleb128 .LBB41-.LBB38
 18458 0044 36       		.uleb128 .LBE41-.LBB38
 18459 0045 00       		.byte	0
 18460              	.LLRL50:
 18461 0046 05       		.byte	0x5
 18462 0047 0A000000 		.4byte	.LBB42
 18463 004b 04       		.byte	0x4
 18464 004c 00       		.uleb128 .LBB42-.LBB42
 18465 004d 00       		.uleb128 .LBE42-.LBB42
 18466 004e 04       		.byte	0x4
 18467 004f 02       		.uleb128 .LBB43-.LBB42
 18468 0050 1E       		.uleb128 .LBE43-.LBB42
 18469 0051 00       		.byte	0
 18470              	.LLRL52:
 18471 0052 05       		.byte	0x5
 18472 0053 00000000 		.4byte	.LBB44
 18473 0057 04       		.byte	0x4
 18474 0058 00       		.uleb128 .LBB44-.LBB44
 18475 0059 00       		.uleb128 .LBE44-.LBB44
 18476 005a 04       		.byte	0x4
 18477 005b 02       		.uleb128 .LBB45-.LBB44
 18478 005c 08       		.uleb128 .LBE45-.LBB44
 18479 005d 04       		.byte	0x4
 18480 005e 0A       		.uleb128 .LBB46-.LBB44
ARM GAS  /tmp/ccRHyJSn.s 			page 331


 18481 005f 1A       		.uleb128 .LBE46-.LBB44
 18482 0060 00       		.byte	0
 18483              	.LLRL57:
 18484 0061 05       		.byte	0x5
 18485 0062 0A000000 		.4byte	.LBB56
 18486 0066 04       		.byte	0x4
 18487 0067 00       		.uleb128 .LBB56-.LBB56
 18488 0068 34       		.uleb128 .LBE56-.LBB56
 18489 0069 04       		.byte	0x4
 18490 006a 36       		.uleb128 .LBB65-.LBB56
 18491 006b 42       		.uleb128 .LBE65-.LBB56
 18492 006c 00       		.byte	0
 18493              	.LLRL60:
 18494 006d 05       		.byte	0x5
 18495 006e 18000000 		.4byte	.LBB58
 18496 0072 04       		.byte	0x4
 18497 0073 00       		.uleb128 .LBB58-.LBB58
 18498 0074 10       		.uleb128 .LBE58-.LBB58
 18499 0075 04       		.byte	0x4
 18500 0076 28       		.uleb128 .LBB63-.LBB58
 18501 0077 34       		.uleb128 .LBE63-.LBB58
 18502 0078 00       		.byte	0
 18503              	.LLRL64:
 18504 0079 05       		.byte	0x5
 18505 007a 00000000 		.4byte	.LBB68
 18506 007e 04       		.byte	0x4
 18507 007f 00       		.uleb128 .LBB68-.LBB68
 18508 0080 00       		.uleb128 .LBE68-.LBB68
 18509 0081 04       		.byte	0x4
 18510 0082 04       		.uleb128 .LBB71-.LBB68
 18511 0083 16       		.uleb128 .LBE71-.LBB68
 18512 0084 00       		.byte	0
 18513              	.LLRL87:
 18514 0085 05       		.byte	0x5
 18515 0086 06000000 		.4byte	.LBB76
 18516 008a 04       		.byte	0x4
 18517 008b 00       		.uleb128 .LBB76-.LBB76
 18518 008c 0A       		.uleb128 .LBE76-.LBB76
 18519 008d 04       		.byte	0x4
 18520 008e 10       		.uleb128 .LBB77-.LBB76
 18521 008f 1E       		.uleb128 .LBE77-.LBB76
 18522 0090 04       		.byte	0x4
 18523 0091 28       		.uleb128 .LBB78-.LBB76
 18524 0092 62       		.uleb128 .LBE78-.LBB76
 18525 0093 00       		.byte	0
 18526              	.LLRL92:
 18527 0094 05       		.byte	0x5
 18528 0095 44000000 		.4byte	.LBB80
 18529 0099 04       		.byte	0x4
 18530 009a 00       		.uleb128 .LBB80-.LBB80
 18531 009b 04       		.uleb128 .LBE80-.LBB80
 18532 009c 04       		.byte	0x4
 18533 009d 0C       		.uleb128 .LBB81-.LBB80
 18534 009e 30       		.uleb128 .LBE81-.LBB80
 18535 009f 04       		.byte	0x4
 18536 00a0 3E       		.uleb128 .LBB82-.LBB80
 18537 00a1 62       		.uleb128 .LBE82-.LBB80
ARM GAS  /tmp/ccRHyJSn.s 			page 332


 18538 00a2 00       		.byte	0
 18539              	.LLRL115:
 18540 00a3 07       		.byte	0x7
 18541 00a4 00000000 		.4byte	.LFB175
 18542 00a8 08       		.uleb128 .LFE175-.LFB175
 18543 00a9 07       		.byte	0x7
 18544 00aa 00000000 		.4byte	.LFB218
 18545 00ae 08       		.uleb128 .LFE218-.LFB218
 18546 00af 07       		.byte	0x7
 18547 00b0 00000000 		.4byte	.LFB233
 18548 00b4 20       		.uleb128 .LFE233-.LFB233
 18549 00b5 07       		.byte	0x7
 18550 00b6 00000000 		.4byte	.LFB234
 18551 00ba 14       		.uleb128 .LFE234-.LFB234
 18552 00bb 07       		.byte	0x7
 18553 00bc 00000000 		.4byte	.LFB235
 18554 00c0 34       		.uleb128 .LFE235-.LFB235
 18555 00c1 07       		.byte	0x7
 18556 00c2 00000000 		.4byte	.LFB236
 18557 00c6 24       		.uleb128 .LFE236-.LFB236
 18558 00c7 07       		.byte	0x7
 18559 00c8 00000000 		.4byte	.LFB239
 18560 00cc 0C       		.uleb128 .LFE239-.LFB239
 18561 00cd 07       		.byte	0x7
 18562 00ce 00000000 		.4byte	.LFB240
 18563 00d2 4C       		.uleb128 .LFE240-.LFB240
 18564 00d3 07       		.byte	0x7
 18565 00d4 00000000 		.4byte	.LFB242
 18566 00d8 30       		.uleb128 .LFE242-.LFB242
 18567 00d9 07       		.byte	0x7
 18568 00da 00000000 		.4byte	.LFB243
 18569 00de 24       		.uleb128 .LFE243-.LFB243
 18570 00df 07       		.byte	0x7
 18571 00e0 00000000 		.4byte	.LFB244
 18572 00e4 9805     		.uleb128 .LFE244-.LFB244
 18573 00e6 07       		.byte	0x7
 18574 00e7 00000000 		.4byte	.LFB245
 18575 00eb 64       		.uleb128 .LFE245-.LFB245
 18576 00ec 07       		.byte	0x7
 18577 00ed 00000000 		.4byte	.LFB247
 18578 00f1 9C04     		.uleb128 .LFE247-.LFB247
 18579 00f3 07       		.byte	0x7
 18580 00f4 00000000 		.4byte	.LFB248
 18581 00f8 34       		.uleb128 .LFE248-.LFB248
 18582 00f9 07       		.byte	0x7
 18583 00fa 00000000 		.4byte	.LFB249
 18584 00fe 0C       		.uleb128 .LFE249-.LFB249
 18585 00ff 07       		.byte	0x7
 18586 0100 00000000 		.4byte	.LFB250
 18587 0104 0C       		.uleb128 .LFE250-.LFB250
 18588 0105 07       		.byte	0x7
 18589 0106 00000000 		.4byte	.LFB251
 18590 010a 02       		.uleb128 .LFE251-.LFB251
 18591 010b 07       		.byte	0x7
 18592 010c 00000000 		.4byte	.LFB252
 18593 0110 48       		.uleb128 .LFE252-.LFB252
 18594 0111 07       		.byte	0x7
ARM GAS  /tmp/ccRHyJSn.s 			page 333


 18595 0112 00000000 		.4byte	.LFB253
 18596 0116 0C       		.uleb128 .LFE253-.LFB253
 18597 0117 07       		.byte	0x7
 18598 0118 00000000 		.4byte	.LFB254
 18599 011c 10       		.uleb128 .LFE254-.LFB254
 18600 011d 07       		.byte	0x7
 18601 011e 00000000 		.4byte	.LFB255
 18602 0122 10       		.uleb128 .LFE255-.LFB255
 18603 0123 07       		.byte	0x7
 18604 0124 00000000 		.4byte	.LFB256
 18605 0128 14       		.uleb128 .LFE256-.LFB256
 18606 0129 07       		.byte	0x7
 18607 012a 00000000 		.4byte	.LFB257
 18608 012e 0C       		.uleb128 .LFE257-.LFB257
 18609 012f 07       		.byte	0x7
 18610 0130 00000000 		.4byte	.LFB258
 18611 0134 24       		.uleb128 .LFE258-.LFB258
 18612 0135 07       		.byte	0x7
 18613 0136 00000000 		.4byte	.LFB259
 18614 013a 1C       		.uleb128 .LFE259-.LFB259
 18615 013b 07       		.byte	0x7
 18616 013c 00000000 		.4byte	.LFB260
 18617 0140 28       		.uleb128 .LFE260-.LFB260
 18618 0141 07       		.byte	0x7
 18619 0142 00000000 		.4byte	.LFB261
 18620 0146 30       		.uleb128 .LFE261-.LFB261
 18621 0147 07       		.byte	0x7
 18622 0148 00000000 		.4byte	.LFB262
 18623 014c 1C       		.uleb128 .LFE262-.LFB262
 18624 014d 07       		.byte	0x7
 18625 014e 00000000 		.4byte	.LFB241
 18626 0152 3C       		.uleb128 .LFE241-.LFB241
 18627 0153 07       		.byte	0x7
 18628 0154 00000000 		.4byte	.LFB263
 18629 0158 A801     		.uleb128 .LFE263-.LFB263
 18630 015a 07       		.byte	0x7
 18631 015b 00000000 		.4byte	.LFB264
 18632 015f 20       		.uleb128 .LFE264-.LFB264
 18633 0160 07       		.byte	0x7
 18634 0161 00000000 		.4byte	.LFB266
 18635 0165 9401     		.uleb128 .LFE266-.LFB266
 18636 0167 07       		.byte	0x7
 18637 0168 00000000 		.4byte	.LFB267
 18638 016c B001     		.uleb128 .LFE267-.LFB267
 18639 016e 07       		.byte	0x7
 18640 016f 00000000 		.4byte	.LFB268
 18641 0173 1E       		.uleb128 .LFE268-.LFB268
 18642 0174 07       		.byte	0x7
 18643 0175 00000000 		.4byte	.LFB282
 18644 0179 3C       		.uleb128 .LFE282-.LFB282
 18645 017a 07       		.byte	0x7
 18646 017b 00000000 		.4byte	.LFB285
 18647 017f 28       		.uleb128 .LFE285-.LFB285
 18648 0180 07       		.byte	0x7
 18649 0181 00000000 		.4byte	.LFB269
 18650 0185 44       		.uleb128 .LFE269-.LFB269
 18651 0186 07       		.byte	0x7
ARM GAS  /tmp/ccRHyJSn.s 			page 334


 18652 0187 00000000 		.4byte	.LFB270
 18653 018b 14       		.uleb128 .LFE270-.LFB270
 18654 018c 07       		.byte	0x7
 18655 018d 00000000 		.4byte	.LFB271
 18656 0191 3C       		.uleb128 .LFE271-.LFB271
 18657 0192 07       		.byte	0x7
 18658 0193 00000000 		.4byte	.LFB272
 18659 0197 8001     		.uleb128 .LFE272-.LFB272
 18660 0199 07       		.byte	0x7
 18661 019a 00000000 		.4byte	.LFB274
 18662 019e 24       		.uleb128 .LFE274-.LFB274
 18663 019f 07       		.byte	0x7
 18664 01a0 00000000 		.4byte	.LFB275
 18665 01a4 20       		.uleb128 .LFE275-.LFB275
 18666 01a5 07       		.byte	0x7
 18667 01a6 00000000 		.4byte	.LFB276
 18668 01aa 40       		.uleb128 .LFE276-.LFB276
 18669 01ab 07       		.byte	0x7
 18670 01ac 00000000 		.4byte	.LFB277
 18671 01b0 6A       		.uleb128 .LFE277-.LFB277
 18672 01b1 07       		.byte	0x7
 18673 01b2 00000000 		.4byte	.LFB278
 18674 01b6 8001     		.uleb128 .LFE278-.LFB278
 18675 01b8 07       		.byte	0x7
 18676 01b9 00000000 		.4byte	.LFB279
 18677 01bd 4C       		.uleb128 .LFE279-.LFB279
 18678 01be 07       		.byte	0x7
 18679 01bf 00000000 		.4byte	.LFB273
 18680 01c3 68       		.uleb128 .LFE273-.LFB273
 18681 01c4 07       		.byte	0x7
 18682 01c5 00000000 		.4byte	.LFB281
 18683 01c9 24       		.uleb128 .LFE281-.LFB281
 18684 01ca 07       		.byte	0x7
 18685 01cb 00000000 		.4byte	.LFB283
 18686 01cf 0C       		.uleb128 .LFE283-.LFB283
 18687 01d0 07       		.byte	0x7
 18688 01d1 00000000 		.4byte	.LFB284
 18689 01d5 10       		.uleb128 .LFE284-.LFB284
 18690 01d6 07       		.byte	0x7
 18691 01d7 00000000 		.4byte	.LFB286
 18692 01db 8002     		.uleb128 .LFE286-.LFB286
 18693 01dd 07       		.byte	0x7
 18694 01de 00000000 		.4byte	.LFB287
 18695 01e2 9C01     		.uleb128 .LFE287-.LFB287
 18696 01e4 07       		.byte	0x7
 18697 01e5 00000000 		.4byte	.LFB288
 18698 01e9 68       		.uleb128 .LFE288-.LFB288
 18699 01ea 07       		.byte	0x7
 18700 01eb 00000000 		.4byte	.LFB289
 18701 01ef D801     		.uleb128 .LFE289-.LFB289
 18702 01f1 07       		.byte	0x7
 18703 01f2 00000000 		.4byte	.LFB290
 18704 01f6 1E       		.uleb128 .LFE290-.LFB290
 18705 01f7 07       		.byte	0x7
 18706 01f8 00000000 		.4byte	.LFB291
 18707 01fc 0C       		.uleb128 .LFE291-.LFB291
 18708 01fd 07       		.byte	0x7
ARM GAS  /tmp/ccRHyJSn.s 			page 335


 18709 01fe 00000000 		.4byte	.LFB292
 18710 0202 0C       		.uleb128 .LFE292-.LFB292
 18711 0203 07       		.byte	0x7
 18712 0204 00000000 		.4byte	.LFB293
 18713 0208 34       		.uleb128 .LFE293-.LFB293
 18714 0209 07       		.byte	0x7
 18715 020a 00000000 		.4byte	.LFB294
 18716 020e 10       		.uleb128 .LFE294-.LFB294
 18717 020f 07       		.byte	0x7
 18718 0210 00000000 		.4byte	.LFB295
 18719 0214 C401     		.uleb128 .LFE295-.LFB295
 18720 0216 07       		.byte	0x7
 18721 0217 00000000 		.4byte	.LFB296
 18722 021b 20       		.uleb128 .LFE296-.LFB296
 18723 021c 07       		.byte	0x7
 18724 021d 00000000 		.4byte	.LFB297
 18725 0221 F403     		.uleb128 .LFE297-.LFB297
 18726 0223 07       		.byte	0x7
 18727 0224 00000000 		.4byte	.LFB298
 18728 0228 B001     		.uleb128 .LFE298-.LFB298
 18729 022a 07       		.byte	0x7
 18730 022b 00000000 		.4byte	.LFB299
 18731 022f 18       		.uleb128 .LFE299-.LFB299
 18732 0230 07       		.byte	0x7
 18733 0231 00000000 		.4byte	.LFB300
 18734 0235 0C       		.uleb128 .LFE300-.LFB300
 18735 0236 07       		.byte	0x7
 18736 0237 00000000 		.4byte	.LFB301
 18737 023b 28       		.uleb128 .LFE301-.LFB301
 18738 023c 07       		.byte	0x7
 18739 023d 00000000 		.4byte	.LFB302
 18740 0241 24       		.uleb128 .LFE302-.LFB302
 18741 0242 07       		.byte	0x7
 18742 0243 00000000 		.4byte	.LFB303
 18743 0247 20       		.uleb128 .LFE303-.LFB303
 18744 0248 07       		.byte	0x7
 18745 0249 00000000 		.4byte	.LFB304
 18746 024d 20       		.uleb128 .LFE304-.LFB304
 18747 024e 07       		.byte	0x7
 18748 024f 00000000 		.4byte	.LFB305
 18749 0253 1A       		.uleb128 .LFE305-.LFB305
 18750 0254 07       		.byte	0x7
 18751 0255 00000000 		.4byte	.LFB306
 18752 0259 20       		.uleb128 .LFE306-.LFB306
 18753 025a 00       		.byte	0
 18754              	.Ldebug_ranges3:
 18755              		.section	.debug_line,"",%progbits
 18756              	.Ldebug_line0:
 18757 0000 A41D0000 		.section	.debug_str,"MS",%progbits,1
 18757      03001602 
 18757      00000201 
 18757      FB0E0D00 
 18757      01010101 
 18758              	.LASF89:
 18759 0000 64726976 		.ascii	"drive3_level_offset\000"
 18759      65335F6C 
 18759      6576656C 
ARM GAS  /tmp/ccRHyJSn.s 			page 336


 18759      5F6F6666 
 18759      73657400 
 18760              	.LASF428:
 18761 0014 656E6162 		.ascii	"enable_ultra\000"
 18761      6C655F75 
 18761      6C747261 
 18761      00
 18762              	.LASF370:
 18763 0021 4350745F 		.ascii	"CPt_LONG_RESET\000"
 18763      4C4F4E47 
 18763      5F524553 
 18763      455400
 18764              	.LASF254:
 18765 0030 545F4D4F 		.ascii	"T_MODE\000"
 18765      444500
 18766              	.LASF239:
 18767 0037 70726573 		.ascii	"preset_name\000"
 18767      65745F6E 
 18767      616D6500 
 18768              	.LASF375:
 18769 0043 43506D5F 		.ascii	"CPm_10pct\000"
 18769      31307063 
 18769      7400
 18770              	.LASF171:
 18771 004d 6D656173 		.ascii	"measurement\000"
 18771      7572656D 
 18771      656E7400 
 18772              	.LASF324:
 18773 0059 53493434 		.ascii	"SI446X_STATE_READY2\000"
 18773      36585F53 
 18773      54415445 
 18773      5F524541 
 18773      44593200 
 18774              	.LASF480:
 18775 006d 53493434 		.ascii	"SI4463_clear_int_status\000"
 18775      36335F63 
 18775      6C656172 
 18775      5F696E74 
 18775      5F737461 
 18776              	.LASF429:
 18777 0085 6F6C645F 		.ascii	"old_ultra\000"
 18777      756C7472 
 18777      6100
 18778              	.LASF144:
 18779 008f 62616E64 		.ascii	"band_t\000"
 18779      5F7400
 18780              	.LASF200:
 18781 0096 66726571 		.ascii	"freq_mode\000"
 18781      5F6D6F64 
 18781      6500
 18782              	.LASF439:
 18783 00a0 53493434 		.ascii	"SI4463_set_freq\000"
 18783      36335F73 
 18783      65745F66 
 18783      72657100 
 18784              	.LASF51:
 18785 00b0 5F426F6F 		.ascii	"_Bool\000"
ARM GAS  /tmp/ccRHyJSn.s 			page 337


 18785      6C00
 18786              	.LASF98:
 18787 00b6 636F7272 		.ascii	"correction_frequency\000"
 18787      65637469 
 18787      6F6E5F66 
 18787      72657175 
 18787      656E6379 
 18788              	.LASF222:
 18789 00cb 66726571 		.ascii	"frequency_var\000"
 18789      75656E63 
 18789      795F7661 
 18789      7200
 18790              	.LASF228:
 18791 00d9 6C696D69 		.ascii	"limits\000"
 18791      747300
 18792              	.LASF245:
 18793 00e0 53493434 		.ascii	"SI4463_rbw_selected\000"
 18793      36335F72 
 18793      62775F73 
 18793      656C6563 
 18793      74656400 
 18794              	.LASF372:
 18795 00f4 4350745F 		.ascii	"CPt_FORCE_SINK\000"
 18795      464F5243 
 18795      455F5349 
 18795      4E4B00
 18796              	.LASF546:
 18797 0103 474E5520 		.ascii	"GNU C11 13.2.1 20231009 -mcpu=cortex-m4 -mfloat-abi"
 18797      43313120 
 18797      31332E32 
 18797      2E312032 
 18797      30323331 
 18798 0136 3D686172 		.ascii	"=hard -mfpu=fpv4-sp-d16 -mno-thumb-interwork -mthum"
 18798      64202D6D 
 18798      6670753D 
 18798      66707634 
 18798      2D73702D 
 18799 0169 62202D6D 		.ascii	"b -march=armv7e-m+fp -ggdb -Og -std=c11 -fno-inline"
 18799      61726368 
 18799      3D61726D 
 18799      7637652D 
 18799      6D2B6670 
 18800 019c 2D736D61 		.ascii	"-small-functions -fomit-frame-pointer -falign-funct"
 18800      6C6C2D66 
 18800      756E6374 
 18800      696F6E73 
 18800      202D666F 
 18801 01cf 696F6E73 		.ascii	"ions=16 -fstack-usage -ffunction-sections -fdata-se"
 18801      3D313620 
 18801      2D667374 
 18801      61636B2D 
 18801      75736167 
 18802 0202 6374696F 		.ascii	"ctions -fno-common -fsingle-precision-constant\000"
 18802      6E73202D 
 18802      666E6F2D 
 18802      636F6D6D 
 18802      6F6E202D 
ARM GAS  /tmp/ccRHyJSn.s 			page 338


 18803              	.LASF198:
 18804 0231 73746570 		.ascii	"step_delay\000"
 18804      5F64656C 
 18804      617900
 18805              	.LASF121:
 18806 023c 6E6F5F61 		.ascii	"no_audio_agc\000"
 18806      7564696F 
 18806      5F616763 
 18806      00
 18807              	.LASF31:
 18808 0249 444F5231 		.ascii	"DOR1\000"
 18808      00
 18809              	.LASF32:
 18810 024e 444F5232 		.ascii	"DOR2\000"
 18810      00
 18811              	.LASF295:
 18812 0253 53493434 		.ascii	"SI446X_GPIO_MODE_INVALID_PREAMBLE\000"
 18812      36585F47 
 18812      50494F5F 
 18812      4D4F4445 
 18812      5F494E56 
 18813              	.LASF244:
 18814 0275 6F706572 		.ascii	"operation_requested\000"
 18814      6174696F 
 18814      6E5F7265 
 18814      71756573 
 18814      74656400 
 18815              	.LASF503:
 18816 0289 41444634 		.ascii	"ADF4351_enable_aux_out\000"
 18816      3335315F 
 18816      656E6162 
 18816      6C655F61 
 18816      75785F6F 
 18817              	.LASF409:
 18818 02a0 6E6F6973 		.ascii	"noise_correction_x10\000"
 18818      655F636F 
 18818      72726563 
 18818      74696F6E 
 18818      5F783130 
 18819              	.LASF404:
 18820 02b5 53493434 		.ascii	"SI4463_RBW_300kHz\000"
 18820      36335F52 
 18820      42575F33 
 18820      30306B48 
 18820      7A00
 18821              	.LASF430:
 18822 02c7 656E6162 		.ascii	"enable_extra_lna\000"
 18822      6C655F65 
 18822      78747261 
 18822      5F6C6E61 
 18822      00
 18823              	.LASF208:
 18824 02d8 7262775F 		.ascii	"rbw_x10\000"
 18824      78313000 
 18825              	.LASF349:
 18826 02e0 66617374 		.ascii	"fastlockDivider\000"
 18826      6C6F636B 
ARM GAS  /tmp/ccRHyJSn.s 			page 339


 18826      44697669 
 18826      64657200 
 18827              	.LASF45:
 18828 02f0 42445452 		.ascii	"BDTR\000"
 18828      00
 18829              	.LASF232:
 18830 02f5 61646469 		.ascii	"additional_step_delay_us\000"
 18830      74696F6E 
 18830      616C5F73 
 18830      7465705F 
 18830      64656C61 
 18831              	.LASF16:
 18832 030e 75696E74 		.ascii	"uint16_t\000"
 18832      31365F74 
 18832      00
 18833              	.LASF218:
 18834 0317 6E6F726D 		.ascii	"normalize_level\000"
 18834      616C697A 
 18834      655F6C65 
 18834      76656C00 
 18835              	.LASF150:
 18836 0327 6D757465 		.ascii	"mute\000"
 18836      00
 18837              	.LASF248:
 18838 032c 545F4155 		.ascii	"T_AUTO\000"
 18838      544F00
 18839              	.LASF541:
 18840 0333 73686966 		.ascii	"shiftIn\000"
 18840      74496E00 
 18841              	.LASF343:
 18842 033b 70726576 		.ascii	"prev_actual_freq\000"
 18842      5F616374 
 18842      75616C5F 
 18842      66726571 
 18842      00
 18843              	.LASF328:
 18844 034c 53493434 		.ascii	"SI446X_STATE_RX\000"
 18844      36585F53 
 18844      54415445 
 18844      5F525800 
 18845              	.LASF501:
 18846 035c 41444634 		.ascii	"ADF4351_enable_out\000"
 18846      3335315F 
 18846      656E6162 
 18846      6C655F6F 
 18846      757400
 18847              	.LASF276:
 18848 036f 53493434 		.ascii	"SI446X_GPIO_MODE_BOOT_CLK\000"
 18848      36585F47 
 18848      50494F5F 
 18848      4D4F4445 
 18848      5F424F4F 
 18849              	.LASF83:
 18850 0389 73686966 		.ascii	"shift1_level_offset\000"
 18850      74315F6C 
 18850      6576656C 
 18850      5F6F6666 
ARM GAS  /tmp/ccRHyJSn.s 			page 340


 18850      73657400 
 18851              	.LASF506:
 18852 039d 41444634 		.ascii	"ADF4351_CP\000"
 18852      3335315F 
 18852      435000
 18853              	.LASF472:
 18854 03a8 73695F73 		.ascii	"si_set_offset\000"
 18854      65745F6F 
 18854      66667365 
 18854      7400
 18855              	.LASF123:
 18856 03b6 73645F69 		.ascii	"sd_icon_save\000"
 18856      636F6E5F 
 18856      73617665 
 18856      00
 18857              	.LASF451:
 18858 03c3 67657453 		.ascii	"getSI4463_RSSI_correction\000"
 18858      49343436 
 18858      335F5253 
 18858      53495F63 
 18858      6F727265 
 18859              	.LASF130:
 18860 03dd 6D617832 		.ascii	"max2871\000"
 18860      38373100 
 18861              	.LASF494:
 18862 03e5 53493434 		.ascii	"SI4463_get_state\000"
 18862      36335F67 
 18862      65745F73 
 18862      74617465 
 18862      00
 18863              	.LASF255:
 18864 03f6 545F5052 		.ascii	"T_PRE\000"
 18864      4500
 18865              	.LASF395:
 18866 03fc 53545F46 		.ascii	"ST_FILLING\000"
 18866      494C4C49 
 18866      4E4700
 18867              	.LASF197:
 18868 0407 61747465 		.ascii	"attenuate_x2\000"
 18868      6E756174 
 18868      655F7832 
 18868      00
 18869              	.LASF66:
 18870 0414 64657669 		.ascii	"deviceid\000"
 18870      63656964 
 18870      00
 18871              	.LASF530:
 18872 041d 50453433 		.ascii	"PE4302_Write_Byte\000"
 18872      30325F57 
 18872      72697465 
 18872      5F427974 
 18872      6500
 18873              	.LASF515:
 18874 042f 41444634 		.ascii	"ADF4351_set_frequency\000"
 18874      3335315F 
 18874      7365745F 
 18874      66726571 
ARM GAS  /tmp/ccRHyJSn.s 			page 341


 18874      75656E63 
 18875              	.LASF365:
 18876 0445 4C445F4C 		.ascii	"LD_LOW_SPUR1\000"
 18876      4F575F53 
 18876      50555231 
 18876      00
 18877              	.LASF366:
 18878 0452 4C445F4C 		.ascii	"LD_LOW_SPUR2\000"
 18878      4F575F53 
 18878      50555232 
 18878      00
 18879              	.LASF151:
 18880 045f 6175746F 		.ascii	"auto_IF\000"
 18880      5F494600 
 18881              	.LASF54:
 18882 0467 4F545950 		.ascii	"OTYPER\000"
 18882      455200
 18883              	.LASF323:
 18884 046e 53493434 		.ascii	"SI446X_STATE_READY\000"
 18884      36585F53 
 18884      54415445 
 18884      5F524541 
 18884      445900
 18885              	.LASF104:
 18886 0481 756C7472 		.ascii	"ultra_start\000"
 18886      615F7374 
 18886      61727400 
 18887              	.LASF289:
 18888 048d 53493434 		.ascii	"SI446X_GPIO_MODE_TX_DATA\000"
 18888      36585F47 
 18888      50494F5F 
 18888      4D4F4445 
 18888      5F54585F 
 18889              	.LASF12:
 18890 04a6 696E7433 		.ascii	"int32_t\000"
 18890      325F7400 
 18891              	.LASF511:
 18892 04ae 6E65775F 		.ascii	"new_R\000"
 18892      5200
 18893              	.LASF20:
 18894 04b4 73797374 		.ascii	"systime_t\000"
 18894      696D655F 
 18894      7400
 18895              	.LASF79:
 18896 04be 6C6E615F 		.ascii	"lna_level_offset\000"
 18896      6C657665 
 18896      6C5F6F66 
 18896      66736574 
 18896      00
 18897              	.LASF443:
 18898 04cf 53493434 		.ascii	"SI4463_set_modem_DSM\000"
 18898      36335F73 
 18898      65745F6D 
 18898      6F64656D 
 18898      5F44534D 
 18899              	.LASF167:
 18900 04e4 77617465 		.ascii	"waterfall\000"
ARM GAS  /tmp/ccRHyJSn.s 			page 342


 18900      7266616C 
 18900      6C00
 18901              	.LASF168:
 18902 04ee 6C657665 		.ascii	"level_meter\000"
 18902      6C5F6D65 
 18902      74657200 
 18903              	.LASF193:
 18904 04fa 74726967 		.ascii	"trigger_trace\000"
 18904      6765725F 
 18904      74726163 
 18904      6500
 18905              	.LASF479:
 18906 0508 7365745F 		.ascii	"set_calibration_freq\000"
 18906      63616C69 
 18906      62726174 
 18906      696F6E5F 
 18906      66726571 
 18907              	.LASF452:
 18908 051d 53493434 		.ascii	"SI446x_set_AGC_LNA\000"
 18908      36785F73 
 18908      65745F41 
 18908      47435F4C 
 18908      4E4100
 18909              	.LASF233:
 18910 0530 74726967 		.ascii	"trigger_grid\000"
 18910      6765725F 
 18910      67726964 
 18910      00
 18911              	.LASF161:
 18912 053d 74726967 		.ascii	"trigger\000"
 18912      67657200 
 18913              	.LASF520:
 18914 0545 61646634 		.ascii	"adf4350_get_O\000"
 18914      3335305F 
 18914      6765745F 
 18914      4F00
 18915              	.LASF332:
 18916 0553 6F6C645F 		.ascii	"old_port_moder\000"
 18916      706F7274 
 18916      5F6D6F64 
 18916      657200
 18917              	.LASF115:
 18918 0562 636F725F 		.ascii	"cor_nfm2\000"
 18918      6E666D32 
 18918      00
 18919              	.LASF116:
 18920 056b 636F725F 		.ascii	"cor_nfm3\000"
 18920      6E666D33 
 18920      00
 18921              	.LASF109:
 18922 0574 756C7472 		.ascii	"ultra\000"
 18922      6100
 18923              	.LASF423:
 18924 057a 656E6162 		.ascii	"enable_ADF_output\000"
 18924      6C655F41 
 18924      44465F6F 
 18924      75747075 
ARM GAS  /tmp/ccRHyJSn.s 			page 343


 18924      7400
 18925              	.LASF249:
 18926 058c 545F4E4F 		.ascii	"T_NORMAL\000"
 18926      524D414C 
 18926      00
 18927              	.LASF378:
 18928 0595 43505F4D 		.ascii	"CP_Mode\000"
 18928      6F646500 
 18929              	.LASF538:
 18930 059d 6F73616C 		.ascii	"osalThreadSleep\000"
 18930      54687265 
 18930      6164536C 
 18930      65657000 
 18931              	.LASF454:
 18932 05ad 62726561 		.ascii	"break_on_operation\000"
 18932      6B5F6F6E 
 18932      5F6F7065 
 18932      72617469 
 18932      6F6E00
 18933              	.LASF191:
 18934 05c0 6D756C74 		.ascii	"multi_band\000"
 18934      695F6261 
 18934      6E6400
 18935              	.LASF322:
 18936 05cb 53493434 		.ascii	"SI446X_STATE_SPI_ACTIVE\000"
 18936      36585F53 
 18936      54415445 
 18936      5F535049 
 18936      5F414354 
 18937              	.LASF78:
 18938 05e3 6F75745F 		.ascii	"out_switch_offset\000"
 18938      73776974 
 18938      63685F6F 
 18938      66667365 
 18938      7400
 18939              	.LASF461:
 18940 05f5 53493434 		.ascii	"SI446x_trigger_fill\000"
 18940      36785F74 
 18940      72696767 
 18940      65725F66 
 18940      696C6C00 
 18941              	.LASF270:
 18942 0609 53493434 		.ascii	"SI446X_GPIO_MODE_DONOTHING\000"
 18942      36585F47 
 18942      50494F5F 
 18942      4D4F4445 
 18942      5F444F4E 
 18943              	.LASF135:
 18944 0624 696E6465 		.ascii	"index\000"
 18944      7800
 18945              	.LASF434:
 18946 062a 66726571 		.ascii	"freq\000"
 18946      00
 18947              	.LASF152:
 18948 062f 73776565 		.ascii	"sweep\000"
 18948      7000
 18949              	.LASF347:
ARM GAS  /tmp/ccRHyJSn.s 			page 344


 18950 0635 62734469 		.ascii	"bsDivider\000"
 18950      76696465 
 18950      7200
 18951              	.LASF345:
 18952 063f 706F7765 		.ascii	"powerDown\000"
 18952      72446F77 
 18952      6E00
 18953              	.LASF518:
 18954 0649 6D6F6475 		.ascii	"modulus_x2\000"
 18954      6C75735F 
 18954      783200
 18955              	.LASF106:
 18956 0654 64697265 		.ascii	"direct_start\000"
 18956      63745F73 
 18956      74617274 
 18956      00
 18957              	.LASF523:
 18958 0661 66726163 		.ascii	"fractional\000"
 18958      74696F6E 
 18958      616C00
 18959              	.LASF435:
 18960 066c 6F757470 		.ascii	"output_divider\000"
 18960      75745F64 
 18960      69766964 
 18960      657200
 18961              	.LASF321:
 18962 067b 53493434 		.ascii	"SI446X_STATE_SLEEP\000"
 18962      36585F53 
 18962      54415445 
 18962      5F534C45 
 18962      455000
 18963              	.LASF335:
 18964 068e 6D6F6475 		.ascii	"modulus\000"
 18964      6C757300 
 18965              	.LASF498:
 18966 0696 41444634 		.ascii	"ADF4351_Setup\000"
 18966      3335315F 
 18966      53657475 
 18966      7000
 18967              	.LASF495:
 18968 06a4 53493434 		.ascii	"SI4463_read_byte\000"
 18968      36335F72 
 18968      6561645F 
 18968      62797465 
 18968      00
 18969              	.LASF450:
 18970 06b5 53493434 		.ascii	"SI4463_is_in_tx_mode\000"
 18970      36335F69 
 18970      735F696E 
 18970      5F74785F 
 18970      6D6F6465 
 18971              	.LASF207:
 18972 06ca 736C6964 		.ascii	"slider_span\000"
 18972      65725F73 
 18972      70616E00 
 18973              	.LASF330:
 18974 06d6 53493434 		.ascii	"SI4463_info\000"
ARM GAS  /tmp/ccRHyJSn.s 			page 345


 18974      36335F69 
 18974      6E666F00 
 18975              	.LASF381:
 18976 06e2 53493434 		.ascii	"SI4463_offset_value\000"
 18976      36335F6F 
 18976      66667365 
 18976      745F7661 
 18976      6C756500 
 18977              	.LASF126:
 18978 06f6 6578745F 		.ascii	"ext_zero_level\000"
 18978      7A65726F 
 18978      5F6C6576 
 18978      656C00
 18979              	.LASF320:
 18980 0705 53493434 		.ascii	"SI446X_STATE_NOCHANGE\000"
 18980      36585F53 
 18980      54415445 
 18980      5F4E4F43 
 18980      48414E47 
 18981              	.LASF306:
 18982 071b 53493434 		.ascii	"SI446X_GPIO_MODE_CCA_LATCH\000"
 18982      36585F47 
 18982      50494F5F 
 18982      4D4F4445 
 18982      5F434341 
 18983              	.LASF44:
 18984 0736 43434552 		.ascii	"CCER\000"
 18984      00
 18985              	.LASF38:
 18986 073b 49325350 		.ascii	"I2SPR\000"
 18986      5200
 18987              	.LASF299:
 18988 0741 53493434 		.ascii	"SI446X_GPIO_MODE_PKT_TRACE\000"
 18988      36585F47 
 18988      50494F5F 
 18988      4D4F4445 
 18988      5F504B54 
 18989              	.LASF544:
 18990 075c 5F5F6469 		.ascii	"__disable_irq\000"
 18990      7361626C 
 18990      655F6972 
 18990      7100
 18991              	.LASF468:
 18992 076a 66696C6C 		.ascii	"fill_rest\000"
 18992      5F726573 
 18992      7400
 18993              	.LASF113:
 18994 0774 636F725F 		.ascii	"cor_wfm\000"
 18994      77666D00 
 18995              	.LASF34:
 18996 077c 43524350 		.ascii	"CRCPR\000"
 18996      5200
 18997              	.LASF500:
 18998 0782 6C6F6361 		.ascii	"local_r\000"
 18998      6C5F7200 
 18999              	.LASF519:
 19000 078a 494E5441 		.ascii	"INTA_F\000"
ARM GAS  /tmp/ccRHyJSn.s 			page 346


 19000      5F4600
 19001              	.LASF82:
 19002 0791 73686966 		.ascii	"shift_level_offset\000"
 19002      745F6C65 
 19002      76656C5F 
 19002      6F666673 
 19002      657400
 19003              	.LASF421:
 19004 07a4 6F6C645F 		.ascii	"old_direct\000"
 19004      64697265 
 19004      637400
 19005              	.LASF524:
 19006 07af 70726573 		.ascii	"prescaler\000"
 19006      63616C65 
 19006      7200
 19007              	.LASF205:
 19008 07b9 61747461 		.ascii	"attack\000"
 19008      636B00
 19009              	.LASF309:
 19010 07c0 63686970 		.ascii	"chipRev\000"
 19010      52657600 
 19011              	.LASF358:
 19012 07c8 6C645F70 		.ascii	"ld_pin\000"
 19012      696E00
 19013              	.LASF505:
 19014 07cf 41444634 		.ascii	"ADF4351_get_CP\000"
 19014      3335315F 
 19014      6765745F 
 19014      435000
 19015              	.LASF278:
 19016 07de 53493434 		.ascii	"SI446X_GPIO_MODE_CTS\000"
 19016      36585F47 
 19016      50494F5F 
 19016      4D4F4445 
 19016      5F435453 
 19017              	.LASF176:
 19018 07f3 74726163 		.ascii	"tracking\000"
 19018      6B696E67 
 19018      00
 19019              	.LASF525:
 19020 07fc 41444634 		.ascii	"ADF4351_force_refresh\000"
 19020      3335315F 
 19020      666F7263 
 19020      655F7265 
 19020      66726573 
 19021              	.LASF160:
 19022 0812 6D6F6475 		.ascii	"modulation\000"
 19022      6C617469 
 19022      6F6E00
 19023              	.LASF102:
 19024 081d 66726571 		.ascii	"frequency_IF1\000"
 19024      75656E63 
 19024      795F4946 
 19024      3100
 19025              	.LASF103:
 19026 082b 66726571 		.ascii	"frequency_IF2\000"
 19026      75656E63 
ARM GAS  /tmp/ccRHyJSn.s 			page 347


 19026      795F4946 
 19026      3200
 19027              	.LASF291:
 19028 0839 53493434 		.ascii	"SI446X_GPIO_MODE_RX_RAW_DATA\000"
 19028      36585F47 
 19028      50494F5F 
 19028      4D4F4445 
 19028      5F52585F 
 19029              	.LASF157:
 19030 0856 6D6F6465 		.ascii	"mode\000"
 19030      00
 19031              	.LASF402:
 19032 085b 53493434 		.ascii	"SI4463_RBW_30kHz\000"
 19032      36335F52 
 19032      42575F33 
 19032      306B487A 
 19032      00
 19033              	.LASF514:
 19034 086c 41444634 		.ascii	"ADF4351_modulo\000"
 19034      3335315F 
 19034      6D6F6475 
 19034      6C6F00
 19035              	.LASF379:
 19036 087b 41444634 		.ascii	"ADF4351_dirty\000"
 19036      3335315F 
 19036      64697274 
 19036      7900
 19037              	.LASF478:
 19038 0889 696E666F 		.ascii	"info\000"
 19038      00
 19039              	.LASF216:
 19040 088e 6C657665 		.ascii	"level_sweep\000"
 19040      6C5F7377 
 19040      65657000 
 19041              	.LASF396:
 19042 089a 64426D5F 		.ascii	"dBm_to_volt\000"
 19042      746F5F76 
 19042      6F6C7400 
 19043              	.LASF433:
 19044 08a6 53493434 		.ascii	"SI4463_init_rx\000"
 19044      36335F69 
 19044      6E69745F 
 19044      727800
 19045              	.LASF411:
 19046 08b5 5242575F 		.ascii	"RBW_choices\000"
 19046      63686F69 
 19046      63657300 
 19047              	.LASF91:
 19048 08c1 756C7472 		.ascii	"ultra_level_offset\000"
 19048      615F6C65 
 19048      76656C5F 
 19048      6F666673 
 19048      657400
 19049              	.LASF2:
 19050 08d4 756E7369 		.ascii	"unsigned char\000"
 19050      676E6564 
 19050      20636861 
ARM GAS  /tmp/ccRHyJSn.s 			page 348


 19050      7200
 19051              	.LASF453:
 19052 08e2 53693434 		.ascii	"Si446x_RSSI\000"
 19052      36785F52 
 19052      53534900 
 19053              	.LASF368:
 19054 08ee 6E6F6973 		.ascii	"noiseMode\000"
 19054      654D6F64 
 19054      6500
 19055              	.LASF338:
 19056 08f8 7265675F 		.ascii	"reg_1\000"
 19056      3100
 19057              	.LASF339:
 19058 08fe 7265675F 		.ascii	"reg_2\000"
 19058      3200
 19059              	.LASF340:
 19060 0904 7265675F 		.ascii	"reg_3\000"
 19060      3300
 19061              	.LASF341:
 19062 090a 7265675F 		.ascii	"reg_4\000"
 19062      3400
 19063              	.LASF342:
 19064 0910 7265675F 		.ascii	"reg_5\000"
 19064      3500
 19065              	.LASF220:
 19066 0916 66726571 		.ascii	"frequency0\000"
 19066      75656E63 
 19066      793000
 19067              	.LASF221:
 19068 0921 66726571 		.ascii	"frequency1\000"
 19068      75656E63 
 19068      793100
 19069              	.LASF4:
 19070 092c 666C6F61 		.ascii	"float\000"
 19070      7400
 19071              	.LASF398:
 19072 0932 53493434 		.ascii	"SI4463_RBW_02kHz\000"
 19072      36335F52 
 19072      42575F30 
 19072      326B487A 
 19072      00
 19073              	.LASF24:
 19074 0943 44485238 		.ascii	"DHR8R1\000"
 19074      523100
 19075              	.LASF27:
 19076 094a 44485238 		.ascii	"DHR8R2\000"
 19076      523200
 19077              	.LASF41:
 19078 0951 44494552 		.ascii	"DIER\000"
 19078      00
 19079              	.LASF149:
 19080 0956 74726163 		.ascii	"tracking_output\000"
 19080      6B696E67 
 19080      5F6F7574 
 19080      70757400 
 19081              	.LASF231:
 19082 0966 61637475 		.ascii	"actual_sweep_time_us\000"
ARM GAS  /tmp/ccRHyJSn.s 			page 349


 19082      616C5F73 
 19082      77656570 
 19082      5F74696D 
 19082      655F7573 
 19083              	.LASF201:
 19084 097b 72656665 		.ascii	"refer\000"
 19084      7200
 19085              	.LASF30:
 19086 0981 44485238 		.ascii	"DHR8RD\000"
 19086      524400
 19087              	.LASF517:
 19088 0988 66726571 		.ascii	"freqHz\000"
 19088      487A00
 19089              	.LASF110:
 19090 098f 696E7075 		.ascii	"input_is_calibrated\000"
 19090      745F6973 
 19090      5F63616C 
 19090      69627261 
 19090      74656400 
 19091              	.LASF199:
 19092 09a3 6F666673 		.ascii	"offset_delay\000"
 19092      65745F64 
 19092      656C6179 
 19092      00
 19093              	.LASF36:
 19094 09b0 54584352 		.ascii	"TXCRCR\000"
 19094      435200
 19095              	.LASF142:
 19096 09b7 73746172 		.ascii	"start_index\000"
 19096      745F696E 
 19096      64657800 
 19097              	.LASF223:
 19098 09c3 66726571 		.ascii	"frequency_IF\000"
 19098      75656E63 
 19098      795F4946 
 19098      00
 19099              	.LASF416:
 19100 09d0 73693533 		.ascii	"si5351_set_frequency\000"
 19100      35315F73 
 19100      65745F66 
 19100      72657175 
 19100      656E6379 
 19101              	.LASF19:
 19102 09e5 75696E74 		.ascii	"uint64_t\000"
 19102      36345F74 
 19102      00
 19103              	.LASF311:
 19104 09ee 70617274 		.ascii	"partBuild\000"
 19104      4275696C 
 19104      6400
 19105              	.LASF72:
 19106 09f8 636F725F 		.ascii	"cor_am\000"
 19106      616D00
 19107              	.LASF262:
 19108 09ff 41444634 		.ascii	"ADF4351_frequency_changed\000"
 19108      3335315F 
 19108      66726571 
ARM GAS  /tmp/ccRHyJSn.s 			page 350


 19108      75656E63 
 19108      795F6368 
 19109              	.LASF449:
 19110 0a19 73776974 		.ascii	"switch_SI4463_RSSI_correction\000"
 19110      63685F53 
 19110      49343436 
 19110      335F5253 
 19110      53495F63 
 19111              	.LASF356:
 19112 0a37 4C445F4C 		.ascii	"LD_LOCK_DETECT\000"
 19112      4F434B5F 
 19112      44455445 
 19112      435400
 19113              	.LASF337:
 19114 0a46 6273636D 		.ascii	"bscm\000"
 19114      00
 19115              	.LASF235:
 19116 0a4b 6578705F 		.ascii	"exp_aver\000"
 19116      61766572 
 19116      00
 19117              	.LASF371:
 19118 0a54 4350745F 		.ascii	"CPt_FORCE_SOURCE\000"
 19118      464F5243 
 19118      455F534F 
 19118      55524345 
 19118      00
 19119              	.LASF362:
 19120 0a65 61757845 		.ascii	"auxEnable\000"
 19120      6E61626C 
 19120      6500
 19121              	.LASF189:
 19122 0a6f 6C6F636B 		.ascii	"lock_display\000"
 19122      5F646973 
 19122      706C6179 
 19122      00
 19123              	.LASF35:
 19124 0a7c 52584352 		.ascii	"RXCRCR\000"
 19124      435200
 19125              	.LASF250:
 19126 0a83 545F5349 		.ascii	"T_SINGLE\000"
 19126      4E474C45 
 19126      00
 19127              	.LASF547:
 19128 0a8c 73693434 		.ascii	"si4468.c\000"
 19128      36382E63 
 19128      00
 19129              	.LASF313:
 19130 0a95 726F6D49 		.ascii	"romId\000"
 19130      6400
 19131              	.LASF202:
 19132 0a9b 6D6F6475 		.ascii	"modulation_depth_x100\000"
 19132      6C617469 
 19132      6F6E5F64 
 19132      65707468 
 19132      5F783130 
 19133              	.LASF105:
 19134 0ab1 6861726D 		.ascii	"harmonic_start\000"
ARM GAS  /tmp/ccRHyJSn.s 			page 351


 19134      6F6E6963 
 19134      5F737461 
 19134      727400
 19135              	.LASF352:
 19136 0ac0 434C4B44 		.ascii	"CLKDIVMODE_FASTLOCK\000"
 19136      49564D4F 
 19136      44455F46 
 19136      4153544C 
 19136      4F434B00 
 19137              	.LASF210:
 19138 0ad4 7363616E 		.ascii	"scan_after_dirty\000"
 19138      5F616674 
 19138      65725F64 
 19138      69727479 
 19138      00
 19139              	.LASF284:
 19140 0ae5 53493434 		.ascii	"SI446X_GPIO_MODE_WUT\000"
 19140      36585F47 
 19140      50494F5F 
 19140      4D4F4445 
 19140      5F575554 
 19141              	.LASF80:
 19142 0afa 6861726D 		.ascii	"harmonic_level_offset\000"
 19142      6F6E6963 
 19142      5F6C6576 
 19142      656C5F6F 
 19142      66667365 
 19143              	.LASF108:
 19144 0b10 6F766572 		.ascii	"overclock\000"
 19144      636C6F63 
 19144      6B00
 19145              	.LASF418:
 19146 0b1a 73693533 		.ascii	"si5351_set_int_mul_div\000"
 19146      35315F73 
 19146      65745F69 
 19146      6E745F6D 
 19146      756C5F64 
 19147              	.LASF183:
 19148 0b31 74657374 		.ascii	"test\000"
 19148      00
 19149              	.LASF448:
 19150 0b36 69665F66 		.ascii	"if_freq_low\000"
 19150      7265715F 
 19150      6C6F7700 
 19151              	.LASF487:
 19152 0b42 53493434 		.ascii	"SI4463_refresh_gpio\000"
 19152      36335F72 
 19152      65667265 
 19152      73685F67 
 19152      70696F00 
 19153              	.LASF194:
 19154 0b56 72657065 		.ascii	"repeat\000"
 19154      617400
 19155              	.LASF280:
 19156 0b5d 53493434 		.ascii	"SI446X_GPIO_MODE_CMD_OVERLAP\000"
 19156      36585F47 
 19156      50494F5F 
ARM GAS  /tmp/ccRHyJSn.s 			page 352


 19156      4D4F4445 
 19156      5F434D44 
 19157              	.LASF510:
 19158 0b7a 41444634 		.ascii	"ADF4351_R_counter\000"
 19158      3335315F 
 19158      525F636F 
 19158      756E7465 
 19158      7200
 19159              	.LASF268:
 19160 0b8c 53493434 		.ascii	"SI4432_step_delay\000"
 19160      33325F73 
 19160      7465705F 
 19160      64656C61 
 19160      7900
 19161              	.LASF376:
 19162 0b9e 43506D5F 		.ascii	"CPm_20pct\000"
 19162      32307063 
 19162      7400
 19163              	.LASF287:
 19164 0ba8 53493434 		.ascii	"SI446X_GPIO_MODE_RX_DATA_CLK\000"
 19164      36585F47 
 19164      50494F5F 
 19164      4D4F4445 
 19164      5F52585F 
 19165              	.LASF305:
 19166 0bc5 53493434 		.ascii	"SI446X_GPIO_MODE_LOW_BATT\000"
 19166      36585F47 
 19166      50494F5F 
 19166      4D4F4445 
 19166      5F4C4F57 
 19167              	.LASF114:
 19168 0bdf 636F725F 		.ascii	"cor_nfm\000"
 19168      6E666D00 
 19169              	.LASF224:
 19170 0be7 66726571 		.ascii	"frequency_offset\000"
 19170      75656E63 
 19170      795F6F66 
 19170      66736574 
 19170      00
 19171              	.LASF67:
 19172 0bf8 6C63645F 		.ascii	"lcd_palette\000"
 19172      70616C65 
 19172      74746500 
 19173              	.LASF219:
 19174 0c04 66726571 		.ascii	"frequency_step\000"
 19174      75656E63 
 19174      795F7374 
 19174      657000
 19175              	.LASF52:
 19176 0c13 636C6561 		.ascii	"clear\000"
 19176      7200
 19177              	.LASF462:
 19178 0c19 74726967 		.ascii	"trigger_lvl\000"
 19178      6765725F 
 19178      6C766C00 
 19179              	.LASF383:
 19180 0c25 53493434 		.ascii	"SI4463_channel\000"
ARM GAS  /tmp/ccRHyJSn.s 			page 353


 19180      36335F63 
 19180      68616E6E 
 19180      656C00
 19181              	.LASF470:
 19182 0c34 73695F66 		.ascii	"si_fm_offset\000"
 19182      6D5F6F66 
 19182      66736574 
 19182      00
 19183              	.LASF441:
 19184 0c41 57495348 		.ascii	"WISH\000"
 19184      00
 19185              	.LASF7:
 19186 0c46 73697A65 		.ascii	"size_t\000"
 19186      5F7400
 19187              	.LASF15:
 19188 0c4d 75696E74 		.ascii	"uint8_t\000"
 19188      385F7400 
 19189              	.LASF357:
 19190 0c55 4C445F48 		.ascii	"LD_HIGH\000"
 19190      49474800 
 19191              	.LASF292:
 19192 0c5d 53493434 		.ascii	"SI446X_GPIO_MODE_ANTENNA_1_SW\000"
 19192      36585F47 
 19192      50494F5F 
 19192      4D4F4445 
 19192      5F414E54 
 19193              	.LASF99:
 19194 0c7b 73657474 		.ascii	"setting_frequency_30mhz\000"
 19194      696E675F 
 19194      66726571 
 19194      75656E63 
 19194      795F3330 
 19195              	.LASF236:
 19196 0c93 696E6372 		.ascii	"increased_R\000"
 19196      65617365 
 19196      645F5200 
 19197              	.LASF252:
 19198 0c9f 545F5550 		.ascii	"T_UP\000"
 19198      00
 19199              	.LASF355:
 19200 0ca4 4C445F4C 		.ascii	"LD_LOW\000"
 19200      4F5700
 19201              	.LASF527:
 19202 0cab 41444634 		.ascii	"ADF4351_WriteRegister32\000"
 19202      3335315F 
 19202      57726974 
 19202      65526567 
 19202      69737465 
 19203              	.LASF212:
 19204 0cc3 7265666C 		.ascii	"reflevel\000"
 19204      6576656C 
 19204      00
 19205              	.LASF125:
 19206 0ccc 73776974 		.ascii	"switch_offset\000"
 19206      63685F6F 
 19206      66667365 
 19206      7400
ARM GAS  /tmp/ccRHyJSn.s 			page 354


 19207              	.LASF84:
 19208 0cda 73686966 		.ascii	"shift2_level_offset\000"
 19208      74325F6C 
 19208      6576656C 
 19208      5F6F6666 
 19208      73657400 
 19209              	.LASF359:
 19210 0cee 72656644 		.ascii	"refDouble\000"
 19210      6F75626C 
 19210      6500
 19211              	.LASF410:
 19212 0cf8 5242575F 		.ascii	"RBW_t\000"
 19212      7400
 19213              	.LASF70:
 19214 0cfe 6461635F 		.ascii	"dac_value\000"
 19214      76616C75 
 19214      6500
 19215              	.LASF486:
 19216 0d08 53493434 		.ascii	"SI4463_set_gpio\000"
 19216      36335F73 
 19216      65745F67 
 19216      70696F00 
 19217              	.LASF100:
 19218 0d18 67726964 		.ascii	"gridlines\000"
 19218      6C696E65 
 19218      7300
 19219              	.LASF128:
 19220 0d22 63686563 		.ascii	"checksum\000"
 19220      6B73756D 
 19220      00
 19221              	.LASF55:
 19222 0d2b 4F535045 		.ascii	"OSPEEDR\000"
 19222      45445200 
 19223              	.LASF482:
 19224 0d33 53493434 		.ascii	"SI4463_start_rx\000"
 19224      36335F73 
 19224      74617274 
 19224      5F727800 
 19225              	.LASF389:
 19226 0d43 53493434 		.ascii	"SI4463_offset_active\000"
 19226      36335F6F 
 19226      66667365 
 19226      745F6163 
 19226      74697665 
 19227              	.LASF350:
 19228 0d58 70686173 		.ascii	"phase\000"
 19228      6500
 19229              	.LASF282:
 19230 0d5e 53493434 		.ascii	"SI446X_GPIO_MODE_POR\000"
 19230      36585F47 
 19230      50494F5F 
 19230      4D4F4445 
 19230      5F504F52 
 19231              	.LASF164:
 19232 0d73 74726967 		.ascii	"trigger_beep\000"
 19232      6765725F 
 19232      62656570 
ARM GAS  /tmp/ccRHyJSn.s 			page 355


 19232      00
 19233              	.LASF307:
 19234 0d80 53493434 		.ascii	"SI446X_GPIO_MODE_HOPPED\000"
 19234      36585F47 
 19234      50494F5F 
 19234      4D4F4445 
 19234      5F484F50 
 19235              	.LASF300:
 19236 0d98 53493434 		.ascii	"SI446X_GPIO_MODE_TX_RX_DATA_CLK\000"
 19236      36585F47 
 19236      50494F5F 
 19236      4D4F4445 
 19236      5F54585F 
 19237              	.LASF380:
 19238 0db8 7874616C 		.ascii	"xtal\000"
 19238      00
 19239              	.LASF294:
 19240 0dbd 53493434 		.ascii	"SI446X_GPIO_MODE_VALID_PREAMBLE\000"
 19240      36585F47 
 19240      50494F5F 
 19240      4D4F4445 
 19240      5F56414C 
 19241              	.LASF532:
 19242 0ddd 73746F70 		.ascii	"stop_PE4312_SPI_mode\000"
 19242      5F504534 
 19242      3331325F 
 19242      5350495F 
 19242      6D6F6465 
 19243              	.LASF298:
 19244 0df2 53493434 		.ascii	"SI446X_GPIO_MODE_IN_SLEEP\000"
 19244      36585F47 
 19244      50494F5F 
 19244      4D4F4445 
 19244      5F494E5F 
 19245              	.LASF391:
 19246 0e0c 6275665F 		.ascii	"buf_end\000"
 19246      656E6400 
 19247              	.LASF475:
 19248 0e14 67657446 		.ascii	"getFRR\000"
 19248      525200
 19249              	.LASF87:
 19250 0e1b 64726976 		.ascii	"drive1_level_offset\000"
 19250      65315F6C 
 19250      6576656C 
 19250      5F6F6666 
 19250      73657400 
 19251              	.LASF71:
 19252 0e2f 76626174 		.ascii	"vbat_offset\000"
 19252      5F6F6666 
 19252      73657400 
 19253              	.LASF417:
 19254 0e3b 63685468 		.ascii	"chThdSleep\000"
 19254      64536C65 
 19254      657000
 19255              	.LASF145:
 19256 0e46 73657474 		.ascii	"setting\000"
 19256      696E6700 
ARM GAS  /tmp/ccRHyJSn.s 			page 356


 19257              	.LASF61:
 19258 0e4e 73746D33 		.ascii	"stm32_gpio_t\000"
 19258      325F6770 
 19258      696F5F74 
 19258      00
 19259              	.LASF215:
 19260 0e5b 74726967 		.ascii	"trigger_level\000"
 19260      6765725F 
 19260      6C657665 
 19260      6C00
 19261              	.LASF206:
 19262 0e69 736C6964 		.ascii	"slider_position\000"
 19262      65725F70 
 19262      6F736974 
 19262      696F6E00 
 19263              	.LASF484:
 19264 0e79 53493434 		.ascii	"SI4463_start_tx\000"
 19264      36335F73 
 19264      74617274 
 19264      5F747800 
 19265              	.LASF129:
 19266 0e89 636F6E66 		.ascii	"config_t\000"
 19266      69675F74 
 19266      00
 19267              	.LASF528:
 19268 0e92 76616C75 		.ascii	"value\000"
 19268      6500
 19269              	.LASF408:
 19270 0e98 52425778 		.ascii	"RBWx10\000"
 19270      313000
 19271              	.LASF265:
 19272 0e9f 53493434 		.ascii	"SI4463_noise_correction_x10\000"
 19272      36335F6E 
 19272      6F697365 
 19272      5F636F72 
 19272      72656374 
 19273              	.LASF243:
 19274 0ebb 73693533 		.ascii	"si5351_available\000"
 19274      35315F61 
 19274      7661696C 
 19274      61626C65 
 19274      00
 19275              	.LASF353:
 19276 0ecc 434C4B44 		.ascii	"CLKDIVMODE_RESYNC\000"
 19276      49564D4F 
 19276      44455F52 
 19276      4553594E 
 19276      4300
 19277              	.LASF351:
 19278 0ede 434C4B44 		.ascii	"CLKDIVMODE_OFF\000"
 19278      49564D4F 
 19278      44455F4F 
 19278      464600
 19279              	.LASF465:
 19280 0eed 77616974 		.ascii	"waiting\000"
 19280      696E6700 
 19281              	.LASF319:
ARM GAS  /tmp/ccRHyJSn.s 			page 357


 19282 0ef5 73693434 		.ascii	"si446x_info_t\000"
 19282      36785F69 
 19282      6E666F5F 
 19282      7400
 19283              	.LASF521:
 19284 0f03 73656E64 		.ascii	"sendPowerdown\000"
 19284      506F7765 
 19284      72646F77 
 19284      6E00
 19285              	.LASF405:
 19286 0f11 53493434 		.ascii	"SI4463_RBW_600kHz\000"
 19286      36335F52 
 19286      42575F36 
 19286      30306B48 
 19286      7A00
 19287              	.LASF122:
 19288 0f23 77666D5F 		.ascii	"wfm_1khz_harmonic\000"
 19288      316B687A 
 19288      5F686172 
 19288      6D6F6E69 
 19288      6300
 19289              	.LASF204:
 19290 0f35 64656361 		.ascii	"decay\000"
 19290      7900
 19291              	.LASF516:
 19292 0f3b 6368616E 		.ascii	"channel\000"
 19292      6E656C00 
 19293              	.LASF185:
 19294 0f43 66617374 		.ascii	"fast_speedup\000"
 19294      5F737065 
 19294      65647570 
 19294      00
 19295              	.LASF508:
 19296 0f50 41444634 		.ascii	"ADF4351_csr\000"
 19296      3335315F 
 19296      63737200 
 19297              	.LASF296:
 19298 0f5c 53493434 		.ascii	"SI446X_GPIO_MODE_SYNC_WORD_DETECT\000"
 19298      36585F47 
 19298      50494F5F 
 19298      4D4F4445 
 19298      5F53594E 
 19299              	.LASF509:
 19300 0f7e 41444634 		.ascii	"ADF4351_mux\000"
 19300      3335315F 
 19300      6D757800 
 19301              	.LASF95:
 19302 0f8a 64697265 		.ascii	"direct_level_output_offset\000"
 19302      63745F6C 
 19302      6576656C 
 19302      5F6F7574 
 19302      7075745F 
 19303              	.LASF473:
 19304 0fa5 7365745F 		.ascii	"set_RSSI_comp\000"
 19304      52535349 
 19304      5F636F6D 
 19304      7000
ARM GAS  /tmp/ccRHyJSn.s 			page 358


 19305              	.LASF512:
 19306 0fb3 41444634 		.ascii	"ADF4351_spur_mode\000"
 19306      3335315F 
 19306      73707572 
 19306      5F6D6F64 
 19306      6500
 19307              	.LASF312:
 19308 0fc5 63757374 		.ascii	"customer\000"
 19308      6F6D6572 
 19308      00
 19309              	.LASF535:
 19310 0fce 73746F70 		.ascii	"stop_SI4432_SPI_mode\000"
 19310      5F534934 
 19310      3433325F 
 19310      5350495F 
 19310      6D6F6465 
 19311              	.LASF354:
 19312 0fe3 636C6B44 		.ascii	"clkDivMode\000"
 19312      69764D6F 
 19312      646500
 19313              	.LASF392:
 19314 0fee 6275665F 		.ascii	"buf_read\000"
 19314      72656164 
 19314      00
 19315              	.LASF513:
 19316 0ff7 41444634 		.ascii	"ADF4351_get_modulo\000"
 19316      3335315F 
 19316      6765745F 
 19316      6D6F6475 
 19316      6C6F00
 19317              	.LASF388:
 19318 100a 6F6C645F 		.ascii	"old_temp\000"
 19318      74656D70 
 19318      00
 19319              	.LASF346:
 19320 1013 61757850 		.ascii	"auxPower\000"
 19320      6F776572 
 19320      00
 19321              	.LASF427:
 19322 101c 6F6C645F 		.ascii	"old_rx_mode\000"
 19322      72785F6D 
 19322      6F646500 
 19323              	.LASF542:
 19324 1028 706F7274 		.ascii	"port_timer_get_time\000"
 19324      5F74696D 
 19324      65725F67 
 19324      65745F74 
 19324      696D6500 
 19325              	.LASF531:
 19326 103c 50453433 		.ascii	"PE4302_init\000"
 19326      30325F69 
 19326      6E697400 
 19327              	.LASF497:
 19328 1048 53493434 		.ascii	"SI4463_wait_CTS\000"
 19328      36335F77 
 19328      6169745F 
 19328      43545300 
ARM GAS  /tmp/ccRHyJSn.s 			page 359


 19329              	.LASF57:
 19330 1058 42535252 		.ascii	"BSRR\000"
 19330      00
 19331              	.LASF179:
 19332 105d 756E6974 		.ascii	"unit_scale_index\000"
 19332      5F736361 
 19332      6C655F69 
 19332      6E646578 
 19332      00
 19333              	.LASF181:
 19334 106e 6C6F5F64 		.ascii	"lo_drive\000"
 19334      72697665 
 19334      00
 19335              	.LASF543:
 19336 1077 73745F6C 		.ascii	"st_lld_get_counter\000"
 19336      6C645F67 
 19336      65745F63 
 19336      6F756E74 
 19336      657200
 19337              	.LASF536:
 19338 108a 73746172 		.ascii	"start_SI4432_SPI_mode\000"
 19338      745F5349 
 19338      34343332 
 19338      5F535049 
 19338      5F6D6F64 
 19339              	.LASF485:
 19340 10a0 53493434 		.ascii	"SI4463_set_output_level\000"
 19340      36335F73 
 19340      65745F6F 
 19340      75747075 
 19340      745F6C65 
 19341              	.LASF460:
 19342 10b8 6D656173 		.ascii	"measure\000"
 19342      75726500 
 19343              	.LASF374:
 19344 10c0 43506D5F 		.ascii	"CPm_DISABLE\000"
 19344      44495341 
 19344      424C4500 
 19345              	.LASF65:
 19346 10cc 6D616769 		.ascii	"magic\000"
 19346      6300
 19347              	.LASF74:
 19348 10d2 68696768 		.ascii	"high_level_offset\000"
 19348      5F6C6576 
 19348      656C5F6F 
 19348      66667365 
 19348      7400
 19349              	.LASF140:
 19350 10e4 6E616D65 		.ascii	"name\000"
 19350      00
 19351              	.LASF8:
 19352 10e9 696E7438 		.ascii	"int8_t\000"
 19352      5F7400
 19353              	.LASF281:
 19354 10f0 53493434 		.ascii	"SI446X_GPIO_MODE_SDO\000"
 19354      36585F47 
 19354      50494F5F 
ARM GAS  /tmp/ccRHyJSn.s 			page 360


 19354      4D4F4445 
 19354      5F53444F 
 19355              	.LASF436:
 19356 1105 61637475 		.ascii	"actual_freq\000"
 19356      616C5F66 
 19356      72657100 
 19357              	.LASF159:
 19358 1111 756E6974 		.ascii	"unit\000"
 19358      00
 19359              	.LASF48:
 19360 1116 43435852 		.ascii	"CCXR\000"
 19360      00
 19361              	.LASF132:
 19362 111b 6D747970 		.ascii	"mtype\000"
 19362      6500
 19363              	.LASF492:
 19364 1121 6F75744C 		.ascii	"outLen\000"
 19364      656E00
 19365              	.LASF120:
 19366 1128 68696465 		.ascii	"hide_21MHz\000"
 19366      5F32314D 
 19366      487A00
 19367              	.LASF551:
 19368 1133 72657365 		.ascii	"reset\000"
 19368      7400
 19369              	.LASF333:
 19370 1139 73686966 		.ascii	"shifted\000"
 19370      74656400 
 19371              	.LASF214:
 19372 1141 65787465 		.ascii	"external_gain\000"
 19372      726E616C 
 19372      5F676169 
 19372      6E00
 19373              	.LASF169:
 19374 114f 61766572 		.ascii	"average\000"
 19374      61676500 
 19375              	.LASF138:
 19376 1157 6C657665 		.ascii	"level\000"
 19376      6C00
 19377              	.LASF62:
 19378 115d 696F706F 		.ascii	"ioportmask_t\000"
 19378      72746D61 
 19378      736B5F74 
 19378      00
 19379              	.LASF69:
 19380 116a 5F736572 		.ascii	"_serial_speed\000"
 19380      69616C5F 
 19380      73706565 
 19380      6400
 19381              	.LASF413:
 19382 1178 53493434 		.ascii	"SI4463_RSSI_correction_enabled\000"
 19382      36335F52 
 19382      5353495F 
 19382      636F7272 
 19382      65637469 
 19383              	.LASF10:
 19384 1197 696E7431 		.ascii	"int16_t\000"
ARM GAS  /tmp/ccRHyJSn.s 			page 361


 19384      365F7400 
 19385              	.LASF3:
 19386 119f 73686F72 		.ascii	"short unsigned int\000"
 19386      7420756E 
 19386      7369676E 
 19386      65642069 
 19386      6E7400
 19387              	.LASF9:
 19388 11b2 7369676E 		.ascii	"signed char\000"
 19388      65642063 
 19388      68617200 
 19389              	.LASF283:
 19390 11be 53493434 		.ascii	"SI446X_GPIO_MODE_CAL_WUT\000"
 19390      36585F47 
 19390      50494F5F 
 19390      4D4F4445 
 19390      5F43414C 
 19391              	.LASF141:
 19392 11d7 73746172 		.ascii	"start\000"
 19392      7400
 19393              	.LASF422:
 19394 11dd 656E6162 		.ascii	"enable_direct\000"
 19394      6C655F64 
 19394      69726563 
 19394      7400
 19395              	.LASF310:
 19396 11eb 70617274 		.ascii	"part\000"
 19396      00
 19397              	.LASF458:
 19398 11f0 53493434 		.ascii	"SI446x_Fill\000"
 19398      36785F46 
 19398      696C6C00 
 19399              	.LASF457:
 19400 11fc 636F756E 		.ascii	"count\000"
 19400      7400
 19401              	.LASF315:
 19402 1202 72657642 		.ascii	"revBranch\000"
 19402      72616E63 
 19402      6800
 19403              	.LASF361:
 19404 120c 7266456E 		.ascii	"rfEnable\000"
 19404      61626C65 
 19404      00
 19405              	.LASF384:
 19406 1215 53493434 		.ascii	"SI4463_in_tx_mode\000"
 19406      36335F69 
 19406      6E5F7478 
 19406      5F6D6F64 
 19406      6500
 19407              	.LASF442:
 19408 1227 666F7263 		.ascii	"force_rbw\000"
 19408      655F7262 
 19408      7700
 19409              	.LASF474:
 19410 1231 73746174 		.ascii	"state\000"
 19410      6500
 19411              	.LASF316:
ARM GAS  /tmp/ccRHyJSn.s 			page 362


 19412 1237 72657649 		.ascii	"revInternal\000"
 19412      6E746572 
 19412      6E616C00 
 19413              	.LASF170:
 19414 1243 73756274 		.ascii	"subtract\000"
 19414      72616374 
 19414      00
 19415              	.LASF21:
 19416 124c 53575452 		.ascii	"SWTRIGR\000"
 19416      49475200 
 19417              	.LASF173:
 19418 1254 64697361 		.ascii	"disable_correction\000"
 19418      626C655F 
 19418      636F7272 
 19418      65637469 
 19418      6F6E00
 19419              	.LASF477:
 19420 1267 53693434 		.ascii	"Si446x_getInfo\000"
 19420      36785F67 
 19420      6574496E 
 19420      666F00
 19421              	.LASF420:
 19422 1276 7365745F 		.ascii	"set_SPI_mode\000"
 19422      5350495F 
 19422      6D6F6465 
 19422      00
 19423              	.LASF46:
 19424 1283 444D4152 		.ascii	"DMAR\000"
 19424      00
 19425              	.LASF112:
 19426 1288 5F6D6F64 		.ascii	"_mode\000"
 19426      6500
 19427              	.LASF119:
 19428 128e 64697265 		.ascii	"direct\000"
 19428      637400
 19429              	.LASF146:
 19430 1295 6175746F 		.ascii	"auto_reflevel\000"
 19430      5F726566 
 19430      6C657665 
 19430      6C00
 19431              	.LASF317:
 19432 12a3 70617463 		.ascii	"patch\000"
 19432      6800
 19433              	.LASF195:
 19434 12a9 6C696E65 		.ascii	"linearity_step\000"
 19434      61726974 
 19434      795F7374 
 19434      657000
 19435              	.LASF225:
 19436 12b8 74726163 		.ascii	"trace_scale\000"
 19436      655F7363 
 19436      616C6500 
 19437              	.LASF424:
 19438 12c4 656E6162 		.ascii	"enable_high\000"
 19438      6C655F68 
 19438      69676800 
 19439              	.LASF92:
ARM GAS  /tmp/ccRHyJSn.s 			page 363


 19440 12d0 64697265 		.ascii	"direct_lna_level_offset\000"
 19440      63745F6C 
 19440      6E615F6C 
 19440      6576656C 
 19440      5F6F6666 
 19441              	.LASF117:
 19442 12e8 5F627269 		.ascii	"_brightness\000"
 19442      6768746E 
 19442      65737300 
 19443              	.LASF539:
 19444 12f4 74696D65 		.ascii	"time\000"
 19444      00
 19445              	.LASF75:
 19446 12f9 6C6F775F 		.ascii	"low_level_output_offset\000"
 19446      6C657665 
 19446      6C5F6F75 
 19446      74707574 
 19446      5F6F6666 
 19447              	.LASF432:
 19448 1311 53493434 		.ascii	"SI4463_init_tx\000"
 19448      36335F69 
 19448      6E69745F 
 19448      747800
 19449              	.LASF13:
 19450 1320 6C6F6E67 		.ascii	"long int\000"
 19450      20696E74 
 19450      00
 19451              	.LASF274:
 19452 1329 53493434 		.ascii	"SI446X_GPIO_MODE_INPUT\000"
 19452      36585F47 
 19452      50494F5F 
 19452      4D4F4445 
 19452      5F494E50 
 19453              	.LASF314:
 19454 1340 72657645 		.ascii	"revExternal\000"
 19454      78746572 
 19454      6E616C00 
 19455              	.LASF217:
 19456 134c 756E6974 		.ascii	"unit_scale\000"
 19456      5F736361 
 19456      6C6500
 19457              	.LASF188:
 19458 1357 64726177 		.ascii	"draw_line\000"
 19458      5F6C696E 
 19458      6500
 19459              	.LASF165:
 19460 1361 74726967 		.ascii	"trigger_auto_save\000"
 19460      6765725F 
 19460      6175746F 
 19460      5F736176 
 19460      6500
 19461              	.LASF94:
 19462 1373 6164665F 		.ascii	"adf_level_offset\000"
 19462      6C657665 
 19462      6C5F6F66 
 19462      66736574 
 19462      00
ARM GAS  /tmp/ccRHyJSn.s 			page 364


 19463              	.LASF139:
 19464 1384 6C696D69 		.ascii	"limit_t\000"
 19464      745F7400 
 19465              	.LASF431:
 19466 138c 6F6C645F 		.ascii	"old_extra_lna\000"
 19466      65787472 
 19466      615F6C6E 
 19466      6100
 19467              	.LASF401:
 19468 139a 53493434 		.ascii	"SI4463_RBW_10kHz\000"
 19468      36335F52 
 19468      42575F31 
 19468      306B487A 
 19468      00
 19469              	.LASF469:
 19470 13ab 646F6E65 		.ascii	"done\000"
 19470      00
 19471              	.LASF196:
 19472 13b0 5F737765 		.ascii	"_sweep_points\000"
 19472      65705F70 
 19472      6F696E74 
 19472      7300
 19473              	.LASF545:
 19474 13be 5F5F656E 		.ascii	"__enable_irq\000"
 19474      61626C65 
 19474      5F697271 
 19474      00
 19475              	.LASF58:
 19476 13cb 4C434B52 		.ascii	"LCKR\000"
 19476      00
 19477              	.LASF17:
 19478 13d0 75696E74 		.ascii	"uint32_t\000"
 19478      33325F74 
 19478      00
 19479              	.LASF377:
 19480 13d9 43506D5F 		.ascii	"CPm_30pct\000"
 19480      33307063 
 19480      7400
 19481              	.LASF134:
 19482 13e3 74726163 		.ascii	"trace\000"
 19482      6500
 19483              	.LASF64:
 19484 13e9 66726571 		.ascii	"freq_t\000"
 19484      5F7400
 19485              	.LASF403:
 19486 13f0 53493434 		.ascii	"SI4463_RBW_100kHz\000"
 19486      36335F52 
 19486      42575F31 
 19486      30306B48 
 19486      7A00
 19487              	.LASF118:
 19488 1402 666C6970 		.ascii	"flip\000"
 19488      00
 19489              	.LASF238:
 19490 1407 696E7465 		.ascii	"interval\000"
 19490      7276616C 
 19490      00
ARM GAS  /tmp/ccRHyJSn.s 			page 365


 19491              	.LASF156:
 19492 1410 62616E64 		.ascii	"bands\000"
 19492      7300
 19493              	.LASF363:
 19494 1416 66656564 		.ascii	"feedbackFromDivided\000"
 19494      6261636B 
 19494      46726F6D 
 19494      44697669 
 19494      64656400 
 19495              	.LASF257:
 19496 142a 545F4D49 		.ascii	"T_MID\000"
 19496      4400
 19497              	.LASF6:
 19498 1430 6C6F6E67 		.ascii	"long double\000"
 19498      20646F75 
 19498      626C6500 
 19499              	.LASF476:
 19500 143c 53693434 		.ascii	"Si446x_get_temp\000"
 19500      36785F67 
 19500      65745F74 
 19500      656D7000 
 19501              	.LASF286:
 19502 144c 53493434 		.ascii	"SI446X_GPIO_MODE_TX_DATA_CLK\000"
 19502      36585F47 
 19502      50494F5F 
 19502      4D4F4445 
 19502      5F54585F 
 19503              	.LASF162:
 19504 1469 74726967 		.ascii	"trigger_mode\000"
 19504      6765725F 
 19504      6D6F6465 
 19504      00
 19505              	.LASF463:
 19506 1476 75705F64 		.ascii	"up_direction\000"
 19506      69726563 
 19506      74696F6E 
 19506      00
 19507              	.LASF163:
 19508 1483 74726967 		.ascii	"trigger_direction\000"
 19508      6765725F 
 19508      64697265 
 19508      6374696F 
 19508      6E00
 19509              	.LASF18:
 19510 1495 6C6F6E67 		.ascii	"long unsigned int\000"
 19510      20756E73 
 19510      69676E65 
 19510      6420696E 
 19510      7400
 19511              	.LASF226:
 19512 14a7 74726163 		.ascii	"trace_refpos\000"
 19512      655F7265 
 19512      66706F73 
 19512      00
 19513              	.LASF304:
 19514 14b4 53493434 		.ascii	"SI446X_GPIO_MODE_TX_FIFO_EMPTY\000"
 19514      36585F47 
ARM GAS  /tmp/ccRHyJSn.s 			page 366


 19514      50494F5F 
 19514      4D4F4445 
 19514      5F54585F 
 19515              	.LASF177:
 19516 14d3 61747465 		.ascii	"atten_step\000"
 19516      6E5F7374 
 19516      657000
 19517              	.LASF230:
 19518 14de 6D656173 		.ascii	"measure_sweep_time_us\000"
 19518      7572655F 
 19518      73776565 
 19518      705F7469 
 19518      6D655F75 
 19519              	.LASF481:
 19520 14f4 53493434 		.ascii	"SI4463_short_start_rx\000"
 19520      36335F73 
 19520      686F7274 
 19520      5F737461 
 19520      72745F72 
 19521              	.LASF325:
 19522 150a 53493434 		.ascii	"SI446X_STATE_TX_TUNE\000"
 19522      36585F53 
 19522      54415445 
 19522      5F54585F 
 19522      54554E45 
 19523              	.LASF85:
 19524 151f 73686966 		.ascii	"shift3_level_offset\000"
 19524      74335F6C 
 19524      6576656C 
 19524      5F6F6666 
 19524      73657400 
 19525              	.LASF493:
 19526 1533 53493434 		.ascii	"SI4463_do_first_api\000"
 19526      36335F64 
 19526      6F5F6669 
 19526      7273745F 
 19526      61706900 
 19527              	.LASF50:
 19528 1547 63686172 		.ascii	"char\000"
 19528      00
 19529              	.LASF290:
 19530 154c 53493434 		.ascii	"SI446X_GPIO_MODE_RX_DATA\000"
 19530      36585F47 
 19530      50494F5F 
 19530      4D4F4445 
 19530      5F52585F 
 19531              	.LASF242:
 19532 1565 73657474 		.ascii	"setting_t\000"
 19532      696E675F 
 19532      7400
 19533              	.LASF241:
 19534 156f 74657374 		.ascii	"test_argument\000"
 19534      5F617267 
 19534      756D656E 
 19534      7400
 19535              	.LASF426:
 19536 157d 656E6162 		.ascii	"enable_rx_output\000"
ARM GAS  /tmp/ccRHyJSn.s 			page 367


 19536      6C655F72 
 19536      785F6F75 
 19536      74707574 
 19536      00
 19537              	.LASF190:
 19538 158e 6A6F675F 		.ascii	"jog_jump\000"
 19538      6A756D70 
 19538      00
 19539              	.LASF133:
 19540 1597 656E6162 		.ascii	"enabled\000"
 19540      6C656400 
 19541              	.LASF491:
 19542 159f 53493434 		.ascii	"SI4463_do_api\000"
 19542      36335F64 
 19542      6F5F6170 
 19542      6900
 19543              	.LASF288:
 19544 15ad 53493434 		.ascii	"SI446X_GPIO_MODE_EN_LNA\000"
 19544      36585F47 
 19544      50494F5F 
 19544      4D4F4445 
 19544      5F454E5F 
 19545              	.LASF174:
 19546 15c5 6E6F726D 		.ascii	"normalized_trace\000"
 19546      616C697A 
 19546      65645F74 
 19546      72616365 
 19546      00
 19547              	.LASF382:
 19548 15d6 53493434 		.ascii	"SI4463_band\000"
 19548      36335F62 
 19548      616E6400 
 19549              	.LASF308:
 19550 15e2 53493434 		.ascii	"SI446X_GPIO_MODE_HOP_TABLE_WRAP\000"
 19550      36585F47 
 19550      50494F5F 
 19550      4D4F4445 
 19550      5F484F50 
 19551              	.LASF211:
 19552 1602 6D6F6475 		.ascii	"modulation_frequency\000"
 19552      6C617469 
 19552      6F6E5F66 
 19552      72657175 
 19552      656E6379 
 19553              	.LASF533:
 19554 1617 73746172 		.ascii	"start_PE4312_SPI_mode\000"
 19554      745F5045 
 19554      34333132 
 19554      5F535049 
 19554      5F6D6F64 
 19555              	.LASF455:
 19556 162d 52535349 		.ascii	"RSSI_RAW_ARRAY\000"
 19556      5F524157 
 19556      5F415252 
 19556      415900
 19557              	.LASF256:
 19558 163c 545F504F 		.ascii	"T_POST\000"
ARM GAS  /tmp/ccRHyJSn.s 			page 368


 19558      535400
 19559              	.LASF464:
 19560 1643 72737369 		.ascii	"rssi\000"
 19560      00
 19561              	.LASF261:
 19562 1648 7266506F 		.ascii	"rfPower\000"
 19562      77657200 
 19563              	.LASF88:
 19564 1650 64726976 		.ascii	"drive2_level_offset\000"
 19564      65325F6C 
 19564      6576656C 
 19564      5F6F6666 
 19564      73657400 
 19565              	.LASF192:
 19566 1664 6D756C74 		.ascii	"multi_trace\000"
 19566      695F7472 
 19566      61636500 
 19567              	.LASF552:
 19568 1670 73686966 		.ascii	"shiftOut\000"
 19568      744F7574 
 19568      00
 19569              	.LASF68:
 19570 1679 746F7563 		.ascii	"touch_cal\000"
 19570      685F6361 
 19570      6C00
 19571              	.LASF23:
 19572 1683 44485231 		.ascii	"DHR12L1\000"
 19572      324C3100 
 19573              	.LASF26:
 19574 168b 44485231 		.ascii	"DHR12L2\000"
 19574      324C3200 
 19575              	.LASF326:
 19576 1693 53493434 		.ascii	"SI446X_STATE_RX_TUNE\000"
 19576      36585F53 
 19576      54415445 
 19576      5F52585F 
 19576      54554E45 
 19577              	.LASF29:
 19578 16a8 44485231 		.ascii	"DHR12LD\000"
 19578      324C4400 
 19579              	.LASF272:
 19580 16b0 53493434 		.ascii	"SI446X_GPIO_MODE_DRIVE0\000"
 19580      36585F47 
 19580      50494F5F 
 19580      4D4F4445 
 19580      5F445249 
 19581              	.LASF273:
 19582 16c8 53493434 		.ascii	"SI446X_GPIO_MODE_DRIVE1\000"
 19582      36585F47 
 19582      50494F5F 
 19582      4D4F4445 
 19582      5F445249 
 19583              	.LASF285:
 19584 16e0 53493434 		.ascii	"SI446X_GPIO_MODE_EN_PA\000"
 19584      36585F47 
 19584      50494F5F 
 19584      4D4F4445 
ARM GAS  /tmp/ccRHyJSn.s 			page 369


 19584      5F454E5F 
 19585              	.LASF153:
 19586 16f7 70756C73 		.ascii	"pulse\000"
 19586      6500
 19587              	.LASF504:
 19588 16fd 41444634 		.ascii	"ADF4351_drive\000"
 19588      3335315F 
 19588      64726976 
 19588      6500
 19589              	.LASF446:
 19590 170b 62616E64 		.ascii	"band\000"
 19590      00
 19591              	.LASF496:
 19592 1710 44415441 		.ascii	"DATA\000"
 19592      00
 19593              	.LASF187:
 19594 1715 5F747261 		.ascii	"_traces\000"
 19594      63657300 
 19595              	.LASF367:
 19596 171d 6F6C645F 		.ascii	"old_attenuation\000"
 19596      61747465 
 19596      6E756174 
 19596      696F6E00 
 19597              	.LASF237:
 19598 172d 6D697865 		.ascii	"mixer_output\000"
 19598      725F6F75 
 19598      74707574 
 19598      00
 19599              	.LASF209:
 19600 173a 7662775F 		.ascii	"vbw_x100\000"
 19600      78313030 
 19600      00
 19601              	.LASF60:
 19602 1743 41465248 		.ascii	"AFRH\000"
 19602      00
 19603              	.LASF59:
 19604 1748 4146524C 		.ascii	"AFRL\000"
 19604      00
 19605              	.LASF548:
 19606 174d 2F776F72 		.ascii	"/workspaces/tinySA\000"
 19606      6B737061 
 19606      6365732F 
 19606      74696E79 
 19606      534100
 19607              	.LASF86:
 19608 1760 73686966 		.ascii	"shift4_level_offset\000"
 19608      74345F6C 
 19608      6576656C 
 19608      5F6F6666 
 19608      73657400 
 19609              	.LASF131:
 19610 1774 636F6E66 		.ascii	"config\000"
 19610      696700
 19611              	.LASF63:
 19612 177b 696F6C69 		.ascii	"ioline_t\000"
 19612      6E655F74 
 19612      00
ARM GAS  /tmp/ccRHyJSn.s 			page 370


 19613              	.LASF137:
 19614 1784 6D61726B 		.ascii	"marker_t\000"
 19614      65725F74 
 19614      00
 19615              	.LASF175:
 19616 178d 6C697374 		.ascii	"listen\000"
 19616      656E00
 19617              	.LASF227:
 19618 1794 5F6D6172 		.ascii	"_markers\000"
 19618      6B657273 
 19618      00
 19619              	.LASF14:
 19620 179d 696E7436 		.ascii	"int64_t\000"
 19620      345F7400 
 19621              	.LASF172:
 19622 17a5 73707572 		.ascii	"spur_removal\000"
 19622      5F72656D 
 19622      6F76616C 
 19622      00
 19623              	.LASF258:
 19624 17b2 545F4245 		.ascii	"T_BEEP\000"
 19624      455000
 19625              	.LASF33:
 19626 17b9 4441435F 		.ascii	"DAC_TypeDef\000"
 19626      54797065 
 19626      44656600 
 19627              	.LASF73:
 19628 17c5 6C6F775F 		.ascii	"low_level_offset\000"
 19628      6C657665 
 19628      6C5F6F66 
 19628      66736574 
 19628      00
 19629              	.LASF264:
 19630 17d6 53493434 		.ascii	"SI4463_offset_changed\000"
 19630      36335F6F 
 19630      66667365 
 19630      745F6368 
 19630      616E6765 
 19631              	.LASF526:
 19632 17ec 41444634 		.ascii	"ADF4351_Latch\000"
 19632      3335315F 
 19632      4C617463 
 19632      6800
 19633              	.LASF483:
 19634 17fa 4348414E 		.ascii	"CHANNEL\000"
 19634      4E454C00 
 19635              	.LASF267:
 19636 1802 646F7562 		.ascii	"double\000"
 19636      6C6500
 19637              	.LASF540:
 19638 1809 63685654 		.ascii	"chVTGetSystemTimeX\000"
 19638      47657453 
 19638      79737465 
 19638      6D54696D 
 19638      655800
 19639              	.LASF407:
 19640 181c 52535349 		.ascii	"RSSI_correction_x_10\000"
ARM GAS  /tmp/ccRHyJSn.s 			page 371


 19640      5F636F72 
 19640      72656374 
 19640      696F6E5F 
 19640      785F3130 
 19641              	.LASF553:
 19642 1831 5F5F6165 		.ascii	"__aeabi_uldivmod\000"
 19642      6162695F 
 19642      756C6469 
 19642      766D6F64 
 19642      00
 19643              	.LASF101:
 19644 1842 68616D62 		.ascii	"hambands\000"
 19644      616E6473 
 19644      00
 19645              	.LASF360:
 19646 184b 72656644 		.ascii	"refDiv2\000"
 19646      69763200 
 19647              	.LASF447:
 19648 1853 69665F66 		.ascii	"if_freq_high\000"
 19648      7265715F 
 19648      68696768 
 19648      00
 19649              	.LASF334:
 19650 1860 66726163 		.ascii	"frac\000"
 19650      00
 19651              	.LASF213:
 19652 1865 7363616C 		.ascii	"scale\000"
 19652      6500
 19653              	.LASF56:
 19654 186b 50555044 		.ascii	"PUPDR\000"
 19654      5200
 19655              	.LASF438:
 19656 1871 64617461 		.ascii	"data2\000"
 19656      3200
 19657              	.LASF444:
 19658 1877 64617461 		.ascii	"data3\000"
 19658      3300
 19659              	.LASF437:
 19660 187d 64617461 		.ascii	"data\000"
 19660      00
 19661              	.LASF412:
 19662 1882 53493434 		.ascii	"SI4463_RSSI_correction\000"
 19662      36335F52 
 19662      5353495F 
 19662      636F7272 
 19662      65637469 
 19663              	.LASF318:
 19664 1899 66756E63 		.ascii	"func\000"
 19664      00
 19665              	.LASF348:
 19666 189e 63704375 		.ascii	"cpCurrent\000"
 19666      7272656E 
 19666      7400
 19667              	.LASF534:
 19668 18a8 6E65775F 		.ascii	"new_port_moder\000"
 19668      706F7274 
 19668      5F6D6F64 
ARM GAS  /tmp/ccRHyJSn.s 			page 372


 19668      657200
 19669              	.LASF387:
 19670 18b7 6770696F 		.ascii	"gpio_state\000"
 19670      5F737461 
 19670      746500
 19671              	.LASF203:
 19672 18c2 6D6F6475 		.ascii	"modulation_deviation_div100\000"
 19672      6C617469 
 19672      6F6E5F64 
 19672      65766961 
 19672      74696F6E 
 19673              	.LASF419:
 19674 18de 6D795F6D 		.ascii	"my_microsecond_delay\000"
 19674      6963726F 
 19674      7365636F 
 19674      6E645F64 
 19674      656C6179 
 19675              	.LASF373:
 19676 18f3 43505F54 		.ascii	"CP_Test\000"
 19676      65737400 
 19677              	.LASF240:
 19678 18fb 64427556 		.ascii	"dBuV\000"
 19678      00
 19679              	.LASF53:
 19680 1900 4D4F4445 		.ascii	"MODER\000"
 19680      5200
 19681              	.LASF259:
 19682 1906 545F4155 		.ascii	"T_AUTO_SAVE\000"
 19682      544F5F53 
 19682      41564500 
 19683              	.LASF93:
 19684 1912 756C7472 		.ascii	"ultra_lna_level_offset\000"
 19684      615F6C6E 
 19684      615F6C65 
 19684      76656C5F 
 19684      6F666673 
 19685              	.LASF22:
 19686 1929 44485231 		.ascii	"DHR12R1\000"
 19686      32523100 
 19687              	.LASF25:
 19688 1931 44485231 		.ascii	"DHR12R2\000"
 19688      32523200 
 19689              	.LASF329:
 19690 1939 73693434 		.ascii	"si446x_state_t\000"
 19690      36785F73 
 19690      74617465 
 19690      5F7400
 19691              	.LASF537:
 19692 1948 53493434 		.ascii	"SI4463_set_offset\000"
 19692      36335F73 
 19692      65745F6F 
 19692      66667365 
 19692      7400
 19693              	.LASF28:
 19694 195a 44485231 		.ascii	"DHR12RD\000"
 19694      32524400 
 19695              	.LASF385:
ARM GAS  /tmp/ccRHyJSn.s 			page 373


 19696 1962 53493434 		.ascii	"SI4463_output_level\000"
 19696      36335F6F 
 19696      75747075 
 19696      745F6C65 
 19696      76656C00 
 19697              	.LASF90:
 19698 1976 64697265 		.ascii	"direct_level_offset\000"
 19698      63745F6C 
 19698      6576656C 
 19698      5F6F6666 
 19698      73657400 
 19699              	.LASF336:
 19700 198a 6F75745F 		.ascii	"out_div\000"
 19700      64697600 
 19701              	.LASF49:
 19702 1992 73746D33 		.ascii	"stm32_tim_t\000"
 19702      325F7469 
 19702      6D5F7400 
 19703              	.LASF303:
 19704 199e 53493434 		.ascii	"SI446X_GPIO_MODE_RX_FIFO_FULL\000"
 19704      36585F47 
 19704      50494F5F 
 19704      4D4F4445 
 19704      5F52585F 
 19705              	.LASF251:
 19706 19bc 545F444F 		.ascii	"T_DONE\000"
 19706      4E4500
 19707              	.LASF490:
 19708 19c3 6E657753 		.ascii	"newState\000"
 19708      74617465 
 19708      00
 19709              	.LASF0:
 19710 19cc 6C6F6E67 		.ascii	"long long unsigned int\000"
 19710      206C6F6E 
 19710      6720756E 
 19710      7369676E 
 19710      65642069 
 19711              	.LASF471:
 19712 19e3 6F666673 		.ascii	"offset\000"
 19712      657400
 19713              	.LASF293:
 19714 19ea 53493434 		.ascii	"SI446X_GPIO_MODE_ANTENNA_2_SW\000"
 19714      36585F47 
 19714      50494F5F 
 19714      4D4F4445 
 19714      5F414E54 
 19715              	.LASF154:
 19716 1a08 73746F72 		.ascii	"stored\000"
 19716      656400
 19717              	.LASF467:
 19718 1a0f 64617461 		.ascii	"data_level\000"
 19718      5F6C6576 
 19718      656C00
 19719              	.LASF39:
 19720 1a1a 5350495F 		.ascii	"SPI_TypeDef\000"
 19720      54797065 
 19720      44656600 
ARM GAS  /tmp/ccRHyJSn.s 			page 374


 19721              	.LASF40:
 19722 1a26 534D4352 		.ascii	"SMCR\000"
 19722      00
 19723              	.LASF178:
 19724 1a2b 5F616374 		.ascii	"_active_marker\000"
 19724      6976655F 
 19724      6D61726B 
 19724      657200
 19725              	.LASF158:
 19726 1a3a 62656C6F 		.ascii	"below_IF\000"
 19726      775F4946 
 19726      00
 19727              	.LASF550:
 19728 1a43 636C6561 		.ascii	"clear_frequency_cache\000"
 19728      725F6672 
 19728      65717565 
 19728      6E63795F 
 19728      63616368 
 19729              	.LASF393:
 19730 1a59 53545F41 		.ascii	"ST_ARMING\000"
 19730      524D494E 
 19730      4700
 19731              	.LASF184:
 19732 1a63 6861726D 		.ascii	"harmonic\000"
 19732      6F6E6963 
 19732      00
 19733              	.LASF96:
 19734 1a6c 6E6F6973 		.ascii	"noise_figure\000"
 19734      655F6669 
 19734      67757265 
 19734      00
 19735              	.LASF499:
 19736 1a79 41444634 		.ascii	"ADF4351_recalculate_PFDRFout\000"
 19736      3335315F 
 19736      72656361 
 19736      6C63756C 
 19736      6174655F 
 19737              	.LASF182:
 19738 1a96 72785F64 		.ascii	"rx_drive\000"
 19738      72697665 
 19738      00
 19739              	.LASF275:
 19740 1a9f 53493434 		.ascii	"SI446X_GPIO_MODE_32K_CLK\000"
 19740      36585F47 
 19740      50494F5F 
 19740      4D4F4445 
 19740      5F33324B 
 19741              	.LASF502:
 19742 1ab8 41444634 		.ascii	"ADF4351_enable\000"
 19742      3335315F 
 19742      656E6162 
 19742      6C6500
 19743              	.LASF394:
 19744 1ac7 53545F57 		.ascii	"ST_WAITING\000"
 19744      41495449 
 19744      4E4700
 19745              	.LASF111:
ARM GAS  /tmp/ccRHyJSn.s 			page 375


 19746 1ad2 6F757470 		.ascii	"output_is_calibrated\000"
 19746      75745F69 
 19746      735F6361 
 19746      6C696272 
 19746      61746564 
 19747              	.LASF148:
 19748 1ae7 6D697272 		.ascii	"mirror_masking\000"
 19748      6F725F6D 
 19748      61736B69 
 19748      6E6700
 19749              	.LASF397:
 19750 1af6 52535349 		.ascii	"RSSI_RAW\000"
 19750      5F524157 
 19750      00
 19751              	.LASF147:
 19752 1aff 6175746F 		.ascii	"auto_attenuation\000"
 19752      5F617474 
 19752      656E7561 
 19752      74696F6E 
 19752      00
 19753              	.LASF522:
 19754 1b10 73656E64 		.ascii	"sendConfig\000"
 19754      436F6E66 
 19754      696700
 19755              	.LASF81:
 19756 1b1b 6861726D 		.ascii	"harmonic_lna_level_offset\000"
 19756      6F6E6963 
 19756      5F6C6E61 
 19756      5F6C6576 
 19756      656C5F6F 
 19757              	.LASF331:
 19758 1b35 6F6C645F 		.ascii	"old_spi_settings\000"
 19758      7370695F 
 19758      73657474 
 19758      696E6773 
 19758      00
 19759              	.LASF37:
 19760 1b46 49325343 		.ascii	"I2SCFGR\000"
 19760      46475200 
 19761              	.LASF166:
 19762 1b4e 73746570 		.ascii	"step_delay_mode\000"
 19762      5F64656C 
 19762      61795F6D 
 19762      6F646500 
 19763              	.LASF229:
 19764 1b5e 73776565 		.ascii	"sweep_time_us\000"
 19764      705F7469 
 19764      6D655F75 
 19764      7300
 19765              	.LASF76:
 19766 1b6c 68696768 		.ascii	"high_level_output_offset\000"
 19766      5F6C6576 
 19766      656C5F6F 
 19766      75747075 
 19766      745F6F66 
 19767              	.LASF5:
 19768 1b85 6C6F6E67 		.ascii	"long long int\000"
ARM GAS  /tmp/ccRHyJSn.s 			page 376


 19768      206C6F6E 
 19768      6720696E 
 19768      7400
 19769              	.LASF260:
 19770 1b93 53493434 		.ascii	"SI4432_RBW_count\000"
 19770      33325F52 
 19770      42575F63 
 19770      6F756E74 
 19770      00
 19771              	.LASF143:
 19772 1ba4 73746F70 		.ascii	"stop_index\000"
 19772      5F696E64 
 19772      657800
 19773              	.LASF247:
 19774 1baf 70757265 		.ascii	"pureRSSI_t\000"
 19774      52535349 
 19774      5F7400
 19775              	.LASF364:
 19776 1bba 4C445F4C 		.ascii	"LD_LOW_NOISE\000"
 19776      4F575F4E 
 19776      4F495345 
 19776      00
 19777              	.LASF180:
 19778 1bc7 6E6F6973 		.ascii	"noise\000"
 19778      6500
 19779              	.LASF155:
 19780 1bcd 6E6F726D 		.ascii	"normalized\000"
 19780      616C697A 
 19780      656400
 19781              	.LASF414:
 19782 1bd8 70726576 		.ascii	"prev_band\000"
 19782      5F62616E 
 19782      6400
 19783              	.LASF77:
 19784 1be2 72656365 		.ascii	"receive_switch_offset\000"
 19784      6976655F 
 19784      73776974 
 19784      63685F6F 
 19784      66667365 
 19785              	.LASF344:
 19786 1bf8 7064776E 		.ascii	"pdwn\000"
 19786      00
 19787              	.LASF107:
 19788 1bfd 64697265 		.ascii	"direct_stop\000"
 19788      63745F73 
 19788      746F7000 
 19789              	.LASF269:
 19790 1c09 53493434 		.ascii	"SI4432_offset_delay\000"
 19790      33325F6F 
 19790      66667365 
 19790      745F6465 
 19790      6C617900 
 19791              	.LASF489:
 19792 1c1d 53493434 		.ascii	"SI4463_set_state\000"
 19792      36335F73 
 19792      65745F73 
 19792      74617465 
ARM GAS  /tmp/ccRHyJSn.s 			page 377


 19792      00
 19793              	.LASF456:
 19794 1c2e 53493434 		.ascii	"SI4432_Listen\000"
 19794      33325F4C 
 19794      69737465 
 19794      6E00
 19795              	.LASF246:
 19796 1c3c 64657669 		.ascii	"deviceRSSI_t\000"
 19796      63655253 
 19796      53495F74 
 19796      00
 19797              	.LASF97:
 19798 1c49 636F7272 		.ascii	"correction_value\000"
 19798      65637469 
 19798      6F6E5F76 
 19798      616C7565 
 19798      00
 19799              	.LASF302:
 19800 1c5a 53493434 		.ascii	"SI446X_GPIO_MODE_RX_STATE\000"
 19800      36585F47 
 19800      50494F5F 
 19800      4D4F4445 
 19800      5F52585F 
 19801              	.LASF297:
 19802 1c74 53493434 		.ascii	"SI446X_GPIO_MODE_CCA\000"
 19802      36585F47 
 19802      50494F5F 
 19802      4D4F4445 
 19802      5F434341 
 19803              	.LASF390:
 19804 1c89 6275665F 		.ascii	"buf_index\000"
 19804      696E6465 
 19804      7800
 19805              	.LASF400:
 19806 1c93 53493434 		.ascii	"SI4463_RBW_3kHz\000"
 19806      36335F52 
 19806      42575F33 
 19806      6B487A00 
 19807              	.LASF186:
 19808 1ca3 66617374 		.ascii	"faster_speedup\000"
 19808      65725F73 
 19808      70656564 
 19808      757000
 19809              	.LASF263:
 19810 1cb2 53493434 		.ascii	"SI4463_frequency_changed\000"
 19810      36335F66 
 19810      72657175 
 19810      656E6379 
 19810      5F636861 
 19811              	.LASF386:
 19812 1ccb 53493434 		.ascii	"SI4468_config\000"
 19812      36385F63 
 19812      6F6E6669 
 19812      6700
 19813              	.LASF415:
 19814 1cd9 696C6939 		.ascii	"ili9341_drawstring\000"
 19814      3334315F 
ARM GAS  /tmp/ccRHyJSn.s 			page 378


 19814      64726177 
 19814      73747269 
 19814      6E6700
 19815              	.LASF136:
 19816 1cec 66726571 		.ascii	"frequency\000"
 19816      75656E63 
 19816      7900
 19817              	.LASF459:
 19818 1cf6 6F6C645F 		.ascii	"old_t\000"
 19818      7400
 19819              	.LASF327:
 19820 1cfc 53493434 		.ascii	"SI446X_STATE_TX\000"
 19820      36585F53 
 19820      54415445 
 19820      5F545800 
 19821              	.LASF234:
 19822 1d0c 65787472 		.ascii	"extra_lna\000"
 19822      615F6C6E 
 19822      6100
 19823              	.LASF271:
 19824 1d16 53493434 		.ascii	"SI446X_GPIO_MODE_TRISTATE\000"
 19824      36585F47 
 19824      50494F5F 
 19824      4D4F4445 
 19824      5F545249 
 19825              	.LASF440:
 19826 1d30 7365745F 		.ascii	"set_rbw\000"
 19826      72627700 
 19827              	.LASF42:
 19828 1d38 43434D52 		.ascii	"CCMR1\000"
 19828      3100
 19829              	.LASF43:
 19830 1d3e 43434D52 		.ascii	"CCMR2\000"
 19830      3200
 19831              	.LASF47:
 19832 1d44 43434D52 		.ascii	"CCMR3\000"
 19832      3300
 19833              	.LASF266:
 19834 1d4a 6F6C645F 		.ascii	"old_R\000"
 19834      5200
 19835              	.LASF1:
 19836 1d50 756E7369 		.ascii	"unsigned int\000"
 19836      676E6564 
 19836      20696E74 
 19836      00
 19837              	.LASF529:
 19838 1d5d 41444634 		.ascii	"ADF4350_shift_ref\000"
 19838      3335305F 
 19838      73686966 
 19838      745F7265 
 19838      6600
 19839              	.LASF127:
 19840 1d6f 64756D6D 		.ascii	"dummy\000"
 19840      7900
 19841              	.LASF445:
 19842 1d75 53493434 		.ascii	"SI4463_set_IF\000"
 19842      36335F73 
ARM GAS  /tmp/ccRHyJSn.s 			page 379


 19842      65745F49 
 19842      4600
 19843              	.LASF425:
 19844 1d83 6F6C645F 		.ascii	"old_high\000"
 19844      68696768 
 19844      00
 19845              	.LASF399:
 19846 1d8c 53493434 		.ascii	"SI4463_RBW_1kHz\000"
 19846      36335F52 
 19846      42575F31 
 19846      6B487A00 
 19847              	.LASF11:
 19848 1d9c 73686F72 		.ascii	"short int\000"
 19848      7420696E 
 19848      7400
 19849              	.LASF488:
 19850 1da6 53693434 		.ascii	"Si446x_readRSSI\000"
 19850      36785F72 
 19850      65616452 
 19850      53534900 
 19851              	.LASF466:
 19852 1db6 745F6D6F 		.ascii	"t_mode\000"
 19852      646500
 19853              	.LASF301:
 19854 1dbd 53493434 		.ascii	"SI446X_GPIO_MODE_TX_STATE\000"
 19854      36585F47 
 19854      50494F5F 
 19854      4D4F4445 
 19854      5F54585F 
 19855              	.LASF507:
 19856 1dd7 41444634 		.ascii	"ADF4351_fastlock\000"
 19856      3335315F 
 19856      66617374 
 19856      6C6F636B 
 19856      00
 19857              	.LASF406:
 19858 1de8 53493434 		.ascii	"SI4463_RBW_850kHz\000"
 19858      36335F52 
 19858      42575F38 
 19858      35306B48 
 19858      7A00
 19859              	.LASF253:
 19860 1dfa 545F444F 		.ascii	"T_DOWN\000"
 19860      574E00
 19861              	.LASF369:
 19862 1e01 4350745F 		.ascii	"CPt_NORMAL\000"
 19862      4E4F524D 
 19862      414C00
 19863              	.LASF124:
 19864 1e0c 73776565 		.ascii	"sweep_voltage\000"
 19864      705F766F 
 19864      6C746167 
 19864      6500
 19865              	.LASF277:
 19866 1e1a 53493434 		.ascii	"SI446X_GPIO_MODE_DIV_CLK\000"
 19866      36585F47 
 19866      50494F5F 
ARM GAS  /tmp/ccRHyJSn.s 			page 380


 19866      4D4F4445 
 19866      5F444956 
 19867              	.LASF279:
 19868 1e33 53493434 		.ascii	"SI446X_GPIO_MODE_INV_CTS\000"
 19868      36585F47 
 19868      50494F5F 
 19868      4D4F4445 
 19868      5F494E56 
 19869              	.LASF549:
 19870 1e4c 73693533 		.ascii	"si5351_init\000"
 19870      35315F69 
 19870      6E697400 
 19871              		.ident	"GCC: (15:13.2.rel1-2) 13.2.1 20231009"
ARM GAS  /tmp/ccRHyJSn.s 			page 381


DEFINED SYMBOLS
                            *ABS*:00000000 si4468.c
     /tmp/ccRHyJSn.s:21     .text.chVTGetSystemTimeX:00000000 $t
     /tmp/ccRHyJSn.s:27     .text.chVTGetSystemTimeX:00000000 chVTGetSystemTimeX
     /tmp/ccRHyJSn.s:59     .text.osalThreadSleep:00000000 $t
     /tmp/ccRHyJSn.s:65     .text.osalThreadSleep:00000000 osalThreadSleep
     /tmp/ccRHyJSn.s:87     .text.start_SI4432_SPI_mode:00000000 $t
     /tmp/ccRHyJSn.s:93     .text.start_SI4432_SPI_mode:00000000 start_SI4432_SPI_mode
     /tmp/ccRHyJSn.s:119    .text.start_SI4432_SPI_mode:00000018 $d
     /tmp/ccRHyJSn.s:6563   .bss.old_spi_settings:00000000 old_spi_settings
     /tmp/ccRHyJSn.s:125    .text.stop_SI4432_SPI_mode:00000000 $t
     /tmp/ccRHyJSn.s:131    .text.stop_SI4432_SPI_mode:00000000 stop_SI4432_SPI_mode
     /tmp/ccRHyJSn.s:149    .text.stop_SI4432_SPI_mode:0000000c $d
     /tmp/ccRHyJSn.s:155    .text.start_PE4312_SPI_mode:00000000 $t
     /tmp/ccRHyJSn.s:161    .text.start_PE4312_SPI_mode:00000000 start_PE4312_SPI_mode
     /tmp/ccRHyJSn.s:209    .text.start_PE4312_SPI_mode:00000024 $d
     /tmp/ccRHyJSn.s:6557   .bss.old_port_moder:00000000 old_port_moder
     /tmp/ccRHyJSn.s:217    .text.stop_PE4312_SPI_mode:00000000 $t
     /tmp/ccRHyJSn.s:223    .text.stop_PE4312_SPI_mode:00000000 stop_PE4312_SPI_mode
     /tmp/ccRHyJSn.s:247    .text.stop_PE4312_SPI_mode:00000014 $d
     /tmp/ccRHyJSn.s:255    .text.PE4302_init:00000000 $t
     /tmp/ccRHyJSn.s:261    .text.PE4302_init:00000000 PE4302_init
     /tmp/ccRHyJSn.s:280    .text.PE4302_Write_Byte:00000000 $t
     /tmp/ccRHyJSn.s:286    .text.PE4302_Write_Byte:00000000 PE4302_Write_Byte
     /tmp/ccRHyJSn.s:360    .text.PE4302_Write_Byte:00000048 $d
     /tmp/ccRHyJSn.s:365    .text.ADF4351_WriteRegister32:00000000 $t
     /tmp/ccRHyJSn.s:371    .text.ADF4351_WriteRegister32:00000000 ADF4351_WriteRegister32
     /tmp/ccRHyJSn.s:412    .text.ADF4351_WriteRegister32:00000024 $d
     /tmp/ccRHyJSn.s:6353   .bss.ADF4351_dirty:00000000 ADF4351_dirty
     /tmp/ccRHyJSn.s:419    .text.ADF4351_Latch:00000000 $t
     /tmp/ccRHyJSn.s:425    .text.ADF4351_Latch:00000000 ADF4351_Latch
     /tmp/ccRHyJSn.s:458    .text.ADF4351_Latch:00000018 $d
     /tmp/ccRHyJSn.s:465    .text.sendConfig:00000000 $t
     /tmp/ccRHyJSn.s:471    .text.sendConfig:00000000 sendConfig
     /tmp/ccRHyJSn.s:923    .text.sendConfig:00000228 $d
     /tmp/ccRHyJSn.s:6427   .bss.id:00000000 id
     /tmp/ccRHyJSn.s:6395   .data.bsDivider:00000000 bsDivider
     /tmp/ccRHyJSn.s:6441   .bss.reg_4:00000000 reg_4
     /tmp/ccRHyJSn.s:6448   .bss.reg_3:00000000 reg_3
     /tmp/ccRHyJSn.s:6402   .bss.powerDown:00000000 powerDown
     /tmp/ccRHyJSn.s:6383   .data.fastlockDivider:00000000 fastlockDivider
     /tmp/ccRHyJSn.s:6469   .data.bscm:00000000 bscm
     /tmp/ccRHyJSn.s:6476   .data.csr:00000000 csr
     /tmp/ccRHyJSn.s:6376   .data.clkDivMode:00000000 clkDivMode
     /tmp/ccRHyJSn.s:6408   .bss.pdwn:00000000 pdwn
     /tmp/ccRHyJSn.s:6483   .bss.mux:00000000 mux
     /tmp/ccRHyJSn.s:6455   .bss.reg_2:00000000 reg_2
     /tmp/ccRHyJSn.s:6370   .bss.refDouble:00000000 refDouble
     /tmp/ccRHyJSn.s:6525   .data.R:00000000 R
     /tmp/ccRHyJSn.s:6388   .bss.cpCurrent:00000000 cpCurrent
     /tmp/ccRHyJSn.s:6497   .data.modulus:00000000 modulus
     /tmp/ccRHyJSn.s:6462   .bss.reg_1:00000000 reg_1
     /tmp/ccRHyJSn.s:6504   .bss.frac:00000000 frac
     /tmp/ccRHyJSn.s:6511   .data.N:00000000 N
     /tmp/ccRHyJSn.s:6434   .bss.reg_5:00000000 reg_5
     /tmp/ccRHyJSn.s:6490   .bss.out_div:00000000 out_div
     /tmp/ccRHyJSn.s:6364   .bss.auxEnable:00000000 auxEnable
ARM GAS  /tmp/ccRHyJSn.s 			page 382


     /tmp/ccRHyJSn.s:6420   .bss.rfPower:00000000 rfPower
     /tmp/ccRHyJSn.s:956    .text.sendPowerdown:00000000 $t
     /tmp/ccRHyJSn.s:962    .text.sendPowerdown:00000000 sendPowerdown
     /tmp/ccRHyJSn.s:1048   .text.sendPowerdown:0000004c $d
     /tmp/ccRHyJSn.s:1059   .text.ADF4351_set_frequency:00000000 $t
     /tmp/ccRHyJSn.s:1065   .text.ADF4351_set_frequency:00000000 ADF4351_set_frequency
     /tmp/ccRHyJSn.s:1406   .text.ADF4351_set_frequency:000001c0 $d
     /tmp/ccRHyJSn.s:6537   .bss.shifted:00000000 shifted
     /tmp/ccRHyJSn.s:6347   .bss.xtal:00000000 xtal
     /tmp/ccRHyJSn.s:6414   .bss.prev_actual_freq:00000000 prev_actual_freq
     /tmp/ccRHyJSn.s:6531   .bss.ADF4351_frequency_changed:00000000 ADF4351_frequency_changed
     /tmp/ccRHyJSn.s:1433   .text.ADF4351_force_refresh:00000000 $t
     /tmp/ccRHyJSn.s:1439   .text.ADF4351_force_refresh:00000000 ADF4351_force_refresh
     /tmp/ccRHyJSn.s:1476   .text.ADF4351_force_refresh:00000020 $d
     /tmp/ccRHyJSn.s:1485   .text.ADF4351_modulo:00000000 $t
     /tmp/ccRHyJSn.s:1491   .text.ADF4351_modulo:00000000 ADF4351_modulo
     /tmp/ccRHyJSn.s:1508   .text.ADF4351_modulo:00000008 $d
     /tmp/ccRHyJSn.s:1513   .text.ADF4351_get_modulo:00000000 $t
     /tmp/ccRHyJSn.s:1519   .text.ADF4351_get_modulo:00000000 ADF4351_get_modulo
     /tmp/ccRHyJSn.s:1534   .text.ADF4351_get_modulo:00000008 $d
     /tmp/ccRHyJSn.s:1539   .text.ADF4351_spur_mode:00000000 $t
     /tmp/ccRHyJSn.s:1545   .text.ADF4351_spur_mode:00000000 ADF4351_spur_mode
     /tmp/ccRHyJSn.s:1560   .text.ADF4351_R_counter:00000000 $t
     /tmp/ccRHyJSn.s:1566   .text.ADF4351_R_counter:00000000 ADF4351_R_counter
     /tmp/ccRHyJSn.s:1633   .text.ADF4351_R_counter:00000038 $d
     /tmp/ccRHyJSn.s:6518   .bss.old_R:00000000 old_R
     /tmp/ccRHyJSn.s:1641   .text.ADF4351_mux:00000000 $t
     /tmp/ccRHyJSn.s:1647   .text.ADF4351_mux:00000000 ADF4351_mux
     /tmp/ccRHyJSn.s:1666   .text.ADF4351_mux:00000008 $d
     /tmp/ccRHyJSn.s:1671   .text.ADF4351_csr:00000000 $t
     /tmp/ccRHyJSn.s:1677   .text.ADF4351_csr:00000000 ADF4351_csr
     /tmp/ccRHyJSn.s:1699   .text.ADF4351_csr:0000000c $d
     /tmp/ccRHyJSn.s:1704   .text.ADF4351_fastlock:00000000 $t
     /tmp/ccRHyJSn.s:1710   .text.ADF4351_fastlock:00000000 ADF4351_fastlock
     /tmp/ccRHyJSn.s:1732   .text.ADF4351_fastlock:0000000c $d
     /tmp/ccRHyJSn.s:1737   .text.ADF4351_CP:00000000 $t
     /tmp/ccRHyJSn.s:1743   .text.ADF4351_CP:00000000 ADF4351_CP
     /tmp/ccRHyJSn.s:1770   .text.ADF4351_CP:00000010 $d
     /tmp/ccRHyJSn.s:1775   .text.ADF4351_get_CP:00000000 $t
     /tmp/ccRHyJSn.s:1781   .text.ADF4351_get_CP:00000000 ADF4351_get_CP
     /tmp/ccRHyJSn.s:1796   .text.ADF4351_get_CP:00000008 $d
     /tmp/ccRHyJSn.s:1801   .text.ADF4351_drive:00000000 $t
     /tmp/ccRHyJSn.s:1807   .text.ADF4351_drive:00000000 ADF4351_drive
     /tmp/ccRHyJSn.s:1850   .text.ADF4351_drive:00000020 $d
     /tmp/ccRHyJSn.s:1855   .text.ADF4351_enable_aux_out:00000000 $t
     /tmp/ccRHyJSn.s:1861   .text.ADF4351_enable_aux_out:00000000 ADF4351_enable_aux_out
     /tmp/ccRHyJSn.s:1894   .text.ADF4351_enable_aux_out:00000018 $d
     /tmp/ccRHyJSn.s:1899   .text.ADF4351_enable:00000000 $t
     /tmp/ccRHyJSn.s:1905   .text.ADF4351_enable:00000000 ADF4351_enable
     /tmp/ccRHyJSn.s:1951   .text.ADF4351_enable:00000024 $d
     /tmp/ccRHyJSn.s:1956   .text.ADF4351_enable_out:00000000 $t
     /tmp/ccRHyJSn.s:1962   .text.ADF4351_enable_out:00000000 ADF4351_enable_out
     /tmp/ccRHyJSn.s:2016   .text.ADF4351_enable_out:00000028 $d
     /tmp/ccRHyJSn.s:2022   .text.ADF4351_recalculate_PFDRFout:00000000 $t
     /tmp/ccRHyJSn.s:2028   .text.ADF4351_recalculate_PFDRFout:00000000 ADF4351_recalculate_PFDRFout
     /tmp/ccRHyJSn.s:2065   .text.ADF4351_recalculate_PFDRFout:00000018 $d
     /tmp/ccRHyJSn.s:2070   .text.ADF4350_shift_ref:00000000 $t
ARM GAS  /tmp/ccRHyJSn.s 			page 383


     /tmp/ccRHyJSn.s:2076   .text.ADF4350_shift_ref:00000000 ADF4350_shift_ref
     /tmp/ccRHyJSn.s:2140   .text.ADF4350_shift_ref:00000034 $d
     /tmp/ccRHyJSn.s:2146   .text.ADF4351_Setup:00000000 $t
     /tmp/ccRHyJSn.s:2152   .text.ADF4351_Setup:00000000 ADF4351_Setup
     /tmp/ccRHyJSn.s:2296   .text.ADF4351_Setup:00000080 $d
     /tmp/ccRHyJSn.s:2312   .text.SI4463_wait_CTS:00000000 $t
     /tmp/ccRHyJSn.s:2318   .text.SI4463_wait_CTS:00000000 SI4463_wait_CTS
     /tmp/ccRHyJSn.s:2359   .text.SI4463_wait_CTS:00000018 $d
     /tmp/ccRHyJSn.s:2365   .text.SI4463_do_first_api:00000000 $t
     /tmp/ccRHyJSn.s:2371   .text.SI4463_do_first_api:00000000 SI4463_do_first_api
     /tmp/ccRHyJSn.s:2531   .text.SI4463_do_first_api:0000008c $d
     /tmp/ccRHyJSn.s:2537   .text.SI4463_do_api:00000000 $t
     /tmp/ccRHyJSn.s:2543   .text.SI4463_do_api:00000000 SI4463_do_api
     /tmp/ccRHyJSn.s:2727   .text.SI4463_do_api:000000a8 $d
     /tmp/ccRHyJSn.s:2733   .text.SI4463_set_state:00000000 $t
     /tmp/ccRHyJSn.s:2738   .text.SI4463_set_state:00000000 SI4463_set_state
     /tmp/ccRHyJSn.s:2775   .text.SI4463_set_offset:00000000 $t
     /tmp/ccRHyJSn.s:2780   .text.SI4463_set_offset:00000000 SI4463_set_offset
     /tmp/ccRHyJSn.s:2833   .text.SI4463_set_offset:00000030 $d
     /tmp/ccRHyJSn.s:6334   .bss.SI4463_offset_changed:00000000 SI4463_offset_changed
     /tmp/ccRHyJSn.s:6233   .bss.SI4463_offset_active:00000000 SI4463_offset_active
     /tmp/ccRHyJSn.s:2840   .text.Si446x_readRSSI:00000000 $t
     /tmp/ccRHyJSn.s:2845   .text.Si446x_readRSSI:00000000 Si446x_readRSSI
     /tmp/ccRHyJSn.s:2895   .text.SI4463_refresh_gpio:00000000 $t
     /tmp/ccRHyJSn.s:2901   .text.SI4463_refresh_gpio:00000000 SI4463_refresh_gpio
     /tmp/ccRHyJSn.s:2947   .text.SI4463_refresh_gpio:00000040 $d
     /tmp/ccRHyJSn.s:6253   .data.gpio_state:00000000 gpio_state
     /tmp/ccRHyJSn.s:2952   .text.SI4463_set_gpio:00000000 $t
     /tmp/ccRHyJSn.s:2958   .text.SI4463_set_gpio:00000000 SI4463_set_gpio
     /tmp/ccRHyJSn.s:2985   .text.SI4463_set_gpio:00000010 $d
     /tmp/ccRHyJSn.s:2990   .text.SI4463_set_output_level:00000000 $t
     /tmp/ccRHyJSn.s:2996   .text.SI4463_set_output_level:00000000 SI4463_set_output_level
     /tmp/ccRHyJSn.s:3054   .text.SI4463_set_output_level:00000030 $d
     /tmp/ccRHyJSn.s:6299   .data.SI4463_output_level:00000000 SI4463_output_level
     /tmp/ccRHyJSn.s:6304   .bss.SI4463_in_tx_mode:00000000 SI4463_in_tx_mode
     /tmp/ccRHyJSn.s:3061   .text.SI4463_start_tx:00000000 $t
     /tmp/ccRHyJSn.s:3067   .text.SI4463_start_tx:00000000 SI4463_start_tx
     /tmp/ccRHyJSn.s:3173   .text.SI4463_start_tx:00000070 $d
     /tmp/ccRHyJSn.s:3181   .text.SI4463_short_start_rx:00000000 $t
     /tmp/ccRHyJSn.s:3187   .text.SI4463_short_start_rx:00000000 SI4463_short_start_rx
     /tmp/ccRHyJSn.s:3221   .text.SI4463_short_start_rx:00000020 $d
     /tmp/ccRHyJSn.s:3226   .text.SI4463_clear_int_status:00000000 $t
     /tmp/ccRHyJSn.s:3232   .text.SI4463_clear_int_status:00000000 SI4463_clear_int_status
     /tmp/ccRHyJSn.s:3266   .text.set_calibration_freq:00000000 $t
     /tmp/ccRHyJSn.s:3272   .text.set_calibration_freq:00000000 set_calibration_freq
     /tmp/ccRHyJSn.s:3343   .text.set_calibration_freq:0000003c $d
     /tmp/ccRHyJSn.s:3348   .text.Si446x_getInfo:00000000 $t
     /tmp/ccRHyJSn.s:3354   .text.Si446x_getInfo:00000000 Si446x_getInfo
     /tmp/ccRHyJSn.s:3449   .text.Si446x_get_temp:00000000 $t
     /tmp/ccRHyJSn.s:3455   .text.Si446x_get_temp:00000000 Si446x_get_temp
     /tmp/ccRHyJSn.s:3531   .text.Si446x_get_temp:00000070 $d
     /tmp/ccRHyJSn.s:6240   .data.old_temp:00000000 old_temp
     /tmp/ccRHyJSn.s:3539   .text.getFRR:00000000 $t
     /tmp/ccRHyJSn.s:3545   .text.getFRR:00000000 getFRR
     /tmp/ccRHyJSn.s:3656   .text.getFRR:00000044 $d
     /tmp/ccRHyJSn.s:3666   .text.SI4463_start_rx:00000000 $t
     /tmp/ccRHyJSn.s:3672   .text.SI4463_start_rx:00000000 SI4463_start_rx
ARM GAS  /tmp/ccRHyJSn.s 			page 384


     /tmp/ccRHyJSn.s:3782   .text.SI4463_start_rx:0000005c $d
     /tmp/ccRHyJSn.s:5952   .rodata.CSWTCH.228:00000000 CSWTCH.228
     /tmp/ccRHyJSn.s:3792   .text.set_RSSI_comp:00000000 $t
     /tmp/ccRHyJSn.s:3798   .text.set_RSSI_comp:00000000 set_RSSI_comp
     /tmp/ccRHyJSn.s:3832   .text.set_RSSI_comp:00000020 $d
     /tmp/ccRHyJSn.s:3837   .text.si_set_offset:00000000 $t
     /tmp/ccRHyJSn.s:3843   .text.si_set_offset:00000000 si_set_offset
     /tmp/ccRHyJSn.s:3862   .text.si_set_offset:00000008 $d
     /tmp/ccRHyJSn.s:6328   .bss.SI4463_offset_value:00000000 SI4463_offset_value
     /tmp/ccRHyJSn.s:3867   .text.si_fm_offset:00000000 $t
     /tmp/ccRHyJSn.s:3873   .text.si_fm_offset:00000000 si_fm_offset
     /tmp/ccRHyJSn.s:3894   .text.si_fm_offset:0000000c $d
     /tmp/ccRHyJSn.s:3899   .text.SI446x_trigger_fill:00000000 $t
     /tmp/ccRHyJSn.s:3905   .text.SI446x_trigger_fill:00000000 SI446x_trigger_fill
     /tmp/ccRHyJSn.s:4132   .text.SI446x_trigger_fill:000000e8 $d
     /tmp/ccRHyJSn.s:6228   .bss.buf_index:00000000 buf_index
     /tmp/ccRHyJSn.s:6222   .bss.buf_end:00000000 buf_end
     /tmp/ccRHyJSn.s:6216   .bss.buf_read:00000000 buf_read
     /tmp/ccRHyJSn.s:4142   .text.SI446x_Fill:00000000 $t
     /tmp/ccRHyJSn.s:4148   .text.SI446x_Fill:00000000 SI446x_Fill
     /tmp/ccRHyJSn.s:4312   .text.SI446x_Fill:00000084 $d
     /tmp/ccRHyJSn.s:6008   .bss.old_t.8:00000000 old_t.8
     /tmp/ccRHyJSn.s:4322   .text.SI4432_Listen:00000000 $t
     /tmp/ccRHyJSn.s:4328   .text.SI4432_Listen:00000000 SI4432_Listen
     /tmp/ccRHyJSn.s:4449   .text.SI4432_Listen:00000058 $d
     /tmp/ccRHyJSn.s:6210   .rodata.dBm_to_volt:00000000 dBm_to_volt
     /tmp/ccRHyJSn.s:4458   .text.Si446x_RSSI:00000000 $t
     /tmp/ccRHyJSn.s:4464   .text.Si446x_RSSI:00000000 Si446x_RSSI
     /tmp/ccRHyJSn.s:4656   .text.Si446x_RSSI:000000b8 $d
     /tmp/ccRHyJSn.s:6203   .bss.RSSI_RAW:00000000 RSSI_RAW
     /tmp/ccRHyJSn.s:6551   .data.SI4432_step_delay:00000000 SI4432_step_delay
     /tmp/ccRHyJSn.s:4668   .text.SI446x_set_AGC_LNA:00000000 $t
     /tmp/ccRHyJSn.s:4674   .text.SI446x_set_AGC_LNA:00000000 SI446x_set_AGC_LNA
     /tmp/ccRHyJSn.s:4710   .text.getSI4463_RSSI_correction:00000000 $t
     /tmp/ccRHyJSn.s:4716   .text.getSI4463_RSSI_correction:00000000 getSI4463_RSSI_correction
     /tmp/ccRHyJSn.s:4731   .text.getSI4463_RSSI_correction:00000008 $d
     /tmp/ccRHyJSn.s:6033   .data.SI4463_RSSI_correction:00000000 SI4463_RSSI_correction
     /tmp/ccRHyJSn.s:4736   .text.switch_SI4463_RSSI_correction:00000000 $t
     /tmp/ccRHyJSn.s:4742   .text.switch_SI4463_RSSI_correction:00000000 switch_SI4463_RSSI_correction
     /tmp/ccRHyJSn.s:4759   .text.switch_SI4463_RSSI_correction:00000008 $d
     /tmp/ccRHyJSn.s:6027   .data.SI4463_RSSI_correction_enabled:00000000 SI4463_RSSI_correction_enabled
     /tmp/ccRHyJSn.s:4764   .text.SI4463_set_IF:00000000 $t
     /tmp/ccRHyJSn.s:4770   .text.SI4463_set_IF:00000000 SI4463_set_IF
     /tmp/ccRHyJSn.s:4814   .text.SI4463_set_IF:00000028 $d
     /tmp/ccRHyJSn.s:6002   .rodata.if_freq_high.7:00000000 if_freq_high.7
     /tmp/ccRHyJSn.s:5996   .rodata.if_freq_low.6:00000000 if_freq_low.6
     /tmp/ccRHyJSn.s:4821   .text.SI4463_set_modem_DSM:00000000 $t
     /tmp/ccRHyJSn.s:4827   .text.SI4463_set_modem_DSM:00000000 SI4463_set_modem_DSM
     /tmp/ccRHyJSn.s:4845   .text.SI4463_set_modem_DSM:0000000c $d
     /tmp/ccRHyJSn.s:5990   .rodata.data3.5:00000000 data3.5
     /tmp/ccRHyJSn.s:4850   .text.force_rbw:00000000 $t
     /tmp/ccRHyJSn.s:4856   .text.force_rbw:00000000 force_rbw
     /tmp/ccRHyJSn.s:5014   .text.force_rbw:000000a4 $d
     /tmp/ccRHyJSn.s:6045   .rodata.RBW_choices:00000000 RBW_choices
     /tmp/ccRHyJSn.s:6014   .data.prev_band:00000000 prev_band
     /tmp/ccRHyJSn.s:6021   .bss.SI4463_noise_correction_x10:00000000 SI4463_noise_correction_x10
     /tmp/ccRHyJSn.s:6321   .bss.SI4463_rbw_selected:00000000 SI4463_rbw_selected
ARM GAS  /tmp/ccRHyJSn.s 			page 385


     /tmp/ccRHyJSn.s:5026   .text.set_rbw:00000000 $t
     /tmp/ccRHyJSn.s:5032   .text.set_rbw:00000000 set_rbw
     /tmp/ccRHyJSn.s:5072   .text.set_rbw:0000001c $d
     /tmp/ccRHyJSn.s:5077   .text.SI4463_set_freq:00000000 $t
     /tmp/ccRHyJSn.s:5083   .text.SI4463_set_freq:00000000 SI4463_set_freq
     /tmp/ccRHyJSn.s:5394   .text.SI4463_set_freq:000001a4 $d
     /tmp/ccRHyJSn.s:6309   .bss.SI4463_channel:00000000 SI4463_channel
     /tmp/ccRHyJSn.s:6340   .bss.SI4463_frequency_changed:00000000 SI4463_frequency_changed
     /tmp/ccRHyJSn.s:6315   .data.SI4463_band:00000000 SI4463_band
     /tmp/ccRHyJSn.s:5425   .text.SI4463_init_rx:00000000 $t
     /tmp/ccRHyJSn.s:5431   .text.SI4463_init_rx:00000000 SI4463_init_rx
     /tmp/ccRHyJSn.s:5567   .text.SI4463_init_rx:00000090 $d
     /tmp/ccRHyJSn.s:6259   .rodata.SI4468_config:00000000 SI4468_config
     /tmp/ccRHyJSn.s:5579   .text.SI4463_init_tx:00000000 $t
     /tmp/ccRHyJSn.s:5585   .text.SI4463_init_tx:00000000 SI4463_init_tx
     /tmp/ccRHyJSn.s:5611   .text.SI4463_init_tx:00000014 $d
     /tmp/ccRHyJSn.s:5616   .text.SI4463_is_in_tx_mode:00000000 $t
     /tmp/ccRHyJSn.s:5622   .text.SI4463_is_in_tx_mode:00000000 SI4463_is_in_tx_mode
     /tmp/ccRHyJSn.s:5637   .text.SI4463_is_in_tx_mode:00000008 $d
     /tmp/ccRHyJSn.s:5642   .text.enable_extra_lna:00000000 $t
     /tmp/ccRHyJSn.s:5648   .text.enable_extra_lna:00000000 enable_extra_lna
     /tmp/ccRHyJSn.s:5691   .text.enable_extra_lna:00000024 $d
     /tmp/ccRHyJSn.s:5984   .data.old_extra_lna.4:00000000 old_extra_lna.4
     /tmp/ccRHyJSn.s:5696   .text.enable_ultra:00000000 $t
     /tmp/ccRHyJSn.s:5702   .text.enable_ultra:00000000 enable_ultra
     /tmp/ccRHyJSn.s:5738   .text.enable_ultra:0000001c $d
     /tmp/ccRHyJSn.s:5978   .data.old_ultra.3:00000000 old_ultra.3
     /tmp/ccRHyJSn.s:5744   .text.enable_rx_output:00000000 $t
     /tmp/ccRHyJSn.s:5750   .text.enable_rx_output:00000000 enable_rx_output
     /tmp/ccRHyJSn.s:5791   .text.enable_rx_output:0000001c $d
     /tmp/ccRHyJSn.s:5972   .data.old_rx_mode.2:00000000 old_rx_mode.2
     /tmp/ccRHyJSn.s:5796   .text.enable_high:00000000 $t
     /tmp/ccRHyJSn.s:5802   .text.enable_high:00000000 enable_high
     /tmp/ccRHyJSn.s:5843   .text.enable_high:0000001c $d
     /tmp/ccRHyJSn.s:5966   .data.old_high.1:00000000 old_high.1
     /tmp/ccRHyJSn.s:5848   .text.enable_ADF_output:00000000 $t
     /tmp/ccRHyJSn.s:5854   .text.enable_ADF_output:00000000 enable_ADF_output
     /tmp/ccRHyJSn.s:5897   .text.enable_direct:00000000 $t
     /tmp/ccRHyJSn.s:5903   .text.enable_direct:00000000 enable_direct
     /tmp/ccRHyJSn.s:5944   .text.enable_direct:0000001c $d
     /tmp/ccRHyJSn.s:5960   .data.old_direct.0:00000000 old_direct.0
     /tmp/ccRHyJSn.s:5949   .rodata.CSWTCH.228:00000000 $d
     /tmp/ccRHyJSn.s:5957   .data.old_direct.0:00000000 $d
     /tmp/ccRHyJSn.s:5963   .data.old_high.1:00000000 $d
     /tmp/ccRHyJSn.s:5969   .data.old_rx_mode.2:00000000 $d
     /tmp/ccRHyJSn.s:5975   .data.old_ultra.3:00000000 $d
     /tmp/ccRHyJSn.s:5981   .data.old_extra_lna.4:00000000 $d
     /tmp/ccRHyJSn.s:5987   .rodata.data3.5:00000000 $d
     /tmp/ccRHyJSn.s:5993   .rodata.if_freq_low.6:00000000 $d
     /tmp/ccRHyJSn.s:5999   .rodata.if_freq_high.7:00000000 $d
     /tmp/ccRHyJSn.s:6005   .bss.old_t.8:00000000 $d
     /tmp/ccRHyJSn.s:6011   .data.prev_band:00000000 $d
     /tmp/ccRHyJSn.s:6018   .bss.SI4463_noise_correction_x10:00000000 $d
     /tmp/ccRHyJSn.s:6030   .data.SI4463_RSSI_correction:00000000 $d
     /tmp/ccRHyJSn.s:6039   .rodata.SI4432_RBW_count:00000000 SI4432_RBW_count
     /tmp/ccRHyJSn.s:6042   .rodata.RBW_choices:00000000 $d
     /tmp/ccRHyJSn.s:6191   .rodata.SI4463_RBW_02kHz:00000000 SI4463_RBW_02kHz
ARM GAS  /tmp/ccRHyJSn.s 			page 386


     /tmp/ccRHyJSn.s:6179   .rodata.SI4463_RBW_1kHz:00000000 SI4463_RBW_1kHz
     /tmp/ccRHyJSn.s:6167   .rodata.SI4463_RBW_3kHz:00000000 SI4463_RBW_3kHz
     /tmp/ccRHyJSn.s:6155   .rodata.SI4463_RBW_10kHz:00000000 SI4463_RBW_10kHz
     /tmp/ccRHyJSn.s:6143   .rodata.SI4463_RBW_30kHz:00000000 SI4463_RBW_30kHz
     /tmp/ccRHyJSn.s:6131   .rodata.SI4463_RBW_100kHz:00000000 SI4463_RBW_100kHz
     /tmp/ccRHyJSn.s:6119   .rodata.SI4463_RBW_300kHz:00000000 SI4463_RBW_300kHz
     /tmp/ccRHyJSn.s:6107   .rodata.SI4463_RBW_600kHz:00000000 SI4463_RBW_600kHz
     /tmp/ccRHyJSn.s:6095   .rodata.SI4463_RBW_850kHz:00000000 SI4463_RBW_850kHz
     /tmp/ccRHyJSn.s:6092   .rodata.SI4463_RBW_850kHz:00000000 $d
     /tmp/ccRHyJSn.s:6104   .rodata.SI4463_RBW_600kHz:00000000 $d
     /tmp/ccRHyJSn.s:6116   .rodata.SI4463_RBW_300kHz:00000000 $d
     /tmp/ccRHyJSn.s:6128   .rodata.SI4463_RBW_100kHz:00000000 $d
     /tmp/ccRHyJSn.s:6140   .rodata.SI4463_RBW_30kHz:00000000 $d
     /tmp/ccRHyJSn.s:6152   .rodata.SI4463_RBW_10kHz:00000000 $d
     /tmp/ccRHyJSn.s:6164   .rodata.SI4463_RBW_3kHz:00000000 $d
     /tmp/ccRHyJSn.s:6176   .rodata.SI4463_RBW_1kHz:00000000 $d
     /tmp/ccRHyJSn.s:6188   .rodata.SI4463_RBW_02kHz:00000000 $d
     /tmp/ccRHyJSn.s:6200   .bss.RSSI_RAW:00000000 $d
     /tmp/ccRHyJSn.s:6207   .rodata.dBm_to_volt:00000000 $d
     /tmp/ccRHyJSn.s:6217   .bss.buf_read:00000000 $d
     /tmp/ccRHyJSn.s:6219   .bss.buf_end:00000000 $d
     /tmp/ccRHyJSn.s:6225   .bss.buf_index:00000000 $d
     /tmp/ccRHyJSn.s:6234   .bss.SI4463_offset_active:00000000 $d
     /tmp/ccRHyJSn.s:6237   .data.old_temp:00000000 $d
     /tmp/ccRHyJSn.s:6247   .bss.SI4463_info:00000000 SI4463_info
     /tmp/ccRHyJSn.s:6244   .bss.SI4463_info:00000000 $d
     /tmp/ccRHyJSn.s:6250   .data.gpio_state:00000000 $d
     /tmp/ccRHyJSn.s:6256   .rodata.SI4468_config:00000000 $d
     /tmp/ccRHyJSn.s:6296   .data.SI4463_output_level:00000000 $d
     /tmp/ccRHyJSn.s:6305   .bss.SI4463_in_tx_mode:00000000 $d
     /tmp/ccRHyJSn.s:6310   .bss.SI4463_channel:00000000 $d
     /tmp/ccRHyJSn.s:6312   .data.SI4463_band:00000000 $d
     /tmp/ccRHyJSn.s:6322   .bss.SI4463_rbw_selected:00000000 $d
     /tmp/ccRHyJSn.s:6325   .bss.SI4463_offset_value:00000000 $d
     /tmp/ccRHyJSn.s:6335   .bss.SI4463_offset_changed:00000000 $d
     /tmp/ccRHyJSn.s:6341   .bss.SI4463_frequency_changed:00000000 $d
     /tmp/ccRHyJSn.s:6344   .bss.xtal:00000000 $d
     /tmp/ccRHyJSn.s:6354   .bss.ADF4351_dirty:00000000 $d
     /tmp/ccRHyJSn.s:6359   .rodata.CP_Mode:00000000 CP_Mode
     /tmp/ccRHyJSn.s:6360   .rodata.CP_Mode:00000000 $d
     /tmp/ccRHyJSn.s:6365   .bss.auxEnable:00000000 $d
     /tmp/ccRHyJSn.s:6371   .bss.refDouble:00000000 $d
     /tmp/ccRHyJSn.s:6380   .data.fastlockDivider:00000000 $d
     /tmp/ccRHyJSn.s:6389   .bss.cpCurrent:00000000 $d
     /tmp/ccRHyJSn.s:6392   .data.bsDivider:00000000 $d
     /tmp/ccRHyJSn.s:6399   .bss.powerDown:00000000 $d
     /tmp/ccRHyJSn.s:6409   .bss.pdwn:00000000 $d
     /tmp/ccRHyJSn.s:6411   .bss.prev_actual_freq:00000000 $d
     /tmp/ccRHyJSn.s:6421   .bss.rfPower:00000000 $d
     /tmp/ccRHyJSn.s:6424   .bss.id:00000000 $d
     /tmp/ccRHyJSn.s:6431   .bss.reg_5:00000000 $d
     /tmp/ccRHyJSn.s:6438   .bss.reg_4:00000000 $d
     /tmp/ccRHyJSn.s:6445   .bss.reg_3:00000000 $d
     /tmp/ccRHyJSn.s:6452   .bss.reg_2:00000000 $d
     /tmp/ccRHyJSn.s:6459   .bss.reg_1:00000000 $d
     /tmp/ccRHyJSn.s:6466   .data.bscm:00000000 $d
     /tmp/ccRHyJSn.s:6473   .data.csr:00000000 $d
ARM GAS  /tmp/ccRHyJSn.s 			page 387


     /tmp/ccRHyJSn.s:6480   .bss.mux:00000000 $d
     /tmp/ccRHyJSn.s:6487   .bss.out_div:00000000 $d
     /tmp/ccRHyJSn.s:6494   .data.modulus:00000000 $d
     /tmp/ccRHyJSn.s:6501   .bss.frac:00000000 $d
     /tmp/ccRHyJSn.s:6508   .data.N:00000000 $d
     /tmp/ccRHyJSn.s:6515   .bss.old_R:00000000 $d
     /tmp/ccRHyJSn.s:6522   .data.R:00000000 $d
     /tmp/ccRHyJSn.s:6532   .bss.ADF4351_frequency_changed:00000000 $d
     /tmp/ccRHyJSn.s:6534   .bss.shifted:00000000 $d
     /tmp/ccRHyJSn.s:6544   .data.SI4432_offset_delay:00000000 SI4432_offset_delay
     /tmp/ccRHyJSn.s:6541   .data.SI4432_offset_delay:00000000 $d
     /tmp/ccRHyJSn.s:6548   .data.SI4432_step_delay:00000000 $d
     /tmp/ccRHyJSn.s:6554   .bss.old_port_moder:00000000 $d
     /tmp/ccRHyJSn.s:6560   .bss.old_spi_settings:00000000 $d

UNDEFINED SYMBOLS
chThdSleep
set_SPI_mode
my_microsecond_delay
max2871
__aeabi_uldivmod
config
clear_frequency_cache
setting
si5351_set_int_mul_div
si5351_available
si5351_init
si5351_set_frequency
operation_requested
age
ili9341_drawstring
