ARM GAS  /tmp/ccftVcE7.s 			page 1


   1              		.cpu cortex-m4
   2              		.arch armv7e-m
   3              		.fpu fpv4-sp-d16
   4              		.eabi_attribute 27, 1
   5              		.eabi_attribute 28, 1
   6              		.eabi_attribute 20, 1
   7              		.eabi_attribute 21, 1
   8              		.eabi_attribute 23, 3
   9              		.eabi_attribute 24, 1
  10              		.eabi_attribute 25, 1
  11              		.eabi_attribute 26, 1
  12              		.eabi_attribute 30, 1
  13              		.eabi_attribute 34, 1
  14              		.eabi_attribute 18, 4
  15              		.file	"si5351.c"
  16              		.text
  17              	.Ltext0:
  18              		.cfi_sections	.debug_frame
  19              		.file 1 "si5351.c"
  20              		.section	.text.gcd,"ax",%progbits
  21              		.align	1
  22              		.p2align 4,,15
  23              		.syntax unified
  24              		.thumb
  25              		.thumb_func
  26              		.type	gcd, %function
  27              	gcd:
  28              	.LVL0:
  29              	.LFB257:
  30              		.loc 1 423 1 view -0
  31              		.cfi_startproc
  32              		@ args = 0, pretend = 0, frame = 0
  33              		@ frame_needed = 0, uses_anonymous_args = 0
  34              		@ link register save eliminated.
  35              		.loc 1 424 3 view .LVU1
  36              		.loc 1 425 3 view .LVU2
  37              		.loc 1 425 9 is_stmt 0 view .LVU3
  38 0000 05E0     		b	.L2
  39              	.L3:
  40              		.loc 1 426 5 is_stmt 1 view .LVU4
  41              		.loc 1 426 7 is_stmt 0 view .LVU5
  42 0002 B0FBF1F3 		udiv	r3, r0, r1
  43 0006 01FB1303 		mls	r3, r1, r3, r0
  44              	.LVL1:
  45              		.loc 1 427 5 is_stmt 1 view .LVU6
  46              		.loc 1 428 5 view .LVU7
  47              		.loc 1 427 7 is_stmt 0 view .LVU8
  48 000a 0846     		mov	r0, r1
  49              		.loc 1 428 7 view .LVU9
  50 000c 1946     		mov	r1, r3
  51              	.LVL2:
  52              	.L2:
  53              		.loc 1 425 12 is_stmt 1 view .LVU10
  54 000e 0029     		cmp	r1, #0
  55 0010 F7D1     		bne	.L3
  56              		.loc 1 430 3 view .LVU11
  57              		.loc 1 431 1 is_stmt 0 view .LVU12
ARM GAS  /tmp/ccftVcE7.s 			page 2


  58 0012 7047     		bx	lr
  59              		.cfi_endproc
  60              	.LFE257:
  61              		.size	gcd, .-gcd
  62              		.section	.text.i2c_begin,"ax",%progbits
  63              		.align	1
  64              		.p2align 4,,15
  65              		.syntax unified
  66              		.thumb
  67              		.thumb_func
  68              		.type	i2c_begin, %function
  69              	i2c_begin:
  70              	.LFB237:
  71              		.loc 1 56 33 is_stmt 1 view -0
  72              		.cfi_startproc
  73              		@ args = 0, pretend = 0, frame = 0
  74              		@ frame_needed = 0, uses_anonymous_args = 0
  75 0000 10B5     		push	{r4, lr}
  76              		.cfi_def_cfa_offset 8
  77              		.cfi_offset 4, -8
  78              		.cfi_offset 14, -4
  79              		.loc 1 57 9 view .LVU14
  80              	.LBB143:
  81              	.LBI143:
  82              		.loc 1 46 24 view .LVU15
  83              	.LBB144:
  84              		.loc 1 47 7 view .LVU16
  85 0002 074C     		ldr	r4, .L6
  86 0004 4FF48043 		mov	r3, #16384
  87 0008 6383     		strh	r3, [r4, #26]	@ movhi
  88              		.loc 1 48 9 view .LVU17
  89 000a 1420     		movs	r0, #20
  90 000c FFF7FEFF 		bl	my_microsecond_delay
  91              	.LVL3:
  92              		.loc 1 48 18 discriminator 1 view .LVU18
  93              	.LBE144:
  94              	.LBE143:
  95              		.loc 1 58 9 view .LVU19
  96              	.LBB145:
  97              	.LBI145:
  98              		.loc 1 36 24 view .LVU20
  99              	.LBB146:
 100              		.loc 1 37 7 view .LVU21
 101 0010 4FF40053 		mov	r3, #8192
 102 0014 6383     		strh	r3, [r4, #26]	@ movhi
 103              		.loc 1 38 9 view .LVU22
 104 0016 1420     		movs	r0, #20
 105 0018 FFF7FEFF 		bl	my_microsecond_delay
 106              	.LVL4:
 107              		.loc 1 38 18 discriminator 1 view .LVU23
 108              	.LBE146:
 109              	.LBE145:
 110              		.loc 1 59 5 is_stmt 0 view .LVU24
 111 001c 10BD     		pop	{r4, pc}
 112              	.L7:
 113 001e 00BF     		.align	2
 114              	.L6:
ARM GAS  /tmp/ccftVcE7.s 			page 3


 115 0020 00040048 		.word	1207960576
 116              		.cfi_endproc
 117              	.LFE237:
 118              		.size	i2c_begin, .-i2c_begin
 119              		.section	.text.i2c_end,"ax",%progbits
 120              		.align	1
 121              		.p2align 4,,15
 122              		.syntax unified
 123              		.thumb
 124              		.thumb_func
 125              		.type	i2c_end, %function
 126              	i2c_end:
 127              	.LFB238:
 128              		.loc 1 61 31 is_stmt 1 view -0
 129              		.cfi_startproc
 130              		@ args = 0, pretend = 0, frame = 0
 131              		@ frame_needed = 0, uses_anonymous_args = 0
 132 0000 38B5     		push	{r3, r4, r5, lr}
 133              		.cfi_def_cfa_offset 16
 134              		.cfi_offset 3, -16
 135              		.cfi_offset 4, -12
 136              		.cfi_offset 5, -8
 137              		.cfi_offset 14, -4
 138              		.loc 1 62 9 view .LVU26
 139              	.LBB147:
 140              	.LBI147:
 141              		.loc 1 46 24 view .LVU27
 142              	.LBB148:
 143              		.loc 1 47 7 view .LVU28
 144 0002 094C     		ldr	r4, .L10
 145 0004 4FF48045 		mov	r5, #16384
 146 0008 6583     		strh	r5, [r4, #26]	@ movhi
 147              		.loc 1 48 9 view .LVU29
 148 000a 1420     		movs	r0, #20
 149 000c FFF7FEFF 		bl	my_microsecond_delay
 150              	.LVL5:
 151              		.loc 1 48 18 discriminator 1 view .LVU30
 152              	.LBE148:
 153              	.LBE147:
 154              		.loc 1 63 9 view .LVU31
 155              	.LBB149:
 156              	.LBI149:
 157              		.loc 1 41 24 view .LVU32
 158              	.LBB150:
 159              		.loc 1 42 7 view .LVU33
 160 0010 4FF40053 		mov	r3, #8192
 161 0014 2383     		strh	r3, [r4, #24]	@ movhi
 162              		.loc 1 43 9 view .LVU34
 163 0016 1420     		movs	r0, #20
 164 0018 FFF7FEFF 		bl	my_microsecond_delay
 165              	.LVL6:
 166              		.loc 1 43 18 discriminator 1 view .LVU35
 167              	.LBE150:
 168              	.LBE149:
 169              		.loc 1 64 9 view .LVU36
 170              	.LBB151:
 171              	.LBI151:
ARM GAS  /tmp/ccftVcE7.s 			page 4


 172              		.loc 1 51 24 view .LVU37
 173              	.LBB152:
 174              		.loc 1 52 7 view .LVU38
 175 001c 2583     		strh	r5, [r4, #24]	@ movhi
 176              		.loc 1 53 9 view .LVU39
 177 001e 1420     		movs	r0, #20
 178 0020 FFF7FEFF 		bl	my_microsecond_delay
 179              	.LVL7:
 180              		.loc 1 53 18 discriminator 1 view .LVU40
 181              	.LBE152:
 182              	.LBE151:
 183              		.loc 1 65 5 is_stmt 0 view .LVU41
 184 0024 38BD     		pop	{r3, r4, r5, pc}
 185              	.L11:
 186 0026 00BF     		.align	2
 187              	.L10:
 188 0028 00040048 		.word	1207960576
 189              		.cfi_endproc
 190              	.LFE238:
 191              		.size	i2c_end, .-i2c_end
 192              		.section	.text.i2c_recv,"ax",%progbits
 193              		.align	1
 194              		.p2align 4,,15
 195              		.global	i2c_recv
 196              		.syntax unified
 197              		.thumb
 198              		.thumb_func
 199              		.type	i2c_recv, %function
 200              	i2c_recv:
 201              	.LVL8:
 202              	.LFB239:
 203              		.loc 1 67 33 is_stmt 1 view -0
 204              		.cfi_startproc
 205              		@ args = 0, pretend = 0, frame = 0
 206              		@ frame_needed = 0, uses_anonymous_args = 0
 207              		.loc 1 67 33 is_stmt 0 view .LVU43
 208 0000 70B5     		push	{r4, r5, r6, lr}
 209              		.cfi_def_cfa_offset 16
 210              		.cfi_offset 4, -16
 211              		.cfi_offset 5, -12
 212              		.cfi_offset 6, -8
 213              		.cfi_offset 14, -4
 214              		.loc 1 68 9 is_stmt 1 view .LVU44
 215              	.LVL9:
 216              		.loc 1 70 9 view .LVU45
 217              		.loc 1 68 18 is_stmt 0 view .LVU46
 218 0002 0024     		movs	r4, #0
 219              		.loc 1 70 14 view .LVU47
 220 0004 07E0     		b	.L13
 221              	.LVL10:
 222              	.L14:
 223              		.loc 1 74 13 is_stmt 1 view .LVU48
 224              	.LBB153:
 225              	.LBI153:
 226              		.loc 1 36 24 view .LVU49
 227              	.LBB154:
 228              		.loc 1 37 7 view .LVU50
ARM GAS  /tmp/ccftVcE7.s 			page 5


 229 0006 0D4B     		ldr	r3, .L18
 230 0008 4FF40052 		mov	r2, #8192
 231 000c 5A83     		strh	r2, [r3, #26]	@ movhi
 232              		.loc 1 38 9 view .LVU51
 233 000e 1420     		movs	r0, #20
 234 0010 FFF7FEFF 		bl	my_microsecond_delay
 235              	.LVL11:
 236              		.loc 1 38 18 discriminator 1 view .LVU52
 237              	.LBE154:
 238              	.LBE153:
 239              		.loc 1 70 19 is_stmt 0 view .LVU53
 240 0014 3046     		mov	r0, r6
 241              	.LVL12:
 242              	.L13:
 243              		.loc 1 70 15 is_stmt 1 view .LVU54
 244              		.loc 1 70 19 is_stmt 0 view .LVU55
 245 0016 461E     		subs	r6, r0, #1
 246              	.LVL13:
 247              		.loc 1 70 15 view .LVU56
 248 0018 70B1     		cbz	r0, .L17
 249              		.loc 1 71 13 is_stmt 1 view .LVU57
 250              	.LBB155:
 251              	.LBI155:
 252              		.loc 1 41 24 view .LVU58
 253              	.LBB156:
 254              		.loc 1 42 7 view .LVU59
 255 001a 084D     		ldr	r5, .L18
 256 001c 4FF40053 		mov	r3, #8192
 257 0020 2B83     		strh	r3, [r5, #24]	@ movhi
 258              		.loc 1 43 9 view .LVU60
 259 0022 1420     		movs	r0, #20
 260 0024 FFF7FEFF 		bl	my_microsecond_delay
 261              	.LVL14:
 262              		.loc 1 43 18 discriminator 1 view .LVU61
 263              	.LBE156:
 264              	.LBE155:
 265              		.loc 1 72 13 view .LVU62
 266              		.loc 1 72 16 is_stmt 0 view .LVU63
 267 0028 6400     		lsls	r4, r4, #1
 268              	.LVL15:
 269              		.loc 1 73 13 is_stmt 1 view .LVU64
 270              		.loc 1 73 17 is_stmt 0 view .LVU65
 271 002a 2B69     		ldr	r3, [r5, #16]
 272              		.loc 1 73 16 view .LVU66
 273 002c 13F4804F 		tst	r3, #16384
 274 0030 E9D0     		beq	.L14
 275              		.loc 1 73 40 is_stmt 1 discriminator 1 view .LVU67
 276              		.loc 1 73 43 is_stmt 0 discriminator 1 view .LVU68
 277 0032 44F00104 		orr	r4, r4, #1
 278              	.LVL16:
 279              		.loc 1 73 43 discriminator 1 view .LVU69
 280 0036 E6E7     		b	.L14
 281              	.L17:
 282              		.loc 1 77 9 is_stmt 1 view .LVU70
 283              		.loc 1 78 5 is_stmt 0 view .LVU71
 284 0038 2046     		mov	r0, r4
 285 003a 70BD     		pop	{r4, r5, r6, pc}
ARM GAS  /tmp/ccftVcE7.s 			page 6


 286              	.LVL17:
 287              	.L19:
 288              		.loc 1 78 5 view .LVU72
 289              		.align	2
 290              	.L18:
 291 003c 00040048 		.word	1207960576
 292              		.cfi_endproc
 293              	.LFE239:
 294              		.size	i2c_recv, .-i2c_recv
 295              		.section	.text.i2c_send,"ax",%progbits
 296              		.align	1
 297              		.p2align 4,,15
 298              		.syntax unified
 299              		.thumb
 300              		.thumb_func
 301              		.type	i2c_send, %function
 302              	i2c_send:
 303              	.LVL18:
 304              	.LFB240:
 305              		.loc 1 82 40 is_stmt 1 view -0
 306              		.cfi_startproc
 307              		@ args = 0, pretend = 0, frame = 0
 308              		@ frame_needed = 0, uses_anonymous_args = 0
 309              		.loc 1 82 40 is_stmt 0 view .LVU74
 310 0000 F8B5     		push	{r3, r4, r5, r6, r7, lr}
 311              		.cfi_def_cfa_offset 24
 312              		.cfi_offset 3, -24
 313              		.cfi_offset 4, -20
 314              		.cfi_offset 5, -16
 315              		.cfi_offset 6, -12
 316              		.cfi_offset 7, -8
 317              		.cfi_offset 14, -4
 318 0002 0746     		mov	r7, r0
 319              		.loc 1 84 9 is_stmt 1 view .LVU75
 320              	.LBB157:
 321              		.loc 1 84 14 view .LVU76
 322              	.LVL19:
 323              		.loc 1 84 23 is_stmt 0 view .LVU77
 324 0004 8024     		movs	r4, #128
 325              		.loc 1 84 9 view .LVU78
 326 0006 12E0     		b	.L21
 327              	.LVL20:
 328              	.L22:
 329              		.loc 1 85 13 is_stmt 1 discriminator 2 view .LVU79
 330              	.LBB158:
 331              	.LBI158:
 332              		.loc 1 46 24 view .LVU80
 333              	.LBB159:
 334              		.loc 1 47 7 view .LVU81
 335 0008 154B     		ldr	r3, .L29
 336 000a 4FF48042 		mov	r2, #16384
 337 000e 5A83     		strh	r2, [r3, #26]	@ movhi
 338              		.loc 1 48 9 view .LVU82
 339 0010 1420     		movs	r0, #20
 340 0012 FFF7FEFF 		bl	my_microsecond_delay
 341              	.LVL21:
 342              		.loc 1 48 18 discriminator 1 view .LVU83
ARM GAS  /tmp/ccftVcE7.s 			page 7


 343              	.L23:
 344              	.LBE159:
 345              	.LBE158:
 346              		.loc 1 85 32 discriminator 4 view .LVU84
 347              		.loc 1 86 13 view .LVU85
 348              	.LBB160:
 349              	.LBI160:
 350              		.loc 1 41 24 view .LVU86
 351              	.LBB161:
 352              		.loc 1 42 7 view .LVU87
 353 0016 124D     		ldr	r5, .L29
 354 0018 4FF40056 		mov	r6, #8192
 355 001c 2E83     		strh	r6, [r5, #24]	@ movhi
 356              		.loc 1 43 9 view .LVU88
 357 001e 1420     		movs	r0, #20
 358 0020 FFF7FEFF 		bl	my_microsecond_delay
 359              	.LVL22:
 360              		.loc 1 43 18 discriminator 1 view .LVU89
 361              	.LBE161:
 362              	.LBE160:
 363              		.loc 1 86 13 discriminator 1 view .LVU90
 364              	.LBB162:
 365              	.LBI162:
 366              		.loc 1 36 24 view .LVU91
 367              	.LBB163:
 368              		.loc 1 37 7 view .LVU92
 369 0024 6E83     		strh	r6, [r5, #26]	@ movhi
 370              		.loc 1 38 9 view .LVU93
 371 0026 1420     		movs	r0, #20
 372 0028 FFF7FEFF 		bl	my_microsecond_delay
 373              	.LVL23:
 374              		.loc 1 38 18 discriminator 1 view .LVU94
 375              	.LBE163:
 376              	.LBE162:
 377              		.loc 1 86 23 discriminator 2 view .LVU95
 378              		.loc 1 84 46 discriminator 2 view .LVU96
 379 002c 6408     		lsrs	r4, r4, #1
 380              	.LVL24:
 381              	.L21:
 382              		.loc 1 84 36 discriminator 1 view .LVU97
 383 002e 4CB1     		cbz	r4, .L27
 384              		.loc 1 85 13 view .LVU98
 385 0030 2742     		tst	r7, r4
 386 0032 E9D0     		beq	.L22
 387              		.loc 1 85 13 discriminator 1 view .LVU99
 388              	.LBB164:
 389              	.LBI164:
 390              		.loc 1 51 24 view .LVU100
 391              	.LBB165:
 392              		.loc 1 52 7 view .LVU101
 393 0034 0A4B     		ldr	r3, .L29
 394 0036 4FF48042 		mov	r2, #16384
 395 003a 1A83     		strh	r2, [r3, #24]	@ movhi
 396              		.loc 1 53 9 view .LVU102
 397 003c 1420     		movs	r0, #20
 398 003e FFF7FEFF 		bl	my_microsecond_delay
 399              	.LVL25:
ARM GAS  /tmp/ccftVcE7.s 			page 8


 400              		.loc 1 53 18 discriminator 1 view .LVU103
 401              		.loc 1 54 5 is_stmt 0 view .LVU104
 402 0042 E8E7     		b	.L23
 403              	.L27:
 404              		.loc 1 54 5 view .LVU105
 405              	.LBE165:
 406              	.LBE164:
 407              	.LBE157:
 408              		.loc 1 89 9 is_stmt 1 view .LVU106
 409              		.loc 1 89 20 is_stmt 0 view .LVU107
 410 0044 0120     		movs	r0, #1
 411 0046 FFF7FEFF 		bl	i2c_recv
 412              	.LVL26:
 413              		.loc 1 89 14 discriminator 1 view .LVU108
 414 004a 0028     		cmp	r0, #0
 415 004c 14BF     		ite	ne
 416 004e 0124     		movne	r4, #1
 417              	.LVL27:
 418              		.loc 1 89 14 discriminator 1 view .LVU109
 419 0050 0024     		moveq	r4, #0
 420              	.LVL28:
 421              		.loc 1 91 9 is_stmt 1 view .LVU110
 422              		.loc 1 91 12 is_stmt 0 view .LVU111
 423 0052 01D1     		bne	.L28
 424              	.L25:
 425              		.loc 1 93 9 is_stmt 1 view .LVU112
 426              		.loc 1 94 5 is_stmt 0 view .LVU113
 427 0054 2046     		mov	r0, r4
 428 0056 F8BD     		pop	{r3, r4, r5, r6, r7, pc}
 429              	.LVL29:
 430              	.L28:
 431              		.loc 1 92 13 is_stmt 1 view .LVU114
 432 0058 FFF7FEFF 		bl	i2c_end
 433              	.LVL30:
 434 005c FAE7     		b	.L25
 435              	.L30:
 436 005e 00BF     		.align	2
 437              	.L29:
 438 0060 00040048 		.word	1207960576
 439              		.cfi_endproc
 440              	.LFE240:
 441              		.size	i2c_send, .-i2c_send
 442              		.section	.text.i2c_init,"ax",%progbits
 443              		.align	1
 444              		.p2align 4,,15
 445              		.global	i2c_init
 446              		.syntax unified
 447              		.thumb
 448              		.thumb_func
 449              		.type	i2c_init, %function
 450              	i2c_init:
 451              	.LFB241:
 452              		.loc 1 96 25 view -0
 453              		.cfi_startproc
 454              		@ args = 0, pretend = 0, frame = 0
 455              		@ frame_needed = 0, uses_anonymous_args = 0
 456 0000 08B5     		push	{r3, lr}
ARM GAS  /tmp/ccftVcE7.s 			page 9


 457              		.cfi_def_cfa_offset 8
 458              		.cfi_offset 3, -8
 459              		.cfi_offset 14, -4
 460              		.loc 1 99 9 view .LVU116
 461 0002 FFF7FEFF 		bl	i2c_begin
 462              	.LVL31:
 463              		.loc 1 100 9 view .LVU117
 464 0006 FFF7FEFF 		bl	i2c_end
 465              	.LVL32:
 466              		.loc 1 101 5 is_stmt 0 view .LVU118
 467 000a 08BD     		pop	{r3, pc}
 468              		.cfi_endproc
 469              	.LFE241:
 470              		.size	i2c_init, .-i2c_init
 471              		.section	.text.i2c_probe,"ax",%progbits
 472              		.align	1
 473              		.p2align 4,,15
 474              		.global	i2c_probe
 475              		.syntax unified
 476              		.thumb
 477              		.thumb_func
 478              		.type	i2c_probe, %function
 479              	i2c_probe:
 480              	.LVL33:
 481              	.LFB242:
 482              		.loc 1 105 37 is_stmt 1 view -0
 483              		.cfi_startproc
 484              		@ args = 0, pretend = 0, frame = 0
 485              		@ frame_needed = 0, uses_anonymous_args = 0
 486              		.loc 1 105 37 is_stmt 0 view .LVU120
 487 0000 10B5     		push	{r4, lr}
 488              		.cfi_def_cfa_offset 8
 489              		.cfi_offset 4, -8
 490              		.cfi_offset 14, -4
 491 0002 0446     		mov	r4, r0
 492              		.loc 1 106 9 is_stmt 1 view .LVU121
 493 0004 FFF7FEFF 		bl	i2c_begin
 494              	.LVL34:
 495              		.loc 1 108 9 view .LVU122
 496              		.loc 1 108 12 is_stmt 0 view .LVU123
 497 0008 6000     		lsls	r0, r4, #1
 498 000a 00F0FE00 		and	r0, r0, #254
 499 000e FFF7FEFF 		bl	i2c_send
 500              	.LVL35:
 501              		.loc 1 108 11 discriminator 1 view .LVU124
 502 0012 08B1     		cbz	r0, .L37
 503              		.loc 1 109 20 view .LVU125
 504 0014 0020     		movs	r0, #0
 505              	.L34:
 506              		.loc 1 112 5 view .LVU126
 507 0016 10BD     		pop	{r4, pc}
 508              	.LVL36:
 509              	.L37:
 510              		.loc 1 110 9 is_stmt 1 view .LVU127
 511 0018 FFF7FEFF 		bl	i2c_end
 512              	.LVL37:
 513              		.loc 1 111 9 view .LVU128
ARM GAS  /tmp/ccftVcE7.s 			page 10


 514              		.loc 1 111 16 is_stmt 0 view .LVU129
 515 001c 0120     		movs	r0, #1
 516 001e FAE7     		b	.L34
 517              		.cfi_endproc
 518              	.LFE242:
 519              		.size	i2c_probe, .-i2c_probe
 520              		.section	.text.i2c_write,"ax",%progbits
 521              		.align	1
 522              		.p2align 4,,15
 523              		.global	i2c_write
 524              		.syntax unified
 525              		.thumb
 526              		.thumb_func
 527              		.type	i2c_write, %function
 528              	i2c_write:
 529              	.LVL38:
 530              	.LFB243:
 531              		.loc 1 115 64 is_stmt 1 view -0
 532              		.cfi_startproc
 533              		@ args = 0, pretend = 0, frame = 0
 534              		@ frame_needed = 0, uses_anonymous_args = 0
 535              		.loc 1 115 64 is_stmt 0 view .LVU131
 536 0000 70B5     		push	{r4, r5, r6, lr}
 537              		.cfi_def_cfa_offset 16
 538              		.cfi_offset 4, -16
 539              		.cfi_offset 5, -12
 540              		.cfi_offset 6, -8
 541              		.cfi_offset 14, -4
 542 0002 0446     		mov	r4, r0
 543 0004 0D46     		mov	r5, r1
 544 0006 1646     		mov	r6, r2
 545              		.loc 1 116 9 is_stmt 1 view .LVU132
 546 0008 FFF7FEFF 		bl	i2c_begin
 547              	.LVL39:
 548              		.loc 1 118 9 view .LVU133
 549              		.loc 1 118 12 is_stmt 0 view .LVU134
 550 000c 6400     		lsls	r4, r4, #1
 551              	.LVL40:
 552              		.loc 1 118 12 view .LVU135
 553 000e 04F0FE00 		and	r0, r4, #254
 554 0012 FFF7FEFF 		bl	i2c_send
 555              	.LVL41:
 556              		.loc 1 118 11 discriminator 1 view .LVU136
 557 0016 58B9     		cbnz	r0, .L40
 558              		.loc 1 121 9 is_stmt 1 view .LVU137
 559              		.loc 1 121 12 is_stmt 0 view .LVU138
 560 0018 2846     		mov	r0, r5
 561 001a FFF7FEFF 		bl	i2c_send
 562              	.LVL42:
 563              		.loc 1 121 11 discriminator 1 view .LVU139
 564 001e 50B9     		cbnz	r0, .L41
 565              		.loc 1 124 9 is_stmt 1 view .LVU140
 566              		.loc 1 124 12 is_stmt 0 view .LVU141
 567 0020 3046     		mov	r0, r6
 568 0022 FFF7FEFF 		bl	i2c_send
 569              	.LVL43:
 570              		.loc 1 124 11 discriminator 1 view .LVU142
ARM GAS  /tmp/ccftVcE7.s 			page 11


 571 0026 48B9     		cbnz	r0, .L42
 572              		.loc 1 126 9 is_stmt 1 view .LVU143
 573 0028 FFF7FEFF 		bl	i2c_end
 574              	.LVL44:
 575              		.loc 1 127 9 view .LVU144
 576              		.loc 1 127 16 is_stmt 0 view .LVU145
 577 002c 0020     		movs	r0, #0
 578              	.L38:
 579              		.loc 1 128 5 view .LVU146
 580 002e 70BD     		pop	{r4, r5, r6, pc}
 581              	.LVL45:
 582              	.L40:
 583              		.loc 1 119 20 view .LVU147
 584 0030 4FF0FF30 		mov	r0, #-1
 585 0034 FBE7     		b	.L38
 586              	.L41:
 587              		.loc 1 122 20 view .LVU148
 588 0036 6FF00100 		mvn	r0, #1
 589 003a F8E7     		b	.L38
 590              	.L42:
 591              		.loc 1 125 20 view .LVU149
 592 003c 6FF00200 		mvn	r0, #2
 593 0040 F5E7     		b	.L38
 594              		.cfi_endproc
 595              	.LFE243:
 596              		.size	i2c_write, .-i2c_write
 597 0042 00BF     		.section	.text.si5351_write,"ax",%progbits
 598              		.align	1
 599              		.p2align 4,,15
 600              		.syntax unified
 601              		.thumb
 602              		.thumb_func
 603              		.type	si5351_write, %function
 604              	si5351_write:
 605              	.LVL46:
 606              	.LFB247:
 607              		.loc 1 174 1 is_stmt 1 view -0
 608              		.cfi_startproc
 609              		@ args = 0, pretend = 0, frame = 0
 610              		@ frame_needed = 0, uses_anonymous_args = 0
 611              		.loc 1 174 1 is_stmt 0 view .LVU151
 612 0000 08B5     		push	{r3, lr}
 613              		.cfi_def_cfa_offset 8
 614              		.cfi_offset 3, -8
 615              		.cfi_offset 14, -4
 616 0002 0A46     		mov	r2, r1
 617              		.loc 1 175 3 is_stmt 1 view .LVU152
 618              	.LVL47:
 619              		.loc 1 176 3 view .LVU153
 620              		.loc 1 176 11 is_stmt 0 view .LVU154
 621 0004 0146     		mov	r1, r0
 622              	.LVL48:
 623              		.loc 1 176 11 view .LVU155
 624 0006 6020     		movs	r0, #96
 625              	.LVL49:
 626              		.loc 1 176 11 view .LVU156
 627 0008 FFF7FEFF 		bl	i2c_write
ARM GAS  /tmp/ccftVcE7.s 			page 12


 628              	.LVL50:
 629              		.loc 1 177 3 is_stmt 1 view .LVU157
 630              		.loc 1 178 1 is_stmt 0 view .LVU158
 631 000c C043     		mvns	r0, r0
 632              	.LVL51:
 633              		.loc 1 178 1 view .LVU159
 634 000e C00F     		lsrs	r0, r0, #31
 635              	.LVL52:
 636              		.loc 1 178 1 view .LVU160
 637 0010 08BD     		pop	{r3, pc}
 638              		.cfi_endproc
 639              	.LFE247:
 640              		.size	si5351_write, .-si5351_write
 641 0012 00BF     		.section	.text.si5351_reset_pll,"ax",%progbits
 642              		.align	1
 643              		.p2align 4,,15
 644              		.syntax unified
 645              		.thumb
 646              		.thumb_func
 647              		.type	si5351_reset_pll, %function
 648              	si5351_reset_pll:
 649              	.LFB254:
 650              		.loc 1 285 1 is_stmt 1 view -0
 651              		.cfi_startproc
 652              		@ args = 0, pretend = 0, frame = 0
 653              		@ frame_needed = 0, uses_anonymous_args = 0
 654 0000 08B5     		push	{r3, lr}
 655              		.cfi_def_cfa_offset 8
 656              		.cfi_offset 3, -8
 657              		.cfi_offset 14, -4
 658              		.loc 1 287 3 view .LVU162
 659 0002 AC21     		movs	r1, #172
 660 0004 B120     		movs	r0, #177
 661 0006 FFF7FEFF 		bl	si5351_write
 662              	.LVL53:
 663              		.loc 1 288 1 is_stmt 0 view .LVU163
 664 000a 08BD     		pop	{r3, pc}
 665              		.cfi_endproc
 666              	.LFE254:
 667              		.size	si5351_reset_pll, .-si5351_reset_pll
 668              		.section	.text.si5351_enable_output,"ax",%progbits
 669              		.align	1
 670              		.p2align 4,,15
 671              		.syntax unified
 672              		.thumb
 673              		.thumb_func
 674              		.type	si5351_enable_output, %function
 675              	si5351_enable_output:
 676              	.LFB253:
 677              		.loc 1 276 1 is_stmt 1 view -0
 678              		.cfi_startproc
 679              		@ args = 0, pretend = 0, frame = 0
 680              		@ frame_needed = 0, uses_anonymous_args = 0
 681 0000 08B5     		push	{r3, lr}
 682              		.cfi_def_cfa_offset 8
 683              		.cfi_offset 3, -8
 684              		.cfi_offset 14, -4
ARM GAS  /tmp/ccftVcE7.s 			page 13


 685              		.loc 1 280 3 view .LVU165
 686 0002 0421     		movs	r1, #4
 687 0004 0320     		movs	r0, #3
 688 0006 FFF7FEFF 		bl	si5351_write
 689              	.LVL54:
 690              		.loc 1 282 1 is_stmt 0 view .LVU166
 691 000a 08BD     		pop	{r3, pc}
 692              		.cfi_endproc
 693              	.LFE253:
 694              		.size	si5351_enable_output, .-si5351_enable_output
 695              		.section	.text.i2c_write_buf,"ax",%progbits
 696              		.align	1
 697              		.p2align 4,,15
 698              		.global	i2c_write_buf
 699              		.syntax unified
 700              		.thumb
 701              		.thumb_func
 702              		.type	i2c_write_buf, %function
 703              	i2c_write_buf:
 704              	.LVL55:
 705              	.LFB244:
 706              		.loc 1 131 64 is_stmt 1 view -0
 707              		.cfi_startproc
 708              		@ args = 0, pretend = 0, frame = 0
 709              		@ frame_needed = 0, uses_anonymous_args = 0
 710              		.loc 1 131 64 is_stmt 0 view .LVU168
 711 0000 70B5     		push	{r4, r5, r6, lr}
 712              		.cfi_def_cfa_offset 16
 713              		.cfi_offset 4, -16
 714              		.cfi_offset 5, -12
 715              		.cfi_offset 6, -8
 716              		.cfi_offset 14, -4
 717 0002 0446     		mov	r4, r0
 718 0004 0E46     		mov	r6, r1
 719 0006 1546     		mov	r5, r2
 720              		.loc 1 132 9 is_stmt 1 view .LVU169
 721 0008 FFF7FEFF 		bl	i2c_begin
 722              	.LVL56:
 723              		.loc 1 134 9 view .LVU170
 724              		.loc 1 134 12 is_stmt 0 view .LVU171
 725 000c 6000     		lsls	r0, r4, #1
 726 000e 00F0FE00 		and	r0, r0, #254
 727 0012 FFF7FEFF 		bl	i2c_send
 728              	.LVL57:
 729              		.loc 1 134 11 discriminator 1 view .LVU172
 730 0016 80B9     		cbnz	r0, .L54
 731              	.LBB166:
 732              		.loc 1 137 17 view .LVU173
 733 0018 0024     		movs	r4, #0
 734              	.LVL58:
 735              		.loc 1 137 17 view .LVU174
 736 001a 00E0     		b	.L52
 737              	.LVL59:
 738              	.L58:
 739              		.loc 1 137 30 is_stmt 1 discriminator 2 view .LVU175
 740 001c 0134     		adds	r4, r4, #1
 741              	.LVL60:
ARM GAS  /tmp/ccftVcE7.s 			page 14


 742              	.L52:
 743              		.loc 1 137 23 discriminator 1 view .LVU176
 744 001e AC42     		cmp	r4, r5
 745 0020 07DA     		bge	.L57
 746              		.loc 1 138 13 view .LVU177
 747              		.loc 1 138 16 is_stmt 0 view .LVU178
 748 0022 305D     		ldrb	r0, [r6, r4]	@ zero_extendqisi2
 749 0024 FFF7FEFF 		bl	i2c_send
 750              	.LVL61:
 751              		.loc 1 138 15 discriminator 1 view .LVU179
 752 0028 0028     		cmp	r0, #0
 753 002a F7D0     		beq	.L58
 754              		.loc 1 139 24 view .LVU180
 755 002c 6FF00100 		mvn	r0, #1
 756 0030 02E0     		b	.L50
 757              	.L57:
 758              		.loc 1 139 24 view .LVU181
 759              	.LBE166:
 760              		.loc 1 140 9 is_stmt 1 view .LVU182
 761 0032 FFF7FEFF 		bl	i2c_end
 762              	.LVL62:
 763              		.loc 1 141 9 view .LVU183
 764              		.loc 1 141 16 is_stmt 0 view .LVU184
 765 0036 0020     		movs	r0, #0
 766              	.LVL63:
 767              	.L50:
 768              		.loc 1 142 5 view .LVU185
 769 0038 70BD     		pop	{r4, r5, r6, pc}
 770              	.LVL64:
 771              	.L54:
 772              		.loc 1 135 20 view .LVU186
 773 003a 4FF0FF30 		mov	r0, #-1
 774 003e FBE7     		b	.L50
 775              		.cfi_endproc
 776              	.LFE244:
 777              		.size	i2c_write_buf, .-i2c_write_buf
 778              		.section	.text.si5351_bulk_write,"ax",%progbits
 779              		.align	1
 780              		.p2align 4,,15
 781              		.syntax unified
 782              		.thumb
 783              		.thumb_func
 784              		.type	si5351_bulk_write, %function
 785              	si5351_bulk_write:
 786              	.LVL65:
 787              	.LFB248:
 788              		.loc 1 181 1 is_stmt 1 view -0
 789              		.cfi_startproc
 790              		@ args = 0, pretend = 0, frame = 0
 791              		@ frame_needed = 0, uses_anonymous_args = 0
 792              		.loc 1 181 1 is_stmt 0 view .LVU188
 793 0000 08B5     		push	{r3, lr}
 794              		.cfi_def_cfa_offset 8
 795              		.cfi_offset 3, -8
 796              		.cfi_offset 14, -4
 797 0002 0A46     		mov	r2, r1
 798              		.loc 1 182 3 is_stmt 1 view .LVU189
ARM GAS  /tmp/ccftVcE7.s 			page 15


 799              	.LVL66:
 800              		.loc 1 183 3 view .LVU190
 801              		.loc 1 183 11 is_stmt 0 view .LVU191
 802 0004 0146     		mov	r1, r0
 803              	.LVL67:
 804              		.loc 1 183 11 view .LVU192
 805 0006 6020     		movs	r0, #96
 806              	.LVL68:
 807              		.loc 1 183 11 view .LVU193
 808 0008 FFF7FEFF 		bl	i2c_write_buf
 809              	.LVL69:
 810              		.loc 1 184 3 is_stmt 1 view .LVU194
 811              		.loc 1 185 1 is_stmt 0 view .LVU195
 812 000c C043     		mvns	r0, r0
 813              	.LVL70:
 814              		.loc 1 185 1 view .LVU196
 815 000e C00F     		lsrs	r0, r0, #31
 816              	.LVL71:
 817              		.loc 1 185 1 view .LVU197
 818 0010 08BD     		pop	{r3, pc}
 819              		.cfi_endproc
 820              	.LFE248:
 821              		.size	si5351_bulk_write, .-si5351_bulk_write
 822 0012 00BF     		.section	.text.si5351_setupPLL,"ax",%progbits
 823              		.align	1
 824              		.p2align 4,,15
 825              		.syntax unified
 826              		.thumb
 827              		.thumb_func
 828              		.type	si5351_setupPLL, %function
 829              	si5351_setupPLL:
 830              	.LVL72:
 831              	.LFB255:
 832              		.loc 1 295 1 is_stmt 1 view -0
 833              		.cfi_startproc
 834              		@ args = 0, pretend = 0, frame = 16
 835              		@ frame_needed = 0, uses_anonymous_args = 0
 836              		.loc 1 295 1 is_stmt 0 view .LVU199
 837 0000 00B5     		push	{lr}
 838              		.cfi_def_cfa_offset 4
 839              		.cfi_offset 14, -4
 840 0002 85B0     		sub	sp, sp, #20
 841              		.cfi_def_cfa_offset 24
 842              		.loc 1 297 3 is_stmt 1 view .LVU200
 843              		.loc 1 297 17 is_stmt 0 view .LVU201
 844 0004 42F21A2C 		movw	ip, #8730
 845 0008 ADF80CC0 		strh	ip, [sp, #12]	@ movhi
 846              		.loc 1 301 3 is_stmt 1 view .LVU202
 847              		.loc 1 302 3 view .LVU203
 848              		.loc 1 303 3 view .LVU204
 849              		.loc 1 316 3 view .LVU205
 850              		.loc 1 316 6 is_stmt 0 view .LVU206
 851 000c 9446     		mov	ip, r2
 852 000e 6ABB     		cbnz	r2, .L62
 853              		.loc 1 319 5 is_stmt 1 view .LVU207
 854              		.loc 1 319 21 is_stmt 0 view .LVU208
 855 0010 0439     		subs	r1, r1, #4
ARM GAS  /tmp/ccftVcE7.s 			page 16


 856              	.LVL73:
 857              		.loc 1 319 21 view .LVU209
 858 0012 C901     		lsls	r1, r1, #7
 859              	.LVL74:
 860              		.loc 1 320 5 is_stmt 1 view .LVU210
 861              		.loc 1 321 5 view .LVU211
 862              		.loc 1 321 8 is_stmt 0 view .LVU212
 863 0014 0123     		movs	r3, #1
 864              	.LVL75:
 865              	.L63:
 866              		.loc 1 334 3 is_stmt 1 view .LVU213
 867              		.loc 1 335 3 view .LVU214
 868              		.loc 1 335 23 is_stmt 0 view .LVU215
 869 0016 00F11002 		add	r2, r0, #16
 870 001a 0DEB0200 		add	r0, sp, r2
 871              	.LVL76:
 872              		.loc 1 335 23 view .LVU216
 873 001e 10F8042C 		ldrb	r2, [r0, #-4]	@ zero_extendqisi2
 874              		.loc 1 335 10 view .LVU217
 875 0022 8DF80020 		strb	r2, [sp]
 876              		.loc 1 336 3 is_stmt 1 view .LVU218
 877              		.loc 1 336 30 is_stmt 0 view .LVU219
 878 0026 1A0A     		lsrs	r2, r3, #8
 879              		.loc 1 336 10 view .LVU220
 880 0028 8DF80120 		strb	r2, [sp, #1]
 881              		.loc 1 337 3 is_stmt 1 view .LVU221
 882              		.loc 1 337 10 is_stmt 0 view .LVU222
 883 002c 8DF80230 		strb	r3, [sp, #2]
 884              		.loc 1 338 3 is_stmt 1 view .LVU223
 885              		.loc 1 338 30 is_stmt 0 view .LVU224
 886 0030 C1F30142 		ubfx	r2, r1, #16, #2
 887              		.loc 1 338 10 view .LVU225
 888 0034 8DF80320 		strb	r2, [sp, #3]
 889              		.loc 1 339 3 is_stmt 1 view .LVU226
 890              		.loc 1 339 30 is_stmt 0 view .LVU227
 891 0038 0A0A     		lsrs	r2, r1, #8
 892              		.loc 1 339 10 view .LVU228
 893 003a 8DF80420 		strb	r2, [sp, #4]
 894              		.loc 1 340 3 is_stmt 1 view .LVU229
 895              		.loc 1 340 10 is_stmt 0 view .LVU230
 896 003e 8DF80510 		strb	r1, [sp, #5]
 897              		.loc 1 341 3 is_stmt 1 view .LVU231
 898              		.loc 1 341 31 is_stmt 0 view .LVU232
 899 0042 1B0B     		lsrs	r3, r3, #12
 900              	.LVL77:
 901              		.loc 1 341 31 view .LVU233
 902 0044 03F0F003 		and	r3, r3, #240
 903              		.loc 1 341 59 view .LVU234
 904 0048 CCF30342 		ubfx	r2, ip, #16, #4
 905              		.loc 1 341 38 view .LVU235
 906 004c 1343     		orrs	r3, r3, r2
 907              		.loc 1 341 10 view .LVU236
 908 004e 8DF80630 		strb	r3, [sp, #6]
 909              		.loc 1 342 3 is_stmt 1 view .LVU237
 910              		.loc 1 342 30 is_stmt 0 view .LVU238
 911 0052 4FEA1C23 		lsr	r3, ip, #8
 912              		.loc 1 342 10 view .LVU239
ARM GAS  /tmp/ccftVcE7.s 			page 17


 913 0056 8DF80730 		strb	r3, [sp, #7]
 914              		.loc 1 343 3 is_stmt 1 view .LVU240
 915              		.loc 1 343 10 is_stmt 0 view .LVU241
 916 005a 8DF808C0 		strb	ip, [sp, #8]
 917              		.loc 1 344 3 is_stmt 1 view .LVU242
 918 005e 0921     		movs	r1, #9
 919              	.LVL78:
 920              		.loc 1 344 3 is_stmt 0 view .LVU243
 921 0060 6846     		mov	r0, sp
 922 0062 FFF7FEFF 		bl	si5351_bulk_write
 923              	.LVL79:
 924              		.loc 1 345 1 view .LVU244
 925 0066 05B0     		add	sp, sp, #20
 926              		.cfi_remember_state
 927              		.cfi_def_cfa_offset 4
 928              		@ sp needed
 929 0068 5DF804FB 		ldr	pc, [sp], #4
 930              	.LVL80:
 931              	.L62:
 932              		.cfi_restore_state
 933              		.loc 1 327 5 is_stmt 1 view .LVU245
 934              		.loc 1 327 29 is_stmt 0 view .LVU246
 935 006c 4FEAC21C 		lsl	ip, r2, #7
 936              		.loc 1 327 36 view .LVU247
 937 0070 BCFBF3F2 		udiv	r2, ip, r3
 938              	.LVL81:
 939              		.loc 1 327 21 view .LVU248
 940 0074 02EBC111 		add	r1, r2, r1, lsl #7
 941              	.LVL82:
 942              		.loc 1 327 8 view .LVU249
 943 0078 A1F50071 		sub	r1, r1, #512
 944              	.LVL83:
 945              		.loc 1 329 5 is_stmt 1 view .LVU250
 946              		.loc 1 329 8 is_stmt 0 view .LVU251
 947 007c 03FB12CC 		mls	ip, r3, r2, ip
 948              	.LVL84:
 949              		.loc 1 330 5 is_stmt 1 view .LVU252
 950              		.loc 1 330 5 is_stmt 0 view .LVU253
 951 0080 C9E7     		b	.L63
 952              		.cfi_endproc
 953              	.LFE255:
 954              		.size	si5351_setupPLL, .-si5351_setupPLL
 955 0082 00BF     		.section	.rodata.si5351_setupMultisynth.str1.4,"aMS",%progbits,1
 956              		.align	2
 957              	.LC0:
 958 0000 2A323A00 		.ascii	"*2:\000"
 959              		.align	2
 960              	.LC1:
 961 0004 10111200 		.ascii	"\020\021\022\000"
 962              		.section	.text.si5351_setupMultisynth,"ax",%progbits
 963              		.align	1
 964              		.p2align 4,,15
 965              		.syntax unified
 966              		.thumb
 967              		.thumb_func
 968              		.type	si5351_setupMultisynth, %function
 969              	si5351_setupMultisynth:
ARM GAS  /tmp/ccftVcE7.s 			page 18


 970              	.LVL85:
 971              	.LFB256:
 972              		.loc 1 355 1 is_stmt 1 view -0
 973              		.cfi_startproc
 974              		@ args = 12, pretend = 0, frame = 24
 975              		@ frame_needed = 0, uses_anonymous_args = 0
 976              		.loc 1 355 1 is_stmt 0 view .LVU255
 977 0000 2DE9F041 		push	{r4, r5, r6, r7, r8, lr}
 978              		.cfi_def_cfa_offset 24
 979              		.cfi_offset 4, -24
 980              		.cfi_offset 5, -20
 981              		.cfi_offset 6, -16
 982              		.cfi_offset 7, -12
 983              		.cfi_offset 8, -8
 984              		.cfi_offset 14, -4
 985 0004 86B0     		sub	sp, sp, #24
 986              		.cfi_def_cfa_offset 48
 987 0006 0546     		mov	r5, r0
 988 0008 0F46     		mov	r7, r1
 989 000a 1E46     		mov	r6, r3
 990 000c 0C9C     		ldr	r4, [sp, #48]
 991 000e 9DF83880 		ldrb	r8, [sp, #56]	@ zero_extendqisi2
 992              		.loc 1 357 3 is_stmt 1 view .LVU256
 993              		.loc 1 357 17 is_stmt 0 view .LVU257
 994 0012 334B     		ldr	r3, .L73
 995              	.LVL86:
 996              		.loc 1 357 17 view .LVU258
 997 0014 1B68     		ldr	r3, [r3]
 998 0016 ADF81430 		strh	r3, [sp, #20]	@ movhi
 999 001a 1B0C     		lsrs	r3, r3, #16
 1000 001c 8DF81630 		strb	r3, [sp, #22]
 1001              		.loc 1 362 3 is_stmt 1 view .LVU259
 1002              		.loc 1 362 17 is_stmt 0 view .LVU260
 1003 0020 304B     		ldr	r3, .L73+4
 1004 0022 1B68     		ldr	r3, [r3]
 1005 0024 ADF81030 		strh	r3, [sp, #16]	@ movhi
 1006 0028 1B0C     		lsrs	r3, r3, #16
 1007 002a 8DF81230 		strb	r3, [sp, #18]
 1008              		.loc 1 367 3 is_stmt 1 view .LVU261
 1009              		.loc 1 369 3 view .LVU262
 1010              		.loc 1 370 3 view .LVU263
 1011              		.loc 1 371 3 view .LVU264
 1012              		.loc 1 372 3 view .LVU265
 1013              	.LVL87:
 1014              		.loc 1 384 3 view .LVU266
 1015              		.loc 1 384 6 is_stmt 0 view .LVU267
 1016 002e 042A     		cmp	r2, #4
 1017 0030 13D0     		beq	.L70
 1018              		.loc 1 388 10 is_stmt 1 view .LVU268
 1019              		.loc 1 388 13 is_stmt 0 view .LVU269
 1020 0032 3EB9     		cbnz	r6, .L67
 1021              		.loc 1 390 5 is_stmt 1 view .LVU270
 1022              		.loc 1 390 20 is_stmt 0 view .LVU271
 1023 0034 02F10072 		add	r2, r2, #33554432
 1024              	.LVL88:
 1025              		.loc 1 390 20 view .LVU272
 1026 0038 043A     		subs	r2, r2, #4
ARM GAS  /tmp/ccftVcE7.s 			page 19


 1027              	.LVL89:
 1028              		.loc 1 390 8 view .LVU273
 1029 003a D201     		lsls	r2, r2, #7
 1030              	.LVL90:
 1031              		.loc 1 391 5 is_stmt 1 view .LVU274
 1032              		.loc 1 392 5 view .LVU275
 1033              		.loc 1 372 12 is_stmt 0 view .LVU276
 1034 003c 3146     		mov	r1, r6
 1035              	.LVL91:
 1036              		.loc 1 391 8 view .LVU277
 1037 003e 3046     		mov	r0, r6
 1038              	.LVL92:
 1039              		.loc 1 392 8 view .LVU278
 1040 0040 0124     		movs	r4, #1
 1041 0042 0EE0     		b	.L66
 1042              	.LVL93:
 1043              	.L67:
 1044              		.loc 1 395 5 is_stmt 1 view .LVU279
 1045              		.loc 1 395 28 is_stmt 0 view .LVU280
 1046 0044 F001     		lsls	r0, r6, #7
 1047              	.LVL94:
 1048              		.loc 1 395 35 view .LVU281
 1049 0046 B0FBF4F3 		udiv	r3, r0, r4
 1050              		.loc 1 395 20 view .LVU282
 1051 004a 03EBC212 		add	r2, r3, r2, lsl #7
 1052              	.LVL95:
 1053              		.loc 1 395 8 view .LVU283
 1054 004e A2F50072 		sub	r2, r2, #512
 1055              	.LVL96:
 1056              		.loc 1 396 5 is_stmt 1 view .LVU284
 1057              		.loc 1 396 8 is_stmt 0 view .LVU285
 1058 0052 04FB1300 		mls	r0, r4, r3, r0
 1059              	.LVL97:
 1060              		.loc 1 397 5 is_stmt 1 view .LVU286
 1061              		.loc 1 372 12 is_stmt 0 view .LVU287
 1062 0056 0021     		movs	r1, #0
 1063              	.LVL98:
 1064              		.loc 1 372 12 view .LVU288
 1065 0058 03E0     		b	.L66
 1066              	.LVL99:
 1067              	.L70:
 1068              		.loc 1 385 10 view .LVU289
 1069 005a 0C21     		movs	r1, #12
 1070              	.LVL100:
 1071              		.loc 1 387 8 view .LVU290
 1072 005c 0124     		movs	r4, #1
 1073              		.loc 1 386 13 view .LVU291
 1074 005e 0020     		movs	r0, #0
 1075              	.LVL101:
 1076              		.loc 1 386 8 view .LVU292
 1077 0060 0246     		mov	r2, r0
 1078              	.LVL102:
 1079              	.L66:
 1080              		.loc 1 401 3 is_stmt 1 view .LVU293
 1081              		.loc 1 402 3 view .LVU294
 1082              		.loc 1 402 22 is_stmt 0 view .LVU295
 1083 0062 05F11803 		add	r3, r5, #24
ARM GAS  /tmp/ccftVcE7.s 			page 20


 1084 0066 6B44     		add	r3, sp, r3
 1085 0068 13F8043C 		ldrb	r3, [r3, #-4]	@ zero_extendqisi2
 1086              		.loc 1 402 10 view .LVU296
 1087 006c 8DF80430 		strb	r3, [sp, #4]
 1088              		.loc 1 403 3 is_stmt 1 view .LVU297
 1089              		.loc 1 403 30 is_stmt 0 view .LVU298
 1090 0070 230A     		lsrs	r3, r4, #8
 1091              		.loc 1 403 10 view .LVU299
 1092 0072 8DF80530 		strb	r3, [sp, #5]
 1093              		.loc 1 404 3 is_stmt 1 view .LVU300
 1094              		.loc 1 404 10 is_stmt 0 view .LVU301
 1095 0076 8DF80640 		strb	r4, [sp, #6]
 1096              		.loc 1 405 3 is_stmt 1 view .LVU302
 1097              		.loc 1 405 31 is_stmt 0 view .LVU303
 1098 007a C2F30143 		ubfx	r3, r2, #16, #2
 1099              		.loc 1 405 38 view .LVU304
 1100 007e 0B43     		orrs	r3, r3, r1
 1101 0080 DBB2     		uxtb	r3, r3
 1102              		.loc 1 405 45 view .LVU305
 1103 0082 0D99     		ldr	r1, [sp, #52]
 1104              	.LVL103:
 1105              		.loc 1 405 45 view .LVU306
 1106 0084 0B43     		orrs	r3, r3, r1
 1107              		.loc 1 405 10 view .LVU307
 1108 0086 8DF80730 		strb	r3, [sp, #7]
 1109              		.loc 1 406 3 is_stmt 1 view .LVU308
 1110              		.loc 1 406 30 is_stmt 0 view .LVU309
 1111 008a 130A     		lsrs	r3, r2, #8
 1112              		.loc 1 406 10 view .LVU310
 1113 008c 8DF80830 		strb	r3, [sp, #8]
 1114              		.loc 1 407 3 is_stmt 1 view .LVU311
 1115              		.loc 1 407 10 is_stmt 0 view .LVU312
 1116 0090 8DF80920 		strb	r2, [sp, #9]
 1117              		.loc 1 408 3 is_stmt 1 view .LVU313
 1118              		.loc 1 408 31 is_stmt 0 view .LVU314
 1119 0094 240B     		lsrs	r4, r4, #12
 1120              	.LVL104:
 1121              		.loc 1 408 31 view .LVU315
 1122 0096 04F0F004 		and	r4, r4, #240
 1123              		.loc 1 408 59 view .LVU316
 1124 009a C0F30343 		ubfx	r3, r0, #16, #4
 1125              		.loc 1 408 38 view .LVU317
 1126 009e 1C43     		orrs	r4, r4, r3
 1127              		.loc 1 408 10 view .LVU318
 1128 00a0 8DF80A40 		strb	r4, [sp, #10]
 1129              		.loc 1 409 3 is_stmt 1 view .LVU319
 1130              		.loc 1 409 30 is_stmt 0 view .LVU320
 1131 00a4 030A     		lsrs	r3, r0, #8
 1132              		.loc 1 409 10 view .LVU321
 1133 00a6 8DF80B30 		strb	r3, [sp, #11]
 1134              		.loc 1 410 3 is_stmt 1 view .LVU322
 1135              		.loc 1 410 10 is_stmt 0 view .LVU323
 1136 00aa 8DF80C00 		strb	r0, [sp, #12]
 1137              		.loc 1 411 3 is_stmt 1 view .LVU324
 1138 00ae 0921     		movs	r1, #9
 1139 00b0 01A8     		add	r0, sp, #4
 1140              	.LVL105:
ARM GAS  /tmp/ccftVcE7.s 			page 21


 1141              		.loc 1 411 3 is_stmt 0 view .LVU325
 1142 00b2 FFF7FEFF 		bl	si5351_bulk_write
 1143              	.LVL106:
 1144              		.loc 1 414 3 is_stmt 1 view .LVU326
 1145              		.loc 1 414 7 is_stmt 0 view .LVU327
 1146 00b6 48F00C01 		orr	r1, r8, #12
 1147              	.LVL107:
 1148              		.loc 1 415 3 is_stmt 1 view .LVU328
 1149              		.loc 1 415 6 is_stmt 0 view .LVU329
 1150 00ba 012F     		cmp	r7, #1
 1151 00bc 0DD0     		beq	.L72
 1152              	.L68:
 1153              		.loc 1 417 3 is_stmt 1 view .LVU330
 1154              		.loc 1 417 6 is_stmt 0 view .LVU331
 1155 00be 0EB9     		cbnz	r6, .L69
 1156              		.loc 1 418 5 is_stmt 1 view .LVU332
 1157              		.loc 1 418 9 is_stmt 0 view .LVU333
 1158 00c0 41F04001 		orr	r1, r1, #64
 1159              	.LVL108:
 1160              	.L69:
 1161              		.loc 1 419 3 is_stmt 1 view .LVU334
 1162              		.loc 1 419 23 is_stmt 0 view .LVU335
 1163 00c4 05F11803 		add	r3, r5, #24
 1164 00c8 0DEB0305 		add	r5, sp, r3
 1165              	.LVL109:
 1166              		.loc 1 419 3 view .LVU336
 1167 00cc 15F8080C 		ldrb	r0, [r5, #-8]	@ zero_extendqisi2
 1168 00d0 FFF7FEFF 		bl	si5351_write
 1169              	.LVL110:
 1170              		.loc 1 420 1 view .LVU337
 1171 00d4 06B0     		add	sp, sp, #24
 1172              		.cfi_remember_state
 1173              		.cfi_def_cfa_offset 24
 1174              		@ sp needed
 1175 00d6 BDE8F081 		pop	{r4, r5, r6, r7, r8, pc}
 1176              	.LVL111:
 1177              	.L72:
 1178              		.cfi_restore_state
 1179              		.loc 1 416 5 is_stmt 1 view .LVU338
 1180              		.loc 1 416 9 is_stmt 0 view .LVU339
 1181 00da 48F02C01 		orr	r1, r8, #44
 1182              	.LVL112:
 1183              		.loc 1 416 9 view .LVU340
 1184 00de EEE7     		b	.L68
 1185              	.L74:
 1186              		.align	2
 1187              	.L73:
 1188 00e0 00000000 		.word	.LC0
 1189 00e4 04000000 		.word	.LC1
 1190              		.cfi_endproc
 1191              	.LFE256:
 1192              		.size	si5351_setupMultisynth, .-si5351_setupMultisynth
 1193              		.section	.text.si5351_set_frequency_fixedpll,"ax",%progbits
 1194              		.align	1
 1195              		.p2align 4,,15
 1196              		.syntax unified
 1197              		.thumb
ARM GAS  /tmp/ccftVcE7.s 			page 22


 1198              		.thumb_func
 1199              		.type	si5351_set_frequency_fixedpll, %function
 1200              	si5351_set_frequency_fixedpll:
 1201              	.LVL113:
 1202              	.LFB258:
 1203              		.loc 1 440 1 is_stmt 1 view -0
 1204              		.cfi_startproc
 1205              		@ args = 8, pretend = 0, frame = 0
 1206              		@ frame_needed = 0, uses_anonymous_args = 0
 1207              		.loc 1 440 1 is_stmt 0 view .LVU342
 1208 0000 2DE9F041 		push	{r4, r5, r6, r7, r8, lr}
 1209              		.cfi_def_cfa_offset 24
 1210              		.cfi_offset 4, -24
 1211              		.cfi_offset 5, -20
 1212              		.cfi_offset 6, -16
 1213              		.cfi_offset 7, -12
 1214              		.cfi_offset 8, -8
 1215              		.cfi_offset 14, -4
 1216 0004 84B0     		sub	sp, sp, #16
 1217              		.cfi_def_cfa_offset 40
 1218 0006 0646     		mov	r6, r0
 1219 0008 0F46     		mov	r7, r1
 1220 000a 1C46     		mov	r4, r3
 1221              		.loc 1 441 5 is_stmt 1 view .LVU343
 1222              		.loc 1 441 13 is_stmt 0 view .LVU344
 1223 000c 92FBF3F8 		sdiv	r8, r2, r3
 1224              	.LVL114:
 1225              		.loc 1 442 5 is_stmt 1 view .LVU345
 1226 0010 03FB1825 		mls	r5, r3, r8, r2
 1227              	.LVL115:
 1228              		.loc 1 443 5 view .LVU346
 1229              		.loc 1 445 5 view .LVU347
 1230              		.loc 1 445 17 is_stmt 0 view .LVU348
 1231 0014 1946     		mov	r1, r3
 1232              	.LVL116:
 1233              		.loc 1 445 17 view .LVU349
 1234 0016 2846     		mov	r0, r5
 1235              	.LVL117:
 1236              		.loc 1 445 17 view .LVU350
 1237 0018 FFF7FEFF 		bl	gcd
 1238              	.LVL118:
 1239              		.loc 1 446 5 is_stmt 1 view .LVU351
 1240              		.loc 1 446 9 is_stmt 0 view .LVU352
 1241 001c 95FBF0F3 		sdiv	r3, r5, r0
 1242              	.LVL119:
 1243              		.loc 1 447 5 is_stmt 1 view .LVU353
 1244              		.loc 1 447 11 is_stmt 0 view .LVU354
 1245 0020 94FBF0F0 		sdiv	r0, r4, r0
 1246              	.LVL120:
 1247              		.loc 1 448 5 is_stmt 1 view .LVU355
 1248              		.loc 1 448 11 is_stmt 0 view .LVU356
 1249 0024 01E0     		b	.L76
 1250              	.L77:
 1251              		.loc 1 449 7 is_stmt 1 view .LVU357
 1252              		.loc 1 449 11 is_stmt 0 view .LVU358
 1253 0026 5B10     		asrs	r3, r3, #1
 1254              	.LVL121:
ARM GAS  /tmp/ccftVcE7.s 			page 23


 1255              		.loc 1 450 7 is_stmt 1 view .LVU359
 1256              		.loc 1 450 13 is_stmt 0 view .LVU360
 1257 0028 4010     		asrs	r0, r0, #1
 1258              	.LVL122:
 1259              	.L76:
 1260              		.loc 1 448 18 is_stmt 1 view .LVU361
 1261 002a B0F5801F 		cmp	r0, #1048576
 1262 002e FADA     		bge	.L77
 1263              		.loc 1 452 5 view .LVU362
 1264 0030 9DF82C10 		ldrb	r1, [sp, #44]	@ zero_extendqisi2
 1265 0034 0291     		str	r1, [sp, #8]
 1266 0036 0A99     		ldr	r1, [sp, #40]
 1267 0038 0191     		str	r1, [sp, #4]
 1268 003a 0090     		str	r0, [sp]
 1269 003c 4246     		mov	r2, r8
 1270 003e F9B2     		uxtb	r1, r7
 1271 0040 F0B2     		uxtb	r0, r6
 1272              	.LVL123:
 1273              		.loc 1 452 5 is_stmt 0 view .LVU363
 1274 0042 FFF7FEFF 		bl	si5351_setupMultisynth
 1275              	.LVL124:
 1276              		.loc 1 453 1 view .LVU364
 1277 0046 04B0     		add	sp, sp, #16
 1278              		.cfi_def_cfa_offset 24
 1279              		@ sp needed
 1280 0048 BDE8F081 		pop	{r4, r5, r6, r7, r8, pc}
 1281              		.loc 1 453 1 view .LVU365
 1282              		.cfi_endproc
 1283              	.LFE258:
 1284              		.size	si5351_set_frequency_fixedpll, .-si5351_set_frequency_fixedpll
 1285              		.section	.text.si5351_set_frequency_fixeddiv,"ax",%progbits
 1286              		.align	1
 1287              		.p2align 4,,15
 1288              		.syntax unified
 1289              		.thumb
 1290              		.thumb_func
 1291              		.type	si5351_set_frequency_fixeddiv, %function
 1292              	si5351_set_frequency_fixeddiv:
 1293              	.LVL125:
 1294              	.LFB259:
 1295              		.loc 1 458 1 is_stmt 1 view -0
 1296              		.cfi_startproc
 1297              		@ args = 4, pretend = 0, frame = 0
 1298              		@ frame_needed = 0, uses_anonymous_args = 0
 1299              		.loc 1 458 1 is_stmt 0 view .LVU367
 1300 0000 2DE9F043 		push	{r4, r5, r6, r7, r8, r9, lr}
 1301              		.cfi_def_cfa_offset 28
 1302              		.cfi_offset 4, -28
 1303              		.cfi_offset 5, -24
 1304              		.cfi_offset 6, -20
 1305              		.cfi_offset 7, -16
 1306              		.cfi_offset 8, -12
 1307              		.cfi_offset 9, -8
 1308              		.cfi_offset 14, -4
 1309 0004 85B0     		sub	sp, sp, #20
 1310              		.cfi_def_cfa_offset 48
 1311 0006 8046     		mov	r8, r0
ARM GAS  /tmp/ccftVcE7.s 			page 24


 1312 0008 0D46     		mov	r5, r1
 1313 000a 1E46     		mov	r6, r3
 1314              		.loc 1 459 5 is_stmt 1 view .LVU368
 1315              		.loc 1 459 13 is_stmt 0 view .LVU369
 1316 000c 03FB02F2 		mul	r2, r3, r2
 1317              	.LVL126:
 1318              		.loc 1 460 5 is_stmt 1 view .LVU370
 1319              		.loc 1 460 13 is_stmt 0 view .LVU371
 1320 0010 164B     		ldr	r3, .L83
 1321              	.LVL127:
 1322              		.loc 1 460 13 view .LVU372
 1323 0012 83FB0213 		smull	r1, r3, r3, r2
 1324              	.LVL128:
 1325              		.loc 1 460 13 view .LVU373
 1326 0016 D717     		asrs	r7, r2, #31
 1327 0018 C7EBE357 		rsb	r7, r7, r3, asr #23
 1328              	.LVL129:
 1329              		.loc 1 461 5 is_stmt 1 view .LVU374
 1330              		.loc 1 461 13 is_stmt 0 view .LVU375
 1331 001c 144B     		ldr	r3, .L83+4
 1332 001e 03FB0729 		mla	r9, r3, r7, r2
 1333              	.LVL130:
 1334              		.loc 1 462 5 is_stmt 1 view .LVU376
 1335              		.loc 1 463 5 view .LVU377
 1336              		.loc 1 463 17 is_stmt 0 view .LVU378
 1337 0022 144C     		ldr	r4, .L83+8
 1338 0024 2146     		mov	r1, r4
 1339 0026 4846     		mov	r0, r9
 1340              	.LVL131:
 1341              		.loc 1 463 17 view .LVU379
 1342 0028 FFF7FEFF 		bl	gcd
 1343              	.LVL132:
 1344              		.loc 1 464 5 is_stmt 1 view .LVU380
 1345              		.loc 1 464 9 is_stmt 0 view .LVU381
 1346 002c 99FBF0F2 		sdiv	r2, r9, r0
 1347              	.LVL133:
 1348              		.loc 1 465 5 is_stmt 1 view .LVU382
 1349              		.loc 1 465 11 is_stmt 0 view .LVU383
 1350 0030 94FBF0F3 		sdiv	r3, r4, r0
 1351              	.LVL134:
 1352              		.loc 1 466 5 is_stmt 1 view .LVU384
 1353              		.loc 1 466 11 is_stmt 0 view .LVU385
 1354 0034 01E0     		b	.L80
 1355              	.L81:
 1356              		.loc 1 467 7 is_stmt 1 view .LVU386
 1357              		.loc 1 467 11 is_stmt 0 view .LVU387
 1358 0036 5210     		asrs	r2, r2, #1
 1359              	.LVL135:
 1360              		.loc 1 468 7 is_stmt 1 view .LVU388
 1361              		.loc 1 468 13 is_stmt 0 view .LVU389
 1362 0038 5B10     		asrs	r3, r3, #1
 1363              	.LVL136:
 1364              	.L80:
 1365              		.loc 1 466 18 is_stmt 1 view .LVU390
 1366 003a B3F5801F 		cmp	r3, #1048576
 1367 003e FADA     		bge	.L81
 1368              		.loc 1 470 5 view .LVU391
ARM GAS  /tmp/ccftVcE7.s 			page 25


 1369 0040 EDB2     		uxtb	r5, r5
 1370              	.LVL137:
 1371              		.loc 1 470 5 is_stmt 0 view .LVU392
 1372 0042 F9B2     		uxtb	r1, r7
 1373 0044 2846     		mov	r0, r5
 1374              	.LVL138:
 1375              		.loc 1 470 5 view .LVU393
 1376 0046 FFF7FEFF 		bl	si5351_setupPLL
 1377              	.LVL139:
 1378              		.loc 1 471 5 is_stmt 1 view .LVU394
 1379 004a 9DF83030 		ldrb	r3, [sp, #48]	@ zero_extendqisi2
 1380 004e 0293     		str	r3, [sp, #8]
 1381 0050 0023     		movs	r3, #0
 1382 0052 0193     		str	r3, [sp, #4]
 1383 0054 0122     		movs	r2, #1
 1384 0056 0092     		str	r2, [sp]
 1385 0058 3246     		mov	r2, r6
 1386 005a 2946     		mov	r1, r5
 1387 005c 5FFA88F0 		uxtb	r0, r8
 1388 0060 FFF7FEFF 		bl	si5351_setupMultisynth
 1389              	.LVL140:
 1390              		.loc 1 472 1 is_stmt 0 view .LVU395
 1391 0064 05B0     		add	sp, sp, #20
 1392              		.cfi_def_cfa_offset 28
 1393              		@ sp needed
 1394 0066 BDE8F083 		pop	{r4, r5, r6, r7, r8, r9, pc}
 1395              	.LVL141:
 1396              	.L84:
 1397              		.loc 1 472 1 view .LVU396
 1398 006a 00BF     		.align	2
 1399              	.L83:
 1400 006c 9D319547 		.word	1200959901
 1401 0070 803C36FE 		.word	-30000000
 1402 0074 80C3C901 		.word	30000000
 1403              		.cfi_endproc
 1404              	.LFE259:
 1405              		.size	si5351_set_frequency_fixeddiv, .-si5351_set_frequency_fixeddiv
 1406              		.section	.text.si5351_disable_output,"ax",%progbits
 1407              		.align	1
 1408              		.p2align 4,,15
 1409              		.syntax unified
 1410              		.thumb
 1411              		.thumb_func
 1412              		.type	si5351_disable_output, %function
 1413              	si5351_disable_output:
 1414              	.LFB252:
 1415              		.loc 1 265 1 is_stmt 1 view -0
 1416              		.cfi_startproc
 1417              		@ args = 0, pretend = 0, frame = 8
 1418              		@ frame_needed = 0, uses_anonymous_args = 0
 1419 0000 00B5     		push	{lr}
 1420              		.cfi_def_cfa_offset 4
 1421              		.cfi_offset 14, -4
 1422 0002 83B0     		sub	sp, sp, #12
 1423              		.cfi_def_cfa_offset 16
 1424              		.loc 1 266 3 view .LVU398
 1425              		.loc 1 267 3 view .LVU399
ARM GAS  /tmp/ccftVcE7.s 			page 26


 1426 0004 FF21     		movs	r1, #255
 1427 0006 0320     		movs	r0, #3
 1428 0008 FFF7FEFF 		bl	si5351_write
 1429              	.LVL142:
 1430              		.loc 1 268 3 view .LVU400
 1431              		.loc 1 268 10 is_stmt 0 view .LVU401
 1432 000c 1023     		movs	r3, #16
 1433 000e 8DF80430 		strb	r3, [sp, #4]
 1434              		.loc 1 269 3 is_stmt 1 view .LVU402
 1435              		.loc 1 269 10 is_stmt 0 view .LVU403
 1436 0012 8023     		movs	r3, #128
 1437 0014 8DF80530 		strb	r3, [sp, #5]
 1438              		.loc 1 270 3 is_stmt 1 view .LVU404
 1439              		.loc 1 270 10 is_stmt 0 view .LVU405
 1440 0018 8DF80630 		strb	r3, [sp, #6]
 1441              		.loc 1 271 3 is_stmt 1 view .LVU406
 1442              		.loc 1 271 10 is_stmt 0 view .LVU407
 1443 001c 8DF80730 		strb	r3, [sp, #7]
 1444              		.loc 1 272 3 is_stmt 1 view .LVU408
 1445 0020 0421     		movs	r1, #4
 1446 0022 0DEB0100 		add	r0, sp, r1
 1447 0026 FFF7FEFF 		bl	si5351_bulk_write
 1448              	.LVL143:
 1449              		.loc 1 273 1 is_stmt 0 view .LVU409
 1450 002a 03B0     		add	sp, sp, #12
 1451              		.cfi_def_cfa_offset 4
 1452              		@ sp needed
 1453 002c 5DF804FB 		ldr	pc, [sp], #4
 1454              		.cfi_endproc
 1455              	.LFE252:
 1456              		.size	si5351_disable_output, .-si5351_disable_output
 1457              		.section	.text.i2c_read,"ax",%progbits
 1458              		.align	1
 1459              		.p2align 4,,15
 1460              		.global	i2c_read
 1461              		.syntax unified
 1462              		.thumb
 1463              		.thumb_func
 1464              		.type	i2c_read, %function
 1465              	i2c_read:
 1466              	.LVL144:
 1467              	.LFB245:
 1468              		.loc 1 145 49 is_stmt 1 view -0
 1469              		.cfi_startproc
 1470              		@ args = 0, pretend = 0, frame = 0
 1471              		@ frame_needed = 0, uses_anonymous_args = 0
 1472              		.loc 1 145 49 is_stmt 0 view .LVU411
 1473 0000 38B5     		push	{r3, r4, r5, lr}
 1474              		.cfi_def_cfa_offset 16
 1475              		.cfi_offset 3, -16
 1476              		.cfi_offset 4, -12
 1477              		.cfi_offset 5, -8
 1478              		.cfi_offset 14, -4
 1479 0002 0446     		mov	r4, r0
 1480 0004 0D46     		mov	r5, r1
 1481              		.loc 1 146 9 is_stmt 1 view .LVU412
 1482 0006 FFF7FEFF 		bl	i2c_begin
ARM GAS  /tmp/ccftVcE7.s 			page 27


 1483              	.LVL145:
 1484              		.loc 1 148 9 view .LVU413
 1485              		.loc 1 148 34 is_stmt 0 view .LVU414
 1486 000a 6400     		lsls	r4, r4, #1
 1487              	.LVL146:
 1488              		.loc 1 148 34 view .LVU415
 1489 000c 44F00100 		orr	r0, r4, #1
 1490              		.loc 1 148 12 view .LVU416
 1491 0010 C0B2     		uxtb	r0, r0
 1492 0012 FFF7FEFF 		bl	i2c_send
 1493              	.LVL147:
 1494              		.loc 1 148 11 discriminator 1 view .LVU417
 1495 0016 58B9     		cbnz	r0, .L89
 1496              		.loc 1 151 9 is_stmt 1 view .LVU418
 1497              		.loc 1 151 12 is_stmt 0 view .LVU419
 1498 0018 2846     		mov	r0, r5
 1499 001a FFF7FEFF 		bl	i2c_send
 1500              	.LVL148:
 1501              		.loc 1 151 11 discriminator 1 view .LVU420
 1502 001e 50B9     		cbnz	r0, .L90
 1503              		.loc 1 154 9 is_stmt 1 view .LVU421
 1504              		.loc 1 154 19 is_stmt 0 view .LVU422
 1505 0020 0820     		movs	r0, #8
 1506 0022 FFF7FEFF 		bl	i2c_recv
 1507              	.LVL149:
 1508 0026 0446     		mov	r4, r0
 1509              	.LVL150:
 1510              		.loc 1 155 9 is_stmt 1 view .LVU423
 1511 0028 FFF7FEFF 		bl	i2c_end
 1512              	.LVL151:
 1513              		.loc 1 156 9 view .LVU424
 1514              	.L87:
 1515              		.loc 1 157 5 is_stmt 0 view .LVU425
 1516 002c 2046     		mov	r0, r4
 1517 002e 38BD     		pop	{r3, r4, r5, pc}
 1518              	.LVL152:
 1519              	.L89:
 1520              		.loc 1 149 20 view .LVU426
 1521 0030 4FF0FF34 		mov	r4, #-1
 1522 0034 FAE7     		b	.L87
 1523              	.L90:
 1524              		.loc 1 152 20 view .LVU427
 1525 0036 6FF00104 		mvn	r4, #1
 1526 003a F7E7     		b	.L87
 1527              		.cfi_endproc
 1528              	.LFE245:
 1529              		.size	i2c_read, .-i2c_read
 1530              		.section	.text.si5351_read,"ax",%progbits
 1531              		.align	1
 1532              		.p2align 4,,15
 1533              		.syntax unified
 1534              		.thumb
 1535              		.thumb_func
 1536              		.type	si5351_read, %function
 1537              	si5351_read:
 1538              	.LVL153:
 1539              	.LFB246:
ARM GAS  /tmp/ccftVcE7.s 			page 28


 1540              		.loc 1 164 1 is_stmt 1 view -0
 1541              		.cfi_startproc
 1542              		@ args = 0, pretend = 0, frame = 0
 1543              		@ frame_needed = 0, uses_anonymous_args = 0
 1544              		.loc 1 164 1 is_stmt 0 view .LVU429
 1545 0000 10B5     		push	{r4, lr}
 1546              		.cfi_def_cfa_offset 8
 1547              		.cfi_offset 4, -8
 1548              		.cfi_offset 14, -4
 1549 0002 0C46     		mov	r4, r1
 1550              		.loc 1 165 5 is_stmt 1 view .LVU430
 1551              	.LVL154:
 1552              		.loc 1 166 5 view .LVU431
 1553              		.loc 1 166 13 is_stmt 0 view .LVU432
 1554 0004 0146     		mov	r1, r0
 1555              	.LVL155:
 1556              		.loc 1 166 13 view .LVU433
 1557 0006 6020     		movs	r0, #96
 1558              	.LVL156:
 1559              		.loc 1 166 13 view .LVU434
 1560 0008 FFF7FEFF 		bl	i2c_read
 1561              	.LVL157:
 1562              		.loc 1 167 5 is_stmt 1 view .LVU435
 1563              		.loc 1 167 8 is_stmt 0 view .LVU436
 1564 000c 0028     		cmp	r0, #0
 1565              		.loc 1 167 8 view .LVU437
 1566 000e 02DB     		blt	.L94
 1567              		.loc 1 169 5 is_stmt 1 view .LVU438
 1568              		.loc 1 169 10 is_stmt 0 view .LVU439
 1569 0010 2070     		strb	r0, [r4]
 1570              		.loc 1 170 5 is_stmt 1 view .LVU440
 1571              		.loc 1 170 12 is_stmt 0 view .LVU441
 1572 0012 0120     		movs	r0, #1
 1573              	.LVL158:
 1574              	.L93:
 1575              		.loc 1 171 1 view .LVU442
 1576 0014 10BD     		pop	{r4, pc}
 1577              	.LVL159:
 1578              	.L94:
 1579              		.loc 1 168 14 view .LVU443
 1580 0016 0020     		movs	r0, #0
 1581              	.LVL160:
 1582              		.loc 1 168 14 view .LVU444
 1583 0018 FCE7     		b	.L93
 1584              		.cfi_endproc
 1585              	.LFE246:
 1586              		.size	si5351_read, .-si5351_read
 1587 001a 00BF     		.section	.text.si5351_wait_ready,"ax",%progbits
 1588              		.align	1
 1589              		.p2align 4,,15
 1590              		.syntax unified
 1591              		.thumb
 1592              		.thumb_func
 1593              		.type	si5351_wait_ready, %function
 1594              	si5351_wait_ready:
 1595              	.LFB249:
 1596              		.loc 1 210 1 is_stmt 1 view -0
ARM GAS  /tmp/ccftVcE7.s 			page 29


 1597              		.cfi_startproc
 1598              		@ args = 0, pretend = 0, frame = 8
 1599              		@ frame_needed = 0, uses_anonymous_args = 0
 1600 0000 10B5     		push	{r4, lr}
 1601              		.cfi_def_cfa_offset 8
 1602              		.cfi_offset 4, -8
 1603              		.cfi_offset 14, -4
 1604 0002 82B0     		sub	sp, sp, #8
 1605              		.cfi_def_cfa_offset 16
 1606              		.loc 1 211 5 view .LVU446
 1607              		.loc 1 211 13 is_stmt 0 view .LVU447
 1608 0004 FF23     		movs	r3, #255
 1609 0006 8DF80730 		strb	r3, [sp, #7]
 1610              		.loc 1 212 5 is_stmt 1 view .LVU448
 1611              	.LBB167:
 1612              	.LBI167:
 1613              		.file 2 "ChibiOS/os/rt/include/chvt.h"
 1614              		.loc 2 247 25 view .LVU449
 1615              	.LBB168:
 1616              		.loc 2 248 3 view .LVU450
 1617              		.loc 2 250 3 view .LVU451
 1618              	.LBB169:
 1619              	.LBI169:
 1620              		.file 3 "ChibiOS/os/rt/include/chsys.h"
 1621              		.loc 3 374 20 view .LVU452
 1622              		.loc 3 376 3 view .LVU453
 1623              	.LBB170:
 1624              	.LBI170:
 1625              		.file 4 "ChibiOS/os/common/ports/ARMCMx/chcore_v7m.h"
 1626              		.loc 4 604 20 view .LVU454
 1627              		.loc 4 612 3 view .LVU455
 1628              	.LVL161:
 1629              	.LBB171:
 1630              	.LBI171:
 1631              		.file 5 "ChibiOS/os/common/ext/CMSIS/include/core_cmFunc.h"
 1632              		.loc 5 546 57 view .LVU456
 1633              	.LBB172:
 1634              		.loc 5 548 3 view .LVU457
 1635 000a 2023     		movs	r3, #32
 1636              		.syntax unified
 1637              	@ 548 "ChibiOS/os/common/ext/CMSIS/include/core_cmFunc.h" 1
 1638 000c 83F31188 		MSR basepri, r3
 1639              	@ 0 "" 2
 1640              	.LVL162:
 1641              		.loc 5 548 3 is_stmt 0 view .LVU458
 1642              		.thumb
 1643              		.syntax unified
 1644              	.LBE172:
 1645              	.LBE171:
 1646              	.LBE170:
 1647              		.loc 3 377 34 is_stmt 1 view .LVU459
 1648              		.loc 3 378 20 view .LVU460
 1649              	.LBE169:
 1650              		.loc 2 251 3 view .LVU461
 1651              	.LBB173:
 1652              	.LBI173:
 1653              		.loc 2 228 25 view .LVU462
ARM GAS  /tmp/ccftVcE7.s 			page 30


 1654              		.loc 2 233 3 view .LVU463
 1655              	.LBB174:
 1656              	.LBI174:
 1657              		.file 6 "ChibiOS/os/common/ports/ARMCMx/chcore_timer.h"
 1658              		.loc 6 105 25 view .LVU464
 1659              		.loc 6 107 3 view .LVU465
 1660              	.LBB175:
 1661              	.LBI175:
 1662              		.file 7 "ChibiOS/os/hal/ports/STM32/LLD/TIMv1/hal_st_lld.h"
 1663              		.loc 7 139 25 view .LVU466
 1664              	.LBB176:
 1665              		.loc 7 141 3 view .LVU467
 1666              		.loc 7 141 10 is_stmt 0 view .LVU468
 1667 0010 4FF08043 		mov	r3, #1073741824
 1668 0014 5C6A     		ldr	r4, [r3, #36]
 1669              	.LVL163:
 1670              		.loc 7 141 10 view .LVU469
 1671              	.LBE176:
 1672              	.LBE175:
 1673              	.LBE174:
 1674              	.LBE173:
 1675              		.loc 2 252 3 is_stmt 1 view .LVU470
 1676              	.LBB177:
 1677              	.LBI177:
 1678              		.loc 3 386 20 view .LVU471
 1679              	.LBB178:
 1680              		.loc 3 388 22 view .LVU472
 1681              		.loc 3 389 33 view .LVU473
 1682              		.loc 3 395 3 view .LVU474
 1683              		.loc 3 395 3 view .LVU475
 1684              		.loc 3 395 3 discriminator 7 view .LVU476
 1685              		.loc 3 399 3 view .LVU477
 1686              	.LBB179:
 1687              	.LBI179:
 1688              		.loc 4 628 20 view .LVU478
 1689              		.loc 4 631 3 view .LVU479
 1690              	.LBB180:
 1691              	.LBI180:
 1692              		.loc 5 546 57 view .LVU480
 1693              	.LBB181:
 1694              		.loc 5 548 3 view .LVU481
 1695 0016 0023     		movs	r3, #0
 1696              		.syntax unified
 1697              	@ 548 "ChibiOS/os/common/ext/CMSIS/include/core_cmFunc.h" 1
 1698 0018 83F31188 		MSR basepri, r3
 1699              	@ 0 "" 2
 1700              	.LVL164:
 1701              		.loc 5 548 3 is_stmt 0 view .LVU482
 1702              		.thumb
 1703              		.syntax unified
 1704              	.LBE181:
 1705              	.LBE180:
 1706              	.LBE179:
 1707              	.LBE178:
 1708              	.LBE177:
 1709              		.loc 2 254 3 is_stmt 1 view .LVU483
 1710              		.loc 2 254 3 is_stmt 0 view .LVU484
ARM GAS  /tmp/ccftVcE7.s 			page 31


 1711              	.LBE168:
 1712              	.LBE167:
 1713              		.loc 1 213 5 is_stmt 1 view .LVU485
 1714              		.loc 1 214 5 view .LVU486
 1715              		.loc 1 214 11 is_stmt 0 view .LVU487
 1716 001c 03E0     		b	.L97
 1717              	.LVL165:
 1718              	.L98:
 1719              		.loc 1 218 9 is_stmt 1 view .LVU488
 1720              		.loc 1 218 29 is_stmt 0 view .LVU489
 1721 001e 9DF90730 		ldrsb	r3, [sp, #7]
 1722              		.loc 1 218 12 view .LVU490
 1723 0022 002B     		cmp	r3, #0
 1724 0024 1BDA     		bge	.L101
 1725              	.LVL166:
 1726              	.L97:
 1727              		.loc 1 214 12 is_stmt 1 view .LVU491
 1728              	.LBB182:
 1729              	.LBI182:
 1730              		.loc 2 322 20 view .LVU492
 1731              		.loc 2 324 3 view .LVU493
 1732              	.LBB183:
 1733              	.LBI183:
 1734              		.loc 2 247 25 view .LVU494
 1735              	.LBB184:
 1736              		.loc 2 248 3 view .LVU495
 1737              		.loc 2 250 3 view .LVU496
 1738              	.LBB185:
 1739              	.LBI185:
 1740              		.loc 3 374 20 view .LVU497
 1741              		.loc 3 376 3 view .LVU498
 1742              	.LBB186:
 1743              	.LBI186:
 1744              		.loc 4 604 20 view .LVU499
 1745              		.loc 4 612 3 view .LVU500
 1746              	.LBB187:
 1747              	.LBI187:
 1748              		.loc 5 546 57 view .LVU501
 1749              	.LBB188:
 1750              		.loc 5 548 3 view .LVU502
 1751 0026 2023     		movs	r3, #32
 1752              		.syntax unified
 1753              	@ 548 "ChibiOS/os/common/ext/CMSIS/include/core_cmFunc.h" 1
 1754 0028 83F31188 		MSR basepri, r3
 1755              	@ 0 "" 2
 1756              	.LVL167:
 1757              		.loc 5 548 3 is_stmt 0 view .LVU503
 1758              		.thumb
 1759              		.syntax unified
 1760              	.LBE188:
 1761              	.LBE187:
 1762              	.LBE186:
 1763              		.loc 3 377 34 is_stmt 1 view .LVU504
 1764              		.loc 3 378 20 view .LVU505
 1765              	.LBE185:
 1766              		.loc 2 251 3 view .LVU506
 1767              	.LBB189:
ARM GAS  /tmp/ccftVcE7.s 			page 32


 1768              	.LBI189:
 1769              		.loc 2 228 25 view .LVU507
 1770              		.loc 2 233 3 view .LVU508
 1771              	.LBB190:
 1772              	.LBI190:
 1773              		.loc 6 105 25 view .LVU509
 1774              		.loc 6 107 3 view .LVU510
 1775              	.LBB191:
 1776              	.LBI191:
 1777              		.loc 7 139 25 view .LVU511
 1778              	.LBB192:
 1779              		.loc 7 141 3 view .LVU512
 1780              		.loc 7 141 10 is_stmt 0 view .LVU513
 1781 002c 4FF08043 		mov	r3, #1073741824
 1782 0030 5B6A     		ldr	r3, [r3, #36]
 1783              	.LVL168:
 1784              		.loc 7 141 10 view .LVU514
 1785              	.LBE192:
 1786              	.LBE191:
 1787              	.LBE190:
 1788              	.LBE189:
 1789              		.loc 2 252 3 is_stmt 1 view .LVU515
 1790              	.LBB193:
 1791              	.LBI193:
 1792              		.loc 3 386 20 view .LVU516
 1793              	.LBB194:
 1794              		.loc 3 388 22 view .LVU517
 1795              		.loc 3 389 33 view .LVU518
 1796              		.loc 3 395 3 view .LVU519
 1797              		.loc 3 395 3 view .LVU520
 1798              		.loc 3 395 3 discriminator 7 view .LVU521
 1799              		.loc 3 399 3 view .LVU522
 1800              	.LBB195:
 1801              	.LBI195:
 1802              		.loc 4 628 20 view .LVU523
 1803              		.loc 4 631 3 view .LVU524
 1804              	.LBB196:
 1805              	.LBI196:
 1806              		.loc 5 546 57 view .LVU525
 1807              	.LBB197:
 1808              		.loc 5 548 3 view .LVU526
 1809 0032 0022     		movs	r2, #0
 1810              		.syntax unified
 1811              	@ 548 "ChibiOS/os/common/ext/CMSIS/include/core_cmFunc.h" 1
 1812 0034 82F31188 		MSR basepri, r2
 1813              	@ 0 "" 2
 1814              	.LVL169:
 1815              		.loc 5 548 3 is_stmt 0 view .LVU527
 1816              		.thumb
 1817              		.syntax unified
 1818              	.LBE197:
 1819              	.LBE196:
 1820              	.LBE195:
 1821              	.LBE194:
 1822              	.LBE193:
 1823              		.loc 2 254 3 is_stmt 1 view .LVU528
 1824              		.loc 2 254 3 is_stmt 0 view .LVU529
ARM GAS  /tmp/ccftVcE7.s 			page 33


 1825              	.LBE184:
 1826              	.LBE183:
 1827              	.LBB198:
 1828              	.LBI198:
 1829              		.loc 2 284 20 is_stmt 1 view .LVU530
 1830              	.LBB199:
 1831              		.loc 2 288 3 view .LVU531
 1832              		.loc 2 288 34 is_stmt 0 view .LVU532
 1833 0038 1B1B     		subs	r3, r3, r4
 1834              	.LVL170:
 1835              		.loc 2 288 34 view .LVU533
 1836              	.LBE199:
 1837              	.LBE198:
 1838              	.LBE182:
 1839              		.loc 1 214 12 discriminator 1 view .LVU534
 1840 003a 42F20F72 		movw	r2, #9999
 1841 003e 9342     		cmp	r3, r2
 1842 0040 0AD8     		bhi	.L103
 1843              		.loc 1 216 9 is_stmt 1 view .LVU535
 1844              		.loc 1 216 13 is_stmt 0 view .LVU536
 1845 0042 0DF10701 		add	r1, sp, #7
 1846 0046 0020     		movs	r0, #0
 1847 0048 FFF7FEFF 		bl	si5351_read
 1848              	.LVL171:
 1849              		.loc 1 216 11 discriminator 1 view .LVU537
 1850 004c 0028     		cmp	r0, #0
 1851 004e E6D1     		bne	.L98
 1852              		.loc 1 217 13 is_stmt 1 view .LVU538
 1853              		.loc 1 217 20 is_stmt 0 view .LVU539
 1854 0050 FF23     		movs	r3, #255
 1855 0052 8DF80730 		strb	r3, [sp, #7]
 1856 0056 E2E7     		b	.L98
 1857              	.L103:
 1858              		.loc 1 221 12 view .LVU540
 1859 0058 0020     		movs	r0, #0
 1860              	.L99:
 1861              		.loc 1 222 1 view .LVU541
 1862 005a 02B0     		add	sp, sp, #8
 1863              		.cfi_remember_state
 1864              		.cfi_def_cfa_offset 8
 1865              		@ sp needed
 1866 005c 10BD     		pop	{r4, pc}
 1867              	.LVL172:
 1868              	.L101:
 1869              		.cfi_restore_state
 1870              		.loc 1 219 20 view .LVU542
 1871 005e 0120     		movs	r0, #1
 1872 0060 FBE7     		b	.L99
 1873              		.cfi_endproc
 1874              	.LFE249:
 1875              		.size	si5351_wait_ready, .-si5351_wait_ready
 1876 0062 00BF     		.section	.text.si5351_wait_pll_lock,"ax",%progbits
 1877              		.align	1
 1878              		.p2align 4,,15
 1879              		.syntax unified
 1880              		.thumb
 1881              		.thumb_func
ARM GAS  /tmp/ccftVcE7.s 			page 34


 1882              		.type	si5351_wait_pll_lock, %function
 1883              	si5351_wait_pll_lock:
 1884              	.LFB250:
 1885              		.loc 1 226 1 is_stmt 1 view -0
 1886              		.cfi_startproc
 1887              		@ args = 0, pretend = 0, frame = 8
 1888              		@ frame_needed = 0, uses_anonymous_args = 0
 1889 0000 10B5     		push	{r4, lr}
 1890              		.cfi_def_cfa_offset 8
 1891              		.cfi_offset 4, -8
 1892              		.cfi_offset 14, -4
 1893 0002 82B0     		sub	sp, sp, #8
 1894              		.cfi_def_cfa_offset 16
 1895              		.loc 1 227 5 view .LVU544
 1896              	.LBB200:
 1897              	.LBI200:
 1898              		.loc 2 247 25 view .LVU545
 1899              	.LBB201:
 1900              		.loc 2 248 3 view .LVU546
 1901              		.loc 2 250 3 view .LVU547
 1902              	.LBB202:
 1903              	.LBI202:
 1904              		.loc 3 374 20 view .LVU548
 1905              		.loc 3 376 3 view .LVU549
 1906              	.LBB203:
 1907              	.LBI203:
 1908              		.loc 4 604 20 view .LVU550
 1909              		.loc 4 612 3 view .LVU551
 1910              	.LVL173:
 1911              	.LBB204:
 1912              	.LBI204:
 1913              		.loc 5 546 57 view .LVU552
 1914              	.LBB205:
 1915              		.loc 5 548 3 view .LVU553
 1916 0004 2023     		movs	r3, #32
 1917              		.syntax unified
 1918              	@ 548 "ChibiOS/os/common/ext/CMSIS/include/core_cmFunc.h" 1
 1919 0006 83F31188 		MSR basepri, r3
 1920              	@ 0 "" 2
 1921              	.LVL174:
 1922              		.loc 5 548 3 is_stmt 0 view .LVU554
 1923              		.thumb
 1924              		.syntax unified
 1925              	.LBE205:
 1926              	.LBE204:
 1927              	.LBE203:
 1928              		.loc 3 377 34 is_stmt 1 view .LVU555
 1929              		.loc 3 378 20 view .LVU556
 1930              	.LBE202:
 1931              		.loc 2 251 3 view .LVU557
 1932              	.LBB206:
 1933              	.LBI206:
 1934              		.loc 2 228 25 view .LVU558
 1935              		.loc 2 233 3 view .LVU559
 1936              	.LBB207:
 1937              	.LBI207:
 1938              		.loc 6 105 25 view .LVU560
ARM GAS  /tmp/ccftVcE7.s 			page 35


 1939              		.loc 6 107 3 view .LVU561
 1940              	.LBB208:
 1941              	.LBI208:
 1942              		.loc 7 139 25 view .LVU562
 1943              	.LBB209:
 1944              		.loc 7 141 3 view .LVU563
 1945              		.loc 7 141 10 is_stmt 0 view .LVU564
 1946 000a 4FF08043 		mov	r3, #1073741824
 1947 000e 5C6A     		ldr	r4, [r3, #36]
 1948              	.LVL175:
 1949              		.loc 7 141 10 view .LVU565
 1950              	.LBE209:
 1951              	.LBE208:
 1952              	.LBE207:
 1953              	.LBE206:
 1954              		.loc 2 252 3 is_stmt 1 view .LVU566
 1955              	.LBB210:
 1956              	.LBI210:
 1957              		.loc 3 386 20 view .LVU567
 1958              	.LBB211:
 1959              		.loc 3 388 22 view .LVU568
 1960              		.loc 3 389 33 view .LVU569
 1961              		.loc 3 395 3 view .LVU570
 1962              		.loc 3 395 3 view .LVU571
 1963              		.loc 3 395 3 discriminator 7 view .LVU572
 1964              		.loc 3 399 3 view .LVU573
 1965              	.LBB212:
 1966              	.LBI212:
 1967              		.loc 4 628 20 view .LVU574
 1968              		.loc 4 631 3 view .LVU575
 1969              	.LBB213:
 1970              	.LBI213:
 1971              		.loc 5 546 57 view .LVU576
 1972              	.LBB214:
 1973              		.loc 5 548 3 view .LVU577
 1974 0010 0020     		movs	r0, #0
 1975              		.syntax unified
 1976              	@ 548 "ChibiOS/os/common/ext/CMSIS/include/core_cmFunc.h" 1
 1977 0012 80F31188 		MSR basepri, r0
 1978              	@ 0 "" 2
 1979              	.LVL176:
 1980              		.loc 5 548 3 is_stmt 0 view .LVU578
 1981              		.thumb
 1982              		.syntax unified
 1983              	.LBE214:
 1984              	.LBE213:
 1985              	.LBE212:
 1986              	.LBE211:
 1987              	.LBE210:
 1988              		.loc 2 254 3 is_stmt 1 view .LVU579
 1989              		.loc 2 254 3 is_stmt 0 view .LVU580
 1990              	.LBE201:
 1991              	.LBE200:
 1992              		.loc 1 228 5 is_stmt 1 view .LVU581
 1993              		.loc 1 228 13 is_stmt 0 view .LVU582
 1994 0016 FF23     		movs	r3, #255
 1995 0018 8DF80730 		strb	r3, [sp, #7]
ARM GAS  /tmp/ccftVcE7.s 			page 36


 1996              		.loc 1 229 5 is_stmt 1 view .LVU583
 1997              		.loc 1 229 9 is_stmt 0 view .LVU584
 1998 001c 0DF10701 		add	r1, sp, #7
 1999 0020 FFF7FEFF 		bl	si5351_read
 2000              	.LVL177:
 2001              		.loc 1 229 7 discriminator 1 view .LVU585
 2002 0024 10B9     		cbnz	r0, .L105
 2003              		.loc 1 230 9 is_stmt 1 view .LVU586
 2004              		.loc 1 230 16 is_stmt 0 view .LVU587
 2005 0026 FF23     		movs	r3, #255
 2006 0028 8DF80730 		strb	r3, [sp, #7]
 2007              	.L105:
 2008              		.loc 1 231 5 is_stmt 1 view .LVU588
 2009              		.loc 1 231 17 is_stmt 0 view .LVU589
 2010 002c 9DF80730 		ldrb	r3, [sp, #7]	@ zero_extendqisi2
 2011              		.loc 1 231 8 view .LVU590
 2012 0030 13F0600F 		tst	r3, #96
 2013 0034 06D1     		bne	.L107
 2014              	.L104:
 2015              		.loc 1 242 1 view .LVU591
 2016 0036 02B0     		add	sp, sp, #8
 2017              		.cfi_remember_state
 2018              		.cfi_def_cfa_offset 8
 2019              		@ sp needed
 2020 0038 10BD     		pop	{r4, pc}
 2021              	.LVL178:
 2022              	.L108:
 2023              		.cfi_restore_state
 2024              		.loc 1 238 9 is_stmt 1 view .LVU592
 2025              		.loc 1 238 21 is_stmt 0 view .LVU593
 2026 003a 9DF80730 		ldrb	r3, [sp, #7]	@ zero_extendqisi2
 2027              		.loc 1 238 12 view .LVU594
 2028 003e 13F0600F 		tst	r3, #96
 2029 0042 F8D0     		beq	.L104
 2030              	.LVL179:
 2031              	.L107:
 2032              		.loc 1 234 12 is_stmt 1 view .LVU595
 2033              	.LBB215:
 2034              	.LBI215:
 2035              		.loc 2 322 20 view .LVU596
 2036              		.loc 2 324 3 view .LVU597
 2037              	.LBB216:
 2038              	.LBI216:
 2039              		.loc 2 247 25 view .LVU598
 2040              	.LBB217:
 2041              		.loc 2 248 3 view .LVU599
 2042              		.loc 2 250 3 view .LVU600
 2043              	.LBB218:
 2044              	.LBI218:
 2045              		.loc 3 374 20 view .LVU601
 2046              		.loc 3 376 3 view .LVU602
 2047              	.LBB219:
 2048              	.LBI219:
 2049              		.loc 4 604 20 view .LVU603
 2050              		.loc 4 612 3 view .LVU604
 2051              	.LBB220:
 2052              	.LBI220:
ARM GAS  /tmp/ccftVcE7.s 			page 37


 2053              		.loc 5 546 57 view .LVU605
 2054              	.LBB221:
 2055              		.loc 5 548 3 view .LVU606
 2056 0044 2023     		movs	r3, #32
 2057              		.syntax unified
 2058              	@ 548 "ChibiOS/os/common/ext/CMSIS/include/core_cmFunc.h" 1
 2059 0046 83F31188 		MSR basepri, r3
 2060              	@ 0 "" 2
 2061              	.LVL180:
 2062              		.loc 5 548 3 is_stmt 0 view .LVU607
 2063              		.thumb
 2064              		.syntax unified
 2065              	.LBE221:
 2066              	.LBE220:
 2067              	.LBE219:
 2068              		.loc 3 377 34 is_stmt 1 view .LVU608
 2069              		.loc 3 378 20 view .LVU609
 2070              	.LBE218:
 2071              		.loc 2 251 3 view .LVU610
 2072              	.LBB222:
 2073              	.LBI222:
 2074              		.loc 2 228 25 view .LVU611
 2075              		.loc 2 233 3 view .LVU612
 2076              	.LBB223:
 2077              	.LBI223:
 2078              		.loc 6 105 25 view .LVU613
 2079              		.loc 6 107 3 view .LVU614
 2080              	.LBB224:
 2081              	.LBI224:
 2082              		.loc 7 139 25 view .LVU615
 2083              	.LBB225:
 2084              		.loc 7 141 3 view .LVU616
 2085              		.loc 7 141 10 is_stmt 0 view .LVU617
 2086 004a 4FF08043 		mov	r3, #1073741824
 2087 004e 5B6A     		ldr	r3, [r3, #36]
 2088              	.LVL181:
 2089              		.loc 7 141 10 view .LVU618
 2090              	.LBE225:
 2091              	.LBE224:
 2092              	.LBE223:
 2093              	.LBE222:
 2094              		.loc 2 252 3 is_stmt 1 view .LVU619
 2095              	.LBB226:
 2096              	.LBI226:
 2097              		.loc 3 386 20 view .LVU620
 2098              	.LBB227:
 2099              		.loc 3 388 22 view .LVU621
 2100              		.loc 3 389 33 view .LVU622
 2101              		.loc 3 395 3 view .LVU623
 2102              		.loc 3 395 3 view .LVU624
 2103              		.loc 3 395 3 discriminator 7 view .LVU625
 2104              		.loc 3 399 3 view .LVU626
 2105              	.LBB228:
 2106              	.LBI228:
 2107              		.loc 4 628 20 view .LVU627
 2108              		.loc 4 631 3 view .LVU628
 2109              	.LBB229:
ARM GAS  /tmp/ccftVcE7.s 			page 38


 2110              	.LBI229:
 2111              		.loc 5 546 57 view .LVU629
 2112              	.LBB230:
 2113              		.loc 5 548 3 view .LVU630
 2114 0050 0022     		movs	r2, #0
 2115              		.syntax unified
 2116              	@ 548 "ChibiOS/os/common/ext/CMSIS/include/core_cmFunc.h" 1
 2117 0052 82F31188 		MSR basepri, r2
 2118              	@ 0 "" 2
 2119              	.LVL182:
 2120              		.loc 5 548 3 is_stmt 0 view .LVU631
 2121              		.thumb
 2122              		.syntax unified
 2123              	.LBE230:
 2124              	.LBE229:
 2125              	.LBE228:
 2126              	.LBE227:
 2127              	.LBE226:
 2128              		.loc 2 254 3 is_stmt 1 view .LVU632
 2129              		.loc 2 254 3 is_stmt 0 view .LVU633
 2130              	.LBE217:
 2131              	.LBE216:
 2132              	.LBB231:
 2133              	.LBI231:
 2134              		.loc 2 284 20 is_stmt 1 view .LVU634
 2135              	.LBB232:
 2136              		.loc 2 288 3 view .LVU635
 2137              		.loc 2 288 34 is_stmt 0 view .LVU636
 2138 0056 1B1B     		subs	r3, r3, r4
 2139              	.LVL183:
 2140              		.loc 2 288 34 view .LVU637
 2141              	.LBE232:
 2142              	.LBE231:
 2143              	.LBE215:
 2144              		.loc 1 234 12 discriminator 1 view .LVU638
 2145 0058 B3F57A7F 		cmp	r3, #1000
 2146 005c 0AD2     		bcs	.L112
 2147              		.loc 1 236 9 is_stmt 1 view .LVU639
 2148              		.loc 1 236 13 is_stmt 0 view .LVU640
 2149 005e 0DF10701 		add	r1, sp, #7
 2150 0062 0020     		movs	r0, #0
 2151 0064 FFF7FEFF 		bl	si5351_read
 2152              	.LVL184:
 2153              		.loc 1 236 11 discriminator 1 view .LVU641
 2154 0068 0028     		cmp	r0, #0
 2155 006a E6D1     		bne	.L108
 2156              		.loc 1 237 13 is_stmt 1 view .LVU642
 2157              		.loc 1 237 20 is_stmt 0 view .LVU643
 2158 006c FF23     		movs	r3, #255
 2159 006e 8DF80730 		strb	r3, [sp, #7]
 2160 0072 E2E7     		b	.L108
 2161              	.L112:
 2162              		.loc 1 241 5 is_stmt 1 view .LVU644
 2163              		.loc 1 241 21 is_stmt 0 view .LVU645
 2164 0074 014B     		ldr	r3, .L113
 2165 0076 0122     		movs	r2, #1
 2166 0078 1A70     		strb	r2, [r3]
ARM GAS  /tmp/ccftVcE7.s 			page 39


 2167 007a DCE7     		b	.L104
 2168              	.L114:
 2169              		.align	2
 2170              	.L113:
 2171 007c 00000000 		.word	pll_lock_failed
 2172              		.cfi_endproc
 2173              	.LFE250:
 2174              		.size	si5351_wait_pll_lock, .-si5351_wait_pll_lock
 2175              		.section	.text.si5351_init,"ax",%progbits
 2176              		.align	1
 2177              		.p2align 4,,15
 2178              		.global	si5351_init
 2179              		.syntax unified
 2180              		.thumb
 2181              		.thumb_func
 2182              		.type	si5351_init, %function
 2183              	si5351_init:
 2184              	.LFB251:
 2185              		.loc 1 247 1 is_stmt 1 view -0
 2186              		.cfi_startproc
 2187              		@ args = 0, pretend = 0, frame = 0
 2188              		@ frame_needed = 0, uses_anonymous_args = 0
 2189 0000 70B5     		push	{r4, r5, r6, lr}
 2190              		.cfi_def_cfa_offset 16
 2191              		.cfi_offset 4, -16
 2192              		.cfi_offset 5, -12
 2193              		.cfi_offset 6, -8
 2194              		.cfi_offset 14, -4
 2195              		.loc 1 248 3 view .LVU647
 2196              		.loc 1 248 8 is_stmt 0 view .LVU648
 2197 0002 FFF7FEFF 		bl	si5351_wait_ready
 2198              	.LVL185:
 2199              		.loc 1 248 6 discriminator 1 view .LVU649
 2200 0006 0646     		mov	r6, r0
 2201 0008 90B1     		cbz	r0, .L117
 2202              		.loc 1 251 18 view .LVU650
 2203 000a 0A4C     		ldr	r4, .L124
 2204              	.L116:
 2205              	.LVL186:
 2206              		.loc 1 252 10 is_stmt 1 view .LVU651
 2207 000c 2578     		ldrb	r5, [r4]	@ zero_extendqisi2
 2208 000e 3DB1     		cbz	r5, .L123
 2209              	.LBB233:
 2210              		.loc 1 253 5 view .LVU652
 2211              		.loc 1 253 21 is_stmt 0 view .LVU653
 2212 0010 0134     		adds	r4, r4, #1
 2213              	.LVL187:
 2214              		.loc 1 254 5 is_stmt 1 view .LVU654
 2215              		.loc 1 254 10 is_stmt 0 view .LVU655
 2216 0012 2946     		mov	r1, r5
 2217 0014 2046     		mov	r0, r4
 2218 0016 FFF7FEFF 		bl	si5351_bulk_write
 2219              	.LVL188:
 2220              		.loc 1 254 8 discriminator 1 view .LVU656
 2221 001a 40B1     		cbz	r0, .L120
 2222              		.loc 1 256 5 is_stmt 1 view .LVU657
 2223              		.loc 1 256 7 is_stmt 0 view .LVU658
ARM GAS  /tmp/ccftVcE7.s 			page 40


 2224 001c 2C44     		add	r4, r4, r5
 2225              	.LVL189:
 2226              		.loc 1 256 7 view .LVU659
 2227 001e F5E7     		b	.L116
 2228              	.LVL190:
 2229              	.L123:
 2230              		.loc 1 256 7 view .LVU660
 2231              	.LBE233:
 2232              		.loc 1 258 3 is_stmt 1 view .LVU661
 2233 0020 FFF7FEFF 		bl	si5351_wait_pll_lock
 2234              	.LVL191:
 2235              		.loc 1 259 3 view .LVU662
 2236              		.loc 1 259 7 is_stmt 0 view .LVU663
 2237 0024 044B     		ldr	r3, .L124+4
 2238 0026 1B78     		ldrb	r3, [r3]	@ zero_extendqisi2
 2239              		.loc 1 259 6 view .LVU664
 2240 0028 13B1     		cbz	r3, .L117
 2241              		.loc 1 260 12 view .LVU665
 2242 002a 0026     		movs	r6, #0
 2243 002c 00E0     		b	.L117
 2244              	.LVL192:
 2245              	.L120:
 2246              	.LBB234:
 2247              		.loc 1 255 16 view .LVU666
 2248 002e 0646     		mov	r6, r0
 2249              	.LVL193:
 2250              	.L117:
 2251              		.loc 1 255 16 view .LVU667
 2252              	.LBE234:
 2253              		.loc 1 262 1 view .LVU668
 2254 0030 3046     		mov	r0, r6
 2255 0032 70BD     		pop	{r4, r5, r6, pc}
 2256              	.L125:
 2257              		.align	2
 2258              	.L124:
 2259 0034 00000000 		.word	si5351_configs
 2260 0038 00000000 		.word	pll_lock_failed
 2261              		.cfi_endproc
 2262              	.LFE251:
 2263              		.size	si5351_init, .-si5351_init
 2264              		.section	.text.si5351_set_frequency,"ax",%progbits
 2265              		.align	1
 2266              		.p2align 4,,15
 2267              		.global	si5351_set_frequency
 2268              		.syntax unified
 2269              		.thumb
 2270              		.thumb_func
 2271              		.type	si5351_set_frequency, %function
 2272              	si5351_set_frequency:
 2273              	.LVL194:
 2274              	.LFB260:
 2275              		.loc 1 480 1 is_stmt 1 view -0
 2276              		.cfi_startproc
 2277              		@ args = 0, pretend = 0, frame = 0
 2278              		@ frame_needed = 0, uses_anonymous_args = 0
 2279              		.loc 1 480 1 is_stmt 0 view .LVU670
 2280 0000 70B5     		push	{r4, r5, r6, lr}
ARM GAS  /tmp/ccftVcE7.s 			page 41


 2281              		.cfi_def_cfa_offset 16
 2282              		.cfi_offset 4, -16
 2283              		.cfi_offset 5, -12
 2284              		.cfi_offset 6, -8
 2285              		.cfi_offset 14, -4
 2286 0002 82B0     		sub	sp, sp, #8
 2287              		.cfi_def_cfa_offset 24
 2288 0004 0546     		mov	r5, r0
 2289 0006 0C46     		mov	r4, r1
 2290 0008 1646     		mov	r6, r2
 2291              		.loc 1 481 3 is_stmt 1 view .LVU671
 2292              		.loc 1 481 6 is_stmt 0 view .LVU672
 2293 000a 124B     		ldr	r3, .L132
 2294 000c 9942     		cmp	r1, r3
 2295 000e 0ADD     		ble	.L131
 2296              		.loc 1 484 10 is_stmt 1 view .LVU673
 2297              		.loc 1 484 13 is_stmt 0 view .LVU674
 2298 0010 114B     		ldr	r3, .L132+4
 2299 0012 9942     		cmp	r1, r3
 2300 0014 16DC     		bgt	.L129
 2301              		.loc 1 485 5 is_stmt 1 view .LVU675
 2302 0016 0092     		str	r2, [sp]
 2303 0018 0623     		movs	r3, #6
 2304 001a 0A46     		mov	r2, r1
 2305              	.LVL195:
 2306              		.loc 1 485 5 is_stmt 0 view .LVU676
 2307 001c 0021     		movs	r1, #0
 2308              	.LVL196:
 2309              		.loc 1 485 5 view .LVU677
 2310 001e FFF7FEFF 		bl	si5351_set_frequency_fixeddiv
 2311              	.LVL197:
 2312              	.L126:
 2313              		.loc 1 489 1 view .LVU678
 2314 0022 02B0     		add	sp, sp, #8
 2315              		.cfi_remember_state
 2316              		.cfi_def_cfa_offset 16
 2317              		@ sp needed
 2318 0024 70BD     		pop	{r4, r5, r6, pc}
 2319              	.LVL198:
 2320              	.L131:
 2321              		.cfi_restore_state
 2322              		.loc 1 482 5 is_stmt 1 view .LVU679
 2323 0026 0123     		movs	r3, #1
 2324 0028 0022     		movs	r2, #0
 2325              	.LVL199:
 2326              		.loc 1 482 5 is_stmt 0 view .LVU680
 2327 002a 1E21     		movs	r1, #30
 2328              	.LVL200:
 2329              		.loc 1 482 5 view .LVU681
 2330 002c 1046     		mov	r0, r2
 2331              	.LVL201:
 2332              		.loc 1 482 5 view .LVU682
 2333 002e FFF7FEFF 		bl	si5351_setupPLL
 2334              	.LVL202:
 2335              		.loc 1 483 5 is_stmt 1 view .LVU683
 2336 0032 0196     		str	r6, [sp, #4]
 2337 0034 0021     		movs	r1, #0
ARM GAS  /tmp/ccftVcE7.s 			page 42


 2338 0036 0091     		str	r1, [sp]
 2339 0038 2346     		mov	r3, r4
 2340 003a 084A     		ldr	r2, .L132+8
 2341 003c 2846     		mov	r0, r5
 2342 003e FFF7FEFF 		bl	si5351_set_frequency_fixedpll
 2343              	.LVL203:
 2344 0042 EEE7     		b	.L126
 2345              	.LVL204:
 2346              	.L129:
 2347              		.loc 1 487 5 view .LVU684
 2348 0044 0092     		str	r2, [sp]
 2349 0046 0423     		movs	r3, #4
 2350 0048 0A46     		mov	r2, r1
 2351              	.LVL205:
 2352              		.loc 1 487 5 is_stmt 0 view .LVU685
 2353 004a 0021     		movs	r1, #0
 2354              	.LVL206:
 2355              		.loc 1 487 5 view .LVU686
 2356 004c FFF7FEFF 		bl	si5351_set_frequency_fixeddiv
 2357              	.LVL207:
 2358              		.loc 1 489 1 view .LVU687
 2359 0050 E7E7     		b	.L126
 2360              	.L133:
 2361 0052 00BF     		.align	2
 2362              	.L132:
 2363 0054 00E1F505 		.word	100000000
 2364 0058 7FD1F008 		.word	149999999
 2365 005c 00E9A435 		.word	900000000
 2366              		.cfi_endproc
 2367              	.LFE260:
 2368              		.size	si5351_set_frequency, .-si5351_set_frequency
 2369              		.section	.text.si5351_set_int_mul_div,"ax",%progbits
 2370              		.align	1
 2371              		.p2align 4,,15
 2372              		.global	si5351_set_int_mul_div
 2373              		.syntax unified
 2374              		.thumb
 2375              		.thumb_func
 2376              		.type	si5351_set_int_mul_div, %function
 2377              	si5351_set_int_mul_div:
 2378              	.LVL208:
 2379              	.LFB261:
 2380              		.loc 1 492 1 is_stmt 1 view -0
 2381              		.cfi_startproc
 2382              		@ args = 0, pretend = 0, frame = 0
 2383              		@ frame_needed = 0, uses_anonymous_args = 0
 2384              		.loc 1 492 1 is_stmt 0 view .LVU689
 2385 0000 70B5     		push	{r4, r5, r6, lr}
 2386              		.cfi_def_cfa_offset 16
 2387              		.cfi_offset 4, -16
 2388              		.cfi_offset 5, -12
 2389              		.cfi_offset 6, -8
 2390              		.cfi_offset 14, -4
 2391 0002 84B0     		sub	sp, sp, #16
 2392              		.cfi_def_cfa_offset 32
 2393 0004 0446     		mov	r4, r0
 2394 0006 1546     		mov	r5, r2
ARM GAS  /tmp/ccftVcE7.s 			page 43


 2395 0008 1E46     		mov	r6, r3
 2396              		.loc 1 493 3 is_stmt 1 view .LVU690
 2397 000a 0123     		movs	r3, #1
 2398              	.LVL209:
 2399              		.loc 1 493 3 is_stmt 0 view .LVU691
 2400 000c 0022     		movs	r2, #0
 2401              	.LVL210:
 2402              		.loc 1 493 3 view .LVU692
 2403 000e C9B2     		uxtb	r1, r1
 2404              	.LVL211:
 2405              		.loc 1 493 3 view .LVU693
 2406 0010 1046     		mov	r0, r2
 2407              	.LVL212:
 2408              		.loc 1 493 3 view .LVU694
 2409 0012 FFF7FEFF 		bl	si5351_setupPLL
 2410              	.LVL213:
 2411              		.loc 1 494 3 is_stmt 1 view .LVU695
 2412 0016 0296     		str	r6, [sp, #8]
 2413 0018 0021     		movs	r1, #0
 2414 001a 0191     		str	r1, [sp, #4]
 2415 001c 0123     		movs	r3, #1
 2416 001e 0093     		str	r3, [sp]
 2417 0020 0B46     		mov	r3, r1
 2418 0022 2A46     		mov	r2, r5
 2419 0024 E0B2     		uxtb	r0, r4
 2420 0026 FFF7FEFF 		bl	si5351_setupMultisynth
 2421              	.LVL214:
 2422              		.loc 1 495 1 is_stmt 0 view .LVU696
 2423 002a 04B0     		add	sp, sp, #16
 2424              		.cfi_def_cfa_offset 16
 2425              		@ sp needed
 2426 002c 70BD     		pop	{r4, r5, r6, pc}
 2427              		.loc 1 495 1 view .LVU697
 2428              		.cfi_endproc
 2429              	.LFE261:
 2430              		.size	si5351_set_int_mul_div, .-si5351_set_int_mul_div
 2431 002e 00BF     		.section	.text.si5351_set_frequency_with_offset,"ax",%progbits
 2432              		.align	1
 2433              		.p2align 4,,15
 2434              		.global	si5351_set_frequency_with_offset
 2435              		.syntax unified
 2436              		.thumb
 2437              		.thumb_func
 2438              		.type	si5351_set_frequency_with_offset, %function
 2439              	si5351_set_frequency_with_offset:
 2440              	.LVL215:
 2441              	.LFB262:
 2442              		.loc 1 507 1 is_stmt 1 view -0
 2443              		.cfi_startproc
 2444              		@ args = 0, pretend = 0, frame = 0
 2445              		@ frame_needed = 0, uses_anonymous_args = 0
 2446              		.loc 1 507 1 is_stmt 0 view .LVU699
 2447 0000 2DE9F043 		push	{r4, r5, r6, r7, r8, r9, lr}
 2448              		.cfi_def_cfa_offset 28
 2449              		.cfi_offset 4, -28
 2450              		.cfi_offset 5, -24
 2451              		.cfi_offset 6, -20
ARM GAS  /tmp/ccftVcE7.s 			page 44


 2452              		.cfi_offset 7, -16
 2453              		.cfi_offset 8, -12
 2454              		.cfi_offset 9, -8
 2455              		.cfi_offset 14, -4
 2456 0004 83B0     		sub	sp, sp, #12
 2457              		.cfi_def_cfa_offset 40
 2458 0006 0446     		mov	r4, r0
 2459 0008 1646     		mov	r6, r2
 2460              		.loc 1 508 3 is_stmt 1 view .LVU700
 2461              		.loc 1 509 3 view .LVU701
 2462              	.LVL216:
 2463              		.loc 1 510 3 view .LVU702
 2464              		.loc 1 510 12 is_stmt 0 view .LVU703
 2465 000a 0F18     		adds	r7, r1, r0
 2466              	.LVL217:
 2467              		.loc 1 511 3 is_stmt 1 view .LVU704
 2468              		.loc 1 525 3 view .LVU705
 2469              		.loc 1 525 6 is_stmt 0 view .LVU706
 2470 000c 4A4B     		ldr	r3, .L161
 2471 000e 9842     		cmp	r0, r3
 2472 0010 04D9     		bls	.L149
 2473              		.loc 1 527 10 is_stmt 1 view .LVU707
 2474              		.loc 1 527 13 is_stmt 0 view .LVU708
 2475 0012 4A4B     		ldr	r3, .L161+4
 2476 0014 9842     		cmp	r0, r3
 2477 0016 0BD2     		bcs	.L150
 2478              		.loc 1 528 10 view .LVU709
 2479 0018 0125     		movs	r5, #1
 2480 001a 00E0     		b	.L137
 2481              	.L149:
 2482              		.loc 1 526 10 view .LVU710
 2483 001c 0025     		movs	r5, #0
 2484              	.L137:
 2485              	.LVL218:
 2486              		.loc 1 532 3 is_stmt 1 view .LVU711
 2487              		.loc 1 532 6 is_stmt 0 view .LVU712
 2488 001e 484B     		ldr	r3, .L161+8
 2489 0020 9C42     		cmp	r4, r3
 2490 0022 07D9     		bls	.L151
 2491              	.LVL219:
 2492              	.L138:
 2493              		.loc 1 534 10 is_stmt 1 view .LVU713
 2494              		.loc 1 534 13 is_stmt 0 view .LVU714
 2495 0024 474B     		ldr	r3, .L161+12
 2496 0026 9C42     		cmp	r4, r3
 2497 0028 38D9     		bls	.L152
 2498              		.loc 1 511 12 view .LVU715
 2499 002a 4FF00008 		mov	r8, #0
 2500 002e 03E0     		b	.L139
 2501              	.L150:
 2502              		.loc 1 530 10 view .LVU716
 2503 0030 0225     		movs	r5, #2
 2504 0032 F7E7     		b	.L138
 2505              	.LVL220:
 2506              	.L151:
 2507              		.loc 1 533 10 view .LVU717
 2508 0034 4FF06008 		mov	r8, #96
ARM GAS  /tmp/ccftVcE7.s 			page 45


 2509              	.LVL221:
 2510              	.L139:
 2511              		.loc 1 539 3 is_stmt 1 view .LVU718
 2512              		.loc 1 539 20 is_stmt 0 view .LVU719
 2513 0038 434B     		ldr	r3, .L161+16
 2514 003a 1B68     		ldr	r3, [r3]
 2515              		.loc 1 539 6 view .LVU720
 2516 003c AB42     		cmp	r3, r5
 2517 003e 30D1     		bne	.L155
 2518              	.LVL222:
 2519              	.L140:
 2520              		.loc 1 543 3 is_stmt 1 view .LVU721
 2521 0040 012D     		cmp	r5, #1
 2522 0042 40D0     		beq	.L141
 2523 0044 022D     		cmp	r5, #2
 2524 0046 60D0     		beq	.L142
 2525 0048 F5B9     		cbnz	r5, .L143
 2526              		.loc 1 546 5 view .LVU722
 2527              		.loc 1 546 27 is_stmt 0 view .LVU723
 2528 004a 3F4B     		ldr	r3, .L161+16
 2529 004c 1B68     		ldr	r3, [r3]
 2530 004e 013B     		subs	r3, r3, #1
 2531              		.loc 1 546 8 view .LVU724
 2532 0050 012B     		cmp	r3, #1
 2533 0052 29D9     		bls	.L156
 2534              	.L144:
 2535              		.loc 1 551 5 is_stmt 1 view .LVU725
 2536              		.loc 1 551 8 is_stmt 0 view .LVU726
 2537 0054 B8F1300F 		cmp	r8, #48
 2538 0058 2FD0     		beq	.L157
 2539              		.loc 1 554 12 is_stmt 1 view .LVU727
 2540              		.loc 1 554 15 is_stmt 0 view .LVU728
 2541 005a B8F1600F 		cmp	r8, #96
 2542 005e 2FD0     		beq	.L158
 2543              	.L146:
 2544              		.loc 1 559 5 is_stmt 1 view .LVU729
 2545 0060 DFF8E890 		ldr	r9, .L161+20
 2546 0064 0196     		str	r6, [sp, #4]
 2547 0066 CDF80080 		str	r8, [sp]
 2548 006a 3B46     		mov	r3, r7
 2549 006c 4A46     		mov	r2, r9
 2550 006e 0021     		movs	r1, #0
 2551 0070 0846     		mov	r0, r1
 2552 0072 FFF7FEFF 		bl	si5351_set_frequency_fixedpll
 2553              	.LVL223:
 2554              		.loc 1 561 5 view .LVU730
 2555 0076 0196     		str	r6, [sp, #4]
 2556 0078 CDF80080 		str	r8, [sp]
 2557 007c 2346     		mov	r3, r4
 2558 007e 4A46     		mov	r2, r9
 2559 0080 0021     		movs	r1, #0
 2560 0082 0120     		movs	r0, #1
 2561 0084 FFF7FEFF 		bl	si5351_set_frequency_fixedpll
 2562              	.LVL224:
 2563              		.loc 1 568 5 view .LVU731
 2564              	.L143:
 2565              		.loc 1 597 3 view .LVU732
ARM GAS  /tmp/ccftVcE7.s 			page 46


 2566              		.loc 1 597 20 is_stmt 0 view .LVU733
 2567 0088 2F4B     		ldr	r3, .L161+16
 2568 008a 1B68     		ldr	r3, [r3]
 2569              		.loc 1 597 6 view .LVU734
 2570 008c AB42     		cmp	r3, r5
 2571 008e 4BD1     		bne	.L159
 2572              		.loc 1 509 7 view .LVU735
 2573 0090 0320     		movs	r0, #3
 2574              	.LVL225:
 2575              	.L148:
 2576              		.loc 1 606 3 is_stmt 1 view .LVU736
 2577              		.loc 1 606 16 is_stmt 0 view .LVU737
 2578 0092 2D4B     		ldr	r3, .L161+16
 2579 0094 1D60     		str	r5, [r3]
 2580              		.loc 1 607 3 is_stmt 1 view .LVU738
 2581              		.loc 1 608 1 is_stmt 0 view .LVU739
 2582 0096 03B0     		add	sp, sp, #12
 2583              		.cfi_remember_state
 2584              		.cfi_def_cfa_offset 28
 2585              		@ sp needed
 2586 0098 BDE8F083 		pop	{r4, r5, r6, r7, r8, r9, pc}
 2587              	.LVL226:
 2588              	.L152:
 2589              		.cfi_restore_state
 2590              		.loc 1 535 10 view .LVU740
 2591 009c 4FF03008 		mov	r8, #48
 2592 00a0 CAE7     		b	.L139
 2593              	.LVL227:
 2594              	.L155:
 2595              		.loc 1 540 5 is_stmt 1 view .LVU741
 2596 00a2 FFF7FEFF 		bl	si5351_disable_output
 2597              	.LVL228:
 2598              		.loc 1 540 5 is_stmt 0 view .LVU742
 2599 00a6 CBE7     		b	.L140
 2600              	.L156:
 2601              		.loc 1 547 6 is_stmt 1 view .LVU743
 2602 00a8 FFF7FEFF 		bl	si5351_reset_pll
 2603              	.LVL229:
 2604              		.loc 1 548 6 view .LVU744
 2605 00ac 0123     		movs	r3, #1
 2606 00ae 0022     		movs	r2, #0
 2607 00b0 1E21     		movs	r1, #30
 2608 00b2 1046     		mov	r0, r2
 2609 00b4 FFF7FEFF 		bl	si5351_setupPLL
 2610              	.LVL230:
 2611 00b8 CCE7     		b	.L144
 2612              	.L157:
 2613              		.loc 1 552 7 view .LVU745
 2614              		.loc 1 552 12 is_stmt 0 view .LVU746
 2615 00ba E400     		lsls	r4, r4, #3
 2616              	.LVL231:
 2617              		.loc 1 553 7 is_stmt 1 view .LVU747
 2618              		.loc 1 553 13 is_stmt 0 view .LVU748
 2619 00bc FF00     		lsls	r7, r7, #3
 2620              	.LVL232:
 2621              		.loc 1 553 13 view .LVU749
 2622 00be CFE7     		b	.L146
ARM GAS  /tmp/ccftVcE7.s 			page 47


 2623              	.L158:
 2624              		.loc 1 555 7 is_stmt 1 view .LVU750
 2625              		.loc 1 555 12 is_stmt 0 view .LVU751
 2626 00c0 A401     		lsls	r4, r4, #6
 2627              	.LVL233:
 2628              		.loc 1 556 7 is_stmt 1 view .LVU752
 2629              		.loc 1 556 13 is_stmt 0 view .LVU753
 2630 00c2 BF01     		lsls	r7, r7, #6
 2631              	.LVL234:
 2632              		.loc 1 556 13 view .LVU754
 2633 00c4 CCE7     		b	.L146
 2634              	.L141:
 2635              		.loc 1 572 5 is_stmt 1 view .LVU755
 2636              		.loc 1 572 22 is_stmt 0 view .LVU756
 2637 00c6 204B     		ldr	r3, .L161+16
 2638 00c8 1B68     		ldr	r3, [r3]
 2639              		.loc 1 572 8 view .LVU757
 2640 00ca 022B     		cmp	r3, #2
 2641 00cc 0ED0     		beq	.L160
 2642              	.L147:
 2643              		.loc 1 578 5 is_stmt 1 view .LVU758
 2644 00ce 0096     		str	r6, [sp]
 2645 00d0 0623     		movs	r3, #6
 2646 00d2 3A46     		mov	r2, r7
 2647 00d4 0021     		movs	r1, #0
 2648 00d6 0846     		mov	r0, r1
 2649 00d8 FFF7FEFF 		bl	si5351_set_frequency_fixeddiv
 2650              	.LVL235:
 2651              		.loc 1 579 5 view .LVU759
 2652 00dc 0096     		str	r6, [sp]
 2653 00de 0623     		movs	r3, #6
 2654 00e0 2246     		mov	r2, r4
 2655 00e2 0121     		movs	r1, #1
 2656 00e4 0846     		mov	r0, r1
 2657 00e6 FFF7FEFF 		bl	si5351_set_frequency_fixeddiv
 2658              	.LVL236:
 2659              		.loc 1 584 5 view .LVU760
 2660 00ea CDE7     		b	.L143
 2661              	.L160:
 2662              		.loc 1 573 7 view .LVU761
 2663 00ec 0096     		str	r6, [sp]
 2664 00ee 0623     		movs	r3, #6
 2665 00f0 3A46     		mov	r2, r7
 2666 00f2 0021     		movs	r1, #0
 2667 00f4 0846     		mov	r0, r1
 2668 00f6 FFF7FEFF 		bl	si5351_set_frequency_fixeddiv
 2669              	.LVL237:
 2670              		.loc 1 574 7 view .LVU762
 2671 00fa 0096     		str	r6, [sp]
 2672 00fc 0623     		movs	r3, #6
 2673 00fe 2246     		mov	r2, r4
 2674 0100 0121     		movs	r1, #1
 2675 0102 0846     		mov	r0, r1
 2676 0104 FFF7FEFF 		bl	si5351_set_frequency_fixeddiv
 2677              	.LVL238:
 2678 0108 E1E7     		b	.L147
 2679              	.L142:
ARM GAS  /tmp/ccftVcE7.s 			page 48


 2680              		.loc 1 588 5 view .LVU763
 2681 010a 0096     		str	r6, [sp]
 2682 010c 0423     		movs	r3, #4
 2683 010e 3A46     		mov	r2, r7
 2684 0110 0021     		movs	r1, #0
 2685 0112 0846     		mov	r0, r1
 2686 0114 FFF7FEFF 		bl	si5351_set_frequency_fixeddiv
 2687              	.LVL239:
 2688              		.loc 1 589 5 view .LVU764
 2689 0118 0096     		str	r6, [sp]
 2690 011a 0423     		movs	r3, #4
 2691 011c 2246     		mov	r2, r4
 2692 011e 0121     		movs	r1, #1
 2693 0120 0846     		mov	r0, r1
 2694 0122 FFF7FEFF 		bl	si5351_set_frequency_fixeddiv
 2695              	.LVL240:
 2696              		.loc 1 594 5 view .LVU765
 2697 0126 AFE7     		b	.L143
 2698              	.L159:
 2699              		.loc 1 598 5 view .LVU766
 2700 0128 FFF7FEFF 		bl	si5351_reset_pll
 2701              	.LVL241:
 2702              		.loc 1 599 5 view .LVU767
 2703 012c FFF7FEFF 		bl	si5351_wait_pll_lock
 2704              	.LVL242:
 2705              		.loc 1 601 5 view .LVU768
 2706 0130 FFF7FEFF 		bl	si5351_enable_output
 2707              	.LVL243:
 2708              		.loc 1 603 5 view .LVU769
 2709              		.loc 1 603 11 is_stmt 0 view .LVU770
 2710 0134 0D20     		movs	r0, #13
 2711 0136 ACE7     		b	.L148
 2712              	.L162:
 2713              		.align	2
 2714              	.L161:
 2715 0138 00E1F505 		.word	100000000
 2716 013c 00688909 		.word	160000000
 2717 0140 20A10700 		.word	500000
 2718 0144 00093D00 		.word	4000000
 2719 0148 00000000 		.word	current_band
 2720 014c 00E9A435 		.word	900000000
 2721              		.cfi_endproc
 2722              	.LFE262:
 2723              		.size	si5351_set_frequency_with_offset, .-si5351_set_frequency_with_offset
 2724              		.section	.data.current_band,"aw"
 2725              		.align	2
 2726              		.type	current_band, %object
 2727              		.size	current_band, 4
 2728              	current_band:
 2729 0000 FFFFFFFF 		.word	-1
 2730              		.section	.rodata.si5351_configs,"a"
 2731              		.align	2
 2732              		.type	si5351_configs, %object
 2733              		.size	si5351_configs, 41
 2734              	si5351_configs:
 2735 0000 0203FF04 		.ascii	"\002\003\377\004\020\200\200\200\011\032\000\001\000"
 2735      10808080 
ARM GAS  /tmp/ccftVcE7.s 			page 49


 2735      091A0001 
 2735      00
 2736 000d 0D000000 		.ascii	"\015\000\000\000\000\002\261\240\011*\000\001\000\015"
 2736      0002B1A0 
 2736      092A0001 
 2736      000D
 2737 001b 00000000 		.ascii	"\000\000\000\000\002\022\200\002\021\200\002\003\006"
 2737      02128002 
 2737      11800203 
 2737      06
 2738 0028 00       		.ascii	"\000"
 2739              		.global	si5351_available
 2740              		.section	.bss.si5351_available,"aw",%nobits
 2741              		.align	2
 2742              		.type	si5351_available, %object
 2743              		.size	si5351_available, 4
 2744              	si5351_available:
 2745 0000 00000000 		.space	4
 2746              		.global	pll_lock_failed
 2747              		.section	.bss.pll_lock_failed,"aw",%nobits
 2748              		.type	pll_lock_failed, %object
 2749              		.size	pll_lock_failed, 1
 2750              	pll_lock_failed:
 2751 0000 00       		.space	1
 2752              		.text
 2753              	.Letext0:
 2754              		.file 8 "/usr/lib/gcc/arm-none-eabi/13.2.1/include/stddef.h"
 2755              		.file 9 "/usr/lib/gcc/arm-none-eabi/13.2.1/include/stdint.h"
 2756              		.file 10 "ChibiOS/os/common/ports/ARMCMx/compilers/GCC/chtypes.h"
 2757              		.file 11 "ChibiOS/os/rt/include/chsystypes.h"
 2758              		.file 12 "ChibiOS/os/rt/include/chschd.h"
 2759              		.file 13 "ChibiOS/os/common/ports/ARMCMx/chcore.h"
 2760              		.file 14 "ChibiOS/os/hal/ports/STM32/LLD/TIMv1/stm32_tim.h"
 2761              		.file 15 "ChibiOS/os/hal/ports/STM32/LLD/GPIOv2/hal_pal_lld.h"
 2762              		.file 16 "nanovna.h"
 2763              		.file 17 "si5351.h"
 2764              		.section	.debug_info,"",%progbits
 2765              	.Ldebug_info0:
 2766 0000 B31E0000 		.4byte	0x1eb3
 2767 0004 0500     		.2byte	0x5
 2768 0006 01       		.byte	0x1
 2769 0007 04       		.byte	0x4
 2770 0008 00000000 		.4byte	.Ldebug_abbrev0
 2771 000c 38       		.uleb128 0x38
 2772 000d B2020000 		.4byte	.LASF144
 2773 0011 1D       		.byte	0x1d
 2774 0012 15000000 		.4byte	.LASF145
 2775 0016 0A060000 		.4byte	.LASF146
 2776 001a 18000000 		.4byte	.LLRL105
 2777 001e 00000000 		.4byte	0
 2778 0022 00000000 		.4byte	.Ldebug_line0
 2779 0026 0C       		.uleb128 0xc
 2780 0027 08       		.byte	0x8
 2781 0028 07       		.byte	0x7
 2782 0029 8F000000 		.4byte	.LASF0
 2783 002d 0C       		.uleb128 0xc
 2784 002e 04       		.byte	0x4
ARM GAS  /tmp/ccftVcE7.s 			page 50


 2785 002f 07       		.byte	0x7
 2786 0030 C9010000 		.4byte	.LASF1
 2787 0034 0C       		.uleb128 0xc
 2788 0035 01       		.byte	0x1
 2789 0036 08       		.byte	0x8
 2790 0037 F5040000 		.4byte	.LASF2
 2791 003b 39       		.uleb128 0x39
 2792 003c 04       		.byte	0x4
 2793 003d 05       		.byte	0x5
 2794 003e 696E7400 		.ascii	"int\000"
 2795 0042 07       		.uleb128 0x7
 2796 0043 72010000 		.4byte	.LASF7
 2797 0047 08       		.byte	0x8
 2798 0048 D6       		.byte	0xd6
 2799 0049 17       		.byte	0x17
 2800 004a 2D000000 		.4byte	0x2d
 2801 004e 0C       		.uleb128 0xc
 2802 004f 08       		.byte	0x8
 2803 0050 05       		.byte	0x5
 2804 0051 D8000000 		.4byte	.LASF3
 2805 0055 0C       		.uleb128 0xc
 2806 0056 08       		.byte	0x8
 2807 0057 04       		.byte	0x4
 2808 0058 9D050000 		.4byte	.LASF4
 2809 005c 0C       		.uleb128 0xc
 2810 005d 01       		.byte	0x1
 2811 005e 06       		.byte	0x6
 2812 005f 27070000 		.4byte	.LASF5
 2813 0063 0C       		.uleb128 0xc
 2814 0064 02       		.byte	0x2
 2815 0065 05       		.byte	0x5
 2816 0066 09050000 		.4byte	.LASF6
 2817 006a 07       		.uleb128 0x7
 2818 006b ED040000 		.4byte	.LASF8
 2819 006f 09       		.byte	0x9
 2820 0070 28       		.byte	0x28
 2821 0071 18       		.byte	0x18
 2822 0072 76000000 		.4byte	0x76
 2823 0076 0C       		.uleb128 0xc
 2824 0077 04       		.byte	0x4
 2825 0078 05       		.byte	0x5
 2826 0079 3C010000 		.4byte	.LASF9
 2827 007d 07       		.uleb128 0x7
 2828 007e 9C060000 		.4byte	.LASF10
 2829 0082 09       		.byte	0x9
 2830 0083 2E       		.byte	0x2e
 2831 0084 18       		.byte	0x18
 2832 0085 34000000 		.4byte	0x34
 2833 0089 1C       		.uleb128 0x1c
 2834 008a 7D000000 		.4byte	0x7d
 2835 008e 07       		.uleb128 0x7
 2836 008f D6010000 		.4byte	.LASF11
 2837 0093 09       		.byte	0x9
 2838 0094 31       		.byte	0x31
 2839 0095 19       		.byte	0x19
 2840 0096 9A000000 		.4byte	0x9a
 2841 009a 0C       		.uleb128 0xc
ARM GAS  /tmp/ccftVcE7.s 			page 51


 2842 009b 02       		.byte	0x2
 2843 009c 07       		.byte	0x7
 2844 009d 25020000 		.4byte	.LASF12
 2845 00a1 07       		.uleb128 0x7
 2846 00a2 82050000 		.4byte	.LASF13
 2847 00a6 09       		.byte	0x9
 2848 00a7 34       		.byte	0x34
 2849 00a8 19       		.byte	0x19
 2850 00a9 B2000000 		.4byte	0xb2
 2851 00ad 1D       		.uleb128 0x1d
 2852 00ae A1000000 		.4byte	0xa1
 2853 00b2 0C       		.uleb128 0xc
 2854 00b3 04       		.byte	0x4
 2855 00b4 07       		.byte	0x7
 2856 00b5 FE000000 		.4byte	.LASF14
 2857 00b9 07       		.uleb128 0x7
 2858 00ba 41000000 		.4byte	.LASF15
 2859 00be 09       		.byte	0x9
 2860 00bf 37       		.byte	0x37
 2861 00c0 19       		.byte	0x19
 2862 00c1 26000000 		.4byte	0x26
 2863 00c5 07       		.uleb128 0x7
 2864 00c6 6A020000 		.4byte	.LASF16
 2865 00ca 0A       		.byte	0xa
 2866 00cb 3C       		.byte	0x3c
 2867 00cc 1D       		.byte	0x1d
 2868 00cd 7D000000 		.4byte	0x7d
 2869 00d1 07       		.uleb128 0x7
 2870 00d2 4A010000 		.4byte	.LASF17
 2871 00d6 0A       		.byte	0xa
 2872 00d7 3D       		.byte	0x3d
 2873 00d8 1D       		.byte	0x1d
 2874 00d9 7D000000 		.4byte	0x7d
 2875 00dd 07       		.uleb128 0x7
 2876 00de AC040000 		.4byte	.LASF18
 2877 00e2 0A       		.byte	0xa
 2878 00e3 3E       		.byte	0x3e
 2879 00e4 1D       		.byte	0x1d
 2880 00e5 7D000000 		.4byte	0x7d
 2881 00e9 07       		.uleb128 0x7
 2882 00ea DA040000 		.4byte	.LASF19
 2883 00ee 0A       		.byte	0xa
 2884 00ef 40       		.byte	0x40
 2885 00f0 1D       		.byte	0x1d
 2886 00f1 A1000000 		.4byte	0xa1
 2887 00f5 07       		.uleb128 0x7
 2888 00f6 4A020000 		.4byte	.LASF20
 2889 00fa 0A       		.byte	0xa
 2890 00fb 41       		.byte	0x41
 2891 00fc 1D       		.byte	0x1d
 2892 00fd 6A000000 		.4byte	0x6a
 2893 0101 07       		.uleb128 0x7
 2894 0102 F2050000 		.4byte	.LASF21
 2895 0106 0B       		.byte	0xb
 2896 0107 33       		.byte	0x33
 2897 0108 12       		.byte	0x12
 2898 0109 A1000000 		.4byte	0xa1
ARM GAS  /tmp/ccftVcE7.s 			page 52


 2899 010d 07       		.uleb128 0x7
 2900 010e E4050000 		.4byte	.LASF22
 2901 0112 0B       		.byte	0xb
 2902 0113 3F       		.byte	0x3f
 2903 0114 1A       		.byte	0x1a
 2904 0115 19010000 		.4byte	0x119
 2905 0119 1E       		.uleb128 0x1e
 2906 011a 38020000 		.4byte	.LASF35
 2907 011e 2C       		.byte	0x2c
 2908 011f 0C       		.byte	0xc
 2909 0120 9A       		.byte	0x9a
 2910 0121 C1010000 		.4byte	0x1c1
 2911 0125 06       		.uleb128 0x6
 2912 0126 F5010000 		.4byte	.LASF23
 2913 012a 0C       		.byte	0xc
 2914 012b 9B       		.byte	0x9b
 2915 012c 19       		.byte	0x19
 2916 012d F8010000 		.4byte	0x1f8
 2917 0131 00       		.byte	0
 2918 0132 06       		.uleb128 0x6
 2919 0133 56040000 		.4byte	.LASF24
 2920 0137 0C       		.byte	0xc
 2921 0138 9C       		.byte	0x9c
 2922 0139 19       		.byte	0x19
 2923 013a E9000000 		.4byte	0xe9
 2924 013e 08       		.byte	0x8
 2925 013f 19       		.uleb128 0x19
 2926 0140 63747800 		.ascii	"ctx\000"
 2927 0144 0C       		.byte	0xc
 2928 0145 9D       		.byte	0x9d
 2929 0146 19       		.byte	0x19
 2930 0147 6F020000 		.4byte	0x26f
 2931 014b 0C       		.byte	0xc
 2932 014c 06       		.uleb128 0x6
 2933 014d 8E020000 		.4byte	.LASF25
 2934 0151 0C       		.byte	0xc
 2935 0152 9F       		.byte	0x9f
 2936 0153 1A       		.byte	0x1a
 2937 0154 CD010000 		.4byte	0x1cd
 2938 0158 10       		.byte	0x10
 2939 0159 06       		.uleb128 0x6
 2940 015a B5050000 		.4byte	.LASF26
 2941 015e 0C       		.byte	0xc
 2942 015f A0       		.byte	0xa0
 2943 0160 1A       		.byte	0x1a
 2944 0161 CD010000 		.4byte	0x1cd
 2945 0165 14       		.byte	0x14
 2946 0166 06       		.uleb128 0x6
 2947 0167 F0010000 		.4byte	.LASF27
 2948 016b 0C       		.byte	0xc
 2949 016c A7       		.byte	0xa7
 2950 016d 1A       		.byte	0x1a
 2951 016e 52050000 		.4byte	0x552
 2952 0172 18       		.byte	0x18
 2953 0173 06       		.uleb128 0x6
 2954 0174 A9050000 		.4byte	.LASF28
 2955 0178 0C       		.byte	0xc
ARM GAS  /tmp/ccftVcE7.s 			page 53


 2956 0179 B0       		.byte	0xb0
 2957 017a 1A       		.byte	0x1a
 2958 017b 63050000 		.4byte	0x563
 2959 017f 1C       		.byte	0x1c
 2960 0180 06       		.uleb128 0x6
 2961 0181 31010000 		.4byte	.LASF29
 2962 0185 0C       		.byte	0xc
 2963 0186 B5       		.byte	0xb5
 2964 0187 19       		.byte	0x19
 2965 0188 D1000000 		.4byte	0xd1
 2966 018c 20       		.byte	0x20
 2967 018d 06       		.uleb128 0x6
 2968 018e B6060000 		.4byte	.LASF30
 2969 0192 0C       		.byte	0xc
 2970 0193 B9       		.byte	0xb9
 2971 0194 19       		.byte	0x19
 2972 0195 C5000000 		.4byte	0xc5
 2973 0199 21       		.byte	0x21
 2974 019a 06       		.uleb128 0x6
 2975 019b C7000000 		.4byte	.LASF31
 2976 019f 0C       		.byte	0xc
 2977 01a0 BE       		.byte	0xbe
 2978 01a1 19       		.byte	0x19
 2979 01a2 DD000000 		.4byte	0xdd
 2980 01a6 22       		.byte	0x22
 2981 01a7 02       		.uleb128 0x2
 2982 01a8 7500     		.ascii	"u\000"
 2983 01aa 0C       		.byte	0xc
 2984 01ab 0F01     		.2byte	0x10f
 2985 01ad 19       		.byte	0x19
 2986 01ae 18050000 		.4byte	0x518
 2987 01b2 24       		.byte	0x24
 2988 01b3 0F       		.uleb128 0xf
 2989 01b4 79010000 		.4byte	.LASF32
 2990 01b8 0C       		.byte	0xc
 2991 01b9 1401     		.2byte	0x114
 2992 01bb D2010000 		.4byte	0x1d2
 2993 01bf 28       		.byte	0x28
 2994 01c0 00       		.byte	0
 2995 01c1 07       		.uleb128 0x7
 2996 01c2 BC060000 		.4byte	.LASF33
 2997 01c6 0B       		.byte	0xb
 2998 01c7 44       		.byte	0x44
 2999 01c8 14       		.byte	0x14
 3000 01c9 CD010000 		.4byte	0x1cd
 3001 01cd 16       		.uleb128 0x16
 3002 01ce 0D010000 		.4byte	0x10d
 3003 01d2 07       		.uleb128 0x7
 3004 01d3 EB060000 		.4byte	.LASF34
 3005 01d7 0B       		.byte	0xb
 3006 01d8 49       		.byte	0x49
 3007 01d9 20       		.byte	0x20
 3008 01da DE010000 		.4byte	0x1de
 3009 01de 1E       		.uleb128 0x1e
 3010 01df 5A020000 		.4byte	.LASF36
 3011 01e3 04       		.byte	0x4
 3012 01e4 0C       		.byte	0xc
ARM GAS  /tmp/ccftVcE7.s 			page 54


 3013 01e5 88       		.byte	0x88
 3014 01e6 F8010000 		.4byte	0x1f8
 3015 01ea 06       		.uleb128 0x6
 3016 01eb 35000000 		.4byte	.LASF37
 3017 01ef 0C       		.byte	0xc
 3018 01f0 89       		.byte	0x89
 3019 01f1 1A       		.byte	0x1a
 3020 01f2 CD010000 		.4byte	0x1cd
 3021 01f6 00       		.byte	0
 3022 01f7 00       		.byte	0
 3023 01f8 07       		.uleb128 0x7
 3024 01f9 66060000 		.4byte	.LASF38
 3025 01fd 0B       		.byte	0xb
 3026 01fe 50       		.byte	0x50
 3027 01ff 21       		.byte	0x21
 3028 0200 04020000 		.4byte	0x204
 3029 0204 1E       		.uleb128 0x1e
 3030 0205 B6000000 		.4byte	.LASF39
 3031 0209 08       		.byte	0x8
 3032 020a 0C       		.byte	0xc
 3033 020b 8F       		.byte	0x8f
 3034 020c 2B020000 		.4byte	0x22b
 3035 0210 06       		.uleb128 0x6
 3036 0211 35000000 		.4byte	.LASF37
 3037 0215 0C       		.byte	0xc
 3038 0216 90       		.byte	0x90
 3039 0217 1A       		.byte	0x1a
 3040 0218 CD010000 		.4byte	0x1cd
 3041 021c 00       		.byte	0
 3042 021d 06       		.uleb128 0x6
 3043 021e 51000000 		.4byte	.LASF40
 3044 0222 0C       		.byte	0xc
 3045 0223 91       		.byte	0x91
 3046 0224 1A       		.byte	0x1a
 3047 0225 CD010000 		.4byte	0x1cd
 3048 0229 04       		.byte	0x4
 3049 022a 00       		.byte	0
 3050 022b 3A       		.uleb128 0x3a
 3051 022c 04       		.byte	0x4
 3052 022d 14       		.uleb128 0x14
 3053 022e AD000000 		.4byte	0xad
 3054 0232 3D020000 		.4byte	0x23d
 3055 0236 15       		.uleb128 0x15
 3056 0237 2D000000 		.4byte	0x2d
 3057 023b 01       		.byte	0x1
 3058 023c 00       		.byte	0
 3059 023d 1D       		.uleb128 0x1d
 3060 023e 2D020000 		.4byte	0x22d
 3061 0242 14       		.uleb128 0x14
 3062 0243 AD000000 		.4byte	0xad
 3063 0247 52020000 		.4byte	0x252
 3064 024b 15       		.uleb128 0x15
 3065 024c 2D000000 		.4byte	0x2d
 3066 0250 03       		.byte	0x3
 3067 0251 00       		.byte	0
 3068 0252 1D       		.uleb128 0x1d
 3069 0253 42020000 		.4byte	0x242
ARM GAS  /tmp/ccftVcE7.s 			page 55


 3070 0257 07       		.uleb128 0x7
 3071 0258 69010000 		.4byte	.LASF41
 3072 025c 0D       		.byte	0xd
 3073 025d 65       		.byte	0x65
 3074 025e 0F       		.byte	0xf
 3075 025f 2B020000 		.4byte	0x22b
 3076 0263 07       		.uleb128 0x7
 3077 0264 83020000 		.4byte	.LASF42
 3078 0268 0D       		.byte	0xd
 3079 0269 6D       		.byte	0x6d
 3080 026a 12       		.byte	0x12
 3081 026b B9000000 		.4byte	0xb9
 3082 026f 1E       		.uleb128 0x1e
 3083 0270 A0010000 		.4byte	.LASF43
 3084 0274 04       		.byte	0x4
 3085 0275 0D       		.byte	0xd
 3086 0276 89       		.byte	0x89
 3087 0277 88020000 		.4byte	0x288
 3088 027b 19       		.uleb128 0x19
 3089 027c 737000   		.ascii	"sp\000"
 3090 027f 0D       		.byte	0xd
 3091 0280 8A       		.byte	0x8a
 3092 0281 17       		.byte	0x17
 3093 0282 EE030000 		.4byte	0x3ee
 3094 0286 00       		.byte	0
 3095 0287 00       		.byte	0
 3096 0288 3B       		.uleb128 0x3b
 3097 0289 56000000 		.4byte	.LASF44
 3098 028d 64       		.byte	0x64
 3099 028e 04       		.byte	0x4
 3100 028f 6001     		.2byte	0x160
 3101 0291 08       		.byte	0x8
 3102 0292 EE030000 		.4byte	0x3ee
 3103 0296 02       		.uleb128 0x2
 3104 0297 73313600 		.ascii	"s16\000"
 3105 029b 04       		.byte	0x4
 3106 029c 6201     		.2byte	0x162
 3107 029e 11       		.byte	0x11
 3108 029f 57020000 		.4byte	0x257
 3109 02a3 00       		.byte	0
 3110 02a4 02       		.uleb128 0x2
 3111 02a5 73313700 		.ascii	"s17\000"
 3112 02a9 04       		.byte	0x4
 3113 02aa 6301     		.2byte	0x163
 3114 02ac 11       		.byte	0x11
 3115 02ad 57020000 		.4byte	0x257
 3116 02b1 04       		.byte	0x4
 3117 02b2 02       		.uleb128 0x2
 3118 02b3 73313800 		.ascii	"s18\000"
 3119 02b7 04       		.byte	0x4
 3120 02b8 6401     		.2byte	0x164
 3121 02ba 11       		.byte	0x11
 3122 02bb 57020000 		.4byte	0x257
 3123 02bf 08       		.byte	0x8
 3124 02c0 02       		.uleb128 0x2
 3125 02c1 73313900 		.ascii	"s19\000"
 3126 02c5 04       		.byte	0x4
ARM GAS  /tmp/ccftVcE7.s 			page 56


 3127 02c6 6501     		.2byte	0x165
 3128 02c8 11       		.byte	0x11
 3129 02c9 57020000 		.4byte	0x257
 3130 02cd 0C       		.byte	0xc
 3131 02ce 02       		.uleb128 0x2
 3132 02cf 73323000 		.ascii	"s20\000"
 3133 02d3 04       		.byte	0x4
 3134 02d4 6601     		.2byte	0x166
 3135 02d6 11       		.byte	0x11
 3136 02d7 57020000 		.4byte	0x257
 3137 02db 10       		.byte	0x10
 3138 02dc 02       		.uleb128 0x2
 3139 02dd 73323100 		.ascii	"s21\000"
 3140 02e1 04       		.byte	0x4
 3141 02e2 6701     		.2byte	0x167
 3142 02e4 11       		.byte	0x11
 3143 02e5 57020000 		.4byte	0x257
 3144 02e9 14       		.byte	0x14
 3145 02ea 02       		.uleb128 0x2
 3146 02eb 73323200 		.ascii	"s22\000"
 3147 02ef 04       		.byte	0x4
 3148 02f0 6801     		.2byte	0x168
 3149 02f2 11       		.byte	0x11
 3150 02f3 57020000 		.4byte	0x257
 3151 02f7 18       		.byte	0x18
 3152 02f8 02       		.uleb128 0x2
 3153 02f9 73323300 		.ascii	"s23\000"
 3154 02fd 04       		.byte	0x4
 3155 02fe 6901     		.2byte	0x169
 3156 0300 11       		.byte	0x11
 3157 0301 57020000 		.4byte	0x257
 3158 0305 1C       		.byte	0x1c
 3159 0306 02       		.uleb128 0x2
 3160 0307 73323400 		.ascii	"s24\000"
 3161 030b 04       		.byte	0x4
 3162 030c 6A01     		.2byte	0x16a
 3163 030e 11       		.byte	0x11
 3164 030f 57020000 		.4byte	0x257
 3165 0313 20       		.byte	0x20
 3166 0314 02       		.uleb128 0x2
 3167 0315 73323500 		.ascii	"s25\000"
 3168 0319 04       		.byte	0x4
 3169 031a 6B01     		.2byte	0x16b
 3170 031c 11       		.byte	0x11
 3171 031d 57020000 		.4byte	0x257
 3172 0321 24       		.byte	0x24
 3173 0322 02       		.uleb128 0x2
 3174 0323 73323600 		.ascii	"s26\000"
 3175 0327 04       		.byte	0x4
 3176 0328 6C01     		.2byte	0x16c
 3177 032a 11       		.byte	0x11
 3178 032b 57020000 		.4byte	0x257
 3179 032f 28       		.byte	0x28
 3180 0330 02       		.uleb128 0x2
 3181 0331 73323700 		.ascii	"s27\000"
 3182 0335 04       		.byte	0x4
 3183 0336 6D01     		.2byte	0x16d
ARM GAS  /tmp/ccftVcE7.s 			page 57


 3184 0338 11       		.byte	0x11
 3185 0339 57020000 		.4byte	0x257
 3186 033d 2C       		.byte	0x2c
 3187 033e 02       		.uleb128 0x2
 3188 033f 73323800 		.ascii	"s28\000"
 3189 0343 04       		.byte	0x4
 3190 0344 6E01     		.2byte	0x16e
 3191 0346 11       		.byte	0x11
 3192 0347 57020000 		.4byte	0x257
 3193 034b 30       		.byte	0x30
 3194 034c 02       		.uleb128 0x2
 3195 034d 73323900 		.ascii	"s29\000"
 3196 0351 04       		.byte	0x4
 3197 0352 6F01     		.2byte	0x16f
 3198 0354 11       		.byte	0x11
 3199 0355 57020000 		.4byte	0x257
 3200 0359 34       		.byte	0x34
 3201 035a 02       		.uleb128 0x2
 3202 035b 73333000 		.ascii	"s30\000"
 3203 035f 04       		.byte	0x4
 3204 0360 7001     		.2byte	0x170
 3205 0362 11       		.byte	0x11
 3206 0363 57020000 		.4byte	0x257
 3207 0367 38       		.byte	0x38
 3208 0368 02       		.uleb128 0x2
 3209 0369 73333100 		.ascii	"s31\000"
 3210 036d 04       		.byte	0x4
 3211 036e 7101     		.2byte	0x171
 3212 0370 11       		.byte	0x11
 3213 0371 57020000 		.4byte	0x257
 3214 0375 3C       		.byte	0x3c
 3215 0376 02       		.uleb128 0x2
 3216 0377 723400   		.ascii	"r4\000"
 3217 037a 04       		.byte	0x4
 3218 037b 7301     		.2byte	0x173
 3219 037d 11       		.byte	0x11
 3220 037e 57020000 		.4byte	0x257
 3221 0382 40       		.byte	0x40
 3222 0383 02       		.uleb128 0x2
 3223 0384 723500   		.ascii	"r5\000"
 3224 0387 04       		.byte	0x4
 3225 0388 7401     		.2byte	0x174
 3226 038a 11       		.byte	0x11
 3227 038b 57020000 		.4byte	0x257
 3228 038f 44       		.byte	0x44
 3229 0390 02       		.uleb128 0x2
 3230 0391 723600   		.ascii	"r6\000"
 3231 0394 04       		.byte	0x4
 3232 0395 7501     		.2byte	0x175
 3233 0397 11       		.byte	0x11
 3234 0398 57020000 		.4byte	0x257
 3235 039c 48       		.byte	0x48
 3236 039d 02       		.uleb128 0x2
 3237 039e 723700   		.ascii	"r7\000"
 3238 03a1 04       		.byte	0x4
 3239 03a2 7601     		.2byte	0x176
 3240 03a4 11       		.byte	0x11
ARM GAS  /tmp/ccftVcE7.s 			page 58


 3241 03a5 57020000 		.4byte	0x257
 3242 03a9 4C       		.byte	0x4c
 3243 03aa 02       		.uleb128 0x2
 3244 03ab 723800   		.ascii	"r8\000"
 3245 03ae 04       		.byte	0x4
 3246 03af 7701     		.2byte	0x177
 3247 03b1 11       		.byte	0x11
 3248 03b2 57020000 		.4byte	0x257
 3249 03b6 50       		.byte	0x50
 3250 03b7 02       		.uleb128 0x2
 3251 03b8 723900   		.ascii	"r9\000"
 3252 03bb 04       		.byte	0x4
 3253 03bc 7801     		.2byte	0x178
 3254 03be 11       		.byte	0x11
 3255 03bf 57020000 		.4byte	0x257
 3256 03c3 54       		.byte	0x54
 3257 03c4 02       		.uleb128 0x2
 3258 03c5 72313000 		.ascii	"r10\000"
 3259 03c9 04       		.byte	0x4
 3260 03ca 7901     		.2byte	0x179
 3261 03cc 11       		.byte	0x11
 3262 03cd 57020000 		.4byte	0x257
 3263 03d1 58       		.byte	0x58
 3264 03d2 02       		.uleb128 0x2
 3265 03d3 72313100 		.ascii	"r11\000"
 3266 03d7 04       		.byte	0x4
 3267 03d8 7A01     		.2byte	0x17a
 3268 03da 11       		.byte	0x11
 3269 03db 57020000 		.4byte	0x257
 3270 03df 5C       		.byte	0x5c
 3271 03e0 02       		.uleb128 0x2
 3272 03e1 6C7200   		.ascii	"lr\000"
 3273 03e4 04       		.byte	0x4
 3274 03e5 7B01     		.2byte	0x17b
 3275 03e7 11       		.byte	0x11
 3276 03e8 57020000 		.4byte	0x257
 3277 03ec 60       		.byte	0x60
 3278 03ed 00       		.byte	0
 3279 03ee 16       		.uleb128 0x16
 3280 03ef 88020000 		.4byte	0x288
 3281 03f3 3C       		.uleb128 0x3c
 3282 03f4 60       		.byte	0x60
 3283 03f5 0E       		.byte	0xe
 3284 03f6 A101     		.2byte	0x1a1
 3285 03f8 09       		.byte	0x9
 3286 03f9 0B050000 		.4byte	0x50b
 3287 03fd 02       		.uleb128 0x2
 3288 03fe 43523100 		.ascii	"CR1\000"
 3289 0402 0E       		.byte	0xe
 3290 0403 A201     		.2byte	0x1a2
 3291 0405 19       		.byte	0x19
 3292 0406 AD000000 		.4byte	0xad
 3293 040a 00       		.byte	0
 3294 040b 02       		.uleb128 0x2
 3295 040c 43523200 		.ascii	"CR2\000"
 3296 0410 0E       		.byte	0xe
 3297 0411 A301     		.2byte	0x1a3
ARM GAS  /tmp/ccftVcE7.s 			page 59


 3298 0413 19       		.byte	0x19
 3299 0414 AD000000 		.4byte	0xad
 3300 0418 04       		.byte	0x4
 3301 0419 0F       		.uleb128 0xf
 3302 041a BB050000 		.4byte	.LASF45
 3303 041e 0E       		.byte	0xe
 3304 041f A401     		.2byte	0x1a4
 3305 0421 AD000000 		.4byte	0xad
 3306 0425 08       		.byte	0x8
 3307 0426 0F       		.uleb128 0xf
 3308 0427 E6060000 		.4byte	.LASF46
 3309 042b 0E       		.byte	0xe
 3310 042c A501     		.2byte	0x1a5
 3311 042e AD000000 		.4byte	0xad
 3312 0432 0C       		.byte	0xc
 3313 0433 02       		.uleb128 0x2
 3314 0434 535200   		.ascii	"SR\000"
 3315 0437 0E       		.byte	0xe
 3316 0438 A601     		.2byte	0x1a6
 3317 043a 19       		.byte	0x19
 3318 043b AD000000 		.4byte	0xad
 3319 043f 10       		.byte	0x10
 3320 0440 02       		.uleb128 0x2
 3321 0441 45475200 		.ascii	"EGR\000"
 3322 0445 0E       		.byte	0xe
 3323 0446 A701     		.2byte	0x1a7
 3324 0448 19       		.byte	0x19
 3325 0449 AD000000 		.4byte	0xad
 3326 044d 14       		.byte	0x14
 3327 044e 0F       		.uleb128 0xf
 3328 044f CC000000 		.4byte	.LASF47
 3329 0453 0E       		.byte	0xe
 3330 0454 A801     		.2byte	0x1a8
 3331 0456 AD000000 		.4byte	0xad
 3332 045a 18       		.byte	0x18
 3333 045b 0F       		.uleb128 0xf
 3334 045c D2000000 		.4byte	.LASF48
 3335 0460 0E       		.byte	0xe
 3336 0461 A901     		.2byte	0x1a9
 3337 0463 AD000000 		.4byte	0xad
 3338 0467 1C       		.byte	0x1c
 3339 0468 0F       		.uleb128 0xf
 3340 0469 ED050000 		.4byte	.LASF49
 3341 046d 0E       		.byte	0xe
 3342 046e AA01     		.2byte	0x1aa
 3343 0470 AD000000 		.4byte	0xad
 3344 0474 20       		.byte	0x20
 3345 0475 02       		.uleb128 0x2
 3346 0476 434E5400 		.ascii	"CNT\000"
 3347 047a 0E       		.byte	0xe
 3348 047b AB01     		.2byte	0x1ab
 3349 047d 19       		.byte	0x19
 3350 047e AD000000 		.4byte	0xad
 3351 0482 24       		.byte	0x24
 3352 0483 02       		.uleb128 0x2
 3353 0484 50534300 		.ascii	"PSC\000"
 3354 0488 0E       		.byte	0xe
ARM GAS  /tmp/ccftVcE7.s 			page 60


 3355 0489 AC01     		.2byte	0x1ac
 3356 048b 19       		.byte	0x19
 3357 048c AD000000 		.4byte	0xad
 3358 0490 28       		.byte	0x28
 3359 0491 02       		.uleb128 0x2
 3360 0492 41525200 		.ascii	"ARR\000"
 3361 0496 0E       		.byte	0xe
 3362 0497 AD01     		.2byte	0x1ad
 3363 0499 19       		.byte	0x19
 3364 049a AD000000 		.4byte	0xad
 3365 049e 2C       		.byte	0x2c
 3366 049f 02       		.uleb128 0x2
 3367 04a0 52435200 		.ascii	"RCR\000"
 3368 04a4 0E       		.byte	0xe
 3369 04a5 AE01     		.2byte	0x1ae
 3370 04a7 19       		.byte	0x19
 3371 04a8 AD000000 		.4byte	0xad
 3372 04ac 30       		.byte	0x30
 3373 04ad 02       		.uleb128 0x2
 3374 04ae 43435200 		.ascii	"CCR\000"
 3375 04b2 0E       		.byte	0xe
 3376 04b3 AF01     		.2byte	0x1af
 3377 04b5 19       		.byte	0x19
 3378 04b6 52020000 		.4byte	0x252
 3379 04ba 34       		.byte	0x34
 3380 04bb 0F       		.uleb128 0xf
 3381 04bc B1000000 		.4byte	.LASF50
 3382 04c0 0E       		.byte	0xe
 3383 04c1 B001     		.2byte	0x1b0
 3384 04c3 AD000000 		.4byte	0xad
 3385 04c7 44       		.byte	0x44
 3386 04c8 02       		.uleb128 0x2
 3387 04c9 44435200 		.ascii	"DCR\000"
 3388 04cd 0E       		.byte	0xe
 3389 04ce B101     		.2byte	0x1b1
 3390 04d0 19       		.byte	0x19
 3391 04d1 AD000000 		.4byte	0xad
 3392 04d5 48       		.byte	0x48
 3393 04d6 0F       		.uleb128 0xf
 3394 04d7 C0050000 		.4byte	.LASF51
 3395 04db 0E       		.byte	0xe
 3396 04dc B201     		.2byte	0x1b2
 3397 04de AD000000 		.4byte	0xad
 3398 04e2 4C       		.byte	0x4c
 3399 04e3 02       		.uleb128 0x2
 3400 04e4 4F5200   		.ascii	"OR\000"
 3401 04e7 0E       		.byte	0xe
 3402 04e8 B301     		.2byte	0x1b3
 3403 04ea 19       		.byte	0x19
 3404 04eb AD000000 		.4byte	0xad
 3405 04ef 50       		.byte	0x50
 3406 04f0 0F       		.uleb128 0xf
 3407 04f1 6C000000 		.4byte	.LASF52
 3408 04f5 0E       		.byte	0xe
 3409 04f6 B401     		.2byte	0x1b4
 3410 04f8 AD000000 		.4byte	0xad
 3411 04fc 54       		.byte	0x54
ARM GAS  /tmp/ccftVcE7.s 			page 61


 3412 04fd 0F       		.uleb128 0xf
 3413 04fe 61050000 		.4byte	.LASF53
 3414 0502 0E       		.byte	0xe
 3415 0503 B501     		.2byte	0x1b5
 3416 0505 3D020000 		.4byte	0x23d
 3417 0509 58       		.byte	0x58
 3418 050a 00       		.byte	0
 3419 050b 25       		.uleb128 0x25
 3420 050c 94010000 		.4byte	.LASF54
 3421 0510 0E       		.byte	0xe
 3422 0511 B601     		.2byte	0x1b6
 3423 0513 03       		.byte	0x3
 3424 0514 F3030000 		.4byte	0x3f3
 3425 0518 2D       		.uleb128 0x2d
 3426 0519 0C       		.byte	0xc
 3427 051a D2       		.byte	0xd2
 3428 051b 03       		.byte	0x3
 3429 051c 4D050000 		.4byte	0x54d
 3430 0520 1F       		.uleb128 0x1f
 3431 0521 3A000000 		.4byte	.LASF55
 3432 0525 D9       		.byte	0xd9
 3433 0526 19       		.byte	0x19
 3434 0527 F5000000 		.4byte	0xf5
 3435 052b 1F       		.uleb128 0x1f
 3436 052c 53010000 		.4byte	.LASF56
 3437 0530 E0       		.byte	0xe0
 3438 0531 19       		.byte	0x19
 3439 0532 F5000000 		.4byte	0xf5
 3440 0536 1F       		.uleb128 0x1f
 3441 0537 CF060000 		.4byte	.LASF57
 3442 053b E7       		.byte	0xe7
 3443 053c 1A       		.byte	0x1a
 3444 053d 2B020000 		.4byte	0x22b
 3445 0541 1F       		.uleb128 0x1f
 3446 0542 EE030000 		.4byte	.LASF58
 3447 0546 EE       		.byte	0xee
 3448 0547 1A       		.byte	0x1a
 3449 0548 4D050000 		.4byte	0x54d
 3450 054c 00       		.byte	0
 3451 054d 16       		.uleb128 0x16
 3452 054e C1010000 		.4byte	0x1c1
 3453 0552 16       		.uleb128 0x16
 3454 0553 5E050000 		.4byte	0x55e
 3455 0557 0C       		.uleb128 0xc
 3456 0558 01       		.byte	0x1
 3457 0559 08       		.byte	0x8
 3458 055a B0050000 		.4byte	.LASF59
 3459 055e 1C       		.uleb128 0x1c
 3460 055f 57050000 		.4byte	0x557
 3461 0563 16       		.uleb128 0x16
 3462 0564 63020000 		.4byte	0x263
 3463 0568 16       		.uleb128 0x16
 3464 0569 89000000 		.4byte	0x89
 3465 056d 16       		.uleb128 0x16
 3466 056e 7D000000 		.4byte	0x7d
 3467 0572 0C       		.uleb128 0xc
 3468 0573 01       		.byte	0x1
ARM GAS  /tmp/ccftVcE7.s 			page 62


 3469 0574 02       		.byte	0x2
 3470 0575 E7040000 		.4byte	.LASF60
 3471 0579 2E       		.uleb128 0x2e
 3472 057a 04       		.byte	0x4
 3473 057b E7       		.byte	0xe7
 3474 057c 05       		.byte	0x5
 3475 057d 9C050000 		.4byte	0x59c
 3476 0581 19       		.uleb128 0x19
 3477 0582 73657400 		.ascii	"set\000"
 3478 0586 0F       		.byte	0xf
 3479 0587 E8       		.byte	0xe8
 3480 0588 19       		.byte	0x19
 3481 0589 8E000000 		.4byte	0x8e
 3482 058d 00       		.byte	0
 3483 058e 06       		.uleb128 0x6
 3484 058f E8030000 		.4byte	.LASF61
 3485 0593 0F       		.byte	0xf
 3486 0594 E9       		.byte	0xe9
 3487 0595 19       		.byte	0x19
 3488 0596 8E000000 		.4byte	0x8e
 3489 059a 02       		.byte	0x2
 3490 059b 00       		.byte	0
 3491 059c 2D       		.uleb128 0x2d
 3492 059d 0F       		.byte	0xf
 3493 059e E5       		.byte	0xe5
 3494 059f 0C       		.byte	0xc
 3495 05a0 B7050000 		.4byte	0x5b7
 3496 05a4 2F       		.uleb128 0x2f
 3497 05a5 5700     		.ascii	"W\000"
 3498 05a7 E6       		.byte	0xe6
 3499 05a8 19       		.byte	0x19
 3500 05a9 A1000000 		.4byte	0xa1
 3501 05ad 2F       		.uleb128 0x2f
 3502 05ae 4800     		.ascii	"H\000"
 3503 05b0 EA       		.byte	0xea
 3504 05b1 07       		.byte	0x7
 3505 05b2 79050000 		.4byte	0x579
 3506 05b6 00       		.byte	0
 3507 05b7 1D       		.uleb128 0x1d
 3508 05b8 9C050000 		.4byte	0x59c
 3509 05bc 2E       		.uleb128 0x2e
 3510 05bd 2C       		.byte	0x2c
 3511 05be DD       		.byte	0xdd
 3512 05bf 09       		.byte	0x9
 3513 05c0 54060000 		.4byte	0x654
 3514 05c4 06       		.uleb128 0x6
 3515 05c5 89000000 		.4byte	.LASF62
 3516 05c9 0F       		.byte	0xf
 3517 05ca DF       		.byte	0xdf
 3518 05cb 19       		.byte	0x19
 3519 05cc AD000000 		.4byte	0xad
 3520 05d0 00       		.byte	0
 3521 05d1 06       		.uleb128 0x6
 3522 05d2 4A000000 		.4byte	.LASF63
 3523 05d6 0F       		.byte	0xf
 3524 05d7 E0       		.byte	0xe0
 3525 05d8 19       		.byte	0x19
ARM GAS  /tmp/ccftVcE7.s 			page 63


 3526 05d9 AD000000 		.4byte	0xad
 3527 05dd 04       		.byte	0x4
 3528 05de 06       		.uleb128 0x6
 3529 05df 5C010000 		.4byte	.LASF64
 3530 05e3 0F       		.byte	0xf
 3531 05e4 E1       		.byte	0xe1
 3532 05e5 19       		.byte	0x19
 3533 05e6 AD000000 		.4byte	0xad
 3534 05ea 08       		.byte	0x8
 3535 05eb 06       		.uleb128 0x6
 3536 05ec 2B010000 		.4byte	.LASF65
 3537 05f0 0F       		.byte	0xf
 3538 05f1 E2       		.byte	0xe2
 3539 05f2 19       		.byte	0x19
 3540 05f3 AD000000 		.4byte	0xad
 3541 05f7 0C       		.byte	0xc
 3542 05f8 19       		.uleb128 0x19
 3543 05f9 49445200 		.ascii	"IDR\000"
 3544 05fd 0F       		.byte	0xf
 3545 05fe E3       		.byte	0xe3
 3546 05ff 19       		.byte	0x19
 3547 0600 AD000000 		.4byte	0xad
 3548 0604 10       		.byte	0x10
 3549 0605 19       		.uleb128 0x19
 3550 0606 4F445200 		.ascii	"ODR\000"
 3551 060a 0F       		.byte	0xf
 3552 060b E4       		.byte	0xe4
 3553 060c 19       		.byte	0x19
 3554 060d AD000000 		.4byte	0xad
 3555 0611 14       		.byte	0x14
 3556 0612 06       		.uleb128 0x6
 3557 0613 F1000000 		.4byte	.LASF66
 3558 0617 0F       		.byte	0xf
 3559 0618 EB       		.byte	0xeb
 3560 0619 05       		.byte	0x5
 3561 061a B7050000 		.4byte	0x5b7
 3562 061e 18       		.byte	0x18
 3563 061f 06       		.uleb128 0x6
 3564 0620 EB010000 		.4byte	.LASF67
 3565 0624 0F       		.byte	0xf
 3566 0625 EC       		.byte	0xec
 3567 0626 19       		.byte	0x19
 3568 0627 AD000000 		.4byte	0xad
 3569 062b 1C       		.byte	0x1c
 3570 062c 06       		.uleb128 0x6
 3571 062d 95040000 		.4byte	.LASF68
 3572 0631 0F       		.byte	0xf
 3573 0632 ED       		.byte	0xed
 3574 0633 19       		.byte	0x19
 3575 0634 AD000000 		.4byte	0xad
 3576 0638 20       		.byte	0x20
 3577 0639 06       		.uleb128 0x6
 3578 063a 4E070000 		.4byte	.LASF69
 3579 063e 0F       		.byte	0xf
 3580 063f EE       		.byte	0xee
 3581 0640 19       		.byte	0x19
 3582 0641 AD000000 		.4byte	0xad
ARM GAS  /tmp/ccftVcE7.s 			page 64


 3583 0645 24       		.byte	0x24
 3584 0646 19       		.uleb128 0x19
 3585 0647 42525200 		.ascii	"BRR\000"
 3586 064b 0F       		.byte	0xf
 3587 064c EF       		.byte	0xef
 3588 064d 19       		.byte	0x19
 3589 064e AD000000 		.4byte	0xad
 3590 0652 28       		.byte	0x28
 3591 0653 00       		.byte	0
 3592 0654 07       		.uleb128 0x7
 3593 0655 81010000 		.4byte	.LASF70
 3594 0659 0F       		.byte	0xf
 3595 065a F0       		.byte	0xf0
 3596 065b 03       		.byte	0x3
 3597 065c BC050000 		.4byte	0x5bc
 3598 0660 25       		.uleb128 0x25
 3599 0661 72000000 		.4byte	.LASF71
 3600 0665 0F       		.byte	0xf
 3601 0666 3F01     		.2byte	0x13f
 3602 0668 12       		.byte	0x12
 3603 0669 A1000000 		.4byte	0xa1
 3604 066d 25       		.uleb128 0x25
 3605 066e 53070000 		.4byte	.LASF72
 3606 0672 0F       		.byte	0xf
 3607 0673 4901     		.2byte	0x149
 3608 0675 12       		.byte	0x12
 3609 0676 A1000000 		.4byte	0xa1
 3610 067a 14       		.uleb128 0x14
 3611 067b 7D000000 		.4byte	0x7d
 3612 067f 8A060000 		.4byte	0x68a
 3613 0683 15       		.uleb128 0x15
 3614 0684 2D000000 		.4byte	0x2d
 3615 0688 03       		.byte	0x3
 3616 0689 00       		.byte	0
 3617 068a 0C       		.uleb128 0xc
 3618 068b 04       		.byte	0x4
 3619 068c 04       		.byte	0x4
 3620 068d 8F040000 		.4byte	.LASF73
 3621 0691 3D       		.uleb128 0x3d
 3622 0692 24000000 		.4byte	.LASF74
 3623 0696 10       		.byte	0x10
 3624 0697 4F06     		.2byte	0x64f
 3625 0699 0C       		.byte	0xc
 3626 069a 3B000000 		.4byte	0x3b
 3627 069e 3E       		.uleb128 0x3e
 3628 069f D6060000 		.4byte	.LASF75
 3629 06a3 11       		.byte	0x11
 3630 06a4 55       		.byte	0x55
 3631 06a5 0E       		.byte	0xe
 3632 06a6 57050000 		.4byte	0x557
 3633 06aa 30       		.uleb128 0x30
 3634 06ab 9E060000 		.4byte	0x69e
 3635 06af 1C       		.byte	0x1c
 3636 06b0 07       		.byte	0x7
 3637 06b1 05       		.uleb128 0x5
 3638 06b2 03       		.byte	0x3
 3639 06b3 00000000 		.4byte	pll_lock_failed
ARM GAS  /tmp/ccftVcE7.s 			page 65


 3640 06b7 30       		.uleb128 0x30
 3641 06b8 91060000 		.4byte	0x691
 3642 06bc 1D       		.byte	0x1d
 3643 06bd 05       		.byte	0x5
 3644 06be 05       		.uleb128 0x5
 3645 06bf 03       		.byte	0x3
 3646 06c0 00000000 		.4byte	si5351_available
 3647 06c4 14       		.uleb128 0x14
 3648 06c5 89000000 		.4byte	0x89
 3649 06c9 D4060000 		.4byte	0x6d4
 3650 06cd 15       		.uleb128 0x15
 3651 06ce 2D000000 		.4byte	0x2d
 3652 06d2 28       		.byte	0x28
 3653 06d3 00       		.byte	0
 3654 06d4 1C       		.uleb128 0x1c
 3655 06d5 C4060000 		.4byte	0x6c4
 3656 06d9 26       		.uleb128 0x26
 3657 06da 18070000 		.4byte	.LASF76
 3658 06de BC       		.byte	0xbc
 3659 06df 16       		.byte	0x16
 3660 06e0 D4060000 		.4byte	0x6d4
 3661 06e4 05       		.uleb128 0x5
 3662 06e5 03       		.byte	0x3
 3663 06e6 00000000 		.4byte	si5351_configs
 3664 06ea 20       		.uleb128 0x20
 3665 06eb 5C070000 		.4byte	.LASF77
 3666 06ef F101     		.2byte	0x1f1
 3667 06f1 0C       		.byte	0xc
 3668 06f2 3B000000 		.4byte	0x3b
 3669 06f6 05       		.uleb128 0x5
 3670 06f7 03       		.byte	0x3
 3671 06f8 00000000 		.4byte	current_band
 3672 06fc 3F       		.uleb128 0x3f
 3673 06fd 10020000 		.4byte	.LASF147
 3674 0701 10       		.byte	0x10
 3675 0702 1F01     		.2byte	0x11f
 3676 0704 06       		.byte	0x6
 3677 0705 0F070000 		.4byte	0x70f
 3678 0709 40       		.uleb128 0x40
 3679 070a 3B000000 		.4byte	0x3b
 3680 070e 00       		.byte	0
 3681 070f 41       		.uleb128 0x41
 3682 0710 1C040000 		.4byte	.LASF105
 3683 0714 01       		.byte	0x1
 3684 0715 FA01     		.2byte	0x1fa
 3685 0717 05       		.byte	0x5
 3686 0718 3B000000 		.4byte	0x3b
 3687 071c 00000000 		.4byte	.LFB262
 3688 0720 50010000 		.4byte	.LFE262-.LFB262
 3689 0724 01       		.uleb128 0x1
 3690 0725 9C       		.byte	0x9c
 3691 0726 66090000 		.4byte	0x966
 3692 072a 05       		.uleb128 0x5
 3693 072b EC000000 		.4byte	.LASF78
 3694 072f FA01     		.2byte	0x1fa
 3695 0731 2F       		.byte	0x2f
 3696 0732 A1000000 		.4byte	0xa1
ARM GAS  /tmp/ccftVcE7.s 			page 66


 3697 0736 14000000 		.4byte	.LLST98
 3698 073a 0C000000 		.4byte	.LVUS98
 3699 073e 05       		.uleb128 0x5
 3700 073f 1D060000 		.4byte	.LASF79
 3701 0743 FA01     		.2byte	0x1fa
 3702 0745 39       		.byte	0x39
 3703 0746 3B000000 		.4byte	0x3b
 3704 074a 3B000000 		.4byte	.LLST99
 3705 074e 33000000 		.4byte	.LVUS99
 3706 0752 05       		.uleb128 0x5
 3707 0753 3F070000 		.4byte	.LASF80
 3708 0757 FA01     		.2byte	0x1fa
 3709 0759 49       		.byte	0x49
 3710 075a 7D000000 		.4byte	0x7d
 3711 075e 74000000 		.4byte	.LLST100
 3712 0762 6C000000 		.4byte	.LVUS100
 3713 0766 13       		.uleb128 0x13
 3714 0767 24060000 		.4byte	.LASF81
 3715 076b FC01     		.2byte	0x1fc
 3716 076d 07       		.byte	0x7
 3717 076e 3B000000 		.4byte	0x3b
 3718 0772 97000000 		.4byte	.LLST101
 3719 0776 93000000 		.4byte	.LVUS101
 3720 077a 13       		.uleb128 0x13
 3721 077b 03050000 		.4byte	.LASF82
 3722 077f FD01     		.2byte	0x1fd
 3723 0781 07       		.byte	0x7
 3724 0782 3B000000 		.4byte	0x3b
 3725 0786 AF000000 		.4byte	.LLST102
 3726 078a A7000000 		.4byte	.LVUS102
 3727 078e 13       		.uleb128 0x13
 3728 078f E6000000 		.4byte	.LASF83
 3729 0793 FE01     		.2byte	0x1fe
 3730 0795 0C       		.byte	0xc
 3731 0796 A1000000 		.4byte	0xa1
 3732 079a D5000000 		.4byte	.LLST103
 3733 079e D3000000 		.4byte	.LVUS103
 3734 07a2 13       		.uleb128 0x13
 3735 07a3 45010000 		.4byte	.LASF84
 3736 07a7 FF01     		.2byte	0x1ff
 3737 07a9 0C       		.byte	0xc
 3738 07aa A1000000 		.4byte	0xa1
 3739 07ae E7000000 		.4byte	.LLST104
 3740 07b2 DF000000 		.4byte	.LVUS104
 3741 07b6 03       		.uleb128 0x3
 3742 07b7 76000000 		.4byte	.LVL223
 3743 07bb 5D0C0000 		.4byte	0xc5d
 3744 07bf E8070000 		.4byte	0x7e8
 3745 07c3 01       		.uleb128 0x1
 3746 07c4 01       		.uleb128 0x1
 3747 07c5 50       		.byte	0x50
 3748 07c6 01       		.uleb128 0x1
 3749 07c7 30       		.byte	0x30
 3750 07c8 01       		.uleb128 0x1
 3751 07c9 01       		.uleb128 0x1
 3752 07ca 51       		.byte	0x51
 3753 07cb 01       		.uleb128 0x1
ARM GAS  /tmp/ccftVcE7.s 			page 67


 3754 07cc 30       		.byte	0x30
 3755 07cd 01       		.uleb128 0x1
 3756 07ce 01       		.uleb128 0x1
 3757 07cf 52       		.byte	0x52
 3758 07d0 02       		.uleb128 0x2
 3759 07d1 79       		.byte	0x79
 3760 07d2 00       		.sleb128 0
 3761 07d3 01       		.uleb128 0x1
 3762 07d4 01       		.uleb128 0x1
 3763 07d5 53       		.byte	0x53
 3764 07d6 02       		.uleb128 0x2
 3765 07d7 77       		.byte	0x77
 3766 07d8 00       		.sleb128 0
 3767 07d9 01       		.uleb128 0x1
 3768 07da 02       		.uleb128 0x2
 3769 07db 7D       		.byte	0x7d
 3770 07dc 00       		.sleb128 0
 3771 07dd 02       		.uleb128 0x2
 3772 07de 78       		.byte	0x78
 3773 07df 00       		.sleb128 0
 3774 07e0 01       		.uleb128 0x1
 3775 07e1 02       		.uleb128 0x2
 3776 07e2 7D       		.byte	0x7d
 3777 07e3 04       		.sleb128 4
 3778 07e4 02       		.uleb128 0x2
 3779 07e5 76       		.byte	0x76
 3780 07e6 00       		.sleb128 0
 3781 07e7 00       		.byte	0
 3782 07e8 03       		.uleb128 0x3
 3783 07e9 88000000 		.4byte	.LVL224
 3784 07ed 5D0C0000 		.4byte	0xc5d
 3785 07f1 1A080000 		.4byte	0x81a
 3786 07f5 01       		.uleb128 0x1
 3787 07f6 01       		.uleb128 0x1
 3788 07f7 50       		.byte	0x50
 3789 07f8 01       		.uleb128 0x1
 3790 07f9 31       		.byte	0x31
 3791 07fa 01       		.uleb128 0x1
 3792 07fb 01       		.uleb128 0x1
 3793 07fc 51       		.byte	0x51
 3794 07fd 01       		.uleb128 0x1
 3795 07fe 30       		.byte	0x30
 3796 07ff 01       		.uleb128 0x1
 3797 0800 01       		.uleb128 0x1
 3798 0801 52       		.byte	0x52
 3799 0802 02       		.uleb128 0x2
 3800 0803 79       		.byte	0x79
 3801 0804 00       		.sleb128 0
 3802 0805 01       		.uleb128 0x1
 3803 0806 01       		.uleb128 0x1
 3804 0807 53       		.byte	0x53
 3805 0808 02       		.uleb128 0x2
 3806 0809 74       		.byte	0x74
 3807 080a 00       		.sleb128 0
 3808 080b 01       		.uleb128 0x1
 3809 080c 02       		.uleb128 0x2
 3810 080d 7D       		.byte	0x7d
ARM GAS  /tmp/ccftVcE7.s 			page 68


 3811 080e 00       		.sleb128 0
 3812 080f 02       		.uleb128 0x2
 3813 0810 78       		.byte	0x78
 3814 0811 00       		.sleb128 0
 3815 0812 01       		.uleb128 0x1
 3816 0813 02       		.uleb128 0x2
 3817 0814 7D       		.byte	0x7d
 3818 0815 04       		.sleb128 4
 3819 0816 02       		.uleb128 0x2
 3820 0817 76       		.byte	0x76
 3821 0818 00       		.sleb128 0
 3822 0819 00       		.byte	0
 3823 081a 08       		.uleb128 0x8
 3824 081b A6000000 		.4byte	.LVL228
 3825 081f 75100000 		.4byte	0x1075
 3826 0823 08       		.uleb128 0x8
 3827 0824 AC000000 		.4byte	.LVL229
 3828 0828 1F100000 		.4byte	0x101f
 3829 082c 03       		.uleb128 0x3
 3830 082d B8000000 		.4byte	.LVL230
 3831 0831 3E0F0000 		.4byte	0xf3e
 3832 0835 4E080000 		.4byte	0x84e
 3833 0839 01       		.uleb128 0x1
 3834 083a 01       		.uleb128 0x1
 3835 083b 50       		.byte	0x50
 3836 083c 01       		.uleb128 0x1
 3837 083d 30       		.byte	0x30
 3838 083e 01       		.uleb128 0x1
 3839 083f 01       		.uleb128 0x1
 3840 0840 51       		.byte	0x51
 3841 0841 01       		.uleb128 0x1
 3842 0842 4E       		.byte	0x4e
 3843 0843 01       		.uleb128 0x1
 3844 0844 01       		.uleb128 0x1
 3845 0845 52       		.byte	0x52
 3846 0846 01       		.uleb128 0x1
 3847 0847 30       		.byte	0x30
 3848 0848 01       		.uleb128 0x1
 3849 0849 01       		.uleb128 0x1
 3850 084a 53       		.byte	0x53
 3851 084b 01       		.uleb128 0x1
 3852 084c 31       		.byte	0x31
 3853 084d 00       		.byte	0
 3854 084e 03       		.uleb128 0x3
 3855 084f DC000000 		.4byte	.LVL235
 3856 0853 170B0000 		.4byte	0xb17
 3857 0857 78080000 		.4byte	0x878
 3858 085b 01       		.uleb128 0x1
 3859 085c 01       		.uleb128 0x1
 3860 085d 50       		.byte	0x50
 3861 085e 01       		.uleb128 0x1
 3862 085f 30       		.byte	0x30
 3863 0860 01       		.uleb128 0x1
 3864 0861 01       		.uleb128 0x1
 3865 0862 51       		.byte	0x51
 3866 0863 01       		.uleb128 0x1
 3867 0864 30       		.byte	0x30
ARM GAS  /tmp/ccftVcE7.s 			page 69


 3868 0865 01       		.uleb128 0x1
 3869 0866 01       		.uleb128 0x1
 3870 0867 52       		.byte	0x52
 3871 0868 02       		.uleb128 0x2
 3872 0869 77       		.byte	0x77
 3873 086a 00       		.sleb128 0
 3874 086b 01       		.uleb128 0x1
 3875 086c 01       		.uleb128 0x1
 3876 086d 53       		.byte	0x53
 3877 086e 01       		.uleb128 0x1
 3878 086f 36       		.byte	0x36
 3879 0870 01       		.uleb128 0x1
 3880 0871 02       		.uleb128 0x2
 3881 0872 7D       		.byte	0x7d
 3882 0873 00       		.sleb128 0
 3883 0874 02       		.uleb128 0x2
 3884 0875 76       		.byte	0x76
 3885 0876 00       		.sleb128 0
 3886 0877 00       		.byte	0
 3887 0878 03       		.uleb128 0x3
 3888 0879 EA000000 		.4byte	.LVL236
 3889 087d 170B0000 		.4byte	0xb17
 3890 0881 A2080000 		.4byte	0x8a2
 3891 0885 01       		.uleb128 0x1
 3892 0886 01       		.uleb128 0x1
 3893 0887 50       		.byte	0x50
 3894 0888 01       		.uleb128 0x1
 3895 0889 31       		.byte	0x31
 3896 088a 01       		.uleb128 0x1
 3897 088b 01       		.uleb128 0x1
 3898 088c 51       		.byte	0x51
 3899 088d 01       		.uleb128 0x1
 3900 088e 31       		.byte	0x31
 3901 088f 01       		.uleb128 0x1
 3902 0890 01       		.uleb128 0x1
 3903 0891 52       		.byte	0x52
 3904 0892 02       		.uleb128 0x2
 3905 0893 74       		.byte	0x74
 3906 0894 00       		.sleb128 0
 3907 0895 01       		.uleb128 0x1
 3908 0896 01       		.uleb128 0x1
 3909 0897 53       		.byte	0x53
 3910 0898 01       		.uleb128 0x1
 3911 0899 36       		.byte	0x36
 3912 089a 01       		.uleb128 0x1
 3913 089b 02       		.uleb128 0x2
 3914 089c 7D       		.byte	0x7d
 3915 089d 00       		.sleb128 0
 3916 089e 02       		.uleb128 0x2
 3917 089f 76       		.byte	0x76
 3918 08a0 00       		.sleb128 0
 3919 08a1 00       		.byte	0
 3920 08a2 03       		.uleb128 0x3
 3921 08a3 FA000000 		.4byte	.LVL237
 3922 08a7 170B0000 		.4byte	0xb17
 3923 08ab CC080000 		.4byte	0x8cc
 3924 08af 01       		.uleb128 0x1
ARM GAS  /tmp/ccftVcE7.s 			page 70


 3925 08b0 01       		.uleb128 0x1
 3926 08b1 50       		.byte	0x50
 3927 08b2 01       		.uleb128 0x1
 3928 08b3 30       		.byte	0x30
 3929 08b4 01       		.uleb128 0x1
 3930 08b5 01       		.uleb128 0x1
 3931 08b6 51       		.byte	0x51
 3932 08b7 01       		.uleb128 0x1
 3933 08b8 30       		.byte	0x30
 3934 08b9 01       		.uleb128 0x1
 3935 08ba 01       		.uleb128 0x1
 3936 08bb 52       		.byte	0x52
 3937 08bc 02       		.uleb128 0x2
 3938 08bd 77       		.byte	0x77
 3939 08be 00       		.sleb128 0
 3940 08bf 01       		.uleb128 0x1
 3941 08c0 01       		.uleb128 0x1
 3942 08c1 53       		.byte	0x53
 3943 08c2 01       		.uleb128 0x1
 3944 08c3 36       		.byte	0x36
 3945 08c4 01       		.uleb128 0x1
 3946 08c5 02       		.uleb128 0x2
 3947 08c6 7D       		.byte	0x7d
 3948 08c7 00       		.sleb128 0
 3949 08c8 02       		.uleb128 0x2
 3950 08c9 76       		.byte	0x76
 3951 08ca 00       		.sleb128 0
 3952 08cb 00       		.byte	0
 3953 08cc 03       		.uleb128 0x3
 3954 08cd 08010000 		.4byte	.LVL238
 3955 08d1 170B0000 		.4byte	0xb17
 3956 08d5 F6080000 		.4byte	0x8f6
 3957 08d9 01       		.uleb128 0x1
 3958 08da 01       		.uleb128 0x1
 3959 08db 50       		.byte	0x50
 3960 08dc 01       		.uleb128 0x1
 3961 08dd 31       		.byte	0x31
 3962 08de 01       		.uleb128 0x1
 3963 08df 01       		.uleb128 0x1
 3964 08e0 51       		.byte	0x51
 3965 08e1 01       		.uleb128 0x1
 3966 08e2 31       		.byte	0x31
 3967 08e3 01       		.uleb128 0x1
 3968 08e4 01       		.uleb128 0x1
 3969 08e5 52       		.byte	0x52
 3970 08e6 02       		.uleb128 0x2
 3971 08e7 74       		.byte	0x74
 3972 08e8 00       		.sleb128 0
 3973 08e9 01       		.uleb128 0x1
 3974 08ea 01       		.uleb128 0x1
 3975 08eb 53       		.byte	0x53
 3976 08ec 01       		.uleb128 0x1
 3977 08ed 36       		.byte	0x36
 3978 08ee 01       		.uleb128 0x1
 3979 08ef 02       		.uleb128 0x2
 3980 08f0 7D       		.byte	0x7d
 3981 08f1 00       		.sleb128 0
ARM GAS  /tmp/ccftVcE7.s 			page 71


 3982 08f2 02       		.uleb128 0x2
 3983 08f3 76       		.byte	0x76
 3984 08f4 00       		.sleb128 0
 3985 08f5 00       		.byte	0
 3986 08f6 03       		.uleb128 0x3
 3987 08f7 18010000 		.4byte	.LVL239
 3988 08fb 170B0000 		.4byte	0xb17
 3989 08ff 20090000 		.4byte	0x920
 3990 0903 01       		.uleb128 0x1
 3991 0904 01       		.uleb128 0x1
 3992 0905 50       		.byte	0x50
 3993 0906 01       		.uleb128 0x1
 3994 0907 30       		.byte	0x30
 3995 0908 01       		.uleb128 0x1
 3996 0909 01       		.uleb128 0x1
 3997 090a 51       		.byte	0x51
 3998 090b 01       		.uleb128 0x1
 3999 090c 30       		.byte	0x30
 4000 090d 01       		.uleb128 0x1
 4001 090e 01       		.uleb128 0x1
 4002 090f 52       		.byte	0x52
 4003 0910 02       		.uleb128 0x2
 4004 0911 77       		.byte	0x77
 4005 0912 00       		.sleb128 0
 4006 0913 01       		.uleb128 0x1
 4007 0914 01       		.uleb128 0x1
 4008 0915 53       		.byte	0x53
 4009 0916 01       		.uleb128 0x1
 4010 0917 34       		.byte	0x34
 4011 0918 01       		.uleb128 0x1
 4012 0919 02       		.uleb128 0x2
 4013 091a 7D       		.byte	0x7d
 4014 091b 00       		.sleb128 0
 4015 091c 02       		.uleb128 0x2
 4016 091d 76       		.byte	0x76
 4017 091e 00       		.sleb128 0
 4018 091f 00       		.byte	0
 4019 0920 03       		.uleb128 0x3
 4020 0921 26010000 		.4byte	.LVL240
 4021 0925 170B0000 		.4byte	0xb17
 4022 0929 4A090000 		.4byte	0x94a
 4023 092d 01       		.uleb128 0x1
 4024 092e 01       		.uleb128 0x1
 4025 092f 50       		.byte	0x50
 4026 0930 01       		.uleb128 0x1
 4027 0931 31       		.byte	0x31
 4028 0932 01       		.uleb128 0x1
 4029 0933 01       		.uleb128 0x1
 4030 0934 51       		.byte	0x51
 4031 0935 01       		.uleb128 0x1
 4032 0936 31       		.byte	0x31
 4033 0937 01       		.uleb128 0x1
 4034 0938 01       		.uleb128 0x1
 4035 0939 52       		.byte	0x52
 4036 093a 02       		.uleb128 0x2
 4037 093b 74       		.byte	0x74
 4038 093c 00       		.sleb128 0
ARM GAS  /tmp/ccftVcE7.s 			page 72


 4039 093d 01       		.uleb128 0x1
 4040 093e 01       		.uleb128 0x1
 4041 093f 53       		.byte	0x53
 4042 0940 01       		.uleb128 0x1
 4043 0941 34       		.byte	0x34
 4044 0942 01       		.uleb128 0x1
 4045 0943 02       		.uleb128 0x2
 4046 0944 7D       		.byte	0x7d
 4047 0945 00       		.sleb128 0
 4048 0946 02       		.uleb128 0x2
 4049 0947 76       		.byte	0x76
 4050 0948 00       		.sleb128 0
 4051 0949 00       		.byte	0
 4052 094a 08       		.uleb128 0x8
 4053 094b 2C010000 		.4byte	.LVL241
 4054 094f 1F100000 		.4byte	0x101f
 4055 0953 08       		.uleb128 0x8
 4056 0954 30010000 		.4byte	.LVL242
 4057 0958 37110000 		.4byte	0x1137
 4058 095c 08       		.uleb128 0x8
 4059 095d 34010000 		.4byte	.LVL243
 4060 0961 4B100000 		.4byte	0x104b
 4061 0965 00       		.byte	0
 4062 0966 31       		.uleb128 0x31
 4063 0967 63040000 		.4byte	.LASF87
 4064 096b EB01     		.2byte	0x1eb
 4065 096d 00000000 		.4byte	.LFB261
 4066 0971 2E000000 		.4byte	.LFE261-.LFB261
 4067 0975 01       		.uleb128 0x1
 4068 0976 9C       		.byte	0x9c
 4069 0977 290A0000 		.4byte	0xa29
 4070 097b 05       		.uleb128 0x5
 4071 097c 3B050000 		.4byte	.LASF85
 4072 0980 EB01     		.2byte	0x1eb
 4073 0982 21       		.byte	0x21
 4074 0983 3B000000 		.4byte	0x3b
 4075 0987 0C010000 		.4byte	.LLST94
 4076 098b 08010000 		.4byte	.LVUS94
 4077 098f 05       		.uleb128 0x5
 4078 0990 1E000000 		.4byte	.LASF86
 4079 0994 EB01     		.2byte	0x1eb
 4080 0996 2E       		.byte	0x2e
 4081 0997 3B000000 		.4byte	0x3b
 4082 099b 20010000 		.4byte	.LLST95
 4083 099f 1C010000 		.4byte	.LVUS95
 4084 09a3 10       		.uleb128 0x10
 4085 09a4 64697600 		.ascii	"div\000"
 4086 09a8 EB01     		.2byte	0x1eb
 4087 09aa 39       		.byte	0x39
 4088 09ab 3B000000 		.4byte	0x3b
 4089 09af 3D010000 		.4byte	.LLST96
 4090 09b3 39010000 		.4byte	.LVUS96
 4091 09b7 05       		.uleb128 0x5
 4092 09b8 3F070000 		.4byte	.LASF80
 4093 09bc EB01     		.2byte	0x1eb
 4094 09be 46       		.byte	0x46
 4095 09bf 7D000000 		.4byte	0x7d
ARM GAS  /tmp/ccftVcE7.s 			page 73


 4096 09c3 51010000 		.4byte	.LLST97
 4097 09c7 4D010000 		.4byte	.LVUS97
 4098 09cb 03       		.uleb128 0x3
 4099 09cc 16000000 		.4byte	.LVL213
 4100 09d0 3E0F0000 		.4byte	0xf3e
 4101 09d4 F5090000 		.4byte	0x9f5
 4102 09d8 01       		.uleb128 0x1
 4103 09d9 01       		.uleb128 0x1
 4104 09da 50       		.byte	0x50
 4105 09db 01       		.uleb128 0x1
 4106 09dc 30       		.byte	0x30
 4107 09dd 01       		.uleb128 0x1
 4108 09de 01       		.uleb128 0x1
 4109 09df 51       		.byte	0x51
 4110 09e0 09       		.uleb128 0x9
 4111 09e1 A3       		.byte	0xa3
 4112 09e2 03       		.uleb128 0x3
 4113 09e3 A5       		.byte	0xa5
 4114 09e4 01       		.uleb128 0x1
 4115 09e5 26       		.uleb128 0x26
 4116 09e6 A8       		.byte	0xa8
 4117 09e7 34       		.uleb128 0x34
 4118 09e8 A8       		.byte	0xa8
 4119 09e9 00       		.uleb128 0
 4120 09ea 01       		.uleb128 0x1
 4121 09eb 01       		.uleb128 0x1
 4122 09ec 52       		.byte	0x52
 4123 09ed 01       		.uleb128 0x1
 4124 09ee 30       		.byte	0x30
 4125 09ef 01       		.uleb128 0x1
 4126 09f0 01       		.uleb128 0x1
 4127 09f1 53       		.byte	0x53
 4128 09f2 01       		.uleb128 0x1
 4129 09f3 31       		.byte	0x31
 4130 09f4 00       		.byte	0
 4131 09f5 04       		.uleb128 0x4
 4132 09f6 2A000000 		.4byte	.LVL214
 4133 09fa C40D0000 		.4byte	0xdc4
 4134 09fe 01       		.uleb128 0x1
 4135 09ff 01       		.uleb128 0x1
 4136 0a00 50       		.byte	0x50
 4137 0a01 02       		.uleb128 0x2
 4138 0a02 74       		.byte	0x74
 4139 0a03 00       		.sleb128 0
 4140 0a04 01       		.uleb128 0x1
 4141 0a05 01       		.uleb128 0x1
 4142 0a06 51       		.byte	0x51
 4143 0a07 01       		.uleb128 0x1
 4144 0a08 30       		.byte	0x30
 4145 0a09 01       		.uleb128 0x1
 4146 0a0a 01       		.uleb128 0x1
 4147 0a0b 52       		.byte	0x52
 4148 0a0c 02       		.uleb128 0x2
 4149 0a0d 75       		.byte	0x75
 4150 0a0e 00       		.sleb128 0
 4151 0a0f 01       		.uleb128 0x1
 4152 0a10 01       		.uleb128 0x1
ARM GAS  /tmp/ccftVcE7.s 			page 74


 4153 0a11 53       		.byte	0x53
 4154 0a12 01       		.uleb128 0x1
 4155 0a13 30       		.byte	0x30
 4156 0a14 01       		.uleb128 0x1
 4157 0a15 02       		.uleb128 0x2
 4158 0a16 7D       		.byte	0x7d
 4159 0a17 00       		.sleb128 0
 4160 0a18 01       		.uleb128 0x1
 4161 0a19 31       		.byte	0x31
 4162 0a1a 01       		.uleb128 0x1
 4163 0a1b 02       		.uleb128 0x2
 4164 0a1c 7D       		.byte	0x7d
 4165 0a1d 04       		.sleb128 4
 4166 0a1e 01       		.uleb128 0x1
 4167 0a1f 30       		.byte	0x30
 4168 0a20 01       		.uleb128 0x1
 4169 0a21 02       		.uleb128 0x2
 4170 0a22 7D       		.byte	0x7d
 4171 0a23 08       		.sleb128 8
 4172 0a24 02       		.uleb128 0x2
 4173 0a25 76       		.byte	0x76
 4174 0a26 00       		.sleb128 0
 4175 0a27 00       		.byte	0
 4176 0a28 00       		.byte	0
 4177 0a29 31       		.uleb128 0x31
 4178 0a2a 13050000 		.4byte	.LASF88
 4179 0a2e DF01     		.2byte	0x1df
 4180 0a30 00000000 		.4byte	.LFB260
 4181 0a34 60000000 		.4byte	.LFE260-.LFB260
 4182 0a38 01       		.uleb128 0x1
 4183 0a39 9C       		.byte	0x9c
 4184 0a3a 170B0000 		.4byte	0xb17
 4185 0a3e 05       		.uleb128 0x5
 4186 0a3f 3B050000 		.4byte	.LASF85
 4187 0a43 DF01     		.2byte	0x1df
 4188 0a45 1F       		.byte	0x1f
 4189 0a46 3B000000 		.4byte	0x3b
 4190 0a4a 6D010000 		.4byte	.LLST91
 4191 0a4e 61010000 		.4byte	.LVUS91
 4192 0a52 05       		.uleb128 0x5
 4193 0a53 EC000000 		.4byte	.LASF78
 4194 0a57 DF01     		.2byte	0x1df
 4195 0a59 2C       		.byte	0x2c
 4196 0a5a 3B000000 		.4byte	0x3b
 4197 0a5e 9F010000 		.4byte	.LLST92
 4198 0a62 91010000 		.4byte	.LVUS92
 4199 0a66 05       		.uleb128 0x5
 4200 0a67 3F070000 		.4byte	.LASF80
 4201 0a6b DF01     		.2byte	0x1df
 4202 0a6d 3A       		.byte	0x3a
 4203 0a6e 7D000000 		.4byte	0x7d
 4204 0a72 D4010000 		.4byte	.LLST93
 4205 0a76 C8010000 		.4byte	.LVUS93
 4206 0a7a 03       		.uleb128 0x3
 4207 0a7b 22000000 		.4byte	.LVL197
 4208 0a7f 170B0000 		.4byte	0xb17
 4209 0a83 A50A0000 		.4byte	0xaa5
ARM GAS  /tmp/ccftVcE7.s 			page 75


 4210 0a87 01       		.uleb128 0x1
 4211 0a88 01       		.uleb128 0x1
 4212 0a89 50       		.byte	0x50
 4213 0a8a 02       		.uleb128 0x2
 4214 0a8b 75       		.byte	0x75
 4215 0a8c 00       		.sleb128 0
 4216 0a8d 01       		.uleb128 0x1
 4217 0a8e 01       		.uleb128 0x1
 4218 0a8f 51       		.byte	0x51
 4219 0a90 01       		.uleb128 0x1
 4220 0a91 30       		.byte	0x30
 4221 0a92 01       		.uleb128 0x1
 4222 0a93 01       		.uleb128 0x1
 4223 0a94 52       		.byte	0x52
 4224 0a95 02       		.uleb128 0x2
 4225 0a96 74       		.byte	0x74
 4226 0a97 00       		.sleb128 0
 4227 0a98 01       		.uleb128 0x1
 4228 0a99 01       		.uleb128 0x1
 4229 0a9a 53       		.byte	0x53
 4230 0a9b 01       		.uleb128 0x1
 4231 0a9c 36       		.byte	0x36
 4232 0a9d 01       		.uleb128 0x1
 4233 0a9e 02       		.uleb128 0x2
 4234 0a9f 7D       		.byte	0x7d
 4235 0aa0 00       		.sleb128 0
 4236 0aa1 02       		.uleb128 0x2
 4237 0aa2 76       		.byte	0x76
 4238 0aa3 00       		.sleb128 0
 4239 0aa4 00       		.byte	0
 4240 0aa5 03       		.uleb128 0x3
 4241 0aa6 32000000 		.4byte	.LVL202
 4242 0aaa 3E0F0000 		.4byte	0xf3e
 4243 0aae C70A0000 		.4byte	0xac7
 4244 0ab2 01       		.uleb128 0x1
 4245 0ab3 01       		.uleb128 0x1
 4246 0ab4 50       		.byte	0x50
 4247 0ab5 01       		.uleb128 0x1
 4248 0ab6 30       		.byte	0x30
 4249 0ab7 01       		.uleb128 0x1
 4250 0ab8 01       		.uleb128 0x1
 4251 0ab9 51       		.byte	0x51
 4252 0aba 01       		.uleb128 0x1
 4253 0abb 4E       		.byte	0x4e
 4254 0abc 01       		.uleb128 0x1
 4255 0abd 01       		.uleb128 0x1
 4256 0abe 52       		.byte	0x52
 4257 0abf 01       		.uleb128 0x1
 4258 0ac0 30       		.byte	0x30
 4259 0ac1 01       		.uleb128 0x1
 4260 0ac2 01       		.uleb128 0x1
 4261 0ac3 53       		.byte	0x53
 4262 0ac4 01       		.uleb128 0x1
 4263 0ac5 31       		.byte	0x31
 4264 0ac6 00       		.byte	0
 4265 0ac7 03       		.uleb128 0x3
 4266 0ac8 42000000 		.4byte	.LVL203
ARM GAS  /tmp/ccftVcE7.s 			page 76


 4267 0acc 5D0C0000 		.4byte	0xc5d
 4268 0ad0 FC0A0000 		.4byte	0xafc
 4269 0ad4 01       		.uleb128 0x1
 4270 0ad5 01       		.uleb128 0x1
 4271 0ad6 50       		.byte	0x50
 4272 0ad7 02       		.uleb128 0x2
 4273 0ad8 75       		.byte	0x75
 4274 0ad9 00       		.sleb128 0
 4275 0ada 01       		.uleb128 0x1
 4276 0adb 01       		.uleb128 0x1
 4277 0adc 51       		.byte	0x51
 4278 0add 01       		.uleb128 0x1
 4279 0ade 30       		.byte	0x30
 4280 0adf 01       		.uleb128 0x1
 4281 0ae0 01       		.uleb128 0x1
 4282 0ae1 52       		.byte	0x52
 4283 0ae2 05       		.uleb128 0x5
 4284 0ae3 0C       		.byte	0xc
 4285 0ae4 00E9A435 		.4byte	0x35a4e900
 4286 0ae8 01       		.uleb128 0x1
 4287 0ae9 01       		.uleb128 0x1
 4288 0aea 53       		.byte	0x53
 4289 0aeb 02       		.uleb128 0x2
 4290 0aec 74       		.byte	0x74
 4291 0aed 00       		.sleb128 0
 4292 0aee 01       		.uleb128 0x1
 4293 0aef 02       		.uleb128 0x2
 4294 0af0 7D       		.byte	0x7d
 4295 0af1 00       		.sleb128 0
 4296 0af2 01       		.uleb128 0x1
 4297 0af3 30       		.byte	0x30
 4298 0af4 01       		.uleb128 0x1
 4299 0af5 02       		.uleb128 0x2
 4300 0af6 7D       		.byte	0x7d
 4301 0af7 04       		.sleb128 4
 4302 0af8 02       		.uleb128 0x2
 4303 0af9 76       		.byte	0x76
 4304 0afa 00       		.sleb128 0
 4305 0afb 00       		.byte	0
 4306 0afc 04       		.uleb128 0x4
 4307 0afd 50000000 		.4byte	.LVL207
 4308 0b01 170B0000 		.4byte	0xb17
 4309 0b05 01       		.uleb128 0x1
 4310 0b06 01       		.uleb128 0x1
 4311 0b07 51       		.byte	0x51
 4312 0b08 01       		.uleb128 0x1
 4313 0b09 30       		.byte	0x30
 4314 0b0a 01       		.uleb128 0x1
 4315 0b0b 01       		.uleb128 0x1
 4316 0b0c 52       		.byte	0x52
 4317 0b0d 02       		.uleb128 0x2
 4318 0b0e 74       		.byte	0x74
 4319 0b0f 00       		.sleb128 0
 4320 0b10 01       		.uleb128 0x1
 4321 0b11 01       		.uleb128 0x1
 4322 0b12 53       		.byte	0x53
 4323 0b13 01       		.uleb128 0x1
ARM GAS  /tmp/ccftVcE7.s 			page 77


 4324 0b14 34       		.byte	0x34
 4325 0b15 00       		.byte	0
 4326 0b16 00       		.byte	0
 4327 0b17 17       		.uleb128 0x17
 4328 0b18 29060000 		.4byte	.LASF91
 4329 0b1c C701     		.2byte	0x1c7
 4330 0b1e 00000000 		.4byte	.LFB259
 4331 0b22 78000000 		.4byte	.LFE259-.LFB259
 4332 0b26 01       		.uleb128 0x1
 4333 0b27 9C       		.byte	0x9c
 4334 0b28 5D0C0000 		.4byte	0xc5d
 4335 0b2c 05       		.uleb128 0x5
 4336 0b2d 3B050000 		.4byte	.LASF85
 4337 0b31 C801     		.2byte	0x1c8
 4338 0b33 09       		.byte	0x9
 4339 0b34 3B000000 		.4byte	0x3b
 4340 0b38 FE010000 		.4byte	.LLST49
 4341 0b3c F8010000 		.4byte	.LVUS49
 4342 0b40 10       		.uleb128 0x10
 4343 0b41 706C6C00 		.ascii	"pll\000"
 4344 0b45 C801     		.2byte	0x1c8
 4345 0b47 16       		.byte	0x16
 4346 0b48 3B000000 		.4byte	0x3b
 4347 0b4c 22020000 		.4byte	.LLST50
 4348 0b50 1C020000 		.4byte	.LVUS50
 4349 0b54 05       		.uleb128 0x5
 4350 0b55 EC000000 		.4byte	.LASF78
 4351 0b59 C801     		.2byte	0x1c8
 4352 0b5b 1F       		.byte	0x1f
 4353 0b5c 3B000000 		.4byte	0x3b
 4354 0b60 44020000 		.4byte	.LLST51
 4355 0b64 40020000 		.4byte	.LVUS51
 4356 0b68 10       		.uleb128 0x10
 4357 0b69 64697600 		.ascii	"div\000"
 4358 0b6d C801     		.2byte	0x1c8
 4359 0b6f 29       		.byte	0x29
 4360 0b70 3B000000 		.4byte	0x3b
 4361 0b74 63020000 		.4byte	.LLST52
 4362 0b78 5D020000 		.4byte	.LVUS52
 4363 0b7c 05       		.uleb128 0x5
 4364 0b7d 3F070000 		.4byte	.LASF80
 4365 0b81 C901     		.2byte	0x1c9
 4366 0b83 11       		.byte	0x11
 4367 0b84 7D000000 		.4byte	0x7d
 4368 0b88 85020000 		.4byte	.LLST53
 4369 0b8c 81020000 		.4byte	.LVUS53
 4370 0b90 13       		.uleb128 0x13
 4371 0b91 5B040000 		.4byte	.LASF89
 4372 0b95 CB01     		.2byte	0x1cb
 4373 0b97 0D       		.byte	0xd
 4374 0b98 6A000000 		.4byte	0x6a
 4375 0b9c 9D020000 		.4byte	.LLST54
 4376 0ba0 97020000 		.4byte	.LVUS54
 4377 0ba4 13       		.uleb128 0x13
 4378 0ba5 1E000000 		.4byte	.LASF86
 4379 0ba9 CC01     		.2byte	0x1cc
 4380 0bab 0D       		.byte	0xd
ARM GAS  /tmp/ccftVcE7.s 			page 78


 4381 0bac 6A000000 		.4byte	0x6a
 4382 0bb0 D5020000 		.4byte	.LLST55
 4383 0bb4 D1020000 		.4byte	.LVUS55
 4384 0bb8 0D       		.uleb128 0xd
 4385 0bb9 6E756D00 		.ascii	"num\000"
 4386 0bbd CD01     		.2byte	0x1cd
 4387 0bbf 0D       		.byte	0xd
 4388 0bc0 6A000000 		.4byte	0x6a
 4389 0bc4 29030000 		.4byte	.LLST56
 4390 0bc8 25030000 		.4byte	.LVUS56
 4391 0bcc 13       		.uleb128 0x13
 4392 0bcd AB000000 		.4byte	.LASF90
 4393 0bd1 CE01     		.2byte	0x1ce
 4394 0bd3 0D       		.byte	0xd
 4395 0bd4 6A000000 		.4byte	0x6a
 4396 0bd8 3D030000 		.4byte	.LLST57
 4397 0bdc 39030000 		.4byte	.LVUS57
 4398 0be0 0D       		.uleb128 0xd
 4399 0be1 6B00     		.ascii	"k\000"
 4400 0be3 CF01     		.2byte	0x1cf
 4401 0be5 0D       		.byte	0xd
 4402 0be6 6A000000 		.4byte	0x6a
 4403 0bea 54030000 		.4byte	.LLST58
 4404 0bee 52030000 		.4byte	.LVUS58
 4405 0bf2 03       		.uleb128 0x3
 4406 0bf3 2C000000 		.4byte	.LVL132
 4407 0bf7 720D0000 		.4byte	0xd72
 4408 0bfb 0C0C0000 		.4byte	0xc0c
 4409 0bff 01       		.uleb128 0x1
 4410 0c00 01       		.uleb128 0x1
 4411 0c01 50       		.byte	0x50
 4412 0c02 02       		.uleb128 0x2
 4413 0c03 79       		.byte	0x79
 4414 0c04 00       		.sleb128 0
 4415 0c05 01       		.uleb128 0x1
 4416 0c06 01       		.uleb128 0x1
 4417 0c07 51       		.byte	0x51
 4418 0c08 02       		.uleb128 0x2
 4419 0c09 74       		.byte	0x74
 4420 0c0a 00       		.sleb128 0
 4421 0c0b 00       		.byte	0
 4422 0c0c 03       		.uleb128 0x3
 4423 0c0d 4A000000 		.4byte	.LVL139
 4424 0c11 3E0F0000 		.4byte	0xf3e
 4425 0c15 260C0000 		.4byte	0xc26
 4426 0c19 01       		.uleb128 0x1
 4427 0c1a 01       		.uleb128 0x1
 4428 0c1b 50       		.byte	0x50
 4429 0c1c 02       		.uleb128 0x2
 4430 0c1d 75       		.byte	0x75
 4431 0c1e 00       		.sleb128 0
 4432 0c1f 01       		.uleb128 0x1
 4433 0c20 01       		.uleb128 0x1
 4434 0c21 51       		.byte	0x51
 4435 0c22 02       		.uleb128 0x2
 4436 0c23 77       		.byte	0x77
 4437 0c24 00       		.sleb128 0
ARM GAS  /tmp/ccftVcE7.s 			page 79


 4438 0c25 00       		.byte	0
 4439 0c26 04       		.uleb128 0x4
 4440 0c27 64000000 		.4byte	.LVL140
 4441 0c2b C40D0000 		.4byte	0xdc4
 4442 0c2f 01       		.uleb128 0x1
 4443 0c30 01       		.uleb128 0x1
 4444 0c31 50       		.byte	0x50
 4445 0c32 02       		.uleb128 0x2
 4446 0c33 78       		.byte	0x78
 4447 0c34 00       		.sleb128 0
 4448 0c35 01       		.uleb128 0x1
 4449 0c36 01       		.uleb128 0x1
 4450 0c37 51       		.byte	0x51
 4451 0c38 02       		.uleb128 0x2
 4452 0c39 75       		.byte	0x75
 4453 0c3a 00       		.sleb128 0
 4454 0c3b 01       		.uleb128 0x1
 4455 0c3c 01       		.uleb128 0x1
 4456 0c3d 52       		.byte	0x52
 4457 0c3e 02       		.uleb128 0x2
 4458 0c3f 76       		.byte	0x76
 4459 0c40 00       		.sleb128 0
 4460 0c41 01       		.uleb128 0x1
 4461 0c42 01       		.uleb128 0x1
 4462 0c43 53       		.byte	0x53
 4463 0c44 01       		.uleb128 0x1
 4464 0c45 30       		.byte	0x30
 4465 0c46 01       		.uleb128 0x1
 4466 0c47 02       		.uleb128 0x2
 4467 0c48 7D       		.byte	0x7d
 4468 0c49 00       		.sleb128 0
 4469 0c4a 01       		.uleb128 0x1
 4470 0c4b 31       		.byte	0x31
 4471 0c4c 01       		.uleb128 0x1
 4472 0c4d 02       		.uleb128 0x2
 4473 0c4e 7D       		.byte	0x7d
 4474 0c4f 04       		.sleb128 4
 4475 0c50 01       		.uleb128 0x1
 4476 0c51 30       		.byte	0x30
 4477 0c52 01       		.uleb128 0x1
 4478 0c53 02       		.uleb128 0x2
 4479 0c54 7D       		.byte	0x7d
 4480 0c55 08       		.sleb128 8
 4481 0c56 04       		.uleb128 0x4
 4482 0c57 91       		.byte	0x91
 4483 0c58 00       		.sleb128 0
 4484 0c59 94       		.byte	0x94
 4485 0c5a 01       		.byte	0x1
 4486 0c5b 00       		.byte	0
 4487 0c5c 00       		.byte	0
 4488 0c5d 17       		.uleb128 0x17
 4489 0c5e 43050000 		.4byte	.LASF92
 4490 0c62 B501     		.2byte	0x1b5
 4491 0c64 00000000 		.4byte	.LFB258
 4492 0c68 4C000000 		.4byte	.LFE258-.LFB258
 4493 0c6c 01       		.uleb128 0x1
 4494 0c6d 9C       		.byte	0x9c
ARM GAS  /tmp/ccftVcE7.s 			page 80


 4495 0c6e 720D0000 		.4byte	0xd72
 4496 0c72 05       		.uleb128 0x5
 4497 0c73 3B050000 		.4byte	.LASF85
 4498 0c77 B601     		.2byte	0x1b6
 4499 0c79 09       		.byte	0x9
 4500 0c7a 3B000000 		.4byte	0x3b
 4501 0c7e 61030000 		.4byte	.LLST41
 4502 0c82 5D030000 		.4byte	.LVUS41
 4503 0c86 10       		.uleb128 0x10
 4504 0c87 706C6C00 		.ascii	"pll\000"
 4505 0c8b B601     		.2byte	0x1b6
 4506 0c8d 16       		.byte	0x16
 4507 0c8e 3B000000 		.4byte	0x3b
 4508 0c92 75030000 		.4byte	.LLST42
 4509 0c96 71030000 		.4byte	.LVUS42
 4510 0c9a 05       		.uleb128 0x5
 4511 0c9b 5B040000 		.4byte	.LASF89
 4512 0c9f B601     		.2byte	0x1b6
 4513 0ca1 1F       		.byte	0x1f
 4514 0ca2 3B000000 		.4byte	0x3b
 4515 0ca6 89030000 		.4byte	.LLST43
 4516 0caa 85030000 		.4byte	.LVUS43
 4517 0cae 05       		.uleb128 0x5
 4518 0caf EC000000 		.4byte	.LASF78
 4519 0cb3 B601     		.2byte	0x1b6
 4520 0cb5 2C       		.byte	0x2c
 4521 0cb6 3B000000 		.4byte	0x3b
 4522 0cba A6030000 		.4byte	.LLST44
 4523 0cbe A2030000 		.4byte	.LVUS44
 4524 0cc2 32       		.uleb128 0x32
 4525 0cc3 45010000 		.4byte	.LASF84
 4526 0cc7 0E       		.byte	0xe
 4527 0cc8 A1000000 		.4byte	0xa1
 4528 0ccc 02       		.uleb128 0x2
 4529 0ccd 91       		.byte	0x91
 4530 0cce 00       		.sleb128 0
 4531 0ccf 32       		.uleb128 0x32
 4532 0cd0 3F070000 		.4byte	.LASF80
 4533 0cd4 1C       		.byte	0x1c
 4534 0cd5 7D000000 		.4byte	0x7d
 4535 0cd9 02       		.uleb128 0x2
 4536 0cda 91       		.byte	0x91
 4537 0cdb 04       		.sleb128 4
 4538 0cdc 0D       		.uleb128 0xd
 4539 0cdd 64697600 		.ascii	"div\000"
 4540 0ce1 B901     		.2byte	0x1b9
 4541 0ce3 0D       		.byte	0xd
 4542 0ce4 6A000000 		.4byte	0x6a
 4543 0ce8 B8030000 		.4byte	.LLST45
 4544 0cec B6030000 		.4byte	.LVUS45
 4545 0cf0 0D       		.uleb128 0xd
 4546 0cf1 6E756D00 		.ascii	"num\000"
 4547 0cf5 BA01     		.2byte	0x1ba
 4548 0cf7 0D       		.byte	0xd
 4549 0cf8 6A000000 		.4byte	0x6a
 4550 0cfc C5030000 		.4byte	.LLST46
 4551 0d00 C1030000 		.4byte	.LVUS46
ARM GAS  /tmp/ccftVcE7.s 			page 81


 4552 0d04 13       		.uleb128 0x13
 4553 0d05 AB000000 		.4byte	.LASF90
 4554 0d09 BB01     		.2byte	0x1bb
 4555 0d0b 0D       		.byte	0xd
 4556 0d0c 6A000000 		.4byte	0x6a
 4557 0d10 DD030000 		.4byte	.LLST47
 4558 0d14 D5030000 		.4byte	.LVUS47
 4559 0d18 0D       		.uleb128 0xd
 4560 0d19 6B00     		.ascii	"k\000"
 4561 0d1b BD01     		.2byte	0x1bd
 4562 0d1d 0D       		.byte	0xd
 4563 0d1e 6A000000 		.4byte	0x6a
 4564 0d22 FA030000 		.4byte	.LLST48
 4565 0d26 F8030000 		.4byte	.LVUS48
 4566 0d2a 03       		.uleb128 0x3
 4567 0d2b 1C000000 		.4byte	.LVL118
 4568 0d2f 720D0000 		.4byte	0xd72
 4569 0d33 440D0000 		.4byte	0xd44
 4570 0d37 01       		.uleb128 0x1
 4571 0d38 01       		.uleb128 0x1
 4572 0d39 50       		.byte	0x50
 4573 0d3a 02       		.uleb128 0x2
 4574 0d3b 75       		.byte	0x75
 4575 0d3c 00       		.sleb128 0
 4576 0d3d 01       		.uleb128 0x1
 4577 0d3e 01       		.uleb128 0x1
 4578 0d3f 51       		.byte	0x51
 4579 0d40 02       		.uleb128 0x2
 4580 0d41 74       		.byte	0x74
 4581 0d42 00       		.sleb128 0
 4582 0d43 00       		.byte	0
 4583 0d44 04       		.uleb128 0x4
 4584 0d45 46000000 		.4byte	.LVL124
 4585 0d49 C40D0000 		.4byte	0xdc4
 4586 0d4d 01       		.uleb128 0x1
 4587 0d4e 01       		.uleb128 0x1
 4588 0d4f 50       		.byte	0x50
 4589 0d50 02       		.uleb128 0x2
 4590 0d51 76       		.byte	0x76
 4591 0d52 00       		.sleb128 0
 4592 0d53 01       		.uleb128 0x1
 4593 0d54 01       		.uleb128 0x1
 4594 0d55 51       		.byte	0x51
 4595 0d56 02       		.uleb128 0x2
 4596 0d57 77       		.byte	0x77
 4597 0d58 00       		.sleb128 0
 4598 0d59 01       		.uleb128 0x1
 4599 0d5a 01       		.uleb128 0x1
 4600 0d5b 52       		.byte	0x52
 4601 0d5c 02       		.uleb128 0x2
 4602 0d5d 78       		.byte	0x78
 4603 0d5e 00       		.sleb128 0
 4604 0d5f 01       		.uleb128 0x1
 4605 0d60 02       		.uleb128 0x2
 4606 0d61 7D       		.byte	0x7d
 4607 0d62 04       		.sleb128 4
 4608 0d63 03       		.uleb128 0x3
ARM GAS  /tmp/ccftVcE7.s 			page 82


 4609 0d64 91       		.byte	0x91
 4610 0d65 00       		.sleb128 0
 4611 0d66 06       		.byte	0x6
 4612 0d67 01       		.uleb128 0x1
 4613 0d68 02       		.uleb128 0x2
 4614 0d69 7D       		.byte	0x7d
 4615 0d6a 08       		.sleb128 8
 4616 0d6b 04       		.uleb128 0x4
 4617 0d6c 91       		.byte	0x91
 4618 0d6d 04       		.sleb128 4
 4619 0d6e 94       		.byte	0x94
 4620 0d6f 01       		.byte	0x1
 4621 0d70 00       		.byte	0
 4622 0d71 00       		.byte	0
 4623 0d72 42       		.uleb128 0x42
 4624 0d73 67636400 		.ascii	"gcd\000"
 4625 0d77 01       		.byte	0x1
 4626 0d78 A601     		.2byte	0x1a6
 4627 0d7a 11       		.byte	0x11
 4628 0d7b A1000000 		.4byte	0xa1
 4629 0d7f 00000000 		.4byte	.LFB257
 4630 0d83 14000000 		.4byte	.LFE257-.LFB257
 4631 0d87 01       		.uleb128 0x1
 4632 0d88 9C       		.byte	0x9c
 4633 0d89 C40D0000 		.4byte	0xdc4
 4634 0d8d 10       		.uleb128 0x10
 4635 0d8e 7800     		.ascii	"x\000"
 4636 0d90 A601     		.2byte	0x1a6
 4637 0d92 1E       		.byte	0x1e
 4638 0d93 A1000000 		.4byte	0xa1
 4639 0d97 09040000 		.4byte	.LLST0
 4640 0d9b 03040000 		.4byte	.LVUS0
 4641 0d9f 10       		.uleb128 0x10
 4642 0da0 7900     		.ascii	"y\000"
 4643 0da2 A601     		.2byte	0x1a6
 4644 0da4 2A       		.byte	0x2a
 4645 0da5 A1000000 		.4byte	0xa1
 4646 0da9 24040000 		.4byte	.LLST1
 4647 0dad 1E040000 		.4byte	.LVUS1
 4648 0db1 0D       		.uleb128 0xd
 4649 0db2 7A00     		.ascii	"z\000"
 4650 0db4 A801     		.2byte	0x1a8
 4651 0db6 0C       		.byte	0xc
 4652 0db7 A1000000 		.4byte	0xa1
 4653 0dbb 3B040000 		.4byte	.LLST2
 4654 0dbf 39040000 		.4byte	.LVUS2
 4655 0dc3 00       		.byte	0
 4656 0dc4 17       		.uleb128 0x17
 4657 0dc5 05040000 		.4byte	.LASF93
 4658 0dc9 5B01     		.2byte	0x15b
 4659 0dcb 00000000 		.4byte	.LFB256
 4660 0dcf E8000000 		.4byte	.LFE256-.LFB256
 4661 0dd3 01       		.uleb128 0x1
 4662 0dd4 9C       		.byte	0x9c
 4663 0dd5 1E0F0000 		.4byte	0xf1e
 4664 0dd9 05       		.uleb128 0x5
 4665 0dda AB020000 		.4byte	.LASF94
ARM GAS  /tmp/ccftVcE7.s 			page 83


 4666 0dde 5C01     		.2byte	0x15c
 4667 0de0 11       		.byte	0x11
 4668 0de1 7D000000 		.4byte	0x7d
 4669 0de5 54040000 		.4byte	.LLST29
 4670 0de9 44040000 		.4byte	.LVUS29
 4671 0ded 05       		.uleb128 0x5
 4672 0dee 62000000 		.4byte	.LASF95
 4673 0df2 5D01     		.2byte	0x15d
 4674 0df4 11       		.byte	0x11
 4675 0df5 7D000000 		.4byte	0x7d
 4676 0df9 A0040000 		.4byte	.LLST30
 4677 0dfd 92040000 		.4byte	.LVUS30
 4678 0e01 10       		.uleb128 0x10
 4679 0e02 64697600 		.ascii	"div\000"
 4680 0e06 5E01     		.2byte	0x15e
 4681 0e08 11       		.byte	0x11
 4682 0e09 A1000000 		.4byte	0xa1
 4683 0e0d E5040000 		.4byte	.LLST31
 4684 0e11 D5040000 		.4byte	.LVUS31
 4685 0e15 10       		.uleb128 0x10
 4686 0e16 6E756D00 		.ascii	"num\000"
 4687 0e1a 5F01     		.2byte	0x15f
 4688 0e1c 11       		.byte	0x11
 4689 0e1d A1000000 		.4byte	0xa1
 4690 0e21 3D050000 		.4byte	.LLST32
 4691 0e25 39050000 		.4byte	.LVUS32
 4692 0e29 05       		.uleb128 0x5
 4693 0e2a AB000000 		.4byte	.LASF90
 4694 0e2e 6001     		.2byte	0x160
 4695 0e30 11       		.byte	0x11
 4696 0e31 A1000000 		.4byte	0xa1
 4697 0e35 52050000 		.4byte	.LLST33
 4698 0e39 4E050000 		.4byte	.LVUS33
 4699 0e3d 05       		.uleb128 0x5
 4700 0e3e 45010000 		.4byte	.LASF84
 4701 0e42 6101     		.2byte	0x161
 4702 0e44 11       		.byte	0x11
 4703 0e45 A1000000 		.4byte	0xa1
 4704 0e49 6B050000 		.4byte	.LLST34
 4705 0e4d 67050000 		.4byte	.LVUS34
 4706 0e51 05       		.uleb128 0x5
 4707 0e52 3F070000 		.4byte	.LASF80
 4708 0e56 6201     		.2byte	0x162
 4709 0e58 11       		.byte	0x11
 4710 0e59 7D000000 		.4byte	0x7d
 4711 0e5d 84050000 		.4byte	.LLST35
 4712 0e61 80050000 		.4byte	.LVUS35
 4713 0e65 20       		.uleb128 0x20
 4714 0e66 5B060000 		.4byte	.LASF96
 4715 0e6a 6501     		.2byte	0x165
 4716 0e6c 11       		.byte	0x11
 4717 0e6d 1E0F0000 		.4byte	0xf1e
 4718 0e71 02       		.uleb128 0x2
 4719 0e72 91       		.byte	0x91
 4720 0e73 64       		.sleb128 -28
 4721 0e74 20       		.uleb128 0x20
 4722 0e75 D2040000 		.4byte	.LASF97
ARM GAS  /tmp/ccftVcE7.s 			page 84


 4723 0e79 6A01     		.2byte	0x16a
 4724 0e7b 11       		.byte	0x11
 4725 0e7c 1E0F0000 		.4byte	0xf1e
 4726 0e80 02       		.uleb128 0x2
 4727 0e81 91       		.byte	0x91
 4728 0e82 60       		.sleb128 -32
 4729 0e83 0D       		.uleb128 0xd
 4730 0e84 64617400 		.ascii	"dat\000"
 4731 0e88 6F01     		.2byte	0x16f
 4732 0e8a 0B       		.byte	0xb
 4733 0e8b 7D000000 		.4byte	0x7d
 4734 0e8f 9D050000 		.4byte	.LLST36
 4735 0e93 99050000 		.4byte	.LVUS36
 4736 0e97 0D       		.uleb128 0xd
 4737 0e98 503100   		.ascii	"P1\000"
 4738 0e9b 7101     		.2byte	0x171
 4739 0e9d 0C       		.byte	0xc
 4740 0e9e A1000000 		.4byte	0xa1
 4741 0ea2 B3050000 		.4byte	.LLST37
 4742 0ea6 AD050000 		.4byte	.LVUS37
 4743 0eaa 0D       		.uleb128 0xd
 4744 0eab 503200   		.ascii	"P2\000"
 4745 0eae 7201     		.2byte	0x172
 4746 0eb0 0C       		.byte	0xc
 4747 0eb1 A1000000 		.4byte	0xa1
 4748 0eb5 CE050000 		.4byte	.LLST38
 4749 0eb9 C8050000 		.4byte	.LVUS38
 4750 0ebd 0D       		.uleb128 0xd
 4751 0ebe 503300   		.ascii	"P3\000"
 4752 0ec1 7301     		.2byte	0x173
 4753 0ec3 0C       		.byte	0xc
 4754 0ec4 A1000000 		.4byte	0xa1
 4755 0ec8 EA050000 		.4byte	.LLST39
 4756 0ecc E4050000 		.4byte	.LVUS39
 4757 0ed0 13       		.uleb128 0x13
 4758 0ed1 A6000000 		.4byte	.LASF98
 4759 0ed5 7401     		.2byte	0x174
 4760 0ed7 0C       		.byte	0xc
 4761 0ed8 A1000000 		.4byte	0xa1
 4762 0edc 04060000 		.4byte	.LLST40
 4763 0ee0 00060000 		.4byte	.LVUS40
 4764 0ee4 27       		.uleb128 0x27
 4765 0ee5 72656700 		.ascii	"reg\000"
 4766 0ee9 9101     		.2byte	0x191
 4767 0eeb 2E0F0000 		.4byte	0xf2e
 4768 0eef 02       		.uleb128 0x2
 4769 0ef0 91       		.byte	0x91
 4770 0ef1 54       		.sleb128 -44
 4771 0ef2 03       		.uleb128 0x3
 4772 0ef3 B6000000 		.4byte	.LVL106
 4773 0ef7 15170000 		.4byte	0x1715
 4774 0efb 0B0F0000 		.4byte	0xf0b
 4775 0eff 01       		.uleb128 0x1
 4776 0f00 01       		.uleb128 0x1
 4777 0f01 50       		.byte	0x50
 4778 0f02 02       		.uleb128 0x2
 4779 0f03 91       		.byte	0x91
ARM GAS  /tmp/ccftVcE7.s 			page 85


 4780 0f04 54       		.sleb128 -44
 4781 0f05 01       		.uleb128 0x1
 4782 0f06 01       		.uleb128 0x1
 4783 0f07 51       		.byte	0x51
 4784 0f08 01       		.uleb128 0x1
 4785 0f09 39       		.byte	0x39
 4786 0f0a 00       		.byte	0
 4787 0f0b 04       		.uleb128 0x4
 4788 0f0c D4000000 		.4byte	.LVL110
 4789 0f10 9B170000 		.4byte	0x179b
 4790 0f14 01       		.uleb128 0x1
 4791 0f15 01       		.uleb128 0x1
 4792 0f16 50       		.byte	0x50
 4793 0f17 04       		.uleb128 0x4
 4794 0f18 75       		.byte	0x75
 4795 0f19 78       		.sleb128 -8
 4796 0f1a 94       		.byte	0x94
 4797 0f1b 01       		.byte	0x1
 4798 0f1c 00       		.byte	0
 4799 0f1d 00       		.byte	0
 4800 0f1e 14       		.uleb128 0x14
 4801 0f1f 89000000 		.4byte	0x89
 4802 0f23 2E0F0000 		.4byte	0xf2e
 4803 0f27 15       		.uleb128 0x15
 4804 0f28 2D000000 		.4byte	0x2d
 4805 0f2c 02       		.byte	0x2
 4806 0f2d 00       		.byte	0
 4807 0f2e 14       		.uleb128 0x14
 4808 0f2f 7D000000 		.4byte	0x7d
 4809 0f33 3E0F0000 		.4byte	0xf3e
 4810 0f37 15       		.uleb128 0x15
 4811 0f38 2D000000 		.4byte	0x2d
 4812 0f3c 08       		.byte	0x8
 4813 0f3d 00       		.byte	0
 4814 0f3e 17       		.uleb128 0x17
 4815 0f3f FB010000 		.4byte	.LASF99
 4816 0f43 2201     		.2byte	0x122
 4817 0f45 00000000 		.4byte	.LFB255
 4818 0f49 82000000 		.4byte	.LFE255-.LFB255
 4819 0f4d 01       		.uleb128 0x1
 4820 0f4e 9C       		.byte	0x9c
 4821 0f4f 0F100000 		.4byte	0x100f
 4822 0f53 10       		.uleb128 0x10
 4823 0f54 706C6C00 		.ascii	"pll\000"
 4824 0f58 2301     		.2byte	0x123
 4825 0f5a 11       		.byte	0x11
 4826 0f5b 7D000000 		.4byte	0x7d
 4827 0f5f 1B060000 		.4byte	.LLST22
 4828 0f63 15060000 		.4byte	.LVUS22
 4829 0f67 05       		.uleb128 0x5
 4830 0f68 00040000 		.4byte	.LASF100
 4831 0f6c 2401     		.2byte	0x124
 4832 0f6e 11       		.byte	0x11
 4833 0f6f 7D000000 		.4byte	0x7d
 4834 0f73 44060000 		.4byte	.LLST23
 4835 0f77 3A060000 		.4byte	.LVUS23
 4836 0f7b 10       		.uleb128 0x10
ARM GAS  /tmp/ccftVcE7.s 			page 86


 4837 0f7c 6E756D00 		.ascii	"num\000"
 4838 0f80 2501     		.2byte	0x125
 4839 0f82 11       		.byte	0x11
 4840 0f83 A1000000 		.4byte	0xa1
 4841 0f87 80060000 		.4byte	.LLST24
 4842 0f8b 78060000 		.4byte	.LVUS24
 4843 0f8f 05       		.uleb128 0x5
 4844 0f90 AB000000 		.4byte	.LASF90
 4845 0f94 2601     		.2byte	0x126
 4846 0f96 11       		.byte	0x11
 4847 0f97 A1000000 		.4byte	0xa1
 4848 0f9b B3060000 		.4byte	.LLST25
 4849 0f9f AD060000 		.4byte	.LVUS25
 4850 0fa3 20       		.uleb128 0x20
 4851 0fa4 DF010000 		.4byte	.LASF101
 4852 0fa8 2901     		.2byte	0x129
 4853 0faa 11       		.byte	0x11
 4854 0fab 0F100000 		.4byte	0x100f
 4855 0faf 02       		.uleb128 0x2
 4856 0fb0 91       		.byte	0x91
 4857 0fb1 74       		.sleb128 -12
 4858 0fb2 0D       		.uleb128 0xd
 4859 0fb3 503100   		.ascii	"P1\000"
 4860 0fb6 2D01     		.2byte	0x12d
 4861 0fb8 0C       		.byte	0xc
 4862 0fb9 A1000000 		.4byte	0xa1
 4863 0fbd D6060000 		.4byte	.LLST26
 4864 0fc1 D2060000 		.4byte	.LVUS26
 4865 0fc5 0D       		.uleb128 0xd
 4866 0fc6 503200   		.ascii	"P2\000"
 4867 0fc9 2E01     		.2byte	0x12e
 4868 0fcb 0C       		.byte	0xc
 4869 0fcc A1000000 		.4byte	0xa1
 4870 0fd0 EC060000 		.4byte	.LLST27
 4871 0fd4 E6060000 		.4byte	.LVUS27
 4872 0fd8 0D       		.uleb128 0xd
 4873 0fd9 503300   		.ascii	"P3\000"
 4874 0fdc 2F01     		.2byte	0x12f
 4875 0fde 0C       		.byte	0xc
 4876 0fdf A1000000 		.4byte	0xa1
 4877 0fe3 08070000 		.4byte	.LLST28
 4878 0fe7 02070000 		.4byte	.LVUS28
 4879 0feb 27       		.uleb128 0x27
 4880 0fec 72656700 		.ascii	"reg\000"
 4881 0ff0 4E01     		.2byte	0x14e
 4882 0ff2 2E0F0000 		.4byte	0xf2e
 4883 0ff6 02       		.uleb128 0x2
 4884 0ff7 91       		.byte	0x91
 4885 0ff8 68       		.sleb128 -24
 4886 0ff9 04       		.uleb128 0x4
 4887 0ffa 66000000 		.4byte	.LVL79
 4888 0ffe 15170000 		.4byte	0x1715
 4889 1002 01       		.uleb128 0x1
 4890 1003 01       		.uleb128 0x1
 4891 1004 50       		.byte	0x50
 4892 1005 02       		.uleb128 0x2
 4893 1006 7D       		.byte	0x7d
ARM GAS  /tmp/ccftVcE7.s 			page 87


 4894 1007 00       		.sleb128 0
 4895 1008 01       		.uleb128 0x1
 4896 1009 01       		.uleb128 0x1
 4897 100a 51       		.byte	0x51
 4898 100b 01       		.uleb128 0x1
 4899 100c 39       		.byte	0x39
 4900 100d 00       		.byte	0
 4901 100e 00       		.byte	0
 4902 100f 14       		.uleb128 0x14
 4903 1010 89000000 		.4byte	0x89
 4904 1014 1F100000 		.4byte	0x101f
 4905 1018 15       		.uleb128 0x15
 4906 1019 2D000000 		.4byte	0x2d
 4907 101d 01       		.byte	0x1
 4908 101e 00       		.byte	0
 4909 101f 17       		.uleb128 0x17
 4910 1020 C1040000 		.4byte	.LASF102
 4911 1024 1C01     		.2byte	0x11c
 4912 1026 00000000 		.4byte	.LFB254
 4913 102a 0C000000 		.4byte	.LFE254-.LFB254
 4914 102e 01       		.uleb128 0x1
 4915 102f 9C       		.byte	0x9c
 4916 1030 4B100000 		.4byte	0x104b
 4917 1034 04       		.uleb128 0x4
 4918 1035 0A000000 		.4byte	.LVL53
 4919 1039 9B170000 		.4byte	0x179b
 4920 103d 01       		.uleb128 0x1
 4921 103e 01       		.uleb128 0x1
 4922 103f 50       		.byte	0x50
 4923 1040 02       		.uleb128 0x2
 4924 1041 09       		.byte	0x9
 4925 1042 B1       		.byte	0xb1
 4926 1043 01       		.uleb128 0x1
 4927 1044 01       		.uleb128 0x1
 4928 1045 51       		.byte	0x51
 4929 1046 02       		.uleb128 0x2
 4930 1047 09       		.byte	0x9
 4931 1048 AC       		.byte	0xac
 4932 1049 00       		.byte	0
 4933 104a 00       		.byte	0
 4934 104b 17       		.uleb128 0x17
 4935 104c 00000000 		.4byte	.LASF103
 4936 1050 1301     		.2byte	0x113
 4937 1052 00000000 		.4byte	.LFB253
 4938 1056 0C000000 		.4byte	.LFE253-.LFB253
 4939 105a 01       		.uleb128 0x1
 4940 105b 9C       		.byte	0x9c
 4941 105c 75100000 		.4byte	0x1075
 4942 1060 04       		.uleb128 0x4
 4943 1061 0A000000 		.4byte	.LVL54
 4944 1065 9B170000 		.4byte	0x179b
 4945 1069 01       		.uleb128 0x1
 4946 106a 01       		.uleb128 0x1
 4947 106b 50       		.byte	0x50
 4948 106c 01       		.uleb128 0x1
 4949 106d 33       		.byte	0x33
 4950 106e 01       		.uleb128 0x1
ARM GAS  /tmp/ccftVcE7.s 			page 88


 4951 106f 01       		.uleb128 0x1
 4952 1070 51       		.byte	0x51
 4953 1071 01       		.uleb128 0x1
 4954 1072 34       		.byte	0x34
 4955 1073 00       		.byte	0
 4956 1074 00       		.byte	0
 4957 1075 17       		.uleb128 0x17
 4958 1076 86060000 		.4byte	.LASF104
 4959 107a 0801     		.2byte	0x108
 4960 107c 00000000 		.4byte	.LFB252
 4961 1080 30000000 		.4byte	.LFE252-.LFB252
 4962 1084 01       		.uleb128 0x1
 4963 1085 9C       		.byte	0x9c
 4964 1086 C7100000 		.4byte	0x10c7
 4965 108a 27       		.uleb128 0x27
 4966 108b 72656700 		.ascii	"reg\000"
 4967 108f 0A01     		.2byte	0x10a
 4968 1091 7A060000 		.4byte	0x67a
 4969 1095 02       		.uleb128 0x2
 4970 1096 91       		.byte	0x91
 4971 1097 74       		.sleb128 -12
 4972 1098 03       		.uleb128 0x3
 4973 1099 0C000000 		.4byte	.LVL142
 4974 109d 9B170000 		.4byte	0x179b
 4975 10a1 B1100000 		.4byte	0x10b1
 4976 10a5 01       		.uleb128 0x1
 4977 10a6 01       		.uleb128 0x1
 4978 10a7 50       		.byte	0x50
 4979 10a8 01       		.uleb128 0x1
 4980 10a9 33       		.byte	0x33
 4981 10aa 01       		.uleb128 0x1
 4982 10ab 01       		.uleb128 0x1
 4983 10ac 51       		.byte	0x51
 4984 10ad 02       		.uleb128 0x2
 4985 10ae 09       		.byte	0x9
 4986 10af FF       		.byte	0xff
 4987 10b0 00       		.byte	0
 4988 10b1 04       		.uleb128 0x4
 4989 10b2 2A000000 		.4byte	.LVL143
 4990 10b6 15170000 		.4byte	0x1715
 4991 10ba 01       		.uleb128 0x1
 4992 10bb 01       		.uleb128 0x1
 4993 10bc 50       		.byte	0x50
 4994 10bd 02       		.uleb128 0x2
 4995 10be 91       		.byte	0x91
 4996 10bf 74       		.sleb128 -12
 4997 10c0 01       		.uleb128 0x1
 4998 10c1 01       		.uleb128 0x1
 4999 10c2 51       		.byte	0x51
 5000 10c3 01       		.uleb128 0x1
 5001 10c4 34       		.byte	0x34
 5002 10c5 00       		.byte	0
 5003 10c6 00       		.byte	0
 5004 10c7 1A       		.uleb128 0x1a
 5005 10c8 33070000 		.4byte	.LASF106
 5006 10cc F6       		.byte	0xf6
 5007 10cd 06       		.byte	0x6
ARM GAS  /tmp/ccftVcE7.s 			page 89


 5008 10ce 72050000 		.4byte	0x572
 5009 10d2 00000000 		.4byte	.LFB251
 5010 10d6 3C000000 		.4byte	.LFE251-.LFB251
 5011 10da 01       		.uleb128 0x1
 5012 10db 9C       		.byte	0x9c
 5013 10dc 37110000 		.4byte	0x1137
 5014 10e0 11       		.uleb128 0x11
 5015 10e1 7000     		.ascii	"p\000"
 5016 10e3 FB       		.byte	0xfb
 5017 10e4 12       		.byte	0x12
 5018 10e5 68050000 		.4byte	0x568
 5019 10e9 20070000 		.4byte	.LLST88
 5020 10ed 1E070000 		.4byte	.LVUS88
 5021 10f1 43       		.uleb128 0x43
 5022 10f2 0C000000 		.4byte	.LLRL89
 5023 10f6 24110000 		.4byte	0x1124
 5024 10fa 11       		.uleb128 0x11
 5025 10fb 6C656E00 		.ascii	"len\000"
 5026 10ff FD       		.byte	0xfd
 5027 1100 0D       		.byte	0xd
 5028 1101 7D000000 		.4byte	0x7d
 5029 1105 2D070000 		.4byte	.LLST90
 5030 1109 29070000 		.4byte	.LVUS90
 5031 110d 04       		.uleb128 0x4
 5032 110e 1A000000 		.4byte	.LVL188
 5033 1112 15170000 		.4byte	0x1715
 5034 1116 01       		.uleb128 0x1
 5035 1117 01       		.uleb128 0x1
 5036 1118 50       		.byte	0x50
 5037 1119 02       		.uleb128 0x2
 5038 111a 74       		.byte	0x74
 5039 111b 00       		.sleb128 0
 5040 111c 01       		.uleb128 0x1
 5041 111d 01       		.uleb128 0x1
 5042 111e 51       		.byte	0x51
 5043 111f 02       		.uleb128 0x2
 5044 1120 75       		.byte	0x75
 5045 1121 00       		.sleb128 0
 5046 1122 00       		.byte	0
 5047 1123 00       		.byte	0
 5048 1124 08       		.uleb128 0x8
 5049 1125 06000000 		.4byte	.LVL185
 5050 1129 25140000 		.4byte	0x1425
 5051 112d 08       		.uleb128 0x8
 5052 112e 24000000 		.4byte	.LVL191
 5053 1132 37110000 		.4byte	0x1137
 5054 1136 00       		.byte	0
 5055 1137 28       		.uleb128 0x28
 5056 1138 7A040000 		.4byte	.LASF107
 5057 113c E1       		.byte	0xe1
 5058 113d 0D       		.byte	0xd
 5059 113e 00000000 		.4byte	.LFB250
 5060 1142 80000000 		.4byte	.LFE250-.LFB250
 5061 1146 01       		.uleb128 0x1
 5062 1147 9C       		.byte	0x9c
 5063 1148 25140000 		.4byte	0x1425
 5064 114c 29       		.uleb128 0x29
ARM GAS  /tmp/ccftVcE7.s 			page 90


 5065 114d 10010000 		.4byte	.LASF108
 5066 1151 E3       		.byte	0xe3
 5067 1152 0F       		.byte	0xf
 5068 1153 01010000 		.4byte	0x101
 5069 1157 3F070000 		.4byte	.LLST78
 5070 115b 3D070000 		.4byte	.LVUS78
 5071 115f 26       		.uleb128 0x26
 5072 1160 7F060000 		.4byte	.LASF109
 5073 1164 E4       		.byte	0xe4
 5074 1165 0D       		.byte	0xd
 5075 1166 7D000000 		.4byte	0x7d
 5076 116a 02       		.uleb128 0x2
 5077 116b 91       		.byte	0x91
 5078 116c 77       		.sleb128 -9
 5079 116d 44       		.uleb128 0x44
 5080 116e 656E6400 		.ascii	"end\000"
 5081 1172 01       		.byte	0x1
 5082 1173 E9       		.byte	0xe9
 5083 1174 0F       		.byte	0xf
 5084 1175 01010000 		.4byte	0x101
 5085 1179 09       		.uleb128 0x9
 5086 117a 1A1E0000 		.4byte	0x1e1a
 5087 117e 04000000 		.4byte	.LBI200
 5088 1182 01       		.byte	.LVU545
 5089 1183 04000000 		.4byte	.LBB200
 5090 1187 12000000 		.4byte	.LBE200-.LBB200
 5091 118b 01       		.byte	0x1
 5092 118c E3       		.byte	0xe3
 5093 118d 17       		.byte	0x17
 5094 118e 88120000 		.4byte	0x1288
 5095 1192 21       		.uleb128 0x21
 5096 1193 2B1E0000 		.4byte	0x1e2b
 5097 1197 4A070000 		.4byte	.LLST79
 5098 119b 48070000 		.4byte	.LVUS79
 5099 119f 09       		.uleb128 0x9
 5100 11a0 701E0000 		.4byte	0x1e70
 5101 11a4 04000000 		.4byte	.LBI202
 5102 11a8 04       		.byte	.LVU548
 5103 11a9 04000000 		.4byte	.LBB202
 5104 11ad 06000000 		.4byte	.LBE202-.LBB202
 5105 11b1 02       		.byte	0x2
 5106 11b2 FA       		.byte	0xfa
 5107 11b3 03       		.byte	0x3
 5108 11b4 F4110000 		.4byte	0x11f4
 5109 11b8 0A       		.uleb128 0xa
 5110 11b9 961E0000 		.4byte	0x1e96
 5111 11bd 04000000 		.4byte	.LBI203
 5112 11c1 06       		.byte	.LVU550
 5113 11c2 04000000 		.4byte	.LBB203
 5114 11c6 06000000 		.4byte	.LBE203-.LBB203
 5115 11ca 03       		.byte	0x3
 5116 11cb 7801     		.2byte	0x178
 5117 11cd 03       		.byte	0x3
 5118 11ce 0A       		.uleb128 0xa
 5119 11cf 9E1E0000 		.4byte	0x1e9e
 5120 11d3 04000000 		.4byte	.LBI204
 5121 11d7 08       		.byte	.LVU552
ARM GAS  /tmp/ccftVcE7.s 			page 91


 5122 11d8 04000000 		.4byte	.LBB204
 5123 11dc 06000000 		.4byte	.LBE204-.LBB204
 5124 11e0 04       		.byte	0x4
 5125 11e1 6402     		.2byte	0x264
 5126 11e3 03       		.byte	0x3
 5127 11e4 0B       		.uleb128 0xb
 5128 11e5 A81E0000 		.4byte	0x1ea8
 5129 11e9 55070000 		.4byte	.LLST80
 5130 11ed 53070000 		.4byte	.LVUS80
 5131 11f1 00       		.byte	0
 5132 11f2 00       		.byte	0
 5133 11f3 00       		.byte	0
 5134 11f4 09       		.uleb128 0x9
 5135 11f5 381E0000 		.4byte	0x1e38
 5136 11f9 0A000000 		.4byte	.LBI206
 5137 11fd 04       		.byte	.LVU558
 5138 11fe 0A000000 		.4byte	.LBB206
 5139 1202 06000000 		.4byte	.LBE206-.LBB206
 5140 1206 02       		.byte	0x2
 5141 1207 FB       		.byte	0xfb
 5142 1208 0D       		.byte	0xd
 5143 1209 36120000 		.4byte	0x1236
 5144 120d 0E       		.uleb128 0xe
 5145 120e 781E0000 		.4byte	0x1e78
 5146 1212 0A000000 		.4byte	.LBI207
 5147 1216 06       		.byte	.LVU560
 5148 1217 0A000000 		.4byte	.LBB207
 5149 121b 06000000 		.4byte	.LBE207-.LBB207
 5150 121f 02       		.byte	0x2
 5151 1220 E9       		.byte	0xe9
 5152 1221 0A       		.byte	0xa
 5153 1222 22       		.uleb128 0x22
 5154 1223 831E0000 		.4byte	0x1e83
 5155 1227 0A000000 		.4byte	.LBI208
 5156 122b 08       		.byte	.LVU562
 5157 122c 0A000000 		.4byte	.LBB208
 5158 1230 06000000 		.4byte	.LBE208-.LBB208
 5159 1234 00       		.byte	0
 5160 1235 00       		.byte	0
 5161 1236 0E       		.uleb128 0xe
 5162 1237 431E0000 		.4byte	0x1e43
 5163 123b 10000000 		.4byte	.LBI210
 5164 123f 02       		.byte	.LVU567
 5165 1240 10000000 		.4byte	.LBB210
 5166 1244 06000000 		.4byte	.LBE210-.LBB210
 5167 1248 02       		.byte	0x2
 5168 1249 FC       		.byte	0xfc
 5169 124a 03       		.byte	0x3
 5170 124b 0A       		.uleb128 0xa
 5171 124c 8E1E0000 		.4byte	0x1e8e
 5172 1250 10000000 		.4byte	.LBI212
 5173 1254 09       		.byte	.LVU574
 5174 1255 10000000 		.4byte	.LBB212
 5175 1259 06000000 		.4byte	.LBE212-.LBB212
 5176 125d 03       		.byte	0x3
 5177 125e 8F01     		.2byte	0x18f
 5178 1260 03       		.byte	0x3
ARM GAS  /tmp/ccftVcE7.s 			page 92


 5179 1261 0A       		.uleb128 0xa
 5180 1262 9E1E0000 		.4byte	0x1e9e
 5181 1266 10000000 		.4byte	.LBI213
 5182 126a 0B       		.byte	.LVU576
 5183 126b 10000000 		.4byte	.LBB213
 5184 126f 06000000 		.4byte	.LBE213-.LBB213
 5185 1273 04       		.byte	0x4
 5186 1274 7702     		.2byte	0x277
 5187 1276 03       		.byte	0x3
 5188 1277 0B       		.uleb128 0xb
 5189 1278 A81E0000 		.4byte	0x1ea8
 5190 127c 62070000 		.4byte	.LLST81
 5191 1280 60070000 		.4byte	.LVUS81
 5192 1284 00       		.byte	0
 5193 1285 00       		.byte	0
 5194 1286 00       		.byte	0
 5195 1287 00       		.byte	0
 5196 1288 09       		.uleb128 0x9
 5197 1289 BB1D0000 		.4byte	0x1dbb
 5198 128d 44000000 		.4byte	.LBI215
 5199 1291 01       		.byte	.LVU596
 5200 1292 44000000 		.4byte	.LBB215
 5201 1296 14000000 		.4byte	.LBE215-.LBB215
 5202 129a 01       		.byte	0x1
 5203 129b EA       		.byte	0xea
 5204 129c 0C       		.byte	0xc
 5205 129d F6130000 		.4byte	0x13f6
 5206 12a1 33       		.uleb128 0x33
 5207 12a2 D71D0000 		.4byte	0x1dd7
 5208 12a6 0B       		.uleb128 0xb
 5209 12a7 CA1D0000 		.4byte	0x1dca
 5210 12ab 6E070000 		.4byte	.LLST82
 5211 12af 6C070000 		.4byte	.LVUS82
 5212 12b3 34       		.uleb128 0x34
 5213 12b4 1A1E0000 		.4byte	0x1e1a
 5214 12b8 44000000 		.4byte	.LBI216
 5215 12bc 03       		.byte	.LVU598
 5216 12bd 44000000 		.4byte	.LBB216
 5217 12c1 12000000 		.4byte	.LBE216-.LBB216
 5218 12c5 BF130000 		.4byte	0x13bf
 5219 12c9 21       		.uleb128 0x21
 5220 12ca 2B1E0000 		.4byte	0x1e2b
 5221 12ce 79070000 		.4byte	.LLST83
 5222 12d2 77070000 		.4byte	.LVUS83
 5223 12d6 09       		.uleb128 0x9
 5224 12d7 701E0000 		.4byte	0x1e70
 5225 12db 44000000 		.4byte	.LBI218
 5226 12df 06       		.byte	.LVU601
 5227 12e0 44000000 		.4byte	.LBB218
 5228 12e4 06000000 		.4byte	.LBE218-.LBB218
 5229 12e8 02       		.byte	0x2
 5230 12e9 FA       		.byte	0xfa
 5231 12ea 03       		.byte	0x3
 5232 12eb 2B130000 		.4byte	0x132b
 5233 12ef 0A       		.uleb128 0xa
 5234 12f0 961E0000 		.4byte	0x1e96
 5235 12f4 44000000 		.4byte	.LBI219
ARM GAS  /tmp/ccftVcE7.s 			page 93


 5236 12f8 08       		.byte	.LVU603
 5237 12f9 44000000 		.4byte	.LBB219
 5238 12fd 06000000 		.4byte	.LBE219-.LBB219
 5239 1301 03       		.byte	0x3
 5240 1302 7801     		.2byte	0x178
 5241 1304 03       		.byte	0x3
 5242 1305 0A       		.uleb128 0xa
 5243 1306 9E1E0000 		.4byte	0x1e9e
 5244 130a 44000000 		.4byte	.LBI220
 5245 130e 0A       		.byte	.LVU605
 5246 130f 44000000 		.4byte	.LBB220
 5247 1313 06000000 		.4byte	.LBE220-.LBB220
 5248 1317 04       		.byte	0x4
 5249 1318 6402     		.2byte	0x264
 5250 131a 03       		.byte	0x3
 5251 131b 0B       		.uleb128 0xb
 5252 131c A81E0000 		.4byte	0x1ea8
 5253 1320 84070000 		.4byte	.LLST84
 5254 1324 82070000 		.4byte	.LVUS84
 5255 1328 00       		.byte	0
 5256 1329 00       		.byte	0
 5257 132a 00       		.byte	0
 5258 132b 09       		.uleb128 0x9
 5259 132c 381E0000 		.4byte	0x1e38
 5260 1330 4A000000 		.4byte	.LBI222
 5261 1334 04       		.byte	.LVU611
 5262 1335 4A000000 		.4byte	.LBB222
 5263 1339 06000000 		.4byte	.LBE222-.LBB222
 5264 133d 02       		.byte	0x2
 5265 133e FB       		.byte	0xfb
 5266 133f 0D       		.byte	0xd
 5267 1340 6D130000 		.4byte	0x136d
 5268 1344 0E       		.uleb128 0xe
 5269 1345 781E0000 		.4byte	0x1e78
 5270 1349 4A000000 		.4byte	.LBI223
 5271 134d 06       		.byte	.LVU613
 5272 134e 4A000000 		.4byte	.LBB223
 5273 1352 06000000 		.4byte	.LBE223-.LBB223
 5274 1356 02       		.byte	0x2
 5275 1357 E9       		.byte	0xe9
 5276 1358 0A       		.byte	0xa
 5277 1359 22       		.uleb128 0x22
 5278 135a 831E0000 		.4byte	0x1e83
 5279 135e 4A000000 		.4byte	.LBI224
 5280 1362 08       		.byte	.LVU615
 5281 1363 4A000000 		.4byte	.LBB224
 5282 1367 06000000 		.4byte	.LBE224-.LBB224
 5283 136b 00       		.byte	0
 5284 136c 00       		.byte	0
 5285 136d 0E       		.uleb128 0xe
 5286 136e 431E0000 		.4byte	0x1e43
 5287 1372 50000000 		.4byte	.LBI226
 5288 1376 02       		.byte	.LVU620
 5289 1377 50000000 		.4byte	.LBB226
 5290 137b 06000000 		.4byte	.LBE226-.LBB226
 5291 137f 02       		.byte	0x2
 5292 1380 FC       		.byte	0xfc
ARM GAS  /tmp/ccftVcE7.s 			page 94


 5293 1381 03       		.byte	0x3
 5294 1382 0A       		.uleb128 0xa
 5295 1383 8E1E0000 		.4byte	0x1e8e
 5296 1387 50000000 		.4byte	.LBI228
 5297 138b 09       		.byte	.LVU627
 5298 138c 50000000 		.4byte	.LBB228
 5299 1390 06000000 		.4byte	.LBE228-.LBB228
 5300 1394 03       		.byte	0x3
 5301 1395 8F01     		.2byte	0x18f
 5302 1397 03       		.byte	0x3
 5303 1398 0A       		.uleb128 0xa
 5304 1399 9E1E0000 		.4byte	0x1e9e
 5305 139d 50000000 		.4byte	.LBI229
 5306 13a1 0B       		.byte	.LVU629
 5307 13a2 50000000 		.4byte	.LBB229
 5308 13a6 06000000 		.4byte	.LBE229-.LBB229
 5309 13aa 04       		.byte	0x4
 5310 13ab 7702     		.2byte	0x277
 5311 13ad 03       		.byte	0x3
 5312 13ae 0B       		.uleb128 0xb
 5313 13af A81E0000 		.4byte	0x1ea8
 5314 13b3 91070000 		.4byte	.LLST85
 5315 13b7 8F070000 		.4byte	.LVUS85
 5316 13bb 00       		.byte	0
 5317 13bc 00       		.byte	0
 5318 13bd 00       		.byte	0
 5319 13be 00       		.byte	0
 5320 13bf 0A       		.uleb128 0xa
 5321 13c0 E41D0000 		.4byte	0x1de4
 5322 13c4 56000000 		.4byte	.LBI231
 5323 13c8 03       		.byte	.LVU634
 5324 13c9 56000000 		.4byte	.LBB231
 5325 13cd 02000000 		.4byte	.LBE231-.LBB231
 5326 13d1 02       		.byte	0x2
 5327 13d2 4401     		.2byte	0x144
 5328 13d4 0A       		.byte	0xa
 5329 13d5 33       		.uleb128 0x33
 5330 13d6 0D1E0000 		.4byte	0x1e0d
 5331 13da 0B       		.uleb128 0xb
 5332 13db 001E0000 		.4byte	0x1e00
 5333 13df 9D070000 		.4byte	.LLST86
 5334 13e3 9B070000 		.4byte	.LVUS86
 5335 13e7 0B       		.uleb128 0xb
 5336 13e8 F31D0000 		.4byte	0x1df3
 5337 13ec A8070000 		.4byte	.LLST87
 5338 13f0 A6070000 		.4byte	.LVUS87
 5339 13f4 00       		.byte	0
 5340 13f5 00       		.byte	0
 5341 13f6 03       		.uleb128 0x3
 5342 13f7 24000000 		.4byte	.LVL177
 5343 13fb 21180000 		.4byte	0x1821
 5344 13ff 0F140000 		.4byte	0x140f
 5345 1403 01       		.uleb128 0x1
 5346 1404 01       		.uleb128 0x1
 5347 1405 50       		.byte	0x50
 5348 1406 01       		.uleb128 0x1
 5349 1407 30       		.byte	0x30
ARM GAS  /tmp/ccftVcE7.s 			page 95


 5350 1408 01       		.uleb128 0x1
 5351 1409 01       		.uleb128 0x1
 5352 140a 51       		.byte	0x51
 5353 140b 02       		.uleb128 0x2
 5354 140c 91       		.byte	0x91
 5355 140d 77       		.sleb128 -9
 5356 140e 00       		.byte	0
 5357 140f 04       		.uleb128 0x4
 5358 1410 68000000 		.4byte	.LVL184
 5359 1414 21180000 		.4byte	0x1821
 5360 1418 01       		.uleb128 0x1
 5361 1419 01       		.uleb128 0x1
 5362 141a 50       		.byte	0x50
 5363 141b 01       		.uleb128 0x1
 5364 141c 30       		.byte	0x30
 5365 141d 01       		.uleb128 0x1
 5366 141e 01       		.uleb128 0x1
 5367 141f 51       		.byte	0x51
 5368 1420 02       		.uleb128 0x2
 5369 1421 91       		.byte	0x91
 5370 1422 77       		.sleb128 -9
 5371 1423 00       		.byte	0
 5372 1424 00       		.byte	0
 5373 1425 1B       		.uleb128 0x1b
 5374 1426 9A040000 		.4byte	.LASF110
 5375 142a D1       		.byte	0xd1
 5376 142b 0D       		.byte	0xd
 5377 142c 72050000 		.4byte	0x572
 5378 1430 00000000 		.4byte	.LFB249
 5379 1434 62000000 		.4byte	.LFE249-.LFB249
 5380 1438 01       		.uleb128 0x1
 5381 1439 9C       		.byte	0x9c
 5382 143a 15170000 		.4byte	0x1715
 5383 143e 26       		.uleb128 0x26
 5384 143f 7F060000 		.4byte	.LASF109
 5385 1443 D3       		.byte	0xd3
 5386 1444 0D       		.byte	0xd
 5387 1445 7D000000 		.4byte	0x7d
 5388 1449 02       		.uleb128 0x2
 5389 144a 91       		.byte	0x91
 5390 144b 77       		.sleb128 -9
 5391 144c 29       		.uleb128 0x29
 5392 144d 10010000 		.4byte	.LASF108
 5393 1451 D4       		.byte	0xd4
 5394 1452 0F       		.byte	0xf
 5395 1453 01010000 		.4byte	0x101
 5396 1457 B3070000 		.4byte	.LLST65
 5397 145b B1070000 		.4byte	.LVUS65
 5398 145f 11       		.uleb128 0x11
 5399 1460 656E6400 		.ascii	"end\000"
 5400 1464 D5       		.byte	0xd5
 5401 1465 0F       		.byte	0xf
 5402 1466 01010000 		.4byte	0x101
 5403 146a BE070000 		.4byte	.LLST66
 5404 146e BC070000 		.4byte	.LVUS66
 5405 1472 09       		.uleb128 0x9
 5406 1473 1A1E0000 		.4byte	0x1e1a
ARM GAS  /tmp/ccftVcE7.s 			page 96


 5407 1477 0A000000 		.4byte	.LBI167
 5408 147b 01       		.byte	.LVU449
 5409 147c 0A000000 		.4byte	.LBB167
 5410 1480 12000000 		.4byte	.LBE167-.LBB167
 5411 1484 01       		.byte	0x1
 5412 1485 D4       		.byte	0xd4
 5413 1486 17       		.byte	0x17
 5414 1487 81150000 		.4byte	0x1581
 5415 148b 21       		.uleb128 0x21
 5416 148c 2B1E0000 		.4byte	0x1e2b
 5417 1490 CD070000 		.4byte	.LLST67
 5418 1494 CB070000 		.4byte	.LVUS67
 5419 1498 09       		.uleb128 0x9
 5420 1499 701E0000 		.4byte	0x1e70
 5421 149d 0A000000 		.4byte	.LBI169
 5422 14a1 04       		.byte	.LVU452
 5423 14a2 0A000000 		.4byte	.LBB169
 5424 14a6 06000000 		.4byte	.LBE169-.LBB169
 5425 14aa 02       		.byte	0x2
 5426 14ab FA       		.byte	0xfa
 5427 14ac 03       		.byte	0x3
 5428 14ad ED140000 		.4byte	0x14ed
 5429 14b1 0A       		.uleb128 0xa
 5430 14b2 961E0000 		.4byte	0x1e96
 5431 14b6 0A000000 		.4byte	.LBI170
 5432 14ba 06       		.byte	.LVU454
 5433 14bb 0A000000 		.4byte	.LBB170
 5434 14bf 06000000 		.4byte	.LBE170-.LBB170
 5435 14c3 03       		.byte	0x3
 5436 14c4 7801     		.2byte	0x178
 5437 14c6 03       		.byte	0x3
 5438 14c7 0A       		.uleb128 0xa
 5439 14c8 9E1E0000 		.4byte	0x1e9e
 5440 14cc 0A000000 		.4byte	.LBI171
 5441 14d0 08       		.byte	.LVU456
 5442 14d1 0A000000 		.4byte	.LBB171
 5443 14d5 06000000 		.4byte	.LBE171-.LBB171
 5444 14d9 04       		.byte	0x4
 5445 14da 6402     		.2byte	0x264
 5446 14dc 03       		.byte	0x3
 5447 14dd 0B       		.uleb128 0xb
 5448 14de A81E0000 		.4byte	0x1ea8
 5449 14e2 D8070000 		.4byte	.LLST68
 5450 14e6 D6070000 		.4byte	.LVUS68
 5451 14ea 00       		.byte	0
 5452 14eb 00       		.byte	0
 5453 14ec 00       		.byte	0
 5454 14ed 09       		.uleb128 0x9
 5455 14ee 381E0000 		.4byte	0x1e38
 5456 14f2 10000000 		.4byte	.LBI173
 5457 14f6 04       		.byte	.LVU462
 5458 14f7 10000000 		.4byte	.LBB173
 5459 14fb 06000000 		.4byte	.LBE173-.LBB173
 5460 14ff 02       		.byte	0x2
 5461 1500 FB       		.byte	0xfb
 5462 1501 0D       		.byte	0xd
 5463 1502 2F150000 		.4byte	0x152f
ARM GAS  /tmp/ccftVcE7.s 			page 97


 5464 1506 0E       		.uleb128 0xe
 5465 1507 781E0000 		.4byte	0x1e78
 5466 150b 10000000 		.4byte	.LBI174
 5467 150f 06       		.byte	.LVU464
 5468 1510 10000000 		.4byte	.LBB174
 5469 1514 06000000 		.4byte	.LBE174-.LBB174
 5470 1518 02       		.byte	0x2
 5471 1519 E9       		.byte	0xe9
 5472 151a 0A       		.byte	0xa
 5473 151b 22       		.uleb128 0x22
 5474 151c 831E0000 		.4byte	0x1e83
 5475 1520 10000000 		.4byte	.LBI175
 5476 1524 08       		.byte	.LVU466
 5477 1525 10000000 		.4byte	.LBB175
 5478 1529 06000000 		.4byte	.LBE175-.LBB175
 5479 152d 00       		.byte	0
 5480 152e 00       		.byte	0
 5481 152f 0E       		.uleb128 0xe
 5482 1530 431E0000 		.4byte	0x1e43
 5483 1534 16000000 		.4byte	.LBI177
 5484 1538 02       		.byte	.LVU471
 5485 1539 16000000 		.4byte	.LBB177
 5486 153d 06000000 		.4byte	.LBE177-.LBB177
 5487 1541 02       		.byte	0x2
 5488 1542 FC       		.byte	0xfc
 5489 1543 03       		.byte	0x3
 5490 1544 0A       		.uleb128 0xa
 5491 1545 8E1E0000 		.4byte	0x1e8e
 5492 1549 16000000 		.4byte	.LBI179
 5493 154d 09       		.byte	.LVU478
 5494 154e 16000000 		.4byte	.LBB179
 5495 1552 06000000 		.4byte	.LBE179-.LBB179
 5496 1556 03       		.byte	0x3
 5497 1557 8F01     		.2byte	0x18f
 5498 1559 03       		.byte	0x3
 5499 155a 0A       		.uleb128 0xa
 5500 155b 9E1E0000 		.4byte	0x1e9e
 5501 155f 16000000 		.4byte	.LBI180
 5502 1563 0B       		.byte	.LVU480
 5503 1564 16000000 		.4byte	.LBB180
 5504 1568 06000000 		.4byte	.LBE180-.LBB180
 5505 156c 04       		.byte	0x4
 5506 156d 7702     		.2byte	0x277
 5507 156f 03       		.byte	0x3
 5508 1570 0B       		.uleb128 0xb
 5509 1571 A81E0000 		.4byte	0x1ea8
 5510 1575 E5070000 		.4byte	.LLST69
 5511 1579 E3070000 		.4byte	.LVUS69
 5512 157d 00       		.byte	0
 5513 157e 00       		.byte	0
 5514 157f 00       		.byte	0
 5515 1580 00       		.byte	0
 5516 1581 09       		.uleb128 0x9
 5517 1582 BB1D0000 		.4byte	0x1dbb
 5518 1586 26000000 		.4byte	.LBI182
 5519 158a 01       		.byte	.LVU492
 5520 158b 26000000 		.4byte	.LBB182
ARM GAS  /tmp/ccftVcE7.s 			page 98


 5521 158f 14000000 		.4byte	.LBE182-.LBB182
 5522 1593 01       		.byte	0x1
 5523 1594 D6       		.byte	0xd6
 5524 1595 0C       		.byte	0xc
 5525 1596 FF160000 		.4byte	0x16ff
 5526 159a 0B       		.uleb128 0xb
 5527 159b D71D0000 		.4byte	0x1dd7
 5528 159f F1070000 		.4byte	.LLST70
 5529 15a3 EF070000 		.4byte	.LVUS70
 5530 15a7 0B       		.uleb128 0xb
 5531 15a8 CA1D0000 		.4byte	0x1dca
 5532 15ac 00080000 		.4byte	.LLST71
 5533 15b0 FE070000 		.4byte	.LVUS71
 5534 15b4 34       		.uleb128 0x34
 5535 15b5 1A1E0000 		.4byte	0x1e1a
 5536 15b9 26000000 		.4byte	.LBI183
 5537 15bd 03       		.byte	.LVU494
 5538 15be 26000000 		.4byte	.LBB183
 5539 15c2 12000000 		.4byte	.LBE183-.LBB183
 5540 15c6 C0160000 		.4byte	0x16c0
 5541 15ca 21       		.uleb128 0x21
 5542 15cb 2B1E0000 		.4byte	0x1e2b
 5543 15cf 0B080000 		.4byte	.LLST72
 5544 15d3 09080000 		.4byte	.LVUS72
 5545 15d7 09       		.uleb128 0x9
 5546 15d8 701E0000 		.4byte	0x1e70
 5547 15dc 26000000 		.4byte	.LBI185
 5548 15e0 06       		.byte	.LVU497
 5549 15e1 26000000 		.4byte	.LBB185
 5550 15e5 06000000 		.4byte	.LBE185-.LBB185
 5551 15e9 02       		.byte	0x2
 5552 15ea FA       		.byte	0xfa
 5553 15eb 03       		.byte	0x3
 5554 15ec 2C160000 		.4byte	0x162c
 5555 15f0 0A       		.uleb128 0xa
 5556 15f1 961E0000 		.4byte	0x1e96
 5557 15f5 26000000 		.4byte	.LBI186
 5558 15f9 08       		.byte	.LVU499
 5559 15fa 26000000 		.4byte	.LBB186
 5560 15fe 06000000 		.4byte	.LBE186-.LBB186
 5561 1602 03       		.byte	0x3
 5562 1603 7801     		.2byte	0x178
 5563 1605 03       		.byte	0x3
 5564 1606 0A       		.uleb128 0xa
 5565 1607 9E1E0000 		.4byte	0x1e9e
 5566 160b 26000000 		.4byte	.LBI187
 5567 160f 0A       		.byte	.LVU501
 5568 1610 26000000 		.4byte	.LBB187
 5569 1614 06000000 		.4byte	.LBE187-.LBB187
 5570 1618 04       		.byte	0x4
 5571 1619 6402     		.2byte	0x264
 5572 161b 03       		.byte	0x3
 5573 161c 0B       		.uleb128 0xb
 5574 161d A81E0000 		.4byte	0x1ea8
 5575 1621 16080000 		.4byte	.LLST73
 5576 1625 14080000 		.4byte	.LVUS73
 5577 1629 00       		.byte	0
ARM GAS  /tmp/ccftVcE7.s 			page 99


 5578 162a 00       		.byte	0
 5579 162b 00       		.byte	0
 5580 162c 09       		.uleb128 0x9
 5581 162d 381E0000 		.4byte	0x1e38
 5582 1631 2C000000 		.4byte	.LBI189
 5583 1635 04       		.byte	.LVU507
 5584 1636 2C000000 		.4byte	.LBB189
 5585 163a 06000000 		.4byte	.LBE189-.LBB189
 5586 163e 02       		.byte	0x2
 5587 163f FB       		.byte	0xfb
 5588 1640 0D       		.byte	0xd
 5589 1641 6E160000 		.4byte	0x166e
 5590 1645 0E       		.uleb128 0xe
 5591 1646 781E0000 		.4byte	0x1e78
 5592 164a 2C000000 		.4byte	.LBI190
 5593 164e 06       		.byte	.LVU509
 5594 164f 2C000000 		.4byte	.LBB190
 5595 1653 06000000 		.4byte	.LBE190-.LBB190
 5596 1657 02       		.byte	0x2
 5597 1658 E9       		.byte	0xe9
 5598 1659 0A       		.byte	0xa
 5599 165a 22       		.uleb128 0x22
 5600 165b 831E0000 		.4byte	0x1e83
 5601 165f 2C000000 		.4byte	.LBI191
 5602 1663 08       		.byte	.LVU511
 5603 1664 2C000000 		.4byte	.LBB191
 5604 1668 06000000 		.4byte	.LBE191-.LBB191
 5605 166c 00       		.byte	0
 5606 166d 00       		.byte	0
 5607 166e 0E       		.uleb128 0xe
 5608 166f 431E0000 		.4byte	0x1e43
 5609 1673 32000000 		.4byte	.LBI193
 5610 1677 02       		.byte	.LVU516
 5611 1678 32000000 		.4byte	.LBB193
 5612 167c 06000000 		.4byte	.LBE193-.LBB193
 5613 1680 02       		.byte	0x2
 5614 1681 FC       		.byte	0xfc
 5615 1682 03       		.byte	0x3
 5616 1683 0A       		.uleb128 0xa
 5617 1684 8E1E0000 		.4byte	0x1e8e
 5618 1688 32000000 		.4byte	.LBI195
 5619 168c 09       		.byte	.LVU523
 5620 168d 32000000 		.4byte	.LBB195
 5621 1691 06000000 		.4byte	.LBE195-.LBB195
 5622 1695 03       		.byte	0x3
 5623 1696 8F01     		.2byte	0x18f
 5624 1698 03       		.byte	0x3
 5625 1699 0A       		.uleb128 0xa
 5626 169a 9E1E0000 		.4byte	0x1e9e
 5627 169e 32000000 		.4byte	.LBI196
 5628 16a2 0B       		.byte	.LVU525
 5629 16a3 32000000 		.4byte	.LBB196
 5630 16a7 06000000 		.4byte	.LBE196-.LBB196
 5631 16ab 04       		.byte	0x4
 5632 16ac 7702     		.2byte	0x277
 5633 16ae 03       		.byte	0x3
 5634 16af 0B       		.uleb128 0xb
ARM GAS  /tmp/ccftVcE7.s 			page 100


 5635 16b0 A81E0000 		.4byte	0x1ea8
 5636 16b4 23080000 		.4byte	.LLST74
 5637 16b8 21080000 		.4byte	.LVUS74
 5638 16bc 00       		.byte	0
 5639 16bd 00       		.byte	0
 5640 16be 00       		.byte	0
 5641 16bf 00       		.byte	0
 5642 16c0 0A       		.uleb128 0xa
 5643 16c1 E41D0000 		.4byte	0x1de4
 5644 16c5 38000000 		.4byte	.LBI198
 5645 16c9 03       		.byte	.LVU530
 5646 16ca 38000000 		.4byte	.LBB198
 5647 16ce 02000000 		.4byte	.LBE198-.LBB198
 5648 16d2 02       		.byte	0x2
 5649 16d3 4401     		.2byte	0x144
 5650 16d5 0A       		.byte	0xa
 5651 16d6 0B       		.uleb128 0xb
 5652 16d7 0D1E0000 		.4byte	0x1e0d
 5653 16db 2F080000 		.4byte	.LLST75
 5654 16df 2D080000 		.4byte	.LVUS75
 5655 16e3 0B       		.uleb128 0xb
 5656 16e4 001E0000 		.4byte	0x1e00
 5657 16e8 3E080000 		.4byte	.LLST76
 5658 16ec 3C080000 		.4byte	.LVUS76
 5659 16f0 0B       		.uleb128 0xb
 5660 16f1 F31D0000 		.4byte	0x1df3
 5661 16f5 49080000 		.4byte	.LLST77
 5662 16f9 47080000 		.4byte	.LVUS77
 5663 16fd 00       		.byte	0
 5664 16fe 00       		.byte	0
 5665 16ff 04       		.uleb128 0x4
 5666 1700 4C000000 		.4byte	.LVL171
 5667 1704 21180000 		.4byte	0x1821
 5668 1708 01       		.uleb128 0x1
 5669 1709 01       		.uleb128 0x1
 5670 170a 50       		.byte	0x50
 5671 170b 01       		.uleb128 0x1
 5672 170c 30       		.byte	0x30
 5673 170d 01       		.uleb128 0x1
 5674 170e 01       		.uleb128 0x1
 5675 170f 51       		.byte	0x51
 5676 1710 02       		.uleb128 0x2
 5677 1711 91       		.byte	0x91
 5678 1712 77       		.sleb128 -9
 5679 1713 00       		.byte	0
 5680 1714 00       		.byte	0
 5681 1715 1B       		.uleb128 0x1b
 5682 1716 A4060000 		.4byte	.LASF111
 5683 171a B4       		.byte	0xb4
 5684 171b 0D       		.byte	0xd
 5685 171c 72050000 		.4byte	0x572
 5686 1720 00000000 		.4byte	.LFB248
 5687 1724 12000000 		.4byte	.LFE248-.LFB248
 5688 1728 01       		.uleb128 0x1
 5689 1729 9C       		.byte	0x9c
 5690 172a 9B170000 		.4byte	0x179b
 5691 172e 18       		.uleb128 0x18
ARM GAS  /tmp/ccftVcE7.s 			page 101


 5692 172f 62756600 		.ascii	"buf\000"
 5693 1733 B4       		.byte	0xb4
 5694 1734 2E       		.byte	0x2e
 5695 1735 68050000 		.4byte	0x568
 5696 1739 58080000 		.4byte	.LLST19
 5697 173d 52080000 		.4byte	.LVUS19
 5698 1741 18       		.uleb128 0x18
 5699 1742 6C656E00 		.ascii	"len\000"
 5700 1746 B4       		.byte	0xb4
 5701 1747 37       		.byte	0x37
 5702 1748 3B000000 		.4byte	0x3b
 5703 174c 7C080000 		.4byte	.LLST20
 5704 1750 76080000 		.4byte	.LVUS20
 5705 1754 2A       		.uleb128 0x2a
 5706 1755 E2040000 		.4byte	.LASF112
 5707 1759 B6       		.byte	0xb6
 5708 175a 07       		.byte	0x7
 5709 175b 3B000000 		.4byte	0x3b
 5710 175f 11       		.uleb128 0x11
 5711 1760 7300     		.ascii	"s\000"
 5712 1762 B7       		.byte	0xb7
 5713 1763 07       		.byte	0x7
 5714 1764 3B000000 		.4byte	0x3b
 5715 1768 9E080000 		.4byte	.LLST21
 5716 176c 9A080000 		.4byte	.LVUS21
 5717 1770 04       		.uleb128 0x4
 5718 1771 0C000000 		.4byte	.LVL69
 5719 1775 3C190000 		.4byte	0x193c
 5720 1779 01       		.uleb128 0x1
 5721 177a 01       		.uleb128 0x1
 5722 177b 50       		.byte	0x50
 5723 177c 02       		.uleb128 0x2
 5724 177d 08       		.byte	0x8
 5725 177e 60       		.byte	0x60
 5726 177f 01       		.uleb128 0x1
 5727 1780 01       		.uleb128 0x1
 5728 1781 51       		.byte	0x51
 5729 1782 09       		.uleb128 0x9
 5730 1783 A3       		.byte	0xa3
 5731 1784 03       		.uleb128 0x3
 5732 1785 A5       		.byte	0xa5
 5733 1786 00       		.uleb128 0
 5734 1787 26       		.uleb128 0x26
 5735 1788 A8       		.byte	0xa8
 5736 1789 2D       		.uleb128 0x2d
 5737 178a A8       		.byte	0xa8
 5738 178b 00       		.uleb128 0
 5739 178c 01       		.uleb128 0x1
 5740 178d 01       		.uleb128 0x1
 5741 178e 52       		.byte	0x52
 5742 178f 09       		.uleb128 0x9
 5743 1790 A3       		.byte	0xa3
 5744 1791 03       		.uleb128 0x3
 5745 1792 A5       		.byte	0xa5
 5746 1793 01       		.uleb128 0x1
 5747 1794 26       		.uleb128 0x26
 5748 1795 A8       		.byte	0xa8
ARM GAS  /tmp/ccftVcE7.s 			page 102


 5749 1796 2D       		.uleb128 0x2d
 5750 1797 A8       		.byte	0xa8
 5751 1798 00       		.uleb128 0
 5752 1799 00       		.byte	0
 5753 179a 00       		.byte	0
 5754 179b 1B       		.uleb128 0x1b
 5755 179c B4040000 		.4byte	.LASF113
 5756 17a0 AD       		.byte	0xad
 5757 17a1 0D       		.byte	0xd
 5758 17a2 72050000 		.4byte	0x572
 5759 17a6 00000000 		.4byte	.LFB247
 5760 17aa 12000000 		.4byte	.LFE247-.LFB247
 5761 17ae 01       		.uleb128 0x1
 5762 17af 9C       		.byte	0x9c
 5763 17b0 21180000 		.4byte	0x1821
 5764 17b4 18       		.uleb128 0x18
 5765 17b5 72656700 		.ascii	"reg\000"
 5766 17b9 AD       		.byte	0xad
 5767 17ba 22       		.byte	0x22
 5768 17bb 7D000000 		.4byte	0x7d
 5769 17bf B7080000 		.4byte	.LLST12
 5770 17c3 B1080000 		.4byte	.LVUS12
 5771 17c7 18       		.uleb128 0x18
 5772 17c8 64617400 		.ascii	"dat\000"
 5773 17cc AD       		.byte	0xad
 5774 17cd 2F       		.byte	0x2f
 5775 17ce 7D000000 		.4byte	0x7d
 5776 17d2 DB080000 		.4byte	.LLST13
 5777 17d6 D5080000 		.4byte	.LVUS13
 5778 17da 2A       		.uleb128 0x2a
 5779 17db E2040000 		.4byte	.LASF112
 5780 17df AF       		.byte	0xaf
 5781 17e0 07       		.byte	0x7
 5782 17e1 3B000000 		.4byte	0x3b
 5783 17e5 11       		.uleb128 0x11
 5784 17e6 7300     		.ascii	"s\000"
 5785 17e8 B0       		.byte	0xb0
 5786 17e9 07       		.byte	0x7
 5787 17ea 3B000000 		.4byte	0x3b
 5788 17ee FD080000 		.4byte	.LLST14
 5789 17f2 F9080000 		.4byte	.LVUS14
 5790 17f6 04       		.uleb128 0x4
 5791 17f7 0C000000 		.4byte	.LVL50
 5792 17fb E2190000 		.4byte	0x19e2
 5793 17ff 01       		.uleb128 0x1
 5794 1800 01       		.uleb128 0x1
 5795 1801 50       		.byte	0x50
 5796 1802 02       		.uleb128 0x2
 5797 1803 08       		.byte	0x8
 5798 1804 60       		.byte	0x60
 5799 1805 01       		.uleb128 0x1
 5800 1806 01       		.uleb128 0x1
 5801 1807 51       		.byte	0x51
 5802 1808 09       		.uleb128 0x9
 5803 1809 A3       		.byte	0xa3
 5804 180a 03       		.uleb128 0x3
 5805 180b A5       		.byte	0xa5
ARM GAS  /tmp/ccftVcE7.s 			page 103


 5806 180c 00       		.uleb128 0
 5807 180d 26       		.uleb128 0x26
 5808 180e A8       		.byte	0xa8
 5809 180f 34       		.uleb128 0x34
 5810 1810 A8       		.byte	0xa8
 5811 1811 00       		.uleb128 0
 5812 1812 01       		.uleb128 0x1
 5813 1813 01       		.uleb128 0x1
 5814 1814 52       		.byte	0x52
 5815 1815 09       		.uleb128 0x9
 5816 1816 A3       		.byte	0xa3
 5817 1817 03       		.uleb128 0x3
 5818 1818 A5       		.byte	0xa5
 5819 1819 01       		.uleb128 0x1
 5820 181a 26       		.uleb128 0x26
 5821 181b A8       		.byte	0xa8
 5822 181c 34       		.uleb128 0x34
 5823 181d A8       		.byte	0xa8
 5824 181e 00       		.uleb128 0
 5825 181f 00       		.byte	0
 5826 1820 00       		.byte	0
 5827 1821 1B       		.uleb128 0x1b
 5828 1822 F4030000 		.4byte	.LASF114
 5829 1826 A3       		.byte	0xa3
 5830 1827 0D       		.byte	0xd
 5831 1828 72050000 		.4byte	0x572
 5832 182c 00000000 		.4byte	.LFB246
 5833 1830 1A000000 		.4byte	.LFE246-.LFB246
 5834 1834 01       		.uleb128 0x1
 5835 1835 9C       		.byte	0x9c
 5836 1836 9A180000 		.4byte	0x189a
 5837 183a 18       		.uleb128 0x18
 5838 183b 72656700 		.ascii	"reg\000"
 5839 183f A3       		.byte	0xa3
 5840 1840 21       		.byte	0x21
 5841 1841 7D000000 		.4byte	0x7d
 5842 1845 16090000 		.4byte	.LLST62
 5843 1849 10090000 		.4byte	.LVUS62
 5844 184d 18       		.uleb128 0x18
 5845 184e 62756600 		.ascii	"buf\000"
 5846 1852 A3       		.byte	0xa3
 5847 1853 2F       		.byte	0x2f
 5848 1854 6D050000 		.4byte	0x56d
 5849 1858 38090000 		.4byte	.LLST63
 5850 185c 34090000 		.4byte	.LVUS63
 5851 1860 2A       		.uleb128 0x2a
 5852 1861 E2040000 		.4byte	.LASF112
 5853 1865 A5       		.byte	0xa5
 5854 1866 09       		.byte	0x9
 5855 1867 3B000000 		.4byte	0x3b
 5856 186b 11       		.uleb128 0x11
 5857 186c 7600     		.ascii	"v\000"
 5858 186e A6       		.byte	0xa6
 5859 186f 09       		.byte	0x9
 5860 1870 3B000000 		.4byte	0x3b
 5861 1874 4C090000 		.4byte	.LLST64
 5862 1878 48090000 		.4byte	.LVUS64
ARM GAS  /tmp/ccftVcE7.s 			page 104


 5863 187c 04       		.uleb128 0x4
 5864 187d 0C000000 		.4byte	.LVL157
 5865 1881 9A180000 		.4byte	0x189a
 5866 1885 01       		.uleb128 0x1
 5867 1886 01       		.uleb128 0x1
 5868 1887 50       		.byte	0x50
 5869 1888 02       		.uleb128 0x2
 5870 1889 08       		.byte	0x8
 5871 188a 60       		.byte	0x60
 5872 188b 01       		.uleb128 0x1
 5873 188c 01       		.uleb128 0x1
 5874 188d 51       		.byte	0x51
 5875 188e 09       		.uleb128 0x9
 5876 188f A3       		.byte	0xa3
 5877 1890 03       		.uleb128 0x3
 5878 1891 A5       		.byte	0xa5
 5879 1892 00       		.uleb128 0
 5880 1893 26       		.uleb128 0x26
 5881 1894 A8       		.byte	0xa8
 5882 1895 34       		.uleb128 0x34
 5883 1896 A8       		.byte	0xa8
 5884 1897 00       		.uleb128 0
 5885 1898 00       		.byte	0
 5886 1899 00       		.byte	0
 5887 189a 1A       		.uleb128 0x1a
 5888 189b 76060000 		.4byte	.LASF115
 5889 189f 91       		.byte	0x91
 5890 18a0 09       		.byte	0x9
 5891 18a1 3B000000 		.4byte	0x3b
 5892 18a5 00000000 		.4byte	.LFB245
 5893 18a9 3C000000 		.4byte	.LFE245-.LFB245
 5894 18ad 01       		.uleb128 0x1
 5895 18ae 9C       		.byte	0x9c
 5896 18af 3C190000 		.4byte	0x193c
 5897 18b3 12       		.uleb128 0x12
 5898 18b4 42020000 		.4byte	.LASF116
 5899 18b8 91       		.byte	0x91
 5900 18b9 1A       		.byte	0x1a
 5901 18ba 7D000000 		.4byte	0x7d
 5902 18be 62090000 		.4byte	.LLST59
 5903 18c2 5C090000 		.4byte	.LVUS59
 5904 18c6 12       		.uleb128 0x12
 5905 18c7 E2040000 		.4byte	.LASF112
 5906 18cb 91       		.byte	0x91
 5907 18cc 2B       		.byte	0x2b
 5908 18cd 7D000000 		.4byte	0x7d
 5909 18d1 86090000 		.4byte	.LLST60
 5910 18d5 80090000 		.4byte	.LVUS60
 5911 18d9 11       		.uleb128 0x11
 5912 18da 72657300 		.ascii	"res\000"
 5913 18de 9A       		.byte	0x9a
 5914 18df 0D       		.byte	0xd
 5915 18e0 3B000000 		.4byte	0x3b
 5916 18e4 A8090000 		.4byte	.LLST61
 5917 18e8 A4090000 		.4byte	.LVUS61
 5918 18ec 08       		.uleb128 0x8
 5919 18ed 0A000000 		.4byte	.LVL145
ARM GAS  /tmp/ccftVcE7.s 			page 105


 5920 18f1 3F1D0000 		.4byte	0x1d3f
 5921 18f5 03       		.uleb128 0x3
 5922 18f6 16000000 		.4byte	.LVL147
 5923 18fa 071B0000 		.4byte	0x1b07
 5924 18fe 0B190000 		.4byte	0x190b
 5925 1902 01       		.uleb128 0x1
 5926 1903 01       		.uleb128 0x1
 5927 1904 50       		.byte	0x50
 5928 1905 04       		.uleb128 0x4
 5929 1906 74       		.byte	0x74
 5930 1907 00       		.sleb128 0
 5931 1908 31       		.byte	0x31
 5932 1909 21       		.byte	0x21
 5933 190a 00       		.byte	0
 5934 190b 03       		.uleb128 0x3
 5935 190c 1E000000 		.4byte	.LVL148
 5936 1910 071B0000 		.4byte	0x1b07
 5937 1914 1F190000 		.4byte	0x191f
 5938 1918 01       		.uleb128 0x1
 5939 1919 01       		.uleb128 0x1
 5940 191a 50       		.byte	0x50
 5941 191b 02       		.uleb128 0x2
 5942 191c 75       		.byte	0x75
 5943 191d 00       		.sleb128 0
 5944 191e 00       		.byte	0
 5945 191f 03       		.uleb128 0x3
 5946 1920 26000000 		.4byte	.LVL149
 5947 1924 241C0000 		.4byte	0x1c24
 5948 1928 32190000 		.4byte	0x1932
 5949 192c 01       		.uleb128 0x1
 5950 192d 01       		.uleb128 0x1
 5951 192e 50       		.byte	0x50
 5952 192f 01       		.uleb128 0x1
 5953 1930 38       		.byte	0x38
 5954 1931 00       		.byte	0
 5955 1932 08       		.uleb128 0x8
 5956 1933 2C000000 		.4byte	.LVL151
 5957 1937 B21C0000 		.4byte	0x1cb2
 5958 193b 00       		.byte	0
 5959 193c 1A       		.uleb128 0x1a
 5960 193d 94020000 		.4byte	.LASF117
 5961 1941 83       		.byte	0x83
 5962 1942 09       		.byte	0x9
 5963 1943 3B000000 		.4byte	0x3b
 5964 1947 00000000 		.4byte	.LFB244
 5965 194b 40000000 		.4byte	.LFE244-.LFB244
 5966 194f 01       		.uleb128 0x1
 5967 1950 9C       		.byte	0x9c
 5968 1951 E2190000 		.4byte	0x19e2
 5969 1955 12       		.uleb128 0x12
 5970 1956 42020000 		.4byte	.LASF116
 5971 195a 83       		.byte	0x83
 5972 195b 1F       		.byte	0x1f
 5973 195c 7D000000 		.4byte	0x7d
 5974 1960 BE090000 		.4byte	.LLST15
 5975 1964 B8090000 		.4byte	.LVUS15
 5976 1968 12       		.uleb128 0x12
ARM GAS  /tmp/ccftVcE7.s 			page 106


 5977 1969 0B020000 		.4byte	.LASF118
 5978 196d 83       		.byte	0x83
 5979 196e 31       		.byte	0x31
 5980 196f 6D050000 		.4byte	0x56d
 5981 1973 E0090000 		.4byte	.LLST16
 5982 1977 DC090000 		.4byte	.LVUS16
 5983 197b 18       		.uleb128 0x18
 5984 197c 6C656E00 		.ascii	"len\000"
 5985 1980 83       		.byte	0x83
 5986 1981 3B       		.byte	0x3b
 5987 1982 3B000000 		.4byte	0x3b
 5988 1986 F4090000 		.4byte	.LLST17
 5989 198a F0090000 		.4byte	.LVUS17
 5990 198e 35       		.uleb128 0x35
 5991 198f 18000000 		.4byte	.LBB166
 5992 1993 1A000000 		.4byte	.LBE166-.LBB166
 5993 1997 B6190000 		.4byte	0x19b6
 5994 199b 11       		.uleb128 0x11
 5995 199c 6900     		.ascii	"i\000"
 5996 199e 89       		.byte	0x89
 5997 199f 11       		.byte	0x11
 5998 19a0 3B000000 		.4byte	0x3b
 5999 19a4 060A0000 		.4byte	.LLST18
 6000 19a8 040A0000 		.4byte	.LVUS18
 6001 19ac 08       		.uleb128 0x8
 6002 19ad 28000000 		.4byte	.LVL61
 6003 19b1 071B0000 		.4byte	0x1b07
 6004 19b5 00       		.byte	0
 6005 19b6 08       		.uleb128 0x8
 6006 19b7 0C000000 		.4byte	.LVL56
 6007 19bb 3F1D0000 		.4byte	0x1d3f
 6008 19bf 03       		.uleb128 0x3
 6009 19c0 16000000 		.4byte	.LVL57
 6010 19c4 071B0000 		.4byte	0x1b07
 6011 19c8 D8190000 		.4byte	0x19d8
 6012 19cc 01       		.uleb128 0x1
 6013 19cd 01       		.uleb128 0x1
 6014 19ce 50       		.byte	0x50
 6015 19cf 07       		.uleb128 0x7
 6016 19d0 74       		.byte	0x74
 6017 19d1 00       		.sleb128 0
 6018 19d2 31       		.byte	0x31
 6019 19d3 24       		.byte	0x24
 6020 19d4 08       		.byte	0x8
 6021 19d5 FE       		.byte	0xfe
 6022 19d6 1A       		.byte	0x1a
 6023 19d7 00       		.byte	0
 6024 19d8 08       		.uleb128 0x8
 6025 19d9 36000000 		.4byte	.LVL62
 6026 19dd B21C0000 		.4byte	0x1cb2
 6027 19e1 00       		.byte	0
 6028 19e2 1A       		.uleb128 0x1a
 6029 19e3 50020000 		.4byte	.LASF119
 6030 19e7 73       		.byte	0x73
 6031 19e8 09       		.byte	0x9
 6032 19e9 3B000000 		.4byte	0x3b
 6033 19ed 00000000 		.4byte	.LFB243
ARM GAS  /tmp/ccftVcE7.s 			page 107


 6034 19f1 42000000 		.4byte	.LFE243-.LFB243
 6035 19f5 01       		.uleb128 0x1
 6036 19f6 9C       		.byte	0x9c
 6037 19f7 861A0000 		.4byte	0x1a86
 6038 19fb 12       		.uleb128 0x12
 6039 19fc 42020000 		.4byte	.LASF116
 6040 1a00 73       		.byte	0x73
 6041 1a01 1B       		.byte	0x1b
 6042 1a02 7D000000 		.4byte	0x7d
 6043 1a06 150A0000 		.4byte	.LLST9
 6044 1a0a 0F0A0000 		.4byte	.LVUS9
 6045 1a0e 12       		.uleb128 0x12
 6046 1a0f E2040000 		.4byte	.LASF112
 6047 1a13 73       		.byte	0x73
 6048 1a14 2C       		.byte	0x2c
 6049 1a15 7D000000 		.4byte	0x7d
 6050 1a19 390A0000 		.4byte	.LLST10
 6051 1a1d 330A0000 		.4byte	.LVUS10
 6052 1a21 12       		.uleb128 0x12
 6053 1a22 0B020000 		.4byte	.LASF118
 6054 1a26 73       		.byte	0x73
 6055 1a27 3A       		.byte	0x3a
 6056 1a28 7D000000 		.4byte	0x7d
 6057 1a2c 5D0A0000 		.4byte	.LLST11
 6058 1a30 570A0000 		.4byte	.LVUS11
 6059 1a34 08       		.uleb128 0x8
 6060 1a35 0C000000 		.4byte	.LVL39
 6061 1a39 3F1D0000 		.4byte	0x1d3f
 6062 1a3d 03       		.uleb128 0x3
 6063 1a3e 16000000 		.4byte	.LVL41
 6064 1a42 071B0000 		.4byte	0x1b07
 6065 1a46 541A0000 		.4byte	0x1a54
 6066 1a4a 01       		.uleb128 0x1
 6067 1a4b 01       		.uleb128 0x1
 6068 1a4c 50       		.byte	0x50
 6069 1a4d 05       		.uleb128 0x5
 6070 1a4e 74       		.byte	0x74
 6071 1a4f 00       		.sleb128 0
 6072 1a50 08       		.byte	0x8
 6073 1a51 FE       		.byte	0xfe
 6074 1a52 1A       		.byte	0x1a
 6075 1a53 00       		.byte	0
 6076 1a54 03       		.uleb128 0x3
 6077 1a55 1E000000 		.4byte	.LVL42
 6078 1a59 071B0000 		.4byte	0x1b07
 6079 1a5d 681A0000 		.4byte	0x1a68
 6080 1a61 01       		.uleb128 0x1
 6081 1a62 01       		.uleb128 0x1
 6082 1a63 50       		.byte	0x50
 6083 1a64 02       		.uleb128 0x2
 6084 1a65 75       		.byte	0x75
 6085 1a66 00       		.sleb128 0
 6086 1a67 00       		.byte	0
 6087 1a68 03       		.uleb128 0x3
 6088 1a69 26000000 		.4byte	.LVL43
 6089 1a6d 071B0000 		.4byte	0x1b07
 6090 1a71 7C1A0000 		.4byte	0x1a7c
ARM GAS  /tmp/ccftVcE7.s 			page 108


 6091 1a75 01       		.uleb128 0x1
 6092 1a76 01       		.uleb128 0x1
 6093 1a77 50       		.byte	0x50
 6094 1a78 02       		.uleb128 0x2
 6095 1a79 76       		.byte	0x76
 6096 1a7a 00       		.sleb128 0
 6097 1a7b 00       		.byte	0
 6098 1a7c 08       		.uleb128 0x8
 6099 1a7d 2C000000 		.4byte	.LVL44
 6100 1a81 B21C0000 		.4byte	0x1cb2
 6101 1a85 00       		.byte	0
 6102 1a86 1A       		.uleb128 0x1a
 6103 1a87 3D040000 		.4byte	.LASF120
 6104 1a8b 69       		.byte	0x69
 6105 1a8c 0A       		.byte	0xa
 6106 1a8d 72050000 		.4byte	0x572
 6107 1a91 00000000 		.4byte	.LFB242
 6108 1a95 20000000 		.4byte	.LFE242-.LFB242
 6109 1a99 01       		.uleb128 0x1
 6110 1a9a 9C       		.byte	0x9c
 6111 1a9b DE1A0000 		.4byte	0x1ade
 6112 1a9f 12       		.uleb128 0x12
 6113 1aa0 42020000 		.4byte	.LASF116
 6114 1aa4 69       		.byte	0x69
 6115 1aa5 1C       		.byte	0x1c
 6116 1aa6 7D000000 		.4byte	0x7d
 6117 1aaa 810A0000 		.4byte	.LLST8
 6118 1aae 7B0A0000 		.4byte	.LVUS8
 6119 1ab2 08       		.uleb128 0x8
 6120 1ab3 08000000 		.4byte	.LVL34
 6121 1ab7 3F1D0000 		.4byte	0x1d3f
 6122 1abb 03       		.uleb128 0x3
 6123 1abc 12000000 		.4byte	.LVL35
 6124 1ac0 071B0000 		.4byte	0x1b07
 6125 1ac4 D41A0000 		.4byte	0x1ad4
 6126 1ac8 01       		.uleb128 0x1
 6127 1ac9 01       		.uleb128 0x1
 6128 1aca 50       		.byte	0x50
 6129 1acb 07       		.uleb128 0x7
 6130 1acc 74       		.byte	0x74
 6131 1acd 00       		.sleb128 0
 6132 1ace 31       		.byte	0x31
 6133 1acf 24       		.byte	0x24
 6134 1ad0 08       		.byte	0x8
 6135 1ad1 FE       		.byte	0xfe
 6136 1ad2 1A       		.byte	0x1a
 6137 1ad3 00       		.byte	0
 6138 1ad4 08       		.uleb128 0x8
 6139 1ad5 1C000000 		.4byte	.LVL37
 6140 1ad9 B21C0000 		.4byte	0x1cb2
 6141 1add 00       		.byte	0
 6142 1ade 45       		.uleb128 0x45
 6143 1adf AD010000 		.4byte	.LASF121
 6144 1ae3 01       		.byte	0x1
 6145 1ae4 60       		.byte	0x60
 6146 1ae5 0A       		.byte	0xa
 6147 1ae6 00000000 		.4byte	.LFB241
ARM GAS  /tmp/ccftVcE7.s 			page 109


 6148 1aea 0C000000 		.4byte	.LFE241-.LFB241
 6149 1aee 01       		.uleb128 0x1
 6150 1aef 9C       		.byte	0x9c
 6151 1af0 071B0000 		.4byte	0x1b07
 6152 1af4 08       		.uleb128 0x8
 6153 1af5 06000000 		.4byte	.LVL31
 6154 1af9 3F1D0000 		.4byte	0x1d3f
 6155 1afd 08       		.uleb128 0x8
 6156 1afe 0A000000 		.4byte	.LVL32
 6157 1b02 B21C0000 		.4byte	0x1cb2
 6158 1b06 00       		.byte	0
 6159 1b07 1B       		.uleb128 0x1b
 6160 1b08 A2020000 		.4byte	.LASF122
 6161 1b0c 52       		.byte	0x52
 6162 1b0d 11       		.byte	0x11
 6163 1b0e 72050000 		.4byte	0x572
 6164 1b12 00000000 		.4byte	.LFB240
 6165 1b16 64000000 		.4byte	.LFE240-.LFB240
 6166 1b1a 01       		.uleb128 0x1
 6167 1b1b 9C       		.byte	0x9c
 6168 1b1c 241C0000 		.4byte	0x1c24
 6169 1b20 12       		.uleb128 0x12
 6170 1b21 0B020000 		.4byte	.LASF118
 6171 1b25 52       		.byte	0x52
 6172 1b26 22       		.byte	0x22
 6173 1b27 7D000000 		.4byte	0x7d
 6174 1b2b A50A0000 		.4byte	.LLST5
 6175 1b2f 9F0A0000 		.4byte	.LVUS5
 6176 1b33 11       		.uleb128 0x11
 6177 1b34 72657400 		.ascii	"ret\000"
 6178 1b38 59       		.byte	0x59
 6179 1b39 0E       		.byte	0xe
 6180 1b3a 72050000 		.4byte	0x572
 6181 1b3e C50A0000 		.4byte	.LLST6
 6182 1b42 C30A0000 		.4byte	.LVUS6
 6183 1b46 35       		.uleb128 0x35
 6184 1b47 04000000 		.4byte	.LBB157
 6185 1b4b 40000000 		.4byte	.LBE157-.LBB157
 6186 1b4f 071C0000 		.4byte	0x1c07
 6187 1b53 29       		.uleb128 0x29
 6188 1b54 64010000 		.4byte	.LASF123
 6189 1b58 54       		.byte	0x54
 6190 1b59 17       		.byte	0x17
 6191 1b5a 8E000000 		.4byte	0x8e
 6192 1b5e D20A0000 		.4byte	.LLST7
 6193 1b62 CE0A0000 		.4byte	.LVUS7
 6194 1b66 09       		.uleb128 0x9
 6195 1b67 A91D0000 		.4byte	0x1da9
 6196 1b6b 08000000 		.4byte	.LBI158
 6197 1b6f 01       		.byte	.LVU80
 6198 1b70 08000000 		.4byte	.LBB158
 6199 1b74 0E000000 		.4byte	.LBE158-.LBB158
 6200 1b78 01       		.byte	0x1
 6201 1b79 55       		.byte	0x55
 6202 1b7a 0D       		.byte	0xd
 6203 1b7b 8F1B0000 		.4byte	0x1b8f
 6204 1b7f 04       		.uleb128 0x4
ARM GAS  /tmp/ccftVcE7.s 			page 110


 6205 1b80 16000000 		.4byte	.LVL21
 6206 1b84 FC060000 		.4byte	0x6fc
 6207 1b88 01       		.uleb128 0x1
 6208 1b89 01       		.uleb128 0x1
 6209 1b8a 50       		.byte	0x50
 6210 1b8b 01       		.uleb128 0x1
 6211 1b8c 44       		.byte	0x44
 6212 1b8d 00       		.byte	0
 6213 1b8e 00       		.byte	0
 6214 1b8f 09       		.uleb128 0x9
 6215 1b90 AF1D0000 		.4byte	0x1daf
 6216 1b94 16000000 		.4byte	.LBI160
 6217 1b98 03       		.byte	.LVU86
 6218 1b99 16000000 		.4byte	.LBB160
 6219 1b9d 0E000000 		.4byte	.LBE160-.LBB160
 6220 1ba1 01       		.byte	0x1
 6221 1ba2 56       		.byte	0x56
 6222 1ba3 0D       		.byte	0xd
 6223 1ba4 B81B0000 		.4byte	0x1bb8
 6224 1ba8 04       		.uleb128 0x4
 6225 1ba9 24000000 		.4byte	.LVL22
 6226 1bad FC060000 		.4byte	0x6fc
 6227 1bb1 01       		.uleb128 0x1
 6228 1bb2 01       		.uleb128 0x1
 6229 1bb3 50       		.byte	0x50
 6230 1bb4 01       		.uleb128 0x1
 6231 1bb5 44       		.byte	0x44
 6232 1bb6 00       		.byte	0
 6233 1bb7 00       		.byte	0
 6234 1bb8 09       		.uleb128 0x9
 6235 1bb9 B51D0000 		.4byte	0x1db5
 6236 1bbd 24000000 		.4byte	.LBI162
 6237 1bc1 02       		.byte	.LVU91
 6238 1bc2 24000000 		.4byte	.LBB162
 6239 1bc6 08000000 		.4byte	.LBE162-.LBB162
 6240 1bca 01       		.byte	0x1
 6241 1bcb 56       		.byte	0x56
 6242 1bcc 0D       		.byte	0xd
 6243 1bcd E11B0000 		.4byte	0x1be1
 6244 1bd1 04       		.uleb128 0x4
 6245 1bd2 2C000000 		.4byte	.LVL23
 6246 1bd6 FC060000 		.4byte	0x6fc
 6247 1bda 01       		.uleb128 0x1
 6248 1bdb 01       		.uleb128 0x1
 6249 1bdc 50       		.byte	0x50
 6250 1bdd 01       		.uleb128 0x1
 6251 1bde 44       		.byte	0x44
 6252 1bdf 00       		.byte	0
 6253 1be0 00       		.byte	0
 6254 1be1 0E       		.uleb128 0xe
 6255 1be2 A31D0000 		.4byte	0x1da3
 6256 1be6 34000000 		.4byte	.LBI164
 6257 1bea 01       		.byte	.LVU100
 6258 1beb 34000000 		.4byte	.LBB164
 6259 1bef 10000000 		.4byte	.LBE164-.LBB164
 6260 1bf3 01       		.byte	0x1
 6261 1bf4 55       		.byte	0x55
ARM GAS  /tmp/ccftVcE7.s 			page 111


 6262 1bf5 0D       		.byte	0xd
 6263 1bf6 04       		.uleb128 0x4
 6264 1bf7 42000000 		.4byte	.LVL25
 6265 1bfb FC060000 		.4byte	0x6fc
 6266 1bff 01       		.uleb128 0x1
 6267 1c00 01       		.uleb128 0x1
 6268 1c01 50       		.byte	0x50
 6269 1c02 01       		.uleb128 0x1
 6270 1c03 44       		.byte	0x44
 6271 1c04 00       		.byte	0
 6272 1c05 00       		.byte	0
 6273 1c06 00       		.byte	0
 6274 1c07 03       		.uleb128 0x3
 6275 1c08 4A000000 		.4byte	.LVL26
 6276 1c0c 241C0000 		.4byte	0x1c24
 6277 1c10 1A1C0000 		.4byte	0x1c1a
 6278 1c14 01       		.uleb128 0x1
 6279 1c15 01       		.uleb128 0x1
 6280 1c16 50       		.byte	0x50
 6281 1c17 01       		.uleb128 0x1
 6282 1c18 31       		.byte	0x31
 6283 1c19 00       		.byte	0
 6284 1c1a 08       		.uleb128 0x8
 6285 1c1b 5C000000 		.4byte	.LVL30
 6286 1c1f B21C0000 		.4byte	0x1cb2
 6287 1c23 00       		.byte	0
 6288 1c24 1A       		.uleb128 0x1a
 6289 1c25 16010000 		.4byte	.LASF124
 6290 1c29 43       		.byte	0x43
 6291 1c2a 0E       		.byte	0xe
 6292 1c2b A1000000 		.4byte	0xa1
 6293 1c2f 00000000 		.4byte	.LFB239
 6294 1c33 40000000 		.4byte	.LFE239-.LFB239
 6295 1c37 01       		.uleb128 0x1
 6296 1c38 9C       		.byte	0x9c
 6297 1c39 B21C0000 		.4byte	0x1cb2
 6298 1c3d 12       		.uleb128 0x12
 6299 1c3e 37010000 		.4byte	.LASF125
 6300 1c42 43       		.byte	0x43
 6301 1c43 1B       		.byte	0x1b
 6302 1c44 3B000000 		.4byte	0x3b
 6303 1c48 EC0A0000 		.4byte	.LLST3
 6304 1c4c E40A0000 		.4byte	.LVUS3
 6305 1c50 11       		.uleb128 0x11
 6306 1c51 72657400 		.ascii	"ret\000"
 6307 1c55 44       		.byte	0x44
 6308 1c56 12       		.byte	0x12
 6309 1c57 A1000000 		.4byte	0xa1
 6310 1c5b 0C0B0000 		.4byte	.LLST4
 6311 1c5f 060B0000 		.4byte	.LVUS4
 6312 1c63 09       		.uleb128 0x9
 6313 1c64 B51D0000 		.4byte	0x1db5
 6314 1c68 06000000 		.4byte	.LBI153
 6315 1c6c 01       		.byte	.LVU49
 6316 1c6d 06000000 		.4byte	.LBB153
 6317 1c71 0E000000 		.4byte	.LBE153-.LBB153
 6318 1c75 01       		.byte	0x1
ARM GAS  /tmp/ccftVcE7.s 			page 112


 6319 1c76 4A       		.byte	0x4a
 6320 1c77 0D       		.byte	0xd
 6321 1c78 8C1C0000 		.4byte	0x1c8c
 6322 1c7c 04       		.uleb128 0x4
 6323 1c7d 14000000 		.4byte	.LVL11
 6324 1c81 FC060000 		.4byte	0x6fc
 6325 1c85 01       		.uleb128 0x1
 6326 1c86 01       		.uleb128 0x1
 6327 1c87 50       		.byte	0x50
 6328 1c88 01       		.uleb128 0x1
 6329 1c89 44       		.byte	0x44
 6330 1c8a 00       		.byte	0
 6331 1c8b 00       		.byte	0
 6332 1c8c 0E       		.uleb128 0xe
 6333 1c8d AF1D0000 		.4byte	0x1daf
 6334 1c91 1A000000 		.4byte	.LBI155
 6335 1c95 01       		.byte	.LVU58
 6336 1c96 1A000000 		.4byte	.LBB155
 6337 1c9a 0E000000 		.4byte	.LBE155-.LBB155
 6338 1c9e 01       		.byte	0x1
 6339 1c9f 47       		.byte	0x47
 6340 1ca0 0D       		.byte	0xd
 6341 1ca1 04       		.uleb128 0x4
 6342 1ca2 28000000 		.4byte	.LVL14
 6343 1ca6 FC060000 		.4byte	0x6fc
 6344 1caa 01       		.uleb128 0x1
 6345 1cab 01       		.uleb128 0x1
 6346 1cac 50       		.byte	0x50
 6347 1cad 01       		.uleb128 0x1
 6348 1cae 44       		.byte	0x44
 6349 1caf 00       		.byte	0
 6350 1cb0 00       		.byte	0
 6351 1cb1 00       		.byte	0
 6352 1cb2 28       		.uleb128 0x28
 6353 1cb3 DC050000 		.4byte	.LASF126
 6354 1cb7 3D       		.byte	0x3d
 6355 1cb8 11       		.byte	0x11
 6356 1cb9 00000000 		.4byte	.LFB238
 6357 1cbd 2C000000 		.4byte	.LFE238-.LFB238
 6358 1cc1 01       		.uleb128 0x1
 6359 1cc2 9C       		.byte	0x9c
 6360 1cc3 3F1D0000 		.4byte	0x1d3f
 6361 1cc7 09       		.uleb128 0x9
 6362 1cc8 A91D0000 		.4byte	0x1da9
 6363 1ccc 02000000 		.4byte	.LBI147
 6364 1cd0 01       		.byte	.LVU27
 6365 1cd1 02000000 		.4byte	.LBB147
 6366 1cd5 0E000000 		.4byte	.LBE147-.LBB147
 6367 1cd9 01       		.byte	0x1
 6368 1cda 3E       		.byte	0x3e
 6369 1cdb 09       		.byte	0x9
 6370 1cdc F01C0000 		.4byte	0x1cf0
 6371 1ce0 04       		.uleb128 0x4
 6372 1ce1 10000000 		.4byte	.LVL5
 6373 1ce5 FC060000 		.4byte	0x6fc
 6374 1ce9 01       		.uleb128 0x1
 6375 1cea 01       		.uleb128 0x1
ARM GAS  /tmp/ccftVcE7.s 			page 113


 6376 1ceb 50       		.byte	0x50
 6377 1cec 01       		.uleb128 0x1
 6378 1ced 44       		.byte	0x44
 6379 1cee 00       		.byte	0
 6380 1cef 00       		.byte	0
 6381 1cf0 09       		.uleb128 0x9
 6382 1cf1 AF1D0000 		.4byte	0x1daf
 6383 1cf5 10000000 		.4byte	.LBI149
 6384 1cf9 02       		.byte	.LVU32
 6385 1cfa 10000000 		.4byte	.LBB149
 6386 1cfe 0C000000 		.4byte	.LBE149-.LBB149
 6387 1d02 01       		.byte	0x1
 6388 1d03 3F       		.byte	0x3f
 6389 1d04 09       		.byte	0x9
 6390 1d05 191D0000 		.4byte	0x1d19
 6391 1d09 04       		.uleb128 0x4
 6392 1d0a 1C000000 		.4byte	.LVL6
 6393 1d0e FC060000 		.4byte	0x6fc
 6394 1d12 01       		.uleb128 0x1
 6395 1d13 01       		.uleb128 0x1
 6396 1d14 50       		.byte	0x50
 6397 1d15 01       		.uleb128 0x1
 6398 1d16 44       		.byte	0x44
 6399 1d17 00       		.byte	0
 6400 1d18 00       		.byte	0
 6401 1d19 0E       		.uleb128 0xe
 6402 1d1a A31D0000 		.4byte	0x1da3
 6403 1d1e 1C000000 		.4byte	.LBI151
 6404 1d22 02       		.byte	.LVU37
 6405 1d23 1C000000 		.4byte	.LBB151
 6406 1d27 08000000 		.4byte	.LBE151-.LBB151
 6407 1d2b 01       		.byte	0x1
 6408 1d2c 40       		.byte	0x40
 6409 1d2d 09       		.byte	0x9
 6410 1d2e 04       		.uleb128 0x4
 6411 1d2f 24000000 		.4byte	.LVL7
 6412 1d33 FC060000 		.4byte	0x6fc
 6413 1d37 01       		.uleb128 0x1
 6414 1d38 01       		.uleb128 0x1
 6415 1d39 50       		.byte	0x50
 6416 1d3a 01       		.uleb128 0x1
 6417 1d3b 44       		.byte	0x44
 6418 1d3c 00       		.byte	0
 6419 1d3d 00       		.byte	0
 6420 1d3e 00       		.byte	0
 6421 1d3f 28       		.uleb128 0x28
 6422 1d40 4C040000 		.4byte	.LASF127
 6423 1d44 38       		.byte	0x38
 6424 1d45 11       		.byte	0x11
 6425 1d46 00000000 		.4byte	.LFB237
 6426 1d4a 24000000 		.4byte	.LFE237-.LFB237
 6427 1d4e 01       		.uleb128 0x1
 6428 1d4f 9C       		.byte	0x9c
 6429 1d50 A31D0000 		.4byte	0x1da3
 6430 1d54 09       		.uleb128 0x9
 6431 1d55 A91D0000 		.4byte	0x1da9
 6432 1d59 02000000 		.4byte	.LBI143
ARM GAS  /tmp/ccftVcE7.s 			page 114


 6433 1d5d 01       		.byte	.LVU15
 6434 1d5e 02000000 		.4byte	.LBB143
 6435 1d62 0E000000 		.4byte	.LBE143-.LBB143
 6436 1d66 01       		.byte	0x1
 6437 1d67 39       		.byte	0x39
 6438 1d68 09       		.byte	0x9
 6439 1d69 7D1D0000 		.4byte	0x1d7d
 6440 1d6d 04       		.uleb128 0x4
 6441 1d6e 10000000 		.4byte	.LVL3
 6442 1d72 FC060000 		.4byte	0x6fc
 6443 1d76 01       		.uleb128 0x1
 6444 1d77 01       		.uleb128 0x1
 6445 1d78 50       		.byte	0x50
 6446 1d79 01       		.uleb128 0x1
 6447 1d7a 44       		.byte	0x44
 6448 1d7b 00       		.byte	0
 6449 1d7c 00       		.byte	0
 6450 1d7d 0E       		.uleb128 0xe
 6451 1d7e B51D0000 		.4byte	0x1db5
 6452 1d82 10000000 		.4byte	.LBI145
 6453 1d86 02       		.byte	.LVU20
 6454 1d87 10000000 		.4byte	.LBB145
 6455 1d8b 0C000000 		.4byte	.LBE145-.LBB145
 6456 1d8f 01       		.byte	0x1
 6457 1d90 3A       		.byte	0x3a
 6458 1d91 09       		.byte	0x9
 6459 1d92 04       		.uleb128 0x4
 6460 1d93 1C000000 		.4byte	.LVL4
 6461 1d97 FC060000 		.4byte	0x6fc
 6462 1d9b 01       		.uleb128 0x1
 6463 1d9c 01       		.uleb128 0x1
 6464 1d9d 50       		.byte	0x50
 6465 1d9e 01       		.uleb128 0x1
 6466 1d9f 44       		.byte	0x44
 6467 1da0 00       		.byte	0
 6468 1da1 00       		.byte	0
 6469 1da2 00       		.byte	0
 6470 1da3 23       		.uleb128 0x23
 6471 1da4 66050000 		.4byte	.LASF128
 6472 1da8 33       		.byte	0x33
 6473 1da9 23       		.uleb128 0x23
 6474 1daa E0030000 		.4byte	.LASF129
 6475 1dae 2E       		.byte	0x2e
 6476 1daf 23       		.uleb128 0x23
 6477 1db0 7A020000 		.4byte	.LASF130
 6478 1db4 29       		.byte	0x29
 6479 1db5 23       		.uleb128 0x23
 6480 1db6 F6000000 		.4byte	.LASF131
 6481 1dba 24       		.byte	0x24
 6482 1dbb 36       		.uleb128 0x36
 6483 1dbc C5050000 		.4byte	.LASF132
 6484 1dc0 4201     		.2byte	0x142
 6485 1dc2 72050000 		.4byte	0x572
 6486 1dc6 E41D0000 		.4byte	0x1de4
 6487 1dca 24       		.uleb128 0x24
 6488 1dcb 10010000 		.4byte	.LASF108
 6489 1dcf 02       		.byte	0x2
ARM GAS  /tmp/ccftVcE7.s 			page 115


 6490 1dd0 4201     		.2byte	0x142
 6491 1dd2 35       		.byte	0x35
 6492 1dd3 01010000 		.4byte	0x101
 6493 1dd7 37       		.uleb128 0x37
 6494 1dd8 656E6400 		.ascii	"end\000"
 6495 1ddc 4201     		.2byte	0x142
 6496 1dde 46       		.byte	0x46
 6497 1ddf 01010000 		.4byte	0x101
 6498 1de3 00       		.byte	0
 6499 1de4 36       		.uleb128 0x36
 6500 1de5 FA060000 		.4byte	.LASF133
 6501 1de9 1C01     		.2byte	0x11c
 6502 1deb 72050000 		.4byte	0x572
 6503 1def 1A1E0000 		.4byte	0x1e1a
 6504 1df3 24       		.uleb128 0x24
 6505 1df4 47040000 		.4byte	.LASF134
 6506 1df8 02       		.byte	0x2
 6507 1df9 1C01     		.2byte	0x11c
 6508 1dfb 30       		.byte	0x30
 6509 1dfc 01010000 		.4byte	0x101
 6510 1e00 24       		.uleb128 0x24
 6511 1e01 10010000 		.4byte	.LASF108
 6512 1e05 02       		.byte	0x2
 6513 1e06 1D01     		.2byte	0x11d
 6514 1e08 30       		.byte	0x30
 6515 1e09 01010000 		.4byte	0x101
 6516 1e0d 37       		.uleb128 0x37
 6517 1e0e 656E6400 		.ascii	"end\000"
 6518 1e12 1E01     		.2byte	0x11e
 6519 1e14 30       		.byte	0x30
 6520 1e15 01010000 		.4byte	0x101
 6521 1e19 00       		.byte	0
 6522 1e1a 46       		.uleb128 0x46
 6523 1e1b 8B050000 		.4byte	.LASF135
 6524 1e1f 02       		.byte	0x2
 6525 1e20 F7       		.byte	0xf7
 6526 1e21 19       		.byte	0x19
 6527 1e22 01010000 		.4byte	0x101
 6528 1e26 03       		.byte	0x3
 6529 1e27 381E0000 		.4byte	0x1e38
 6530 1e2b 47       		.uleb128 0x47
 6531 1e2c 72020000 		.4byte	.LASF136
 6532 1e30 02       		.byte	0x2
 6533 1e31 F8       		.byte	0xf8
 6534 1e32 0D       		.byte	0xd
 6535 1e33 01010000 		.4byte	0x101
 6536 1e37 00       		.byte	0
 6537 1e38 2B       		.uleb128 0x2b
 6538 1e39 B6010000 		.4byte	.LASF138
 6539 1e3d 02       		.byte	0x2
 6540 1e3e E4       		.byte	0xe4
 6541 1e3f 01010000 		.4byte	0x101
 6542 1e43 48       		.uleb128 0x48
 6543 1e44 0C070000 		.4byte	.LASF148
 6544 1e48 03       		.byte	0x3
 6545 1e49 8201     		.2byte	0x182
 6546 1e4b 14       		.byte	0x14
ARM GAS  /tmp/ccftVcE7.s 			page 116


 6547 1e4c 03       		.byte	0x3
 6548 1e4d 5B1E0000 		.4byte	0x1e5b
 6549 1e51 49       		.uleb128 0x49
 6550 1e52 28050000 		.4byte	.LASF149
 6551 1e56 6B1E0000 		.4byte	0x1e6b
 6552 1e5a 00       		.byte	0
 6553 1e5b 14       		.uleb128 0x14
 6554 1e5c 5E050000 		.4byte	0x55e
 6555 1e60 6B1E0000 		.4byte	0x1e6b
 6556 1e64 15       		.uleb128 0x15
 6557 1e65 2D000000 		.4byte	0x2d
 6558 1e69 0B       		.byte	0xb
 6559 1e6a 00       		.byte	0
 6560 1e6b 1C       		.uleb128 0x1c
 6561 1e6c 5B1E0000 		.4byte	0x1e5b
 6562 1e70 2C       		.uleb128 0x2c
 6563 1e71 31050000 		.4byte	.LASF137
 6564 1e75 03       		.byte	0x3
 6565 1e76 7601     		.2byte	0x176
 6566 1e78 2B       		.uleb128 0x2b
 6567 1e79 47060000 		.4byte	.LASF139
 6568 1e7d 06       		.byte	0x6
 6569 1e7e 69       		.byte	0x69
 6570 1e7f 01010000 		.4byte	0x101
 6571 1e83 2B       		.uleb128 0x2b
 6572 1e84 6F050000 		.4byte	.LASF140
 6573 1e88 07       		.byte	0x7
 6574 1e89 8B       		.byte	0x8b
 6575 1e8a 01010000 		.4byte	0x101
 6576 1e8e 2C       		.uleb128 0x2c
 6577 1e8f 1F010000 		.4byte	.LASF141
 6578 1e93 04       		.byte	0x4
 6579 1e94 7402     		.2byte	0x274
 6580 1e96 2C       		.uleb128 0x2c
 6581 1e97 7F000000 		.4byte	.LASF142
 6582 1e9b 04       		.byte	0x4
 6583 1e9c 5C02     		.2byte	0x25c
 6584 1e9e 4A       		.uleb128 0x4a
 6585 1e9f FC050000 		.4byte	.LASF150
 6586 1ea3 05       		.byte	0x5
 6587 1ea4 2202     		.2byte	0x222
 6588 1ea6 39       		.byte	0x39
 6589 1ea7 03       		.byte	0x3
 6590 1ea8 24       		.uleb128 0x24
 6591 1ea9 8E010000 		.4byte	.LASF143
 6592 1ead 05       		.byte	0x5
 6593 1eae 2202     		.2byte	0x222
 6594 1eb0 50       		.byte	0x50
 6595 1eb1 A1000000 		.4byte	0xa1
 6596 1eb5 00       		.byte	0
 6597 1eb6 00       		.byte	0
 6598              		.section	.debug_abbrev,"",%progbits
 6599              	.Ldebug_abbrev0:
 6600 0000 01       		.uleb128 0x1
 6601 0001 49       		.uleb128 0x49
 6602 0002 00       		.byte	0
 6603 0003 02       		.uleb128 0x2
ARM GAS  /tmp/ccftVcE7.s 			page 117


 6604 0004 18       		.uleb128 0x18
 6605 0005 7E       		.uleb128 0x7e
 6606 0006 18       		.uleb128 0x18
 6607 0007 00       		.byte	0
 6608 0008 00       		.byte	0
 6609 0009 02       		.uleb128 0x2
 6610 000a 0D       		.uleb128 0xd
 6611 000b 00       		.byte	0
 6612 000c 03       		.uleb128 0x3
 6613 000d 08       		.uleb128 0x8
 6614 000e 3A       		.uleb128 0x3a
 6615 000f 0B       		.uleb128 0xb
 6616 0010 3B       		.uleb128 0x3b
 6617 0011 05       		.uleb128 0x5
 6618 0012 39       		.uleb128 0x39
 6619 0013 0B       		.uleb128 0xb
 6620 0014 49       		.uleb128 0x49
 6621 0015 13       		.uleb128 0x13
 6622 0016 38       		.uleb128 0x38
 6623 0017 0B       		.uleb128 0xb
 6624 0018 00       		.byte	0
 6625 0019 00       		.byte	0
 6626 001a 03       		.uleb128 0x3
 6627 001b 48       		.uleb128 0x48
 6628 001c 01       		.byte	0x1
 6629 001d 7D       		.uleb128 0x7d
 6630 001e 01       		.uleb128 0x1
 6631 001f 7F       		.uleb128 0x7f
 6632 0020 13       		.uleb128 0x13
 6633 0021 01       		.uleb128 0x1
 6634 0022 13       		.uleb128 0x13
 6635 0023 00       		.byte	0
 6636 0024 00       		.byte	0
 6637 0025 04       		.uleb128 0x4
 6638 0026 48       		.uleb128 0x48
 6639 0027 01       		.byte	0x1
 6640 0028 7D       		.uleb128 0x7d
 6641 0029 01       		.uleb128 0x1
 6642 002a 7F       		.uleb128 0x7f
 6643 002b 13       		.uleb128 0x13
 6644 002c 00       		.byte	0
 6645 002d 00       		.byte	0
 6646 002e 05       		.uleb128 0x5
 6647 002f 05       		.uleb128 0x5
 6648 0030 00       		.byte	0
 6649 0031 03       		.uleb128 0x3
 6650 0032 0E       		.uleb128 0xe
 6651 0033 3A       		.uleb128 0x3a
 6652 0034 21       		.uleb128 0x21
 6653 0035 01       		.sleb128 1
 6654 0036 3B       		.uleb128 0x3b
 6655 0037 05       		.uleb128 0x5
 6656 0038 39       		.uleb128 0x39
 6657 0039 0B       		.uleb128 0xb
 6658 003a 49       		.uleb128 0x49
 6659 003b 13       		.uleb128 0x13
 6660 003c 02       		.uleb128 0x2
ARM GAS  /tmp/ccftVcE7.s 			page 118


 6661 003d 17       		.uleb128 0x17
 6662 003e B742     		.uleb128 0x2137
 6663 0040 17       		.uleb128 0x17
 6664 0041 00       		.byte	0
 6665 0042 00       		.byte	0
 6666 0043 06       		.uleb128 0x6
 6667 0044 0D       		.uleb128 0xd
 6668 0045 00       		.byte	0
 6669 0046 03       		.uleb128 0x3
 6670 0047 0E       		.uleb128 0xe
 6671 0048 3A       		.uleb128 0x3a
 6672 0049 0B       		.uleb128 0xb
 6673 004a 3B       		.uleb128 0x3b
 6674 004b 0B       		.uleb128 0xb
 6675 004c 39       		.uleb128 0x39
 6676 004d 0B       		.uleb128 0xb
 6677 004e 49       		.uleb128 0x49
 6678 004f 13       		.uleb128 0x13
 6679 0050 38       		.uleb128 0x38
 6680 0051 0B       		.uleb128 0xb
 6681 0052 00       		.byte	0
 6682 0053 00       		.byte	0
 6683 0054 07       		.uleb128 0x7
 6684 0055 16       		.uleb128 0x16
 6685 0056 00       		.byte	0
 6686 0057 03       		.uleb128 0x3
 6687 0058 0E       		.uleb128 0xe
 6688 0059 3A       		.uleb128 0x3a
 6689 005a 0B       		.uleb128 0xb
 6690 005b 3B       		.uleb128 0x3b
 6691 005c 0B       		.uleb128 0xb
 6692 005d 39       		.uleb128 0x39
 6693 005e 0B       		.uleb128 0xb
 6694 005f 49       		.uleb128 0x49
 6695 0060 13       		.uleb128 0x13
 6696 0061 00       		.byte	0
 6697 0062 00       		.byte	0
 6698 0063 08       		.uleb128 0x8
 6699 0064 48       		.uleb128 0x48
 6700 0065 00       		.byte	0
 6701 0066 7D       		.uleb128 0x7d
 6702 0067 01       		.uleb128 0x1
 6703 0068 7F       		.uleb128 0x7f
 6704 0069 13       		.uleb128 0x13
 6705 006a 00       		.byte	0
 6706 006b 00       		.byte	0
 6707 006c 09       		.uleb128 0x9
 6708 006d 1D       		.uleb128 0x1d
 6709 006e 01       		.byte	0x1
 6710 006f 31       		.uleb128 0x31
 6711 0070 13       		.uleb128 0x13
 6712 0071 52       		.uleb128 0x52
 6713 0072 01       		.uleb128 0x1
 6714 0073 B842     		.uleb128 0x2138
 6715 0075 0B       		.uleb128 0xb
 6716 0076 11       		.uleb128 0x11
 6717 0077 01       		.uleb128 0x1
ARM GAS  /tmp/ccftVcE7.s 			page 119


 6718 0078 12       		.uleb128 0x12
 6719 0079 06       		.uleb128 0x6
 6720 007a 58       		.uleb128 0x58
 6721 007b 0B       		.uleb128 0xb
 6722 007c 59       		.uleb128 0x59
 6723 007d 0B       		.uleb128 0xb
 6724 007e 57       		.uleb128 0x57
 6725 007f 0B       		.uleb128 0xb
 6726 0080 01       		.uleb128 0x1
 6727 0081 13       		.uleb128 0x13
 6728 0082 00       		.byte	0
 6729 0083 00       		.byte	0
 6730 0084 0A       		.uleb128 0xa
 6731 0085 1D       		.uleb128 0x1d
 6732 0086 01       		.byte	0x1
 6733 0087 31       		.uleb128 0x31
 6734 0088 13       		.uleb128 0x13
 6735 0089 52       		.uleb128 0x52
 6736 008a 01       		.uleb128 0x1
 6737 008b B842     		.uleb128 0x2138
 6738 008d 0B       		.uleb128 0xb
 6739 008e 11       		.uleb128 0x11
 6740 008f 01       		.uleb128 0x1
 6741 0090 12       		.uleb128 0x12
 6742 0091 06       		.uleb128 0x6
 6743 0092 58       		.uleb128 0x58
 6744 0093 0B       		.uleb128 0xb
 6745 0094 59       		.uleb128 0x59
 6746 0095 05       		.uleb128 0x5
 6747 0096 57       		.uleb128 0x57
 6748 0097 0B       		.uleb128 0xb
 6749 0098 00       		.byte	0
 6750 0099 00       		.byte	0
 6751 009a 0B       		.uleb128 0xb
 6752 009b 05       		.uleb128 0x5
 6753 009c 00       		.byte	0
 6754 009d 31       		.uleb128 0x31
 6755 009e 13       		.uleb128 0x13
 6756 009f 02       		.uleb128 0x2
 6757 00a0 17       		.uleb128 0x17
 6758 00a1 B742     		.uleb128 0x2137
 6759 00a3 17       		.uleb128 0x17
 6760 00a4 00       		.byte	0
 6761 00a5 00       		.byte	0
 6762 00a6 0C       		.uleb128 0xc
 6763 00a7 24       		.uleb128 0x24
 6764 00a8 00       		.byte	0
 6765 00a9 0B       		.uleb128 0xb
 6766 00aa 0B       		.uleb128 0xb
 6767 00ab 3E       		.uleb128 0x3e
 6768 00ac 0B       		.uleb128 0xb
 6769 00ad 03       		.uleb128 0x3
 6770 00ae 0E       		.uleb128 0xe
 6771 00af 00       		.byte	0
 6772 00b0 00       		.byte	0
 6773 00b1 0D       		.uleb128 0xd
 6774 00b2 34       		.uleb128 0x34
ARM GAS  /tmp/ccftVcE7.s 			page 120


 6775 00b3 00       		.byte	0
 6776 00b4 03       		.uleb128 0x3
 6777 00b5 08       		.uleb128 0x8
 6778 00b6 3A       		.uleb128 0x3a
 6779 00b7 21       		.uleb128 0x21
 6780 00b8 01       		.sleb128 1
 6781 00b9 3B       		.uleb128 0x3b
 6782 00ba 05       		.uleb128 0x5
 6783 00bb 39       		.uleb128 0x39
 6784 00bc 0B       		.uleb128 0xb
 6785 00bd 49       		.uleb128 0x49
 6786 00be 13       		.uleb128 0x13
 6787 00bf 02       		.uleb128 0x2
 6788 00c0 17       		.uleb128 0x17
 6789 00c1 B742     		.uleb128 0x2137
 6790 00c3 17       		.uleb128 0x17
 6791 00c4 00       		.byte	0
 6792 00c5 00       		.byte	0
 6793 00c6 0E       		.uleb128 0xe
 6794 00c7 1D       		.uleb128 0x1d
 6795 00c8 01       		.byte	0x1
 6796 00c9 31       		.uleb128 0x31
 6797 00ca 13       		.uleb128 0x13
 6798 00cb 52       		.uleb128 0x52
 6799 00cc 01       		.uleb128 0x1
 6800 00cd B842     		.uleb128 0x2138
 6801 00cf 0B       		.uleb128 0xb
 6802 00d0 11       		.uleb128 0x11
 6803 00d1 01       		.uleb128 0x1
 6804 00d2 12       		.uleb128 0x12
 6805 00d3 06       		.uleb128 0x6
 6806 00d4 58       		.uleb128 0x58
 6807 00d5 0B       		.uleb128 0xb
 6808 00d6 59       		.uleb128 0x59
 6809 00d7 0B       		.uleb128 0xb
 6810 00d8 57       		.uleb128 0x57
 6811 00d9 0B       		.uleb128 0xb
 6812 00da 00       		.byte	0
 6813 00db 00       		.byte	0
 6814 00dc 0F       		.uleb128 0xf
 6815 00dd 0D       		.uleb128 0xd
 6816 00de 00       		.byte	0
 6817 00df 03       		.uleb128 0x3
 6818 00e0 0E       		.uleb128 0xe
 6819 00e1 3A       		.uleb128 0x3a
 6820 00e2 0B       		.uleb128 0xb
 6821 00e3 3B       		.uleb128 0x3b
 6822 00e4 05       		.uleb128 0x5
 6823 00e5 39       		.uleb128 0x39
 6824 00e6 21       		.uleb128 0x21
 6825 00e7 19       		.sleb128 25
 6826 00e8 49       		.uleb128 0x49
 6827 00e9 13       		.uleb128 0x13
 6828 00ea 38       		.uleb128 0x38
 6829 00eb 0B       		.uleb128 0xb
 6830 00ec 00       		.byte	0
 6831 00ed 00       		.byte	0
ARM GAS  /tmp/ccftVcE7.s 			page 121


 6832 00ee 10       		.uleb128 0x10
 6833 00ef 05       		.uleb128 0x5
 6834 00f0 00       		.byte	0
 6835 00f1 03       		.uleb128 0x3
 6836 00f2 08       		.uleb128 0x8
 6837 00f3 3A       		.uleb128 0x3a
 6838 00f4 21       		.uleb128 0x21
 6839 00f5 01       		.sleb128 1
 6840 00f6 3B       		.uleb128 0x3b
 6841 00f7 05       		.uleb128 0x5
 6842 00f8 39       		.uleb128 0x39
 6843 00f9 0B       		.uleb128 0xb
 6844 00fa 49       		.uleb128 0x49
 6845 00fb 13       		.uleb128 0x13
 6846 00fc 02       		.uleb128 0x2
 6847 00fd 17       		.uleb128 0x17
 6848 00fe B742     		.uleb128 0x2137
 6849 0100 17       		.uleb128 0x17
 6850 0101 00       		.byte	0
 6851 0102 00       		.byte	0
 6852 0103 11       		.uleb128 0x11
 6853 0104 34       		.uleb128 0x34
 6854 0105 00       		.byte	0
 6855 0106 03       		.uleb128 0x3
 6856 0107 08       		.uleb128 0x8
 6857 0108 3A       		.uleb128 0x3a
 6858 0109 21       		.uleb128 0x21
 6859 010a 01       		.sleb128 1
 6860 010b 3B       		.uleb128 0x3b
 6861 010c 0B       		.uleb128 0xb
 6862 010d 39       		.uleb128 0x39
 6863 010e 0B       		.uleb128 0xb
 6864 010f 49       		.uleb128 0x49
 6865 0110 13       		.uleb128 0x13
 6866 0111 02       		.uleb128 0x2
 6867 0112 17       		.uleb128 0x17
 6868 0113 B742     		.uleb128 0x2137
 6869 0115 17       		.uleb128 0x17
 6870 0116 00       		.byte	0
 6871 0117 00       		.byte	0
 6872 0118 12       		.uleb128 0x12
 6873 0119 05       		.uleb128 0x5
 6874 011a 00       		.byte	0
 6875 011b 03       		.uleb128 0x3
 6876 011c 0E       		.uleb128 0xe
 6877 011d 3A       		.uleb128 0x3a
 6878 011e 21       		.uleb128 0x21
 6879 011f 01       		.sleb128 1
 6880 0120 3B       		.uleb128 0x3b
 6881 0121 0B       		.uleb128 0xb
 6882 0122 39       		.uleb128 0x39
 6883 0123 0B       		.uleb128 0xb
 6884 0124 49       		.uleb128 0x49
 6885 0125 13       		.uleb128 0x13
 6886 0126 02       		.uleb128 0x2
 6887 0127 17       		.uleb128 0x17
 6888 0128 B742     		.uleb128 0x2137
ARM GAS  /tmp/ccftVcE7.s 			page 122


 6889 012a 17       		.uleb128 0x17
 6890 012b 00       		.byte	0
 6891 012c 00       		.byte	0
 6892 012d 13       		.uleb128 0x13
 6893 012e 34       		.uleb128 0x34
 6894 012f 00       		.byte	0
 6895 0130 03       		.uleb128 0x3
 6896 0131 0E       		.uleb128 0xe
 6897 0132 3A       		.uleb128 0x3a
 6898 0133 21       		.uleb128 0x21
 6899 0134 01       		.sleb128 1
 6900 0135 3B       		.uleb128 0x3b
 6901 0136 05       		.uleb128 0x5
 6902 0137 39       		.uleb128 0x39
 6903 0138 0B       		.uleb128 0xb
 6904 0139 49       		.uleb128 0x49
 6905 013a 13       		.uleb128 0x13
 6906 013b 02       		.uleb128 0x2
 6907 013c 17       		.uleb128 0x17
 6908 013d B742     		.uleb128 0x2137
 6909 013f 17       		.uleb128 0x17
 6910 0140 00       		.byte	0
 6911 0141 00       		.byte	0
 6912 0142 14       		.uleb128 0x14
 6913 0143 01       		.uleb128 0x1
 6914 0144 01       		.byte	0x1
 6915 0145 49       		.uleb128 0x49
 6916 0146 13       		.uleb128 0x13
 6917 0147 01       		.uleb128 0x1
 6918 0148 13       		.uleb128 0x13
 6919 0149 00       		.byte	0
 6920 014a 00       		.byte	0
 6921 014b 15       		.uleb128 0x15
 6922 014c 21       		.uleb128 0x21
 6923 014d 00       		.byte	0
 6924 014e 49       		.uleb128 0x49
 6925 014f 13       		.uleb128 0x13
 6926 0150 2F       		.uleb128 0x2f
 6927 0151 0B       		.uleb128 0xb
 6928 0152 00       		.byte	0
 6929 0153 00       		.byte	0
 6930 0154 16       		.uleb128 0x16
 6931 0155 0F       		.uleb128 0xf
 6932 0156 00       		.byte	0
 6933 0157 0B       		.uleb128 0xb
 6934 0158 21       		.uleb128 0x21
 6935 0159 04       		.sleb128 4
 6936 015a 49       		.uleb128 0x49
 6937 015b 13       		.uleb128 0x13
 6938 015c 00       		.byte	0
 6939 015d 00       		.byte	0
 6940 015e 17       		.uleb128 0x17
 6941 015f 2E       		.uleb128 0x2e
 6942 0160 01       		.byte	0x1
 6943 0161 03       		.uleb128 0x3
 6944 0162 0E       		.uleb128 0xe
 6945 0163 3A       		.uleb128 0x3a
ARM GAS  /tmp/ccftVcE7.s 			page 123


 6946 0164 21       		.uleb128 0x21
 6947 0165 01       		.sleb128 1
 6948 0166 3B       		.uleb128 0x3b
 6949 0167 05       		.uleb128 0x5
 6950 0168 39       		.uleb128 0x39
 6951 0169 21       		.uleb128 0x21
 6952 016a 0D       		.sleb128 13
 6953 016b 27       		.uleb128 0x27
 6954 016c 19       		.uleb128 0x19
 6955 016d 11       		.uleb128 0x11
 6956 016e 01       		.uleb128 0x1
 6957 016f 12       		.uleb128 0x12
 6958 0170 06       		.uleb128 0x6
 6959 0171 40       		.uleb128 0x40
 6960 0172 18       		.uleb128 0x18
 6961 0173 7A       		.uleb128 0x7a
 6962 0174 19       		.uleb128 0x19
 6963 0175 01       		.uleb128 0x1
 6964 0176 13       		.uleb128 0x13
 6965 0177 00       		.byte	0
 6966 0178 00       		.byte	0
 6967 0179 18       		.uleb128 0x18
 6968 017a 05       		.uleb128 0x5
 6969 017b 00       		.byte	0
 6970 017c 03       		.uleb128 0x3
 6971 017d 08       		.uleb128 0x8
 6972 017e 3A       		.uleb128 0x3a
 6973 017f 21       		.uleb128 0x21
 6974 0180 01       		.sleb128 1
 6975 0181 3B       		.uleb128 0x3b
 6976 0182 0B       		.uleb128 0xb
 6977 0183 39       		.uleb128 0x39
 6978 0184 0B       		.uleb128 0xb
 6979 0185 49       		.uleb128 0x49
 6980 0186 13       		.uleb128 0x13
 6981 0187 02       		.uleb128 0x2
 6982 0188 17       		.uleb128 0x17
 6983 0189 B742     		.uleb128 0x2137
 6984 018b 17       		.uleb128 0x17
 6985 018c 00       		.byte	0
 6986 018d 00       		.byte	0
 6987 018e 19       		.uleb128 0x19
 6988 018f 0D       		.uleb128 0xd
 6989 0190 00       		.byte	0
 6990 0191 03       		.uleb128 0x3
 6991 0192 08       		.uleb128 0x8
 6992 0193 3A       		.uleb128 0x3a
 6993 0194 0B       		.uleb128 0xb
 6994 0195 3B       		.uleb128 0x3b
 6995 0196 0B       		.uleb128 0xb
 6996 0197 39       		.uleb128 0x39
 6997 0198 0B       		.uleb128 0xb
 6998 0199 49       		.uleb128 0x49
 6999 019a 13       		.uleb128 0x13
 7000 019b 38       		.uleb128 0x38
 7001 019c 0B       		.uleb128 0xb
 7002 019d 00       		.byte	0
ARM GAS  /tmp/ccftVcE7.s 			page 124


 7003 019e 00       		.byte	0
 7004 019f 1A       		.uleb128 0x1a
 7005 01a0 2E       		.uleb128 0x2e
 7006 01a1 01       		.byte	0x1
 7007 01a2 3F       		.uleb128 0x3f
 7008 01a3 19       		.uleb128 0x19
 7009 01a4 03       		.uleb128 0x3
 7010 01a5 0E       		.uleb128 0xe
 7011 01a6 3A       		.uleb128 0x3a
 7012 01a7 21       		.uleb128 0x21
 7013 01a8 01       		.sleb128 1
 7014 01a9 3B       		.uleb128 0x3b
 7015 01aa 0B       		.uleb128 0xb
 7016 01ab 39       		.uleb128 0x39
 7017 01ac 0B       		.uleb128 0xb
 7018 01ad 27       		.uleb128 0x27
 7019 01ae 19       		.uleb128 0x19
 7020 01af 49       		.uleb128 0x49
 7021 01b0 13       		.uleb128 0x13
 7022 01b1 11       		.uleb128 0x11
 7023 01b2 01       		.uleb128 0x1
 7024 01b3 12       		.uleb128 0x12
 7025 01b4 06       		.uleb128 0x6
 7026 01b5 40       		.uleb128 0x40
 7027 01b6 18       		.uleb128 0x18
 7028 01b7 7A       		.uleb128 0x7a
 7029 01b8 19       		.uleb128 0x19
 7030 01b9 01       		.uleb128 0x1
 7031 01ba 13       		.uleb128 0x13
 7032 01bb 00       		.byte	0
 7033 01bc 00       		.byte	0
 7034 01bd 1B       		.uleb128 0x1b
 7035 01be 2E       		.uleb128 0x2e
 7036 01bf 01       		.byte	0x1
 7037 01c0 03       		.uleb128 0x3
 7038 01c1 0E       		.uleb128 0xe
 7039 01c2 3A       		.uleb128 0x3a
 7040 01c3 21       		.uleb128 0x21
 7041 01c4 01       		.sleb128 1
 7042 01c5 3B       		.uleb128 0x3b
 7043 01c6 0B       		.uleb128 0xb
 7044 01c7 39       		.uleb128 0x39
 7045 01c8 0B       		.uleb128 0xb
 7046 01c9 27       		.uleb128 0x27
 7047 01ca 19       		.uleb128 0x19
 7048 01cb 49       		.uleb128 0x49
 7049 01cc 13       		.uleb128 0x13
 7050 01cd 11       		.uleb128 0x11
 7051 01ce 01       		.uleb128 0x1
 7052 01cf 12       		.uleb128 0x12
 7053 01d0 06       		.uleb128 0x6
 7054 01d1 40       		.uleb128 0x40
 7055 01d2 18       		.uleb128 0x18
 7056 01d3 7A       		.uleb128 0x7a
 7057 01d4 19       		.uleb128 0x19
 7058 01d5 01       		.uleb128 0x1
 7059 01d6 13       		.uleb128 0x13
ARM GAS  /tmp/ccftVcE7.s 			page 125


 7060 01d7 00       		.byte	0
 7061 01d8 00       		.byte	0
 7062 01d9 1C       		.uleb128 0x1c
 7063 01da 26       		.uleb128 0x26
 7064 01db 00       		.byte	0
 7065 01dc 49       		.uleb128 0x49
 7066 01dd 13       		.uleb128 0x13
 7067 01de 00       		.byte	0
 7068 01df 00       		.byte	0
 7069 01e0 1D       		.uleb128 0x1d
 7070 01e1 35       		.uleb128 0x35
 7071 01e2 00       		.byte	0
 7072 01e3 49       		.uleb128 0x49
 7073 01e4 13       		.uleb128 0x13
 7074 01e5 00       		.byte	0
 7075 01e6 00       		.byte	0
 7076 01e7 1E       		.uleb128 0x1e
 7077 01e8 13       		.uleb128 0x13
 7078 01e9 01       		.byte	0x1
 7079 01ea 03       		.uleb128 0x3
 7080 01eb 0E       		.uleb128 0xe
 7081 01ec 0B       		.uleb128 0xb
 7082 01ed 0B       		.uleb128 0xb
 7083 01ee 3A       		.uleb128 0x3a
 7084 01ef 0B       		.uleb128 0xb
 7085 01f0 3B       		.uleb128 0x3b
 7086 01f1 0B       		.uleb128 0xb
 7087 01f2 39       		.uleb128 0x39
 7088 01f3 21       		.uleb128 0x21
 7089 01f4 08       		.sleb128 8
 7090 01f5 01       		.uleb128 0x1
 7091 01f6 13       		.uleb128 0x13
 7092 01f7 00       		.byte	0
 7093 01f8 00       		.byte	0
 7094 01f9 1F       		.uleb128 0x1f
 7095 01fa 0D       		.uleb128 0xd
 7096 01fb 00       		.byte	0
 7097 01fc 03       		.uleb128 0x3
 7098 01fd 0E       		.uleb128 0xe
 7099 01fe 3A       		.uleb128 0x3a
 7100 01ff 21       		.uleb128 0x21
 7101 0200 0C       		.sleb128 12
 7102 0201 3B       		.uleb128 0x3b
 7103 0202 0B       		.uleb128 0xb
 7104 0203 39       		.uleb128 0x39
 7105 0204 0B       		.uleb128 0xb
 7106 0205 49       		.uleb128 0x49
 7107 0206 13       		.uleb128 0x13
 7108 0207 00       		.byte	0
 7109 0208 00       		.byte	0
 7110 0209 20       		.uleb128 0x20
 7111 020a 34       		.uleb128 0x34
 7112 020b 00       		.byte	0
 7113 020c 03       		.uleb128 0x3
 7114 020d 0E       		.uleb128 0xe
 7115 020e 3A       		.uleb128 0x3a
 7116 020f 21       		.uleb128 0x21
ARM GAS  /tmp/ccftVcE7.s 			page 126


 7117 0210 01       		.sleb128 1
 7118 0211 3B       		.uleb128 0x3b
 7119 0212 05       		.uleb128 0x5
 7120 0213 39       		.uleb128 0x39
 7121 0214 0B       		.uleb128 0xb
 7122 0215 49       		.uleb128 0x49
 7123 0216 13       		.uleb128 0x13
 7124 0217 02       		.uleb128 0x2
 7125 0218 18       		.uleb128 0x18
 7126 0219 00       		.byte	0
 7127 021a 00       		.byte	0
 7128 021b 21       		.uleb128 0x21
 7129 021c 34       		.uleb128 0x34
 7130 021d 00       		.byte	0
 7131 021e 31       		.uleb128 0x31
 7132 021f 13       		.uleb128 0x13
 7133 0220 02       		.uleb128 0x2
 7134 0221 17       		.uleb128 0x17
 7135 0222 B742     		.uleb128 0x2137
 7136 0224 17       		.uleb128 0x17
 7137 0225 00       		.byte	0
 7138 0226 00       		.byte	0
 7139 0227 22       		.uleb128 0x22
 7140 0228 1D       		.uleb128 0x1d
 7141 0229 00       		.byte	0
 7142 022a 31       		.uleb128 0x31
 7143 022b 13       		.uleb128 0x13
 7144 022c 52       		.uleb128 0x52
 7145 022d 01       		.uleb128 0x1
 7146 022e B842     		.uleb128 0x2138
 7147 0230 0B       		.uleb128 0xb
 7148 0231 11       		.uleb128 0x11
 7149 0232 01       		.uleb128 0x1
 7150 0233 12       		.uleb128 0x12
 7151 0234 06       		.uleb128 0x6
 7152 0235 58       		.uleb128 0x58
 7153 0236 21       		.uleb128 0x21
 7154 0237 06       		.sleb128 6
 7155 0238 59       		.uleb128 0x59
 7156 0239 21       		.uleb128 0x21
 7157 023a EB00     		.sleb128 107
 7158 023c 57       		.uleb128 0x57
 7159 023d 21       		.uleb128 0x21
 7160 023e 0A       		.sleb128 10
 7161 023f 00       		.byte	0
 7162 0240 00       		.byte	0
 7163 0241 23       		.uleb128 0x23
 7164 0242 2E       		.uleb128 0x2e
 7165 0243 00       		.byte	0
 7166 0244 03       		.uleb128 0x3
 7167 0245 0E       		.uleb128 0xe
 7168 0246 3A       		.uleb128 0x3a
 7169 0247 21       		.uleb128 0x21
 7170 0248 01       		.sleb128 1
 7171 0249 3B       		.uleb128 0x3b
 7172 024a 0B       		.uleb128 0xb
 7173 024b 39       		.uleb128 0x39
ARM GAS  /tmp/ccftVcE7.s 			page 127


 7174 024c 21       		.uleb128 0x21
 7175 024d 18       		.sleb128 24
 7176 024e 27       		.uleb128 0x27
 7177 024f 19       		.uleb128 0x19
 7178 0250 20       		.uleb128 0x20
 7179 0251 21       		.uleb128 0x21
 7180 0252 03       		.sleb128 3
 7181 0253 00       		.byte	0
 7182 0254 00       		.byte	0
 7183 0255 24       		.uleb128 0x24
 7184 0256 05       		.uleb128 0x5
 7185 0257 00       		.byte	0
 7186 0258 03       		.uleb128 0x3
 7187 0259 0E       		.uleb128 0xe
 7188 025a 3A       		.uleb128 0x3a
 7189 025b 0B       		.uleb128 0xb
 7190 025c 3B       		.uleb128 0x3b
 7191 025d 05       		.uleb128 0x5
 7192 025e 39       		.uleb128 0x39
 7193 025f 0B       		.uleb128 0xb
 7194 0260 49       		.uleb128 0x49
 7195 0261 13       		.uleb128 0x13
 7196 0262 00       		.byte	0
 7197 0263 00       		.byte	0
 7198 0264 25       		.uleb128 0x25
 7199 0265 16       		.uleb128 0x16
 7200 0266 00       		.byte	0
 7201 0267 03       		.uleb128 0x3
 7202 0268 0E       		.uleb128 0xe
 7203 0269 3A       		.uleb128 0x3a
 7204 026a 0B       		.uleb128 0xb
 7205 026b 3B       		.uleb128 0x3b
 7206 026c 05       		.uleb128 0x5
 7207 026d 39       		.uleb128 0x39
 7208 026e 0B       		.uleb128 0xb
 7209 026f 49       		.uleb128 0x49
 7210 0270 13       		.uleb128 0x13
 7211 0271 00       		.byte	0
 7212 0272 00       		.byte	0
 7213 0273 26       		.uleb128 0x26
 7214 0274 34       		.uleb128 0x34
 7215 0275 00       		.byte	0
 7216 0276 03       		.uleb128 0x3
 7217 0277 0E       		.uleb128 0xe
 7218 0278 3A       		.uleb128 0x3a
 7219 0279 21       		.uleb128 0x21
 7220 027a 01       		.sleb128 1
 7221 027b 3B       		.uleb128 0x3b
 7222 027c 0B       		.uleb128 0xb
 7223 027d 39       		.uleb128 0x39
 7224 027e 0B       		.uleb128 0xb
 7225 027f 49       		.uleb128 0x49
 7226 0280 13       		.uleb128 0x13
 7227 0281 02       		.uleb128 0x2
 7228 0282 18       		.uleb128 0x18
 7229 0283 00       		.byte	0
 7230 0284 00       		.byte	0
ARM GAS  /tmp/ccftVcE7.s 			page 128


 7231 0285 27       		.uleb128 0x27
 7232 0286 34       		.uleb128 0x34
 7233 0287 00       		.byte	0
 7234 0288 03       		.uleb128 0x3
 7235 0289 08       		.uleb128 0x8
 7236 028a 3A       		.uleb128 0x3a
 7237 028b 21       		.uleb128 0x21
 7238 028c 01       		.sleb128 1
 7239 028d 3B       		.uleb128 0x3b
 7240 028e 05       		.uleb128 0x5
 7241 028f 39       		.uleb128 0x39
 7242 0290 21       		.uleb128 0x21
 7243 0291 0B       		.sleb128 11
 7244 0292 49       		.uleb128 0x49
 7245 0293 13       		.uleb128 0x13
 7246 0294 02       		.uleb128 0x2
 7247 0295 18       		.uleb128 0x18
 7248 0296 00       		.byte	0
 7249 0297 00       		.byte	0
 7250 0298 28       		.uleb128 0x28
 7251 0299 2E       		.uleb128 0x2e
 7252 029a 01       		.byte	0x1
 7253 029b 03       		.uleb128 0x3
 7254 029c 0E       		.uleb128 0xe
 7255 029d 3A       		.uleb128 0x3a
 7256 029e 21       		.uleb128 0x21
 7257 029f 01       		.sleb128 1
 7258 02a0 3B       		.uleb128 0x3b
 7259 02a1 0B       		.uleb128 0xb
 7260 02a2 39       		.uleb128 0x39
 7261 02a3 0B       		.uleb128 0xb
 7262 02a4 27       		.uleb128 0x27
 7263 02a5 19       		.uleb128 0x19
 7264 02a6 11       		.uleb128 0x11
 7265 02a7 01       		.uleb128 0x1
 7266 02a8 12       		.uleb128 0x12
 7267 02a9 06       		.uleb128 0x6
 7268 02aa 40       		.uleb128 0x40
 7269 02ab 18       		.uleb128 0x18
 7270 02ac 7A       		.uleb128 0x7a
 7271 02ad 19       		.uleb128 0x19
 7272 02ae 01       		.uleb128 0x1
 7273 02af 13       		.uleb128 0x13
 7274 02b0 00       		.byte	0
 7275 02b1 00       		.byte	0
 7276 02b2 29       		.uleb128 0x29
 7277 02b3 34       		.uleb128 0x34
 7278 02b4 00       		.byte	0
 7279 02b5 03       		.uleb128 0x3
 7280 02b6 0E       		.uleb128 0xe
 7281 02b7 3A       		.uleb128 0x3a
 7282 02b8 21       		.uleb128 0x21
 7283 02b9 01       		.sleb128 1
 7284 02ba 3B       		.uleb128 0x3b
 7285 02bb 0B       		.uleb128 0xb
 7286 02bc 39       		.uleb128 0x39
 7287 02bd 0B       		.uleb128 0xb
ARM GAS  /tmp/ccftVcE7.s 			page 129


 7288 02be 49       		.uleb128 0x49
 7289 02bf 13       		.uleb128 0x13
 7290 02c0 02       		.uleb128 0x2
 7291 02c1 17       		.uleb128 0x17
 7292 02c2 B742     		.uleb128 0x2137
 7293 02c4 17       		.uleb128 0x17
 7294 02c5 00       		.byte	0
 7295 02c6 00       		.byte	0
 7296 02c7 2A       		.uleb128 0x2a
 7297 02c8 34       		.uleb128 0x34
 7298 02c9 00       		.byte	0
 7299 02ca 03       		.uleb128 0x3
 7300 02cb 0E       		.uleb128 0xe
 7301 02cc 3A       		.uleb128 0x3a
 7302 02cd 21       		.uleb128 0x21
 7303 02ce 01       		.sleb128 1
 7304 02cf 3B       		.uleb128 0x3b
 7305 02d0 0B       		.uleb128 0xb
 7306 02d1 39       		.uleb128 0x39
 7307 02d2 0B       		.uleb128 0xb
 7308 02d3 49       		.uleb128 0x49
 7309 02d4 13       		.uleb128 0x13
 7310 02d5 1C       		.uleb128 0x1c
 7311 02d6 21       		.uleb128 0x21
 7312 02d7 E000     		.sleb128 96
 7313 02d9 00       		.byte	0
 7314 02da 00       		.byte	0
 7315 02db 2B       		.uleb128 0x2b
 7316 02dc 2E       		.uleb128 0x2e
 7317 02dd 00       		.byte	0
 7318 02de 03       		.uleb128 0x3
 7319 02df 0E       		.uleb128 0xe
 7320 02e0 3A       		.uleb128 0x3a
 7321 02e1 0B       		.uleb128 0xb
 7322 02e2 3B       		.uleb128 0x3b
 7323 02e3 0B       		.uleb128 0xb
 7324 02e4 39       		.uleb128 0x39
 7325 02e5 21       		.uleb128 0x21
 7326 02e6 19       		.sleb128 25
 7327 02e7 27       		.uleb128 0x27
 7328 02e8 19       		.uleb128 0x19
 7329 02e9 49       		.uleb128 0x49
 7330 02ea 13       		.uleb128 0x13
 7331 02eb 20       		.uleb128 0x20
 7332 02ec 21       		.uleb128 0x21
 7333 02ed 03       		.sleb128 3
 7334 02ee 00       		.byte	0
 7335 02ef 00       		.byte	0
 7336 02f0 2C       		.uleb128 0x2c
 7337 02f1 2E       		.uleb128 0x2e
 7338 02f2 00       		.byte	0
 7339 02f3 03       		.uleb128 0x3
 7340 02f4 0E       		.uleb128 0xe
 7341 02f5 3A       		.uleb128 0x3a
 7342 02f6 0B       		.uleb128 0xb
 7343 02f7 3B       		.uleb128 0x3b
 7344 02f8 05       		.uleb128 0x5
ARM GAS  /tmp/ccftVcE7.s 			page 130


 7345 02f9 39       		.uleb128 0x39
 7346 02fa 21       		.uleb128 0x21
 7347 02fb 14       		.sleb128 20
 7348 02fc 27       		.uleb128 0x27
 7349 02fd 19       		.uleb128 0x19
 7350 02fe 20       		.uleb128 0x20
 7351 02ff 21       		.uleb128 0x21
 7352 0300 03       		.sleb128 3
 7353 0301 00       		.byte	0
 7354 0302 00       		.byte	0
 7355 0303 2D       		.uleb128 0x2d
 7356 0304 17       		.uleb128 0x17
 7357 0305 01       		.byte	0x1
 7358 0306 0B       		.uleb128 0xb
 7359 0307 21       		.uleb128 0x21
 7360 0308 04       		.sleb128 4
 7361 0309 3A       		.uleb128 0x3a
 7362 030a 0B       		.uleb128 0xb
 7363 030b 3B       		.uleb128 0x3b
 7364 030c 0B       		.uleb128 0xb
 7365 030d 39       		.uleb128 0x39
 7366 030e 0B       		.uleb128 0xb
 7367 030f 01       		.uleb128 0x1
 7368 0310 13       		.uleb128 0x13
 7369 0311 00       		.byte	0
 7370 0312 00       		.byte	0
 7371 0313 2E       		.uleb128 0x2e
 7372 0314 13       		.uleb128 0x13
 7373 0315 01       		.byte	0x1
 7374 0316 0B       		.uleb128 0xb
 7375 0317 0B       		.uleb128 0xb
 7376 0318 3A       		.uleb128 0x3a
 7377 0319 21       		.uleb128 0x21
 7378 031a 0F       		.sleb128 15
 7379 031b 3B       		.uleb128 0x3b
 7380 031c 0B       		.uleb128 0xb
 7381 031d 39       		.uleb128 0x39
 7382 031e 0B       		.uleb128 0xb
 7383 031f 01       		.uleb128 0x1
 7384 0320 13       		.uleb128 0x13
 7385 0321 00       		.byte	0
 7386 0322 00       		.byte	0
 7387 0323 2F       		.uleb128 0x2f
 7388 0324 0D       		.uleb128 0xd
 7389 0325 00       		.byte	0
 7390 0326 03       		.uleb128 0x3
 7391 0327 08       		.uleb128 0x8
 7392 0328 3A       		.uleb128 0x3a
 7393 0329 21       		.uleb128 0x21
 7394 032a 0F       		.sleb128 15
 7395 032b 3B       		.uleb128 0x3b
 7396 032c 0B       		.uleb128 0xb
 7397 032d 39       		.uleb128 0x39
 7398 032e 0B       		.uleb128 0xb
 7399 032f 49       		.uleb128 0x49
 7400 0330 13       		.uleb128 0x13
 7401 0331 00       		.byte	0
ARM GAS  /tmp/ccftVcE7.s 			page 131


 7402 0332 00       		.byte	0
 7403 0333 30       		.uleb128 0x30
 7404 0334 34       		.uleb128 0x34
 7405 0335 00       		.byte	0
 7406 0336 47       		.uleb128 0x47
 7407 0337 13       		.uleb128 0x13
 7408 0338 3A       		.uleb128 0x3a
 7409 0339 21       		.uleb128 0x21
 7410 033a 01       		.sleb128 1
 7411 033b 3B       		.uleb128 0x3b
 7412 033c 0B       		.uleb128 0xb
 7413 033d 39       		.uleb128 0x39
 7414 033e 0B       		.uleb128 0xb
 7415 033f 02       		.uleb128 0x2
 7416 0340 18       		.uleb128 0x18
 7417 0341 00       		.byte	0
 7418 0342 00       		.byte	0
 7419 0343 31       		.uleb128 0x31
 7420 0344 2E       		.uleb128 0x2e
 7421 0345 01       		.byte	0x1
 7422 0346 3F       		.uleb128 0x3f
 7423 0347 19       		.uleb128 0x19
 7424 0348 03       		.uleb128 0x3
 7425 0349 0E       		.uleb128 0xe
 7426 034a 3A       		.uleb128 0x3a
 7427 034b 21       		.uleb128 0x21
 7428 034c 01       		.sleb128 1
 7429 034d 3B       		.uleb128 0x3b
 7430 034e 05       		.uleb128 0x5
 7431 034f 39       		.uleb128 0x39
 7432 0350 21       		.uleb128 0x21
 7433 0351 06       		.sleb128 6
 7434 0352 27       		.uleb128 0x27
 7435 0353 19       		.uleb128 0x19
 7436 0354 11       		.uleb128 0x11
 7437 0355 01       		.uleb128 0x1
 7438 0356 12       		.uleb128 0x12
 7439 0357 06       		.uleb128 0x6
 7440 0358 40       		.uleb128 0x40
 7441 0359 18       		.uleb128 0x18
 7442 035a 7A       		.uleb128 0x7a
 7443 035b 19       		.uleb128 0x19
 7444 035c 01       		.uleb128 0x1
 7445 035d 13       		.uleb128 0x13
 7446 035e 00       		.byte	0
 7447 035f 00       		.byte	0
 7448 0360 32       		.uleb128 0x32
 7449 0361 05       		.uleb128 0x5
 7450 0362 00       		.byte	0
 7451 0363 03       		.uleb128 0x3
 7452 0364 0E       		.uleb128 0xe
 7453 0365 3A       		.uleb128 0x3a
 7454 0366 21       		.uleb128 0x21
 7455 0367 01       		.sleb128 1
 7456 0368 3B       		.uleb128 0x3b
 7457 0369 21       		.uleb128 0x21
 7458 036a B703     		.sleb128 439
ARM GAS  /tmp/ccftVcE7.s 			page 132


 7459 036c 39       		.uleb128 0x39
 7460 036d 0B       		.uleb128 0xb
 7461 036e 49       		.uleb128 0x49
 7462 036f 13       		.uleb128 0x13
 7463 0370 02       		.uleb128 0x2
 7464 0371 18       		.uleb128 0x18
 7465 0372 00       		.byte	0
 7466 0373 00       		.byte	0
 7467 0374 33       		.uleb128 0x33
 7468 0375 05       		.uleb128 0x5
 7469 0376 00       		.byte	0
 7470 0377 31       		.uleb128 0x31
 7471 0378 13       		.uleb128 0x13
 7472 0379 00       		.byte	0
 7473 037a 00       		.byte	0
 7474 037b 34       		.uleb128 0x34
 7475 037c 1D       		.uleb128 0x1d
 7476 037d 01       		.byte	0x1
 7477 037e 31       		.uleb128 0x31
 7478 037f 13       		.uleb128 0x13
 7479 0380 52       		.uleb128 0x52
 7480 0381 01       		.uleb128 0x1
 7481 0382 B842     		.uleb128 0x2138
 7482 0384 0B       		.uleb128 0xb
 7483 0385 11       		.uleb128 0x11
 7484 0386 01       		.uleb128 0x1
 7485 0387 12       		.uleb128 0x12
 7486 0388 06       		.uleb128 0x6
 7487 0389 58       		.uleb128 0x58
 7488 038a 21       		.uleb128 0x21
 7489 038b 02       		.sleb128 2
 7490 038c 59       		.uleb128 0x59
 7491 038d 21       		.uleb128 0x21
 7492 038e C402     		.sleb128 324
 7493 0390 57       		.uleb128 0x57
 7494 0391 21       		.uleb128 0x21
 7495 0392 0A       		.sleb128 10
 7496 0393 01       		.uleb128 0x1
 7497 0394 13       		.uleb128 0x13
 7498 0395 00       		.byte	0
 7499 0396 00       		.byte	0
 7500 0397 35       		.uleb128 0x35
 7501 0398 0B       		.uleb128 0xb
 7502 0399 01       		.byte	0x1
 7503 039a 11       		.uleb128 0x11
 7504 039b 01       		.uleb128 0x1
 7505 039c 12       		.uleb128 0x12
 7506 039d 06       		.uleb128 0x6
 7507 039e 01       		.uleb128 0x1
 7508 039f 13       		.uleb128 0x13
 7509 03a0 00       		.byte	0
 7510 03a1 00       		.byte	0
 7511 03a2 36       		.uleb128 0x36
 7512 03a3 2E       		.uleb128 0x2e
 7513 03a4 01       		.byte	0x1
 7514 03a5 03       		.uleb128 0x3
 7515 03a6 0E       		.uleb128 0xe
ARM GAS  /tmp/ccftVcE7.s 			page 133


 7516 03a7 3A       		.uleb128 0x3a
 7517 03a8 21       		.uleb128 0x21
 7518 03a9 02       		.sleb128 2
 7519 03aa 3B       		.uleb128 0x3b
 7520 03ab 05       		.uleb128 0x5
 7521 03ac 39       		.uleb128 0x39
 7522 03ad 21       		.uleb128 0x21
 7523 03ae 14       		.sleb128 20
 7524 03af 27       		.uleb128 0x27
 7525 03b0 19       		.uleb128 0x19
 7526 03b1 49       		.uleb128 0x49
 7527 03b2 13       		.uleb128 0x13
 7528 03b3 20       		.uleb128 0x20
 7529 03b4 21       		.uleb128 0x21
 7530 03b5 03       		.sleb128 3
 7531 03b6 01       		.uleb128 0x1
 7532 03b7 13       		.uleb128 0x13
 7533 03b8 00       		.byte	0
 7534 03b9 00       		.byte	0
 7535 03ba 37       		.uleb128 0x37
 7536 03bb 05       		.uleb128 0x5
 7537 03bc 00       		.byte	0
 7538 03bd 03       		.uleb128 0x3
 7539 03be 08       		.uleb128 0x8
 7540 03bf 3A       		.uleb128 0x3a
 7541 03c0 21       		.uleb128 0x21
 7542 03c1 02       		.sleb128 2
 7543 03c2 3B       		.uleb128 0x3b
 7544 03c3 05       		.uleb128 0x5
 7545 03c4 39       		.uleb128 0x39
 7546 03c5 0B       		.uleb128 0xb
 7547 03c6 49       		.uleb128 0x49
 7548 03c7 13       		.uleb128 0x13
 7549 03c8 00       		.byte	0
 7550 03c9 00       		.byte	0
 7551 03ca 38       		.uleb128 0x38
 7552 03cb 11       		.uleb128 0x11
 7553 03cc 01       		.byte	0x1
 7554 03cd 25       		.uleb128 0x25
 7555 03ce 0E       		.uleb128 0xe
 7556 03cf 13       		.uleb128 0x13
 7557 03d0 0B       		.uleb128 0xb
 7558 03d1 03       		.uleb128 0x3
 7559 03d2 0E       		.uleb128 0xe
 7560 03d3 1B       		.uleb128 0x1b
 7561 03d4 0E       		.uleb128 0xe
 7562 03d5 55       		.uleb128 0x55
 7563 03d6 17       		.uleb128 0x17
 7564 03d7 11       		.uleb128 0x11
 7565 03d8 01       		.uleb128 0x1
 7566 03d9 10       		.uleb128 0x10
 7567 03da 17       		.uleb128 0x17
 7568 03db 00       		.byte	0
 7569 03dc 00       		.byte	0
 7570 03dd 39       		.uleb128 0x39
 7571 03de 24       		.uleb128 0x24
 7572 03df 00       		.byte	0
ARM GAS  /tmp/ccftVcE7.s 			page 134


 7573 03e0 0B       		.uleb128 0xb
 7574 03e1 0B       		.uleb128 0xb
 7575 03e2 3E       		.uleb128 0x3e
 7576 03e3 0B       		.uleb128 0xb
 7577 03e4 03       		.uleb128 0x3
 7578 03e5 08       		.uleb128 0x8
 7579 03e6 00       		.byte	0
 7580 03e7 00       		.byte	0
 7581 03e8 3A       		.uleb128 0x3a
 7582 03e9 0F       		.uleb128 0xf
 7583 03ea 00       		.byte	0
 7584 03eb 0B       		.uleb128 0xb
 7585 03ec 0B       		.uleb128 0xb
 7586 03ed 00       		.byte	0
 7587 03ee 00       		.byte	0
 7588 03ef 3B       		.uleb128 0x3b
 7589 03f0 13       		.uleb128 0x13
 7590 03f1 01       		.byte	0x1
 7591 03f2 03       		.uleb128 0x3
 7592 03f3 0E       		.uleb128 0xe
 7593 03f4 0B       		.uleb128 0xb
 7594 03f5 0B       		.uleb128 0xb
 7595 03f6 3A       		.uleb128 0x3a
 7596 03f7 0B       		.uleb128 0xb
 7597 03f8 3B       		.uleb128 0x3b
 7598 03f9 05       		.uleb128 0x5
 7599 03fa 39       		.uleb128 0x39
 7600 03fb 0B       		.uleb128 0xb
 7601 03fc 01       		.uleb128 0x1
 7602 03fd 13       		.uleb128 0x13
 7603 03fe 00       		.byte	0
 7604 03ff 00       		.byte	0
 7605 0400 3C       		.uleb128 0x3c
 7606 0401 13       		.uleb128 0x13
 7607 0402 01       		.byte	0x1
 7608 0403 0B       		.uleb128 0xb
 7609 0404 0B       		.uleb128 0xb
 7610 0405 3A       		.uleb128 0x3a
 7611 0406 0B       		.uleb128 0xb
 7612 0407 3B       		.uleb128 0x3b
 7613 0408 05       		.uleb128 0x5
 7614 0409 39       		.uleb128 0x39
 7615 040a 0B       		.uleb128 0xb
 7616 040b 01       		.uleb128 0x1
 7617 040c 13       		.uleb128 0x13
 7618 040d 00       		.byte	0
 7619 040e 00       		.byte	0
 7620 040f 3D       		.uleb128 0x3d
 7621 0410 34       		.uleb128 0x34
 7622 0411 00       		.byte	0
 7623 0412 03       		.uleb128 0x3
 7624 0413 0E       		.uleb128 0xe
 7625 0414 3A       		.uleb128 0x3a
 7626 0415 0B       		.uleb128 0xb
 7627 0416 3B       		.uleb128 0x3b
 7628 0417 05       		.uleb128 0x5
 7629 0418 39       		.uleb128 0x39
ARM GAS  /tmp/ccftVcE7.s 			page 135


 7630 0419 0B       		.uleb128 0xb
 7631 041a 49       		.uleb128 0x49
 7632 041b 13       		.uleb128 0x13
 7633 041c 3F       		.uleb128 0x3f
 7634 041d 19       		.uleb128 0x19
 7635 041e 3C       		.uleb128 0x3c
 7636 041f 19       		.uleb128 0x19
 7637 0420 00       		.byte	0
 7638 0421 00       		.byte	0
 7639 0422 3E       		.uleb128 0x3e
 7640 0423 34       		.uleb128 0x34
 7641 0424 00       		.byte	0
 7642 0425 03       		.uleb128 0x3
 7643 0426 0E       		.uleb128 0xe
 7644 0427 3A       		.uleb128 0x3a
 7645 0428 0B       		.uleb128 0xb
 7646 0429 3B       		.uleb128 0x3b
 7647 042a 0B       		.uleb128 0xb
 7648 042b 39       		.uleb128 0x39
 7649 042c 0B       		.uleb128 0xb
 7650 042d 49       		.uleb128 0x49
 7651 042e 13       		.uleb128 0x13
 7652 042f 3F       		.uleb128 0x3f
 7653 0430 19       		.uleb128 0x19
 7654 0431 3C       		.uleb128 0x3c
 7655 0432 19       		.uleb128 0x19
 7656 0433 00       		.byte	0
 7657 0434 00       		.byte	0
 7658 0435 3F       		.uleb128 0x3f
 7659 0436 2E       		.uleb128 0x2e
 7660 0437 01       		.byte	0x1
 7661 0438 3F       		.uleb128 0x3f
 7662 0439 19       		.uleb128 0x19
 7663 043a 03       		.uleb128 0x3
 7664 043b 0E       		.uleb128 0xe
 7665 043c 3A       		.uleb128 0x3a
 7666 043d 0B       		.uleb128 0xb
 7667 043e 3B       		.uleb128 0x3b
 7668 043f 05       		.uleb128 0x5
 7669 0440 39       		.uleb128 0x39
 7670 0441 0B       		.uleb128 0xb
 7671 0442 27       		.uleb128 0x27
 7672 0443 19       		.uleb128 0x19
 7673 0444 3C       		.uleb128 0x3c
 7674 0445 19       		.uleb128 0x19
 7675 0446 01       		.uleb128 0x1
 7676 0447 13       		.uleb128 0x13
 7677 0448 00       		.byte	0
 7678 0449 00       		.byte	0
 7679 044a 40       		.uleb128 0x40
 7680 044b 05       		.uleb128 0x5
 7681 044c 00       		.byte	0
 7682 044d 49       		.uleb128 0x49
 7683 044e 13       		.uleb128 0x13
 7684 044f 00       		.byte	0
 7685 0450 00       		.byte	0
 7686 0451 41       		.uleb128 0x41
ARM GAS  /tmp/ccftVcE7.s 			page 136


 7687 0452 2E       		.uleb128 0x2e
 7688 0453 01       		.byte	0x1
 7689 0454 3F       		.uleb128 0x3f
 7690 0455 19       		.uleb128 0x19
 7691 0456 03       		.uleb128 0x3
 7692 0457 0E       		.uleb128 0xe
 7693 0458 3A       		.uleb128 0x3a
 7694 0459 0B       		.uleb128 0xb
 7695 045a 3B       		.uleb128 0x3b
 7696 045b 05       		.uleb128 0x5
 7697 045c 39       		.uleb128 0x39
 7698 045d 0B       		.uleb128 0xb
 7699 045e 27       		.uleb128 0x27
 7700 045f 19       		.uleb128 0x19
 7701 0460 49       		.uleb128 0x49
 7702 0461 13       		.uleb128 0x13
 7703 0462 11       		.uleb128 0x11
 7704 0463 01       		.uleb128 0x1
 7705 0464 12       		.uleb128 0x12
 7706 0465 06       		.uleb128 0x6
 7707 0466 40       		.uleb128 0x40
 7708 0467 18       		.uleb128 0x18
 7709 0468 7A       		.uleb128 0x7a
 7710 0469 19       		.uleb128 0x19
 7711 046a 01       		.uleb128 0x1
 7712 046b 13       		.uleb128 0x13
 7713 046c 00       		.byte	0
 7714 046d 00       		.byte	0
 7715 046e 42       		.uleb128 0x42
 7716 046f 2E       		.uleb128 0x2e
 7717 0470 01       		.byte	0x1
 7718 0471 03       		.uleb128 0x3
 7719 0472 08       		.uleb128 0x8
 7720 0473 3A       		.uleb128 0x3a
 7721 0474 0B       		.uleb128 0xb
 7722 0475 3B       		.uleb128 0x3b
 7723 0476 05       		.uleb128 0x5
 7724 0477 39       		.uleb128 0x39
 7725 0478 0B       		.uleb128 0xb
 7726 0479 27       		.uleb128 0x27
 7727 047a 19       		.uleb128 0x19
 7728 047b 49       		.uleb128 0x49
 7729 047c 13       		.uleb128 0x13
 7730 047d 11       		.uleb128 0x11
 7731 047e 01       		.uleb128 0x1
 7732 047f 12       		.uleb128 0x12
 7733 0480 06       		.uleb128 0x6
 7734 0481 40       		.uleb128 0x40
 7735 0482 18       		.uleb128 0x18
 7736 0483 7A       		.uleb128 0x7a
 7737 0484 19       		.uleb128 0x19
 7738 0485 01       		.uleb128 0x1
 7739 0486 13       		.uleb128 0x13
 7740 0487 00       		.byte	0
 7741 0488 00       		.byte	0
 7742 0489 43       		.uleb128 0x43
 7743 048a 0B       		.uleb128 0xb
ARM GAS  /tmp/ccftVcE7.s 			page 137


 7744 048b 01       		.byte	0x1
 7745 048c 55       		.uleb128 0x55
 7746 048d 17       		.uleb128 0x17
 7747 048e 01       		.uleb128 0x1
 7748 048f 13       		.uleb128 0x13
 7749 0490 00       		.byte	0
 7750 0491 00       		.byte	0
 7751 0492 44       		.uleb128 0x44
 7752 0493 34       		.uleb128 0x34
 7753 0494 00       		.byte	0
 7754 0495 03       		.uleb128 0x3
 7755 0496 08       		.uleb128 0x8
 7756 0497 3A       		.uleb128 0x3a
 7757 0498 0B       		.uleb128 0xb
 7758 0499 3B       		.uleb128 0x3b
 7759 049a 0B       		.uleb128 0xb
 7760 049b 39       		.uleb128 0x39
 7761 049c 0B       		.uleb128 0xb
 7762 049d 49       		.uleb128 0x49
 7763 049e 13       		.uleb128 0x13
 7764 049f 00       		.byte	0
 7765 04a0 00       		.byte	0
 7766 04a1 45       		.uleb128 0x45
 7767 04a2 2E       		.uleb128 0x2e
 7768 04a3 01       		.byte	0x1
 7769 04a4 3F       		.uleb128 0x3f
 7770 04a5 19       		.uleb128 0x19
 7771 04a6 03       		.uleb128 0x3
 7772 04a7 0E       		.uleb128 0xe
 7773 04a8 3A       		.uleb128 0x3a
 7774 04a9 0B       		.uleb128 0xb
 7775 04aa 3B       		.uleb128 0x3b
 7776 04ab 0B       		.uleb128 0xb
 7777 04ac 39       		.uleb128 0x39
 7778 04ad 0B       		.uleb128 0xb
 7779 04ae 27       		.uleb128 0x27
 7780 04af 19       		.uleb128 0x19
 7781 04b0 11       		.uleb128 0x11
 7782 04b1 01       		.uleb128 0x1
 7783 04b2 12       		.uleb128 0x12
 7784 04b3 06       		.uleb128 0x6
 7785 04b4 40       		.uleb128 0x40
 7786 04b5 18       		.uleb128 0x18
 7787 04b6 7A       		.uleb128 0x7a
 7788 04b7 19       		.uleb128 0x19
 7789 04b8 01       		.uleb128 0x1
 7790 04b9 13       		.uleb128 0x13
 7791 04ba 00       		.byte	0
 7792 04bb 00       		.byte	0
 7793 04bc 46       		.uleb128 0x46
 7794 04bd 2E       		.uleb128 0x2e
 7795 04be 01       		.byte	0x1
 7796 04bf 03       		.uleb128 0x3
 7797 04c0 0E       		.uleb128 0xe
 7798 04c1 3A       		.uleb128 0x3a
 7799 04c2 0B       		.uleb128 0xb
 7800 04c3 3B       		.uleb128 0x3b
ARM GAS  /tmp/ccftVcE7.s 			page 138


 7801 04c4 0B       		.uleb128 0xb
 7802 04c5 39       		.uleb128 0x39
 7803 04c6 0B       		.uleb128 0xb
 7804 04c7 27       		.uleb128 0x27
 7805 04c8 19       		.uleb128 0x19
 7806 04c9 49       		.uleb128 0x49
 7807 04ca 13       		.uleb128 0x13
 7808 04cb 20       		.uleb128 0x20
 7809 04cc 0B       		.uleb128 0xb
 7810 04cd 01       		.uleb128 0x1
 7811 04ce 13       		.uleb128 0x13
 7812 04cf 00       		.byte	0
 7813 04d0 00       		.byte	0
 7814 04d1 47       		.uleb128 0x47
 7815 04d2 34       		.uleb128 0x34
 7816 04d3 00       		.byte	0
 7817 04d4 03       		.uleb128 0x3
 7818 04d5 0E       		.uleb128 0xe
 7819 04d6 3A       		.uleb128 0x3a
 7820 04d7 0B       		.uleb128 0xb
 7821 04d8 3B       		.uleb128 0x3b
 7822 04d9 0B       		.uleb128 0xb
 7823 04da 39       		.uleb128 0x39
 7824 04db 0B       		.uleb128 0xb
 7825 04dc 49       		.uleb128 0x49
 7826 04dd 13       		.uleb128 0x13
 7827 04de 00       		.byte	0
 7828 04df 00       		.byte	0
 7829 04e0 48       		.uleb128 0x48
 7830 04e1 2E       		.uleb128 0x2e
 7831 04e2 01       		.byte	0x1
 7832 04e3 03       		.uleb128 0x3
 7833 04e4 0E       		.uleb128 0xe
 7834 04e5 3A       		.uleb128 0x3a
 7835 04e6 0B       		.uleb128 0xb
 7836 04e7 3B       		.uleb128 0x3b
 7837 04e8 05       		.uleb128 0x5
 7838 04e9 39       		.uleb128 0x39
 7839 04ea 0B       		.uleb128 0xb
 7840 04eb 27       		.uleb128 0x27
 7841 04ec 19       		.uleb128 0x19
 7842 04ed 20       		.uleb128 0x20
 7843 04ee 0B       		.uleb128 0xb
 7844 04ef 01       		.uleb128 0x1
 7845 04f0 13       		.uleb128 0x13
 7846 04f1 00       		.byte	0
 7847 04f2 00       		.byte	0
 7848 04f3 49       		.uleb128 0x49
 7849 04f4 34       		.uleb128 0x34
 7850 04f5 00       		.byte	0
 7851 04f6 03       		.uleb128 0x3
 7852 04f7 0E       		.uleb128 0xe
 7853 04f8 49       		.uleb128 0x49
 7854 04f9 13       		.uleb128 0x13
 7855 04fa 34       		.uleb128 0x34
 7856 04fb 19       		.uleb128 0x19
 7857 04fc 00       		.byte	0
ARM GAS  /tmp/ccftVcE7.s 			page 139


 7858 04fd 00       		.byte	0
 7859 04fe 4A       		.uleb128 0x4a
 7860 04ff 2E       		.uleb128 0x2e
 7861 0500 01       		.byte	0x1
 7862 0501 03       		.uleb128 0x3
 7863 0502 0E       		.uleb128 0xe
 7864 0503 3A       		.uleb128 0x3a
 7865 0504 0B       		.uleb128 0xb
 7866 0505 3B       		.uleb128 0x3b
 7867 0506 05       		.uleb128 0x5
 7868 0507 39       		.uleb128 0x39
 7869 0508 0B       		.uleb128 0xb
 7870 0509 27       		.uleb128 0x27
 7871 050a 19       		.uleb128 0x19
 7872 050b 20       		.uleb128 0x20
 7873 050c 0B       		.uleb128 0xb
 7874 050d 00       		.byte	0
 7875 050e 00       		.byte	0
 7876 050f 00       		.byte	0
 7877              		.section	.debug_loclists,"",%progbits
 7878 0000 1E0B0000 		.4byte	.Ldebug_loc3-.Ldebug_loc2
 7879              	.Ldebug_loc2:
 7880 0004 0500     		.2byte	0x5
 7881 0006 04       		.byte	0x4
 7882 0007 00       		.byte	0
 7883 0008 00000000 		.4byte	0
 7884              	.Ldebug_loc0:
 7885              	.LVUS98:
 7886 000c 00       		.uleb128 0
 7887 000d 00       		.uleb128 .LVU721
 7888 000e 00       		.uleb128 .LVU721
 7889 000f 00       		.uleb128 .LVU740
 7890 0010 00       		.uleb128 .LVU740
 7891 0011 00       		.uleb128 .LVU742
 7892 0012 00       		.uleb128 .LVU742
 7893 0013 00       		.uleb128 0
 7894              	.LLST98:
 7895 0014 06       		.byte	0x6
 7896 0015 00000000 		.4byte	.LVL215
 7897 0019 04       		.byte	0x4
 7898 001a 00       		.uleb128 .LVL215-.LVL215
 7899 001b 40       		.uleb128 .LVL222-.LVL215
 7900 001c 01       		.uleb128 0x1
 7901 001d 50       		.byte	0x50
 7902 001e 04       		.byte	0x4
 7903 001f 40       		.uleb128 .LVL222-.LVL215
 7904 0020 9C01     		.uleb128 .LVL226-.LVL215
 7905 0022 01       		.uleb128 0x1
 7906 0023 54       		.byte	0x54
 7907 0024 04       		.byte	0x4
 7908 0025 9C01     		.uleb128 .LVL226-.LVL215
 7909 0027 A501     		.uleb128 .LVL228-1-.LVL215
 7910 0029 01       		.uleb128 0x1
 7911 002a 50       		.byte	0x50
 7912 002b 04       		.byte	0x4
 7913 002c A501     		.uleb128 .LVL228-1-.LVL215
 7914 002e D002     		.uleb128 .LFE262-.LVL215
ARM GAS  /tmp/ccftVcE7.s 			page 140


 7915 0030 01       		.uleb128 0x1
 7916 0031 54       		.byte	0x54
 7917 0032 00       		.byte	0
 7918              	.LVUS99:
 7919 0033 00       		.uleb128 0
 7920 0034 00       		.uleb128 .LVU721
 7921 0035 00       		.uleb128 .LVU721
 7922 0036 00       		.uleb128 .LVU740
 7923 0037 00       		.uleb128 .LVU740
 7924 0038 00       		.uleb128 .LVU742
 7925 0039 00       		.uleb128 .LVU742
 7926 003a 00       		.uleb128 0
 7927              	.LLST99:
 7928 003b 06       		.byte	0x6
 7929 003c 00000000 		.4byte	.LVL215
 7930 0040 04       		.byte	0x4
 7931 0041 00       		.uleb128 .LVL215-.LVL215
 7932 0042 40       		.uleb128 .LVL222-.LVL215
 7933 0043 01       		.uleb128 0x1
 7934 0044 51       		.byte	0x51
 7935 0045 04       		.byte	0x4
 7936 0046 40       		.uleb128 .LVL222-.LVL215
 7937 0047 9C01     		.uleb128 .LVL226-.LVL215
 7938 0049 0A       		.uleb128 0xa
 7939 004a A3       		.byte	0xa3
 7940 004b 03       		.uleb128 0x3
 7941 004c A5       		.byte	0xa5
 7942 004d 01       		.uleb128 0x1
 7943 004e 26       		.uleb128 0x26
 7944 004f A8       		.byte	0xa8
 7945 0050 2D       		.uleb128 0x2d
 7946 0051 A8       		.byte	0xa8
 7947 0052 00       		.uleb128 0
 7948 0053 9F       		.byte	0x9f
 7949 0054 04       		.byte	0x4
 7950 0055 9C01     		.uleb128 .LVL226-.LVL215
 7951 0057 A501     		.uleb128 .LVL228-1-.LVL215
 7952 0059 01       		.uleb128 0x1
 7953 005a 51       		.byte	0x51
 7954 005b 04       		.byte	0x4
 7955 005c A501     		.uleb128 .LVL228-1-.LVL215
 7956 005e D002     		.uleb128 .LFE262-.LVL215
 7957 0060 0A       		.uleb128 0xa
 7958 0061 A3       		.byte	0xa3
 7959 0062 03       		.uleb128 0x3
 7960 0063 A5       		.byte	0xa5
 7961 0064 01       		.uleb128 0x1
 7962 0065 26       		.uleb128 0x26
 7963 0066 A8       		.byte	0xa8
 7964 0067 2D       		.uleb128 0x2d
 7965 0068 A8       		.byte	0xa8
 7966 0069 00       		.uleb128 0
 7967 006a 9F       		.byte	0x9f
 7968 006b 00       		.byte	0
 7969              	.LVUS100:
 7970 006c 00       		.uleb128 0
 7971 006d 00       		.uleb128 .LVU721
ARM GAS  /tmp/ccftVcE7.s 			page 141


 7972 006e 00       		.uleb128 .LVU721
 7973 006f 00       		.uleb128 .LVU740
 7974 0070 00       		.uleb128 .LVU740
 7975 0071 00       		.uleb128 .LVU742
 7976 0072 00       		.uleb128 .LVU742
 7977 0073 00       		.uleb128 0
 7978              	.LLST100:
 7979 0074 06       		.byte	0x6
 7980 0075 00000000 		.4byte	.LVL215
 7981 0079 04       		.byte	0x4
 7982 007a 00       		.uleb128 .LVL215-.LVL215
 7983 007b 40       		.uleb128 .LVL222-.LVL215
 7984 007c 01       		.uleb128 0x1
 7985 007d 52       		.byte	0x52
 7986 007e 04       		.byte	0x4
 7987 007f 40       		.uleb128 .LVL222-.LVL215
 7988 0080 9C01     		.uleb128 .LVL226-.LVL215
 7989 0082 01       		.uleb128 0x1
 7990 0083 56       		.byte	0x56
 7991 0084 04       		.byte	0x4
 7992 0085 9C01     		.uleb128 .LVL226-.LVL215
 7993 0087 A501     		.uleb128 .LVL228-1-.LVL215
 7994 0089 01       		.uleb128 0x1
 7995 008a 52       		.byte	0x52
 7996 008b 04       		.byte	0x4
 7997 008c A501     		.uleb128 .LVL228-1-.LVL215
 7998 008e D002     		.uleb128 .LFE262-.LVL215
 7999 0090 01       		.uleb128 0x1
 8000 0091 56       		.byte	0x56
 8001 0092 00       		.byte	0
 8002              	.LVUS101:
 8003 0093 00       		.uleb128 .LVU711
 8004 0094 00       		.uleb128 .LVU713
 8005 0095 00       		.uleb128 .LVU717
 8006 0096 00       		.uleb128 .LVU718
 8007              	.LLST101:
 8008 0097 06       		.byte	0x6
 8009 0098 1E000000 		.4byte	.LVL218
 8010 009c 04       		.byte	0x4
 8011 009d 00       		.uleb128 .LVL218-.LVL218
 8012 009e 06       		.uleb128 .LVL219-.LVL218
 8013 009f 01       		.uleb128 0x1
 8014 00a0 55       		.byte	0x55
 8015 00a1 04       		.byte	0x4
 8016 00a2 16       		.uleb128 .LVL220-.LVL218
 8017 00a3 1A       		.uleb128 .LVL221-.LVL218
 8018 00a4 01       		.uleb128 0x1
 8019 00a5 55       		.byte	0x55
 8020 00a6 00       		.byte	0
 8021              	.LVUS102:
 8022 00a7 02       		.uleb128 .LVU702
 8023 00a8 00       		.uleb128 .LVU736
 8024 00a9 00       		.uleb128 .LVU736
 8025 00aa 00       		.uleb128 .LVU740
 8026 00ab 00       		.uleb128 .LVU740
 8027 00ac 01       		.uleb128 .LVU770
 8028 00ad 01       		.uleb128 .LVU770
ARM GAS  /tmp/ccftVcE7.s 			page 142


 8029 00ae 00       		.uleb128 0
 8030              	.LLST102:
 8031 00af 06       		.byte	0x6
 8032 00b0 0A000000 		.4byte	.LVL216
 8033 00b4 04       		.byte	0x4
 8034 00b5 00       		.uleb128 .LVL216-.LVL216
 8035 00b6 8801     		.uleb128 .LVL225-.LVL216
 8036 00b8 02       		.uleb128 0x2
 8037 00b9 33       		.byte	0x33
 8038 00ba 9F       		.byte	0x9f
 8039 00bb 04       		.byte	0x4
 8040 00bc 8801     		.uleb128 .LVL225-.LVL216
 8041 00be 9201     		.uleb128 .LVL226-.LVL216
 8042 00c0 01       		.uleb128 0x1
 8043 00c1 50       		.byte	0x50
 8044 00c2 04       		.byte	0x4
 8045 00c3 9201     		.uleb128 .LVL226-.LVL216
 8046 00c5 AA02     		.uleb128 .LVL243-.LVL216
 8047 00c7 02       		.uleb128 0x2
 8048 00c8 33       		.byte	0x33
 8049 00c9 9F       		.byte	0x9f
 8050 00ca 04       		.byte	0x4
 8051 00cb AA02     		.uleb128 .LVL243-.LVL216
 8052 00cd C602     		.uleb128 .LFE262-.LVL216
 8053 00cf 02       		.uleb128 0x2
 8054 00d0 3D       		.byte	0x3d
 8055 00d1 9F       		.byte	0x9f
 8056 00d2 00       		.byte	0
 8057              	.LVUS103:
 8058 00d3 00       		.uleb128 .LVU704
 8059 00d4 00       		.uleb128 0
 8060              	.LLST103:
 8061 00d5 08       		.byte	0x8
 8062 00d6 0C000000 		.4byte	.LVL217
 8063 00da C402     		.uleb128 .LFE262-.LVL217
 8064 00dc 01       		.uleb128 0x1
 8065 00dd 57       		.byte	0x57
 8066 00de 00       		.byte	0
 8067              	.LVUS104:
 8068 00df 01       		.uleb128 .LVU705
 8069 00e0 00       		.uleb128 .LVU718
 8070 00e1 00       		.uleb128 .LVU718
 8071 00e2 00       		.uleb128 .LVU740
 8072 00e3 00       		.uleb128 .LVU740
 8073 00e4 00       		.uleb128 .LVU741
 8074 00e5 00       		.uleb128 .LVU741
 8075 00e6 00       		.uleb128 0
 8076              	.LLST104:
 8077 00e7 06       		.byte	0x6
 8078 00e8 0C000000 		.4byte	.LVL217
 8079 00ec 04       		.byte	0x4
 8080 00ed 00       		.uleb128 .LVL217-.LVL217
 8081 00ee 2C       		.uleb128 .LVL221-.LVL217
 8082 00ef 02       		.uleb128 0x2
 8083 00f0 30       		.byte	0x30
 8084 00f1 9F       		.byte	0x9f
 8085 00f2 04       		.byte	0x4
ARM GAS  /tmp/ccftVcE7.s 			page 143


 8086 00f3 2C       		.uleb128 .LVL221-.LVL217
 8087 00f4 9001     		.uleb128 .LVL226-.LVL217
 8088 00f6 01       		.uleb128 0x1
 8089 00f7 58       		.byte	0x58
 8090 00f8 04       		.byte	0x4
 8091 00f9 9001     		.uleb128 .LVL226-.LVL217
 8092 00fb 9601     		.uleb128 .LVL227-.LVL217
 8093 00fd 02       		.uleb128 0x2
 8094 00fe 30       		.byte	0x30
 8095 00ff 9F       		.byte	0x9f
 8096 0100 04       		.byte	0x4
 8097 0101 9601     		.uleb128 .LVL227-.LVL217
 8098 0103 C402     		.uleb128 .LFE262-.LVL217
 8099 0105 01       		.uleb128 0x1
 8100 0106 58       		.byte	0x58
 8101 0107 00       		.byte	0
 8102              	.LVUS94:
 8103 0108 00       		.uleb128 0
 8104 0109 00       		.uleb128 .LVU694
 8105 010a 00       		.uleb128 .LVU694
 8106 010b 00       		.uleb128 0
 8107              	.LLST94:
 8108 010c 06       		.byte	0x6
 8109 010d 00000000 		.4byte	.LVL208
 8110 0111 04       		.byte	0x4
 8111 0112 00       		.uleb128 .LVL208-.LVL208
 8112 0113 12       		.uleb128 .LVL212-.LVL208
 8113 0114 01       		.uleb128 0x1
 8114 0115 50       		.byte	0x50
 8115 0116 04       		.byte	0x4
 8116 0117 12       		.uleb128 .LVL212-.LVL208
 8117 0118 2E       		.uleb128 .LFE261-.LVL208
 8118 0119 01       		.uleb128 0x1
 8119 011a 54       		.byte	0x54
 8120 011b 00       		.byte	0
 8121              	.LVUS95:
 8122 011c 00       		.uleb128 0
 8123 011d 00       		.uleb128 .LVU693
 8124 011e 00       		.uleb128 .LVU693
 8125 011f 00       		.uleb128 0
 8126              	.LLST95:
 8127 0120 06       		.byte	0x6
 8128 0121 00000000 		.4byte	.LVL208
 8129 0125 04       		.byte	0x4
 8130 0126 00       		.uleb128 .LVL208-.LVL208
 8131 0127 10       		.uleb128 .LVL211-.LVL208
 8132 0128 01       		.uleb128 0x1
 8133 0129 51       		.byte	0x51
 8134 012a 04       		.byte	0x4
 8135 012b 10       		.uleb128 .LVL211-.LVL208
 8136 012c 2E       		.uleb128 .LFE261-.LVL208
 8137 012d 0A       		.uleb128 0xa
 8138 012e A3       		.byte	0xa3
 8139 012f 03       		.uleb128 0x3
 8140 0130 A5       		.byte	0xa5
 8141 0131 01       		.uleb128 0x1
 8142 0132 26       		.uleb128 0x26
ARM GAS  /tmp/ccftVcE7.s 			page 144


 8143 0133 A8       		.byte	0xa8
 8144 0134 2D       		.uleb128 0x2d
 8145 0135 A8       		.byte	0xa8
 8146 0136 00       		.uleb128 0
 8147 0137 9F       		.byte	0x9f
 8148 0138 00       		.byte	0
 8149              	.LVUS96:
 8150 0139 00       		.uleb128 0
 8151 013a 00       		.uleb128 .LVU692
 8152 013b 00       		.uleb128 .LVU692
 8153 013c 00       		.uleb128 0
 8154              	.LLST96:
 8155 013d 06       		.byte	0x6
 8156 013e 00000000 		.4byte	.LVL208
 8157 0142 04       		.byte	0x4
 8158 0143 00       		.uleb128 .LVL208-.LVL208
 8159 0144 0E       		.uleb128 .LVL210-.LVL208
 8160 0145 01       		.uleb128 0x1
 8161 0146 52       		.byte	0x52
 8162 0147 04       		.byte	0x4
 8163 0148 0E       		.uleb128 .LVL210-.LVL208
 8164 0149 2E       		.uleb128 .LFE261-.LVL208
 8165 014a 01       		.uleb128 0x1
 8166 014b 55       		.byte	0x55
 8167 014c 00       		.byte	0
 8168              	.LVUS97:
 8169 014d 00       		.uleb128 0
 8170 014e 00       		.uleb128 .LVU691
 8171 014f 00       		.uleb128 .LVU691
 8172 0150 00       		.uleb128 0
 8173              	.LLST97:
 8174 0151 06       		.byte	0x6
 8175 0152 00000000 		.4byte	.LVL208
 8176 0156 04       		.byte	0x4
 8177 0157 00       		.uleb128 .LVL208-.LVL208
 8178 0158 0C       		.uleb128 .LVL209-.LVL208
 8179 0159 01       		.uleb128 0x1
 8180 015a 53       		.byte	0x53
 8181 015b 04       		.byte	0x4
 8182 015c 0C       		.uleb128 .LVL209-.LVL208
 8183 015d 2E       		.uleb128 .LFE261-.LVL208
 8184 015e 01       		.uleb128 0x1
 8185 015f 56       		.byte	0x56
 8186 0160 00       		.byte	0
 8187              	.LVUS91:
 8188 0161 00       		.uleb128 0
 8189 0162 00       		.uleb128 .LVU678
 8190 0163 00       		.uleb128 .LVU678
 8191 0164 00       		.uleb128 .LVU679
 8192 0165 00       		.uleb128 .LVU679
 8193 0166 00       		.uleb128 .LVU682
 8194 0167 00       		.uleb128 .LVU682
 8195 0168 00       		.uleb128 .LVU684
 8196 0169 00       		.uleb128 .LVU684
 8197 016a 00       		.uleb128 .LVU687
 8198 016b 00       		.uleb128 .LVU687
 8199 016c 00       		.uleb128 0
ARM GAS  /tmp/ccftVcE7.s 			page 145


 8200              	.LLST91:
 8201 016d 06       		.byte	0x6
 8202 016e 00000000 		.4byte	.LVL194
 8203 0172 04       		.byte	0x4
 8204 0173 00       		.uleb128 .LVL194-.LVL194
 8205 0174 21       		.uleb128 .LVL197-1-.LVL194
 8206 0175 01       		.uleb128 0x1
 8207 0176 50       		.byte	0x50
 8208 0177 04       		.byte	0x4
 8209 0178 21       		.uleb128 .LVL197-1-.LVL194
 8210 0179 26       		.uleb128 .LVL198-.LVL194
 8211 017a 01       		.uleb128 0x1
 8212 017b 55       		.byte	0x55
 8213 017c 04       		.byte	0x4
 8214 017d 26       		.uleb128 .LVL198-.LVL194
 8215 017e 2E       		.uleb128 .LVL201-.LVL194
 8216 017f 01       		.uleb128 0x1
 8217 0180 50       		.byte	0x50
 8218 0181 04       		.byte	0x4
 8219 0182 2E       		.uleb128 .LVL201-.LVL194
 8220 0183 44       		.uleb128 .LVL204-.LVL194
 8221 0184 01       		.uleb128 0x1
 8222 0185 55       		.byte	0x55
 8223 0186 04       		.byte	0x4
 8224 0187 44       		.uleb128 .LVL204-.LVL194
 8225 0188 4F       		.uleb128 .LVL207-1-.LVL194
 8226 0189 01       		.uleb128 0x1
 8227 018a 50       		.byte	0x50
 8228 018b 04       		.byte	0x4
 8229 018c 4F       		.uleb128 .LVL207-1-.LVL194
 8230 018d 60       		.uleb128 .LFE260-.LVL194
 8231 018e 01       		.uleb128 0x1
 8232 018f 55       		.byte	0x55
 8233 0190 00       		.byte	0
 8234              	.LVUS92:
 8235 0191 00       		.uleb128 0
 8236 0192 00       		.uleb128 .LVU677
 8237 0193 00       		.uleb128 .LVU677
 8238 0194 00       		.uleb128 .LVU678
 8239 0195 00       		.uleb128 .LVU678
 8240 0196 00       		.uleb128 .LVU679
 8241 0197 00       		.uleb128 .LVU679
 8242 0198 00       		.uleb128 .LVU681
 8243 0199 00       		.uleb128 .LVU681
 8244 019a 00       		.uleb128 .LVU684
 8245 019b 00       		.uleb128 .LVU684
 8246 019c 00       		.uleb128 .LVU686
 8247 019d 00       		.uleb128 .LVU686
 8248 019e 00       		.uleb128 0
 8249              	.LLST92:
 8250 019f 06       		.byte	0x6
 8251 01a0 00000000 		.4byte	.LVL194
 8252 01a4 04       		.byte	0x4
 8253 01a5 00       		.uleb128 .LVL194-.LVL194
 8254 01a6 1E       		.uleb128 .LVL196-.LVL194
 8255 01a7 01       		.uleb128 0x1
 8256 01a8 51       		.byte	0x51
ARM GAS  /tmp/ccftVcE7.s 			page 146


 8257 01a9 04       		.byte	0x4
 8258 01aa 1E       		.uleb128 .LVL196-.LVL194
 8259 01ab 21       		.uleb128 .LVL197-1-.LVL194
 8260 01ac 01       		.uleb128 0x1
 8261 01ad 52       		.byte	0x52
 8262 01ae 04       		.byte	0x4
 8263 01af 21       		.uleb128 .LVL197-1-.LVL194
 8264 01b0 26       		.uleb128 .LVL198-.LVL194
 8265 01b1 01       		.uleb128 0x1
 8266 01b2 54       		.byte	0x54
 8267 01b3 04       		.byte	0x4
 8268 01b4 26       		.uleb128 .LVL198-.LVL194
 8269 01b5 2C       		.uleb128 .LVL200-.LVL194
 8270 01b6 01       		.uleb128 0x1
 8271 01b7 51       		.byte	0x51
 8272 01b8 04       		.byte	0x4
 8273 01b9 2C       		.uleb128 .LVL200-.LVL194
 8274 01ba 44       		.uleb128 .LVL204-.LVL194
 8275 01bb 01       		.uleb128 0x1
 8276 01bc 54       		.byte	0x54
 8277 01bd 04       		.byte	0x4
 8278 01be 44       		.uleb128 .LVL204-.LVL194
 8279 01bf 4C       		.uleb128 .LVL206-.LVL194
 8280 01c0 01       		.uleb128 0x1
 8281 01c1 51       		.byte	0x51
 8282 01c2 04       		.byte	0x4
 8283 01c3 4C       		.uleb128 .LVL206-.LVL194
 8284 01c4 60       		.uleb128 .LFE260-.LVL194
 8285 01c5 01       		.uleb128 0x1
 8286 01c6 54       		.byte	0x54
 8287 01c7 00       		.byte	0
 8288              	.LVUS93:
 8289 01c8 00       		.uleb128 0
 8290 01c9 00       		.uleb128 .LVU676
 8291 01ca 00       		.uleb128 .LVU676
 8292 01cb 00       		.uleb128 .LVU679
 8293 01cc 00       		.uleb128 .LVU679
 8294 01cd 00       		.uleb128 .LVU680
 8295 01ce 00       		.uleb128 .LVU680
 8296 01cf 00       		.uleb128 .LVU684
 8297 01d0 00       		.uleb128 .LVU684
 8298 01d1 00       		.uleb128 .LVU685
 8299 01d2 00       		.uleb128 .LVU685
 8300 01d3 00       		.uleb128 0
 8301              	.LLST93:
 8302 01d4 06       		.byte	0x6
 8303 01d5 00000000 		.4byte	.LVL194
 8304 01d9 04       		.byte	0x4
 8305 01da 00       		.uleb128 .LVL194-.LVL194
 8306 01db 1C       		.uleb128 .LVL195-.LVL194
 8307 01dc 01       		.uleb128 0x1
 8308 01dd 52       		.byte	0x52
 8309 01de 04       		.byte	0x4
 8310 01df 1C       		.uleb128 .LVL195-.LVL194
 8311 01e0 26       		.uleb128 .LVL198-.LVL194
 8312 01e1 01       		.uleb128 0x1
 8313 01e2 56       		.byte	0x56
ARM GAS  /tmp/ccftVcE7.s 			page 147


 8314 01e3 04       		.byte	0x4
 8315 01e4 26       		.uleb128 .LVL198-.LVL194
 8316 01e5 2A       		.uleb128 .LVL199-.LVL194
 8317 01e6 01       		.uleb128 0x1
 8318 01e7 52       		.byte	0x52
 8319 01e8 04       		.byte	0x4
 8320 01e9 2A       		.uleb128 .LVL199-.LVL194
 8321 01ea 44       		.uleb128 .LVL204-.LVL194
 8322 01eb 01       		.uleb128 0x1
 8323 01ec 56       		.byte	0x56
 8324 01ed 04       		.byte	0x4
 8325 01ee 44       		.uleb128 .LVL204-.LVL194
 8326 01ef 4A       		.uleb128 .LVL205-.LVL194
 8327 01f0 01       		.uleb128 0x1
 8328 01f1 52       		.byte	0x52
 8329 01f2 04       		.byte	0x4
 8330 01f3 4A       		.uleb128 .LVL205-.LVL194
 8331 01f4 60       		.uleb128 .LFE260-.LVL194
 8332 01f5 01       		.uleb128 0x1
 8333 01f6 56       		.byte	0x56
 8334 01f7 00       		.byte	0
 8335              	.LVUS49:
 8336 01f8 00       		.uleb128 0
 8337 01f9 00       		.uleb128 .LVU379
 8338 01fa 00       		.uleb128 .LVU379
 8339 01fb 00       		.uleb128 .LVU396
 8340 01fc 00       		.uleb128 .LVU396
 8341 01fd 00       		.uleb128 0
 8342              	.LLST49:
 8343 01fe 06       		.byte	0x6
 8344 01ff 00000000 		.4byte	.LVL125
 8345 0203 04       		.byte	0x4
 8346 0204 00       		.uleb128 .LVL125-.LVL125
 8347 0205 28       		.uleb128 .LVL131-.LVL125
 8348 0206 01       		.uleb128 0x1
 8349 0207 50       		.byte	0x50
 8350 0208 04       		.byte	0x4
 8351 0209 28       		.uleb128 .LVL131-.LVL125
 8352 020a 6A       		.uleb128 .LVL141-.LVL125
 8353 020b 01       		.uleb128 0x1
 8354 020c 58       		.byte	0x58
 8355 020d 04       		.byte	0x4
 8356 020e 6A       		.uleb128 .LVL141-.LVL125
 8357 020f 78       		.uleb128 .LFE259-.LVL125
 8358 0210 0A       		.uleb128 0xa
 8359 0211 A3       		.byte	0xa3
 8360 0212 03       		.uleb128 0x3
 8361 0213 A5       		.byte	0xa5
 8362 0214 00       		.uleb128 0
 8363 0215 26       		.uleb128 0x26
 8364 0216 A8       		.byte	0xa8
 8365 0217 2D       		.uleb128 0x2d
 8366 0218 A8       		.byte	0xa8
 8367 0219 00       		.uleb128 0
 8368 021a 9F       		.byte	0x9f
 8369 021b 00       		.byte	0
 8370              	.LVUS50:
ARM GAS  /tmp/ccftVcE7.s 			page 148


 8371 021c 00       		.uleb128 0
 8372 021d 00       		.uleb128 .LVU373
 8373 021e 00       		.uleb128 .LVU373
 8374 021f 00       		.uleb128 .LVU392
 8375 0220 00       		.uleb128 .LVU392
 8376 0221 00       		.uleb128 0
 8377              	.LLST50:
 8378 0222 06       		.byte	0x6
 8379 0223 00000000 		.4byte	.LVL125
 8380 0227 04       		.byte	0x4
 8381 0228 00       		.uleb128 .LVL125-.LVL125
 8382 0229 16       		.uleb128 .LVL128-.LVL125
 8383 022a 01       		.uleb128 0x1
 8384 022b 51       		.byte	0x51
 8385 022c 04       		.byte	0x4
 8386 022d 16       		.uleb128 .LVL128-.LVL125
 8387 022e 42       		.uleb128 .LVL137-.LVL125
 8388 022f 01       		.uleb128 0x1
 8389 0230 55       		.byte	0x55
 8390 0231 04       		.byte	0x4
 8391 0232 42       		.uleb128 .LVL137-.LVL125
 8392 0233 78       		.uleb128 .LFE259-.LVL125
 8393 0234 0A       		.uleb128 0xa
 8394 0235 A3       		.byte	0xa3
 8395 0236 03       		.uleb128 0x3
 8396 0237 A5       		.byte	0xa5
 8397 0238 01       		.uleb128 0x1
 8398 0239 26       		.uleb128 0x26
 8399 023a A8       		.byte	0xa8
 8400 023b 2D       		.uleb128 0x2d
 8401 023c A8       		.byte	0xa8
 8402 023d 00       		.uleb128 0
 8403 023e 9F       		.byte	0x9f
 8404 023f 00       		.byte	0
 8405              	.LVUS51:
 8406 0240 00       		.uleb128 0
 8407 0241 00       		.uleb128 .LVU370
 8408 0242 00       		.uleb128 .LVU370
 8409 0243 00       		.uleb128 0
 8410              	.LLST51:
 8411 0244 06       		.byte	0x6
 8412 0245 00000000 		.4byte	.LVL125
 8413 0249 04       		.byte	0x4
 8414 024a 00       		.uleb128 .LVL125-.LVL125
 8415 024b 10       		.uleb128 .LVL126-.LVL125
 8416 024c 01       		.uleb128 0x1
 8417 024d 52       		.byte	0x52
 8418 024e 04       		.byte	0x4
 8419 024f 10       		.uleb128 .LVL126-.LVL125
 8420 0250 78       		.uleb128 .LFE259-.LVL125
 8421 0251 0A       		.uleb128 0xa
 8422 0252 A3       		.byte	0xa3
 8423 0253 03       		.uleb128 0x3
 8424 0254 A5       		.byte	0xa5
 8425 0255 02       		.uleb128 0x2
 8426 0256 26       		.uleb128 0x26
 8427 0257 A8       		.byte	0xa8
ARM GAS  /tmp/ccftVcE7.s 			page 149


 8428 0258 2D       		.uleb128 0x2d
 8429 0259 A8       		.byte	0xa8
 8430 025a 00       		.uleb128 0
 8431 025b 9F       		.byte	0x9f
 8432 025c 00       		.byte	0
 8433              	.LVUS52:
 8434 025d 00       		.uleb128 0
 8435 025e 00       		.uleb128 .LVU372
 8436 025f 00       		.uleb128 .LVU372
 8437 0260 00       		.uleb128 .LVU396
 8438 0261 00       		.uleb128 .LVU396
 8439 0262 00       		.uleb128 0
 8440              	.LLST52:
 8441 0263 06       		.byte	0x6
 8442 0264 00000000 		.4byte	.LVL125
 8443 0268 04       		.byte	0x4
 8444 0269 00       		.uleb128 .LVL125-.LVL125
 8445 026a 12       		.uleb128 .LVL127-.LVL125
 8446 026b 01       		.uleb128 0x1
 8447 026c 53       		.byte	0x53
 8448 026d 04       		.byte	0x4
 8449 026e 12       		.uleb128 .LVL127-.LVL125
 8450 026f 6A       		.uleb128 .LVL141-.LVL125
 8451 0270 01       		.uleb128 0x1
 8452 0271 56       		.byte	0x56
 8453 0272 04       		.byte	0x4
 8454 0273 6A       		.uleb128 .LVL141-.LVL125
 8455 0274 78       		.uleb128 .LFE259-.LVL125
 8456 0275 0A       		.uleb128 0xa
 8457 0276 A3       		.byte	0xa3
 8458 0277 03       		.uleb128 0x3
 8459 0278 A5       		.byte	0xa5
 8460 0279 03       		.uleb128 0x3
 8461 027a 26       		.uleb128 0x26
 8462 027b A8       		.byte	0xa8
 8463 027c 2D       		.uleb128 0x2d
 8464 027d A8       		.byte	0xa8
 8465 027e 00       		.uleb128 0
 8466 027f 9F       		.byte	0x9f
 8467 0280 00       		.byte	0
 8468              	.LVUS53:
 8469 0281 00       		.uleb128 0
 8470 0282 00       		.uleb128 .LVU396
 8471 0283 00       		.uleb128 .LVU396
 8472 0284 00       		.uleb128 0
 8473              	.LLST53:
 8474 0285 06       		.byte	0x6
 8475 0286 00000000 		.4byte	.LVL125
 8476 028a 04       		.byte	0x4
 8477 028b 00       		.uleb128 .LVL125-.LVL125
 8478 028c 6A       		.uleb128 .LVL141-.LVL125
 8479 028d 02       		.uleb128 0x2
 8480 028e 91       		.byte	0x91
 8481 028f 00       		.sleb128 0
 8482 0290 04       		.byte	0x4
 8483 0291 6A       		.uleb128 .LVL141-.LVL125
 8484 0292 78       		.uleb128 .LFE259-.LVL125
ARM GAS  /tmp/ccftVcE7.s 			page 150


 8485 0293 02       		.uleb128 0x2
 8486 0294 7D       		.byte	0x7d
 8487 0295 00       		.sleb128 0
 8488 0296 00       		.byte	0
 8489              	.LVUS54:
 8490 0297 00       		.uleb128 .LVU370
 8491 0298 00       		.uleb128 .LVU380
 8492 0299 00       		.uleb128 .LVU380
 8493 029a 00       		.uleb128 .LVU396
 8494 029b 00       		.uleb128 .LVU396
 8495 029c 00       		.uleb128 0
 8496              	.LLST54:
 8497 029d 06       		.byte	0x6
 8498 029e 10000000 		.4byte	.LVL126
 8499 02a2 04       		.byte	0x4
 8500 02a3 00       		.uleb128 .LVL126-.LVL126
 8501 02a4 1B       		.uleb128 .LVL132-1-.LVL126
 8502 02a5 01       		.uleb128 0x1
 8503 02a6 52       		.byte	0x52
 8504 02a7 04       		.byte	0x4
 8505 02a8 1B       		.uleb128 .LVL132-1-.LVL126
 8506 02a9 5A       		.uleb128 .LVL141-.LVL126
 8507 02aa 0D       		.uleb128 0xd
 8508 02ab 76       		.byte	0x76
 8509 02ac 00       		.sleb128 0
 8510 02ad A3       		.byte	0xa3
 8511 02ae 03       		.uleb128 0x3
 8512 02af A5       		.byte	0xa5
 8513 02b0 02       		.uleb128 0x2
 8514 02b1 26       		.uleb128 0x26
 8515 02b2 A8       		.byte	0xa8
 8516 02b3 2D       		.uleb128 0x2d
 8517 02b4 A8       		.byte	0xa8
 8518 02b5 00       		.uleb128 0
 8519 02b6 1E       		.byte	0x1e
 8520 02b7 9F       		.byte	0x9f
 8521 02b8 04       		.byte	0x4
 8522 02b9 5A       		.uleb128 .LVL141-.LVL126
 8523 02ba 68       		.uleb128 .LFE259-.LVL126
 8524 02bb 14       		.uleb128 0x14
 8525 02bc A3       		.byte	0xa3
 8526 02bd 03       		.uleb128 0x3
 8527 02be A5       		.byte	0xa5
 8528 02bf 03       		.uleb128 0x3
 8529 02c0 26       		.uleb128 0x26
 8530 02c1 A8       		.byte	0xa8
 8531 02c2 2D       		.uleb128 0x2d
 8532 02c3 A8       		.byte	0xa8
 8533 02c4 00       		.uleb128 0
 8534 02c5 A3       		.byte	0xa3
 8535 02c6 03       		.uleb128 0x3
 8536 02c7 A5       		.byte	0xa5
 8537 02c8 02       		.uleb128 0x2
 8538 02c9 26       		.uleb128 0x26
 8539 02ca A8       		.byte	0xa8
 8540 02cb 2D       		.uleb128 0x2d
 8541 02cc A8       		.byte	0xa8
ARM GAS  /tmp/ccftVcE7.s 			page 151


 8542 02cd 00       		.uleb128 0
 8543 02ce 1E       		.byte	0x1e
 8544 02cf 9F       		.byte	0x9f
 8545 02d0 00       		.byte	0
 8546              	.LVUS55:
 8547 02d1 00       		.uleb128 .LVU374
 8548 02d2 00       		.uleb128 .LVU396
 8549 02d3 00       		.uleb128 .LVU396
 8550 02d4 00       		.uleb128 0
 8551              	.LLST55:
 8552 02d5 06       		.byte	0x6
 8553 02d6 1C000000 		.4byte	.LVL129
 8554 02da 04       		.byte	0x4
 8555 02db 00       		.uleb128 .LVL129-.LVL129
 8556 02dc 4E       		.uleb128 .LVL141-.LVL129
 8557 02dd 01       		.uleb128 0x1
 8558 02de 57       		.byte	0x57
 8559 02df 04       		.byte	0x4
 8560 02e0 4E       		.uleb128 .LVL141-.LVL129
 8561 02e1 5C       		.uleb128 .LFE259-.LVL129
 8562 02e2 41       		.uleb128 0x41
 8563 02e3 A3       		.byte	0xa3
 8564 02e4 03       		.uleb128 0x3
 8565 02e5 A5       		.byte	0xa5
 8566 02e6 03       		.uleb128 0x3
 8567 02e7 26       		.uleb128 0x26
 8568 02e8 A8       		.byte	0xa8
 8569 02e9 2D       		.uleb128 0x2d
 8570 02ea A8       		.byte	0xa8
 8571 02eb 00       		.uleb128 0
 8572 02ec A3       		.byte	0xa3
 8573 02ed 03       		.uleb128 0x3
 8574 02ee A5       		.byte	0xa5
 8575 02ef 02       		.uleb128 0x2
 8576 02f0 26       		.uleb128 0x26
 8577 02f1 A8       		.byte	0xa8
 8578 02f2 2D       		.uleb128 0x2d
 8579 02f3 A8       		.byte	0xa8
 8580 02f4 00       		.uleb128 0
 8581 02f5 1E       		.byte	0x1e
 8582 02f6 A8       		.byte	0xa8
 8583 02f7 3B       		.uleb128 0x3b
 8584 02f8 A8       		.byte	0xa8
 8585 02f9 26       		.uleb128 0x26
 8586 02fa 0C       		.byte	0xc
 8587 02fb 9D319547 		.4byte	0x4795319d
 8588 02ff A8       		.byte	0xa8
 8589 0300 26       		.uleb128 0x26
 8590 0301 1E       		.byte	0x1e
 8591 0302 08       		.byte	0x8
 8592 0303 20       		.byte	0x20
 8593 0304 A8       		.byte	0xa8
 8594 0305 26       		.uleb128 0x26
 8595 0306 25       		.byte	0x25
 8596 0307 A8       		.byte	0xa8
 8597 0308 2D       		.uleb128 0x2d
 8598 0309 A8       		.byte	0xa8
ARM GAS  /tmp/ccftVcE7.s 			page 152


 8599 030a 00       		.uleb128 0
 8600 030b 47       		.byte	0x47
 8601 030c 26       		.byte	0x26
 8602 030d A3       		.byte	0xa3
 8603 030e 03       		.uleb128 0x3
 8604 030f A5       		.byte	0xa5
 8605 0310 03       		.uleb128 0x3
 8606 0311 26       		.uleb128 0x26
 8607 0312 A8       		.byte	0xa8
 8608 0313 2D       		.uleb128 0x2d
 8609 0314 A8       		.byte	0xa8
 8610 0315 00       		.uleb128 0
 8611 0316 A3       		.byte	0xa3
 8612 0317 03       		.uleb128 0x3
 8613 0318 A5       		.byte	0xa5
 8614 0319 02       		.uleb128 0x2
 8615 031a 26       		.uleb128 0x26
 8616 031b A8       		.byte	0xa8
 8617 031c 2D       		.uleb128 0x2d
 8618 031d A8       		.byte	0xa8
 8619 031e 00       		.uleb128 0
 8620 031f 1E       		.byte	0x1e
 8621 0320 4F       		.byte	0x4f
 8622 0321 26       		.byte	0x26
 8623 0322 1C       		.byte	0x1c
 8624 0323 9F       		.byte	0x9f
 8625 0324 00       		.byte	0
 8626              	.LVUS56:
 8627 0325 00       		.uleb128 .LVU376
 8628 0326 00       		.uleb128 .LVU382
 8629 0327 00       		.uleb128 .LVU382
 8630 0328 00       		.uleb128 .LVU394
 8631              	.LLST56:
 8632 0329 06       		.byte	0x6
 8633 032a 22000000 		.4byte	.LVL130
 8634 032e 04       		.byte	0x4
 8635 032f 00       		.uleb128 .LVL130-.LVL130
 8636 0330 0E       		.uleb128 .LVL133-.LVL130
 8637 0331 01       		.uleb128 0x1
 8638 0332 59       		.byte	0x59
 8639 0333 04       		.byte	0x4
 8640 0334 0E       		.uleb128 .LVL133-.LVL130
 8641 0335 27       		.uleb128 .LVL139-1-.LVL130
 8642 0336 01       		.uleb128 0x1
 8643 0337 52       		.byte	0x52
 8644 0338 00       		.byte	0
 8645              	.LVUS57:
 8646 0339 01       		.uleb128 .LVU377
 8647 033a 00       		.uleb128 .LVU384
 8648 033b 00       		.uleb128 .LVU384
 8649 033c 00       		.uleb128 .LVU394
 8650              	.LLST57:
 8651 033d 06       		.byte	0x6
 8652 033e 22000000 		.4byte	.LVL130
 8653 0342 04       		.byte	0x4
 8654 0343 00       		.uleb128 .LVL130-.LVL130
 8655 0344 12       		.uleb128 .LVL134-.LVL130
ARM GAS  /tmp/ccftVcE7.s 			page 153


 8656 0345 06       		.uleb128 0x6
 8657 0346 0C       		.byte	0xc
 8658 0347 80C3C901 		.4byte	0x1c9c380
 8659 034b 9F       		.byte	0x9f
 8660 034c 04       		.byte	0x4
 8661 034d 12       		.uleb128 .LVL134-.LVL130
 8662 034e 27       		.uleb128 .LVL139-1-.LVL130
 8663 034f 01       		.uleb128 0x1
 8664 0350 53       		.byte	0x53
 8665 0351 00       		.byte	0
 8666              	.LVUS58:
 8667 0352 00       		.uleb128 .LVU380
 8668 0353 00       		.uleb128 .LVU393
 8669              	.LLST58:
 8670 0354 08       		.byte	0x8
 8671 0355 2C000000 		.4byte	.LVL132
 8672 0359 1A       		.uleb128 .LVL138-.LVL132
 8673 035a 01       		.uleb128 0x1
 8674 035b 50       		.byte	0x50
 8675 035c 00       		.byte	0
 8676              	.LVUS41:
 8677 035d 00       		.uleb128 0
 8678 035e 00       		.uleb128 .LVU350
 8679 035f 00       		.uleb128 .LVU350
 8680 0360 00       		.uleb128 0
 8681              	.LLST41:
 8682 0361 06       		.byte	0x6
 8683 0362 00000000 		.4byte	.LVL113
 8684 0366 04       		.byte	0x4
 8685 0367 00       		.uleb128 .LVL113-.LVL113
 8686 0368 18       		.uleb128 .LVL117-.LVL113
 8687 0369 01       		.uleb128 0x1
 8688 036a 50       		.byte	0x50
 8689 036b 04       		.byte	0x4
 8690 036c 18       		.uleb128 .LVL117-.LVL113
 8691 036d 4C       		.uleb128 .LFE258-.LVL113
 8692 036e 01       		.uleb128 0x1
 8693 036f 56       		.byte	0x56
 8694 0370 00       		.byte	0
 8695              	.LVUS42:
 8696 0371 00       		.uleb128 0
 8697 0372 00       		.uleb128 .LVU349
 8698 0373 00       		.uleb128 .LVU349
 8699 0374 00       		.uleb128 0
 8700              	.LLST42:
 8701 0375 06       		.byte	0x6
 8702 0376 00000000 		.4byte	.LVL113
 8703 037a 04       		.byte	0x4
 8704 037b 00       		.uleb128 .LVL113-.LVL113
 8705 037c 16       		.uleb128 .LVL116-.LVL113
 8706 037d 01       		.uleb128 0x1
 8707 037e 51       		.byte	0x51
 8708 037f 04       		.byte	0x4
 8709 0380 16       		.uleb128 .LVL116-.LVL113
 8710 0381 4C       		.uleb128 .LFE258-.LVL113
 8711 0382 01       		.uleb128 0x1
 8712 0383 57       		.byte	0x57
ARM GAS  /tmp/ccftVcE7.s 			page 154


 8713 0384 00       		.byte	0
 8714              	.LVUS43:
 8715 0385 00       		.uleb128 0
 8716 0386 00       		.uleb128 .LVU351
 8717 0387 00       		.uleb128 .LVU351
 8718 0388 00       		.uleb128 0
 8719              	.LLST43:
 8720 0389 06       		.byte	0x6
 8721 038a 00000000 		.4byte	.LVL113
 8722 038e 04       		.byte	0x4
 8723 038f 00       		.uleb128 .LVL113-.LVL113
 8724 0390 1B       		.uleb128 .LVL118-1-.LVL113
 8725 0391 01       		.uleb128 0x1
 8726 0392 52       		.byte	0x52
 8727 0393 04       		.byte	0x4
 8728 0394 1B       		.uleb128 .LVL118-1-.LVL113
 8729 0395 4C       		.uleb128 .LFE258-.LVL113
 8730 0396 0A       		.uleb128 0xa
 8731 0397 A3       		.byte	0xa3
 8732 0398 03       		.uleb128 0x3
 8733 0399 A5       		.byte	0xa5
 8734 039a 02       		.uleb128 0x2
 8735 039b 26       		.uleb128 0x26
 8736 039c A8       		.byte	0xa8
 8737 039d 2D       		.uleb128 0x2d
 8738 039e A8       		.byte	0xa8
 8739 039f 00       		.uleb128 0
 8740 03a0 9F       		.byte	0x9f
 8741 03a1 00       		.byte	0
 8742              	.LVUS44:
 8743 03a2 00       		.uleb128 0
 8744 03a3 00       		.uleb128 .LVU351
 8745 03a4 00       		.uleb128 .LVU351
 8746 03a5 00       		.uleb128 0
 8747              	.LLST44:
 8748 03a6 06       		.byte	0x6
 8749 03a7 00000000 		.4byte	.LVL113
 8750 03ab 04       		.byte	0x4
 8751 03ac 00       		.uleb128 .LVL113-.LVL113
 8752 03ad 1B       		.uleb128 .LVL118-1-.LVL113
 8753 03ae 01       		.uleb128 0x1
 8754 03af 53       		.byte	0x53
 8755 03b0 04       		.byte	0x4
 8756 03b1 1B       		.uleb128 .LVL118-1-.LVL113
 8757 03b2 4C       		.uleb128 .LFE258-.LVL113
 8758 03b3 01       		.uleb128 0x1
 8759 03b4 54       		.byte	0x54
 8760 03b5 00       		.byte	0
 8761              	.LVUS45:
 8762 03b6 00       		.uleb128 .LVU345
 8763 03b7 00       		.uleb128 0
 8764              	.LLST45:
 8765 03b8 08       		.byte	0x8
 8766 03b9 10000000 		.4byte	.LVL114
 8767 03bd 3C       		.uleb128 .LFE258-.LVL114
 8768 03be 01       		.uleb128 0x1
 8769 03bf 58       		.byte	0x58
ARM GAS  /tmp/ccftVcE7.s 			page 155


 8770 03c0 00       		.byte	0
 8771              	.LVUS46:
 8772 03c1 00       		.uleb128 .LVU346
 8773 03c2 00       		.uleb128 .LVU353
 8774 03c3 00       		.uleb128 .LVU353
 8775 03c4 00       		.uleb128 .LVU364
 8776              	.LLST46:
 8777 03c5 06       		.byte	0x6
 8778 03c6 14000000 		.4byte	.LVL115
 8779 03ca 04       		.byte	0x4
 8780 03cb 00       		.uleb128 .LVL115-.LVL115
 8781 03cc 0C       		.uleb128 .LVL119-.LVL115
 8782 03cd 01       		.uleb128 0x1
 8783 03ce 55       		.byte	0x55
 8784 03cf 04       		.byte	0x4
 8785 03d0 0C       		.uleb128 .LVL119-.LVL115
 8786 03d1 31       		.uleb128 .LVL124-1-.LVL115
 8787 03d2 01       		.uleb128 0x1
 8788 03d3 53       		.byte	0x53
 8789 03d4 00       		.byte	0
 8790              	.LVUS47:
 8791 03d5 01       		.uleb128 .LVU347
 8792 03d6 00       		.uleb128 .LVU351
 8793 03d7 00       		.uleb128 .LVU351
 8794 03d8 00       		.uleb128 .LVU355
 8795 03d9 00       		.uleb128 .LVU355
 8796 03da 00       		.uleb128 .LVU363
 8797 03db 00       		.uleb128 .LVU363
 8798 03dc 00       		.uleb128 .LVU364
 8799              	.LLST47:
 8800 03dd 06       		.byte	0x6
 8801 03de 14000000 		.4byte	.LVL115
 8802 03e2 04       		.byte	0x4
 8803 03e3 00       		.uleb128 .LVL115-.LVL115
 8804 03e4 07       		.uleb128 .LVL118-1-.LVL115
 8805 03e5 01       		.uleb128 0x1
 8806 03e6 53       		.byte	0x53
 8807 03e7 04       		.byte	0x4
 8808 03e8 07       		.uleb128 .LVL118-1-.LVL115
 8809 03e9 10       		.uleb128 .LVL120-.LVL115
 8810 03ea 01       		.uleb128 0x1
 8811 03eb 54       		.byte	0x54
 8812 03ec 04       		.byte	0x4
 8813 03ed 10       		.uleb128 .LVL120-.LVL115
 8814 03ee 2E       		.uleb128 .LVL123-.LVL115
 8815 03ef 01       		.uleb128 0x1
 8816 03f0 50       		.byte	0x50
 8817 03f1 04       		.byte	0x4
 8818 03f2 2E       		.uleb128 .LVL123-.LVL115
 8819 03f3 31       		.uleb128 .LVL124-1-.LVL115
 8820 03f4 02       		.uleb128 0x2
 8821 03f5 7D       		.byte	0x7d
 8822 03f6 00       		.sleb128 0
 8823 03f7 00       		.byte	0
 8824              	.LVUS48:
 8825 03f8 00       		.uleb128 .LVU351
 8826 03f9 00       		.uleb128 .LVU355
ARM GAS  /tmp/ccftVcE7.s 			page 156


 8827              	.LLST48:
 8828 03fa 08       		.byte	0x8
 8829 03fb 1C000000 		.4byte	.LVL118
 8830 03ff 08       		.uleb128 .LVL120-.LVL118
 8831 0400 01       		.uleb128 0x1
 8832 0401 50       		.byte	0x50
 8833 0402 00       		.byte	0
 8834              	.LVUS0:
 8835 0403 00       		.uleb128 0
 8836 0404 01       		.uleb128 .LVU7
 8837 0405 01       		.uleb128 .LVU7
 8838 0406 00       		.uleb128 .LVU10
 8839 0407 00       		.uleb128 .LVU10
 8840 0408 00       		.uleb128 0
 8841              	.LLST0:
 8842 0409 06       		.byte	0x6
 8843 040a 00000000 		.4byte	.LVL0
 8844 040e 04       		.byte	0x4
 8845 040f 00       		.uleb128 .LVL0-.LVL0
 8846 0410 0A       		.uleb128 .LVL1-.LVL0
 8847 0411 01       		.uleb128 0x1
 8848 0412 50       		.byte	0x50
 8849 0413 04       		.byte	0x4
 8850 0414 0A       		.uleb128 .LVL1-.LVL0
 8851 0415 0E       		.uleb128 .LVL2-.LVL0
 8852 0416 01       		.uleb128 0x1
 8853 0417 51       		.byte	0x51
 8854 0418 04       		.byte	0x4
 8855 0419 0E       		.uleb128 .LVL2-.LVL0
 8856 041a 14       		.uleb128 .LFE257-.LVL0
 8857 041b 01       		.uleb128 0x1
 8858 041c 50       		.byte	0x50
 8859 041d 00       		.byte	0
 8860              	.LVUS1:
 8861 041e 00       		.uleb128 0
 8862 041f 02       		.uleb128 .LVU8
 8863 0420 02       		.uleb128 .LVU8
 8864 0421 00       		.uleb128 .LVU10
 8865 0422 00       		.uleb128 .LVU10
 8866 0423 00       		.uleb128 0
 8867              	.LLST1:
 8868 0424 06       		.byte	0x6
 8869 0425 00000000 		.4byte	.LVL0
 8870 0429 04       		.byte	0x4
 8871 042a 00       		.uleb128 .LVL0-.LVL0
 8872 042b 0A       		.uleb128 .LVL1-.LVL0
 8873 042c 01       		.uleb128 0x1
 8874 042d 51       		.byte	0x51
 8875 042e 04       		.byte	0x4
 8876 042f 0A       		.uleb128 .LVL1-.LVL0
 8877 0430 0E       		.uleb128 .LVL2-.LVL0
 8878 0431 01       		.uleb128 0x1
 8879 0432 53       		.byte	0x53
 8880 0433 04       		.byte	0x4
 8881 0434 0E       		.uleb128 .LVL2-.LVL0
 8882 0435 14       		.uleb128 .LFE257-.LVL0
 8883 0436 01       		.uleb128 0x1
ARM GAS  /tmp/ccftVcE7.s 			page 157


 8884 0437 51       		.byte	0x51
 8885 0438 00       		.byte	0
 8886              	.LVUS2:
 8887 0439 00       		.uleb128 .LVU6
 8888 043a 00       		.uleb128 .LVU10
 8889              	.LLST2:
 8890 043b 08       		.byte	0x8
 8891 043c 0A000000 		.4byte	.LVL1
 8892 0440 04       		.uleb128 .LVL2-.LVL1
 8893 0441 01       		.uleb128 0x1
 8894 0442 53       		.byte	0x53
 8895 0443 00       		.byte	0
 8896              	.LVUS29:
 8897 0444 00       		.uleb128 0
 8898 0445 00       		.uleb128 .LVU278
 8899 0446 00       		.uleb128 .LVU278
 8900 0447 00       		.uleb128 .LVU279
 8901 0448 00       		.uleb128 .LVU279
 8902 0449 00       		.uleb128 .LVU281
 8903 044a 00       		.uleb128 .LVU281
 8904 044b 00       		.uleb128 .LVU289
 8905 044c 00       		.uleb128 .LVU289
 8906 044d 00       		.uleb128 .LVU292
 8907 044e 00       		.uleb128 .LVU292
 8908 044f 00       		.uleb128 .LVU336
 8909 0450 00       		.uleb128 .LVU336
 8910 0451 00       		.uleb128 .LVU337
 8911 0452 00       		.uleb128 .LVU337
 8912 0453 00       		.uleb128 0
 8913              	.LLST29:
 8914 0454 06       		.byte	0x6
 8915 0455 00000000 		.4byte	.LVL85
 8916 0459 04       		.byte	0x4
 8917 045a 00       		.uleb128 .LVL85-.LVL85
 8918 045b 40       		.uleb128 .LVL92-.LVL85
 8919 045c 01       		.uleb128 0x1
 8920 045d 50       		.byte	0x50
 8921 045e 04       		.byte	0x4
 8922 045f 40       		.uleb128 .LVL92-.LVL85
 8923 0460 44       		.uleb128 .LVL93-.LVL85
 8924 0461 01       		.uleb128 0x1
 8925 0462 55       		.byte	0x55
 8926 0463 04       		.byte	0x4
 8927 0464 44       		.uleb128 .LVL93-.LVL85
 8928 0465 46       		.uleb128 .LVL94-.LVL85
 8929 0466 01       		.uleb128 0x1
 8930 0467 50       		.byte	0x50
 8931 0468 04       		.byte	0x4
 8932 0469 46       		.uleb128 .LVL94-.LVL85
 8933 046a 5A       		.uleb128 .LVL99-.LVL85
 8934 046b 01       		.uleb128 0x1
 8935 046c 55       		.byte	0x55
 8936 046d 04       		.byte	0x4
 8937 046e 5A       		.uleb128 .LVL99-.LVL85
 8938 046f 60       		.uleb128 .LVL101-.LVL85
 8939 0470 01       		.uleb128 0x1
 8940 0471 50       		.byte	0x50
ARM GAS  /tmp/ccftVcE7.s 			page 158


 8941 0472 04       		.byte	0x4
 8942 0473 60       		.uleb128 .LVL101-.LVL85
 8943 0474 CC01     		.uleb128 .LVL109-.LVL85
 8944 0476 01       		.uleb128 0x1
 8945 0477 55       		.byte	0x55
 8946 0478 04       		.byte	0x4
 8947 0479 CC01     		.uleb128 .LVL109-.LVL85
 8948 047b D301     		.uleb128 .LVL110-1-.LVL85
 8949 047d 03       		.uleb128 0x3
 8950 047e 73       		.byte	0x73
 8951 047f 68       		.sleb128 -24
 8952 0480 9F       		.byte	0x9f
 8953 0481 04       		.byte	0x4
 8954 0482 D301     		.uleb128 .LVL110-1-.LVL85
 8955 0484 E801     		.uleb128 .LFE256-.LVL85
 8956 0486 0A       		.uleb128 0xa
 8957 0487 A3       		.byte	0xa3
 8958 0488 03       		.uleb128 0x3
 8959 0489 A5       		.byte	0xa5
 8960 048a 00       		.uleb128 0
 8961 048b 26       		.uleb128 0x26
 8962 048c A8       		.byte	0xa8
 8963 048d 34       		.uleb128 0x34
 8964 048e A8       		.byte	0xa8
 8965 048f 00       		.uleb128 0
 8966 0490 9F       		.byte	0x9f
 8967 0491 00       		.byte	0
 8968              	.LVUS30:
 8969 0492 00       		.uleb128 0
 8970 0493 00       		.uleb128 .LVU277
 8971 0494 00       		.uleb128 .LVU277
 8972 0495 00       		.uleb128 .LVU279
 8973 0496 00       		.uleb128 .LVU279
 8974 0497 00       		.uleb128 .LVU288
 8975 0498 00       		.uleb128 .LVU288
 8976 0499 00       		.uleb128 .LVU289
 8977 049a 00       		.uleb128 .LVU289
 8978 049b 00       		.uleb128 .LVU290
 8979 049c 00       		.uleb128 .LVU290
 8980 049d 00       		.uleb128 .LVU338
 8981 049e 00       		.uleb128 .LVU338
 8982 049f 00       		.uleb128 0
 8983              	.LLST30:
 8984 04a0 06       		.byte	0x6
 8985 04a1 00000000 		.4byte	.LVL85
 8986 04a5 04       		.byte	0x4
 8987 04a6 00       		.uleb128 .LVL85-.LVL85
 8988 04a7 3E       		.uleb128 .LVL91-.LVL85
 8989 04a8 01       		.uleb128 0x1
 8990 04a9 51       		.byte	0x51
 8991 04aa 04       		.byte	0x4
 8992 04ab 3E       		.uleb128 .LVL91-.LVL85
 8993 04ac 44       		.uleb128 .LVL93-.LVL85
 8994 04ad 01       		.uleb128 0x1
 8995 04ae 57       		.byte	0x57
 8996 04af 04       		.byte	0x4
 8997 04b0 44       		.uleb128 .LVL93-.LVL85
ARM GAS  /tmp/ccftVcE7.s 			page 159


 8998 04b1 58       		.uleb128 .LVL98-.LVL85
 8999 04b2 01       		.uleb128 0x1
 9000 04b3 51       		.byte	0x51
 9001 04b4 04       		.byte	0x4
 9002 04b5 58       		.uleb128 .LVL98-.LVL85
 9003 04b6 5A       		.uleb128 .LVL99-.LVL85
 9004 04b7 01       		.uleb128 0x1
 9005 04b8 57       		.byte	0x57
 9006 04b9 04       		.byte	0x4
 9007 04ba 5A       		.uleb128 .LVL99-.LVL85
 9008 04bb 5C       		.uleb128 .LVL100-.LVL85
 9009 04bc 01       		.uleb128 0x1
 9010 04bd 51       		.byte	0x51
 9011 04be 04       		.byte	0x4
 9012 04bf 5C       		.uleb128 .LVL100-.LVL85
 9013 04c0 DA01     		.uleb128 .LVL111-.LVL85
 9014 04c2 01       		.uleb128 0x1
 9015 04c3 57       		.byte	0x57
 9016 04c4 04       		.byte	0x4
 9017 04c5 DA01     		.uleb128 .LVL111-.LVL85
 9018 04c7 E801     		.uleb128 .LFE256-.LVL85
 9019 04c9 0A       		.uleb128 0xa
 9020 04ca A3       		.byte	0xa3
 9021 04cb 03       		.uleb128 0x3
 9022 04cc A5       		.byte	0xa5
 9023 04cd 01       		.uleb128 0x1
 9024 04ce 26       		.uleb128 0x26
 9025 04cf A8       		.byte	0xa8
 9026 04d0 34       		.uleb128 0x34
 9027 04d1 A8       		.byte	0xa8
 9028 04d2 00       		.uleb128 0
 9029 04d3 9F       		.byte	0x9f
 9030 04d4 00       		.byte	0
 9031              	.LVUS31:
 9032 04d5 00       		.uleb128 0
 9033 04d6 00       		.uleb128 .LVU272
 9034 04d7 00       		.uleb128 .LVU272
 9035 04d8 00       		.uleb128 .LVU273
 9036 04d9 00       		.uleb128 .LVU273
 9037 04da 00       		.uleb128 .LVU274
 9038 04db 00       		.uleb128 .LVU274
 9039 04dc 00       		.uleb128 .LVU279
 9040 04dd 00       		.uleb128 .LVU279
 9041 04de 00       		.uleb128 .LVU283
 9042 04df 00       		.uleb128 .LVU283
 9043 04e0 00       		.uleb128 .LVU289
 9044 04e1 00       		.uleb128 .LVU289
 9045 04e2 00       		.uleb128 .LVU293
 9046 04e3 00       		.uleb128 .LVU293
 9047 04e4 00       		.uleb128 0
 9048              	.LLST31:
 9049 04e5 06       		.byte	0x6
 9050 04e6 00000000 		.4byte	.LVL85
 9051 04ea 04       		.byte	0x4
 9052 04eb 00       		.uleb128 .LVL85-.LVL85
 9053 04ec 38       		.uleb128 .LVL88-.LVL85
 9054 04ed 01       		.uleb128 0x1
ARM GAS  /tmp/ccftVcE7.s 			page 160


 9055 04ee 52       		.byte	0x52
 9056 04ef 04       		.byte	0x4
 9057 04f0 38       		.uleb128 .LVL88-.LVL85
 9058 04f1 3A       		.uleb128 .LVL89-.LVL85
 9059 04f2 06       		.uleb128 0x6
 9060 04f3 72       		.byte	0x72
 9061 04f4 80808070 		.sleb128 -33554432
 9062 04f8 9F       		.byte	0x9f
 9063 04f9 04       		.byte	0x4
 9064 04fa 3A       		.uleb128 .LVL89-.LVL85
 9065 04fb 3C       		.uleb128 .LVL90-.LVL85
 9066 04fc 06       		.uleb128 0x6
 9067 04fd 72       		.byte	0x72
 9068 04fe 84808070 		.sleb128 -33554428
 9069 0502 9F       		.byte	0x9f
 9070 0503 04       		.byte	0x4
 9071 0504 3C       		.uleb128 .LVL90-.LVL85
 9072 0505 44       		.uleb128 .LVL93-.LVL85
 9073 0506 0A       		.uleb128 0xa
 9074 0507 A3       		.byte	0xa3
 9075 0508 03       		.uleb128 0x3
 9076 0509 A5       		.byte	0xa5
 9077 050a 02       		.uleb128 0x2
 9078 050b 26       		.uleb128 0x26
 9079 050c A8       		.byte	0xa8
 9080 050d 2D       		.uleb128 0x2d
 9081 050e A8       		.byte	0xa8
 9082 050f 00       		.uleb128 0
 9083 0510 9F       		.byte	0x9f
 9084 0511 04       		.byte	0x4
 9085 0512 44       		.uleb128 .LVL93-.LVL85
 9086 0513 4E       		.uleb128 .LVL95-.LVL85
 9087 0514 01       		.uleb128 0x1
 9088 0515 52       		.byte	0x52
 9089 0516 04       		.byte	0x4
 9090 0517 4E       		.uleb128 .LVL95-.LVL85
 9091 0518 5A       		.uleb128 .LVL99-.LVL85
 9092 0519 0A       		.uleb128 0xa
 9093 051a A3       		.byte	0xa3
 9094 051b 03       		.uleb128 0x3
 9095 051c A5       		.byte	0xa5
 9096 051d 02       		.uleb128 0x2
 9097 051e 26       		.uleb128 0x26
 9098 051f A8       		.byte	0xa8
 9099 0520 2D       		.uleb128 0x2d
 9100 0521 A8       		.byte	0xa8
 9101 0522 00       		.uleb128 0
 9102 0523 9F       		.byte	0x9f
 9103 0524 04       		.byte	0x4
 9104 0525 5A       		.uleb128 .LVL99-.LVL85
 9105 0526 62       		.uleb128 .LVL102-.LVL85
 9106 0527 01       		.uleb128 0x1
 9107 0528 52       		.byte	0x52
 9108 0529 04       		.byte	0x4
 9109 052a 62       		.uleb128 .LVL102-.LVL85
 9110 052b E801     		.uleb128 .LFE256-.LVL85
 9111 052d 0A       		.uleb128 0xa
ARM GAS  /tmp/ccftVcE7.s 			page 161


 9112 052e A3       		.byte	0xa3
 9113 052f 03       		.uleb128 0x3
 9114 0530 A5       		.byte	0xa5
 9115 0531 02       		.uleb128 0x2
 9116 0532 26       		.uleb128 0x26
 9117 0533 A8       		.byte	0xa8
 9118 0534 2D       		.uleb128 0x2d
 9119 0535 A8       		.byte	0xa8
 9120 0536 00       		.uleb128 0
 9121 0537 9F       		.byte	0x9f
 9122 0538 00       		.byte	0
 9123              	.LVUS32:
 9124 0539 00       		.uleb128 0
 9125 053a 00       		.uleb128 .LVU258
 9126 053b 00       		.uleb128 .LVU258
 9127 053c 00       		.uleb128 0
 9128              	.LLST32:
 9129 053d 06       		.byte	0x6
 9130 053e 00000000 		.4byte	.LVL85
 9131 0542 04       		.byte	0x4
 9132 0543 00       		.uleb128 .LVL85-.LVL85
 9133 0544 14       		.uleb128 .LVL86-.LVL85
 9134 0545 01       		.uleb128 0x1
 9135 0546 53       		.byte	0x53
 9136 0547 04       		.byte	0x4
 9137 0548 14       		.uleb128 .LVL86-.LVL85
 9138 0549 E801     		.uleb128 .LFE256-.LVL85
 9139 054b 01       		.uleb128 0x1
 9140 054c 56       		.byte	0x56
 9141 054d 00       		.byte	0
 9142              	.LVUS33:
 9143 054e 00       		.uleb128 0
 9144 054f 00       		.uleb128 .LVU338
 9145 0550 00       		.uleb128 .LVU338
 9146 0551 00       		.uleb128 0
 9147              	.LLST33:
 9148 0552 06       		.byte	0x6
 9149 0553 00000000 		.4byte	.LVL85
 9150 0557 04       		.byte	0x4
 9151 0558 00       		.uleb128 .LVL85-.LVL85
 9152 0559 DA01     		.uleb128 .LVL111-.LVL85
 9153 055b 02       		.uleb128 0x2
 9154 055c 91       		.byte	0x91
 9155 055d 00       		.sleb128 0
 9156 055e 04       		.byte	0x4
 9157 055f DA01     		.uleb128 .LVL111-.LVL85
 9158 0561 E801     		.uleb128 .LFE256-.LVL85
 9159 0563 02       		.uleb128 0x2
 9160 0564 91       		.byte	0x91
 9161 0565 00       		.sleb128 0
 9162 0566 00       		.byte	0
 9163              	.LVUS34:
 9164 0567 00       		.uleb128 0
 9165 0568 00       		.uleb128 .LVU338
 9166 0569 00       		.uleb128 .LVU338
 9167 056a 00       		.uleb128 0
 9168              	.LLST34:
ARM GAS  /tmp/ccftVcE7.s 			page 162


 9169 056b 06       		.byte	0x6
 9170 056c 00000000 		.4byte	.LVL85
 9171 0570 04       		.byte	0x4
 9172 0571 00       		.uleb128 .LVL85-.LVL85
 9173 0572 DA01     		.uleb128 .LVL111-.LVL85
 9174 0574 02       		.uleb128 0x2
 9175 0575 91       		.byte	0x91
 9176 0576 04       		.sleb128 4
 9177 0577 04       		.byte	0x4
 9178 0578 DA01     		.uleb128 .LVL111-.LVL85
 9179 057a E801     		.uleb128 .LFE256-.LVL85
 9180 057c 02       		.uleb128 0x2
 9181 057d 91       		.byte	0x91
 9182 057e 04       		.sleb128 4
 9183 057f 00       		.byte	0
 9184              	.LVUS35:
 9185 0580 00       		.uleb128 0
 9186 0581 00       		.uleb128 .LVU338
 9187 0582 00       		.uleb128 .LVU338
 9188 0583 00       		.uleb128 0
 9189              	.LLST35:
 9190 0584 06       		.byte	0x6
 9191 0585 00000000 		.4byte	.LVL85
 9192 0589 04       		.byte	0x4
 9193 058a 00       		.uleb128 .LVL85-.LVL85
 9194 058b DA01     		.uleb128 .LVL111-.LVL85
 9195 058d 02       		.uleb128 0x2
 9196 058e 91       		.byte	0x91
 9197 058f 08       		.sleb128 8
 9198 0590 04       		.byte	0x4
 9199 0591 DA01     		.uleb128 .LVL111-.LVL85
 9200 0593 E801     		.uleb128 .LFE256-.LVL85
 9201 0595 02       		.uleb128 0x2
 9202 0596 91       		.byte	0x91
 9203 0597 08       		.sleb128 8
 9204 0598 00       		.byte	0
 9205              	.LVUS36:
 9206 0599 00       		.uleb128 .LVU328
 9207 059a 00       		.uleb128 .LVU337
 9208 059b 00       		.uleb128 .LVU338
 9209 059c 00       		.uleb128 0
 9210              	.LLST36:
 9211 059d 06       		.byte	0x6
 9212 059e BA000000 		.4byte	.LVL107
 9213 05a2 04       		.byte	0x4
 9214 05a3 00       		.uleb128 .LVL107-.LVL107
 9215 05a4 19       		.uleb128 .LVL110-1-.LVL107
 9216 05a5 01       		.uleb128 0x1
 9217 05a6 51       		.byte	0x51
 9218 05a7 04       		.byte	0x4
 9219 05a8 20       		.uleb128 .LVL111-.LVL107
 9220 05a9 2E       		.uleb128 .LFE256-.LVL107
 9221 05aa 01       		.uleb128 0x1
 9222 05ab 51       		.byte	0x51
 9223 05ac 00       		.byte	0
 9224              	.LVUS37:
 9225 05ad 00       		.uleb128 .LVU274
ARM GAS  /tmp/ccftVcE7.s 			page 163


 9226 05ae 00       		.uleb128 .LVU279
 9227 05af 00       		.uleb128 .LVU284
 9228 05b0 00       		.uleb128 .LVU289
 9229 05b1 00       		.uleb128 .LVU293
 9230 05b2 00       		.uleb128 .LVU326
 9231              	.LLST37:
 9232 05b3 06       		.byte	0x6
 9233 05b4 3C000000 		.4byte	.LVL90
 9234 05b8 04       		.byte	0x4
 9235 05b9 00       		.uleb128 .LVL90-.LVL90
 9236 05ba 08       		.uleb128 .LVL93-.LVL90
 9237 05bb 01       		.uleb128 0x1
 9238 05bc 52       		.byte	0x52
 9239 05bd 04       		.byte	0x4
 9240 05be 16       		.uleb128 .LVL96-.LVL90
 9241 05bf 1E       		.uleb128 .LVL99-.LVL90
 9242 05c0 01       		.uleb128 0x1
 9243 05c1 52       		.byte	0x52
 9244 05c2 04       		.byte	0x4
 9245 05c3 26       		.uleb128 .LVL102-.LVL90
 9246 05c4 79       		.uleb128 .LVL106-1-.LVL90
 9247 05c5 01       		.uleb128 0x1
 9248 05c6 52       		.byte	0x52
 9249 05c7 00       		.byte	0
 9250              	.LVUS38:
 9251 05c8 01       		.uleb128 .LVU275
 9252 05c9 00       		.uleb128 .LVU279
 9253 05ca 00       		.uleb128 .LVU286
 9254 05cb 00       		.uleb128 .LVU289
 9255 05cc 00       		.uleb128 .LVU293
 9256 05cd 00       		.uleb128 .LVU325
 9257              	.LLST38:
 9258 05ce 06       		.byte	0x6
 9259 05cf 3C000000 		.4byte	.LVL90
 9260 05d3 04       		.byte	0x4
 9261 05d4 00       		.uleb128 .LVL90-.LVL90
 9262 05d5 08       		.uleb128 .LVL93-.LVL90
 9263 05d6 02       		.uleb128 0x2
 9264 05d7 30       		.byte	0x30
 9265 05d8 9F       		.byte	0x9f
 9266 05d9 04       		.byte	0x4
 9267 05da 1A       		.uleb128 .LVL97-.LVL90
 9268 05db 1E       		.uleb128 .LVL99-.LVL90
 9269 05dc 01       		.uleb128 0x1
 9270 05dd 50       		.byte	0x50
 9271 05de 04       		.byte	0x4
 9272 05df 26       		.uleb128 .LVL102-.LVL90
 9273 05e0 76       		.uleb128 .LVL105-.LVL90
 9274 05e1 01       		.uleb128 0x1
 9275 05e2 50       		.byte	0x50
 9276 05e3 00       		.byte	0
 9277              	.LVUS39:
 9278 05e4 02       		.uleb128 .LVU276
 9279 05e5 00       		.uleb128 .LVU279
 9280 05e6 01       		.uleb128 .LVU287
 9281 05e7 00       		.uleb128 .LVU289
 9282 05e8 00       		.uleb128 .LVU293
ARM GAS  /tmp/ccftVcE7.s 			page 164


 9283 05e9 00       		.uleb128 .LVU315
 9284              	.LLST39:
 9285 05ea 06       		.byte	0x6
 9286 05eb 3C000000 		.4byte	.LVL90
 9287 05ef 04       		.byte	0x4
 9288 05f0 00       		.uleb128 .LVL90-.LVL90
 9289 05f1 08       		.uleb128 .LVL93-.LVL90
 9290 05f2 02       		.uleb128 0x2
 9291 05f3 31       		.byte	0x31
 9292 05f4 9F       		.byte	0x9f
 9293 05f5 04       		.byte	0x4
 9294 05f6 1A       		.uleb128 .LVL97-.LVL90
 9295 05f7 1E       		.uleb128 .LVL99-.LVL90
 9296 05f8 01       		.uleb128 0x1
 9297 05f9 54       		.byte	0x54
 9298 05fa 04       		.byte	0x4
 9299 05fb 26       		.uleb128 .LVL102-.LVL90
 9300 05fc 5A       		.uleb128 .LVL104-.LVL90
 9301 05fd 01       		.uleb128 0x1
 9302 05fe 54       		.byte	0x54
 9303 05ff 00       		.byte	0
 9304              	.LVUS40:
 9305 0600 05       		.uleb128 .LVU266
 9306 0601 00       		.uleb128 .LVU293
 9307 0602 00       		.uleb128 .LVU293
 9308 0603 00       		.uleb128 .LVU306
 9309              	.LLST40:
 9310 0604 06       		.byte	0x6
 9311 0605 2E000000 		.4byte	.LVL87
 9312 0609 04       		.byte	0x4
 9313 060a 00       		.uleb128 .LVL87-.LVL87
 9314 060b 34       		.uleb128 .LVL102-.LVL87
 9315 060c 02       		.uleb128 0x2
 9316 060d 30       		.byte	0x30
 9317 060e 9F       		.byte	0x9f
 9318 060f 04       		.byte	0x4
 9319 0610 34       		.uleb128 .LVL102-.LVL87
 9320 0611 56       		.uleb128 .LVL103-.LVL87
 9321 0612 01       		.uleb128 0x1
 9322 0613 51       		.byte	0x51
 9323 0614 00       		.byte	0
 9324              	.LVUS22:
 9325 0615 00       		.uleb128 0
 9326 0616 00       		.uleb128 .LVU216
 9327 0617 00       		.uleb128 .LVU216
 9328 0618 00       		.uleb128 .LVU245
 9329 0619 00       		.uleb128 .LVU245
 9330 061a 00       		.uleb128 0
 9331              	.LLST22:
 9332 061b 06       		.byte	0x6
 9333 061c 00000000 		.4byte	.LVL72
 9334 0620 04       		.byte	0x4
 9335 0621 00       		.uleb128 .LVL72-.LVL72
 9336 0622 1E       		.uleb128 .LVL76-.LVL72
 9337 0623 01       		.uleb128 0x1
 9338 0624 50       		.byte	0x50
 9339 0625 04       		.byte	0x4
ARM GAS  /tmp/ccftVcE7.s 			page 165


 9340 0626 1E       		.uleb128 .LVL76-.LVL72
 9341 0627 6C       		.uleb128 .LVL80-.LVL72
 9342 0628 0A       		.uleb128 0xa
 9343 0629 A3       		.byte	0xa3
 9344 062a 03       		.uleb128 0x3
 9345 062b A5       		.byte	0xa5
 9346 062c 00       		.uleb128 0
 9347 062d 26       		.uleb128 0x26
 9348 062e A8       		.byte	0xa8
 9349 062f 34       		.uleb128 0x34
 9350 0630 A8       		.byte	0xa8
 9351 0631 00       		.uleb128 0
 9352 0632 9F       		.byte	0x9f
 9353 0633 04       		.byte	0x4
 9354 0634 6C       		.uleb128 .LVL80-.LVL72
 9355 0635 8201     		.uleb128 .LFE255-.LVL72
 9356 0637 01       		.uleb128 0x1
 9357 0638 50       		.byte	0x50
 9358 0639 00       		.byte	0
 9359              	.LVUS23:
 9360 063a 00       		.uleb128 0
 9361 063b 00       		.uleb128 .LVU209
 9362 063c 00       		.uleb128 .LVU209
 9363 063d 00       		.uleb128 .LVU210
 9364 063e 00       		.uleb128 .LVU210
 9365 063f 00       		.uleb128 .LVU245
 9366 0640 00       		.uleb128 .LVU245
 9367 0641 00       		.uleb128 .LVU249
 9368 0642 00       		.uleb128 .LVU249
 9369 0643 00       		.uleb128 0
 9370              	.LLST23:
 9371 0644 06       		.byte	0x6
 9372 0645 00000000 		.4byte	.LVL72
 9373 0649 04       		.byte	0x4
 9374 064a 00       		.uleb128 .LVL72-.LVL72
 9375 064b 12       		.uleb128 .LVL73-.LVL72
 9376 064c 01       		.uleb128 0x1
 9377 064d 51       		.byte	0x51
 9378 064e 04       		.byte	0x4
 9379 064f 12       		.uleb128 .LVL73-.LVL72
 9380 0650 14       		.uleb128 .LVL74-.LVL72
 9381 0651 03       		.uleb128 0x3
 9382 0652 71       		.byte	0x71
 9383 0653 04       		.sleb128 4
 9384 0654 9F       		.byte	0x9f
 9385 0655 04       		.byte	0x4
 9386 0656 14       		.uleb128 .LVL74-.LVL72
 9387 0657 6C       		.uleb128 .LVL80-.LVL72
 9388 0658 0A       		.uleb128 0xa
 9389 0659 A3       		.byte	0xa3
 9390 065a 03       		.uleb128 0x3
 9391 065b A5       		.byte	0xa5
 9392 065c 01       		.uleb128 0x1
 9393 065d 26       		.uleb128 0x26
 9394 065e A8       		.byte	0xa8
 9395 065f 34       		.uleb128 0x34
 9396 0660 A8       		.byte	0xa8
ARM GAS  /tmp/ccftVcE7.s 			page 166


 9397 0661 00       		.uleb128 0
 9398 0662 9F       		.byte	0x9f
 9399 0663 04       		.byte	0x4
 9400 0664 6C       		.uleb128 .LVL80-.LVL72
 9401 0665 78       		.uleb128 .LVL82-.LVL72
 9402 0666 01       		.uleb128 0x1
 9403 0667 51       		.byte	0x51
 9404 0668 04       		.byte	0x4
 9405 0669 78       		.uleb128 .LVL82-.LVL72
 9406 066a 8201     		.uleb128 .LFE255-.LVL72
 9407 066c 0A       		.uleb128 0xa
 9408 066d A3       		.byte	0xa3
 9409 066e 03       		.uleb128 0x3
 9410 066f A5       		.byte	0xa5
 9411 0670 01       		.uleb128 0x1
 9412 0671 26       		.uleb128 0x26
 9413 0672 A8       		.byte	0xa8
 9414 0673 34       		.uleb128 0x34
 9415 0674 A8       		.byte	0xa8
 9416 0675 00       		.uleb128 0
 9417 0676 9F       		.byte	0x9f
 9418 0677 00       		.byte	0
 9419              	.LVUS24:
 9420 0678 00       		.uleb128 0
 9421 0679 00       		.uleb128 .LVU213
 9422 067a 00       		.uleb128 .LVU213
 9423 067b 00       		.uleb128 .LVU245
 9424 067c 00       		.uleb128 .LVU245
 9425 067d 00       		.uleb128 .LVU248
 9426 067e 00       		.uleb128 .LVU248
 9427 067f 00       		.uleb128 0
 9428              	.LLST24:
 9429 0680 06       		.byte	0x6
 9430 0681 00000000 		.4byte	.LVL72
 9431 0685 04       		.byte	0x4
 9432 0686 00       		.uleb128 .LVL72-.LVL72
 9433 0687 16       		.uleb128 .LVL75-.LVL72
 9434 0688 01       		.uleb128 0x1
 9435 0689 52       		.byte	0x52
 9436 068a 04       		.byte	0x4
 9437 068b 16       		.uleb128 .LVL75-.LVL72
 9438 068c 6C       		.uleb128 .LVL80-.LVL72
 9439 068d 0A       		.uleb128 0xa
 9440 068e A3       		.byte	0xa3
 9441 068f 03       		.uleb128 0x3
 9442 0690 A5       		.byte	0xa5
 9443 0691 02       		.uleb128 0x2
 9444 0692 26       		.uleb128 0x26
 9445 0693 A8       		.byte	0xa8
 9446 0694 2D       		.uleb128 0x2d
 9447 0695 A8       		.byte	0xa8
 9448 0696 00       		.uleb128 0
 9449 0697 9F       		.byte	0x9f
 9450 0698 04       		.byte	0x4
 9451 0699 6C       		.uleb128 .LVL80-.LVL72
 9452 069a 74       		.uleb128 .LVL81-.LVL72
 9453 069b 01       		.uleb128 0x1
ARM GAS  /tmp/ccftVcE7.s 			page 167


 9454 069c 52       		.byte	0x52
 9455 069d 04       		.byte	0x4
 9456 069e 74       		.uleb128 .LVL81-.LVL72
 9457 069f 8201     		.uleb128 .LFE255-.LVL72
 9458 06a1 0A       		.uleb128 0xa
 9459 06a2 A3       		.byte	0xa3
 9460 06a3 03       		.uleb128 0x3
 9461 06a4 A5       		.byte	0xa5
 9462 06a5 02       		.uleb128 0x2
 9463 06a6 26       		.uleb128 0x26
 9464 06a7 A8       		.byte	0xa8
 9465 06a8 2D       		.uleb128 0x2d
 9466 06a9 A8       		.byte	0xa8
 9467 06aa 00       		.uleb128 0
 9468 06ab 9F       		.byte	0x9f
 9469 06ac 00       		.byte	0
 9470              	.LVUS25:
 9471 06ad 00       		.uleb128 0
 9472 06ae 00       		.uleb128 .LVU213
 9473 06af 00       		.uleb128 .LVU213
 9474 06b0 00       		.uleb128 .LVU245
 9475 06b1 00       		.uleb128 .LVU245
 9476 06b2 00       		.uleb128 0
 9477              	.LLST25:
 9478 06b3 06       		.byte	0x6
 9479 06b4 00000000 		.4byte	.LVL72
 9480 06b8 04       		.byte	0x4
 9481 06b9 00       		.uleb128 .LVL72-.LVL72
 9482 06ba 16       		.uleb128 .LVL75-.LVL72
 9483 06bb 01       		.uleb128 0x1
 9484 06bc 53       		.byte	0x53
 9485 06bd 04       		.byte	0x4
 9486 06be 16       		.uleb128 .LVL75-.LVL72
 9487 06bf 6C       		.uleb128 .LVL80-.LVL72
 9488 06c0 0A       		.uleb128 0xa
 9489 06c1 A3       		.byte	0xa3
 9490 06c2 03       		.uleb128 0x3
 9491 06c3 A5       		.byte	0xa5
 9492 06c4 03       		.uleb128 0x3
 9493 06c5 26       		.uleb128 0x26
 9494 06c6 A8       		.byte	0xa8
 9495 06c7 2D       		.uleb128 0x2d
 9496 06c8 A8       		.byte	0xa8
 9497 06c9 00       		.uleb128 0
 9498 06ca 9F       		.byte	0x9f
 9499 06cb 04       		.byte	0x4
 9500 06cc 6C       		.uleb128 .LVL80-.LVL72
 9501 06cd 8201     		.uleb128 .LFE255-.LVL72
 9502 06cf 01       		.uleb128 0x1
 9503 06d0 53       		.byte	0x53
 9504 06d1 00       		.byte	0
 9505              	.LVUS26:
 9506 06d2 00       		.uleb128 .LVU210
 9507 06d3 00       		.uleb128 .LVU243
 9508 06d4 00       		.uleb128 .LVU250
 9509 06d5 00       		.uleb128 0
 9510              	.LLST26:
ARM GAS  /tmp/ccftVcE7.s 			page 168


 9511 06d6 06       		.byte	0x6
 9512 06d7 14000000 		.4byte	.LVL74
 9513 06db 04       		.byte	0x4
 9514 06dc 00       		.uleb128 .LVL74-.LVL74
 9515 06dd 4C       		.uleb128 .LVL78-.LVL74
 9516 06de 01       		.uleb128 0x1
 9517 06df 51       		.byte	0x51
 9518 06e0 04       		.byte	0x4
 9519 06e1 68       		.uleb128 .LVL83-.LVL74
 9520 06e2 6E       		.uleb128 .LFE255-.LVL74
 9521 06e3 01       		.uleb128 0x1
 9522 06e4 51       		.byte	0x51
 9523 06e5 00       		.byte	0
 9524              	.LVUS27:
 9525 06e6 01       		.uleb128 .LVU211
 9526 06e7 00       		.uleb128 .LVU213
 9527 06e8 00       		.uleb128 .LVU213
 9528 06e9 00       		.uleb128 .LVU244
 9529 06ea 00       		.uleb128 .LVU252
 9530 06eb 00       		.uleb128 0
 9531              	.LLST27:
 9532 06ec 06       		.byte	0x6
 9533 06ed 14000000 		.4byte	.LVL74
 9534 06f1 04       		.byte	0x4
 9535 06f2 00       		.uleb128 .LVL74-.LVL74
 9536 06f3 02       		.uleb128 .LVL75-.LVL74
 9537 06f4 02       		.uleb128 0x2
 9538 06f5 30       		.byte	0x30
 9539 06f6 9F       		.byte	0x9f
 9540 06f7 04       		.byte	0x4
 9541 06f8 02       		.uleb128 .LVL75-.LVL74
 9542 06f9 51       		.uleb128 .LVL79-1-.LVL74
 9543 06fa 01       		.uleb128 0x1
 9544 06fb 5C       		.byte	0x5c
 9545 06fc 04       		.byte	0x4
 9546 06fd 6C       		.uleb128 .LVL84-.LVL74
 9547 06fe 6E       		.uleb128 .LFE255-.LVL74
 9548 06ff 01       		.uleb128 0x1
 9549 0700 5C       		.byte	0x5c
 9550 0701 00       		.byte	0
 9551              	.LVUS28:
 9552 0702 02       		.uleb128 .LVU212
 9553 0703 00       		.uleb128 .LVU213
 9554 0704 00       		.uleb128 .LVU213
 9555 0705 00       		.uleb128 .LVU233
 9556 0706 01       		.uleb128 .LVU253
 9557 0707 00       		.uleb128 0
 9558              	.LLST28:
 9559 0708 06       		.byte	0x6
 9560 0709 14000000 		.4byte	.LVL74
 9561 070d 04       		.byte	0x4
 9562 070e 00       		.uleb128 .LVL74-.LVL74
 9563 070f 02       		.uleb128 .LVL75-.LVL74
 9564 0710 02       		.uleb128 0x2
 9565 0711 31       		.byte	0x31
 9566 0712 9F       		.byte	0x9f
 9567 0713 04       		.byte	0x4
ARM GAS  /tmp/ccftVcE7.s 			page 169


 9568 0714 02       		.uleb128 .LVL75-.LVL74
 9569 0715 30       		.uleb128 .LVL77-.LVL74
 9570 0716 01       		.uleb128 0x1
 9571 0717 53       		.byte	0x53
 9572 0718 04       		.byte	0x4
 9573 0719 6C       		.uleb128 .LVL84-.LVL74
 9574 071a 6E       		.uleb128 .LFE255-.LVL74
 9575 071b 01       		.uleb128 0x1
 9576 071c 53       		.byte	0x53
 9577 071d 00       		.byte	0
 9578              	.LVUS88:
 9579 071e 00       		.uleb128 .LVU651
 9580 071f 00       		.uleb128 .LVU667
 9581              	.LLST88:
 9582 0720 08       		.byte	0x8
 9583 0721 0C000000 		.4byte	.LVL186
 9584 0725 24       		.uleb128 .LVL193-.LVL186
 9585 0726 01       		.uleb128 0x1
 9586 0727 54       		.byte	0x54
 9587 0728 00       		.byte	0
 9588              	.LVUS90:
 9589 0729 00       		.uleb128 .LVU654
 9590 072a 00       		.uleb128 .LVU660
 9591 072b 00       		.uleb128 .LVU666
 9592 072c 00       		.uleb128 .LVU667
 9593              	.LLST90:
 9594 072d 06       		.byte	0x6
 9595 072e 12000000 		.4byte	.LVL187
 9596 0732 04       		.byte	0x4
 9597 0733 00       		.uleb128 .LVL187-.LVL187
 9598 0734 0E       		.uleb128 .LVL190-.LVL187
 9599 0735 01       		.uleb128 0x1
 9600 0736 55       		.byte	0x55
 9601 0737 04       		.byte	0x4
 9602 0738 1C       		.uleb128 .LVL192-.LVL187
 9603 0739 1E       		.uleb128 .LVL193-.LVL187
 9604 073a 01       		.uleb128 0x1
 9605 073b 55       		.byte	0x55
 9606 073c 00       		.byte	0
 9607              	.LVUS78:
 9608 073d 02       		.uleb128 .LVU580
 9609 073e 00       		.uleb128 0
 9610              	.LLST78:
 9611 073f 08       		.byte	0x8
 9612 0740 16000000 		.4byte	.LVL176
 9613 0744 6A       		.uleb128 .LFE250-.LVL176
 9614 0745 01       		.uleb128 0x1
 9615 0746 54       		.byte	0x54
 9616 0747 00       		.byte	0
 9617              	.LVUS79:
 9618 0748 00       		.uleb128 .LVU565
 9619 0749 00       		.uleb128 0
 9620              	.LLST79:
 9621 074a 08       		.byte	0x8
 9622 074b 10000000 		.4byte	.LVL175
 9623 074f 70       		.uleb128 .LFE250-.LVL175
 9624 0750 01       		.uleb128 0x1
ARM GAS  /tmp/ccftVcE7.s 			page 170


 9625 0751 54       		.byte	0x54
 9626 0752 00       		.byte	0
 9627              	.LVUS80:
 9628 0753 08       		.uleb128 .LVU552
 9629 0754 00       		.uleb128 .LVU554
 9630              	.LLST80:
 9631 0755 08       		.byte	0x8
 9632 0756 04000000 		.4byte	.LVL173
 9633 075a 06       		.uleb128 .LVL174-.LVL173
 9634 075b 03       		.uleb128 0x3
 9635 075c 08       		.byte	0x8
 9636 075d 20       		.byte	0x20
 9637 075e 9F       		.byte	0x9f
 9638 075f 00       		.byte	0
 9639              	.LVUS81:
 9640 0760 0B       		.uleb128 .LVU576
 9641 0761 00       		.uleb128 .LVU578
 9642              	.LLST81:
 9643 0762 08       		.byte	0x8
 9644 0763 10000000 		.4byte	.LVL175
 9645 0767 06       		.uleb128 .LVL176-.LVL175
 9646 0768 02       		.uleb128 0x2
 9647 0769 30       		.byte	0x30
 9648 076a 9F       		.byte	0x9f
 9649 076b 00       		.byte	0
 9650              	.LVUS82:
 9651 076c 01       		.uleb128 .LVU596
 9652 076d 00       		.uleb128 .LVU637
 9653              	.LLST82:
 9654 076e 08       		.byte	0x8
 9655 076f 44000000 		.4byte	.LVL179
 9656 0773 14       		.uleb128 .LVL183-.LVL179
 9657 0774 01       		.uleb128 0x1
 9658 0775 54       		.byte	0x54
 9659 0776 00       		.byte	0
 9660              	.LVUS83:
 9661 0777 00       		.uleb128 .LVU618
 9662 0778 00       		.uleb128 .LVU637
 9663              	.LLST83:
 9664 0779 08       		.byte	0x8
 9665 077a 50000000 		.4byte	.LVL181
 9666 077e 08       		.uleb128 .LVL183-.LVL181
 9667 077f 01       		.uleb128 0x1
 9668 0780 53       		.byte	0x53
 9669 0781 00       		.byte	0
 9670              	.LVUS84:
 9671 0782 0A       		.uleb128 .LVU605
 9672 0783 00       		.uleb128 .LVU607
 9673              	.LLST84:
 9674 0784 08       		.byte	0x8
 9675 0785 44000000 		.4byte	.LVL179
 9676 0789 06       		.uleb128 .LVL180-.LVL179
 9677 078a 03       		.uleb128 0x3
 9678 078b 08       		.byte	0x8
 9679 078c 20       		.byte	0x20
 9680 078d 9F       		.byte	0x9f
 9681 078e 00       		.byte	0
ARM GAS  /tmp/ccftVcE7.s 			page 171


 9682              	.LVUS85:
 9683 078f 0B       		.uleb128 .LVU629
 9684 0790 00       		.uleb128 .LVU631
 9685              	.LLST85:
 9686 0791 08       		.byte	0x8
 9687 0792 50000000 		.4byte	.LVL181
 9688 0796 06       		.uleb128 .LVL182-.LVL181
 9689 0797 02       		.uleb128 0x2
 9690 0798 30       		.byte	0x30
 9691 0799 9F       		.byte	0x9f
 9692 079a 00       		.byte	0
 9693              	.LVUS86:
 9694 079b 02       		.uleb128 .LVU633
 9695 079c 00       		.uleb128 .LVU637
 9696              	.LLST86:
 9697 079d 08       		.byte	0x8
 9698 079e 56000000 		.4byte	.LVL182
 9699 07a2 02       		.uleb128 .LVL183-.LVL182
 9700 07a3 01       		.uleb128 0x1
 9701 07a4 54       		.byte	0x54
 9702 07a5 00       		.byte	0
 9703              	.LVUS87:
 9704 07a6 02       		.uleb128 .LVU633
 9705 07a7 00       		.uleb128 .LVU637
 9706              	.LLST87:
 9707 07a8 08       		.byte	0x8
 9708 07a9 56000000 		.4byte	.LVL182
 9709 07ad 02       		.uleb128 .LVL183-.LVL182
 9710 07ae 01       		.uleb128 0x1
 9711 07af 53       		.byte	0x53
 9712 07b0 00       		.byte	0
 9713              	.LVUS65:
 9714 07b1 02       		.uleb128 .LVU484
 9715 07b2 00       		.uleb128 0
 9716              	.LLST65:
 9717 07b3 08       		.byte	0x8
 9718 07b4 1C000000 		.4byte	.LVL164
 9719 07b8 46       		.uleb128 .LFE249-.LVL164
 9720 07b9 01       		.uleb128 0x1
 9721 07ba 54       		.byte	0x54
 9722 07bb 00       		.byte	0
 9723              	.LVUS66:
 9724 07bc 04       		.uleb128 .LVU486
 9725 07bd 00       		.uleb128 0
 9726              	.LLST66:
 9727 07be 08       		.byte	0x8
 9728 07bf 1C000000 		.4byte	.LVL164
 9729 07c3 46       		.uleb128 .LFE249-.LVL164
 9730 07c4 05       		.uleb128 0x5
 9731 07c5 74       		.byte	0x74
 9732 07c6 90CE00   		.sleb128 10000
 9733 07c9 9F       		.byte	0x9f
 9734 07ca 00       		.byte	0
 9735              	.LVUS67:
 9736 07cb 00       		.uleb128 .LVU469
 9737 07cc 00       		.uleb128 0
 9738              	.LLST67:
ARM GAS  /tmp/ccftVcE7.s 			page 172


 9739 07cd 08       		.byte	0x8
 9740 07ce 16000000 		.4byte	.LVL163
 9741 07d2 4C       		.uleb128 .LFE249-.LVL163
 9742 07d3 01       		.uleb128 0x1
 9743 07d4 54       		.byte	0x54
 9744 07d5 00       		.byte	0
 9745              	.LVUS68:
 9746 07d6 08       		.uleb128 .LVU456
 9747 07d7 00       		.uleb128 .LVU458
 9748              	.LLST68:
 9749 07d8 08       		.byte	0x8
 9750 07d9 0A000000 		.4byte	.LVL161
 9751 07dd 06       		.uleb128 .LVL162-.LVL161
 9752 07de 03       		.uleb128 0x3
 9753 07df 08       		.byte	0x8
 9754 07e0 20       		.byte	0x20
 9755 07e1 9F       		.byte	0x9f
 9756 07e2 00       		.byte	0
 9757              	.LVUS69:
 9758 07e3 0B       		.uleb128 .LVU480
 9759 07e4 00       		.uleb128 .LVU482
 9760              	.LLST69:
 9761 07e5 08       		.byte	0x8
 9762 07e6 16000000 		.4byte	.LVL163
 9763 07ea 06       		.uleb128 .LVL164-.LVL163
 9764 07eb 02       		.uleb128 0x2
 9765 07ec 30       		.byte	0x30
 9766 07ed 9F       		.byte	0x9f
 9767 07ee 00       		.byte	0
 9768              	.LVUS70:
 9769 07ef 01       		.uleb128 .LVU492
 9770 07f0 00       		.uleb128 .LVU533
 9771              	.LLST70:
 9772 07f1 08       		.byte	0x8
 9773 07f2 26000000 		.4byte	.LVL166
 9774 07f6 14       		.uleb128 .LVL170-.LVL166
 9775 07f7 05       		.uleb128 0x5
 9776 07f8 74       		.byte	0x74
 9777 07f9 90CE00   		.sleb128 10000
 9778 07fc 9F       		.byte	0x9f
 9779 07fd 00       		.byte	0
 9780              	.LVUS71:
 9781 07fe 01       		.uleb128 .LVU492
 9782 07ff 00       		.uleb128 .LVU533
 9783              	.LLST71:
 9784 0800 08       		.byte	0x8
 9785 0801 26000000 		.4byte	.LVL166
 9786 0805 14       		.uleb128 .LVL170-.LVL166
 9787 0806 01       		.uleb128 0x1
 9788 0807 54       		.byte	0x54
 9789 0808 00       		.byte	0
 9790              	.LVUS72:
 9791 0809 00       		.uleb128 .LVU514
 9792 080a 00       		.uleb128 .LVU533
 9793              	.LLST72:
 9794 080b 08       		.byte	0x8
 9795 080c 32000000 		.4byte	.LVL168
ARM GAS  /tmp/ccftVcE7.s 			page 173


 9796 0810 08       		.uleb128 .LVL170-.LVL168
 9797 0811 01       		.uleb128 0x1
 9798 0812 53       		.byte	0x53
 9799 0813 00       		.byte	0
 9800              	.LVUS73:
 9801 0814 0A       		.uleb128 .LVU501
 9802 0815 00       		.uleb128 .LVU503
 9803              	.LLST73:
 9804 0816 08       		.byte	0x8
 9805 0817 26000000 		.4byte	.LVL166
 9806 081b 06       		.uleb128 .LVL167-.LVL166
 9807 081c 03       		.uleb128 0x3
 9808 081d 08       		.byte	0x8
 9809 081e 20       		.byte	0x20
 9810 081f 9F       		.byte	0x9f
 9811 0820 00       		.byte	0
 9812              	.LVUS74:
 9813 0821 0B       		.uleb128 .LVU525
 9814 0822 00       		.uleb128 .LVU527
 9815              	.LLST74:
 9816 0823 08       		.byte	0x8
 9817 0824 32000000 		.4byte	.LVL168
 9818 0828 06       		.uleb128 .LVL169-.LVL168
 9819 0829 02       		.uleb128 0x2
 9820 082a 30       		.byte	0x30
 9821 082b 9F       		.byte	0x9f
 9822 082c 00       		.byte	0
 9823              	.LVUS75:
 9824 082d 02       		.uleb128 .LVU529
 9825 082e 00       		.uleb128 .LVU533
 9826              	.LLST75:
 9827 082f 08       		.byte	0x8
 9828 0830 38000000 		.4byte	.LVL169
 9829 0834 02       		.uleb128 .LVL170-.LVL169
 9830 0835 05       		.uleb128 0x5
 9831 0836 74       		.byte	0x74
 9832 0837 90CE00   		.sleb128 10000
 9833 083a 9F       		.byte	0x9f
 9834 083b 00       		.byte	0
 9835              	.LVUS76:
 9836 083c 02       		.uleb128 .LVU529
 9837 083d 00       		.uleb128 .LVU533
 9838              	.LLST76:
 9839 083e 08       		.byte	0x8
 9840 083f 38000000 		.4byte	.LVL169
 9841 0843 02       		.uleb128 .LVL170-.LVL169
 9842 0844 01       		.uleb128 0x1
 9843 0845 54       		.byte	0x54
 9844 0846 00       		.byte	0
 9845              	.LVUS77:
 9846 0847 02       		.uleb128 .LVU529
 9847 0848 00       		.uleb128 .LVU533
 9848              	.LLST77:
 9849 0849 08       		.byte	0x8
 9850 084a 38000000 		.4byte	.LVL169
 9851 084e 02       		.uleb128 .LVL170-.LVL169
 9852 084f 01       		.uleb128 0x1
ARM GAS  /tmp/ccftVcE7.s 			page 174


 9853 0850 53       		.byte	0x53
 9854 0851 00       		.byte	0
 9855              	.LVUS19:
 9856 0852 00       		.uleb128 0
 9857 0853 00       		.uleb128 .LVU193
 9858 0854 00       		.uleb128 .LVU193
 9859 0855 00       		.uleb128 .LVU194
 9860 0856 00       		.uleb128 .LVU194
 9861 0857 00       		.uleb128 0
 9862              	.LLST19:
 9863 0858 06       		.byte	0x6
 9864 0859 00000000 		.4byte	.LVL65
 9865 085d 04       		.byte	0x4
 9866 085e 00       		.uleb128 .LVL65-.LVL65
 9867 085f 08       		.uleb128 .LVL68-.LVL65
 9868 0860 01       		.uleb128 0x1
 9869 0861 50       		.byte	0x50
 9870 0862 04       		.byte	0x4
 9871 0863 08       		.uleb128 .LVL68-.LVL65
 9872 0864 0B       		.uleb128 .LVL69-1-.LVL65
 9873 0865 01       		.uleb128 0x1
 9874 0866 51       		.byte	0x51
 9875 0867 04       		.byte	0x4
 9876 0868 0B       		.uleb128 .LVL69-1-.LVL65
 9877 0869 12       		.uleb128 .LFE248-.LVL65
 9878 086a 0A       		.uleb128 0xa
 9879 086b A3       		.byte	0xa3
 9880 086c 03       		.uleb128 0x3
 9881 086d A5       		.byte	0xa5
 9882 086e 00       		.uleb128 0
 9883 086f 26       		.uleb128 0x26
 9884 0870 A8       		.byte	0xa8
 9885 0871 2D       		.uleb128 0x2d
 9886 0872 A8       		.byte	0xa8
 9887 0873 00       		.uleb128 0
 9888 0874 9F       		.byte	0x9f
 9889 0875 00       		.byte	0
 9890              	.LVUS20:
 9891 0876 00       		.uleb128 0
 9892 0877 00       		.uleb128 .LVU192
 9893 0878 00       		.uleb128 .LVU192
 9894 0879 00       		.uleb128 .LVU194
 9895 087a 00       		.uleb128 .LVU194
 9896 087b 00       		.uleb128 0
 9897              	.LLST20:
 9898 087c 06       		.byte	0x6
 9899 087d 00000000 		.4byte	.LVL65
 9900 0881 04       		.byte	0x4
 9901 0882 00       		.uleb128 .LVL65-.LVL65
 9902 0883 06       		.uleb128 .LVL67-.LVL65
 9903 0884 01       		.uleb128 0x1
 9904 0885 51       		.byte	0x51
 9905 0886 04       		.byte	0x4
 9906 0887 06       		.uleb128 .LVL67-.LVL65
 9907 0888 0B       		.uleb128 .LVL69-1-.LVL65
 9908 0889 01       		.uleb128 0x1
 9909 088a 52       		.byte	0x52
ARM GAS  /tmp/ccftVcE7.s 			page 175


 9910 088b 04       		.byte	0x4
 9911 088c 0B       		.uleb128 .LVL69-1-.LVL65
 9912 088d 12       		.uleb128 .LFE248-.LVL65
 9913 088e 0A       		.uleb128 0xa
 9914 088f A3       		.byte	0xa3
 9915 0890 03       		.uleb128 0x3
 9916 0891 A5       		.byte	0xa5
 9917 0892 01       		.uleb128 0x1
 9918 0893 26       		.uleb128 0x26
 9919 0894 A8       		.byte	0xa8
 9920 0895 2D       		.uleb128 0x2d
 9921 0896 A8       		.byte	0xa8
 9922 0897 00       		.uleb128 0
 9923 0898 9F       		.byte	0x9f
 9924 0899 00       		.byte	0
 9925              	.LVUS21:
 9926 089a 00       		.uleb128 .LVU194
 9927 089b 00       		.uleb128 .LVU196
 9928 089c 00       		.uleb128 .LVU196
 9929 089d 00       		.uleb128 .LVU197
 9930              	.LLST21:
 9931 089e 06       		.byte	0x6
 9932 089f 0C000000 		.4byte	.LVL69
 9933 08a3 04       		.byte	0x4
 9934 08a4 00       		.uleb128 .LVL69-.LVL69
 9935 08a5 02       		.uleb128 .LVL70-.LVL69
 9936 08a6 01       		.uleb128 0x1
 9937 08a7 50       		.byte	0x50
 9938 08a8 04       		.byte	0x4
 9939 08a9 02       		.uleb128 .LVL70-.LVL69
 9940 08aa 04       		.uleb128 .LVL71-.LVL69
 9941 08ab 04       		.uleb128 0x4
 9942 08ac 70       		.byte	0x70
 9943 08ad 00       		.sleb128 0
 9944 08ae 20       		.byte	0x20
 9945 08af 9F       		.byte	0x9f
 9946 08b0 00       		.byte	0
 9947              	.LVUS12:
 9948 08b1 00       		.uleb128 0
 9949 08b2 00       		.uleb128 .LVU156
 9950 08b3 00       		.uleb128 .LVU156
 9951 08b4 00       		.uleb128 .LVU157
 9952 08b5 00       		.uleb128 .LVU157
 9953 08b6 00       		.uleb128 0
 9954              	.LLST12:
 9955 08b7 06       		.byte	0x6
 9956 08b8 00000000 		.4byte	.LVL46
 9957 08bc 04       		.byte	0x4
 9958 08bd 00       		.uleb128 .LVL46-.LVL46
 9959 08be 08       		.uleb128 .LVL49-.LVL46
 9960 08bf 01       		.uleb128 0x1
 9961 08c0 50       		.byte	0x50
 9962 08c1 04       		.byte	0x4
 9963 08c2 08       		.uleb128 .LVL49-.LVL46
 9964 08c3 0B       		.uleb128 .LVL50-1-.LVL46
 9965 08c4 01       		.uleb128 0x1
 9966 08c5 51       		.byte	0x51
ARM GAS  /tmp/ccftVcE7.s 			page 176


 9967 08c6 04       		.byte	0x4
 9968 08c7 0B       		.uleb128 .LVL50-1-.LVL46
 9969 08c8 12       		.uleb128 .LFE247-.LVL46
 9970 08c9 0A       		.uleb128 0xa
 9971 08ca A3       		.byte	0xa3
 9972 08cb 03       		.uleb128 0x3
 9973 08cc A5       		.byte	0xa5
 9974 08cd 00       		.uleb128 0
 9975 08ce 26       		.uleb128 0x26
 9976 08cf A8       		.byte	0xa8
 9977 08d0 34       		.uleb128 0x34
 9978 08d1 A8       		.byte	0xa8
 9979 08d2 00       		.uleb128 0
 9980 08d3 9F       		.byte	0x9f
 9981 08d4 00       		.byte	0
 9982              	.LVUS13:
 9983 08d5 00       		.uleb128 0
 9984 08d6 00       		.uleb128 .LVU155
 9985 08d7 00       		.uleb128 .LVU155
 9986 08d8 00       		.uleb128 .LVU157
 9987 08d9 00       		.uleb128 .LVU157
 9988 08da 00       		.uleb128 0
 9989              	.LLST13:
 9990 08db 06       		.byte	0x6
 9991 08dc 00000000 		.4byte	.LVL46
 9992 08e0 04       		.byte	0x4
 9993 08e1 00       		.uleb128 .LVL46-.LVL46
 9994 08e2 06       		.uleb128 .LVL48-.LVL46
 9995 08e3 01       		.uleb128 0x1
 9996 08e4 51       		.byte	0x51
 9997 08e5 04       		.byte	0x4
 9998 08e6 06       		.uleb128 .LVL48-.LVL46
 9999 08e7 0B       		.uleb128 .LVL50-1-.LVL46
 10000 08e8 01       		.uleb128 0x1
 10001 08e9 52       		.byte	0x52
 10002 08ea 04       		.byte	0x4
 10003 08eb 0B       		.uleb128 .LVL50-1-.LVL46
 10004 08ec 12       		.uleb128 .LFE247-.LVL46
 10005 08ed 0A       		.uleb128 0xa
 10006 08ee A3       		.byte	0xa3
 10007 08ef 03       		.uleb128 0x3
 10008 08f0 A5       		.byte	0xa5
 10009 08f1 01       		.uleb128 0x1
 10010 08f2 26       		.uleb128 0x26
 10011 08f3 A8       		.byte	0xa8
 10012 08f4 34       		.uleb128 0x34
 10013 08f5 A8       		.byte	0xa8
 10014 08f6 00       		.uleb128 0
 10015 08f7 9F       		.byte	0x9f
 10016 08f8 00       		.byte	0
 10017              	.LVUS14:
 10018 08f9 00       		.uleb128 .LVU157
 10019 08fa 00       		.uleb128 .LVU159
 10020 08fb 00       		.uleb128 .LVU159
 10021 08fc 00       		.uleb128 .LVU160
 10022              	.LLST14:
 10023 08fd 06       		.byte	0x6
ARM GAS  /tmp/ccftVcE7.s 			page 177


 10024 08fe 0C000000 		.4byte	.LVL50
 10025 0902 04       		.byte	0x4
 10026 0903 00       		.uleb128 .LVL50-.LVL50
 10027 0904 02       		.uleb128 .LVL51-.LVL50
 10028 0905 01       		.uleb128 0x1
 10029 0906 50       		.byte	0x50
 10030 0907 04       		.byte	0x4
 10031 0908 02       		.uleb128 .LVL51-.LVL50
 10032 0909 04       		.uleb128 .LVL52-.LVL50
 10033 090a 04       		.uleb128 0x4
 10034 090b 70       		.byte	0x70
 10035 090c 00       		.sleb128 0
 10036 090d 20       		.byte	0x20
 10037 090e 9F       		.byte	0x9f
 10038 090f 00       		.byte	0
 10039              	.LVUS62:
 10040 0910 00       		.uleb128 0
 10041 0911 00       		.uleb128 .LVU434
 10042 0912 00       		.uleb128 .LVU434
 10043 0913 00       		.uleb128 .LVU435
 10044 0914 00       		.uleb128 .LVU435
 10045 0915 00       		.uleb128 0
 10046              	.LLST62:
 10047 0916 06       		.byte	0x6
 10048 0917 00000000 		.4byte	.LVL153
 10049 091b 04       		.byte	0x4
 10050 091c 00       		.uleb128 .LVL153-.LVL153
 10051 091d 08       		.uleb128 .LVL156-.LVL153
 10052 091e 01       		.uleb128 0x1
 10053 091f 50       		.byte	0x50
 10054 0920 04       		.byte	0x4
 10055 0921 08       		.uleb128 .LVL156-.LVL153
 10056 0922 0B       		.uleb128 .LVL157-1-.LVL153
 10057 0923 01       		.uleb128 0x1
 10058 0924 51       		.byte	0x51
 10059 0925 04       		.byte	0x4
 10060 0926 0B       		.uleb128 .LVL157-1-.LVL153
 10061 0927 1A       		.uleb128 .LFE246-.LVL153
 10062 0928 0A       		.uleb128 0xa
 10063 0929 A3       		.byte	0xa3
 10064 092a 03       		.uleb128 0x3
 10065 092b A5       		.byte	0xa5
 10066 092c 00       		.uleb128 0
 10067 092d 26       		.uleb128 0x26
 10068 092e A8       		.byte	0xa8
 10069 092f 34       		.uleb128 0x34
 10070 0930 A8       		.byte	0xa8
 10071 0931 00       		.uleb128 0
 10072 0932 9F       		.byte	0x9f
 10073 0933 00       		.byte	0
 10074              	.LVUS63:
 10075 0934 00       		.uleb128 0
 10076 0935 00       		.uleb128 .LVU433
 10077 0936 00       		.uleb128 .LVU433
 10078 0937 00       		.uleb128 0
 10079              	.LLST63:
 10080 0938 06       		.byte	0x6
ARM GAS  /tmp/ccftVcE7.s 			page 178


 10081 0939 00000000 		.4byte	.LVL153
 10082 093d 04       		.byte	0x4
 10083 093e 00       		.uleb128 .LVL153-.LVL153
 10084 093f 06       		.uleb128 .LVL155-.LVL153
 10085 0940 01       		.uleb128 0x1
 10086 0941 51       		.byte	0x51
 10087 0942 04       		.byte	0x4
 10088 0943 06       		.uleb128 .LVL155-.LVL153
 10089 0944 1A       		.uleb128 .LFE246-.LVL153
 10090 0945 01       		.uleb128 0x1
 10091 0946 54       		.byte	0x54
 10092 0947 00       		.byte	0
 10093              	.LVUS64:
 10094 0948 00       		.uleb128 .LVU435
 10095 0949 00       		.uleb128 .LVU442
 10096 094a 00       		.uleb128 .LVU443
 10097 094b 00       		.uleb128 .LVU444
 10098              	.LLST64:
 10099 094c 06       		.byte	0x6
 10100 094d 0C000000 		.4byte	.LVL157
 10101 0951 04       		.byte	0x4
 10102 0952 00       		.uleb128 .LVL157-.LVL157
 10103 0953 08       		.uleb128 .LVL158-.LVL157
 10104 0954 01       		.uleb128 0x1
 10105 0955 50       		.byte	0x50
 10106 0956 04       		.byte	0x4
 10107 0957 0A       		.uleb128 .LVL159-.LVL157
 10108 0958 0C       		.uleb128 .LVL160-.LVL157
 10109 0959 01       		.uleb128 0x1
 10110 095a 50       		.byte	0x50
 10111 095b 00       		.byte	0
 10112              	.LVUS59:
 10113 095c 00       		.uleb128 0
 10114 095d 00       		.uleb128 .LVU413
 10115 095e 00       		.uleb128 .LVU413
 10116 095f 00       		.uleb128 .LVU415
 10117 0960 00       		.uleb128 .LVU415
 10118 0961 00       		.uleb128 0
 10119              	.LLST59:
 10120 0962 06       		.byte	0x6
 10121 0963 00000000 		.4byte	.LVL144
 10122 0967 04       		.byte	0x4
 10123 0968 00       		.uleb128 .LVL144-.LVL144
 10124 0969 09       		.uleb128 .LVL145-1-.LVL144
 10125 096a 01       		.uleb128 0x1
 10126 096b 50       		.byte	0x50
 10127 096c 04       		.byte	0x4
 10128 096d 09       		.uleb128 .LVL145-1-.LVL144
 10129 096e 0C       		.uleb128 .LVL146-.LVL144
 10130 096f 01       		.uleb128 0x1
 10131 0970 54       		.byte	0x54
 10132 0971 04       		.byte	0x4
 10133 0972 0C       		.uleb128 .LVL146-.LVL144
 10134 0973 3C       		.uleb128 .LFE245-.LVL144
 10135 0974 0A       		.uleb128 0xa
 10136 0975 A3       		.byte	0xa3
 10137 0976 03       		.uleb128 0x3
ARM GAS  /tmp/ccftVcE7.s 			page 179


 10138 0977 A5       		.byte	0xa5
 10139 0978 00       		.uleb128 0
 10140 0979 26       		.uleb128 0x26
 10141 097a A8       		.byte	0xa8
 10142 097b 34       		.uleb128 0x34
 10143 097c A8       		.byte	0xa8
 10144 097d 00       		.uleb128 0
 10145 097e 9F       		.byte	0x9f
 10146 097f 00       		.byte	0
 10147              	.LVUS60:
 10148 0980 00       		.uleb128 0
 10149 0981 00       		.uleb128 .LVU413
 10150 0982 00       		.uleb128 .LVU413
 10151 0983 00       		.uleb128 .LVU426
 10152 0984 00       		.uleb128 .LVU426
 10153 0985 00       		.uleb128 0
 10154              	.LLST60:
 10155 0986 06       		.byte	0x6
 10156 0987 00000000 		.4byte	.LVL144
 10157 098b 04       		.byte	0x4
 10158 098c 00       		.uleb128 .LVL144-.LVL144
 10159 098d 09       		.uleb128 .LVL145-1-.LVL144
 10160 098e 01       		.uleb128 0x1
 10161 098f 51       		.byte	0x51
 10162 0990 04       		.byte	0x4
 10163 0991 09       		.uleb128 .LVL145-1-.LVL144
 10164 0992 30       		.uleb128 .LVL152-.LVL144
 10165 0993 01       		.uleb128 0x1
 10166 0994 55       		.byte	0x55
 10167 0995 04       		.byte	0x4
 10168 0996 30       		.uleb128 .LVL152-.LVL144
 10169 0997 3C       		.uleb128 .LFE245-.LVL144
 10170 0998 0A       		.uleb128 0xa
 10171 0999 A3       		.byte	0xa3
 10172 099a 03       		.uleb128 0x3
 10173 099b A5       		.byte	0xa5
 10174 099c 01       		.uleb128 0x1
 10175 099d 26       		.uleb128 0x26
 10176 099e A8       		.byte	0xa8
 10177 099f 34       		.uleb128 0x34
 10178 09a0 A8       		.byte	0xa8
 10179 09a1 00       		.uleb128 0
 10180 09a2 9F       		.byte	0x9f
 10181 09a3 00       		.byte	0
 10182              	.LVUS61:
 10183 09a4 00       		.uleb128 .LVU423
 10184 09a5 00       		.uleb128 .LVU424
 10185 09a6 00       		.uleb128 .LVU424
 10186 09a7 01       		.uleb128 .LVU425
 10187              	.LLST61:
 10188 09a8 06       		.byte	0x6
 10189 09a9 28000000 		.4byte	.LVL150
 10190 09ad 04       		.byte	0x4
 10191 09ae 00       		.uleb128 .LVL150-.LVL150
 10192 09af 03       		.uleb128 .LVL151-1-.LVL150
 10193 09b0 01       		.uleb128 0x1
 10194 09b1 50       		.byte	0x50
ARM GAS  /tmp/ccftVcE7.s 			page 180


 10195 09b2 04       		.byte	0x4
 10196 09b3 03       		.uleb128 .LVL151-1-.LVL150
 10197 09b4 04       		.uleb128 .LVL151-.LVL150
 10198 09b5 01       		.uleb128 0x1
 10199 09b6 54       		.byte	0x54
 10200 09b7 00       		.byte	0
 10201              	.LVUS15:
 10202 09b8 00       		.uleb128 0
 10203 09b9 00       		.uleb128 .LVU170
 10204 09ba 00       		.uleb128 .LVU170
 10205 09bb 00       		.uleb128 .LVU174
 10206 09bc 00       		.uleb128 .LVU174
 10207 09bd 00       		.uleb128 0
 10208              	.LLST15:
 10209 09be 06       		.byte	0x6
 10210 09bf 00000000 		.4byte	.LVL55
 10211 09c3 04       		.byte	0x4
 10212 09c4 00       		.uleb128 .LVL55-.LVL55
 10213 09c5 0B       		.uleb128 .LVL56-1-.LVL55
 10214 09c6 01       		.uleb128 0x1
 10215 09c7 50       		.byte	0x50
 10216 09c8 04       		.byte	0x4
 10217 09c9 0B       		.uleb128 .LVL56-1-.LVL55
 10218 09ca 1A       		.uleb128 .LVL58-.LVL55
 10219 09cb 01       		.uleb128 0x1
 10220 09cc 54       		.byte	0x54
 10221 09cd 04       		.byte	0x4
 10222 09ce 1A       		.uleb128 .LVL58-.LVL55
 10223 09cf 40       		.uleb128 .LFE244-.LVL55
 10224 09d0 0A       		.uleb128 0xa
 10225 09d1 A3       		.byte	0xa3
 10226 09d2 03       		.uleb128 0x3
 10227 09d3 A5       		.byte	0xa5
 10228 09d4 00       		.uleb128 0
 10229 09d5 26       		.uleb128 0x26
 10230 09d6 A8       		.byte	0xa8
 10231 09d7 34       		.uleb128 0x34
 10232 09d8 A8       		.byte	0xa8
 10233 09d9 00       		.uleb128 0
 10234 09da 9F       		.byte	0x9f
 10235 09db 00       		.byte	0
 10236              	.LVUS16:
 10237 09dc 00       		.uleb128 0
 10238 09dd 00       		.uleb128 .LVU170
 10239 09de 00       		.uleb128 .LVU170
 10240 09df 00       		.uleb128 0
 10241              	.LLST16:
 10242 09e0 06       		.byte	0x6
 10243 09e1 00000000 		.4byte	.LVL55
 10244 09e5 04       		.byte	0x4
 10245 09e6 00       		.uleb128 .LVL55-.LVL55
 10246 09e7 0B       		.uleb128 .LVL56-1-.LVL55
 10247 09e8 01       		.uleb128 0x1
 10248 09e9 51       		.byte	0x51
 10249 09ea 04       		.byte	0x4
 10250 09eb 0B       		.uleb128 .LVL56-1-.LVL55
 10251 09ec 40       		.uleb128 .LFE244-.LVL55
ARM GAS  /tmp/ccftVcE7.s 			page 181


 10252 09ed 01       		.uleb128 0x1
 10253 09ee 56       		.byte	0x56
 10254 09ef 00       		.byte	0
 10255              	.LVUS17:
 10256 09f0 00       		.uleb128 0
 10257 09f1 00       		.uleb128 .LVU170
 10258 09f2 00       		.uleb128 .LVU170
 10259 09f3 00       		.uleb128 0
 10260              	.LLST17:
 10261 09f4 06       		.byte	0x6
 10262 09f5 00000000 		.4byte	.LVL55
 10263 09f9 04       		.byte	0x4
 10264 09fa 00       		.uleb128 .LVL55-.LVL55
 10265 09fb 0B       		.uleb128 .LVL56-1-.LVL55
 10266 09fc 01       		.uleb128 0x1
 10267 09fd 52       		.byte	0x52
 10268 09fe 04       		.byte	0x4
 10269 09ff 0B       		.uleb128 .LVL56-1-.LVL55
 10270 0a00 40       		.uleb128 .LFE244-.LVL55
 10271 0a01 01       		.uleb128 0x1
 10272 0a02 55       		.byte	0x55
 10273 0a03 00       		.byte	0
 10274              	.LVUS18:
 10275 0a04 00       		.uleb128 .LVU175
 10276 0a05 00       		.uleb128 .LVU185
 10277              	.LLST18:
 10278 0a06 08       		.byte	0x8
 10279 0a07 1C000000 		.4byte	.LVL59
 10280 0a0b 1C       		.uleb128 .LVL63-.LVL59
 10281 0a0c 01       		.uleb128 0x1
 10282 0a0d 54       		.byte	0x54
 10283 0a0e 00       		.byte	0
 10284              	.LVUS9:
 10285 0a0f 00       		.uleb128 0
 10286 0a10 00       		.uleb128 .LVU133
 10287 0a11 00       		.uleb128 .LVU133
 10288 0a12 00       		.uleb128 .LVU135
 10289 0a13 00       		.uleb128 .LVU135
 10290 0a14 00       		.uleb128 0
 10291              	.LLST9:
 10292 0a15 06       		.byte	0x6
 10293 0a16 00000000 		.4byte	.LVL38
 10294 0a1a 04       		.byte	0x4
 10295 0a1b 00       		.uleb128 .LVL38-.LVL38
 10296 0a1c 0B       		.uleb128 .LVL39-1-.LVL38
 10297 0a1d 01       		.uleb128 0x1
 10298 0a1e 50       		.byte	0x50
 10299 0a1f 04       		.byte	0x4
 10300 0a20 0B       		.uleb128 .LVL39-1-.LVL38
 10301 0a21 0E       		.uleb128 .LVL40-.LVL38
 10302 0a22 01       		.uleb128 0x1
 10303 0a23 54       		.byte	0x54
 10304 0a24 04       		.byte	0x4
 10305 0a25 0E       		.uleb128 .LVL40-.LVL38
 10306 0a26 42       		.uleb128 .LFE243-.LVL38
 10307 0a27 0A       		.uleb128 0xa
 10308 0a28 A3       		.byte	0xa3
ARM GAS  /tmp/ccftVcE7.s 			page 182


 10309 0a29 03       		.uleb128 0x3
 10310 0a2a A5       		.byte	0xa5
 10311 0a2b 00       		.uleb128 0
 10312 0a2c 26       		.uleb128 0x26
 10313 0a2d A8       		.byte	0xa8
 10314 0a2e 34       		.uleb128 0x34
 10315 0a2f A8       		.byte	0xa8
 10316 0a30 00       		.uleb128 0
 10317 0a31 9F       		.byte	0x9f
 10318 0a32 00       		.byte	0
 10319              	.LVUS10:
 10320 0a33 00       		.uleb128 0
 10321 0a34 00       		.uleb128 .LVU133
 10322 0a35 00       		.uleb128 .LVU133
 10323 0a36 00       		.uleb128 .LVU147
 10324 0a37 00       		.uleb128 .LVU147
 10325 0a38 00       		.uleb128 0
 10326              	.LLST10:
 10327 0a39 06       		.byte	0x6
 10328 0a3a 00000000 		.4byte	.LVL38
 10329 0a3e 04       		.byte	0x4
 10330 0a3f 00       		.uleb128 .LVL38-.LVL38
 10331 0a40 0B       		.uleb128 .LVL39-1-.LVL38
 10332 0a41 01       		.uleb128 0x1
 10333 0a42 51       		.byte	0x51
 10334 0a43 04       		.byte	0x4
 10335 0a44 0B       		.uleb128 .LVL39-1-.LVL38
 10336 0a45 30       		.uleb128 .LVL45-.LVL38
 10337 0a46 01       		.uleb128 0x1
 10338 0a47 55       		.byte	0x55
 10339 0a48 04       		.byte	0x4
 10340 0a49 30       		.uleb128 .LVL45-.LVL38
 10341 0a4a 42       		.uleb128 .LFE243-.LVL38
 10342 0a4b 0A       		.uleb128 0xa
 10343 0a4c A3       		.byte	0xa3
 10344 0a4d 03       		.uleb128 0x3
 10345 0a4e A5       		.byte	0xa5
 10346 0a4f 01       		.uleb128 0x1
 10347 0a50 26       		.uleb128 0x26
 10348 0a51 A8       		.byte	0xa8
 10349 0a52 34       		.uleb128 0x34
 10350 0a53 A8       		.byte	0xa8
 10351 0a54 00       		.uleb128 0
 10352 0a55 9F       		.byte	0x9f
 10353 0a56 00       		.byte	0
 10354              	.LVUS11:
 10355 0a57 00       		.uleb128 0
 10356 0a58 00       		.uleb128 .LVU133
 10357 0a59 00       		.uleb128 .LVU133
 10358 0a5a 00       		.uleb128 .LVU147
 10359 0a5b 00       		.uleb128 .LVU147
 10360 0a5c 00       		.uleb128 0
 10361              	.LLST11:
 10362 0a5d 06       		.byte	0x6
 10363 0a5e 00000000 		.4byte	.LVL38
 10364 0a62 04       		.byte	0x4
 10365 0a63 00       		.uleb128 .LVL38-.LVL38
ARM GAS  /tmp/ccftVcE7.s 			page 183


 10366 0a64 0B       		.uleb128 .LVL39-1-.LVL38
 10367 0a65 01       		.uleb128 0x1
 10368 0a66 52       		.byte	0x52
 10369 0a67 04       		.byte	0x4
 10370 0a68 0B       		.uleb128 .LVL39-1-.LVL38
 10371 0a69 30       		.uleb128 .LVL45-.LVL38
 10372 0a6a 01       		.uleb128 0x1
 10373 0a6b 56       		.byte	0x56
 10374 0a6c 04       		.byte	0x4
 10375 0a6d 30       		.uleb128 .LVL45-.LVL38
 10376 0a6e 42       		.uleb128 .LFE243-.LVL38
 10377 0a6f 0A       		.uleb128 0xa
 10378 0a70 A3       		.byte	0xa3
 10379 0a71 03       		.uleb128 0x3
 10380 0a72 A5       		.byte	0xa5
 10381 0a73 02       		.uleb128 0x2
 10382 0a74 26       		.uleb128 0x26
 10383 0a75 A8       		.byte	0xa8
 10384 0a76 34       		.uleb128 0x34
 10385 0a77 A8       		.byte	0xa8
 10386 0a78 00       		.uleb128 0
 10387 0a79 9F       		.byte	0x9f
 10388 0a7a 00       		.byte	0
 10389              	.LVUS8:
 10390 0a7b 00       		.uleb128 0
 10391 0a7c 00       		.uleb128 .LVU122
 10392 0a7d 00       		.uleb128 .LVU122
 10393 0a7e 00       		.uleb128 .LVU127
 10394 0a7f 00       		.uleb128 .LVU127
 10395 0a80 00       		.uleb128 0
 10396              	.LLST8:
 10397 0a81 06       		.byte	0x6
 10398 0a82 00000000 		.4byte	.LVL33
 10399 0a86 04       		.byte	0x4
 10400 0a87 00       		.uleb128 .LVL33-.LVL33
 10401 0a88 07       		.uleb128 .LVL34-1-.LVL33
 10402 0a89 01       		.uleb128 0x1
 10403 0a8a 50       		.byte	0x50
 10404 0a8b 04       		.byte	0x4
 10405 0a8c 07       		.uleb128 .LVL34-1-.LVL33
 10406 0a8d 18       		.uleb128 .LVL36-.LVL33
 10407 0a8e 01       		.uleb128 0x1
 10408 0a8f 54       		.byte	0x54
 10409 0a90 04       		.byte	0x4
 10410 0a91 18       		.uleb128 .LVL36-.LVL33
 10411 0a92 20       		.uleb128 .LFE242-.LVL33
 10412 0a93 0A       		.uleb128 0xa
 10413 0a94 A3       		.byte	0xa3
 10414 0a95 03       		.uleb128 0x3
 10415 0a96 A5       		.byte	0xa5
 10416 0a97 00       		.uleb128 0
 10417 0a98 26       		.uleb128 0x26
 10418 0a99 A8       		.byte	0xa8
 10419 0a9a 34       		.uleb128 0x34
 10420 0a9b A8       		.byte	0xa8
 10421 0a9c 00       		.uleb128 0
 10422 0a9d 9F       		.byte	0x9f
ARM GAS  /tmp/ccftVcE7.s 			page 184


 10423 0a9e 00       		.byte	0
 10424              	.LVUS5:
 10425 0a9f 00       		.uleb128 0
 10426 0aa0 00       		.uleb128 .LVU79
 10427 0aa1 00       		.uleb128 .LVU79
 10428 0aa2 00       		.uleb128 .LVU114
 10429 0aa3 00       		.uleb128 .LVU114
 10430 0aa4 00       		.uleb128 0
 10431              	.LLST5:
 10432 0aa5 06       		.byte	0x6
 10433 0aa6 00000000 		.4byte	.LVL18
 10434 0aaa 04       		.byte	0x4
 10435 0aab 00       		.uleb128 .LVL18-.LVL18
 10436 0aac 08       		.uleb128 .LVL20-.LVL18
 10437 0aad 01       		.uleb128 0x1
 10438 0aae 50       		.byte	0x50
 10439 0aaf 04       		.byte	0x4
 10440 0ab0 08       		.uleb128 .LVL20-.LVL18
 10441 0ab1 58       		.uleb128 .LVL29-.LVL18
 10442 0ab2 01       		.uleb128 0x1
 10443 0ab3 57       		.byte	0x57
 10444 0ab4 04       		.byte	0x4
 10445 0ab5 58       		.uleb128 .LVL29-.LVL18
 10446 0ab6 64       		.uleb128 .LFE240-.LVL18
 10447 0ab7 0A       		.uleb128 0xa
 10448 0ab8 A3       		.byte	0xa3
 10449 0ab9 03       		.uleb128 0x3
 10450 0aba A5       		.byte	0xa5
 10451 0abb 00       		.uleb128 0
 10452 0abc 26       		.uleb128 0x26
 10453 0abd A8       		.byte	0xa8
 10454 0abe 34       		.uleb128 0x34
 10455 0abf A8       		.byte	0xa8
 10456 0ac0 00       		.uleb128 0
 10457 0ac1 9F       		.byte	0x9f
 10458 0ac2 00       		.byte	0
 10459              	.LVUS6:
 10460 0ac3 00       		.uleb128 .LVU110
 10461 0ac4 00       		.uleb128 0
 10462              	.LLST6:
 10463 0ac5 08       		.byte	0x8
 10464 0ac6 52000000 		.4byte	.LVL28
 10465 0aca 12       		.uleb128 .LFE240-.LVL28
 10466 0acb 01       		.uleb128 0x1
 10467 0acc 54       		.byte	0x54
 10468 0acd 00       		.byte	0
 10469              	.LVUS7:
 10470 0ace 02       		.uleb128 .LVU77
 10471 0acf 00       		.uleb128 .LVU79
 10472 0ad0 00       		.uleb128 .LVU79
 10473 0ad1 00       		.uleb128 .LVU109
 10474              	.LLST7:
 10475 0ad2 06       		.byte	0x6
 10476 0ad3 04000000 		.4byte	.LVL19
 10477 0ad7 04       		.byte	0x4
 10478 0ad8 00       		.uleb128 .LVL19-.LVL19
 10479 0ad9 04       		.uleb128 .LVL20-.LVL19
ARM GAS  /tmp/ccftVcE7.s 			page 185


 10480 0ada 03       		.uleb128 0x3
 10481 0adb 08       		.byte	0x8
 10482 0adc 80       		.byte	0x80
 10483 0add 9F       		.byte	0x9f
 10484 0ade 04       		.byte	0x4
 10485 0adf 04       		.uleb128 .LVL20-.LVL19
 10486 0ae0 4C       		.uleb128 .LVL27-.LVL19
 10487 0ae1 01       		.uleb128 0x1
 10488 0ae2 54       		.byte	0x54
 10489 0ae3 00       		.byte	0
 10490              	.LVUS3:
 10491 0ae4 00       		.uleb128 0
 10492 0ae5 00       		.uleb128 .LVU48
 10493 0ae6 00       		.uleb128 .LVU48
 10494 0ae7 00       		.uleb128 .LVU54
 10495 0ae8 00       		.uleb128 .LVU54
 10496 0ae9 00       		.uleb128 .LVU56
 10497 0aea 00       		.uleb128 .LVU56
 10498 0aeb 00       		.uleb128 .LVU72
 10499              	.LLST3:
 10500 0aec 06       		.byte	0x6
 10501 0aed 00000000 		.4byte	.LVL8
 10502 0af1 04       		.byte	0x4
 10503 0af2 00       		.uleb128 .LVL8-.LVL8
 10504 0af3 06       		.uleb128 .LVL10-.LVL8
 10505 0af4 01       		.uleb128 0x1
 10506 0af5 50       		.byte	0x50
 10507 0af6 04       		.byte	0x4
 10508 0af7 06       		.uleb128 .LVL10-.LVL8
 10509 0af8 16       		.uleb128 .LVL12-.LVL8
 10510 0af9 01       		.uleb128 0x1
 10511 0afa 56       		.byte	0x56
 10512 0afb 04       		.byte	0x4
 10513 0afc 16       		.uleb128 .LVL12-.LVL8
 10514 0afd 18       		.uleb128 .LVL13-.LVL8
 10515 0afe 01       		.uleb128 0x1
 10516 0aff 50       		.byte	0x50
 10517 0b00 04       		.byte	0x4
 10518 0b01 18       		.uleb128 .LVL13-.LVL8
 10519 0b02 3C       		.uleb128 .LVL17-.LVL8
 10520 0b03 01       		.uleb128 0x1
 10521 0b04 56       		.byte	0x56
 10522 0b05 00       		.byte	0
 10523              	.LVUS4:
 10524 0b06 01       		.uleb128 .LVU45
 10525 0b07 00       		.uleb128 .LVU48
 10526 0b08 00       		.uleb128 .LVU48
 10527 0b09 00       		.uleb128 .LVU72
 10528 0b0a 00       		.uleb128 .LVU72
 10529 0b0b 00       		.uleb128 0
 10530              	.LLST4:
 10531 0b0c 06       		.byte	0x6
 10532 0b0d 02000000 		.4byte	.LVL9
 10533 0b11 04       		.byte	0x4
 10534 0b12 00       		.uleb128 .LVL9-.LVL9
 10535 0b13 04       		.uleb128 .LVL10-.LVL9
 10536 0b14 02       		.uleb128 0x2
ARM GAS  /tmp/ccftVcE7.s 			page 186


 10537 0b15 30       		.byte	0x30
 10538 0b16 9F       		.byte	0x9f
 10539 0b17 04       		.byte	0x4
 10540 0b18 04       		.uleb128 .LVL10-.LVL9
 10541 0b19 3A       		.uleb128 .LVL17-.LVL9
 10542 0b1a 01       		.uleb128 0x1
 10543 0b1b 54       		.byte	0x54
 10544 0b1c 04       		.byte	0x4
 10545 0b1d 3A       		.uleb128 .LVL17-.LVL9
 10546 0b1e 3E       		.uleb128 .LFE239-.LVL9
 10547 0b1f 01       		.uleb128 0x1
 10548 0b20 50       		.byte	0x50
 10549 0b21 00       		.byte	0
 10550              	.Ldebug_loc3:
 10551              		.section	.debug_aranges,"",%progbits
 10552 0000 E4000000 		.4byte	0xe4
 10553 0004 0200     		.2byte	0x2
 10554 0006 00000000 		.4byte	.Ldebug_info0
 10555 000a 04       		.byte	0x4
 10556 000b 00       		.byte	0
 10557 000c 0000     		.2byte	0
 10558 000e 0000     		.2byte	0
 10559 0010 00000000 		.4byte	.LFB257
 10560 0014 14000000 		.4byte	.LFE257-.LFB257
 10561 0018 00000000 		.4byte	.LFB237
 10562 001c 24000000 		.4byte	.LFE237-.LFB237
 10563 0020 00000000 		.4byte	.LFB238
 10564 0024 2C000000 		.4byte	.LFE238-.LFB238
 10565 0028 00000000 		.4byte	.LFB239
 10566 002c 40000000 		.4byte	.LFE239-.LFB239
 10567 0030 00000000 		.4byte	.LFB240
 10568 0034 64000000 		.4byte	.LFE240-.LFB240
 10569 0038 00000000 		.4byte	.LFB241
 10570 003c 0C000000 		.4byte	.LFE241-.LFB241
 10571 0040 00000000 		.4byte	.LFB242
 10572 0044 20000000 		.4byte	.LFE242-.LFB242
 10573 0048 00000000 		.4byte	.LFB243
 10574 004c 42000000 		.4byte	.LFE243-.LFB243
 10575 0050 00000000 		.4byte	.LFB247
 10576 0054 12000000 		.4byte	.LFE247-.LFB247
 10577 0058 00000000 		.4byte	.LFB254
 10578 005c 0C000000 		.4byte	.LFE254-.LFB254
 10579 0060 00000000 		.4byte	.LFB253
 10580 0064 0C000000 		.4byte	.LFE253-.LFB253
 10581 0068 00000000 		.4byte	.LFB244
 10582 006c 40000000 		.4byte	.LFE244-.LFB244
 10583 0070 00000000 		.4byte	.LFB248
 10584 0074 12000000 		.4byte	.LFE248-.LFB248
 10585 0078 00000000 		.4byte	.LFB255
 10586 007c 82000000 		.4byte	.LFE255-.LFB255
 10587 0080 00000000 		.4byte	.LFB256
 10588 0084 E8000000 		.4byte	.LFE256-.LFB256
 10589 0088 00000000 		.4byte	.LFB258
 10590 008c 4C000000 		.4byte	.LFE258-.LFB258
 10591 0090 00000000 		.4byte	.LFB259
 10592 0094 78000000 		.4byte	.LFE259-.LFB259
 10593 0098 00000000 		.4byte	.LFB252
ARM GAS  /tmp/ccftVcE7.s 			page 187


 10594 009c 30000000 		.4byte	.LFE252-.LFB252
 10595 00a0 00000000 		.4byte	.LFB245
 10596 00a4 3C000000 		.4byte	.LFE245-.LFB245
 10597 00a8 00000000 		.4byte	.LFB246
 10598 00ac 1A000000 		.4byte	.LFE246-.LFB246
 10599 00b0 00000000 		.4byte	.LFB249
 10600 00b4 62000000 		.4byte	.LFE249-.LFB249
 10601 00b8 00000000 		.4byte	.LFB250
 10602 00bc 80000000 		.4byte	.LFE250-.LFB250
 10603 00c0 00000000 		.4byte	.LFB251
 10604 00c4 3C000000 		.4byte	.LFE251-.LFB251
 10605 00c8 00000000 		.4byte	.LFB260
 10606 00cc 60000000 		.4byte	.LFE260-.LFB260
 10607 00d0 00000000 		.4byte	.LFB261
 10608 00d4 2E000000 		.4byte	.LFE261-.LFB261
 10609 00d8 00000000 		.4byte	.LFB262
 10610 00dc 50010000 		.4byte	.LFE262-.LFB262
 10611 00e0 00000000 		.4byte	0
 10612 00e4 00000000 		.4byte	0
 10613              		.section	.debug_rnglists,"",%progbits
 10614              	.Ldebug_ranges0:
 10615 0000 B5000000 		.4byte	.Ldebug_ranges3-.Ldebug_ranges2
 10616              	.Ldebug_ranges2:
 10617 0004 0500     		.2byte	0x5
 10618 0006 04       		.byte	0x4
 10619 0007 00       		.byte	0
 10620 0008 00000000 		.4byte	0
 10621              	.LLRL89:
 10622 000c 05       		.byte	0x5
 10623 000d 10000000 		.4byte	.LBB233
 10624 0011 04       		.byte	0x4
 10625 0012 00       		.uleb128 .LBB233-.LBB233
 10626 0013 10       		.uleb128 .LBE233-.LBB233
 10627 0014 04       		.byte	0x4
 10628 0015 1E       		.uleb128 .LBB234-.LBB233
 10629 0016 20       		.uleb128 .LBE234-.LBB233
 10630 0017 00       		.byte	0
 10631              	.LLRL105:
 10632 0018 07       		.byte	0x7
 10633 0019 00000000 		.4byte	.LFB257
 10634 001d 14       		.uleb128 .LFE257-.LFB257
 10635 001e 07       		.byte	0x7
 10636 001f 00000000 		.4byte	.LFB237
 10637 0023 24       		.uleb128 .LFE237-.LFB237
 10638 0024 07       		.byte	0x7
 10639 0025 00000000 		.4byte	.LFB238
 10640 0029 2C       		.uleb128 .LFE238-.LFB238
 10641 002a 07       		.byte	0x7
 10642 002b 00000000 		.4byte	.LFB239
 10643 002f 40       		.uleb128 .LFE239-.LFB239
 10644 0030 07       		.byte	0x7
 10645 0031 00000000 		.4byte	.LFB240
 10646 0035 64       		.uleb128 .LFE240-.LFB240
 10647 0036 07       		.byte	0x7
 10648 0037 00000000 		.4byte	.LFB241
 10649 003b 0C       		.uleb128 .LFE241-.LFB241
 10650 003c 07       		.byte	0x7
ARM GAS  /tmp/ccftVcE7.s 			page 188


 10651 003d 00000000 		.4byte	.LFB242
 10652 0041 20       		.uleb128 .LFE242-.LFB242
 10653 0042 07       		.byte	0x7
 10654 0043 00000000 		.4byte	.LFB243
 10655 0047 42       		.uleb128 .LFE243-.LFB243
 10656 0048 07       		.byte	0x7
 10657 0049 00000000 		.4byte	.LFB247
 10658 004d 12       		.uleb128 .LFE247-.LFB247
 10659 004e 07       		.byte	0x7
 10660 004f 00000000 		.4byte	.LFB254
 10661 0053 0C       		.uleb128 .LFE254-.LFB254
 10662 0054 07       		.byte	0x7
 10663 0055 00000000 		.4byte	.LFB253
 10664 0059 0C       		.uleb128 .LFE253-.LFB253
 10665 005a 07       		.byte	0x7
 10666 005b 00000000 		.4byte	.LFB244
 10667 005f 40       		.uleb128 .LFE244-.LFB244
 10668 0060 07       		.byte	0x7
 10669 0061 00000000 		.4byte	.LFB248
 10670 0065 12       		.uleb128 .LFE248-.LFB248
 10671 0066 07       		.byte	0x7
 10672 0067 00000000 		.4byte	.LFB255
 10673 006b 8201     		.uleb128 .LFE255-.LFB255
 10674 006d 07       		.byte	0x7
 10675 006e 00000000 		.4byte	.LFB256
 10676 0072 E801     		.uleb128 .LFE256-.LFB256
 10677 0074 07       		.byte	0x7
 10678 0075 00000000 		.4byte	.LFB258
 10679 0079 4C       		.uleb128 .LFE258-.LFB258
 10680 007a 07       		.byte	0x7
 10681 007b 00000000 		.4byte	.LFB259
 10682 007f 78       		.uleb128 .LFE259-.LFB259
 10683 0080 07       		.byte	0x7
 10684 0081 00000000 		.4byte	.LFB252
 10685 0085 30       		.uleb128 .LFE252-.LFB252
 10686 0086 07       		.byte	0x7
 10687 0087 00000000 		.4byte	.LFB245
 10688 008b 3C       		.uleb128 .LFE245-.LFB245
 10689 008c 07       		.byte	0x7
 10690 008d 00000000 		.4byte	.LFB246
 10691 0091 1A       		.uleb128 .LFE246-.LFB246
 10692 0092 07       		.byte	0x7
 10693 0093 00000000 		.4byte	.LFB249
 10694 0097 62       		.uleb128 .LFE249-.LFB249
 10695 0098 07       		.byte	0x7
 10696 0099 00000000 		.4byte	.LFB250
 10697 009d 8001     		.uleb128 .LFE250-.LFB250
 10698 009f 07       		.byte	0x7
 10699 00a0 00000000 		.4byte	.LFB251
 10700 00a4 3C       		.uleb128 .LFE251-.LFB251
 10701 00a5 07       		.byte	0x7
 10702 00a6 00000000 		.4byte	.LFB260
 10703 00aa 60       		.uleb128 .LFE260-.LFB260
 10704 00ab 07       		.byte	0x7
 10705 00ac 00000000 		.4byte	.LFB261
 10706 00b0 2E       		.uleb128 .LFE261-.LFB261
 10707 00b1 07       		.byte	0x7
ARM GAS  /tmp/ccftVcE7.s 			page 189


 10708 00b2 00000000 		.4byte	.LFB262
 10709 00b6 D002     		.uleb128 .LFE262-.LFB262
 10710 00b8 00       		.byte	0
 10711              	.Ldebug_ranges3:
 10712              		.section	.debug_line,"",%progbits
 10713              	.Ldebug_line0:
 10714 0000 AE0E0000 		.section	.debug_str,"MS",%progbits,1
 10714      0300F801 
 10714      00000201 
 10714      FB0E0D00 
 10714      01010101 
 10715              	.LASF103:
 10716 0000 73693533 		.ascii	"si5351_enable_output\000"
 10716      35315F65 
 10716      6E61626C 
 10716      655F6F75 
 10716      74707574 
 10717              	.LASF145:
 10718 0015 73693533 		.ascii	"si5351.c\000"
 10718      35312E63 
 10718      00
 10719              	.LASF86:
 10720 001e 6D756C74 		.ascii	"multi\000"
 10720      6900
 10721              	.LASF74:
 10722 0024 73693533 		.ascii	"si5351_available\000"
 10722      35315F61 
 10722      7661696C 
 10722      61626C65 
 10722      00
 10723              	.LASF37:
 10724 0035 6E657874 		.ascii	"next\000"
 10724      00
 10725              	.LASF55:
 10726 003a 7264796D 		.ascii	"rdymsg\000"
 10726      736700
 10727              	.LASF15:
 10728 0041 75696E74 		.ascii	"uint64_t\000"
 10728      36345F74 
 10728      00
 10729              	.LASF63:
 10730 004a 4F545950 		.ascii	"OTYPER\000"
 10730      455200
 10731              	.LASF40:
 10732 0051 70726576 		.ascii	"prev\000"
 10732      00
 10733              	.LASF44:
 10734 0056 706F7274 		.ascii	"port_intctx\000"
 10734      5F696E74 
 10734      63747800 
 10735              	.LASF95:
 10736 0062 706C6C53 		.ascii	"pllSource\000"
 10736      6F757263 
 10736      6500
 10737              	.LASF52:
 10738 006c 43434D52 		.ascii	"CCMR3\000"
 10738      3300
ARM GAS  /tmp/ccftVcE7.s 			page 190


 10739              	.LASF71:
 10740 0072 696F706F 		.ascii	"ioportmask_t\000"
 10740      72746D61 
 10740      736B5F74 
 10740      00
 10741              	.LASF142:
 10742 007f 706F7274 		.ascii	"port_lock\000"
 10742      5F6C6F63 
 10742      6B00
 10743              	.LASF62:
 10744 0089 4D4F4445 		.ascii	"MODER\000"
 10744      5200
 10745              	.LASF0:
 10746 008f 6C6F6E67 		.ascii	"long long unsigned int\000"
 10746      206C6F6E 
 10746      6720756E 
 10746      7369676E 
 10746      65642069 
 10747              	.LASF98:
 10748 00a6 64697634 		.ascii	"div4\000"
 10748      00
 10749              	.LASF90:
 10750 00ab 64656E6F 		.ascii	"denom\000"
 10750      6D00
 10751              	.LASF50:
 10752 00b1 42445452 		.ascii	"BDTR\000"
 10752      00
 10753              	.LASF39:
 10754 00b6 63685F74 		.ascii	"ch_threads_queue\000"
 10754      68726561 
 10754      64735F71 
 10754      75657565 
 10754      00
 10755              	.LASF31:
 10756 00c7 72656673 		.ascii	"refs\000"
 10756      00
 10757              	.LASF47:
 10758 00cc 43434D52 		.ascii	"CCMR1\000"
 10758      3100
 10759              	.LASF48:
 10760 00d2 43434D52 		.ascii	"CCMR2\000"
 10760      3200
 10761              	.LASF3:
 10762 00d8 6C6F6E67 		.ascii	"long long int\000"
 10762      206C6F6E 
 10762      6720696E 
 10762      7400
 10763              	.LASF83:
 10764 00e6 6F667265 		.ascii	"ofreq\000"
 10764      7100
 10765              	.LASF78:
 10766 00ec 66726571 		.ascii	"freq\000"
 10766      00
 10767              	.LASF66:
 10768 00f1 42535252 		.ascii	"BSRR\000"
 10768      00
 10769              	.LASF131:
ARM GAS  /tmp/ccftVcE7.s 			page 191


 10770 00f6 73636C5F 		.ascii	"scl_low\000"
 10770      6C6F7700 
 10771              	.LASF14:
 10772 00fe 6C6F6E67 		.ascii	"long unsigned int\000"
 10772      20756E73 
 10772      69676E65 
 10772      6420696E 
 10772      7400
 10773              	.LASF108:
 10774 0110 73746172 		.ascii	"start\000"
 10774      7400
 10775              	.LASF124:
 10776 0116 6932635F 		.ascii	"i2c_recv\000"
 10776      72656376 
 10776      00
 10777              	.LASF141:
 10778 011f 706F7274 		.ascii	"port_unlock\000"
 10778      5F756E6C 
 10778      6F636B00 
 10779              	.LASF65:
 10780 012b 50555044 		.ascii	"PUPDR\000"
 10780      5200
 10781              	.LASF29:
 10782 0131 73746174 		.ascii	"state\000"
 10782      6500
 10783              	.LASF125:
 10784 0137 62697473 		.ascii	"bits\000"
 10784      00
 10785              	.LASF9:
 10786 013c 6C6F6E67 		.ascii	"long int\000"
 10786      20696E74 
 10786      00
 10787              	.LASF84:
 10788 0145 72646976 		.ascii	"rdiv\000"
 10788      00
 10789              	.LASF17:
 10790 014a 74737461 		.ascii	"tstate_t\000"
 10790      74655F74 
 10790      00
 10791              	.LASF56:
 10792 0153 65786974 		.ascii	"exitcode\000"
 10792      636F6465 
 10792      00
 10793              	.LASF64:
 10794 015c 4F535045 		.ascii	"OSPEEDR\000"
 10794      45445200 
 10795              	.LASF123:
 10796 0164 6D61736B 		.ascii	"mask\000"
 10796      00
 10797              	.LASF41:
 10798 0169 72656761 		.ascii	"regarm_t\000"
 10798      726D5F74 
 10798      00
 10799              	.LASF7:
 10800 0172 73697A65 		.ascii	"size_t\000"
 10800      5F7400
 10801              	.LASF32:
ARM GAS  /tmp/ccftVcE7.s 			page 192


 10802 0179 77616974 		.ascii	"waiting\000"
 10802      696E6700 
 10803              	.LASF70:
 10804 0181 73746D33 		.ascii	"stm32_gpio_t\000"
 10804      325F6770 
 10804      696F5F74 
 10804      00
 10805              	.LASF143:
 10806 018e 76616C75 		.ascii	"value\000"
 10806      6500
 10807              	.LASF54:
 10808 0194 73746D33 		.ascii	"stm32_tim_t\000"
 10808      325F7469 
 10808      6D5F7400 
 10809              	.LASF43:
 10810 01a0 706F7274 		.ascii	"port_context\000"
 10810      5F636F6E 
 10810      74657874 
 10810      00
 10811              	.LASF121:
 10812 01ad 6932635F 		.ascii	"i2c_init\000"
 10812      696E6974 
 10812      00
 10813              	.LASF138:
 10814 01b6 63685654 		.ascii	"chVTGetSystemTimeX\000"
 10814      47657453 
 10814      79737465 
 10814      6D54696D 
 10814      655800
 10815              	.LASF1:
 10816 01c9 756E7369 		.ascii	"unsigned int\000"
 10816      676E6564 
 10816      20696E74 
 10816      00
 10817              	.LASF11:
 10818 01d6 75696E74 		.ascii	"uint16_t\000"
 10818      31365F74 
 10818      00
 10819              	.LASF101:
 10820 01df 706C6C72 		.ascii	"pllreg_base\000"
 10820      65675F62 
 10820      61736500 
 10821              	.LASF67:
 10822 01eb 4C434B52 		.ascii	"LCKR\000"
 10822      00
 10823              	.LASF27:
 10824 01f0 6E616D65 		.ascii	"name\000"
 10824      00
 10825              	.LASF23:
 10826 01f5 71756575 		.ascii	"queue\000"
 10826      6500
 10827              	.LASF99:
 10828 01fb 73693533 		.ascii	"si5351_setupPLL\000"
 10828      35315F73 
 10828      65747570 
 10828      504C4C00 
 10829              	.LASF118:
ARM GAS  /tmp/ccftVcE7.s 			page 193


 10830 020b 64617461 		.ascii	"data\000"
 10830      00
 10831              	.LASF147:
 10832 0210 6D795F6D 		.ascii	"my_microsecond_delay\000"
 10832      6963726F 
 10832      7365636F 
 10832      6E645F64 
 10832      656C6179 
 10833              	.LASF12:
 10834 0225 73686F72 		.ascii	"short unsigned int\000"
 10834      7420756E 
 10834      7369676E 
 10834      65642069 
 10834      6E7400
 10835              	.LASF35:
 10836 0238 63685F74 		.ascii	"ch_thread\000"
 10836      68726561 
 10836      6400
 10837              	.LASF116:
 10838 0242 64657641 		.ascii	"devAddr\000"
 10838      64647200 
 10839              	.LASF20:
 10840 024a 6D73675F 		.ascii	"msg_t\000"
 10840      7400
 10841              	.LASF119:
 10842 0250 6932635F 		.ascii	"i2c_write\000"
 10842      77726974 
 10842      6500
 10843              	.LASF36:
 10844 025a 63685F74 		.ascii	"ch_threads_list\000"
 10844      68726561 
 10844      64735F6C 
 10844      69737400 
 10845              	.LASF16:
 10846 026a 746D6F64 		.ascii	"tmode_t\000"
 10846      655F7400 
 10847              	.LASF136:
 10848 0272 73797374 		.ascii	"systime\000"
 10848      696D6500 
 10849              	.LASF130:
 10850 027a 73636C5F 		.ascii	"scl_high\000"
 10850      68696768 
 10850      00
 10851              	.LASF42:
 10852 0283 73746B61 		.ascii	"stkalign_t\000"
 10852      6C69676E 
 10852      5F7400
 10853              	.LASF25:
 10854 028e 6E657765 		.ascii	"newer\000"
 10854      7200
 10855              	.LASF117:
 10856 0294 6932635F 		.ascii	"i2c_write_buf\000"
 10856      77726974 
 10856      655F6275 
 10856      6600
 10857              	.LASF122:
 10858 02a2 6932635F 		.ascii	"i2c_send\000"
ARM GAS  /tmp/ccftVcE7.s 			page 194


 10858      73656E64 
 10858      00
 10859              	.LASF94:
 10860 02ab 6F757470 		.ascii	"output\000"
 10860      757400
 10861              	.LASF144:
 10862 02b2 474E5520 		.ascii	"GNU C11 13.2.1 20231009 -mcpu=cortex-m4 -mfloat-abi"
 10862      43313120 
 10862      31332E32 
 10862      2E312032 
 10862      30323331 
 10863 02e5 3D686172 		.ascii	"=hard -mfpu=fpv4-sp-d16 -mno-thumb-interwork -mthum"
 10863      64202D6D 
 10863      6670753D 
 10863      66707634 
 10863      2D73702D 
 10864 0318 62202D6D 		.ascii	"b -march=armv7e-m+fp -ggdb -Og -std=c11 -fno-inline"
 10864      61726368 
 10864      3D61726D 
 10864      7637652D 
 10864      6D2B6670 
 10865 034b 2D736D61 		.ascii	"-small-functions -fomit-frame-pointer -falign-funct"
 10865      6C6C2D66 
 10865      756E6374 
 10865      696F6E73 
 10865      202D666F 
 10866 037e 696F6E73 		.ascii	"ions=16 -fstack-usage -ffunction-sections -fdata-se"
 10866      3D313620 
 10866      2D667374 
 10866      61636B2D 
 10866      75736167 
 10867 03b1 6374696F 		.ascii	"ctions -fno-common -fsingle-precision-constant\000"
 10867      6E73202D 
 10867      666E6F2D 
 10867      636F6D6D 
 10867      6F6E202D 
 10868              	.LASF129:
 10869 03e0 7364615F 		.ascii	"sda_low\000"
 10869      6C6F7700 
 10870              	.LASF61:
 10871 03e8 636C6561 		.ascii	"clear\000"
 10871      7200
 10872              	.LASF58:
 10873 03ee 77747472 		.ascii	"wttrp\000"
 10873      7000
 10874              	.LASF114:
 10875 03f4 73693533 		.ascii	"si5351_read\000"
 10875      35315F72 
 10875      65616400 
 10876              	.LASF100:
 10877 0400 6D756C74 		.ascii	"mult\000"
 10877      00
 10878              	.LASF93:
 10879 0405 73693533 		.ascii	"si5351_setupMultisynth\000"
 10879      35315F73 
 10879      65747570 
 10879      4D756C74 
ARM GAS  /tmp/ccftVcE7.s 			page 195


 10879      6973796E 
 10880              	.LASF105:
 10881 041c 73693533 		.ascii	"si5351_set_frequency_with_offset\000"
 10881      35315F73 
 10881      65745F66 
 10881      72657175 
 10881      656E6379 
 10882              	.LASF120:
 10883 043d 6932635F 		.ascii	"i2c_probe\000"
 10883      70726F62 
 10883      6500
 10884              	.LASF134:
 10885 0447 74696D65 		.ascii	"time\000"
 10885      00
 10886              	.LASF127:
 10887 044c 6932635F 		.ascii	"i2c_begin\000"
 10887      62656769 
 10887      6E00
 10888              	.LASF24:
 10889 0456 7072696F 		.ascii	"prio\000"
 10889      00
 10890              	.LASF89:
 10891 045b 706C6C66 		.ascii	"pllfreq\000"
 10891      72657100 
 10892              	.LASF87:
 10893 0463 73693533 		.ascii	"si5351_set_int_mul_div\000"
 10893      35315F73 
 10893      65745F69 
 10893      6E745F6D 
 10893      756C5F64 
 10894              	.LASF107:
 10895 047a 73693533 		.ascii	"si5351_wait_pll_lock\000"
 10895      35315F77 
 10895      6169745F 
 10895      706C6C5F 
 10895      6C6F636B 
 10896              	.LASF73:
 10897 048f 666C6F61 		.ascii	"float\000"
 10897      7400
 10898              	.LASF68:
 10899 0495 4146524C 		.ascii	"AFRL\000"
 10899      00
 10900              	.LASF110:
 10901 049a 73693533 		.ascii	"si5351_wait_ready\000"
 10901      35315F77 
 10901      6169745F 
 10901      72656164 
 10901      7900
 10902              	.LASF18:
 10903 04ac 74726566 		.ascii	"trefs_t\000"
 10903      735F7400 
 10904              	.LASF113:
 10905 04b4 73693533 		.ascii	"si5351_write\000"
 10905      35315F77 
 10905      72697465 
 10905      00
 10906              	.LASF102:
ARM GAS  /tmp/ccftVcE7.s 			page 196


 10907 04c1 73693533 		.ascii	"si5351_reset_pll\000"
 10907      35315F72 
 10907      65736574 
 10907      5F706C6C 
 10907      00
 10908              	.LASF97:
 10909 04d2 636C6B63 		.ascii	"clkctrl\000"
 10909      74726C00 
 10910              	.LASF19:
 10911 04da 74707269 		.ascii	"tprio_t\000"
 10911      6F5F7400 
 10912              	.LASF112:
 10913 04e2 61646472 		.ascii	"addr\000"
 10913      00
 10914              	.LASF60:
 10915 04e7 5F426F6F 		.ascii	"_Bool\000"
 10915      6C00
 10916              	.LASF8:
 10917 04ed 696E7433 		.ascii	"int32_t\000"
 10917      325F7400 
 10918              	.LASF2:
 10919 04f5 756E7369 		.ascii	"unsigned char\000"
 10919      676E6564 
 10919      20636861 
 10919      7200
 10920              	.LASF82:
 10921 0503 64656C61 		.ascii	"delay\000"
 10921      7900
 10922              	.LASF6:
 10923 0509 73686F72 		.ascii	"short int\000"
 10923      7420696E 
 10923      7400
 10924              	.LASF88:
 10925 0513 73693533 		.ascii	"si5351_set_frequency\000"
 10925      35315F73 
 10925      65745F66 
 10925      72657175 
 10925      656E6379 
 10926              	.LASF149:
 10927 0528 5F5F6675 		.ascii	"__func__\000"
 10927      6E635F5F 
 10927      00
 10928              	.LASF137:
 10929 0531 63685379 		.ascii	"chSysLock\000"
 10929      734C6F63 
 10929      6B00
 10930              	.LASF85:
 10931 053b 6368616E 		.ascii	"channel\000"
 10931      6E656C00 
 10932              	.LASF92:
 10933 0543 73693533 		.ascii	"si5351_set_frequency_fixedpll\000"
 10933      35315F73 
 10933      65745F66 
 10933      72657175 
 10933      656E6379 
 10934              	.LASF53:
 10935 0561 43435852 		.ascii	"CCXR\000"
ARM GAS  /tmp/ccftVcE7.s 			page 197


 10935      00
 10936              	.LASF128:
 10937 0566 7364615F 		.ascii	"sda_high\000"
 10937      68696768 
 10937      00
 10938              	.LASF140:
 10939 056f 73745F6C 		.ascii	"st_lld_get_counter\000"
 10939      6C645F67 
 10939      65745F63 
 10939      6F756E74 
 10939      657200
 10940              	.LASF13:
 10941 0582 75696E74 		.ascii	"uint32_t\000"
 10941      33325F74 
 10941      00
 10942              	.LASF135:
 10943 058b 63685654 		.ascii	"chVTGetSystemTime\000"
 10943      47657453 
 10943      79737465 
 10943      6D54696D 
 10943      6500
 10944              	.LASF4:
 10945 059d 6C6F6E67 		.ascii	"long double\000"
 10945      20646F75 
 10945      626C6500 
 10946              	.LASF28:
 10947 05a9 77616261 		.ascii	"wabase\000"
 10947      736500
 10948              	.LASF59:
 10949 05b0 63686172 		.ascii	"char\000"
 10949      00
 10950              	.LASF26:
 10951 05b5 6F6C6465 		.ascii	"older\000"
 10951      7200
 10952              	.LASF45:
 10953 05bb 534D4352 		.ascii	"SMCR\000"
 10953      00
 10954              	.LASF51:
 10955 05c0 444D4152 		.ascii	"DMAR\000"
 10955      00
 10956              	.LASF132:
 10957 05c5 63685654 		.ascii	"chVTIsSystemTimeWithin\000"
 10957      49735379 
 10957      7374656D 
 10957      54696D65 
 10957      57697468 
 10958              	.LASF126:
 10959 05dc 6932635F 		.ascii	"i2c_end\000"
 10959      656E6400 
 10960              	.LASF22:
 10961 05e4 74687265 		.ascii	"thread_t\000"
 10961      61645F74 
 10961      00
 10962              	.LASF49:
 10963 05ed 43434552 		.ascii	"CCER\000"
 10963      00
 10964              	.LASF21:
ARM GAS  /tmp/ccftVcE7.s 			page 198


 10965 05f2 73797374 		.ascii	"systime_t\000"
 10965      696D655F 
 10965      7400
 10966              	.LASF150:
 10967 05fc 5F5F7365 		.ascii	"__set_BASEPRI\000"
 10967      745F4241 
 10967      53455052 
 10967      4900
 10968              	.LASF146:
 10969 060a 2F776F72 		.ascii	"/workspaces/tinySA\000"
 10969      6B737061 
 10969      6365732F 
 10969      74696E79 
 10969      534100
 10970              	.LASF79:
 10971 061d 6F666673 		.ascii	"offset\000"
 10971      657400
 10972              	.LASF81:
 10973 0624 62616E64 		.ascii	"band\000"
 10973      00
 10974              	.LASF91:
 10975 0629 73693533 		.ascii	"si5351_set_frequency_fixeddiv\000"
 10975      35315F73 
 10975      65745F66 
 10975      72657175 
 10975      656E6379 
 10976              	.LASF139:
 10977 0647 706F7274 		.ascii	"port_timer_get_time\000"
 10977      5F74696D 
 10977      65725F67 
 10977      65745F74 
 10977      696D6500 
 10978              	.LASF96:
 10979 065b 6D737265 		.ascii	"msreg_base\000"
 10979      675F6261 
 10979      736500
 10980              	.LASF38:
 10981 0666 74687265 		.ascii	"threads_queue_t\000"
 10981      6164735F 
 10981      71756575 
 10981      655F7400 
 10982              	.LASF115:
 10983 0676 6932635F 		.ascii	"i2c_read\000"
 10983      72656164 
 10983      00
 10984              	.LASF109:
 10985 067f 73746174 		.ascii	"status\000"
 10985      757300
 10986              	.LASF104:
 10987 0686 73693533 		.ascii	"si5351_disable_output\000"
 10987      35315F64 
 10987      69736162 
 10987      6C655F6F 
 10987      75747075 
 10988              	.LASF10:
 10989 069c 75696E74 		.ascii	"uint8_t\000"
 10989      385F7400 
ARM GAS  /tmp/ccftVcE7.s 			page 199


 10990              	.LASF111:
 10991 06a4 73693533 		.ascii	"si5351_bulk_write\000"
 10991      35315F62 
 10991      756C6B5F 
 10991      77726974 
 10991      6500
 10992              	.LASF30:
 10993 06b6 666C6167 		.ascii	"flags\000"
 10993      7300
 10994              	.LASF33:
 10995 06bc 74687265 		.ascii	"thread_reference_t\000"
 10995      61645F72 
 10995      65666572 
 10995      656E6365 
 10995      5F7400
 10996              	.LASF57:
 10997 06cf 77746F62 		.ascii	"wtobjp\000"
 10997      6A7000
 10998              	.LASF75:
 10999 06d6 706C6C5F 		.ascii	"pll_lock_failed\000"
 10999      6C6F636B 
 10999      5F666169 
 10999      6C656400 
 11000              	.LASF46:
 11001 06e6 44494552 		.ascii	"DIER\000"
 11001      00
 11002              	.LASF34:
 11003 06eb 74687265 		.ascii	"threads_list_t\000"
 11003      6164735F 
 11003      6C697374 
 11003      5F7400
 11004              	.LASF133:
 11005 06fa 63685654 		.ascii	"chVTIsTimeWithinX\000"
 11005      49735469 
 11005      6D655769 
 11005      7468696E 
 11005      5800
 11006              	.LASF148:
 11007 070c 63685379 		.ascii	"chSysUnlock\000"
 11007      73556E6C 
 11007      6F636B00 
 11008              	.LASF76:
 11009 0718 73693533 		.ascii	"si5351_configs\000"
 11009      35315F63 
 11009      6F6E6669 
 11009      677300
 11010              	.LASF5:
 11011 0727 7369676E 		.ascii	"signed char\000"
 11011      65642063 
 11011      68617200 
 11012              	.LASF106:
 11013 0733 73693533 		.ascii	"si5351_init\000"
 11013      35315F69 
 11013      6E697400 
 11014              	.LASF80:
 11015 073f 64726976 		.ascii	"drive_strength\000"
 11015      655F7374 
ARM GAS  /tmp/ccftVcE7.s 			page 200


 11015      72656E67 
 11015      746800
 11016              	.LASF69:
 11017 074e 41465248 		.ascii	"AFRH\000"
 11017      00
 11018              	.LASF72:
 11019 0753 696F6C69 		.ascii	"ioline_t\000"
 11019      6E655F74 
 11019      00
 11020              	.LASF77:
 11021 075c 63757272 		.ascii	"current_band\000"
 11021      656E745F 
 11021      62616E64 
 11021      00
 11022              		.ident	"GCC: (15:13.2.rel1-2) 13.2.1 20231009"
ARM GAS  /tmp/ccftVcE7.s 			page 201


DEFINED SYMBOLS
                            *ABS*:00000000 si5351.c
     /tmp/ccftVcE7.s:21     .text.gcd:00000000 $t
     /tmp/ccftVcE7.s:27     .text.gcd:00000000 gcd
     /tmp/ccftVcE7.s:63     .text.i2c_begin:00000000 $t
     /tmp/ccftVcE7.s:69     .text.i2c_begin:00000000 i2c_begin
     /tmp/ccftVcE7.s:115    .text.i2c_begin:00000020 $d
     /tmp/ccftVcE7.s:120    .text.i2c_end:00000000 $t
     /tmp/ccftVcE7.s:126    .text.i2c_end:00000000 i2c_end
     /tmp/ccftVcE7.s:188    .text.i2c_end:00000028 $d
     /tmp/ccftVcE7.s:193    .text.i2c_recv:00000000 $t
     /tmp/ccftVcE7.s:200    .text.i2c_recv:00000000 i2c_recv
     /tmp/ccftVcE7.s:291    .text.i2c_recv:0000003c $d
     /tmp/ccftVcE7.s:296    .text.i2c_send:00000000 $t
     /tmp/ccftVcE7.s:302    .text.i2c_send:00000000 i2c_send
     /tmp/ccftVcE7.s:438    .text.i2c_send:00000060 $d
     /tmp/ccftVcE7.s:443    .text.i2c_init:00000000 $t
     /tmp/ccftVcE7.s:450    .text.i2c_init:00000000 i2c_init
     /tmp/ccftVcE7.s:472    .text.i2c_probe:00000000 $t
     /tmp/ccftVcE7.s:479    .text.i2c_probe:00000000 i2c_probe
     /tmp/ccftVcE7.s:521    .text.i2c_write:00000000 $t
     /tmp/ccftVcE7.s:528    .text.i2c_write:00000000 i2c_write
     /tmp/ccftVcE7.s:598    .text.si5351_write:00000000 $t
     /tmp/ccftVcE7.s:604    .text.si5351_write:00000000 si5351_write
     /tmp/ccftVcE7.s:642    .text.si5351_reset_pll:00000000 $t
     /tmp/ccftVcE7.s:648    .text.si5351_reset_pll:00000000 si5351_reset_pll
     /tmp/ccftVcE7.s:669    .text.si5351_enable_output:00000000 $t
     /tmp/ccftVcE7.s:675    .text.si5351_enable_output:00000000 si5351_enable_output
     /tmp/ccftVcE7.s:696    .text.i2c_write_buf:00000000 $t
     /tmp/ccftVcE7.s:703    .text.i2c_write_buf:00000000 i2c_write_buf
     /tmp/ccftVcE7.s:779    .text.si5351_bulk_write:00000000 $t
     /tmp/ccftVcE7.s:785    .text.si5351_bulk_write:00000000 si5351_bulk_write
     /tmp/ccftVcE7.s:823    .text.si5351_setupPLL:00000000 $t
     /tmp/ccftVcE7.s:829    .text.si5351_setupPLL:00000000 si5351_setupPLL
     /tmp/ccftVcE7.s:956    .rodata.si5351_setupMultisynth.str1.4:00000000 $d
     /tmp/ccftVcE7.s:963    .text.si5351_setupMultisynth:00000000 $t
     /tmp/ccftVcE7.s:969    .text.si5351_setupMultisynth:00000000 si5351_setupMultisynth
     /tmp/ccftVcE7.s:1188   .text.si5351_setupMultisynth:000000e0 $d
     /tmp/ccftVcE7.s:1194   .text.si5351_set_frequency_fixedpll:00000000 $t
     /tmp/ccftVcE7.s:1200   .text.si5351_set_frequency_fixedpll:00000000 si5351_set_frequency_fixedpll
     /tmp/ccftVcE7.s:1286   .text.si5351_set_frequency_fixeddiv:00000000 $t
     /tmp/ccftVcE7.s:1292   .text.si5351_set_frequency_fixeddiv:00000000 si5351_set_frequency_fixeddiv
     /tmp/ccftVcE7.s:1400   .text.si5351_set_frequency_fixeddiv:0000006c $d
     /tmp/ccftVcE7.s:1407   .text.si5351_disable_output:00000000 $t
     /tmp/ccftVcE7.s:1413   .text.si5351_disable_output:00000000 si5351_disable_output
     /tmp/ccftVcE7.s:1458   .text.i2c_read:00000000 $t
     /tmp/ccftVcE7.s:1465   .text.i2c_read:00000000 i2c_read
     /tmp/ccftVcE7.s:1531   .text.si5351_read:00000000 $t
     /tmp/ccftVcE7.s:1537   .text.si5351_read:00000000 si5351_read
     /tmp/ccftVcE7.s:1588   .text.si5351_wait_ready:00000000 $t
     /tmp/ccftVcE7.s:1594   .text.si5351_wait_ready:00000000 si5351_wait_ready
     /tmp/ccftVcE7.s:1877   .text.si5351_wait_pll_lock:00000000 $t
     /tmp/ccftVcE7.s:1883   .text.si5351_wait_pll_lock:00000000 si5351_wait_pll_lock
     /tmp/ccftVcE7.s:2171   .text.si5351_wait_pll_lock:0000007c $d
     /tmp/ccftVcE7.s:2750   .bss.pll_lock_failed:00000000 pll_lock_failed
     /tmp/ccftVcE7.s:2176   .text.si5351_init:00000000 $t
     /tmp/ccftVcE7.s:2183   .text.si5351_init:00000000 si5351_init
ARM GAS  /tmp/ccftVcE7.s 			page 202


     /tmp/ccftVcE7.s:2259   .text.si5351_init:00000034 $d
     /tmp/ccftVcE7.s:2734   .rodata.si5351_configs:00000000 si5351_configs
     /tmp/ccftVcE7.s:2265   .text.si5351_set_frequency:00000000 $t
     /tmp/ccftVcE7.s:2272   .text.si5351_set_frequency:00000000 si5351_set_frequency
     /tmp/ccftVcE7.s:2363   .text.si5351_set_frequency:00000054 $d
     /tmp/ccftVcE7.s:2370   .text.si5351_set_int_mul_div:00000000 $t
     /tmp/ccftVcE7.s:2377   .text.si5351_set_int_mul_div:00000000 si5351_set_int_mul_div
     /tmp/ccftVcE7.s:2432   .text.si5351_set_frequency_with_offset:00000000 $t
     /tmp/ccftVcE7.s:2439   .text.si5351_set_frequency_with_offset:00000000 si5351_set_frequency_with_offset
     /tmp/ccftVcE7.s:2715   .text.si5351_set_frequency_with_offset:00000138 $d
     /tmp/ccftVcE7.s:2728   .data.current_band:00000000 current_band
     /tmp/ccftVcE7.s:2725   .data.current_band:00000000 $d
     /tmp/ccftVcE7.s:2731   .rodata.si5351_configs:00000000 $d
     /tmp/ccftVcE7.s:2744   .bss.si5351_available:00000000 si5351_available
     /tmp/ccftVcE7.s:2741   .bss.si5351_available:00000000 $d
     /tmp/ccftVcE7.s:2751   .bss.pll_lock_failed:00000000 $d

UNDEFINED SYMBOLS
my_microsecond_delay
