ARM GAS  /tmp/ccB8e70M.s 			page 1


   1              		.cpu cortex-m4
   2              		.arch armv7e-m
   3              		.fpu fpv4-sp-d16
   4              		.eabi_attribute 27, 1
   5              		.eabi_attribute 28, 1
   6              		.eabi_attribute 20, 1
   7              		.eabi_attribute 21, 1
   8              		.eabi_attribute 23, 3
   9              		.eabi_attribute 24, 1
  10              		.eabi_attribute 25, 1
  11              		.eabi_attribute 26, 1
  12              		.eabi_attribute 30, 1
  13              		.eabi_attribute 34, 1
  14              		.eabi_attribute 18, 4
  15              		.file	"stm32_dma.c"
  16              		.text
  17              	.Ltext0:
  18              		.cfi_sections	.debug_frame
  19              		.file 1 "ChibiOS/os/hal/ports/STM32/LLD/DMAv1/stm32_dma.c"
  20              		.section	.text.Vector6C,"ax",%progbits
  21              		.align	1
  22              		.p2align 4,,15
  23              		.global	Vector6C
  24              		.syntax unified
  25              		.thumb
  26              		.thumb_func
  27              		.type	Vector6C, %function
  28              	Vector6C:
  29              	.LFB233:
  30              		.loc 1 204 42 view -0
  31              		.cfi_startproc
  32              		@ args = 0, pretend = 0, frame = 0
  33              		@ frame_needed = 0, uses_anonymous_args = 0
  34 0000 08B5     		push	{r3, lr}
  35              		.cfi_def_cfa_offset 8
  36              		.cfi_offset 3, -8
  37              		.cfi_offset 14, -4
  38              		.loc 1 206 3 view .LVU1
  39              		.loc 1 206 3 view .LVU2
  40              		.loc 1 206 3 view .LVU3
  41              		.loc 1 206 3 view .LVU4
  42              		.loc 1 206 3 view .LVU5
  43              		.loc 1 206 22 view .LVU6
  44              	.LBB2:
  45              		.loc 1 208 3 view .LVU7
  46              		.loc 1 208 3 view .LVU8
  47              	.LVL0:
  48              		.loc 1 208 3 view .LVU9
  49 0002 074B     		ldr	r3, .L4
  50 0004 1968     		ldr	r1, [r3]
  51              	.LVL1:
  52              		.loc 1 208 3 view .LVU10
  53 0006 11F00F01 		ands	r1, r1, #15
  54              	.LVL2:
  55              		.loc 1 208 3 is_stmt 0 view .LVU11
  56 000a 06D0     		beq	.L2
  57              		.loc 1 208 3 is_stmt 1 discriminator 1 view .LVU12
ARM GAS  /tmp/ccB8e70M.s 			page 2


  58 000c 5960     		str	r1, [r3, #4]
  59              		.loc 1 208 3 discriminator 1 view .LVU13
  60 000e 054B     		ldr	r3, .L4+4
  61 0010 1B68     		ldr	r3, [r3]
  62 0012 13B1     		cbz	r3, .L2
  63              		.loc 1 208 3 discriminator 3 view .LVU14
  64 0014 034A     		ldr	r2, .L4+4
  65 0016 5068     		ldr	r0, [r2, #4]
  66 0018 9847     		blx	r3
  67              	.LVL3:
  68              	.L2:
  69              		.loc 1 208 3 is_stmt 0 discriminator 3 view .LVU15
  70              	.LBE2:
  71              		.loc 1 208 40 is_stmt 1 discriminator 5 view .LVU16
  72              		.loc 1 210 3 view .LVU17
  73              		.loc 1 210 3 view .LVU18
  74              		.loc 1 210 3 view .LVU19
  75              		.loc 1 210 3 view .LVU20
  76              		.loc 1 210 3 view .LVU21
  77 001a FFF7FEFF 		bl	_port_irq_epilogue
  78              	.LVL4:
  79              		.loc 1 211 1 is_stmt 0 view .LVU22
  80 001e 08BD     		pop	{r3, pc}
  81              	.L5:
  82              		.align	2
  83              	.L4:
  84 0020 00000240 		.word	1073872896
  85 0024 00000000 		.word	_stm32_dma_isr_redir
  86              		.cfi_endproc
  87              	.LFE233:
  88              		.size	Vector6C, .-Vector6C
  89              		.section	.text.Vector70,"ax",%progbits
  90              		.align	1
  91              		.p2align 4,,15
  92              		.global	Vector70
  93              		.syntax unified
  94              		.thumb
  95              		.thumb_func
  96              		.type	Vector70, %function
  97              	Vector70:
  98              	.LFB234:
  99              		.loc 1 220 42 is_stmt 1 view -0
 100              		.cfi_startproc
 101              		@ args = 0, pretend = 0, frame = 0
 102              		@ frame_needed = 0, uses_anonymous_args = 0
 103 0000 08B5     		push	{r3, lr}
 104              		.cfi_def_cfa_offset 8
 105              		.cfi_offset 3, -8
 106              		.cfi_offset 14, -4
 107              		.loc 1 222 3 view .LVU24
 108              		.loc 1 222 3 view .LVU25
 109              		.loc 1 222 3 view .LVU26
 110              		.loc 1 222 3 view .LVU27
 111              		.loc 1 222 3 view .LVU28
 112              		.loc 1 222 22 view .LVU29
 113              	.LBB3:
 114              		.loc 1 224 3 view .LVU30
ARM GAS  /tmp/ccB8e70M.s 			page 3


 115              		.loc 1 224 3 view .LVU31
 116              	.LVL5:
 117              		.loc 1 224 3 view .LVU32
 118 0002 094B     		ldr	r3, .L9
 119 0004 1B68     		ldr	r3, [r3]
 120 0006 C3F30311 		ubfx	r1, r3, #4, #4
 121              	.LVL6:
 122              		.loc 1 224 3 view .LVU33
 123 000a 13F0F00F 		tst	r3, #240
 124 000e 08D0     		beq	.L7
 125              		.loc 1 224 3 discriminator 1 view .LVU34
 126 0010 0B01     		lsls	r3, r1, #4
 127 0012 054A     		ldr	r2, .L9
 128 0014 5360     		str	r3, [r2, #4]
 129              		.loc 1 224 3 discriminator 1 view .LVU35
 130 0016 054B     		ldr	r3, .L9+4
 131 0018 9B68     		ldr	r3, [r3, #8]
 132 001a 13B1     		cbz	r3, .L7
 133              		.loc 1 224 3 discriminator 3 view .LVU36
 134 001c 034A     		ldr	r2, .L9+4
 135 001e D068     		ldr	r0, [r2, #12]
 136 0020 9847     		blx	r3
 137              	.LVL7:
 138              	.L7:
 139              		.loc 1 224 3 is_stmt 0 discriminator 3 view .LVU37
 140              	.LBE3:
 141              		.loc 1 224 40 is_stmt 1 discriminator 5 view .LVU38
 142              		.loc 1 226 3 view .LVU39
 143              		.loc 1 226 3 view .LVU40
 144              		.loc 1 226 3 view .LVU41
 145              		.loc 1 226 3 view .LVU42
 146              		.loc 1 226 3 view .LVU43
 147 0022 FFF7FEFF 		bl	_port_irq_epilogue
 148              	.LVL8:
 149              		.loc 1 227 1 is_stmt 0 view .LVU44
 150 0026 08BD     		pop	{r3, pc}
 151              	.L10:
 152              		.align	2
 153              	.L9:
 154 0028 00000240 		.word	1073872896
 155 002c 00000000 		.word	_stm32_dma_isr_redir
 156              		.cfi_endproc
 157              	.LFE234:
 158              		.size	Vector70, .-Vector70
 159              		.section	.text.Vector74,"ax",%progbits
 160              		.align	1
 161              		.p2align 4,,15
 162              		.global	Vector74
 163              		.syntax unified
 164              		.thumb
 165              		.thumb_func
 166              		.type	Vector74, %function
 167              	Vector74:
 168              	.LFB235:
 169              		.loc 1 236 42 is_stmt 1 view -0
 170              		.cfi_startproc
 171              		@ args = 0, pretend = 0, frame = 0
ARM GAS  /tmp/ccB8e70M.s 			page 4


 172              		@ frame_needed = 0, uses_anonymous_args = 0
 173 0000 08B5     		push	{r3, lr}
 174              		.cfi_def_cfa_offset 8
 175              		.cfi_offset 3, -8
 176              		.cfi_offset 14, -4
 177              		.loc 1 238 3 view .LVU46
 178              		.loc 1 238 3 view .LVU47
 179              		.loc 1 238 3 view .LVU48
 180              		.loc 1 238 3 view .LVU49
 181              		.loc 1 238 3 view .LVU50
 182              		.loc 1 238 22 view .LVU51
 183              	.LBB4:
 184              		.loc 1 240 3 view .LVU52
 185              		.loc 1 240 3 view .LVU53
 186              	.LVL9:
 187              		.loc 1 240 3 view .LVU54
 188 0002 094B     		ldr	r3, .L14
 189 0004 1B68     		ldr	r3, [r3]
 190 0006 C3F30321 		ubfx	r1, r3, #8, #4
 191              	.LVL10:
 192              		.loc 1 240 3 view .LVU55
 193 000a 13F4706F 		tst	r3, #3840
 194 000e 08D0     		beq	.L12
 195              		.loc 1 240 3 discriminator 1 view .LVU56
 196 0010 0B02     		lsls	r3, r1, #8
 197 0012 054A     		ldr	r2, .L14
 198 0014 5360     		str	r3, [r2, #4]
 199              		.loc 1 240 3 discriminator 1 view .LVU57
 200 0016 054B     		ldr	r3, .L14+4
 201 0018 1B69     		ldr	r3, [r3, #16]
 202 001a 13B1     		cbz	r3, .L12
 203              		.loc 1 240 3 discriminator 3 view .LVU58
 204 001c 034A     		ldr	r2, .L14+4
 205 001e 5069     		ldr	r0, [r2, #20]
 206 0020 9847     		blx	r3
 207              	.LVL11:
 208              	.L12:
 209              		.loc 1 240 3 is_stmt 0 discriminator 3 view .LVU59
 210              	.LBE4:
 211              		.loc 1 240 40 is_stmt 1 discriminator 5 view .LVU60
 212              		.loc 1 242 3 view .LVU61
 213              		.loc 1 242 3 view .LVU62
 214              		.loc 1 242 3 view .LVU63
 215              		.loc 1 242 3 view .LVU64
 216              		.loc 1 242 3 view .LVU65
 217 0022 FFF7FEFF 		bl	_port_irq_epilogue
 218              	.LVL12:
 219              		.loc 1 243 1 is_stmt 0 view .LVU66
 220 0026 08BD     		pop	{r3, pc}
 221              	.L15:
 222              		.align	2
 223              	.L14:
 224 0028 00000240 		.word	1073872896
 225 002c 00000000 		.word	_stm32_dma_isr_redir
 226              		.cfi_endproc
 227              	.LFE235:
 228              		.size	Vector74, .-Vector74
ARM GAS  /tmp/ccB8e70M.s 			page 5


 229              		.section	.text.Vector78,"ax",%progbits
 230              		.align	1
 231              		.p2align 4,,15
 232              		.global	Vector78
 233              		.syntax unified
 234              		.thumb
 235              		.thumb_func
 236              		.type	Vector78, %function
 237              	Vector78:
 238              	.LFB236:
 239              		.loc 1 252 42 is_stmt 1 view -0
 240              		.cfi_startproc
 241              		@ args = 0, pretend = 0, frame = 0
 242              		@ frame_needed = 0, uses_anonymous_args = 0
 243 0000 08B5     		push	{r3, lr}
 244              		.cfi_def_cfa_offset 8
 245              		.cfi_offset 3, -8
 246              		.cfi_offset 14, -4
 247              		.loc 1 254 3 view .LVU68
 248              		.loc 1 254 3 view .LVU69
 249              		.loc 1 254 3 view .LVU70
 250              		.loc 1 254 3 view .LVU71
 251              		.loc 1 254 3 view .LVU72
 252              		.loc 1 254 22 view .LVU73
 253              	.LBB5:
 254              		.loc 1 256 3 view .LVU74
 255              		.loc 1 256 3 view .LVU75
 256              	.LVL13:
 257              		.loc 1 256 3 view .LVU76
 258 0002 094B     		ldr	r3, .L19
 259 0004 1B68     		ldr	r3, [r3]
 260 0006 C3F30331 		ubfx	r1, r3, #12, #4
 261              	.LVL14:
 262              		.loc 1 256 3 view .LVU77
 263 000a 13F4704F 		tst	r3, #61440
 264 000e 08D0     		beq	.L17
 265              		.loc 1 256 3 discriminator 1 view .LVU78
 266 0010 0B03     		lsls	r3, r1, #12
 267 0012 054A     		ldr	r2, .L19
 268 0014 5360     		str	r3, [r2, #4]
 269              		.loc 1 256 3 discriminator 1 view .LVU79
 270 0016 054B     		ldr	r3, .L19+4
 271 0018 9B69     		ldr	r3, [r3, #24]
 272 001a 13B1     		cbz	r3, .L17
 273              		.loc 1 256 3 discriminator 3 view .LVU80
 274 001c 034A     		ldr	r2, .L19+4
 275 001e D069     		ldr	r0, [r2, #28]
 276 0020 9847     		blx	r3
 277              	.LVL15:
 278              	.L17:
 279              		.loc 1 256 3 is_stmt 0 discriminator 3 view .LVU81
 280              	.LBE5:
 281              		.loc 1 256 40 is_stmt 1 discriminator 5 view .LVU82
 282              		.loc 1 258 3 view .LVU83
 283              		.loc 1 258 3 view .LVU84
 284              		.loc 1 258 3 view .LVU85
 285              		.loc 1 258 3 view .LVU86
ARM GAS  /tmp/ccB8e70M.s 			page 6


 286              		.loc 1 258 3 view .LVU87
 287 0022 FFF7FEFF 		bl	_port_irq_epilogue
 288              	.LVL16:
 289              		.loc 1 259 1 is_stmt 0 view .LVU88
 290 0026 08BD     		pop	{r3, pc}
 291              	.L20:
 292              		.align	2
 293              	.L19:
 294 0028 00000240 		.word	1073872896
 295 002c 00000000 		.word	_stm32_dma_isr_redir
 296              		.cfi_endproc
 297              	.LFE236:
 298              		.size	Vector78, .-Vector78
 299              		.section	.text.Vector7C,"ax",%progbits
 300              		.align	1
 301              		.p2align 4,,15
 302              		.global	Vector7C
 303              		.syntax unified
 304              		.thumb
 305              		.thumb_func
 306              		.type	Vector7C, %function
 307              	Vector7C:
 308              	.LFB237:
 309              		.loc 1 268 42 is_stmt 1 view -0
 310              		.cfi_startproc
 311              		@ args = 0, pretend = 0, frame = 0
 312              		@ frame_needed = 0, uses_anonymous_args = 0
 313 0000 08B5     		push	{r3, lr}
 314              		.cfi_def_cfa_offset 8
 315              		.cfi_offset 3, -8
 316              		.cfi_offset 14, -4
 317              		.loc 1 270 3 view .LVU90
 318              		.loc 1 270 3 view .LVU91
 319              		.loc 1 270 3 view .LVU92
 320              		.loc 1 270 3 view .LVU93
 321              		.loc 1 270 3 view .LVU94
 322              		.loc 1 270 22 view .LVU95
 323              	.LBB6:
 324              		.loc 1 272 3 view .LVU96
 325              		.loc 1 272 3 view .LVU97
 326              	.LVL17:
 327              		.loc 1 272 3 view .LVU98
 328 0002 094B     		ldr	r3, .L24
 329 0004 1B68     		ldr	r3, [r3]
 330 0006 C3F30341 		ubfx	r1, r3, #16, #4
 331              	.LVL18:
 332              		.loc 1 272 3 view .LVU99
 333 000a 13F4702F 		tst	r3, #983040
 334 000e 08D0     		beq	.L22
 335              		.loc 1 272 3 discriminator 1 view .LVU100
 336 0010 0B04     		lsls	r3, r1, #16
 337 0012 054A     		ldr	r2, .L24
 338 0014 5360     		str	r3, [r2, #4]
 339              		.loc 1 272 3 discriminator 1 view .LVU101
 340 0016 054B     		ldr	r3, .L24+4
 341 0018 1B6A     		ldr	r3, [r3, #32]
 342 001a 13B1     		cbz	r3, .L22
ARM GAS  /tmp/ccB8e70M.s 			page 7


 343              		.loc 1 272 3 discriminator 3 view .LVU102
 344 001c 034A     		ldr	r2, .L24+4
 345 001e 506A     		ldr	r0, [r2, #36]
 346 0020 9847     		blx	r3
 347              	.LVL19:
 348              	.L22:
 349              		.loc 1 272 3 is_stmt 0 discriminator 3 view .LVU103
 350              	.LBE6:
 351              		.loc 1 272 40 is_stmt 1 discriminator 5 view .LVU104
 352              		.loc 1 274 3 view .LVU105
 353              		.loc 1 274 3 view .LVU106
 354              		.loc 1 274 3 view .LVU107
 355              		.loc 1 274 3 view .LVU108
 356              		.loc 1 274 3 view .LVU109
 357 0022 FFF7FEFF 		bl	_port_irq_epilogue
 358              	.LVL20:
 359              		.loc 1 275 1 is_stmt 0 view .LVU110
 360 0026 08BD     		pop	{r3, pc}
 361              	.L25:
 362              		.align	2
 363              	.L24:
 364 0028 00000240 		.word	1073872896
 365 002c 00000000 		.word	_stm32_dma_isr_redir
 366              		.cfi_endproc
 367              	.LFE237:
 368              		.size	Vector7C, .-Vector7C
 369              		.section	.text.Vector80,"ax",%progbits
 370              		.align	1
 371              		.p2align 4,,15
 372              		.global	Vector80
 373              		.syntax unified
 374              		.thumb
 375              		.thumb_func
 376              		.type	Vector80, %function
 377              	Vector80:
 378              	.LFB238:
 379              		.loc 1 284 42 is_stmt 1 view -0
 380              		.cfi_startproc
 381              		@ args = 0, pretend = 0, frame = 0
 382              		@ frame_needed = 0, uses_anonymous_args = 0
 383 0000 08B5     		push	{r3, lr}
 384              		.cfi_def_cfa_offset 8
 385              		.cfi_offset 3, -8
 386              		.cfi_offset 14, -4
 387              		.loc 1 286 3 view .LVU112
 388              		.loc 1 286 3 view .LVU113
 389              		.loc 1 286 3 view .LVU114
 390              		.loc 1 286 3 view .LVU115
 391              		.loc 1 286 3 view .LVU116
 392              		.loc 1 286 22 view .LVU117
 393              	.LBB7:
 394              		.loc 1 288 3 view .LVU118
 395              		.loc 1 288 3 view .LVU119
 396              	.LVL21:
 397              		.loc 1 288 3 view .LVU120
 398 0002 094B     		ldr	r3, .L29
 399 0004 1B68     		ldr	r3, [r3]
ARM GAS  /tmp/ccB8e70M.s 			page 8


 400 0006 C3F30351 		ubfx	r1, r3, #20, #4
 401              	.LVL22:
 402              		.loc 1 288 3 view .LVU121
 403 000a 13F4700F 		tst	r3, #15728640
 404 000e 08D0     		beq	.L27
 405              		.loc 1 288 3 discriminator 1 view .LVU122
 406 0010 0B05     		lsls	r3, r1, #20
 407 0012 054A     		ldr	r2, .L29
 408 0014 5360     		str	r3, [r2, #4]
 409              		.loc 1 288 3 discriminator 1 view .LVU123
 410 0016 054B     		ldr	r3, .L29+4
 411 0018 9B6A     		ldr	r3, [r3, #40]
 412 001a 13B1     		cbz	r3, .L27
 413              		.loc 1 288 3 discriminator 3 view .LVU124
 414 001c 034A     		ldr	r2, .L29+4
 415 001e D06A     		ldr	r0, [r2, #44]
 416 0020 9847     		blx	r3
 417              	.LVL23:
 418              	.L27:
 419              		.loc 1 288 3 is_stmt 0 discriminator 3 view .LVU125
 420              	.LBE7:
 421              		.loc 1 288 40 is_stmt 1 discriminator 5 view .LVU126
 422              		.loc 1 290 3 view .LVU127
 423              		.loc 1 290 3 view .LVU128
 424              		.loc 1 290 3 view .LVU129
 425              		.loc 1 290 3 view .LVU130
 426              		.loc 1 290 3 view .LVU131
 427 0022 FFF7FEFF 		bl	_port_irq_epilogue
 428              	.LVL24:
 429              		.loc 1 291 1 is_stmt 0 view .LVU132
 430 0026 08BD     		pop	{r3, pc}
 431              	.L30:
 432              		.align	2
 433              	.L29:
 434 0028 00000240 		.word	1073872896
 435 002c 00000000 		.word	_stm32_dma_isr_redir
 436              		.cfi_endproc
 437              	.LFE238:
 438              		.size	Vector80, .-Vector80
 439              		.section	.text.Vector84,"ax",%progbits
 440              		.align	1
 441              		.p2align 4,,15
 442              		.global	Vector84
 443              		.syntax unified
 444              		.thumb
 445              		.thumb_func
 446              		.type	Vector84, %function
 447              	Vector84:
 448              	.LFB239:
 449              		.loc 1 300 42 is_stmt 1 view -0
 450              		.cfi_startproc
 451              		@ args = 0, pretend = 0, frame = 0
 452              		@ frame_needed = 0, uses_anonymous_args = 0
 453 0000 08B5     		push	{r3, lr}
 454              		.cfi_def_cfa_offset 8
 455              		.cfi_offset 3, -8
 456              		.cfi_offset 14, -4
ARM GAS  /tmp/ccB8e70M.s 			page 9


 457              		.loc 1 302 3 view .LVU134
 458              		.loc 1 302 3 view .LVU135
 459              		.loc 1 302 3 view .LVU136
 460              		.loc 1 302 3 view .LVU137
 461              		.loc 1 302 3 view .LVU138
 462              		.loc 1 302 22 view .LVU139
 463              	.LBB8:
 464              		.loc 1 304 3 view .LVU140
 465              		.loc 1 304 3 view .LVU141
 466              	.LVL25:
 467              		.loc 1 304 3 view .LVU142
 468 0002 094B     		ldr	r3, .L34
 469 0004 1B68     		ldr	r3, [r3]
 470 0006 C3F30361 		ubfx	r1, r3, #24, #4
 471              	.LVL26:
 472              		.loc 1 304 3 view .LVU143
 473 000a 13F0706F 		tst	r3, #251658240
 474 000e 08D0     		beq	.L32
 475              		.loc 1 304 3 discriminator 1 view .LVU144
 476 0010 0B06     		lsls	r3, r1, #24
 477 0012 054A     		ldr	r2, .L34
 478 0014 5360     		str	r3, [r2, #4]
 479              		.loc 1 304 3 discriminator 1 view .LVU145
 480 0016 054B     		ldr	r3, .L34+4
 481 0018 1B6B     		ldr	r3, [r3, #48]
 482 001a 13B1     		cbz	r3, .L32
 483              		.loc 1 304 3 discriminator 3 view .LVU146
 484 001c 034A     		ldr	r2, .L34+4
 485 001e 506B     		ldr	r0, [r2, #52]
 486 0020 9847     		blx	r3
 487              	.LVL27:
 488              	.L32:
 489              		.loc 1 304 3 is_stmt 0 discriminator 3 view .LVU147
 490              	.LBE8:
 491              		.loc 1 304 40 is_stmt 1 discriminator 5 view .LVU148
 492              		.loc 1 306 3 view .LVU149
 493              		.loc 1 306 3 view .LVU150
 494              		.loc 1 306 3 view .LVU151
 495              		.loc 1 306 3 view .LVU152
 496              		.loc 1 306 3 view .LVU153
 497 0022 FFF7FEFF 		bl	_port_irq_epilogue
 498              	.LVL28:
 499              		.loc 1 307 1 is_stmt 0 view .LVU154
 500 0026 08BD     		pop	{r3, pc}
 501              	.L35:
 502              		.align	2
 503              	.L34:
 504 0028 00000240 		.word	1073872896
 505 002c 00000000 		.word	_stm32_dma_isr_redir
 506              		.cfi_endproc
 507              	.LFE239:
 508              		.size	Vector84, .-Vector84
 509              		.section	.text.Vector120,"ax",%progbits
 510              		.align	1
 511              		.p2align 4,,15
 512              		.global	Vector120
 513              		.syntax unified
ARM GAS  /tmp/ccB8e70M.s 			page 10


 514              		.thumb
 515              		.thumb_func
 516              		.type	Vector120, %function
 517              	Vector120:
 518              	.LFB240:
 519              		.loc 1 316 42 is_stmt 1 view -0
 520              		.cfi_startproc
 521              		@ args = 0, pretend = 0, frame = 0
 522              		@ frame_needed = 0, uses_anonymous_args = 0
 523 0000 08B5     		push	{r3, lr}
 524              		.cfi_def_cfa_offset 8
 525              		.cfi_offset 3, -8
 526              		.cfi_offset 14, -4
 527              		.loc 1 318 3 view .LVU156
 528              		.loc 1 318 3 view .LVU157
 529              		.loc 1 318 3 view .LVU158
 530              		.loc 1 318 3 view .LVU159
 531              		.loc 1 318 3 view .LVU160
 532              		.loc 1 318 22 view .LVU161
 533              	.LBB9:
 534              		.loc 1 320 3 view .LVU162
 535              		.loc 1 320 3 view .LVU163
 536              	.LVL29:
 537              		.loc 1 320 3 view .LVU164
 538 0002 074B     		ldr	r3, .L39
 539 0004 1968     		ldr	r1, [r3]
 540              	.LVL30:
 541              		.loc 1 320 3 view .LVU165
 542 0006 11F00F01 		ands	r1, r1, #15
 543              	.LVL31:
 544              		.loc 1 320 3 is_stmt 0 view .LVU166
 545 000a 06D0     		beq	.L37
 546              		.loc 1 320 3 is_stmt 1 discriminator 1 view .LVU167
 547 000c 5960     		str	r1, [r3, #4]
 548              		.loc 1 320 3 discriminator 1 view .LVU168
 549 000e 054B     		ldr	r3, .L39+4
 550 0010 9B6B     		ldr	r3, [r3, #56]
 551 0012 13B1     		cbz	r3, .L37
 552              		.loc 1 320 3 discriminator 3 view .LVU169
 553 0014 034A     		ldr	r2, .L39+4
 554 0016 D06B     		ldr	r0, [r2, #60]
 555 0018 9847     		blx	r3
 556              	.LVL32:
 557              	.L37:
 558              		.loc 1 320 3 is_stmt 0 discriminator 3 view .LVU170
 559              	.LBE9:
 560              		.loc 1 320 40 is_stmt 1 discriminator 5 view .LVU171
 561              		.loc 1 322 3 view .LVU172
 562              		.loc 1 322 3 view .LVU173
 563              		.loc 1 322 3 view .LVU174
 564              		.loc 1 322 3 view .LVU175
 565              		.loc 1 322 3 view .LVU176
 566 001a FFF7FEFF 		bl	_port_irq_epilogue
 567              	.LVL33:
 568              		.loc 1 323 1 is_stmt 0 view .LVU177
 569 001e 08BD     		pop	{r3, pc}
 570              	.L40:
ARM GAS  /tmp/ccB8e70M.s 			page 11


 571              		.align	2
 572              	.L39:
 573 0020 00040240 		.word	1073873920
 574 0024 00000000 		.word	_stm32_dma_isr_redir
 575              		.cfi_endproc
 576              	.LFE240:
 577              		.size	Vector120, .-Vector120
 578              		.section	.text.Vector124,"ax",%progbits
 579              		.align	1
 580              		.p2align 4,,15
 581              		.global	Vector124
 582              		.syntax unified
 583              		.thumb
 584              		.thumb_func
 585              		.type	Vector124, %function
 586              	Vector124:
 587              	.LFB241:
 588              		.loc 1 332 42 is_stmt 1 view -0
 589              		.cfi_startproc
 590              		@ args = 0, pretend = 0, frame = 0
 591              		@ frame_needed = 0, uses_anonymous_args = 0
 592 0000 08B5     		push	{r3, lr}
 593              		.cfi_def_cfa_offset 8
 594              		.cfi_offset 3, -8
 595              		.cfi_offset 14, -4
 596              		.loc 1 334 3 view .LVU179
 597              		.loc 1 334 3 view .LVU180
 598              		.loc 1 334 3 view .LVU181
 599              		.loc 1 334 3 view .LVU182
 600              		.loc 1 334 3 view .LVU183
 601              		.loc 1 334 22 view .LVU184
 602              	.LBB10:
 603              		.loc 1 336 3 view .LVU185
 604              		.loc 1 336 3 view .LVU186
 605              	.LVL34:
 606              		.loc 1 336 3 view .LVU187
 607 0002 094B     		ldr	r3, .L44
 608 0004 1B68     		ldr	r3, [r3]
 609 0006 C3F30311 		ubfx	r1, r3, #4, #4
 610              	.LVL35:
 611              		.loc 1 336 3 view .LVU188
 612 000a 13F0F00F 		tst	r3, #240
 613 000e 08D0     		beq	.L42
 614              		.loc 1 336 3 discriminator 1 view .LVU189
 615 0010 0B01     		lsls	r3, r1, #4
 616 0012 054A     		ldr	r2, .L44
 617 0014 5360     		str	r3, [r2, #4]
 618              		.loc 1 336 3 discriminator 1 view .LVU190
 619 0016 054B     		ldr	r3, .L44+4
 620 0018 1B6C     		ldr	r3, [r3, #64]
 621 001a 13B1     		cbz	r3, .L42
 622              		.loc 1 336 3 discriminator 3 view .LVU191
 623 001c 034A     		ldr	r2, .L44+4
 624 001e 506C     		ldr	r0, [r2, #68]
 625 0020 9847     		blx	r3
 626              	.LVL36:
 627              	.L42:
ARM GAS  /tmp/ccB8e70M.s 			page 12


 628              		.loc 1 336 3 is_stmt 0 discriminator 3 view .LVU192
 629              	.LBE10:
 630              		.loc 1 336 40 is_stmt 1 discriminator 5 view .LVU193
 631              		.loc 1 338 3 view .LVU194
 632              		.loc 1 338 3 view .LVU195
 633              		.loc 1 338 3 view .LVU196
 634              		.loc 1 338 3 view .LVU197
 635              		.loc 1 338 3 view .LVU198
 636 0022 FFF7FEFF 		bl	_port_irq_epilogue
 637              	.LVL37:
 638              		.loc 1 339 1 is_stmt 0 view .LVU199
 639 0026 08BD     		pop	{r3, pc}
 640              	.L45:
 641              		.align	2
 642              	.L44:
 643 0028 00040240 		.word	1073873920
 644 002c 00000000 		.word	_stm32_dma_isr_redir
 645              		.cfi_endproc
 646              	.LFE241:
 647              		.size	Vector124, .-Vector124
 648              		.section	.text.Vector128,"ax",%progbits
 649              		.align	1
 650              		.p2align 4,,15
 651              		.global	Vector128
 652              		.syntax unified
 653              		.thumb
 654              		.thumb_func
 655              		.type	Vector128, %function
 656              	Vector128:
 657              	.LFB242:
 658              		.loc 1 348 42 is_stmt 1 view -0
 659              		.cfi_startproc
 660              		@ args = 0, pretend = 0, frame = 0
 661              		@ frame_needed = 0, uses_anonymous_args = 0
 662 0000 08B5     		push	{r3, lr}
 663              		.cfi_def_cfa_offset 8
 664              		.cfi_offset 3, -8
 665              		.cfi_offset 14, -4
 666              		.loc 1 350 3 view .LVU201
 667              		.loc 1 350 3 view .LVU202
 668              		.loc 1 350 3 view .LVU203
 669              		.loc 1 350 3 view .LVU204
 670              		.loc 1 350 3 view .LVU205
 671              		.loc 1 350 22 view .LVU206
 672              	.LBB11:
 673              		.loc 1 352 3 view .LVU207
 674              		.loc 1 352 3 view .LVU208
 675              	.LVL38:
 676              		.loc 1 352 3 view .LVU209
 677 0002 094B     		ldr	r3, .L49
 678 0004 1B68     		ldr	r3, [r3]
 679 0006 C3F30321 		ubfx	r1, r3, #8, #4
 680              	.LVL39:
 681              		.loc 1 352 3 view .LVU210
 682 000a 13F4706F 		tst	r3, #3840
 683 000e 08D0     		beq	.L47
 684              		.loc 1 352 3 discriminator 1 view .LVU211
ARM GAS  /tmp/ccB8e70M.s 			page 13


 685 0010 0B02     		lsls	r3, r1, #8
 686 0012 054A     		ldr	r2, .L49
 687 0014 5360     		str	r3, [r2, #4]
 688              		.loc 1 352 3 discriminator 1 view .LVU212
 689 0016 054B     		ldr	r3, .L49+4
 690 0018 9B6C     		ldr	r3, [r3, #72]
 691 001a 13B1     		cbz	r3, .L47
 692              		.loc 1 352 3 discriminator 3 view .LVU213
 693 001c 034A     		ldr	r2, .L49+4
 694 001e D06C     		ldr	r0, [r2, #76]
 695 0020 9847     		blx	r3
 696              	.LVL40:
 697              	.L47:
 698              		.loc 1 352 3 is_stmt 0 discriminator 3 view .LVU214
 699              	.LBE11:
 700              		.loc 1 352 40 is_stmt 1 discriminator 5 view .LVU215
 701              		.loc 1 354 3 view .LVU216
 702              		.loc 1 354 3 view .LVU217
 703              		.loc 1 354 3 view .LVU218
 704              		.loc 1 354 3 view .LVU219
 705              		.loc 1 354 3 view .LVU220
 706 0022 FFF7FEFF 		bl	_port_irq_epilogue
 707              	.LVL41:
 708              		.loc 1 355 1 is_stmt 0 view .LVU221
 709 0026 08BD     		pop	{r3, pc}
 710              	.L50:
 711              		.align	2
 712              	.L49:
 713 0028 00040240 		.word	1073873920
 714 002c 00000000 		.word	_stm32_dma_isr_redir
 715              		.cfi_endproc
 716              	.LFE242:
 717              		.size	Vector128, .-Vector128
 718              		.section	.text.Vector12C,"ax",%progbits
 719              		.align	1
 720              		.p2align 4,,15
 721              		.global	Vector12C
 722              		.syntax unified
 723              		.thumb
 724              		.thumb_func
 725              		.type	Vector12C, %function
 726              	Vector12C:
 727              	.LFB243:
 728              		.loc 1 364 42 is_stmt 1 view -0
 729              		.cfi_startproc
 730              		@ args = 0, pretend = 0, frame = 0
 731              		@ frame_needed = 0, uses_anonymous_args = 0
 732 0000 08B5     		push	{r3, lr}
 733              		.cfi_def_cfa_offset 8
 734              		.cfi_offset 3, -8
 735              		.cfi_offset 14, -4
 736              		.loc 1 366 3 view .LVU223
 737              		.loc 1 366 3 view .LVU224
 738              		.loc 1 366 3 view .LVU225
 739              		.loc 1 366 3 view .LVU226
 740              		.loc 1 366 3 view .LVU227
 741              		.loc 1 366 22 view .LVU228
ARM GAS  /tmp/ccB8e70M.s 			page 14


 742              	.LBB12:
 743              		.loc 1 368 3 view .LVU229
 744              		.loc 1 368 3 view .LVU230
 745              	.LVL42:
 746              		.loc 1 368 3 view .LVU231
 747 0002 094B     		ldr	r3, .L54
 748 0004 1B68     		ldr	r3, [r3]
 749 0006 C3F30331 		ubfx	r1, r3, #12, #4
 750              	.LVL43:
 751              		.loc 1 368 3 view .LVU232
 752 000a 13F4704F 		tst	r3, #61440
 753 000e 08D0     		beq	.L52
 754              		.loc 1 368 3 discriminator 1 view .LVU233
 755 0010 0B03     		lsls	r3, r1, #12
 756 0012 054A     		ldr	r2, .L54
 757 0014 5360     		str	r3, [r2, #4]
 758              		.loc 1 368 3 discriminator 1 view .LVU234
 759 0016 054B     		ldr	r3, .L54+4
 760 0018 1B6D     		ldr	r3, [r3, #80]
 761 001a 13B1     		cbz	r3, .L52
 762              		.loc 1 368 3 discriminator 3 view .LVU235
 763 001c 034A     		ldr	r2, .L54+4
 764 001e 506D     		ldr	r0, [r2, #84]
 765 0020 9847     		blx	r3
 766              	.LVL44:
 767              	.L52:
 768              		.loc 1 368 3 is_stmt 0 discriminator 3 view .LVU236
 769              	.LBE12:
 770              		.loc 1 368 40 is_stmt 1 discriminator 5 view .LVU237
 771              		.loc 1 370 3 view .LVU238
 772              		.loc 1 370 3 view .LVU239
 773              		.loc 1 370 3 view .LVU240
 774              		.loc 1 370 3 view .LVU241
 775              		.loc 1 370 3 view .LVU242
 776 0022 FFF7FEFF 		bl	_port_irq_epilogue
 777              	.LVL45:
 778              		.loc 1 371 1 is_stmt 0 view .LVU243
 779 0026 08BD     		pop	{r3, pc}
 780              	.L55:
 781              		.align	2
 782              	.L54:
 783 0028 00040240 		.word	1073873920
 784 002c 00000000 		.word	_stm32_dma_isr_redir
 785              		.cfi_endproc
 786              	.LFE243:
 787              		.size	Vector12C, .-Vector12C
 788              		.section	.text.Vector130,"ax",%progbits
 789              		.align	1
 790              		.p2align 4,,15
 791              		.global	Vector130
 792              		.syntax unified
 793              		.thumb
 794              		.thumb_func
 795              		.type	Vector130, %function
 796              	Vector130:
 797              	.LFB244:
 798              		.loc 1 380 42 is_stmt 1 view -0
ARM GAS  /tmp/ccB8e70M.s 			page 15


 799              		.cfi_startproc
 800              		@ args = 0, pretend = 0, frame = 0
 801              		@ frame_needed = 0, uses_anonymous_args = 0
 802 0000 08B5     		push	{r3, lr}
 803              		.cfi_def_cfa_offset 8
 804              		.cfi_offset 3, -8
 805              		.cfi_offset 14, -4
 806              		.loc 1 382 3 view .LVU245
 807              		.loc 1 382 3 view .LVU246
 808              		.loc 1 382 3 view .LVU247
 809              		.loc 1 382 3 view .LVU248
 810              		.loc 1 382 3 view .LVU249
 811              		.loc 1 382 22 view .LVU250
 812              	.LBB13:
 813              		.loc 1 384 3 view .LVU251
 814              		.loc 1 384 3 view .LVU252
 815              	.LVL46:
 816              		.loc 1 384 3 view .LVU253
 817 0002 094B     		ldr	r3, .L59
 818 0004 1B68     		ldr	r3, [r3]
 819 0006 C3F30341 		ubfx	r1, r3, #16, #4
 820              	.LVL47:
 821              		.loc 1 384 3 view .LVU254
 822 000a 13F4702F 		tst	r3, #983040
 823 000e 08D0     		beq	.L57
 824              		.loc 1 384 3 discriminator 1 view .LVU255
 825 0010 0B04     		lsls	r3, r1, #16
 826 0012 054A     		ldr	r2, .L59
 827 0014 5360     		str	r3, [r2, #4]
 828              		.loc 1 384 3 discriminator 1 view .LVU256
 829 0016 054B     		ldr	r3, .L59+4
 830 0018 9B6D     		ldr	r3, [r3, #88]
 831 001a 13B1     		cbz	r3, .L57
 832              		.loc 1 384 3 discriminator 3 view .LVU257
 833 001c 034A     		ldr	r2, .L59+4
 834 001e D06D     		ldr	r0, [r2, #92]
 835 0020 9847     		blx	r3
 836              	.LVL48:
 837              	.L57:
 838              		.loc 1 384 3 is_stmt 0 discriminator 3 view .LVU258
 839              	.LBE13:
 840              		.loc 1 384 40 is_stmt 1 discriminator 5 view .LVU259
 841              		.loc 1 386 3 view .LVU260
 842              		.loc 1 386 3 view .LVU261
 843              		.loc 1 386 3 view .LVU262
 844              		.loc 1 386 3 view .LVU263
 845              		.loc 1 386 3 view .LVU264
 846 0022 FFF7FEFF 		bl	_port_irq_epilogue
 847              	.LVL49:
 848              		.loc 1 387 1 is_stmt 0 view .LVU265
 849 0026 08BD     		pop	{r3, pc}
 850              	.L60:
 851              		.align	2
 852              	.L59:
 853 0028 00040240 		.word	1073873920
 854 002c 00000000 		.word	_stm32_dma_isr_redir
 855              		.cfi_endproc
ARM GAS  /tmp/ccB8e70M.s 			page 16


 856              	.LFE244:
 857              		.size	Vector130, .-Vector130
 858              		.section	.text.dmaInit,"ax",%progbits
 859              		.align	1
 860              		.p2align 4,,15
 861              		.global	dmaInit
 862              		.syntax unified
 863              		.thumb
 864              		.thumb_func
 865              		.type	dmaInit, %function
 866              	dmaInit:
 867              	.LFB245:
 868              		.loc 1 431 20 is_stmt 1 view -0
 869              		.cfi_startproc
 870              		@ args = 0, pretend = 0, frame = 0
 871              		@ frame_needed = 0, uses_anonymous_args = 0
 872              		@ link register save eliminated.
 873              		.loc 1 432 3 view .LVU267
 874              		.loc 1 434 3 view .LVU268
 875              		.loc 1 434 20 is_stmt 0 view .LVU269
 876 0000 0023     		movs	r3, #0
 877 0002 0C4A     		ldr	r2, .L64
 878 0004 1360     		str	r3, [r2]
 879              		.loc 1 435 3 is_stmt 1 view .LVU270
 880              	.LVL50:
 881              		.loc 1 435 3 is_stmt 0 view .LVU271
 882 0006 0BE0     		b	.L62
 883              	.LVL51:
 884              	.L63:
 885              		.loc 1 436 5 is_stmt 1 view .LVU272
 886              		.loc 1 436 26 is_stmt 0 view .LVU273
 887 0008 03EB8302 		add	r2, r3, r3, lsl #2
 888 000c 9100     		lsls	r1, r2, #2
 889 000e 0A4A     		ldr	r2, .L64+4
 890 0010 0A44     		add	r2, r2, r1
 891 0012 5168     		ldr	r1, [r2, #4]
 892              		.loc 1 436 40 view .LVU274
 893 0014 0022     		movs	r2, #0
 894 0016 0A60     		str	r2, [r1]
 895              		.loc 1 437 5 is_stmt 1 view .LVU275
 896              		.loc 1 437 38 is_stmt 0 view .LVU276
 897 0018 0849     		ldr	r1, .L64+8
 898 001a 41F83320 		str	r2, [r1, r3, lsl #3]
 899              		.loc 1 435 39 is_stmt 1 discriminator 3 view .LVU277
 900 001e 0133     		adds	r3, r3, #1
 901              	.LVL52:
 902              	.L62:
 903              		.loc 1 435 17 discriminator 1 view .LVU278
 904 0020 0B2B     		cmp	r3, #11
 905 0022 F1DD     		ble	.L63
 906              		.loc 1 439 3 view .LVU279
 907              		.loc 1 439 14 is_stmt 0 view .LVU280
 908 0024 4FF0FF33 		mov	r3, #-1
 909              	.LVL53:
 910              		.loc 1 439 14 view .LVU281
 911 0028 054A     		ldr	r2, .L64+12
 912 002a 5360     		str	r3, [r2, #4]
ARM GAS  /tmp/ccB8e70M.s 			page 17


 913              		.loc 1 441 3 is_stmt 1 view .LVU282
 914              		.loc 1 441 14 is_stmt 0 view .LVU283
 915 002c 02F58062 		add	r2, r2, #1024
 916 0030 5360     		str	r3, [r2, #4]
 917              		.loc 1 443 1 view .LVU284
 918 0032 7047     		bx	lr
 919              	.L65:
 920              		.align	2
 921              	.L64:
 922 0034 00000000 		.word	dma_streams_mask
 923 0038 00000000 		.word	_stm32_dma_streams
 924 003c 00000000 		.word	_stm32_dma_isr_redir
 925 0040 00000240 		.word	1073872896
 926              		.cfi_endproc
 927              	.LFE245:
 928              		.size	dmaInit, .-dmaInit
 929              		.section	.text.dmaStreamAllocate,"ax",%progbits
 930              		.align	1
 931              		.p2align 4,,15
 932              		.global	dmaStreamAllocate
 933              		.syntax unified
 934              		.thumb
 935              		.thumb_func
 936              		.type	dmaStreamAllocate, %function
 937              	dmaStreamAllocate:
 938              	.LVL54:
 939              	.LFB246:
 940              		.loc 1 472 37 is_stmt 1 view -0
 941              		.cfi_startproc
 942              		@ args = 0, pretend = 0, frame = 0
 943              		@ frame_needed = 0, uses_anonymous_args = 0
 944              		.loc 1 472 37 is_stmt 0 view .LVU286
 945 0000 38B5     		push	{r3, r4, r5, lr}
 946              		.cfi_def_cfa_offset 16
 947              		.cfi_offset 3, -16
 948              		.cfi_offset 4, -12
 949              		.cfi_offset 5, -8
 950              		.cfi_offset 14, -4
 951 0002 0446     		mov	r4, r0
 952              		.loc 1 474 3 is_stmt 1 view .LVU287
 953              		.loc 1 474 3 view .LVU288
 954              		.loc 1 474 3 discriminator 5 view .LVU289
 955              		.loc 1 477 3 view .LVU290
 956              		.loc 1 477 40 is_stmt 0 view .LVU291
 957 0004 90F811C0 		ldrb	ip, [r0, #17]	@ zero_extendqisi2
 958              		.loc 1 477 31 view .LVU292
 959 0008 0120     		movs	r0, #1
 960              	.LVL55:
 961              		.loc 1 477 31 view .LVU293
 962 000a 00FA0CF0 		lsl	r0, r0, ip
 963              		.loc 1 477 25 view .LVU294
 964 000e 1E4D     		ldr	r5, .L73
 965 0010 2D68     		ldr	r5, [r5]
 966              		.loc 1 477 6 view .LVU295
 967 0012 2842     		tst	r0, r5
 968 0014 36D1     		bne	.L71
 969              		.loc 1 481 3 is_stmt 1 view .LVU296
ARM GAS  /tmp/ccB8e70M.s 			page 18


 970              		.loc 1 481 53 is_stmt 0 view .LVU297
 971 0016 1D48     		ldr	r0, .L73+4
 972 0018 40F83C20 		str	r2, [r0, ip, lsl #3]
 973              		.loc 1 482 3 is_stmt 1 view .LVU298
 974              		.loc 1 482 30 is_stmt 0 view .LVU299
 975 001c 94F811C0 		ldrb	ip, [r4, #17]	@ zero_extendqisi2
 976              		.loc 1 482 53 view .LVU300
 977 0020 00EBCC00 		add	r0, r0, ip, lsl #3
 978 0024 4360     		str	r3, [r0, #4]
 979              		.loc 1 485 3 is_stmt 1 view .LVU301
 980              		.loc 1 485 6 is_stmt 0 view .LVU302
 981 0026 15F07F0F 		tst	r5, #127
 982 002a 04D1     		bne	.L68
 983              		.loc 1 486 5 is_stmt 1 view .LVU303
 984 002c 1848     		ldr	r0, .L73+8
 985 002e 4369     		ldr	r3, [r0, #20]
 986              	.LVL56:
 987              		.loc 1 486 5 is_stmt 0 view .LVU304
 988 0030 43F00103 		orr	r3, r3, #1
 989 0034 4361     		str	r3, [r0, #20]
 990              	.LVL57:
 991              	.L68:
 992              		.loc 1 486 25 is_stmt 1 discriminator 1 view .LVU305
 993              		.loc 1 489 3 view .LVU306
 994              		.loc 1 489 6 is_stmt 0 view .LVU307
 995 0036 15F4786F 		tst	r5, #3968
 996 003a 04D1     		bne	.L69
 997              		.loc 1 490 5 is_stmt 1 view .LVU308
 998 003c 1448     		ldr	r0, .L73+8
 999 003e 4369     		ldr	r3, [r0, #20]
 1000 0040 43F00203 		orr	r3, r3, #2
 1001 0044 4361     		str	r3, [r0, #20]
 1002              	.L69:
 1003              		.loc 1 490 25 discriminator 1 view .LVU309
 1004              		.loc 1 495 3 view .LVU310
 1005 0046 6068     		ldr	r0, [r4, #4]
 1006 0048 0368     		ldr	r3, [r0]
 1007 004a 23F00F03 		bic	r3, r3, #15
 1008 004e 0360     		str	r3, [r0]
 1009              		.loc 1 495 3 view .LVU311
 1010 0050 94F810C0 		ldrb	ip, [r4, #16]	@ zero_extendqisi2
 1011 0054 2068     		ldr	r0, [r4]
 1012 0056 0F23     		movs	r3, #15
 1013 0058 03FA0CF3 		lsl	r3, r3, ip
 1014 005c 4360     		str	r3, [r0, #4]
 1015              		.loc 1 495 3 view .LVU312
 1016              		.loc 1 495 27 view .LVU313
 1017              		.loc 1 496 3 view .LVU314
 1018              		.loc 1 496 9 is_stmt 0 view .LVU315
 1019 005e 6368     		ldr	r3, [r4, #4]
 1020              		.loc 1 496 24 view .LVU316
 1021 0060 0020     		movs	r0, #0
 1022 0062 1860     		str	r0, [r3]
 1023              		.loc 1 500 3 is_stmt 1 view .LVU317
 1024              		.loc 1 500 34 is_stmt 0 view .LVU318
 1025 0064 A368     		ldr	r3, [r4, #8]
 1026              		.loc 1 500 6 view .LVU319
ARM GAS  /tmp/ccB8e70M.s 			page 19


 1027 0066 1D42     		tst	r5, r3
 1028 0068 03D1     		bne	.L70
 1029              		.loc 1 500 50 discriminator 1 view .LVU320
 1030 006a 12B1     		cbz	r2, .L70
 1031              		.loc 1 502 5 is_stmt 1 view .LVU321
 1032 006c A07C     		ldrb	r0, [r4, #18]	@ zero_extendqisi2
 1033 006e FFF7FEFF 		bl	nvicEnableVector
 1034              	.LVL58:
 1035              	.L70:
 1036              		.loc 1 506 3 view .LVU322
 1037              		.loc 1 506 36 is_stmt 0 view .LVU323
 1038 0072 637C     		ldrb	r3, [r4, #17]	@ zero_extendqisi2
 1039              		.loc 1 506 27 view .LVU324
 1040 0074 0122     		movs	r2, #1
 1041 0076 9A40     		lsls	r2, r2, r3
 1042              		.loc 1 506 20 view .LVU325
 1043 0078 0349     		ldr	r1, .L73
 1044 007a 0B68     		ldr	r3, [r1]
 1045 007c 1343     		orrs	r3, r3, r2
 1046 007e 0B60     		str	r3, [r1]
 1047              		.loc 1 508 3 is_stmt 1 view .LVU326
 1048              		.loc 1 508 10 is_stmt 0 view .LVU327
 1049 0080 0020     		movs	r0, #0
 1050              	.L67:
 1051              		.loc 1 509 1 view .LVU328
 1052 0082 38BD     		pop	{r3, r4, r5, pc}
 1053              	.LVL59:
 1054              	.L71:
 1055              		.loc 1 478 12 view .LVU329
 1056 0084 0120     		movs	r0, #1
 1057 0086 FCE7     		b	.L67
 1058              	.L74:
 1059              		.align	2
 1060              	.L73:
 1061 0088 00000000 		.word	dma_streams_mask
 1062 008c 00000000 		.word	_stm32_dma_isr_redir
 1063 0090 00100240 		.word	1073876992
 1064              		.cfi_endproc
 1065              	.LFE246:
 1066              		.size	dmaStreamAllocate, .-dmaStreamAllocate
 1067              		.section	.text.dmaStreamRelease,"ax",%progbits
 1068              		.align	1
 1069              		.p2align 4,,15
 1070              		.global	dmaStreamRelease
 1071              		.syntax unified
 1072              		.thumb
 1073              		.thumb_func
 1074              		.type	dmaStreamRelease, %function
 1075              	dmaStreamRelease:
 1076              	.LVL60:
 1077              	.LFB247:
 1078              		.loc 1 524 57 is_stmt 1 view -0
 1079              		.cfi_startproc
 1080              		@ args = 0, pretend = 0, frame = 0
 1081              		@ frame_needed = 0, uses_anonymous_args = 0
 1082              		.loc 1 524 57 is_stmt 0 view .LVU331
 1083 0000 10B5     		push	{r4, lr}
ARM GAS  /tmp/ccB8e70M.s 			page 20


 1084              		.cfi_def_cfa_offset 8
 1085              		.cfi_offset 4, -8
 1086              		.cfi_offset 14, -4
 1087 0002 0446     		mov	r4, r0
 1088              		.loc 1 526 3 is_stmt 1 view .LVU332
 1089              		.loc 1 526 3 view .LVU333
 1090              		.loc 1 526 3 discriminator 5 view .LVU334
 1091              		.loc 1 529 3 view .LVU335
 1092              		.loc 1 529 3 view .LVU336
 1093              		.loc 1 529 3 discriminator 5 view .LVU337
 1094              		.loc 1 533 3 view .LVU338
 1095              		.loc 1 533 37 is_stmt 0 view .LVU339
 1096 0004 437C     		ldrb	r3, [r0, #17]	@ zero_extendqisi2
 1097              		.loc 1 533 28 view .LVU340
 1098 0006 0122     		movs	r2, #1
 1099 0008 9A40     		lsls	r2, r2, r3
 1100              		.loc 1 533 20 view .LVU341
 1101 000a 1449     		ldr	r1, .L81
 1102 000c 0B68     		ldr	r3, [r1]
 1103 000e 23EA0203 		bic	r3, r3, r2
 1104 0012 0B60     		str	r3, [r1]
 1105              		.loc 1 536 3 is_stmt 1 view .LVU342
 1106              		.loc 1 536 33 is_stmt 0 view .LVU343
 1107 0014 8268     		ldr	r2, [r0, #8]
 1108              		.loc 1 536 6 view .LVU344
 1109 0016 1342     		tst	r3, r2
 1110 0018 1BD0     		beq	.L80
 1111              	.LVL61:
 1112              	.L76:
 1113              		.loc 1 541 3 is_stmt 1 view .LVU345
 1114              		.loc 1 541 30 is_stmt 0 view .LVU346
 1115 001a 617C     		ldrb	r1, [r4, #17]	@ zero_extendqisi2
 1116              		.loc 1 541 53 view .LVU347
 1117 001c 104B     		ldr	r3, .L81+4
 1118 001e 0022     		movs	r2, #0
 1119 0020 43F83120 		str	r2, [r3, r1, lsl #3]
 1120              		.loc 1 542 3 is_stmt 1 view .LVU348
 1121              		.loc 1 542 30 is_stmt 0 view .LVU349
 1122 0024 617C     		ldrb	r1, [r4, #17]	@ zero_extendqisi2
 1123              		.loc 1 542 53 view .LVU350
 1124 0026 03EBC103 		add	r3, r3, r1, lsl #3
 1125 002a 5A60     		str	r2, [r3, #4]
 1126              		.loc 1 545 3 is_stmt 1 view .LVU351
 1127              		.loc 1 545 25 is_stmt 0 view .LVU352
 1128 002c 0B4B     		ldr	r3, .L81
 1129 002e 1B68     		ldr	r3, [r3]
 1130              		.loc 1 545 6 view .LVU353
 1131 0030 13F07F0F 		tst	r3, #127
 1132 0034 04D1     		bne	.L77
 1133              		.loc 1 546 5 is_stmt 1 view .LVU354
 1134 0036 0B49     		ldr	r1, .L81+8
 1135 0038 4A69     		ldr	r2, [r1, #20]
 1136 003a 22F00102 		bic	r2, r2, #1
 1137 003e 4A61     		str	r2, [r1, #20]
 1138              	.L77:
 1139              		.loc 1 546 26 discriminator 1 view .LVU355
 1140              		.loc 1 549 3 view .LVU356
ARM GAS  /tmp/ccB8e70M.s 			page 21


 1141              		.loc 1 549 6 is_stmt 0 view .LVU357
 1142 0040 13F4786F 		tst	r3, #3968
 1143 0044 04D1     		bne	.L75
 1144              		.loc 1 550 5 is_stmt 1 view .LVU358
 1145 0046 074A     		ldr	r2, .L81+8
 1146 0048 5369     		ldr	r3, [r2, #20]
 1147 004a 23F00203 		bic	r3, r3, #2
 1148 004e 5361     		str	r3, [r2, #20]
 1149              		.loc 1 550 26 discriminator 1 view .LVU359
 1150              	.L75:
 1151              		.loc 1 553 1 is_stmt 0 view .LVU360
 1152 0050 10BD     		pop	{r4, pc}
 1153              	.LVL62:
 1154              	.L80:
 1155              		.loc 1 537 5 is_stmt 1 view .LVU361
 1156 0052 807C     		ldrb	r0, [r0, #18]	@ zero_extendqisi2
 1157              	.LVL63:
 1158              		.loc 1 537 5 is_stmt 0 view .LVU362
 1159 0054 FFF7FEFF 		bl	nvicDisableVector
 1160              	.LVL64:
 1161 0058 DFE7     		b	.L76
 1162              	.L82:
 1163 005a 00BF     		.align	2
 1164              	.L81:
 1165 005c 00000000 		.word	dma_streams_mask
 1166 0060 00000000 		.word	_stm32_dma_isr_redir
 1167 0064 00100240 		.word	1073876992
 1168              		.cfi_endproc
 1169              	.LFE247:
 1170              		.size	dmaStreamRelease, .-dmaStreamRelease
 1171              		.section	.bss.dma_streams_mask,"aw",%nobits
 1172              		.align	2
 1173              		.type	dma_streams_mask, %object
 1174              		.size	dma_streams_mask, 4
 1175              	dma_streams_mask:
 1176 0000 00000000 		.space	4
 1177              		.global	_stm32_dma_isr_redir
 1178              		.section	.bss._stm32_dma_isr_redir,"aw",%nobits
 1179              		.align	2
 1180              		.type	_stm32_dma_isr_redir, %object
 1181              		.size	_stm32_dma_isr_redir, 96
 1182              	_stm32_dma_isr_redir:
 1183 0000 00000000 		.space	96
 1183      00000000 
 1183      00000000 
 1183      00000000 
 1183      00000000 
 1184              		.global	_stm32_dma_streams
 1185              		.section	.rodata._stm32_dma_streams,"a"
 1186              		.align	2
 1187              		.type	_stm32_dma_streams, %object
 1188              		.size	_stm32_dma_streams, 240
 1189              	_stm32_dma_streams:
 1190 0000 00000240 		.word	1073872896
 1191 0004 08000240 		.word	1073872904
 1192 0008 01000000 		.word	1
 1193 000c 00000000 		.word	0
ARM GAS  /tmp/ccB8e70M.s 			page 22


 1194 0010 00       		.byte	0
 1195 0011 00       		.byte	0
 1196 0012 0B       		.byte	11
 1197 0013 00       		.space	1
 1198 0014 00000240 		.word	1073872896
 1199 0018 1C000240 		.word	1073872924
 1200 001c 02000000 		.word	2
 1201 0020 00000000 		.word	0
 1202 0024 04       		.byte	4
 1203 0025 01       		.byte	1
 1204 0026 0C       		.byte	12
 1205 0027 00       		.space	1
 1206 0028 00000240 		.word	1073872896
 1207 002c 30000240 		.word	1073872944
 1208 0030 04000000 		.word	4
 1209 0034 00000000 		.word	0
 1210 0038 08       		.byte	8
 1211 0039 02       		.byte	2
 1212 003a 0D       		.byte	13
 1213 003b 00       		.space	1
 1214 003c 00000240 		.word	1073872896
 1215 0040 44000240 		.word	1073872964
 1216 0044 08000000 		.word	8
 1217 0048 00000000 		.word	0
 1218 004c 0C       		.byte	12
 1219 004d 03       		.byte	3
 1220 004e 0E       		.byte	14
 1221 004f 00       		.space	1
 1222 0050 00000240 		.word	1073872896
 1223 0054 58000240 		.word	1073872984
 1224 0058 10000000 		.word	16
 1225 005c 00000000 		.word	0
 1226 0060 10       		.byte	16
 1227 0061 04       		.byte	4
 1228 0062 0F       		.byte	15
 1229 0063 00       		.space	1
 1230 0064 00000240 		.word	1073872896
 1231 0068 6C000240 		.word	1073873004
 1232 006c 20000000 		.word	32
 1233 0070 00000000 		.word	0
 1234 0074 14       		.byte	20
 1235 0075 05       		.byte	5
 1236 0076 10       		.byte	16
 1237 0077 00       		.space	1
 1238 0078 00000240 		.word	1073872896
 1239 007c 80000240 		.word	1073873024
 1240 0080 40000000 		.word	64
 1241 0084 00000000 		.word	0
 1242 0088 18       		.byte	24
 1243 0089 06       		.byte	6
 1244 008a 11       		.byte	17
 1245 008b 00       		.space	1
 1246 008c 00040240 		.word	1073873920
 1247 0090 08040240 		.word	1073873928
 1248 0094 80000000 		.word	128
 1249 0098 00000000 		.word	0
 1250 009c 00       		.byte	0
ARM GAS  /tmp/ccB8e70M.s 			page 23


 1251 009d 07       		.byte	7
 1252 009e 38       		.byte	56
 1253 009f 00       		.space	1
 1254 00a0 00040240 		.word	1073873920
 1255 00a4 1C040240 		.word	1073873948
 1256 00a8 00010000 		.word	256
 1257 00ac 00000000 		.word	0
 1258 00b0 04       		.byte	4
 1259 00b1 08       		.byte	8
 1260 00b2 39       		.byte	57
 1261 00b3 00       		.space	1
 1262 00b4 00040240 		.word	1073873920
 1263 00b8 30040240 		.word	1073873968
 1264 00bc 00020000 		.word	512
 1265 00c0 00000000 		.word	0
 1266 00c4 08       		.byte	8
 1267 00c5 09       		.byte	9
 1268 00c6 3A       		.byte	58
 1269 00c7 00       		.space	1
 1270 00c8 00040240 		.word	1073873920
 1271 00cc 44040240 		.word	1073873988
 1272 00d0 00040000 		.word	1024
 1273 00d4 00000000 		.word	0
 1274 00d8 0C       		.byte	12
 1275 00d9 0A       		.byte	10
 1276 00da 3B       		.byte	59
 1277 00db 00       		.space	1
 1278 00dc 00040240 		.word	1073873920
 1279 00e0 58040240 		.word	1073874008
 1280 00e4 00080000 		.word	2048
 1281 00e8 00000000 		.word	0
 1282 00ec 10       		.byte	16
 1283 00ed 0B       		.byte	11
 1284 00ee 3C       		.byte	60
 1285 00ef 00       		.space	1
 1286              		.text
 1287              	.Letext0:
 1288              		.file 2 "/usr/lib/gcc/arm-none-eabi/13.2.1/include/stddef.h"
 1289              		.file 3 "/usr/lib/gcc/arm-none-eabi/13.2.1/include/stdint.h"
 1290              		.file 4 "ChibiOS/os/common/ext/CMSIS/ST/STM32F3xx/stm32f303xc.h"
 1291              		.file 5 "ChibiOS/os/hal/ports/STM32/LLD/DMAv1/stm32_dma.h"
 1292              		.file 6 "ChibiOS/os/hal/ports/common/ARMCMx/nvic.h"
 1293              		.file 7 "ChibiOS/os/common/ports/ARMCMx/chcore_v7m.h"
 1294              		.section	.debug_info,"",%progbits
 1295              	.Ldebug_info0:
 1296 0000 C4070000 		.4byte	0x7c4
 1297 0004 0500     		.2byte	0x5
 1298 0006 01       		.byte	0x1
 1299 0007 04       		.byte	0x4
 1300 0008 00000000 		.4byte	.Ldebug_abbrev0
 1301 000c 1C       		.uleb128 0x1c
 1302 000d 1C000000 		.4byte	.LASF67
 1303 0011 1D       		.byte	0x1d
 1304 0012 C5030000 		.4byte	.LASF68
 1305 0016 E5020000 		.4byte	.LASF69
 1306 001a 0C000000 		.4byte	.LLRL18
 1307 001e 00000000 		.4byte	0
ARM GAS  /tmp/ccB8e70M.s 			page 24


 1308 0022 00000000 		.4byte	.Ldebug_line0
 1309 0026 03       		.uleb128 0x3
 1310 0027 08       		.byte	0x8
 1311 0028 07       		.byte	0x7
 1312 0029 C5020000 		.4byte	.LASF0
 1313 002d 03       		.uleb128 0x3
 1314 002e 04       		.byte	0x4
 1315 002f 07       		.byte	0x7
 1316 0030 45040000 		.4byte	.LASF1
 1317 0034 1D       		.uleb128 0x1d
 1318 0035 04       		.byte	0x4
 1319 0036 05       		.byte	0x5
 1320 0037 696E7400 		.ascii	"int\000"
 1321 003b 09       		.uleb128 0x9
 1322 003c 54010000 		.4byte	.LASF7
 1323 0040 02       		.byte	0x2
 1324 0041 D6       		.byte	0xd6
 1325 0042 17       		.byte	0x17
 1326 0043 2D000000 		.4byte	0x2d
 1327 0047 03       		.uleb128 0x3
 1328 0048 08       		.byte	0x8
 1329 0049 05       		.byte	0x5
 1330 004a 20020000 		.4byte	.LASF2
 1331 004e 03       		.uleb128 0x3
 1332 004f 08       		.byte	0x8
 1333 0050 04       		.byte	0x4
 1334 0051 F4010000 		.4byte	.LASF3
 1335 0055 03       		.uleb128 0x3
 1336 0056 01       		.byte	0x1
 1337 0057 06       		.byte	0x6
 1338 0058 B3020000 		.4byte	.LASF4
 1339 005c 03       		.uleb128 0x3
 1340 005d 02       		.byte	0x2
 1341 005e 05       		.byte	0x5
 1342 005f 4A010000 		.4byte	.LASF5
 1343 0063 03       		.uleb128 0x3
 1344 0064 04       		.byte	0x4
 1345 0065 05       		.byte	0x5
 1346 0066 2E020000 		.4byte	.LASF6
 1347 006a 09       		.uleb128 0x9
 1348 006b BF010000 		.4byte	.LASF8
 1349 006f 03       		.byte	0x3
 1350 0070 2E       		.byte	0x2e
 1351 0071 18       		.byte	0x18
 1352 0072 76000000 		.4byte	0x76
 1353 0076 03       		.uleb128 0x3
 1354 0077 01       		.byte	0x1
 1355 0078 08       		.byte	0x8
 1356 0079 5E020000 		.4byte	.LASF9
 1357 007d 03       		.uleb128 0x3
 1358 007e 02       		.byte	0x2
 1359 007f 07       		.byte	0x7
 1360 0080 1D030000 		.4byte	.LASF10
 1361 0084 09       		.uleb128 0x9
 1362 0085 DC020000 		.4byte	.LASF11
 1363 0089 03       		.byte	0x3
 1364 008a 34       		.byte	0x34
ARM GAS  /tmp/ccB8e70M.s 			page 25


 1365 008b 19       		.byte	0x19
 1366 008c 95000000 		.4byte	0x95
 1367 0090 1E       		.uleb128 0x1e
 1368 0091 84000000 		.4byte	0x84
 1369 0095 03       		.uleb128 0x3
 1370 0096 04       		.byte	0x4
 1371 0097 07       		.byte	0x7
 1372 0098 AA030000 		.4byte	.LASF12
 1373 009c 1F       		.uleb128 0x1f
 1374 009d 04       		.byte	0x4
 1375 009e 11       		.uleb128 0x11
 1376 009f 10       		.byte	0x10
 1377 00a0 6201     		.2byte	0x162
 1378 00a2 D7000000 		.4byte	0xd7
 1379 00a6 0A       		.uleb128 0xa
 1380 00a7 43435200 		.ascii	"CCR\000"
 1381 00ab 6401     		.2byte	0x164
 1382 00ad 90000000 		.4byte	0x90
 1383 00b1 00       		.byte	0
 1384 00b2 01       		.uleb128 0x1
 1385 00b3 44030000 		.4byte	.LASF13
 1386 00b7 6501     		.2byte	0x165
 1387 00b9 90000000 		.4byte	0x90
 1388 00bd 04       		.byte	0x4
 1389 00be 01       		.uleb128 0x1
 1390 00bf 59020000 		.4byte	.LASF14
 1391 00c3 6601     		.2byte	0x166
 1392 00c5 90000000 		.4byte	0x90
 1393 00c9 08       		.byte	0x8
 1394 00ca 01       		.uleb128 0x1
 1395 00cb F6030000 		.4byte	.LASF15
 1396 00cf 6701     		.2byte	0x167
 1397 00d1 90000000 		.4byte	0x90
 1398 00d5 0C       		.byte	0xc
 1399 00d6 00       		.byte	0
 1400 00d7 12       		.uleb128 0x12
 1401 00d8 30030000 		.4byte	.LASF16
 1402 00dc 6801     		.2byte	0x168
 1403 00de 9E000000 		.4byte	0x9e
 1404 00e2 11       		.uleb128 0x11
 1405 00e3 08       		.byte	0x8
 1406 00e4 6A01     		.2byte	0x16a
 1407 00e6 03010000 		.4byte	0x103
 1408 00ea 0A       		.uleb128 0xa
 1409 00eb 49535200 		.ascii	"ISR\000"
 1410 00ef 6C01     		.2byte	0x16c
 1411 00f1 90000000 		.4byte	0x90
 1412 00f5 00       		.byte	0
 1413 00f6 01       		.uleb128 0x1
 1414 00f7 82030000 		.4byte	.LASF17
 1415 00fb 6D01     		.2byte	0x16d
 1416 00fd 90000000 		.4byte	0x90
 1417 0101 04       		.byte	0x4
 1418 0102 00       		.byte	0
 1419 0103 12       		.uleb128 0x12
 1420 0104 92010000 		.4byte	.LASF18
 1421 0108 6E01     		.2byte	0x16e
ARM GAS  /tmp/ccB8e70M.s 			page 26


 1422 010a E2000000 		.4byte	0xe2
 1423 010e 11       		.uleb128 0x11
 1424 010f 34       		.byte	0x34
 1425 0110 FB01     		.2byte	0x1fb
 1426 0112 B2010000 		.4byte	0x1b2
 1427 0116 0A       		.uleb128 0xa
 1428 0117 435200   		.ascii	"CR\000"
 1429 011a FD01     		.2byte	0x1fd
 1430 011c 90000000 		.4byte	0x90
 1431 0120 00       		.byte	0
 1432 0121 01       		.uleb128 0x1
 1433 0122 A7010000 		.4byte	.LASF19
 1434 0126 FE01     		.2byte	0x1fe
 1435 0128 90000000 		.4byte	0x90
 1436 012c 04       		.byte	0x4
 1437 012d 0A       		.uleb128 0xa
 1438 012e 43495200 		.ascii	"CIR\000"
 1439 0132 FF01     		.2byte	0x1ff
 1440 0134 90000000 		.4byte	0x90
 1441 0138 08       		.byte	0x8
 1442 0139 01       		.uleb128 0x1
 1443 013a 50020000 		.4byte	.LASF20
 1444 013e 0002     		.2byte	0x200
 1445 0140 90000000 		.4byte	0x90
 1446 0144 0C       		.byte	0xc
 1447 0145 01       		.uleb128 0x1
 1448 0146 00000000 		.4byte	.LASF21
 1449 014a 0102     		.2byte	0x201
 1450 014c 90000000 		.4byte	0x90
 1451 0150 10       		.byte	0x10
 1452 0151 01       		.uleb128 0x1
 1453 0152 49020000 		.4byte	.LASF22
 1454 0156 0202     		.2byte	0x202
 1455 0158 90000000 		.4byte	0x90
 1456 015c 14       		.byte	0x14
 1457 015d 01       		.uleb128 0x1
 1458 015e 9A020000 		.4byte	.LASF23
 1459 0162 0302     		.2byte	0x203
 1460 0164 90000000 		.4byte	0x90
 1461 0168 18       		.byte	0x18
 1462 0169 01       		.uleb128 0x1
 1463 016a C7010000 		.4byte	.LASF24
 1464 016e 0402     		.2byte	0x204
 1465 0170 90000000 		.4byte	0x90
 1466 0174 1C       		.byte	0x1c
 1467 0175 01       		.uleb128 0x1
 1468 0176 6C010000 		.4byte	.LASF25
 1469 017a 0502     		.2byte	0x205
 1470 017c 90000000 		.4byte	0x90
 1471 0180 20       		.byte	0x20
 1472 0181 0A       		.uleb128 0xa
 1473 0182 43535200 		.ascii	"CSR\000"
 1474 0186 0602     		.2byte	0x206
 1475 0188 90000000 		.4byte	0x90
 1476 018c 24       		.byte	0x24
 1477 018d 01       		.uleb128 0x1
 1478 018e 18020000 		.4byte	.LASF26
ARM GAS  /tmp/ccB8e70M.s 			page 27


 1479 0192 0702     		.2byte	0x207
 1480 0194 90000000 		.4byte	0x90
 1481 0198 28       		.byte	0x28
 1482 0199 01       		.uleb128 0x1
 1483 019a 0B030000 		.4byte	.LASF27
 1484 019e 0802     		.2byte	0x208
 1485 01a0 90000000 		.4byte	0x90
 1486 01a4 2C       		.byte	0x2c
 1487 01a5 01       		.uleb128 0x1
 1488 01a6 11030000 		.4byte	.LASF28
 1489 01aa 0902     		.2byte	0x209
 1490 01ac 90000000 		.4byte	0x90
 1491 01b0 30       		.byte	0x30
 1492 01b1 00       		.byte	0
 1493 01b2 12       		.uleb128 0x12
 1494 01b3 3D020000 		.4byte	.LASF29
 1495 01b7 0A02     		.2byte	0x20a
 1496 01b9 0E010000 		.4byte	0x10e
 1497 01bd 03       		.uleb128 0x3
 1498 01be 01       		.byte	0x1
 1499 01bf 08       		.byte	0x8
 1500 01c0 4A030000 		.4byte	.LASF30
 1501 01c4 0B       		.uleb128 0xb
 1502 01c5 BD010000 		.4byte	0x1bd
 1503 01c9 16       		.uleb128 0x16
 1504 01ca 14       		.byte	0x14
 1505 01cb E4       		.byte	0xe4
 1506 01cc 26020000 		.4byte	0x226
 1507 01d0 20       		.uleb128 0x20
 1508 01d1 646D6100 		.ascii	"dma\000"
 1509 01d5 05       		.byte	0x5
 1510 01d6 E5       		.byte	0xe5
 1511 01d7 1A       		.byte	0x1a
 1512 01d8 26020000 		.4byte	0x226
 1513 01dc 00       		.byte	0
 1514 01dd 07       		.uleb128 0x7
 1515 01de 87030000 		.4byte	.LASF31
 1516 01e2 E6       		.byte	0xe6
 1517 01e3 1A       		.byte	0x1a
 1518 01e4 2B020000 		.4byte	0x22b
 1519 01e8 04       		.byte	0x4
 1520 01e9 07       		.uleb128 0x7
 1521 01ea 24040000 		.4byte	.LASF32
 1522 01ee E7       		.byte	0xe7
 1523 01ef 19       		.byte	0x19
 1524 01f0 84000000 		.4byte	0x84
 1525 01f4 08       		.byte	0x8
 1526 01f5 07       		.uleb128 0x7
 1527 01f6 83010000 		.4byte	.LASF33
 1528 01fa E9       		.byte	0xe9
 1529 01fb 1A       		.byte	0x1a
 1530 01fc 30020000 		.4byte	0x230
 1531 0200 0C       		.byte	0xc
 1532 0201 07       		.uleb128 0x7
 1533 0202 37020000 		.4byte	.LASF34
 1534 0206 EA       		.byte	0xea
 1535 0207 19       		.byte	0x19
ARM GAS  /tmp/ccB8e70M.s 			page 28


 1536 0208 6A000000 		.4byte	0x6a
 1537 020c 10       		.byte	0x10
 1538 020d 07       		.uleb128 0x7
 1539 020e F8020000 		.4byte	.LASF35
 1540 0212 EC       		.byte	0xec
 1541 0213 19       		.byte	0x19
 1542 0214 6A000000 		.4byte	0x6a
 1543 0218 11       		.byte	0x11
 1544 0219 07       		.uleb128 0x7
 1545 021a CF010000 		.4byte	.LASF36
 1546 021e ED       		.byte	0xed
 1547 021f 19       		.byte	0x19
 1548 0220 6A000000 		.4byte	0x6a
 1549 0224 12       		.byte	0x12
 1550 0225 00       		.byte	0
 1551 0226 0C       		.uleb128 0xc
 1552 0227 03010000 		.4byte	0x103
 1553 022b 0C       		.uleb128 0xc
 1554 022c D7000000 		.4byte	0xd7
 1555 0230 0C       		.uleb128 0xc
 1556 0231 90000000 		.4byte	0x90
 1557 0235 09       		.uleb128 0x9
 1558 0236 AC010000 		.4byte	.LASF37
 1559 023a 05       		.byte	0x5
 1560 023b EE       		.byte	0xee
 1561 023c 03       		.byte	0x3
 1562 023d C9010000 		.4byte	0x1c9
 1563 0241 0B       		.uleb128 0xb
 1564 0242 35020000 		.4byte	0x235
 1565 0246 09       		.uleb128 0x9
 1566 0247 63030000 		.4byte	.LASF38
 1567 024b 05       		.byte	0x5
 1568 024c F7       		.byte	0xf7
 1569 024d 10       		.byte	0x10
 1570 024e 52020000 		.4byte	0x252
 1571 0252 0C       		.uleb128 0xc
 1572 0253 57020000 		.4byte	0x257
 1573 0257 21       		.uleb128 0x21
 1574 0258 67020000 		.4byte	0x267
 1575 025c 0D       		.uleb128 0xd
 1576 025d 9C000000 		.4byte	0x9c
 1577 0261 0D       		.uleb128 0xd
 1578 0262 84000000 		.4byte	0x84
 1579 0266 00       		.byte	0
 1580 0267 16       		.uleb128 0x16
 1581 0268 08       		.byte	0x8
 1582 0269 FC       		.byte	0xfc
 1583 026a 87020000 		.4byte	0x287
 1584 026e 07       		.uleb128 0x7
 1585 026f 91020000 		.4byte	.LASF39
 1586 0273 FD       		.byte	0xfd
 1587 0274 19       		.byte	0x19
 1588 0275 46020000 		.4byte	0x246
 1589 0279 00       		.byte	0
 1590 027a 07       		.uleb128 0x7
 1591 027b 12000000 		.4byte	.LASF40
 1592 027f FE       		.byte	0xfe
ARM GAS  /tmp/ccB8e70M.s 			page 29


 1593 0280 1A       		.byte	0x1a
 1594 0281 9C000000 		.4byte	0x9c
 1595 0285 04       		.byte	0x4
 1596 0286 00       		.byte	0
 1597 0287 09       		.uleb128 0x9
 1598 0288 14040000 		.4byte	.LASF41
 1599 028c 05       		.byte	0x5
 1600 028d FF       		.byte	0xff
 1601 028e 03       		.byte	0x3
 1602 028f 67020000 		.4byte	0x267
 1603 0293 0F       		.uleb128 0xf
 1604 0294 41020000 		.4byte	0x241
 1605 0298 A3020000 		.4byte	0x2a3
 1606 029c 10       		.uleb128 0x10
 1607 029d 2D000000 		.4byte	0x2d
 1608 02a1 0B       		.byte	0xb
 1609 02a2 00       		.byte	0
 1610 02a3 0B       		.uleb128 0xb
 1611 02a4 93020000 		.4byte	0x293
 1612 02a8 17       		.uleb128 0x17
 1613 02a9 00020000 		.4byte	.LASF42
 1614 02ad CD01     		.2byte	0x1cd
 1615 02af 21       		.byte	0x21
 1616 02b0 A3020000 		.4byte	0x2a3
 1617 02b4 0F       		.uleb128 0xf
 1618 02b5 87020000 		.4byte	0x287
 1619 02b9 C4020000 		.4byte	0x2c4
 1620 02bd 10       		.uleb128 0x10
 1621 02be 2D000000 		.4byte	0x2d
 1622 02c2 0B       		.byte	0xb
 1623 02c3 00       		.byte	0
 1624 02c4 17       		.uleb128 0x17
 1625 02c5 DF010000 		.4byte	.LASF43
 1626 02c9 CE01     		.2byte	0x1ce
 1627 02cb 18       		.byte	0x18
 1628 02cc B4020000 		.4byte	0x2b4
 1629 02d0 03       		.uleb128 0x3
 1630 02d1 01       		.byte	0x1
 1631 02d2 02       		.byte	0x2
 1632 02d3 72030000 		.4byte	.LASF44
 1633 02d7 0C       		.uleb128 0xc
 1634 02d8 41020000 		.4byte	0x241
 1635 02dc 18       		.uleb128 0x18
 1636 02dd A8020000 		.4byte	0x2a8
 1637 02e1 95       		.byte	0x95
 1638 02e2 1A       		.byte	0x1a
 1639 02e3 05       		.uleb128 0x5
 1640 02e4 03       		.byte	0x3
 1641 02e5 00000000 		.4byte	_stm32_dma_streams
 1642 02e9 18       		.uleb128 0x18
 1643 02ea C4020000 		.4byte	0x2c4
 1644 02ee B3       		.byte	0xb3
 1645 02ef 11       		.byte	0x11
 1646 02f0 05       		.uleb128 0x5
 1647 02f1 03       		.byte	0x3
 1648 02f2 00000000 		.4byte	_stm32_dma_isr_redir
 1649 02f6 22       		.uleb128 0x22
ARM GAS  /tmp/ccB8e70M.s 			page 30


 1650 02f7 2A040000 		.4byte	.LASF56
 1651 02fb 01       		.byte	0x1
 1652 02fc BC       		.byte	0xbc
 1653 02fd 11       		.byte	0x11
 1654 02fe 84000000 		.4byte	0x84
 1655 0302 05       		.uleb128 0x5
 1656 0303 03       		.byte	0x3
 1657 0304 00000000 		.4byte	dma_streams_mask
 1658 0308 19       		.uleb128 0x19
 1659 0309 71010000 		.4byte	.LASF45
 1660 030d 4F       		.byte	0x4f
 1661 030e 18030000 		.4byte	0x318
 1662 0312 0D       		.uleb128 0xd
 1663 0313 84000000 		.4byte	0x84
 1664 0317 00       		.byte	0
 1665 0318 19       		.uleb128 0x19
 1666 0319 A2020000 		.4byte	.LASF46
 1667 031d 4E       		.byte	0x4e
 1668 031e 2D030000 		.4byte	0x32d
 1669 0322 0D       		.uleb128 0xd
 1670 0323 84000000 		.4byte	0x84
 1671 0327 0D       		.uleb128 0xd
 1672 0328 84000000 		.4byte	0x84
 1673 032c 00       		.byte	0
 1674 032d 23       		.uleb128 0x23
 1675 032e 75020000 		.4byte	.LASF70
 1676 0332 07       		.byte	0x7
 1677 0333 F101     		.2byte	0x1f1
 1678 0335 08       		.byte	0x8
 1679 0336 1A       		.uleb128 0x1a
 1680 0337 5B010000 		.4byte	.LASF52
 1681 033b 0C02     		.2byte	0x20c
 1682 033d 00000000 		.4byte	.LFB247
 1683 0341 68000000 		.4byte	.LFE247-.LFB247
 1684 0345 01       		.uleb128 0x1
 1685 0346 9C       		.byte	0x9c
 1686 0347 72030000 		.4byte	0x372
 1687 034b 0E       		.uleb128 0xe
 1688 034c FB030000 		.4byte	.LASF47
 1689 0350 0C02     		.2byte	0x20c
 1690 0352 31       		.byte	0x31
 1691 0353 D7020000 		.4byte	0x2d7
 1692 0357 14000000 		.4byte	.LLST17
 1693 035b 0C000000 		.4byte	.LVUS17
 1694 035f 1B       		.uleb128 0x1b
 1695 0360 88020000 		.4byte	.LASF51
 1696 0364 82030000 		.4byte	0x382
 1697 0368 02       		.uleb128 0x2
 1698 0369 58000000 		.4byte	.LVL64
 1699 036d 08030000 		.4byte	0x308
 1700 0371 00       		.byte	0
 1701 0372 0F       		.uleb128 0xf
 1702 0373 C4010000 		.4byte	0x1c4
 1703 0377 82030000 		.4byte	0x382
 1704 037b 10       		.uleb128 0x10
 1705 037c 2D000000 		.4byte	0x2d
 1706 0380 10       		.byte	0x10
ARM GAS  /tmp/ccB8e70M.s 			page 31


 1707 0381 00       		.byte	0
 1708 0382 0B       		.uleb128 0xb
 1709 0383 72030000 		.4byte	0x372
 1710 0387 24       		.uleb128 0x24
 1711 0388 02040000 		.4byte	.LASF71
 1712 038c 01       		.byte	0x1
 1713 038d D501     		.2byte	0x1d5
 1714 038f 06       		.byte	0x6
 1715 0390 D0020000 		.4byte	0x2d0
 1716 0394 00000000 		.4byte	.LFB246
 1717 0398 94000000 		.4byte	.LFE246-.LFB246
 1718 039c 01       		.uleb128 0x1
 1719 039d 9C       		.byte	0x9c
 1720 039e 05040000 		.4byte	0x405
 1721 03a2 0E       		.uleb128 0xe
 1722 03a3 FB030000 		.4byte	.LASF47
 1723 03a7 D501     		.2byte	0x1d5
 1724 03a9 32       		.byte	0x32
 1725 03aa D7020000 		.4byte	0x2d7
 1726 03ae 32000000 		.4byte	.LLST13
 1727 03b2 2E000000 		.4byte	.LVUS13
 1728 03b6 0E       		.uleb128 0xe
 1729 03b7 09000000 		.4byte	.LASF48
 1730 03bb D601     		.2byte	0x1d6
 1731 03bd 21       		.byte	0x21
 1732 03be 84000000 		.4byte	0x84
 1733 03c2 49000000 		.4byte	.LLST14
 1734 03c6 43000000 		.4byte	.LVUS14
 1735 03ca 0E       		.uleb128 0xe
 1736 03cb 13020000 		.4byte	.LASF49
 1737 03cf D701     		.2byte	0x1d7
 1738 03d1 27       		.byte	0x27
 1739 03d2 46020000 		.4byte	0x246
 1740 03d6 70000000 		.4byte	.LLST15
 1741 03da 6A000000 		.4byte	.LVUS15
 1742 03de 0E       		.uleb128 0xe
 1743 03df 17030000 		.4byte	.LASF50
 1744 03e3 D801     		.2byte	0x1d8
 1745 03e5 1E       		.byte	0x1e
 1746 03e6 9C000000 		.4byte	0x9c
 1747 03ea 99000000 		.4byte	.LLST16
 1748 03ee 91000000 		.4byte	.LVUS16
 1749 03f2 1B       		.uleb128 0x1b
 1750 03f3 88020000 		.4byte	.LASF51
 1751 03f7 15040000 		.4byte	0x415
 1752 03fb 02       		.uleb128 0x2
 1753 03fc 72000000 		.4byte	.LVL58
 1754 0400 18030000 		.4byte	0x318
 1755 0404 00       		.byte	0
 1756 0405 0F       		.uleb128 0xf
 1757 0406 C4010000 		.4byte	0x1c4
 1758 040a 15040000 		.4byte	0x415
 1759 040e 10       		.uleb128 0x10
 1760 040f 2D000000 		.4byte	0x2d
 1761 0413 11       		.byte	0x11
 1762 0414 00       		.byte	0
 1763 0415 0B       		.uleb128 0xb
ARM GAS  /tmp/ccB8e70M.s 			page 32


 1764 0416 05040000 		.4byte	0x405
 1765 041a 1A       		.uleb128 0x1a
 1766 041b 8F030000 		.4byte	.LASF53
 1767 041f AF01     		.2byte	0x1af
 1768 0421 00000000 		.4byte	.LFB245
 1769 0425 44000000 		.4byte	.LFE245-.LFB245
 1770 0429 01       		.uleb128 0x1
 1771 042a 9C       		.byte	0x9c
 1772 042b 43040000 		.4byte	0x443
 1773 042f 25       		.uleb128 0x25
 1774 0430 6900     		.ascii	"i\000"
 1775 0432 01       		.byte	0x1
 1776 0433 B001     		.2byte	0x1b0
 1777 0435 07       		.byte	0x7
 1778 0436 34000000 		.4byte	0x34
 1779 043a CC000000 		.4byte	.LLST12
 1780 043e C8000000 		.4byte	.LVUS12
 1781 0442 00       		.byte	0
 1782 0443 08       		.uleb128 0x8
 1783 0444 3B040000 		.4byte	.LASF54
 1784 0448 7C01     		.2byte	0x17c
 1785 044a 00000000 		.4byte	.LFB244
 1786 044e 30000000 		.4byte	.LFE244-.LFB244
 1787 0452 01       		.uleb128 0x1
 1788 0453 9C       		.byte	0x9c
 1789 0454 8F040000 		.4byte	0x48f
 1790 0458 04       		.uleb128 0x4
 1791 0459 02000000 		.4byte	.LBB13
 1792 045d 20000000 		.4byte	.LBE13-.LBB13
 1793 0461 85040000 		.4byte	0x485
 1794 0465 05       		.uleb128 0x5
 1795 0466 BF020000 		.4byte	.LASF55
 1796 046a 8001     		.2byte	0x180
 1797 046c 84000000 		.4byte	0x84
 1798 0470 DF000000 		.4byte	.LLST11
 1799 0474 DD000000 		.4byte	.LVUS11
 1800 0478 06       		.uleb128 0x6
 1801 0479 69647800 		.ascii	"idx\000"
 1802 047d 8001     		.2byte	0x180
 1803 047f 84000000 		.4byte	0x84
 1804 0483 0B       		.byte	0xb
 1805 0484 00       		.byte	0
 1806 0485 02       		.uleb128 0x2
 1807 0486 26000000 		.4byte	.LVL49
 1808 048a 2D030000 		.4byte	0x32d
 1809 048e 00       		.byte	0
 1810 048f 08       		.uleb128 0x8
 1811 0490 97030000 		.4byte	.LASF57
 1812 0494 6C01     		.2byte	0x16c
 1813 0496 00000000 		.4byte	.LFB243
 1814 049a 30000000 		.4byte	.LFE243-.LFB243
 1815 049e 01       		.uleb128 0x1
 1816 049f 9C       		.byte	0x9c
 1817 04a0 DB040000 		.4byte	0x4db
 1818 04a4 04       		.uleb128 0x4
 1819 04a5 02000000 		.4byte	.LBB12
 1820 04a9 20000000 		.4byte	.LBE12-.LBB12
ARM GAS  /tmp/ccB8e70M.s 			page 33


 1821 04ad D1040000 		.4byte	0x4d1
 1822 04b1 05       		.uleb128 0x5
 1823 04b2 BF020000 		.4byte	.LASF55
 1824 04b6 7001     		.2byte	0x170
 1825 04b8 84000000 		.4byte	0x84
 1826 04bc EA000000 		.4byte	.LLST10
 1827 04c0 E8000000 		.4byte	.LVUS10
 1828 04c4 06       		.uleb128 0x6
 1829 04c5 69647800 		.ascii	"idx\000"
 1830 04c9 7001     		.2byte	0x170
 1831 04cb 84000000 		.4byte	0x84
 1832 04cf 0A       		.byte	0xa
 1833 04d0 00       		.byte	0
 1834 04d1 02       		.uleb128 0x2
 1835 04d2 26000000 		.4byte	.LVL45
 1836 04d6 2D030000 		.4byte	0x32d
 1837 04da 00       		.byte	0
 1838 04db 08       		.uleb128 0x8
 1839 04dc 78030000 		.4byte	.LASF58
 1840 04e0 5C01     		.2byte	0x15c
 1841 04e2 00000000 		.4byte	.LFB242
 1842 04e6 30000000 		.4byte	.LFE242-.LFB242
 1843 04ea 01       		.uleb128 0x1
 1844 04eb 9C       		.byte	0x9c
 1845 04ec 27050000 		.4byte	0x527
 1846 04f0 04       		.uleb128 0x4
 1847 04f1 02000000 		.4byte	.LBB11
 1848 04f5 20000000 		.4byte	.LBE11-.LBB11
 1849 04f9 1D050000 		.4byte	0x51d
 1850 04fd 05       		.uleb128 0x5
 1851 04fe BF020000 		.4byte	.LASF55
 1852 0502 6001     		.2byte	0x160
 1853 0504 84000000 		.4byte	0x84
 1854 0508 F5000000 		.4byte	.LLST9
 1855 050c F3000000 		.4byte	.LVUS9
 1856 0510 06       		.uleb128 0x6
 1857 0511 69647800 		.ascii	"idx\000"
 1858 0515 6001     		.2byte	0x160
 1859 0517 84000000 		.4byte	0x84
 1860 051b 09       		.byte	0x9
 1861 051c 00       		.byte	0
 1862 051d 02       		.uleb128 0x2
 1863 051e 26000000 		.4byte	.LVL41
 1864 0522 2D030000 		.4byte	0x32d
 1865 0526 00       		.byte	0
 1866 0527 08       		.uleb128 0x8
 1867 0528 59030000 		.4byte	.LASF59
 1868 052c 4C01     		.2byte	0x14c
 1869 052e 00000000 		.4byte	.LFB241
 1870 0532 30000000 		.4byte	.LFE241-.LFB241
 1871 0536 01       		.uleb128 0x1
 1872 0537 9C       		.byte	0x9c
 1873 0538 73050000 		.4byte	0x573
 1874 053c 04       		.uleb128 0x4
 1875 053d 02000000 		.4byte	.LBB10
 1876 0541 20000000 		.4byte	.LBE10-.LBB10
 1877 0545 69050000 		.4byte	0x569
ARM GAS  /tmp/ccB8e70M.s 			page 34


 1878 0549 05       		.uleb128 0x5
 1879 054a BF020000 		.4byte	.LASF55
 1880 054e 5001     		.2byte	0x150
 1881 0550 84000000 		.4byte	0x84
 1882 0554 00010000 		.4byte	.LLST8
 1883 0558 FE000000 		.4byte	.LVUS8
 1884 055c 06       		.uleb128 0x6
 1885 055d 69647800 		.ascii	"idx\000"
 1886 0561 5001     		.2byte	0x150
 1887 0563 84000000 		.4byte	0x84
 1888 0567 08       		.byte	0x8
 1889 0568 00       		.byte	0
 1890 0569 02       		.uleb128 0x2
 1891 056a 26000000 		.4byte	.LVL37
 1892 056e 2D030000 		.4byte	0x32d
 1893 0572 00       		.byte	0
 1894 0573 08       		.uleb128 0x8
 1895 0574 4F030000 		.4byte	.LASF60
 1896 0578 3C01     		.2byte	0x13c
 1897 057a 00000000 		.4byte	.LFB240
 1898 057e 28000000 		.4byte	.LFE240-.LFB240
 1899 0582 01       		.uleb128 0x1
 1900 0583 9C       		.byte	0x9c
 1901 0584 BF050000 		.4byte	0x5bf
 1902 0588 04       		.uleb128 0x4
 1903 0589 02000000 		.4byte	.LBB9
 1904 058d 18000000 		.4byte	.LBE9-.LBB9
 1905 0591 B5050000 		.4byte	0x5b5
 1906 0595 05       		.uleb128 0x5
 1907 0596 BF020000 		.4byte	.LASF55
 1908 059a 4001     		.2byte	0x140
 1909 059c 84000000 		.4byte	0x84
 1910 05a0 0D010000 		.4byte	.LLST7
 1911 05a4 09010000 		.4byte	.LVUS7
 1912 05a8 06       		.uleb128 0x6
 1913 05a9 69647800 		.ascii	"idx\000"
 1914 05ad 4001     		.2byte	0x140
 1915 05af 84000000 		.4byte	0x84
 1916 05b3 07       		.byte	0x7
 1917 05b4 00       		.byte	0
 1918 05b5 02       		.uleb128 0x2
 1919 05b6 1E000000 		.4byte	.LVL33
 1920 05ba 2D030000 		.4byte	0x32d
 1921 05be 00       		.byte	0
 1922 05bf 08       		.uleb128 0x8
 1923 05c0 BC030000 		.4byte	.LASF61
 1924 05c4 2C01     		.2byte	0x12c
 1925 05c6 00000000 		.4byte	.LFB239
 1926 05ca 30000000 		.4byte	.LFE239-.LFB239
 1927 05ce 01       		.uleb128 0x1
 1928 05cf 9C       		.byte	0x9c
 1929 05d0 0B060000 		.4byte	0x60b
 1930 05d4 04       		.uleb128 0x4
 1931 05d5 02000000 		.4byte	.LBB8
 1932 05d9 20000000 		.4byte	.LBE8-.LBB8
 1933 05dd 01060000 		.4byte	0x601
 1934 05e1 05       		.uleb128 0x5
ARM GAS  /tmp/ccB8e70M.s 			page 35


 1935 05e2 BF020000 		.4byte	.LASF55
 1936 05e6 3001     		.2byte	0x130
 1937 05e8 84000000 		.4byte	0x84
 1938 05ec 23010000 		.4byte	.LLST6
 1939 05f0 21010000 		.4byte	.LVUS6
 1940 05f4 06       		.uleb128 0x6
 1941 05f5 69647800 		.ascii	"idx\000"
 1942 05f9 3001     		.2byte	0x130
 1943 05fb 84000000 		.4byte	0x84
 1944 05ff 06       		.byte	0x6
 1945 0600 00       		.byte	0
 1946 0601 02       		.uleb128 0x2
 1947 0602 26000000 		.4byte	.LVL28
 1948 0606 2D030000 		.4byte	0x32d
 1949 060a 00       		.byte	0
 1950 060b 08       		.uleb128 0x8
 1951 060c A1030000 		.4byte	.LASF62
 1952 0610 1C01     		.2byte	0x11c
 1953 0612 00000000 		.4byte	.LFB238
 1954 0616 30000000 		.4byte	.LFE238-.LFB238
 1955 061a 01       		.uleb128 0x1
 1956 061b 9C       		.byte	0x9c
 1957 061c 57060000 		.4byte	0x657
 1958 0620 04       		.uleb128 0x4
 1959 0621 02000000 		.4byte	.LBB7
 1960 0625 20000000 		.4byte	.LBE7-.LBB7
 1961 0629 4D060000 		.4byte	0x64d
 1962 062d 05       		.uleb128 0x5
 1963 062e BF020000 		.4byte	.LASF55
 1964 0632 2001     		.2byte	0x120
 1965 0634 84000000 		.4byte	0x84
 1966 0638 2E010000 		.4byte	.LLST5
 1967 063c 2C010000 		.4byte	.LVUS5
 1968 0640 06       		.uleb128 0x6
 1969 0641 69647800 		.ascii	"idx\000"
 1970 0645 2001     		.2byte	0x120
 1971 0647 84000000 		.4byte	0x84
 1972 064b 05       		.byte	0x5
 1973 064c 00       		.byte	0
 1974 064d 02       		.uleb128 0x2
 1975 064e 26000000 		.4byte	.LVL24
 1976 0652 2D030000 		.4byte	0x32d
 1977 0656 00       		.byte	0
 1978 0657 08       		.uleb128 0x8
 1979 0658 02030000 		.4byte	.LASF63
 1980 065c 0C01     		.2byte	0x10c
 1981 065e 00000000 		.4byte	.LFB237
 1982 0662 30000000 		.4byte	.LFE237-.LFB237
 1983 0666 01       		.uleb128 0x1
 1984 0667 9C       		.byte	0x9c
 1985 0668 A3060000 		.4byte	0x6a3
 1986 066c 04       		.uleb128 0x4
 1987 066d 02000000 		.4byte	.LBB6
 1988 0671 20000000 		.4byte	.LBE6-.LBB6
 1989 0675 99060000 		.4byte	0x699
 1990 0679 05       		.uleb128 0x5
 1991 067a BF020000 		.4byte	.LASF55
ARM GAS  /tmp/ccB8e70M.s 			page 36


 1992 067e 1001     		.2byte	0x110
 1993 0680 84000000 		.4byte	0x84
 1994 0684 39010000 		.4byte	.LLST4
 1995 0688 37010000 		.4byte	.LVUS4
 1996 068c 06       		.uleb128 0x6
 1997 068d 69647800 		.ascii	"idx\000"
 1998 0691 1001     		.2byte	0x110
 1999 0693 84000000 		.4byte	0x84
 2000 0697 04       		.byte	0x4
 2001 0698 00       		.byte	0
 2002 0699 02       		.uleb128 0x2
 2003 069a 26000000 		.4byte	.LVL20
 2004 069e 2D030000 		.4byte	0x32d
 2005 06a2 00       		.byte	0
 2006 06a3 13       		.uleb128 0x13
 2007 06a4 9E010000 		.4byte	.LASF64
 2008 06a8 FC       		.byte	0xfc
 2009 06a9 00000000 		.4byte	.LFB236
 2010 06ad 30000000 		.4byte	.LFE236-.LFB236
 2011 06b1 01       		.uleb128 0x1
 2012 06b2 9C       		.byte	0x9c
 2013 06b3 EE060000 		.4byte	0x6ee
 2014 06b7 04       		.uleb128 0x4
 2015 06b8 02000000 		.4byte	.LBB5
 2016 06bc 20000000 		.4byte	.LBE5-.LBB5
 2017 06c0 E4060000 		.4byte	0x6e4
 2018 06c4 05       		.uleb128 0x5
 2019 06c5 BF020000 		.4byte	.LASF55
 2020 06c9 0001     		.2byte	0x100
 2021 06cb 84000000 		.4byte	0x84
 2022 06cf 44010000 		.4byte	.LLST3
 2023 06d3 42010000 		.4byte	.LVUS3
 2024 06d7 06       		.uleb128 0x6
 2025 06d8 69647800 		.ascii	"idx\000"
 2026 06dc 0001     		.2byte	0x100
 2027 06de 84000000 		.4byte	0x84
 2028 06e2 03       		.byte	0x3
 2029 06e3 00       		.byte	0
 2030 06e4 02       		.uleb128 0x2
 2031 06e5 26000000 		.4byte	.LVL16
 2032 06e9 2D030000 		.4byte	0x32d
 2033 06ed 00       		.byte	0
 2034 06ee 13       		.uleb128 0x13
 2035 06ef 89010000 		.4byte	.LASF65
 2036 06f3 EC       		.byte	0xec
 2037 06f4 00000000 		.4byte	.LFB235
 2038 06f8 30000000 		.4byte	.LFE235-.LFB235
 2039 06fc 01       		.uleb128 0x1
 2040 06fd 9C       		.byte	0x9c
 2041 06fe 37070000 		.4byte	0x737
 2042 0702 04       		.uleb128 0x4
 2043 0703 02000000 		.4byte	.LBB4
 2044 0707 20000000 		.4byte	.LBE4-.LBB4
 2045 070b 2D070000 		.4byte	0x72d
 2046 070f 14       		.uleb128 0x14
 2047 0710 BF020000 		.4byte	.LASF55
 2048 0714 F0       		.byte	0xf0
ARM GAS  /tmp/ccB8e70M.s 			page 37


 2049 0715 84000000 		.4byte	0x84
 2050 0719 4F010000 		.4byte	.LLST2
 2051 071d 4D010000 		.4byte	.LVUS2
 2052 0721 15       		.uleb128 0x15
 2053 0722 69647800 		.ascii	"idx\000"
 2054 0726 F0       		.byte	0xf0
 2055 0727 84000000 		.4byte	0x84
 2056 072b 02       		.byte	0x2
 2057 072c 00       		.byte	0
 2058 072d 02       		.uleb128 0x2
 2059 072e 26000000 		.4byte	.LVL12
 2060 0732 2D030000 		.4byte	0x32d
 2061 0736 00       		.byte	0
 2062 0737 13       		.uleb128 0x13
 2063 0738 6C020000 		.4byte	.LASF66
 2064 073c DC       		.byte	0xdc
 2065 073d 00000000 		.4byte	.LFB234
 2066 0741 30000000 		.4byte	.LFE234-.LFB234
 2067 0745 01       		.uleb128 0x1
 2068 0746 9C       		.byte	0x9c
 2069 0747 80070000 		.4byte	0x780
 2070 074b 04       		.uleb128 0x4
 2071 074c 02000000 		.4byte	.LBB3
 2072 0750 20000000 		.4byte	.LBE3-.LBB3
 2073 0754 76070000 		.4byte	0x776
 2074 0758 14       		.uleb128 0x14
 2075 0759 BF020000 		.4byte	.LASF55
 2076 075d E0       		.byte	0xe0
 2077 075e 84000000 		.4byte	0x84
 2078 0762 5A010000 		.4byte	.LLST1
 2079 0766 58010000 		.4byte	.LVUS1
 2080 076a 15       		.uleb128 0x15
 2081 076b 69647800 		.ascii	"idx\000"
 2082 076f E0       		.byte	0xe0
 2083 0770 84000000 		.4byte	0x84
 2084 0774 01       		.byte	0x1
 2085 0775 00       		.byte	0
 2086 0776 02       		.uleb128 0x2
 2087 0777 26000000 		.4byte	.LVL8
 2088 077b 2D030000 		.4byte	0x32d
 2089 077f 00       		.byte	0
 2090 0780 26       		.uleb128 0x26
 2091 0781 D6010000 		.4byte	.LASF72
 2092 0785 01       		.byte	0x1
 2093 0786 CC       		.byte	0xcc
 2094 0787 01       		.byte	0x1
 2095 0788 00000000 		.4byte	.LFB233
 2096 078c 28000000 		.4byte	.LFE233-.LFB233
 2097 0790 01       		.uleb128 0x1
 2098 0791 9C       		.byte	0x9c
 2099 0792 04       		.uleb128 0x4
 2100 0793 02000000 		.4byte	.LBB2
 2101 0797 18000000 		.4byte	.LBE2-.LBB2
 2102 079b BD070000 		.4byte	0x7bd
 2103 079f 14       		.uleb128 0x14
 2104 07a0 BF020000 		.4byte	.LASF55
 2105 07a4 D0       		.byte	0xd0
ARM GAS  /tmp/ccB8e70M.s 			page 38


 2106 07a5 84000000 		.4byte	0x84
 2107 07a9 67010000 		.4byte	.LLST0
 2108 07ad 63010000 		.4byte	.LVUS0
 2109 07b1 15       		.uleb128 0x15
 2110 07b2 69647800 		.ascii	"idx\000"
 2111 07b6 D0       		.byte	0xd0
 2112 07b7 84000000 		.4byte	0x84
 2113 07bb 00       		.byte	0
 2114 07bc 00       		.byte	0
 2115 07bd 02       		.uleb128 0x2
 2116 07be 1E000000 		.4byte	.LVL4
 2117 07c2 2D030000 		.4byte	0x32d
 2118 07c6 00       		.byte	0
 2119 07c7 00       		.byte	0
 2120              		.section	.debug_abbrev,"",%progbits
 2121              	.Ldebug_abbrev0:
 2122 0000 01       		.uleb128 0x1
 2123 0001 0D       		.uleb128 0xd
 2124 0002 00       		.byte	0
 2125 0003 03       		.uleb128 0x3
 2126 0004 0E       		.uleb128 0xe
 2127 0005 3A       		.uleb128 0x3a
 2128 0006 21       		.uleb128 0x21
 2129 0007 04       		.sleb128 4
 2130 0008 3B       		.uleb128 0x3b
 2131 0009 05       		.uleb128 0x5
 2132 000a 39       		.uleb128 0x39
 2133 000b 21       		.uleb128 0x21
 2134 000c 11       		.sleb128 17
 2135 000d 49       		.uleb128 0x49
 2136 000e 13       		.uleb128 0x13
 2137 000f 38       		.uleb128 0x38
 2138 0010 0B       		.uleb128 0xb
 2139 0011 00       		.byte	0
 2140 0012 00       		.byte	0
 2141 0013 02       		.uleb128 0x2
 2142 0014 48       		.uleb128 0x48
 2143 0015 00       		.byte	0
 2144 0016 7D       		.uleb128 0x7d
 2145 0017 01       		.uleb128 0x1
 2146 0018 7F       		.uleb128 0x7f
 2147 0019 13       		.uleb128 0x13
 2148 001a 00       		.byte	0
 2149 001b 00       		.byte	0
 2150 001c 03       		.uleb128 0x3
 2151 001d 24       		.uleb128 0x24
 2152 001e 00       		.byte	0
 2153 001f 0B       		.uleb128 0xb
 2154 0020 0B       		.uleb128 0xb
 2155 0021 3E       		.uleb128 0x3e
 2156 0022 0B       		.uleb128 0xb
 2157 0023 03       		.uleb128 0x3
 2158 0024 0E       		.uleb128 0xe
 2159 0025 00       		.byte	0
 2160 0026 00       		.byte	0
 2161 0027 04       		.uleb128 0x4
 2162 0028 0B       		.uleb128 0xb
ARM GAS  /tmp/ccB8e70M.s 			page 39


 2163 0029 01       		.byte	0x1
 2164 002a 11       		.uleb128 0x11
 2165 002b 01       		.uleb128 0x1
 2166 002c 12       		.uleb128 0x12
 2167 002d 06       		.uleb128 0x6
 2168 002e 01       		.uleb128 0x1
 2169 002f 13       		.uleb128 0x13
 2170 0030 00       		.byte	0
 2171 0031 00       		.byte	0
 2172 0032 05       		.uleb128 0x5
 2173 0033 34       		.uleb128 0x34
 2174 0034 00       		.byte	0
 2175 0035 03       		.uleb128 0x3
 2176 0036 0E       		.uleb128 0xe
 2177 0037 3A       		.uleb128 0x3a
 2178 0038 21       		.uleb128 0x21
 2179 0039 01       		.sleb128 1
 2180 003a 3B       		.uleb128 0x3b
 2181 003b 05       		.uleb128 0x5
 2182 003c 39       		.uleb128 0x39
 2183 003d 21       		.uleb128 0x21
 2184 003e 03       		.sleb128 3
 2185 003f 49       		.uleb128 0x49
 2186 0040 13       		.uleb128 0x13
 2187 0041 02       		.uleb128 0x2
 2188 0042 17       		.uleb128 0x17
 2189 0043 B742     		.uleb128 0x2137
 2190 0045 17       		.uleb128 0x17
 2191 0046 00       		.byte	0
 2192 0047 00       		.byte	0
 2193 0048 06       		.uleb128 0x6
 2194 0049 34       		.uleb128 0x34
 2195 004a 00       		.byte	0
 2196 004b 03       		.uleb128 0x3
 2197 004c 08       		.uleb128 0x8
 2198 004d 3A       		.uleb128 0x3a
 2199 004e 21       		.uleb128 0x21
 2200 004f 01       		.sleb128 1
 2201 0050 3B       		.uleb128 0x3b
 2202 0051 05       		.uleb128 0x5
 2203 0052 39       		.uleb128 0x39
 2204 0053 21       		.uleb128 0x21
 2205 0054 03       		.sleb128 3
 2206 0055 49       		.uleb128 0x49
 2207 0056 13       		.uleb128 0x13
 2208 0057 1C       		.uleb128 0x1c
 2209 0058 0B       		.uleb128 0xb
 2210 0059 00       		.byte	0
 2211 005a 00       		.byte	0
 2212 005b 07       		.uleb128 0x7
 2213 005c 0D       		.uleb128 0xd
 2214 005d 00       		.byte	0
 2215 005e 03       		.uleb128 0x3
 2216 005f 0E       		.uleb128 0xe
 2217 0060 3A       		.uleb128 0x3a
 2218 0061 21       		.uleb128 0x21
 2219 0062 05       		.sleb128 5
ARM GAS  /tmp/ccB8e70M.s 			page 40


 2220 0063 3B       		.uleb128 0x3b
 2221 0064 0B       		.uleb128 0xb
 2222 0065 39       		.uleb128 0x39
 2223 0066 0B       		.uleb128 0xb
 2224 0067 49       		.uleb128 0x49
 2225 0068 13       		.uleb128 0x13
 2226 0069 38       		.uleb128 0x38
 2227 006a 0B       		.uleb128 0xb
 2228 006b 00       		.byte	0
 2229 006c 00       		.byte	0
 2230 006d 08       		.uleb128 0x8
 2231 006e 2E       		.uleb128 0x2e
 2232 006f 01       		.byte	0x1
 2233 0070 3F       		.uleb128 0x3f
 2234 0071 19       		.uleb128 0x19
 2235 0072 03       		.uleb128 0x3
 2236 0073 0E       		.uleb128 0xe
 2237 0074 3A       		.uleb128 0x3a
 2238 0075 21       		.uleb128 0x21
 2239 0076 01       		.sleb128 1
 2240 0077 3B       		.uleb128 0x3b
 2241 0078 05       		.uleb128 0x5
 2242 0079 39       		.uleb128 0x39
 2243 007a 21       		.uleb128 0x21
 2244 007b 01       		.sleb128 1
 2245 007c 27       		.uleb128 0x27
 2246 007d 19       		.uleb128 0x19
 2247 007e 11       		.uleb128 0x11
 2248 007f 01       		.uleb128 0x1
 2249 0080 12       		.uleb128 0x12
 2250 0081 06       		.uleb128 0x6
 2251 0082 40       		.uleb128 0x40
 2252 0083 18       		.uleb128 0x18
 2253 0084 7C       		.uleb128 0x7c
 2254 0085 19       		.uleb128 0x19
 2255 0086 01       		.uleb128 0x1
 2256 0087 13       		.uleb128 0x13
 2257 0088 00       		.byte	0
 2258 0089 00       		.byte	0
 2259 008a 09       		.uleb128 0x9
 2260 008b 16       		.uleb128 0x16
 2261 008c 00       		.byte	0
 2262 008d 03       		.uleb128 0x3
 2263 008e 0E       		.uleb128 0xe
 2264 008f 3A       		.uleb128 0x3a
 2265 0090 0B       		.uleb128 0xb
 2266 0091 3B       		.uleb128 0x3b
 2267 0092 0B       		.uleb128 0xb
 2268 0093 39       		.uleb128 0x39
 2269 0094 0B       		.uleb128 0xb
 2270 0095 49       		.uleb128 0x49
 2271 0096 13       		.uleb128 0x13
 2272 0097 00       		.byte	0
 2273 0098 00       		.byte	0
 2274 0099 0A       		.uleb128 0xa
 2275 009a 0D       		.uleb128 0xd
 2276 009b 00       		.byte	0
ARM GAS  /tmp/ccB8e70M.s 			page 41


 2277 009c 03       		.uleb128 0x3
 2278 009d 08       		.uleb128 0x8
 2279 009e 3A       		.uleb128 0x3a
 2280 009f 21       		.uleb128 0x21
 2281 00a0 04       		.sleb128 4
 2282 00a1 3B       		.uleb128 0x3b
 2283 00a2 05       		.uleb128 0x5
 2284 00a3 39       		.uleb128 0x39
 2285 00a4 21       		.uleb128 0x21
 2286 00a5 11       		.sleb128 17
 2287 00a6 49       		.uleb128 0x49
 2288 00a7 13       		.uleb128 0x13
 2289 00a8 38       		.uleb128 0x38
 2290 00a9 0B       		.uleb128 0xb
 2291 00aa 00       		.byte	0
 2292 00ab 00       		.byte	0
 2293 00ac 0B       		.uleb128 0xb
 2294 00ad 26       		.uleb128 0x26
 2295 00ae 00       		.byte	0
 2296 00af 49       		.uleb128 0x49
 2297 00b0 13       		.uleb128 0x13
 2298 00b1 00       		.byte	0
 2299 00b2 00       		.byte	0
 2300 00b3 0C       		.uleb128 0xc
 2301 00b4 0F       		.uleb128 0xf
 2302 00b5 00       		.byte	0
 2303 00b6 0B       		.uleb128 0xb
 2304 00b7 21       		.uleb128 0x21
 2305 00b8 04       		.sleb128 4
 2306 00b9 49       		.uleb128 0x49
 2307 00ba 13       		.uleb128 0x13
 2308 00bb 00       		.byte	0
 2309 00bc 00       		.byte	0
 2310 00bd 0D       		.uleb128 0xd
 2311 00be 05       		.uleb128 0x5
 2312 00bf 00       		.byte	0
 2313 00c0 49       		.uleb128 0x49
 2314 00c1 13       		.uleb128 0x13
 2315 00c2 00       		.byte	0
 2316 00c3 00       		.byte	0
 2317 00c4 0E       		.uleb128 0xe
 2318 00c5 05       		.uleb128 0x5
 2319 00c6 00       		.byte	0
 2320 00c7 03       		.uleb128 0x3
 2321 00c8 0E       		.uleb128 0xe
 2322 00c9 3A       		.uleb128 0x3a
 2323 00ca 21       		.uleb128 0x21
 2324 00cb 01       		.sleb128 1
 2325 00cc 3B       		.uleb128 0x3b
 2326 00cd 05       		.uleb128 0x5
 2327 00ce 39       		.uleb128 0x39
 2328 00cf 0B       		.uleb128 0xb
 2329 00d0 49       		.uleb128 0x49
 2330 00d1 13       		.uleb128 0x13
 2331 00d2 02       		.uleb128 0x2
 2332 00d3 17       		.uleb128 0x17
 2333 00d4 B742     		.uleb128 0x2137
ARM GAS  /tmp/ccB8e70M.s 			page 42


 2334 00d6 17       		.uleb128 0x17
 2335 00d7 00       		.byte	0
 2336 00d8 00       		.byte	0
 2337 00d9 0F       		.uleb128 0xf
 2338 00da 01       		.uleb128 0x1
 2339 00db 01       		.byte	0x1
 2340 00dc 49       		.uleb128 0x49
 2341 00dd 13       		.uleb128 0x13
 2342 00de 01       		.uleb128 0x1
 2343 00df 13       		.uleb128 0x13
 2344 00e0 00       		.byte	0
 2345 00e1 00       		.byte	0
 2346 00e2 10       		.uleb128 0x10
 2347 00e3 21       		.uleb128 0x21
 2348 00e4 00       		.byte	0
 2349 00e5 49       		.uleb128 0x49
 2350 00e6 13       		.uleb128 0x13
 2351 00e7 2F       		.uleb128 0x2f
 2352 00e8 0B       		.uleb128 0xb
 2353 00e9 00       		.byte	0
 2354 00ea 00       		.byte	0
 2355 00eb 11       		.uleb128 0x11
 2356 00ec 13       		.uleb128 0x13
 2357 00ed 01       		.byte	0x1
 2358 00ee 0B       		.uleb128 0xb
 2359 00ef 0B       		.uleb128 0xb
 2360 00f0 3A       		.uleb128 0x3a
 2361 00f1 21       		.uleb128 0x21
 2362 00f2 04       		.sleb128 4
 2363 00f3 3B       		.uleb128 0x3b
 2364 00f4 05       		.uleb128 0x5
 2365 00f5 39       		.uleb128 0x39
 2366 00f6 21       		.uleb128 0x21
 2367 00f7 09       		.sleb128 9
 2368 00f8 01       		.uleb128 0x1
 2369 00f9 13       		.uleb128 0x13
 2370 00fa 00       		.byte	0
 2371 00fb 00       		.byte	0
 2372 00fc 12       		.uleb128 0x12
 2373 00fd 16       		.uleb128 0x16
 2374 00fe 00       		.byte	0
 2375 00ff 03       		.uleb128 0x3
 2376 0100 0E       		.uleb128 0xe
 2377 0101 3A       		.uleb128 0x3a
 2378 0102 21       		.uleb128 0x21
 2379 0103 04       		.sleb128 4
 2380 0104 3B       		.uleb128 0x3b
 2381 0105 05       		.uleb128 0x5
 2382 0106 39       		.uleb128 0x39
 2383 0107 21       		.uleb128 0x21
 2384 0108 03       		.sleb128 3
 2385 0109 49       		.uleb128 0x49
 2386 010a 13       		.uleb128 0x13
 2387 010b 00       		.byte	0
 2388 010c 00       		.byte	0
 2389 010d 13       		.uleb128 0x13
 2390 010e 2E       		.uleb128 0x2e
ARM GAS  /tmp/ccB8e70M.s 			page 43


 2391 010f 01       		.byte	0x1
 2392 0110 3F       		.uleb128 0x3f
 2393 0111 19       		.uleb128 0x19
 2394 0112 03       		.uleb128 0x3
 2395 0113 0E       		.uleb128 0xe
 2396 0114 3A       		.uleb128 0x3a
 2397 0115 21       		.uleb128 0x21
 2398 0116 01       		.sleb128 1
 2399 0117 3B       		.uleb128 0x3b
 2400 0118 0B       		.uleb128 0xb
 2401 0119 39       		.uleb128 0x39
 2402 011a 21       		.uleb128 0x21
 2403 011b 01       		.sleb128 1
 2404 011c 27       		.uleb128 0x27
 2405 011d 19       		.uleb128 0x19
 2406 011e 11       		.uleb128 0x11
 2407 011f 01       		.uleb128 0x1
 2408 0120 12       		.uleb128 0x12
 2409 0121 06       		.uleb128 0x6
 2410 0122 40       		.uleb128 0x40
 2411 0123 18       		.uleb128 0x18
 2412 0124 7C       		.uleb128 0x7c
 2413 0125 19       		.uleb128 0x19
 2414 0126 01       		.uleb128 0x1
 2415 0127 13       		.uleb128 0x13
 2416 0128 00       		.byte	0
 2417 0129 00       		.byte	0
 2418 012a 14       		.uleb128 0x14
 2419 012b 34       		.uleb128 0x34
 2420 012c 00       		.byte	0
 2421 012d 03       		.uleb128 0x3
 2422 012e 0E       		.uleb128 0xe
 2423 012f 3A       		.uleb128 0x3a
 2424 0130 21       		.uleb128 0x21
 2425 0131 01       		.sleb128 1
 2426 0132 3B       		.uleb128 0x3b
 2427 0133 0B       		.uleb128 0xb
 2428 0134 39       		.uleb128 0x39
 2429 0135 21       		.uleb128 0x21
 2430 0136 03       		.sleb128 3
 2431 0137 49       		.uleb128 0x49
 2432 0138 13       		.uleb128 0x13
 2433 0139 02       		.uleb128 0x2
 2434 013a 17       		.uleb128 0x17
 2435 013b B742     		.uleb128 0x2137
 2436 013d 17       		.uleb128 0x17
 2437 013e 00       		.byte	0
 2438 013f 00       		.byte	0
 2439 0140 15       		.uleb128 0x15
 2440 0141 34       		.uleb128 0x34
 2441 0142 00       		.byte	0
 2442 0143 03       		.uleb128 0x3
 2443 0144 08       		.uleb128 0x8
 2444 0145 3A       		.uleb128 0x3a
 2445 0146 21       		.uleb128 0x21
 2446 0147 01       		.sleb128 1
 2447 0148 3B       		.uleb128 0x3b
ARM GAS  /tmp/ccB8e70M.s 			page 44


 2448 0149 0B       		.uleb128 0xb
 2449 014a 39       		.uleb128 0x39
 2450 014b 21       		.uleb128 0x21
 2451 014c 03       		.sleb128 3
 2452 014d 49       		.uleb128 0x49
 2453 014e 13       		.uleb128 0x13
 2454 014f 1C       		.uleb128 0x1c
 2455 0150 0B       		.uleb128 0xb
 2456 0151 00       		.byte	0
 2457 0152 00       		.byte	0
 2458 0153 16       		.uleb128 0x16
 2459 0154 13       		.uleb128 0x13
 2460 0155 01       		.byte	0x1
 2461 0156 0B       		.uleb128 0xb
 2462 0157 0B       		.uleb128 0xb
 2463 0158 3A       		.uleb128 0x3a
 2464 0159 21       		.uleb128 0x21
 2465 015a 05       		.sleb128 5
 2466 015b 3B       		.uleb128 0x3b
 2467 015c 0B       		.uleb128 0xb
 2468 015d 39       		.uleb128 0x39
 2469 015e 21       		.uleb128 0x21
 2470 015f 09       		.sleb128 9
 2471 0160 01       		.uleb128 0x1
 2472 0161 13       		.uleb128 0x13
 2473 0162 00       		.byte	0
 2474 0163 00       		.byte	0
 2475 0164 17       		.uleb128 0x17
 2476 0165 34       		.uleb128 0x34
 2477 0166 00       		.byte	0
 2478 0167 03       		.uleb128 0x3
 2479 0168 0E       		.uleb128 0xe
 2480 0169 3A       		.uleb128 0x3a
 2481 016a 21       		.uleb128 0x21
 2482 016b 05       		.sleb128 5
 2483 016c 3B       		.uleb128 0x3b
 2484 016d 05       		.uleb128 0x5
 2485 016e 39       		.uleb128 0x39
 2486 016f 0B       		.uleb128 0xb
 2487 0170 49       		.uleb128 0x49
 2488 0171 13       		.uleb128 0x13
 2489 0172 3F       		.uleb128 0x3f
 2490 0173 19       		.uleb128 0x19
 2491 0174 3C       		.uleb128 0x3c
 2492 0175 19       		.uleb128 0x19
 2493 0176 00       		.byte	0
 2494 0177 00       		.byte	0
 2495 0178 18       		.uleb128 0x18
 2496 0179 34       		.uleb128 0x34
 2497 017a 00       		.byte	0
 2498 017b 47       		.uleb128 0x47
 2499 017c 13       		.uleb128 0x13
 2500 017d 3A       		.uleb128 0x3a
 2501 017e 21       		.uleb128 0x21
 2502 017f 01       		.sleb128 1
 2503 0180 3B       		.uleb128 0x3b
 2504 0181 0B       		.uleb128 0xb
ARM GAS  /tmp/ccB8e70M.s 			page 45


 2505 0182 39       		.uleb128 0x39
 2506 0183 0B       		.uleb128 0xb
 2507 0184 02       		.uleb128 0x2
 2508 0185 18       		.uleb128 0x18
 2509 0186 00       		.byte	0
 2510 0187 00       		.byte	0
 2511 0188 19       		.uleb128 0x19
 2512 0189 2E       		.uleb128 0x2e
 2513 018a 01       		.byte	0x1
 2514 018b 3F       		.uleb128 0x3f
 2515 018c 19       		.uleb128 0x19
 2516 018d 03       		.uleb128 0x3
 2517 018e 0E       		.uleb128 0xe
 2518 018f 3A       		.uleb128 0x3a
 2519 0190 21       		.uleb128 0x21
 2520 0191 06       		.sleb128 6
 2521 0192 3B       		.uleb128 0x3b
 2522 0193 0B       		.uleb128 0xb
 2523 0194 39       		.uleb128 0x39
 2524 0195 21       		.uleb128 0x21
 2525 0196 08       		.sleb128 8
 2526 0197 27       		.uleb128 0x27
 2527 0198 19       		.uleb128 0x19
 2528 0199 3C       		.uleb128 0x3c
 2529 019a 19       		.uleb128 0x19
 2530 019b 01       		.uleb128 0x1
 2531 019c 13       		.uleb128 0x13
 2532 019d 00       		.byte	0
 2533 019e 00       		.byte	0
 2534 019f 1A       		.uleb128 0x1a
 2535 01a0 2E       		.uleb128 0x2e
 2536 01a1 01       		.byte	0x1
 2537 01a2 3F       		.uleb128 0x3f
 2538 01a3 19       		.uleb128 0x19
 2539 01a4 03       		.uleb128 0x3
 2540 01a5 0E       		.uleb128 0xe
 2541 01a6 3A       		.uleb128 0x3a
 2542 01a7 21       		.uleb128 0x21
 2543 01a8 01       		.sleb128 1
 2544 01a9 3B       		.uleb128 0x3b
 2545 01aa 05       		.uleb128 0x5
 2546 01ab 39       		.uleb128 0x39
 2547 01ac 21       		.uleb128 0x21
 2548 01ad 06       		.sleb128 6
 2549 01ae 27       		.uleb128 0x27
 2550 01af 19       		.uleb128 0x19
 2551 01b0 11       		.uleb128 0x11
 2552 01b1 01       		.uleb128 0x1
 2553 01b2 12       		.uleb128 0x12
 2554 01b3 06       		.uleb128 0x6
 2555 01b4 40       		.uleb128 0x40
 2556 01b5 18       		.uleb128 0x18
 2557 01b6 7A       		.uleb128 0x7a
 2558 01b7 19       		.uleb128 0x19
 2559 01b8 01       		.uleb128 0x1
 2560 01b9 13       		.uleb128 0x13
 2561 01ba 00       		.byte	0
ARM GAS  /tmp/ccB8e70M.s 			page 46


 2562 01bb 00       		.byte	0
 2563 01bc 1B       		.uleb128 0x1b
 2564 01bd 34       		.uleb128 0x34
 2565 01be 00       		.byte	0
 2566 01bf 03       		.uleb128 0x3
 2567 01c0 0E       		.uleb128 0xe
 2568 01c1 49       		.uleb128 0x49
 2569 01c2 13       		.uleb128 0x13
 2570 01c3 34       		.uleb128 0x34
 2571 01c4 19       		.uleb128 0x19
 2572 01c5 00       		.byte	0
 2573 01c6 00       		.byte	0
 2574 01c7 1C       		.uleb128 0x1c
 2575 01c8 11       		.uleb128 0x11
 2576 01c9 01       		.byte	0x1
 2577 01ca 25       		.uleb128 0x25
 2578 01cb 0E       		.uleb128 0xe
 2579 01cc 13       		.uleb128 0x13
 2580 01cd 0B       		.uleb128 0xb
 2581 01ce 03       		.uleb128 0x3
 2582 01cf 0E       		.uleb128 0xe
 2583 01d0 1B       		.uleb128 0x1b
 2584 01d1 0E       		.uleb128 0xe
 2585 01d2 55       		.uleb128 0x55
 2586 01d3 17       		.uleb128 0x17
 2587 01d4 11       		.uleb128 0x11
 2588 01d5 01       		.uleb128 0x1
 2589 01d6 10       		.uleb128 0x10
 2590 01d7 17       		.uleb128 0x17
 2591 01d8 00       		.byte	0
 2592 01d9 00       		.byte	0
 2593 01da 1D       		.uleb128 0x1d
 2594 01db 24       		.uleb128 0x24
 2595 01dc 00       		.byte	0
 2596 01dd 0B       		.uleb128 0xb
 2597 01de 0B       		.uleb128 0xb
 2598 01df 3E       		.uleb128 0x3e
 2599 01e0 0B       		.uleb128 0xb
 2600 01e1 03       		.uleb128 0x3
 2601 01e2 08       		.uleb128 0x8
 2602 01e3 00       		.byte	0
 2603 01e4 00       		.byte	0
 2604 01e5 1E       		.uleb128 0x1e
 2605 01e6 35       		.uleb128 0x35
 2606 01e7 00       		.byte	0
 2607 01e8 49       		.uleb128 0x49
 2608 01e9 13       		.uleb128 0x13
 2609 01ea 00       		.byte	0
 2610 01eb 00       		.byte	0
 2611 01ec 1F       		.uleb128 0x1f
 2612 01ed 0F       		.uleb128 0xf
 2613 01ee 00       		.byte	0
 2614 01ef 0B       		.uleb128 0xb
 2615 01f0 0B       		.uleb128 0xb
 2616 01f1 00       		.byte	0
 2617 01f2 00       		.byte	0
 2618 01f3 20       		.uleb128 0x20
ARM GAS  /tmp/ccB8e70M.s 			page 47


 2619 01f4 0D       		.uleb128 0xd
 2620 01f5 00       		.byte	0
 2621 01f6 03       		.uleb128 0x3
 2622 01f7 08       		.uleb128 0x8
 2623 01f8 3A       		.uleb128 0x3a
 2624 01f9 0B       		.uleb128 0xb
 2625 01fa 3B       		.uleb128 0x3b
 2626 01fb 0B       		.uleb128 0xb
 2627 01fc 39       		.uleb128 0x39
 2628 01fd 0B       		.uleb128 0xb
 2629 01fe 49       		.uleb128 0x49
 2630 01ff 13       		.uleb128 0x13
 2631 0200 38       		.uleb128 0x38
 2632 0201 0B       		.uleb128 0xb
 2633 0202 00       		.byte	0
 2634 0203 00       		.byte	0
 2635 0204 21       		.uleb128 0x21
 2636 0205 15       		.uleb128 0x15
 2637 0206 01       		.byte	0x1
 2638 0207 27       		.uleb128 0x27
 2639 0208 19       		.uleb128 0x19
 2640 0209 01       		.uleb128 0x1
 2641 020a 13       		.uleb128 0x13
 2642 020b 00       		.byte	0
 2643 020c 00       		.byte	0
 2644 020d 22       		.uleb128 0x22
 2645 020e 34       		.uleb128 0x34
 2646 020f 00       		.byte	0
 2647 0210 03       		.uleb128 0x3
 2648 0211 0E       		.uleb128 0xe
 2649 0212 3A       		.uleb128 0x3a
 2650 0213 0B       		.uleb128 0xb
 2651 0214 3B       		.uleb128 0x3b
 2652 0215 0B       		.uleb128 0xb
 2653 0216 39       		.uleb128 0x39
 2654 0217 0B       		.uleb128 0xb
 2655 0218 49       		.uleb128 0x49
 2656 0219 13       		.uleb128 0x13
 2657 021a 02       		.uleb128 0x2
 2658 021b 18       		.uleb128 0x18
 2659 021c 00       		.byte	0
 2660 021d 00       		.byte	0
 2661 021e 23       		.uleb128 0x23
 2662 021f 2E       		.uleb128 0x2e
 2663 0220 00       		.byte	0
 2664 0221 3F       		.uleb128 0x3f
 2665 0222 19       		.uleb128 0x19
 2666 0223 03       		.uleb128 0x3
 2667 0224 0E       		.uleb128 0xe
 2668 0225 3A       		.uleb128 0x3a
 2669 0226 0B       		.uleb128 0xb
 2670 0227 3B       		.uleb128 0x3b
 2671 0228 05       		.uleb128 0x5
 2672 0229 39       		.uleb128 0x39
 2673 022a 0B       		.uleb128 0xb
 2674 022b 27       		.uleb128 0x27
 2675 022c 19       		.uleb128 0x19
ARM GAS  /tmp/ccB8e70M.s 			page 48


 2676 022d 3C       		.uleb128 0x3c
 2677 022e 19       		.uleb128 0x19
 2678 022f 00       		.byte	0
 2679 0230 00       		.byte	0
 2680 0231 24       		.uleb128 0x24
 2681 0232 2E       		.uleb128 0x2e
 2682 0233 01       		.byte	0x1
 2683 0234 3F       		.uleb128 0x3f
 2684 0235 19       		.uleb128 0x19
 2685 0236 03       		.uleb128 0x3
 2686 0237 0E       		.uleb128 0xe
 2687 0238 3A       		.uleb128 0x3a
 2688 0239 0B       		.uleb128 0xb
 2689 023a 3B       		.uleb128 0x3b
 2690 023b 05       		.uleb128 0x5
 2691 023c 39       		.uleb128 0x39
 2692 023d 0B       		.uleb128 0xb
 2693 023e 27       		.uleb128 0x27
 2694 023f 19       		.uleb128 0x19
 2695 0240 49       		.uleb128 0x49
 2696 0241 13       		.uleb128 0x13
 2697 0242 11       		.uleb128 0x11
 2698 0243 01       		.uleb128 0x1
 2699 0244 12       		.uleb128 0x12
 2700 0245 06       		.uleb128 0x6
 2701 0246 40       		.uleb128 0x40
 2702 0247 18       		.uleb128 0x18
 2703 0248 7A       		.uleb128 0x7a
 2704 0249 19       		.uleb128 0x19
 2705 024a 01       		.uleb128 0x1
 2706 024b 13       		.uleb128 0x13
 2707 024c 00       		.byte	0
 2708 024d 00       		.byte	0
 2709 024e 25       		.uleb128 0x25
 2710 024f 34       		.uleb128 0x34
 2711 0250 00       		.byte	0
 2712 0251 03       		.uleb128 0x3
 2713 0252 08       		.uleb128 0x8
 2714 0253 3A       		.uleb128 0x3a
 2715 0254 0B       		.uleb128 0xb
 2716 0255 3B       		.uleb128 0x3b
 2717 0256 05       		.uleb128 0x5
 2718 0257 39       		.uleb128 0x39
 2719 0258 0B       		.uleb128 0xb
 2720 0259 49       		.uleb128 0x49
 2721 025a 13       		.uleb128 0x13
 2722 025b 02       		.uleb128 0x2
 2723 025c 17       		.uleb128 0x17
 2724 025d B742     		.uleb128 0x2137
 2725 025f 17       		.uleb128 0x17
 2726 0260 00       		.byte	0
 2727 0261 00       		.byte	0
 2728 0262 26       		.uleb128 0x26
 2729 0263 2E       		.uleb128 0x2e
 2730 0264 01       		.byte	0x1
 2731 0265 3F       		.uleb128 0x3f
 2732 0266 19       		.uleb128 0x19
ARM GAS  /tmp/ccB8e70M.s 			page 49


 2733 0267 03       		.uleb128 0x3
 2734 0268 0E       		.uleb128 0xe
 2735 0269 3A       		.uleb128 0x3a
 2736 026a 0B       		.uleb128 0xb
 2737 026b 3B       		.uleb128 0x3b
 2738 026c 0B       		.uleb128 0xb
 2739 026d 39       		.uleb128 0x39
 2740 026e 0B       		.uleb128 0xb
 2741 026f 27       		.uleb128 0x27
 2742 0270 19       		.uleb128 0x19
 2743 0271 11       		.uleb128 0x11
 2744 0272 01       		.uleb128 0x1
 2745 0273 12       		.uleb128 0x12
 2746 0274 06       		.uleb128 0x6
 2747 0275 40       		.uleb128 0x40
 2748 0276 18       		.uleb128 0x18
 2749 0277 7C       		.uleb128 0x7c
 2750 0278 19       		.uleb128 0x19
 2751 0279 00       		.byte	0
 2752 027a 00       		.byte	0
 2753 027b 00       		.byte	0
 2754              		.section	.debug_loclists,"",%progbits
 2755 0000 77010000 		.4byte	.Ldebug_loc3-.Ldebug_loc2
 2756              	.Ldebug_loc2:
 2757 0004 0500     		.2byte	0x5
 2758 0006 04       		.byte	0x4
 2759 0007 00       		.byte	0
 2760 0008 00000000 		.4byte	0
 2761              	.Ldebug_loc0:
 2762              	.LVUS17:
 2763 000c 00       		.uleb128 0
 2764 000d 00       		.uleb128 .LVU345
 2765 000e 00       		.uleb128 .LVU345
 2766 000f 00       		.uleb128 .LVU361
 2767 0010 00       		.uleb128 .LVU361
 2768 0011 00       		.uleb128 .LVU362
 2769 0012 00       		.uleb128 .LVU362
 2770 0013 00       		.uleb128 0
 2771              	.LLST17:
 2772 0014 06       		.byte	0x6
 2773 0015 00000000 		.4byte	.LVL60
 2774 0019 04       		.byte	0x4
 2775 001a 00       		.uleb128 .LVL60-.LVL60
 2776 001b 1A       		.uleb128 .LVL61-.LVL60
 2777 001c 01       		.uleb128 0x1
 2778 001d 50       		.byte	0x50
 2779 001e 04       		.byte	0x4
 2780 001f 1A       		.uleb128 .LVL61-.LVL60
 2781 0020 52       		.uleb128 .LVL62-.LVL60
 2782 0021 01       		.uleb128 0x1
 2783 0022 54       		.byte	0x54
 2784 0023 04       		.byte	0x4
 2785 0024 52       		.uleb128 .LVL62-.LVL60
 2786 0025 54       		.uleb128 .LVL63-.LVL60
 2787 0026 01       		.uleb128 0x1
 2788 0027 50       		.byte	0x50
 2789 0028 04       		.byte	0x4
ARM GAS  /tmp/ccB8e70M.s 			page 50


 2790 0029 54       		.uleb128 .LVL63-.LVL60
 2791 002a 68       		.uleb128 .LFE247-.LVL60
 2792 002b 01       		.uleb128 0x1
 2793 002c 54       		.byte	0x54
 2794 002d 00       		.byte	0
 2795              	.LVUS13:
 2796 002e 00       		.uleb128 0
 2797 002f 00       		.uleb128 .LVU293
 2798 0030 00       		.uleb128 .LVU293
 2799 0031 00       		.uleb128 0
 2800              	.LLST13:
 2801 0032 06       		.byte	0x6
 2802 0033 00000000 		.4byte	.LVL54
 2803 0037 04       		.byte	0x4
 2804 0038 00       		.uleb128 .LVL54-.LVL54
 2805 0039 0A       		.uleb128 .LVL55-.LVL54
 2806 003a 01       		.uleb128 0x1
 2807 003b 50       		.byte	0x50
 2808 003c 04       		.byte	0x4
 2809 003d 0A       		.uleb128 .LVL55-.LVL54
 2810 003e 9401     		.uleb128 .LFE246-.LVL54
 2811 0040 01       		.uleb128 0x1
 2812 0041 54       		.byte	0x54
 2813 0042 00       		.byte	0
 2814              	.LVUS14:
 2815 0043 00       		.uleb128 0
 2816 0044 00       		.uleb128 .LVU322
 2817 0045 00       		.uleb128 .LVU322
 2818 0046 00       		.uleb128 .LVU329
 2819 0047 00       		.uleb128 .LVU329
 2820 0048 00       		.uleb128 0
 2821              	.LLST14:
 2822 0049 06       		.byte	0x6
 2823 004a 00000000 		.4byte	.LVL54
 2824 004e 04       		.byte	0x4
 2825 004f 00       		.uleb128 .LVL54-.LVL54
 2826 0050 71       		.uleb128 .LVL58-1-.LVL54
 2827 0051 01       		.uleb128 0x1
 2828 0052 51       		.byte	0x51
 2829 0053 04       		.byte	0x4
 2830 0054 71       		.uleb128 .LVL58-1-.LVL54
 2831 0055 8401     		.uleb128 .LVL59-.LVL54
 2832 0057 0A       		.uleb128 0xa
 2833 0058 A3       		.byte	0xa3
 2834 0059 03       		.uleb128 0x3
 2835 005a A5       		.byte	0xa5
 2836 005b 01       		.uleb128 0x1
 2837 005c 26       		.uleb128 0x26
 2838 005d A8       		.byte	0xa8
 2839 005e 2D       		.uleb128 0x2d
 2840 005f A8       		.byte	0xa8
 2841 0060 00       		.uleb128 0
 2842 0061 9F       		.byte	0x9f
 2843 0062 04       		.byte	0x4
 2844 0063 8401     		.uleb128 .LVL59-.LVL54
 2845 0065 9401     		.uleb128 .LFE246-.LVL54
 2846 0067 01       		.uleb128 0x1
ARM GAS  /tmp/ccB8e70M.s 			page 51


 2847 0068 51       		.byte	0x51
 2848 0069 00       		.byte	0
 2849              	.LVUS15:
 2850 006a 00       		.uleb128 0
 2851 006b 00       		.uleb128 .LVU322
 2852 006c 00       		.uleb128 .LVU322
 2853 006d 00       		.uleb128 .LVU329
 2854 006e 00       		.uleb128 .LVU329
 2855 006f 00       		.uleb128 0
 2856              	.LLST15:
 2857 0070 06       		.byte	0x6
 2858 0071 00000000 		.4byte	.LVL54
 2859 0075 04       		.byte	0x4
 2860 0076 00       		.uleb128 .LVL54-.LVL54
 2861 0077 71       		.uleb128 .LVL58-1-.LVL54
 2862 0078 01       		.uleb128 0x1
 2863 0079 52       		.byte	0x52
 2864 007a 04       		.byte	0x4
 2865 007b 71       		.uleb128 .LVL58-1-.LVL54
 2866 007c 8401     		.uleb128 .LVL59-.LVL54
 2867 007e 0A       		.uleb128 0xa
 2868 007f A3       		.byte	0xa3
 2869 0080 03       		.uleb128 0x3
 2870 0081 A5       		.byte	0xa5
 2871 0082 02       		.uleb128 0x2
 2872 0083 26       		.uleb128 0x26
 2873 0084 A8       		.byte	0xa8
 2874 0085 2D       		.uleb128 0x2d
 2875 0086 A8       		.byte	0xa8
 2876 0087 00       		.uleb128 0
 2877 0088 9F       		.byte	0x9f
 2878 0089 04       		.byte	0x4
 2879 008a 8401     		.uleb128 .LVL59-.LVL54
 2880 008c 9401     		.uleb128 .LFE246-.LVL54
 2881 008e 01       		.uleb128 0x1
 2882 008f 52       		.byte	0x52
 2883 0090 00       		.byte	0
 2884              	.LVUS16:
 2885 0091 00       		.uleb128 0
 2886 0092 00       		.uleb128 .LVU304
 2887 0093 00       		.uleb128 .LVU304
 2888 0094 00       		.uleb128 .LVU305
 2889 0095 00       		.uleb128 .LVU305
 2890 0096 00       		.uleb128 .LVU329
 2891 0097 00       		.uleb128 .LVU329
 2892 0098 00       		.uleb128 0
 2893              	.LLST16:
 2894 0099 06       		.byte	0x6
 2895 009a 00000000 		.4byte	.LVL54
 2896 009e 04       		.byte	0x4
 2897 009f 00       		.uleb128 .LVL54-.LVL54
 2898 00a0 30       		.uleb128 .LVL56-.LVL54
 2899 00a1 01       		.uleb128 0x1
 2900 00a2 53       		.byte	0x53
 2901 00a3 04       		.byte	0x4
 2902 00a4 30       		.uleb128 .LVL56-.LVL54
 2903 00a5 36       		.uleb128 .LVL57-.LVL54
ARM GAS  /tmp/ccB8e70M.s 			page 52


 2904 00a6 0A       		.uleb128 0xa
 2905 00a7 7C       		.byte	0x7c
 2906 00a8 00       		.sleb128 0
 2907 00a9 33       		.byte	0x33
 2908 00aa 24       		.byte	0x24
 2909 00ab 03       		.byte	0x3
 2910 00ac 04000000 		.4byte	_stm32_dma_isr_redir+4
 2911 00b0 22       		.byte	0x22
 2912 00b1 04       		.byte	0x4
 2913 00b2 36       		.uleb128 .LVL57-.LVL54
 2914 00b3 8401     		.uleb128 .LVL59-.LVL54
 2915 00b5 0A       		.uleb128 0xa
 2916 00b6 A3       		.byte	0xa3
 2917 00b7 03       		.uleb128 0x3
 2918 00b8 A5       		.byte	0xa5
 2919 00b9 03       		.uleb128 0x3
 2920 00ba 26       		.uleb128 0x26
 2921 00bb A8       		.byte	0xa8
 2922 00bc 2D       		.uleb128 0x2d
 2923 00bd A8       		.byte	0xa8
 2924 00be 00       		.uleb128 0
 2925 00bf 9F       		.byte	0x9f
 2926 00c0 04       		.byte	0x4
 2927 00c1 8401     		.uleb128 .LVL59-.LVL54
 2928 00c3 9401     		.uleb128 .LFE246-.LVL54
 2929 00c5 01       		.uleb128 0x1
 2930 00c6 53       		.byte	0x53
 2931 00c7 00       		.byte	0
 2932              	.LVUS12:
 2933 00c8 01       		.uleb128 .LVU271
 2934 00c9 00       		.uleb128 .LVU272
 2935 00ca 00       		.uleb128 .LVU272
 2936 00cb 00       		.uleb128 .LVU281
 2937              	.LLST12:
 2938 00cc 06       		.byte	0x6
 2939 00cd 06000000 		.4byte	.LVL50
 2940 00d1 04       		.byte	0x4
 2941 00d2 00       		.uleb128 .LVL50-.LVL50
 2942 00d3 02       		.uleb128 .LVL51-.LVL50
 2943 00d4 02       		.uleb128 0x2
 2944 00d5 30       		.byte	0x30
 2945 00d6 9F       		.byte	0x9f
 2946 00d7 04       		.byte	0x4
 2947 00d8 02       		.uleb128 .LVL51-.LVL50
 2948 00d9 22       		.uleb128 .LVL53-.LVL50
 2949 00da 01       		.uleb128 0x1
 2950 00db 53       		.byte	0x53
 2951 00dc 00       		.byte	0
 2952              	.LVUS11:
 2953 00dd 00       		.uleb128 .LVU254
 2954 00de 00       		.uleb128 .LVU258
 2955              	.LLST11:
 2956 00df 08       		.byte	0x8
 2957 00e0 0A000000 		.4byte	.LVL47
 2958 00e4 17       		.uleb128 .LVL48-1-.LVL47
 2959 00e5 01       		.uleb128 0x1
 2960 00e6 51       		.byte	0x51
ARM GAS  /tmp/ccB8e70M.s 			page 53


 2961 00e7 00       		.byte	0
 2962              	.LVUS10:
 2963 00e8 00       		.uleb128 .LVU232
 2964 00e9 00       		.uleb128 .LVU236
 2965              	.LLST10:
 2966 00ea 08       		.byte	0x8
 2967 00eb 0A000000 		.4byte	.LVL43
 2968 00ef 17       		.uleb128 .LVL44-1-.LVL43
 2969 00f0 01       		.uleb128 0x1
 2970 00f1 51       		.byte	0x51
 2971 00f2 00       		.byte	0
 2972              	.LVUS9:
 2973 00f3 00       		.uleb128 .LVU210
 2974 00f4 00       		.uleb128 .LVU214
 2975              	.LLST9:
 2976 00f5 08       		.byte	0x8
 2977 00f6 0A000000 		.4byte	.LVL39
 2978 00fa 17       		.uleb128 .LVL40-1-.LVL39
 2979 00fb 01       		.uleb128 0x1
 2980 00fc 51       		.byte	0x51
 2981 00fd 00       		.byte	0
 2982              	.LVUS8:
 2983 00fe 00       		.uleb128 .LVU188
 2984 00ff 00       		.uleb128 .LVU192
 2985              	.LLST8:
 2986 0100 08       		.byte	0x8
 2987 0101 0A000000 		.4byte	.LVL35
 2988 0105 17       		.uleb128 .LVL36-1-.LVL35
 2989 0106 01       		.uleb128 0x1
 2990 0107 51       		.byte	0x51
 2991 0108 00       		.byte	0
 2992              	.LVUS7:
 2993 0109 00       		.uleb128 .LVU165
 2994 010a 00       		.uleb128 .LVU166
 2995 010b 00       		.uleb128 .LVU166
 2996 010c 00       		.uleb128 .LVU170
 2997              	.LLST7:
 2998 010d 06       		.byte	0x6
 2999 010e 06000000 		.4byte	.LVL30
 3000 0112 04       		.byte	0x4
 3001 0113 00       		.uleb128 .LVL30-.LVL30
 3002 0114 04       		.uleb128 .LVL31-.LVL30
 3003 0115 05       		.uleb128 0x5
 3004 0116 71       		.byte	0x71
 3005 0117 00       		.sleb128 0
 3006 0118 3F       		.byte	0x3f
 3007 0119 1A       		.byte	0x1a
 3008 011a 9F       		.byte	0x9f
 3009 011b 04       		.byte	0x4
 3010 011c 04       		.uleb128 .LVL31-.LVL30
 3011 011d 13       		.uleb128 .LVL32-1-.LVL30
 3012 011e 01       		.uleb128 0x1
 3013 011f 51       		.byte	0x51
 3014 0120 00       		.byte	0
 3015              	.LVUS6:
 3016 0121 00       		.uleb128 .LVU143
 3017 0122 00       		.uleb128 .LVU147
ARM GAS  /tmp/ccB8e70M.s 			page 54


 3018              	.LLST6:
 3019 0123 08       		.byte	0x8
 3020 0124 0A000000 		.4byte	.LVL26
 3021 0128 17       		.uleb128 .LVL27-1-.LVL26
 3022 0129 01       		.uleb128 0x1
 3023 012a 51       		.byte	0x51
 3024 012b 00       		.byte	0
 3025              	.LVUS5:
 3026 012c 00       		.uleb128 .LVU121
 3027 012d 00       		.uleb128 .LVU125
 3028              	.LLST5:
 3029 012e 08       		.byte	0x8
 3030 012f 0A000000 		.4byte	.LVL22
 3031 0133 17       		.uleb128 .LVL23-1-.LVL22
 3032 0134 01       		.uleb128 0x1
 3033 0135 51       		.byte	0x51
 3034 0136 00       		.byte	0
 3035              	.LVUS4:
 3036 0137 00       		.uleb128 .LVU99
 3037 0138 00       		.uleb128 .LVU103
 3038              	.LLST4:
 3039 0139 08       		.byte	0x8
 3040 013a 0A000000 		.4byte	.LVL18
 3041 013e 17       		.uleb128 .LVL19-1-.LVL18
 3042 013f 01       		.uleb128 0x1
 3043 0140 51       		.byte	0x51
 3044 0141 00       		.byte	0
 3045              	.LVUS3:
 3046 0142 00       		.uleb128 .LVU77
 3047 0143 00       		.uleb128 .LVU81
 3048              	.LLST3:
 3049 0144 08       		.byte	0x8
 3050 0145 0A000000 		.4byte	.LVL14
 3051 0149 17       		.uleb128 .LVL15-1-.LVL14
 3052 014a 01       		.uleb128 0x1
 3053 014b 51       		.byte	0x51
 3054 014c 00       		.byte	0
 3055              	.LVUS2:
 3056 014d 00       		.uleb128 .LVU55
 3057 014e 00       		.uleb128 .LVU59
 3058              	.LLST2:
 3059 014f 08       		.byte	0x8
 3060 0150 0A000000 		.4byte	.LVL10
 3061 0154 17       		.uleb128 .LVL11-1-.LVL10
 3062 0155 01       		.uleb128 0x1
 3063 0156 51       		.byte	0x51
 3064 0157 00       		.byte	0
 3065              	.LVUS1:
 3066 0158 00       		.uleb128 .LVU33
 3067 0159 00       		.uleb128 .LVU37
 3068              	.LLST1:
 3069 015a 08       		.byte	0x8
 3070 015b 0A000000 		.4byte	.LVL6
 3071 015f 17       		.uleb128 .LVL7-1-.LVL6
 3072 0160 01       		.uleb128 0x1
 3073 0161 51       		.byte	0x51
 3074 0162 00       		.byte	0
ARM GAS  /tmp/ccB8e70M.s 			page 55


 3075              	.LVUS0:
 3076 0163 00       		.uleb128 .LVU10
 3077 0164 00       		.uleb128 .LVU11
 3078 0165 00       		.uleb128 .LVU11
 3079 0166 00       		.uleb128 .LVU15
 3080              	.LLST0:
 3081 0167 06       		.byte	0x6
 3082 0168 06000000 		.4byte	.LVL1
 3083 016c 04       		.byte	0x4
 3084 016d 00       		.uleb128 .LVL1-.LVL1
 3085 016e 04       		.uleb128 .LVL2-.LVL1
 3086 016f 05       		.uleb128 0x5
 3087 0170 71       		.byte	0x71
 3088 0171 00       		.sleb128 0
 3089 0172 3F       		.byte	0x3f
 3090 0173 1A       		.byte	0x1a
 3091 0174 9F       		.byte	0x9f
 3092 0175 04       		.byte	0x4
 3093 0176 04       		.uleb128 .LVL2-.LVL1
 3094 0177 13       		.uleb128 .LVL3-1-.LVL1
 3095 0178 01       		.uleb128 0x1
 3096 0179 51       		.byte	0x51
 3097 017a 00       		.byte	0
 3098              	.Ldebug_loc3:
 3099              		.section	.debug_aranges,"",%progbits
 3100 0000 8C000000 		.4byte	0x8c
 3101 0004 0200     		.2byte	0x2
 3102 0006 00000000 		.4byte	.Ldebug_info0
 3103 000a 04       		.byte	0x4
 3104 000b 00       		.byte	0
 3105 000c 0000     		.2byte	0
 3106 000e 0000     		.2byte	0
 3107 0010 00000000 		.4byte	.LFB233
 3108 0014 28000000 		.4byte	.LFE233-.LFB233
 3109 0018 00000000 		.4byte	.LFB234
 3110 001c 30000000 		.4byte	.LFE234-.LFB234
 3111 0020 00000000 		.4byte	.LFB235
 3112 0024 30000000 		.4byte	.LFE235-.LFB235
 3113 0028 00000000 		.4byte	.LFB236
 3114 002c 30000000 		.4byte	.LFE236-.LFB236
 3115 0030 00000000 		.4byte	.LFB237
 3116 0034 30000000 		.4byte	.LFE237-.LFB237
 3117 0038 00000000 		.4byte	.LFB238
 3118 003c 30000000 		.4byte	.LFE238-.LFB238
 3119 0040 00000000 		.4byte	.LFB239
 3120 0044 30000000 		.4byte	.LFE239-.LFB239
 3121 0048 00000000 		.4byte	.LFB240
 3122 004c 28000000 		.4byte	.LFE240-.LFB240
 3123 0050 00000000 		.4byte	.LFB241
 3124 0054 30000000 		.4byte	.LFE241-.LFB241
 3125 0058 00000000 		.4byte	.LFB242
 3126 005c 30000000 		.4byte	.LFE242-.LFB242
 3127 0060 00000000 		.4byte	.LFB243
 3128 0064 30000000 		.4byte	.LFE243-.LFB243
 3129 0068 00000000 		.4byte	.LFB244
 3130 006c 30000000 		.4byte	.LFE244-.LFB244
 3131 0070 00000000 		.4byte	.LFB245
ARM GAS  /tmp/ccB8e70M.s 			page 56


 3132 0074 44000000 		.4byte	.LFE245-.LFB245
 3133 0078 00000000 		.4byte	.LFB246
 3134 007c 94000000 		.4byte	.LFE246-.LFB246
 3135 0080 00000000 		.4byte	.LFB247
 3136 0084 68000000 		.4byte	.LFE247-.LFB247
 3137 0088 00000000 		.4byte	0
 3138 008c 00000000 		.4byte	0
 3139              		.section	.debug_rnglists,"",%progbits
 3140              	.Ldebug_ranges0:
 3141 0000 64000000 		.4byte	.Ldebug_ranges3-.Ldebug_ranges2
 3142              	.Ldebug_ranges2:
 3143 0004 0500     		.2byte	0x5
 3144 0006 04       		.byte	0x4
 3145 0007 00       		.byte	0
 3146 0008 00000000 		.4byte	0
 3147              	.LLRL18:
 3148 000c 07       		.byte	0x7
 3149 000d 00000000 		.4byte	.LFB233
 3150 0011 28       		.uleb128 .LFE233-.LFB233
 3151 0012 07       		.byte	0x7
 3152 0013 00000000 		.4byte	.LFB234
 3153 0017 30       		.uleb128 .LFE234-.LFB234
 3154 0018 07       		.byte	0x7
 3155 0019 00000000 		.4byte	.LFB235
 3156 001d 30       		.uleb128 .LFE235-.LFB235
 3157 001e 07       		.byte	0x7
 3158 001f 00000000 		.4byte	.LFB236
 3159 0023 30       		.uleb128 .LFE236-.LFB236
 3160 0024 07       		.byte	0x7
 3161 0025 00000000 		.4byte	.LFB237
 3162 0029 30       		.uleb128 .LFE237-.LFB237
 3163 002a 07       		.byte	0x7
 3164 002b 00000000 		.4byte	.LFB238
 3165 002f 30       		.uleb128 .LFE238-.LFB238
 3166 0030 07       		.byte	0x7
 3167 0031 00000000 		.4byte	.LFB239
 3168 0035 30       		.uleb128 .LFE239-.LFB239
 3169 0036 07       		.byte	0x7
 3170 0037 00000000 		.4byte	.LFB240
 3171 003b 28       		.uleb128 .LFE240-.LFB240
 3172 003c 07       		.byte	0x7
 3173 003d 00000000 		.4byte	.LFB241
 3174 0041 30       		.uleb128 .LFE241-.LFB241
 3175 0042 07       		.byte	0x7
 3176 0043 00000000 		.4byte	.LFB242
 3177 0047 30       		.uleb128 .LFE242-.LFB242
 3178 0048 07       		.byte	0x7
 3179 0049 00000000 		.4byte	.LFB243
 3180 004d 30       		.uleb128 .LFE243-.LFB243
 3181 004e 07       		.byte	0x7
 3182 004f 00000000 		.4byte	.LFB244
 3183 0053 30       		.uleb128 .LFE244-.LFB244
 3184 0054 07       		.byte	0x7
 3185 0055 00000000 		.4byte	.LFB245
 3186 0059 44       		.uleb128 .LFE245-.LFB245
 3187 005a 07       		.byte	0x7
 3188 005b 00000000 		.4byte	.LFB246
ARM GAS  /tmp/ccB8e70M.s 			page 57


 3189 005f 9401     		.uleb128 .LFE246-.LFB246
 3190 0061 07       		.byte	0x7
 3191 0062 00000000 		.4byte	.LFB247
 3192 0066 68       		.uleb128 .LFE247-.LFB247
 3193 0067 00       		.byte	0
 3194              	.Ldebug_ranges3:
 3195              		.section	.debug_line,"",%progbits
 3196              	.Ldebug_line0:
 3197 0000 39060000 		.section	.debug_str,"MS",%progbits,1
 3197      03002E01 
 3197      00000201 
 3197      FB0E0D00 
 3197      01010101 
 3198              	.LASF21:
 3199 0000 41504231 		.ascii	"APB1RSTR\000"
 3199      52535452 
 3199      00
 3200              	.LASF48:
 3201 0009 7072696F 		.ascii	"priority\000"
 3201      72697479 
 3201      00
 3202              	.LASF40:
 3203 0012 646D615F 		.ascii	"dma_param\000"
 3203      70617261 
 3203      6D00
 3204              	.LASF67:
 3205 001c 474E5520 		.ascii	"GNU C11 13.2.1 20231009 -mcpu=cortex-m4 -mfloat-abi"
 3205      43313120 
 3205      31332E32 
 3205      2E312032 
 3205      30323331 
 3206 004f 3D686172 		.ascii	"=hard -mfpu=fpv4-sp-d16 -mno-thumb-interwork -mthum"
 3206      64202D6D 
 3206      6670753D 
 3206      66707634 
 3206      2D73702D 
 3207 0082 62202D6D 		.ascii	"b -march=armv7e-m+fp -ggdb -Og -std=c11 -fno-inline"
 3207      61726368 
 3207      3D61726D 
 3207      7637652D 
 3207      6D2B6670 
 3208 00b5 2D736D61 		.ascii	"-small-functions -fomit-frame-pointer -falign-funct"
 3208      6C6C2D66 
 3208      756E6374 
 3208      696F6E73 
 3208      202D666F 
 3209 00e8 696F6E73 		.ascii	"ions=16 -fstack-usage -ffunction-sections -fdata-se"
 3209      3D313620 
 3209      2D667374 
 3209      61636B2D 
 3209      75736167 
 3210 011b 6374696F 		.ascii	"ctions -fno-common -fsingle-precision-constant\000"
 3210      6E73202D 
 3210      666E6F2D 
 3210      636F6D6D 
 3210      6F6E202D 
 3211              	.LASF5:
ARM GAS  /tmp/ccB8e70M.s 			page 58


 3212 014a 73686F72 		.ascii	"short int\000"
 3212      7420696E 
 3212      7400
 3213              	.LASF7:
 3214 0154 73697A65 		.ascii	"size_t\000"
 3214      5F7400
 3215              	.LASF52:
 3216 015b 646D6153 		.ascii	"dmaStreamRelease\000"
 3216      74726561 
 3216      6D52656C 
 3216      65617365 
 3216      00
 3217              	.LASF25:
 3218 016c 42444352 		.ascii	"BDCR\000"
 3218      00
 3219              	.LASF45:
 3220 0171 6E766963 		.ascii	"nvicDisableVector\000"
 3220      44697361 
 3220      626C6556 
 3220      6563746F 
 3220      7200
 3221              	.LASF33:
 3222 0183 6373656C 		.ascii	"cselr\000"
 3222      7200
 3223              	.LASF65:
 3224 0189 56656374 		.ascii	"Vector74\000"
 3224      6F723734 
 3224      00
 3225              	.LASF18:
 3226 0192 444D415F 		.ascii	"DMA_TypeDef\000"
 3226      54797065 
 3226      44656600 
 3227              	.LASF64:
 3228 019e 56656374 		.ascii	"Vector78\000"
 3228      6F723738 
 3228      00
 3229              	.LASF19:
 3230 01a7 43464752 		.ascii	"CFGR\000"
 3230      00
 3231              	.LASF37:
 3232 01ac 73746D33 		.ascii	"stm32_dma_stream_t\000"
 3232      325F646D 
 3232      615F7374 
 3232      7265616D 
 3232      5F7400
 3233              	.LASF8:
 3234 01bf 75696E74 		.ascii	"uint8_t\000"
 3234      385F7400 
 3235              	.LASF24:
 3236 01c7 41504231 		.ascii	"APB1ENR\000"
 3236      454E5200 
 3237              	.LASF36:
 3238 01cf 76656374 		.ascii	"vector\000"
 3238      6F7200
 3239              	.LASF72:
 3240 01d6 56656374 		.ascii	"Vector6C\000"
 3240      6F723643 
ARM GAS  /tmp/ccB8e70M.s 			page 59


 3240      00
 3241              	.LASF43:
 3242 01df 5F73746D 		.ascii	"_stm32_dma_isr_redir\000"
 3242      33325F64 
 3242      6D615F69 
 3242      73725F72 
 3242      65646972 
 3243              	.LASF3:
 3244 01f4 6C6F6E67 		.ascii	"long double\000"
 3244      20646F75 
 3244      626C6500 
 3245              	.LASF42:
 3246 0200 5F73746D 		.ascii	"_stm32_dma_streams\000"
 3246      33325F64 
 3246      6D615F73 
 3246      74726561 
 3246      6D7300
 3247              	.LASF49:
 3248 0213 66756E63 		.ascii	"func\000"
 3248      00
 3249              	.LASF26:
 3250 0218 41484252 		.ascii	"AHBRSTR\000"
 3250      53545200 
 3251              	.LASF2:
 3252 0220 6C6F6E67 		.ascii	"long long int\000"
 3252      206C6F6E 
 3252      6720696E 
 3252      7400
 3253              	.LASF6:
 3254 022e 6C6F6E67 		.ascii	"long int\000"
 3254      20696E74 
 3254      00
 3255              	.LASF34:
 3256 0237 73686966 		.ascii	"shift\000"
 3256      7400
 3257              	.LASF29:
 3258 023d 5243435F 		.ascii	"RCC_TypeDef\000"
 3258      54797065 
 3258      44656600 
 3259              	.LASF22:
 3260 0249 41484245 		.ascii	"AHBENR\000"
 3260      4E5200
 3261              	.LASF20:
 3262 0250 41504232 		.ascii	"APB2RSTR\000"
 3262      52535452 
 3262      00
 3263              	.LASF14:
 3264 0259 43504152 		.ascii	"CPAR\000"
 3264      00
 3265              	.LASF9:
 3266 025e 756E7369 		.ascii	"unsigned char\000"
 3266      676E6564 
 3266      20636861 
 3266      7200
 3267              	.LASF66:
 3268 026c 56656374 		.ascii	"Vector70\000"
 3268      6F723730 
ARM GAS  /tmp/ccB8e70M.s 			page 60


 3268      00
 3269              	.LASF70:
 3270 0275 5F706F72 		.ascii	"_port_irq_epilogue\000"
 3270      745F6972 
 3270      715F6570 
 3270      696C6F67 
 3270      756500
 3271              	.LASF51:
 3272 0288 5F5F6675 		.ascii	"__func__\000"
 3272      6E635F5F 
 3272      00
 3273              	.LASF39:
 3274 0291 646D615F 		.ascii	"dma_func\000"
 3274      66756E63 
 3274      00
 3275              	.LASF23:
 3276 029a 41504232 		.ascii	"APB2ENR\000"
 3276      454E5200 
 3277              	.LASF46:
 3278 02a2 6E766963 		.ascii	"nvicEnableVector\000"
 3278      456E6162 
 3278      6C655665 
 3278      63746F72 
 3278      00
 3279              	.LASF4:
 3280 02b3 7369676E 		.ascii	"signed char\000"
 3280      65642063 
 3280      68617200 
 3281              	.LASF55:
 3282 02bf 666C6167 		.ascii	"flags\000"
 3282      7300
 3283              	.LASF0:
 3284 02c5 6C6F6E67 		.ascii	"long long unsigned int\000"
 3284      206C6F6E 
 3284      6720756E 
 3284      7369676E 
 3284      65642069 
 3285              	.LASF11:
 3286 02dc 75696E74 		.ascii	"uint32_t\000"
 3286      33325F74 
 3286      00
 3287              	.LASF69:
 3288 02e5 2F776F72 		.ascii	"/workspaces/tinySA\000"
 3288      6B737061 
 3288      6365732F 
 3288      74696E79 
 3288      534100
 3289              	.LASF35:
 3290 02f8 73656C66 		.ascii	"selfindex\000"
 3290      696E6465 
 3290      7800
 3291              	.LASF63:
 3292 0302 56656374 		.ascii	"Vector7C\000"
 3292      6F723743 
 3292      00
 3293              	.LASF27:
 3294 030b 43464752 		.ascii	"CFGR2\000"
ARM GAS  /tmp/ccB8e70M.s 			page 61


 3294      3200
 3295              	.LASF28:
 3296 0311 43464752 		.ascii	"CFGR3\000"
 3296      3300
 3297              	.LASF50:
 3298 0317 70617261 		.ascii	"param\000"
 3298      6D00
 3299              	.LASF10:
 3300 031d 73686F72 		.ascii	"short unsigned int\000"
 3300      7420756E 
 3300      7369676E 
 3300      65642069 
 3300      6E7400
 3301              	.LASF16:
 3302 0330 444D415F 		.ascii	"DMA_Channel_TypeDef\000"
 3302      4368616E 
 3302      6E656C5F 
 3302      54797065 
 3302      44656600 
 3303              	.LASF13:
 3304 0344 434E4454 		.ascii	"CNDTR\000"
 3304      5200
 3305              	.LASF30:
 3306 034a 63686172 		.ascii	"char\000"
 3306      00
 3307              	.LASF60:
 3308 034f 56656374 		.ascii	"Vector120\000"
 3308      6F723132 
 3308      3000
 3309              	.LASF59:
 3310 0359 56656374 		.ascii	"Vector124\000"
 3310      6F723132 
 3310      3400
 3311              	.LASF38:
 3312 0363 73746D33 		.ascii	"stm32_dmaisr_t\000"
 3312      325F646D 
 3312      61697372 
 3312      5F7400
 3313              	.LASF44:
 3314 0372 5F426F6F 		.ascii	"_Bool\000"
 3314      6C00
 3315              	.LASF58:
 3316 0378 56656374 		.ascii	"Vector128\000"
 3316      6F723132 
 3316      3800
 3317              	.LASF17:
 3318 0382 49464352 		.ascii	"IFCR\000"
 3318      00
 3319              	.LASF31:
 3320 0387 6368616E 		.ascii	"channel\000"
 3320      6E656C00 
 3321              	.LASF53:
 3322 038f 646D6149 		.ascii	"dmaInit\000"
 3322      6E697400 
 3323              	.LASF57:
 3324 0397 56656374 		.ascii	"Vector12C\000"
 3324      6F723132 
ARM GAS  /tmp/ccB8e70M.s 			page 62


 3324      4300
 3325              	.LASF62:
 3326 03a1 56656374 		.ascii	"Vector80\000"
 3326      6F723830 
 3326      00
 3327              	.LASF12:
 3328 03aa 6C6F6E67 		.ascii	"long unsigned int\000"
 3328      20756E73 
 3328      69676E65 
 3328      6420696E 
 3328      7400
 3329              	.LASF61:
 3330 03bc 56656374 		.ascii	"Vector84\000"
 3330      6F723834 
 3330      00
 3331              	.LASF68:
 3332 03c5 43686962 		.ascii	"ChibiOS/os/hal/ports/STM32/LLD/DMAv1/stm32_dma.c\000"
 3332      694F532F 
 3332      6F732F68 
 3332      616C2F70 
 3332      6F727473 
 3333              	.LASF15:
 3334 03f6 434D4152 		.ascii	"CMAR\000"
 3334      00
 3335              	.LASF47:
 3336 03fb 646D6173 		.ascii	"dmastp\000"
 3336      747000
 3337              	.LASF71:
 3338 0402 646D6153 		.ascii	"dmaStreamAllocate\000"
 3338      74726561 
 3338      6D416C6C 
 3338      6F636174 
 3338      6500
 3339              	.LASF41:
 3340 0414 646D615F 		.ascii	"dma_isr_redir_t\000"
 3340      6973725F 
 3340      72656469 
 3340      725F7400 
 3341              	.LASF32:
 3342 0424 636D6173 		.ascii	"cmask\000"
 3342      6B00
 3343              	.LASF56:
 3344 042a 646D615F 		.ascii	"dma_streams_mask\000"
 3344      73747265 
 3344      616D735F 
 3344      6D61736B 
 3344      00
 3345              	.LASF54:
 3346 043b 56656374 		.ascii	"Vector130\000"
 3346      6F723133 
 3346      3000
 3347              	.LASF1:
 3348 0445 756E7369 		.ascii	"unsigned int\000"
 3348      676E6564 
 3348      20696E74 
 3348      00
 3349              		.ident	"GCC: (15:13.2.rel1-2) 13.2.1 20231009"
ARM GAS  /tmp/ccB8e70M.s 			page 63


ARM GAS  /tmp/ccB8e70M.s 			page 64


DEFINED SYMBOLS
                            *ABS*:00000000 stm32_dma.c
     /tmp/ccB8e70M.s:21     .text.Vector6C:00000000 $t
     /tmp/ccB8e70M.s:28     .text.Vector6C:00000000 Vector6C
     /tmp/ccB8e70M.s:84     .text.Vector6C:00000020 $d
     /tmp/ccB8e70M.s:1182   .bss._stm32_dma_isr_redir:00000000 _stm32_dma_isr_redir
     /tmp/ccB8e70M.s:90     .text.Vector70:00000000 $t
     /tmp/ccB8e70M.s:97     .text.Vector70:00000000 Vector70
     /tmp/ccB8e70M.s:154    .text.Vector70:00000028 $d
     /tmp/ccB8e70M.s:160    .text.Vector74:00000000 $t
     /tmp/ccB8e70M.s:167    .text.Vector74:00000000 Vector74
     /tmp/ccB8e70M.s:224    .text.Vector74:00000028 $d
     /tmp/ccB8e70M.s:230    .text.Vector78:00000000 $t
     /tmp/ccB8e70M.s:237    .text.Vector78:00000000 Vector78
     /tmp/ccB8e70M.s:294    .text.Vector78:00000028 $d
     /tmp/ccB8e70M.s:300    .text.Vector7C:00000000 $t
     /tmp/ccB8e70M.s:307    .text.Vector7C:00000000 Vector7C
     /tmp/ccB8e70M.s:364    .text.Vector7C:00000028 $d
     /tmp/ccB8e70M.s:370    .text.Vector80:00000000 $t
     /tmp/ccB8e70M.s:377    .text.Vector80:00000000 Vector80
     /tmp/ccB8e70M.s:434    .text.Vector80:00000028 $d
     /tmp/ccB8e70M.s:440    .text.Vector84:00000000 $t
     /tmp/ccB8e70M.s:447    .text.Vector84:00000000 Vector84
     /tmp/ccB8e70M.s:504    .text.Vector84:00000028 $d
     /tmp/ccB8e70M.s:510    .text.Vector120:00000000 $t
     /tmp/ccB8e70M.s:517    .text.Vector120:00000000 Vector120
     /tmp/ccB8e70M.s:573    .text.Vector120:00000020 $d
     /tmp/ccB8e70M.s:579    .text.Vector124:00000000 $t
     /tmp/ccB8e70M.s:586    .text.Vector124:00000000 Vector124
     /tmp/ccB8e70M.s:643    .text.Vector124:00000028 $d
     /tmp/ccB8e70M.s:649    .text.Vector128:00000000 $t
     /tmp/ccB8e70M.s:656    .text.Vector128:00000000 Vector128
     /tmp/ccB8e70M.s:713    .text.Vector128:00000028 $d
     /tmp/ccB8e70M.s:719    .text.Vector12C:00000000 $t
     /tmp/ccB8e70M.s:726    .text.Vector12C:00000000 Vector12C
     /tmp/ccB8e70M.s:783    .text.Vector12C:00000028 $d
     /tmp/ccB8e70M.s:789    .text.Vector130:00000000 $t
     /tmp/ccB8e70M.s:796    .text.Vector130:00000000 Vector130
     /tmp/ccB8e70M.s:853    .text.Vector130:00000028 $d
     /tmp/ccB8e70M.s:859    .text.dmaInit:00000000 $t
     /tmp/ccB8e70M.s:866    .text.dmaInit:00000000 dmaInit
     /tmp/ccB8e70M.s:922    .text.dmaInit:00000034 $d
     /tmp/ccB8e70M.s:1175   .bss.dma_streams_mask:00000000 dma_streams_mask
     /tmp/ccB8e70M.s:1189   .rodata._stm32_dma_streams:00000000 _stm32_dma_streams
     /tmp/ccB8e70M.s:930    .text.dmaStreamAllocate:00000000 $t
     /tmp/ccB8e70M.s:937    .text.dmaStreamAllocate:00000000 dmaStreamAllocate
     /tmp/ccB8e70M.s:1061   .text.dmaStreamAllocate:00000088 $d
     /tmp/ccB8e70M.s:1068   .text.dmaStreamRelease:00000000 $t
     /tmp/ccB8e70M.s:1075   .text.dmaStreamRelease:00000000 dmaStreamRelease
     /tmp/ccB8e70M.s:1165   .text.dmaStreamRelease:0000005c $d
     /tmp/ccB8e70M.s:1172   .bss.dma_streams_mask:00000000 $d
     /tmp/ccB8e70M.s:1179   .bss._stm32_dma_isr_redir:00000000 $d
     /tmp/ccB8e70M.s:1186   .rodata._stm32_dma_streams:00000000 $d

UNDEFINED SYMBOLS
_port_irq_epilogue
nvicEnableVector
ARM GAS  /tmp/ccB8e70M.s 			page 65


nvicDisableVector
