:020000040800F2
:1000000000020020C1010008F11E0008417401082F
:10001000F11E0008F11E0008F11E0008F11E000884
:10002000F11E0008F11E0008F11E0008312700082B
:10003000F11E0008F11E0008F11E0008F11E000864
:10004000F11E0008114B0008A14B0008D14B00081D
:10005000F11E0008F11E000831490008614900083E
:1000600091490008C1490008F14900081140000801
:100070004140000871400008A1400008D14000083C
:10008000014100083141000831960008F11E0008C6
:10009000F11E0008F11E0008F11E0008214A0008A8
:1000A000F11E000861500008F11E0008F11E000852
:1000B00041430008B152000881500008F11E0008B9
:1000C000F11E0008F11E0008F11E0008F11E0008D4
:1000D000F11E000841540008F11E0008F11E00083E
:1000E000914A0008414B0008714B0008F11E0008BE
:1000F000F11E0008F11E0008F11E0008F11E0008A4
:10010000F11E0008F11E0008F11E0008F11E000893
:10011000F11E0008F11E0008F11E0008F11E000883
:100120006141000891410008C1410008F141000807
:1001300021420008F11E0008F11E0008F11E00080F
:10014000014C0008614C0008C14C0008F11E000879
:10015000F11E0008F11E0008F11E0008F11E000843
:10016000F11E0008F11E0008F11E000831570008BA
:10017000F11E0008F11E0008F11E0008F11E000823
:10018000F11E0008F11E0008F11E0008F11E000813
:10019000F11E0008F11E0008F11E0008F11E000803
:1001C00072B6344880F3098840F20000CCF2000097
:1001D0004EF63471CEF200010860BFF34F8FBFF3CB
:1001E0006F8F40F20000C0F2F0004EF68851CEF260
:1001F00000010860BFF34F8FBFF36F8F4FF0000017
:10020000E1EE100A4EF63C71CEF2000108600620C5
:1002100080F31488BFF36F8F01F032FE05F0C0FC4D
:100220004FF055301C491D4A91423CBF41F8040B28
:10023000FAE71B49174A91423CBF41F8040BFAE721
:100240001849194A194B9A423EBF51F8040B42F81B
:10025000040BF8E700201649164A91423CBF41F8CA
:10026000040BFAE701F024FE01F012FE124C134DCC
:10027000AC4203DA54F8041B8847F9E716F0C8FDCE
:100280000F4C104DAC4203DA54F8041B8847F9E7D1
:1002900001F006BE800600200000002000020020C1
:1002A0000002002000EA0208800600203415002029
:1002B00038150020DC810020A0010008A001000802
:1002C000A0010008A00100080000000000000000DC
:1002D0002DE9F04F2DED108AC1F80CD0C3689D4672
:1002E000BDEC108ABDE8F08F002383F31188284607
:1002F000A047002002F05CF902F06AF800DFFEE798
:1003000008B52DED028BB0EE408A00F0F9F8B4EE9E
:10031000488AF1EE10FA0FD6B5EEC08AF1EE10FA67
:100320000ADCB5EE408AF1EE10FA08D101F018FCB3
:1003300022239FED090A0360BDEC028B08BD01F08A
:100340000FFCBDEC028B034621221A600348BDE876
:10035000084000F02DB800BF000080FF644B020889
:1003600010EE103AC3F3C7527F3A162A194615DC2D
:10037000002A0CDB0C481041184205D04FF48003D2
:1003800013410B4423EA000300EE103A7047013298
:1003900003F00043F8D143F07E53F5E7802AF3D110
:1003A00030EE000A704700BFFFFF7F000000000032
:1003B0009FED010A704700BF0000C07F00000000F1
:1003C00008B52DED028BB0EE408A00F099F9F0EE01
:1003D000408AB0EE480A00F083F868B1DFED127A87
:1003E000B4EEE78AF1EE10FA0BDCDFED107AB4EE32
:1003F000E78AF1EE10FA0FD4B0EE680ABDEC028B7A
:1004000008BDDFED0B8A01F0ABFBB0EE680ABDEC76
:10041000028B2223036008BD01F0A2FB2223DFED43
:10042000058A0360E8E700BF1772B142B5F1CFC299
:100430000000807F000000000000000000000000BD
:1004400010EE102AC2F3C7537F3B162B22F0004157
:1004500029DC002B104618DB1A4919410A4221D029
:10046000DFED197A70EE277AF5EEC07AF1EE10FA28
:1004700018DD002A04DA4FF4000242FA03F31844AC
:1004800020EA010300EE103A7047DFED0F7A70EEBC
:10049000277AF5EEC07AF1EE10FA03DD002A08DBC8
:1004A0009FED0A0A7047B1F1FF4FFBD330EE000A0F
:1004B0007047DFED077A0029BFEE000A08BFB0EEF3
:1004C000670A7047FFFF7F00CAF249710000000011
:1004D000000000800000000000000000000000009C
:1004E00010EE103A23F00040B0F1FF4FACBF0020F7
:1004F0000120704700000000000000000000000024
:1005000010EE102A32F000432FD0002A134633DBBE
:10051000B2F1FF4F40DAB2F5000F34DB4FF0000CC0
:100520006448C3F31601084400F4000282F07E52CE
:100530000A43DB1500EE102A7F3B5F4A634401F15A
:100540000F0CF7EE007A0CEA020230EE670A03EBBA
:10055000D05322BBB5EE400AF1EE10FA62D1002B67
:1005600040F090809FED550A70479FED557ADFED82
:10057000537A87EE270A704770EE407A9FED4F7AE4
:1005800087EE870A7047DFED4F7A60EE277A6FF0CB
:10059000180C17EE903AC3E730EE000A7047F0EE01
:1005A000007A70EE277A07EE103A80EE274A464826
:1005B000C1F55712084402F522720243002A9FED4A
:1005C000433ADFED434ADFED435ADFED433A9FED17
:1005D000435ADFED437ADFED436A24EE046AF8EE16
:1005E000C72A26EE067AE7EE034AA7EE235AE4EE80
:1005F000875AE5EE076AE5EE877A67EE867AE6EED9
:10060000877A2ADDB6EE007A20EE077A27EE007AA6
:1006100077EE877A67EE847A3BBB37EE677A30EE07
:10062000470A70479FED307AF6EE007AE0EE477A9F
:1006300020EE007A27EE277A002BF0D007EE903AD2
:100640009FED2A6ADFED2A6AF8EEE77AA7EEC67A0E
:1006500037EE400A97EEA60A704770EE677A67EEAB
:10066000847AE3B930EE670A70479FED206ADFEDC8
:10067000206AE2EE867A37EE677A37EE400A92EE2B
:10068000A60A704707EE903A9FED180A9FED187A78
:10069000F8EEE77A27EE800AA7EE870A7047DFEDCB
:1006A000136A9FED137AE2EEE67A37EEC00A92EE15
:1006B000870A704720FB4A00F0FF7F00000000001F
:1006C000000000CC0000004C305CCFFF9788173E44
:1006D00025333A3E2549923E4FD01C3E298E633E3B
:1006E000ABAA2A3FCDCCCC3EABAAAA3ED1F7173756
:1006F0008071313F00000000000000000000000099
:1007000010EE103A23F00042B2F1FF4F53D84FEAF7
:10071000D37100F092806148834200F38480002B03
:10072000C0F284805E4B9A4248D95E4B9A4200F2F6
:1007300097805D4A02EB8102D2ED004AD2ED027A47
:1007400081F0010370EE644A5B1A34EEE70ADFEDD4
:10075000576A9FED575ADFED575A9FED576A20EEC3
:10076000007AA7EE265ADFED556AE5EE075AE5EE68
:10077000876AA6EE876AF0EE406AE6EE476A20EEE8
:10078000266A002B42D0B0EE007A37EE667AB7EEDA
:10079000000AC6EE076A13F17D0F77EEE67A77EE70
:1007A000E47A30EE670A4FDB10EE102A02EBC353F7
:1007B00000EE103A704730EE000A7047B2F1505F19
:1007C0000AD2DFED3F7A70EE277AB7EE007AF4EEC8
:1007D000C77AF1EE10FA5DDC60EE007A9FED337AB5
:1007E000DFED335A9FED336ADFED346AE7EE875A67
:1007F0009FED317AA7EEA56AE7EE866AA7EEA67AA4
:10080000F0EE406AE7EEC76A20EE266AF0EE007A64
:1008100076EEE76AB7EE007AC6EE267A77EEC07A11
:1008200037EE670A7047002000F07CB8254B9A42EB
:100830007FF678AF002000F06FB8DFED237A002953
:1008400018BFB0EE670A704710EE102A643302EB4F
:10085000C353DFED1E7A00EE103A20EE270A7047F0
:10086000114B9FED1B7ADFED1B6A03EB8103D3ED88
:10087000047AE0EE077A9FED187AFDEEE77AF0EE63
:10088000404A17EE903AF8EEE77AE7EEE64A67EE6E
:10089000877A5AE730EE070A704700BF1772B142F5
:1008A0001872B13E9115853F904A02084CBB313316
:1008B0000EEADDB555B38A38ABAA2A3E610B36BBCA
:1008C000CAF24971B5F1CF42000000000000800D6E
:1008D0003BAAB83F8071313FD1F7173700000000C5
:1008E00010B52DED028BB0EE408A044601F038F9C8
:1008F000B0EE480ABDEC028B046010BD28B1F1EEE9
:10090000407A27EE800A2220EAE7F0EE407A27EECE
:10091000800A2220E4E700BF9FED010AEEE700BF56
:10092000000000109FED010AE8E700BF0000007022
:1009300000289FED060AF7EE007ABFEE007A18BF96
:10094000F0EE477A87EE800A2220C9E70000000017
:10095000F0EE407A30EE407AF4EE677AF1EE10FA7B
:1009600087EE070A01D62120BAE770470000000091
:1009700081F0004102E000BF83F0004330B54FEA50
:1009800041044FEA430594EA050F08BF90EA020FBD
:100990001FBF54EA000C55EA020C7FEA645C7FEA50
:1009A000655C00F0E2804FEA5454D4EB5555B8BF73
:1009B0006D420CDD2C4480EA020281EA030382EAE4
:1009C000000083EA010180EA020281EA0303362D76
:1009D00088BF30BD11F0004F4FEA01314FF4801C49
:1009E0004CEA113102D0404261EB410113F0004F5B
:1009F0004FEA03334CEA133302D0524263EB430312
:100A000094EA050F00F0A780A4F10104D5F1200EAF
:100A10000DDB02FA0EFC22FA05F2801841F100010A
:100A200003FA0EF2801843FA05F359410EE0A5F1DE
:100A300020050EF1200E012A03FA0EFC28BF4CF00F
:100A4000020C43FA05F3C01851EBE37101F00045C5
:100A500007D54FF0000EDCF1000C7EEB00006EEBD2
:100A60000101B1F5801F1BD3B1F5001F0CD349085C
:100A70005FEA30004FEA3C0C04F101044FEA4452B3
:100A800012F5800F80F09A80BCF1004F08BF5FEA3A
:100A9000500C50F1000041EB045141EA050130BD1A
:100AA0005FEA4C0C404141EB0101013C28BFB1F52C
:100AB000801FE9D291F0000F04BF01460020B1FA77
:100AC00081F308BF2033A3F10B03B3F120020CDA4A
:100AD0000C3208DD02F1140CC2F10C0201FA0CF028
:100AE00021FA02F10CE002F11402D8BFC2F1200C8D
:100AF00001FA02F120FA0CFCDCBF41EA0C01904043
:100B0000E41AA2BF01EB0451294330BD6FEA04048B
:100B10001F3C1CDA0C340EDC04F11404C4F1200276
:100B200020FA04F001FA02F340EA030021FA04F388
:100B300045EA030130BDC4F10C04C4F1200220FADF
:100B400002F001FA04F340EA0300294630BD21FA1D
:100B500004F0294630BD94F0000F83F4801306BFE3
:100B600081F480110134013D4EE77FEA645C18BFD7
:100B70007FEA655C29D094EA050F08BF90EA020F6E
:100B800005D054EA000C04BF1946104630BD91EA66
:100B9000030F1EBF0021002030BD5FEA545C05D169
:100BA0004000494128BF41F0004130BD14F58004A8
:100BB0003CBF01F5801130BD01F0004545F0FE411C
:100BC00041F470014FF0000030BD7FEA645C1ABF51
:100BD000194610467FEA655C1CBF0B46024650EA88
:100BE000013406BF52EA033591EA030F41F40021B4
:100BF00030BD00BF90F0000F04BF0021704730B53A
:100C00004FF4806404F132044FF000054FF000010E
:100C100050E700BF90F0000F04BF0021704730B5CF
:100C20004FF4806404F1320410F0004548BF4042A4
:100C30004FF000013EE700BF42004FEAE2014FEAF9
:100C400031014FEA02701FBF12F07F4393F07F4FD4
:100C500081F06051704732F07F4208BF704793F0D7
:100C60007F4F04BF41F40021704730B54FF46074EA
:100C700001F0004521F000411CE700BF50EA0102ED
:100C800008BF704730B54FF000050AE050EA010296
:100C900008BF704730B511F0004502D5404261EB06
:100CA00041014FF4806404F132045FEA915C3FF447
:100CB000D8AE4FF003025FEADC0C18BF03325FEAE4
:100CC000DC0C18BF033202EBDC02C2F1200300FA95
:100CD00003FC20FA02F001FA03FE40EA0E0021FABA
:100CE00002F11444BDE600BF000000000000000057
:100CF00070B54FF0FF0C4CF4E06C1CEA11541DBFB2
:100D00001CEA135594EA0C0F95EA0C0F00F0DEF87C
:100D10002C4481EA030621EA4C5123EA4C5350EA61
:100D2000013518BF52EA033541F4801143F48013B2
:100D300038D0A0FB02CE4FF00005E1FB02E506F043
:100D40000042E0FB03E54FF00006E1FB03569CF098
:100D5000000F18BF4EF0010EA4F1FF04B6F5007F9E
:100D600064F5407404D25FEA4E0E6D4146EB060610
:100D700042EAC62141EA55514FEAC52040EA5E5099
:100D80004FEACE2EB4F1FD0C88BFBCF5E06F1ED843
:100D9000BEF1004F08BF5FEA500E50F1000041EB7A
:100DA000045170BD06F0004646EA010140EA020027
:100DB00081EA0301B4EB5C04C2BFD4EB0C0541EA49
:100DC000045170BD41F480114FF0000E013C00F35E
:100DD000AB8014F1360FDEBF002001F0004170BD82
:100DE000C4F10004203C35DA0C341BDC04F114049B
:100DF000C4F1200500FA05F320FA04F001FA05F227
:100E000040EA020001F0004221F0004110EBD370F3
:100E100021FA04F642EB06015EEA430E08BF20EA1F
:100E2000D37070BDC4F10C04C4F1200500FA04F3C2
:100E300020FA05F001FA04F240EA020001F0004154
:100E400010EBD37041F100015EEA430E08BF20EAC7
:100E5000D37070BDC4F1200500FA05F24EEA020E0F
:100E600020FA04F301FA05F243EA020321FA04F03E
:100E700001F0004121FA04F220EA020000EBD370F5
:100E80005EEA430E08BF20EAD37070BD94F0000FF5
:100E90000FD101F00046400041EB010111F4801F29
:100EA00008BF013CF7D041EA060195F0000F18BFDA
:100EB000704703F00046520043EB030313F4801F16
:100EC00008BF013DF7D043EA0603704794EA0C0FD0
:100ED0000CEA135518BF95EA0C0F0CD050EA4106E6
:100EE00018BF52EA4306D1D181EA030101F0004163
:100EF0004FF0000070BD50EA410606BF104619468B
:100F000052EA430619D094EA0C0F02D150EA013696
:100F100013D195EA0C0F05D152EA03361CBF1046D7
:100F200019460AD181EA030101F0004141F0FE4176
:100F300041F470014FF0000070BD41F0FE4141F4FA
:100F4000780170BD70B54FF0FF0C4CF4E06C1CEAFA
:100F500011541DBF1CEA135594EA0C0F95EA0C0FAF
:100F600000F0A7F8A4EB050481EA030E52EA03356A
:100F70004FEA013100F088804FEA03334FF080558B
:100F800045EA131343EA12634FEA022245EA1115B8
:100F900045EA10654FEA00260EF000419D4208BF69
:100FA000964244F1FD0404F5407402D25B084FEA16
:100FB0003202B61A65EB03055B084FEA32024FF4C2
:100FC00080104FF4002CB6EB020E75EB030E22BF1F
:100FD000B61A754640EA0C005B084FEA3202B6EBDF
:100FE000020E75EB030E22BFB61A754640EA5C008E
:100FF0005B084FEA3202B6EB020E75EB030E22BF1E
:10100000B61A754640EA9C005B084FEA3202B6EB1E
:10101000020E75EB030E22BFB61A754640EADC00DD
:1010200055EA060E18D04FEA051545EA16754FEA3F
:1010300006164FEAC30343EA52734FEAC2025FEA5D
:101040001C1CC0D111F4801F0BD141EA00014FF0EC
:1010500000004FF0004CB6E711F4801F04BF0143BD
:101060000020B4F1FD0C88BFBCF5E06F3FF6AFAED9
:10107000B5EB030C04BFB6EB020C5FEA500C50F169
:10108000000041EB045170BD0EF0004E4EEA1131EC
:1010900014EB5C04C2BFD4EB0C0541EA045170BDF3
:1010A00041F480114FF0000E013C90E645EA060E37
:1010B0008DE60CEA135594EA0C0F08BF95EA0C0F65
:1010C0003FF43BAF94EA0C0F0AD150EA01347FF4AD
:1010D00034AF95EA0C0F7FF425AF104619462CE784
:1010E00095EA0C0F06D152EA03353FF4FDAE1046E7
:1010F000194622E750EA410618BF52EA43067FF438
:10110000C5AE50EA41047FF40DAF52EA43057FF4C7
:10111000EBAE12E70000000000000000000000003D
:101120004FEA4102B2F1E04324BFB3F5001CDCF109
:10113000FE5C0DD901F0004C4FEAC0024CEA507041
:10114000B2F1004F40EB830008BF20F00100704770
:1011500011F0804F21D113F13872BCBF01F0004073
:10116000704741F480114FEA5252C2F11802C2F1A5
:10117000200C10FA0CF320FA02F018BF40F0010026
:101180004FEAC1234FEAD32303FA0CFC40EA0C00D8
:1011900023FA02F34FEA4303CCE77FEA625307D115
:1011A00050EA01331EBF4FF0FE4040F4400070474C
:1011B00001F0004040F0FE4040F40000704700BFE6
:1011C00080F0004002E000BF81F0004142001FBFFC
:1011D0005FEA410392EA030F7FEA226C7FEA236C05
:1011E0006AD04FEA1262D2EB1363C1BFD2184140FA
:1011F00048404140B8BF5B42192B88BF704710F090
:10120000004F40F4000020F07F4018BF404211F032
:10121000004F41F4000121F07F4118BF494292EA9A
:10122000030F3FD0A2F1010241FA03FC10EB0C00C6
:10123000C3F1200301FA03F100F0004302D5494253
:1012400060EB4000B0F5000F13D3B0F1807F06D300
:1012500040084FEA310102F10102FE2A51D2B1F1F8
:10126000004F40EBC25008BF20F0010040EA0300ED
:101270007047490040EB0000013A28BFB0F5000F6D
:10128000EDD2B0FA80FCACF1080CB2EB0C0200FA23
:101290000CF0AABF00EBC25052421843BCBFD04072
:1012A0001843704792F0000F81F4000106BF80F4EC
:1012B00000000132013BB5E74FEA41037FEA226CAF
:1012C00018BF7FEA236C21D092EA030F04D092F07A
:1012D000000F08BF0846704790EA010F1CBF0020AE
:1012E000704712F07F4F04D1400028BF40F000400B
:1012F000704712F100723CBF00F50000704700F02B
:10130000004343F0FE4040F4000070477FEA226251
:1013100016BF08467FEA23630146420206BF5FEA22
:10132000412390EA010F40F4800070474FF0000322
:1013300004E000BF10F0004348BF40425FEA000CE9
:1013400008BF704743F0964301464FF000001CE091
:1013500050EA010208BF70474FF000030AE000BFE7
:1013600050EA010208BF704711F0004302D5404225
:1013700061EB41015FEA010C02BF84460146002097
:1013800043F0B64308BFA3F18053A3F50003BCFAB2
:101390008CF2083AA3EBC25310DB01FA02FC63445F
:1013A00000FA02FCC2F12002BCF1004F20FA02F266
:1013B00043EB020008BF20F00100704702F1200259
:1013C00001FA02FCC2F1200250EA4C0021FA02F2BA
:1013D00043EB020008BF20EADC7070470000000009
:1013E0007BB972B90029BEBF00204FF0004106E072
:1013F00008BF00281CBF6FF000414FF0FF3000F025
:10140000F7B9ADF1080C6DE904CE002909DB002B1A
:101410001ADB00F08DF8DDF804E0DDE9022304B00A
:101420007047404261EB4101002B1BDB00F080F86C
:10143000DDF804E0DDE9022304B0404261EB410144
:10144000524263EB43037047524263EB430300F0A5
:101450006FF8DDF804E0DDE9022304B0404261EBFF
:1014600041017047524263EB430300F061F8DDF83D
:1014700004E0DDE9022304B0524263EB430370470A
:1014800053B94AB9002908BF00281CBF4FF0FF31EB
:101490004FF0FF3000F0ACB9ADF1080C6DE904CEAF
:1014A00000F046F8DDF804E0DDE9022304B07047FF
:1014B000D0B5FFF7C1FB0C4B002206460F46FFF7E5
:1014C00017FC00F09DF90446FFF794FB074B002240
:1014D000FFF70EFC02460B4630463946FFF74CFA42
:1014E00000F08EF92146D0BD0000F03D0000F04133
:1014F000D0B50C4B002206460F46FFF7F9FB00F073
:101500007FF90446FFF776FB074B0022FFF7F0FB5D
:1015100002460B4630463946FFF72EFA00F070F9C6
:101520002146D0BD0000F03D0000F0410000000069
:101530002DE9F047089D0E4604460F46002B4AD180
:1015400094468C45B2FA82F260D942B1C2F12003CE
:10155000974020FA03F30CFA02FC1F4394404FEA31
:101560001C4E1FFA8CF6B7FBFEF1230C0EFB117715
:1015700043EA074301FB06F098420AD91CEB030338
:1015800001F1FF3780F01581984240F21281023953
:1015900063441B1AA4B2B3FBFEF00EFB103344EA03
:1015A000034400FB06F6A6420AD91CEB040400F132
:1015B000FF3380F00081A64240F2FD80644402388F
:1015C00040EA0140A41B00211DB1D4400023C5E91D
:1015D0000043BDE8F0878B4205D90DB1C5E9000194
:1015E00000210846F5E7B3FA83F1002946D1B3425A
:1015F00002D3824200F2F580841A66EB03020120D6
:101600001746002DE5D0C5E90047E2E7002A40F083
:101610009380A1EB0C034FEA1C471FFA8CFE0121BB
:10162000B3FBF7F607FB1630230C43EA00430EFB2F
:1016300006F0984208D91CEB030306F1FF3802D2EA
:10164000984200F2D08046461B1AA4B2B3FBF7F0D2
:1016500007FB103344EA03440EFB00FEA64508D9FD
:101660001CEB040400F1FF3302D2A64500F2B68061
:101670001846A4EB0E0440EA0640A5E7C1F1200796
:101680008B4022FA07FC4CEA030C06FA01FE20FA12
:1016900007F426FA07F344EA0E0400FA01F84FEAC9
:1016A0001C404FEA1449B3FBF0FE1FFA8CF600FB16
:1016B0001E3349EA03430EFB06F9994502FA01F28B
:1016C0000BD91CEB03030EF1FF3A80F0858099459E
:1016D00040F28280AEF1020E6344A3EB0909A4B28A
:1016E000B9FBF0F300FB139944EA094403FB06F647
:1016F000A64208D91CEB040403F1FF3068D2A642CD
:1017000066D9023B644443EA0E40A41BA0FB02E6F8
:10171000B4427346B14652D34FD05DB1B8EB030229
:1017200064EB090404FA07F722FA01F31F43CC40E3
:10173000C5E9007400214CE7C2F1200120FA01F351
:101740000CFA02FC26FA01F1964033434FEA1C479B
:101750001FFA8CFEB1FBF7F007FB1016190C41EADB
:10176000064100FB0EF68E4204FA02F408D91CEB87
:10177000010100F1FF382DD28E422BD9023861448D
:10178000891B9BB2B1FBF7F607FB161143EA014335
:1017900006FB0EF1994208D91CEB030306F1FF3852
:1017A00014D2994212D9023E63445B1A46EA0041C0
:1017B00036E73946EDE6184602E7F045ADD2BEEB16
:1017C000020366EB0C060138B146A6E74646ECE795
:1017D000034698E74046D3E7D6467EE7644402389E
:1017E00047E708460DE7023E63442DE7000000008E
:1017F000704700BF00000000000000000000000073
:101800004A0011D212F5001211D20DD56FF478737F
:10181000B3EB62520ED44FEAC12343F0004343EAD4
:10182000505323FA02F070474FF00000704750EA1F
:10183000013002D14FF0FF3070474FF00000704789
:1018400011F0FF01034600F0030239D08ABB0268A1
:1018500010B501EB012E0EEB0E4E8EEA0204A2F142
:10186000013323EA0203A4F1013222EA0402134302
:1018700013F0803F0FD150F8044F84EA0E0CA4F10E
:101880000133ACF1013223EA040322EA0C021343D0
:1018900013F0803FEFD0037823B936E010F8013F12
:1018A000002B32D09942F9D110BD8A4228D09A0734
:1018B00029D01A7818460133002AF6D1104670470D
:1018C000CAB90268A2F1013323EA020313F0803F90
:1018D00008D150F8042FA2F1013323EA020313F0D8
:1018E000803FF6D003785BB110F8013F002BFBD1AD
:1018F0007047990705D0184613F8012B002AF8D134
:1019000070471846DDE71846A1E7184610BD00BF2E
:1019100080EA0102844612F0030F4FD111F0030F49
:1019200032D14DF8044D11F0040F51F8043B0BD0A7
:10193000A3F101329A4312F0803F04BF4CF8043BFC
:1019400051F8043B16D100BF51F8044BA3F101320A
:101950009A4312F0803FA4F101320BD14CF8043BC2
:10196000A24312F0803F04BF51F8043B4CF8044BF3
:10197000EAD023460CF8013B13F0FF0F4FEA332364
:10198000F8D15DF8044B704711F0010F06D011F843
:10199000012B0CF8012B002A08BF704711F0020F31
:1019A000BFD031F8022B12F0FF0F16BF2CF8022B1C
:1019B0008CF8002012F47F4FB3D1704711F8012B3F
:1019C0000CF8012B002AF9D1704700BF000000007D
:1019D00030B490F800F020F007016FF0000C10F028
:1019E000070491F820F040F048804FF000046FF0B9
:1019F0000700D1E9002391F840F000F1080082FAD5
:101A00004CF2A4FA8CF283FA4CF3A2FA8CF34BBB9F
:101A1000D1E9022382FA4CF200F10800A4FA8CF218
:101A200083FA4CF3A2FA8CF3E3B9D1E9042382FAE6
:101A30004CF200F10800A4FA8CF283FA4CF3A2FAFB
:101A40008CF37BB9D1E9062301F1200182FA4CF233
:101A500000F10800A4FA8CF283FA4CF3A2FA8CF39A
:101A6000002BC6D0002A04BF04301A4612BAB2FABC
:101A700082F200EBD20030BC7047D1E9002304F0C1
:101A80000305C4F100004FEAC50514F0040F91F8F6
:101A900040F00CFA05F562EA05021CBF63EA050393
:101AA00062464FF00004AAE70000000000000000BA
:101AB000830730B547D0541E002A3ED0CAB2034631
:101AC00001E0013C39D303F8012B9D07F9D1032C28
:101AD0002CD9CDB205EB05250F2C05EB054535D9E5
:101AE000A4F1100222F00F0C03F1100EE6444FEAAD
:101AF000121C1A46C2E90055C2E90255103272455D
:101B0000F8D10CF1010214F00C0F03EB021204F0F7
:101B10000F0C13D0ACF1040323F00303043313447C
:101B200042F8045B9342FBD10CF003042CB1C9B220
:101B30001C4403F8011BA342FBD130BD644613468D
:101B4000002CF4D1F9E703461446C0E71A46A44630
:101B5000E0E700BF000000000000000000000000FF
:101B6000014B1868704700BF80060020000000008D
:101B700088420ED98B1883420BD900EB020C002A45
:101B80006ED0624613F801CD02F801CD9942F9D129
:101B900070470F2A0FD8034602F1FF3C002A5FD09E
:101BA0000CF1010C013B8C4411F8012B03F8012FBF
:101BB0006145F9D1704740EA01039B0751D1A2F179
:101BC000100370B501F1200C23F00F0501F1100E88
:101BD00000F11004AC441B095EF8105C44F8105C82
:101BE0005EF80C5C44F80C5C5EF8085C44F8085C39
:101BF0005EF8045C44F8045C0EF1100EE64504F156
:101C00001004E9D1013312F00C0F01EB031102F0C3
:101C10000F0400EB031328D0043C24F003064FEA22
:101C2000940C1E441C1F8E465EF8045B44F8045F4F
:101C3000B442F9D10CF1010402F0030203EB840376
:101C400001EB840102F1FF3C4AB10CF1010C013BB4
:101C50008C4411F8012B03F8012F6145F9D170BDB7
:101C6000704702F1FF3C03469AE72246EAE700BFCD
:101C7000844641EA000313F003036DD1403A41D397
:101C800051F8043B40F8043B51F8043B40F8043B56
:101C900051F8043B40F8043B51F8043B40F8043B46
:101CA00051F8043B40F8043B51F8043B40F8043B36
:101CB00051F8043B40F8043B51F8043B40F8043B26
:101CC00051F8043B40F8043B51F8043B40F8043B16
:101CD00051F8043B40F8043B51F8043B40F8043B06
:101CE00051F8043B40F8043B51F8043B40F8043BF6
:101CF00051F8043B40F8043B51F8043B40F8043BE6
:101D0000403ABDD2303211D351F8043B40F8043B85
:101D100051F8043B40F8043B51F8043B40F8043BC5
:101D200051F8043B40F8043B103AEDD20C3205D395
:101D300051F8043B40F8043B043AF9D2043208D08D
:101D4000D2071CBF11F8013B00F8013B01D30B88FF
:101D500003806046704700BF082A13D38B078DD0DD
:101D600010F003038AD0C3F10403D21ADB071CBFAF
:101D700011F8013B00F8013B80D331F8023B20F819
:101D8000023B7BE7043AD9D3013A11F8013B00F852
:101D9000013BF9D20B7803704B7843708B788370DA
:101DA00060467047000000000000000000000000D6
:101DB00040EA01039B0710B501D1032A17D88446D6
:101DC00001F1FF3E07E01EF8011F03F8011B541E3E
:101DD00029B19C4622466346002AF4D110BD9444A2
:101DE000002CFBD003F8011B6345FBD110BD8E46D0
:101DF0008446DEF80040A4F1013323EA040313F023
:101E0000803F71460EF1040EDAD1043A032A4CF8F1
:101E1000044BEED87146D3E700000000000000003C
:101E2000032A30B415D941EA0004A40784460B46BE
:101E300004D0541E0FE0043A032A08D9194660461C
:101E400053F8044B5CF8045BA542F4D0F1E760461C
:101E50001946541E7AB1431E0139021901E09A4213
:101E600009D013F8010F11F801CF6045F7D0A0EBAE
:101E70000C0030BC7047002030BC704700000000F0
:101E8000704700BF000000000000000000000000DC
:101E9000704700BF000000000000000000000000CC
:101EA000FEE700BF0000000000000000000000008E
:101EB0000B4A11E050F8041B43F8041B9168994247
:101EC000F8D802E0002143F8041BD1689942F9D800
:101ED0001032044B9A4202D210685368EEE7704702
:101EE000A84A0208284B0208000000000000000079
:101EF000FEE700BF0000000000000000000000003E
:101F00000D4B00229A60D96821F4E0610904090CA4
:101F10000A4A0A43DA60D3F8FC2042F08072C3F820
:101F2000FC2007490A6842F001020A601022DA77B1
:101F3000202283F82220704700ED00E00003FA051C
:101F4000001000E0000000000000000000000000A1
:101F5000FEE700BF000000000000000000000000DD
:101F600038B51D4BDC694FF08043586A0CE0002304
:101F700083F311882069A847202383F31188164B27
:101F8000DC694FF08043586AA368134A916A421A89
:101F9000934211D8104A0B449362216802F11C034A
:101FA0004B602168D161E5680021E160D2699A4205
:101FB000DDD100F03DFCDAE7074A52F81C4F9442AD
:101FC00006D00B441B1A012B03D9184400F038FC2F
:101FD00038BD0223F9E700BF801600200000000092
:101FE00010B500F0DDF800F04BF80B4C80220B49E7
:101FF000204600F015FA44F8180C094BC361012380
:1020000080F82030FFF77CFF002383F3118862B64D
:10201000044800F045FA10BDB01600200C65020817
:1020200000020020F464020800000000000000002C
:1020300072B6014BD862FEE7801600200000000057
:1020400008B5FFF78DFF08BD00000000000000008C
:10205000401A521A90422CBF00200120704700BF46
:1020600038B5064B5D684419044B5868224629462A
:10207000FFF7EEFF0028F7D138BD00BF001000E0E9
:10208000054B03F11C02DA611A624FF0FF325A620B
:1020900000229A62704700BF8016002000000000F6
:1020A00038B505460361C2604FF08043586A012984
:1020B0000ED91A4B53F81C2F9A420BD00844174BD9
:1020C0009C6A041B9368A34212D8144BDB6914E08A
:1020D0000221EEE7114B9862DD611D6203F11C02E3
:1020E0002A606A60A960986A084400F099FB14E0CD
:1020F00000F0A6FBE9E7A41A1B689A68A242FAD38B
:102100002B605A686A6015605D60AC609A68121B4B
:102110009A60024B4FF0FF325A6238BD80160020A1
:1021200008B51D4BDB6983420FD04268036813601A
:1021300042685A600023C3600368184A934203D080
:102140009A6881680A449A6008BD0168124A134679
:1021500043F81C1F4B600021C160D2699A4215D020
:10216000936881680B4493604FF08043586A0A4A31
:10217000936AC11AD26992688A42E5D91B1A13443C
:10218000012B06D9184400F05BFBDDE700F050FBA3
:10219000DAE70223F6E700BF801600209C16002035
:1021A000034B1B605B6000229A601B615B617047A0
:1021B0008016002000000000000000000000000069
:1021C000002380F82030064B1B6899688268914292
:1021D000FAD203605A68426010605860704700BFCE
:1021E0008016002000000000000000000000000039
:1021F00008B5202383F3118890F82030032B05D0F5
:10220000042B0FD02BB983F311880AE0436A002214
:102210001A604FF0FF334362FFF7D2FF002383F3CE
:10222000118808BD42680368136042685A60F0E78D
:10223000002380F82030064B1B6899688268914221
:10224000FAD803605A68426010605860704700BF57
:1022500080160020000000000000000000000000C8
:1022600010B50E4B9C6984F820001A68116819603B
:102270004B609A61012382F82030EFF30983643BBD
:10228000E269934205D32146044B9869FEF720F892
:1022900010BD0348FFF7CCFEF5E700BF8016002015
:1022A000304B0208000000000000000000000000A9
:1022B00010B586B00446B1F1FF3F12D00A4B9B69BE
:1022C0000A4A01A8FFF7ECFE2046FFF7C9FF049B6E
:1022D00013B101A8FFF724FF034B9B69586A06B0AE
:1022E00010BDFFF7BDFFF7E780160020F1210008C1
:1022F00038B50446104B98696162A26883689A42B7
:1023000003D82046FFF75CFF38BDFFF759FF0546AD
:10231000094B9C61012384F82030EFF30983643B6F
:10232000C269934204D329462046FDF7D1FFEBE76B
:102330000248FFF77DFEF6E780160020304B0208CA
:10234000044B1A6890689B699B68984294BF002070
:1023500001207047801600200000000000000000EF
:1023600010B50E4B98691A68116819604B609A6134
:10237000012382F82030FFF75BFF0446EFF3098367
:10238000643BC269934205D32146044B9869FDF72B
:102390009FFF10BD0248FFF74BFEF5E780160020B7
:1023A000304B0208000000000000000000000000A8
:1023B00008B5054B1A6892689B699B689A4200D8D9
:1023C00008BDFFF7CDFFFBE78016002000000000EE
:1023D00010B50E4B98691A68116819604B609A61C4
:1023E000012382F82030FFF723FF0446EFF309832F
:1023F000643BC269934205D32146044B9869FDF7BB
:1024000067FF10BD0248FFF713FEF5E780160020B6
:10241000304B020800000000000000000000000037
:102420008260022280F82020002280F821200122F0
:1024300080F822208161054A026151694161086189
:10244000506100F128028262704700BF80160020B0
:1024500001E000F8012B8842FBD370470000000028
:1024600008B58368426843F8142CA3F1940243F83A
:10247000242C016943F8541C416943F8501C054958
:1024800043F8341CC2680168A3F13000FFF7C8FFAD
:1024900008BD00BFE90200080000000000000000C5
:1024A00010B50446552281684068FFF7D1FF20230C
:1024B00083F311882046FFF7D3FF04460021FFF77E
:1024C00017FF002383F31188204610BD0000000091
:1024D000F8B505460C4616461F4655224118FFF72B
:1024E000B7FF202383F31188303C2819C561A0F180
:1024F0006401C16040F8247C069B40F8203C084BF6
:1025000040F8043C32460749FFF78AFF04460021A1
:10251000FFF7EEFE002383F311882046F8BD00BFCD
:10252000E9020008404B0208000000000000000023
:10253000202383F3118890F82230013B80F8223069
:10254000036A03F0FF130F2B03D0002383F31188DA
:10255000704742690369136142695A61002383F33A
:10256000118870470000000000000000000000001B
:1025700010B50C4B9C69606203E00368A362FFF72F
:102580001FFE234653F8280F9842F6D194F82230C4
:1025900023B962692369136162695A610F20FFF7E9
:1025A0005FFE10BD8016002000000000000000004B
:1025B00008B5202383F31188FFF7DAFF08BD00BFB9
:1025C00038B50446202383F3118890F820300F2B70
:1025D00008D1656A002383F311882046FFF7A8FF1E
:1025E000284638BD044B9B69826A1A6083620920C1
:1025F000FFF736FEEDE700BF801600200000000068
:1026000008B50146202383F311880820FFF750FE08
:10261000002383F3118808BD0000000000000000C3
:1026200010B5054CA369036058620320FFF718FE3C
:10263000A369586A10BD00BF80160020000000008A
:1026400008B50346006820B100221A604162FFF716
:10265000B7FD08BD00000000000000000000000001
:1026600008B50346006818B100221A60FFF740FE63
:1026700008BD00BF000000000000000000000000D6
:1026800059B108B5064B9B69186042685A601360DF
:1026900043600420FFF70CFE08BD4FF0FF30704789
:1026A0008016002000000000000000000000000074
:1026B00008B503460068834205D002681A6053607B
:1026C0004162FFF77DFD08BD000000000000000032
:1026D00038B504460D4605E0036823605C6045623A
:1026E000FFF76EFD20688442F6D138BD000000007F
:1026F000202383F31188034B1869002383F3118887
:10270000704700BF8016002000000000000000009D
:10271000202383F311880069044B984203D00023DF
:1027200083F3118870470020F9E700BF801600206E
:1027300080B400AF084A536B23F001035363EFF3F7
:102740000983683383F30988002383F31188BD4626
:102750005DF8047B704700BF00EF00E00000000060
:1027600098B500AF202383F31188124B5B6813F4F4
:10277000006F03D1002383F3118898BDF1EE103A66
:10278000EFF30984A4F168034FF0807244F84C2CF5
:10279000094AD26B44F8082C83F30988FFF7D0FD6F
:1027A00018B1064B44F8503CE7E7054B44F8503C61
:1027B000E3E700BF00ED00E000EF00E0F9020008F1
:1027C000FC02000800000000000000000000000003
:1027D00008B501F0A5FB0C4802F0DAFA00F018FC8D
:1027E00000F08EFC00F0ACFC00F0F2FC00F080FD8C
:1027F00001F05EF900F0B4FE01F042FB03F000FAD4
:1028000000F006F808BD00BF98660208000000004E
:1028100008B501F0ADFD08BD00000000000000009B
:102820004FF08043586300221A610222DA60704739
:102830004FF080430022DA60704700BF00000000C4
:102840004FF0804358637047000000000000000014
:1028500030B400604060002484600161C1600432D3
:1028600003FB021545618261C361016244628462B7
:10287000029BC362039B036330BC704700000000EF
:1028800008B500228260016A0161C1604262826211
:102890006FF00101FFF71CFF08BD00BF0000000042
:1028A000C3680269934201D0181D70478268002AEC
:1028B000FAD00020704700BF0000000000000000B8
:1028C00008B5C3681960836801338360C36882698F
:1028D0001344C3604269934201D3036AC360002179
:1028E000FFF7E6FE08BD00BF00000000000000008A
:1028F00038B504460D46A36833B929462046FFF78C
:10290000BFFE0028F7DA06E02269131D6362126831
:102910001344A362002038BD000000000000000046
:1029200008B58368013B83600369826913440361CE
:102930004269934201D3036A036100234362C36A7D
:1029400003B1984708BD00BF000000000000000070
:1029500038B50446202383F31188436A5BB1636A68
:1029600013F8015B6362A26A93420DD2002383F3E2
:102970001188284638BDFFF7BBFF05460028EED07A
:10298000002383F31188F4E72046FFF7C9FFEDE742
:102990002DE9F04704460E4617469846202383F358
:1029A00011884FF080435B6A08EB0309002545E07E
:1029B00008F1FF3313F1030F10D84FF08043596A29
:1029C000A9EB010188450ED32046FFF791FFC0B364
:1029D000002383F311882846BDE8F087414620464E
:1029E000FFF786FFF3E7002383F31188F3E7DCF8B2
:1029F00000A0DCF80400DCF80820DCF80C30CEF88D
:102A000000A0CEF80400CEF80820CEF80C300CF16F
:102A1000100C0EF1100E8C45E9D14036636A40333C
:102A200063624035626AA36A9A4223D2002383F329
:102A30001188BD42CFD2202383F31188636A002B13
:102A4000B6D0A36A616A5B1AA7EB050A9A4500D360
:102A50009A46BAF1400F03D98C46B6464031C6E7D4
:102A600052463046FFF704F95644636A53446362A2
:102A70005544D7E72046FFF753FFD7E70000000093
:102A800010B40060406083600161C160043203FBE8
:102A9000021444618261C361016200234362836264
:102AA000019BC362029B03635DF8044B704700BF48
:102AB00008B5C2698260026A0261C2600022426295
:102AC00082626FF00101FFF703FE08BD0000000005
:102AD000C26803699A4204D01B680B600069043025
:102AE00070478268002AF7D000207047000000007D
:102AF00008B5836801338360036982691344036105
:102B00004269934201D3036A03610021FFF7D0FDBC
:102B100008BD00BF00000000000000000000000031
:102B200038B504460D46A36833B929462046FFF759
:102B3000A7FD0028F7DA06E0E3681A1D6262A269C1
:102B40001344A362002038BD000000000000000014
:102B500008B5C36819608368013B8360C3688269F4
:102B60001344C3604269934201D3036AC3600023E4
:102B70004362C36A03B1984708BD00BF000000006C
:102B800038B504460D46202383F31188436A5BB1B0
:102B9000636A1D70636A01336362A26A93420CD256
:102BA000002080F3118838BD1146FFF7B9FF0028D7
:102BB000EED0002383F31188F5E7A169043920469C
:102BC000FFF7C6FFECE700BF0000000000000000B8
:102BD0002DE9F04704460E4617469846202383F316
:102BE00011884FF080435B6A08EB030900253FE042
:102BF00008F1FF3313F1030F10D84FF08043596AE7
:102C0000A9EB010188450ED32046FFF789FF90B359
:102C1000002383F311882846BDE8F087414620460B
:102C2000FFF77EFFF3E7002383F31188F3E7D3F880
:102C300000E0D3F804C09968DA68C0F800E0C0F892
:102C400004C08160C260103310305345EFD140366C
:102C5000636A403363624035626AA36A9A4223D250
:102C6000002383F31188BD42D5D2202383F311883A
:102C7000636A002BBCD0A36A606A1B1AA7EB050A23
:102C80009A4500D39A46BAF1400F03D9334606F16C
:102C9000400ACCE752463146FEF7EAFF5644636AE3
:102CA000534463625544D7E7A16904392046FFF7CE
:102CB0004FFFD5E70000000000000000000000000A
:102CC000C3680269934201D0002070478268BAB19C
:102CD000426ABAB1D21A043A01D1002070471A6090
:102CE0008368013B8360C36882691344C36042699F
:102CF000934201D3036AC3600023436201207047FB
:102D00000020704700207047000000000000000015
:102D100010B40060406000248460C1608161416142
:102D200011440161C361019B03625DF8044B70476C
:102D300008B5C26882614261002282606FF00101C1
:102D4000FFF7C6FC08BD00BF000000000000000047
:102D500008B543698269934210D08268013282606B
:102D60005A1C42611970426903699A4201D3C368CF
:102D700043610021FFF79CFC002008BD8268002A07
:102D8000EBD04FF0FF30F8E700000000000000003B
:102D900038B505460C46202383F31188AB684BB940
:102DA00021462846FFF76CFC0028F7DA002383F35E
:102DB000118813E0AB68013BAB60AA69531CAB619F
:102DC00014782A69934201D3EB68AB61EB690BB1CC
:102DD00028469847002383F31188204638BD00BF5A
:102DE0002DE9F04704460D4616461F46D0F81C90C4
:102DF000202383F311884FF080435B6A07EB030ABB
:102E00004FF000082CE07B1E13F1030F10D84FF099
:102E10008043596AAAEB01018F420ED32046FFF787
:102E20002FFCE8B1002383F311884046BDE8F0870A
:102E300039462046FFF724FCF3E7002383F311888B
:102E4000F3E7B9F1000F01D02046C847002383F310
:102E5000118808F10108013EE7D0202383F311888F
:102E6000A368002BCFD0A1680139A160A3695A1CC7
:102E7000A2611B7805F8013BA26923699A42E0D35D
:102E8000E368A361DDE700BF000000000000000070
:102E9000006040608260C1608161416111440161F4
:102EA000C361009B03627047000000000000000047
:102EB00008B5C168816141610269521A82606FF090
:102EC0000101FFF705FC08BD000000000000000044
:102ED00070B504460E461546202383F31188A36877
:102EE0004BB929462046FFF7CBFB0028F7DA002331
:102EF00083F3118813E0A368013BA36063695A1C44
:102F000062611E70626923699A4201D3E36863615A
:102F1000E3690BB120469847002080F3118870BD0B
:102F2000426983699A4210D010B58268013282608A
:102F30005A1C82611C7803699A4201D3C368836179
:102F40000021FFF7B5FB204610BD8268002AEBD0B8
:102F50004FF0FF30704700BF00000000000000008D
:102F60002DE9F04704460D4616461F46D0F81C9042
:102F7000202383F311884FF080435B6A07EB030A39
:102F80004FF000082CE07B1E13F1030F10D84FF018
:102F90008043596AAAEB01018F420ED32046FFF706
:102FA0006FFBE8B1002383F311884046BDE8F0874A
:102FB00039462046FFF764FBF3E7002383F31188CB
:102FC000F3E7B9F1000F01D02046C847002383F38F
:102FD000118808F10108013EE7D0202383F311880E
:102FE000A368002BCFD0A1680139A16063695A1C86
:102FF000626115F8012B1A70626923699A42E0D365
:10300000E3686361DDE700BF00000000000000002E
:1030100008B501F015FA08BD00000000000000002E
:1030200001230370002343608360C3600361436135
:10303000704700BF0000000000000000000000001A
:1030400010B50446202383F31188416001F040FA53
:1030500002232370002383F3118810BD00000000B9
:1030600008B58260C36001610323037001F088FA30
:1030700008BD00BF000000000000000000000000CC
:1030800008B54FF0200C8CF31188FFF7E9FF0023FF
:1030900083F3118808BD00BF00000000000000009D
:1030A000202383F311880378022B03D1002383F3B9
:1030B0001188704710B5044601F0B2FA002323616D
:1030C0002046022300F8143B6FF00101FFF7C8FA15
:1030D000002383F3118810BD0000000000000000F1
:1030E00010B504464FF0200C8CF31188FFF7B8FFA1
:1030F00004F11400FFF794FA002383F3118810BD44
:1031000008B501F01DFB08BD000000000000000034
:103110000123037000234360704700BF00000000DC
:1031200010B50446202383F31188416001F0E0FBD1
:1031300002232370002383F3118810BD00000000D8
:1031400008B501F0C5FE08BD000000000000000049
:103150000123037000234360704700BF000000009C
:1031600010B50446202383F31188416001F0C8FEA6
:1031700002232370002383F3118810BD0000000098
:1031800008B50323037001F013FF08BD0000000021
:1031900008B5202383F31188FFF7F2FF002383F3A0
:1031A000118808BD000000000000000000000000C1
:1031B00010B504460423037001F022FF022323709C
:1031C00010BD00BF00000000000000000000000073
:1031D00008B501F065FF08BD000000000000000018
:1031E0000123037000234360C3600374704700BF72
:1031F00010B50446202383F3118841604B68836037
:1032000001F05EFF0023E3600222227083F3118845
:1032100010BD00BF00000000000000000000000022
:1032200038B5202484F3118801248C40C5682C43D0
:10323000C46001F0DDFF002383F3118838BD00BFB7
:1032400008B5202282F31188C2684FF0010C0CFAF5
:1032500001FC22EA0C02C26001F0DAFF002383F3D2
:10326000118808BD00000000000000000000000000
:1032700008B50C30FFF7B4FD08BD00BF000000002A
:1032800008B54FF0FF330C30FFF7AAFD08BD00BFB3
:1032900008B53030FFF764FE08BD00BF0000000035
:1032A00008B54FF0FF333030FFF75AFE08BD00BFBE
:1032B00008B50C30FFF76CFD08BD00BF0000000032
:1032C00008B54FF0FF310C30FFF762FD08BD00BFBD
:1032D00008B53030FFF7FCFD08BD00BF000000005E
:1032E00008B54FF0FF323030FFF7F2FD08BD00BFE8
:1032F00008B502F0B5F808BD0000000000000000AD
:1033000030B583B004460B4615460C4A02600022D5
:103310004260012202720090402200F154010C3000
:10332000FFF7F6FC00942B46402204F1940104F1CF
:103330003000FFF7ADFD03B030BD00BF24650208CB
:1033400010B50446202383F3118802F0A9F8022364
:103350002372002383F3118810BD00BF000000001A
:1033600010B50446202383F3118802F0B9F8012335
:10337000237204F13000FFF79BFD04F10C00FFF70E
:10338000D7FCFFF715F8002383F3118810BD00BFA9
:1033900010B5044643691BB9436843F00403436016
:1033A00004F10C00FFF7D4FC002800DB10BD6368BB
:1033B00043F080036360F9E70000000000000000B4
:1033C00010B582B0046BD4F884321A6811780429DD
:1033D00008D1217A022905D11289197901238B405C
:1033E000134201D002B010BD01A904F14000FFF763
:1033F0006FFB02460028F5D0D4F88402019B0179C6
:10340000006800F0CDFBEDE70000000000000000C8
:1034100010B5046BD4F884321A681178042908D1E5
:10342000217A022905D15289597901238B4013420F
:1034300000D010BD04F10C00FFF732FA024600285C
:10344000F7D0D4F8840280234179006800F090FB23
:10345000EFE700BF000000000000000000000000D7
:1034600010B5D0F88442246894F800C0BCF1040F71
:1034700001D0002010BD0C30FFF78AFAFAE700BF38
:1034800008B5D0F884321B681B78042B01D00020CB
:1034900008BD4FF0FF330C30FFF77AFAF8E700BFB2
:1034A00010B5D0F88442246894F800C0BCF1040F31
:1034B00001D0002010BD4030FFF78AFBFAE700BFC3
:1034C00008B5D0F884321B681B78042B01D000208B
:1034D00008BD4FF0FF334030FFF77AFBF8E700BF3D
:1034E00008B5D0F884321B681B78042B03D10C304C
:1034F000FFF72EFA08BD6FF00100FBE700000000A7
:1035000008B5D0F884321B681B78042B05D14FF026
:10351000FF310C30FFF71CFA08BD6FF00100FBE72C
:1035200008B5D0F884321B681B78042B03D14030D7
:10353000FFF726FB08BD6FF00100FBE7000000006D
:1035400008B5D0F884321B681B78042B05D14FF0E6
:10355000FF324030FFF714FB08BD6FF00100FBE7BE
:10356000704700BF000000000000000000000000E5
:1035700010B582B004460E4B036000234360012364
:10358000037201900B4B00930223802200F174011F
:103590000C30FFF75DF90194074B00930223802262
:1035A00004F5BE7104F14000FFF76AFA02B010BDE5
:1035B0004465020811340008C1330008000000000F
:1035C0000A68202383F311880B79093302EB830304
:1035D00058604B79113342F823008B791BB10933C2
:1035E00002EB83025060C0F88412022303720023AE
:1035F00083F31188704700BF000000000000000046
:1036000010B50446436843F0020343600C30FFF7F3
:1036100037F904F14000FFF74BFA10BD000000003D
:1036200038B5044600F10C052846FFF729F904F1E6
:103630004000FFF73DFA636843F0010363602846EA
:10364000FFF72EF90246D4F884428023617920687E
:1036500000F08EFA38BD00BF00000000000000003E
:1036600090F8743003F06003202B01D000207047E5
:1036700090F87530212B05D0222B13D0202B09D0A8
:10368000002070470A4B83660723C3660023036745
:1036900001207047064B83660723C3660023036738
:1036A0000120704700238366C366036701207047CB
:1036B000D006002000000000000000000000000014
:1036C000D0F884321A681178042921D130B583B03A
:1036D0000446017A022905D11289197901238B4008
:1036E000134201D003B030BD00F140052846FFF77A
:1036F000E7FA0028F6D001A92846FFF7E9F90246C3
:10370000D4F88442019B2179206800F049FAE9E766
:10371000704700BF00000000000000000000000033
:1037200070B582B001F1090300EB83035E68F6B166
:1037300004460D46202383F31188736843F0080381
:1037400073608B1C00EB83035B685B691B6883B948
:1037500001A906F14000FFF7BBF9024670B1019BD9
:103760002946204600F01CFA002383F3118802B09A
:1037700070BD06F14000FFF7BBF9E9E7AB1C04EBB5
:1037800083035A6853691B68002BEDD0128A013AF3
:103790001342E9D1002304F174022946204600F0C7
:1037A000FFF9E1E700000000000000000000000059
:1037B00038B5113150F8214024B3202383F3118808
:1037C000636843F00403636004F10C05D4F88422B9
:1037D00013685279023203EB82035B689B69596874
:1037E0002846FFF76DF82846FFF75AF8024630B131
:1037F000D4F8840280234179006800F0B9F90023ED
:1038000083F3118838BD00BF0000000000000000F5
:10381000704700BF00000000000000000000000032
:103820000378407843EA0020704700BF00000000A2
:10383000F8B5044690F8743003F07F0390F87520D3
:1038400043EA022340F20232934200F0EF8023D891
:10385000B3F5807F6AD010D8012B5DD0022B00F029
:10386000958043B900F17C0383660223C36600237D
:1038700003670120F8BD0020FCE7B3F5817F00F06D
:10388000BF80B3F5407F05D190F87630012B5FD033
:103890000020EFE70020EDE7B3F5006F6BD020D8F4
:1038A000B3F5A06F60D0B3F5C06F18D143685D6801
:1038B00090F8776090F876707830FFF7B1FF0346A4
:1038C0003A4631462046A847002800F0C5804268A5
:1038D000A2660368E366002323670120CAE700208D
:1038E000C8E7B3F5106F13D190F8763080F87F30C9
:1038F000002B48D10323037063681B6813B10221B6
:10390000204698470023A366E36623670120B1E7BA
:1039100040F60242934207D1524BA3660223E3666C
:10392000002323670120A5E70020A3E790F8763065
:10393000012B01D000209DE7B0F87C3023F002037A
:10394000A0F87C3000238366C3660367012091E7FB
:10395000B0F87C3043F00203A0F87C30002383668B
:10396000C3660367012085E700238366C3663E4B79
:10397000036701207EE700F17F0383660120E06694
:103980000023236776E704230370B5E790F87810E7
:1039900090F97830002B09DB01F00F0101F0E8FF0E
:1039A00001281DD0022823D0002063E701F00F0179
:1039B00001F0F6FF012803D0022809D0002059E7C2
:1039C0002A4BA3660223E36600232367012051E705
:1039D000274BA3660223E36600232367012049E700
:1039E000224BA3660223E36600232367012041E7FD
:1039F0001F4BA3660223E36600232367012039E7F8
:103A000090F8763053BB90F8783013F00F0104D063
:103A100013F0800F07D102F073F80023A366E3666A
:103A20002367012026E702F08BF8F6E790F876305E
:103A3000B3B990F8783013F00F0104D013F0800F71
:103A400007D102F02DF80023A366E3662367012067
:103A500010E702F03DF8F6E700200BE7002009E749
:103A6000002007E76C650208813A000864650208D7
:103A7000686502080000000000000000000000006F
:103A800010B5044690F8763080F87E3001F0D0FE14
:103A900063681B6813B101212046984703232370F4
:103AA00010BD00BF0000000000000000000000008A
:103AB00008B501F08DFE08BD000000000000000008
:103AC00001230370002343600AE003F10A0200EBC4
:103AD00082020021516003F1120240F822100133EA
:103AE000062BF2D9002303814381704700000000B8
:103AF00010B50446202383F311884160002305E0BC
:103B00009A1C04EB8202002151600133072BF7D984
:103B1000204601F065FE02232370002383F3118801
:103B200010BD00BF00000000000000000000000009
:103B300008B58B1C00EB83035A6053694BB14FF0FF
:103B4000000CC3F800C0C3F804C0C3F808C0C3F831
:103B50000CC0936923B100221A605A609A60DA603F
:103B600001F076FE08BD00BF00000000000000006C
:103B700038B5458901248C40A4B22C43448101F11D
:103B8000020E00EB8E0CDCF80440A469A2602360F6
:103B90000023636001F034FF38BD00BF0000000067
:103BA00038B5058901248C40A4B22C43048101F16D
:103BB000020E00EB8E0CDCF804406469A260236006
:103BC0000023636001F044FF38BD00BF0000000027
:103BD00010B50446022303700023A0F87C3080F85F
:103BE0007E3080F87F300381438105E09A1C04EB2E
:103BF0008202002151600133072BF7D9002384F89A
:103C00006430204601F094FE63681B6813B1002104
:103C10002046984710BD00BF0000000000000000D3
:103C200008B50523037043681B680BB1032198474F
:103C300008BD00BF00000000000000000000000000
:103C400008B50423037043681B680BB1042198472F
:103C500008BD00BF000000000000000000000000E0
:103C600010B50446002380F8643000F1740201F0BE
:103C7000A7FE63689B6813B12046984740B994F843
:103C8000743013F0600F22D12046FFF7D1FDF0B160
:103C900004F17A00FFF7C4FDE36E834200D9E066C9
:103CA00094F97430002B24DBE36E002B43D0042303
:103CB00084F86430202383F31188E36EA26E002120
:103CC0002046FFF755FF002383F3118810E0002101
:103CD000204601F0FDFE0021204601F0E1FE636870
:103CE0001B6813B1052120469847062384F86430E9
:103CF00010BDE36E7BB1012384F86430202383F38D
:103D00001188E36EA26E00212046FFF749FF0023D1
:103D100083F31188ECE7032384F86430202383F3D2
:103D2000118800231A4619462046FFF721FF002379
:103D300083F31188DCE7052384F86430202383F3C0
:103D4000118800231A4619462046FFF729FF002351
:103D500083F31188CCE700BF0000000000000000E2
:103D600010B5044690F86430062B21D8DFE803F044
:103D700038041138383138007A30FFF751FDE36EDE
:103D8000834206D2E268128AB3FBF2F102FB1133DE
:103D90007BB1032384F86430202383F3118800234C
:103DA0001A4619462046FFF7E3FE002383F31188E5
:103DB00010BD202383F3118800231A46194620469C
:103DC000FFF7EEFE002383F31188022384F86430AA
:103DD000EEE7036F03B19847002384F86430E7E708
:103DE000002101F075FE0021204601F059FE6368B4
:103DF0001B6813B1052120469847062384F86430D8
:103E0000D6E700BF00000000000000000000000036
:103E100010B5044690F86430062B13D8DFE803F0A1
:103E20001F1F1F13041F1F00052380F86430202369
:103E300083F3118800231A461946FFF7B1FE0023C9
:103E400083F3118810BDC3689B695B68002BF9D1AF
:103E5000036F03B19847002384F86430F2E7002130
:103E600001F036FE0021204601F01AFE63681B684F
:103E700013B1052120469847062384F86430E1E712
:103E800008B501F07DFE08BD000000000000000044
:103E90000901C9B2074A131883F8001300F01F0183
:103EA000400901238B4000F1600142F8213042F8C3
:103EB0002030704700E100E000000000000000003A
:103EC000154A136843F480731360144B1B6A03F4A0
:103ED0004073B3F5807F05D0104B4FF480321A62E7
:103EE00000221A620D4A136A43F0190313620B4B46
:103EF0001B6A13F0020FFAD0084B1B6A13F4004F31
:103F000008D1064B1A6A42F480721A621A6A42F4A5
:103F100000421A62704700BF00700040001002406B
:103F200010B50F4CA36A4FF0FF32A2620023A362C8
:103F3000216922612361E168E260E360E36943F0A3
:103F40008053E361FFF7BCFF00F082F9A36943F0FF
:103F50000103A361034A136843F02003136010BDFB
:103F600000100240000001400000000000000000BE
:103F7000244A136843F001031360224B1B6813F0BB
:103F8000020FFAD01F4B5A6822F003025A605A6897
:103F90005A601C4B5B6813F00C0FFAD1194B1A686E
:103FA00002F0F9021A6000225A605A6A42F00102D5
:103FB0005A62144B5B6A13F0020FFAD0114B124A8B
:103FC0005A6042F21012DA6230221A631A6842F022
:103FD00080721A600B4B1B6813F0007FFAD00B4BFA
:103FE00011221A60074A536843F002035360054BDD
:103FF0005B6803F00C03082BF9D1024B1A6B1A63B0
:10400000704700BF00100240000468070020024013
:1040100008B5074B196811F00F0106D05960054B20
:104020001B6813B1034A50689847FEF799FB08BD17
:1040300000000240E0160020000000000000000028
:1040400008B5094B1B68C3F3031113F0F00F08D038
:104050000B01054A5360054B9B6813B1034AD068B6
:104060009847FEF77DFB08BD00000240E0160020E7
:1040700008B5094B1B68C3F3032113F4706F08D014
:104080000B02054A5360054B1B6913B1034A506983
:104090009847FEF765FB08BD00000240E0160020CF
:1040A00008B5094B1B68C3F3033113F4704F08D0F4
:1040B0000B03054A5360054B9B6913B1034AD06952
:1040C0009847FEF74DFB08BD00000240E0160020B7
:1040D00008B5094B1B68C3F3034113F4702F08D0D4
:1040E0000B04054A5360054B1B6A13B1034A506A1F
:1040F0009847FEF735FB08BD00000240E01600209F
:1041000008B5094B1B68C3F3035113F4700F08D0B3
:104110000B05054A5360054B9B6A13B1034AD06AED
:104120009847FEF71DFB08BD00000240E016002086
:1041300008B5094B1B68C3F3036113F0706F08D017
:104140000B06054A5360054B1B6B13B1034A506BBA
:104150009847FEF705FB08BD00000240E01600206E
:1041600008B5074B196811F00F0106D05960054BCF
:104170009B6B13B1034AD06B9847FEF7F1FA08BD69
:1041800000040240E01600200000000000000000D3
:1041900008B5094B1B68C3F3031113F0F00F08D0E7
:1041A0000B01054A5360054B1B6C13B1034A506C5D
:1041B0009847FEF7D5FA08BD00040240E01600203B
:1041C00008B5094B1B68C3F3032113F4706F08D0C3
:1041D0000B02054A5360054B9B6C13B1034AD06C2C
:1041E0009847FEF7BDFA08BD00040240E016002023
:1041F00008B5094B1B68C3F3033113F4704F08D0A3
:104200000B03054A5360054B1B6D13B1034A506DF8
:104210009847FEF7A5FA08BD00040240E01600200A
:1042200008B5094B1B68C3F3034113F4702F08D082
:104230000B04054A5360054B9B6D13B1034AD06DC7
:104240009847FEF78DFA08BD00040240E0160020F2
:1042500000230C4A13600BE003EB830291000A4A2F
:104260000A44516800220A60084941F833200133AA
:104270000B2BF1DD4FF0FF33054A536002F58062EE
:1042800053607047DC16002070650208E0160020BD
:1042900000000240000000000000000000000000DC
:1042A00038B5044690F811C0012000FA0CF01E4DFC
:1042B0002D68284236D11D4840F83C2094F811C0A2
:1042C00000EBCC00436015F07F0F04D11848436920
:1042D00043F00103436115F4786F04D11448436936
:1042E00043F0020343616068036823F00F03036037
:1042F00094F810C020680F2303FA0CF3436063683E
:1043000000201860A3681D4203D112B1A07CFFF702
:10431000BFFD637C01229A4003490B6813430B6085
:10432000002038BD0120FCE7DC160020E01600204C
:10433000001002400000000000000000000000002B
:1043400010B54FF080431B6913F0020F02D1FEF746
:1043500007FA10BD00244FF080431C61202383F333
:104360001188FDF76DFE84F31188F0E7000000006E
:1043700008B50F4AD36943F00103D3610D4A93682E
:1043800043F0010393604FF0804341F2BF229A62F1
:104390004FF0FF32DA6200229A615A63DA605A60A3
:1043A00001225A611A6002211C20FFF771FD08BD2D
:1043B00000100240002004E00000000000000000A7
:1043C0008269936843F00103936083691B6813F06B
:1043D000010FFAD0704700BF00000000000000008D
:1043E0008269936843F00043936083699B68002B64
:1043F000FBDB704700000000000000000000000030
:1044000083699A6812F0040F08D09A6842F010028B
:104410009A6083699B6813F0100FFAD1704700BF50
:1044200008B5836900229A6083694FF080529A60D0
:104430004FF4F070FDF714FE08BD00BF000000004F
:104440002DE9F0410027194B1F60194C2046FEF75B
:10445000E7FD184EE6614FF0A043A361164D2562BB
:1044600042F28A58C4F82480144C2046FEF7D8FD46
:10447000E661134BA3618C352562C4F824800221C8
:104480001220FFF705FD0F4B5A6942F080525A6126
:104490009A6A42F080529A629F624FF48032B26010
:1044A0005A6922F080525A61BDE8F081401700201D
:1044B0006C170020000300507065020844170020AC
:1044C0000001005000100240000000000000000049
:1044D00010B5044643681BB12378012B03D010BDEF
:1044E0001F4B4360F8E71F4B9C4216D01E4B9C426B
:1044F00024D0A3694033226A526893606268A3693A
:104500001268C3F8B0202046FFF78AFF2046FFF765
:1045100067FF2046FFF754FFE1E72346134A0521D2
:10452000206AFFF7BDFE124A136843F001031360CF
:10453000104A536943F080535361D7E723460B4A2F
:104540000521206AFFF7ACFE094A136843F0020315
:104550001360084A536943F080535361C9E700BFB1
:10456000606602086C1700204417002041460008CE
:104570004017002000100240000000000000000072
:1045800070B40369416ADA6842F001041D7845B1EC
:1045900041F0200542F00304C268012A3CD941F0F1
:1045A00024018568026A5268D5605A88056A6D6878
:1045B000C66806FB02F26A60026A52681160026A0B
:1045C00051680A6842F001020A608269116811604C
:1045D0008269902151608269196911628269596901
:1045E0005161826999699161DA69598801390A438F
:1045F00081690A638269196A51638269596A9163A0
:1046000082699B6AD3638369DC608269936843F043
:104610000403936070BC70472946C2E700000000A5
:1046200008B5026A51680A6822F00F020A60036A3C
:10463000197C1A680F238B405360FFF7E1FE08BD19
:1046400038B5044611F0080F14D103696BB311F0AB
:10465000020F56D01A787AB35D6835B3C268012A62
:1046600027D952085B8802FB03F3816801EB430101
:10467000A8471AE0FFF7D4FF23699A6842B10522E0
:1046800022709B680021204698472378052B0DD087
:1046900000252561202383F311884FF0FF3104F1B9
:1046A0001400FDF7CDFF85F3118838BD0223237078
:1046B000EEE78168A847F8E7FFF7B2FF23695A6879
:1046C000D2B1042222705B68E268A1682046984754
:1046D0002378042B0BD0202383F31188002104F1CD
:1046E0001400FDF7ADFF002383F31188DDE70223FB
:1046F000237000232361EEE702232370002323614C
:10470000E9E711F0040FD0D05B68002BCDD0C26870
:10471000520881689847C8E70000000000000000C8
:10472000C269936843F480039360704700000000FF
:10473000C269936843F08073936070470000000083
:1047400008B50248FEF7E4FC08BD00BF941700203E
:1047500070B501F01F02012393400F2918D88A0871
:1047600001F0030E4FEA8E0E0F2505FA0EF5446890
:1047700054F83140C4F3031C0CFA0EFC3F4E0232D5
:1047800056F8224024EA050444EA0C0446F8224084
:104790001F2939D813F0FC5F20D1426852F831202C
:1047A00012F0010F1BD0364CA2681A43A260426877
:1047B00052F8312012F0020F17D0314CE2681A4340
:1047C000E260426802EBC1025268A2B12C4A116851
:1047D00019431160516821EA0303536070BD284CEE
:1047E000A26822EA0302A260E1E7254CE26822EA1D
:1047F0000302E260E5E7224A5168194351601168FB
:1048000021EA03031360E9E7032BE7D8426852F873
:10481000312012F0010F1BD0194CA26A1A43A26278
:10482000426852F8312012F0020F17D0144CE26A9D
:104830001A43E262426802EBC1025268A2B1104A16
:10484000116A19431162516A21EA03035362C5E7F1
:104850000B4CA26A22EA0302A262E1E7084CE26A78
:1048600022EA0302E262E5E7054A516A194351620E
:10487000116A21EA03031362B0E700BF00000140A0
:1048800000040140000000000000000000000000E3
:1048900001F01F02012393401F2912D8124A116808
:1048A00021EA03011160516821EA03015160916816
:1048B00021EA03019160D16821EA0301D1605361CB
:1048C0007047094A116A21EA03011162516A21EA1B
:1048D00003015162916A21EA03019162D16A21EADE
:1048E0000301D162536370470004014000000000DF
:1048F00038B505460378012B01D0002407E000F00D
:10490000F7F9FAE721462846FFF7C2FF0134212CC8
:104910000AD86B6853F8343013F0040FF2D02146F4
:104920002846FFF715FFF1E738BD00BF0000000083
:1049300008B5084A5369116801F001010B40536141
:1049400023B1054843685B6800219847FDF708FFDD
:1049500008BD00BF000401409417002000000000C3
:1049600008B5084A5369116801F002010B40536110
:1049700023B105484368DB6801219847FDF7F0FE45
:1049800008BD00BF00040140941700200000000093
:1049900008B5084A5369116801F004010B405361DE
:1049A00023B1054843685B6902219847FDF7D8FEAB
:1049B00008BD00BF00040140941700200000000063
:1049C00008B5084A5369116801F008010B405361AA
:1049D00023B105484368DB6903219847FDF7C0FE12
:1049E00008BD00BF00040140941700200000000033
:1049F00008B5084A5369116801F010010B40536172
:104A000023B1054843685B6A04219847FDF7A8FE77
:104A100008BD00BF00040140941700200000000002
:104A200010B5194B5C691A6802F4787214405C6125
:104A300014F0200F04D015484368DB6A052198471D
:104A400014F0400F04D0114843685B6B062198476F
:104A500014F0800F04D00D484368DB6B07219847A2
:104A600014F4807F04D0094843685B6C08219847A0
:104A700014F4007F04D005484368DB6C0921984793
:104A8000FDF76EFE10BD00BF00040140941700202A
:104A900010B51D4B5C691A6802F47C4214405C61DD
:104AA00014F4806F04D0194843685B6D0A2198475D
:104AB00014F4006F04D015484368DB6D0B21984750
:104AC00014F4805F04D0114843685B6E0C21984752
:104AD00014F4005F04D00D484368DB6E0D21984745
:104AE00014F4804F04D0094843685B6F0E21984747
:104AF00014F4004F04D005484368DB6F0F2198473A
:104B0000FDF72EFE10BD00BF0004014094170020E9
:104B100008B5084A5369116801F480310B405361AC
:104B20002BB105484368D3F8843010219847FDF72E
:104B300017FE08BD0004014094170020000000008B
:104B400008B5084A5369116801F400310B405361FC
:104B50002BB105484368D3F88C3011219847FDF7F5
:104B6000FFFD08BD00040140941700200000000074
:104B700008B5084A5369116801F480210B4053615C
:104B80002BB105484368D3F8943012219847FDF7BC
:104B9000E7FD08BD0004014094170020000000005C
:104BA00008B5084A5369116801F400210B405361AC
:104BB0002BB105484368D3F89C3013219847FDF783
:104BC000CFFD08BD00040140941700200000000044
:104BD00008B5084A5369116801F480110B4053610C
:104BE0002BB105484368D3F8A43014219847FDF74A
:104BF000B7FD08BD0004014094170020000000002C
:104C000010B5144B5C691A6822F05F4222F400026E
:104C1000520D520514405C6114F4001F05D00E487B
:104C20004368D3F8AC301521984714F4800F05D0B1
:104C300009484368D3F8B4301621984714F0005F50
:104C400005D005484368D3F8EC301D219847FDF79F
:104C500087FD10BD000401409417002000000000F3
:104C600010B5154B5C691A6802F0404214405C6153
:104C700014F0804F05D011484368D3F8F4301E215A
:104C80009847002C10DB0C4A536B116A0B4003F061
:104C9000010353632BB109484368D3F80431202141
:104CA0009847FDF75DFD10BD04484368D3F8FC301C
:104CB0001F219847E7E700BF000401409417002038
:104CC00008B5084A536B136803F0020353632BB112
:104CD00005484368D3F80C3121219847FDF740FD82
:104CE00008BD00BF00040140941700200000000030
:104CF00008B506210846FFF7CBF806210720FFF785
:104D0000C7F806210820FFF7C3F806210920FFF79E
:104D1000BFF806210A20FFF7BBF806211720FFF78E
:104D2000B7F806212820FFF7B3F803210120FFF789
:104D3000AFF803212920FFF7ABF806214C20FFF73D
:104D4000A7F806210220FFF7A3F806210320FFF7AA
:104D50009FF806214020FFF79BF806214120FFF72E
:104D600097F806214220FFF793F808BD00000000E5
:104D70004B6843608B688360CB68C3600B69436199
:104D80004B6903628B6943620B680360704700BF25
:104D900010B50446114A536943F4FC0353610146BC
:104DA0004FF09040FFF7E4FF04F11C010C48FFF7BF
:104DB000DFFF04F138010B48FFF7DAFF04F154017B
:104DC0000948FFF7D5FF04F170010848FFF7D0FF4D
:104DD00004F18C010648FFF7CBFF10BD0010024024
:104DE0000004004800080048000C0048001000487B
:104DF0000014004800000000000000000000000057
:104E00002DE9F04702F0030CC2F38005C2F3C104A0
:104E1000C2F3411EC2F3C318002315E0072B47D885
:104E2000026A22EA070242EA09020262026832408A
:104E300042EA0C020260490848D06D00A4004FEA23
:104E40008E0E4FEA8C0C013311F0010FF3D003F0FA
:104E50000702920008FA02F901269E405F004FF017
:104E6000030A0AFA07FA0F279740426822EA060265
:104E70002A43426082686FEA0A0622EA0A02224353
:104E80008260C26822EA0A0242EA0E02C260BCF1F3
:104E9000020FC3D00268164046EA0C060660072BD4
:104EA0000DD8026A22EA070242EA09020262C2E758
:104EB000426A22EA070242EA09024262B6E7426A0D
:104EC00022EA070242EA09024262B4E7BDE8F0873B
:104ED00008B50548054BC360FEF73AF90448054B91
:104EE000C360FEF735F908BDAC170020002C014067
:104EF0009C17002000080040000000000000000097
:104F000010B504460378012B19D0A36862681268B3
:104F1000B3FBF2F39BB2013B9BB2E16800220A6053
:104F20006068E16880684860E1688B62E3681A61E4
:104F30006368DB68E26823F0FF03D36010BD154BA4
:104F4000984214D0144B9C42DFD1144BDA6942F0E2
:104F50000402DA611A6942F004021A6100221A613D
:104F600002211E20FEF794FF0D4BA360CDE70B4BF3
:104F70009A6942F400629A61DA6842F40062DA6087
:104F80000022DA6002211920FEF782FF044BA360A1
:104F9000D8E700BFAC1700209C170020001002408B
:104FA000006CDC02000000000000000000000000B7
:104FB000C3680139D962C36801225A61C2680023FB
:104FC0005362C268136143685B6823B1C268D368E7
:104FD00043F00103D360C36805221A60704700BF25
:104FE000C26800231360C2681361C268D36823F0EB
:104FF000FF03D360704700BF000000000000000006
:10500000C3680139D962C36801225A61C3680D229D
:105010001A60C3681A6912F0010FFAD000221A61EF
:10502000704700BF0000000000000000000000000A
:1050300010B50446C36800221A610378042B04D01B
:1050400063685B682046984710BD02230370FFF732
:10505000C7FFF5E7000000000000000000000000AE
:1050600008B50348FFF7E4FFFDF77AFB08BD00BF72
:10507000AC1700200000000000000000000000004D
:1050800008B50348FFF7D4FFFDF76AFB08BD00BF72
:105090009C1700200000000000000000000000003D
:1050A00010B5044C2046FEF79BF804232374024BF2
:1050B000A36110BDBC1700200004004000000000E8
:1050C00010B504460378012B2FD0826900231360AA
:1050D00082695363826993638269D36382691364CB
:1050E000037C042B04D98269002393658269D3650C
:1050F000A36900225A62636962681268B3FBF2F323
:10510000013BA2699362A368A269013BD362626812
:10511000A369D26B5A606268D36803F00F03012B56
:1051200022D0022B21D0002321E02A4B984209D023
:10513000A26946F668039361A269D361A369264A0E
:105140005A65D8E7254BDA6942F00202DA611A693A
:1051500042F002021A6100221A6103211D20FEF7AB
:1051600097FE1F4B6361E3E7002343F0010351699E
:1051700001F00F01012903D0022903D143F02003DC
:1051800043F01003D16901F00F01012903D0022976
:1051900003D143F4007343F48073526A02F00F02A8
:1051A000012A03D0022A03D143F4005343F480536D
:1051B000A2691362A36901225A61A36900221A61DC
:1051C00063681B6CA26923F0FF03D360A369852287
:1051D0001A6010BDBC170020686801010010024071
:1051E000006CDC0200000000000000000000000075
:1051F000032905D883690C3103EB81035A6070479A
:105200008369123143F82120704700BF000000007D
:1052100003290ED8836901F10C0203EB82030022FB
:105220005A608069C36802228A4023EA0203C3608D
:10523000704783691231002243F82120704700BF74
:1052400038B5054683691C69DA68D2B21440E24376
:105250001A6114F0020F03D043681B6903B1984729
:1052600014F0040F04D06B689B690BB12846984773
:1052700014F0080F04D06B681B6A0BB128469847DE
:1052800014F0100F04D06B689B6A0BB12846984746
:1052900014F0010F04D06B689B680BB12846984747
:1052A00038BD00BF0000000000000000000000004A
:1052B00008B50348FFF7C4FFFDF752FA08BD00BF69
:1052C000BC170020000000000000000000000000EB
:1052D000D0F8D430D0F8D8200868B2FBF0F2DA6009
:1052E0008A6842F040025A60CA6842F001029A603D
:1052F0004A6842F4967242F001021A604FF0FF329F
:105300001A6270470000000000000000000000006A
:105310000023036043608360704700BF000000000B
:1053200011F0080300D0802311F0010F01D043F0E9
:10533000200311F0020F01D043F0400311F0040FDD
:1053400001D043F48073202282F311884268134312
:105350004360002383F31188704700BF0000000002
:10536000024A136843F0800313607047003801401D
:10537000F8B50446D0F8D4703E68FD693D6215F07A
:105380000F0F26D115F4807F09D0202383F31188D5
:10539000636843F400736360002383F3118815F09E
:1053A000200F1AD116F0800F02D015F0800F20D1F7
:1053B00015F0400F0CD0202383F31188626CA36C8E
:1053C0009A422FD026F040063E60002383F31188D6
:1053D000F8BD2946FFF7A4FFD4E7202383F3118803
:1053E000B98CC9B22046FDF7D3FF002383F311889F
:1053F000D8E7202383F3118804F13000FDF790FDF6
:10540000002805DB80B23885002383F31188CFE7BD
:10541000636843F00803636026F0C00343F0400371
:105420003B60F1E7A36B002BCCD0636843F0100323
:105430006360C7E7000000000000000000000000FB
:1054400008B50348FFF794FFFDF78AF908BD00BFD0
:10545000D81700200000000000000000000000003D
:1054600010B5084C084A00212046FDF749FF074BBC
:10547000C4F8D430064BC4F8D83003212520FEF7F9
:1054800007FD10BDD8170020615300080038014007
:10549000006CDC02000000000000000000000000C2
:1054A00008B529B1037A012B04D0FFF711FF08BD1D
:1054B0000549F7E7054B9842F7D1054A936943F44C
:1054C00080439361F1E700BF64660208D8170020AB
:1054D000001002400000000000000000000000007A
:1054E000037A022B00D0704710B50446D0F8D400E0
:1054F000FFF70EFF044B9C4200D010BD034A936996
:1055000023F480439361F8E7D8170020001002408D
:105510004023C0F880307047000000000000000009
:105520000346D0F88000013121F001010144C3F8A5
:105530008010704700000000000000000000000024
:1055400010B4124B1B6D03EB001000F1804000F50E
:10555000C040836803F1005303F540535B00C0680B
:10556000C0F30900044609E053F8042B8C460CF8FC
:10557000022BC2F307224A70023C6146012CF3D889
:105580000CB11B780B705DF8044B7047005C004059
:1055900000B58C46104B1B6D03EB001000F18040F2
:1055A00000F5C040036803F1005303F540535B006E
:1055B000964642600BE0624612F8021B9CF801001E
:1055C00041EA002143F8041BAEF1020E9446BEF1FD
:1055D000000FF0DC5DF804FB005C00400000000000
:1055E0002DE9F04105460C464E4B53F821608B1CCB
:1055F00000EB83035F6816F0800F2CD07869494A6E
:1056000052F8213023F4784323F0F00343F40043AD
:1056100042F821304368C1680B4443600268D31AE2
:1056200034D03A8A9A4200D31A468368194481607A
:10563000C260E0B2FFF7ACFF3A4A52F8243023F4DC
:10564000F04323F0400383F0300343F4004343F07E
:10565000800342F8243016F4004F15D0314A52F836
:10566000243023F4784323F0F00343F0800342F81E
:10567000243016F4006F1BD0A31C05EB83035B687A
:105680005B68E1B228469847BDE8F0812A8901238A
:10569000A340DB431BB213402B81A31C05EB830308
:1056A0005B689B68002BD6D0E1B228469847D2E7CA
:1056B000BE695FFA84F8B1684046FFF741FFB368FE
:1056C0000344B36073680344736033681B1A336028
:1056D000B389013B9BB2B3817A8A824200D88BB9ED
:1056E0006A890123A340DB431BB213406B81023460
:1056F00005EB84046368DB68002BC5D0414628466F
:105700009847C1E7074A52F8243023F4904323F026
:10571000700383F4405343F4004343F0800342F8A2
:105720002430B1E7005C00400000000000000000F1
:1057300010B5254B5C6C14F4806F1CD114F4006F11
:1057400020D114F4805F08D01F4B9B6C13F4004FE2
:1057500024D01D4B6FF480525A6414F4007F2DD076
:105760001A4B5B68DB680BB118489847164B6FF40F
:1057700000725A6422E06FF480625A641348FEF7A4
:1057800027FADBE7104B1A6C42F008021A646FF438
:1057900000625A640D48FEF743FAD2E70A4A136CD6
:1057A00023F0080313640948FEF74AFAD1E704F02E
:1057B0000F010648FFF714FF034B5C6C14F4004F15
:1057C000F5D1FCF7CDFF10BD005C0040CC180020E7
:1057D00008B50248FEF774F908BD00BFCC180020D8
:1057E00038B50378012B00D038BD04460C4B9842E5
:1057F00003D02046FEF7ECF9F6E70A4AD36943F4F2
:105800000003D361084D01232B640D214A20FEF7CC
:105810003FFB03214B20FEF73BFB00232B64E8E713
:10582000CC18002000100240005C00400000000086
:1058300090F87E3043F08003014AD364704700BF84
:10584000005C0040000000000000000000000000BC
:105850002DE9F04180460D468B1C00EB83035F6809
:105860003B6803F00303022B48D9032B4CD14FF4C0
:10587000C0662D4B1C6D04EB051404F1804404F547
:10588000C0447B6943B100236360398A4046FFF717
:1058900047FE206046F02006BB69ABB17B8A3E2BF9
:1058A00037D9013B43F01F03013330D45B116FEA5A
:1058B000C3636FEA53439BB2E360798A4046FFF7C4
:1058C0002FFEA06046F4005646EA050323F4784311
:1058D00023F0F00348F280010B43134A42F82530CD
:1058E00052F8253026F4F16626F007067604760C89
:1058F00073400B4342F82530BDE8F0810BB1002620
:10590000B7E74FF40076B4E74FF40076B1E71F3302
:10591000CCE7013B43F00103013303EBD373C3F343
:105920004F039B029BB2C7E7005C004000000000F1
:1059300010B504460C4B00221A655A648022DA64C2
:105940004368DB686BB14FF41E42074B1A64204674
:10595000FFF7DEFD054BE36000212046FFF778FFEF
:1059600010BD4FF41C42F0E7005C00407466020872
:10597000074B53F8213013F4405304D0B3F5805F44
:1059800003D101207047002070470220704700BFFC
:10599000005C00400000000000000000000000006B
:1059A000064B53F8213013F0300303D0102B03D1F2
:1059B000012070470020704702207047005C0040C3
:1059C0000B4B1B6D03EB011101F1804101F5C0414F
:1059D0008B6803F1005303F540535B00002104E0A2
:1059E00053F8040B22F8020B01310329F8D9704750
:1059F000005C00400000000000000000000000000B
:105A00008B1C00EB83004068826913688BB901230B
:105A100093810B4A52F8213023F4904323F0700312
:105A200083F4405343F4004343F0800342F82130B1
:105A30007047408A0344013BB3FBF0F39381E8E7EE
:105A4000005C0040000000000000000000000000BA
:105A500010B50C468B1C00EB830042685369196833
:105A6000128A8A4200D30A46DA6099682046FFF714
:105A70008FFD084A52F8243023F4F04323F040030A
:105A800083F0300343F4004343F0800342F82430B2
:105A900010BD00BF005C00400000000000000000DE
:105AA000074A52F8213023F4904323F0700383F423
:105AB000805343F4004343F0800342F821307047A1
:105AC000005C00400000000000000000000000003A
:105AD000074A52F8213023F4F04323F0400383F0C7
:105AE000100343F4004343F0800342F82130704731
:105AF000005C00400000000000000000000000000A
:105B00000B4B53F8213003F44053B3F5405F0ED0F4
:105B1000074A52F8213023F4F04323F0400383F482
:105B2000005343F4004343F0800342F821307047B0
:105B3000005C0040000000000000000000000000C9
:105B40000B4B53F8213003F03003302B0ED0084AB2
:105B500052F8213023F4F04323F0400383F0200374
:105B600043F4004343F0800342F82130704700BF04
:105B7000005C004000000000000000000000000089
:105B8000024B01221A70024A9A6070475019002095
:105B90000030004000000000000000000000000095
:105BA00080B500AF0F4BD3F8F02F0F4B9A4215D1B1
:105BB0000C4B0022C3F8F02F72B60C4B1A6801226E
:105BC0001A60BFF34F8FBFF36F8F094BD3F80028D4
:105BD00082F30888D3F804389847FEE7FEF7C8F93F
:105BE00080BD00BF00900020EFBEADDE0000014090
:105BF00000D0FF1F000000000000000000000000B7
:105C0000014B11221A607047002002400000000082
:105C10002DE9F04F83B0814617461E46DDF830B0BF
:105C2000DDF834A000F10B0301931D4603E030239F
:105C300015E001431DD04FF000085A464346384650
:105C40003146FBF7CDFBD4B25A464346384631467F
:105C5000FBF7C6FB07460E46092CE8D93723234439
:105C600005F8013DBAF1000FE3D0BAF1010AE2D123
:105C7000DFE7019B591B2A78013589F8002009F1DB
:105C800001090139F7D1484603B0BDE8F08F00BFE4
:105C90002DE9F04F83B0DDF830A00D9C7CB90427CE
:105CA00047F001070F2C00D90F2400F10F052E46F5
:105CB0004FF492784FF0000901979E460AE00227C0
:105CC000EEE701230AE0012329E066464FEA58087F
:105CD0001A46DE46002312EB0E01F2D21944484B5D
:105CE000A3FB017C2CF0030707EB9C07C91B511A8F
:105CF0006EF1000C4FF0CC3701FB07F703FB0C777C
:105D0000A1FB03131F44490841EAC77101EB81015C
:105D1000A2EB4101C9B2002312EB0E07D3D21F44FC
:105D2000374BA3FB07CB2BF0030C0CEB9B0CA7EB27
:105D30000C07D71B6EF1000B4FF0CC3C0CFB07FCA3
:105D400003FB0BCCA7FB033767445B084FEA570BF9
:105D500043EAC77306F1FF3C303106F8011C0A2AFA
:105D60007EF1000E09D318F0010FAED0202206F804
:105D7000022C09F10109023EA8E7019F214B13F80B
:105D80000910A5EB0C05BAF1000F19D0554517D92C
:105D9000554615E017F0010F04D007F0FE079C46AA
:105DA0002E2213E017F0020F05D09CF80120013DD0
:105DB0000CF1020C0AE09C4608E0013D10D01846A8
:105DC000634613F8012B202AE4D09C46034603F8CF
:105DD000012B17F0010FF0D1661E0CB13446ECE731
:105DE0002E2A00D0184617F0040F04D0202902D024
:105DF000202300F8013B00F8011B03B0BDE8F08F41
:105E0000CDCCCCCC5C670208000000000000000094
:105E100030B583B00D46092900D909251A4B53F82E
:105E20002530BCEEC07AF8EE477A30EE670A07EE0E
:105E3000903AF8EE677A67EE807AF6EE006A77EECF
:105E4000A67AFCEEE77A17EE904AA34205D8E41A48
:105E500017EE103A013307EE103A002301930A229D
:105E6000009217EE102AFFF7D3FE0DB903B030BD34
:105E70002E2300F8013B01950A23009322460023BC
:105E8000FFF7C6FEF2E700BF6867020800000000E7
:105E900038B50C46DFED307AB4EEE70AF1EE10FAD1
:105EA0002BDCF7EE007AB4EEE70AF1EE10FA3ED4FE
:105EB000002511E0DFED287A80EE270A01331A78F9
:105EC00032B1DFED257AB4EEE70AF1EE10FAF1DC3B
:105ED00013F8015C05B1013CFCEEC07A17EE903A74
:105EE000632B28D9023C002C29DB2146FFF790FFC9
:105EF0003CBB0DB100F8015B38BD184BDFE7DFEDAF
:105F0000167A20EE270A01331A7832B1F7EE007ABA
:105F1000B4EEE70AF1EE10FAF1D4DFED117AB4EE47
:105F2000E70AF1EE10FA04DD13F8015CD2E70D4B3D
:105F3000EAE70025D0E7092BD5D9013CD3E70024B7
:105F4000D3E710F8013C302B01D10138F9E72E2BB3
:105F5000CFD10138CDE700BF00007A445D67020869
:105F60006F12833A50670208000000000000000032
:105F7000B5EE400AF1EE10FA03D000B54FF0000C78
:105F800009E0302300F8013B7047F2EE047A20EE7E
:105F9000270A0CF1FF3CF2EE047AB4EEE70AF1EEC8
:105FA00010FAF2D405E0F2EE047A80EE270A0CF142
:105FB000010CF2EE047AB4EEE70AF1EE10FAF2DC2C
:105FC000FDEEC07A17EE903A3033024602F8023BFB
:105FD000F2EE047A20EE270A2E234370B9B9062187
:105FE00015E0FDEEC07A17EE901A1C4880FB0130D8
:105FF000CB17C3EBA00303EB8303A1EB43033033C5
:1060000002F8013BF2EE047A20EE270A714601F114
:10601000FF3E0029E5D165231370BCF1000F16DBAC
:10602000911C2B2353700D4A82FB0C324FEAEC7308
:10603000C3EBA20303F13002084600F8022B03EB86
:106040008303ACEB430330334B705DF804FB911CCE
:106050002D235370CCF1000CE5E700BF6766666640
:106060000389012B06D943685A1C426019700389C1
:10607000013B038100207047000000000000000089
:106080002DE9F04F2DED028B93B007460C46099297
:106090004FF000084FF0200A54E24FF0000909E0E9
:1060A000622B02D149F0800903E0002541E049F06C
:1060B000020901342378302BF2D8202B31D3203B36
:1060C000102B30D801A252F823F000BF1D61000848
:1060D0002761000827610008276100082761000880
:1060E0002761000827610008276100082761000870
:1060F0002761000827610008116100082761000876
:10610000AF600008276100082761000817610008D8
:1061100049F00409CDE749F01009CAE749F0200920
:10612000C7E7002505E0002503E005EB850503EB47
:10613000450514F8016BA6F13003DBB2092BF4D945
:106140002A2E04D1099B1A1D09921B78EDE72E2EE9
:106150000FD049F040094FF0000B6C2E1ED04C2E92
:106160001CD0A6F14103DBB2192B1DD849F001095F
:106170001AE04FF0000B03E00BEB8B0B03EB4B0B28
:1061800014F8016BA6F13003DBB2092BF4D92A2EE7
:10619000E3D1099B1A1D09921B78EDE749F001092B
:1061A00023780BB101341E46A6F14403342B00F2D0
:1061B0007D81DFE813F061007B01DC007B017B0166
:1061C00061007B017B017B017B017B0135007B0151
:1061D000B2007B017B017B0149017B017B016D01E9
:1061E0007B017B017B017B017B017B017B017B01CF
:1061F0007B017B0137006100DC00DC007B017B015F
:1062000061007B017B017B017B017B0135007B0110
:10621000B2007B0146007B0149017B017B016D01DE
:10622000082212E129F01009099B1A1D09921B7816
:10623000002B00F041818DF828300AAB0DF12906C2
:106240001BE129F01001099B1A1D09921B6823B15B
:1062500019F0400F0DD11E4602E0B34BF8E70136AE
:106260003278002A00F02B81BBF1010BF7D589466B
:1062700003E147F6FF7BEEE719F0010F17D0099B0A
:10628000073323F0070303F108020992D3E900233F
:10629000CDE91023DDE91023002B14DB19F0040FE6
:1062A00030D02B238DF828300DF129001FE0099BF9
:1062B0001A1D09921B680493DB170593DDE904237B
:1062C000CDE91023E6E749F008092D238DF82830A1
:1062D000DDE91023514208EE101A63EB430308EE88
:1062E000903A53EC182BCDE910230DF1290000232F
:1062F00001930A230093DDE91023FFF789FC06468A
:106300000AABBAE019F0200F05D020238DF8283011
:106310000DF12900EBE70AA8E9E719F0010F1AD0FF
:10632000099B073323F0070303F108020992D3E91D
:106330000023CDE9102319F0400F01D04FF00F0BCF
:10634000CDF804B00095DDE910230AA8FFF7A0FC02
:1063500006460AAB91E0099B1A1D09921B68069339
:1063600000230793DDE90623CDE91023E3E719F0C5
:10637000800F14D0099B1A1D09921B681093DDED44
:10638000107AF5EEC07AF1EE10FA15D419F0040F78
:106390002ED02B238DF828300DF1290019E0099B10
:1063A000073323F0070303F108020992D3E9000140
:1063B000FAF7B6FE1090E2E749F008092D238DF8B0
:1063C0002830DDED107AF1EE677ACDED107A0DF11F
:1063D00029009DED107ADFED557AB4EE677AF1EE83
:1063E00010FA10D10646192306F8013B0AAB44E027
:1063F00019F0200F05D020238DF828300DF1290049
:10640000E7E70AA8E5E7462E0CD0652E12D09DEDF1
:10641000100A19F0400F15D15946FFF7F9FC06464E
:106420000AAB2AE09DED100A5946FFF731FD0646FA
:106430000AAB22E09DED100A5946FFF799FD06468A
:106440000AAB1AE00921E8E70A2219F0010F21D06E
:10645000099B073323F0070303F108010991D3E9EE
:106460000001CDE91001002301930092DDE9102322
:106470000AA8FFF7CDFB06460AABA6EB030BB5EB6C
:106480000B051ED419F0100F21D04FF0300A19E07F
:106490001022DAE7099B191D09911B68029300235A
:1064A0000393DDE90201CDE91001DCE78DF82860F6
:1064B0000AAB0DF12906E0E70AAB1E46DDE7894687
:1064C000DBE7002519F0020F04D0994629E04FF0D0
:1064D000200AF7E719F02C0F17D019F0100F16D07B
:1064E0003A689268994619F8011B3846904708F1B6
:1064F000010807E03B689B6851463846984708F119
:106500000108013D002DF5D10BE09946FAE79946C7
:10651000F8E73B689B6819F8011B3846984708F173
:1065200001084E45F5D80BE0484B02080000807F7B
:106530003B689B6851463846984708F10108013D81
:10654000002DF5D114F8011B49B125293FF4A5AD63
:106550003B689B683846984708F10108F2E74046D7
:1065600013B0BDEC028BBDE8F08F00BF000000004F
:10657000024B036042600181704700BF4067020820
:106580000CB410B584B00C1E11DD024621466846DD
:10659000FFF7EEFF07AA039206996846FFF770FD22
:1065A000019B00221A70844202DC601E00E0002081
:1065B00004B0BDE8104002B0704700BF000000000A
:1065C00000207047000000000000000000000000F4
:1065D00000207047000000000000000000000000E4
:1065E0000239C369023B8B4204D9036B428901FB28
:1065F00002307047002070470000000000000000DB
:106600004B8B0278032A01D0184670478A8A43EAE6
:106610000243F9E700000000000000000000000055
:106620004A830378032B00D07047120C8A82FBE761
:106630004B8B63BB30B40A7822F04002013A02EB84
:10664000420302EB83020125002304E04FF6FF74AE
:10665000A44520D101330C2B0DD8134C14F803C0E2
:1066600031F80CC0002DF1D0202A12D820F812C029
:1066700065460132EEE70B7813F0400F0DD07DB187
:10668000202A0FD8002320F81230012006E0002035
:106690007047002002E0002000E0012030BC70477D
:1066A0000120FBE70020F9E7106802080000000065
:1066B00030B54B730F23CB7200230B734B8302F166
:1066C000FF3C0CEB4C040CEB840C1C4602E0013349
:1066D0000C2B11D84FF6FF75AC4203D030F81C409C
:1066E0000CF1010C0A4D15F803E021F80E40002CC6
:1066F000EDD14FF6FF74EAE74FF6FF739C4202D0EC
:1067000030F81C300BB942F040020A7030BD00BFB7
:1067100010680208000000000000000000000000F7
:1067200001464FF00B0C0020C30143EA50030A78E6
:10673000013152FA83F3D8B2BCF1010CF4D17047A5
:1067400000B586464178013149010020034601E049
:10675000013301338B420AD2022BF9D0C20342EA41
:1067600050021EF803C01CFA82F290B2F1E75DF805
:1067700004FB00BF0000000000000000000000005B
:1067800003695B6B8B600369D3E90E23C1E90423C2
:10679000036993F8213003F00203CB710023CB612E
:1067A000704700BF00000000000000000000000073
:1067B00003685A1C02601878A0F16103192B01D8F4
:1067C000203870477F2802D98038014B185C704709
:1067D00090670208000000000000000000000000B8
:1067E0002DE9F04385B0804601911646994616F092
:1067F000FF0706D001A8FFF7DBFF002841D0013ECC
:10680000F5E798F8003003BBFEB101203AE0B9F19A
:10681000000F3AD03A46039B581C039019783F2941
:106820002BD042F480725B783F2BF4D02A2BF2D02D
:1068300009F1FF330299FFF7D3FF40BB029B1D789C
:1068400001A8FFF7B5FF26B3CDB1CDF80C80019BB1
:106850000293039B1B783F2BD9D02A2BD7D003A8B8
:10686000FFF7A6FF044602A8FFF7A2FF05468442F1
:10687000E6D1002CEDD1012004E00132D3E7002065
:1068800000E0002005B0BDE8F0830020FAE7012019
:10689000F8E70020F6E700BF00000000000000005D
:1068A0000146006820B30246137801321F2B01D93C
:1068B0003A2BF9D13A2B01D0002070470378A3F18D
:1068C000300C5FFA8CFCBCF1090F0ED802309042FC
:1068D00002D04FF0FF307047A3F13000002802DDF6
:1068E0004FF0FF3070470A6070474FF0FF3070473D
:1068F0004FF0FF30704700BF0000000000000000B4
:1069000038B50D46044698B103689BB11A78A2B118
:106910008188DA88914203D0092000242C6038BD98
:1069200058781BF07DFF10F0010009D12468F5E7CD
:106930000920F3E71C460920F0E709200024EDE7D1
:1069400009200024EAE700BF00000000000000006A
:1069500070B5C5780DB9284670BD044600F13C06F7
:106960000123826B314640781BF0AAFF054688B9A7
:106970000023E370A16BA36ACB1A226A9342EAD286
:10698000A378022BE7D101230A44314660781BF03B
:1069900097FFE0E70125DEE70000000000000000AF
:1069A00070B5836B8B4202D10026304670BD044621
:1069B0000D46FFF7CDFF06460028F6D101232A46F3
:1069C00004F13C0160781BF033FF10B101264FF059
:1069D000FF35A563E9E700BF0000000000000000EC
:1069E00038B504460023C3704FF0FF338363FFF7CD
:1069F000D7FF002858D1B4F83A524AF655239D42A1
:106A00000DD094F83C30EB2B13D0E92B11D0E82BB0
:106A10000FD04AF655239D4244D0032038BD0B22A7
:106A2000224904F13C00FBF7FBF90028E9D10120E1
:106A3000F4E74AF655239D422AD0B4F8473094F83B
:106A400049105A1E1342E4D1B3F5007FE1D3E0D8D8
:106A50000029DED04B1E1942DBD1B4F84A30002B9E
:106A6000D7D094F84C30013B012BD2D8B4F84D303C
:106A7000002BCED0B4F84F307F2B03D8E36DB3F5A5
:106A8000803FC6D3B4F85230002BC2D00020C5E7F7
:106A90000822074904F18E00FBF7C2F90028CCD187
:106AA0000020BBE70220B9E70420B7E7504B0208FB
:106AB0005C4B020800000000000000000000000025
:106AC00070B584B006460D460021FFF789FF022805
:106AD00003D029D845B3002300E00023032B0CD8B2
:106AE00006F13C011A0102F5E372895804AA02EB8F
:106AF000830242F8101C0133F0E70DB16C1E0AE06E
:106B00002C4608E03046FFF76BFF6DB901280BD922
:106B10000134032C08D804AB03EB840353F8101C96
:106B20000029EFD10320F0E704B070BD00000000A1
:106B30002DE9F8430D46164600230B60FFF7B0FE23
:106B4000071EC0F2B381B94B53F82740002C00F068
:106B5000B1812C6006F0FE06237873B160781BF0DB
:106B60005FFE10F0010508D1002E00F0A08110F0AA
:106B7000040F00F09C810A2599E100232370F8B2EC
:106B800060701BF09DFD10F0010540F095811EB175
:106B900010F0040F40F0928100212046FFF790FF93
:106BA000042800F08D81012800F28C81A16B00F097
:106BB000A780B4F84730B3F5007F40F09D81B4F86A
:106BC000526006B9266E266294F84C20A270531EBD
:106BD000DBB2012B00F2928106FB02F294F84930FD
:106BE0006381002B00F08C81581E034240F08A81A3
:106BF000B4F84D70278117F00F0F40F08581B4F87D
:106C00004F0000B9E06DB4F84A90B9F1000F00F000
:106C10007D8109EB020C0CEB171C6045C0F07881FC
:106C2000A0EB0C00B0FBF3FE9842C0F07381804BE8
:106C30009E4500F2B2804FF6F5739E4500F2EF805C
:106C40004FF00208ABE001333F2B04D8E21892F872
:106C50003C20002AF7D03F2B40F23681B4F8A43014
:106C6000B3F5807F40F0328194F8A830092B40F0D2
:106C70002F81D4F88430D4F888205B1842F10002C8
:106C80004FF0FF3098424FF000009041C0F0228159
:106C9000D4F89000206294F8AA70A770012F40F0F9
:106CA0001B8194F8A9600120B04086B26681002E55
:106CB00000F01481D4F898E05E4EB64500F21081E1
:106CC0000EF10206E6616162D4F8946006EB010CF5
:106CD000C4F830C0D4F88C600E44A662002681B29D
:106CE0000EFB01F11CEB010C7641634572EB0606CD
:106CF000C0F0F880D4F89C30E3620026B0460BE088
:106D00000B23A1E708F10108A31993F83C30812B6C
:106D100015D02036C6F30806002EF5D16389434509
:106D200040F2E280E16A2046FFF75AFC00EB0801DE
:106D30002046FFF735FE0028E4D03D46B7E004F1D9
:106D40003C08143658F80660012E40F2CF80E36903
:106D5000B34240F2CD80236B6289B11E01FB023346
:106D60006363A16A01EBD6112046FFF719FE0028E4
:106D700040F0C08006F07F0358F82330B3F1FF3FA6
:106D800004D00136B342ECD00D2590E04FF0FF3334
:106D9000A36163614FF0040834E04FF0000840F64F
:106DA000F5739E453ED9B8F1000F00F0B5800EF1A5
:106DB000020EC4F81CE0616209EB0103A36201EB5F
:106DC0000C002063B8F1030F3CD0002F00F0AA8024
:106DD0001344E362B8F1020F3FD00EEB4E030EF006
:106DE000010E0EEB530E0EF2FF13B6EB532FC0F055
:106DF0009B804FF0FF33A361636180232371B8F15F
:106E0000030F2DD084F800800B4A138801339BB206
:106E10001380E380094BE360094B236147E04FF0A7
:106E20000308C0E74FF00108C1E700BF441A002083
:106E3000F5FFFF0FFDFFFF7F401A00205C190020C7
:106E4000A0190020B4F86630002B67D1002F67D15D
:106E5000A36EE3624FEA8E0EC5E74FEA4E0EC2E71D
:106E6000B4F86C30012BCDD101312046FFF798FDED
:106E70000028C7D100232371B4F83A224AF65523DB
:106E80009A42BFD1E26B294B9A42BBD1D4F820225F
:106E900003F1FF5303F5005320339A42B2D1D4F8E3
:106EA0002432A361D4F828326361ABE70B2528466E
:106EB000BDE8F8830C25FAE70325F8E70A25F6E78D
:106EC0000125F4E70D25F2E70D25F0E70D25EEE7A6
:106ED0000D25ECE70D25EAE70D25E8E70D25E6E7AA
:106EE0000D25E4E70D25E2E70D25E0E70D25DEE7BA
:106EF0000D25DCE73D46DAE70D25D8E70D25D6E779
:106F00000D25D4E70D25D2E70D25D0E70D25CEE7D9
:106F10000D25CCE70D25CAE70D25C8E70D25C6E7E9
:106F20000D25C4E70D25C2E70D25C0E7525261418A
:106F30002DE9F843054691468F1EC369023BBB42CB
:106F400000D80027B8463C460026696B01EB143197
:106F50002846FFF725FD844640BBC4F3C80004F073
:106F6000070201239340DBB209E0A0460026A742B6
:106F70001FD023B90130B0F5007FE6D201232A18D3
:106F800092F83C201A405B00DBB20134E969023917
:106F9000A14203D8634600244FF40070002AE4D1D4
:106FA00001364E45E3D108F1020003E04FF0FF3017
:106FB00000E00020BDE8F8830000000000000000B1
:106FC0002DE9F8430646174698468B1E416B01EBA8
:106FD0001331C3F3C80503F0070301249C40E4B256
:106FE00001F101093046FFF7DBFC024610B1012236
:106FF0001EE00124731993F83C10214214BF0123B1
:107000000023434513D07319614083F83C100123DA
:10701000F370013F0CD09C4014F0FF04EAD11D44F2
:107020001C46B5F5007FE4D349460025D8E7022287
:107030001046BDE8F88300BF00000000000000001B
:10704000012978D92DE9F84305460C461646C3694F
:107050008B4272D90378022B5ED032D8012B2ED10D
:1070600001EB5107816A01EB5721FFF799FC0028DA
:1070700064D105F13C0907F10108C7F3080714F0D2
:1070800001043FD019F8073003F00F0343EA061359
:10709000DBB209F807300123EB70A96A01EB582134
:1070A0002846FFF77DFC002848D1C8F308085CB3E8
:1070B000C6F3071309F808300123EB703EE0022005
:1070C0003CE0033BDBB2012B3AD8816A01EBD411DF
:1070D000FFF766FC90BB2B78042B0AD026F0704695
:1070E00005F13C02A30003F4FE73D35803F0704390
:1070F0001E4305F13C03A40004F4FE741E51012359
:10710000EB701BE0F3B2C4E719F80830C6F30326AE
:1071100023F00F033343CDE7816A01EB1421FFF71E
:107120003FFC58B905F13C03640004F4FF741E539E
:107130000123EB7002E0022070470220BDE8F883D3
:107140000220FBE70000000000000000000000003B
:1071500070B504460D46164607E03246FFF770FF4D
:10716000034658B9E369013BE361E36933B1206841
:10717000EA1A511C012BF0D90232EFE7184670BD14
:10718000C379032B02D000231846704770B506461A
:10719000816884694CB14D1C2A463068FFF750FF66
:1071A000034620B9013C2946F4E70023F371184651
:1071B00070BD00BF000000000000000000000000E3
:1071C000F8B50568012940F2938003460C46EA6948
:1071D0008A4240F28F802A78013A032A00F28C809A
:1071E000DFE802F0022B3A4B04EB5406A96A01EBEC
:1071F00056212846FFF7D4FB10B14FF0FF3078E05E
:10720000771CC6F308062E4496F83C60A96A01EB89
:1072100057212846FFF7C4FB00286FD1C7F30807A2
:107220002F4497F83C3046EA032614F0010F01D0B2
:1072300030095EE0C6F30B005BE0A96A01EB1421A4
:107240002846FFF7ADFB00285BD105F13C02640046
:1072500004F4FF74105B4CE0A96A01EBD4112846DA
:10726000FFF79EFB00284FD105F13C02A40004F477
:10727000FE74105920F070403BE00269416952EA07
:10728000010001D0986810B9D87900283FD19868DA
:10729000201A013A41F1FF31520A42EAC15269898A
:1072A000B2FBF1F2D979022908D003290BD00229C7
:1072B00032D0DB6963B16FF000401AE09042F4D83D
:1072C00027D0601C15E09A698242F0D9601C10E05A
:1072D000A96A01EBD4112846FFF762FBF0B905F16A
:1072E0003C02A30003F4FE73D05820F0004000E0FD
:1072F0000120F8BD0120FCE70120FAE74FF0FF3044
:10730000F7E74FF0FF30F4E74FF0FF30F1E70120EF
:10731000EFE76FF00040ECE70120EAE74FF0FF30C5
:10732000E7E700BF000000000000000000000000D0
:107330002DE9F04107460E46D0F8008098F800305D
:10734000042B28D04FF40013B34242D916F01F0F7C
:1073500042D13E63BC680CBB98F80030022B03D9C5
:10736000D8F82C400023FB71C4B9B8F80830B3EB4F
:10737000561F33D9D8F82C30BB637C63BB6BABB3DF
:1073800003EB5623BB6308F13C08C6F308014144F4
:10739000F96300201EE04FF08053D5E7B8F80A509B
:1073A0006D02AE420FD321463846FFF709FF04466F
:1073B000B0F1FF3F14D0012814D9D8F81C30834213
:1073C00012D9761BEDE721464046FFF709F9B8636D
:1073D000D3E70220BDE8F0810220FBE70220F9E7B5
:1073E0000120F7E70220F5E70220F3E70220F1E7AA
:1073F0002DE9F0470746D0F80080894641B9D8F812
:107400001460B6B1D8F81C30B34213D8012611E08D
:10741000FFF7D6FE0546012840F2D780B0F1FF3FC6
:1074200000F0CD80D8F81C30834200F2C8804E4670
:1074300000E00126D8F81850002D00F0C08098F820
:107440000030042B09D04E4550D04FF0000ABAF15D
:10745000000F40F0888034467BE0012231464046F0
:10746000FFF766FD0546431E13F1030F00F2A780E8
:1074700001231A4601464046FFF7A2FD03460228B3
:1074800000F0A580012800F0A480B9F1000F19D107
:107490000222FA71FA79022A00F08C8009F10102C5
:1074A000AA421BD0FB690BB90123FB612A4649465E
:1074B0003846FFF74DFE034600287DD10122FA61D0
:1074C000AA465BE0FA79022AE4D1721CAA42E1D012
:1074D000BA68B21ABA610322FA71DBE7FA691AB123
:1074E0000132FA61AA4649E00222FAE706F1010AEE
:1074F000D8F81C30534501D84FF0020A514638469F
:10750000FFF75EFE0546012859D0B0F1FF3F56D087
:1075100000289CD0D8F81430012B06D9D8F81C20AC
:107520009A4205D84FF0000A91E74FF0000A8EE723
:107530001E464FF0000A8AE721463846FFF740FE14
:10754000054678B101283AD0B0F1FF3F37D0B442B8
:1075500044D00134D8F81C30A342EDD8012E3BD9D9
:107560000224E9E7A2464FF0FF3251464046FFF7BA
:1075700067FD034600BBB9F1000F14D1E3B9C8F8A9
:1075800014A0D8F81820D8F81C30023B9A4202D830
:10759000013AC8F8182098F8043043F0010388F83D
:1075A000043055460BE0524649464046FFF748FD39
:1075B0000346E3E7AA46E1E7012B03D0012528466D
:1075C000BDE8F0874FF0FF35F9E70125F7E7012522
:1075D000F5E74FF0FF35F2E75546F0E75546EEE7A1
:1075E0002DE9F0470568012940F28E8007460C46D8
:1075F0009146EB698B4240F28A8072B12B78042B62
:1076000002D1C379022B08D04FF0FF3249462846F9
:10761000FFF716FD824600287BD1A04611E000222C
:1076200031462846FFF70CFD8246C8B171E0731C55
:10763000A34203D02B78042B1ED0A046EB69A342B3
:1076400027D9264621463846FFF7BAFD044600B33F
:10765000012861D0B0F1FF3F61D02B78042BDED13F
:10766000AA69EB69023B9A42E1D20132AA612B7905
:1076700043F001032B71DAE7A6EB08020023013285
:1076800041462846FFF79CFC8246002841D1A0468F
:10769000D4E72B78042B02D04FF0000A39E0B9F17F
:1076A000000F04D14FF0000A87F807A031E097F8E7
:1076B00007A0BAF1000F15D1BC684C450DD021468A
:1076C0003846FFF77DFD01282CD9B0F1FF3F2CD0C3
:1076D000631C834201D11C46EFE74C4519D10223BC
:1076E000FB7116E0BAF1030F02D04FF0000A10E070
:1076F000BB684B451CD8BA6913444B451BD30223C6
:10770000FB714FF0000A04E04FF0020A01E04FF075
:10771000020A5046BDE8F0874FF0020AF9E74FF041
:10772000010AF6E74FF0020AF3E74FF0010AF0E72B
:107730004FF0000AEDE74FF0000AEAE70000000012
:10774000F8B505460C46FFF703F908B10120F8BD6E
:1077500021462846FEF744FF0646A86305F13C078C
:107760004FF4007200213846FAF7A2F9002400E035
:1077700001346B89A34207D90123A21939466878DD
:107780001BF09EF80028F3D06889001B18BF012069
:10779000DDE700BF00000000000000000000000066
:1077A0002DE9F843044688460568066B20362B7899
:1077B000042B1AD04FF40013B34201D80023A36363
:1077C000A36B002B4CD0C6F308073FB90133A3636A
:1077D000616B89B92B89B3EB561F09D926633C35F8
:1077E0003D44E5630020BDE8F8834FF08053E3E7B4
:1077F0000023A3630420F6E76B89013B13EA5623B9
:10780000ECD12046FFF7DCFC814601282AD9B0F1F3
:10781000FF3F29D0EB69834216D8B8F1000F1BD087
:10782000616B2046FFF7E4FD8146F8B101281FD0C7
:10783000B0F1FF3F1ED001462846FFF781FFD8B9BF
:10784000E37943F00403E371C4F8349049462846D1
:10785000FEF7C6FEA063C1E70023A3630420C2E7CE
:107860000420C0E70220BEE70120BCE70720BAE7FA
:107870000220B8E70120B6E70120B4E700000000CD
:10788000F8B504460F4606680021FFF751FD034690
:1078900010BB00250FE0E26B92F90020002A01DA0C
:1078A000002502E00135BD4216D001212046FFF738
:1078B00077FF034680B9A16B3046FFF771F80346A6
:1078C00050B93278042AE6D0E26B1278E52AE9D082
:1078D000002AE7D00025E8E7042B01D01846F8BDC0
:1078E0000723FBE70000000000000000000000008C
:1078F00070B504460568066BC16CB1F1FF3F03D15A
:107900000023ABB1184670BDFFF712FD0346F8E740
:10791000E16B0A7802F07F020A700122EA70226BA2
:10792000B24212D200212046FFF73AFF034660B967
:10793000A16B2846FFF734F8034630B92A78042AA9
:10794000E6D0E26BE5211170E7E7042BDAD10223E0
:10795000D8E700BF000000000000000000000000A9
:1079600038B50D46144640F2623101F0B1FCFF28F3
:1079700009D9012C01D8002038BDC0F307232B7092
:1079800068700220F8E718B124B128700120F3E7ED
:107990000020F1E72046EFE70000000000000000B3
:1079A0002DE9F843D0F8009000238B76836B002BF1
:1079B00000F0CE8005460C4699F80030042B31D0FB
:1079C000C36CB3F1FF3F00F086804FF000084646DD
:1079D000474667E006F118012144C6F12002023152
:1079E00040EA0840FFF7BCFF40B306444FF00008F0
:1079F000D9F8103093F82320BA4219D99F2D16D800
:107A000015F01F0F00D10235585B02350137B8F170
:107A1000000FDFD100F520539BB2B3F5006FD9D230
:107A20008046E5E70027B8463E464025E0E70026C9
:107A3000B8F1000F04D126B1334606E00646F7E759
:107A40000026731C26443F22B276234400229A76F5
:107A50006273D9F810301B7903F03702227313F0E8
:107A6000100F04D1D9F81030D3E90E2301E0002221
:107A70000023C4E90023D9F810309B896381D9F829
:107A80001030DB89238163E006F118012144C6F13F
:107A90002002023140EA0840FFF762FF98B1064435
:107AA0004FF00008D9F80C3033F8170060B10137F7
:107AB000B8F1000FE8D100F520539BB2B3F5006F89
:107AC000E2D28046EEE70646B8F1000F00D000266D
:107AD00026440023B3760022134605E009290ED080
:107AE000A018437301320B460A2B0FD8E86B591CC0
:107AF000C35C202BF7D0052BF0D1E523EEE70B2A52
:107B0000EED8A0182E2646730132E9E7A31800210B
:107B10005973A37E63B9002A35D1511C22443F23F7
:107B20009376214400238B76EB6B1B7B03B9637345
:107B3000EB6BDB7A03F03F032373EB6BDB692360B2
:107B400000236360EB6BDB8A6381EB6B1B8B238110
:107B5000BDE8F88310270AE063189E7601300131F2
:107B600023185B7B002BDCD01E462E2BF2D0A3F11A
:107B7000410292B2192AEFD8EA6B127B3A42EBD05B
:107B800003F12006E8E7082700210846E8E700BFE0
:107B9000F8B505460668374617F8014B2046FEF74C
:107BA0000FFD40B1B71C76783046FEF711FD88B165
:107BB00006EB0424A4B214B920462F60F8BD40F2AD
:107BC0006231204601F0A4FB04460028F4D14FF0B6
:107BD000FF30F3E74FF0FF30F0E700BF0000000098
:107BE0002DE9F04F85B0074689460B68039303687B
:107BF000DD68002405E01F2C00F21C8125F81460CC
:107C0000013403A8FFF7C4FFB0F1FF3F00F010817B
:107C1000B0F5803F03D3030C25F81430013486B24D
:107C20001F2E0DD92F2E0BD05C2E09D07F2EE2D81F
:107C300031468148F9F704FE0028DCD006209CE09C
:107C40001F2E07D84FF00408039BC9F8003010E03E
:107C500001330393039B1A782F2AF9D05C2AF7D0BB
:107C60001F2A02D94FF00008EEE74FF00408EBE7B7
:107C7000013C44B104F10043013B35F81330202BA3
:107C8000F6D02E2BF4D0002325F8143014B906209A
:107C900073E0013335F81320202AFAD00BB92E2ACD
:107CA00001D148F0030844B104F10042013A35F82B
:107CB00012202E2A01D0013CF5E74FF020323A6421
:107CC0007A64C7F847204FF0080B4FF0000ACDF850
:107CD00000A003F1010935F8136056B3202E1BD024
:107CE0002E2E17D0DA451BD24C4519D07F2E54D8F2
:107CF0002EB131465148F9F7A3FD002879D048F05C
:107D000003085F2607EB0A0383F840604B460AF13D
:107D1000010ADEE74C45E5D048F003084B46D8E7BA
:107D2000BBF10B0F2CD04C4501D048F003084C455B
:107D300029D297F84030E52B71D0BBF1080F72D0F3
:107D4000009A02F00C030C2B03D002F00303032B68
:107D500001D148F0020818F0020F0BD1009B13F07C
:107D6000010F01D048F01008009B13F0040F01D060
:107D700048F0080887F84B80002005B0BDE8F08F78
:107D800048F00308D5E7009B9B00DBB20093234635
:107D90004FF00B0B4FF0080A9BE748F002030193EA
:107DA00040F26231304601F093FA064610F0800F3F
:107DB00006D000F07F06224B9E5DDDF8048097E739
:107DC000FF2813D90BF1FF3353450AD9C0F307231A
:107DD00007EB0A0282F840300AF1010ADDF804805C
:107DE00090E748F003084B46DA4672E7DDF8048076
:107DF0007EE7A6F141039BB2192B03D8009B43F009
:107E000002030093A6F161039BB2192B3FF67AAFF0
:107E1000009B43F001030093203EB6B272E70523B6
:107E200087F8403089E7009B9B00DBB2009387E72F
:107E30000620A2E70620A0E7684B0208744B020860
:107E40009067020800000000000000000000000031
:107E500038B50446002511E001F072FAEB0343EA5D
:107E60005503C2B212FA83F39AB2C3F34E0343EA44
:107E7000C233C0F3072010FA83F39DB234F8020B2B
:107E80000028E9D1284638BD0000000000000000AD
:107E900070B505460E46402422460021F9F708FE3B
:107EA00085232B70C02385F8203001234FF0000C70
:107EB0006046224615E0AB52023212F01F0F0AD084
:107EC000002BF8D036F81C30002BF4D00CF1010C4C
:107ED0005FFA8CFCEFE7411CC9B236F81C403CB19C
:107EE0000846511CC124AC5400246C540232E7E70C
:107EF00085F823C0023068703046FFF7A9FFA884D8
:107F000070BD00BF00000000000000000000000085
:107F10004B8BCBBB2DE9F047814688460D7805F0A9
:107F20003F05013D05EB450305EB830501220024D8
:107F300006E000202DE04FF6FF739E4226D101346B
:107F40000C2C16D8164B1B5D38F80360002AF2D0B3
:107F5000202DEED8304601F0F3F9074605F1010A6D
:107F600039F8150001F0ECF98742E2D13246554666
:107F7000E5E798F8003013F0400F09D05AB139F80E
:107F8000153053B9012004E000207047002000E0C4
:107F90000120BDE8F0870120FBE70020F9E700BFE2
:107FA000106802080000000000000000000000004F
:107FB0002DE9F041044600680669A16BFEF7F0FC6C
:107FC000054620B9E36B1A78852A03D00225284696
:107FD000BDE8F0811D6858689968DA68356070609E
:107FE000B160F2601D6958699969DA69356170613B
:107FF000B161F261777801377F01A7F16003B3F5D2
:10800000007F79D800212046FFF7CAFB05460428E7
:108010000ED00028DBD1A16B2068FEF7C1FC05461D
:108020000028D4D1E36B1A78C02A03D00225CEE70A
:108030000225CCE71D6858689968DA683562706275
:10804000B162F2621D6958699969DA6935637063D2
:10805000B163F26396F823302C332A4AA2FB032340
:10806000DB08B7EB431F49D34FF0400805E002257A
:10807000ADE708F12008474531D900212046FFF738
:108080008FFB05460428F2D00028A0D1A16B206800
:10809000FEF786FC0546002899D1E36B1A78C12AC1
:1080A0002ED1B8F19F0FE4D806EB0802D3F800E018
:1080B000D3F804C09868D96846F808E0C2F804C04C
:1080C0009060D160D3F810E0D3F814C09869D969F2
:1080D000C2F810E0C2F814C09061D161C9E7B8F1EC
:1080E000A00F3FF674AF3046FEF72AFB7388984224
:1080F0003FF46DAF02256AE7022568E7022566E7CF
:10810000022564E7898888880000000000000000DC
:108110002DE9F8430446884606684FF0FF094F46AC
:10812000042508E0852B28D000212046FFF738FBE6
:10813000054600285BD1A16B002958D03046FEF7D8
:108140002FFC0546002852D1E16B0B78002B4DD057
:108150003278042AE6D0CA7A02F03F02A271E52BF7
:108160003ED02E2B3ED022F02000082814BF002045
:10817000012040450ED0FF27D6E7236BE36420465D
:10818000FFF716FF054698BB33691B7903F03F03E1
:10819000A3712CE00F2A19D113F0400F06D091F8EB
:1081A0000D9003F0BF03226BE2641F46BB4201D077
:1081B000FF27B9E74B7B4B4501D0FF27B4E7F068B9
:1081C000FEF736FA80B1013FFFB2ADE727B90846A6
:1081D000FEF7A6FA48450AD04FF0FF33E36406E005
:1081E000FF27A1E7FF279FE7FF279DE704250DB1A4
:1081F0000023A3632846BDE8F88300BF0000000009
:108200002DE9F84F044607680021FFF791F806466C
:10821000002840F0A9803B78042B06D04FF0FF33B4
:10822000E3644FF0FF09C84644E0F868FFF710FE2A
:1082300083461FE03B6933F8080001F081F881466E
:10824000FB6833F81A0001F07BF881450CD1013D41
:10825000EDB208F102080AF1010A2DB118F01F0F62
:10826000E8D108F10208E5E725B9FB6833F81A30D0
:10827000002B79D000212046FFF74AFF0646002850
:1082800072D13B6993F82350202DF3D89B8C5B452A
:10829000F0D14FF0000A4FF04008DEE74FF0FF3317
:1082A000E3644FF0FF0800212046FFF779FA064605
:1082B000002859D1A16B3846FEF772FB064600280C
:1082C00052D1E56B2B78002B4DD0EA7A02F03F01BA
:1082D000A171E52BE2D012F0080F15D00F29DDD1E6
:1082E00094F84B2012F0400FDDD113F0400F06D070
:1082F00095F80D9003F0BF03226BE2649846434566
:108300001ED04FF0FF08CEE70F29E9D0B8F1000FDB
:1083100004D12846FEF704FA484525D094F84B309E
:1083200013F0010F06D10B2204F140012846F9F7A2
:1083300077FDC8B14FF0FF33E3644FF0FF08B2E7B9
:108340006B7B4B4502D04FF0FF08ACE72946F8683D
:10835000FFF7DEFD20B108F1FF385FFA88F8A2E7E9
:108360004FF0FF089FE704263046BDE8F88F00BFB6
:1083700030B583B004460191056801E001330193F3
:10838000019B1A782F2AF9D05C2AF7D00022A2602C
:10839000E2611B781F2B1BD8802384F84B301146D9
:1083A0002046FEF7C5FF0346184603B030BD04283B
:1083B000FAD112F0040FF7D10523F5E705F13C01DE
:1083C000236BC3F3080319442846FEF719F9A0608C
:1083D00001A92046FFF704FC03460028E4D120460B
:1083E000FFF70EFF94F84B2003460028DFD112F070
:1083F000040FD9D1A37913F0100F11D02B78042BCF
:10840000DCD1A3682362236923F0FF03E2791343DD
:108410006362E36CA36221462846FEF7B1F9D7E711
:108420000523C1E70000000000000000000000007C
:1084300010B504460B6803600B6A836091F8243022
:10844000C3714B6A23F0FF03002203614261C261E2
:10845000896AC164FEF76CFF00B110BD2046FFF7CA
:10846000A7FDFAE700000000000000000000000087
:10847000F0B583B006460C684868346070600889BF
:10848000897A3081B172052B13D8072722E00CF1CD
:10849000010CBCF10F0F0CD801F0010E0EEB4303E1
:1084A000490813F4803FF2D083F4883383F021032A
:1084B000EDE711880029E8D002324FF0000CE8E720
:1084C00007F10801694401F8082C7D1E0DD00F2822
:1084D0000BD92F4603F00F0101F1300218461B099A
:1084E000392AEDD901F13702EAE77E2205F10803C6
:1084F0006B4403F8082C002400E00134AC4211D294
:10850000305D20280ED0FEF75BF80028F5D0BB1EAA
:10851000A34207D00134F0E72022631C3255072B19
:1085200009D81C46072DF7D805F108036B4413F84A
:10853000082C0135F1E703B0F0BD00BF00000000DA
:1085400070B5054603681C692046FEF7F9F860809F
:1085500066780136E96C2846FEF7EAFE024605E039
:10856000203400212846FFF71BF902461ABBA96BED
:108570002868FEF715FA0246E8B9EB6BD4F800E07C
:10858000D4F804C0A068E168C3F800E0C3F804C0F0
:108590009860D960D4F810E0D4F814C0A069E169FB
:1085A000C3F810E0C3F814C09861D9612B680121A9
:1085B000D970013ED4D1022A28BF0222D0B270BDA8
:1085C0002DE9F0419AB0066890F84B7017F0A00FB3
:1085D00040F0E4800546002400E00134F36833F8FD
:1085E0001430002BF9D13378042B1CD017AB286C36
:1085F000696CAA6C07C317F0010F70D0402385F88F
:108600004B300127632F61D83B46F26817A905F16B
:108610004000FFF72DFF2846FFF7F2FD80460028B7
:1086200054D10137EEE70E34624BA3FB0434E40867
:10863000A11C2846FFF724F98046002840F0B080AE
:108640002B6B0134A3EB4413EB64EB7913F0040FB1
:1086500013D023F00403EB712846FEF791FD08B117
:1086600080469DE04FF0FF32696B2846FEF770FDB3
:10867000002840F09980AB6823B9F1683069FFF7B2
:1086800007FC8DE029466846FFF7D2FE034608B195
:10869000984685E02B696A69718949025B1842F145
:1086A00000022B616A6131698B63CA6331698B6235
:1086B000CA62EB79326943F0010382F821306846DF
:1086C000FFF73EFF03460028D7D0E1E7642F6DD0C7
:1086D000B8F1040F64D19DF8673085F84B309DF8F0
:1086E000673013F0020F31D00C34334BA3FB04344A
:1086F000A408013421462846FFF7C2F88046002826
:108700004ED1013C24D1B8F1000F49D1A96B3046BC
:10871000FEF746F98046002842D120220021E86B6E
:10872000F9F7C6F9EB6B296C6A6C19605A60B5F8F9
:10873000481095F84A2019819A7295F84B30EA6BE7
:1087400003F0180313730123F37029E00124D1E728
:10875000296BA1EB44112846FEF7EAFD8046F8B9E3
:1087600005F14000FDF7DCFF0746A96B3046FEF738
:1087700017F980460028C6D13B46E2B2E96BF068A3
:10878000FDF796FF0123F37000212846FFF708F854
:1087900080460028B7D1013CE7D1B4E74FF0060886
:1087A00040461AB0BDE8F0818046F9E74FF007086F
:1087B000F6E700BF898888884FECC44E00000000AF
:1087C00070B50446FEF7C4F8054648B92378032B74
:1087D00008D00022114660781AF0AAF800B10125ED
:1087E000284670BD2379012BF3D104F13C064FF4E8
:1087F000007200213046F9F75BF94AF65523A4F8D8
:108800003A320D4BE36303F1FF5303F5005320337A
:10881000C4F82032A369C4F824326369C4F828324A
:10882000626A0132A2630123314660781AF048F887
:1088300000232371CDE700BF5252614100000000C8
:1088400010B584B0019000911446039103A8FEF77F
:1088500027F8002817DB0D4B53F820300BB100220E
:108860001A70019B0BB100221A70084B019A43F851
:10887000202014B9204604B010BD002201A968468A
:10888000FEF756F9F7E70B20F5E700BF441A002082
:108890002DE9F0479AB00191002800F04C81144670
:1088A000064602F03F073A4603A901A8FEF740F941
:1088B000054628B10023336028461AB0BDE8F0878A
:1088C000039B0493019904A8FFF752FD054618B9CC
:1088D0009DF95B30002B48DB14F01C0F00F09080FA
:1088E000002D49D0042D42D047F00807002DE1D1DA
:1088F00017F0080F00F0968003980378042B45D0FA
:1089000019F0D6FE139BC3F80E00139BC3F8160094
:10891000DDF80C80DDF84C9049464046FDF770FECE
:108920000446202389F80B30002213994046FDF7B6
:1089300077FE139B0022DA61039B0122DA70002C80
:1089400070D0039BD3F838800022214604A8FEF79C
:1089500047FE05460028ADD141460398FEF720F8B2
:108960000546013C039B5C615CE00625B4E704A876
:10897000FFF726FE0546B7E79DF8163013F0110FF6
:108980004FD114F0040FB1D0082593E73060314681
:10899000FDF7F6FE039B18691E2200210230F9F74D
:1089A00087F803990A690023C2F82630C2F82A30F2
:1089B000C2F82E30C2F83230C2F83630C2F83A303F
:1089C000D3870B6920221A710C6919F071FEA0601F
:1089D000039B1B69012283F8212004A8FFF7B0FD47
:1089E000054600287FF466AFB168D9B10022304651
:1089F000FEF7F6FD0546B368013B039A536111E0AB
:108A0000002D7FF457AF9DF8163013F0100F40F093
:108A10008E8014F0020F05D013F0010F02D007254D
:108A200048E70725002D7FF445AF17F0080F01D068
:108A300047F040070398836BB3641399F16403789C
:108A4000042B2FD0FDF7DCFDB060139BDB69336195
:108A500000237361DDF80C80C6F80080B8F806309A
:108A6000B38086F83070002186F8311071640022DE
:108A70000023C6E90E2306F150094FF40072484660
:108A8000F9F716F817F0200F4DD03469776954EADA
:108A9000070348D0B463F763B8F80AA04FEA4A2A3C
:108AA000B16813E0069B3362089B23F0FF039DF837
:108AB000172013437362179BB3623146FDF760FEC4
:108AC000C8E70225B4EB080467F1000785B9D04672
:108AD000A2454FF00003BB410AD23046FEF770FBBF
:108AE00001460128EDD9B0F1FF3FEBD10125E9E7BF
:108AF0003164002D7FF4DEAEC4F308039BB1DDF8D2
:108B00000C804046FDF76CFD08B90225D2E6640AE8
:108B100044EAC754221872640123494698F80100B8
:108B200019F086FE28B9002D3FF4C6AEC2E6042532
:108B3000C0E60125BEE60925BEE600BF0000000034
:108B40002DE9F04F85B004460E46154698460023A1
:108B5000C8F8003003A9FDF7D3FE0190002840F0CB
:108B6000B78094F831300193002B40F0B18094F835
:108B7000303013F0010F00F0CC8023696269A06BE4
:108B8000E16B1B1A62EB0102AB4272F1000260D290
:108B90001D465EE0216C2046FEF712FB6CE04FF0B4
:108BA000020A84F831A0CDF804A091E04FF0010A48
:108BB00084F831A0CDF804A08AE04FF0020A84F8CE
:108BC00031A0CDF804A083E094F93030002B02DB13
:108BD0004FEA4A272FE0606CA0EB09005045F7D21E
:108BE0004FF4007204F1500106EB4020F9F740F811
:108BF000EEE7626C4A450DD094F93030002B6BDB08
:108C000001234A4604F150010398407819F010FE00
:108C1000002877D1C4F84490A36BC3F30803C3F5CD
:108C20000077BD4200D22F4604F150013A46194464
:108C30003046F9F71DF8ED1BD8F800303B44C8F872
:108C400000303E44A26BE36BBF1843F10003A763FF
:108C5000E363002D3CD0A36BE16BC3F30802002A51
:108C6000DAD15F0A47EAC157039A5289013A17409D
:108C700008D10B438ED1A068012890D9B0F1FF3FF5
:108C800094D02064DDF80CB0216C5846FDF7A8FCA8
:108C90008146002891D0B9444FEA552AB5F5007FA6
:108CA000A7D307EB0A03BBF80A20934201D9A2EB32
:108CB000070A53464A4631469BF8010019F0B8FDB1
:108CC000002881D04FF0010A84F831A0CDF804A02B
:108CD000019805B0BDE8F08F012304F150019BF825
:108CE000010019F0EDFD30B994F8303003F07F0346
:108CF00084F8303084E74FF0010A84F831A0CDF8D1
:108D000004A0E5E74FF0010A84F831A0CDF804A0F3
:108D1000DEE707230193DBE700000000000000000E
:108D20002DE9F04F85B004460E46154698460023BF
:108D3000C8F8003003A9FDF7E3FD019000284ED1EB
:108D400094F831300193002B49D194F8303013F06E
:108D5000020F00F0FA80039B1B78042B00F0C18007
:108D6000A36BEB42C0F0BD80DD43BAE0216C20462E
:108D7000FEF73EFB002800F0E180012833D0B0F17F
:108D8000FF3F37D02064A36803B9A06094F9303066
:108D9000002B36DBDDF80CB0216C5846FDF720FCCB
:108DA0008146002844D0B9444FEA552AB5F5007FE2
:108DB0005CD307EB0A03BBF80A20934201D9A2EB6C
:108DC000070A53464A4631469BF8010019F078FDE0
:108DD000A8B34FF0010A84F831A0CDF804A001989F
:108DE00005B0BDE8F08F4FF0020A84F831A0CDF84D
:108DF00004A0F4E74FF0010A84F831A0CDF804A0F4
:108E0000EDE70123626C04F150010398407819F0FA
:108E100057FD30B994F8303003F07F0384F83030D8
:108E2000B8E74FF0010A84F831A0CDF804A0D6E7E6
:108E30004FF0020A84F831A0CDF804A0CFE7616CAE
:108E4000A1EB0901514502D34FEA4A272FE04FF425
:108E5000007206EB412104F15000F8F709FF94F885
:108E6000303003F07F0384F83030EDE7636C4B451E
:108E700006D0A06BE36B21696269884293414CD3B1
:108E8000C4F84490A36BC3F30803C3F50077BD4255
:108E900000D22F4604F150003A4631461844F8F704
:108EA000E7FE94F8303063F07F0384F83030ED1B38
:108EB000D8F800303B44C8F800303E44A26BE36B66
:108EC000BF1843F10003A763E363D4F810C06069DF
:108ED00039461A466745834101D2614602462161FF
:108EE00062615DB3A36BE16BC3F30802002AC9D1D1
:108EF0005F0A47EAC157039A5289013A17407FF443
:108F000045AF0B437FF432AFA06800287FF435AF44
:108F100000212046FEF76CFA2CE701234A4604F1B3
:108F200050019BF8010019F083FC0028A8D04FF0F5
:108F3000010A84F831A0CDF804A050E794F830304D
:108F400043F0400384F8303049E70723019346E7B4
:108F500070B598B0044617A9FDF7D2FC98B994F8FB
:108F6000303013F0400F0ED013F0800F0DD119F0F8
:108F70009FFB054617980378042B17D0A16CFDF7CB
:108F80000FFD002852D018B070BD0123626C04F1AF
:108F900050011798407819F093FC002863D194F899
:108FA000303003F07F0384F83030E0E72046FEF7EE
:108FB000E7F80028E7D14FF0FF32216C2046FEF79A
:108FC000C7F80028DFD121466846FFF731FA0028AC
:108FD000D9D1179B19690A7942F020020A71E27906
:108FE000196942F0010281F821201A69A1685163D0
:108FF0001A69D4E90401C2E90E011A69C2E90A0139
:109000001A69D560196900224A751B691A61684698
:10901000FFF796FA0028B6D11798FFF7D1FB94F81E
:10902000303023F0400384F83030ACE7E66CF37A5C
:1090300043F02003F372A26831462068FDF7F0FA8E
:109040002369F361C6F8165000237382179B01222F
:10905000DA701798FFF7B4FB94F8303023F0400330
:1090600084F830308FE701208DE700BF000000005A
:1090700010B582B00446FFF76BFF08B102B010BD17
:1090800001A92046FDF73CFC0028F7D12060F5E758
:1090900010B584B00191002843D00446002203A9F2
:1090A00001A8FDF745FD034620B1002222601846C5
:1090B00004B010BD039B236001992046FFF758F9C7
:1090C0000346B8B994F94B30002B0BDBA37913F0AE
:1090D000100F22D003980378042B10D0E16BFDF71A
:1090E0008FFAA060039BDB88A38000212046FEF757
:1090F0001FF90346042B12D0002BD8D0D5E7A36864
:109100002362236923F0FF03E27913436362E36C74
:10911000A3622146FDF734FBE4E70523EAE70523D4
:10912000C3E70923C3E700BF000000000000000000
:1091300010B582B0044601A9FDF7E2FB00B920603A
:1091400002B010BD000000000000000000000000A0
:1091500070B582B004460D4601A9FDF7D1FB064665
:10916000C0B995B100212046FEF7D2FF042800D0F7
:1091700098B929462046FEF713FC00212046FEF749
:109180000FFB042806D0064604E000212046FEF727
:10919000CFF80646304602B070BD0646FAE700BF7B
:1091A00070B505460C4621462846FFF7D1FF064616
:1091B00058B954B1A37E43B10423002204F11A012B
:1091C000286DFDF70DFB0028EDD0304670BD00BFC7
:1091D00038B504460D4603651146FFF759FF00B147
:1091E00038BD29462046FFF7DBFFF9E70000000005
:1091F00030B5BDB0019002220FA901A8FDF798FC7F
:10920000044610B120463DB030BD0F9B2693019916
:1092100026A8FFF7ADF804460028F3D19DF9E33006
:10922000002B36DB9DF89E3013F0010F4CD10F98C8
:1092300002900378042B1ED03599FDF7E1F905461D
:109240009DF89E3013F0100F25D00F9B10931295B0
:109250001B78042B14D0002110A8FEF769F80446EF
:109260000028CFD1002110A8FEF752FF044610B30A
:10927000042810D111E002A9FDF782FA049DDFE76E
:10928000DDE90623CDE914239DF80F308DF8473032
:10929000E1E700250624002CB4D126A8FEF728FB20
:1092A00004460028AED145B9002CABD10F98FFF78A
:1092B00087FA0446A6E70724EDE70022294602A81C
:1092C000FEF78EF90446EFE707249BE70000000055
:1092D0007F2801D880B27047B0F5803F13D240F2AA
:1092E000623399420DD00020704701339BB27F2B2F
:1092F00004D8064A32F813208242F6D18033D8B21D
:1093000070470023F3E70020704700BFD06A0208CF
:109310007F280FD940F26233994201D00020704774
:10932000FF2806D800F100408038034B33F81000C6
:1093300070470020704700BFD06A0208000000009C
:10934000B0F5803F47D230B585B2B5F5805F01D228
:10935000214B02E0214B00E023461A88EAB19542F6
:109360001BD31C1D5B88190ADBB21FFA80FC03EBC0
:10937000020EF44504DB0029EED104EB4303ECE7D5
:1093800008290AD8DFE801F0050B1114171A1D206F
:109390002300ACEB020C34F81C50284630BDAB1A4D
:1093A00003F00103ED1AADB2F7E7103DADB2F4E7FB
:1093B000203DADB2F1E7303DADB2EEE71A3DADB2C2
:1093C000EBE70835ADB2E8E7503DADB2E5E7A5F50E
:1093D000E355ADB2E1E77047DC6802082068020897
:1093E00002290BD0032903D0012909D1064870476F
:1093F000032A07D8054800EBC200704704487047AD
:109400000020704700207047D06C0208306C0208C2
:10941000846C020800000000000000000000000052
:1094200008B5202383F311880348FAF749F900238C
:1094300083F3118808BD00BF781A002000000000E7
:1094400010B502290BD003291CD1202383F31188E6
:109450000D48FAF7D5F8002383F3118812E004468B
:10946000202383F31188094A0121FAF761FB084A96
:1094700002212046FAF75CFB0348FAF7D1F80023F3
:1094800083F3118810BD00BF781A00200C6C02080D
:10949000E86B02080000000000000000000000006F
:1094A00008B5054A1368136013F0800F00D108BD9A
:1094B00018F01EFAFBE700BF00010050000000009A
:1094C00010B500210748F9F7BBFD074C00212046E5
:1094D000F9F7B6FD2046FBF72BF92046FBF720F9FC
:1094E00010BD00BF441700206C17002000000000D2
:1094F00010B580010449C861044C01232246044888
:10950000F9F7EEFD208810BDDC060020041D0020C8
:1095100044170020000000000000000000000000D0
:1095200010B5044C0123224603490448F9F7D8FD3D
:10953000208810BD041D0020186D02086C17002043
:109540004FF080435A6A264B1B68D31A4CF24F31B6
:109550008B4236D92DE9F041214B1A60214BB3F8EB
:10956000BA7000242646A0460CE01F4D01232A466F
:109570001E491F48F9F7B4FD2B881E446B88984498
:109580000134A4B20F2CF0D933094FEA181841F670
:10959000C81202FB03F31B0B03FB07F7B7FBF8F73B
:1095A000144B1F80134BB3F90030632B06DD124AB6
:1095B000B2F85600184400B2BDE8F0814FF0FF3019
:1095C000FAE70C4BB3F90030632B05DD0A4AB2F819
:1095D0005600184400B270474FF0FF30704700BF8C
:1095E000D806002000F7FF1F081D0020446D020868
:1095F0006C170020001D0020EC0700200000000078
:1096000008B50123024A03490348F9F739FD08BDAB
:10961000041D0020EC6C020844170020000000002C
:1096200008B50248F9F73CFD08BD00BF441700200B
:1096300008B5FFF735FFF9F793F808BD0000000003
:10964000BFF34F8F0549CA6802F4E062044B13432D
:10965000CB60BFF34F8F00BFFDE700BF00ED00E020
:109660000400FA05000000000000000000000000F7
:10967000202383F3118870470000000000000000E1
:10968000002383F3118870470000000000000000F1
:109690004FF08043586A704700000000000000004F
:1096A000014B9B6998617047801600200000000004
:1096B00000604060704700BF000000000000000034
:1096C000024A137823F001031370704758140020E6
:1096D00070B5044600200B46651E1A7815F8016F18
:1096E0007C2A08BF00229642194603F1010302D1E9
:1096F000002EF2D170BD11F8013B1BB17C2BFAD1C9
:109700000130E8E74FF0FF30F4E700000000000010
:1097100070B5037802462D2B04BF01320126137861
:1097200018BF002600202B2B08BF013201460A2556
:1097300012F8013BA3F13004092C0AD94D2B18D0A3
:109740006B2B0ED0472B16D016B1404261EB410176
:1097500070BDA0FB053005FB0101E01841EBE47191
:10976000E6E74FF47A7303FB01F2A0FB0301114417
:10977000EAE7024BF7E7024BF5E700BF40420F0074
:1097800000CA9A3B0000000000000000000000003A
:10979000012814D138B504460868094DFFF7B8FF11
:1097A00042F210735843074B186030B1FFF770FF57
:1097B000002818BF04462C6038BD2860FCE77047BD
:1097C0004C5500204855002000000000000000001B
:1097D00070470000000000000000000000000000D2
:1097E00070470000000000000000000000000000C2
:1097F00008B50868FFF78CFF034B83F8B801034BEB
:1098000001221A7008BD00BFF0320020541400205D
:109810007047000000000000000000000000000091
:109820000868FFF775BF000000000000000000009E
:1098300010B5074C052384F8BA310868FFF768FFB4
:10984000044B082204F5C4641A70C4E9000110BD79
:10985000F03200205814002000000000000000003A
:10986000064B93F8433C5A0705D4054B1878031F61
:109870005842584170470120704700BFEC07002054
:10988000CC180020000000000000000000000000D4
:10989000024AD36943F00053D3617047001002407D
:1098A00008B50868FFF734FFBDE808401AF0A8BA09
:1098B00008B5F8F7A5FE08BD000000000000000094
:1098C00010B56420064CFFF7FBFEF8F799FE102355
:1098D0002370237803B910BD6420F8F791FEF8E7F0
:1098E00058140020000000000000000000000000EC
:1098F00038B508680C46FFF70BFF05466068FFF7B0
:1099000007FF01462846BDE838401AF069BA000052
:1099100008B5FFF7D5FEBDE8084012F049BC0000CD
:1099200008B50868FFF7F4FEBDE808401AF088B8EB
:1099300070B505460C4614F05BFB0022144B9542B3
:109940001A7024D0134E4FF0010333701DDD2068D0
:10995000FFF7DEFE013816F0A3FA012D15D060687E
:10996000FFF7D6FE013816F09BFA022D0DD0A06845
:10997000FFF7CEFE013816F093FA032D05D0E0680C
:10998000FFF7C6FE013816F08BFA0023337070BD66
:10999000EC700020273900200000000000000000CB
:1099A000022838B50BD108680C46FFF7B1FE054612
:1099B0006068FFF7ADFE01B228B211F0B1FC034BB5
:1099C00002221A70BDE8384017F092BF25390020F6
:1099D000022813D138B508680C46FFF799FE0546F2
:1099E0006068FFF795FE01B228B211F099FC044BB4
:1099F00001221A70BDE8384017F07ABF704700BFE7
:109A000025390020000000000000000000000000D8
:109A100073B50C4E0C4D0024214602234FF4F07216
:109A20000020009618F03CFB2868064903684FF4B4
:109A3000F0621B6802349847B4F5A07FECD102B005
:109A400070BD00BF68710020E05B002000000000D6
:109A500010B5044611F0FCFC14B111F0F9FCFCE760
:109A600010BD000000000000000000000000000029
:109A700008B5F8F705FE08BD000000000000000072
:109A8000012808B50CD10868FFF742FE80B2421EDB
:109A900042F20F739A4202D8044BA3F8C60108BDE4
:109AA000024B0122A3F8C621F9E700BFF0320020E3
:109AB0000622054B03E0002243F8042B0A46511E00
:109AC000002AF8D1704700BF502800400000000075
:109AD000084A92F8BE3123EA000382F8BE31064BF1
:109AE0001A781043054A1870138843F02003138036
:109AF000704700BFF0320020885B00208A5B0020A6
:109B0000034B1B7813F0030F0CBF0120002070479C
:109B100058140020000000000000000000000000B9
:109B2000034B044A1880137843F002031370704704
:109B3000561400205814002000000000000000000F
:109B4000024A137883F00103137070475814002001
:109B50000FB4074B07B5186820B105AA0499019204
:109B6000FCF78EFA03B05DF804EB04B0704700BF59
:109B7000E05B00200000000000000000000000008A
:109B8000012810B5064C05D021680648BDE81040F4
:109B9000FFF7DEBF0868FFF7BBFD206010BD00BF08
:109BA000580700200C7502080000000000000000AB
:109BB000012838B50A4D06D095F9B3110948BDE81A
:109BC0003840FFF7C5BF04460868FFF7A1FD40B263
:109BD000013006BF002385F8B33185F8B34138BDA5
:109BE000F0320020706D020800000000000000004C
:109BF00010B51AF0ADF910EE100AF7F71DF8BDE830
:109C0000104002460B460148FFF7A2BF0977020841
:109C1000012810B5094C05D021680948BDE810405D
:109C2000FFF796BF0868FFF773FD012871F1000187
:109C3000ACBF0121002103482160EFE71C20002078
:109C4000086F0208776D02080000000000000000A5
:109C50002DE9F0411848DFF86C80184F184E86B097
:109C6000FFF776FFF8F744FD0446E1690023CA5C7C
:109C7000552A1ED094F8200094F8225058F820E07D
:109C8000A069D4F808C0E2680094002808BF3846EC
:109C9000013DCDE903E0CDE9015C3046FFF758FF17
:109CA0002046F8F735FD04460028DED106B0BDE8B1
:109CB000F0810133DBE700BF806D020857780208AE
:109CC000C76D0208A08F020800000000000000001D
:109CD00010B5064906480122FEF7B2FD044618B148
:109CE00001460448FFF734FF204610BD57780208AC
:109CF0002C7F0020EE6D0208000000000000000034
:109D00002DE9F041094DDFF83080094F094E00245C
:109D100055F8041B09B9BDE8F0812CB93A68304602
:109D2000FFF716FF0134F3E74246F8E7B0AD02084B
:109D30005C070020026E020857780208000000004D
:109D400070B51548154C164E164DFFF701FF2168EA
:109D500061B91548114C124E124DFFF7F9FE2168FA
:109D600079B9BDE870401148FFF7F2BE6368B342AD
:109D7000EFD023899A0702D52846FFF7E9FE0A3477
:109D8000E5E76368B342ECD023899B0702D42846F9
:109D9000FFF7DEFE0A34E2E7116E0208988B020834
:109DA000610E0108F6800208096E0208F4760208C6
:109DB000012810B5084C03D1086803783F2B06D161
:109DC000B4F856100548BDE81040FFF7C1BEFFF7D4
:109DD0009FFCA4F8560010BDEC070020086F020895
:109DE00008B5FFF7ADFBBDE8084001460148FFF7A5
:109DF000AFBE00BF1B6E02080000000000000000A4
:109E000070B5044678B9164D164E55F8040BF6F7A2
:109E100013FF013402460B4630462146FFF798FEF9
:109E2000032CF2D170BD012815D1086803783F2BAF
:109E300011D0FFF76DFC013802280CD8084B03EB5A
:109E400080031868F6F7F8FEBDE8704002460B463E
:109E50000548FFF77DBEBDE870400448FFF778BEB7
:109E600038320020236E0208316E0208396E020873
:109E7000012816D108B5086803783F2B0CD0FFF7EE
:109E800047FC042808D880B219F082F9064A1388E2
:109E900043F00403138008BDBDE808400348FFF702
:109EA00057BE0248FBE700BF8A5B0020496E0208EC
:109EB00008B5FFF725FE20B10348BDE80840FFF7CD
:109EC00047BE0248F9E700BF556E02085E6E020801
:109ED00070B50D480D4D0E4EFFF73AFE11F040FAE9
:109EE0000C48FFF735FE0C48FFF732FE002435F929
:109EF000021F30460134FFF72BFE042CF7D1BDE8DA
:109F000070400648FFF724BE686E02083208002041
:109F1000CC7C0208946E02089B6E0208F47602085C
:109F200001280FDD13B5084C01A9684611F048FA65
:109F3000DDE900122046FFF70BFE4FF4FA60F8F758
:109F40005FFBF1E7704700BFAE6E02080000000043
:109F5000012808DD0C490D4803E0BDE808400A4926
:109F60000A48FFF7F5BD08B50AD10B46064918683F
:109F7000FFF7AEFB0028F0DB054BC0B2187008BD40
:109F8000044B04221A70FAE7BC880208BD6E02086E
:109F90001471002016710020000000000000000075
:109FA00008B519F08DF8BDE808400148FFF7D0BDAD
:109FB000D16E020800000000000000000000000058
:109FC00008B50748FFF7C4FD064AD36943F40063A8
:109FD000D361054B60225A60FF221A60FEE700BF82
:109FE000E16E020800100240002C0040000000005A
:109FF0000FB413B5084C206848B105AB074801936E
:10A00000FFF7A6FD019A04992068FCF739F802B021
:10A01000BDE8104004B07047E05B0020F46E020819
:10A02000012804D0074B08481968FFF7E1BF10B5B5
:10A0300004460868FFF76CFB044BA3F8CE01044B01
:10A040001C7010BD30150020FC6E0208F03200209C
:10A050005414002000000000000000000000000078
:10A06000012804D0074B08481968FFF7C1BF10B595
:10A0700004460868FFF74CFB044BA3F8D001044BDF
:10A080001C7010BD2C150020FC6E0208F032002060
:10A090005414002000000000000000000000000038
:10A0A000F8B5051E1D4E1E4F0FDC1E48FFF7A0FF22
:10A0B0001D4A002313601D4A336013601C4A13605D
:10A0C0001C4A136001233B70F8BD012333603B70D1
:10A0D0000C1F54F8040F0378702B05F1FF3518D0CE
:10A0E0000CD8612B00F101000FD0642BDDD1FFF7FC
:10A0F0000FFB0E4B1860002DEBD1E5E7732BD4D18D
:10A100004378094A303B1360F5E7FFF701FB084B42
:10A11000F0E74378074A303BF5E700BF3C230020D7
:10A12000541400200D6F020838230020342300202F
:10A130002C2300203023002000000000000000003D
:10A14000012830D170B50B681B783F2BA6B00C46A8
:10A1500005D1164826B0BDE87040FFF749BFFFF7AC
:10A16000B7FD60B92368124A124E134D134C69466D
:10A1700010A8FFF72DF810B99DF81A300BB926B0CA
:10A1800070BD0DF11A00FFF733F80DF11A01002828
:10A1900014BF32462A462046FFF7DAFC694610A86B
:10A1A000FEF7FEFFE7E70148D7E700BF336F02087D
:10A1B00057780208E7820208306F02084A6F0208E7
:10A1C000012873B503D10D682B783F2B05D11D48AD
:10A1D00002B0BDE87040FFF70BBF0446FFF778FD03
:10A1E00020BB224618482946FEF752FB044630B1F0
:10A1F0000146164802B0BDE87040FFF7A9BC144EF6
:10A20000144D3068D5F8843B0093036804221B6822
:10A210006946984701940C4801AB4FF400722946F7
:10A22000FEF78EFC20B10848FEF722FF02B070BD99
:10A23000019A002AF7D03068036829461B689847BE
:10A24000E9E700BF5A6F0208DC7C0020766F020845
:10A25000E05B0020687100200000000000000000AA
:10A2600030B5A7B004460D46FFF732FD88B9C4B13A
:10A27000012C10D12B68144A144C694610A8FEF723
:10A28000A7FF0146E1B99DF81A3063B910A8FEF79F
:10A290004FFF27B030BD0E4827B0BDE83040FFF774
:10A2A000A7BE0C4BE7E7DDE900230DF11A012046BC
:10A2B000FFF74EFC694610A8FEF772FF0146E1E782
:10A2C0000548FFF745FCE1E757780208A26F02084E
:10A2D0008E6F02088A6F0208AA6F02080000000051
:10A2E000012820D170B50D682B783F2B04D1BDE833
:10A2F00070400E48FFF77CBE0D490E4E2846FFF712
:10A30000E7F9347804F00F0438B12846FFF700FA73
:10A3100044EA001464F07F04E4B234702046BDE8DF
:10A3200070401AF055B80148E4E700BFB66F020864
:10A33000EB77020820200020000000000000000051
:10A3400001281FD170B50D682B783F2B04D1BDE8D3
:10A3500070400D48FFF74CBE0C490D4E2846FFF7E4
:10A36000B7F9347804F0F00430B12846FFF7D0F99B
:10A37000044344F00804E4B234702046BDE8704061
:10A380001AF026B80048E5E7C66F0208EB77020826
:10A39000202000200000000000000000000000005D
:10A3A000012806D10B681B783F2B02D11148FFF71B
:10A3B0001FBE10B5104C00232370FFF781F9012850
:10A3C0000ED10868FFF7A4F980B2FFF7A9FBFFF7E9
:10A3D00097FB38B1094A138843F02203138010BD5C
:10A3E0000120F1E72378002BF4D14FF47A70F8F7CD
:10A3F00007F9ECE7D76F0208157100208A5B00208F
:10A40000012838B508D1086803783F2B16D1BDE87C
:10A4100038401548FFF7ECBD144C00230120237091
:10A42000FFF74EF9FFF77CFBFFF76AFB68B923786B
:10A430005BB94FF47A70F8F7E3F8F5E70B4D0023BA
:10A440002B70FFF765F904462CB9094A138843F0CD
:10A450002203138038BD2B78002BF6D142F2107006
:10A46000F8F7CEF8013CEFE7EC6F02081571002019
:10A470008A5B0020000000000000000000000000D7
:10A48000012810B5084C03D1086803783F2B06D18A
:10A49000B4F9581C0548BDE81040FFF7A9BDFFF707
:10A4A00037F9A4F8580C10BDEC070020FD6F020826
:10A4B00001282BD1F8B5086803783F2B21D0FFF78E
:10A4C00027F902281DD8124B124C1B5C124F134E59
:10A4D0004FF4E16202FB03440025B7F8CA31AB42F6
:10A4E00000DCF8BDB4EC010A0DF0AAF910EE100A78
:10A4F000F6F7A2FB02460B463046FFF729FB013573
:10A50000EBE7BDE8F8400648FFF772BD0448FBE7FB
:10A51000B888020828390020F032002013700208A1
:10A520001870020800000000000000000000000099
:10A53000012816D108B5086803783F2B04D1BDE87F
:10A5400008400948FFF754BD0849FFF7C1F820B19A
:10A550000748BDE80840FFF7FBBA18F0D1FE0548F0
:10A56000F7E70148EEE700BF25700208768402088D
:10A57000447002085570020800000000000000004E
:10A580002DE9F84F03782B2B804608BF00F1010816
:10A5900098F80030302B49D198F801306F2B41D01A
:10A5A000782B41D0622B41D102274FF0000B08F1EC
:10A5B000020800242646012518F8013BB3F12E02BB
:10A5C00038D0B3F130094FF0000242F1FF3AB9F14F
:10A5D000110F7AF1000205D329F02009B9F107091A
:10A5E0004AF1FF3AB9457AF1000225D23A460023F2
:10A5F0004FF0FF304FF0FF31F6F742FF844276EB29
:10A600000101D9D204FB0BF3002D07FB0633A4FB99
:10A610000742D8BF05F1FF35134414EB090443EB9F
:10A620000A06C9E70827C0E71027BEE70A274FF048
:10A63000000BBEE71546BFE7012D08BF00254D2BD7
:10A6400019D06B2B15D0472B17D0A8462046314682
:10A65000B8F1000F13DB002DC5F10003C8BF0023C4
:10A6600004460E461D44013D10D220463146BDE849
:10A67000F88F0335E9E70635E7E70935E5E73A46B8
:10A680000023F6F7FDFE08F10108E1E704FB0BF3F8
:10A6900007FB0633A4FB07461E44E4E70000000066
:10A6A000012810B5074C06D0D4E900230648BDE8C0
:10A6B0001040FFF74DBA0868FFF762FFC4E90001D8
:10A6C00010BD00BFE85B0020B7700208000000006A
:10A6D000012810B5074C06D0D4E900230648BDE890
:10A6E0001040FFF735BA0868FFF74AFFC4E90001D8
:10A6F00010BD00BFF05B0020BE700208000000002B
:10A7000038B5431E012B05D80546086803783F2B52
:10A710000C4604D1BDE838400B48FFF769BCFEF792
:10A72000F7FF0A4B012D83F8BA0109D06068FFF7E3
:10A7300027FF074BC3E90001064B08221A7038BDFA
:10A7400000200146F5E700BFC5700208F032002086
:10A750001039002058140020000000000000000004
:10A7600008B530B90B4B0C485968BDE80840FFF7F5
:10A77000EFB9012808D1086803783F2B04D0FFF710
:10A78000FFFE044B586008BDBDE808400348FFF7D2
:10A790002FBC00BFEC070020DC700208EA70020842
:10A7A000431E012B30D870B50E6833783F2B25D06F
:10A7B00002280ED14868FFF7E3FE04460D4614490F
:10A7C0003046FEF785FF032818D8DFE800F00509BA
:10A7D0000F1400242546F2E70E4B43E9024570BDF5
:10A7E0000D4BC3F8304CC3F8345CF8E70A4B012238
:10A7F00083F84A2CF3E7084B0022F9E7BDE87040E4
:10A8000003490648FFF7F4BB01490448FAE700BFD3
:10A81000C48A02081C140020EC0700200071020802
:10A82000012810B503D1086803783F2B09D1104BDC
:10A830001048D3F8082CD3F80C3CBDE81040FFF7C3
:10A84000D7BBFFF79DFE50EA010309D00A4B0B4C22
:10A85000C31861F100029C424FF000039341E6D31C
:10A86000074BBDE8104043E9020118F029BC00BFC6
:10A87000EC0700201971020840C382CA00688909E8
:10A88000FC13002000000000000000000000000099
:10A89000022870B51DD02048204D214CFFF7A8FBA1
:10A8A000002635F8023FDA08590901F0F80102F4F0
:10A8B000E0520A43190401F478015B030A439BB296
:10A8C00031461A4320460136FFF742F9202EE8D1DF
:10A8D00070BD08680D46FEF71BFF1F280446F7DC15
:10A8E0006868FFF74DFEC300420102F4F85203F41A
:10A8F00060431343020C02F0F80213430434094A84
:10A90000C0F34230034322F81430074A138843F05F
:10A9100020031380DCE700BF32710208F207002039
:10A9200047710208EC0700208A5B0020000000004D
:10A93000002836D0022834DC1A4B93F8433C5B07DE
:10A940002FD470B5022890B00D4621D14868FFF78A
:10A9500017FE0A2303FB00F42D68134E2846F7F771
:10A9600037F82946024623461048114DF8F7F8FA01
:10A9700010490E4823460222F8F7F2FA40222346F5
:10A9800069463046F8F72CFA024620B910B070BD7F
:10A990004FF4FA64E0E72B6805481B68694698475E
:10A9A000ECE77047EC070020E417002008180020AF
:10A9B000781A0020F4760208000000000000000071
:10A9C000012810B50A4C03D1086803783F2B06D143
:10A9D000B4F854100748BDE81040FFF709BBFFF773
:10A9E000CFFD054BC0F30B00A4F85400586110BD17
:10A9F000EC070020567102080074004000000000BF
:10AA00002DE9F0432D4B2E4ED3F8008087B008F08F
:10AA10007F3424F0FE4404945F68032806EA0706A6
:10AA20000D46059612D127492868FEF751FE80BBD6
:10AA30006868FFF7A5FD0446A868FFF7A1FD014679
:10AA4000204607B0BDE8F04319F0DABF022820D154
:10AA5000086803783F2B1CD01B49FEF739FE81465E
:10AA60006868FFF78DFDB9F1000F12DB632810D87D
:10AA7000164B13F809300A211833B0FBF1F26B447E
:10AA800001FB120040EA021003F8080CDDE9041093
:10AA9000D7E708F07F03039307F03F07C4F30623CB
:10AAA000240C0293084901940097C6F30423320C46
:10AAB0000748FFF79DFA07B0BDE8F0830028004083
:10AAC0003F1FFF007F710208A8880208A0880208C3
:10AAD000817102080000000000000000000000007A
:10AAE00001280FD108B5086803783F2B04D1BDE8D1
:10AAF00008400548FFF77CBAFFF742FDBDE8084073
:10AB0000FEF7DEBD0048F5E7CE7102080000000048
:10AB100038B503782D2B04464ED02B2B4FF0000573
:10AB200000D101342046FEF7F3FDF6F719FC00EEE4
:10AB3000100A20460378A3F13002D2B2092A044653
:10AB400000F10100F6D96B2B03D04D2B01D0472B20
:10AB500000D10134237803F0FD032C2B0BD1621CB0
:10AB6000B7EE007AF2EE046A144612F8013B303B6D
:10AB7000D9B2092922D9237803F0DF03452B0ED15E
:10AB800001342046FEF7C4FDF2EE047A0346002BA2
:10AB90001DDC0028A8BF001AF2EE047AD8B9237889
:10ABA000752B05D86A2B1AD8472B3DD04D2B38D0A2
:10ABB0000DB1B1EE400A38BD0125B2E787EE267A25
:10ABC00007EE903AF8EEE77A07EE870ACCE720EE38
:10ABD000270A013BDBE780EE270A0130DEE76B3B0B
:10ABE0000A2BE5D801A252F823F000BF19AC0008E7
:10ABF000B1AB00082FAC00083FAC0008B1AB0008B7
:10AC000045AC0008B1AB0008B1AB0008B1AB00081F
:10AC1000B1AB000839AC0008DFED0C7A20EE270A52
:10AC2000C6E7DFED0B7AF9E7DFED0A7AF6E7DFED4D
:10AC3000077A80EE270ABBE7DFED057AF9E7DFED5B
:10AC4000057AF6E7DFED047AF3E700BF00007A4407
:10AC500000247449286B6E4EA5D468530000000090
:10AC600001281ED110B50B680E4A013B13F8011FD5
:10AC7000A1B911700B480C4CFFF74AFF094884ED4D
:10AC8000000AFFF77DFCC4E9020110F059FD074BF3
:10AC900001221A70BDE8104013F0AAB902F8011B96
:10ACA000E4E77047F8700020287100202639002062
:10ACB0002DE9F0430F68054685B00E4638464B49EE
:10ACC000FEF706FD012D044641D1002856DB0C2875
:10ACD00002D00D2811D10025454B464983F8B051CB
:10ACE000454B464801221A70454B002D18BF1946A6
:10ACF00005B0BDE8F043FEF72BBF50256543414842
:10AD0000414FDFF82081FEF723FFBC3514233D447B
:10AD10004FF000095C4355F8040BF5F78DFF04EB89
:10AD20000903CDE902018F3307EBC303D3E9012304
:10AD3000CDE9002340464A46316809F10109FEF792
:10AD400007FFB9F1140FE6D105B0BDE8F083022D7D
:10AD500012D12E497068FEF7BBFC014670B9502233
:10AD600054432948BC342044F6F7A2FE224B28481D
:10AD700001221A703946BBE7042D07D0254A1B492A
:10AD8000254805B0BDE8F043FFF732B97068FEF71B
:10AD9000BFFC0546B068FFF7F3FB8046F0680F463E
:10ADA000FFF7B6FE142202FB0454174B04F18F0286
:10ADB0002E3403EBC20203EB840383ED010A0E4B36
:10ADC000C2E9018701221A70144A138843F0200354
:10ADD000138010EE100AF5F72FFF4246CDE900016F
:10ADE0003B4629460E48FEF7B3FEADE7E08A02086F
:10ADF000F03200201477020854140020E971020890
:10AE0000E5710208F9710208EC0700202C720208B3
:10AE100032720208D88A02084E7202088A5B002049
:10AE200079720208117202080000000000000000A0
:10AE300070B5002840F0D980AA4CE06DF5F7FCFE13
:10AE400002460B46A848A949FEF782FE606EF5F758
:10AE5000F3FE02460B46A448A549FEF779FE04F628
:10AE600054431868F5F7E8FE02460B469E48A14990
:10AE7000FEF76EFEE06EF5F7DFFE02460B469A48DF
:10AE80009D49FEF765FE206FF5F7D6FE02460B469C
:10AE900095489A49FEF75CFE606FF5F7CDFE0246D5
:10AEA0000B4691489649FEF753FEA06FF5F7C4FE96
:10AEB00002460B468C489349FEF74AFEE06FF5F7D1
:10AEC000BBFE02460B4688488F49FEF741FED4F888
:10AED0008000F5F7B1FE02460B4683488B49FEF72A
:10AEE00037FED4F88400F5F7A7FE02460B467E48ED
:10AEF0008749FEF72DFED4F88800F5F79DFE02463F
:10AF00000B4679488349FEF723FED4F88C00F5F709
:10AF100093FE02460B4674487F49FEF719FED4F8AB
:10AF20009000F5F789FE02460B466F487B49FEF715
:10AF30000FFED4F89400F5F77FFE02460B466A48F0
:10AF40007749FEF705FED4F89800F5F775FE02463E
:10AF50000B4665487349FEF7FBFDD4F89C00F5F7F6
:10AF60006BFE02460B4660486F49FEF7F1FDD4F8D0
:10AF7000A000F5F761FE02460B465B486B49FEF701
:10AF8000E7FDD4F8A800F5F757FE02460B465648F1
:10AF90006749FEF7DDFDD4F8A400F5F74DFE024643
:10AFA0000B4651486349FEF7D3FDD4F8AC00F5F7E2
:10AFB00043FE02460B464C485F49FEF7C9FDD4F8F4
:10AFC000B000F5F739FE02460B4647485B49FEF7ED
:10AFD000BFFDD4F8B400F5F72FFEBDE8704002467F
:10AFE0000B4641485649FEF7B3BD0646086803784C
:10AFF0003F2B0D4600F0CA805249FEF769FB041E44
:10B00000C0F2C480022E40F0A3806868FFF780FD84
:10B01000152C00F2BB80DFE804F00B15191D21256B
:10B02000292D3135393D4145494D5155595DB56160
:10B030002C4B012283ED170A83F8412C424B01224D
:10B040001A7070BD414B83ED000AF7E7254B83ED85
:10B050001B0AF3E7234B83ED1C0AEFE7214B83ED3B
:10B060001D0AEBE71F4B83ED1E0AE7E71D4B83ED3F
:10B07000200AE3E71B4B83ED210ADFE7194B83ED41
:10B08000220ADBE7174B83ED230AD7E7154B83ED45
:10B09000240AD3E7134B83ED250ACFE7114B83ED49
:10B0A000260ACBE70F4B83ED270AC7E70D4B83ED4D
:10B0B000280AC3E70B4B83ED2A0ABFE7094B83ED50
:10B0C000290ABBE7074B83ED2B0AB7E7054B83ED56
:10B0D0001F0AB3E7034B83ED2C0AAFE7014B83ED67
:10B0E000190AABE7EC07002091720208167A0208F1
:10B0F000A7720208BA720208B2720208C17202088C
:10B1000037730208CC720208D5720208E272020894
:10B11000E8720208EF720208F6720208FD72020875
:10B12000047302080B7302081273020819730208F1
:10B13000207302082B730208317302083B73020864
:10B140003F730208C08902085414002040140020F4
:10B15000032E1BD110496868FEF7BAFAB0B9A86887
:10B16000FFF7D6FC012C09D0132C0BD074B90B4B74
:10B17000012283ED190A83F8422C5FE7074B83ED28
:10B180001A0A5BE7054B83ED2D0A57E7BDE87040CF
:10B1900003490448FEF7DCBC26840208EC070020C3
:10B1A000C08902084D730208000000000000000082
:10B1B000012870B50C4D04D10446086803783F2B74
:10B1C0000AD1D5F8B800F5F737FDBDE87040024662
:10B1D0000B460648FEF70CBFFFF79AFC044B85EDC3
:10B1E0002E0A1C7070BD00BFEC07002074730208AB
:10B1F00054140020000000000000000000000000C7
:10B20000012802D00648FEF7A3BC10B50446086822
:10B21000FFF77EFC034B83ED880A034B1C7010BDC7
:10B2200085730208F0320020541400200000000052
:10B230002DE9F0411646124AD2F884221268177896
:10B24000042F17D10F4C0346206802680D46D2F830
:10B25000008019460E22C0472068036832462946FE
:10B260001B6898472068084903683A461B68BDE890
:10B27000F0411847054B00221A70BDE8F08100BF6D
:10B28000781A0020E05B0020A37302082439002014
:10B2900010B52824224600210548F6F709FC22466D
:10B2A00004480021F6F704FCBDE8104018F068BB24
:10B2B0008832002060320020000000000000000002
:10B2C0000B4B1B68032B10B504460BD1094B1B68B5
:10B2D0001BB1002814BF044603242046BDE81040DB
:10B2E00018F0C6BB18F08CFD034B83F8B94110BDB4
:10B2F00044320020545B0020F032002000000000A7
:10B300007FB5494B494D93F89821494C032A26D8DB
:10B31000DFE802F0026E3A79464A92F9402C0020AA
:10B320000021C5E900016AB393F8BB1131B3424A69
:10B33000D2E90030A3FB013201FB00223F495B1838
:10B3400062F10002C4E90032CDE90232002200239A
:10B35000CDE900233A483B4A1421FBF711F9D4E91F
:10B360000023CDE90223D5E900231421CDE90023F0
:10B370003348354AFBF704F904B070BD334AD2E9CB
:10B380000032DFE7324AFAE793F8BB2193F8093637
:10B3900000200021C5E90001B3B16AB12649D1E915
:10B3A0000030A3FB023102FB001224495B1862F15A
:10B3B0000002C4E90032D2E7244A2649D2E9003229
:10B3C0005B1842F10002F4E71B4E1A49D6E9000669
:10B3D000D1F8383CD1F83C1C1B1841EB060122B1D6
:10B3E000A2FB033002FB0102E3E7C4E90031B6E748
:10B3F00009A3D3E90023C5E9002309A3D3E9002366
:10B40000C4E90023ABE704A3D3E90023C5E9002383
:10B41000094BD3E90023F3E700321B0800000000CA
:10B42000806E5A4300000000F0320020D832002025
:10B43000D8070020EC070020785B0020400FBEC535
:10B44000C8700020A8730208B5730208805B002052
:10B45000585B0020008793030000000000000000FC
:10B4600038B5431E012B3DD80446086803783F2BAE
:10B470000D4637D01E49FEF72BF9042832D8DFE8F5
:10B4800000F00303210A26001A4B83F8400CBDE8A4
:10B490003840FFF735BF022C24D16D681449284687
:10B4A000FEF716F9022810D02846FFF769F80C4677
:10B4B000114B43E90204114BC3E90004104B012274
:10B4C0001A7038BD0F480224F2E70E48F0E7022C4C
:10B4D00008D16868FFF754F8064BC3F8200CC3F88E
:10B4E000241CEBE7BDE8384001490748FEF780BD62
:10B4F000C6730208EC0700200C140020C83200209C
:10B500005414002000E40B54DD7302080000000016
:10B510001D4B93F89821B3F8CA11023AD2B2012A0E
:10B5200002D8C82048437047F0B5D3E98E75D3E9F7
:10B53000906293F8AF41B3F8C601954208BFB74295
:10B5400004F001040ED0114B1B687F334B43104AAB
:10B550000138128848436F2104FB0222484303FB51
:10B560000200F0BD01280BD1D3F8E825094B9A421F
:10B5700006D8002C43F6982308BF4FF4E163E6E7B2
:10B5800043F69823E3E700BFF03200203015002097
:10B59000E00700209F86010000000000000000007E
:10B5A00008B5054B00B2A3F8D40118F0B1FC034B69
:10B5B00001221A7008BD00BFF03200205414002090
:10B5C000012803D008490948FEF712BD08B50B460B
:10B5D00005491868FEF77CF8431C04D0BDE8084014
:10B5E0000138FFF7DDBF08BD04890208EF730208C8
:10B5F000144B984225D8144BD3E98C210A431BD114
:10B6000007EE900A9FED117AB3F8CA21F8EEE77AB7
:10B6100067EE877A07EE102AD3F8F025B8EE477A5E
:10B6200067EE877A07EE102AB8EE477AC7EE876A88
:10B63000FDEEE67A17EE900AC3F8DC01044B012216
:10B640001A70704740420F00F03200200000FA43A9
:10B650005414002000000000000000000000000062
:10B6600044F62063984226D8134BD3E98C210A4331
:10B670001CD1D8B107EE900A9FED107AB3F8CA2119
:10B68000F8EEE77A67EE877A07EE102AD3F8F0250E
:10B69000B8EE477A67EE877A07EE102AB8EE477A57
:10B6A000C7EE876AFDEEE67A17EE900AC3F8E0016E
:10B6B000034B01221A707047F03200200000FA4359
:10B6C00054140020000000000000000000000000F2
:10B6D000831E762B05D8034B83F8B701024B01225A
:10B6E0001A707047F032002054140020000000004F
:10B6F00008B510B1C31E112B0BD8064BA3F8040CD0
:10B7000017F0DEFC044B01221A70BDE808400DF072
:10B71000CFBF08BDEC07002054140020000000003B
:10B7200008B5104A00F5C333A033934216D80E492A
:10B730000E4A00EB4000C317401843F10003C2F863
:10B74000003CC2F8FC0B18F0EBF917F0B9FC084B01
:10B7500001221A700DF0ACFF002008BD4FF0FF3041
:10B76000FBE700BF400D0300005ED0B2EC070020F5
:10B770005414002000000000000000000000000041
:10B78000012808B503D1086803783F2B14D10D4B6D
:10B79000D3F8FC0BD3F8001C0B4BC0184FF003027E
:10B7A0004FF0000361F10001F5F71AFEBDE8084013
:10B7B00001460648FEF7CCB9FDF7AAFFBDE80840F0
:10B7C000FFF7AEBFEC07002000A22F4DFE7302086A
:10B7D0000E4B10B5C3184EF6612461F10002A3426E
:10B7E00072F100020FD20A4BC3F8001CC3F8FC0B25
:10B7F00018F096F917F064FC064B01221A700DF050
:10B8000057FF002010BD4FF0FF30FBE73017304DE1
:10B81000EC0700205414002000000000000000008D
:10B82000012803D1086803783F2B07D1074B08484C
:10B83000D3F8FC2BD3F8003CFEF78AB910B5FEF71D
:10B840009FFEBDE81040FFF7C3BF00BFEC0700201C
:10B850000774020800000000000000000000000063
:10B86000114B012210285A7318D130B50F49B3F883
:10B87000CA510F4C002295420CDC00223A21A3F859
:10B88000C8215A71A3F8CC1183F8AE01094B0122EB
:10B890001A7030BD41F8044B0132ECE783F8AE0179
:10B8A000044B01221A707047F03200203040002013
:10B8B000000016C354140020000000000000000027
:10B8C000034B83F8B801034B01221A70704700BF85
:10B8D000F03200205414002000000000000000009E
:10B8E000034B83ED880A034B01221A70704700BF97
:10B8F000F03200205414002000000000000000007E
:10B90000054B064A904294BFC3F8E805C3F8E82502
:10B91000034B01221A707047F03200200046C32307
:10B92000541400200000000000000000000000008F
:10B9300010B501282DED028B9FED158A03D1086803
:10B9400003783F2B15D1134B03F5BE63D3ED007A7B
:10B95000F8EE677AC7EE887A17EE900AF5F76CF979
:10B96000BDEC028B0246BDE810400B480B46FEF7CB
:10B970003FBBFFF7CDF820EE080ABDEC028BFCEED2
:10B98000C07ABDE8104017EE900AFFF7B9BF00BFBC
:10B9900000247449F03200200C74020800000000FA
:10B9A000044AD37983F00103D371034B01221A7047
:10B9B000704700BFF0320020541400200000000047
:10B9C000044AD37A83F00103D372034B01221A7025
:10B9D000704700BFF0320020541400200000000027
:10B9E000054A92F8BF31B3FA83F35B0982F8BF319D
:10B9F000024B01221A707047F032002054140020CC
:10BA00000A4A0B49137883F00103137091F8BE21A1
:10BA10004BB142F00A024B73CB73064B81F8BE2147
:10BA200001221A70704702F0F502F4E72339002072
:10BA3000F03200205414002000000000000000003C
:10BA4000FFF7DEBF00000000000000000000000063
:10BA50000A4A0B49137883F00103137091F8BE2151
:10BA60004BB142F00A024B73CB73064B81F8BE21F7
:10BA700001221A70704702F0F502F4E72139002024
:10BA8000F0320020541400200000000000000000EC
:10BA9000044A137883F001031370034B01221A70D8
:10BAA000704700BF2039002054140020000000001F
:10BAB0000028074B14BF0122002283F8FD251CBF7C
:10BAC0000022A3F8CC21034B01221A70704700BF5B
:10BAD000F03200205414002000000000000000009C
:10BAE000044B93F8FD0580F0010083F8FD05FFF796
:10BAF000DFBF00BFF03200200000000000000000A7
:10BB0000044A937983F001039371034B01221A7065
:10BB1000704700BFF03200205414002000000000E5
:10BB2000044A137A83F001031372034B01221A7043
:10BB3000704700BFF03200205414002000000000C5
:10BB4000054AB2F8063CB3FA83F35B09A2F8063C57
:10BB5000024B01221A707047EC0700205414002099
:10BB6000084B93F89921910709D4002A14BF0222A7
:10BB7000012283F89921044B01221A707047002298
:10BB8000F7E700BFF032002054140020000000004E
:10BB9000034B83F89D01034B01221A70704700BFCD
:10BBA000F0320020541400200000000000000000CB
:10BBB000642390FBF3F0034BA3F8D801024B01225E
:10BBC0001A707047F032002054140020000000006A
:10BBD000034BA3F8D601034B01221A70704700BF34
:10BBE000F03200205414002000000000000000008B
:10BBF000F7EE007AB4EEE70AF1EE10FA1CD4DFEDAE
:10BC0000107AB4EE670AF1EE10FAC8BFB0EE670A18
:10BC10000C4B93F89D21052A08D1DFED0B7AB4EE89
:10BC2000670AF1EE10FAC8BFB0EE670A83ED820A28
:10BC3000064B01221A707047B0EE670AE8E700BFB2
:10BC400000401C46F032002000C05A455414002029
:10BC500070B5061E05DCBDE8704019491948FEF7AD
:10BC6000C7B90D4616492868FDF732FD041EF2DB00
:10BC7000154B53F82430002B06DB144A82F89D3113
:10BC8000134B01221A7070BD022EE4D16868FDF7D3
:10BC90003FFD042C0BD0052C0DD0032CF3D107EE67
:10BCA000900ABDE87040B8EEE70AFFF7A1BF074A67
:10BCB000A2F8D601E4E7BDE87040FFF779BF00BF06
:10BCC000908A02082A740208788A0208F03200205A
:10BCD00054140020000000000000000000000000DC
:10BCE00042F20F73421E9A429CBF024BA3F8C60158
:10BCF000704700BFF032002000000000000000008C
:10BD0000094B60B901225A72084AD2F8080CD2F8DD
:10BD10000C2CC3E99402064B01221A7070470022D2
:10BD20005A72C217F5E700BFF0320020EC0700207E
:10BD3000541400200000000000000000000000007B
:10BD40001A4B012870B51C88194D03D10868037877
:10BD50003F2B0BD117481849D5E99423002C18BF65
:10BD60000146BDE870401548FEF742B9FDF7D0FC2A
:10BD7000134A144B002C08BF134650EA01020ED0A0
:10BD8000114A9A1866EB0606904271EB0606E1D35B
:10BD90000E4A1A4482424FF000038B41DAD300234B
:10BDA0006B72BDE87040FFF7ABBF00BF22200020E0
:10BDB000F03200204F740208447402085C740208D8
:10BDC000C0F0413A206EC83FC0B4B3FF404B4C00B6
:10BDD00008B5064BC217C3F8142CC3F8100C17F0A3
:10BDE0006FF9034B01221A7008BD00BFEC07002059
:10BDF00054140020000000000000000000000000BB
:10BE00000F4B002810B5C3F8000604464FF47A73B0
:10BE100011DA4442B4FBF3F003FB1040404217F048
:10BE2000E7FD4FF47A70B4FBF0F017F0D9FD054B45
:10BE300001221A7010BD90FBF3F003FB1040EEE7F7
:10BE4000F032002054140020000000000000000028
:10BE500008B50868FDF75CFCBDE80840FFF7D0BFF7
:10BE600008B5054B186017F0ABFDFFF711FA034B4F
:10BE700001221A7008BD00BF1C320020541400209B
:10BE800008B50868FDF744FCBDE80840FFF7E8BFC7
:10BE90000B4B01225A7193F8982172B993F8FD2542
:10BEA000002A14BF00223C22A3F8CC21002283F8F0
:10BEB000B421044B01221A7070470022F4E700BF3E
:10BEC000F0320020541400200000000000000000A8
:10BED000014B1871704700BFF032002000000000D5
:10BEE000044B93F8422C12B193ED190A70479FED61
:10BEF000020A7047EC07002000000000000000006C
:10BF000008B50D4B93F89831022B0AD1FFF7E8FFE3
:10BF1000DFED0A7A30EE670ABDEEC00AB8EEC00A5D
:10BF200008BD074B1B6893ED000A064BD3ED1A7A48
:10BF300030EE270AF0E700BFF03200200000E642B2
:10BF4000C8070020EC0700200000000000000000EF
:10BF500008B50D4B93F89831022B06D1FFF7C0FFBF
:10BF6000DFED0A7A30EE670A08BD094B1A68094B03
:10BF70001B6803EB820393ED000A074BD3ED1A7A9B
:10BF800030EE270AF0E700BFF032002000009441B5
:10BF9000C4070020C8070020EC07002000000000B4
:10BFA00008B5FFF7D5FFB0EE407AFFF7A9FF37EEEF
:10BFB000400ABDEEC00AB8EEC00A08BD000000008D
:10BFC000304938B5FFF7C4FF91F8984191ED877A71
:10BFD000032C37EE407A3BD02B4BD3ED1C7AF3EE9B
:10BFE000096A77EEA67AF1EE677AF4EEC77AF1EE97
:10BFF00010FA33DB0123032C81F8B4312BD0224B10
:10C00000D3ED1C7AF3EE096A77EEA67A37EE277A3B
:10C010001E4B1868FFF79CFF1D4B00221D6803464E
:10C02000F3EC017A77EEC06AF4EEC76AF1EE10FA2B
:10C0300018D4154B91F8B42193ED1A7A77EE877ADC
:10C04000A2B99FED147A77EEC77AC1ED877A38BD31
:10C05000DFED117AC9E7DFED117AD7E7002381F828
:10C06000B431D5E79542E4DD0132D9E7032C17BF9F
:10C0700093ED1C7A9FED097AF3EE096A37EE267A82
:10C08000E1E700BFF0320020EC070020C8070020E5
:10C09000C407002000000000000020C20000204271
:10C0A000014B93ED870A7047F0320020000000003A
:10C0B00008B52749B1F9CC3191F8B40107EE103A2F
:10C0C00091F89831B8EEC77AF6EE007A022B27EE97
:10C0D000277A25D1FFF73CFF91F8B9211D4B1E4966
:10C0E0001B68096803EB820203EB8103D2ED007A3F
:10C0F000D3ED006A30EE470A77EEE67A37EE807AC3
:10C1000058B1164BD3ED1C7AF3EE096A77EEA67A96
:10C1100037EE677AB0EE470A08BDDFED117AF7E730
:10C120000028F7D04BB90D4BD3ED1B7AF3EE0D6A17
:10C1300077EEA67A37EE277AECE7032B05D0074B8C
:10C14000F3EE096AD3ED1C7AF2E7DFED067AF1E748
:10C15000F0320020C8070020C4070020EC070020B0
:10C16000000000000000204200000000000000006D
:10C1700070B52A4D18F03CF995F89861002E40F200
:10C18000291384B218BF4FF46873E41AFFF790FFC5
:10C1900095F89B319FED227ADFED227A13F0010FA3
:10C1A00095F89C3118BFF0EE477A70EE677A13F07D
:10C1B000010FF2EE086A95F8FD3508BFF0EE476A08
:10C1C00077EEE67AA4B24BB1174B9FED187A1B6855
:10C1D000FBEE026A002B18BFB0EE667A144BDFED5F
:10C1E000156A77EE877A93ED007A022E37EE667A3B
:10C1F0000CBFB2EE0A6AB3EE046AC7EE066A95EDAA
:10C20000857A77EEA67A77EEC77AFEEEED7A17EEAC
:10C21000903A1C44084B1C8070BD00BFF0320020D7
:10C220000000000000000442545B00200000D4C164
:10C230005432002000000C42522300200000000075
:10C24000F8B5684EDFF8C0C13768674C674D00230A
:10C25000CCF80030002F36D0654B1B6803F001028C
:10C26000C3F3460384F8FD25032B08D8DFE803F069
:10C270007D7B410204232B600123CCF800302B6826
:10C28000062B00F09A8094F8B40118F001FB2B689B
:10C29000022B6CD0042B00F09180012B40F09D808C
:10C2A000002018F0DDFA002018F022FB002018F022
:10C2B000FFFA94F8FD0518F0BBFA0025E17901209A
:10C2C00018F006FB67E094F8983103F0FD03012BAA
:10C2D00002D106232B60D2E7464B1B785BB1464B5D
:10C2E000DFF828E1C31861F100029E4577EB0202F6
:10C2F00001D30223EEE7414B93F84A2C7AB1D3F8ED
:10C30000287CD3F82C2CB84271EB020207D3D3F867
:10C31000307CD3F8342CB84271EB0202E9D393F9A4
:10C32000402C12B3D3F81C2CD3F8187CDFF8E0E0D3
:10C33000022A08BF774504BF314AD2E9007287421A
:10C340008A4112D2D3F8202CD3F8243C52EA0307B6
:10C3500004BF2C4BD3E9002382428B4134BF01231D
:10C360000023CCF800300423B4E70123B2E7012016
:10C3700018F076FA012018F0BBFA012018F098FAAC
:10C3800094F8FD0518F054FAE17901B1012108464D
:10C3900018F09EFA002518F043FA08B118F0D8F901
:10C3A00033680BB1FFF7E4FE94F8AF319A0704D578
:10C3B000ADB143F0010384F8AF31F8BD012018F0AE
:10C3C0004FFA002018F074FA002018F091FA94F84F
:10C3D000FD0518F02DFA012570E70025E0E723F0B0
:10C3E0000103E8E73C230020F03200204432002023
:10C3F00030230020BC320020803487CEEC070020A0
:10C40000C8320020805B0020C0320020FFA2E11172
:10C4100000E40B54000000000000000000000000D9
:10C420002A4B93F89821012A47D1B5EEC00AF1EEC4
:10C4300010FA42DD264983F8B421D1ED1C7AB3EE1F
:10C44000097A77EE877A30EE670A22499FED227AE1
:10C45000DFED227A0120B5EEC00A087093F8FD05E1
:10C46000F1EE10FA48BF9FED1C0A002818BFF0EE4D
:10C47000477AB4EEE70AF1EE10FAD8BFF0EE407A50
:10C48000012A1FD01AB9002818BFF0EE477AB3F975
:10C49000CC2107EE102A77EEA77AB8EEC77AB4EE71
:10C4A000677AF1EE10FA07D0FDEEE77A17EE902AE0
:10C4B000A3F8CC2101230B707047002183F8B4113D
:10C4C0005971C2E7F0EE477AE1E700BFF032002091
:10C4D000EC07002054140020000000000000FC4184
:10C4E000012810B503D10C6823783F2B0CD1FFF73E
:10C4F000DFFD10EE100AF4F79FFBBDE81040024686
:10C500000B461348FDF774BD12492046FDF7E0F8CD
:10C5100050B9114B5B790BB9FFF7BAFC0F4A13887E
:10C5200043F02403138010BD2046FDF7F1F806EE1A
:10C53000100AFFF7BDFDB8EEC66AB4EE460AF1EE8A
:10C5400010FAEBD0B0EE460AFFF76AFFE6E700BF4D
:10C5500073740208EB770208F03200208A5B002037
:10C56000884215D04FF4E1620A4B30B502FB01F569
:10C5700050432B444FF4E1725C1B0444013A24689D
:10C5800043F8044BF8D1044B0B4401221A7330BD1D
:10C59000704700BF28390020F03200200000000062
:10C5A00010B5FFF7DDFF01208840BDE81040C0B2A4
:10C5B000FDF78EBA0000000000000000000000003F
:10C5C000884236D070B51B4A1B4B151895F8AA4106
:10C5D000CCB94E1C85F8AA610025C2F828525471C6
:10C5E0004FF4E16202FB003002FB01334FF4E172D1
:10C5F000D0ED007AB3EC017A77EEC77A013AE0EC3D
:10C60000017AF5D170BD4FF4E16505FB003405FBFF
:10C6100001334FF4E171D4ED007AB3EC017A77EE97
:10C62000877A0139E4EC017AF5D1024482F8AA1143
:10C63000E8E77047F03200202839002000000000B1
:10C64000F8B52B4C2B4E94F9B171231805461B7C81
:10C650002BBB01370AD10321FFF782FF94F8BE31CB
:10C6600084F8B15123F0080384F8BE316319012224
:10C670001A7421494FF4E16303FB05634FF4E1723F
:10C68000D3ED007AB1EC017A77EEC77A013AE3ECA8
:10C69000017AF5D100236271C4F82832F8BD04F1A3
:10C6A0000F003346002210F8011F99B1AF4201D0AC
:10C6B00095420FD1DFF840C01E464FF4E171D6ED30
:10C6C000007ABCEC017A77EE877A0139E6EC017AE0
:10C6D000F5D101700132032A03F5E163E3D1AF42E2
:10C6E000DCD1FF2384F8B1310023E373D6E700BF28
:10C6F000F032002028390020404E002000000000C9
:10C7000010B52DED028B424B424C1B78B0EE408AA7
:10C710001BB9B4F96C32002B76D000200BF028F94D
:10C72000DFED3D7A94F89831B4EE678AF1EE10FAB5
:10C7300014BF38EE408A9FED398A012B10D1384B57
:10C74000D3ED187A77EE887AC3ED187A354B01224B
:10C750001A7016F0B5FCB0EE480ABDEC028B10BDA5
:10C76000002BF3D1304B94F8FD2519682C4B04298C
:10C7700020D12E49096871B132B1D3ED1F7A77EE1D
:10C78000887AC3ED1F7AE1E7D3ED1E7A77EE887AD7
:10C79000C3ED1E7ADAE732B1D3ED2B7A77EE887AE1
:10C7A000C3ED2B7AD2E7D3ED297A77EE887AC3ED01
:10C7B000297ACBE702290ED132B1D3ED2A7A77EE6E
:10C7C000887AC3ED2A7AC1E7D3ED287A77EE887AA2
:10C7D000C3ED287ABAE732B1D3ED1D7A77EE887AC5
:10C7E000C3ED1D7AB2E794F8B42132B1D3ED1B7AD0
:10C7F00077EE887AC3ED1B7AA8E7D3ED177A77EE48
:10C80000887AC3ED177AA1E79FED048AA3E700BFFA
:10C8100021320020F03200200000C8420000000059
:10C82000EC0700205414002044320020C0320020C5
:10C8300038B505462DED028B00200C46B0EE408A3F
:10C840000BF096F8142303FB05440E4B2E3403EB38
:10C850008403D3ED017A38EE400A30EE270AFBEE6E
:10C860000E7AB4EEE70AF1EE10FA08DDF3EE0E7A76
:10C87000B4EEE70AF1EE10FA48BF83ED010ABDEC11
:10C88000028B38BDEC070020000000000000000013
:10C89000244B93F89821032A40D8DFE802F01102D4
:10C8A000393B214BDFED217A93ED180AB4EE670A8C
:10C8B000DFED1F7AF1EE10FA08BFB0EE670A70479D
:10C8C0001C4A116893F8FD25174B022906D112B1B5
:10C8D00093ED2A0A704793ED280A7047042910D176
:10C8E0001549096831B112B193ED1F0A704793EDF4
:10C8F0001E0A704712B193ED2B0A704793ED290A77
:10C90000704712B193ED1D0A704793ED170A7047F7
:10C91000FFF7E6BA044B93ED1A0A70479FED040A3D
:10C92000704700BFF0320020EC0700200000C84232
:10C930000000000044320020C0320020000000004F
:10C94000114A92F89831012B0CD1104BDFED107A7F
:10C9500093ED187AB4EE677AF1EE10FA14BF012065
:10C960000020704773B9094B93F8410C58B192F805
:10C97000FD25DFED077A12B193ED1D7AEAE793ED1D
:10C98000177AE7E700207047F0320020EC0700201C
:10C990000000C8420000000000000000000000008D
:10C9A000054B0128C3F8F40138BF0120A3F8C601E4
:10C9B000024B01221A707047F032002054140020FC
:10C9C000044B93F8982122B983F8AF01024B01225E
:10C9D0001A707047F032002054140020000000004C
:10C9E000084B93F8982162B993F8AF11880703D4E4
:10C9F000002914BF0222012283F8AF21024B012239
:10CA00001A707047F032002054140020000000001B
:10CA1000052806D8012804D0024B83F8BB01FEF795
:10CA20006FBC7047F03200200000000000000000E2
:10CA3000031F052B10D947F2305398420CDC032812
:10CA4000094B0ADC002283F8A301A3F8CE21A3F846
:10CA5000D021064B01221A707047042283F8A321CB
:10CA6000A3F8CE01F5E700BFF032002054140020F7
:10CA7000034BA3F8D001034B01221A70704700BF8B
:10CA8000F0320020541400200000000000000000DC
:10CA900030B50F4B0F4C1A1892F8A621082A0ED168
:10CAA000082903EB000208D182F8A61101227E308A
:10CAB0002270002243F8202009E0002515731A187F
:10CAC00082F8A61109B10729F0D10123237030BDE6
:10CAD000F03200205414002000000000000000008C
:10CAE00070B5061E0DDC0024194B1A491A48234460
:10CAF000BDE8704093F8A621184B53F82220FDF7AB
:10CB000077BA08680378303BDBB2092B0D4617D89B
:10CB1000FCF7FEFD441E032CE6D8012EE4D00123D1
:10CB20000C4955F82300FCF7D3FD011EDCDB072977
:10CB300009DDA1F1090359425941094B196070BD42
:10CB400000231C46ECE72046BDE87040FFF7A0BF7D
:10CB5000F0320020408B02089174020888BF02085E
:10CB6000D0070020000000000000000000000000CE
:10CB7000084B93F89C21910709D4002A14BF022284
:10CB8000012283F89C21044B01221A707047002275
:10CB9000F7E700BFF032002054140020000000002E
:10CBA000084B93F89B21910709D4002A14BF032254
:10CBB000012283F89B21044B01221A707047002246
:10CBC000F7E700BFF03200205414002000000000FE
:10CBD000084B93F89B2193F89C3112F0010F43F31B
:10CBE00000030CBFA020002003F00F03184317F030
:10CBF000EFBB00BFF032002000000000000000008A
:10CC0000164B07B5F0EE406A83ED850AFFF778F919
:10CC1000FDEEC05AFFF7C4F9B8EEE56AFDEEE67A1C
:10CC200036EE006A17EE903ABDEEC66A0C2116EE9B
:10CC3000102AD21A009215EE902A0948D31A094AEE
:10CC4000F9F79EFC084A138843F020031380074B32
:10CC500001221A7003B05DF804FB00BFF03200201F
:10CC6000C8140020AA7402088A5B00205414002013
:10CC700001280FD108B5086803783F2B04D1BDE81F
:10CC800008400548FDF7B4B9FDF742FFBDE808408C
:10CC9000FFF7B6BF0048F5E7B374020800000000D4
:10CCA000054BFF2283F8C421044A83ED860A1388CA
:10CCB00043F0640313807047F03200208A5B002049
:10CCC000C31F022B10B51249124C06D881F89F01E0
:10CCD000238843F04403238010BD031F012B02D897
:10CCE00081F8A001F4E7032808D1FCF7E9FC2388C8
:10CCF00043F00403238081F89E01E9E7064B0122FB
:10CD00001A700028F7D0002381F8BF31F3E700BF85
:10CD1000F03200208A5B0020581400200000000040
:10CD2000012828D138B50D682B783F2B07D013493F
:10CD300004462846FCF7CCFC431C05D0B8B1BDE83E
:10CD400038400F48FDF754B92846FDF7E1FE0D4B7A
:10CD500083F8BF410AF0BCFD0020FFF7A1FFFFF7F9
:10CD6000AFFF094A138843F02003138038BD054BF9
:10CD700083F8BF01F5E70248E4E700BFE571020868
:10CD8000CD740208F03200208A5B00200000000011
:10CD900090B308B50346086802783F2A26D0A2F16E
:10CDA0003001C9B2092901D92D2A15D1FDF7B0FEEC
:10CDB000134B93F89E3113B90120FFF781FF0AF05E
:10CDC00087FDFFF76DFF0F4A138843F0240313809C
:10CDD0000D4B01221A7008BD012BF4D10B49FCF751
:10CDE00077FC002802DBFFF76BFFECE7BDE80840AB
:10CDF00006490748FCF7ACBE04490548FAE700BFFE
:10CE0000F03200208A5B0020895B002070890208D4
:10CE1000E0740208000000000000000000000000B4
:10CE2000034B83F8BC01034B01221A70704700BF0B
:10CE3000F032002054140020000000000000000028
:10CE4000034B83F8BD01034B01221A70704700BFEA
:10CE5000F032002054140020000000000000000008
:10CE6000F0B5414A92F8A361B2F8CE31042E00D059
:10CE70003BB13E490B60B2F8D0310BB13C4A136074
:10CE8000F0BDD2E98C103A4D01432B6007D13749F0
:10CE90000B60B2F8D031002BF2D02B60F0E73549AF
:10CEA000354809881C01045B8C4257D90133082B93
:10CEB000F8D14FEA031C00EB03132C4C5F88B3F846
:10CEC00004E0276041F65833994249D841F288334B
:10CED000994247D8B1F5FA6F94BF64235A23594356
:10CEE0006044264BC5F800E043F6982E7145ACBF70
:10CEF0001960C3F800E0B0F90830DFED216AC168BD
:10CF000007EE903A92F89831002B40F2291318BF9F
:10CF10004FF4687307EE103AB8EEC77AF8EEE77A86
:10CF200047EE667A174B012EFDEEE77A08BF7F00C9
:10CF3000C3ED007A144B08BF2760196092F8BC114A
:10CF400019B12368B3FBF1F32B6092F8BD110029EE
:10CF50009FD02368B3FBF1F323609AE79BB2A8E765
:10CF60002823BCE73C23BAE7F0320020301500202C
:10CF70002C150020E832002070950208D40700200C
:10CF80000000003DB8320020B43200200000000054
:10CF90002DE9F04104460D46B74B93F89831002B2C
:10CFA00040F0B080FFF774FCDFEDB47A20EE270A82
:10CFB000BDEEC00A10EE103A1EB2AF4B93F8B83176
:10CFC000AF4A136013F0040F06D0AE4B1B68002B62
:10CFD0006BD0134603221A60AB4B1B68022B7FD029
:10CFE000042B40F08680A74B1B68002B40F0848008
:10CFF000A34B1B68012B11DDA44A92ED267ADFEDCD
:10D000009F7A27EE277A07EE906AF8EEE77A77EEB6
:10D01000877AFDEEE77A17EE902A16B2022B11DD21
:10D020009A4B93ED277ADFED957A27EE277A07EE74
:10D03000906AF8EEE77A77EE877AFDEEE77A17EEF8
:10D04000903A1EB2924B1A685B68A242AB4111D271
:10D050008E4B93ED247ADFED897A27EE277A07EE5F
:10D06000906AF8EEE77A77EE877AFDEEE77A17EEC8
:10D07000903A1EB2874B1A685B68A242AB413ED21F
:10D08000824B93ED237ADFED7D7A27EE277A07EE48
:10D09000906AF8EEE77A77EE877AFDEEE77A17EE98
:10D0A000903A1EB24FF0020C1CE07B4BA3424FF0B3
:10D0B0000003AB4102D2794B1B881BB1704B01229C
:10D0C0001A6089E7764BA3424FF00003AB4103D3CC
:10D0D0006B4B02221A607FE7694B03221A607BE7E1
:10D0E0004FF0040C644B93F8FD3583B10CF1010C47
:10D0F0000DE04FF0000CF5E74FF0060CF2E74FF0B3
:10D10000020CEFE7022B0AD04FF0000C66465A4B98
:10D1100093F8B031002B40F0958000213BE05A4B52
:10D120001B68042B04D8DFE803F0A4310B1E0700B2
:10D130004FF0000C6646EAE74FF00B0C0026E6E7DE
:10D14000524BD3ED2D7A9FED4D7A67EE877A9FEDA6
:10D15000557A77EE877AFDEEE77A17EE903A1EB2AF
:10D160004FF0090CD3E7494BD3ED2C7A9FED437A6E
:10D1700067EE877A9FED4B7A77EE877AFDEEE77A56
:10D1800017EE903A1EB24FF00A0CC0E74FF0080CB1
:10D190000026BCE701310CEB8C0301EB83038F33DA
:10D1A0003A4A02EBC3035A689B68A24273EB05003C
:10D1B00001D21329EEDD13293CDC002945D001F111
:10D1C000FF3E0CEB8C000EEB80008F302F4F07EBF7
:10D1D000C000D0F804808768B4EB080465EB07054D
:10D1E000A40A44EA8554AD0AB2EB080263EB0703D4
:10D1F000920A52EA835232D00CEB8C030EEB83037B
:10D20000294F57F823700CEB8C0C01EB8C01274B4A
:10D2100053F82130D91703FB05F504FB0155A3FB97
:10D220000401D3172944F4F7DBF8074416FA87F70B
:10D230003EB207E00CEB8C0C1B4B03EB0C13DB6CCE
:10D2400033441EB23046BDE8F0810CEB8C0C4FEA43
:10D250000C1C154B53F80C3033441EB2F2E70CEBA8
:10D260008C0C0EEB8C0E104B53F82E3033441EB248
:10D27000E8E70026E6E700BFF032002000000042A9
:10D28000CC070020C032002044320020EC070020F0
:10D29000685B0020705B0020FF8B86472220002007
:10D2A000FF742B7D000000009C2A00205C2E0020D3
:10D2B0002DE9F04F9F4BA04D2DED048B0E461978B4
:10D2C000002289B00746F0EE408A2A6041B11A7008
:10D2D0009A4A1388012043F0040313800BF060FF87
:10D2E000974BDFF8C4A21B68964C002B3AD0964BA4
:10D2F000964D1B682868CAF800301A1F53425341E4
:10D30000002884F809365CDB914B924E1B6884F848
:10D31000B431FDF7D5FF307816F07AF88E4B1B78D4
:10D32000A3B18E4BD3F884321B681B78042B0DD12C
:10D3300094F8B431326829688948003B18BF01234A
:10D34000FCF706FC4FF47A70FCF7B2FADAF800301A
:10D35000042B00F2E081DFE813F0D501FD010902A2
:10D36000E901240294F8983103F0FD03012B03D165
:10D370000623CAF8003024E094F80926794B002AE5
:10D3800000F095809F4276F100030ED2764B7749EC
:10D39000D3F8182CD3F81C3C022B08BF8A4200F0AB
:10D3A0009C80BA42B34180F098800423CAF80030D0
:10D3B0006F4BD3E90023BA42B34134BF01230023AA
:10D3C0002B6038463146FFF7E3FD07EE900ADAF8A6
:10D3D00000309FED689ADFF8D481674DF8EEE77A68
:10D3E000032B47EE898A40F08180644BC8F80030F7
:10D3F00000232B60DAF80010062900F0928103293F
:10D4000094F89D0100F08980DFED5D7A0128F1EE4E
:10D41000089A18BFF0EE679A94F89831032B78EECB
:10D42000A98A7DD0504B93ED1C7AF3EE097A37EE42
:10D43000277ADFED547A032908BFB0EE677AFEF74A
:10D4400087FDD8F80030D5F800C0D3ED007A03EBA3
:10D450008C02D2ED006A77EEE67A38EEC00A77EEFB
:10D46000C77AF4EEC07AF1EE10FACABF01220022A8
:10D4700030EE070A032914BFACF10805002584F833
:10D48000B42103EB8501D1ED007AAA00043277EED6
:10D49000E67A1A44B4EEE70AF1EE10FA01DDAC4583
:10D4A00041DC012840F00C819FED377A0EE19F426C
:10D4B00076F100030CD22C4B2C49D3F8182CD3F85E
:10D4C0001C3C022B08BF8A4207D0BA42B34104D2A7
:10D4D0000323CAF800302D4B6BE72D4BBB424FF0B6
:10D4E0000003B34134BF0223012342E7294BC8F8AC
:10D4F000003012232B6016F02BFDDFED277A30EE83
:10D50000670AB5EEC00AF1EE10FACCBFDFED237A60
:10D51000DFED237A40EE278A6CE7DFED199A7BE78F
:10D520009FED207A85E7F2EC017A013577EEE67A15
:10D53000B0E700BF2A230020C03200208A5B002011
:10D540003C230020F0320020302300203423002030
:10D55000382300202C23002020390020781A0020B6
:10D5600000750208806E5A43EC07002000E40B545B
:10D57000805B00200000003DC40700205496020894
:10D58000000000000000004206000000785B002060
:10D59000C0FB0D316496020800000842DF4F8D3D4C
:10D5A0004260653D0000204244320020C807002050
:10D5B00073ED017A77EEE67A013DB4EEE77AF1EEAB
:10D5C00010FA01D5002DF3DC30EE678A2846FDF70E
:10D5D00077FE38EE698A784BB5EEC08AF1EE10FA24
:10D5E0001A787ADD42B9754A01201870138843F021
:10D5F000040313800BF0D4FDDFED717A38EE278A37
:10D60000D4ED877A38EE088AB6EE007ABDEEC88A85
:10D61000B8EEC88A48EE477A9FED6A8AC4ED877AE9
:10D62000F5EE007AB1EE488A38EE678A38EE088A5D
:10D63000FDEEC87A17EE900AA4F8CC01C0B215F03E
:10D64000E7FE614B1B7883B3604BD3F884321B68D1
:10D650001B78042B29D118EE900AF3F7EDFA94F811
:10D66000B4B1B4F9CC310793BBF1000B80468946C5
:10D670003846314618BF4FF0010BFFF789FC07EE23
:10D68000900AF8EEE77A67EE897A17EE900AF3F7D8
:10D69000D3FA079BCDF808B0CDE90401CDE90053DA
:10D6A0004B4842464B46FCF753FA002017F0C0F8AF
:10D6B000237A002B3FF44AAE0023CAF8003045E637
:10D6C000B3EE0F7A37EE697ABDEEC77AB8EEC77A55
:10D6D00003EB850337EE007A6FE74AB100221A7038
:10D6E000364A1388012043F0040313800BF058FDE1
:10D6F000DFED387AB4EE678AF1EE10FA48BFB0EE8B
:10D70000678A8DE717F08CF808B117F021F800212F
:10D71000084617F0DDF894F8AF3123F0010384F8E0
:10D72000AF3109B0BDEC048BBDE8F08F17F078F88D
:10D7300008B117F00DF8E179012017F0C9F894F855
:10D74000B40117F0D5F8012017F08AF8002017F07F
:10D75000AFF8E0E7002017F083F8002017F0A8F8F2
:10D76000002017F0C5F8E17901200AE0012017F048
:10D7700077F8012017F0BCF8012017F099F8002184
:10D78000084617F0A5F894F8B401B0FA80F0400903
:10D7900017F07EF817F044F80028BCD117F030F8E5
:10D7A000B9E7012017F05CF8002017F0A1F800207D
:10D7B00017F07EF8D7E700BF2B2300208A5B0020FC
:10D7C00048E1FA3E0000000020390020781A0020CD
:10D7D000137502080000FCC10000000000000000FA
:10D7E0002DE9F047DFF8F88008EBC00104464968EE
:10D7F0004FEAC00958F83000994208BF904211D052
:10D80000032C15461E460FD152EA030105D0002015
:10D8100015F0A6FF2D4BC3E90601C14448F834506A
:10D82000C9F80460BDE8F087042C06D1012015F08A
:10D8300097FF264BC3E90801EFE7022CEDD1244BFB
:10D84000DFF888A093F8A331224A2348022B32D173
:10D850001368591C632B11602DDCDAE9041751EAB7
:10D86000070328D0DFF87CC0DFED1C6A6B1A8C45FB
:10D870004FF00001B941036038BF5B1007EE903AEA
:10D88000F8EEE77A4FF6FC7187EEA67AFDEEC77ADE
:10D8900017EE907A07F5FF437E338B420BD8DFF803
:10D8A00048A0DAF80030BB42B7D038B216F008FC16
:10D8B000CAF80070B1E700230360314628461360C0
:10D8C00016F046FECAE90401A7E700BF6032002057
:10D8D000F0320020802A00205832002088E3644182
:10D8E00088320020FF379C1C100700200000000039
:10D8F00010B50868FBF70CFF0B460549024608689F
:10D9000010B90449C1E99423BDE81040FFF768BF8E
:10D910001C200020F0320020000000000000000069
:10D9200002280AD002DC012805D97047032809D053
:10D930007047BDE81040FFF74BB9124B1B7A002B24
:10D94000F9D170470F4B10B51C7A002CF1D1012092
:10D9500016F0AEFF204616F06BFF204616F080FF53
:10D9600016F0F6FE012016F093FF0121084616F08E
:10D97000AFFF204616F05CFFBDE81040012016F016
:10D980006FBF00BFF0320020000000000000000068
:10D990002DE9F041069CB0EB040C61EBE477201814
:10D9A00003F1FF3341EBE47100259D4202DD0020CD
:10D9B000BDE8F081EC1804EBD474641002EBC406EB
:10D9C00052F834E07668E64576EB070801D2651C2C
:10D9D000EBE7704571EB060601D2631EE5E7012017
:10D9E000E6E700000000000000000000000000006A
:10D9F000694B1B682DE9F74F4BB1684B684A1A60B9
:10DA0000684B1A68684B1A6003B0BDE8F08F674B2B
:10DA10001F8840F24B439F420FD8654B1B8863B968
:10DA20005E4B644A1A60604B59A1D1E9000138226B
:10DA30001A60614BC3E90001E6E7604BD3E99454F7
:10DA40005F4BD3E90012A24208BFA9425D4A02D14E
:10DA50001168B942D8D0C3E900545B49504E1760F1
:10DA6000AB0843EA847359184FEA940262F100004C
:10DA7000C6E900104E49B1F80090B9F1000F40F02E
:10DA800085805249DFF81C815B1862F10002C6E90B
:10DA900002322846032200232146F3F7F1FC4C4BC7
:10DAA000C01861F10001C6E904016B08494943EA65
:10DAB000C47359184FEA540262F10000C6E9061017
:10DAC0000521C8F800104449591862F10000C6E960
:10DAD000081040F6B7318F4208D80621C8F8001068
:10DAE0003E495B1862F10002C6E90A32681944EB4C
:10DAF000040103220023F3F7C3FCDFF8A8A0DFF83A
:10DB0000ECC0DAF80030264A019110EB0C0C42F818
:10DB100033C002EBC30B41F26F7C61F1000103F1F2
:10DB2000010E6745CAF800E0CBF804100FD8B9F130
:10DB3000000F0CD00233CAF80030294BC018019BEB
:10DB400042F83E0002EBCE0763F1000179606B19E9
:10DB500044EB04005B1944EB00045B082148D8F84F
:10DB6000002043EAC4731B1846F832300B4B06EB17
:10DB7000C2071E604FEA54040B4B02F1010164F12D
:10DB80000004C8F800107C6019603DE7164979E789
:10DB9000C0F0413A0000000044270020BC070020EC
:10DBA0006027002058270020B8070020E832002016
:10DBB00022200020B0930208B0070020F03200209D
:10DBC000502700204827002077D8F8FFD7C2F9FF58
:10DBD000FA3AFBFFAE14F1FFCE62F1FFFED7F1FF80
:10DBE000F4E6F8FF6589EAFF80E5F9FFF475F6FFD2
:10DBF00008B515F005FC002015F00AFC16F0A8FD8C
:10DC000015F0BEFFBDE80840FFF7F2BE00000000BF
:10DC1000F8B5354C354D94F89821354F01239A428B
:10DC20002B8006D9042A04D03B80BDE8F840FFF7DA
:10DC3000DFBED4E98C012F4E002340F6B832C6E98E
:10DC4000002350EA010305D064220023F3F718FCF7
:10DC5000C6E90001D4F8F001002350B994F8A321DB
:10DC6000022AD6E9000301D000185B4150EA030202
:10DC700032D042F23512904273F1000301D342F2E6
:10DC8000341080B2388016F053FCD4E98C310B4349
:10DC900002463880C9D094F8A371BB1EDBB2012BB9
:10DCA000D6E9004105D9012F18D1890041EA9471C4
:10DCB000A4000023A24273EB0100B6D2032FB4D01C
:10DCC000561E43F1FF37301941EB0701F3F7D8FB3C
:10DCD00080B230B12880A8E70120D2E72419494159
:10DCE000E7E701232B80A0E7F0320020E0070020C7
:10DCF000E8320020E03200200000000000000000B8
:10DD000008B5044BC3F8F001FFF782FF024B012274
:10DD10001A7008BDF03200205414002000000000EA
:10DD2000012810B503D10C6823783F2B14D1244B64
:10DD30009FED247A1B8807EE903AF8EEE77A67EEBB
:10DD4000877A17EE900AF2F777FFBDE81040024697
:10DD50000B461D48FCF74CB91C492046FBF7B8FCA4
:10DD6000002808DB1A4BD3F8F03143B30020BDE89C
:10DD70001040FFF7C5BF2046FCF7CAFEDFED157A5D
:10DD8000B4EEE70AF1EE10FAD1D4DFED137AB4EE77
:10DD9000E70AF1EE10FACADC0D4BF2EE047A20EE3F
:10DDA000270AD3ED7C7AF8EE677AF4EE407AF1EE4A
:10DDB00010FA04D0FDEEC07A17EE900AD7E710BD36
:10DDC000E83200200000C8423A7502085675020881
:10DDD000F0320020CDCC4C3E0080544400000000C6
:10DDE000DFF814C13E4A034612789CF898010243BA
:10DDF0006FD13C48006801286BD002286FD03A48A8
:10DE000000682DE9F04F00F1FF3E384804683848BB
:10DE10001F1B61EBE475D0F80080E61841EBE47459
:10DE200072453EDD9CF80920AAB9DCE99420DFF8B0
:10DE3000CCC012EB0C0C60F1000E9C457EEB010E89
:10DE400009D2DFF8BCC012EB0C0260F10000934273
:10DE500071EB00003FD3274ADFF8A8C0D2F8080CC6
:10DE6000D2F80C2C10EB0C0842F1000E434571EB7C
:10DE70000E0E07D213EB0C0341F10001984272EB36
:10DE8000010128D3930043EA9073800087429D41AB
:10DE900023D2B042A34134BF012000204000BDE89E
:10DEA000F08F02EB0E0000EBD070401008EBC009C1
:10DEB00058F830A0D9F80490BA4579EB050B01D297
:10DEC000421CADE7564574EB090904D200F1FF3E50
:10DED000A6E7002070470220E1E70020DFE7704757
:10DEE0002432002040270020B8070020D40700205B
:10DEF000BC070020EC070020F0320020807BE1FF0F
:10DF0000C0F2FCFF400D0300000000000000000014
:10DF10000E4B1A68013204D10D4A1268C2F307226F
:10DF20001A6019684B1C10D0094B1A6802F47F4222
:10DF30001A601A6842EA01221A601A6802F0F902AD
:10DF40001A601A6842F098021A607047A40700200D
:10DF5000001002400000000000000000000000006F
:10DF60000E4B1A68013204D10D4A1268C2F307221F
:10DF70001A6019684B1C10D0094B1A6802F47F42D2
:10DF80001A601A6842EA01221A601A6802F0F9025D
:10DF90001A601A6842F060021A607047A4070020F5
:10DFA000001002400000000000000000000000001F
:10DFB0000E4B1A68013204D10D4A1268C2F30722CF
:10DFC0001A6019684B1C10D0094B1A6802F47F4282
:10DFD0001A601A6842EA01221A601A6802F0F9020D
:10DFE0001A601A6842F080021A607047A407002085
:10DFF00000100240000000000000000000000000CF
:10E00000024B4FF0FF321A60704700BFA00700209C
:10E0100010B52B492B4A01EB00104FF4E16490F846
:10E020006B3204FB0322B0F96C32274890F91000E0
:10E03000441C41D091F8B71102EB830006EE101A90
:10E04000D0ED007A013B4FF0FF30002B03DA591C72
:10E0500002EB81022EE002EB830191ED007AF4EEF7
:10E06000C77AF1EE10FA0EDCF8EEC66A76EEA76A11
:10E07000F4EEC76AF1EE10FAE9D4B0EE677A013B2C
:10E08000F0EE477AE1E71846F9E732ED017AF4EE6F
:10E09000C77AF1EE10FA10D4F8EEC66A77EEE66AA7
:10E0A000F4EEC76AF1EE10FA06DCB0EE677A013BD7
:10E0B000F0EE477A002BE8DA10BD1846F7E700BF0C
:10E0C000F0320020283900202871002000000000D4
:10E0D00030B52B492B4A01EB00104FF4E16490F866
:10E0E0006B3204FB0322B0F96C32274890F9100020
:10E0F000441C42D0B1F8CA4191F8B71102EB830039
:10E1000006EE101AD0ED007A01334FF0FF309C423A
:10E110004FEA830101DC0A442DE0551895ED007AA1
:10E12000F4EEC77AF1EE10FA0EDCF8EEC66A76EE7F
:10E13000A76AF4EEC76AF1EE10FAECD4B0EE677A93
:10E140000133F0EE477AE2E71846F9E7B2EC017ADC
:10E15000F4EEC77AF1EE10FA10D4F8EEC66A77EE54
:10E16000E66AF4EEC76AF1EE10FA06DCB0EE677A02
:10E170000133F0EE477A9C42E8DC30BD1846F7E701
:10E18000F032002028390020287100200000000013
:10E190000C4B002110B518460A460224013108290B
:10E1A00083F8692283F8684283F86A2283F86B2235
:10E1B00003F11003F2D14FF49073A0F8683280F8A5
:10E1C000B52110BDF032002000000000000000006A
:10E1D000124A134B02EB001090F86B124FF4E160FF
:10E1E00000FB013393ED007AB2F8CA110020024619
:10E1F000914200DC7047F3EC017AFDEEE77AF8EE2D
:10E20000E77AF4EEC77AF1EE10FAD4BFF0EE477A6F
:10E210001046B0EE677A0132EAE700BFF032002024
:10E22000283900200000000000000000000000006D
:10E23000284B294903EB00104FF4E16290F86B3250
:10E24000B0F96C0202FB0311244B93F910305A1CF5
:10E250003DD001EB8003D3ED007AB2EE047A67EE95
:10E26000877A30B5FDEEE77A421E17EE903A002A23
:10E270000FDB01EB8204D4ED007A67EE877AFDEEC6
:10E28000E77A17EE904AA3420ADBA3F16405A542A0
:10E2900005DD541C01EB8401002A04DA30BD1C4664
:10E2A000013A2346E3E771ED017A67EE877AFDEEE6
:10E2B000E77A17EE904AA34207DC03F16405A54212
:10E2C000ECDB1C46013A2346E6E71046FAE718461F
:10E2D000704700BFF032002028390020287100204C
:10E2E000F0B5284C284904EB00104FF4E16290F897
:10E2F0006B32B0F96C0202FB0311244B93F910301E
:10E300005A1C3DD001EB8003D3ED007AB4F8CA511A
:10E31000B2EE047A67EE877A421CFDEEE77A17EEDA
:10E32000903A95424FEA82060EDD8C19D4ED007AC0
:10E3300067EE877AFDEEE77A17EE904AA34208DB94
:10E34000A3F16407A74203DD3144954204DCF0BD2C
:10E350001C4601322346E4E7F1EC017A67EE877A46
:10E36000FDEEE77A17EE904AA34207DC03F164065C
:10E37000A642ECDB1C4601322346E6E71046FAE7EC
:10E380001846E4E7F03200202839002028710020E8
:10E390002C4B1B68002B53D02DE9F74FC0F119050A
:10E3A000DFF8C080284FDFF8C0A0C1F125046FF06E
:10E3B00001060FFA85F9B3460136721C1BD03A6884
:10E3C000013A022A19D81AF8020013F0F9FE731C58
:10E3D00015D11E4A21B2484609F08AFC18F8143CAF
:10E3E000062B08F1140807F1040704F10D04E2D12B
:10E3F00003B0BDE8F08F0120E7E71320E5E718F848
:10E40000143C062B0BD1124B1B68002BF0D0114A89
:10E4100021B228B203B0BDE8F04F09F069BC3A68F8
:10E420000D4B53F8223001930C4B0D4A53F8263014
:10E43000009321B20BF10203484609F059FCCDE7E5
:10E44000704700BF18220020182200205D750208C6
:10E450001422002070750208589002089C220020A7
:10E460008A750208689002089C8802080000000073
:10E470002DE9F341534D544B544945F820301423B2
:10E4800003FB001393ED037A93F80180B8F10C0FAE
:10E490000446F2EE046A04D14D4B93ED007AB0EEDF
:10E4A000660A4C4BD3ED177AF0EEE77AF4EEE67A93
:10E4B000F1EE10FA44DC484BD3ED007A77EEC77AE0
:10E4C00030EE007AF0EEE77AF4EEC77AF1EE10FA69
:10E4D00036DCF4EEC07AF1EE10FA71DC3F48404EC3
:10E4E00090F8AE71052F2FD1D0E9A4320192D0F867
:10E4F000802213EB020C019BD0F8842243EB020232
:10E500004FEA5C0343EAC2735208C6E90032C0E92D
:10E510009C32B0F98C32B0F97C22134403EBD373F4
:10E520005B10A0F86C322F4B93ED007AF0EE007A7E
:10E53000B4EEE77AF1EE10FA06DD2B4B45F8243005
:10E54000022002B0BDE8F081142303FB041EB8F1E1
:10E55000090F9EED017A1DD1244AD2E90031244AE7
:10E5600045F82420D6E900C0224A9A1861F1000635
:10E57000944570EB060606D31F4A9B1841F1000133
:10E580006345814101D2052FDAD11C4B45F8243077
:10E590000120D6E7B8F10C0F09D0DFED197A67EE4C
:10E5A000277A17EE900AF2F783FF0346D7E7154B59
:10E5B000154A1988154B002918BF13460021CEE7CC
:10E5C0000320BEE79C22002099750208689002088B
:10E5D0000C220020EC070020982A0020F0320020B6
:10E5E000902A002028320020A775020898070020F2
:10E5F000B1750208E05EF8FF20A107005778020815
:10E600000024744922200020C0CA8936C0BC622F71
:10E6100030B51B4CDFED1B6A01F5E17304EB83039E
:10E62000D3ED007A054604EB81040023581882429A
:10E6300017DC0120B1EE047A37EEC77A07EE903A84
:10E64000F8EEE77A86EEA76AB4EEC67AF1EE10FA33
:10E6500014D4012804D002200B4B0C4A43F8252087
:10E6600030BDB4EC017AB4EEE77AF1EE10FA76EE52
:10E67000876A03F10103D9DD0220DBE70320EBE722
:10E6800028390020000000009C220020BC750208F0
:10E6900073B52B492B4B41F820302B4B2B4D1A686F
:10E6A0002B4B0092B3F8CA412A4B93ED007AF2EE5D
:10E6B0000E6A009B9C4221DC0192244AF2EE0E6A13
:10E6C000019B002B2ADC244B009A019D142606FB9B
:10E6D0000033521BB3F902306343642493FBF4F319
:10E6E0009A422BDB009A019C121BB2EB830F25DCB4
:10E6F0001A4B41F82030012002B070BD009B05EBA1
:10E70000830377EE667A93ED006AB4EEE76AF1EE82
:10E7100010FAD1D4009B01330093CAE7019B02EBAE
:10E72000830377EE667A93ED006AB4EEE76AF1EE62
:10E7300010FAC8D4019B013B0193C1E70220DBE73B
:10E740009C220020C37502088C2A00202839002052
:10E75000F0320020982A00206890020857780208BA
:10E7600038B5074D074B45F8203004460AF018FF2E
:10E7700020B1054B45F82430012038BD0220FCE7CC
:10E780009C220020CD750208577802080000000086
:10E79000134A144930B50346B2F8CA410220002298
:10E7A000F1EE046A944204DC0F4A104942F8231047
:10E7B00030BDB1EC017A01F20475D5ED007A37EE87
:10E7C000A66AB4EEC67AF1EE10FA07DCB4EE677A08
:10E7D000F1EE10FAC8BF03200132E3E70120E7E7BA
:10E7E000F0320020283900209C220020BC7502084D
:10E7F000194A138810B543F02403012013800AF04E
:10E80000CFFC164B1648B3F8CA31DFED167A5B0819
:10E810001946002402469C4211DB07EE103AB8EE7E
:10E82000C77A580087EE870A02EB8303DFED0D7A83
:10E8300088420ADCC7EE876A30EE660A10BDB0EC8B
:10E84000017A013477EE877AE5E7F3EC016A01316A
:10E8500077EEA67AECE700BF8A5B0020F03200205A
:10E860002839002000000000000000000000000027
:10E8700007EE900A2B482C4903680022F7EE006A45
:10E88000934204DCB3F5E17F32D101207047B1EC53
:10E89000017AB8EEE76A77EE665AF4EEC65AF1EE00
:10E8A00010FA23D837EE267AB4EEC76AF1EE10FAE2
:10E8B0001CD81E4B02F5E17103EB8101D1ED007A0A
:10E8C00002F5617203EB820377EEA67A93ED007A8C
:10E8D000C1ED007AB4EEC07AFDEEE77AF1EE10FAFF
:10E8E00017EE900A48BF83ED000A70470132C7E770
:10E8F0000E4A03F24651F8EEE77A02EB8101C1EDD0
:10E90000007A03F5617102EB810181ED000A591C67
:10E9100003F5E17302EB83024FF07E530160136055
:10E92000B3E700BF08220020404E00202839002015
:10E93000124B2DE9F0411E680025013EAE421BDD61
:10E940000F4C0027A6EB050812E0D4E90001D4E93A
:10E950000223824273EB010C07F1010707D2C4E9DD
:10E960000023F2F7F5FCF2F7A3FDC4E90201083435
:10E970004745EADB0135E1E7BDE8F0815827002093
:10E9800060270020000000000000000000000000E0
:10E99000184BF0B51C680020013C844229DD164B61
:10E9A000002503F5E16103F56162261A1DE0D2ED51
:10E9B000007A92ED017AF4EEC77AF1EE10FA05F1E1
:10E9C00001050FDD82ED007AC2ED017A1F68D3F8F0
:10E9D00004C0C3F800C05F600F68D1F804C0C1F87C
:10E9E00000C04F60043304310432B542DFDB013034
:10E9F000D3E7F0BD082200203040002000000000D6
:10EA0000184BF0B51C680020013C844229DD164BF0
:10EA1000002503F5E16103F56162261A1DE0D1EDE1
:10EA2000007A91ED017AF4EEC77AF1EE10FA05F171
:10EA300001050FD51768D2F804C0C2F800C05760AE
:10EA40001F68D3F804C0C3F800C05F6081ED007A8E
:10EA5000C1ED017A043304310432B542DFDB013009
:10EA6000D3E7F0BD08220020304000200000000065
:10EA7000184BF0B51C680020013C844229DD164B80
:10EA8000002503F5E16103F56162261A1DE0D3ED6F
:10EA9000007A93ED017AF4EEC77AF1EE10FA05F1FF
:10EAA00001050FD51768D2F804C0C2F800C057603E
:10EAB00083ED007AC3ED017A0F68D1F804C0C1F884
:10EAC00000C04F60043304310432B542DFDB013053
:10EAD000D3E7F0BD082200203040002000000000F5
:10EAE000044B002283F8412C83F8422C0022DA6583
:10EAF0005A667047EC07002000000000000000008C
:10EB000030B51D46054BC3E90801DDE90301144694
:10EB1000C3E90A45C3E90C0130BD00BF600700200E
:10EB2000062820D8DFE800F004080C1014181C0098
:10EB30000D4B83ED210A70470B4B83ED220A704782
:10EB4000094B83ED260A7047074B83ED270A704770
:10EB5000054B83ED230A7047034B83ED240A70476E
:10EB6000014B83ED1E0A7047EC07002000000000F7
:10EB7000062821D8DFE800F004080C1014181C0047
:10EB80000F4B93ED210A70470D4B93ED220A70470E
:10EB90000B4B93ED260A7047094B93ED270A7047FC
:10EBA000074B93ED230A7047054B93ED240A7047FA
:10EBB000034B93ED1E0A70479FED020A704700BF9A
:10EBC000EC07002000000000000000000000000032
:10EBD00008B5152013F0F4FABDE808400248DC221D
:10EBE000282113F0BDBB00BFD6750208000000004D
:10EBF000431C33D01A4B03EB001292F8691269B32D
:10EC000010B592F86812B3F8CA4121F0200182F8D9
:10EC10006812611EB0EE407A00EE101AF8EEC07A6B
:10EC2000D3F8F01527EE870ADFED0E7A20EE270ADB
:10EC300007EE901AB8EE677AC0EE077AFDEEE77A33
:10EC400017EE901A8C4208DD273003EB0013A2F870
:10EC50006C1200200021C3E9000110BD704700BF05
:10EC6000F032002000247449000000000000000081
:10EC7000064A034692F8C20130B192F8C32112B994
:10EC8000034AD05C70470020704700BFF03200207C
:10EC900040200020000000000000000000000000F4
:10ECA0002DE9F04F2DED028B394F97F8C23183B02B
:10ECB000002B66D000203B460824014693F8212013
:10ECC0004AB1D3E90C25801841EB0501D3E90A25A7
:10ECD000801A61EB0501013C03F13003EED1B7F876
:10ECE000CA91F2F735FB07EE909A07EE100AF8EE9C
:10ECF000677A2646C7EE278A4FF0300B18EE900A47
:10ED0000F2F7D6FBC7E98C010BFB067A9AF82120B3
:10ED10002AB901362546082E2ED02C46F4E706FBEC
:10ED20000BB8A145CAF83C40254606F10102B8449B
:10ED3000F3DD2B1B08EE103ADAE90A010192F2F733
:10ED400007FBB8EEC88A07EE900A28EE288A78EE0C
:10ED5000277A17EE900AF2F7ABFBD8F80030019A49
:10ED60009842D8F8043099410A4B0FD25E55CAF840
:10ED700040500135A945DCDCFEF74AFF064B012275
:10ED80001A7003B0BDEC028BBDE8F08F1646C2E7E7
:10ED9000F032002040200020541400200000000029
:10EDA000F8B5154D1E4695F8C2311446BDF8182029
:10EDB00033B195F8C3311BB9BDE8F840FFF770BF18
:10EDC0000E4B013AC3E900010D4B92B2201A1A8092
:10EDD00066EB01010023F2F753FB1F46094BC3E921
:10EDE0000001094B1646C3E90067084B0122C5E93B
:10EDF0008C011A70F8BD00BFF032002038200020CE
:10EE0000262000203020002028200020541400203C
:10EE1000F7B52C4E96F8C23193B396F8C3317BBB4D
:10EE200040F2C113834228BF0346274AD05C3021F9
:10EE300001FB006700FB0111D7E90A4506EB010C55
:10EE4000FA6B7058DCF804109B1A001B4FEAE3764B
:10EE500061EB0501464303FB0166A0FB03013B6C2C
:10EE60009A1AD3173144F2F70BFB021945EB010351
:10EE7000CDE90023DDE900231046194603B0F0BDBB
:10EE8000124B13491A88134BD3E90043A4FB0045E6
:10EE900000FB0355D1E90031E41845EB01050E49AB
:10EEA000D1E90036A3FB003100FB06115008181809
:10EEB00041F100010023F2F7E3FA221845EB0103C8
:10EEC000DAE700BFF032002040200020262000209A
:10EED00038200020302000202820002000000000E2
:10EEE0002DE9F04F2DED028B614B002789B039469B
:10EEF0009A469B461E469BF8A631082B58D14FF4E4
:10EF0000E173C02203FB07F102FB07FE00234FF071
:10EF1000FF3C0497CDF814B035461C461F46E34627
:10EF20008946F04695F8E83293B1524904EB09035B
:10EF300001EB83030093CDE90176182303FB0B83D8
:10EF40000393BAF8CA31A3426EDCDDE90176BB4611
:10EF50000137082F05F11805E4D1DC46DDE9047B13
:10EF60000120BCF1000F9AF8BE31494600FA07F0C3
:10EF700074DB62183F49BAF8CA5101EB8208C0221B
:10EF80003B497A434FF0180E0EFB0C220A444146CF
:10EF9000A5425DDC0343DBB201228BF80C20344A2E
:10EFA00082F8BE31344A138843F0200313800121D4
:10EFB0000137042F0BF1010B06F1C0069BD100298C
:10EFC00050D02C4808F0E4FD012009B0BDEC028BC4
:10EFD000BDE8F04F0AF0E4B8039B07925344304673
:10EFE000D3EDBB8A0693FFF713FF069BD3E9BC63FF
:10EFF000801B61EB03010693F2F7AAF9DDE9063203
:10F00000D5EDBB7A08EE100A77EEE87AB81B62EB12
:10F01000030128EE278AF2F79BF907EE100AC8EEE3
:10F02000077A77EEA87A0DE0A6B23046FFF7F0FE39
:10F03000D5E9BC72B842914187D2BBF1000FCBDA5F
:10F04000D5EDBB7A009BE3EC017A0093013478E7BD
:10F05000D2F8ECC241F804CB013499E723EA00036B
:10F0600000229AE709B0BDEC028BBDE8F08F00BF2B
:10F07000F0320020283900208A5B002000000000C8
:10F080002DE9F843DFF8E49099F8C23106460D46C1
:10F09000BBB399F8C331A3BB4A4692F8211049B3D8
:10F0A000D2E90A48A64275EB080123D3D2E90C0144
:10F0B000864275EB01071DD2302202FB0393001B31
:10F0C000DF6B1A6CA2EB07024FEAE27361EB0801F7
:10F0D000F2F7D6F90B46410841EAC371341B0246E8
:10F0E00065EB0808601848EB5301F2F7C9F938449A
:10F0F000BDE8F8830133082B02F13002CDD10020A6
:10F10000F6E70120FFF784FE804600200F46FFF758
:10F110007FFEB8EB000867EB010758EA0703EED063
:10F120000020FFF775FE864275EB010102D24FF019
:10F13000FF30DDE7B9F8CA01013880B2FFF768FE99
:10F14000B042A941F3D30020FFF762FE4FEA580412
:10F1500044EAC774A41945EB5705201A42463B46BA
:10F1600065EB0101F2F78CF9C2E700BFF032002035
:10F170002DE9F74F444D05EB00130446B3F86C92AC
:10F18000B3F96CA293F86B824846FFF741FE27342F
:10F1900005EB0414BAF1000FC4E900016CDDB5F809
:10F1A000CA31013B534567DD384D4FF4E1630746F3
:10F1B000484603FB08550E46FFF72AFE804609F134
:10F1C000010080B20AF1804AFFF722FE0AF1FF3AFD
:10F1D00005EB8A0581462868F1F72EFD8246A8686E
:10F1E0008B46F1F729FDCDE90001A8EB09000028C5
:10F1F000B8BF4042F1F70EFD254B0022F1F778FD34
:10F20000DDE900238046894650465946F1F7B4FBB4
:10F2100002460B4640464946F1F76AFD804668685B
:10F220008946F1F709FD02460B46F1F7A7FB0246B6
:10F230000B4650465946F1F79FFBDDE90023F1F7F5
:10F240009DFB0FA3D3E90023F1F798FB02460B4681
:10F2500040464946F1F776FE8046894638463146B3
:10F26000F1F70CFD02460B4640464946F1F786FB96
:10F27000F2F73EF9C4E9000103B0BDE8F08F00BF2A
:10F28000000000809997713DF0320020283900205D
:10F290000000E03F0000000000000000000000004F
:10F2A0002DE9F04F2DED028B5B4D8BB001010091EC
:10F2B00005EB0011074691F86B82169C1046194623
:10F2C000FFF7DEFE0028C0F2A58004EBD4725210D6
:10F2D000B5F8CA315242A0EB020A5345D8BF03F138
:10F2E000FF3A4E4B02EB000B4FF4E1612BEAEB7B54
:10F2F00001FB083808EB8B0195F8B721D1ED007AB6
:10F30000474B4849CDF808B0002008EE902AC1EDDF
:10F31000007A188006468446012481460146D3457A
:10F3200017DD00B11E80BCF1000F02D03D4BC3EDD4
:10F33000007A009B01911D443846029BA5F86C326F
:10F34000FFF716FF019908460BB0BDEC028BBDE834
:10F35000F08F08EB8B0292ED008AF4EEC87AE4B1EC
:10F36000F1EE10FA06DD01201FFA8BF6F0EE487A76
:10F3700084460FE0B8EEE87A37EE277AB4EEC87A22
:10F38000F1EE10FA06D501201FFA8BF6F0EE487A5E
:10F39000844600240BF1010BC1E7F1EE10FAE2D430
:10F3A000B8EEE87A37EEC77AB4EEC87AF1EE10FA22
:10F3B000F0DD02A9A1450ADD51F8042B08EB820219
:10F3C00092ED007AB4EEE77AF1EE10FA20DA082C2A
:10F3D00015D0601C800002ABC4F10702011F194464
:10F3E00018449200F2F7C4FB0AAB03EB8404B9F1B2
:10F3F000070F0B4B44F8206CD8BF09F1010901201D
:10F400001FFA8BF6F0EE487A844604460146C1E7BF
:10F410000134CFE7002196E7F032002028390020A0
:10F42000842A0020C0070020000000000000000027
:10F430002DE9F84FDFF860A1504EDFF860912DED17
:10F44000028B80460C46002937D14D4A4D49002396
:10F450001380D8F800200B800121A9F800104A4938
:10F46000AAF800300B60494B32601A60BAF800709D
:10F4700008EB84036FB9454AD3ED007A92ED007A28
:10F48000B4EEE77AF1EE10FA03D83F49C2ED007A04
:10F490000C6093ED008AD6ED007AB9F90050B4EE15
:10F4A000E78A65B3F1EE10FA13D5354B86ED008A85
:10F4B0001C80BDEC028BBDE8F88F88B2FFF7A8FC7A
:10F4C000334B1B88C8225343984271F10001BCD3CF
:10F4D000CCE7304B93F8B73107EE103AB8EEC77A65
:10F4E00077EE277AF4EEC87AF1EE10FAE1D5244BE4
:10F4F00086ED008A1C800023A9F80030D9E7F1EEE0
:10F5000010FAD2DC234B93F8B73107EE103AB8EE7D
:10F51000C77A37EEC77AB4EEC87AF1EE10FAC8DDD2
:10F52000184B9B46AF420ADD33F8022B08EB8202F0
:10F5300092ED007AB4EEE77AF1EE10FA1CDA082DBB
:10F54000DFF83C8012D0681C4000811EC5F1070224
:10F55000520059445844F2F70BFB072FB8F800301B
:10F560002BF815309CBF0137AAF80070A8F80040AE
:10F5700086ED008A0123BFE70135D3E7C0070020ED
:10F58000842A00203027002028270020242700205C
:10F59000E8320020F03200202C270020AC070020A9
:10F5A000072813D838B50A4DB5F8CA31044688B2D1
:10F5B00083420AD905EB04132734A3F86C12FFF732
:10F5C00027FC05EB0415C5E9000138BD704700BFF5
:10F5D000F0320020000000000000000000000000E9
:10F5E000B0F1FF3F55D02DE9F74FDFF8A8801E4658
:10F5F00008EB0013174693F8692205464FEA0019F5
:10F60000002A40D093F86822012022F0200283F8DB
:10F610006822FFF7FDFB044600208A46FFF7F8FB4F
:10F62000241A6AEB0101640844EAC1744FEA510AE2
:10F630004FF0010BB8F8CA31023B5B4523DD1FFADE
:10F640008BF318460193FFF7E3FB001B61EB0A0104
:10F65000874276EB0101019B18D3581C80B2FFF75B
:10F66000D7FB001B61EB0A01874276EB01010DD24B
:10F6700005F127000301C14408EB001048F80370AE
:10F68000A9F86CB2466003B0BDE8F08F0BF1010B36
:10F69000D0E77047F03200200000000000000000BA
:10F6A0002DE9F04F054685B000BB9B4C9B4E94F86E
:10F6B00069322846013593B1D4E99C89B4F96C725A
:10F6C00008F056F910EE100AF1F7B6FACDE9008904
:10F6D000CDE902013A4629463046FAF739FA082DB3
:10F6E00004F11004E3D105B0BDE8F08F0C68237875
:10F6F0003F2B0F4664D08A4A8A491388204643F03C
:10F7000008031380F9F7E4FFA0B9834BFF2283F8C5
:10F71000B52183F8690283F8790283F8890283F8B6
:10F72000990283F8A90283F8B90283F8C90283F821
:10F73000D902D8E72046F9F7EBFF441E072C814693
:10F740003ED8012D20D1744D04F1270305EB04169A
:10F7500005EB03132046D3E900ABB6F96C7208F051
:10F7600007F910EE100AF1F767FACDE900ABCDE921
:10F7700002013A4669484946FAF7EAF9012385F851
:10F78000B54186F86932AEE7D7F80480664940464D
:10F79000F9F79EFF0646072845D8DFE800F0192252
:10F7A0003171050498AB2026032D9CD15F49B868C0
:10F7B000F9F78EFF002800F09F80012800F0A48058
:10F7C0005A4A59495A4805B0BDE8F04FFAF7C0B94E
:10F7D000514B03EB0412012182F8691283F8B54101
:10F7E00081E74D4B03EB0412002182F8691293F973
:10F7F000B521A2427FF477AFFF2283F8B52172E7EB
:10F80000454B03EB04120121204682F8691283F86C
:10F81000B541FEF7DDFC431C08BF002001B22046C5
:10F82000FFF7BEFE8FE73C4D05EB0416012386F87B
:10F83000693298F80030303BDBB2092BC0D8404623
:10F84000FAF79EFE0B4696F8681285F8B54121F04E
:10F85000200186F86812B5F8CA11024691424FF0AD
:10F860000001994105D2204605B0BDE8F04FFFF7F1
:10F87000B7BE11B2204605B0BDE8F04FFFF790BE0D
:10F88000032DB86813D10378313BDBB2082B0ED8B7
:10F89000FAF776FE204B03EB0413013893F8682245
:10F8A00083F86A0242F0020283F868221BE71F49CC
:10F8B000F9F70EFF00287FF416AF174B03EB041384
:10F8C00093F8682222F0020283F868220BE7032DE6
:10F8D0000ED1B8680378313BDBB2082B08D8FAF7B1
:10F8E0004FFE01380C4B03EB041383F86B02FAE66E
:10F8F0000020F7E7102657E7074B03EB041393F8B4
:10F90000682222EA0602DFE7034B03EB041393F8B5
:10F9100068223243D8E700BFF0320020E7750208C2
:10F920008A5B0020E57102088C890208848902083C
:10F93000F775020800000000000000000000000051
:10F9400070B5094E094D0024B6F8CA31A34200DC57
:10F9500070BDA0B2FFF75CFA02460B462846FAF7E4
:10F96000F7F80134F0E700BFF0320020C070020861
:10F9700070B5384D95F8C231002B38D095F8C331A9
:10F98000ABBB042833D8DFE800F003080B1C0300EE
:10F990000020BDE87040FFF73BBAB5F8CA01F8E7B0
:10F9A000B5F8CA01FFF734FA054600200C46FFF708
:10F9B0002FFA281844EB0101400840EAC1704908B9
:10F9C00070BD0020234B0824014693F821204AB142
:10F9D000D3E90C25821841EB0501D3E90A05101A79
:10F9E00061EB0501013C03F13003EED1E8E7D5E915
:10F9F0008E23D5E99041944271EB03063CBFC5E9E3
:10FA00008E41C5E99023042821D8DFE800F00306E1
:10FA100009180300D5E98E01D2E7D5E99001CFE7B7
:10FA2000D5E98E02D5E9903140085B0843EAC173FD
:10FA300040EAC2704908C01841EB5201C0E7D5E95D
:10FA40009001D5E98E32C01A61EB0201B8E70020BF
:10FA50000146B5E7F0320020000000000000000081
:10FA600010B52DED028BF0EE406AFCF749FAB4EECA
:10FA7000E60AF1EE10FAB0EE407AD8BFB0EE667A40
:10FA8000FCF766FAB4EEC70AF1EE10FAB0EE408A5F
:10FA90000C4C58BFB0EE478A022084ED878AFFF7EE
:10FAA00067FFB0EE480AFDF703FC94F89831032B8A
:10FAB00001D1FCF785FABDEC028B034B01221A70D1
:10FAC00010BD00BFF03200205414002000000000E0
:10FAD000012810B503D1086803783F2B10D10C4CD6
:10FAE00094F89831022B02D10A48FAF781FA94F877
:10FAF0009831032B0AD1BDE810400748FAF778BACD
:10FB0000FBF706F8BDE81040FFF7AABF10BD00BF25
:10FB1000F032002021760208317602080000000051
:10FB20002DE9F04F002087B0FFF722FF06460120A5
:10FB30000C46FFF71DFF384D0B46B5F8CA11009172
:10FB4000024621463046FFF72BF90020FFF710FF51
:10FB5000824601200291FFF70BFFCDE903014FF030
:10FB6000000895F869327BB195F8684214F00804F2
:10FB70000AD1D5E99C7957EA090311D1B5F96C424C
:10FB800021B24046FFF70CFD08F10108B8F1080F5B
:10FB900005F11005E5D107B0BDE8F04F09F088BDCB
:10FBA000029B574579EB0303EAD31B4BB3F8CA61B9
:10FBB000039B9F42049B79EB03032AD3741EDFE768
:10FBC0001FFA84FB5846FFF723F9874279EB0101BE
:10FBD00003D30134A642F3DCD2E70BF1FF3080B24D
:10FBE000FFF716F9064658460591FFF711F9059BF0
:10FBF0007608400840EAC17046EAC37636184FEAF4
:10FC0000510141EB5301B74279EB0101B8D2013CFC
:10FC1000B6E70124DEE700BFF0320020000000005C
:10FC2000084BB3F8CA2182420BD0142838BF1420E5
:10FC3000B0F5E17F28BF4FF4E170A3F8CA01FFF7E8
:10FC40006FBF7047F032002000000000000000008D
:10FC500003282DE9F04F08D08149D1E90041A242A3
:10FC600073EB01053CBF22460B467E49D1E9008972
:10FC7000424573EB0905414638BF11467A4A4C4666
:10FC8000D2E98EC6D2E9907538BF1C46042800F22E
:10FC9000D780DFE800F0034F639A3800B2F8D23122
:10FCA0008F4223F00103A2F8D23175EB040338BF71
:10FCB000C2E99014C2E98E14D2E990325B1A62EB69
:10FCC00004025B0843EAC273520853EA020100F0DF
:10FCD000B7806548B0F8CA1149088B4272F100023A
:10FCE00080F0AE80D0E98E32D0E99014C91844EB90
:10FCF0000204490841EAC471CB074FEA540402D513
:10FD0000013144F10004584BB3F8D221AE4208BF90
:10FD1000BC4542F00102C3E98E14C3E99014A3F874
:10FD2000D22103D0504B0022C3F8E825BDE8F04FA4
:10FD3000FFF7F6BEB2F8D231614523F00103A2F815
:10FD4000D23174EB060338BFC2E98E14C2E99014B5
:10FD5000D2E98E32CB1A64EB0202B2E7B2F8D231AA
:10FD6000DFF8FCA043F00103DAE900EAA2F8D2319F
:10FD7000B7EB0C0365EB06005B0843EAC0731EEBB0
:10FD8000030B4FEA50024AEB5000594574EB000058
:10FD900003D2B1EB0E0364EB0A02B8EB030E69EB7E
:10FDA00002008E45A04103D2B8EB010369EB0402C7
:10FDB000B1EB030864EB020E2B48C91844EB0204B4
:10FDC000C0E98E8EC0E990147FE7B2F8D23143F0DB
:10FDD0000103A2F8D2314B082149D1E9000143EADD
:10FDE000C473181841EB540E62084FEA570A4FEAE1
:10FDF0005C044AEAC57A44EAC67414EB0A044FEA82
:10FE0000550141EB5601A0427EEB010A3CBF204662
:10FE10008E46B8EB030169EB0204814274EB0E08D5
:10FE20003CBF0846A646B0EB03080F4C6EEB020140
:10FE3000C018C4E98E8142EB0E01C4E9900144E789
:10FE4000AE4208BFBC453FF471AF074BD3E98E0209
:10FE5000D3E990139A4208BF88427FF467AF61E705
:10FE6000D8320020D8070020F03200200000000027
:10FE700008B5154B93F9B30100280CBF01220022ED
:10FE800083F8B32111D1FBF78BFB0BA3D3E900233C
:10FE90000220FFF7DDFE0AA3D3E900230320FFF7CA
:10FEA000D7FE0A4B01221A7008BD4FF0FF30FBF756
:10FEB00077FBF6E7AFF3008080C3C90100000000C4
:10FEC000404B4C0000000000F03200205414002091
:10FED00001281DD108B5086803783F2B13D0F9F726
:10FEE00017FC04280FD880B213F0B2F9013002D108
:10FEF0000848F9F72DFEFFF713FE074A138843F071
:10FF00000403138008BDBDE808400448F9F720BE8B
:10FF10000248FBE7417602088A5B0020557602081A
:10FF200038B505460C46FFF7FBFD012D07D12068CB
:10FF3000F9F7EEFBBDE8384080B2F9F7F1BD034AAE
:10FF4000137843F00103137038BD00BF581400202C
:10FF50002DE9FF47A0B9FFF70BFD054601200C4630
:10FF6000FFF706FD3C4BB3F8CA310293CDE900011F
:10FF70002A463A482346F9F7EBFD04B0BDE8F0877E
:10FF8000032805465FDCD1F800A09AF800303F2B2B
:10FF90000E4658D0002820DD5046FAF7F1FA012D20
:10FFA0008146884620D07068FAF7EAFA032D0446A5
:10FFB0000F461CD1B068FAF7E3FA05460E46284909
:10FFC0005046F9F785FB002814DB22463B46FFF735
:10FFD0003FFE244B01221A70CFE700242746A1469A
:10FFE000A04625462646EAE700242746F9E70025ED
:10FFF0002E46E4E71C495046F9F76AFB032804D86B
:020000040801F1
:1000000004B0BDE8F047FCF713BD042803D1124B40
:1000100001229A72B1E7052802D10F4B0022F8E7BE
:1000200043464A460020FFF713FE54EA070304D074
:1000300022463B460120FFF70BFE2E43C9D0A8B253
:10004000FFF7EEFDC5E7064A0749084804B0BDE8DA
:10005000F047F9F7CDBF00BFF03200206376020809
:10006000E888020854140020C48802086E7602084A
:10007000074BD3ED987AF4EE407AF1EE10FA06D001
:10008000044A83ED980A138843F0240313807047D1
:10009000F03200208A5B0020000000000000000019
:1000A000074BD3ED997AF4EE407AF1EE10FA06D0D0
:1000B000044A83ED990A138843F0240313807047A0
:1000C000F03200208A5B00200000000000000000E9
:1000D00070B4204A92F89A61032E0FD9DFED1E7A90
:1000E000B4EEE70AF1EE10FA17D4DFED1C7AB4EEA5
:1000F000670AF1EE10FAC8BFB0EE670A184C002389
:1001000082F8B63119462046032EDDB211D9042BF0
:1001100006D189B182F8B6310EE0B0EE670AEDE79C
:10012000F4EC017AF4EEC07AF1EE10FA03F1010377
:100130000ED509B182F8B65192F8B63182ED830A34
:1001400000EB830370BC1B68C2F82432FFF7A8BF22
:100150000121D9E7F0320020CCBC8C2B003C1C469E
:1001600008960208000000000000000000000000E7
:1001700010B50E4C2DED028B94ED830A94ED848A1C
:10018000F6EE007A08EE270A80EE080AF0F758F932
:10019000BDEEC00AB8EEC00A20EE080ABDEC028B24
:1001A00084ED830ABDE81040FFF77ABFF0320020EB
:1001B00008B5404A92F89A31032BF7EE006A1BD932
:1001C000DFED3D7AB4EEE70AF1EE10FA22D4DFED6E
:1001D0003B7AB4EE670AF1EE10FAC8BFB0EE670AD8
:1001E000B7EE007AF2EE047AB4EEE70AF1EE10FA16
:1001F00018DCF2EE047A1EE0F3EE047AB4EEE70ABD
:10020000F1EE10FA0BDCDFED2E7AB4EEE70AF1EE38
:1002100010FAE5D5B0EE670AB7EE007AE9E7B0EE7E
:10022000670ADDE780EE270A27EE277ADCE787EE0C
:10023000277A20EE270AB4EEE60AF1EE10FAF6D499
:10024000032B15D9DFED1F7AF2EE046A40EE267A11
:10025000FDEEE77AF8EEE77A87EEA60A20EE070AC7
:1002600082ED840AFFF704FFBDE80840FFF780BF76
:10027000DFED157AB4EEE70AF1EE10FA14DCDFEDEB
:10028000137AB4EEE70AF1EE10FA10DCDFED107A23
:10029000B4EEE70AF1EE10FAB0EE000AF7EE007ADB
:1002A000D8BFB0EE670AD9E7B2EE040AD6E7B1EEDE
:1002B000040AD3E7F0320020132EE1299AF9794499
:1002C000CDCCCC3DE5F2FF3ED200A040A3010040E2
:1002D0004703803F00000000000000000000000015
:1002E0002DE9F84FC24D0026074685F89801AE72F9
:1002F0002C4609F0D5FA4FF0000A85F8A561EE7298
:10030000A5F8C2612B46082200200021013AC3E96A
:100310000A01C3E90C0183F82160C3F838A003F196
:100320003003F3D1DFF82083B249D8F81C3CD8F869
:10033000182CDFF81893022B08BF8A4208BFAE4B77
:10034000AE4908BFD3E90023C1E9002394F898110E
:10035000AB4AAC4B032908BF1346C9F80030012350
:10036000C4F804364FF48073A4F80836FAF7C8FFCF
:10037000A54B00261E6000220023C4E99223A34A55
:1003800084F8B661137884F89A6143F0010313701E
:10039000B2EE040A4FF07E53C4F82432FFF708FF90
:1003A000BAEE040AFFF794FE994BE6601B6884F8E6
:1003B000B931984BC4F8A6615E60C3F89E61C4F879
:1003C00020A2A4F8CC6184F8B461C4F8F06133468B
:1003D0000136042E85F8E83285F8003385F81833A5
:1003E00085F8303385F8483385F8603385F87833FD
:1003F00085F8903305F1C005EAD1874A94F8BE31FB
:100400001278002A66D00122627343F00203834A05
:10041000C4F808225022A4F8D6211E22A4F8D8211C
:1004200014210122C4E9771284F8BE310523002586
:1004300084F8B83184F8B731FF200223C4F828A229
:10044000A4F8C62184F8BF5184F8B10184F8B351EF
:10045000A4F8CE51A4F8D05184F8A351C4F8F451B3
:1004600084F8993184F8AE51D8F8081CD8F80C3CBF
:10047000A4F8BC51C4E99413032384F89B3184F895
:10048000BB31674BC4F818320FF25C1BDBE900ABE1
:10049000B7FA87F36349C4F89C115B0993400421C0
:1004A000C4E996AB84F8A01184F8C401A4F8C8513B
:1004B00084F8AF3140F2011362605B4A238100236C
:1004C000C4E97A23C4F8E451032F24D8DFE807F005
:1004D000054F355F03F0F10399E7544B0020D3E952
:1004E0000023FFF7B5FB524B0120D3E90023FFF7B0
:1004F000AFFB504B0120D3E90023FFF7A9FB0122FA
:10050000002362710522A4F8CC31C4F8E83584F8E0
:10051000B82184F8FD35FBF71BFD84ED870AFDF754
:1005200037FE00234FF4E17084F8B531FFF778FB14
:10053000414B01221A70BDE8F88F404B404A1B68BE
:10054000002B0CBF0123022384F8B83102200023C2
:10055000FFF77EFB002300220320FFF779FB394BD6
:10056000C4F8E835022384F8A3310023D1E72F4BE8
:100570000020D3E90023FFF76BFB2D4B0120D3E9CB
:100580000023FFF765FB0023C4F8E835C1E7D9F87D
:10059000003084F8B851D3ED007A2548234B98ED0C
:1005A0001A7AD0E90010D3E90023521843EB000374
:1005B00077EE877A520842EAC37202205B08C4EDE4
:1005C000877AFFF745FB00230022032084F8FD55BE
:1005D000FFF73EFB1B4BC4F8E835022384F8A33138
:1005E00099E700BFAFF3008000E1F50500000000CF
:1005F000F032002000E40B54605B0020C832002081
:1006000054960208649602083C23002058140020E7
:10061000C4070020FC3200202432002000007A446D
:10062000000016C302000009A0860100D832002095
:10063000D8070020585B002054140020545B002091
:100640008096980080841E00EC070020C8070020D8
:1006500038B5144C14494FF4E173A4F8CA31134B64
:10066000C4F860320023C4F864320123002584F802
:10067000BE318022FF2304F51A7084F8C431A4F837
:10068000A451F1F7F5FA294604F53A704FF4407297
:10069000F1F70EFA84F8B5512846BDE83840FFF767
:1006A0001FBE00BFF0320020B096020800002041BB
:1006B000054B01221A70054B93F89831834201D003
:1006C000FFF70EBE704700BF54140020F032002028
:1006D0000138012808D91749174803E0BDE8384018
:1006E00014491548F9F734BA38B50D680C46284650
:1006F0001249F8F7EDFF0F4958B12846F8F7E8FF1F
:1007000000280446EADB0FF06BF824B1012C09D075
:1007100038BD6068F2E72046FFF7CAFFBDE8384001
:100720000DF066BC0220FFF7C3FFBDE838400DF0B6
:1007300057BC00BFB48A0208BB760208B08A020820
:10074000012803D1086803783F2B06D10D4802E049
:10075000BDE810400B48F9F74BBC10B5F9F710FF96
:1007600084B2042CF4D8204612F072FD013007D177
:1007700034B9054BBDE8104093F89801FFF7B0BDC0
:1007800010BD00BFD2760208F03200200000000049
:1007900038B52DED028B2E4C94F89A31834240D01F
:1007A00094ED830A054607F093F8B0EE408A94ED85
:1007B000840A07F08DF8F0EE408AB0EE480A84F81B
:1007C0009A5107F03DF8B0EE408AB0EE680A07F0A3
:1007D00037F894F89A31032BF2EE048A27D9DFED2B
:1007E0001D7AB4EEE78AF1EE10FA1DD4DFED1A7A25
:1007F000B4EE678AF1EE10FAC8BFB0EE678A88EEF1
:10080000280AFFF7D5FC94ED840A20EE280AFFF7AA
:100810005FFC124807F0BCF9114A138843F020032B
:100820001380BDEC028B38BDB0EE678AE7E7DFEDE1
:100830000D7A28EE270A80EE280AEFF791FD20EEC8
:10084000280AFFF745FCB0EE680AFFF7B1FCE0E7C5
:10085000F0320020CCBC8C2B003C1C4628390020F8
:100860008A5B00209A99993F000000000000000078
:1008700010B5134C2DED028B0020FBF729FB94F8EB
:100880009A31032B12D9D4ED847AB2EE048A67EE42
:10089000887AF4EEC07AF1EE10FA07DD80EE080AED
:1008A000FFF786FC94ED840A20EE080AFFF710FC9F
:1008B000044ABDEC028B138843F02003138010BD63
:1008C000F03200208A5B00200000000000000000E1
:1008D00010B5114C94F89A31032B02D90020FBF784
:1008E000F7FAFFF765FC94F89A31032B0ED994EDD3
:1008F000840AF2EE047A20EE270AD4ED837AF4EE2D
:10090000C07AF1EE10FA01D5FFF7E2FB034A138833
:1009100043F02003138010BDF03200208A5B0020DA
:100920002DE9F04F012889B005460E460CD10B6821
:100930001B783F2B40D1834B834A8449844809B0BC
:10094000BDE8F04FF9F704B9002835D10446074651
:10095000804DDFF824B205F10C0A95F8BE31234131
:10096000D90722D595F89A31D5F864025BF823208F
:100970000792F0F761F98046D5F860028946F0F7F2
:100980005BF91AF804C0744BDFF8F0E1079A661CB3
:10099000BCF1000F18BF7346CDE90201CDE9008913
:1009A0006E4804933146F9F7D3F817B90134042C93
:1009B000D3D109B0BDE8F08F30680378303BDBB2AB
:1009C000092B09D8F8F7A4FE441E032CB3D8013D27
:1009D000002D44DC0127BBE7012D0CD15B49F8F762
:1009E00077FE00285FDBFFF7D3FE5D4A138843F0F4
:1009F00004031380DDE7022D58D15349F8F768FE50
:100A000080B101281ED000231C464E4956F8230011
:100A10009D00F8F75DFE04288DD8DFE800F04A530A
:100A20005F68790074684F492046F8F751FE18B99D
:100A30000120FBF74DFAD8E72046FAF769F8FFF7EF
:100A400047FFD2E7746847492046F8F741FE00287F
:100A5000EED02046FAF75CF8FFF70AFFC5E7012D54
:100A60006ED156F825004049F8F732FE05460028B9
:100A7000BBD13E4EDFF8DC803D4F4FF4E16303FB1A
:100A800004660134B8F8CA31AB42AEDD56F8040B47
:100A9000F0F7D2F82A46CDE9000121463846F9F7A9
:100AA00057F80135EEE700252C46DAE7012D9CDDED
:100AB000A9E735446868F8F72BFE411E2046FBF78E
:100AC0006FFD92E735442B496868F8F701FE214B2A
:100AD000421E234450425041187386E735446868EB
:100AE000F8F716FE411E2046FBF76AFD7DE7354408
:100AF00020496868F8F7ECFD1649012291F8BE31EB
:100B0000A24001280CBF1343934381F8BE316CE728
:100B100035446868F8F7FCFD0E4BB3F8CA318342E0
:100B200006467FF708AFA868F9F7F2FF4FF4E173C4
:100B300003FB04660D4B03EB860383ED000A38E7E5
:100B4000012362E71C8902084489020854890208CB
:100B500017770208F032002057780208E77602087B
:100B60008A5B0020EB7702083C89020828390020C4
:100B7000F776020810770208C4B40208DE7602088D
:100B800010B50020F8F7CCFC04460A20F1F738FD38
:100B90000020F8F7C5FC2346C31A1433282B04465B
:100BA000F3D8114A00211346148884420FD8548880
:100BB00084420CD303EB01130C4A197A11800C4ABE
:100BC000597A11800B4AD9685868116010BD0131FB
:100BD000052902F11002E7D1044A074800231380D7
:100BE000034A1380F2E700BFE08F020824200020B0
:100BF000222000205C0700208E7702080000000001
:100C000010B5FFF7BDFF074B074902461868074BB1
:100C1000BDE81040002818BF0B4605490548F8F705
:100C200097BF00BF545B00209677020857780208F0
:100C3000309002089E7702080000000000000000CB
:100C4000012A38B504460D4607D007482A462146F2
:100C5000F9F7CEF94FF0FF3038BD1846F8F738FDF8
:100C60000028F9DAF1E700BF526F02080000000027
:100C700008B502460B680D480D49FFF7E1FF012852
:100C800005DC00280DDA0B4B01221A7008BD831E0B
:100C9000012BF8D80238084B18BF012083F8090649
:100CA000F1E7054B00F001001872ECE7268402081A
:100CB000B577020854140020F03200200000000034
:100CC00008B502460B6807480749FFF7B9FF002837
:100CD00006DBFAF7EDFE054A138843F02403138080
:100CE00008BD00BF37730208107702088A5B002036
:100CF000F8B502460B6811481149FFF7A1FF032818
:100D00000ED1104D104F114E00243B68A34200DC61
:100D1000F8BDF5E802233046F8F71AFF0134F4E78E
:100D20000028F5DB0A4B186001D1FAF769FE094A81
:100D3000138843F024031380EAE700BFDA77020840
:100D4000C97702086027002058270020E0770208B2
:100D5000402700208A5B0020000000000000000007
:100D600008B502460B6807480749FFF769FF0028E6
:100D700006DBFBF725FE054A138843F024031380A6
:100D800008BD00BFF0770208E47702088A5B002004
:100D900008B502460B6804480449FFF751FF0028D4
:100DA000A4BF034B187008BDF5770208107702083E
:100DB00024390020000000000000000000000000B6
:100DC000421E002012F8013F83B97047A3F1610170
:100DD000C9B2052903D8573B03EB00100EE0A3F17D
:100DE0004101C9B205290DD8373BF5E710B5A3F18C
:100DF0003001CCB2092CE9D801EB001012F8013F08
:100E0000002BF4D110BD0000000000000000000025
:100E1000012802D00F48F9F7EBB838B50546086845
:100E2000FFF7CEFF00F00703052B0B4A044604D161
:100E300010F4800318BF2B4613602146106812F08F
:100E40000FFB12F025FB21460448BDE83840F8F7B7
:100E50007FBE00BFFD7702081C2000201378020827
:100E60002DE9FF41071E05DC174804B0BDE8F0413D
:100E7000F9F7BEB808680E46FFF7A2FF6C468DF87A
:100E80000000A0460125BD4215D1E9B2102322463B
:100E9000204612F0DDFE0D4E002514F8011B3046F1
:100EA0000135F8F755FE102DF7D10948F8F750FE37
:100EB00004B0BDE8F08156F82500FFF781FF013549
:100EC00008F8010FDFE700BF1A7802083B78020834
:100ED000F47602080000000000000000000000009E
:100EE0001FB5084B084C1B6D009320460023CDE92D
:100EF00001330393F2F734FA69462046F2F720FAF9
:100F000004B010BDEC070020D8170020000000003E
:100F1000012810B50A4C0DD1086803783F2B09D081
:100F2000F9F72EFBB0F5967F38BF4FF49670206529
:100F3000FFF7D6FF216D0348BDE81040F8F708BE63
:100F4000EC070020417802080000000000000000CB
:100F500038B51948F8F7ACFB1848F2F709FB4FF021
:100F6000904417491548F2F72BFB4FF48055FFF7D3
:100F7000B7FF01224FF480514FF09040F3F740FF4C
:100F80004FF47A706583F1F73BFB0E490E48F2F798
:100F9000AFFD40F2027229462046F3F731FF0B4BBA
:100FA0000B4A93F8433C13F0040F044B18BF13464D
:100FB000084A136038BD00BFD85B0020781A0020B3
:100FC000D06B0208D86B0208CC180020EC07002078
:100FD000D8170020E05B00200000000000000000A7
:100FE00008B50B4B1B78042B07D10A4B0A4893F822
:100FF000433C5B0709D5F2F703FB0848F1F758FFBC
:10100000BDE808400648F1F793BEF2F709FBF4E7A4
:10101000CC180020EC070020781A002008180020C7
:10102000E4170020000000000000000000000000A5
:101030002DE9F04103468E4600201549154F8446A0
:101040001C78ECB1202C21D0092C1FD0222C06BFFB
:1010500001333E460E469042B8BF4EF82030013074
:1010600080B21D78344694F80080A8450AD014F860
:10107000018FB8F1000FF6D113F8014F002CF0D119
:10108000BDE8F081002DFBD083F800C00133D7E725
:1010900055780208537802080000000000000000A4
:1010A00038B50F4C05222146FFF7C2FF0D4B80B229
:1010B0009042188005D90C48F8F74AFD00242046D4
:1010C00038BD0028FAD02568084C20680028F5D0E3
:1010D0002946F8F7FDFA0028F1D00A34F5E700BFF9
:1010E000945B0020905B002058780208988B0208DF
:1010F00083B55F48DFF8C4815E4F5F4E5F4DF8F700
:10110000CFFA5F48F8F724FD5E48F8F721FD97F81D
:10111000433C5D4ACDF8048013F0040F5B4B18BFCD
:101120001346336000243068036801225B680DF1C8
:101130000301984720B94FF47A70F8F7B9FBE6E756
:101140009DF80310082901D07F2907D1002CEAD08F
:1011500001A8013CF8F7FCFCA4B2E4E70D2912D188
:101160004B48F8F7F5FC002328462B55FFF798FF6E
:101170000446B8B9474B48481968F8F7E9FC4148B4
:10118000F8F7E6FCC3E71F29CDD92E2CCBD8306861
:1011900010B103689B6898479DF803202A55631C8B
:1011A0009CB2C0E70389DFF8189113F0040F04D054
:1011B0003A4A92F90020002A36DBDB0734D5DFF803
:1011C00004A1F8F755FA6368CAF8003099F80030BE
:1011D00043F0040389F80030F8F752FA304B1B78DB
:1011E00003F0FF04002B92D1DAF80030002B8ED0F0
:1011F000DFF8D4904CF250314846F8F739FC013012
:101200000DD10134032C0ADD2648F8F7A1FCF8F7CC
:101210002FFA0023CAF80030F8F732FA77E7DAF845
:101220000030002BE6D172E7002389F800301E4B16
:101230001E4918886368013898471248F8F788FCF7
:101240001B4B1B78002B3FF462AF012389F8003061
:10125000184B93F89831023BDBB2012B02D80CF00B
:1012600017FB54E7144A138843F0260313804EE714
:1012700074780208EC070020E05B0020A85B0020E7
:101280007A780208A3730208D8170020781A002081
:10129000F4760208945B00209D7802085814002020
:1012A000147100208B780208905B0020985B00206E
:1012B00054140020F03200208A5B0020082008002F
:1012C000167100208C5B0020D85B0020000000001D
:1012D00010B50D4C00232360FFF7E2FE40B10389F7
:1012E0009B0705D5094B0A491A884368501E984741
:1012F000084B094A93F8433C13F0040F074B18BFFF
:101300001346236010BD00BFE05B0020905B00200F
:10131000985B0020EC070020D8170020781A0020E6
:1013200008B54FF4817210214FF09040F3F768FD3B
:1013300008BD00BF00000000000000000000000029
:1013400010B5642303FB00F009490860094C2046EE
:10135000F1F74EFFA26841F2883303FB02F2064B1D
:10136000A3FB0232520B01212046F1F759FF10BDB9
:1013700014070020BC1700205917B7D10000000047
:1013800008B501210148F1F75BFF08BDBC1700203B
:101390000F4B1B88834219D010B5044601280DD08D
:1013A000002210214FF09040F3F72AFD094A1368FC
:1013B00043F001131360064B1C8010BD054A1368EF
:1013C00023F001031360FFF7ABFFF4E7704700BFA2
:1013D000141D002000740040000000000000000008
:1013E00010B5044606E04FF400410848F1F7E0FE6E
:1013F000A4F58054B4F5805FF5DA012C00DC10BD53
:10140000E1000248F1F7D4FEF9E700BF9C17002085
:1014100010B5044606E04FF480510848F1F7C8FEC5
:10142000A4F58054B4F5805FF5DA012C00DC10BD22
:1014300021460248F1F7BCFEF9E700BF9C170020E7
:101440002DE9F04F2DED088BCBB0CDE91E23269072
:101450008B46002940F0CE83BD4C12F079FDD4EDCF
:10146000007AB4EE670AF1EE10FA05D012F070FDC2
:1014700084ED000AFAF77CFEB64C2578002D00F0CA
:10148000B783F9F705FFDFF82083B348B34900229B
:10149000D0ED2F7AFEEEED7A00F1C00EC1ED007AAC
:1014A00002EB080C0F460126FEEC017AB0EE677ADB
:1014B000BEEEED7A3B4617EE109A47F8049F1B6884
:1014C0000136A9EB0303142E4CF8043FECD1503243
:1014D000B2F5707F00F1500001F15001D8D1A04F5A
:1014E000FDF7FEFC97F89801FCF71AFA97F8983187
:1014F000012B14BF97F8CC01282011F089FFB7F910
:10150000D40112F005FDFCF783FBFBF7A9FC954B1A
:1015100000264FF0010883F80080C7E97E66C7E91E
:1015200080662670F8F7B4F88F4B1860F9F7F0FF73
:10153000D7F8E835C7F8F00507EE903AB8EE677AC5
:10154000DFED8A7AB4EEE77AF1EE10FA40F1CE815F
:10155000C7F8F465C7F8E86597F89831012B02D908
:10156000042B40F0DB81FAF703FE814B1B780BB9AB
:10157000FCF7CEFC7F4B0022DDE91E011A60FBF771
:1015800007FD7D4B188000231C93269BABB1744B49
:1015900093F89821012A01D9042A0ED177490A88A3
:1015A00042F004020A80D3E98E02D3E990139A42F2
:1015B00008BF884201D108F07BF8714A002352F835
:1015C000041F01330131042B1160F8D1644D95F8EB
:1015D0009831022B40F01183D5E98C32134340F04F
:1015E0000F83D5ED887AF5EE407AF1EE10FA40F0EF
:1015F0000783BBF1000F04D15A4B1B78002B40F03E
:10160000128395F89831023BDBB2012B00F2A583DF
:1016100095F89D4124B3062C00F09F8395ED827AC6
:10162000B5EE407AF1EE10FA00F09783554A9FED3F
:10163000566A564C00231360554A1360554BD3ED40
:10164000007A454BF8EEE77AB3F95830C6EE276AD0
:10165000C6EE877AFDEEE77A17EE902A1A441C92BE
:10166000D946DFF8FC80DDF870B098F89831023B7D
:10167000DBB2012B63D898F89D0100285FD00628C3
:101680005DD0404B01281A6840F06B833F49B8F9A0
:10169000CC3151F822209B1A3F2B00F36083002BA2
:1016A0000BDA3D4B1A783AB9344A1870138843F074
:1016B0000403138007F074FD0023D8B211F0A8FED4
:1016C000304A3449136809681C9101338B42136016
:1016D00032DBDFF8BCA0204DDAF80060002717608D
:1016E000B5F958200136B432CAF8006024D1F7F7B2
:1016F000CFFF2A4A1168431AB3F57A7F1CDD1D9388
:10170000F7F7C6FF254A1D9B10604FF44872B5F9E4
:101710005810CAF800705A431C9B92FBF6F292FBD9
:10172000F3F2ABEB020212B202EAE272ABEB01019E
:10173000A5F8582002EB010B5846FFF769FE184B3D
:101740001B78ABB3174B09F5E17203EB82032DE075
:101750005432002054140020EC0700209C2A002062
:10176000F0320020E90700204823002000401C45FB
:101770002432002040230020502300208A5B0020D8
:10178000E4340020202700200024F44A18250020FB
:101790001C270020A80700202A2300204C2300201B
:1017A00023390020283900205C2E0020A24A1A602C
:1017B000A24BA3491B882393D1F80C3CD1F8082CE9
:1017C000CDF87090CDE94823CDE942B400232093B1
:1017D000A3F596532193239B012B40F3CA82239AAE
:1017E000209BA3EB520364225343239AD007954ACC
:1017F000126858BF32335343239A93FBF2F3002B02
:1018000007DA1E985942CA1781421F998A4180F00F
:10181000B0821E9A13EB020B1F9A42EBE3798A4BBC
:101820001B68023B25931C9B002B40F3A582874B32
:10183000D3E98E02D3E990139A4208BF88424FF051
:101840000003229301F0748100220023CDE9482394
:101850007F4A002313607F4A13607F4A13607B4AEC
:1018600092F8983113F0FD0F40F0DF82259901299D
:1018700040F2DB82557A002D40F0A282D2E9942317
:10188000CDE94823714991F89831002B00F0AE82E0
:1018900091F899319D0716D5704BD3E900235A452D
:1018A00073EB090380F0FD846D4A6E4BD2E90002B0
:1018B0001B1842F100025B4572EB0902C0F0F18493
:1018C000032381F89931614B93F89D31062B40F049
:1018D000AC82DDE9482312EB0B0149EB03033291A3
:1018E0003393DDE93234CDE948349EE240F6B83234
:1018F000934204D8C7F8F485C7F8E8252CE6984247
:1019000009D2B7F8CA21C7F8F035181AB0FBF2F0BF
:10191000C7F8F40520E6C7F8F4651DE6FCF748FBB8
:1019200097F89D21012A40F0AB80454B97ED826AE4
:10193000DFED4D6A9FED4D7A4FF64C71A3F85810CC
:101940004B4B80241C600620002107EE904AF8EEE5
:10195000E77AC6EEA75AC5EE867A77EEC77AFDEE2D
:10196000E77A17EE906A132ECDED1C7A4FEA6406E3
:1019700057DD01B11C60B7F8D631632B40F25B1024
:101980004FF0640153D8063B434393FBF1F1394DCB
:10199000DFF8E8E04FEAA40A920005EB840C284641
:1019A000002740F25B19A6EB0408DEF8003001378F
:1019B0004B43BA4593FBF9F303604CF82830C3F16D
:1019C000000340F8263096444CF8043900F1040036
:1019D000EBDA9FED299A0026F7EE008AB3EE048A2F
:1019E000D5ED007AF8EEE77A013687EE890A30EE17
:1019F000280AEEF785FC20EE080AEEF7B1FCBDEEF2
:101A0000C00A6FF03E0310EE102A9A42B8BF1A4681
:101A10000C2A1346A8BF0C23A64245F8043BDFDB83
:101A2000B3E50138A5D05200344629468DE743433B
:101A3000B3FBF1F1ABE700BF0000B4C2E007002048
:101A4000EC070020E032002044320020F032002079
:101A5000503200204C32002048320020705B0020C1
:101A6000805B0020008793030024F44A0000344385
:101A7000A8070020182500200080AD43E892020846
:101A8000052A7FF480ADBE4CBE4A97ED827A9FED69
:101A9000BE6ADFEDBE6A4FF64C73A4F8583080235F
:101AA0001360072000214FF0010807EE903AF8EE8E
:101AB000E77AC6EE275AC5EE877A77EEE67AFDEE2C
:101AC000E77A17EE906AB6F5617FCDED1C7A79DB87
:101AD00001B11360032BB7F8D811AD487CDD94F841
:101AE0004D2C002A76D0DFEDAB7AB4EEE77AF1EE3A
:101AF00010FA6ED5DFEDA86AC6EE877AB6EE007AE8
:101B000077EE877AFDEEE77A17EE902A002A61D009
:101B10000724B1FBF4F49D101D954FEA880520952C
:101B20009B4DDFF878C221934FEA630A00EB8300F4
:101B30002E4600274FF06409C3EB630EDCF800303B
:101B4000634393FBF9F3336040F82E305B4246F871
:101B50002A3056F8043B5B4240F80439209B9C44F1
:101B60001D9B01379F42E9DD219B002A3FF40DAD0B
:101B700002FB08F80027894A3E464FF0640E744283
:101B800004F07F0406F07F0058BF60424028C6BFC3
:101B9000C0F180004FF0FF3C4FF0010C2028C8BF7F
:101BA000C0F140002C6852F82000013748430CFB7C
:101BB00000F0BB4290FBFEF0204445F8040B464485
:101BC000DDD1E2E4013883D04FEA48085B102946B2
:101BD0006BE700220C469EE70223136040F25B1382
:101BE00059436423B1FBF3F1016049424160CCE405
:101BF0001C95E2E400231C93E8E443B9EB7A33B18B
:101C0000BBF1000F17D10321002012F0E9F8D5E94C
:101C10008C32134307D1D5ED887AF5EE407AF1EE98
:101C200010FA3FF4E6AC95F898314BB9DDE91E01A6
:101C3000FAF706FBE5E4BBF1010FE8D10221E3E787
:101C4000022B2BD195ED887AB5EEC07AF1EE10FA21
:101C5000B6EE000A1EDD37EE007AB5F8CA3106EEA0
:101C600090BA07EE903AF8EEE66AF8EEE77ADDE928
:101C70001E0186EEA76AD5ED877A46EE077A77EEE3
:101C8000A77AFDEEE77AF8EEE77A27EE800AFBF70F
:101C90000FFBB6E448BF37EE407ADEE7032B7FF454
:101CA000B0AC3F4B1C685CB13E4B1868B0FA80F09A
:101CB000400912F0EDFD3C4B186812F0A1F8A0E4C9
:101CC000FAF746F995ED878ADFED387A38EE408AE3
:101CD000B4EEE78AF1EE10FA32D8DFED357A012062
:101CE00038EE278A85F8B401214612F0F1FD314B18
:101CF0001968FAF72DF9304B1A680B46F3EC017AA4
:101D000037EEC07AB4EEC87AF1EE10FA01D5A242ED
:101D10001BDC1B4B95F8B41193ED1A7A95F89821BA
:101D200077EE877A99B1032A14D093ED1C7AF3EEFB
:101D3000096A37EE267A77EEC77AC5ED877A60E4CE
:101D4000012185F8B4410846CFE70134D6E79FED7D
:101D50001B7AF0E79FED167AEDE7002480E43F233D
:101D6000ABE4002C3FF4ACAC34F9220012F0B0F933
:101D7000A6E4DDE91EB952E50023229364E500BF25
:101D8000EC070020A80700200024F44A0000344398
:101D90001825002000007F4300007A44E8920208E2
:101DA0003C2300203823002034230020000020C2E0
:101DB00000002042C8070020C407002000000000E7
:101DC000B64A1288002A6ED1B54A118840F24B42B9
:101DD000914268D8002B66D1B24A5A4573EB090389
:101DE00061D2B14BD3E90023CDE948235C9AAF4BD4
:101DF000002A6FD0B3F9D431591C18BFAC4ADDE9C1
:101E0000480114BF52F82330002310EB0B0249EBBA
:101E10000101D21A2A9261F100022B92DDE92A1205
:101E2000CDE948129B464FF00009259B9F4A012BA4
:101E300092F8980140F2458292F8B33120F0020105
:101E40000B4359B2002B40F03C8292F89931DC07E9
:101E500040F13782DDE94823934579EB0303DDE95F
:101E6000482380F02482B2EB0B0A63EB09031D9335
:101E70002491002800F04782022800F044820128C3
:101E800000F02882259B012B40F22482032840F099
:101E9000FF8400220023CDE948235A464B46FBF736
:101EA0009FFC00F0D8BC834AD2F80C1CD2F8083C46
:101EB000814A9B18289361F100032993DDE92834B6
:101EC000CDE94834DDE94801784BC3E99401FBF7DB
:101ED0008FFDD7E493F8AF21920710D5754A92F998
:101EE000402C002A00F0D480744AD2E900128B45BD
:101EF00079EB0202C0F0CC80032283F8AF216B4B58
:101F000093F899319B0734D56D4BD3E900235A459B
:101F100073EB090309D26B4BD3E900235A4573EBEA
:101F2000090302D3684B1B68FBB1684B1B78002B7D
:101F300040F0B180594B1B88002B00F0AC80DDE9EC
:101F400048674FEA9B0343EA897303F5742306F558
:101F500074225F4903F5107302F51072B3FBF1F3BD
:101F6000B2FBF1F2934240F09680504B032283F88B
:101F700099214E4C94F8AF31DF0740F1E88094F896
:101F80009931022B40F0B880524B1B68002B54D083
:101F9000DDE948239118504A5B41891863F1000339
:101FA000594573EB09030CD2DDE948014B4BC318CB
:101FB00041F10001DB1849419B4579EB0101C0F07B
:101FC0009B80DDE9480103180C4641EB04041B1813
:101FD00044EB01049B1864F100045B4574EB0904B5
:101FE00010D2DDE948010C46031841EB04041B182C
:101FF00044EB01043A495B1844F100049B4579EB3A
:10200000040479D3DDE948018B0043EA9073800032
:10201000801863F10003584573EB09030DD2DDE925
:102020004801304BC31841F10002920042EA93721A
:102030009B009B4579EB02025ED3224BD3E9002340
:102040005A4573EB090314D3274B5B454FF000034C
:1020500073EB09030DD21A4BD3E90023934579EBB7
:10206000030349D2214BD3E900235A4573EB0903FB
:1020700042D21F4B1B7813B11E4B1B781BB9229BFE
:10208000002B3FF4D2AE094B032283F89921CCE612
:10209000064B022231E7054B022268E7222000208E
:1020A000E8320020B82B4E00B0070020F0320020AC
:1020B0001C960208EC070020E05EF8FFC832002002
:1020C000705B0020805B0020C032002021320020A5
:1020D00080841E00545B0020803C36FEC0E1E4009A
:1020E00080C3C901E0707200FF83D717685B0020CE
:1020F00023390020223900209B4B1B7813B19B4BC6
:102100001B7813B9229B002B5DD0994B99491A88F3
:10211000994B40F6B730824288BF0B46DDE9480153
:10212000C31841F10001B2F57A7F944A98BF0022AA
:102130009B1A2C9361F100032D93DDE92C34904A16
:10214000CDE94834012313608E4A13606DE658468A
:102150004946FBF745FE002865D0834B01281B78D4
:102160000BD1002B3FF461AE1C9B03F5E172864B53
:1021700003EB8203854A1A6057E6022848D15BB117
:102180007A4B1B78002B46D01C9B03F5E1727E4BEB
:1021900003EB82037E4A1A607E4991F89931022B43
:1021A00016D1DDE948677C48730843EAC7731B18FA
:1021B0004FEA570262F100029B4579EB020207D217
:1021C000032381F89931DDE94823CDE948232CE642
:1021D000002D3FF42AAE664B1A88B2F5FA6F15D976
:1021E000654B644940F6B730824288BF0B46DDE953
:1021F0004801C3182E9341F100032F93DDE92E34DB
:10220000CDE948345E4B01221A600EE6634BEEE7DF
:10221000002B3FF40AAE1C9B03F5E1725A4B03EB13
:1022200082035F4AA7E75F4B5B4570EB09001ED353
:102230004F4B1A8840F6B7339A4215D8B2F57A7FD9
:102240004D4B4E4A98BF0022DDE948011B1841F171
:1022500000019B1A309361F100033193DDE93034C2
:10226000CDE94834474BCEE7424B444AECE74E4B6E
:1022700093F84B3C002B3FF4D8AD94F899319E076E
:102280007FF5D3AD3C4B0093484A08235846494656
:10229000FBF77EFB18B1032384F89931C5E50223CF
:1022A000FAE73C4B022283F89921FFF70CBBBBEB0A
:1022B000020A69EB03033E4A1D9301231360249332
:1022C000D7E5DDE9482310B102287FF4D8AD259980
:1022D000012911D8374B2F4C1868022840F044844C
:1022E0004B465A46FBF77CFAE379002B00F04D840D
:1022F0005A464B4600F046BC12EB0B0A49EB03036F
:102300001D9300232493284CD4F8102CD4F8143CAB
:1023100052EA03010DD0DDE94801121A63EB010313
:102320000420FBF75DFAD4F8102CD4F8143CCDE966
:1023300048232149174A0968D2F80036002900F0DD
:10234000FC80002B40F0CE8092F89821022A37D1F1
:102350001A4B1B681BB94FF47A7011F031FB002047
:1023600011F0EEFB0320BAE02339002022390020CF
:10237000E832002060E3160040420F00400D0300E9
:1023800050320020483200202839002000008CC242
:10239000000070C2F0320020806967FF20A10700B2
:1023A0000000B4C27F841E00EC0700207093020876
:1023B0004C32002044320020688100201C32002072
:1023C000A149594573EB090352D2012A01D9042AC4
:1023D0004ED19E4B1B681BB94FF47A6011F0F0FA96
:1023E000012011F005FB9A4B1C88C8235C4314EBB9
:1023F0000B064FF0000545EB090791A3D3E9002335
:1024000030463946EFF73CF8B21A67EB0303A418DD
:1024100045EB03055C4575EB090527D3B242BB418B
:1024200024D2012011F08CFB8A4B1C684CB18A4BE2
:102430001D9993F8BB2150460023EFF721F88246FF
:102440001D91854B93F8982112F0FD0F40F06481A7
:1024500093F8B811814B1960490740F15381002C62
:1024600000F048817D4B03221A604BE10020D9E740
:102470000320FDF77DFA7A4B83424FF000038B4136
:10248000C0F09380724B1D8840F6B8339D4200F235
:102490008C804FF47A746C4314EB0B0449F1000602
:1024A0002046704A00233146EEF7EAFF6421A21A63
:1024B00005FB01F166EB030300208D1840EB0304DC
:1024C0005D4574EB0904FFF44DAF11EB0B0140EBDC
:1024D00009008A4273EB0000BFF444AF022011F000
:1024E00087FAA1E75A4B5F4A1B882793C8245C43AD
:1024F00014EB0B064FF0000545EB090700233046AF
:102500003946EEF7BDFFB21A67EB0303A41845EB9B
:1025100003055C4575EB09050DD3B242BB410AD2F8
:10252000279BB3F5967F06D2012011F009FB4A4B99
:10253000D3F80006D3E70020F7E7002B40F0D38064
:1025400092F89821022A14D1474A404B12681B681E
:102550003AB11BB94FF47A7011F032FA4FF0FF30F4
:10256000BDE7002B7FF4FEAE4FF47A7011F028FA2D
:10257000F8E63E49594573EB090118D33A4B1B68FD
:102580003BB14FF0FF3011F033FAC82011F018FAC8
:102590004AE72D49594573EB090311D32B4B1B68AF
:1025A0001BB94FF47A6011F00BFA012097E730491C
:1025B000594573EB090303D22B4B1B68002BEDD05D
:1025C000012A01D9042AE9D1204B1B682BB9264BDB
:1025D0001B686BB3642011F0F3F91D4B1E88C824EF
:1025E000744314EB0B034FF0000545EB09072793E9
:1025F000279813A3D3E900233946EEF741FFDFF80C
:1026000074C0A0FB0C23A4180CFB013145EB0105A1
:102610005C4575EB09052FD3279B9A42B9412BD214
:1026200000F0010010B1104B1B6823B1042056E7E5
:102630004FF47A60CFE76FF0020050E7AFF300800D
:1026400080C3C9010000000000127A001C32002083
:10265000E8320020C0320020F0320020CC070020F9
:102660007FF0FA0280969800545B00203F787D014D
:10267000FFC99A3B80C3C9010320FDF779F9584B84
:1026800083424FF000038B4103D2564B1B68002B53
:102690008BD040F6B8339E4287D84FF47A74744397
:1026A00014EB0B064FF0000545EB09074E4A0023DB
:1026B00030463946EEF7E4FEB21A67EB0303A4187E
:1026C00045EB03055C4575EB0905FFF44BAEB242E3
:1026D000BB41BFF447AE434B1B68002B7FF465AF93
:1026E0006FF00300FBE64FF47A7293FBF2F002FB0B
:1026F0001030F4E6022A4CD13C4A1288002A00F03D
:1027000086841C603A4B1B68012B01D0042B03D13B
:10271000384B186811F0ACF9354B1868032845D1CF
:102720001D9B5246FBF75CF8334B1A8840F6B733D3
:102730009A4209D9314BD3E98C01314B83424FF096
:1027400000038B41C0F087802E491D98D1E90631E6
:102750009A4588415ED22499A3EB0A03002963D0ED
:102760005B422949096819B1244890F8BB014343E9
:102770006FF0040042439A4201DC00296BD0DDE98E
:1027800048011A1841EBE37336923793DDE936348A
:102790005FE01E4B5B4574EB090404D2134B1B88AE
:1027A000002B00F03A84134B01225DE6154A1849CC
:1027B000D2E90632591862F100008A451D9971EB81
:1027C000000008D34CF250315B1842F1000253452F
:1027D0001D9B9A41A8D21D9B52460320A2E700BF31
:1027E0007FF0FA02545B002080969800222000209F
:1027F00044320020CC070020E8320020F0320020D4
:102800009F86010060320020C0320020FF8B864787
:10281000B03CFFFF1D98534581411CD22499A3EB86
:102820000A0300299DD05B42A849096819B1A8484C
:1028300090F8BB01434302EB82029A4200DB51B1A4
:10284000DDE948011A1841EBE37334923593DDE971
:102850003434CDE948349E4B9E4A93F8983112782F
:10286000134315D19C4A934579F1000180F097817B
:102870009A4A5B46934200F28D81994A934200F254
:10288000A281984803681BB9FBF76AFB0123036028
:10289000DDE948231A4304D0DDE948230220FAF792
:1028A0009FFF8B4B93F89821012A01D9042A0ED15E
:1028B000D3E98C231A4304D11C9B43B98A4B1B7860
:1028C0002BB158464946FAF763FB884B1880884B72
:1028D0001B68002B00F0F1807C4B1B683893002BA9
:1028E000844B1A6927925A693B92834A2798126847
:1028F00024920CBF0121032116183B9A249842EB25
:10290000E07A734A92F8982112F0FD0F40F0688146
:10291000D3E90623A2FB0145964201FB03557AEB5E
:10292000030380F05981A71B65EB0A03A4191D93CB
:1029300045EB0A05BDF87000FCF76AFAEEF708FDF2
:10294000634B08EE100AD3E98C0150EA010340F012
:102950004D811D993846EEF7FBFC294608EE900A9A
:102960002046EEF7F5FC07EE900A78EE688A37EE1F
:10297000C88A624B1868002800F05181A4462B4693
:102980005F4A4FEA8C019B00128843EA9C73B14274
:102990004FF0640E73EB0A030EFB02F280F04281EB
:1029A000279B249E33445B1A9342B4BF4FF0210A05
:1029B0004FF0200A534B1B68002B40F03881524BDC
:1029C0001B68002B0CBF20233E233A934F4BD3F8B8
:1029D00084321B681B78042B6BD100280CBF20238A
:1029E0006D233E93389B434A002B0CBF2023682362
:1029F0003F93474B18EE900A93ED069B92ED06AB82
:102A000093ED04BBEEF718F9CDE9380118EE100A82
:102A1000EEF712F93F4B354A1B78B2F90020459288
:102A2000002B3D4B1B780CBF20264126002B0CBFF2
:102A3000202353234093394B1B78CDE93C0138497F
:102A4000002B098844910CBF20234F23419310F0A1
:102A5000BFFF344B44991B78459A1891CDE919036F
:102A6000419B1693409B17929DED3C7BCDE91463EF
:102A70001D9B0D93249B0A938DED127B279B08933E
:102A80009DED387B3B9B09933F9B0C978DED107B15
:102A9000CDE90E458DED06BB8DED04AB8DED029BB2
:102AA00001933E9B00931C993A9B1F485246F7F7AF
:102AB0004FF84FF47A70F6F7FBFE209B1C9A1343F5
:102AC00036D1F6F7E5FD194B186031E0C032002031
:102AD000F032002024320020005A620200093D003A
:102AE0007F841E0040230020E9070020502300209F
:102AF000B032002060320020583200204C320020DA
:102B0000E83200204832002050320020781A00209D
:102B100088320020CC8100208D8100208C81002013
:102B20002A150020A8810020A37802084C23002049
:102B300098F89831023BDBB2012B7AD8269BDDF85E
:102B40007090DDE942B413B18F4B1B784BB9B9F1EA
:102B5000010F06D18D4B93F89D311BB1062B7EF4EE
:102B600084AD002321934CE2894B1B68002B3FF47A
:102B7000BFAB94F8BB21002358464946EEF780FCD2
:102B800002460B460320FAF72BFE00220023CDE974
:102B9000482360E6A3F57413A3F510636AE699452C
:102BA00008BF93450FD07B4A5B46934204D87A4ACC
:102BB000934203D8794A61E69B1AF6E7A3F137738B
:102BC000A3F5D843F4E776480368002B3FF460AEE2
:102BD000FBF79EF900235AE6371B6AEB0503A5E6CF
:102BE000344655463746CDF874A0A3E6EEF7B0FB61
:102BF0001D9909EE100A3846EEF7AAFB07EE900A77
:102C000077EEC87A20462946C7EE898AEEF7A0FB00
:102C100007EE900A77EEC87A87EE898AA9E61D9BAF
:102C2000BC46ADE6249B279E9B1B0B44BCE62F2392
:102C3000CBE61C9B83B9D8E98C3213430CD198F8AE
:102C4000AF3198F89E2103F00103134335D04F4C68
:102C500094F89E31002B59D1524B1868002800F08F
:102C60006981514B1B7823B9504B1B78002B00F026
:102C700061814F4A4F4B5A454FF0000272EB0902F7
:102C80001B78C0F0AB804C4A1288032A40F0A68023
:102C9000002B40F0A6804000484A494B11681B6851
:102CA000002900F01081022B40F39B80B0F5FA7FE1
:102CB00080F2048100EB400093E03A4B1B68002B4C
:102CC000CAD1B8F8C631012BC6D1D8F8E8253D4B9A
:102CD0009A42C1D8D8F80436012BBDD13A4B1B78A3
:102CE0001BB144F62060FEF77BFB284C94F898015A
:102CF00000F0FD00471E784278414FF0FF3111F09F
:102D00006FFAD4E98C321343A1D0A5E72F4BD4ED51
:102D1000866AB3F900309FED2E7A94F8A02194F8DA
:102D2000980107EE903A2B4BB3F90030F8EEE77AB2
:102D300056EE877A00F0FD00151F07EE103AB8EE48
:102D4000C77A6A4277EEC77A00F1FF36FDEEE77A7E
:102D50006A4117EE903AC3F307138DF81F317042A2
:102D600094F89F319DF81F11704111F0B9F994F852
:102D70009E31022B02D10320F9F7A2FFF6F788FC5F
:102D8000154B186068E700BF16710020F032002074
:102D9000C0320020001C4E0E006CDC02FF2C310102
:102DA0004023002030150020CC8100208D810020A0
:102DB0007F841E0022320020E8320020545B002075
:102DC000C88100209F860100E907002052230020CF
:102DD00000000042502300204C230020002B3FF431
:102DE0005BAFFEF7FDFA9E4A002313709D4A1370F5
:102DF0009D4A13709D4AD2E90432134300F0B98012
:102E0000269811F075FA9A4B1B681BB3994B1B68F7
:102E1000022B1FD0984B1E9ADFED986A93421F9A9F
:102E200007EE900A4FF000039341F8EEE77AC0F006
:102E30009A80934B1B8842F23412934240F089806F
:102E4000904B93ED227A47EE667AFDEEE77A17EE25
:102E5000903A18B28C4A92F89A11032983B240F042
:102E60008A80A3F5706392F8981101291BB200F2D1
:102E7000B68092F8AF21D40740F1B180834A12782E
:102E8000002A40F0AC8007EE903A9FED817A814AAB
:102E900022991278F8EEE77A67EE877A00297DD1D9
:102EA000002A76D01C997C4A209801F2465102EB08
:102EB0008102002866D1C2ED007A6AE0B0F57A7F1F
:102EC0008FDA40008DE7B0F5967F10DA012B40F0E5
:102ED000B080724B724C1BEB030369F100029C4201
:102EE00071EB0202FFF47DAF4FF4967079E7042B8B
:102EF00040F3A280B0F5FA7F02DA0623584370E768
:102F0000B0F57A7FDDDA80006BE7032B0AD1B0F5EC
:102F1000FA7FFFF6CFAEB0F57A7FBFF662AF00EB77
:102F2000A0005EE70233BFF65CAFB0F57A7FBFF674
:102F300058AF91E05B4B186800283FF45BAF4A4CF8
:102F40002378002B3FF456AFFEF74AFA0023237094
:102F500050E741F2707293420ABF4A4B9FED527A9A
:102F600093ED217A6FE7474B93ED207A47EE267A6F
:102F70006BE700206EE74D494D4809880088014401
:102F80000B4470E792ED007AB4EEE77AF1EE10FAB6
:102F900091D4484A13800123FEF7EFBE8AB11C99F1
:102FA0003D4A209801F5E17102EB810210B9C2EDB2
:102FB000007A06E092ED007AB4EEE77AF1EE10FACC
:102FC000F5D43C4AB2F900102F4A92F899018007D3
:102FD00044BF022082F899018B42A8BF0B46219A78
:102FE0009A42B8BF1A46209B219201332093269B18
:102FF00013B1314B1B7823B9239B209A93423EF7A0
:10300000EAAB21984BB0BDEC088BBDE8F08F2B4BA1
:103010005B4574EB0904BFF4C6AB294B5B454FF02D
:10302000000373EB0903FFF41DAA264B0222FFF7EE
:103030001BBA042B3FF761AF042B7FF466AFB0F5EA
:10304000FA7FFFF660AFB0F57A7FFFF63AAF42F253
:103050000F7398423FF7C5AE00EB6000C1E600BFBA
:10306000CC8100208D8100208C81002060320020E6
:1030700048320020443200203F4B4C000000004208
:10308000E8320020EC070020F03200202339002035
:103090000000003D2139002028390020FF1E0AFAD7
:1030A0007ED1F0082C1500200000000052230020E3
:1030B000502300200C07002016710020FF8B86474C
:1030C000FF742B7DCC0700200000000000000000F2
:1030D0002DE9F04F244B254A1B88254F254CDFF85E
:1030E000B0A0254E2DED028B002B244B97F9409C70
:1030F0009FED238ADFED238A18BF98464FF0000525
:10310000214B83B04FF0010B28460CBF90461C4664
:1031100087F840BCF8F744FA00218AF800B022464C
:1031200000912B460846FEF78BF907EE900AF8EE61
:10313000E77A67EEA87AF4EEC87AF1EE10FA04DDC9
:10314000124BC3E90045B0EE678AA41945F10005AA
:10315000444575F10003DFD387F8409C03B0BDEC14
:10316000028BBDE8F08F00BF2220002080BA953E80
:10317000EC07002080AC6E3780C3C90100AB9041E2
:10318000000016C30000003D00F7CB3C980700206C
:1031900054140020000000000000000000000000A7
:1031A0002DE9F347224B234E234D244F96F940AC93
:1031B00095F8FD95DFF894800124032220461A60DB
:1031C00086F8404C85F8FD453C60F8F7E9F91C4B62
:1031D00088F800401B88F3B111A3D3E90023002431
:1031E000009421462046FEF72BF907EE900A9FED4A
:1031F000157A154B3C60F8EEE77A86F840AC67EE3E
:10320000877A85F8FD95C3ED007A012388F80030B0
:1032100002B0BDE8F08704A3D3E90023DFE700BFD5
:10322000C0CA893600000000C0BC622F0000000048
:1032300030230020EC070020F03200203C23002047
:10324000222000200000003D0C2200205414002009
:103250002DE9F84FC44AC54CDFF84CA3C44DDFF844
:103260004C93DFF84CB32DED028B0023012684F83C
:10327000793284F8893284F8B33184F8B431136038
:103280006673DAF80C1C8AF8406C0746DAF8080C0A
:1032900084F8FD356371A4F8CC31A4F8AE31142361
:1032A00003FB0753C4E99401A7A1D1E9000193F8F6
:1032B00001806672C9E900018BF80060B8F10D0F5A
:1032C00000F23381DFE808F02E078E7535AEC7C7F0
:1032D000AEC2AE2EA9BE0120FDF7EAF94FF0FF30D5
:1032E000F8F75EF901236373B4F8CA01A149142306
:1032F000002203FB0753904216DC00238BF80030BA
:10330000A8F104030126092B00F20F81DFE813F076
:1033100001010D010D010601AB00E900FE00FE00F8
:10332000FB00FB000020D7E7DE6841F8046B0132A8
:10333000E1E70020FDF7BCF90020F8F731F914208F
:10334000B4F8CA618B4900FB07500123637326FA66
:1033500003FEB0F902306FF0630273434FF0000CCC
:1033600093FBF2F303EB5602624548DCAEEB03013C
:10337000814B01F5E1704FF0140C03EB80008E4699
:103380000CFB075C764541DC7C48D0F800C002F5B8
:10339000E17003EB8003142000FB07508A42AFDA90
:1033A000B8F10C0F14BFC668664643F8046B0132CF
:1033B000F4E70020FDF77CF9002084F8B361607227
:1033C000DAF80C3CDAF8082CC4E99423F8F7E8F8AA
:1033D0004FF48173A4F87832A4F88832052384F876
:1033E000AE31ACE70020FDF763F90220F8F7D8F81A
:1033F000012384F8A331022384F8AF319FE7D0F88A
:1034000010A041F804AB0CF1010CADE7DCF810A002
:1034100040F804AB0EF1010EB4E7594B16601E6084
:10342000FFF7BEFE0020FDF743F949A1D1E90001F5
:10343000544BC3E900010020F8F7B2F8524A0123C7
:103440001370D9E74E4B16601E60EBE74C4B1660CD
:1034500004221A60E6E70120FDF72AF90020F8F7B8
:103460009FF80123C8E700220023C9E9002314269E
:103470007E4394F8BE319FED458A05EB060999ED30
:10348000030AF2EE047A43F0020330EE270A84F8CE
:10349000BE3101236373FCF71BFEAB5DD9ED017AEE
:1034A0000B2B45D13A4BD3E900230A21A4F8C611CE
:1034B0000220FCF7CDFB142303FB0755D5ED027A60
:1034C00067EE887A17EE900AEDF7F2FF02460B4698
:1034D0000320FCF7BDFBBDEC028BBDE8F84F08F004
:1034E00067BE2C4B1B8853B11BA3D3E90023C9E94A
:1034F0000023294B01221A70FFF7EAFDB7E718A352
:10350000D3E90023F3E70120F8F74AF884F8FD65D2
:10351000ADE79FED220AF8F783FFA8E79FED200AA9
:10352000F8F77EFF84F8B461A1E79FED1D0AF2E78A
:10353000B8F10D0F3ED1174B1B88002B52D0194A02
:103540000023B5E7AFF3008000943577000000005A
:103550000003164E0200000000E9A4350000000040
:103560000008AF2F000000003C230020F0320020B4
:103570006890020830400020283900200C220020EA
:1035800030230020D8070020541400200024744960
:103590002023002022200020BC3200200000004216
:1035A000000000004015E73BEC070020C832002077
:1035B00024320020B8F1090F03D10C4BD3E90023CA
:1035C00076E7B8F10C0F08D067EE887A17EE900A0C
:1035D000EDF76EFF02460B466AE7054B1B881BB1F1
:1035E000044AADE7044AABE7044AA9E7980700207C
:1035F00022200020C0CA8936C043F632C0BC622FE8
:103600002DE9F04F2DED068B4FF0904389B001224C
:1036100006905A83964B974C00221A60964B1B7863
:10362000002B00F0C78094F8C231E3B194F8C35185
:10363000CDB9B4F8CA3100930022002310461946D0
:10364000FBF7AEFBFAF7E4FA2846FBF711FB8B4BCE
:10365000188094F89E3133B1302380B203FB0040D0
:10366000836BC4F81832864B002503201D70FCF7CD
:103670007FF9844B834275EB010101D2824B1D70AF
:1036800094F89831012B40F2A680042B00F0A3801F
:10369000D4E98C32134340F09E80D4ED887AF5EE65
:1036A000407AF1EE10FA40F096804FF0000B04F0F3
:1036B000BFF8DFF8C091CDF80CB00023049399F85F
:1036C000C231002B00F0938099F8C331002B00F039
:1036D0008E806A4D29883024013189B2092928BF9A
:1036E000002104FB019393F82120002AF4D001FB70
:1036F0000440D3E90A2309EB000759F80060786811
:103700002980B24273EB00001CD2604E30688142C7
:1037100018D000203160FCF79BFA2B8803FB044390
:103720004B44D3E900230120FCF792FA99F89E312B
:103730002BB12B8804FB03939B6BC9F81832002331
:1037400089F8053099F8A101002855D00120FDF72E
:103750001FFEFDF715FE0023C9F8EC35D9F8F83542
:10376000002B4CD14A4B4B49D3F8182CD3F81C3CB6
:10377000022B08BF8A4217D1474B484C1A8899F848
:103780009851474BB9F8CA01002A18BF1C46002DB2
:1037900053D1013880B2FBF73BFB844275EB01014A
:1037A000404B43D3C3E90045DFF80081DFF800B1A7
:1037B000002561E294F89831012B02D9042B7FF4A3
:1037C0005FAFD4E98C3213433FF45AAF2C4A1378DD
:1037D0000133137054E707F08BFD00287FF465AFC9
:1037E00009F076F9B0FA80FB4FEA5B1B5FE7274BE5
:1037F0004FF0FF321A60A5E7FDF7CAFDABE7F5F71A
:1038000047FFD9F8F8350233B0FBF3F203FB12009F
:103810000028F4D0F5F73CFFD9F8F8350233B0FBB7
:10382000F3F203FB12000028F4D19BE71E4AA41810
:1038300062EB0202C3E90042B6E7022DB4D199F867
:103840000926184B2AB106A1D1E90001C3E90001FC
:10385000AAE705A1D1E90001F8E700BFAFF30080B6
:10386000806E5A430000000000E40B540200000088
:1038700020270020F032002054140020D0320020F5
:1038800028230020DF93040044230020A007002009
:10389000EC07002000E40B54222000200008AF2F8A
:1038A00000E9A435C8320020001F0AFA5423002082
:1038B000404E0020069E0023864AACB2204613707C
:1038C000FBF7A6FA99F8C2310746A3B199F8C331BC
:1038D0008BB92046FBF7CCF97F4B1A8882420AD07D
:1038E000188099F89E3133B1302384B203FB0494DD
:1038F000A36BC9F8183299F9B33100933A460B46D5
:1039000030462946FDF79CFD47F23053984218D0C7
:1039100007EE900AF8EEE78ADFED707A68EEA78A84
:1039200096B16F4B1B787BB16E4BDDF80CB01B78FA
:10393000002B40F09280002009B0BDEC068BBDE862
:10394000F08FDFED698AEBE799F89831023BDBB243
:10395000012B0ED899F80A305BB9D9ED887AF5EECB
:10396000407AF1EE10FADFD10320FCF701F80843AA
:10397000DAD1D9F8EC358BB9D9F8F40570B199F8EA
:103980009831012B04D9042B02D099F89D312BB921
:1039900047F22F5398427AD8FDF722FDF5F778FECB
:1039A000D9F8F075514A524B97421B6802D8C01A99
:1039B000642747434B4B1B78002B43D0039B002BC2
:1039C00040D04A4B9F423DD915F0070A3AD10F200B
:1039D00040F2C314B9F8CA316C43B4FBF3F40EF0EF
:1039E000FFFB0123224640F237111E200EF098FA09
:1039F00050460EF0F5FB0123C4F5E17240F2371199
:103A000004F11E000EF08CFA3A4B9F420AD93A4854
:103A100004F0BEF8394A1388012043F09103138063
:103A200005F0BEFB99F89831023BDBB2012B09D8B7
:103A3000D9ED887AF5EE407AF1EE10FA43D02846B7
:103A400009F046FF2E4B1B78002B5ED0214A1278DE
:103A5000002A57D1CBED008A2EE7BBF1000F3FF4CF
:103A60006AAFD9F8F025214B9A427FF664AF002067
:103A70000EF0B6FB01234FF4E17240F237111E2025
:103A80000EF04EFA4FF0FF3009F022FF53E742F2FA
:103A9000107A4FF47A77B0FBF7F4642C2046A8BF75
:103AA00064200AFB00F000F2E730B0FBF7F0F5F716
:103AB000FFFE26B10A4B1B78002B7FF435AF643C28
:103AC000002CEADC6AE70320FBF752FF0843B6D17B
:103AD000B8E700BF22390020D03200200000003DAE
:103AE00016710020E807002000002EC340420F009E
:103AF0004C23002080969800283900208A5B002003
:103B000023390020494A0023137099F89831023B69
:103B1000DBB2012B0CD8464C23784BB145494648C3
:103B20004FF4FA6209F03CFA0023237009F008FF11
:103B300099F89831012B02D9042B40F0988099F81C
:103B4000C431FF2B55D1D9ED867AF4EEE87AF1EE47
:103B500010FA08D899F8A1311BB14FF47A60FDF73B
:103B6000EFFB01230493354E3548AB0006F2ED110F
:103B70000593ABF5A8540B46183C29464FF0000AB4
:103B8000A6F10B071D4616F8013F002B65D10378FF
:103B900013B1BAF1000F60D13379A3B39BED008A62
:103BA00038EEC88A96F89E317BB14FF4E172013B42
:103BB00002FB0313234A02EB8303D3ED007A38EEB2
:103BC000678AD7ED8A7A38EE278A1F4A96F89A31A3
:103BD0001278B7F8CAC1CAB92BB3013B062B3CD83F
:103BE000DFE813F01A003400490162016D0176012B
:103BF000E6014FF4E17202FB0353124A02EB830326
:103C0000D3ED007AA1E7B0EE688ACBE7032B0AD1A7
:103C1000002388F8003006E0D4ED007AF4EEC87A8C
:103C2000F1EE10FA19DD84ED008A16E02239002049
:103C30002B2300201A7902082F790208FB3200207A
:103C40002139002028390020E9070020D4ED007A2E
:103C5000F4EEC87AF1EE10FAE5D40AF1010ABAF1ED
:103C6000040F05F1040504F5E1648CD10D4601351E
:103C700008F101080BF1040BB9F8CA31AB423FF768
:103C800019AE99F89831023BDBB2012B07D899F8AD
:103C90009D3123B1AD4B1B78002B3FF45FAD99F8FC
:103CA0009E3163B1D9E98C210A4308D0049A002AD5
:103CB0003FF405AD022B02D10320F9F701F8A44B24
:103CC0001B78B3B1039BA3B1D9F8F025A14B9A425D
:103CD0000FD900200EF084FA1E2001234FF4E17268
:103CE00040F237110EF01CF9B9F8CA01013809F099
:103CF000EFFDD9F8EC3543B9F5F7CAFC964B1B68D4
:103D0000C01A64235843C9F8EC05D9F8F015D9F85E
:103D1000EC35CA1A002AB8BF5242B1EBC20F04D226
:103D20008E490A8842F006020A80D9F8E845C9F8A7
:103D3000F035A34240F26D81D9F8F425EAB11B1B9E
:103D4000B9F8CA41B3FBF4F4A2428CBF121B0022A3
:103D5000C9F8F425824D2B6873B1804A138843F06B
:103D600004031380D9E98E02D9E990139A4208BF5F
:103D7000884201D105F09CFC2C607A4B1A7832B154
:103D800000221A70754A138843F00403138099F8CF
:103D90009831023BDBB2012B04D8734B1B78DC0754
:103DA0003FF58DAC714E694F714B33603B78714C70
:103DB000DFED718A9FED718ADFF8F081002B14BF6F
:103DC0004FF0000A4FF0030A4FF4E16505FB0A4586
:103DD000B0EE689A039599F8BE2142FA0AF2D0072C
:103DE00040F14081664B1A781AB1BAF1010F00F028
:103DF0003981DDF80CB00025B9F8CA31AB4200F3C7
:103E00001681604B604A1988002940F024811168AE
:103E1000A8F80010012119801068002818DD039B04
:103E200096ED007A03EB8002D2ED007AF4EEC77AC9
:103E3000F1EE10FA0CDD554AC6ED007A106080B242
:103E4000FAF7E6FF524AC2E90001524AC2F800A05E
:103E500099F89821012A00F2028153464FF0000B95
:103E6000DA461A46474B1B8853454FEA0B1540F379
:103E70000E824D44ECE1D4ED007AF4EEC87AF1EE16
:103E800010FA3FF5C5AE98F80020D7F8DC319A4219
:103E900006DDB6EE007A77EEC77AC4ED007ADCE68E
:103EA000013288F80020D8E694ED007AF0EE087A26
:103EB00007EE278AF5EE007A28EE278AB3E694ED1E
:103EC000007AF2EE0E7A07EE278ADFED337AF3E717
:103ED000324B94ED000A1B6833B39FED31AA079172
:103EE00020EE0A0AECF76CFA95ED009AF0EE409A93
:103EF00028EE0A0AECF764FA19EE103A013B07EED5
:103F0000903AF8EE677AB8EE499A07EEA90A80EE81
:103F1000090AECF7F5F923480799DFED237A20EE3B
:103F2000270A84ED000A98E62B68013B07EE903AD9
:103F3000F8EE677A07EE808AD5ED007AF8EE677AB8
:103F400088EE277A84ED007A87E600BF24320020CD
:103F5000E807002040420F004C2300208A5B00202D
:103F6000101D0020E907002058140020982A002086
:103F700000002AC3283900200000C84200002EC3D8
:103F8000233200202C270020282700208C2A002004
:103F9000902A0020882A00200000803DD0070020C1
:103FA000E3C86B3E2139002067F98A4030270020A2
:103FB000D7E98C231343C94B24D151B9059A0CF18D
:103FC000804EA21A0EF1FF3E02EB8E0CDCF80020B0
:103FD0001A60D3ED007AF4EEC87AF1EE10FA13D538
:103FE000BF4AD2F8E021012A09DD07EE102A38EE97
:103FF000678AB8EEC77AC8EE076A36EEA78A83EDFD
:10400000008A10E62268E3E7F9DDB54AD2F8DC2140
:10401000E9E70AD2E41AB9F8CA31B4FBF3F4D9F8E3
:10402000F4352344C9F8F43594E6002492E6039865
:104030002946FBF7FDF9FBEC017AF4EEC87AF1EEC4
:1040400010FA06DDF4EE687AF1EE10FA48BFF0EEF1
:10405000678A0135D0E6B8F800101160DCE6042A62
:104060003FF4FBAE039B0AF1FF3AA3F5E163BAF11B
:10407000FF3F03937FF4AFAE3B7899F89821134349
:1040800040F08C8099F80530002B00F0878099F87B
:10409000FD55002D40F08280924B89F8B4511B8869
:1040A00028460A2B34BF6FF027086FF02208FBF771
:1040B0005FFC8D4B834275EB010316D2F8F768FF66
:1040C00099F8FD3507EE900A002B40F0F98007EED5
:1040D000108AF8EEE77ADFED856AB8EEC77A07EE68
:1040E000A67AFDEEC77A17EE908A814B1B68002BEB
:1040F00000F0E9807F4A12684FF4E17101FB02335E
:1041000004EB830393ED006AF7F7D2FF36EE400A23
:10411000BDEEC00AB8EEC00AD9ED857A30EE270AA6
:10412000FDEEC07A17EE905AA84540F3CF80B9F95A
:10413000CC31002B40F3D080A5EB0805DFF8C88117
:10414000F5F7A6FAD8F80030C01A42F21073984278
:1041500024D96B1D0A2B21D9B9F8CC3103EB4503C7
:104160001BB223EAE3733C2BA8BF3C23A9F8CC3154
:10417000F5F78EFAC8F80000F7F79AFFFDEEC07A5F
:1041800017EE900A400000F0FE000FF041F95A4A85
:10419000138843F004031380F7F7EAFF574B00221C
:1041A0001A703B78002B40F0DB8099F89831012B96
:1041B00002D9042B40F0D48099F80430002B00F091
:1041C000CF8096ED000A03F03BFB99F89A31D9EDC8
:1041D000847A032B80EE278A40F22981484B99ED9F
:1041E000837ADFED4A7AB4EEE77AF1EE10FA40F323
:1041F0009B80F0EE006AB4EEE68AF1EE10FA40F130
:104200008980B4EEE70A0522F1EE10FA1A7000F187
:104210000B81DFED3F7AB4EE670AF1EE10FAC8BF0A
:10422000B0EE670AB4EE407AF1EE10FA00F0988032
:10423000B2EE048A80EE080AFBF7BAFF99ED840A11
:1042400020EE080AFBF744FF8AE00BF1010B103562
:10425000BBF1070F18DC95F86932002BF5D095F803
:1042600068329906F1D595F86B329342EDD109EB9E
:104270000B1338F81A1004925846A3F86C12FAF788
:1042800077FF049A0BF1010B0AF1010AEAE5924665
:104290004D44BBF1070F3FF7E5AE95F869325BB1CE
:1042A00095F868329A0607D595F86B32534503D1D5
:1042B00000215846FBF774F90BF1010B1035E8E7C4
:1042C0006FF02C0811E79FED0F0A25E704DAB9F922
:1042D000CC313B2B7FF730AF00252FE708070020BC
:1042E000F0320020E832002080C3C9010000003D08
:1042F0008C2A0020882A00208A5B0020442300208A
:10430000292300200000C8C248230020CCBC8C2BED
:10431000003C1C46F1EE006AB4EEE68AF1EE10FABB
:104320000ED51A7801321A701B78042B0AD9B4EE14
:10433000E70AF1EE10FA7FF56CAF1FED0C0A71E79A
:1043400000221A705FED0E6AB4EEE67AF1EE10FA12
:1043500006D5F2EE046AB4EEE68AF1EE10FAE6DC77
:1043600099F8AE51012D40F0EC80B9F96C320A2B6E
:1043700040F31282DFF8D88302250027B9F86C02D7
:10438000FAF746FD00FB07F305FB0131A0FB05230F
:10439000C5EBC50000900B44681EFAF781FF01359C
:1043A00047F10007A5F109033B4388F8790208F1BA
:1043B0001008E3D199F8AE31102B2DD1B9F8C831DE
:1043C000B9F8CA21934227D207EE903AB8EEE77ABD
:1043D000F3EE0E7A27EE277A07EE902AF8EEE77AC8
:1043E000D149C7EE276AF3EE0D7A77EEE67A77EEDB
:1043F000A77AFDEEE77A17EE902AA9F8CC210122E0
:104400000A7089F80D2003F5E17204EB8204013390
:1044100032682260A9F8C831C44A1378002B40F0F2
:104420002C820120FFF788BAB0EE670A00E7B0EEF1
:10443000680A03F005FABE4BD9ED857A93ED007A50
:1044400099F8FD35D9ED848AB8EEC77A002B37EE9E
:10445000677ADFEDB87AB3EE046A18BFF0EE467AF9
:1044600037EE677AC0EE286AC7EE287A99ED830A9C
:1044700080EE287AF4EEE76AF1EE10FA58BFF0EE1B
:10448000667AF2EE046A77EE666AF4EEC86AF1EED6
:1044900010FA0DDCF4EEC77AF1EE10FA08DCF0EE5B
:1044A000006A77EE266AF4EEC86AF1EE10FA1CD5BF
:1044B00038EE677AF2EE006AB4EEE67AF1EE10FAC0
:1044C000F7EE009A0AD59FED9C7A37EE870A30EE18
:1044D000290AEBF7B5FF20EE280AB3E6B0EE480A4A
:1044E000EBF7AEFF30EE290AF5E7F6EE006A77EE5D
:1044F000666AF4EEC86AF1EE10FA08D4DFED8E6A4F
:1045000077EE666AF4EEE76AF1EE10FA02D538EE5D
:10451000800A97E6DFED896A77EE666AF4EEE76A6D
:10452000F1EE10FA7FF71CAFF7EE087A37EE677AF4
:10453000B4EEC87AF1EE10FA7FF712AF30EE680AE7
:1045400080E6072D1ED1B9F96C320A2B40F3248185
:10455000B9F97C02B9F98C52A842034605DDA9F8E5
:104560007C52A9F88C0228461D4680B2FAF750FC0E
:104570008046A8B20F46FAF74BFCC9E9A087C9E903
:10458000A40117E7022D3CD1B9F96C320A2B7FF751
:1045900011AFB9F97C120A297FF70CAF8B42CCBF5F
:1045A0001F460F464FF00000D8BF1946FAF7F8FF34
:1045B00039460120FAF7F4FFD9E99C8AD9E9A071BC
:1045C00018EB08024AEB0A034FF00A0BD21B63EB0D
:1045D0000103CDF800B028460391FAF761FE039974
:1045E00089F88902FF1941EB0103B7EB0802CDF806
:1045F00000B063EB0A030320FAF752FE89F8990230
:10460000D8E6032D12D1B9F96C120A297FF7D2AE80
:1046100099F89831002B4FF6907308BF702313FA66
:1046200081F109B20120FAF7BBFFC3E66B1FDBB2D1
:10463000012B02D9082D40F0AF80B9F96C220A2A6B
:104640007FF7B8AEB9F8CA31DFED3D7A9B0803EBCE
:10465000430004EB8301834259DB062D7AD1394BA9
:1046600093ED007A37EE878A374B0025AA420CDD9E
:10467000F3EC017AF4EEC87AF1EE10FA05F10101DB
:1046800074D429B20120FAF78BFFB9F8CA31B9F90D
:104690006C225F1EBA420DDA7B1E04EB8301D1ED62
:1046A000007AF4EEC87AF1EE10FA61D439B2022041
:1046B000FAF776FFEA1902EBD272C5EB6203A7EBB9
:1046C000620203EBD37302EBD27205EB6305A7EB37
:1046D00062035A1BA2F10B01582959D804EB85013A
:1046E0009FED147A0F462846984243DD013207EECB
:1046F000902AF8EEE77ADFED0F6A87EE276A9D428F
:104700003EDD124B86EEA77A83ED007A52E6B1ECDD
:10471000017AB4EEE77AF1EE10FA03F10103C8BFB3
:10472000F0EE477A97E700BF54140020885B002022
:10473000B832002000000000CDCC0C419A992141F4
:10474000000048C3287100202C39002028320020A6
:10475000F03200203B78B0EE087A002BF1EE086AC8
:1047600018BFB0EE667A37EEC78A7DE70D467DE763
:104770001F468FE7F7EC017A013037EE277AB3E76F
:10478000B1EC017A37EE467A013547EE076AB6E7B3
:104790003E4B3F4A1A600DE6043DEDB20A2D3FF64E
:1047A00009AE40F2C163EB40DB077FF503AE0320A7
:1047B000FBF7DEF803220023ECF762FEDFF8E0806F
:1047C00099F89A21334F9FED348A0592CDE9030180
:1047D000062389F89A314FF0000B4FF0030A424646
:1047E000B9F8CA51B5FBFAF500210BFB05F8CDF875
:1047F00018B0A7EC018AAB4604EB88080D465D456E
:104800002DDBDDE903015D46DDF818B00692ECF71B
:104810009FFD224B1B8807EE903AF8EE677A06EE72
:10482000900A67EE897A0BF1010B86EEA77A57EDB5
:10483000017A27EE277A07EE905AF8EEE77A87EEAC
:10484000270A07ED010A03F043F8069ABBF1030FAC
:10485000A2EC010AC4D1059A89F89A21AAE5B8EC1C
:10486000010A079202F0ECFF57ED017A079A77EE02
:10487000807A013547ED017AC1E799F8BE110B4303
:1048800089F8BE3100231370CBE500BF2832002029
:10489000000080BF2C32002000000000E832002021
:1048A000383200200000000000000000000000007E
:1048B00038B52DED028BF4F703FF142358432B4B2F
:1048C0002B4C1B5C092B4FF000004CD1FEF798FEDF
:1048D000284D9FED297AB4F8CA3129463222F0EEEC
:1048E000476A934205DDF1EC017A013237EE277A0F
:1048F000F7E7323B07EE903AF8EEE77A002087EED2
:10490000278A38EE268AFEF77BFEB4F8CA31DFED3F
:104910001A6A3222934220DC323B07EE903AF8EEDC
:10492000E77A164B86EEA77A77EE087AB6EE007A2B
:1049300067EE877AC3ED007A94F8BE31104843F0F1
:10494000020384F8BE3103F023F90E4ABDEC028B5A
:10495000138843F00303138038BDF5EC017A01326C
:1049600076EEA76AD6E7FEF74BFEE5E76890020809
:10497000F0320020F039002000000000982A0020CA
:10498000283900208A5B00200000000000000000A1
:104990002DE9F047214F224BDFF89090DFF890A0EF
:1049A000DFF890802DED028B47F820309FED1D8AB7
:1049B000054600260124B9EC010AF7F731FD0A2368
:1049C0001920AAF8C631FFF773FF192000F038F854
:1049D00076B998ED008A0136072EECD1BDEC028B3A
:1049E000012C04BF104B47F825302046BDE8F08766
:1049F000D8ED007A77EEC87ABFEE087AF4EEC77A7F
:104A0000F1EE10FA08D9B7EE087AF4EE477AF1EE33
:104A100010FAA8BF0224DEE70224DCE79C22002073
:104A20003779020800000000577802083C9002081D
:104A3000F0320020982A0020000000000000000052
:104A40002DE9F84F4B4B4C4F00221A70142303FBF7
:104A500000F2054617F802A0BAF1090F57D8DFE8AF
:104A60000AF018736D7A1805567D858003FB007374
:104A700093ED030AB5EE400AF1EE10FA07D13F4B71
:104A800093ED000AB5EE400AF1EE10FA01D0F7F707
:104A900037FEB2EE040A2846F9F7EAFC0128DFF8EF
:104AA000DC9004461CD1364BB3F8CA81142303FBB7
:104AB00005730021B3F9026028466FF0630308FB19
:104AC00006F696FBF3F606EB5802F9F7A1FD01286E
:104AD0004FEA580B04460AD02A4B2B4A43F82520AC
:104AE0000023C9F80030294B01221A6016E0424623
:104AF000ABEB06012846F9F78BFD01280446EBD104
:104B0000BAF1040F18D1224B1B68C9F800301423E6
:104B100005FB03330124FB5C062BE4D01D4A1E4B2E
:104B200043F825401388012043F02403138004F048
:104B300037FB2046BDE8F88F0023E6E7F9F728FEAB
:104B400001280446CFD1E2E70D4B0021B3F8CA217A
:104B5000F9F75EFDF4E7F9F79BFDF1E7FFF718FFC2
:104B6000EEE7084B0D4A43F82020D0E7F9F7F8FDAF
:104B7000E6E700BFBC320020689002081022002047
:104B8000F03200209C2200204379020814220020E9
:104B9000982A00208A5B00201C22002057780208F7
:104BA000F8B52DED028B494D494CB5F8CA7194F911
:104BB000406C01234FF4E17084F8403CFBF730F87F
:104BC000444BD3E90C01444BB8EE000AC3E90001A1
:104BD0000620F9F7A5FF1F20FEF73AFB41F270709F
:104BE000F9F78EF8BBEE040AFBF772FA0A231F20CE
:104BF000A5F8C631FFF75CFE384BDFED397A93ED4F
:104C0000007AB4EEE77AF1EE10FA24D514200DF014
:104C1000D7FA3448C8221E210DF0A2FBDC2228213D
:104C2000314884F8406C0DF09BFB0CF089FE0DF0D0
:104C300077FA3846FAF7F4FF00242C4B20461C7014
:104C4000FBF74EFB4FF0FF30F6F7AAFCBDEC028BF2
:104C5000274B1C60F8BD0620F9F78AFFB0EE408AAA
:104C6000F9F7C6FD062038EE000AF9F759FFF9F703
:104C7000AFFF41F28830EDF7C3FC1F20FFF718FEAD
:104C80000620F9F775FFB0EE408AF9F7B1FD06206E
:104C900038EE000AF9F744FFF9F79AFF41F288303D
:104CA000EDF7AEFCB2EE040A85ED840A84F8406CA0
:104CB000FBF7DEF90F4B00221A600EF001FA152007
:104CC0000DF07EFA0C48C8222821A5E7F03200201A
:104CD000EC0700206007002020230020982A0020F5
:104CE000000070C24D79020871750208243200205C
:104CF000142200203C2300207679020800000000E6
:104D00002DE9F74F5E4C064600200D46FAF730FEBF
:104D10000120FAF72DFEB4F8CA81002E4FD0012EE3
:104D20001AD12868F4F7F4FC07464FF0010A4FF057
:104D300000090120013FF4F7C3FC84F80AA0FEF744
:104D40005FFC002F84F80A90F3DC042E39D0A4F81D
:104D5000CA8103B0BDE8F08FB31E022B05D94948C4
:104D600003B0BDE8F04FF5F743B92868F5F708FC44
:104D7000814668680F46F5F703FC484571EB070369
:104D800083468A4605D2404803B0BDE8F04FF4F7A9
:104D9000DFBE022E0AD0A868F4F7BAFC431EB3F5B2
:104DA000E17F01D33948EFE7A4F8CA01B4F8CA316A
:104DB00000935A46534648463946F9F7F1FF012712
:104DC000B3E7334B1B7803F0FF06002BBFD1E86835
:104DD000F5F7D6FB85B2002DB9D02E4F05F00109AD
:104DE0004FF0000A4FF0000BB4F8CA31B342AED90D
:104DF000B9F1000F07D0B0B2FAF70AF802460B4635
:104E00002548F4F7A5FEA9070ED597ED000A02F094
:104E100017FD10EE100AEBF70FFFCDE900AB0246CD
:104E20000B461E48F4F794FE6A0710D507F5E163B8
:104E300093ED000A02F004FD10EE100AEBF7FCFE01
:104E4000CDE900AB02460B461448F4F781FE2B0770
:104E500010D507F5A85393ED060A02F0F1FC10EE09
:104E6000100AEBF7E9FECDE900AB02460B460B4812
:104E7000F4F76EFE0A48F4F76BFE01360437B3E729
:104E8000F03200208B790208BC790208D979020837
:104E90001671002028390020FA790208FE790208EC
:104EA000F47602080000000000000000000000008E
:104EB0002DE9F04F2DED068B874DDFF864A293B0FE
:104EC00008AF95F9403C3B6201240023386185F826
:104ED000404CCAF814320A2800F2F280DFE810F0E1
:104EE0000B002401F0001103F000F000C404FB04E7
:104EF0000A0620078E07794EDFF828923368002BC8
:104F000034D0774B1B681422534319F80330062B17
:104F100000F08580734ADAF82036526813437ED158
:104F2000012333600CF014FD00287DD000246C4A6E
:104F30001368013313601422534319F80330062B0E
:104F400005D0684ADAF820365268134337D0002C6F
:104F500040F08F8015200DF033F96348CA223221CA
:104F60000DF0FEF96148D722322156E09AF8A431BB
:104F70000BB104F095FC0020FBF7B2F95C4A012369
:104F8000137000215B4A084613700BF041F80023B0
:104F900059495A4A5A484FF0140C1C460CFB03FE60
:104FA00019F80EE0BEF1060F44D1564B4C4A0124CD
:104FB0001C60DAF820361360002B43D11C46DFF862
:104FC0002081D8F80000FEF743F9D8F80000FFF779
:104FD0006FFCD8F800B05846FFF732FDD8F8002033
:104FE000454B022A43F82B0036D14749DFED477A7B
:104FF00091ED007AB4EEE77AF1EE10FA2CD50E239B
:105000001420C8F800300DF0DBF841488C221E2136
:105010000DF0A6F93F48D22200210DF0A1F901239D
:1050200033600CF095FC20BB2C37BD46BDEC068BE5
:10503000BDE8F08F0133202B41F8044B42F8040BFC
:10504000ACD1B2E7BCBF5B421360136803F1FF331E
:10505000A8BF00241360B2E753F82230012B3FF4BD
:1050600066AF002C3FF45CAF2B4B00200021C3E95E
:1050700000013B6AB3F10008284B4FF001021A709F
:10508000184ADAF82036526818BF4FF00108002499
:10509000134385F8408C346001D10DF041F80EF0D7
:1050A0003FF8134BA5F858401C70124BA5F8444C20
:1050B00000201C70FBF714F94FF0FF30F6F770FA80
:1050C000104A002313600A4A1370044A1360134BFA
:1050D00001221A70A8E700BFEC070020142200206C
:1050E0000422002010390020497A02087175020854
:1050F00024320020233200201C2200209C22002089
:105100005778020818220020982A0020000070C258
:10511000057A02081A7A0208902A00205814002002
:10512000F0320020689002080020FAF721FC814646
:1051300001203962FAF71CFCCB4B00241C70CB4BCE
:10514000C7E90610012520461D70FBF7C9F80420A9
:10515000FEF77EF840F20113AAF80E30C4488AF830
:105160000D50DAE994238AF89941F4F7F1FC40F6FE
:10517000B8320023CAE98C23BE4BDAF820265B68DC
:10518000AA4273F10001C0F2BE80BB48CAE98C2379
:10519000F4F7DEFCB94B1C6064220023DAE98C01D1
:1051A000ECF76EF9F8F7ACFDB54B9FEDB69A00221F
:1051B0001A604FF0010B002500953B6A4A462946CC
:1051C0002846FCF73DF9B04B3A6A01211980DAE92B
:1051D0008C4319EB040442EB03084346224608EED5
:1051E000100A00952846FCF72BF907EE900AB8EE56
:1051F000C88AF8EEE77A28EE098A07EE898ADAE9A2
:105200008C63F6EE007A28EE278A341918EE100A1D
:1052100043EB0808FB60EBF70FFDFB690493BB69E8
:1052200005930296FB680393DAE99423CDE9002302
:1052300002460B469548964EF4F78AFCC7E9019A58
:10524000FB699C42BB6978EB030303D2914B1B784B
:10525000002B5CD00BF1010BBBF1050FD7E9019AD4
:10526000A9D1DAE98C23CDE900238B488B4DDFF8F7
:1052700010B2DAE99423F4F76BFC8948F4F768FC80
:105280007A4B00221A7001238AF8AF31F9F7B8FB84
:105290007B4B1A68642AC4BF64221A60AA4600269F
:1052A000F0EE009ADBF80040B44200F39380F9F787
:1052B000DFFBDFF8C881642CC4BF6423CBF8003067
:1052C000F9F766FB0023DBF800B0D8F800401E4673
:1052D000B0EE008AB34500F3EF800BB1C8F8004090
:1052E000F9F726FB6F4B012400201C60FAF7F8FF4A
:1052F0003B6A4A460020FAF7ABFCD7E90632204663
:10530000FAF7A6FCDCE66848F4F722FC44E76B1CDD
:10531000FB604FF47A7395FBF3F203FB12552DB942
:105320006248224643465946F4F712FC4FF0020900
:105330000025F2EE0E9A00230093224643460121F7
:105340000020FCF77DF808EE900AF8EEE88A78EE87
:10535000297A68EE898AF4EEE87AF1EE10FA22D51D
:10536000B9F1010F1BD118EE900AEBF765FCB0EE16
:10537000680A814620468A46F9F77AFA4FF47A722B
:105380000290002320464146ECF77AF84A46CDE9E0
:105390000001534659464648F4F7DAFB0AE03D69F6
:1053A0004FF00109C7E7012D04D1F4EEE87AF1EEE0
:1053B00010FAD8D4F3EE037A48EE278AD6E98C3275
:1053C000F3EE047AE31888EEA78AFD681C4648EBE2
:1053D000020835E7FAEC017ABDEEE77A17EE108A9B
:1053E000B8F1000F3EDD632E3CDC0AF2047393ED4E
:1053F000007A77EEC77AF4EEE97AF1EE10FA31DD51
:1054000017EE100A0AF60C6393ED008AEBF714FC12
:10541000C7E9040118EE100AECF74AF8024600202A
:105420000B4600900121FCF70BF807EE900AF8EE0E
:10543000E77ABDEEC87A67EE897A17EE104A17EE62
:10544000900A4FF47A7394FBF3F4EBF7F5FBCDE994
:10545000020197ED047B17488DED007B4246214603
:10546000F4F776FB01361DE72339002024320020B3
:105470005C7A020810390020657A0208582700205B
:10548000082200200000003DE0070020A77A020863
:10549000F032002018200020367B02083040002027
:1054A0005C7B0208442700207E7A0208F47A020816
:1054B000067B0208947B0208F5EC017ABDEEE77AE0
:1054C00017EE102A002A1ADD632E18DC05F204728A
:1054D00092ED007A77EEC77AF4EEC87AF1EE10FA20
:1054E0000DDDD14B04F1010A03EBC40405F60C6396
:1054F0001868EBF7DDFF0123C4E9000154460136CB
:10550000E8E6CA4BCA4E1A783A6202EB82039B0065
:105510000733E946DB08A9EBC3039D46C54A9FED67
:10552000C69A08ABBB6101231370C44A137008F01C
:105530005FFD1320FDF78CFE4FF0000C8AF809C0C8
:10554000D5F80C3CD5F8082CDAF80046CAE99423C3
:1055500046F2A813AAF8CE31E3463B6A9B4580F297
:10556000E380D6E90032C7E902491A4318BF9B46D7
:10557000B34BFB614FF00008FA69132052F8043B6B
:10558000FA61CAF80036FDF763FE0123AAF8C631B6
:10559000BAF8CE3103EB8303C3F38F03B3F57A7FFD
:1055A00038BF4FF47A7300245846AAF8CE31AAF8CF
:1055B000D0318AF8AF418AF8A3410EF051FF07EECF
:1055C000900AF8EE677AF2EE049AC7EEA97ACAF862
:1055D000F00117EE900AEBF72FFB0B46DAF80016F6
:1055E000009102469748F4F7B3FADAF8F031B3F5D0
:1055F0007A7F39BF41F288325A4389A3D3E9002325
:1056000038BF23460320FAF723FB1320FFF750F996
:105610001320FFF715FA8C4ADFED8C7A0023B2ECE9
:10562000017A0133322B77EE877AF8D1C7EE898A77
:10563000DFF82492D9F80000EBF7FEFABAF8CE3181
:10564000029304460D46B7EE08AA18EE900AEBF74F
:10565000F3FA2246CDE900012B467D48F4F778FAAB
:10566000D9ED00AAB0EE688ABAF8CE91B9F10A0F66
:1056700017D9784BD3ED007AF5EE407AF1EE10FAB7
:105680000FD03AEECA7AF4EEC77AF1EE10FA08DDDE
:10569000F0EE007A78EEA77AB4EEE78AF1EE10FA2F
:1056A0005BD4DAED7C7A3B6AF8EE677A09EB89091C
:1056B000C7EEA97A08FB03B24FEAA909BB69AAF8A9
:1056C000CE9142F210741FFA89F943F82290AAF899
:1056D000D04108F1010817EE900AEBF7ADFAC7E9DF
:1056E0000401CDE9069418EE100AEBF7A5FACDE90E
:1056F0000401594B1868EBF79FFACDE90201DAF87B
:1057000000360093D7E904235448F4F721FA5448AB
:10571000F4F71EFAB8F1050F7FF42EAFD6E9003288
:105720001343D7E902494CD04FF0000BDFF8348126
:10573000CAF80046B2EE048A5C463B6A9B4543DBEE
:105740003C4B1C703D4B00201C70FAF7C9FD8AF8D9
:10575000A341AAF8CE41CD46B2E41320FDF778FD6F
:10576000BAF8CE2105219200B2FBF1F2AAF8CE21BF
:10577000DAF8F021B2F57A7F4FF0000338BF41F23A
:1057800088318AF8AF318AF8A33132BF4A4324A363
:10579000D3E900230320FAF75BFA1320FFF788F818
:1057A0001320FFF74DF9284ADFED287A0023B2ECE9
:1057B000017A0133322B77EE877AF8D187EE898A26
:1057C00052E70BF1010BC8E61D4E002558460EF0BE
:1057D00047FE07EE900AF8EEE77A56F8043BFB61C5
:1057E000C7EE887A17EE900AEBF726FABAF8D021BE
:1057F00002923B6A05FB03B2BB6953F82220019277
:10580000FB69009302460B4640460135F4F7A0F9C8
:10581000052DDBD10BF1010B8FE700BFAFF300804B
:1058200080A81201000000006027002026DF020887
:10583000103900202232002000004842243200208B
:10584000748B0208AB7B020828390020000000009E
:10585000BE7B020810220020982A0020EA7B020862
:10586000357C0208657C0208934B944E1C70002026
:10587000FAF736FD1820FDF7EBFC4FF49670F8F7B9
:105880003FFA8AF8FD458E4C002523682268C3F351
:10589000072302F47F4233602260226842EA032336
:1058A0002360236803F0F9032360236843EAC503F8
:1058B00023601820FEF7FCFF824B83482946D3E97A
:1058C0000023F4F745F901351820FFF7B9F81F2D2B
:1058D000DBD1FFF7F5BB784BDAF820567B4C012281
:1058E0001A7008F085FBB0EE000AFAF761FCBBEE17
:1058F000060AFAF7EDFB7648F4F72AF9013506D1E6
:1059000000200EF07DFD00220023C4E90023714B2E
:105910009FED718A1B78714EDFF8D0B1DFF8D0911E
:1059200003F1FF384546002D62DADFF8B0914FF001
:10593000000B6B485946F4F70BF94FF47A7606FAE8
:105940000BF64546002D40DBD4E900321A4318BF60
:105950001D461320FDF77CFC05232846AAF8C63116
:105960000EF07EFD002306FB00F2CAF8F0010320D2
:10597000FAF76EF906210020F7F78AF81320FEF7F0
:1059800097FF1320FEF794FF1320FEF791FF1320DB
:10599000FEF78EFF1320FEF78BFF1320FFF750F862
:1059A000D9ED007A78EE677AB2EE047A67EE877AFC
:1059B00017EE900AEBF740F902460B464948F4F718
:1059C000C7F8D4E90032134370D00BF1010BBBF1DF
:1059D000040FAED13E48F4F7BBF800240120CAF80A
:1059E00000460EF00DFD0020FAF77AFCFFF768BBC9
:1059F000D4E900321A4318BF1D461920FDF728FCD0
:105A000028460EF02DFDCAF8F0014FF4FA60F3F7C6
:105A10004FFF032306210020CAF80036F7F738F8B5
:105A20001920FEF745FF1920FEF742FF1920FEF767
:105A30003FFF1920FEF73CFF1920FEF739FF192020
:105A4000FEF7FEFFBBF80030D6ED008A07EE903A75
:105A5000F8EEE77AB2EE049AC7EE897A454508BFB8
:105A600096ED008A17EE900AEBF7E6F878EE687A82
:105A7000024667EE897A0B4617EE900AC7E90823BB
:105A8000EBF7DAF8CDE9020118EE900AEBF7D4F85B
:105A9000CDE90001D7E908234846F4F759F8D4E9DD
:105AA000003213437FF441AF013D3CE70E4B1B78BE
:105AB000002B8FD1013D45E724320020A4070020B0
:105AC00000100240902A0020927C02081039002029
:105AD000627C020826DF020800000CC2982A00201F
:105AE000CA7C0208D07C020816710020E83200202F
:105AF0009E7C0208AF4BDFEDB08A1C7008F078FA8C
:105B00009FEDAE0AAE4EDFF8C8B2FAF7E1FAAD4843
:105B1000F4F71EF800200EF073FCAB4B1D78013D2E
:105B20002C46002C80F28580DFF894820024A74860
:105B3000DFF8C4B22146F4F70BF84FF47A7909FA8A
:105B400004F92E46002E6ADBD8E900321A4318BF4A
:105B50001E461D20FDF77CFB05233046AAF8C63102
:105B60000EF07EFC0123CAF8F0014FF4FA608AF8C7
:105B7000FD35F3F79DFEDAF8F021142302FB09F25C
:105B80008AF8683203200023FAF762F80621002021
:105B9000F6F77EFF0920FEF78BFE0920FEF788FE50
:105BA0000920FEF785FE0920FEF782FE0920FEF798
:105BB0007FFE1D20FEF744FF854BDFED867A1B88B4
:105BC00000EE103AB8EEC00A20EE270AEAF798FB7A
:105BD000814BB3F9003007EE103AB8EEC77AF2EE17
:105BE000046AC7EE267A7D4B9FED7D7A40EE477AB8
:105BF00093ED007A77EE877AC3ED007A78EEE77A54
:105C000067EEA67A17EE900AEBF716F802460B46F7
:105C10007448F3F79DFFD8E90032134379D09BF81D
:105C20000030002B7FF4D6AE0134042C7FF47FAF1C
:105C3000D0E6D6E900321A4318BF1C461C20FDF7F7
:105C400007FB142320468AF868320EF009FC012372
:105C5000CAF8F0014FF4FA608AF8FD35F3F728FE30
:105C600006210020F6F714FF4FF032080920FEF756
:105C70001FFEB8F10108F9D11C20FEF7E1FEBBF8C8
:105C800000309FED540A09EE103AB8EEC99AF2EED0
:105C9000049A29EE000AEAF733FB4F4BB3F90030C0
:105CA00007EE903AF8EEE77A4C4B87EEA98AAC42C1
:105CB000DFED4B7A00EE678AD3ED007A38EE278A63
:105CC000C9EE297A08BFF0EE488A83ED008A17EE04
:105CD000900AEAF7B1FF78EEC87A804667EEA97AB3
:105CE000894617EE900AEAF7A7FFCDE9020118EE00
:105CF000100AEAF7A1FF4246CDE900014B463A48B7
:105D0000F3F726FFD6E9003213437FF40DAF013CD1
:105D100007E79BF80030002B7FF45CAE013E11E7F3
:105D2000244B9FED329A1C7008F062F9B0EE000A25
:105D3000FAF73EFABBEE060AFAF7CAF9274EDFED8C
:105D40002C8A0EF005F9B4EEC90AF1EE10FA7FF5CF
:105D5000B7A91920FDF77CFA1920FEF7A9FD192033
:105D6000FEF76EFE0EF0F4F896ED008A10EE100AC3
:105D7000EAF762FF38EEC87AF2EE047A67EE277A25
:105D8000044617EE900A0D46EAF756FFCDE90201E8
:105D900018EE100AEAF750FF2B46CDE90001224623
:105DA0001448F3F7D5FE144B1B78002BC9D0FFF72E
:105DB00087B900BF24320020000026C30000C8C2FB
:105DC00010390020627C020826DF0208CA7C020823
:105DD000E83200200000C84274810020982A002088
:105DE00067F98A40D07C02089E7C02080000344299
:105DF0000000BCC1D77C020816710020374D4FF05F
:105E0000FF30F5F7CDFBDAF820366A68012B72F126
:105E1000000206DB0A2293FBF2F002FB1030F5F7DA
:105E2000EFFFDAF820466B680A2C73F100034EDBB3
:105E30000A2394FBF3F42A4B5C439FED2A0ADFF814
:105E4000B8A0DFF8B8909FED288AF6F7E9FA4FEA94
:105E5000E47825464646AA454FF00003B34131D3C6
:105E60003320F9F7DDFE2A4633460220F9F7F0FE2B
:105E700040F6B83200230320F9F7EAFE0F20FEF7C0
:105E800017FD0F20FEF7DCFDD9E90001EBF760FA02
:105E900007EE900AC7EE887A17EE900AEAF7CCFE72
:105EA0000B46124902460868C7E90823EAF7C4FE10
:105EB000CDE90001D7E908230D48F3F749FE0D4B62
:105EC0001B7833B14FF4E170F9F7AAFE8BE51E247D
:105ED000B3E72D1948EB0606BDE700BF10390020D7
:105EE00040420F000000000000247449982A00205E
:105EF000047D020816710020FFE8A435902A0020D6
:105F00002DE9F04F2DED068BD14CD24DB4F8CA31AE
:105F100095F940AC85B005F5406B0193D5F8FC3B95
:105F20000293D5F8003C03930126CB4B4BF8043C7D
:105F3000002785F8406CC5F8007C0DF0F1FDC74BDB
:105F40006FF006001E704FF0FF3104F5C463C3E923
:105F500000013846FEF7ACFFC14BC24A1868C24B7D
:105F60000344934211D8C149D5F8083CD5F80C2C0C
:105F7000667201445B1842EBE172C4E99432C5F8E1
:105F8000083CC5F80C2CF7F733FDDFF828939FED9C
:105F9000B87AD9ED007AF4EEC77AF1EE10FA2BD583
:105FA00014200CF00DF9B348C8221E210CF0D8F9CA
:105FB000B148DC221E210CF0D3F9F0222821AF4891
:105FC00085F840AC0CF0CCF90BF0BAFC0CF0A8F85A
:105FD0000198F9F725FE0024A94B20461C70FAF71A
:105FE0007FF94FF0FF30F5F7DBFAA64B1C6005B0E8
:105FF000BDEC068BBDE8F08FBBEE0E7AF4EEC77AEF
:10600000F1EE10FACCDCFDF763F89F4B9F4FDFF801
:10601000A8820122B7EE000A1A7084ED840AFAF70A
:1060200027F80026F7E80223B8EE000A3046C8E950
:106030000023F8F775FD1E20FDF70AF941F2707094
:10604000F7F75EFE0120F5F743FF0A23A4F8C631F7
:10605000331F834200F290804FF47A7200230320B2
:10606000F9F7F6FD6420F7F74BFE894B03221A601F
:10607000884B01221A601E20FEF71AFC8648B4F8ED
:10608000CA310322B3FBF2F300EB830393ED000A62
:10609000F1EE047A30EE270AFAF71AF87E4801F09A
:1060A00077FD7E4A1388012043F02403138003F018
:1060B00077F83046F8F75CFDB0EE408AF8F798FBC9
:1060C000304638EE000AF8F72BFDF8F781FD4FF463
:1060D0007A70ECF795FA1E20FEF7EAFB3046F8F7E7
:1060E00047FDB0EE408AF8F783FB304638EE000AF1
:1060F000F8F716FD0136F8F76BFD4FF47A70ECF700
:106100007FFA062E8ED1B2EE040A624EDFED648A6B
:1061100084ED840A4FF4E1709FED49ABF9F7A8FFD5
:10612000604FF9F77DFD00213160F0EE689AF8F7D5
:10613000D7FC0B46CDF800A00B2B3B7040F2198129
:10614000022384F89931504BDDF800A085F840AC6B
:1061500000221A70029B4BF8043C039BC5F8003CDC
:10616000012385F8413C0CF0ABFF15200CF028F81A
:106170004D48DC2228211EE7012E0EDC56B941F2E3
:106180007070F7F7BDFD0520F5F70AFA002384F8D3
:10619000AF3170E742F23410F3E70020F5F700FA70
:1061A0000223F4E784F8B411C6F800800621002029
:1061B000F6F76EFC0F20FEF77BFB0F20FEF740FC8E
:1061C000F8F706FD3B78012B01D9032B7FD199ED20
:1061D000007ADFED367AB4EEE77AF1EE10FA40F1AC
:1061E000C580DDF800A0DBE6294B03221A601FE022
:1061F000274B31601960D9E784F8AF8112A3D3E946
:1062000000230220F9F724FD214B0222EEE70223AE
:1062100084F8AF31C5ED209AF0E71D4B84F8AF81CB
:1062200003221A60224B0220D3E90023F9F710FD64
:1062300001233360BAE7164B04221A60F2E700BF6D
:10624000007841CB0200000080AC6E3700000000F7
:10625000F0320020EC070020005ED0B25414002081
:10626000902A0020FE083D00FFC054FE803C36FE10
:10627000000034C2257D02083C7D020871750208C9
:106280002432002014220020213200206007002048
:10629000302300203C230020283900208A5B002086
:1062A000000000002032002076790208000070C251
:1062B00098070020982A002020230020564B052212
:1062C000BBE7554B062291E7534B07228EE7072B7E
:1062D00012D1DFED527A99ED007A78EEE77AF4EE9A
:1062E000C77AF1EE10FA3FF77CAFB0EE680AF6F726
:1062F00007FAB0EE408A16E0053B042B36D801A21F
:1063000052F823F019630108EB620108EB620108FF
:10631000196301085D630108002001F029FBF0EE1C
:10632000408AB0EE498AF8F753FC4FF47A70ECF7E4
:1063300067F9DFED3B7AB4EEE78AF1EE10FA06DD9D
:10634000DFED387AB4EEE78AF1EE10FA02D4BAF152
:10635000010A14D13B780133DBB2EDE6002001F0F5
:1063600007FB38EEC00A85ED200ADAE79FED2E0A1A
:10637000BDE79FED2E9A4FF0030A4FF00008002072
:10638000F9F7AEFF0020F5F70BF9294B0121B0EE2C
:10639000490A85F8401C83ED00ABF6F741F81CA3D1
:1063A000D3E900230220F9F753FC00234FF47A725B
:1063B0000320F9F74DFC94F8683243F0100384F899
:1063C00068320A23A4F8C63140F6B833C4F8F03175
:1063D0003B7801210B2B3FF6E9AE01A252F823F0E6
:1063E000A9610108F1610108A561010809620108BC
:1063F000E96101081B62010837620108BD620108FA
:10640000F96101080F620108C3620108C96201084D
:1064100080C3C90100000000302300200000484272
:10642000CDCC4CBECDCC4C3E33330DC20000000071
:10643000D80700200000000000000000000000005D
:10644000404B2DE9F04F1E683F4BDFF81491D3E924
:1064500000453E4BD3E900012DED028B001B06F1F8
:10646000FF3687B061EB050132460023EBF708F8F1
:10647000CDE90423364ACDE9020192ED8C8BC2E9C5
:106480008C01D9F80000D2E994730268E41B926889
:106490004FF07B0165EB030B90472E4A002701214B
:1064A00075081170B8462C4B1B7803F0FF00002BC9
:1064B00037D122465B4641460090FAF7C1FF274B91
:1064C000B3F858AC20231AFB030AD9F8000003687C
:1064D00078219B689847D9F8000003685FFA8AF131
:1064E0009B689847D9F800000368CAF307219B68A6
:1064F0009847049B5D19059B47EB0307B54277F16D
:10650000000305D301344BF1000BAD1B67F100070D
:10651000029BE418039B08F1010843EB0B0B464573
:10652000C1D20F4B186803687D219B689847084BC0
:1065300083ED8C8B0B4B00221A7007B0BDEC028BE5
:10654000BDE8F08F58070020F05B0020E85B0020DA
:10655000F03200205414002016710020EC070020B7
:10656000E05B002058140020000000000000000044
:106570002DE9F04F2DED048BDFF80CA2831E022BCA
:10658000BAF8CA5195B007D9774815B0BDEC048B5D
:10659000BDE8F04FF3F72CBD804608680F46F3F7CF
:1065A000EFFF064678680391F3F7EAFF039BB042DA
:1065B00071EB03030446894607D26C4815B0BDEC65
:1065C000048BBDE8F04FF3F7C3BAB8F1020F02D164
:1065D0004FF000080BE0B868F3F79AF8B8F1040F31
:1065E0000546F5D1F868F3F793F85FFA80F89AF862
:1065F000A4310BB103F054F90399A01B2A464FF0C4
:10660000000369EB0101EAF73BFFEAF7A1FE08EEA0
:10661000100AEAF74DFF9AED8C9BCAE98C01544BA6
:106620004FF000021A70534B4FF0010200201A7015
:106630000BF0D6FD01234FF4E17240F237111E201A
:106640000BF06EFC0F200BF0CBFD00277B238DF8A9
:1066500010300124BB46BD421CD007EE907AF8EE04
:10666000677A67EE887A17EE900AEAF721FF00232F
:106670000093039B821943EB010300203946FAF78C
:10668000DFFE3D4BB3F8583C202213FB0203384A8F
:1066900012783AB304F150036B447D2203F8402C86
:1066A000364B18680368621C1B6804A9984718F0E9
:1066B000020F53D100200BF093FD01234FF4E17240
:1066C00040F237111E200BF02BFC2A4B01221A70CE
:1066D0002B4B00228AED8C9B1A8015B0BDEC048BED
:1066E000BDE8F08F254A1068264A904205D1D0F8BF
:1066F000842212681278042ACCD104F150020DEBE6
:106700000201782201F8402C04F152026A4401F897
:106710003F3C18F0010F4FEA232304F1030402F871
:10672000403C01D13B2C05DD036822461B6804A9CF
:106730009847002440F2C31909FB07F9B9FBF5F9A2
:10674000A9EB0B02082A07DD0BF11E00012340F222
:1067500037110BF0E5FBCB4601377CE7044B1B7888
:10676000002B3FF45CAFA5E75B7D0208BC79020813
:106770001671002054140020EC070020E05B00207C
:106780008A5B0020781A0020F03200200000000010
:10679000431E032B02D95F48F3F72ABC2DE9F04FC3
:1067A0002DED028B814685B008688B46F3F7E8FE35
:1067B000B9F1010F06460F4642D0DBF80400F3F7AB
:1067C000DFFEB9F1020F80468A461AD0DBF80800D6
:1067D000F3F7D6FE024601380B4641F1FF31B0F522
:1067E000E17F71F1000107D2B8EB06006AEB070107
:1067F000EAF746FE0B4602461D4652EA05031446DA
:1068000001D101240025444B1B7813F001030293AE
:106810001BD0F2F755FFB9F1040F1AD1DBF80C00C9
:10682000F3F7AEFE1FFA80F9B0457AEB070317D2F3
:106830003A4805B0BDEC028BBDE8F04FF3F788B9DC
:1068400080468A464A460023D6E7354B01221A7015
:10685000E1E7B9F1020F56D11FFA88F9BA46B046FE
:10686000304AD2F8F03164214B4392ED8C8BC2F860
:1068700030320023C2F83432B9F1000F34D02A4B41
:10688000B3F800B009F001030393B0457AEB0703B6
:1068900027D3039B23B1254832463B46F3F758F9EB
:1068A0000021009132463B460846FAF7C9FD19F02F
:1068B000020F07EE900A0ED09FED1D7AF8EEE77AF0
:1068C00067EE877A17EE900AEAF7B6F902460B46AA
:1068D0001848F3F73DF91848F3F73AF9174B1B78C6
:1068E000A3B1114AA2F800B00E4B83ED8C8B029B32
:1068F00023B1094A137843F00103137005B0BDECCE
:10690000028BBDE8F08F4FF003098DE7A61945EB28
:106910000707BAE78F7D020858140020BC790208E7
:1069200054140020F0320020E0070020FA79020819
:106930000000003D017A0208F4760208167100207A
:1069400030B589B0AC4B9B69AC4A9A61AC4B1B88A3
:1069500003EB83035B00AB4A13800AF0D1FF02F024
:10696000A7FFE2E0A84BB3F9CC3101338DF8183022
:10697000F1E0A54BD3ED837A9FEDA47A77EE877A89
:10698000FCEEE77A17EE903A8DF81930F8E0A04B5C
:106990001B7801338DF81A30FAE013F8012B5140BF
:1069A0000246501E002AF8D18DF81F100624994A7D
:1069B00002AB04E053F8040B42F8040B0C46611ED2
:1069C000002CF7D1904B93F8B2314BB18E4B93F929
:1069D000B52103EB021393F86932012B00F0E88034
:1069E0000120FCF70DFE8C4B1870874B93F8A231F9
:1069F000D3B18A4B1A6832B14FF080435B6A9B1A5D
:106A0000874A934210D9874C94F8435C45F01003B1
:106A100084F8433C03200AF013F94FF080435A6A8C
:106A20007E4B1A6084F8435C7F4B1B6843B14FF088
:106A30008042526AD31A7D4A1268934200F2D5808E
:106A40007B4B1B88012B40F20D81013B784A138060
:106A5000202383F31188774A14680023136083F39B
:106A60001188FCB1744D2B70744B1888744901382F
:106A7000A0472B78002B00F02181724B1B78002B54
:106A800000F02081704B1B7863B15F4B93F8983115
:106A9000023BDBB2012B40F220816C4A138843F0A9
:106AA000260313806A4B1B7813F0080F00F018813F
:106AB000594B1B781BB3674B1B7843B1524A92F872
:106AC000BE110B4382F8BE31624B00221A7062483D
:106AD00001F05EF85D4A138843F0110313805F4BA9
:106AE0001B7D63B1484B93F9B5412046F7F770FB26
:106AF000B0F1FF3F03D0B4F1FF3F40F0FC800DF058
:106B000027FFC0F30720564B1B68834206D0544B27
:106B100018604E4A138843F0040313803E4B1878E4
:106B2000003818BF012002F03BFB494B1B7813F0E3
:106B3000030F00F09D80344BD3E98E01CDE90201B3
:106B4000D3E99001CDE904015B79002B3FF40AAF52
:106B500000238DF818302C4AD2ED857A77EEA77A8B
:106B6000FDEEE77A17EE903A8DF81C30137923B9D1
:106B700092F89A31002B3FF4FCAE00238DF81930C7
:106B8000214BD3F8F031002B7FF401AF8DF81A3090
:106B90001D4B93F8BB218DF81D2093F898318DF88B
:106BA0001B3000238DF81F305521172202ABF8E669
:106BB000154D05EB0212B2F96C0280B2F8F728F914
:106BC00002460B46002000900146FAF739FC95F882
:106BD0009831012B07D0032B03D020460DF050FB3A
:106BE00036E70124F9E70124F7E74FF4FA60EBF701
:106BF00007FDF2F725FD00BF801600207C4B020840
:106C000064140020286E0020F032002000000C43A5
:106C10008781002050280040895B0020505B0020C5
:106C2000E0930400EC0700204C550020485500205C
:106C3000561400208C5B002016710020905B002011
:106C4000985B002014710020541400208A5B0020FF
:106C500058140020885B002028390020287100206B
:106C60000C1D0020294A137823F002031370EFE66D
:106C700013F0080F0AD113F0100F10D113F0040F06
:106C800010D113F0400F13D130BFE1E6204B93F841
:106C9000BA01FEF70DF91F4B01221A70D8E6FFF773
:106CA000CFFBD5E6FFF72CF9184B01221A70CFE67F
:106CB000FDF776FF154B01221A70C9E61648F2F768
:106CC00047FFDAE6202383F3118800211348EBF70E
:106CD000EFFC002383F31188D4E606F0D9FDE1E64A
:106CE0000A4C63F07F0323700AF09AF8237803F0CC
:106CF0007F032370DCE601B22046F8F751FC084A16
:106D0000138843F008031380F9E600BF58140020ED
:106D1000F0320020895B0020A3730208D85B0020BA
:106D20008A5B00200000000000000000000000005E
:106D3000F0B583B0294B1B68002B34D0284AD2F819
:106D4000383CD2F83C2C2749591842F10104264816
:106D5000016044602549591842F10104244801604A
:106D6000446024495B1842F1000223490B604A60E9
:106D70001F4BD3E90045204BD3E90067184BD3F8EC
:106D8000201CD3F8243C51EA030202D11B4B1968A2
:106D90005B680091019332463B4620462946F7F74F
:106DA000AFFE03B0F0BD0E4AD2F8383CD2F83C2C0E
:106DB0001349591842F101040B480160446011491C
:106DC000591842F100040A480160446009495B18FF
:106DD00042F1000208490B604A60C9E7545B002099
:106DE000EC070020005F8277785B002080C96E0A84
:106DF000705B002080DBD690685B0020805B002009
:106E000080BB470380219AB400000000000000000E
:106E1000F0B589B0EBF7DCFCA14FA24C3946204617
:106E2000ECF79EF950212046ECF7C2F9EBF7D8F8C1
:106E30000DF0F6FD0AF014FFF2F72AFDF2F740FB21
:106E4000994E336843F00113336046200BF058F835
:106E50000025B560F9F794FE0BF072F901200BF0F4
:106E6000AFF92A46294691480BF07AFA28460BF0EA
:106E700027FC0DF06DFC39462046ECF771F95021E6
:106E80002046ECF795F904F03BFA0446884B1B8842
:106E9000002B5FD0874A7CA1D1E90001C2E9000143
:106EA000854A7BA1D1E90001C2E90001834A8449F6
:106EB00042F8081C42F8045C824A1288632A5DD8B2
:106EC000002B7DD18049D1F8083CD1F80C2C7F48AB
:106ED000181842F101067E4D28606E607D48181832
:106EE00062F10006C1F8280CC1F82C6C7A481B1816
:106EF00042F10002C1F8303CC1F8342CFFF718FF12
:106F0000002C74D0FFF714FF6F4B0022A3F8582019
:106F100083F8452C83F8442C93F8490C801A18BF49
:106F200001200BF04DF8002C68D100200CF090F9F6
:106F3000B0F1FF3F62D0644BD3F8182CD3F81C3C5F
:106F40006649022B08BF8A4200F0898064490A60C2
:106F50004B6055E0574A50A1D1E90001C2E9000158
:106F6000554A49A1D1E90001C2E90001534A5D49EE
:106F700042F8081C002142F8041C9DE75A4B0122EC
:106F80001A605A4E4FF4F06259493046EAF770FEE3
:106F9000A6F27C454FF470725649A6F57070EAF778
:106FA00067FE0023AB67EB67D6F88C37D6F89027DF
:106FB00051495B1842F1010245490B604A609DE767
:106FC0004A4E4FF4F0624D493046EAF751FEA6F2C0
:106FD0007C454FF470724A49A6F57070EAF748FE96
:106FE0000023AB67EB674FF07E536B666AE70CF0EC
:106FF00097F8002886D0F2F75BFD83E7F9F728FBC6
:10700000F9F7A6FF4FF4E170F8F70AFEF6F7F0FD86
:1070100002F0B6FA2CB900200CF01AF9B0F1FF3FDB
:1070200001D1F9F715FB06F0E3FF2CB9264B93F8D5
:10703000433C13F0080F22D04FF0FF30F4F7B0FAC2
:10704000214B93F8480C0AF05BFF002300932D4B73
:107050007F224FF4C0612C48EBF73AFAFAE0154B67
:107060001A685B6872E753F8041B42F8041B014678
:10707000481E0029F7D15521172202AB4CE006210A
:1070800002AA224BF4E700BF0008AF2F0000000067
:1070900000E9A435000000000027B9290000000025
:1070A000888B02089C17002000740040844B020863
:1070B00022200020605B0020585B0020FC13002091
:1070C000206EC83F24200020EC07002080BB47032F
:1070D000805B0020806967FF8096980000E40B5475
:1070E000C8320020C0F0413A545B0020680C0020F8
:1070F00030A6020870A20208005F8277F09A0208A8
:10710000309702084169010850550020502800407E
:1071100013F8012B51400246501E002AF8D19DF869
:107120001F308B4288D19DF81B00F9F7C1FA9DF8FA
:107130001B30022B49D0032B4ED09DF81D00F5F7D4
:1071400067FC9DF91C3003EBD3735B1000EE103A23
:10715000B8EEC00AF5F754FD029A039B52EA030108
:1071600004D10499059801433FF466AF9DF81B10C4
:10717000012938D904995218059943EB01035208A3
:1071800042EAC3725B080420F8F762FD049B029A8E
:107190009A1A0599039B61EB03030320F8F758FD46
:1071A00006F0CEFB9DF8183033BBF4F771FE9DF866
:1071B00019306BBB0120F4F78BFE9DF81A00A0BBC1
:1071C000274B0022C3F8F02136E7264806F0E8FBFB
:1071D000254806F0E5FBB0E7224806F0E1FB23482E
:1071E00006F0DEFBA9E70020F8F732FDDDE9042315
:1071F0000120F8F72DFDD5E7013B07EE903AF8EEB8
:10720000E77AB6EE000A27EE800AF5F709F9CEE72D
:107210000020F4F75DFE9DF819308C3B00EE103A2B
:10722000B8EEC00AF9F724FBC7E701380DF018F9EA
:10723000F6F766FD00E7002300930D4B81224FF423
:1072400040710C48EBF744F9EBF7BAF942F21070D1
:10725000EBF7D6F9F2F704FB0028ECD1F6E700BF14
:10726000F032002020C60208ACC6020848C6020858
:10727000F1100108181D00200000000000000000AF
:107280000746036808934268099281680A91C068BA
:107290000B903A690C9279690D91B8690E90FA6970
:1072A0000F9200200AF09CFF01200AF089FF3B4664
:1072B0004C4A08211F200BF0C3F8089B4A4A1021B2
:1072C0001F200BF0BDF8099B484A18211F200BF026
:1072D000B7F80A9B464A20211F200BF0B1F80B9B00
:1072E000444A28211F200BF0ABF82346424A3021A4
:1072F0001F200BF0A5F82B46404A38211F200BF029
:107300009FF833463E4A40211F200BF099F83B4638
:107310003C4A48211F200BF093F843463A4A50213B
:107320001F200BF08DF84B46384A58211F200BF0D8
:1073300087F85346364A60211F200BF081F85B46E0
:10734000344A68211F200BF07BF80C9B324A7021D5
:107350001F200BF075F80D9B304A78211F200BF091
:107360006FF80E9B2E4A80211F200BF069F80F9BAF
:107370002C4A88211F200BF063F8EBF7B9F9074678
:10738000882526E00132995C5529FBD0083529B2C1
:10739000FE68BC4697F822000138D7F808E097F855
:1073A0002080214C54F82880BC69ACB10694CDF8FB
:1073B0001480CDF810E00390CDF808C0019200963B
:1073C0001A4A1F200BF03CF83846EBF7A1F90746A4
:1073D00020B1FB690022D6E7154CE7E71548F2F724
:1073E000B7FBFEE7904B02089C4B0208A84B020833
:1073F000B44B0208C04B0208CC4B0208D84B020821
:10740000E44B0208F04B0208FC4B0208084C02084F
:10741000144C0208204C02082C4C0208384C02087C
:10742000444C0208504C0208A08F02085C4C020831
:1074300057780208844C0208000000000000000099
:1074400008B5EFF30980FFF71BFF08BD000000003F
:10745000F0B5354E96F89A31062B2DD8334C96ED73
:10746000987A2588324C9FED335A07EE905AF8EE01
:10747000E76A04EB8304C6EE877A40F2FD47D4ED59
:10748000005A2D4C96ED997A04EB8304D4ED006AF2
:107490002A4C37EE667A04EB8303F6EE006A47EE79
:1074A000276A002443F6E91693ED007A0A2327EEB3
:1074B000877A5D43944200DBF0BDF5EE405AF1EE71
:1074C00010FAF1EC017A1ED065EEA77A67EE857AA4
:1074D000FDEEE77A17EE90EA0EF17E5CCEF3CF1E5A
:1074E00007FB0EF306EBA3330EFB03F39B13A3F58D
:1074F0009B33A3F285130EFB03F3DB12A3F272237B
:10750000634407EE903AB0EE666A07EEC76ABDEED6
:10751000C66A16EE103AAB42A8BF2B4623EAE373C5
:1075200020F814300134C5E7F03200206414002044
:1075300018AE02083BAA384BE0AD0208FCAD0208C9
:10754000F0B50E4C26780E4C162506FB0544012797
:10755000994200DDF0BD09290DD90131F8E734F871
:1075600011C007FA05F646EA0C0624F81160013549
:107570009542F4DDF1E70546FAE700BFF86D00201B
:10758000FC6D002000000000000000000000000072
:10759000002101230E220846FFF7D2BF00000000A1
:1075A000274A02EB001393F86912002946D093F89A
:1075B0006B1292F8BE210A41D2073FD52DE9F04166
:1075C000204AB3F96C32DFF88C8004460020105555
:1075D0001D4A32F813504FF4E17202FB01331B4A8B
:1075E00032F81300431E48BF00F11E03B0F10E0134
:1075F0000E4648BF00F11101681F074605F105025C
:1076000048BF05F11A00124D5B115211491140118A
:10761000FFF796FF38F8140035F8141000F10A024D
:1076200001F10D035B09520949094009FFF788FF81
:1076300028F8147025F81460BDE8F081704700BF89
:10764000F03200203C5C0020746A0020645C002062
:10765000FC5B00200C5C002000000000000000002B
:107660002DE9F0415442844226DA144CDFF850C030
:10767000D4F800E00B4400EB4116002499421BDAD9
:107680000EEB4608002512E06F0703D1069F17F89E
:10769000014B0697270607D52F180F431F2F9CBFB6
:1076A000BCF8007028F8157064000135E4B2AA42F5
:1076B000EADC01312036E1E7BDE8F0815C1400200E
:1076C00066710020000000000000000000000000C3
:1076D00013B50446B0F904001F2813DC16390B4B10
:1076E000C1EBC1015A5C194402F007020091C2F1DA
:1076F000080292B20723B4F90610FFF7B1FFA3887E
:107700001A44A280002002B010BD00BFB0D0020811
:1077100037B50446B0F904001F2812DC0B231639D4
:107720005943094D6A5C294402F007020091C2F1F5
:10773000080292B2B4F90610FFF792FFA3881A4428
:10774000A280002003B030BD74E5020800000000F4
:1077500013B5154C94F8C431FF2B13D04FF4E172DC
:1077600002FB0300114B03EB80031B68C4F81832C3
:107770000DF106000E490122FFF76AFEBDF8060072
:1077800002B010BD94F8C231002BF1D094F8BF3193
:1077900094F8C3211343EBD180B2F7F769FA302391
:1077A00003FB0040836BE1E7F03200202839002022
:1077B000083500200000000000000000000000006C
:1077C000F7B580B2F7F724FB164A174C174FD2E9EA
:1077D00096321B1962F100021B1842EB01011724BB
:1077E0000020021902EBD272521007EB02154FEA89
:1077F000021EEE680196AE689E42019E8E4105D241
:10780000501C8442EDDA002003B0F0BD57F80E6042
:107810006C68B34271EB040401D2541EF1E70120FD
:10782000F2E700BFF0320020001F0AFA58B1020848
:10783000024B0022C3E90022704700BF3C5C0020DD
:1078400008B51B4B93F89A31013B052B08D8DFE8AC
:1078500003F00308070B1621DFED167A30EE270A36
:1078600008BDDFED157AF9E7DFED147A20EE270A7F
:10787000E8F7A6FDDFED127A20EE270AF0E7DFED4C
:107880000F7A20EE270AE8F79BFDDFED0E7A20EE57
:10789000270AEFE7DFED0C7A20EE270AE8F790FDE4
:1078A000DFED0A7AB0EE407A87EE270AD8E700BF0C
:1078B000F032002074F53B42BAFAD542E3C8EB3D02
:1078C0002DF9643EF4FD3440E3C86B3E00007A4479
:1078D00008B51C4B93F89A31013BF0EE407A052B2A
:1078E00008D8DFE803F0030A070D1A239FED167A84
:1078F00077EEC77AB0EE670A08BD9FED147AF7E716
:107900009FED130A87EE800AE8F7FAFC9FED117AE3
:10791000F3EE0E7A40EE077AECE79FED0F7A87EEF2
:10792000870ADFED0B7A80EE270AEDE79FED0B0A61
:1079300027EE800AE8F7E4FCDFED097A60EE277AAB
:10794000D8E700BFF032002074F53B42BAFAD542C6
:107950003046E24067F90A41F4FD344000007A44C1
:1079600067F98A40000000000000000000000000ED
:107970002DE9F0474B4F2DED028B07EB001204462B
:1079800092F86862B2F96C8216F010094FEA00139F
:1079900015D0454A126892B1444A125C7AB1444A01
:1079A00052F8202042450AD1424B03EB800393ED6D
:1079B000008AB0EE480ABDEC028BBDE8F0873B447C
:1079C0003D4D93F86B324FF4E16202FB035505EB3A
:1079D000880393ED000AFFF733FF06F00406B0EECC
:1079E000408AB9F1000F1ED097F89A912EB12E4B14
:1079F0001B6813B1062387F89A319FED308A4FF048
:107A0000000AB7F8CA3153453FDC07EE903AB8EEAA
:107A1000E70A88EE000AFFF75BFF87F89A91FFF705
:107A20000FFFB0EE408A26B3254BDFED267A1B8888
:107A300000EE103AB8EEC00A20EE270AE8F760FC24
:107A4000214BB3F9003007EE903AF8EEE77AF2EE08
:107A5000046A87EEA67A144B1B68DFED1C7A00EEF1
:107A6000678A37EE088ACBB9194BD3ED007A38EE26
:107A7000278A0E4B01221A550D4B43F824800D4BDB
:107A800003EB840383ED008A93E7B5EC010AFFF76B
:107A9000D7FE0AF1010A38EE008AB2E7DFED077A75
:107AA000E5E700BFF0320020D00700203C5C00205A
:107AB0001C5C0020445C00202839002000000000ED
:107AC000E83200200000C8427481002067F98A4033
:107AD000B4320020000000000000000000000000A0
:107AE00038B5084D002495F8693213B12046FFF7E8
:107AF00057FD0134082C05F11005F4D1BDE83840DC
:107B0000FFF746BDF032002000000000000000003A
:107B100010B5084C34F81140121B4FF4E17404FB0B
:107B20000011054830F811105B1A13FB03F312FB28
:107B3000023010BD746A0020645C00200000000068
:107B40000F4B2DE9F047B3F8CA9100244FF4C877E2
:107B50004FF0FF380FFA81FA06B255B2A14502DCA8
:107B60004046BDE8F087A1B2534632462846FFF7AB
:107B7000CFFF8742D4BF3846A04607460134EDE721
:107B8000F0320020000000000000000000000000B3
:107B90002DE9F04F4F4B504E1988B6F8CA2191424B
:107BA00087B0054635D1DFF84081002440464FF4C8
:107BB000E16796F8BE9149FA04F3DB0703D507FBAA
:107BC0000451FFF745FC0134042C00F56170F0D13D
:107BD000424B434C1978162301FB0344414B1B884D
:107BE0004FF0010B4FEA531C0BFA0CF31FFA83FE04
:107BF0000027924649FA07F212F001021CD1013720
:107C0000042F08F56178F5D107B0BDE8F04FFFF714
:107C100067BF1A80334C531E9FB2C3F34E014FF41B
:107C2000E17C00230CFB03100133BB42B0FBF7F0F7
:107C300024F8020BF6DDB6E7B8F80030CDF80C906A
:107C40005B09B94634F813104EEA010124F8131009
:107C50002449019160466746524504DBBC464F46C5
:107C6000DDF80C90CBE7019931F8025F01916D09C5
:107C700038F8121085424FEA511114D199420ED0B2
:107C800084469942A8BF1E46CDF808A0ACBF0B465B
:107C90000E4692469E4219DD5246DDF808A001329A
:107CA0000B462846D8E7B6BF8446AC462846E8E7E8
:107CB00034F816300BFA02F71F4324F8167001321D
:107CC0006245F5DDDDE904730136E3E7CDE90473D0
:107CD0000246F5E7F85B0020F0320020F86D002046
:107CE000FC6D0020746A0020645C0020000000002D
:107CF0000CB470B588B01F280C9E05DD002008B0BC
:107D0000BDE8704002B0704704AB05460C4618460B
:107D100000211022E9F7CCFE3146029011F8013B18
:107D2000ADF80C50012BADF80E4007D00B34022BF0
:107D300018BF31462A2CE1D8064B03E00734262C25
:107D4000DCD8054B06930DAA02A80192EEF798F92C
:107D5000D5E700BF11770108D176010800000000C7
:107D60002DE9F04F2DED068BA5B01123AB4C0D93F3
:107D70000023054607939E46A146A94B1B881F3347
:107D8000BEEB531F13DB5DB1A64AA448137883F002
:107D9000010313701622002103FB0200E9F788FE9D
:107DA00025B0BDEC068BBDE8F04F0AF049B939F8B3
:107DB000023BB9F8142013439BB20F934BB9079BB6
:107DC000203307930D9B203B9BB20EF1010E0D93C8
:107DD000D3E7E223CDE91AE90C930023069312932B
:107DE0001C950F9BD80741F114808F4B069A1B8876
:107DF0009B1A002B139341F30C80894B079A1B8825
:107E00009B1A002B41F30580202BA8BF2023099348
:107E10000AF006F9854B1860099B9A00844B1B8970
:107E2000013A03EB03431030013A511C40E904339B
:107E300040E9023300F11000F6D17E4B93F8BE31D9
:107E400013F00B0F139B40F2E77708BF0027202B9E
:107E5000A8BF20230893764BB3F8062CCAB987BB7A
:107E6000744B93F8AE310A2B75D1714B069A1C8C6A
:107E70006E4B18680023962A00F0C680B2F5967FF4
:107E800000F0C28008990133994202F10102F2DC4C
:107E900063E01E8F654D0024069BE018FFF790FC01
:107EA00020B9089B0134A342F6DCD8E72B6803EB2A
:107EB0004402002399010133565209999942F9DC91
:107EC000EFE75B4B98895C4BB3F90050574B1C684C
:107ED0005A4BB3F90070069B00224FF00A0803B317
:107EE000B3F5E17F1DD0F91808FB01F191FBF5FC1A
:107EF00005FB1C11092914DD08990132914203F197
:107F00000103ECDC4E4D0022079B2988D318B3FBFC
:107F1000F1F601FB163383B1099B01329342F3DC86
:107F20009EE704EB420C0021099E4FEA811E0231BC
:107F30008E422CF80E00F7DCDEE704EB8211069E81
:107F40009E19B6F5E17F089E98BF21F81300023311
:107F50009E42F4DCE0E7042B87D0364B93F8C23125
:107F6000002B73D1334B93F89E31002B40F0A5804A
:107F7000304B93F8BF31002B40F0A580129B0B2BA8
:107F800029DD079B2F4FDFF8B8901920C3F10205B8
:107F90000AF016F9274B93ED998AD3ED988A069B40
:107FA000C3F5CF7401340A2624B218EE100AE8F79C
:107FB00043FE0FFA85F8CDE900013A4641462046D6
:107FC000FFF796FEB9F80030013E38EE688A1D448E
:107FD00001D01F2DE9DD069B089A1B4D9818154B03
:107FE000B3F8CA210023114603EB010B0BEBDB7B3B
:107FF0004FEA6B0B35F81B40A04200F381805945D6
:1080000000F033815946EFE700EB430500218E0174
:108010000131AC53099E8E42F9DC33E7FC6D002040
:10802000286E0020F86D0020601400205C140020F1
:10803000EC070020F0320020386E00203A6E00205D
:1080400064140020F37D0208746A0020A04B93F8AA
:10805000C341002C86D19F4B069EB3F820A0DFF8C9
:1080600070B2DFF87892BBF8CA514FF4E17705FBA4
:1080700006F0B0FBF7F080B2F6F7FAFD0136804665
:108080007543B5FBF7F7B8B2F6F7F2FD8045924BB2
:1080900004D1089A0134A242E5DC63E79D42F8DC92
:1080A000D9F8002002EB440100229001013221F8AE
:1080B00000A009989042F8DCEBE7854B93F8C431B7
:1080C000FF2B7FF455AF834B069D1F8C834E0024FE
:1080D0002846FFF73DFB079BC01A0AD4099B834241
:1080E00007DDB5F5E17F04DC336804EB401023F8CD
:1080F0001070089B0134A34205F10105E8DC3DE75F
:10810000069EA64204DD5B4500F0AF805B466BE750
:1081100073495B46013B002B04DD31F81340069D9B
:10812000A542F7DD6E49013A0BF1010B934503DAE5
:1081300031F81B40A042F7DC654A694D92F8BE61F8
:10814000664A6848D2F800A005EB430559000022B2
:10815000AC4646FA02F414F00104109440F0898011
:108160000132042A00F56170F3D1DFF874B14FF0E9
:10817000000A4FF4E179564B93F8BE3143FA0AF303
:10818000D90700F123810AF1010ABAF1040FF2D1F3
:108190001A9B012B00F37A814D4B93F8AE310A2BD9
:1081A00002D0042B40F0B58101200AF009F8032029
:1081B000F7F7DEFB00230322E9F762F9069BBDF81F
:1081C0001CA0DFF83C91DFF824810B90C3F10A0377
:1081D0001FFA83FBCAF101031BB20E9100240A931C
:1081E0000B9B02930E9B039359F8040BE8F724FDB5
:1081F0000FFA8BF5CDE900013B4A0A992846FFF7B3
:1082000077FD334B93F8AE310A2B40F06081374B4A
:10821000DFED377A98ED007AD3ED016A27EE277A01
:10822000D3ED007A77EEA67AD3ED026A77EEA67ADE
:10823000C7EE277A17EE900AE8F7FEFCCAF10E03A4
:10824000012C06460F461BB240F00081294ACDE9B9
:10825000006719462846FFF74BFDCDE90067254A20
:1082600025481421EEF78CF906E14FF0000B5B4630
:1082700062E7224C169334F8124011944418CDE969
:108280000A4CCDE914621D46189089465D4505DB10
:10829000DDE91462169B1898494661E70B9B079A23
:1082A000188833F8021F0B93069B069FC91A0A9B76
:1082B0001B889C1A0A9A32F8026F0A92079AC01B0E
:1082C000A6EB02021ED5002980F2B7850135DDE755
:1082D000F0320020EC0700207F1303005C14002024
:1082E000746A0020645C0020FB7D02082C320020B0
:1082F0000000C8426B7E0208506E0020000800207B
:1083000038320020002C33DA002ADFDB1F2800F38C
:108310009C85B34205D8134622461C460B460146AF
:1083200018460E1A002EC8BF461AA4EB0207D4BF87
:10833000DDF840E04FF0FF3EF7424CBF06EBD6734E
:1083400007EBD7735B10002AC3F100031ADA9E42D1
:10835000BABFA3EB0708714498469F4206DDB2F10D
:10836000FF3FA8EB06030CD0013298464346EEE7E8
:108370001F2801DD1F29A9DC1F2CCADD1F2AC8DD2B
:10838000A4E70022520164010E9519901F2907D815
:1083900001EB020811983AF8185005432AF81850D2
:1083A0001998884201D194420CD09E42BABFDD1B7D
:1083B00071441D469F4207DD2032B2F5806FA5EB68
:1083C000060501DB0E9D81E72B46DFE70027BE4E49
:1083D000B84696F8693208F101088BB396F86B320B
:1083E00053452DD1B6F96C32069A3BF81340A41AC6
:1083F000A21D2A2A24D809FB0A33B44A32F81350A2
:10840000079BED1A2D2D1BD80AF10600B04F053C35
:108410000E3D80B209F0D4FE0E230B2229460097B0
:108420002046FFF71DF9002009F0CAFE1C2303FBBC
:10843000087700970E230B2229462046FFF710F9F4
:10844000B8F1080F06F11006C3D19CE6A14A19ED58
:10845000017AD2ED017A109377EE677A17EE900ADF
:10846000E8F7EAFB109B9C4ACDE90201CDE90067E1
:1084700019462846FFF73CFC01340BF1960B032C00
:108480001FFA8BFB08F104087FF4AAAEDDE90601B0
:10849000F5F77EFF139B1F2B00F3B4848F4B0899D5
:1084A0001B68480003F1400203EB410309990139BD
:1084B00000F0A8849C1E1646851832F8027B24F82A
:1084C000027FAA42F9D1034406F14002EFE7012CF2
:1084D000D2D1804B93ED027AD3ED007AD3ED016ACD
:1084E00077EE877AB6EE007A47EEC76A16EE900A04
:1084F000E8F7A2FB06460F46CAF10E01784ACDE91D
:10850000006709B22846FFF7F3FBCDE90067754A1B
:10851000A6E66D4F4FF0000BCDF828B0CDF82CB08B
:10852000BA463E46BB460A9B032B40F0C5819AF8EB
:10853000AE31053B042B7ED8DFE813F005000500C3
:108540002500EC001D01D6E9A471D6E9A024BA42A9
:1085500074EB010013D2BF1A61EB0404624ABDF947
:108560003410BDF93000CDE90074FFF7C1FBCDE94F
:1085700000745E4A5E481421EEF702F859E0D71BFA
:1085800064EB0104EAE75B4BB6F97C2203EB820261
:10859000D2ED007AB6F98C2203EB820292ED007ADA
:1085A00077EEC76AB9EE046AF4EEC66AF1EE10FA25
:1085B0003FF56CAFB1EE046AF4EEC66AF1EE10FA64
:1085C0003FF764AFB6F96C2203EB820377EE877A4C
:1085D00093ED000AB6EE007A17EE870ADFED467AD1
:1085E000B4EEE70AF1EE10FA3FF550AFB5EEC00A6F
:1085F000F1EE10FA3FF74AAFDFED407A20EE270A9E
:10860000E7F7DEFEDFED3E7A3E4ABDF93410BDF9F4
:10861000300020EE270AFDEEC07A17EE903ACDED3D
:108620000B7AFFF765FB0B9B374A31481421EDF7B6
:10863000A7FF03230B939BF86932002B00F0C08245
:10864000214B119300230E939AF8BE310E9A1341D9
:1086500013F0010900F0AA829BF86B32934240F0BC
:10866000A5822A4B93ED008AF3F722FD119BDAEDE8
:10867000857A1B7C002B40F03982119B93F8AA313C
:10868000002B40F0338238EE408A9AF8982138EE79
:10869000278AFDEEC87A17EE903A002A40F0218230
:1086A0009AF8FD25002A00F01A82203309DA9BF897
:1086B00068325A0740F11A82154B1B88012B40F291
:1086C0001582142015E200BFF0320020645C002007
:1086D00058B00208383200200A7E02085C140020DC
:1086E0001B7E0208AF7E0208287E0208377E020841
:1086F000506E00202839002000008CC2E3C8EB3DFA
:108700007AFC47433D7E0208447E0208C0070020F1
:10871000E0070020D6E9A001E8F71AFEB44BDFED30
:10872000B56A1B8807EE903A07EE100AF8EEE77A72
:1087300007EEA67A17EE100AE8F7BAFED6E9A447C4
:1087400084420A4677EB01010346FFF49FAEE41A28
:1087500067EB0207640844EAC7747F08A64ABDF9BC
:108760003410BDF93000CDE90047FFF7C1FACDE97B
:108770000047A24AFEE696F86932002B3FF45BAF51
:10878000B6F96C22B6F8CA31B3EBC21FBFF653AFCD
:1087900096F89A310A930020062386F89A31DDF87C
:1087A0002CB09FED979AFFF7E3F8B6F96C72092F9A
:1087B000DEBF03237F0097FBF3F7924BB3F8CA01A8
:1087C00000F1FF3080B2D6E99C45F0EE408AC8BF88
:1087D0000A27F6F71DFB4FF000080B908A46022689
:1087E000C14604FB08F3A4FB062106FB05330B443A
:1087F0000B998A4273EB0A013AD3824BDFED7D7A03
:1088000093F86B020A9A83F89A2189EE288AB1EECE
:10881000C88A063028EE278A09F0D2FC18EE100A22
:10882000E8F70AFA0D460BEBDB714910079B764A15
:1088300009010446BBF1000F0BF0010001F1010139
:10884000A1EB0301B8BF4042E1235843069B01302E
:10885000C01ACDE900454B4609B200B2FFF748FA0D
:10886000CDE90045694A6A481421EDF789FE0DE615
:1088700000970120F6F714FDD0B162493246D1E9E4
:10888000A0014346E8F7FCFD221945EB0503121948
:1088900045EB0303801843EB01018408012044EAFF
:1088A00081748D08FFF764F839EE009A09F1010927
:1088B000013648F1000894E70A9B012B7FF7BBAE15
:1088C0009AF8AE010B2805D0A0F10D03DBB2012B05
:1088D00000F2B28096F86932002B3FF4ACAE002073
:1088E000DDF82CB04B4CFFF743F84B4BDFED4B7AE8
:1088F00093ED00AA96F8AE3170EE277A0B2B77EE47
:10890000CA7AC4ED007A2CD0B2EE049A87EE890AB6
:10891000DFED438A20EE280AE7F752FD414BD3ED05
:108920002E7AF0EE409A87EE890A20EE280AE7F7C1
:1089300047FDB0EE408A8AEE090A20EE280AE7F7E2
:108940003FFDF7EE007A38EE678AC8EE007A39EE1E
:10895000E70AE7F7D5FC20EE090AC0EE287AC4ED55
:10896000007A284C94F86B02063009F029FC94F840
:10897000AE61BBF1000F0BF00104B8BF6442E1230C
:108980005C430BEBDB75069B01346D10E41A2D0183
:10899000079B0135ED1A1F4B0B2E186824B22DB220
:1089A00010D1E8F749F9CDE900011F4A29462046D0
:1089B000FFF79EF9174B1868E8F73EF91B4ACDE917
:1089C000000150E7E8F738F90D2E03D1CDE9000199
:1089D000174AEBE7CDE902010F4B1868E8F72CF9CD
:1089E000144ACDE9000129462046FFF781F9E1E765
:1089F000E83200200000C8424A7E02085C7E02087D
:108A000000000000F0320020627E02086B7E020847
:108A1000506E0020B4700020AC70002014EE2D4386
:108A20008E5D1340EC070020737E0208AF7E0208C3
:108A3000847E02089B7E020802287FF4FCAD9AF82F
:108A40008932002B3FF4F7AD9AF89932002B3FF4AE
:108A5000F2ADFEF78DFF0320F0EE408AFEF788FFAF
:108A60000020F0EE409AFEF783FF0120B0EE408A2E
:108A7000FEF77EFF70EE688AB6EE00AAF0EE487A46
:108A800048EE8A7ABDF93460B0EE409A17EE900A4B
:108A9000E8F7D2F8069BAF4A04460D46C3F1010041
:108AA000CDE90045314600B2FFF722F9CDE9004596
:108AB000A94AAA481421EDF763FD38EE698ABDF989
:108AC000304008EE0A9A19EE100AE8F7B5F8A14A04
:108AD000CDE9000131462046FFF70AF9D6E4093313
:108AE000E4E5012A02D11C33BFF6EBAD9BF86B0223
:108AF000063009F065FB002009F072FB0B9B0A9819
:108B0000BBF96C82002B03F00105B8BF6D42E12375
:108B10005D43069B0135ED1A0B9B03EBD374641088
:108B2000079B24010134E41A9BF868321093FEF786
:108B30001FFF0A9A9AF9B531934214BF20231823D4
:108B40008DF87830134631338DF87930109B109AB8
:108B50009B0645BF54238DF87A300DF17A030DF151
:108B60007B0312F00202B0EE408A159208D01A463A
:108B7000172102F8021B9BF86A1231315970134613
:108B8000DFED777A20221A70B4EE678A2AB2189243
:108B9000F1EE10FA22B219921BD1DDE91801714AE7
:108BA0001EABFFF7A5F80B9B01330B930E9B013314
:108BB0000E93119B013311930E9B042B7FF444AD54
:108BC0000A9B0133082B0A930BF1100B7FF4ABAC1B
:108BD0005CE49AF89A211492159ADBE99C47002AE2
:108BE00000F0AD809BF86A02149A00F12701073269
:108BF0000AEB001514920A01B5F96CC25AF802206A
:108C00000AEB0111E0454968B5BFACEB0808A8EBD9
:108C10000C084FF02D0C4FF02B0C944203F1020581
:108C200083F801C077EB010380F08580141B61EBB2
:108C30000707FEF79DFE38EE408A0023A3424FF05F
:108C40000063BB4105D22D23644205F8013B67EB6D
:108C50004707DAE98E02DAE990139A4208BF8842A0
:108C600040F09880DAF8F0353F4A03FB08F8BAF88C
:108C7000CA31013B534307EE103A07EE908AB8EE33
:108C8000477AF8EE677AC7EE877A17EE900AE7F729
:108C9000D3FF364ACDE900010F212846EDF770FCDD
:108CA0003348037813B92946E8F732FE9AF89A2137
:108CB000304B314C314D324F032A88BF1C46621C69
:108CC00018EE100A1D92E7F7B7FF149A2D4B53F8D0
:108CD00022802D4B159A002A08BF1D46109ACDE917
:108CE000160112F0040F9DED167B284908BF1F46A0
:108CF00012F0100F0CBF994689461EABCDE90479DE
:108D0000CDE902858DED007BDDE918011D9AFEF7A6
:108D1000EFFF12480378002B7FF445AF9DED167BE3
:108D2000CDE90479CDE902858DED007B221D14216A
:108D3000EDF726FC37E7A41A67EB010779E75D1C1E
:108D4000DAE9963212495B1862F100021C1947EB0E
:108D5000020772E7B57E0208AF7E0208506E00205F
:108D6000000080FFC57E020840420F0030830208E9
:108D70003C6E0020CA7D0208DB7D0208197E0208D5
:108D8000EC7D0208C4B4020857780208F07D02089E
:108D9000001F0AFA0120F6F73BF8169000208846DB
:108DA000F6F736F82A4B0022A34272EB070C18D2D2
:108DB000169B181A68EB010150EA010309D0DFF88D
:108DC0009CC00A23844572EB010E02D3B9F1050F52
:108DD00010D1204BA3424FF00003BB4138BF09F133
:108DE0000309CDE900471C4A4B460F212846EDF701
:108DF000C7FB55E703FB01FEA0FB030109F10109D5
:108E00007144DFE7DDE90601DDE908231E3009F0E2
:108E100027F9129B01331293069B203306930C9B78
:108E2000203B9BB20C930F9B5B080F937EF4D9AF52
:108E3000DDE91AE91C9DFEF7C2BF002CBFF69CAA13
:108E4000002ABFF666AAFFF741BA1F29FFF797BAB3
:108E500040420F00FFC99A3BCC7E02083F420F0000
:108E600000280DDB08B5FEF79BFBFEF791FB012008
:108E7000FEF776FF034A138843F02003138008BDF2
:108E8000704700BF8A5B0020000000000000000067
:108E90002DE9F047AB4C94F89831023BDBB2012B43
:108EA00098B044D903F014FE18B1A74B1B78002BDF
:108EB0003DD094F8C231002B76D094F8C351002DE8
:108EC00072D1012009F07CF9284609F089F90923BB
:108ED0004FF4E17240F237111E2009F021F8DFF85B
:108EE000A0829A4FA8B2F5F7C3FE2E4681460136FE
:108EF000B0B2F5F7BDFE4845F9D04FF0300E0EFB8D
:108F000009F3E1180A7EBAB11833914A23442821A3
:108F10000EA8EDF735FB4FF49C7205F11E010EA86B
:108F200009F0F6F9B4F8CA310A3BB34202DC18B0D2
:108F3000BDE8F0873546D5E7D1E90A20D4E9963176
:108F400013EB070CB4F8CA3198ED007B4FEA93039A
:108F5000A6EB050AA3F1140361F100019A458DED1A
:108F6000027B19DA09FB0EEE04EB0E0954F80E3001
:108F7000D9F804E0D31840EB0E025B0843EAC27351
:108F800013EB0C0341EB5202CDE90032714A282168
:108F90000EA8EDF7F5FABEE712EB0C0240EB01006C
:108FA000CDE900206C4AF2E7D4E996136B4A674D8D
:108FB000002B08BF9142D4E98E02D4E990130CBF74
:108FC000674E684E9A4208BF884267D10420F6F780
:108FD000CFFCD4E996325B1962F100021B1842EB18
:108FE0000102CDE9003228215F4A0EA8EDF7C8FA48
:108FF000D4F8F0359FED5D7A07EE903AF8EE677A97
:10900000C7EE877A17EE900AE7F716FE584ACDE9C1
:109010000001202106A8EDF7B3FA012009F0D0F8ED
:10902000002009F0DDF809234FF4E17240F2371116
:109030001E2008F075FF4F4B5B7C022B7BD1182361
:109040008DF8383006A8E8F7C3FC00EB80054FF434
:109050009C72C5F5F07106A809F05AF94FF49C729C
:109060001E210EA809F054F9142009F0A9F80120D6
:10907000F6F77EFC404B83424FF000038B41BFF478
:1090800056AFB4F9CC310F2B7FF751AF3B484FF4BB
:109090009C72C5F5B17109F03BF948E7B4F8D2010B
:1090A000374F10F0010028D1F6F762FC0496D7E99B
:1090B0000023CDE90223D4E996325B1962F1000264
:1090C0001B1842EB0102CDE9003228212D4A0EA8DF
:1090D000EDF756FA0120F6F74BFCD4E996325B190E
:1090E00062F100021B1842EB0102CDE90032264A70
:1090F000202106A8EDF744FA8FE70220F6F738FCA6
:109100000496D7E90023CDE90223D4E996325B190E
:1091100062F100021B1842EB0102CDE90032282166
:109120001A4A0EA8EDF72CFA0320F6F721FC184A8C
:10913000CDE90001DCE7032B04BF18238DF81830BC
:1091400080E700BFF032002024320020001F0AFA1E
:109150004F860208BF730208DC7E020800E1F505B5
:1091600057780208D47E0208EC7E02080024744975
:10917000F57E02082871002000943577567F02089A
:10918000306E0020017F02081E7F02082B7F02083C
:10919000497F0208000000000000000000000000FD
:1091A0002DE9F04F89B0054602F0A2F8002840F002
:1091B0002081C24BC24C1870C24B1870238898068D
:1091C00040F11A81C04B1878C04B1622FF2100FBDA
:1091D0000230E8F76DFC238803F06903002B00F0F0
:1091E0008880BB4E2846FEF7BBFD96F8A431002BC5
:1091F0003ED023881B063BD4B64BDFF8E8921D888F
:10920000B54B1B78B5F5E17F28BF4FF4E175002B16
:1092100000F0308140F23518DFF8E0A2B9F8001014
:10922000884580F22C8196F8BE21AC48002342FA92
:1092300003FC1CF0010F00F0348110F803C0BCF1F6
:10924000000F40F02E81A64AB6F8CAC14FF46170F3
:1092500000FB032200231846C1F1FF094FF4E17817
:109260006045C0F2568101232A461E2008F0C0FE48
:1092700096F8A531002B3CD0904B1B78002B38D0B2
:10928000002008F0ADFF012008F09AFF914B954FA8
:109290001D88914B3A881B788848002B0CBF032609
:1092A00002261D355FFA86F900954B4603322121CF
:1092B00009F056F9854206DD39880E2373432A1AD0
:1092C000033108F02DFE3A887E48009503324B4664
:1092D00002EB0612212109F043F985424FEA0618F4
:1092E00007DD39880E23033173432A1A414408F0FD
:1092F00017FE2388580701D502F05AFF23889907E3
:1093000001D5FFF7C5FD2388DA0670D509F0B8F955
:10931000002800F01881744B93F84E3C5B0600F077
:109320001281152008F04CFF704B009310231A4651
:109330004FF48271042008F063FFF0F701F9051E75
:1093400055DD40F6E3439D4240F30A8140F63B7011
:109350008542CCBF0A20062008F032FF002008F02A
:109360003FFF634B02930DF10B0141F268020423AE
:1093700040F6E44603F003001F460133002800F0E6
:10938000F1809542ACBFBD208120643AB24201F821
:10939000010FEFDC20336B44812203F8182C07F116
:1093A00020036B4402AEFF2203F8162C4FF48C719D
:1093B000FB1C08220720009608F022FF07EE905AB7
:1093C0009FED4C7AF8EEE77AC7EE877A17EE900AAF
:1093D000E7F732FC484ACDE9000118213046EDF7A5
:1093E000CFF807F58F720121304608F091FF002376
:1093F000238009B0BDE8F08F190701D5FEF7C8F842
:1094000023885A067FF5E7AE0020FEF7A1F92E4B20
:109410001A780B21C0F34F1301FB02332B4A4FF68E
:10942000FF7122F81310D6E6514604232A461E2067
:10943000CDF800B008F034FE0AF1010104232A46F9
:109440001E2008F0D5FDAAF1040AB9F80080C24533
:10945000EADAC8F59B78D8F1000202F0030208F0BE
:10946000030358BF5342A8EB0308C8F59A7808F1E4
:109470000108D1E6DFF884B04FF4997AE5E7414678
:1094800001232A461E20CDF800A008F009FE012382
:1094900008EB03012A461E2008F0AAFD08F1FF3858
:1094A000BCE60133042B7FF4C2AED70728D50023D6
:1094B000C9E60123C7E60223C5E600BF506E0020BF
:1094C0008A5B00203C6E0020F86D0020FC6D0020BF
:1094D000F03200206014002024390020963400204F
:1094E000645C002062140020EC07002034AE020807
:1094F000003C3CFF00007A44687F0208687100204D
:109500009007D6D45307D6D417077FF5B1AE0323FF
:1095100099E632F810E0CE441FFA8EFEBEF1FF0F3E
:109520003FF6A1AE104F013037F81EA008FB00FB3C
:1095300003FB0CFEDE45BFF693AE0C4FE64427F866
:1095400013A00133F6E7002008F04AFE10231A4664
:109550004FF48271042008F0E3FC09F0A1F8ECE676
:109560000B20F9E6812011E754AE02086871002053
:10957000024A138843F02003138070478A5B00205F
:1095800008B5002008F02CFE08F0CAFDFFF780FCAB
:10959000BDE8084002F00CBE000000000000000022
:1095A0002DE9FF410024A0461E4A0023A7B21D4614
:1095B0001646013522F8023BB5F5F07F3B449BB2DD
:1095C000F7D101232A462146002008F011FD4FF46F
:1095D000707200211348E8F76BFA009601232A46BF
:1095E0002146002008F05CFDCDF80C80039BB3F50C
:1095F000F07F05DB0134B4F5A07FD5D101200DE06B
:10960000039A039B36F8122013FB07F39BB29A428E
:1096100003D1039B01330393E8E7002004B0BDE8C6
:10962000F08100BF68710020000000000000000011
:1096300010B5184A92F8A431022B27D092F8A51140
:1096400021BB012B24D0032B0CBF5A234FF49B7357
:10965000114C0A212380B3FBF1F310490B80104910
:1096600003EB83035B000B80B2F8A43153B10020FD
:1096700008F0B6FD21884FF4E172C1F59B731E20FE
:1096800008F04EFCBDE81040FFF772BFB423DFE7DF
:10969000F023DDE7F0320020621400206414002083
:1096A000286E002000000000000000000000000004
:1096B0002DE9F74F0020F6F75BF96F4D06460320C2
:1096C000D5E996478A46F6F753F950EA01038146F1
:1096D00088466CD0694AA41867F10003A4190746AC
:1096E0000E46A1464AEB0308654BB3F8042C002A4A
:1096F00061D10A22002338463146E7F7C1FE04460D
:109700000D4622462B4648464146E7F7B9FE10462D
:1097100040F2E932944275F100021946C0F091809E
:1097200064220023E7F7ACFE4FF4E17AA0FB0A9035
:109730000AFB01086422002338463146E7F7A0FE01
:1097400002460B4648464146E7F79AFE642200234C
:109750000FFA80F829462046E7F792FEA0FB0AB0F0
:109760000AFB010A4FF47A72002338463146E7F7C4
:1097700087FE02460B4658465146E7F781FE414AAE
:10978000414B00B210803E4AC3E90045B2F8042CB8
:109790003E4BA3F8008002B91A80FFF749FF3C4A0C
:1097A000138843F02203138003B0BDE8F08FD5F88F
:1097B000F075002698E7022A9CBF0622A3F8042C25
:1097C000B3F804BC334C4FF0090A00250521A4FB73
:1097D000012301FB053338463146CDE90032E7F776
:1097E0004FFE584571F10001DDE9003226D2221901
:1097F00045EB050338463146CDE90032E7F740FE38
:10980000584571F10001DDE9003217D222462B469E
:1098100038463146E7F734FE584571F10001BFF490
:1098200070AF0A22002320462946E7F729FEBAF145
:10983000010A3FF466AF04460D46C7E714461D46CD
:109840005FE74FF4E179A0FB090C09FB01C13A463F
:109850003346E7F715FEA4FB09A309FB05390A22E5
:1098600000230FFA80F831463846E7F709FE024632
:109870000B465046494680E7F0320020001F0AFAA6
:10988000EC070020386E0020306E00203A6E002079
:109890008A5B002000CA9A3B000000000000000024
:1098A000024B002283F8A421FFF7C2BEF032002051
:1098B000034A1388012043F036031380FFF770BC7E
:1098C0008A5B002000000000000000000000000093
:1098D0004FF08043586A704700000000000000000D
:1098E000054B5A7C824205D0044A5874138843F0D1
:1098F0000A031380704700BF287100208A5B002094
:109900008AB1144B93F84D3C5BB1134BDFED137AE6
:1099100093ED827AB4EEE77AF1EE10FA4CBF0123B0
:109920000023537170470C4BDFED0C7A93ED827A74
:10993000B4EEE77AF1EE10FA0BDA064B93F84D2C01
:10994000002A0CBF6422002283F84D2C044B012214
:109950001A707047EC070020F032002000007F43AF
:10996000541400200000000000000000000000006F
:1099700006490B6822B1003B18BF012353717047A1
:10998000B3FA83F35B090B60704700BFB07000202F
:109990000B4991F8C33122B1003B18BF0123537129
:1099A0007047084A01201070B3FA83F3064A5B0936
:1099B00081F8C331138843F026031380704700BF3A
:1099C000F0320020541400208A5B002000000000C8
:1099D000042802460F4BA8BF0422F0B533F83260CA
:1099E0000E8003EBC20304285A889C884A808C802E
:1099F0009F79DB88CB800CDD04380A25B0FBF5F3BA
:109A000005FB130010FB07F013FB046402440C80F9
:109A10004A80F0BD70BE0208000000000000000097
:109A20000A4B1A880A4B1B889A420DD1094B188899
:109A300040B11E23B0FBF3F203FB120080B20028FA
:109A400008BF1846033070471E20FBE79E700020B9
:109A5000A0700020A27000200000000000000000A4
:109A600030B5114B93F89831002403F0FD030278D0
:109A7000150707D50A6801320A604578B2EB151F51
:109A800011DB0C60827A52070AD00A300278550640
:109A900001D5002BEBD1920605D5012BE7D102E0D1
:109AA00000690028F2D130BDF03200200000000033
:109AB00013B5084B1A78084B002453F82200019480
:109AC00010B9204602B010BD01A9FFF7C9FF01344B
:109AD000F6E700BFEC7000206814002000000000D2
:109AE00010B5154B1A78154B53F82240FFF7E0FFDD
:109AF000134B1A68002ABCBF4FF0FF321A601A6875
:109B00008242A4BF00F1FF321A60227802F00702FD
:109B1000052A03D11A680AB901221A601028A8BFC1
:109B20001020084A0928B8BF09204FF4A073B3FBDE
:109B3000F0F3013B138010BDEC700020681400208E
:109B4000E8700020E2140020000000000000000087
:109B500048B1431E012013F8012F02B970470A2AA9
:109B600008BF0130F7E70120704700000000000047
:109B7000F0B502460B46012600240A252146304650
:109B8000A6FB056405FB0144B24273EB0407F5D262
:109B9000061841EB0105B24273EB05040AD3052414
:109BA00004FB01F7A0FB0401394482428B413CBF16
:109BB00030462946F0BD0000000000000000000013
:109BC00010B5164CFFF784FE2368C31A142B03D874
:109BD0006420E8F715FDF5E74FF0904310491A6946
:109BE0000B88206002F00E0222EA03030A801A07A3
:109BF000C3F3800007D50B4A92F8492C002A0CBF0A
:109C00001022202210439B0707D5064B93F8493CAE
:109C1000002B0CBF20231023184310BD1C71002003
:109C200020710020EC070020000000000000000070
:109C30002DE9F041254FDFF8A080254EFFF748FEC3
:109C40003D680446451B0A20E8F7DAFC4FF09043D4
:109C5000B8F800C01A6941F2873091B2854202F02B
:109C60000E028CEA020301D948072DD413F0040038
:109C700005D0A8F800203C600120BDE8F0819445A3
:109C800003D0A8F800203C60F7E741F288339D42FA
:109C9000D4D93368A342D1D211F0020006D00D4BC3
:109CA00093F8493C002B0CBF602050200B0707D5D0
:109CB000084B93F8493C002B0CBF502360231843FA
:109CC00004F5C8743460D8E70420D6E71C7100207E
:109CD00018710020EC070020207100200000000017
:109CE000F8B50F4D4FF09046284600220221EBF7C1
:109CF00087F801244027402280214FF09040EBF765
:109D00007FF82C832246214628463783EBF778F8E4
:109D1000224639463046BDE8F840EBF771B800BF3F
:109D200000040048000000000000000000000000E7
:109D3000064991F84E3C1AB1C3F340035371704782
:109D400083F0020381F84E3C09F0BAB9EC07002019
:109D5000064991F84E3C1AB103F001035371704764
:109D600083F0010381F84E3C09F0AAB9EC0700200A
:109D7000064991F8433C1AB1C3F34013537170473D
:109D800083F0200381F8433C09F09AB9EC070020E6
:109D9000064991F8433C1AB1C3F30013537170475D
:109DA00083F0100381F8433C09F08AB9EC070020E6
:109DB000084991F8433C32B1DB0883F0010303F01A
:109DC00001035371704783F0080381F8433C09F0A5
:109DD00077B900BFEC070020000000000000000081
:109DE0005AB1074B93F89931990702D50223537161
:109DF0007047003B18BF0123F9E7F1F7B1BE00BF80
:109E0000F032002000000000000000000000000010
:109E10003AB1054B93F9B331003B18BF012353719D
:109E20007047F6F725B800BFF032002000000000B0
:109E30005AB1074B93F89C31990702D5022353710D
:109E40007047003B18BF0123F9E7F2F791BE00BF4E
:109E5000F0320020000000000000000000000000C0
:109E60003AB1054B93F89B31022B28BF0223537163
:109E70007047F2F795BE00BFF032002000000000EE
:109E80002DE9F047DDF820A09AF804400546BAF81D
:109E900000000E461746984604F0070408F090F9B3
:109EA000BAF8020008F09CF9002C49D09AF8049006
:109EB00019F0100F0CBF0E200D2008F091F9284664
:109EC00023463A46314608F02BF819F0800F0CBFB4
:109ED0000E200D2008F084F9E819001B43462246A5
:109EE000314608F01DF819F0400F0CBF0E200D2070
:109EF00008F076F9284643462246314608F010F825
:109F000019F0200F0CBF0E200D2008F069F906EBA8
:109F1000080123463A46091B284608F001F8BAF81A
:109F2000020008F05DF919F0080F09D1A8EB44030D
:109F3000A7EB440231192819BDE8F04707F0F0BF3C
:109F4000BDE8F087000000000000000000000000F5
:109F5000002860DBF0B58FB00423ADF80C302E4B39
:109F60002E4F1B6883420BBF6223922305220322DC
:109F70008DF810303B68ADF80E200130002293F9C7
:109F80000140ADF8082013F81010254B460003EBF4
:109F9000C40033F834408288C3880D0902FB0544AD
:109FA000458801F00F0103FB015503A90091A0B200
:109FB000A9B2FFF765FF3B681E4496F901006328CC
:109FC0000BD093F90130F3B91E2808DC05F1190212
:109FD00004F13401C0B208F0E3FA0FB0F0BD114B48
:109FE0001F3853F820603046E7F7F2FC0C2303FBE0
:109FF00000F1C1F1780105F11D0204EB5101304679
:10A0000008F0DEF9E9E78DF8080005F1110204F126
:10A01000140102A8F4E77047E8700020DC7000200B
:10A0200058CA02089CB402080000000000000000AA
:10A03000F0B5041E91B03BDB0D4603A9FFF7C8FC49
:10A04000032C33D11B4B1B88002B14BF0B23032382
:10A05000ADF816300423ADF81430174B1B68A3423B
:10A0600014BF912361230DB943F00803BDF80C60C0
:10A07000BDF80E709DF812408DF8183005AB0093B6
:10A08000BDF81020234639463046FFF7F9FE7DB172
:10A090009DF813100B3C04EBD47407EB64023144BD
:10A0A000284611B0BDE8F04008F05AB90323CFE7C5
:10A0B00011B0F0BD9C700020E8700020000000008E
:10A0C00008B509490320FFF7B3FF08490020FFF74F
:10A0D000AFFF07490120FFF7ABFFBDE80840054986
:10A0E0000220FFF7A5BF00BF6E7F0208727F020843
:10A0F000747F0208767F0208000000000000000064
:10A100002DE9F843404B1B78383BDBB2012B074667
:10A110004AD93E4A002312F8011B002940D10322EC
:10A12000B3FBF2F202EB42029B1AC3F1020344F6C4
:10A1300024141C4124F00104A4B2112008F040F8BA
:10A14000122008F04DF84FF000084FF040091FFAB8
:10A1500088F3FD5C55BBC9F5EF72202301324FF443
:10A160009271484607F0DCFE3B78002B49D1284D20
:10A170002868002845D0FFF7EBFC0446112008F0C2
:10A180001FF80B2303FB04F2203202EBD2725210B1
:10A190002868C2F5A072BDE8F843522108F0E0B883
:10A1A0002E29BCD00133B6E75424C6E72E2D1DD18D
:10A1B0002401A4B20A2514F0010F0CBF02260C26BC
:10A1C00032464E44484620234FF49271B6B207F00F
:10A1D000A7FE31464FF49272E8B2103608F0E0F96B
:10A1E00064081FFA86F908F10108B0E72D2D04D1A3
:10A1F00024F00304A4B20B25DDE7303D25EAE57524
:10A20000D9E7BDE8F88300BFF4700020F8700020A3
:10A21000F0700020000000000000000000000000BE
:10A2200008B53AB1074BB3F8063C003B18BF012311
:10A23000537108BDF1F784FC034A138843F02003EF
:10A240001380F6E7EC0700208A5B00200000000086
:10A25000264B997A002A41D070B52DED028B02F180
:10A260000C0484B0002937D0214A1068002829DB6B
:10A2700007EE900AB3F8CA21B8EEE77AD3ED887AF0
:10A2800027EE277A07EE902AF8EE677A80B287EEFB
:10A29000278AD3ED877A38EE278AF4F7B9FD064688
:10A2A00018EE100A0D46E6F7C7FCCDE90065CDE9CA
:10A2B0000201104A20212046ECF762F904B0BDECFF
:10A2C000028B70BD0C4A2021204604B0BDEC028BED
:10A2D000BDE87040ECF754B9084AF4E781F0010199
:10A2E0009972074B01221A70704700BFF0320020AC
:10A2F000E4070020787F02088E7F0208997F020819
:10A3000054140020000000000000000000000000C5
:10A31000072809D8064B03EB001090F869321BB1EF
:10A32000B0F86C02F4F774BD00200021704700BF44
:10A33000F0320020000000000000000000000000DB
:10A34000023800238B4200DB704730F8022F52BAEC
:10A3500002800133F6E7000000000000000000006A
:10A3600008B508463AB1074B93F8BB31591A4B422E
:10A370004B41537108BDF2F74BFBBDE8084008F0B4
:10A380009FBE00BFF032002000000000000000006F
:10A3900008B50B4890F8433C3AB103F004038B42F4
:10A3A00014BF04210521517108BD23F00403194392
:10A3B00080F8431C08F084FEBDE80840F6F710BEA4
:10A3C000EC0700200000000000000000000000007A
:10A3D0001AB1034BDB7953717047F1F7E1BA00BF53
:10A3E000F03200200000000000000000000000002B
:10A3F0001AB1034BDB7A53717047F1F7E1BA00BF32
:10A40000F03200200000000000000000000000000A
:10A41000074B33F811004AB1064BB3F8CA319060CC
:10A42000834214BF0423052353717047F5F7F8BB2B
:10A4300034BF0208F03200200000000000000000DD
:10A4400038B50C4692B1114B154653F82130104ADD
:10A45000202105F10C00ECF793F80E4B93F89D3199
:10A46000A34214BF042305236B7138BD41B1002200
:10A4700000230320F5F7ECFB9FED070AF1F730FA14
:10A480002046BDE83840F1F783BB00BFD0BF0208CB
:10A490004F860208F032002000000000000000009B
:10A4A00042B1054B0549187A054B002818BF0B46E9
:10A4B00093607047F1F734BBF0320020FC81020852
:10A4C000B28102080000000000000000000000004F
:10A4D00038B50D4614460AB1A16038BDF3F758FEF1
:10A4E000074822464FF49071D3B2AB4202F1010407
:10A4F000F3D200EB03132246A3F86812F4E700BF7F
:10A50000F032002000000000000000000000000009
:10A5100070B51F4C042694F9B5516B1C32D004EB76
:10A5200005132A0193F8691261B3B3F96C328106FD
:10A5300044BFA3EB960323EAE373C10607D5B4F83F
:10A54000CA1103EB96039942D8BF01F1FF332244AD
:10A5500098B2A2F86C32F4F75BFC273504EB0515D2
:10A56000C5E9000194F9B501FEF77AFC94F9B5311B
:10A5700004EB0313013693F8682222F0200283F8DB
:10A580006822B6B2FFF754FB0028C4D170BD00BFEB
:10A59000F032002000000000000000000000000079
:10A5A00070B5214C94F9B501421C3CD004EB00126B
:10A5B0000D4692F8683223F0200382F868320429AD
:10A5C00013D8DFE801F0031B1E212400F3F730FE4F
:10A5D000431C0AD094F9B56104EB0613012DA3F8CE
:10A5E0006C0217D93046F4F7C3FD94F9B501FEF7B4
:10A5F00037FCBDE870400020FFF772B9F3F770FE3A
:10A60000E6E7F3F705FDE3E7F3F762FDE0E7F3F7CD
:10A61000DFFDDDE780B2F4F7FBFB273604EB06161F
:10A62000C6E90001E1E770BDF03200200000000043
:10A6300070B51B4D034600264FF0FF3495F9B50168
:10A64000421C21D036F004021DD1990622D5F3F721
:10A65000DFFC0446631C11D095F9B50105EB00132E
:10A66000A3F86C42F4F784FD95F9B53105EB0313BB
:10A6700093F8682222F0200283F8682295F9B50148
:10A68000FEF7EEFB0426013EFFF7D2FA0346002850
:10A69000D4D170BDDA06DDD5F3F71AFDD9E700BFD6
:10A6A000F032002000000000000000000000000068
:10A6B000074B53F8213007493AB1096D936099422D
:10A6C00014BF04210521517170470B65F6F708BCD2
:10A6D000E0B20208EC0700200000000000000000CB
:10A6E00092B908B5094B93F8490CB0FA80F04009CB
:10A6F00083F8490C07F064FC08F0E2FC044A138874
:10A7000043F02603138008BD704700BFEC0700200C
:10A710008A5B002000000000000000000000000034
:10A7200032B1044B1B78DB4303F0010353717047D4
:10A73000EFF706BA581400200000000000000000E7
:10A740002DE9F0412DED028B84B03E2800F2868188
:10A75000DFE810F03F004D004F008D009E00B0007C
:10A76000A000BB00C900CC0016013001F201DE02DE
:10A77000E2022C010E03680319031D038401240166
:10A78000280184019703A303D0018401840184017B
:10A79000B303BF03E100EA0000010801F801FC0176
:10A7A0000E0284018401320243025D027C028F02A8
:10A7B000AC02C902D2028401CD03DB03A000200257
:10A7C00026022C020104F703DF03DC02840184016A
:10A7D00086030020F5F7CCF8AD4AAE4CD2E99632AC
:10A7E0001B1962F10002181842EB010142E001203E
:10A7F000F0E70220F5F7BCF8A54BA64AD3E9964549
:10A8000093F89831A418A3F1020365F10005A24A58
:10A810002418DBB245EB0105012BC2E9024511D832
:10A820009E4A0023A24273EB05021CD39C4AA2421B
:10A83000AB411AD39B4ACDE900459B481C21EBF75D
:10A840009FFE0BE120462946E6F782FDDFED977A71
:10A85000944B974A07EE100AB4EEE77AF1EE10FA3D
:10A86000B8BF1A46E7E7934AE5E7914AE3E70320D2
:10A87000F5F77EF8884BC3E90201884B00908342CC
:10A880004FF000038B412CBF864A894A0191D4E7DF
:10A8900004209FE77E4B804CD3F810022060E6F73F
:10A8A000CBF9CDE90001844A1C2104F11600EBF735
:10A8B00067FED3E0764B784CD3F80C022060E6F7C5
:10A8C000BBF97E4ACDE90001EEE7F1F7F1FB7248F2
:10A8D0007B4AFDEEC07A034683ED000A17EE903AFC
:10A8E00016301C212FE0F1F7D3FFF0E768496A48E2
:10A8F000D1E99423497AC0E9022311B9CDE90023B3
:10A9000034E1704A68481C2104B0BDEC028BBDE8FC
:10A91000F041EBF735BE6C4BD3F8102CD3F8143C58
:10A920005D48C0E902231FE1594B5B48D3F800366C
:10A9300007EE903AF8EEE77AC0ED007A002BE0D00F
:10A94000624A1C21163004B0BDEC028BBDE8F04118
:10A95000EBF716BE5E4B1B68002BD2D05B4A524809
:10A960001C21F0E709F07CF8034607EE903A4A48CC
:10A97000F8EE677A0246C2ED007A1630534AB0E725
:10A98000434B4548B3F8CE3107EE903AF8EE677A7C
:10A99000C0ED007A002BB4D04E4AD2E73C4B93F87E
:10A9A000BC31E2E73A4B93F8BD31DEE7384BB3F800
:10A9B000C631DAE7F1F774FB354C374DD4ED887AC0
:10A9C00085ED000ABDEEC08AB8EEC88A38EE278A47
:10A9D000F1F796FAB4EEC80AF1EE10FA03DDF1F7DA
:10A9E0008FFAB0EE408AF1F7B3FAB4EEC80AF1EE8E
:10A9F00010FA03D5F1F7ACFAB0EE408AD4ED857ABF
:10AA000095ED007A94F81A3637EE877A37EE888A11
:10AA100085ED007A3BB3DFED307ADFF8D08037EE9A
:10AA2000277A38EE278A85ED007A2868E6F704F958
:10AA3000D4ED887AF5EE407AF1EE10FA06460F462C
:10AA400014D018EE100AE6F7F7F8CDE90067CDE963
:10AA50000201224A14481C21EBF792FD04B0BDEC20
:10AA6000028BBDE8F081DFF88880DEE794F8B01152
:10AA70001B4A1C4B0C48002918BF1346CDE9028322
:10AA8000CDE90067184A1C21EBF77AFDE6E700BF25
:10AA9000F0320020001F0AFA287100208033023BA8
:10AAA000301B0F00BF7302083E710020286B6E4EF2
:10AAB000A57F0208AA7F0208C07F0208C47F02089F
:10AAC000C97F0208CE7F0208EC070020CB85020870
:10AAD0001C320020D37F02080000D642D87F020833
:10AAE000B47F020857780208E87F0208B17F0208A5
:10AAF000E67F0208F1F7D4FAB04AB14BD2ED857A7D
:10AB000092F81A2630EE270A83ED000A92B1DFEDA3
:10AB1000AD7AAD4A30EE270A83ED000A029218683A
:10AB2000E6F78AF8A94ACDE90001A9481C21EBF70C
:10AB300027FD93E7A74AF1E7A04BD3ED777AF8EE2C
:10AB4000E77A02E19D4BD3ED787AF8E7A24BA3496F
:10AB5000D3F8182CD3F81C3C9948022B08BF8A4222
:10AB6000C0E902233FF4CDAECDE900239C4AB7E013
:10AB7000994B9349D3F8202CD3F8243CC1E9022304
:10AB800052EA030104BF974BD3E90023CDE9002328
:10AB9000934A52E6904BD3F8282CD3F82C3CBFE6CE
:10ABA0008D4BD3F8302CD3F8343CB9E68A4BD3F82C
:10ABB000382CD3F83C3CB3E68B4B1A788B4B1B7884
:10ABC000C0214B43182101FB02337C4A1344D3E9D3
:10ABD000BC237B48C0E9022390E6834B1A78834B61
:10ABE0001B78C0214B43182101FB0233734A1344E5
:10ABF00093EDBB0A724CFCF723FE10EE100A84EDB5
:10AC0000000AE6F719F87A4ACDE900014CE6794BDB
:10AC10006A491A787848302303FB0212D1E9963149
:10AC20001B18D2E90A0261F100011B1841EB020175
:10AC3000634AC2E90231714A9A424FF000028A41E6
:10AC400001D3674A00E06E4A00931FE6694B5B48F8
:10AC50001B78694C302203FB0222D0E9963185181B
:10AC6000825868681B1961F100019B1841EB0001D3
:10AC7000DEE7604B51491A78302302FB03300C1891
:10AC800003FB02120B586068D2E90A421B1940EB21
:10AC90000200D1E99621584C5B08121943EAC073AF
:10ACA00061F100019B1841EB5001C1E7514B434951
:10ACB0001B78524C302203FB022002FB03120B587C
:10ACC000926A3F4846499B1A002BB8BF5B42DA178D
:10ACD000C0E90232CDE90032494AA342D8BF0A4650
:10ACE0001C211630ABE5434B1A78344B302101FB65
:10ACF000023393ED0E0A7DE73E4B1978182230237C
:10AD000013FB01232D4A13443E4A28E63E4BFBE742
:10AD10002A4B93F8B73128E62F4BD3F8FC0BD3F826
:10AD2000001C3A4B83424FF000038B4117D2384B43
:10AD3000C0184FF003024FF0000361F10001E6F785
:10AD40009FFBE6F705FB07EE900A1D480346C3ED9F
:10AD5000007AFDEEE77A163017EE903A0EE62D4BAC
:10AD60006FF002021B1A93FBF2F307EE903AE6E64D
:10AD7000124BD3F81402124C2060E5F75DFF264A0F
:10AD8000CDE9000190E50D4BD3F82002F3E70B4B22
:10AD9000DFED226A0A4C03F5BD63D3ED007AF8EECD
:10ADA000677A87EEA67A17EE100A84ED007AE5F747
:10ADB00043FF1B4ACDE9000176E500BFF0320020D9
:10ADC000287100200000D642B17F0208F57F0208FA
:10ADD0003E710020E67F0208EC07002000E40B54DF
:10ADE000BF730208805B0020A7700020A8700020BD
:10ADF000FF7F0208A6700020001F0AFA8033023B82
:10AE0000A57F02084F86020800390020FF5DD0B2FE
:10AE100000A22F4D005ED0B20480020800247449C5
:10AE200030830208514C524D94ED860AFCF708FD20
:10AE300094F89A314F4A504C85ED000A032B88BF95
:10AE400014464E4A10EE100A52F823300293E5F7EA
:10AE5000F3FE2246CDE900011C2105F1160066E64D
:10AE6000424BDFED476A424C03F5BF63D3ED007AF6
:10AE7000F8EE677A87EEA67A17EE100A84ED007A6C
:10AE80001DE53A4B93F9B521002AFFF6E7AD2732CD
:10AE900003EB0213D3E900239BE6344B93F9B5216E
:10AEA000002AFFF6DBAD324CD3F808022060E5F74C
:10AEB000C3FE344ACDE90001F6E42C4B2C48B3F82C
:10AEC000D831642253430022C0E90232CDE9003276
:10AED0004CE6264B2648B3F8D63107EE903AF8EE0A
:10AEE000677A0246C2ED007A1630274AF9E41F4B12
:10AEF0001F48D3E9922352EA0301C0E902233FF439
:10AF000000ADCDE90023214AEAE6214BD3F8B80091
:10AF100031E7164BD3F80C363C21B3FBF1F201FBC1
:10AF200012300190B2FBF1F001FB102200924FF4BD
:10AF30006162B3FBF2F3174A17481C21EBF720FBC1
:10AF40008CE509F005FDC3B20193C0F3072300931C
:10AF5000C0F30743EFE709F013FDC3B20193C0F359
:10AF6000072300930D4AC0F30743E5E7F0320020C2
:10AF700028710020A9850208B7850208C4B4020818
:10AF800000401C460B80020813800208178002084C
:10AF9000EC0700201E8002083E7100202D80020870
:10AFA0002DE9F347074608460E46F4F7E1FC032E69
:10AFB00004460D465BD13D4B5B7DBBB1DFF8F0A095
:10AFC0009AF9B501FFF7A4F90A2300938146884650
:10AFD00002460B469AF9B501F4F762F959EA0803FB
:10AFE00060D04A4643460220F4F732FEF80609D5FF
:10AFF0002F4AD2E9923253EA020124D01B191C468F
:10B0000042EB0505B90609D5294AD2E9923253EA3D
:10B01000020124D0E31A1C4665EB0205254BD3E957
:10B020000023A242AB413DD3234BD3E900239442FA
:10B0300075EB030336D322462B46304602B0BDE8FB
:10B04000F047F4F705BEA90041EA9471A400601C22
:10B0500041F10001FEF78CFD04460D46D2E7601E6B
:10B0600065F10001FEF784FD04460D46D6E7104B5E
:10B07000D3E9920150EA010308D10320F4F778FCE8
:10B08000800840EA81708908FEF772FDFA0602D551
:10B09000041941EB0505BB06C0D5201A044665EB33
:10B0A0000105BBE702B0BDE8F08700BF28710020B2
:10B0B000F0320020D8070020D83200200000000025
:10B0C00010B5064A137813F0010406D183F001038A
:10B0D0001370EEF795FA024B1C7010BDE57000205E
:10B0E00025390020000000000000000000000000E2
:10B0F0000C2901D107F0D4BA082907D8044A1378DB
:10B1000043F001031370034B01221A70704700BF14
:10B1100016710020157100200000000000000000E2
:10B12000F8B5344B93F8C031002B60D1324A137814
:10B13000D90704D583F001031370EEF771FA0420E8
:10B14000EEF7D6F9B0F5FA6F4BD92C4E0123738385
:10B15000032280214FF09040E9F752FE0824002599
:10B160000420EEF7C5F9013C0544F9D102213183F1
:10B170004FF090468027214877830122E9F740FE6F
:10B18000304601223946E9F73BFE1C4822460121A0
:10B19000E9F736FE304603224021E9F731FE082662
:10B1A0000320EEF7A5F9013E0444F9D1FEF798FD1E
:10B1B0000420EEF79DF9B0F5FA6F05D9104BE408BD
:10B1C0001C80104BED081D800F4B00221A700120CF
:10B1D0000E4B93F90020824202D01870C0F1030098
:10B1E000F8BD094B1878431E58425841F0E700203B
:10B1F000F6E700BFF0320020E570002000040048B0
:10B20000E2700020E070002025390020E47000206A
:10B21000F7B50646012015460F461C4606F0D0FF3E
:10B22000002006F0DDFF06F07BFF0D4B00930923A5
:10B230001A463946304606F0E3FF0A4A2B469C215F
:10B24000C32007F0FDF8FFF76BFF0328FBD1064B87
:10B250001B882380054B1B88638003B0F0BD00BFB3
:10B26000A8CB02083E800208E2700020E0700020B7
:10B27000F8B505460C4601F1190621462846EDF7BA
:10B2800067FF08B9A37E0BB904202DE0237B13F0E0
:10B290001003F2D132465178501CD9B9002BECD0B2
:10B2A000296D19332344013913F8010FA0F141022C
:10B2B000D2B2192A11F8012FA2F1410798BF20300C
:10B2C000FFB298BFC0B2192F0AD82032D2B2824240
:10B2D000EAD0D2E72E2904BF183A131B0246DAE758
:10B2E0008242CAD10028DFD1F8BD00000000000072
:10B2F000024B1878C31E584258417047F570002021
:10B300004FF090431B6913F00A0F14BF0120002077
:10B310007047000000000000000000000000000076
:10B32000024B1880024B1980704700BFE27000206A
:10B33000E07000200000000000000000000000009D
:10B3400008B5FFF7EDFE00B908BDC820E7F758F9CA
:10B35000F7E700000000000000000000000000000F
:10B3600038B5114C114A94F8493C002B14BF022304
:10B3700000234FF00C0103F1240314BF0025022524
:10B3800004EB43030846FFF743FF05F1240304EBF6
:10B390004303074A40F22B1140F2CB10FFF738FF6E
:10B3A000BDE8384007F08CBEEC0700204980020859
:10B3B00054800208000000000000000000000000AF
:10B3C000F0B51F4B1F4CB3F9002024781E4BB3F986
:10B3D00000308CBB1D4CB4F94860B4F94C50971B3D
:10B3E000AA1A40F2CF1C12010CFB0722AD1BB4F9C4
:10B3F0004A7092FBF5F2B4F94E5094F8494CA3EB25
:10B40000070CEB1A40F2DF161B0140F22F1EB2426E
:10B41000A5EB07050EFB0C3393FBF5F340F23F154C
:10B42000A8BF3246AB42A8BF2B4622EAE27223EA0B
:10B43000E3730CB1B21AEB1A02600B60F0BD00BFEF
:10B44000E270002025390020E0700020EC07002089
:10B450007FB5012006F0B4FE002006F0C1FE06F024
:10B460005FFE224840F239121E2106F051FF0120F2
:10B4700006F0D6FF00254FF09046FFF751FE022858
:10B4800026D1002006F0CCFFFFF74AFE022819D192
:10B4900001A96846FFF794FF4FF4FA70E7F7B0F898
:10B4A00003A902A8FFF78CFFDDE90254DDE90001E2
:10B4B00023462A4607F08CF8CDE90054FFF730FE0A
:10B4C0000328E9D1FEF77CFBC307DDD504B070BDCE
:10B4D000346904F00E04A542CFD07821044A2346F3
:10B4E000084606F0ADFF2546C7E700BF60800208AA
:10B4F0009080020800000000000000000000000032
:10B500007FB5012006F05CFE002006F069FE06F023
:10B5100007FE1D481C4E40F239121E2106F0F8FEAF
:10B52000002006F07DFF0124FFF7FAFD02281DD15F
:10B530000CB106F0F5FD01A96846FFF741FF4FF495
:10B54000FA70E7F75DF803A902A8FFF739FFDDE914
:10B550000254DDE9000123462A4607F039F8CDE917
:10B560000054FFF7DDFD0328E9D10024FEF728FB96
:10B57000C307D9D506F0D4FD40F239121E2130465A
:10B5800006F0C6FECFE700BF9D8002080000000065
:10B590002DE9F047012088B006F012FE5C4D002036
:10B5A00006F01EFE06F0BCFD05222868114606F0D6
:10B5B00007FF584B052218688F2106F001FF55F848
:10B5C000040F1722052106F0CBFE2126172455F87B
:10B5D000047F002F40F08480012006F021FFF5F762
:10B5E000CFFA06463846EDF79BFF4B4B4B4F1A6898
:10B5F0004B4BDFF83891DFF838A104F10B05002A36
:10B6000008BF3B462DB2CDE900032946454A3346E3
:10B61000052006F015FFE7F76BF804F11405044662
:10B62000E36900215A5C552A6AD094F8200094F806
:10B63000226059F820E0A069D4F808C0E2680092BE
:10B64000002808BF384605F10B08013ECDE905E0AA
:10B65000CDE90114CDE9036C52460FFA88F10520BB
:10B6600006F0EEFE2046E7F753F80446002845D1E1
:10B67000DFF8C0802C4F1735FFF752FD0228A6B225
:10B6800040D0FEF79DFAC2073CD44FF4C870E6F7ED
:10B69000B7FF730722D109F05BF9064609F070F98C
:10B6A000D8F8203003F44073B3F5807FC0F307224D
:10B6B000C1B2C6F3074CC6F3072E14BF4923452376
:10B6C000F6B2CDE90021CDE90463CDE902CEC0F3A5
:10B6D00007433A4629B2052006F0B2FE0134CBE713
:10B6E0007608F107234604F10504F9D403F10D04AB
:10B6F00022460521384606F033FE68E745468FE7C7
:10B7000001318FE7002008B0BDE8F04706F088BEA1
:10B71000B0AD02085C07002068810020577802085D
:10B72000DD800208E48002081F810208A08F020861
:10B73000FA80020800100240000000000000000033
:10B740002DE9F341B04B1D783E2D00F27A83DFE8FE
:10B7500015F03F00520061007000790090008800F1
:10B760009800A300AD00DF001B01330184029002AA
:10B770000F019C02BE02A402B002EB00F70003011D
:10B78000DC02090328031B0130033E034A0356036E
:10B790005D03B400BB00C700D3003F014B0167014C
:10B7A0008B0178039701B801CB01F4011502410226
:10B7B000680276021D0372037B03880076017F0115
:10B7C0008801AB03AB038103690378037803C902E3
:10B7D0008E4B8F498F48D3E902235218D0E9961037
:10B7E00043F10003521A63EB0003002002B0BDE8EE
:10B7F000F041F4F72DBA854B85498648D3E90223F9
:10B800005218D0E9961043F10003521A63EB00037B
:10B810000120EBE77D4B7E497E48D3E90223521895
:10B82000D0E9961043F10003521A63EB00030220A3
:10B83000DCE7784B002283F89D21744B0320D3E989
:10B840000223D3E7714B72497248D3E9022352189D
:10B85000D0E9961043F10003521A63EB0003042071
:10B86000C4E76A4B93ED000A02B0BDE8F041F5F77A
:10B870002FB8664B93ED000A02B0BDE8F041F4F733
:10B88000F7BF644B00225A71604B93ED000A02B07F
:10B89000BDE8F041F0F7C4BD5C4B93ED000AF0F752
:10B8A0002FFF02B0BDE8F04107F00ABC574B986883
:10B8B00002B0BDE8F041F0F723BA544B986802B0EB
:10B8C000BDE8F041F0F784BA504BD3ED007AFDEEBD
:10B8D000E77A17EE900A02B0BDE8F041F0F790BAAF
:10B8E0004A4BD3ED007AFCEEE77A17EE900A02B0ED
:10B8F000BDE8F041F0F7B4BA444BD3ED007AFDEE69
:10B90000E77A17EE900A02B0BDE8F04108F098B867
:10B910003E4BD3ED007AFDEEE77A17EE900A02B0C7
:10B92000BDE8F041F1F784B8384BD3ED007AFDEE75
:10B93000E77A17EE900A02B0BDE8F041F1F798B847
:10B94000324BD3ED007AFDEEE77A17EE900A02B0A3
:10B95000BDE8F041F1F764BA2C4BD3ED007AFDEE6F
:10B96000E77A17EE900A02B0BDE8F041F1F768BA45
:10B97000264BD3ED007AFDEEE77A17EE900A02B07F
:10B98000BDE8F041F0F7ACB9224A204B92F81A1604
:10B9900039B1D3ED007A9FED207A77EEC77AC3ED07
:10B9A000007A93ED000AD2ED857A30EE670A02B094
:10B9B000BDE8F041F4F754B8144BD3ED007AFDEE36
:10B9C000E77A17EE900A02B0BDE8F041EFF710BE3B
:10B9D0000E4BD3ED007AFDEEE77A17EE900A02B037
:10B9E000BDE8F041EFF73CBE084A0C4B9168D268C5
:10B9F00043F8081C43F8042C064B93F8980102B056
:10BA0000BDE8F041F4F76CBCF47000202871002010
:10BA100000E1F505F03200200000D6420C140020B1
:10BA2000C04AC14B9168D268C3F8201CC3F8242CCB
:10BA300007F046FB02B0BDE8F041FBF779B9B94A1F
:10BA4000BA4B916843F8081CD26843F8042C28E7E5
:10BA5000B44AB54B9168D268C3F8301CC3F8342C93
:10BA60001FE7B04AB24BECE7AE4BD3ED007AB14BD7
:10BA7000FDEEE77A17EE902AC3F80426AE4B2EE1CE
:10BA8000AE4BAC481A78AE4BAE4C1B78C0214B4342
:10BA9000182101FB0233A349D1E902210344121901
:10BAA000D0E9964041F10001121B61EB0001C3E9AE
:10BAB000BC21A14B01221A7002B0BDE8F041F3F79E
:10BAC0000FBA9F4B1C789D4B1D78964B93ED000A47
:10BAD000FBF7FEFEC0235C43182303FB0544954B94
:10BAE000234483EDBB0AE4E7974B8E4A1C789148C8
:10BAF0009449D2E902325B18D0E9961542F100026E
:10BB00005B1A4FF0300162EB050201FB040504FBF8
:10BB1000011144184658C5E90A3265689E429541AC
:10BB200001D243506260F3F7FBFF834B01221A708E
:10BB300002B0BDE8F041FDF7BBBD834B794A1C78EC
:10BB4000D2E902317F4A9B187A4AD2E9960541F13F
:10BB500000011B1A4FF0300061EB050104FB0005EA
:10BB60005619535100FB0422D2E90A54AB4271EB3F
:10BB700004047160D7D2C2E90A31D4E7724B6D4C2C
:10BB80001878684BD3E902216E4BD218D4E9963568
:10BB900041F10001D21A4FF0300361EB050100FBC7
:10BBA000033503FB00406359866A9B1B002BB8BF1B
:10BBB0005B42DE175B0843EAC673B2EB030E61EB30
:10BBC000560C67199B1841EB56016351C0E90AEC0A
:10BBD0007960A8E75C4B574C1878302300FB03359D
:10BBE00003FB0040D0E90A7263596619DB197168DA
:10BBF0004C4F41EB0201D7E902275B08520843EAA8
:10BC0000C17342EAC772B3EB02084FEA510161EB1C
:10BC1000570ED21841EB57016251C0E90A8E71608C
:10BC200081E7494B1C783F4B93ED000AFBF750FE30
:10BC3000404B302202FB043383ED0E0A73E7424B84
:10BC40003C4C1A783020182310FB023009213F4B5E
:10BC50003F4A2044EAF794FC10E7324BD3ED007AD8
:10BC6000FDEEE77A17EE900A02B0BDE8F041EFF77B
:10BC70002FBD2C4BD3ED007AFDEEE77A17EE900A3C
:10BC800002B0BDE8F041EFF74BBD264B93ED000A43
:10BC900002B0BDE8F041F0F7B3BF264B002283F8B5
:10BCA0009D21204B93ED000A02B0BDE8F041EFF773
:10BCB00017BE1C4B9FED277AD3ED007A67EE877A8B
:10BCC000FCEEE77A17EE900AEFF71AFE30E7154B15
:10BCD00093ED000AFBF7FCFDF0F7E2FF1E4B01229B
:10BCE0001A70AEE00F4B9FED1D7AD3ED007A114B29
:10BCF00077EE877A9FED1A7A67EE877AFCEEE77A1D
:10BD000017EE902AC3F8F825E8E7064BD3ED007A42
:10BD1000FDEEE77A17EE900A02B0BDE8F041EFF7CA
:10BD2000E7BC00BF28710020EC0700201C14002095
:10BD30002C140020F032002054140020A7700020A2
:10BD4000A870002000E1F505A6700020F870002022
:10BD50004F86020800247449895B002017B75138C8
:10BD600000401C468F4B9049D3E9022352188F495B
:10BD7000D1E9960443F10003121A91F9B50163EB7E
:10BD8000040302B0BDE8F041F3F72ABC854B93ED04
:10BD9000000A864B93F9B50102B0BDE8F041F2F715
:10BDA00027BF804B93ED000A02B0BDE8F041EFF7EA
:10BDB0001FBF7C4B7E4AD3ED007AFDEEE77A17EE8B
:10BDC000903A5B42A2F8583007F07AF956E6754B84
:10BDD000774AD3ED007AFDEEE77A17EE903A5B42B0
:10BDE00082F8443CF0E76F4B714AD3ED007AFDEEE8
:10BDF000E77A17EE903A5B4282F8453CE4E7694BFC
:10BE0000986802B0BDE8F041EFF7D2BE654BD3EDC4
:10BE1000007AFDEEE77A17EE900A02B0BDE8F04135
:10BE2000EFF7D6BE634B644A64480A2102B0BDE80E
:10BE3000F041EAF7A5BB5B4BD3E902015B4BC3E9D9
:10BE4000920102B0BDE8F081564B1A68584BC3F816
:10BE5000B820B9E7574B00201C4613F8012B2AB134
:10BE60000130303A062803F8012CF6D1C0F1060261
:10BE700000212044E5F71CFE63782178E0780A224F
:10BE800012FB0131A37812FB03033C2043434FF420
:10BE9000616000FB01332079617912FB00121344C9
:10BEA000424AC2F80C36CCE7454A136803F07F33A8
:10BEB00023F0FE4300935268424B134001933D4BE5
:10BEC00000201C4613F8012B2AB10130303A062815
:10BED00003F8012CF6D1C0F1060200212044E5F759
:10BEE000E7FD23786178A278207941EA0311E378AD
:10BEF00043EA0213627942EA0012C9B2DBB2D2B25B
:10BF0000382D21706370A27039D133B90123637069
:10BF1000657832B90123A37023E0122BF8D91223DC
:10BF2000F5E76800284B4FF03B0CC0F12007B0F15B
:10BF3000200623FA00F30CFA07F743EA07035CBF75
:10BF40004CFA06F6334303F003031C330A27B3FB12
:10BF5000F7F6300107FB1633C0B2DBB2034393425E
:10BF6000D9D3A3788DF806108DF805508DF80430DC
:10BF7000DDE9001002B0BDE8F04108F041BD232921
:10BF800028BF2321592B28BF5923592A28BF5922BA
:10BF900021706370A2708DF802108DF801308DF859
:10BFA0000020E5E72871002000E1F505F0320020CF
:10BFB000EC070020F87000204F86020800390020AE
:10BFC000002800403F1FFF00CCEE0B0000000000E7
:10BFD000634B70B51E68634D013006EB400090F96D
:10BFE00001402846E5F7F4FC96F901300246002BA3
:10BFF00040F08F80632C01D1002070BD192C14D02B
:10C00000A4F10C03032B07D9152C1FD0162C1FD01D
:10C01000172C23D16E2306E00D2C1BD00E2C1BD029
:10C020000F2C02D14723AB54501C00232B544D48F6
:10C030004D4CEEF76DFD4B4884ED000AEEF7A0FA8B
:10C04000C4E90201FFF77CFB0120D6E76D23EAE794
:10C050007523E8E76B23E6E74D23E4E7092C0ADCC8
:10C060000B2802D830342C54013000232B543D4887
:10C07000FEF746F8C0E71E2C13DD3C4BA4F11F0170
:10C08000222C53F821301B78AB5400F10100ECDD79
:10C090003021252C295402F1020338DDE954D01C4B
:10C0A000E3E70A2C0FD10B28DFD82E4900239A4250
:10C0B00005D011F8014B2E2CD7D00133F7E72E23F2
:10C0C000AB54501CD1E70B2C1CD10B28CDD818B980
:10C0D0002D232B700120C8E72B782D2B08D1214B65
:10C0E00000205A7803F8012B0130002AF9D1BCE76F
:10C0F0001C49441C2246481CE5F73AFD2D232B70B1
:10C100002046B2E7102CB0D138B10138ADE718465F
:10C11000ABE7162C03D1002894D102206DE71A2C2E
:10C1200018D10028F9D0431E00221120EA5406F04D
:10C1300047F8122006F054F80E23F02240F229119D
:10C14000402005F0EDFE074840F22912402106F09C
:10C1500037F951E71B281ABF2C54431C0346E3E769
:10C16000DC700020F8700020287100209CB40208C8
:10C17000094B0A4A1B78023300EB83001378122B19
:10C1800009D810B5064C24F813005C1C1470054A3D
:10C1900042F8231010BD704720700020217000204D
:10C1A00074700020247000200000000000000000D7
:10C1B0002DE9F04F2DED028B1D4E1E4B96F89A8106
:10C1C000DFF8849053F82830DFF880A087B003931D
:10C1D000002420468DF8164006F002F84FF4A073B4
:10C1E0001E222146204605F09BFE96F8983189F8DC
:10C1F0000040023BDBB2012B2AD80F4B1B783BB12E
:10C20000142005F0DDFF0D485022214606F080F88D
:10C210000B4B1B783BB1142005F0D2FF09488C2250
:10C22000002106F075F807B0BDEC028BBDE8F08F79
:10C23000F0320020C4B402082B2300204C810208F5
:10C240002A23002058810208217000205414002065
:10C2500096ED838AF0F774FB002800F04F83337962
:10C26000002B0CBF1520012005F0AAFFB8F1030F29
:10C2700000F24683FDEEC87A002117EE903AC34AD9
:10C28000084606F0DDF8C2490020FFF771FF039A67
:10C2900096F8B6310092BF4A0446D35CBE4A01B25A
:10C2A000002006F0CDF8BD492046FFF761FF0446A7
:10C2B000012005F085FFD6F81002E4F7BDFC25B299
:10C2C000CDE90001B64A2946002006F0B9F820461B
:10C2D0000621FFF74DFF0446EDF712FC40B1152093
:10C2E00005F06EFF2246AF48002106F011F80C342D
:10C2F00096F89E31013BDBB2012B08D8152005F0E2
:10C300005FFF2246A848002106F002F80C34A74B34
:10C310001B7843B1142005F053FF2246A4480021A6
:10C3200005F0F6FF0C3499F80030A24A22F81340C9
:10C330005A1C89F80020A04A002542F8235096F89C
:10C34000C2316BB1152005F03BFF21B29B4A284654
:10C3500006F076F804F108009949FFF709FF044652
:10C3600096F8AE519DB1152005F02AFF954B21B2EC
:10C3700053F82520002006F063F8934B934904F10D
:10C3800008000F2D98BF1946FFF7F2FE0446737997
:10C39000002B0CBF1520012005F012FFEFF788FEDF
:10C3A00010EE100AE4F748FC25B2CDE90001884AF6
:10C3B0002946002006F044F804F108008549FFF7FB
:10C3C000D7FE96F8A631044693B1152005F0F8FE85
:10C3D00096F8A621804B21B253F822307F4A0020E4
:10C3E00006F02EF804F108007D49FFF7C1FE04466F
:10C3F00096F8AF31012B14BF0120152005F0E0FEA7
:10C4000096F8AF21950721B200F18A82754B7648E4
:10C41000002A08BF0346754A002006F011F804F10F
:10C4200008007349FFF7A4FEB37904466BB11520E9
:10C4300005F0C6FE22466F48002105F069FF04F1B1
:10C4400008006D49FFF794FE044696F8AA3163B1DF
:10C45000152005F0B5FE22466848002105F058FF7A
:10C4600020466749FFF784FE0446D6F8F031002BDA
:10C470000CBF0120152005F0A3FE9AF800300BB187
:10C48000F1F7C6FB5F4FDFED608A3B8807EE903A1D
:10C49000F8EEE77A25B267EEA87A17EE900AE4F78D
:10C4A000CBFB5A4ACDE900012946002005F0C8FF20
:10C4B00004F108005649FFF75BFED6E98C321343BE
:10C4C000044627D0D6F8F451002D00F02B82152019
:10C4D00005F076FE3B8807EE103A07EE905AB8EE6C
:10C4E000C77AF8EEE77A27EE287A0FFA84FBC7EED0
:10C4F000277A17EE900AE4F79FFB464ACDE9000140
:10C500005946002005F09CFF04F108004249FFF75E
:10C510002FFE04469AF800302BB1F0F7A1FCEEF79D
:10C52000F7FFC6F8F00596F8A33113F0070F0CBF1C
:10C530000120152005F044FE96F8A331374A03F098
:10C54000070321B2D35C364A002005F079FFB6F824
:10C55000CE31002B40F02E82D6F8E835002B14BFE8
:10C560001520012005F02CFED6F8F0359FED2D7A30
:10C5700007EE903AF8EE677A0834C7EE877A25B26C
:10C5800017EE900AE4F758FB4EE000BF6481020802
:10C5900014BD02080096020870810208D8B602088D
:10C5A000758102087B8102088281020844230020F1
:10C5B0008881020874700020247000209C85020885
:10C5C00014C40208F4BF0208E4B8020804C2020856
:10C5D0008B8102083CBD020888BF02089A810208CC
:10C5E000B0C30208B2810208FC810208A3810208DC
:10C5F000D4C20208AC810208A8B50208B5810208BD
:10C6000028B70208E83200200000C842BB810208B7
:10C6100084BD0208C781020864BD0208D8B20208BE
:10C62000D381020800247449C04ACDE9000129469B
:10C63000002005F005FF2046BD49FFF799FD96F85B
:10C64000FD3504466BB1152005F0BAFD21B2B94A9B
:10C65000002005F0F5FE2046B749FFF789FD00F1FF
:10C660000804B64BB649D3F8182CD3F81C3C022B5F
:10C6700008BF8A4212D0152005F0A2FDB14BD3E9C4
:10C68000002321B2CDE900230020AF4A05F0D8FEF7
:10C6900004F10800AD49FFF76BFD044696F8B03190
:10C6A00043B1142005F08CFD21B2A94A002005F009
:10C6B000C7FE1434A74BA84D1B688BB1142005F09E
:10C6C0007FFDA64B2A681B68002A18BF0133A44AC5
:10C6D00021B252F82330A34A002005F0B1FE1434F1
:10C6E000B6F9D431002B15DB152005F069FDB6F93C
:10C6F000D4219D4B21B253F822209C4BB2FBF3F383
:10C7000000209B4A05F09CFE04F108009949FFF7C0
:10C710002FFD0446D6ED857AF5EE407AF1EE10FA5B
:10C7200014D0152005F04CFDD6F81402E4F784FA75
:10C7300027B2CDE90001904A3946002005F080FE7D
:10C7400004F108001021FFF713FD0446B6F8C631C6
:10C75000012B0FD0152005F033FD21B2B6F8C631FC
:10C76000864A002005F06CFE04F108000F21FFF757
:10C77000FFFC044696F89E31814F53B3EDF7C0F9A4
:10C7800020B996F89E31012B40F01681152005F056
:10C7900017FD22467B48002105F0BAFD0834B8F1A8
:10C7A000030F97ED860A0FFA84FB00F20781FBF76F
:10C7B00047F810EE100AE4F73FFACDE90001724A9B
:10C7C0005946002005F03CFE20467049FFF7D0FC9A
:10C7D0000446012005F0F4FC6D4B18689B88ADF809
:10C7E0001430737A0490002B0CBF462366238DF817
:10C7F000103096F89B31980740F1EA8067238DF856
:10C80000113097F89C319A0740F1E7806E238DF83C
:10C81000123097F89931980740F1E48062238DF83F
:10C82000133097F8AF319A0740F1E18073238DF808
:10C8300014302B6813B148238DF81530224600219F
:10C8400004A805F065FD0822524904A8E5F7B0FAEE
:10C850009DF815202D2A04F10C0B40F0CD809DF899
:10C860001430302B1BBF8DF81530302300238DF88A
:10C8700014308DF8133000255A46294604A88DF847
:10C88000165005F045FDF4F77BF904F11402294632
:10C89000033005F03DFD08F073F8C3B20193C0F317
:10C8A00007233D4A013B04F1200152F82330009355
:10C8B0003A4AC0F3074309B2284605F0C1FD08F023
:10C8C00047F83034C0F30723354A009321B2C0F350
:10C8D0000743284605F0B4FD32492046FFF748FCDF
:10C8E000B0F58C7FC0F297802F4B1B78002B00F0A7
:10C8F000A080013B2C4ADBB2137069E41420B3E43E
:10C90000D6ED897AC8EE277A17EE900AE4F794F903
:10C91000CDE900010021254A084605F091FDB2E469
:10C92000234B78E501252846D2E500BFDB810208CC
:10C9300004BB0208E281020818B60208EC070020D6
:10C9400000E40B54C8320020E9810208D4C2020876
:10C95000F68102083C230020C0320020443200202F
:10C9600038960208008202081C96020840420F0016
:10C97000098202089CC3020814820208228202086B
:10C98000F03200202E8202083482020874B60208B7
:10C99000408202083990020884140020468202086E
:10C9A0002380020888B802082070002069810208EC
:10C9B000CE7F02081520D5E51420E8E6FAF740FFFF
:10C9C00010EE100AE4F738F9384ACDE90001F7E62D
:10C9D000D9077FF516AF472311E7DB077FF519AFBE
:10C9E0004E2314E7D9077FF51CAF422317E7DB0777
:10C9F0007FF51FAF53231AE79DF816302D2B01D179
:10CA0000302336E79DF814108DF813108DF814209C
:10CA10008DF815302FE799F80030013300EB8300D3
:10CA2000B0F58C7F05DA224B1B78012B01D801333E
:10CA300060E797F8A431002B7FF4F5AB1D4B1D8800
:10CA4000EFF77EFFF8B13B79002B0CBF15200120DA
:10CA500005F0B6FB97ED847AF2EE047AB8F1030F95
:10CA600007EE678A2CB210D8FDEEC87A124A17EE8C
:10CA7000903A2146002005F0E3FC10492846FFF7D4
:10CA800077FBFFF7D0BB1420E2E7D7ED897AC8EE39
:10CA9000277A17EE900AE4F7CFF8094ACDE90001AA
:10CAA0002146002005F0CCFCE7E700BF3A820208EF
:10CAB00020700020286E002056820208B0C30208B1
:10CAC0006981020800000000000000000000000072
:10CAD000044B1A78044B53F82230187800F0800089
:10CAE000704700BFEC7000206814002000000000B8
:10CAF0002DE9F04F2DED028B93B0002304910693A6
:10CB0000029081469A4698468346B9F1000F12D1A9
:10CB1000CAF59B74002C09DD484605F061FB2346ED
:10CB2000502251464FF4C87005F0FAF913B0BDEC2D
:10CB3000028BBDE8F08F0499012303FA08F20A4240
:10CB400000F0C0804FF60172ADF8202099F8002067
:10CB500002F00701052940F0C380079300238DF8F8
:10CB60002030B3489DF82030006840450CBF43F0AA
:10CB7000600343F090038DF82030AE4B04BF0520D6
:10CB8000ADF81E009B4540F0AE80B8F1050F08D10E
:10CB9000A94BD3F8E835002B0CBF022303238DF8F3
:10CBA0002130032907AE07D0052940F0B980D9F814
:10CBB0000630002B00F0B480D9F806305BB11207C4
:10CBC00099F8011004D5069A01F00F01114489B2B9
:10CBD000324640469847D9F80220002A40F09A8011
:10CBE0000AAD99F8003003F00703062B0BD199F832
:10CBF0000100FDF7A5FD914BD9F8022020210AA8DC
:10CC0000E9F7BEFC0AAD8E4B1C88FFF761FF1FFAE7
:10CC10008AF700962346002800F088814FF4D272EC
:10CC200039461E20FDF72CF99DF92120002A7ADBD8
:10CC3000844B1620A4F10B0102FB003301EBD171F0
:10CC4000009310220B230AEB6101212005F0D8FA92
:10CC50003523039399F80030DB0622D5029B5A78DE
:10CC6000794B1209A4F1100103EB421301EBD171CE
:10CC70000AEB6106009310231A4631464FF4CD703B
:10CC800005F0BEFA029B5A78704B02F00F0203EBDC
:10CC90004213009310231A4631464FF4D57005F025
:10CCA000AFFA99F8003003F00703062B3DD00022BD
:10CCB0000E3C04EBD4740AEB64040399A21A2846D0
:10CCC00005F07EFB484606A9FCF7CAFE5C4B1B88B4
:10CCD0009A44029B0A33814608F10108029314E743
:10CCE0005B4B07933DE75B4B9B4508D1B8F1010FC8
:10CCF0007FF457AF504B1B79C3F105034FE7564BF9
:10CD00009B457FF44EAFB8F1010F7FF44AAF4A4B19
:10CD10005B79F1E7099B20210AA8E9F731FC5FE77D
:10CD2000D9F802505DE7242393E799F80130022BEC
:10CD300040F09C80404ED6F8E401A4F1090200F1D5
:10CD4000F003D6E97A0108EE103A1744E4F700FB45
:10CD500080F00040E3F770FF3FB2404ACDE90001A8
:10CD600039462A2005F06CFBD6E97A01E4F7F0FA9F
:10CD700007EE900AF2EE048AF1EE677AC7EEA87A1F
:10CD800017EE900AE3F758FF344ACDE9000139461F
:10CD90007E2005F055FB324A3946D22005F050FB83
:10CDA000D6E97A01E4F7D4FA07EE900AC7EEA87A3A
:10CDB00017EE900AE3F740FF284ACDE90001394613
:10CDC0004FF4937005F03CFBD6E97A01E4F7C0FA22
:10CDD000E3F732FF214ACDE9000139464FF4BD7037
:10CDE00005F02EFB18EE103A002B3FF460AF1E2B1F
:10CDF00018EE100A1B4B0093B8BF1E2007225146A5
:10CE00000523043805F0FCF90AEB04077222A7F1A8
:10CE100009011646324630463B465436059105F028
:10CE2000D7FBB6F5E17F0599F4D1022240E700BFB8
:10CE3000E870002028B70208F03200203E71002080
:10CE4000E214002018B40208E8CA020868CA0208FE
:10CE50000400030014BD02083CBD02085A82020807
:10CE600063820208CCCB02080000CE430B2B3FD1DB
:10CE7000EFF716F9F0EE408AEFF742F85FED067A29
:10CE800078EEC08A68EEA78AEFF78AF888EE808A83
:10CE9000A4F109031F443FB239463C4A6FF009032D
:10CEA0002A20F3EE0E7A38EE278AF1EE007A38EE79
:10CEB000278A05F0C5FA4FF0FF333946334A7E2002
:10CEC00005F0BEFA3946324AD22005F0B9FA3946A1
:10CED0002E4A01234FF4937005F0B2FA2B4A0A232D
:10CEE00039464FF4BD70BDEEC88A05F0A9FA79E75E
:10CEF0001A2B7FF4DCAEEFF7D3F8F0EE408AEEF7B2
:10CF0000FFFFDFED247A78EEC08A68EEA78AEFF79C
:10CF100047F888EE808AF3EE0E7A38EE278AF1EE33
:10CF2000007A38EE278ABDEEC88A5BE75022394680
:10CF30004FF4C870FCF7A4FF9DF92120002A21DBE3
:10CF4000154B1620A4F10B0102FB003301EBD1714C
:10CF500000930AEB61010B2310224FF4C97005F016
:10CF60004FF94FF4D1712846FCF7F2FD6FF00A0338
:10CF700003FB004404EBD4740AEB6402284605F07A
:10CF8000EFF99FE640F29711EDE700BF67820208D4
:10CF9000638202080000CE4318B4020800000000BB
:10CFA000F0B58FB0194B039303AB06460D4601272E
:10CFB000009314463C234FF4967278215A208DF842
:10CFC0001070FCF75DFF7D226421304605F0C8F942
:10CFD000384605F005F926234FF493728B215D2026
:10CFE00004F09EFF284699226E2105F0B9F942F21D
:10CFF00010735C4304F2E7344FF47A70B4FBF0F042
:10D000000FB0BDE8F040E5F7FBBA00BF0400030035
:10D0100010B50C4B93F8414C94B90B4B0B49186865
:10D020000B4B4FF4FA62002818BF19460948FFF766
:10D03000B7FF094A138843F020031380204610BD30
:10D040000120FCE7EC070020545B002095820208D9
:10D050006D820208BD8202088A5B00200000000089
:10D0600010B5094B93F8424C64B9084808494FF48D
:10D07000FA62FFF795FF074A138843F020031380F5
:10D08000204610BD0120FCE7EC070020BD8202080D
:10D09000C38202088A5B002000000000000000003C
:10D0A000AD4B1A8883B29A4240F280832DE9F04F4B
:10D0B000AA49BDB004460122A948EBF7C1FB0028EC
:10D0C0003CD1A84BA84A1B78A44952F823303A9384
:10D0D00026A8EBF7DDFF88BB254606A926A8FEF7A4
:10D0E000C7F800B925BB26A8ECF722F835BB9F4B43
:10D0F0001B88FBB99E4F01220DF132013846EBF738
:10D10000C7FB0546D0B9012005F05AF8284605F0BE
:10D1100067F8944B1B78072B00F27782DFE813F057
:10D120009602FA0175021802FE02D00281006F0118
:10D13000013DD2E70DF13200ECF75AF83DB0BDE801
:10D14000F08F19F803300D2B62D18A4B4FF0000B92
:10D1500003F805B0102216A91846F3F769FF012855
:10D1600005DD1698037803F0FD03212B13D100256C
:10D170000136049AB3B29A42E3D87D4804AB4FF427
:10D1800080724946EBF7DCFC064610B9049B002B85
:10D19000EFD1002505E0BAF1070F98F8003011D95A
:10D1A000754D764B187800EB400318229B0102FB6B
:10D1B0000A33734A4FF0000813444FF00009002669
:10D1C000002141E000931825EDF7DAF9009B05FBFB
:10D1D0000AF5C02202FB03533B44C3E9BC0198F8A3
:10D1E000003017980093EDF793FC009BC02202FBE0
:10D1F00003533B4483EDBB0A98F8003002FB035510
:10D200003D4401239A4485F8E8321FFA8AFAAEE7D2
:10D210001F2BADD97F2DABD856496A1C4B5595B203
:10D22000A6E74FF0000ADFF86091DFF85081544F15
:10D230005546A2E7C3E9B6890AF1010AC3F8D462E8
:10D2400083F8D0121FFA8AFABAF1070F03F1180314
:10D25000F0D9131892F8BE1101261E7306FA00F3D6
:10D260000B43082182F8BE31EFF712FC454B1E70CC
:10D27000F1F736FE3E48EBF7FBFE002D00F076821C
:10D2800004F04EFF002E14BF4FF4FA6200220DF19D
:10D2900032012846FFF784FE002E7FF44FAFFCF7E3
:10D2A0008FFCC30600F16D8210F0200F0CBF4FF011
:10D2B000FF35002510F0010F18BF0225FDF730FFE4
:10D2C000013880B201280ED816A905A8FEF778F813
:10D2D000059B9F2B40F35782B3F5A07FACBF012580
:10D2E0000225FEF72DF84FF47A70E5F789F9002D45
:10D2F00040F04B82631E40F14F82174B1B88013B6D
:10D300009C4200F04F8247E2FB5C0D2B6BD14FF04B
:10D31000000B0AF808B01748102216A9F3F788FE88
:10D32000012805DD1698037803F0FD03212B2DD18C
:10D330004FF000080135049AABB29A42E4D80C4889
:10D3400004AB4FF480723946EBF7FAFB002872D138
:10D35000049DFDB10546EEE7A27000205778020853
:10D360002C7F0020F470002098BE02089C700020E2
:10D37000DC7C002068720020E0820208A870002097
:10D38000F03200205414002068710020B9F1070F1A
:10D3900009D9A34DA34B302101FB09330020002103
:10D3A000002700263EE0EDF7EBF89E4B302606FB0B
:10D3B0000938C8E90A011798EDF7E2F809F1010305
:10D3C0000093984B09FB06661E44C6E900011898B5
:10D3D000EDF79EFB009B88ED0E0A012288F82120C4
:10D3E0001FFA83F9A4E71F2BA4D9B8F17F0FA1D8A6
:10D3F00008F101020AF808301FFA82F89AE78A4F0A
:10D400004FF00009C84607F5807A98E709F101094D
:10D41000C3E90A01C3E90C019F6383F821601FFA85
:10D4200089F93033B9F1070FF0D9804B01261E700E
:10D43000F2F776FB1EE70025ACE7F35C2C2B67D0F8
:10D440000D2B5CD1002309F805307948102216A96C
:10D45000F3F7EEFD012805DD1698037803F0FD03D0
:10D46000212B14D100250134049AA3B29A42E4D8A6
:10D47000704804AB4FF480723146EBF761FB044611
:10D4800010B9049B002BEFD1009C00250CE0EDF7B8
:10D4900077F8B8F5E17F054604D2DBE90023824244
:10D4A0008B4106D2009C5E4DB8F1000F42D101269F
:10D4B000E0E6614B1F78B8F1000F0BD1594A01919A
:10D4C000D0190123037392F8BE01BB40034382F8D5
:10D4D000BE31AA4617980391EDF71AFB4FF4E1739A
:10D4E00003FB0787554B0399029503EB870308F16C
:10D4F000010883ED000A1FFA88F80F46B2E71F2BD8
:10D50000B1D97F2DAFD86A1C09F8053095B2AAE7CA
:10D510002023F6E7444EDFF828B100944FF00008CE
:10D520004546CDF808804746C246CDF8048006F54A
:10D5300080799DE73B4B5246A3F8CA810020019BAE
:10D54000F2F786FB029A3B460120F2F781FBAEE739
:10D55000DFF8F090DFF8F0B0DFF8D8A0002589F808
:10D5600000500BF5807804AB4FF48072594650465A
:10D57000EBF7E6FA0646002847D1049B002B3AD188
:10D5800043E01BF803300D2B41D108F805109BF840
:10D590000031722B2AD19BF80131752B26D19BF8D3
:10D5A00002316E2B22D1042201E0013292B218F82E
:10D5B000023003F0FD03202BF7D00023D11889B2ED
:10D5C000184618F80110222900D041B9F0336B44F5
:10D5D0000022184803F8BE2CEBF74AFD8BE5F0302B
:10D5E000684401339BB200F8BE1CE7E74046F3F7FE
:10D5F0006FFE00250136049AB3B29A42B3D999F866
:10D60000002002F0FF01002ABBD0012656E01F2BAC
:10D61000F0D97F2DEED86A1C08F8053095B2E9E7FD
:10D62000E0820208F03200206871002054140020CB
:10D6300068720020DC7C0020A870002028390020BF
:10D64000D807002015710020646E0020584D04ABEF
:10D650007A22294605F67430EBF772FA064600285E
:10D6600040F081806B8AB3F5F07F7DD1EB8AB3F512
:10D67000A07F79D1AB8B102B76D140F23F1604AB53
:10D680004FF4707229464B48EBF75AFA4FF4F07199
:10D6900007462846FCF754FE0A460123314600207F
:10D6A00004F0A6FC013E01D3002FE8D040F21F1287
:10D6B00000210DF1320004F053FE00260025D9E5CB
:10D6C000069B079AA3F5C663134301D03A4DEEE6D5
:10D6D000384804AB042216A9EBF732FA0028F5D13A
:10D6E000364B169A9A42F1D13549324804AB40F292
:10D6F0002C62EBF725FA05460028E7D1314EEDF70D
:10D70000FFFDF2F70DFA96ED840AF2F751FD96ED62
:10D71000830AF2F7DDFCFBF78BFFC8E6069B079A4E
:10D72000A3F668431343D1D1224804AB042216A9BF
:10D73000EBF706FA0028C9D1234B169A9A42C5D1B5
:10D7400022491C4804AB40F66442EBF7F9F9054660
:10D750000028BBD105F0B4FC1D491E484FF4FA6205
:10D76000FFF71EFCA3E60026134D83E5002E3FF4D1
:10D7700096AD19484FF47A720DF13201FFF710FCA3
:10D78000DCE4012596E50025ABE5012D06D1134A21
:10D790001288631C9A4207DD1C4692E4022D3FF476
:10D7A000CDAC23461C467AE50023A9E5704700BFAF
:10D7B00068710020DC7C0020E08202086D4E4F433F
:10D7C000F4320020F03200206E4E4F43F00700206C
:10D7D000EB8202080D83020812830208A270002067
:10D7E000284B2DE9F74FD3E9009B274B274ED3E970
:10D7F000005807468A46D6E97A01B9EB05026BEB79
:10D800000803824273EB010138BFC6E97A23D6E9E7
:10D810007A014B08440800934FF4CE72002344EA87
:10D82000C174E3F72DFE009B2D1948EB0308AF42AE
:10D830007AEB080302460DD2E81B4FEAE27368EB6D
:10D840000A010192E3F71CFED6F8E431019A1B1A93
:10D85000C6F8E431009BE41943EB0A01A1457BEBD8
:10D8600001030CD2B4EB09004FEAE27361EB0B0148
:10D87000E3F706FED6F8E4310344C6F8E43103B01A
:10D88000BDE8F08FD8070020D8320020F032002009
:10D89000044B1A78044B4FF0FF3153F82200FFF786
:10D8A00027B900BFEC7000206814002000000000C1
:10D8B000034B1A78034B014653F82200FFF718B9BF
:10D8C000EC70002068140020000000000000000040
:10D8D00038B5134B04461860FBF7FAFF114A13687A
:10D8E00041F28831C31A8B4218D9002C16DB0E4D39
:10D8F0000E4C2B78106054F823000D4B984202D147
:10D900002021FFF7F5F82B7854F82300094B9842B3
:10D9100004D1BDE838402021FFF7EAB838BD00BF88
:10D92000E40700201C700020EC7000206814002028
:10D93000ACC6020848C60208000000000000000053
:10D94000104B10B501221A70FCF7CAF8FFF7C0F8A7
:10D950000D4C68B1FBF714FE002323800B4A1380A3
:10D96000FFF796FF0A4A138843F01403138010BD93
:10D970004FF4B9732380074B1B8803EB83035B00D1
:10D980009BB2EBE7F570002060140020286E0020A9
:10D990008A5B0020641400200000000000000000EA
:10D9A00010B50446FBF774FA064A1378052B9CBFA2
:10D9B000013313701278044B43F82240BDE8104045
:10D9C000FFF7BEBFEC7000206814002000000000CC
:10D9D00010B50C46FFF744FB30B1044B04481C6003
:10D9E000BDE81040FFF7DCBF10BD00BFBC700020D9
:10D9F000B4C20208000000000000000000000000A7
:10DA000037B5B2B10F4B104D1446D3F8202CD3F8D4
:10DA1000243C52EA030104BF0C4BD3E900231C2130
:10DA2000CDE9002328460A4AE8F7AAFDA56003B01D
:10DA300030BD0029FBD1074803B0BDE83040FFF7F7
:10DA4000AFBF00BFEC0700203E710020805B0020CC
:10DA500019830208E4C10208000000000000000071
:10DA600037B5B2B10F4B104D1446D3F8202CD3F874
:10DA7000243C52EA030104BF0C4BD3E900231C21D0
:10DA8000CDE9002328460A4AE8F77AFDA56003B0ED
:10DA900030BD0029FBD1074803B0BDE83040FFF797
:10DAA0007FBF00BFEC0700203E710020805B00209C
:10DAB00019830208C4C10208000000000000000031
:10DAC000002A4ED0F0B5284DD5ED887A2DED028B89
:10DAD000F5EE407AF1EE10FA87B002F10C0431D085
:10DAE0000320F1F745FFD5F8E8359FED208A07EED2
:10DAF000903AF8EE677A0746C7EE887A0E4617EE38
:10DB0000900AE3F799F8CDE90401D5ED887AFDEEA6
:10DB1000E77A31463846CDED027AE3F719FC07EE95
:10DB2000900AC7EE887A17EE900AE3F785F8104A54
:10DB3000CDE9000120212046E8F722FD07B0BDEC29
:10DB4000028BF0BD0320F1F713FF0843C8D1094A47
:10DB50002021204607B0BDEC028BBDE8F040E8F77D
:10DB60000FBD0548FFF71CBFF032002000247449A8
:10DB70001E8302083683020868C102080000000004
:10DB80007FB5002A33D01D4D95F89D6102F10C043C
:10DB90000EB1062E0AD11A4B1A4A53F8263020210C
:10DBA000204604B0BDE87040E8F7EABCD5F80802AA
:10DBB000E3F742F8012E0BD1B5F8D631124A0293A1
:10DBC000CDE9000120212046E8F7DAFC04B070BD61
:10DBD000B5F8D8316422534302930023CDE9000104
:10DBE0000A4A039320212046E8F7CAFCEEE70848DA
:10DBF00004B0BDE87040FFF7D3BE00BFF032002094
:10DC0000D0BF020841830208498302085E830208EC
:10DC1000BCC5020800000000000000000000000079
:10DC200042B1064B0649B3F9D431013351F82330E0
:10DC3000936070470348FFF7B3BE00BFF032002087
:10DC4000B0BF02089CC302080000000000000000F2
:10DC500038B5364D95F9B531581C22D00C4692B3E3
:10DC600033490020082CC88208D8082C17D8DFE8D0
:10DC700004F014161916091616162000102C01D0DF
:10DC8000202C0CD1002105EB0313517193F868325D
:10DC9000234204D00123537101E031338B75254BAE
:10DCA000936038BD05EB031090F86A023130887537
:10DCB000E8E705EB031393F86B3203F13100063309
:10DCC00088755380EBE7022912D105EB031292F815
:10DCD0006822920715D41848FFF762FE95F9B5310E
:10DCE00005EB031595F86832234385F8683212E096
:10DCF000082906D1114B12481A70BDE83840FFF7C9
:10DD00004FBE05EB031393F86822224207D022EAA4
:10DD1000040283F86822BDE83840F9F7E1BE002C20
:10DD2000DCD10848FFF73CFEF5E700BFF0320020E9
:10DD3000287100203E71002060C30208A8700020F6
:10DD4000FCC4020840BC0208000000000000000003
:10DD50002DE9F043314B324D1B7887B0002A46D075
:10DD60001646002003EB430205EB8212044692F8AC
:10DD7000E87207B101340130082802F11802F6D127
:10DD80002CB9C02202FB0352012082F8E802C02411
:10DD90005C43182303FB01442C440C3694F8E8320E
:10DDA000003B18BF012306F8073CD4E9BC01E3F7A8
:10DDB000CFFAE2F741FF94EDBB0A80468946F9F7B6
:10DDC0003FFD95F89A21174B10EE100A53F82230B8
:10DDD0000493E2F731FFCDE90089CDE90201124A4F
:10DDE00020213046E8F7CCFB07B0BDE8F0830F4AAE
:10DDF000C9B21170C0225343182202FB01331D44E3
:10DE00000B4A012385F8E8321370F1F769F80948E5
:10DE100007B0BDE8F043FFF7C3BD00BFA870002006
:10DE2000F0320020C4B4020874830208A7700020F6
:10DE300054140020C0C402080000000000000000CC
:10DE40002DE9F0412D4C15463AB194F8C231003B12
:10DE500018BF01235371BDE8F081294B4FF0010831
:10DE6000104683F80080F1F783FD074640460E46D2
:10DE7000F1F77EFD94F8C2210346002A21480CBF29
:10DE80004246002284F8C221028842F02602028023
:10DE90000CD1D4E90C20024304BFC4E90A76C4E9DA
:10DEA0000C311948BDE8F041FFF77ABD26462346FC
:10DEB00093F82120B2B1302303FB0545D5E90A23AD
:10DEC0000020F1F7C5FE072296F8713183B13023A7
:10DED00002FB03331C44D4E900230120BDE8F041D8
:10DEE000F1F7B6BE0135082D03F13003E0D1EAE7C2
:10DEF000013A531CA6F13006E6D1ACE7F03200201F
:10DF0000541400208A5B002014C4020800000000A2
:10DF1000F0B52C4C85B0002A3FD00023254618468A
:10DF200095F8216006B101300133082B05F1300569
:10DF3000F6D110B9012384F82130302505FB01F317
:10DF4000E71802F10C0697F821005071387E58B19D
:10DF500018331D4A234420213046E8F711FB05B051
:10DF6000BDE8F040F0F74CB801FB05552544D5E974
:10DF70000001E3F7EDF9E2F75FFECDE90201D7E931
:10DF80000A01E3F7E5F9E2F757FE104ACDE900018F
:10DF900020213046E8F7F4FAE1E70D4B0D4AC9B20B
:10DFA0001970302303FB0144012384F821301370DE
:10DFB000F1F7B6FDFBF77CFB074805B0BDE8F04084
:10DFC000FFF7EEBCF03200204F8602088283020881
:10DFD000A67000205414002048C40208000000006D
:10DFE0000148FFF7DDBC00BFACC60208000000001E
:10DFF00038B5174C23784BB3FEF76AFD30BB154D8F
:10E0000004F0EEF895F8A4310BB1FBF711FB95F88D
:10E01000A531114D4BB1114B29881B885022C1EB02
:10E0200003134FF4C87003F07BFF0D4A138843F0CD
:10E03000360313800B4B4FF4E1721A800A4B1B8896
:10E0400003EB83035B002B800023237038BD00BFEC
:10E05000F5700020F0320020286E0020E21400202D
:10E060008A5B00206014002064140020000000007F
:10E07000074991F84B3C22B1003B18BF0123537173
:10E080007047B3FA83F35B0981F84B3CFFF7B0BFED
:10E09000EC0700200000000000000000000000006D
:10E0A00008B51AB1044B1B78537108BDEDF7F0FCAD
:10E0B000BDE80840FFF79CBF2039002000000000A9
:10E0C00008B51AB1044B1B78537108BDEDF7C0FCBD
:10E0D000BDE80840FFF78CBF213900200000000098
:10E0E00008B51AB1044B1B78537108BDEDF788FCD5
:10E0F000BDE80840FFF77CBF233900200000000086
:10E1000006490B6822B1003B18BF012353717047C9
:10E11000B3FA83F35B090B60FFF76ABFB0320020EC
:10E120002DE9F743754B764F1A78022A03D13A78D6
:10E13000824200F0BB80734C734E54F83020326042
:10E14000022238701A70FEF7C3FC08B9FFF7A0FB73
:10E15000002533681B789D42C0F28C80112004F0AA
:10E160002FF8122004F03CF84FF4F07220234FF403
:10E170009071002003F0D4FE3B7804EBC3040A2125
:10E1800064682046FBF7E4FC6FF00A0303FB00F22F
:10E19000203202EBD272521002F59072204604F047
:10E1A000DFF85A48FBF7ACFF33681D78584B002264
:10E1B0001A70584B1B78002B78D1574C574F013DA4
:10E1C000FBF7FEFC10F0300F034658D04FF000086C
:10E1D0009A06206803D5421E48BF2A462260DB0605
:10E1E00005D5236801339D42B8BF43462360FBF742
:10E1F000AFFE2068FBF7ACFE4FF47A70E4F700FA4C
:10E20000FBF716FD03460028E2D1FCF789FF022840
:10E2100066D101A96846FDF7D3F83268009992F9F2
:10E22000010037F830E08E455ADC07EBC000019B57
:10E23000B0F802C09C4553DCA1EB0E01A3EB0C032C
:10E24000B0F804E0C088B3FBF0F3019303F00F03D0
:10E25000B1FBFEF143EA011312F8021BDBB24FF0EF
:10E26000000888453CDA12F81800984221D008F1DD
:10E270000108F6E72846FBF76BFE013569E7012840
:10E28000C3D120680028C0DBFDF7A2FE0028BCD067
:10E29000234B00221A60FBF773F9FEF719FC38B321
:10E2A000FFF74EFB1C4B4FF0FF321A6003B0BDE886
:10E2B000F083D4F80090C4F800804046FBF748FE95
:10E2C0004846FBF745FEFDF73BF84FF0FF3340466D
:10E2D0002360FBF73DFE4046FDF77AFE0028D7D1CC
:10E2E000104B1A78002A3FF46BAF00221A70CFE768
:10E2F00003B0BDE8F043FFF77BBE00BFF570002020
:10E30000F470002010C70208DC7000205778020863
:10E31000F870002027390020E870002058CA020851
:10E32000F0700020263900200000000000000000EE
:10E33000EAB938B50E4C236841F23855AB4210D0DB
:10E340000C4B0D4A1A603C20FFF7EAFE0B4BDFED49
:10E350000C7A93ED007AB4EE677AF1EE10FA05D1FB
:10E360002560BDE838400748FFF71ABB38BD704745
:10E37000C4700020F07000209083020828710020F3
:10E3800000C0A94588C0020800000000000000008D
:10E390002DE9F04F2DED028B7C4D85B02B680C469E
:10E3A000104602B302F10C05142202FB0314784E4E
:10E3B00004F12E0306EB83035868E2F73DFCCDE938
:10E3C000020104F18F0306EBC306D6E901232021E5
:10E3D000CDE9002328466F4AE8F7D2F805B0BDEC36
:10E3E000028BBDE8F08F002B00F0CC805A1E0A2A69
:10E3F000F4D84FF0010808FA03F313F0AA0740F02D
:10E40000BB8013F4706F2AD113F0540FE6D0624A28
:10E4100000230320F1F71CFC2B68142202FB0343AA
:10E420005B4A8F3302EBC303D3E901230220F1F7E8
:10E430000FFC5A4A5A4801230A2182F8A331A2F854
:10E44000C611584A1460584A13602A68574B1A601C
:10E4500005B0BDEC028BBDE8F04FFFF7A1BADFF8C5
:10E460003CB19FED538A9BF89891494E0220F1F7F9
:10E4700037FF4D4BC3F800804E4B83F800804E4B66
:10E480004FF0FF321A602B68484AB0EE480A073B4B
:10E490001360F1F7E5FA2B684FF0140A0AFB034307
:10E4A0008F3306EBC303D3E901230420F1F7D0FB3C
:10E4B0002B688BF808700AFB03438F33009706EB39
:10E4C000C303D3E9012339463846F2F7B9FF2B6875
:10E4D00000970AFB03438F3306EBC303D3E9012301
:10E4E00041463846F2F7ACFF2B68DFF8D880DFF8FA
:10E4F000D8B00AFB03438F3306EBC303D3E90123F0
:10E500001C21CDE9002340462C4AE8F739F82C4B72
:10E510008BF800702820C3F80080FFF701FE9BF8FD
:10E5200000300BB32B68A8F116080AFB0343D8EDA3
:10E53000007A2E3306EB830638EE670AD6ED017AB1
:10E5400030EE270AFBEE097AB4EEE70AF1EE10FA94
:10E550000ADDF3EE097AB4EEE70AF1EE10FA03D51C
:10E5600086ED010A04F0ACFD484605B0BDEC028B17
:10E57000BDE8F04FF1F7B4BEF1F7B2FE074B83F8F8
:10E58000FD8544E71846F1F7ABFE40E7BC7000207C
:10E59000EC070020A683020840420F00F032002062
:10E5A00094C20208B87000203C23002030230020D1
:10E5B00000000CC25414002034230020B78302084A
:10E5C000F07000203E710020F87000200000000074
:10E5D00038B50C46FEF71CFDA8B10B4B0B4A0C4D91
:10E5E0001A60282000232B70FFF79AFD2B7853B177
:10E5F000084B09481A68094B1A60094B1C60BDE8B2
:10E600003840FFF7CDB938BDF0700020CE83020846
:10E61000F870002028710020B4C20208C0700020E9
:10E62000BC7000200000000000000000000000009E
:10E63000002A64D12DE9F3411446FEF711FD0028AC
:10E640005AD0314F314D97F898810220F1F748FEAA
:10E650002F4B03221A602F4BBBEE0E0A01264FF000
:10E66000FF322E601A60F1F7FBF925A3D3E90023EE
:10E670000420F1F7EDFA22A3D3E900233C722146EE
:10E6800000942046F2F7DCFE1DA3D3E900233146B7
:10E6900000942046F2F7D4FE1F4E204B204A1A6009
:10E6A00028203470FFF73CFD3378EBB11D4B93ED20
:10E6B000007A1D4BFBEE0E7A77EEC77A93ED2C7A3B
:10E6C00077EE877ABAEE047AF4EEC77AF1EE10FAB2
:10E6D0000ADDB2EE047AF4EEC77AF1EE10FA03D551
:10E6E000C3ED2C7A04F0ECFC002340462B6002B012
:10E6F000BDE8F041F1F7F4BD02B0BDE8F08170472C
:10E70000008C864700000000F03200203C230020EF
:10E710003023002034230020F8700020F070002007
:10E72000E783020828710020EC07002000000000A9
:10E73000002A56D173B51446FEF792FC00284ED03D
:10E740002B4D022095F89861F1F7CAFDBBEE0E0A39
:10E75000F1F786F924A3D3E900230420F1F778FA2E
:10E760002C7221A3D3E90023214600942046F2F71E
:10E7700067FE1DA3D3E90023012100942046F2F790
:10E780005FFE1C4D1C4B1D4A1A6028202C70FFF7A1
:10E79000C7FC2B78EBB11A4B93ED007A194BFBEECB
:10E7A0000E7A77EEC77A93ED2D7A77EE877ABAEE06
:10E7B000047AF4EEC77AF1EE10FA0ADDB2EE047ACA
:10E7C000F4EEC77AF1EE10FA03D5C3ED2D7A04F01A
:10E7D00077FC304602B0BDE87040F1F781BD02B071
:10E7E00070BD7047AFF3008000CA9A3B0000000084
:10E7F000F0320020F8700020F07000200B84020836
:10E8000028710020EC07002000000000000000003C
:10E81000002A64D17FB5344D0220144695F89861E2
:10E82000F1F75EFDBBEE0E0AF1F71AF92CA3D3E95E
:10E8300000230420F1F70CFA2C7229A3D3E900235A
:10E84000214600942046F2F7FBFD25A3D3E90023DF
:10E85000012100942046F2F7F3FD244D244B254A74
:10E860001A6028202C70FFF75BFC2B788BB3224BAF
:10E8700093ED007A214BF3EE0E7A77EE277AD3ED03
:10E88000196A77EEA67ACDED037ADFED1D7AB4EE44
:10E89000677AF1EE10FA03D10022039283F8414C1B
:10E8A0009DED037AFAEE0E7AB4EEE77AF1EE10FA05
:10E8B0000FDD9DED037AF2EE0E7AB4EEE77AF1EE1B
:10E8C00010FA06D5012283F8422C039A5A6604F006
:10E8D000F7FB304604B0BDE87040F1F701BD70476A
:10E8E00080C3C90100000000F0320020F870002051
:10E8F000F07000202D84020828710020EC07002011
:10E900000000C842000000000000000000000000FD
:10E9100008B5144B144A1A603C20FFF701FC134B56
:10E92000DFED137A93ED007AB4EE677AF1EE10FA28
:10E930000BD04FF4FA620F490F48FEF731FB0F4A34
:10E94000138843F02003138008BD04F0D9FC0C4A5F
:10E95000D36943F40063D3610A4B60225A60FF22FB
:10E960001A60FEE7F0700020508402082871002031
:10E9700000409A4462840208BD8202088A5B00203B
:10E9800000100240002C00400000000000000000C9
:10E990000D4B10B4D3E98E41D3E990034AB19942AB
:10E9A00008BF84420CBF094B094B5DF8044B9360D0
:10E9B0007047994208BF844208BF31205DF8044B7C
:10E9C00018BF1820FFF7ACBBF03200207B84020890
:10E9D0008084020800000000000000000000000029
:10E9E000124B134A19780023994210DC002070471B
:10E9F000104B4FF0FF321A600F4B00221A70FEF7D7
:10EA0000CFFF10E00133994202DC00200CE010B58A
:10EA100032F8024B8442F5DD084A52F823003E28C2
:10EA2000E6D8FFF77DFB012010BD00BF217000205C
:10EA300074700020E8700020EC700020247000202A
:10EA400038B50F4D144632B195F8BF31003B18BFB1
:10EA50000123537138BDECF7C3FF95F8BF31002B8C
:10EA6000F8D0084B084A1A601120FFF759FB012320
:10EA700085F8BF312046BDE83840EEF721B900BF28
:10EA8000F0320020F07000208A84020800000000AC
:10EA90002DE9F04F9C4D95F8433CDE068DB00446C1
:10EAA00031D59A4A9A491368526851F82010019159
:10EAB00003F07F3323F0FE430093964B2021134055
:10EAC00004A8954AE7F75CFD3CB9FFF791FA934833
:10EAD000F9F75EF82046FAF763FB91499148012265
:10EAE000E9F7AEFE00B3904990484FF4FA62FEF7A2
:10EAF00057FA8F4A138843F022031380FFF778FAFE
:10EB00000DB0BDE8F08F3D20FFF70AFB894B1A7866
:10EB1000002AF5D07E4A52F8242000922021864A0D
:10EB200004A8E7F72DFDCFE784480B2204A9E9F7F5
:10EB3000AFFE0028D7D1072C00F2D581DFE814F012
:10EB4000A00008009601D301B701A00116015901E8
:10EB50000024724EDFF81092794FA046B9F8CA31FE
:10EB6000434540F3BD80002C40F0BA803B88DFF87D
:10EB7000ECA113F0010F00F0C58095F8433C9C0612
:10EB80001FFA88F040F1B480F0F742F9E2F7E0FBB9
:10EB9000DFED6C7A07EE100AC7EE277A17EE900ABF
:10EBA000E2F74AF8684ACDE9000164215046E7F7E8
:10EBB000E7FC0AEB00043B8898070FD596ED000AA6
:10EBC000F8F73EFE10EE100AE2F736F85F4ACDE99C
:10EBD000000120466421E7F7D3FC04443B88590731
:10EBE00011D506F5E16393ED000AF8F729FE10EE62
:10EBF000100AE2F721F8564ACDE9000120466421C7
:10EC0000E7F7BEFC04443B881A0711D506F561639B
:10EC100093ED000AF8F714FE10EE100AE2F70CF874
:10EC20004B4ACDE9000120466421E7F7A9FC0444E2
:10EC30003B88DB0611D506F5A85393ED060AF8F7D5
:10EC4000FFFD10EE100AE1F7F7FF424ACDE900019F
:10EC500020466421E7F794FC04443F4A642120469F
:10EC6000E7F78EFC3D49221803ABA2EB0A0201F63E
:10EC70007430EAF755F808F10108044604366DE7E8
:10EC800037492E4803AB7A22EAF74AF804460F20A8
:10EC900003F0A6FA24BB314E40F23F1506F6743756
:10ECA00001234FF4F07229460020009603F0F8F992
:10ECB0002A484FF4F071FBF743FB284903AB4FF4AC
:10ECC00070723846EAF72CF80123294604461A46A2
:10ECD00040F2DF1003F024F9013D01D3002CDFD016
:10ECE0001648EAF7C5F9002C7FF4FDAE04A9FBE64F
:10ECF000F0F78EF81B4ACDE9000164215046E7F792
:10ED00003FFC56E7544656E7EC0700200028004039
:10ED100098BE02083F1FFF009F8402082839002088
:10ED2000577802082C7F002090840208D1840208C2
:10ED30008A5B0020F8700020AF840208DC7C002091
:10ED4000A470002000247449B5840208C784020816
:10ED5000BF840208C6840208F476020868710020A5
:10ED6000B8BE0208BB840208F03200205F4FDFF813
:10ED7000A081002607F6743998F80030DFF87CA1EE
:10ED8000182575434FF0C00B0BFB0353534493F806
:10ED9000E8423CB3D3E9BC236421CDE900235348C6
:10EDA000534AE7F7EDFB98F800300BFB0355AA44F4
:10EDB0003C18DAF8EC02E1F73FFF4E4ACDE90001DA
:10EDC00064212046E7F7DCFB04444B4A64212046DB
:10EDD000E7F7D6FB2218454903ABD21B4846E9F7B3
:10EDE0009FFF04460136082E3FF47AAF002CC3D0B3
:10EDF00076E73E4E414DDFF8F880082706F6743975
:10EE000095F821405CB3D5E90A236421CDE90023BC
:10EE100036484246E7F7B4FBD5E90C233418CDE970
:10EE20000023642142462046E7F7AAFB0444A86B6E
:10EE3000E1F702FF2F4ACDE9000164212046E7F700
:10EE40009FFB04442C4A64212046E7F799FB0444C5
:10EE5000A21B264903AB4846E9F762FF0446013F7F
:10EE60003FF43EAF3035002CCAD039E703AB4FF446
:10EE700080224FF000612248E9F752FF04462FE755
:10EE80001E4C204B236003F14E4303F5650303F64C
:10EE90000B034FF4C5612046C4F8283604F000F98E
:10EEA00003ABC4F828064FF4C6622146E3E7164BCD
:10EEB000164C2B6003F14E4303F5650303F60A037A
:10EEC00000264FF44661A4F54660C5F8603C6660D4
:10EED00004F0E6F86660C5F8600C03AB40F66842E3
:10EEE000A4F54661C7E70024FAE600BF6871002078
:10EEF000CC840208017A0208F4760208F03200207D
:10EF0000DC7C00206D4E4F436E4E4F434C1400206E
:10EF1000A8700020000000000000000000000000B9
:10EF2000C8B2FFF7B5BD00000000000000000000FF
:10EF3000064B074A93F8BE315B0003F01E0343F013
:10EF4000010301201380FFF7A3BD00BFF0320020B2
:10EF5000A47000200000000000000000000000007D
:10EF600008B50A4991F84C3CB3FA83F35B090AB13E
:10EF7000537108BD81F84C3C054B01221A7004F016
:10EF80009FF8BDE80840FFF733B800BFEC0700204A
:10EF900054140020000000000000000000000000E9
:10EFA00008490B6822B1003B18BF01235371704719
:10EFB000B3FA83F35B090B60034B01221A70FFF76E
:10EFC00017B800BFD0070020541400200000000034
:10EFD00008B50A4991F84A3C22B1003B18BF012309
:10EFE000537108BDB3FA83F35B0981F84A3C04F01E
:10EFF00067F8BDE80840FEF7FBBF00BFEC07002044
:10F0000004490B780AB15371704783F001030B7008
:10F01000FEF7EEBFE807002000000000000000003F
:10F0200010B5214C94F9403C22B1003B18BF01239C
:10F03000537110BDEBB194F9403CB3FA83F35B0913
:10F0400084F8403C04F03CF80020F1F749F994F9C9
:10F05000403C53B1002200230020F0F7F9FD10A33B
:10F06000D3E900230120F0F7F3FDBDE81040FEF7DF
:10F07000BFBF0E490E484FF4FA62FDF791FF0D4BEA
:10F080000D4A1A603C20FFF74BF80C4BDFED0C7A71
:10F0900093ED007AB4EE677AF1EE10FACBD0C8E7C0
:10F0A000005ED0B200000000EC070020DE84020801
:10F0B0000D830208F07000200585020828710020E9
:10F0C000000887450000000000000000000000006C
:10F0D00070B52C4D95F8486C0AB1966070BD04204F
:10F0E00003F06EF8032003F07BF8012003F098F999
:10F0F0002823A1228C219C2002F012FF3346224AB1
:10F100009321B82003F09CF9204AA221A32003F008
:10F1100097F934B21C4EFAF753FD83B210F0300069
:10F1200020D0DA0644BF053424B29B0644BF053C18
:10F1300024B2642CA8BF642424EAE47424B22346D5
:10F1400032469321B82003F07BF9A0B202F0D8FE3A
:10F150004FF47A70E3F754FAFAF76AFD83B2002BA2
:10F16000DFD1D8E7012BD6D1094A85F8484C13885E
:10F1700043F02003138003F053F9BDE87040FEF71D
:10F1800037BF00BFEC070020178502082985020859
:10F190008A5B00200000000000000000000000006A
:10F1A00008B50E4B93F898116AB141B90C499160BA
:10F1B00093F8AF31022B28BF0223537108BD0949D0
:10F1C0009B799160F9E729B9EDF70AFCBDE80840A1
:10F1D000FEF70EBFECF794FCF8E700BFF03200201A
:10F1E000408502084D850208000000000000000074
:10F1F00038B5134D2B780BB30446F9F749FEFDF7EC
:10F2000067FC2B78013B01462B70FDF761FC003950
:10F2100018BF0121814204D00A4A138843F0360303
:10F220001380094B4FF0FF321A601CB1BDE8384023
:10F23000FEF7DEBEBDE83840FEF782BB38BD00BF3A
:10F24000EC7000208A5B0020E870002000000000C5
:10F250002DE9FF41002A56D0FF2914464AD1424BDE
:10F260001B68002B42D0414B1A68414B53F8226077
:10F27000404D0020F0F77CFB002385428B414FF08E
:10F2800001002CBF3C4F3D4FF0F772FB002385423D
:10F290008B414FF0010034BFDFF81081DFF8DC80D4
:10F2A000F0F766FB364B83424FF000038B411FD2D1
:10F2B000344B324A93F80916334B002908BF1346E2
:10F2C000324A334910682D4A324D002818BF0A4689
:10F2D000CDE90232CDE900782F4A33461A2128467B
:10F2E000E7F74EF9A56004B0BDE8F081234EBFE713
:10F2F000224BE5E7234B93F809368B4214BF0423D6
:10F3000005235371EFE7012926D0FF2906D091B1DB
:10F31000002004B0BDE8F041FFF76ABF1F4B204A50
:10F320001868204B00280CBF1046184604B0BDE8F2
:10F33000F041FEF735BB134B83F809161A4B012237
:10F340001A70EBF7DDFF0220F0F712FB02460B46C6
:10F350000220F0F77DFCDBE70A4B83F80916124B1D
:10F360001970EBF7CDFFD3E73C23002030230020BA
:10F3700038960208BFFB0D315C85020857780208F9
:10F38000806E5A43F03200206F850208C0320020A0
:10F3900076850208E46F00207C850208545B00201B
:10F3A00060C0020838C002085414002062850208B8
:10F3B00010B5084614464AB1084BA16093F8B8311D
:10F3C0008B4214BF04230523537110BDECF778FA68
:10F3D0002046BDE81040FFF70BBF00BFF032002011
:10F3E00002290FD0032910B50ED0012912D10A4BE2
:10F3F000042200201A70FFF7FBFEBDE81040012038
:10F40000FFF7F6BEEFF76CBBFDF702FE10B1024B43
:10F410004022EEE710BD00BF58140020000000009D
:10F420000649104691F81A360AB15371704783F0B5
:10F43000010381F81A36FFF7DBBE00BFF03200206F
:10F4400010B5481E144662B1094BB3F9D43183425A
:10F4500014BF042305235371064B53F821309360E6
:10F4600010BDECF79DF82046BDE81040FFF7C0BE88
:10F47000F0320020B0BF02080000000000000000D1
:10F48000164B10B553F8204072B1154B93F89831D4
:10F49000A34206D1134B936005235380612313715C
:10F4A00010BD114B9360FBE72046F1F701F9022CE8
:10F4B00010D007DC012C09D90C4A138843F004034F
:10F4C0001380EDE7032CF7D1094804E00120FFF792
:10F4D0008FFEF1E70748FEF763FAEDE7ECBF02089D
:10F4E000F0320020878502088E8502088A5B0020A2
:10F4F00048C60208ACC60208000000000000000078
:10F5000008B551B1084B93ED000A084B1968084B38
:10F510001868EDF78DF903F0D3FD064B0020186055
:10F52000BDE80840FFF764BEC0700020B87000203E
:10F53000BC7000203C230020000000000000000000
:10F5400010B40E4B93F9B5411046220170B14C1C1A
:10F550001344846093F86B328B4214BF0423052359
:10F56000437106315DF8044B41807047134483F8C2
:10F570006B125DF8044BFFF73BBE00BFF03200207A
:10F5800070B5144C4E1E154662B194F9B53104EBBA
:10F59000031494F86A329160B34214BF0423052324
:10F5A000537170BD04EB061301223046B3F96C129F
:10F5B00083F86922EFF7F4FF94F9B50104EB001426
:10F5C00084F86A62F9F74CFC2846BDE87040FFF702
:10F5D0000FBE00BFF032002000000000000000005D
:10F5E000134A92F9B511002921DB10B5134600200A
:10F5F00093F8694254B193F86842A40706D593F88A
:10F600006A428C4204BF002483F869420130082812
:10F6100003F11003ECD102EB0112002482F86942DD
:10F62000F8F75EFA2046BDE81040FFF7E1BD7047ED
:10F63000F032002000000000000000000000000088
:10F6400070B5224D4E1E330114462B443AB193F847
:10F6500069329160003B18BF0123537170BDB3F94B
:10F660006C120122304683F86922EFF799FF731C70
:10F67000174B1FD193F9002085F8B52101321E7078
:10F6800006D12B4693F86922012A0AD185F8B541A3
:10F6900095F9B501F9F7E4FBBDE870400020FFF7EC
:10F6A000A7BD0134082C03F11003EBD1FF2385F82B
:10F6B000B531EDE795F9B52193F9001076B2914295
:10F6C00018BF1A7085F8B561E2E700BFF03200207C
:10F6D000E014002000000000000000000000000016
:10F6E0002DE9F041374E96F9B5010F46FAF710FEB5
:10F6F00050EA01030ED0032F04460D4619D00BD952
:10F70000042F51D00120FFF773FD2F4A138843F0D7
:10F7100004031380BDE8F08102460B463846F0F73B
:10F7200097FA022FEED1294B03225A7401225A75FF
:10F73000E8E7DFF8A08098F90000431C03D096F9B1
:10F74000B531834214D10220F0F712F9844275EBEF
:10F75000010309D2021B61EB0501921841EB010381
:10F760000320F0F775FACDE7221A65EB0101F4E703
:10F77000FAF7CEFD50EA010307460E46CAD0A04272
:10F7800071EB050307D298F90000FAF7C1FD27468F
:10F790002E4604460D4622462B460020F0F758FA26
:10F7A0003A4633460120DCE796F9B53106EB0316FD
:10F7B000074BB6F96C2203EB820393ED000AF1F7D5
:10F7C00057F89FE7F03200208A5B00202871002064
:10F7D00028390020E0140020000000000000000094
:10F7E00010B5044C237803B910BD0020FFF700FDCD
:10F7F000F8E700BFEC7000200000000000000000EF
:10F8000030B50C4685B01146002A41D04548FE2C43
:10F8100090F8C43129D1FF2B02F10C051CD190F8CE
:10F82000C22190F89A31AAB93F4C404A032B88BFB5
:10F8300014463F4A52F823300293D0F81802E1F7F9
:10F84000FBF92246CDE9000120212846E6F798FE83
:10F8500005B030BD374CECE7374A0133202128464C
:10F8600005B0BDE83040E6F78BBEA34204F10102CB
:10F8700014BF042305238A604B71E9D0FE2CE7D81E
:10F8800090F8BE312341D807E2D516230B80DFE77D
:10F89000FE2C05D1294805B0BDE83040FEF780B800
:10F8A000204D95F8C401FF2811D0A0421FD02B187D
:10F8B00093F8A621082A0AD11973012295F8BE31BE
:10F8C000824023EA020385F8BE31EDF7E1F8FF2C10
:10F8D0000DD195F8C23185F8C44113B91120FEF756
:10F8E0001FFC002005B0BDE83040FFF781BC95F853
:10F8F000BE3143FA04F2D20703D595F8C421A242DF
:10F90000A6D1E0B20E4A85F8C40129181070012270
:10F910000A7382401343082185F8BE31EDF7B8F829
:10F920000848B8E7F0320020B0850208A285020836
:10F93000C4B4020895850208BE85020824C50208E1
:10F94000A870002098C40208000000000000000019
:10F9500038B51E4B1E491A78002002EB420301EB1A
:10F960008313044693F8E85205B1013401300828A6
:10F9700003F11803F6D1174B012C187810D1C023CE
:10F980005343182404FB00330B4493F8E8323BB193
:10F99000BDE83840104911484FF47A72FDF700BBBA
:10F9A000072812D8C0235A43182303FB002211440E
:10F9B0000B4B0024012281F8E8421A70EFF790FA0D
:10F9C0002046BDE83840FFF713BC38BDA8700020C2
:10F9D000F0320020A7700020CE850208BD82020808
:10F9E000541400200000000000000000000000008F
:10F9F00008B5114B33F81100B2B190B107EE900A7F
:10FA0000B8EEE77AF7EE006AC6EE877A0B4BD3F8CA
:10FA1000F431834214BF042305235371C2ED027AEB
:10FA200008BDDFED077AF1E7ECF7BAFFBDE8084063
:10FA30000120FFF7DDBB00BF40BF0208F03200200D
:10FA400000000000000000000000000000000000B6
:10FA500008B50C4B33F8110062B10B4B53F8213051
:10FA600093600A4BD3F8F031834214BF042305237B
:10FA7000537108BDEEF744F9BDE808400120FFF7D7
:10FA8000B7BB00BF74BF02084CBF0208F0320020B1
:10FA900008B50C4B52B193F8B431C3EB0313B1EB7F
:10FAA000430F14BF04230523537108BD07EE901ABA
:10FAB000B8EE670A5A71ECF7B3FCBDE808400120C4
:10FAC000FFF796BBF03200200000000000000000AD
:10FAD00008B5144B93F8980100F0FD009AB1012885
:10FAE0000CD11148906093F8B431C3EB0313B1EB20
:10FAF000430F14BF04230523537108BD5B790B49E1
:10FB000091600433F8E7012809D19FED090A5A7181
:10FB1000ECF786FCBDE808400120FFF769BBECF775
:10FB2000B7F9F7E7F0320020E1850208CE7F02083E
:10FB300000000000000000000000000000000000C5
:10FB400010B51A4A00210846134692F8214004B124
:10FB500001300131082902F13002F6D1144A01289E
:10FB600012780DD1302101FB023191F8211039B109
:10FB7000BDE810400F4910484FF47A72FDF710BAF3
:10FB8000072A12D8302101FB0233002483F82140D8
:10FB90001C760A4B01221A70EFF7C2FFF9F788FDB5
:10FBA0002046BDE81040FFF723BB10BDF032002017
:10FBB000A6700020CE850208BD82020854140020E1
:10FBC00008B5084642B1084B93F89A318B4214BFEE
:10FBD00004230523537108BDF0F7DAFDBDE80840A2
:10FBE0000120FFF705BB00BFF0320020000000003D
:10FBF00008B522B1064B1B790433537108BD0120AF
:10FC0000ECF766F9BDE808400120FFF7F1BA00BF44
:10FC1000F0320020000000000000000000000000A2
:10FC200070B50D4E14467AB10D464B1C0B4A20217F
:10FC300004F10C00E6F7A4FCAB1D63803378AB4203
:10FC400001D11623238070BD3078ECF7A9FC204643
:10FC5000BDE87040FFF7CCBAA8700020E585020827
:10FC6000F8B5164E4F1E1446F2B10D4602F10C00C7
:10FC7000A9B10B46124A2021E6F782FC6B1D638076
:10FC80003278104B134493F8AA31AB4214BF0423CB
:10FC90000523BA42637101D116232380F8BD0A4AB5
:10FCA0002021E6F76DFCEBE730783946ECF788FC6D
:10FCB0002046BDE8F840FFF79BBA00BFA8700020BF
:10FCC000EF850208F03200200186020800000000E3
:10FCD00008B55AB14B1C9360114B1B788B4214BF73
:10FCE0000423052353710631518008BD0D4B93F950
:10FCF000B131013311D003290FD14FF4FA620A490F
:10FD00000A48FDF74DF90A4A138843F0200313808F
:10FD1000BDE808400020FFF76BBA014B1970F7E708
:10FD2000A8700020F03200200E860208BD82020872
:10FD30008A5B0020000000000000000000000000BE
:10FD40007FB50D46144662B3084603F061FA0C34E1
:10FD5000064618B390F810364BB1214A00F5C2633D
:10FD60002021204604B0BDE87040E6F709BCD0E988
:10FD70009001E1F7EDFAE0F75FFFCDE90201D6E986
:10FD80008E01E1F7E5FAE0F757FF164ACDE90001E9
:10FD900020212046E6F7F4FB04B070BD124A2B4642
:10FDA000DEE7632915D91046F0F79AFA4FF0FF30D5
:10FDB000EBF7F6FB652D09D00025284603F0E8F99E
:10FDC000012004B0BDE87040FFF712BAE9F770FEF9
:10FDD000F2E7064B064A1A603B20FEF7A1F9ECE772
:10FDE0002A8602088283020834860208F070002006
:10FDF0003D86020800000000000000000000000036
:10FE00007FB50E466AB30846144603F001FA0C3477
:10FE1000054618B390F810364BB11A4A00F5C26384
:10FE20002021204604B0BDE87040E6F7A9BBD0E928
:10FE30009001E1F78DFAE0F7FFFECDE90201D5E987
:10FE40008E01E1F785FAE0F7F7FE0F4ACDE90001F0
:10FE500020212046E6F794FB04B070BD0B4A3346E0
:10FE6000DEE7084603F0F4F9013005D126B9084B66
:10FE700093F89801F0F734FA012004B0BDE870401F
:10FE8000FFF7B6B949860208828302085286020843
:10FE9000F032002000000000000000000000000020
:10FEA00073B500230193374B1A78374B53F8224030
:10FEB0000546064666B9002C62D0227802F0070398
:10FEC000013B052B0ED8DFE803F042162B0A0D4745
:10FED000204601A9F9F7C4FD013E0446EAE70020E7
:10FEE000FFF786F9294B1B78012B49D102B0BDE8F9
:10FEF0007040FDF7CDBC264B00215975D4F8063073
:10FF00004BB11007617804D5019A01F00F0111443B
:10FF100089B2284698471F4A138843F0040314E027
:10FF20001B4B00215975D4F8063053B11207617884
:10FF300004D5019A01F00F01114489B2002228462C
:10FF40009847144A138843F014031380CAE7D4F87F
:10FF50000600FDF725FDC5E70D4B00225A75FCF79D
:10FF6000B7FD08B1F9F70CFB60780B4BD4F806200D
:10FF70001A6004289CBF094A1A60FEF7D1F8CAE744
:10FF800002B070BDEC70002068140020F5700020F5
:10FF9000287100208A5B0020F0700020C8700020CB
:10FFA00038B5052906D8DFE801F0030D1224271023
:10FFB000FBF7D6F9FEF71CF8F9F7E2FABDE838408E
:10FFC000F9F7D6BAFBF744FAF4E7FBF799FA0D4CC8
:10FFD000002501202570FFF70BF90B4B002083F85B
:10FFE000BA51002103F5C463C3E90001082323705B
:10FFF00038BDFBF7CDFADDE7BDE838400348FDF733
:020000040802F0
:10000000CFBC00BF58140020F03200209CC1020871
:1000100008B5074B93F89801F0F762F9EEF7B8F8D6
:10002000044B01221A70BDE80840FDF7E1BF00BF94
:10003000F0320020541400200000000000000000F6
:10004000074991F8C13122B1003B18BF0123537118
:100050007047B3FA83F35B0981F8C131FDF7C8BF7C
:10006000F03200200000000000000000000000004E
:100070002DE9F0413349A8B0054601223248E8F79E
:10008000DFFB50B1314932484FF4FA62FCF788FF88
:10009000FDF7AEFF28B0BDE8F0812E4B29491A7854
:1000A0002D4B12A853F822302693E8F7F1FF0446AF
:1000B0000028E7D16A1EC2EB02125200032096B25A
:1000C00002F08EF802F02CF8012002F0A9F9234F7B
:1000D00006F11D0802A912A8FBF7CAF890B9A642BA
:1000E00008DCA04506DBC6F104000DF12201204426
:1000F000F9F79EFF3B880134002BEBD006F11E037D
:10010000A342E7D112A8E9F713F83B88144E43B98C
:100110003C80ACB1A4B21D341E23B4FBF3F4A4B2F2
:100120003480F9F7CDFF338800930E4A2B4640F216
:100130003111DB2002F084F9002002F071F9A9E707
:100140000124EDE7577802082C7F00205B86020827
:100150005E810208F470002098BE0208A2700020A0
:10016000A07000206386020800000000000000006C
:100170000D4A1378032B15D00C48002303800C483C
:100180000380032010700B4A11700B4A012010806D
:100190000A4A13800A4A4FF0FF311160094A13805E
:1001A000FFF766BF704700BFF570002060140020A5
:1001B000286E0020F47000209E700020A2700020A5
:1001C000E87000209C70002000000000000000008B
:1001D00010B5084652B30439334B07291FD8DFE85E
:1001E00001F00C0C041E1E1E141B93F89F312F49A6
:1001F000073B51F82330936010BD93F8A0012C49C0
:100200002C4B042808BF0B46F5E793F8A131003BBF
:1002100018BF01235371EFE793F8A231F7E793F882
:100220009E31834214BF04230523F3E7CB1E082B22
:1002300035D8DFE803F0112A2A05343434151E00BE
:10024000194B93F89F010130C0B20A2828BF07203C
:1002500083F89F01ECF734FD174B01221A70CBE7AE
:10026000114A92F8A131B3FA83F35B0982F8A13104
:10027000F2E70D4A92F8A231B3FA83F35B0982F8F0
:10028000A2310E4B00221A60E6E7074B93F8A0213B
:10029000042A0CBF0522042283F8A021DCE7ECF736
:1002A0000FFDFDF7A5FED7E7F0320020D4140020A3
:1002B0006F86020872860208895B0020505B00206E
:1002C00008B50B4991F8B23122B1003B18BF0123A8
:1002D000537108BDB3FA83F35B0981F8B231FDF7BE
:1002E00087FEF9F74DF9BDE80840F9F741B900BFBD
:1002F000F0320020000000000000000000000000BC
:1003000008B522B1054B93F8FD35537108BDEBF7E5
:10031000E7FBBDE80840FDF76BBE00BFF0320020F0
:1003200008B5094B094A1A60094B00221A70094B9B
:1003300093F89A31032B8CBF34200620FDF7F0FE92
:10034000BDE80840FDF754BEF07000207786020833
:10035000F8700020F03200200000000000000000D3
:1003600008B5084642B1074B93F8A3318B4214BF3E
:1003700004230523537108BDECF75AFBBDE8084080
:10038000FDF736BEF0320020000000000000000043
:10039000024B83F8C011FDF72BBE00BFF0320020E6
:1003A00008B50B4991F8A53122B1003B18BF0123D4
:1003B000537108BD002B0ABF0122002281F8A4312D
:1003C00081F8A521F9F734F9BDE80840FDF710BE22
:1003D000F0320020000000000000000000000000DB
:1003E00008B5C2B11B4B1B7813F0010F02F10C00D2
:1003F00008D1C3F340035371174ABDE808402021D8
:10040000E6F7BEB8154B93F8A431003B18BF0123A3
:100410005371134AF1E7E9F773FB20B1BDE80840D7
:100420000120E9F77DBB0D4A92F8A4310133DBB21C
:10043000032B07D982F8A401F9F7FAF8BDE80840C0
:10044000FDF7D6BD82F8A431002BF5D082F8A501C6
:10045000F2E700BF5814002083860208F032002023
:10046000908602080000000000000000000000006C
:100470002DE9F84F444C2DED028BD4E9960152B191
:10048000424B03440B4314BF012300235371BDECC3
:10049000028BBDE8F88F3E4B914208BF98420AD0CC
:1004A00037A3D3E90023C4E99623BDEC028BBDE852
:1004B000F84FFDF79DBDB4F8D251DFF8E4B0DFF896
:1004C000E4A09FED348A15F001052CD12846EFF702
:1004D0004FFA074601200E46EFF74AFA2E4BCBF8AB
:1004E0000030814628468846FDF71AFE31463846D8
:1004F000E0F72EFFDAED007A07EE100A77EEC77A02
:1005000077EE887A17EE900AE0F7D2FF3A46C4E910
:10051000960133462846EFF79BFB4A4643460120A7
:10052000EFF796FBC1E70220EFF722FA0646032019
:100530000D46EFF71DFA194BCBF80030804602202C
:100540000F46FDF7EDFD29463046E0F701FFDAEDF5
:10055000007A07EE100A77EEC77A77EE887A17EE00
:10056000900AE0F7A5FF3246C4E996012B46022027
:10057000EFF76EFB42463B460320D1E7AFF3008026
:1005800000E1F50500000000F0320020001F0AFA2B
:1005900000E1F50520BCBE4C9B860208B28602082D
:1005A000F070002028710020000000000000000012
:1005B00010B50D4B0C4618784AB10C4B034493F818
:1005C000A6318B4214BF04230523537110BDECF7F1
:1005D0005FFA082C04D1BDE810400548FDF7E0B9EA
:1005E000BDE81040FDF704BDA8700020F0320020E7
:1005F00098C4020800000000000000000000000095
:100600002DE9F84F1046C84C0E4642B194F8AE3171
:100610008B4214BF042305235371BDE8F88FFEF706
:10062000E7FDEDF7B5FD1EB394F8AE310BBB731EBD
:100630000F2B00F22D81DFE813F02E00A800ED0053
:100640000E0123012E01420195019500F2010A02DB
:100650004B0261026E022B013B014FF4FA62B34977
:10066000B348FCF79DFCB34A138843F02003138082
:10067000002694F8AE31102B05D194F8BE3123F04A
:10068000020384F8BE3100210846ECF701FA00208D
:10069000EBF70EFACBE794F89801DFF8A8B2EFF782
:1006A0001FFE0225A44AA54B1360284684F8785201
:1006B00084F8885284F8985284F8A85284F8B85282
:1006C00084F8C85284F8D852FDF72AFDDBF8000000
:1006D000E0F7EEFE984A9A4B136082468046284621
:1006E0000F468946FDF71CFD9BED007AF6EE007A79
:1006F00067EE277A17EE900AE0F7DAFE4FEA5A0320
:1007000043EAC7737A0883428C4672EB01010546BF
:100710003CBF94461D4655EA0C0328D0BAEB0502AF
:1007200067EB0C0700216D197F4B4CEB0C0C012083
:100730008E4615EB020BC3E90A2747EB0C0A013181
:1007400018EB020249EB07070829C3E90CBA83F842
:10075000210083F818E003F13003EAD1A4F8C201C4
:10076000EEF79EFA04210020ECF792F990E00022C7
:1007700000230020EFF76CFA0923AAFB032803FBF0
:1007800007830120EFF764FAECE794F89801DFF8AB
:10079000A881EFF7A5FD012384F8693284F8893236
:1007A00084F899324FF49073A4F87832654C664B14
:1007B000C8F800300220FDF7B3FC2068E0F778FEAF
:1007C000624BC8F80030054602208946FDF7A8FCB8
:1007D0002068E0F76DFE2A1849EB0103520842EA4F
:1007E000C37204465B0802208846EFF731FA621BA9
:1007F0004FF00A01A2FB012368EB090801FB083353
:1008000040F6B8318A4273F1000001D20A46002353
:100810000320B7E794F89801EFF762FD4FF4837374
:10082000A4F87832444C4A4B23600220FDF778FC50
:10083000484B23600320FDF773FC424B93ED007A95
:10084000F1EE007A67EE277A17EE900AE0F730FEB5
:1008500002460B46DCE794F89801374CEFF740FD71
:100860003B4B23600220FDF75BFC3B4B23600320E6
:10087000FDF756FC334BF0EE087A93ED007AE1E792
:10088000012384F8793284F889320520EAF7E8FFF9
:10089000FDF7AEFB17E1012384F8793284F8893241
:1008A000254B2E4A1A602820FDF73AFC0620EDE77A
:1008B00094F8BE3143F0020384F8BE31E8E794F8BF
:1008C00098011D4DEFF70CFD4FF49173A4F87832A9
:1008D000A4F8883202201E4B2B60FDF721FC204B30
:1008E0002B600320FDF71CFC164B1868E0F7E0FDB9
:1008F00042F21D52B0F5FA7561F10003954273F1B1
:100900000003BFF4AAAE0523A0FB034503FB01557A
:1009100041F28832002320462946E0F7B1FDEDF789
:10092000EFF922462B4673E7F0320020CA86020810
:10093000BD8202088A5B0020F0700020DA8602087F
:10094000F386020828710020068702081F87020824
:100950002C8702084087020851870208177E020888
:100960005B87020894F89801734F744DEFF7B8FC59
:10097000012384F8793284F889324FF00008704BF3
:100980003B60022084F86882FDF7CAFB2868E0F724
:100990008FFD02460B464046EEF722FE694B3B6058
:1009A0000320FDF7BDFBD5ED007A9FED677AF4EEED
:1009B000C77AF1EE10FA3FF550AE9FED647AF4EE8F
:1009C000C77AF1EE10FA3FF748AEDFED616A87EEC5
:1009D000A67AFCEEC77A17EE900AEDF791F95D4B17
:1009E0003B600320FDF79CFBDFED5B7A95ED007A21
:1009F000B4EEE77AF1EE10FA48BFC5ED007A95ED56
:100A0000007AF1EE007A67EE277A17EE900AE0F7A7
:100A10004FFD02460B460320EFF71AF938E794F82A
:100A20009801EFF75DFC002384F86932424C4B4B90
:100A300023600220FDF774FB494B23600320FDF780
:100A40006FFB3E4BF0EE087A93ED007ADBE794F80B
:100A50009801EFF745FC4FF0FF30EAF7A1FD414B5D
:100A600000221A604FF48A730120A4F86832EBF771
:100A70001FF89FED3D0AEBF7D3FC0B2E17D12E4B41
:100A80003A4A1A600220FDF74BFB2C4B1868E0F73E
:100A90000FFD02460B460020EEF7A2FD0320344A6C
:100AA0000023EFF7D5F84FF47A70EDF729F9062116
:100AB0000020EBF7EDFF4FF42053F340DB0739D56F
:100AC0002C48FCF76DFF3046BDE8F84FEAF7C8BE8A
:100AD000294BD3ED007AB0EE007AF4EEC77AF1EE4E
:100AE00010FA10DDB3EE047AF4EEC77AF1EE10FAE4
:100AF00009D5224BC3ED2E7A02F0E2FA194B204AB7
:100B00001A600D26AEE71F491F484FF47A72FCF7B2
:100B100047FA0B26BCE6084B1C4A1A601020D4F892
:100B20001452FDF7FDFA0F4BD4F814221A60C4F8E2
:100B3000145297E70E26ABE6F070002028710020D3
:100B40002C870208808702080000484200409C462B
:100B500000009643A48702080080BB44C5870208B2
:100B6000D7870208AC70002000000000058802084A
:100B7000A086010004C20208B4700020EC07002027
:100B8000ACC52737E5870208BD820208F587020851
:100B9000022841D01BDC012822D910B5204C238823
:100BA0001E22013B043802FB0300FCF779FA1D4BBF
:100BB0001A88002A2ED01C4900220A801B491A805C
:100BC0004FF0FF3008602088BDE8104015E0032892
:100BD000E3D1144A138883F001031380F9F770BA44
:100BE0000F4B198858B112484A1C008892B29042A3
:100BF0001A800DD31888814210D0FFF739BA4A1EE7
:100C000092B21A80002AF5D1094A12881A80F1E7B7
:100C10000122FBE7BDE81040FDF7EAB9704700BFCD
:100C20009E7000209C700020A2700020E8700020C0
:100C3000A070002000000000000000000000000084
:100C4000024B18800120FDF723BF00BFA4700020D5
:100C500010B5002A53D0144605290AD8DFE801F060
:100C6000030A143D321A534B1B785A1C0633A260F8
:100C7000638010BD504B4F4A93F8BE311278134138
:100C800003F001036371F4E74A4B1A784A4B1344AB
:100C90001B7BF7E7474B1A78474B134404F10C00D2
:100CA00093F8AA313BB101226271444A2021BDE888
:100CB0001040E5F765BC6371BDE81040404A202153
:100CC000E5F75EBC3B4B1A78032A02D1162323803A
:100CD000CFE7394B13441B7CD4E7364B1A78364B9D
:100CE0001344202193F8A6311A1E18BF0122627105
:100CF000344A04F10C0052F82330334AD7E706296E
:100D0000B7D8DFE801F00409364A413F4C002F48CC
:100D1000BDE81040FCF744BE2749002291F8BE31DF
:100D2000144643FA02F0C00702F1010248BF013441
:100D3000042AF6D11F4A107843FA00F2D20714D5DC
:100D4000012C06DD0122824023EA020381F8BE3134
:100D50008FE74FF4FA621E491E48FCF721F91E4A3C
:100D6000138843F02003138083E70122824013435A
:100D7000ECE7104B1A78104B13441A7B82F00102F7
:100D80001A7376E71548C3E70A4B187802283FF62E
:100D900070AFBDE81040EBF753BC1148B8E7054B06
:100DA0001B78022098400130BDE81040C0B2FFF728
:100DB00047BF00BFA8700020F0320020EF85020876
:100DC0000186020888BF02081C88020810C50208B4
:100DD000248802083E8802088A5B0020E8C40208D2
:100DE000B0C3020800000000000000000000000086
:100DF000084BD3F80C1651B1074AD2E9003242F23F
:100E00001070E1FB00320549C1E9003270470B4622
:100E10000A46F8E7F0320020107000200870002029
:100E20002DE9F04F2DED028B8FB0F8F751FDAF4952
:100E30000B688342AE4B02D95A6801325A6018607F
:100E400008605968AB4BD3E9002352EA030404D08D
:100E500082428B4101D2FFF7CBFF4FF090431C69D8
:100E6000A54B1B7804F00E0443B9FBF731FE28B103
:100E7000A24B4FF0FF321A60FCF762FDA04E3378B0
:100E8000DB0703D49F4B1B88A34213D09A4B1F78D8
:100E9000012F00F0A080032F00F0E98037B9F8F7A8
:100EA0008FFE18B1C7074FD5FCF74AFD954B1C8044
:100EB0000023337033789A073FD5FAF731F90138B8
:100EC000012837D809A908A8FAF77AFA8A4B1C78BA
:100ED000012C00F04482032C00F0C48454BB8A4FE0
:100EE00097F84E3C5B06DDE9086500F01781A5F533
:100EF0008273142B00F212811E2E00F31181204602
:100F000001F06EF910231A464FF48271042001F0AB
:100F100007F8FAF715FA97F84E3CDD0702D5204698
:100F2000FDF7B6FD97F84E3C980703D5002108461B
:100F3000FDF7FEFF724B00221A700FB0BDEC028B62
:100F4000BDE8F04FFAF7BCB8704B5B7C032BADD813
:100F5000DFE803F002060C156D4B93F8C13113B1B5
:100F6000F9F766FBA2E7F9F7D3FA9FE7684BB3F806
:100F7000D21101F001014900FAF712F896E7644B2B
:100F8000D3E98E72D3E99015AA4208BF8F421AD1D5
:100F9000D3F8E835B3F5E16F38BF4FF4E163C50628
:100FA0000BD50A2253431922B3FBF2F31846002152
:100FB000F8F7DEFDEAF7A4FC78E78106F6D51922FA
:100FC00053430A22F0E7B3F8D23113F0010F14BFF4
:100FD00003210121D0E74F4B1A784F4B53F82230B1
:100FE0001D46F8F7EDFD814600283FF45FAFF8F7A6
:100FF0005FFDDFF808A119F0010F1FFA80FBDAF896
:10100000000008D083B29B4502D8FCF7F1FF4DE702
:10101000FEF746FF4AE74846DAF80030C20607FA0C
:1010200003F844BF0133CAF80030830604D5DAF868
:101030000030013BCAF80030BAF800309B4503D8B5
:1010400095F90030002BE0DAF8F74AFDDAF80030C5
:1010500007FA03F343EA0800FCF72AFC4FF47A701E
:10106000E1F7CEFAF8F7E4FD0028D5D11EE7F8F74E
:10107000A7FD81B200293FF419AFDFF88080012974
:10108000D8F8000005D10028FFF610AFFFF780FD6B
:101090000CE7F8F7C5FC002781468D06D8F800005C
:1010A00004D5431E48BF4B46C8F80030C906D8F8DF
:1010B000003005D501339945B8BF3B46C8F800302C
:1010C000D8F80030984207D00021F8F7B1FFD8F8DF
:1010D00000000021F8F7ACFF4FF47A70E1F790FAC6
:1010E000F8F7A6FD81B20029D7D1DFE60070002015
:1010F0001070002008700020F5700020E8700020BB
:101100001671002018700020EC07002028710020C4
:10111000F0320020EC700020681400201D2E76DDD7
:10112000A6F11E0C9E4C2A464FF4C87A4FF0FF37AA
:101130004FF0000B654694F8BE3143FA0BF3D90724
:1011400025D529B20491DFF858924FFA8BF1CDE9F9
:1011500005154FF0000813B2154699F869226AB1D7
:10116000049AB9F86C1205980793F6F7D1FC50452C
:10117000079B03DA8246CDF808B0474608F101081C
:10118000B8F1080F09F11009E7D12A46069D0BF1C5
:10119000010BBBF1040FCED17B1C154640D094F956
:1011A000B531BB4203D07F4A84F8B571137004EBAC
:1011B0000712002092F8683223F0200382F8683288
:1011C000F8F78EFB784B029A1A7407F127053E0157
:1011D00004EB05150CA90BA8FAF7F2F80B98029A84
:1011E0000C991E380B90F6F7ABFC00280ADBA3190C
:1011F000A3F86C0280B2EDF70BFEC5E9000138469A
:10120000F7F72EFEF9F78CFF0328E3D192E6FAF701
:1012100097F82846FDF7E4FB00287FF48BAE7FE7C4
:10122000DFF87C81002142460B4692F8690200B14A
:1012300001310133082B02F11002F6D1FBF748FC13
:10124000C0BBA6F11903B3F5BC7F33D249100131FD
:10125000C1EB0111A9422DDBE62ED4BF00270127E7
:101260000F2395FBF3F307EB430798F86932DBB1E3
:10127000CFB994F9B531834210D1FAF761F84B4BED
:101280004B484FF0FF321A604A4B1F70FCF788FB47
:10129000182D0FDC0020F8F723FB4BE684F8B5018E
:1012A000F7F7DEFDF4E7013F0130082808F11008E8
:1012B000DBD1EDE7404B1B880A22013B5343AB4295
:1012C00039DAFAF73DF8B6F59B7F0BDA364B5B7CE3
:1012D000022B2CD1B4F8D201400000F00200FCF740
:1012E0001FFF27E6B6F5CD7F0BDAB4F8D231334ACB
:1012F00083F00103A4F8D231138843F00203138072
:1013000018E6294B5B7C032B13D1D4E98E02D4E978
:1013100090139A4208BF884207D0B4F8D23113F034
:10132000010F0CBF01200320D9E71320D7E70220CB
:10133000B1E70320AFE71D2E0EDC2846FDF750FB7A
:1013400000287FF4F7ADF9F7FBFF184B4FF0FF32A1
:101350001A60FCF7F5FAEDE5182DF4DC9AE7154B69
:10136000DFF860A01A78164B53F82250FBF7B0FB59
:1013700000280CBF4FF4C8731E23DDE90847029311
:1013800000230A931E462846F0B9FBF7A1FB00286C
:101390007FF4D0ADF9F7D4FFFCF72AFECAE500BF11
:1013A000F0320020E014002028710020E8700020B6
:1013B00054BC0208EC700020641400208A5B0020FA
:1013C00068140020E21400200278BAF8005002F0FD
:1013D0000702052A1D4400F03F829F4240F33C82F1
:1013E000AF4280F23982029B9C4240F33582CB4F60
:1013F0003B683E600546012000FA06FA984040EA44
:101400000A00FCF755FA95F80190F8F761FA4FF0E9
:10141000000B8046F9F784FE38B1F8F759FA41F22B
:101420008833A0EB080B9B45F4D9FBF751FB002850
:1014300000F006822B7803F00703062B40F00082B1
:1014400041F287339B4540F256810024264685E0D1
:101450000CA90BA8F9F7B4FF0B9DAB1B0133022BB2
:101460007CD94846F9F76CF9B9F1020F40F0E980F0
:10147000A5F1F006CF2E6FF0CE03A8BFCF269E4277
:10148000B8BF1E46D4B9A64BD3F8E4319B1B273313
:101490004E2B15D9A34BD3E90234CDE90234A04C2D
:1014A00006F1F00CC4F8E46132220021ACF1240C06
:1014B000BCF1000F65DC9218494178E0022C5DD147
:1014C000974C984F4FF4CE720023D4E97A01DFF79E
:1014D000D7FFD4F8E431F31ADA17424303FB0121B2
:1014E000A0FB03300918D7E9022C07D5D3F1000E71
:1014F00061EB410072457CEB00003CD39B1841EB53
:101500000C01894AC4F8E461D2E900028342C7E9C8
:101510000231914138BFC7E90202844BD7E9021278
:10152000D3E90003884273EB020238BFC7E9020324
:101530007F4B02241C70FAF703F97E4B00211970CF
:101540000091D7E902230846EFF77AFF5046FCF7EF
:10155000AFF94FF47A70E1F753F82E46F9F7E0FD52
:1015600000287FF475AF6D4B4FF0FF3250461A6084
:10157000FCF79EF9DEE400231946C2E7012CE8D10E
:1015800088E78800BCF10C0F40EA92704FEA8203B2
:1015900054DDC9005B0841EA527143EAC073D200CE
:1015A000D21841EB5001BCF1180F3FF77FAF5E4EF0
:1015B000DFF878C13368DFF878B1DCE9000C1F464A
:1015C00073680493C01B6CEB030C9042C4E97A214E
:1015D0007CEB010138BFC4E97A0C00210020C6E988
:1015E0000001D4E97A014F4B4FF00208C3E9020130
:1015F0008BF80080FAF7A4F84F4A50481221E4F71C
:10160000BFFF5046FCF754F9049B7360DDE90223E9
:1016100044493760C1E902238BF80080FAF790F85B
:10162000474A46481221E4F7ABFF0023DDE90201F7
:10163000C4F8E431FCF7D4F801248AE71A460146DD
:10164000B5E7B9F10B0F33D1354EA5F11A0308EE0A
:10165000103AD6ED858AEAF7A3FCB8EEC88ADFED2A
:10166000397A28EE000A002780EE278AEAF748FC3C
:101670002C4B96F81A8686F81A7638EE288A38EEB9
:10168000008A83ED008A2A4B83F80090FAF758F815
:10169000504686F81A86FCF70BF90220EEF768F937
:1016A00000970B46024639460846EFF7C9FE54E755
:1016B000B9F11A0F7FF451AFA5F11A0308EE103AF1
:1016C000EAF76EFCB8EEC88ADFED1E7A28EE008AD3
:1016D000C8EE278AEAF714FC38EE800AEEF7C0F964
:1016E0005046FCF7E5F80220EEF742F90B460021E0
:1016F00002460091D8E7029BDFF82480B9F10B0F76
:10170000A4EB03044FF05403B4FBF3F454D1042CC2
:101710001AD8DFE804F04E47954A4C00E8700020E4
:10172000F032002028710020D8320020D807002095
:10173000F47000205414002044880208B4140020DF
:101740004F8802080000CE43002498ED858AEAF70E
:10175000A7FC07EE904A38EE008AF8EEE77A5F4B76
:1017600038EE278A83ED008A5D4B98F81A5683F885
:101770000090002488F81A46F9F7E2FF4FF0FF3393
:1017800050463B6088F81A56FCF792F80220EEF7B4
:10179000EFF8009402460B4620462146EFF750FE34
:1017A000FFF7C8BB4FF0FF34CFE70124CDE70A2491
:1017B000CBE76FF00904C8E7B9F1020F40D1042C60
:1017C0003BD8DFE804F003163D203700D8E97A451E
:1017D000644265EB4505002D1DDA0220EEF7C8F8DE
:1017E000624265EB45039042994114D200200146C4
:1017F00017E0D8E97A010A220023DFF741FE4442CC
:1018000061EB4105E7E7D8E97A010A220023DFF717
:1018100037FE04460D460220EEF7AAF8201845EBE5
:1018200001012E4BC3E902010023C8F8E431FBF7A4
:10183000D7FF99E7D8E97A45CDE700242546EAE7BE
:10184000284B0022C3F8E42130464FF0FF333B60C1
:10185000FEF726FBFFF76EBB0AA9F8F701F9013680
:101860002B4691E5F8F7DCF81F4DDDE90887D5F840
:10187000009006460024A642FFF65CAB0CA9204669
:10188000F8F7A6F8BDF8302090450DDBBDF83430F0
:101890001344984508DABDF83220974204DB9DF8DE
:1018A000363013449F4201DB0134E4E72046002137
:1018B0002C60F8F7BDFB48460021F8F7B9FBF9F7B3
:1018C0003FFD4FF0FF33204600212B60F8F7B0FBBF
:1018D0002046FFF75DF9FFF72DBB00BF2871002000
:1018E000F4700020F0320020E870002000000000BA
:1018F000024A137843F002031370704716710020F8
:1019000010B5094C09490A48E1F70AFCF8F7E8F96B
:1019100020460849E1F724FC20460A21E1F738FC7B
:10192000BDE81040F9F7CCBBAC17002008B30208A3
:1019300094170020BCCB020800000000000000004B
:1019400008B5F9F7EDFB0328FBD108BD0000000046
:1019500008B5F9F7E5FBC31E5842584108BD000021
:10196000094B5B6B002BFBD1074B00221A63064B24
:101970001B6A002BFBD1044B0022DA61034B9B68EE
:1019800013F0800FFAD17047000002400030014090
:10199000014B1873704700BF003001400000000089
:1019A000014B9881704700BF0030014000000000EB
:1019B00009E0074B9B6813F0020FFAD010F8011BE7
:1019C000034B197311464B1E9AB20029F1D170478F
:1019D0000030014000000000000000000000000096
:1019E000074BFF221A73064B9B6813F0010FFAD0C6
:1019F000034B9B6813F0800FF5D1014B187B7047A8
:101A00000030014000000000000000000000000065
:101A100008B5034B4FF400521A83FFF7E1FF08BDEE
:101A20000008004800000000000000000000000066
:101A3000084BFF221A73074B9B6813F0010FFAD073
:101A4000044B1B7B00F8013B013989B20029EFD11F
:101A5000704700BF0030014000000000000000009F
:101A600001E0074B1B7B064B9B6813F0010FF8D17D
:101A7000034B9B6813F0800FF3D1014B1B7B704726
:101A800000300140000000000000000000000000E5
:101A900070B505464FF080435E6AFFF7E1FF002412
:101AA000FFF79EFFFF280AD0631C13F0FF04F7D155
:101AB0004FF080435B6A9B1BAB42F1D9204670BD5F
:101AC00030B585B005460C4641F28830FFF7E0FF9F
:101AD0008DF80700FF2837D18DF80850230E8DF8B8
:101AE0000930230C8DF80A30230A8DF80B308DF85D
:101AF0000C40402D20D0482D20D001238DF80D30F2
:101B0000062102A8FFF754FFFFF7AAFF6424FFF79E
:101B100067FF8DF8070010F0800F01D0013CF6D16F
:101B20009DF8073013F09A0F0AD19DF807309DF801
:101B30000700C0B205B030BD9523DFE78723DDE79E
:101B40009DF80700C0B2F5E7FF20F3E700000000B2
:101B5000F8B505460E464FF080435F6AFFF780FFF9
:101B6000002401E0FF280FD1FFF73AFFA8420DD073
:101B7000631C13F0FF04F5D14FF080435B6ADB1B5D
:101B8000B342EFD9002002E0002000E00120F8BDC0
:101B900070B582B005460C464FF4FA711046FFF757
:101BA000D7FF064610B9304602B070BD094B9D62A2
:101BB0001C6241F28102DA61074ADA635C6341F236
:101BC00011021A63FFF7CCFE02210DF10600FFF7A8
:101BD0002FFFE8E7000002400ACC020800000000E6
:101BE00010B50446FFF73CFFFFF7FAFEFF2801D1CE
:101BF000013CF9D100F01F0010BD00BF0000000043
:101C000038B505460C461046FFF7C2FE104BDD63A3
:101C10005C6341F291021A630D4B5B6B002BFBD1AD
:101C20000B4B00221A634FF6FF70FFF7B9FE0A2034
:101C3000FFF7D6FF052801D0002038BD40F6C410BC
:101C4000FFF726FFFF2801D00020F6E70120F4E788
:101C50000000024000000000000000000000000042
:101C60000D4A936943F4805393610C4B0021196032
:101C70004FF44171196041F203715960516941F0AB
:101C800001015161A2F580520549916351621A68C0
:101C900042F040021A6070470010024000300140DC
:101CA0000C300140000000000000000000000000B7
:101CB000204B1B8883423CD010B50446FFF750FEF2
:101CC0001C4B1B88042B08D8DFE803F0030E0E130F
:101CD0001600194B4FF400621A83042C14D8DFE865
:101CE00004F00E161C222500144B4FF400521A83E8
:101CF000F3E701F03DFBF0E701F06AFBEDE7104A86
:101D0000136823F0380313600A4B1C8010BD0C4A83
:101D1000136823F038031360F6E7094A136843F0A9
:101D200038031360F0E701F013FBEDE701F030FB3F
:101D3000EAE770476271002000040048000800488C
:101D40000030014000000000000000000000000022
:101D500070B506460D4614460020FFF7A9FF0E4B4E
:101D60009B6813F0800FFAD10C4B4FF400625A833A
:101D70004FF480625A83084B1E73074B9B6813F025
:101D8000800FFAD1054B4FF480621A832946204612
:101D9000FFF70EFE70BD00BF003001400004004898
:101DA000F0B583B007460D4614461E46FFF7D8FD32
:101DB0002E44013E45EA06456DBA0195BDF8203036
:101DC0002344013B44EA034464BA009401AA042179
:101DD0002A20FFF7BDFF6A4604212B20FFF7B8FF3A
:101DE000002211463846FFF7B3FF03B0F0BD00BF35
:101DF0002DE9F04186B080460F4614461D460C9EE4
:101E0000009313460A4601462C20FFF7C9FF124BE8
:101E1000DE6305FB04F25A6341F291521A630F4BE1
:101E20001B7813B906B0BDE8F0810D4B93E80300B1
:101E30000290ADF80C10ADF80E80ADF81070ADF852
:101E40001240ADF8145014FB05F2520092B2314624
:101E500002A8E9F7EDF9E5E7000002402439002087
:101E6000DC64020800000000000000000000000028
:101E700008B50220FFF71CFF024B4FF400525A83B3
:101E800008BD00BF0008004800000000000000007E
:101E900010B50E4B4FF400621A83002403E0FFF7E5
:101EA0009FFD0134A4B2092CF9D9FFF7E1FF00210D
:101EB0004020FFF705FE012802D0FFF7A9FD10BD65
:101EC000034A137863F07F031370F6E700040048B9
:101ED000E4140020000000000000000000000000EA
:101EE00008B50120FFF7E4FE024B4FF400525A837D
:101EF00008BD00BF0008004800000000000000000E
:101F000000EB8000C00080B2014B5861704700BFF9
:101F1000007400400000000000000000000000000D
:101F2000F0B587B007460E4615461C469BB2009397
:101F300093B28AB281B22C20FFF732FF194A1A4BB2
:101F4000DA6304FB05F111E04FF6FF728A4228BF05
:101F50000A46154B5A6341F211501863124B5B6BE2
:101F6000002BFBD1104B00201863891A0029EBD1FC
:101F70000E4B1B780BB907B0F0BD0D4B93E8030077
:101F80000290ADF80C10ADF80E70ADF81060ADF821
:101F90001250ADF814400222024902A8E9F748F9AC
:101FA000E9E700BF647100200000024024390020EE
:101FB000E4640208000000000000000000000000CF
:101FC00000B583B058B1E8238DF807300DF1070252
:101FD00001213620FFF7BCFE03B05DF804FB282387
:101FE000F2E700BF00000000000000000000000059
:101FF00010B582B0084C00949BB292B289B280B204
:10200000FFF7F6FE054B5B6B002BFBD1034B002269
:102010001A6302B010BD00BF6871002000000240CA
:10202000044B1B789B0203F48063034800EB4300DE
:10203000704700BF6171002068710020000000003F
:10204000034B5B6B002BFBD1014B00221A637047E3
:10205000000002400000000000000000000000003E
:10206000F0B583B004460D4616461F46FFF7E8FF5D
:10207000FFF7D6FF0090BBB2B2B2A9B2A0B2FFF791
:10208000B7FE034A137883F00103137003B0F0BD69
:10209000617100200000000000000000000000004E
:1020A00030B583B09DB212FB03F39CB2009593B29E
:1020B0008AB281B22E20FFF773FEFFF7D1FC124DDA
:1020C000296821F0380141F008012960FFF788FCF8
:1020D000620092B20D4B069999621A6241F2810137
:1020E000D9610B49D9635A6341F211021A63FFF7B0
:1020F00037FC2B6823F038032B60064B4FF400624B
:102100001A8303B030BD00BF003001400000024020
:102110000ACC020800040048000000000000000093
:1021200008B54FF4A0734FF4F07200210846FFF792
:10213000F7FE08BD000000000000000000000000E5
:1021400030B583B01A4C4FF4806323830425658334
:102150006420E0F755FA2583164C09E0A21C61784B
:10216000FFF7F6FD637802331C441420E0F748FAC9
:1021700020780028F2D1104B1B88104AA2FB0312D2
:102180005209642101FB12339BB2012B07D8FFF7E0
:10219000C7FF074B4FF400621A8303B030BD002322
:1021A0008DF8043001AA01212120FFF7D1FDEEE7CF
:1021B00000040048D4CB0208242000201F85EB51E6
:1021C0000430034B33F81020024B1A80704700BFD5
:1021D000EC070020667100200000000000000000F5
:1021E0000430034B33F81020024B1A80704700BFB5
:1021F000EC070020647100200000000000000000D7
:10220000F8B5069D00273C46DFF850E019E014F0D1
:10221000800F11D10F4E36882EF8026B6400E4B2A5
:102220000CF1010C1FFA8CFC944508DA1CF0070F26
:10223000EDD115F8014BEAE7074E3688ECE7013798
:10224000BFB29F4202DA4FF0000CEDE7FFF7D0FE7D
:10225000F8BD00BF64710020667100206871002025
:1022600030B583B004460A291BD0163901EB81032F
:1022700001EB43010E4B5D5C05F00705C5F1080558
:10228000ADB2194400910B232A46B0F90A10B0F9F7
:102290000800FFF7B5FF23892B442381002003B0FA
:1022A00030BDB0F90430038143890B334381F5E736
:1022B00074E50208000000000000000000000000BB
:1022C00030B583B004460A2919D01639C1EBC101D3
:1022D0000E4B5D5C05F00705C5F10805ADB219446C
:1022E000009107232A46B0F90A10B0F90800FFF759
:1022F00087FF23892B442381002003B030BDB0F930
:1023000004300381438908334381F5E7B0D00208E4
:102310002DE9F04182B00546884617460E4601E099
:10232000083746462B78B3B101350A2BF8D0163B57
:10233000C3EBC303094A9918D45C04F00704C4F141
:102340000804A4B200910723224639463046FFF71D
:1023500057FF2644E6E702B0BDE8F081B0D002089E
:102360002DE9F04182B00546884617460E4601E049
:102370000B3746462B78F3B101350A2BF8D0082BE2
:1023800015D0163B03EB830203EB42030B4A99186B
:10239000D45C04F00704C4F10804A4B200910B2338
:1023A000224639463046FFF72BFF2644E2E713204A
:1023B000FFF706FFDEE702B0BDE8F08174E5020832
:1023C0002DE9F04182B004460F4616460D4601E065
:1023D00010363D462378F3B101340A2BF8D0163B72
:1023E000C3EBC3039A000D4901EB8303013211F8DB
:1023F000028008F00708C8F10E081FFA88F8009359
:102400000E234246092A38BF092231462846FFF7E3
:10241000F7FE4544DEE702B0BDE8F08190D3020844
:1024200018B9034A034B1A607047034AFAE700BF22
:10243000C1220208E8140020612202080000000006
:102440000CB430B589B00B460CAA52F8041B00241A
:10245000049405940B4D2D680695079404AC0194E3
:10246000ADF80800ADF80A30ADF80C00ADF80E304C
:10247000009201A8E3F704FE09B0BDE8304002B0C5
:10248000704700BFE81400200000000000000000BA
:102490002DE9F04780460E4692461846089BA8F163
:1024A0001608C8EBC8084FEA8802294901EB8808DA
:1024B00001328D5C9E4249DC05F00705C5F10E0531
:1024C000ADB200FB05629A4203DD9B1B93FBF0F368
:1024D0009DB24FF000091F4A26E01F49B1F800E005
:1024E00022F802EB0CF1010C604506DD13F4004FFD
:1024F000F3D01A49B1F800E0F2E701345B009BB277
:10250000A54202DD4FF0000CEEE70137B84207DDCF
:10251000B8F800100B029BB243EA11230024EFE746
:1025200009F1010908F10208B9F10D0F01DC0027DA
:10253000ECE700FB05F5C0EBC00043002A4651461E
:102540003046FFF755FD2846BDE8F0870025FAE73D
:1025500090D3020868710020647100206671002029
:102560002DE9F04182B005460C4617461E46DDF8BF
:10257000208008E00135CDF8008033463A462146F8
:10258000FFF786FF044428780028F3D1204602B0E4
:10259000BDE8F08100000000000000000000000025
:1025A00000B583B08446084611462C22054B02FB39
:1025B0000C33009316231022FFF722FE03B05DF8C0
:1025C00004FB00BF38CC020800000000000000003F
:1025D0002DE9F8438046894614461E46234A118851
:1025E000234B188810801980A04511DC33464E46D5
:1025F00099462346444698460AE097FBF5F701259D
:102600002B463A4631462046FFF78AFC3C442E448E
:10261000444523DCA8EB0402571CB9EB060308D49D
:102620005D1C9A42E9DA95FBF7F5002D14DD0127D0
:10263000E6E75D1EC3F10103BB4202DD95FBF7F542
:10264000F3E797FBF3F74FF0FF356B423A4671190A
:102650002046FFF765FCD9E70127F6E7034A118812
:10266000034B188810801980BDE8F883667100203C
:102670006471002000000000000000000000000065
:10268000034B1B6913F4805F0CBF012000207047CF
:1026900000040048000000000000000000000000EE
:1026A000024A137803F07F0313707047E41400208C
:1026B00008B502F07DF908BD000000000000000030
:1026C00070B582B00446504B1B782BB14F4B93F939
:1026D0000030002BC0F2958014B1012002B070BD13
:1026E0004A4D01232B70FFF7D3FB287895F9003072
:1026F000002BF3DAFFF7BCFB00214020FFF7E0F9E5
:10270000064601280DD0FFF783F93F4B1C70002CC3
:1027100074D03E4A137823F0010313703B4B1878B2
:10272000DCE74FF4D5714820FFF7CAF9012807D03C
:1027300000217720FFF7C4F9012832D9642543E04E
:1027400004216846FFF774F9009A314B9A42DAD1B6
:10275000642504E06420DFF753FF013D0CD0002125
:102760007720FFF7ADF90128F4D84FF080416920B8
:10277000FFF7A6F90028EDD1002DC4D000217A2062
:10278000FFF79EF90028BED104210DEB0100FFF7F1
:102790004FF9019B13F0400F01D00C24B3E7042440
:1027A000B1E700216920FFF78BF90128C6D802267E
:1027B000C4E700217720FFF783F9012817D96420A7
:1027C000DFF71EFF013D07D0022EF2D0002141208D
:1027D000FFF776F90028F2D1002D94D04FF4007164
:1027E0005020FFF76DF900288DD134468BE700218A
:1027F0006920FFF765F90028E1D1EDE7FFF750FF09
:102800008CE700206AE700BF60710020E41400201C
:10281000000001AA0000000000000000000000000D
:1028200010B9024B1878704701207047E41400205B
:10283000002838D1F8B50E4615461C461C4B1B78AF
:1028400013F0010F31D11B4B1B7813F0080F00D18F
:102850005502FFF745FB012C1ED05227154B1B7864
:1028600013F0080F00D16D0229463846FFF728F90A
:1028700050B9FE224FF400713046FFF789F918B1C4
:1028800006F50076013CF4D1522F07D0FFF7C0F8CF
:10289000201E18BF0120F8BD5127DFE700214C2082
:1028A000FFF70EF9F2E7032070470320F3E700BFBC
:1028B000E41400206071002000000000000000000F
:1028C00060BB70B50E4615461C46174B1B7813F0BF
:1028D000010F25D113F0040F24D1FFF701FB10E005
:1028E00069025820FFF7ECF890B9FE224FF400710E
:1028F0003046FFF785F958B1013506F50076013C01
:1029000006D00A4B1B7813F0080FE9D02946E8E7F8
:10291000FFF77EF8201E18BF012070BD032070470E
:102920000320FAE70220F8E7E41400206071002099
:1029300010B5A8B90C460C4B1B7813F0010F11D140
:10294000FFF7CEFA24B10424FFF762F8204610BD49
:102950004FF4FA60FFF79CF8FF28F5D00424F3E762
:102960000324F3E70324F1E7E4140020000000004F
:1029700005E0B0FBF1F301FB1303084619460029FB
:10298000F7D17047000000000000000000000000C8
:1029900010B5074C4FF4804363831420EEF720FDFD
:1029A0004FF4005363831420EEF71AFD10BD00BFEF
:1029B00000040048000000000000000000000000CB
:1029C00038B5094C4FF4804565831420EEF708FDB7
:1029D0004FF4005323831420EEF702FD25831420C7
:1029E000EEF7FEFC38BD00BF000400480000000008
:1029F00070B5002407E00D4B4FF400525A831420A9
:102A0000EEF7EEFC3046461E70B1084D4FF4005311
:102A10002B831420EEF7E4FC64002B6913F4804F41
:102A2000E9D044F00104E6E7204670BD0004004808
:102A3000F8B50746802412E0154B4FF480425A83C4
:102A40001420EEF7CDFC124D4FF400562E831420C7
:102A5000EEF7C6FC6E831420EEF7C2FC64084CB19E
:102A60002742E9D00A4B4FF480421A831420EEF734
:102A7000B7FCE8E70120FFF7BBFF002814BF0124E3
:102A8000002401D12046F8BDFFF79AFFFAE700BF06
:102A900000040048000000000000000000000000EA
:102AA00070B504460D461646FFF772FF640004F049
:102AB000FE00FFF7BDFF58B92846FFF7B9FF50B930
:102AC0003046FFF7B5FF48B9FFF77AFF002070BD29
:102AD0004FF0FF30FBE76FF00100F8E76FF0020006
:102AE000F5E700BF0000000000000000000000004B
:102AF00008B50A4601466020FFF7D2FFC043C00F69
:102B000008BD00BF00000000000000000000000041
:102B100070B504460E461546FFF73AFF600000F018
:102B2000FE00FFF785FF80B9002400E00134AC42CD
:102B300007DA305DFFF77CFF0028F7D06FF0010067
:102B400002E0FFF73DFF002070BD4FF0FF30FBE7D4
:102B500008B50A4601466020FFF7DAFFC043C00F00
:102B600008BD00BF000000000000000000000000E1
:102B700000B585B042F21A2CADF80CC094466ABB81
:102B80000439C901012300F110020DEB020010F815
:102B9000042C8DF800201A0A8DF801208DF80230DF
:102BA000C1F301428DF803200A0A8DF804208DF844
:102BB00005101B0B03F0F003CCF3034213438DF815
:102BC00006304FEA1C238DF807308DF808C0092124
:102BD0006846FFF7BDFF05B05DF804FB4FEAC21C75
:102BE000BCFBF3F202EBC111A1F5007103FB12CCA7
:102BF000C9E700BF00000000000000000000000066
:102C00002DE9F04186B005460F461E460C9C9DF806
:102C10003880334B1B68ADF814301B0C8DF8163020
:102C2000304B1B68ADF810301B0C8DF81230042AA5
:102C300013D03EB902F10072043AD2013146304657
:102C400001240EE0F001B0FBF4F303EBC212A2F595
:102C5000007204FB1300002103E00C21012400207A
:102C6000024605F118036B4413F8043C8DF8043058
:102C7000230A8DF805308DF80640C2F301430B435B
:102C8000DBB20D990B438DF80730130A8DF808302D
:102C90008DF80920240B04F0F004C0F303431C4317
:102CA0008DF80A40030A8DF80B308DF80C000921CD
:102CB00001A8FFF74DFF48F00C01012F0DD00EB910
:102CC00041F0400105F118030DEB030515F8080C60
:102CD000FFF70EFF06B0BDE8F08148F02C01EEE7EB
:102CE000EC640208F064020800000000000000002C
:102CF0002DE9F04184B006460F461C4692FBF3F8DE
:102D000003FB182519462846FFF732FE95FBF0F322
:102D100094FBF0F001E05B104010B0F5801FFADA90
:102D20009DF82C1002910A99019100904246F9B247
:102D3000F0B2FFF765FF04B0BDE8F08100000000CD
:102D40002DE9F04385B080460D461E4603FB02F296
:102D5000164B83FB0213D717C7EBE357144B03FB48
:102D60000729144C21464846FFF702FE99FBF0F272
:102D700094FBF0F301E052105B10B3F5801FFADA18
:102D8000EDB2F9B22846FFF7F3FE9DF8303002931A
:102D90000023019301220092324629465FFA88F00F
:102DA000FFF72EFF05B0BDE8F08300BF9D319547CA
:102DB000803C36FE80C3C901000000000000000016
:102DC00038B504460D46FFF7E3FD640044F001000A
:102DD000C0B2FFF72DFE58B92846FFF729FE50B9BB
:102DE0000820FFF705FE0446FFF7EAFD204638BD40
:102DF0004FF0FF34FAE76FF00104F7E7000000003E
:102E000010B50C4601466020FFF7DAFF002802DB10
:102E10002070012010BD0020FCE700BF0000000072
:102E200010B582B0FF238DF80730202383F311887B
:102E30004FF080435C6A002383F3118803E09DF91F
:102E40000730002B1BDA202383F311884FF08043D7
:102E50005B6A002282F311881B1B42F20F729342BD
:102E60000AD80DF107010020FFF7CAFF0028E6D1BC
:102E7000FF238DF80730E2E7002002B010BD0120EB
:102E8000FBE700BF000000000000000000000000A1
:102E900010B582B0202383F311884FF080435C6A21
:102EA000002080F31188FF238DF807300DF1070112
:102EB000FFF7A6FF10B9FF238DF807309DF8073004
:102EC00013F0600F06D102B010BD9DF8073013F06B
:102ED000600FF8D0202383F311884FF080435B6AA2
:102EE000002282F311881B1BB3F57A7F0AD20DF101
:102EF00007010020FFF784FF0028E6D1FF238DF8AB
:102F00000730E2E7014B01221A70DCE76C810020F8
:102F100070B5FFF785FF064690B10A4C25783DB1A4
:102F2000013429462046FFF713FE40B12C44F5E753
:102F3000FFF7AEFF044B1B7813B1002600E00646F6
:102F4000304670BD0CCC02086C81002000000000EF
:102F500070B582B005460C461646124B99420ADD02
:102F6000114B994216DC009206230A460021FFF716
:102F7000E7FE02B070BD012300221E211046FFF7BC
:102F8000F7FD0196002100912346084A2846FFF7E5
:102F9000AFFEEEE7009204230A460021FFF7D0FEC1
:102FA000E7E700BF00E1F5057FD1F00800E9A435AF
:102FB00070B584B0044615461E4601230022C9B2EE
:102FC0001046FFF7D5FD02960021019101230093E1
:102FD0000B462A46E0B2FFF713FE04B070BD00BFF7
:102FE000034BDB68012BFBD0014BD868704700BF57
:102FF000002002400000000000000000000000006F
:1030000038B50546FFF7ECFF084C236943F002038F
:1030100023616561236943F040032361FFF7E0FF0B
:10302000236923F00203236138BD00BF0020024062
:1030300008B5202383F31188FFF7E2FF002080F317
:10304000118808BD00000000000000000000000022
:1030500070B505460E46FFF7C3FF064C236943F0E3
:10306000010323612E80FFF7BBFF236923F00103D7
:10307000236170BD0020024000000000000000003D
:10308000034B044A5A6002F188325A60704700BF0D
:1030900000200240230167450000000000000000FE
:1030A00003460144002003E053F8042B02EBF070C8
:1030B0008B42F9D3704700BF000000000000000001
:1030C00070B5124C124B23604FF446612046FFF757
:1030D000E7FFC4F8600C0022C4F8642CFFF7D0FFAF
:1030E0000C4D2846FFF7A4FF0B48FFF7A1FF40F265
:1030F000346306E034F8021B2846FFF7A9FF0235C7
:1031000033465E1E002BF5DC002070BDEC0700206E
:103110006E4E4F4300C0030800C8030800000000C3
:10312000174B1A6803F16D5303F5382303F66E63EA
:103130009A421DD110B5124C4FF446612046FFF75C
:10314000AFFFD4F8602CD4F8643C002B08BF904249
:1031500011D10C4C40F6684209492046DEF788FD43
:1031600094F84E3C53B9812284F84E2C002010BDB7
:103170004FF0FF3070474FF0FF30F8E70020F6E7E0
:1031800000C00308EC070020000000000000000061
:10319000042833D870B500F580357A35ED02194C26
:1031A000194B236003F14E4303F5650303F60B034C
:1031B000C4F828364FF4C5612046FFF771FFC4F804
:1031C0002806FFF75DFF05F5C6662C46B44203D31B
:1031D0004FF446730B4C0CE02046FFF729FF04F533
:1031E0000064F3E734F8021B2846FFF731FF02358D
:1031F00033465E1E002BF5DC002070BD4FF0FF3023
:10320000704700BFF03200206D4E4F4300000000B9
:1032100010B5042812D800F580347A34E40222680C
:10322000094B9A420CD14FF4C5612046FFF738FF95
:10323000D4F82836984205D1204610BD0024FBE77B
:103240000024F9E70024F7E76D4E4F43000000002B
:1032500004283ED838B500F580347A34E402226878
:10326000204B9A4238D14FF4C5612046FFF718FF32
:10327000D4F82836984232D11B4D4FF4C66221460D
:103280002846DEF7F5FCE8F73BF8ECF749FC95ED4E
:10329000840AECF78DFF95ED830AECF719FFF6F73A
:1032A000C7F9EAF7B5FC114B01221A70104BD3F89D
:1032B000182CD3F81C3C0F49022B08BF8A4204D0BB
:1032C0000D490A604B60002038BD0C4B1A685B68E2
:1032D000F6E74FF0FF3070474FF0FF30F4E74FF064
:1032E000FF30F1E76D4E4F43F032002058140020BC
:1032F000EC07002000E40B54C8320020605B002083
:1033000010B5FFF7BDFE054C04E02046FFF790FE28
:1033100004F50064024B9C42F7D310BD00C00308C3
:1033200000F803080000000000000000000000009A
:103330004FF08043586A7047000000000000000012
:1033400008B5DFF75DF908BD0000000000000000CF
:10335000054A064B11681960136823F0380343F0DF
:1033600008031360704700BF00300140D88100207F
:10337000024B1A68024B1A60704700BFD8810020C8
:1033800000300140000000000000000000000000CC
:10339000084B09491A68094B1A60094A13680B60FF
:1033A00023F47C6343F4886313602023538308234E
:1033B0005383704700300140D4810020D881002021
:1033C00000040048000000000000000000000000B1
:1033D000044B1A68044B1A60044B1A68044B1A60B9
:1033E000704700BFD481002000040048D88100202D
:1033F000003001400000000000000000000000005C
:103400004FF090434FF400425A8370470000000091
:1034100070B5114C05460320FEF74AFC236823F0E3
:10342000380343F0100323602573A3681B06FCD404
:103430004FF090454FF400462E830220EDF7D0FF69
:103440006E830220EDF7CCFF236823F0380343F0AE
:1034500008032360012070BD00300140000000001F
:10346000084B40225A83084B0A0E1A73C1F30742D5
:103470001A73C1F30722C9B21A731973034B0122DD
:103480001A70704700040048003001409881002005
:10349000054B1B7833B1054B9A681206FCD4044BDC
:1034A00040221A83704700BF9881002000300140FD
:1034B00000040048000000000000000000000000C0
:1034C000894A2DE9F84F1368DFF87C82874C884FD2
:1034D000DFF878B2DFF87892DFF878A2854E864D73
:1034E00023F038031360854AD8F8000011680029DA
:1034F00000F097808249884205D02088FFF7B0FF0E
:103500007F49C8F800107F493B883A880988BBF892
:10351000000092B2C902120302F4FE2241EA0051F5
:10352000114399F8002041EA02299AF80020C3F3D8
:10353000C81349EAC20949EA036949F40007336834
:1035400047F0E407BB4206D0FFF7A2FF39462088C8
:10355000FFF786FF37606C4B1E886C4BB6B21B883A
:10356000F60046EAC3566A4B1B8846EA8346694B17
:103570001B7846EAC3362B6846F00306B34206D0F2
:10358000FFF786FF31462088FFF76AFF2E60624A08
:10359000624B15781B88624E6D0145EA8365614B6D
:1035A0001B7845EA4365604B1B8845EA83355F4BD2
:1035B0001B7845EA432545F04045336845F0C20590
:1035C000AB4206D0FFF764FF29462088FFF748FF8B
:1035D0003560574B1B8848F20105564E45EAC30536
:1035E0003368AB4206D0FFF753FF29462088FFF728
:1035F00037FF3560504A514B11881B88C90041EA9A
:10360000C331FFF745FF2088FFF72AFFFFF740FF90
:10361000354A136823F0380343F008031360BDE80C
:10362000F88F4749884205D02088FFF719FF4449A1
:10363000C8F800109AF800103B88BBF80020C900B9
:103640009BB241EA025141EA033199F8003041EA64
:10365000032949F40009336849F0E4094B4507D0D0
:10366000FFF716FF49462088FFF7FAFEC6F80090DC
:10367000254B1E88264BB6B21B88F60046EA8346C9
:10368000244B1B7846EAC3362B6846F00306B34248
:1036900006D0FFF7FDFE31462088FFF7E1FE2E60E1
:1036A0001D4A1E4B15781B881D4E6D0145EA83652A
:1036B0001C4B1B7845EA43651B4B1B8845EA833549
:1036C0001A4B1B7845EA4325336845F0C205AB42E7
:1036D00006D0FFF7DDFE29462088FFF7C1FE3560E2
:1036E000134B184D1B8878E700300140AA81002059
:1036F00020150020B0810020B4810020545B002000
:10370000050040009C8100201E150020221500208D
:10371000241500201C1500209E810020C08100205F
:10372000B88100209A8100202A1500209B8100206A
:1037300026150020BC810020C4810020281500200F
:103740000500580001800008AC810020C2810020E3
:1037500099810020A88100200000000000000000E6
:103760002DE9F0471E466E4B1C681546002C00F0F4
:10377000B1806C4B0024934274EB060323D36A4B55
:10378000934274EB0603C0F0BF80684B934274EB26
:103790000603C0F0BB80664B934274EB0603C0F097
:1037A000B780644B934274EB0603C0F0A780624B72
:1037B000934274EB0603C0F0A380604B9342B44184
:1037C00080F0A08006245E4B1C805E4BD3F8FC0B7F
:1037D000D3F8001C5C4B1B6843B11F27A0FB070CF0
:1037E0001D22002307FB01C1DDF74AFE574B584F4E
:1037F0001B78C7E900011BB100184941C7E9000166
:10380000544B1A88012A06D9D7E900010023DDF7B5
:1038100037FEC7E90001504BB3F80080A4F1200245
:103820004FEA480905FA02F2D7E900A7C4F12003DC
:10383000A640642125FA03F3164301FB09F1A540D4
:103840001E43A5FB010501FB065152463B46DDF731
:1038500017FE0130B0FBF9F399B209FB1100C0F378
:103860004F033E4D3E4E29809845A4F12000C4F1FF
:1038700020024FD933802988338808FB0133DD17B4
:1038800003FB07F10AFB0511A3FB0A3A514423FA93
:1038900004F501FA02F2154321FA00F0642202FB5A
:1038A00008F200232843E140DDF7EAFD2D4B0C46EA
:1038B000D3E900120546A24208BFA94206D0C3E9D7
:1038C0000054294B01221A70FFF7FAFD28462146C1
:1038D000BDE8F087254B934274EB0603FFF473AF0A
:1038E000234B934274EB06030ED3224B934274EBAB
:1038F00006030BD3204B9342B44109D3042462E75F
:10390000052460E707245EE701245CE702245AE708
:10391000032458E7A3EB0803013133802980AAE789
:10392000545B0020005ED0B2002F68598017B42C81
:10393000C00B5A16E0052D0B60153208B00A1904A9
:10394000C2810020EC070020D08100209A81002055
:10395000908100202A15002026150020281500201F
:10396000C4810020A0810020CC810020005621834A
:1039700000AB90418055C820C02A641000000000B0
:10398000074B084A00200021C3E90001002313600F
:10399000054A1360054A1360054A1360704700BF6B
:1039A000A0810020BC810020B8810020B4810020CB
:1039B000B0810020000000000000000000000000B6
:1039C000014B1880704700BF261500200000000042
:1039D000014B1888704700BF26150020000000002A
:1039E0007047000000000000000000000000000020
:1039F0000D4B1A68824215D0186000220B4B904282
:103A00001A700EDA01221A704042094B80B21880F7
:103A10000128084B94BF0020012083F80806E7F72F
:103A200037BCF2D1704700BFC88100209A810020C6
:103A30002A150020F03200200000000000000000E5
:103A4000034B1A78824202D01870FFF739BD7047D5
:103A50009B8100200000000000000000000000002A
:103A6000014B1878704700BF9B81002000000000C8
:103A700008B5074B1A78824208D01870FFF720FD6E
:103A8000BDE808404FF47A70EDF7AABC08BD00BF4E
:103A9000A8810020000000000000000000000000DD
:103AA000054B1A78824205D0003818BF01201870E3
:103AB000FFF706BD704700BF99810020000000009D
:103AC00008B5084BB0FA80F01A884009824207D046
:103AD0001880FFF7F5FCBDE808406420FFF730BC14
:103AE00008BD00BF9C810020000000000000000015
:103AF00008B5094BB0FA80F01A784009824209D023
:103B0000064A18701080FFF7DBFCBDE8084064200F
:103B1000FFF716BC08BD00BF9E8100209C810020DD
:103B200008B5054B4FF0FF3218681A60FFF760FFC9
:103B3000BDE80840FFF7C4BCC881002000000000B9
:103B400008B50C4B1A68824212D018600A4B1B68E9
:103B500053B148B100231D221F211846FFF728FA50
:103B6000BDE80840FFF7DCBF1E2200231146F4E742
:103B700008BD00BFD0810020688100200000000047
:103B8000214B402270B51A83FFF7C2F91F4D286000
:103B9000C8B11F4BD3F8FC0BD3F8006C1E24A0FB5C
:103BA0000401002340F6B83204FB0611DDF768FC7F
:103BB000002201461046FFF7CBF90023224621469A
:103BC0001846FFF7F5F9134A00232B601370124BC8
:103BD0001B6843B9114B01241C80FFF771FC104B8B
:103BE0001C70FFF76DFC06A3D3E900230020FFF74C
:103BF000B7FD0C4B0022BDE870401A80FFF760BC97
:103C0000005ED0B20000000000040048688100207F
:103C1000EC0700209B810020545B0020241500202D
:103C20001C150020C08100200000000000000000E2
:103C3000054B064A1169890501D500207047013BF3
:103C4000F8D14FF0FF30704740420F0000040048A9
:103C50002DE9F04105460320884614461F46FEF72D
:103C600027F8FFF7E5FF20B14FF0FF363046BDE8FB
:103C7000F081214B4FF480725A83204B0646A844B2
:103C8000454527D19A681206FCD41B4B4FF480722D
:103C90001A83002CEAD0194DAB68DB0721D4FFF75B
:103CA000C7FF0028E0D1144B4FF480725A8344239D
:103CB0002B73FF232B73114B9A681006FCD49B893E
:103CC0000E4B2744FF22BC420DD10B4B4FF48072A8
:103CD0001A83CBE79A689107FCD515F8012B1A7364
:103CE000CEE72B7BD8E71A739968C907FCD5197BF7
:103CF00004F8011BE7E700BF000400480030014062
:103D000007B534238DF8043000238DF805001A46DA
:103D1000022101A8FFF79CFF03B05DF804FB00003F
:103D200013B50B4B009343BAADF8043000231A4689
:103D3000044606216846FFF78BFF064B01221A70E6
:103D4000003C054B18BF01241C7002B010BD00BF21
:103D50001120020D8C8100208481002000000000D1
:103D600007B5222301AA8DF8043001210323104650
:103D7000FFF76EFF9DF80600C52884BF00F1FF30F5
:103D8000C0B203B05DF804FB0000000000000000BA
:103D900007B513238DF800300D4B1A788DF80120EC
:103DA0005A788DF802209A788DF80320DA781B79FA
:103DB0008DF8053000238DF8042008211A46684646
:103DC000ADF80630FFF744FF03B05DF804FB00BF19
:103DD0000C150020000000000000000000000000A2
:103DE000034B1A5C8A4202D01954FFF7D1BF7047C7
:103DF0000C15002000000000000000000000000082
:103E00000B4B18600B4B1B788BB107B50A4B00931B
:103E1000002308218DF805001A4668468DF8041025
:103E2000ADF80630FFF714FF03B05DF804FB7047F0
:103E300014150020858100201122040000000000DC
:103E400037B51B4B00930024054623462246052127
:103E500068468DF80440FFF7FBFE164B0093164BA7
:103E6000ADF806401B688DF8053008212346224630
:103E700068468DF80410FFF7EBFE31238DF8003013
:103E800022462346072168468DF80150ADF80240CE
:103E9000ADF804408DF80640FFF7DAFE074B01222B
:103EA0004FF47A701A7003B0BDE83040EDF798BA5D
:103EB000112001001122040014150020858100202A
:103EC00007B532238DF8043000231A46012101A8DA
:103ED000FFF7BEFE024B00221A7003B05DF804FB30
:103EE00085810020000000000000000000000000AC
:103EF0001FB500232022CDE9012301AA8DF80C3043
:103F0000012108231046FFF7A3FE05B05DF804FB6E
:103F100013B5041E12DB07210020FFF761FF0B4BD6
:103F20000093E000002340F040008DF804001A46A2
:103F300005216846FFF78CFE02B010BD012100206C
:103F400002B0BDE81040FFF74BBF00BF11000101F8
:103F500007B5002341F21402CDE900236A46082385
:103F600003211046FFF774FEBDF804309FED147A6C
:103F7000DFED146A5BBA9BB207EE903AF8EEE77A8F
:103F8000114B67EE877A9FED117A93ED000A17EED9
:103F9000A67AF6EE007A70EE676AF4EEC76AF1EE82
:103FA00010FA06D570EE277AF4EEC77AF1EE10FA21
:103FB00003DC83ED007AB0EE470A03B05DF804FB42
:103FC00000C0604400008039081500200080924342
:103FD00010B504460320FDF76BFE0320FDF768FED5
:103FE0000C4B4FF480725A830B4B9A689007FCD5A8
:103FF0001C739A6811060BD4FF221A73064B9A6839
:10400000D207FCD5187B034B4FF480721A8310BD86
:104010001A7BEEE700040048003001400000000079
:1040200013B504465120FFF7D3FF031FDBB2022B69
:104030009CBF124AD05C072807D0FFF7A9FE0346B1
:1040400048B14FF0FF3002B010BD0320FFF758FE1B
:104050000028F2D0F5E732228DF80020084AADF8AA
:10406000020001920821024668468DF80140FFF7E0
:10407000EFFD0028E5D1034B1870E4E70CDF0208E0
:1040800000000808858100200000000000000000FA
:1040900007B5074B18681B798DF804300023009092
:1040A0001A4605216846FFF7D3FD03B05DF804FB0F
:1040B0005988020800000000000000000000000015
:1040C000014B1860FFF72CBE888100200000000023
:1040D000024B1B68184400B2FFF722BE8881002003
:1040E0002DE9F74F384F01911446D7F8F495DFF8D2
:1040F000E4A01D46FFF71CF90026002C00900CBF21
:104100004FF0010B4FF0020B4FF48044B0462F4BA1
:104110001B78002B4AD1FFF723FE2D4B9855B7F89B
:10412000CA31721C9342CCBF16460026B8F1010F6B
:1041300019D0B8F1020F42D0B8F1000F0CD1013BF9
:10414000B34209D1FFF7F4F8009BC01A6423584327
:10415000C7F8EC054FF00108B9F1000FD7D0484679
:10416000EDF73EF9D3E7019A90422CBF00200120E1
:1041700040EA440424F0040424B2A4B2A345EBD1E1
:10418000082D0AD0092D14D0072D02D04FF00208B7
:10419000E2E732460F4B1A60F8E70E4A16600D4B05
:1041A0001A680D4B1A800D4B01221A7003B0BDE83E
:1041B000F08F06EB53029342D8BFD21AEAE7DAF83F
:1041C0000030B342C8D1EAE7F03200201671002077
:1041D00054230020808100207E8100207C810020EB
:1041E0002DE9F84303200D46FDF762FD1D4A1E4EE2
:1041F0001368D6F8F44503F16401A14205D904F12E
:1042000064018B423CBF1B195C081460FFF790F8F7
:10421000804672B6DFF860902F4614B12046EDF765
:10422000DFF8FFF79DFDB6F8CA3109F8070001373E
:10423000BB42F2DC62B6FFF77BF86423A0EB080018
:1042400058430A4B0A4AC6F8EC0525EAE5751D6095
:10425000B6F8CA31013B1380064B01221A70BDE843
:10426000F88300BF70810020F032002080810020A0
:104270007E8100207C81002054230020000000006B
:104280002DE9F843144FDFF85890DFF85880134EAB
:1042900000243C702546FFF763FD99F84C3C33B190
:1042A0000001B0603B78002BF5D0BDE8F883854273
:1042B00038BF0546B4F57A7FEDB209D9013DEDB2BC
:1042C0001C46281AC0B218F800301B01B360E9E799
:1042D0000134A4B2F5E700BF16710020007400405D
:1042E000EC0700203CE30208000000000000000092
:1042F0002D4A2DE9F8431378DFF8C880ABB12B4B7A
:104300002B4C1868411C205CB8F8CA411960A142C6
:10431000A4BF0021196027491B680988994204BF7E
:10432000002313700001BDE8F883D8F80426224C5E
:10433000B8F8C691214F224E012A054608BF2360D6
:10434000FFF70EFDD8F8041601294FEA001310D12B
:104350002268134409F1FF39B9F1000F2360B8F85E
:10436000C6310DDCB8F8C621012A14D8B4F9000012
:10437000D9E72268481E02FB003393FBF1F3E9E71B
:10438000012B02D93868EDF72BF8002DD8D03378FF
:10439000002BD5D0E6E7D8F80436012BE6D1236808
:1043A00093FBF2F32360E1E77C8100208081002011
:1043B000542300207E8100207881002030150020C9
:1043C00016710020F0320020000000000000000004
:1043D00007B5D0238DF8043000238DF805001A4668
:1043E000022101A8FFF734FC03B05DF804FB0000D4
:1043F000014BB3F9000070470615002000000000D3
:10440000014B1870704700BF041500200000000029
:1044100007B5094B0093094B1B5C8DF80430084B22
:104420001B5C8DF8053000231A4606216846FFF70D
:104430000FFC03B05DF804FB1120031B20DF020812
:1044400018DF02080000000000000000000000006B
:10445000002302481A460521FFF7FABB10DF0208C5
:1044600008284DDC2DE9F04104460320FFF748FC05
:104470000C23244D6343002655F8038018F80610DA
:1044800079BB214B186808B1FFF7C2FF1F4BD3E976
:104490008C23642A73F1000301D2FFF7D9FFFFF7E1
:1044A00027FDFFF70DFDFFF7F3FD194B1B782BB32D
:1044B0000C2303FB04530A22B3F90430A3F59663DB
:1044C0005B0193FBF2F31BB2124A13800C2303FB34
:1044D0000455114B2A891A80104BE8881C70BDE8DE
:1044E000F081771C00231A4608EB0700FFF7B0FBAA
:1044F00018F8063013FA87F7BEB2BFE7084BE3E7B8
:104500000020704728DF020800150020F03200204C
:1045100004150020061500207481002087810020EA
:1045200000F1FFFF0000000000000000000000009C
:10453000064B02460020B3F906108A4204DD013022
:10454000082803F10C03F6D1FFF78ABF28DF020821
:10455000684B2DE9F04F044600201870664BE318B5
:1045600061F100020D466549994270EB020287B085
:1045700080F0AA80624B6349E31865F1000299421A
:1045800070EB020280F0A3805F4B6049E31865F195
:104590000002994270EB020280F09D805C4B5D4905
:1045A000E31865F10002994270EB020280F09780F7
:1045B000594B5A49E31865F10002994270EB020227
:1045C000C0F0948005204FF41666554FDFF87081D7
:1045D0003B78C8F8000023B10020FFF771FD0023ED
:1045E0003B70504BA6FB04A406FB0544D3F8FC5BD0
:1045F000D3F8001C6D1941EB010B2A465B4650466F
:104600002146DCF73DFFE40400F1FF392A4644EA85
:104610005A315B464FEACA40DCF732FF0027A0EB75
:10462000C94A4FF4002350463A46E9FB030200FB17
:104630000BF105FB0211A0FB050532463B46294460
:10464000DCF71EFFC40C032044EA4134CD0CFFF715
:1046500057FB354B03934FEA1A438DF811300C2169
:10466000324B334E05933A463B469AFA9AFA0DEB93
:1046700001008DF81090ADF812A0FFF7E9FAD8F814
:1046800000303268934211D02A4A019208338DF8E3
:1046900008303A463B46052101A8FFF7D9FAD8F879
:1046A0000000FFF7B5FED8F800303360224B1878D1
:1046B000C8B10020FFF7C4FB204B01221A7020462E
:1046C000294607B0BDE8F08F4FF4C8767DE7022099
:1046D0004FF4487679E701204FF47A7675E70320A6
:1046E0004FF4966671E7FFF79BFCE5E70446054645
:1046F000E5E700BF86810020804601CF00E28C13F1
:1047000040A380E7C01C3D09C0DB63EC4059730740
:104710008017ABEF00EA3206C08BD5F7007519039E
:1047200084810020EC07002011400600000420FFD7
:104730000015002011200151858100208D8100206D
:10474000181500200000000000000000000000001C
:104750002DE9F84F8025224E2F4642F210707783C4
:10476000ECF73EFE42F210703583ECF739FE1D483F
:104770007583ECF735FEFFF75BFA034628B11A485C
:104780000A220021FDF7C4FDE7E7DFF8708040F260
:10479000122918F803B05C1C00231A46594608EB8E
:1047A0000400FFF755FA824618B110480A2200218A
:1047B000E8E71BFA84F39BB24B45EAD9E6F768FDBC
:1047C0000B4B1878FFF72CFC18B10A480A22514607
:1047D000D8E7094B4FF0FF321A60BDE8F88F00BFF1
:1047E00000040048A08601005F8802087188020862
:1047F00086810020878802080015002060E30208F7
:1048000008B50020FFF71CFB024B4FF0FF321A6087
:1048100008BD00BF001500200000000000000000DF
:10482000014B1878704700BF858100200000000010
:10483000084B1A6882420CD04FF090424FF48071BE
:1048400028B11183186041F28830FEF779BD518399
:10485000F8E77047FC140020000000000000000092
:10486000064B1A68824207D018604FF40042044B8E
:1048700008B15A8370471A83704700BFF8140020AC
:1048800000040048000000000000000000000000DC
:10489000064B1A68824207D0186018B10321032022
:1048A000FFF79EBA0221FAE7704700BFF414002018
:1048B000064B1A68824207D0186018B10221022004
:1048C000FFF78EBA0321FAE7704700BFF01400200B
:1048D00038B505460C46FFF7F3F82846FFF708F908
:1048E0002046BDE83840FFF7DBB8000000000000BC
:1048F000064B1A68824207D0186018B102210420C2
:10490000FFF76EBA0321FAE7704700BFEC140020EE
:10491000024AD36823F08003D36070470028004028
:10492000084AD36843F08003D3604FF48023013BEF
:1049300006D0044AD26812F0400FF8D00120704728
:104940000020704700280040000000000000000028
:10495000094B1B6803F00F3020F070605A0802F01A
:10496000383222F060521044DB0803F00E3323F09B
:1049700060631844704700BF00280040000000003A
:10498000074B5A6802F00F3020F07060054B03EAC5
:1049900052031844044B03EAD2031844704700BF83
:1049A000002800401808780006021E0000000000E1
:1049B00010B5FFF7CDFF0446FFF7E2FFC4F3460250
:1049C000230A5B0103F4FF531343240CE40204F4B1
:1049D000FF241C43020402F47F022243030A5B0506
:1049E00003F0FF531343C0F30740143043EA406021
:1049F00010BD00BF0000000000000000000000002B
:104A000038B504460D46FFF78BFF10B1024B1D6011
:104A10005C60FFF77DFF38BD00280040000000000B
:104A2000164B1B6A13F4407327D010B5144ACA21E1
:104A3000516253215162B3F5807F16D0114C104B57
:104A4000DB6813F0100F03D00D4B1B69A3420ED08F
:104A5000FFF766FF30B10A4B00229A608022DA60CD
:104A60001C611C61FFF754FF10BD074CE7E7044AC7
:104A7000D36823F02003D360F6E7704700100240AC
:0C4A800000280040E7032700FF007F0033
:104A90008071313F807131BFD1F71737D1F717B728
:104AA0000000003F000000BFB4F80208DC810020D5
:104AB000DC810020DC810020B4F802080000000046
:104AC0000000000000000000B4F802080000000030
:104AD0000000000000000000B4F802080000000020
:104AE0000000000000000000B4F802080000001000
:104AF0000000001000000010B4F8020800000000E0
:104B00000000000000000000B4F8020800000000EF
:104B10000000000000000000B4F8020800000000DF
:104B2000000000000000000069646C6500000000E7
:104B3000737461636B206F766572666C6F770000CB
:104B40006E6F6E616D650000286E756C6C290000DB
:104B5000EB7690455846415420202000464154337E
:104B600032202020000000002A3A3C3E7C223F7F79
:104B7000000000002B2C3B3D5B5D000073776565FA
:104B8000700000005374617274696E672E2E2E00DF
:104B900053502020307825303878000052302020C3
:104BA0003078253038780000523120203078253098
:104BB00038780000523220203078253038780000D4
:104BC00052332020307825303878000052342020AD
:104BD0003078253038780000523520203078253064
:104BE00038780000523620203078253038780000A0
:104BF0005237202030782530387800005238202075
:104C0000307825303878000052392020307825302F
:104C10003878000052313020307825303878000064
:104C2000523131203078253038780000523132202E
:104C300030782530387800004C52202030782530EC
:104C40003878000050432020307825303878000034
:104C5000505352203078253038780000253038788D
:104C60007C253038787C253038787C253038787C45
:104C70002534757C2534757C2539737C2531327358
:104C8000000000003D3D3D3D3D3D3D3D3D3D3D3D48
:104C90003D3D3D3D3D3D3D3D3D3D3D3D3D3D3D3D44
:104CA0003D3D3D3D3D3D3D0D0A0000007665727382
:104CB000696F6E00667265710000000074696D6551
:104CC00000000000646163006E6600007361766539
:104CD000636F6E6669670000636C656172636F6E17
:104CE0006669670064617461000000006672657146
:104CF00075656E6369657300686F70007363616EDC
:104D00007261770061626F72740000007A65726F81
:104D100000000000746F75636863616C0000000040
:104D2000746F7563687465737400000070617573E7
:104D3000650000007265737461727400726573754A
:104D40006D65000077616974000000007761697427
:104D50007363616E0000000072657065617400002D
:104D6000737461747573000063616C6F7574707532
:104D70007400000073617665000000007265636175
:104D80006C6C000074726163650000007472696786
:104D9000676572006D61726B657200006368616EB9
:104DA0006E656C006C696E65000000007573617261
:104DB0007400000075736172745F636667000000C1
:104DC0006361707475726500746F756368000000CC
:104DD00072656C6561736500766261740000000045
:104DE000766261745F6F66667365740068656C7087
:104DF00000000000696E666F00000000636F6C6F5A
:104E00007200000069660000696631006C6E6132F4
:104E1000000000006167630061637475616C5F6628
:104E200072657100667265715F636F727200000077
:104E3000617474656E756174650000006C657665FB
:104E40006C000000737765657074696D6500000023
:104E50006C6576656C6F6666736574006C65766507
:104E60006C6368616E6765006D6F64756C61746911
:104E70006F6E0000726277006D6F64650000000065
:104E80006C6F6164000000006578745F6761696E33
:104E900000000000646576696365696400000000D5
:104EA00073656C667465737400000000636F7272E2
:104EB000656374696F6E000063616C6300000000DD
:104EC0006D656E7500000000746578740000000068
:104ED00072656D61726B000073645F6C697374005E
:104EE00073645F726561640073645F64656C6574AC
:104EF00065000000746872656164730069000000F9
:104F000076000000610000006B00000077000000E8
:104F10006F000000660000007500000071000000D6
:104F20006E0000006300000078000000524541441C
:104F30005900000043555252454E540057545354A3
:104F40004152540053555350454E444544000000CF
:104F50005155455545440000575453454D000000F8
:104F600057544D54580000005754434F4E440000CE
:104F7000534C454550494E47000000005754455892
:104F80004954000057544F52455654005754414E0F
:104F90004445565400000000534E444D53475100C1
:104FA000534E444D5347000057544D5347000000A3
:104FB00046494E414C00000056302E342E352E31DD
:104FC00000000000205A53343035000056302E3493
:104FD0002E352E312E31000056302E342E36000064
:104FE0002B205A533430360056302E352E340000E4
:104FF0002B205A53343037004D45415355524544C8
:105000000000000053544F524544000052415700E5
:1050100057616974696E6700506173730000000026
:105020004661696C00000000437269746963616CD9
:10503000000000004F4646004C4F5700444952457F
:105040004354000041444600554C54524100000076
:105050004841524D000000004869676800000000A8
:1050600074696E79534120554C5452410000000040
:10507000323031392D3230323420436F70797269D9
:1050800067687420404572696B204B616173686F7B
:10509000656B0000323031362D3230323020436FB4
:1050A00070797269676874204065647935353500B8
:1050B0005357206C6963656E73656420756E646513
:1050C000722047504C2E205365653A2068747470E6
:1050D000733A2F2F6769746875622E636F6D2F6541
:1050E00072696B6B616173686F656B2F74696E7940
:1050F0005341000056657273696F6E3A2074696E91
:10510000795341345F0000004275696C6420546932
:105110006D653A204D6179202038203230323620BA
:105120002D2031363A34343A303600004B65726EF9
:10513000656C3A20342E302E30000000436F6D70C5
:10514000696C65723A204743432031332E322E3149
:105150002032303233313030390000004172636820
:1051600069746563747572653A2041524D763745AE
:105170002D4D20436F72652056617269616E743ADD
:1051800020436F727465782D4D344600506F7274F1
:1051900020496E666F3A20416476616E63656420D3
:1051A0006B65726E656C206D6F646500506C617428
:1051B000666F726D3A2053544D3332463330337834
:1051C0004320416E616C6F672026204453500000DD
:1051D00031000000320000003500000031300000D6
:1051E00032300000353000003130300032303000D5
:1051F000353030004A616E00466562004D617200D4
:10520000417072004D6179004A756E004A756C00FC
:1052100041756700536570004F6374004E6F7600F0
:105220004465630064426D0064426D5600000000F6
:1052300064421D560000000056726D7300000000AD
:1052400056707000644200003164422F000000007C
:105250003264422F000000003564422F000000003D
:10526000313064422F000000323064422F000000D1
:105270004C4F41440A4341505455524500000000F0
:105280004C4F41440A53455454494E475300000083
:105290004C4F41440A434D44000000004C4F4144F0
:1052A0000A434F4E46494700534156450A43415031
:1052B0005455524500000000534156450A53455489
:1052C00054494E4753000000534156450A434F4E40
:1052D00046494700534156450A54524143455300FD
:1052E000434F4E46494700004155544F204E414DD3
:1052F000450000004D487A0A43535600534420436A
:105300004152440A49434F4E000000005354415259
:10531000540A08257300000053544F500A0825739F
:105320000000000043454E5445520A082573000012
:105330005350414E0A082573000000005A45524F51
:10534000205350414E0000004D554C54490A4241F3
:105350004E440000524257005642570053484946B7
:10536000540A4652455100004D41524B45520A1BCA
:105370002043454E54455200524546204C45564523
:105380004C0000005343414C452F44495600000057
:10539000415454454E55415445000000554E495422
:1053A00000000000455854204741494E0A08257323
:1053B000000000004C4E41005452494747455200FE
:1053C0004C495354454E00004E4F524D414C000045
:1053D00053494E474C450000454447450A0825734C
:1053E00000000000545249474745520A08257300FF
:1053F000494E54455256414C0A082573730000002B
:1054000042454550000000004155544F205341563D
:10541000450000005761747400000000504155536E
:10542000450A5357454550004249470A4E554D429B
:1054300045520000445241570A4C494E4500000075
:1054400053574545500A54494D450000302E2E36DD
:105450003030732C20303D64697361626C650000EC
:1054600053574545500A504F494E545300000000D1
:1054700053574545500A4143435552414359000053
:10548000524F544154450A444953504C415900002D
:105490004C4F434B0A444953504C415900000000C3
:1054A000454E41424C450000465245455A45000094
:1054B0004E4F524D414C495A450000005452414311
:1054C000450A1B54524143450000000054524143D9
:1054D000450A1B534400000053441B0A54524143E5
:1054E0004500000050554C53450A484947480000C4
:1054F0004C4F204F5554505554000000454E4142EA
:105500004C450A554C545241000000004D494E494B
:105510004D554D0A475249444C494E4553000000F1
:10552000456E746572206D696E696D756D20686F6A
:1055300072697A6F6E74616C206772696420646945
:10554000766973696F6E732C203020697320616CEB
:1055500077617973203130004A4F472053544550CA
:105560000A0825730000000030203D204155544FAB
:1055700000000000434C4541520A434F4E46494704
:1055800000000000434F4E4E454354494F4E00002B
:105590004C4556454C0A434F5252454354494F4E91
:1055A000000000004558504552540A434F4E4649AA
:1055B00047000000554E4C4F434B0A444953504C52
:1055C000415900005345542054494D450A0825735C
:1055D0000000000053455420444154450A082573F7
:1055E00000000000544F5543482043414C00000048
:1055F000544F55434820544553540000445241579A
:1056000050414400257500004841524D4F4E4943DA
:10561000000000004F495033000000005048415343
:10562000450A4E4F49534500534E52002D336442B4
:105630000A574944544800004F4343555049454494
:105640000A574944544800001B204D4F5245000062
:10565000464D0000544844004348414E4E454C0AD4
:10566000504F5745520000004C494E4541520000F2
:105670004E4F4953450A46494755524500000000E0
:1056800044454255470A465245510000444542555B
:10569000470A41564F49440044454255470A535032
:1056A0005552000044454255470A4C4556454C006A
:1056B000484944450A32314D487A00004F56455218
:1056C000434C4F434B0A082573000000456E746538
:1056D00072206F766572636C6F636B20616D6F759E
:1056E0006E7400004453544152540A08257300005C
:1056F0004453544F500A082573000000494E50553A
:10570000540A4C4556454C00456E746572206163E1
:105710007475616C206C6576656C20756E6465725D
:10572000206D61726B6572004F55545055540A4C90
:105730004556454C00000000494E5055540A43550B
:1057400052564553000000004F55545055540A43DB
:1057500055525645530000004F55540A4355525672
:10576000450000004F5554204449520A43555256B3
:10577000450000004F5554204144460A43555256B7
:10578000450000004F5554204D495845520A435595
:1057900052564500494E0A435552564500000000F6
:1057A000494E204C4E410A435552564500000000D8
:1057B000494E20554C5452410A435552564500001B
:1057C000494E20554C5452410A4C4E4120435552AB
:1057D00056450000494E204449524543540A43551A
:1057E00052564500494E204449524543540A4C4EB6
:1057F0004120435552564500494E204841524D0ADA
:105800004355525645000000494E204841524D0A2A
:105810004C4E4120435552564500000033304D4810
:105820007A0A4C4556454C003147487A0A4C455651
:10583000454C0000312E3247487A0A4C4556454CBB
:10584000000000005052454349534500464153541F
:10585000000000004E4F4953450A534F55524345EF
:10586000000000004E535045454455500A0825732A
:1058700000000000322E2E32302C20303D6469733F
:1058800061626C6500000000575350454544555017
:105890000A082573000000005344454C41590A088A
:1058A000257300003235302E2E31303030302C2030
:1058B000303D6175746F00004F44454C41590A08F2
:1058C0002573000033000000340000004D4F4449B0
:1058D00046590A4D41524B45525300004D41524BDF
:1058E00045520A4F505300005345415243480A4D18
:1058F00041524B455200000052455345540A4D4118
:10590000524B4552530000002564204D41524B45F7
:10591000525300001B205354415254001B20535437
:105920004F5000001B2043454E54455200000000DC
:105930001B205350414E00001B20524546204C4531
:1059400056454C004D41524B455220256400000005
:105950004D41524B455220257300000044454C54A4
:1059600041202573000000004E4F495345000000C0
:10597000545241434B494E470000000054524143AA
:10598000452025730000000054524143450A41560A
:1059900045524147450000005345415243480000ED
:1059A00044454C45544500005045414B0A20534561
:1059B00041524348000000004D494E0A1A204C4510
:1059C000465400004D494E0A1B2052494748540096
:1059D0004D41580A1A204C45465400004D41580A82
:1059E0001B20524947485400454E5445520A2573DE
:1059F000000000004A4F47204A554D500A4D41587B
:105A0000000000005045414B0A08257300000000CB
:105A1000322E2E3132302064420000004D414E556E
:105A2000414C0A08257300001A204241434B0000F4
:105A300030202D20333064420000000032322E35F9
:105A4000202D203430644200202020202041555455
:105A50004F00000025622E3266205242570000009F
:105A600020204155544F00004175746F0000000024
:105A7000252B6464426D00004C4F41440A5354414D
:105A800052545550000000004C4F41440A444546D2
:105A900041554C54530000004C4F41442046524F56
:105AA0004D0A20534400000053544F52450000005B
:105AB00053544F52452041530A5354415254555068
:105AC0000000000053544F52450A1B53440000008D
:105AD000464143544F52590A44454641554C54534C
:105AE00000000000626D70006373760062696E00F2
:105AF000636D6400636667007072730074626C00AB
:105B0000626E640050524500504F53540000000034
:105B10004D494400316B0000336B000031306B00A5
:105B200033306B003130306B000000003330306BAD
:105B3000000000003630306B000000003835306B5C
:105B4000000000004D494E48000000004D415848FB
:105B5000000000004D41584400000000204156451F
:105B600052340000413136004156455200000000D9
:105B700051554153490000004445434F4E560000E3
:105B800033304D487A00000031354D487A0000002E
:105B900031304D487A000000344D487A0000000052
:105BA000334D487A00000000324D487A0000000072
:105BB000314D487A000000004E6F6E650000000015
:105BC000414D203330250000464D20322E356B48A4
:105BD0007A000000464D20336B487A00464D203550
:105BE0006B487A00464D2037356B487A000000003C
:105BF00045787465726E616C00000000504E0000C4
:105C000050415353000000005749445448000000DD
:105C10004E462054000000004E4620530000000075
:105C20004E462056000000004E4620410000000075
:105C30004445434F4E4600004C494E00436C65615D
:105C40006E657374207369676E616C2C206D61786A
:105C500020362E3347487A00486967686573742098
:105C600061636375726163792C206D617820372ED2
:105C70003347487A000000001B436F6E6669670077
:105C8000436C65616E657374207369676E616C2C1B
:105C9000206D617820342E3447487A00486967685F
:105CA0006573742061636375726163792C206D6123
:105CB0007820352E3447487A0000000041474300E1
:105CC0004250460042454C4F5720494600000000D4
:105CD000494620465245510A08257300303D6175FA
:105CE000746F20494600000044454341590A082585
:105CF00073000000302E2E313030303030306D7374
:105D0000206F7220737765657073000041545441B1
:105D1000434B0A0825730000302E2E3130303030CE
:105D2000306D73005343414E0A53504545440000C3
:105D30004D495845520A44524956450050524F4722
:105D4000524553530A424152000000004449524513
:105D500043540A4D4F4445004C494E4541520A4177
:105D60005645524147494E470000000041554449BD
:105D70004F0A4147430000004652455120434F52CD
:105D8000520A082573000000456E74657220707019
:105D90006220636F7272656374696F6E0000000049
:105DA0004E460A0825730000456E746572207469BA
:105DB0006E795341206E6F697365206669677572ED
:105DC0006500000044554D500A4649524D57415216
:105DD0004500000048414D0A42414E445300000036
:105DE000494E5445524E414C530000005350414ED1
:105DF0003A202573000000004C4556454C2043488E
:105E0000414E47453A202573000000002D39302EC1
:105E10002E39300053574545502054494D453A20BE
:105E200025730000302E2E363030207365636F6E80
:105E300064730000535745455020504F494E54530A
:105E40000000000043414C4942524154452031304A
:105E5000306B487A20746F202573487A0000000068
:105E600043414C4942524154452061626F7665205E
:105E70002573487A000000005245534554204341A1
:105E80004C4942524154494F4E000000436F6E6EE0
:105E90006563742043414C20616E642052460000CB
:105EA00043414C494252415445000000436F6E6EDD
:105EB000656374202573487A206174202D35302065
:105EC000746F202D313064426D0000004D45415308
:105ED0005552450A54494E595341204E4600000040
:105EE00053544F52450A54494E595341204E46008F
:105EF00056414C49444154450A54494E5953412056
:105F00004E4600004D4541535552450A414D5020E3
:105F10004E460000554C54524153544152540A08C5
:105F2000257300003130473D6175746F000000003B
:105F30004841524D2053544152540A0825730000E1
:105F400053657420520000004D4F44554C4F0A08D1
:105F500025730000536574204D4F44554C4F00008D
:105F60005365742043500000534C4545500A574137
:105F7000495400004F4B000043414E43454C000044
:105F8000544F55434800000053454C462054455358
:105F9000540000004C4556454C2043414C00000045
:105FA00056455253494F4E0053414D504C45205297
:105FB00045500A0825730000312E2E313030303024
:105FC000000000004252494748544E4553530A20AE
:105FD0000825642525000000444154450A54494DD4
:105FE000450000001B4D4F52450000005553420034
:105FF00053455249414C000053455249414C0A53C4
:1060000050454544000000001B4D41524B45522075
:106010002564000025336420706F696E74000000F1
:106020004D494E0A484F4C44000000004D41580A6B
:10603000484F4C44000000004D41580A444543413C
:106040005900000041564552203400004156455247
:106050002031360051554153490A5045414B00000B
:106060005441424C451B0A54524143450000000034
:10607000414C5445524E000042414E44531B0A537A
:106080004400000053441B0A42414E4453000000A8
:10609000537461727400000053746F70000000004C
:1060A00043656E74657200005370616E00000000FD
:1060B0004C4556454C0A0825730000004E414D459D
:1060C0000A082573000000004E616D6500000000A5
:1060D00044495341424C45005441424C451B0A53EC
:1060E0004400000053441B0A5441424C4500000048
:1060F0004652455155454E43590A08257300000044
:106100004672657175656E637900000054524947A7
:106110004745520A4C4556454C00000054524947E9
:106120004745520A5452414345202564000000006F
:10613000504155534500000050524553455400000E
:10614000444953504C4159004D41524B4552000077
:106150004D4541535552450053544F524147450018
:106160004D4F4445000000004D4F44554C415449AB
:106170004F4E0000465245513A2025730000000062
:1061800031487A2E2E332E356B487A00414D20440B
:10619000455054483A20257325250000302E2E31D5
:1061A00030300000464D20444556494154494F4E39
:1061B0003A20257300000000316B487A2E2E3330D0
:1061C000306B487A000000004354435353202B2087
:1061D00031206B487A0000004C6576656C20696E52
:1061E0002064427556000000537065637472756DCB
:1061F00020416E616C797A65720000005369676EA8
:10620000616C2047656E657261746F7200000000FA
:1062100043616C6962726174696F6E204F7574704E
:1062200075743A202573000048494748204F55545B
:10623000505554202020202020202020202025736D
:10624000000000004C4556454C3A202573000000E4
:1062500045585445524E414C204741494E3A20251D
:10626000730000002D3130302E2E2B3130300000E5
:106270001B2053657474696E677300004C4F572080
:106280004F555450555420202020202020202020DD
:10629000202025730000000031306B487A2E2E3804
:1062A00035304D487A0000004F55545055543A202F
:1062B00025730000535441525400000053544F5072
:1062C0000000000043454E54455200005350414EDB
:1062D0000000000046524551000000005245460AA9
:1062E0004C4556454C0000005343414C45000000CE
:1062F00041435455414C0A504F574552000000004D
:106300004946000053414D504C450A44454C4159C3
:10631000000000004E4F4953450A4C4556454C007D
:106320005050420053414D504C450A524550454152
:10633000540000004558540A4741494E00000000EF
:106340004C4556454C0A5357454550005357454513
:10635000500A5345434F4E44530000004F464653A6
:1063600045540A44454C4159000000004E415252E8
:106370004F570A535045454455500000574944452E
:106380000A53504545445550000000004D41524BC2
:1063900045520A46524551004D4F44554C415449CF
:1063A0004F4E0A4652455100434F520A414D00009C
:1063B000434F520A57464D00434F520A4E464D0036
:1063C000444556494154494F4E00000044455054FD
:1063D000482500004946320041545441434B0000D7
:1063E000554C5452410A5354415254004841524D65
:1063F0000A535441525400004558504F4E454E5494
:1064000049414C0A415645524147494E4700000018
:1064100053544152540A46524551000053544F5070
:106420000A4652455100000043454E5445520A4623
:10643000524551005350414E0A465245510000000A
:106440004E414D45000000004D41524B45520A540B
:10645000494D45004A4F470A53544550000000003B
:106460004449524543540A535441525400000000D9
:106470004449524543540A53544F50004F564552D5
:10648000434C4F434B000000534554204441544576
:106490000A2059594D4D44440000000053455420F2
:1064A00054494D450A2048484D4D535300000000C3
:1064B00053455420494E54455256414C0A204848B1
:1064C0004D4D535300000000434F44450000000071
:1064D000494E54455256414C0000000062756C6BA9
:1064E0000D0A000066696C6C0D0A00002A323A0041
:1064F00010111200284B02083815002080160020C9
:1065000001000000511F0008000000006D61696E6D
:106510000016002004042C080C1014181C20210064
:1065200000000000A132000881320008E1320008BA
:10653000C1320008D1320008B1320008913200089F
:1065400071320008C1340008813400084135000868
:106550000135000821350008E1340008A1340008A5
:10656000613400080100000000000000000000008D
:10657000000002400800024001000000000000008E
:1065800000000B00000002401C000240020000005E
:106590000000000004010C00000002403000024036
:1065A000040000000000000008020D00000002408E
:1065B0004400024008000000000000000C030E0030
:1065C00000000240580002401000000000000000DF
:1065D00010040F00000002406C0002402000000088
:1065E000000000001405100000000240800002407E
:1065F00040000000000000001806110000040240E6
:10660000080402408000000000000000000738007D
:10661000000402401C0402400001000000000000D1
:106620000408390000040240300402400002000067
:106630000000000008093A0000040240440402403F
:1066400000040000000000000C0A3B0000040240AF
:10665000580402400008000000000000100B3C003D
:106660000000000000C20100000000000040000027
:106670000000000000000000613C0008613D0008CF
:10668000113E000840004000BC180020BC1800204B
:1066900001000000B418002003FFA96A00000000F8
:1066A0000000FCFFA8000168CFF900000000000016
:1066B00070E70E009F5A515400600000FFFFFF3F3B
:1066C00055555555FFFF00000050550000000000D3
:1066D0000000004400000000FFFFFFFF5555550576
:1066E000FFFF0000000000000000000000000000AC
:1066F00000000000FFFFFFFF55555555FFFF00004C
:106700000000000000000000000000000000000089
:10671000FFFFFFFF45000000FFFF0000000000003A
:10672000000000000000000000000000FFFFFFFF6D
:1067300000000000FFFF000000000000000000005B
:106740000000000000000000616000080000000080
:106750006D1D6E7066617A7900000000206B4D47F8
:106760005450455A59000000010000000A00000082
:1067700064000000E803000010270000A08601006C
:1067800040420F008096980000E1F50500CA9A3B50
:10679000808182838485868788898A8B8C8D8E8F81
:1067A000909192939495969798999A9B9C9D9E9F71
:1067B000808182838485868788898A8B8C8D8E8F61
:1067C000B0B1B2B3B4B5B6B7B8B9BABBBCBDBEBF51
:1067D000C0C1C2C3C4C5C6C7C8C9CACBCCCDCECF41
:1067E000D0D1D2D3D4D5D6D7D8D9DADBDCDDDEDF31
:1067F000909192939495969798999A9B9C9D9E9F21
:10680000F0F0F2F2F4F4F6F6F8F9FAFBFCFDFEFF14
:1068100001030507090E10121416181C1E000000B3
:106820007D1D0100632C001E9601A01E5A01001F51
:106830000806101F0606201F0806301F0806401F06
:106840000606511F0700591F521F5B1F541F5D1F73
:10685000561F5F1F601F0806701F0E00BA1FBB1F68
:10686000C81FC91FCA1FCB1FDA1FDB1FF81FF91F64
:10687000EA1FEB1FFA1FFB1F801F0806901F080668
:10688000A01F0806B01F0400B81FB91FB21FBC1F0D
:10689000CC1F0100C31FD01F0206E01F0206E51F28
:1068A0000100EC1FF31F0100FC1F4E2101003221EB
:1068B00070211002842101008321D0241A05302C7C
:1068C0002F04602C0201672C0601752C0201802C1C
:1068D0006401002D260841FF1A03000061001A031D
:1068E000E0001703F8000703FF0001007801000132
:1068F000300132010601390110014A012E017901EE
:10690000060180014D004302810182018201840160
:10691000840186018701870189018A018B018B012E
:106920008D018E018F0190019101910193019401DC
:10693000F60196019701980198013D029B019C0187
:106940009D0120029F01A001A001A201A201A401BA
:10695000A401A601A701A701A901AA01AB01AC01ED
:10696000AC01AE01AF01AF01B101B201B301B3019E
:10697000B501B501B701B801B801BA01BB01BC014D
:10698000BC01BE01F701C001C101C201C301C401C4
:10699000C501C401C701C801C701CA01CB01CA01B1
:1069A000CD011001DD0101008E01DE011201F301B4
:1069B0000300F101F401F401F8012801220212019F
:1069C0003A020900652C3B023B023D02662C3F0265
:1069D00040024102410246020A0153024000810185
:1069E0008601550289018A0158028F015A029001DD
:1069F0005C025D025E025F02930161026202940129
:106A00006402650266026702970196016A02622CBF
:106A10006C026D026E029C01700271029D01730294
:106A200074029F0176027702780279027A027B0271
:106A30007C02642C7E027F02A60181028202A901EF
:106A40008402850286028702AE014402B101B201CE
:106A500045028D028E028F0290029102B7017B03E4
:106A60000300FD03FE03FF03AC0304008603880359
:106A700089038A03B1031103C2030200A303A30322
:106A8000C4030803CC0303008C038E038F03D803D5
:106A90001801F2030A00F903F303F403F503F60304
:106AA000F703F703F903FA03FA0330042003500451
:106AB0001007600422018A043601C1040E01CF04CC
:106AC0000100C004D0044401610526040000000058
:106AD00010041104120413041404150416041704FA
:106AE000180419041A041B041C041D041E041F04AA
:106AF000200421042204230424042504260427045A
:106B0000280429042A042B042C042D042E042F0409
:106B100030043104320433043404350436043704B9
:106B2000380439043A043B043C043D043E043F0469
:106B30009125922593250225242561256225562538
:106B400055256325512557255D255C255B25102599
:106B5000142534252C251C2500253C255E255F2584
:106B60005A25542569256625602550256C256725FD
:106B700068256425652559255825522553256B25FB
:106B80006A2518250C25882584258C2590258025A7
:106B900040044104420443044404450446044704B9
:106BA000480449044A044B044C044D044E044F0469
:106BB0000104510404045404070457040E045E0441
:106BC000B0001922B7001A221621A400A025A000A7
:106BD000CC1800200101020041940008E193000854
:106BE0006136000821940008030000000000000046
:106BF000113800080000000010000000481A0020B2
:106C00000000000000000000000000000200000082
:106C10000000000021370008B137000840004000A4
:106C2000681A0020581A0020000000000000000030
:106C300004000000806C020816000000686C020866
:106C400010000000586C020808000000506C020898
:106C500008033400300030001003740069006E0037
:106C600079005300410034001603740069006E007F
:106C70007900730061002E006F0072006700000051
:106C800004030904430000008C6C0208090243005D
:106C9000020100C0320904000001020200000524C4
:106CA000001001052401000104240202052406004D
:106CB00001070582030800FF09040100020A000021
:106CC00000070501024000000705810240000000A6
:106CD00012000000D86C02081201100102000040EE
:106CE000830440570002010203010000010001007B
:106CF0000000000000000000400680000000D007F7
:106D00000000000000000000000100000000000082
:106D10000000000000000000000001000000000072
:106D2000000000000000000000000000380000002B
:106D30000000000040000000000000000000000013
:106D40000000000000000200000000000000000041
:106D50000020000000000000000000000000FC0017
:106D600040240100000000000000000000000000BE
:106D7000653D25640D0A0056464F2025640D0A0026
:106D800073746B6C696D69747C2020202020202036
:106D9000207C73746B20667265657C2020202061E6
:106DA0006464727C726566737C7072696F7C20208B
:106DB000202073746174657C2020202020202020F6
:106DC0006E616D650D0A00253038787C2530387885
:106DD0007C253038787C253038787C2534757C25C6
:106DE00034757C2539737C253132730D0A00657248
:106DF000723A2028256429206E6F20636172640D29
:106E00000A00257325730D0A000D0A4F7468657218
:106E100020636F6D6D616E64733A002564206D565A
:106E20000D0A006368616E6E656C5B25645D203AD7
:106E30002025342E31660D0A006368616E6E656C24
:106E4000205B312D335D0D0A0073617665207B690F
:106E5000647D0D0A005061757365640D0A0052650A
:106E600073756D65640D0A00666972737420746FC2
:106E7000756368207570706572206C6566742C206F
:106E80007468656E206C6F776572207269676874CC
:106E90002E2E2E00646F6E650D0A00746F75636888
:106EA0002063616C20706172616D733A2000746FB1
:106EB0007563683A2025642025640D0A00757361A6
:106EC00067653A2061626F7274205B25735D0D0AFD
:106ED00000436F6E6669672073617665642E0D0AE4
:106EE00000506572666F726D696E672072657365BA
:106EF000740D0A0075736167653A20007A20302EA0
:106F00002E33303030300D0A25640D0A0071205BBD
:106F100073302E2E317C642D312C302E2E31387C66
:106F200061302E2E36337C70302E2E345D0D0A00EB
:106F30004F4B0073645F64656C657465207B6669A4
:106F40006C656E616D657D0D0A0064656C657465C8
:106F50003A2025732025730D0A0075736167653A21
:106F60002073645F72656164207B66696C656E6125
:106F70006D657D0D0A006572723A2028256429200E
:106F80006E6F2066696C650D0A002A2E2A007364F4
:106F90005F6C697374207B7061747465726E7D0DB3
:106FA0000A0025732025750D0A006572723A2028A3
:106FB0002564290D0A0061676320302E2E377C611D
:106FC00075746F0D0A006C6E613220302E2E377C86
:106FD0006175746F0D0A00776169747363616E2067
:106FE0005B7B7363616E737D5D0D0A00776169740D
:106FF000207B7365636F6E64737D0D0A007A657222
:107000006F207B6C6576656C7D0D0A256464426D2E
:107010000D0A0025650D0A0064617461205B302D46
:10702000325D0D0A00636C656172636F6E6669673D
:10703000207B70726F74656374696F6E206B657905
:107040007D0D0A004B657920756E6D61746368650E
:10705000642E0D0A00436F6E66696720616E6420BE
:10706000616C6C2063616C206461746120636C6589
:10707000617265642E0D0A446F2072657365742019
:107080006D616E75616C6C7920746F2074616B65D5
:10709000206566666563742E205468656E20646F93
:1070A00020746F7563682063616C20616E64207367
:1070B0006176652E0D0A00623D25550D0A00613D81
:1070C00025550D0A0073656C66746573742028314C
:1070D0002D3329205B6172675D0D0A006465766956
:1070E000636569642025640D0A00646576696365DB
:1070F0006964205B3C6E756D6265723E5D0D0A00D1
:10710000646972656374207B25737D207B6672657C
:107110007128487A297D0D0A00696631207B39374C
:10712000354D2E2E3937394D7D0D0A2551487A0DB2
:107130000A00636F6C6F72207B69647D207B7267CD
:107140006232347D0D0A00202532643A20307825E1
:107150003036780D0A00646163207B76616C75655A
:1071600028302D34303935297D0D0A6375727265EA
:107170006E742076616C75653A2025640D0A006294
:107180000074696D65207B5B25735D20302D393976
:107190007D206F72207B6220307859594D4D4444D8
:1071A00020307848484D4D53537D0D0A32302530FC
:1071B00032782F253032782F253032782025303222
:1071C000783A253032783A253032780D0A006672E6
:1071D0006571207B6672657175656E637928487A82
:1071E000297D0D0A006F666600636F7272656374B5
:1071F000696F6E2025730D0A00696E6465782066DC
:1072000072657175656E63792076616C75650D0ABE
:1072100000636F7272656374696F6E202573202539
:107220006420254420252E31660D0A0072657365A1
:107230007400636F7272656374696F6E207461624B
:107240006C652025732072657365740D0A00636F89
:107250007272656374696F6E2025732025732066D2
:1072600072657175656E637928487A292076616C3C
:107270007565286442290D0A00757064617465643F
:1072800020256420746F20254420252E31660D0AA8
:10729000006C6576656C6F66667365742025732077
:1072A000252E31660D0A006C6F775F6F75747075EF
:1072B0007400726563656976655F73776974636886
:1072C000006F75745F737769746368006861726DCD
:1072D0006F6E6963006861726D6F6E69635F6C6E7B
:1072E000610073686966740073686966743100735D
:1072F000686966743200736869667433007368691C
:10730000667434006472697665310064726976650A
:107310003200647269766533006469726563740073
:107320006469726563745F6C6E6100756C74726120
:1073300000756C7472615F6C6E61006164660064FC
:1073400069726563745F6F7574707574006C6576CF
:10735000656C6F6666736574205B25735D207B6F5B
:1073600075747075747D205B2D32302E2E2B32306B
:107370005D0D0A006E66207B76616C75657D0D0A79
:1073800025660D0A0075736167653A206C65766540
:107390006C6368616E6765202D39302E2E2B393075
:1073A0000D0A0063683E20002551487A20746F2042
:1073B0002551487A00252E3351487A20746F2025B4
:1073C0002E3351487A006F66667C6F6E7C617574EF
:1073D0006F7C73746172747C6861726D00756C741B
:1073E0007261202573207B667265717D0D0A0063D2
:1073F000616C6F75747075742025730D0A002564B7
:10740000207070620D0A0025440D0A0073776565CF
:107410007074696D6520302E3030332E2E36300D6D
:107420000A25352E3346730D0A006D6F64756C6145
:1074300074696F6E202573203130302E2E36303037
:10744000300D0A003937354D2E2E3937394D003180
:107450003036374D2E2E313037334D00757361671E
:10746000653A206966207B25737D0D0A2551487A8F
:107470000D0A00617474656E7561746520302E2E7E
:1074800033317C6175746F0D0A25342E32460D0A36
:107490000063616C63205B7B7472616365237D5D57
:1074A0002025730D0A25730D0A00252B642E2E2529
:1074B0002B64006578745F6761696E202D31303010
:1074C0002E302E2E2B3130302E300D0A006C696E8E
:1074D00065206F66667C7B6C6576656C7D0D0A0049
:1074E00074726967676572207B76616C75657D0D66
:1074F0000A74726967676572207B25737D0D0A00C7
:10750000643D25642C20613D25642C20733D256459
:107510000D0A006C6576656C3D252E32662C206464
:107520003D25642C20613D25642C20733D25642C71
:1075300020663D252E32660D0A0072627720302EBD
:10754000322E2E3835307C6175746F0D0A252E3140
:1075500046487A0D0A006175746F7C3000015365EE
:107560006C662074657374207374617475733A006B
:1075700001546F7563682073637265656E20746F64
:1075800020636F6E74696E756500015465737420B5
:1075900025643A2025732573005369676E616C205A
:1075A0006C6576656C2000466C61746E6573732043
:1075B000004672657175656E6379200041626F7671
:1075C0006520005061737362616E642000446973CA
:1075D000706C6179200043616C6962726174696FDB
:1075E0006E2062757379002564202564202544206F
:1075F000252E32650D0A006D61726B6572205B6E1F
:107600005D205B25737C7B667265717D7C7B696E1A
:107610006465787D5D205B7B6E7D7C25735D0D0AE6
:10762000006C6576656C202D37362E2E2D360D0AB2
:10763000006C6576656C202D33382E2E31330D0AA3
:10764000004572722C2064656661756C74206C6FE5
:1076500061640D0A00726563616C6C207B69647DF6
:107660000D0A0025442025442025640D0A00737767
:10767000656570207B737461727428487A297D2057
:107680005B73746F7028487A295D205B706F696E38
:1076900074735D0D0A097377656570207B25737DB2
:1076A0000D0A097377656570207B25737D207B66E5
:1076B00072657128487A297D0D0A007573616765C6
:1076C0003A206D6F6465205B6C6F775D2025730DCC
:1076D0000A006C6F616420302E2E340D0A002C20BD
:1076E00066726F7A656E0025643A202573202566E0
:1076F000202566200D0A00747261636520256420D0
:1077000076616C756520256420252E32660D0A0091
:107710006F66667C6F6E007472616365207B257393
:107720007D0D0A7472616365207B25737D20617510
:10773000746F7C7B76616C75657D0D0A7472616314
:1077400065205B7B7472616365237D5D2076616C6F
:1077500075650D0A7472616365205B7B7472616389
:1077600065237D5D207B25737D207B74726163655D
:10777000237D7C6F66667C6F6E7C5B7B696E646567
:10778000787D207B76616C75657D5D0D0A00556E98
:107790006B6E6F776E006D6178323837310025730C
:1077A0000D0A48572056657273696F6E3A2573202B
:1077B00025730D0A006F6E7C6F66667C6E6F726D4E
:1077C000616C7C6D69786572006175746F7C6F6641
:1077D000667C6F6E7C64756D700061766F696400A5
:1077E00025440A006F66667C6F6E7C6175746F005D
:1077F00073707572007265667265736800782076C2
:10780000616C756528302D464646464646464629F3
:107810000D0A00783D25780D0A0079207B616464AB
:107820007228302D3935297D205B76616C7565288D
:10783000302D30784646295D0D0A002530327820FB
:107840000053657269616C3A202575206261756428
:107850000D0A002200200900746F6F206D616E799F
:1078600020617267756D656E74732C206D61782070
:10787000340D0A007368656C6C000D0A74696E79CA
:107880005341205368656C6C0D0A00436F6D6D6148
:107890006E642074696D656F75740D0A0025733F01
:1078A0000D0A0025643A25632563256325634C4F43
:1078B0003D2531312E364C713A2531312E364C7101
:1078C0000949463D2531312E364C713A2531312E4C
:1078D000364C71094F463D2531312E366409463DFF
:1078E0002531312E364C713A2531312E364C710905
:1078F000443D252E32663A252E32662025632563C7
:10790000256320256420523D2564206D6F643D254C
:10791000642C20643D25640D0A004F7574707574E5
:10792000206C6576656C20726564756365640057CC
:1079300041524E494E4700417474656E7561746FD3
:1079400072200053746F7062616E64200053696727
:107950006E616C206C6576656C20746F6F206C6F47
:1079600077206F72206E6F74206F6E206672657163
:1079700075656E63790043616C6962726174696FE9
:107980006E20636F6D706C657465007363616E204B
:107990007B737461727428487A297D207B73746FBD
:1079A0007028487A297D205B706F696E74735D2042
:1079B0005B6F75746D61736B5D0D0A006672657146
:1079C00075656E63792072616E67652069732069E1
:1079D0006E76616C69640D0A00737765657020705E
:1079E0006F696E7473206578636565647320726176
:1079F0006E6765203435300D0A0025552000256559
:107A000020256620005369676E616C206C65766581
:107A10006C20746F6F206C6F770044696420796FFD
:107A20007520636F6E6E6563742068696768206196
:107A30006E64206C6F7720706F7274732077697436
:107A400068206361626C653F0053656C66207465F5
:107A5000737420636F6D706C657465004946203DDA
:107A60002025440D000A0D526573657474696E67B4
:107A70002073707572207461626C650A0D000A0DC6
:107A8000416464696E6720746F2063757272656EFD
:107A9000742064796E616D696320737075722074EF
:107AA00061626C650A0D000A0D5374617274696E2F
:107AB0006720776974682061766572616765206FF9
:107AC000662025342E326620616E6420494620618E
:107AD00074202544487A20616E6420737465702098
:107AE0006F66202544487A2074696C6C20254448D0
:107AF0007A0A0D00506173732025642C206672652C
:107B0000712025440D00506173732025642C2025BD
:107B1000342E326664426D20737075722061742059
:107B200025446B487A207769746820636F756E749A
:107B30002025640A0D000A0D5461626C6520666F91
:107B40007220494620617420254420616E642073B0
:107B5000746570206F662025440A0D0046726571B9
:107B6000286B487A292C20636F756E742C206C6505
:107B700076656C2864426D292C206C6576656C20D6
:107B80007769746820737075722072656D6F7661A5
:107B90006C0A0D0025642C2025642C2025342E32FF
:107BA000662C2025342E32660A0D005242573D25A0
:107BB000352E31662C20523D252B642C2000537429
:107BC000617274206C6576656C3D25362E31662CAD
:107BD000206E6F6973653D25342E31662C206465F7
:107BE0006C61793D2535640A0D005242573D2535BB
:107BF0002E31662C20523D252B642C20456E6420AE
:107C00006C6576656C3D25362E31662C206E6F696D
:107C100073653D25342E31662C2064656C61793D99
:107C20002535642C20666173742064656C61793D30
:107C300025640A0D002D2D2D2D2D2D2D2D2D2D2DB5
:107C40002D2D2D2D2D2D2D2D2D2D2D2D2D2D2D2D64
:107C50002D2D2D2D2D2D2D2D2D2D2D2D2D2D2D2D54
:107C60002D2D0A0D005242573D25342E31662C2011
:107C7000523D252B642C2074696D653D2535642C9F
:107C800020666173742064656C61793D2534640AF3
:107C90000D0025643A2025392E33710A0D00524219
:107CA00057203D2025372E31666B2C206C6576657C
:107CB0006C203D2025362E32662C20636F72722098
:107CC0003D2025362E32660A0D000A0D256420005F
:107CD00025362E3266200054656D70203D202534F7
:107CE0002E31662C206C6576656C203D2025362E65
:107CF00032662C2064656C7461203D2025362E325E
:107D0000660A0D0046726571203D2025382E3366C7
:107D10004D487A2C206C6576656C203D2025362EEA
:107D200032660A0D005369676E616C206C6576657A
:107D30006C20696E636F727265637400436865637B
:107D40006B206361626C65206265747765656E2087
:107D5000636F6E6E6563746F7273007363616E72CE
:107D60006177207B737461727428487A297D207B47
:107D700073746F7028487A297D205B706F696E7408
:107D8000735D205B6F7074696F6E735D0D0A0068C0
:107D90006F70207B737461727428487A297D207B10
:107DA00073746F7028487A297D207B7374657028FE
:107DB000487A29207C20706F696E74737D205B6F18
:107DC00075746D61736B5D0D0A0001257320252E9E
:107DD00033462573257325732573000125732025EC
:107DE0002E31662573257325732573002F487A007D
:107DF0002F5400012520372E33460025342E3166BE
:107E000064426D2F253351487A0025342E31662582
:107E1000252025342E316664426300534E523A20A9
:107E200025342E316664420057494454483A20258F
:107E3000382E3351487A0025382E335100444550AE
:107E400054483A2025336425250044455649415479
:107E5000494F4E3A25362E3151487A0025362E317B
:107E60005100232564205448443A2025342E31669D
:107E700025250054494E595341204E463A20253479
:107E80002E31660054494E595341204E46204552EA
:107E9000524F523A2025342E3166004741494E3A1E
:107EA0002025342E316664422020204E463A20257B
:107EB000342E316600014F4950333A2025342E319B
:107EC0006664426D0025732D494E460025392E2AE1
:107ED00051487A007368696674656400252E3351D1
:107EE000487A2025352E3151487A2F0020435720DB
:107EF0002551487A002054494D4520252E3346739C
:107F00000020535441525420252E3651487A2020C7
:107F1000202025352E3151487A2F202573002053FB
:107F2000544F5020252E3651487A002043454E5458
:107F3000455220252E3651487A2020202025352EE6
:107F40003151487A2F20257300205350414E20256F
:107F50002E3651487A0052454455434544204C49F9
:107F60004E45415249545900252E3266760044450B
:107F70004C003C003E00580053544F502025352EF5
:107F80003351487A20252B2E316664426D005354BC
:107F90004F5020535745455000535441525420539D
:107FA0005745455000252E365100252E3951487A27
:107FB00000755600556E636F727265637465640078
:107FC00025662F00252E3346002564644200415566
:107FD000544F002564757300252E316620746F2080
:107FE000252E316664426D00252B2E3166644225B4
:107FF0007320257300252B2E3166644225730025DE
:108000002E316600252E316664420025382E344616
:10801000487A0025336400252E3451487A002530F3
:1080200032643A253032643A2530326400323025E9
:108030003032642F253032642F2530326400544FA3
:10804000554348202573202A005550504552204C56
:10805000454654004C4F574552205249474854001A
:10806000544F5543482050414E454C2C20445241DA
:1080700057204C494E45532C2050524553532042D3
:108080005554544F4E20544F2046494E49534800B2
:1080900053544154453A20252034642000544F5510
:1080A00043482050414E454C20544F2044524157A4
:1080B0002C205052455353204A4F47204255545488
:1080C0004F4E20544F20434C4541522C2052455393
:1080D0005441525420544F20455849540053493577
:1080E0003335310048572056657273696F6E3A25F3
:1080F00073202825642920257300253038787C25B5
:108100003038787C253038787C253038787C2534B8
:10811000757C2534757C2539737C25313273005488
:10812000696D653A203230253032642F2530326453
:108130002F2530326420253032643A253032643ABB
:108140002530326420284C53256329004C45564580
:108150004C0A4552524F520044455054480A455229
:10816000524F5200252B346400252B342E33460009
:108170002563257300252E32462F00504155534567
:10818000440041524D454400414D00417474656EB8
:108190003A0A25342E324664420043616C633A0A3F
:1081A000257300537075723A0A2573004D61736B25
:1081B0003A0A4F4E004E6F726D2E005242573A0AE5
:1081C000252E3146487A005642573A0A252E314626
:1081D000487A0025635363616E3A0025352E334695
:1081E00073004C4E413A4F4E00556C7472613A0A1E
:1081F000253351487A00436F72723A0A4F4646005F
:10820000506174683A0A2573005265663A0A25641B
:108210004D487A004761696E3A0A25342E3166640A
:1082200042005265706561740A20782564005452DA
:1082300049473A0025362E31660025362E34460051
:108240002020202020003230253032642F0A257370
:108250002F253032640025346400252B332E304620
:10826000487A0053657400252B64644200466972A5
:1082700073742063616C696272617465203130309F
:108280006B487A20746F20372E323547487A206940
:108290006E7075740046697273742063616C6962F4
:1082A00072617465203130306B487A20746F2035EC
:1082B0002E333447487A20696E70757400457272A7
:1082C0006F720046697273742063616C69627261D7
:1082D00074652033304D487A206F75747075740062
:1082E000466F726D617420657272005265737461BD
:1082F00072742074696E79534120746F206C6F61C1
:1083000064206E657720636F6E66696700496E66EC
:108310006F004C6F6164656400252E335100535724
:108320003A25332E32664D487A20252B646442204C
:10833000252E3346730053574545503A204F464645
:10834000004D4F443A202573004D4F443A202538C4
:108350002E3446487A20414D2025642525004D4F76
:10836000443A2025382E3446487A20464D2025347C
:1083700051487A00252E3646487A0A252E3246255F
:108380007300252E3646487A0A252E3646487A004E
:10839000496E7465726E616C73206163636573739B
:1083A00020636F64650025382E3351487A20252BD1
:1083B000342E31666442004C6576656C206F662011
:1083C000252E3351487A206F757470757400456E90
:1083D0007465722061637475616C20696E70757468
:1083E000206C6576656C00456E74657220616374FF
:1083F00075616C206C6576656C206F6620312E325D
:1084000047487A206F757470757400456E74657294
:108410002061637475616C206C6576656C206F6695
:10842000203147487A206F757470757400456E74FA
:1084300065722061637475616C206C6576656C2073
:108440006F662033304D487A206F757470757400F4
:10845000436C65617220756E6C6F636B20636F6433
:108460006500496E636F727265637420636F646543
:108470002C2075736520313233340054494D45004A
:108480004652455155454E4359004C6576656C0042
:1084900020204661696C2077726974652020005342
:1084A000415F253036785F253036782E25730025DC
:1084B000732E257300252E36662C0025552C0020A2
:1084C000252E3366200020252E33660025552C20CE
:1084D00000534420434152442053415645005669BD
:1084E0007369742074696E7973612E6F72672F756A
:1084F0006C74726120666F7220756E6C6F636B2096
:10850000636F646500556C74726120756E6C6F6387
:108510006B20636F6465004252494748544E45538F
:108520005320253364252520001A20555345204C1F
:108530004556454C455220425554544F4E201B0041
:10854000535055520A52454D4F56414C004D4952D9
:10855000524F520A4D41534B494E47002053494E0A
:108560004500205351554152452057415645002062
:108570004D4958455200204841524D0025732573FE
:108580002573257325730052657475726E005377D9
:1085900069746368004C4556454C0A084D554C5467
:1085A00049004C4556454C0A08252E334625730094
:1085B0004C4556454C0A08252E31662573004C451E
:1085C00056454C0A085452414345202564004174E5
:1085D000206C65617374206F6E6520656E747279AE
:1085E00000306442001B545241434520256400532F
:1085F000554254524143540A545241434520256444
:108600000053554254524143540A4F464600446970
:108610007361626C65206E6F726D616C697A6174F2
:10862000696F6E2066697273740053544F52450A25
:108630000825730053544F5245202564005072653D
:10864000736574206E616D65004C4F41440A0825C6
:108650007300454D505459202564004E4F2043412E
:108660005244002D202575207C202575202D005595
:108670005000444F574E00456E746572207363611D
:108680006C650053494E474C450A535745455000C9
:1086900057415445520A46414C4C00416374756140
:1086A0006C207374617274206672657175656E6397
:1086B000790041637475616C2063656E7465722026
:1086C0006672657175656E637900496E636F72726B
:1086D00065637420696E70757400467265717565A6
:1086E0006E6379206F662066756E64616D656E7469
:1086F000616C005370616E2028303D66756C6C2093
:108700007370616E29004672657175656E637920BC
:108710006F66206C656674207369676E616C0052C9
:1087200069676874207369676E616C004672657171
:1087300075656E6379206F66207369676E616C0082
:108740004672657175656E6379206F6666736574D0
:108750000042616E647769647468004D6F64756C83
:108760006174696F6E206672657175656E63793AC2
:1087700020353030687A202E2E2031306B487A0038
:108780004D6F64756C6174696F6E2066726571758A
:10879000656E63793A203530487A202E2E203230AB
:1087A0006B487A004672657175656E637920646501
:1087B00076696174696F6E3A2033202E2E20353031
:1087C000306B487A004368616E6E656C2066726536
:1087D0007175656E6379004368616E6E656C2077B4
:1087E00069647468004E46206F7574206F6620724D
:1087F000616E676500416D706C69666965722047DE
:1088000061696E20004E6F6973652063656E7465E3
:1088100072206672657175656E63790043414C43E1
:108820000A257300456E61626C65206174206C6579
:10883000617374206F6E6520747261636500547299
:108840006163650052414E47453A20252573004635
:108850005245513A20252573001120014E40005306
:108860004934343638205265736574206661696C0A
:108870000053493434363820436F6E666967757229
:1088800065206661696C005349343436382053746E
:10889000617274206661696C0000000015140800A4
:1088A0000605040201000000797C6D7C647C687C14
:1088B0006D696E7C73656300030100006F66667C02
:1088C0006F6E00006E6F726D616C7C7072656369B3
:1088D00073657C666173747C6E6F6973657C676FAA
:1088E0007C61626F7274000073746172747C737463
:1088F0006F707C63656E7465727C7370616E7C638F
:10890000770000006F66667C33307C31357C313017
:108910007C347C337C327C3100000000636F7079E2
:108920007C667265657A657C737562747261637466
:108930007C766965777C76616C75650076616C75AF
:10894000650000007363616C657C7265666C6576BA
:10895000656C000064426D7C64426D567C644275B7
:10896000567C5241577C567C5670707C57000000F4
:108970006175746F7C6E6F726D616C7C73696E670C
:108980006C6500006F66667C6F6E00006F6E7C6FBA
:1089900066667C7065616B7C64656C74617C6E6F0F
:1089A0006973657C747261636B696E677C747261F4
:1089B00063657C74726163655F6176657200000057
:1089C0006C6F777C7377697463687C7265636569C3
:1089D00076655F7377697463687C6F75745F7377AE
:1089E000697463687C6C6E617C6861726D6F6E69BE
:1089F000637C73686966747C7368696674317C73C0
:108A000068696674327C7368696674337C736869FC
:108A10006674347C6472697665317C6472697665EB
:108A2000327C6472697665337C6469726563747CD8
:108A30006469726563745F6C6E617C756C7472617D
:108A40007C756C7472615F6C6E617C6861726D6F55
:108A50006E69635F6C6E617C6164667C646972657B
:108A600063745F6F75747075747C6C6F775F6F750E
:108A70007470757400000000000000000100000028
:108A800005000000FFFFFFFFFFFFFFFFFFFFFFFFED
:108A90006F66667C616D7C666D7C667265717C64F8
:108AA000657074687C646576696174696F6E0000D6
:108AB0006C6F7700696E7075747C6F757470757407
:108AC0000000000073746172747C73746F707C6F4B
:108AD0006E7C6F6666000000302D313900000000AA
:108AE0006C6F777C6C6E617C756C7472617C756C7C
:108AF0007472615F6C6E617C6469726563747C64BE
:108B000069726563745F6C6E617C6861726D7C68AC
:108B100061726D5F6C6E617C6F75747C6F75745F74
:108B20006469726563747C6F75745F6164667C6F81
:108B300075745F756C7472617C6F66667C6F6E00B5
:108B40006F66667C6D696E687C6D6178687C6D614E
:108B500078647C61766572347C6176657231367CCE
:108B6000617665727C71756173697C6C6F677C6C12
:108B7000696E00000100000003000000FDFFFFFF20
:108B8000040000000500000000127A000000000050
:108B90000000000000000000AC4C0208010C0108BD
:108BA00000002C720208C19F00080000B44C0208AB
:108BB000E1AA00080300BC4C020801AA0008020058
:108BC000C44C0208C1A900080200C84C0208B1B197
:108BD00000080200CC4C0208A19F00080200D84CFB
:108BE000020831A500080200E44C0208B1A4000804
:108BF0000100EC4C020841F900080000504D020849
:108C0000014D01080100F84C0208916701080100BC
:108C1000FC4C0208716501080100044D0208519FD7
:108C2000000800000C4D020881A4000803007C4BE2
:108C3000020851FF00080300A44E0208219F00080B
:108C40000000144D0208D19E00080100204D0208CA
:108C5000519A000801002C4D0208119900080300E8
:108C6000344D02089197000803003C4D020821FF93
:108C700000080300444D020801A4000802004C4D06
:108C80000208A1A300080200584D0208819A0008BA
:108C90000200604D0208B19E00080200684D020803
:108CA000C1B500080200744D0208719E0008020060
:108CB0007C4D0208D1FE00080300844D0208210902
:108CC000010803008C4D020891CD00080200944D6C
:108CD0000208A1F6000802009C4D0208019E00084F
:108CE0000100A44D020821CD00080200AC4D02088D
:108CF00031A900080100B44D0208110F010803005A
:108D0000C04D0208119A00080500F5770208910D80
:108D100001080000C84D0208D19900080000D04D9C
:108D20000208A19900080000D84D0208E19D000842
:108D30000100E04D0208B19D00080200EC4D020860
:108D4000419D00080000F44D0208019D000800004C
:108D5000FC4D020891A800080200044E020841BD23
:108D600000080200084E020821A8000802000C4E6C
:108D7000020841A300080200144E0208E1A2000804
:108D80000200184E020821B800080300244E020811
:108D900081B700080300304E0208E1C40008030058
:108DA0003C4E0208D1FA00080300444E020831B9D3
:108DB00000080300504E020831AE000802005C4E6D
:108DC000020801B200080200684E020851BC000807
:108DD0000200744E020821DD00080300784E0208EC
:108DE000D10601080300F0770208610D01080300B5
:108DF000DA770208F10C0108030037730208C10C8E
:108E00000108030019730208A1A7000803002B73CF
:108E1000020861B400080300804E020841070108FF
:108E20000200884E020871CC000802002684020865
:108E3000710C01080200944E020861A700080200AC
:108E4000A04E020801A700080000AC4E0208B1AC19
:108E500000080200B84E0208E1CA00080300C04E34
:108E60000208319900080300C84E020861AC0008EE
:108E70000200D04E0208D19700080200D84E020826
:108E800061A200080100E04E0208C1A10008010033
:108E9000E84E020841A100080100F44E0208519C6E
:108EA0000008000008610208610E01080100FC4E84
:108EB0000208E19700080100004F0208119C000819
:108EC0000100044F0208D1A6000801007F710208CA
:108ED000A1A6000801001C6002081198000801000A
:108EE000084F0208F19B00080100884D0208B19B61
:108EF00000080100C8560208819B00080100C85EF6
:108F00000208C19800080000804B0208A1980008E0
:108F100001000C4F0208219800080100104F0208C0
:108F2000F1D8000801004C590208F197000801002F
:108F3000144F0208319800080100184F020841BA86
:108F4000000801001C4F0208A1A000080100BC4D50
:108F50000208F19800080100204F020861A00008F3
:108F60000100945B020821A000080100F8610208DA
:108F700051BE00080100244F020821990008010099
:108F8000CC4D020881BE00080100284F0208110ED6
:108F900001080100000000000000000000000000C7
:108FA0002C4F0208344F02083C4F0208444F02087D
:108FB000504F0208584F0208604F0208684F0208DD
:108FC000704F02087C4F0208844F02088C4F020841
:108FD000984F0208A04F0208A84F0208B04F02089D
:108FE000A500B300B84F020801000000C44F0208FA
:108FF000B400C300CC4F020802000000C44F0208B6
:10900000FA005E01D84F020803010000E04F020899
:109010009808FB08E84F020867010000F04F0208BB
:109020000000000000000000000000000000000040
:1090300074696E795341345F000000000000000045
:109040000000003F0000803F000000400000804022
:109050000000004100008041105002081850020832
:109060002050020828500208010000008FC2753D00
:10907000AE47E13D0000F0C10000F0C1010000007A
:10908000CDCCCC3DCDCCCC3D000020C200000000BA
:1090900000050A000000F0410000803F33330DC29C
:1090A0000000AAC200080A000000F0410000803F52
:1090B00033330DC20000AAC2010000000000484383
:1090C0000000C84200008CC200000000020900003D
:1090D00000006144000020410000B4C20000B4C29E
:1090E00000031A000000F0410000604133330DC25C
:1090F000000034C2030309000000F0410000604199
:109100000000E0C1000070C2010D000000C0554425
:109110000000803F0000A0C20000A0C2000C0A00B6
:109120000000F0410000A04033330DC20000B4C283
:1091300000040A000000F0410000E04033330DC29B
:10914000000048C2080532000000F04100000000A5
:1091500033330DC2000070C2070532000000F04139
:109160000000000033330DC2000070C2000A0A0084
:109170000000F0410000A04033330DC2000096C251
:1091800006000000000000000000000000000000D9
:109190000000000004050A000000F0410000484201
:1091A00033330DC200005CC204050A00000087438F
:1091B00000008040000048C2000096C204060A0079
:1091C0000000874300008040000020C2000082C2EF
:1091D0000600000000000000000000000000000089
:1091E0000000000004050A000000F0410000803F7C
:1091F00033330DC2000070C2060000000000000002
:1092000000000000000000000000000004060A004A
:109210000000964300008040000040C2000082C26F
:1092200004070A000000964300008040000020C2AE
:10923000000082C2070532000000F041000000007B
:1092400033330DC2000070C2010000000000104363
:10925000000000410000BEC200000000090532000D
:109260000000F0410000000033330DC200005CC27A
:10927000090A32000000F0410000000033330DC243
:1092800000005CC209063200000016430000000026
:109290009A9982C200005CC2090032000000494372
:1092A00000000000000026C3000026C304000A00DE
:1092B000000049430000803F000026C3000026C391
:1092C0000B0A00000000F0416F12833A000020C238
:1092D00033330DC20B0500000000F0416F12833ADA
:1092E000000020C233330DC2000000001100000056
:1092F0002200000033000000440000005400000081
:10930000650000007500000085000000940000006A
:10931000A4000000B3000000C1000000CF00000066
:10932000DC000000E9000000F60000000101000080
:109330000C01000017010000210100002A010000BB
:10934000320100003A010000410100004701000025
:109350004C010000510100005501000057010000C0
:109360005A0100005B0100005B01000000000000EA
:109370000029DE070000000040981E0900000000E0
:10938000402F680A0000000040FBBD0B00000000F9
:10939000C0AC0D0D0000000080A06C0E00000000AD
:1093A00080D6DA0F0000000000F242110000000039
:1093B00068D94F000000000060216000000000003C
:1093C000B882FB00000000009816000100000000B9
:1093D0002003450100000000F0C58E0100000000E0
:1093E000E0E4290200000000B0A7730200000000C2
:1093F000A0C60E03000000008014EF030000000070
:1094000060A8F30300000000805238040000000050
:1094100000A24A0400000000802FA6040000000003
:10942000800C140500000000B02E070600000000AC
:10943000B049BE06000000008080CB06000000009E
:1094400000D0DD0600000000A754890E00000000D7
:10945000A077171C00000000A679121D0000000074
:109460004EA9121D00000000203BE11D000000007D
:1094700000AC531E00000000D015CD2600000000F7
:1094800000410E29000000003812B429000000003D
:1094900068DEE42900000000F05CE829000000001C
:1094A0002806EE2900000000C01A1E2A0000000055
:1094B0008042272A0000000078663D2A0000000054
:1094C0003053572A00000000F07A602A00000000A4
:1094D000382D6B2A00000000382D6B2A0000000098
:1094E000B887902A00000000E0F7982A00000000EA
:1094F000E8E7D22A000000008004D82A000000001B
:1095000080FC022B0000000040240C2B0000000017
:1095100060754A2B0000000038917E2B000000008F
:10952000E8A1AE2B00000000F829072C0000000085
:10953000B016212C00000000703E2A2C0000000014
:10954000B8F0342C00000000A883932C0000000029
:1095500078D2192D00000000E0303F2D00000000FF
:10956000A8504B2F00000000008D842F0000000049
:109570003421960096009001A6FF00003333333F5C
:109580007017960096002C01A1FF0000CDCC4C3F37
:10959000B80B96009600C800A1FF00006666A63FC3
:1095A000E8032C012C01640097FF00009A99993E72
:1095B0002C0190019001640092FF00003333333F8F
:1095C00064008403840364008DFF00000000003FFA
:1095D0001E0040064006640088FF00003333333F1E
:1095E0000A00A00FA00F640086FF0000CDCC8C3FC6
:1095F00003000C490C49640083FF00000000803F19
:10960000206D1D6E700000000000803F6F12833AD5
:10961000BD3786355F708930CCBC8C2B80C3C901C7
:10962000C0E1E4008096980000093D00C0C62D000E
:1096300080841E0040420F00345002083850020857
:109640003C5002084450020848500208505002089A
:109650005850020800000000000000000000000058
:1096600000000000666624C20000F0C1CDCCACC191
:10967000000088C1000060C133333BC166661EC173
:10968000666606C13333E3C00000C0C00000A0C05E
:10969000666686C09A9959C0CDCC2CC0666606C055
:1096A0000000C0BF000080BFD7A3F0BE00000000D4
:1096B000200100001E00000000000000000000006B
:1096C0000000000028000000000000000000000072
:1096D000000000003C00000000000000000000004E
:1096E000000000005000000000000000000000002A
:1096F000000000000000000000000000000000006A
:109700000000000000000000000000000000000059
:109710000000000000000000000000000000000049
:109720000000000000000000000000000000000039
:109730009A996141713D424185EB0141EC51C04034
:10974000C3F52840AE47E13D00000000EC51B8BD34
:10975000713DCA3F0AD7C33F3D0AB73FB81E853E99
:10976000713D8A3FD7A3D03FB81E853F48E1DA3F1D
:109770006666863FB81E853FD7A310409A999140F0
:109780003D0A43413D0A134114AED7401F855B405B
:109790001F850B40AE47E13DA470BDBE0000000038
:1097A0008FC2F53CF6281C3FD7A3D03FCDCC4C3E12
:1097B0000AD7233F1F852B3FD7A3D03FD7A3903F86
:1097C0000AD7833F0AD7C33F5C8F1240EC516840F1
:1097D00000000000713D0A3F7B142E3FA4709D3FA6
:1097E0007B14AE3FE17AB43FD7A30040EC51084070
:1097F0001F853B409A993940C3F578401F858340C7
:109800008FC2AD40A4709540295CD7406666CE40BB
:1098100000001841B81E114133331741C3F504410C
:10982000000000000AD7233FB81EA53F85EB913FFB
:109830003D0AD73F3D0A973FC3F5883F666616400D
:10984000A4704D40AE4781409A99A9405C8F9240E8
:109850001F850341F628104152B82241E17A7C412C
:1098600014AE8D4152B89041EC51A841AE47A7418A
:10987000D7A35A42F6284A42D7A33C4200000B42E3
:109880008FC2E941D7A3D041E17A7C41E17A6C41B2
:10989000AE476541295CAF3F295C8F3F7B148E3F0B
:1098A000B81E053F1F856B3ECDCC4C3E000000002E
:1098B000AE47E13D1F85EB3E8FC2F53E0000403FC5
:1098C000A4705942CDCC4A4248E13D42D7A30B4255
:1098D000295CE341A470AB41D7A38A41F6286041DB
:1098E000CDCCAC3FCDCCAC3F3D0A573F8FC2353FCE
:1098F0000000803E0AD723BD000000005C8F42BEFE
:109900008FC2753E3D0A573E1F852B3FA4707D3F99
:1099100000000000D7A36C413333474185EB7D4104
:10992000D7A37041A470754166667E411F8597413B
:109930008FC28941AE478B41B81EB5418FC2CD4120
:109940001F85FB418FC2FD41EC510442F6280442C1
:10995000C3F506425C8F2D4248E14442F6284D4251
:1099600017B7D1380AD7E341C3F5E841A4700042E4
:109970003333FD4166661242E17A064200000E4230
:10998000EC511A423D0A274200003C425C8F44429F
:10999000F6285042E17A50427B145C425C8F604270
:1099A00014AE8142F6288642F6288F42008090420B
:1099B000EC51C0400AD773406666064014AEC7BE7D
:1099C000C3F518C0333353C0F6286CC085EBB1C063
:1099D0009A99C1C03333CBC06666BEC048E19AC015
:1099E00052B8A6C0B81EBDC09A99C1C0713DB2C0E0
:1099F00014AEAFC048E192C0295C6FC048E1FABF25
:109A00005C8F72C0D7A360C0EC5158C01F854BC09B
:109A100085EB41C09A9939C0F6282CC0EC5118C08A
:109A2000000000C0E17AF4BF52B8DEBFE17AB4BFF3
:109A3000E17A94BF14AE87BF295C4FBF295C4FBF4A
:109A4000D7A3F0BEE17A94BECDCCCCBD0AD7233DDE
:109A5000295C0F40E17A14401F853B400AD7C33F81
:109A600085EB513F7B142EBF000080BECDCCCC3E99
:109A70003D0A57BE295C8FBD713DCA3F3333134049
:109A80003D0A174052B89E3F8FC2F53C295C8F3E7D
:109A9000333323C07B142EC00AD7A3BF48E13A3F1B
:109AA0001F85BB40713D6A406666A63F713D4ABF57
:109AB0009A9929C05C8F62C0AE4799C0B81EB5C0E4
:109AC0009A99C1C05C8FCAC085EBA9C052B8BEC00C
:109AD0000AD79BC0EC5198C0A47085C0A470FDBF8C
:109AE0005C8F32C0C3F528BF8FC205401F85EB3F96
:109AF0001027000000000000204E000000000000C1
:109B0000905F010000000000400D03000000000015
:109B100000350C000000000000093D0000000000BE
:109B200080C3C9010000000000E1F505000000004D
:109B30000095BA0A0000000000A3E1110000000037
:109B40000084D717000000008055C82000000000E6
:109B500000FA8728000000000027B9290000000053
:109B60000054EA2A0000000080EA822B0000000076
:109B700000811B2C000000008071162F00000000E7
:109B8000008F42330000000000E9A435000000000F
:109B900010270000000000003075000000000000E9
:109BA000803801000000000020A107000000000034
:109BB00000350C0000000000C0C62D0000000000B1
:109BC000C0E1E4000000000080C3C9010000000003
:109BD00000B4C40400000000000E270700000000CD
:109BE00080397A12000000000046C3230000000004
:109BF0008036BE2600000000809020290000000072
:109C00000027B929000000000054EA2A00000000E3
:109C10000008AF2F000000000062113200000000B9
:109C200000BC73340000000000E9A435000000000F
:109C300080C3C901000000000027B929000000000E
:109C400080520C350000000080AC6E370000000030
:109C5000009D693A0000000000E32C5E0000000057
:109C60008087EC650000000000943577000000005C
:109C700000180D8F0000000080AEA58F00000000CE
:109C800000726F9100000000004282A400000000FA
:109C900000046EB00000000080A82DB80000000095
:109CA00080BE03EF00000000007F110501000000EE
:109CB000001110240100000080889E2A010000008D
:109CC000005A8F33010000000076DD4101000000E2
:109CD00080C3C901000000000027B929000000006E
:109CE000006D7C4D0000000000FF7A6C0000000059
:109CF000006704760000000000FCBE800000000049
:109D000000453E900000000080DBD690000000007F
:109D100080054CA60000000000C915A80000000046
:109D200080F468B30000000000E563B600000000A6
:109D3000808667D200000000001A44E7000000009F
:109D400000FB39ED000000008061E500010000002B
:109D50000060070B0100000080889E2A01000000BF
:109D60008085E23E010000000076DD410100000038
:109D7000003B58080000000000688909000000004E
:109D80000095BA0A000000000076B0100000000044
:109D900000FD4314000000000057A616000000005C
:109DA0000092FE1E0000000000BF2F2000000000F7
:109DB00000EC60210000000080CB78310000000042
:109DC000006211320000000080F8A932000000009B
:109DD000008F423300000000807F3D36000000000D
:109DE000009D693A0000000000CA9A3B0000000094
:109DF0000024FD3D0000000000512E3F0000000047
:109E000000AB904100000000806E5A43000000004B
:109E1000003B5808000000000068890900000000AD
:109E20000095BA0A000000000076B01000000000A3
:109E30008093DC140000000000DE391A00000000EE
:109E40000065CD1D0000000000EC60210000000056
:109E500080CB783100000000006211320000000069
:109E600080F8A93200000000008F4233000000009B
:109E70008025DB330000000000E9A435000000006D
:109E8000009D693A000000008033023B00000000A2
:109E900000F7CB3C0000000000512E3F0000000006
:109EA000007E5F4000000000806E5A43000000000A
:109EB00080C3C9010000000000F2052A0100000073
:109EC0000076DD41010000008036EB570100000004
:109ED00000E9D166010000008041567301000000D6
:109EE0000013477C01000000800086930100000001
:109EF000007558AE0100000080273FBD0100000042
:109F0000800579D701000000806D02E101000000AA
:109F100000F3B7EE0100000080C4A8F701000000C4
:109F2000800D28070200000000DC5C240200000015
:109F30000071172F020000008077E868020000001F
:109F400000ECBA830200000000AEA68F0200000001
:109F500080C3C9010000000000F2052A01000000D2
:109F600080DF44410100000000EC8D520100000040
:109F700000E9D1660100000080C52D8B01000000C2
:109F800000CFBAB00100000000F92FC601000000A8
:109F900000C942D9010000000031CCE201000000FC
:109FA000805C1FEE01000000008872F901000000D3
:109FB000001D2D0402000000001A711802000000AC
:109FC000009E48300200000000D9A03802000000C6
:109FD00000E40B540200000080FE7B6C02000000D5
:109FE000805522830200000000AEA68F0200000010
:109FF0001027000000000000204E000000000000BC
:10A00000409C000000000000A0860100000000004D
:10A01000400D030000000000E09304000000000079
:10A0200020A107000000000080841E000000000046
:10A03000404B4C000000000080F0FA0200000000DD
:10A04000000E270700000000802B530B00000000CB
:10A050000084D7170000000000389C1C000000009E
:10A060008055C820000000008036BE260000000099
:10A0700000AE4C2D00000000006211320000000014
:10A080008025DB330000000000E9A435000000005B
:10A09000C0FB0D310000000080F8A9320000000074
:10A0A000008F42330000000000BC73340000000049
:10A0B00080520C3500000000807F3D36000000001B
:10A0C0000016D6360000000080D99F38000000003E
:10A0D000009D693A000000008033023B0000000050
:10A0E00000CA9A3B00000000808D643D0000000023
:10A0F00080BA953E0000000000512E3F0000000095
:10A1000080E7C63F00000000007E5F4000000000C6
:10A1100000AB90410000000000D8C14200000000E8
:10A12000806E5A43000000000005F3430000000069
:10A1300000811B2C0000000000E9A4350000000095
:10A140000016D636000000008014F8400000000021
:10A1500000D8C14200000000004E72530000000011
:10A16000007BA3540000000080F2315B000000007F
:10A170000097F162000000000094357700000000B5
:10A18000005621830000000080ECB983000000002D
:10A1900000453E9000000000009CE4A60000000086
:10A1A000805FAEA800000000001295B7000000001C
:10A1B000803A2CD70000000080CFE6E100000000CC
:10A1C00080DA51FD00000000809C3D090100000084
:10A1D0001027000000000000204E000000000000DA
:10A1E00050C3000000000000A08601000000000035
:10A1F000400D030000000000E09304000000000098
:10A2000040420F000000000080841E00000000009B
:10A2100000093D000000000080C3C90100000000EB
:10A2200080FE210A0000000080902029000000002C
:10A2300000512E3F00000000802D8A6300000000C6
:10A240000056218300000000009CE4A600000000EE
:10A2500080327DA70000000080E878040100000043
:10A26000006B722601000000002AA24601000000D7
:10A2700048E19C4166668441295C4F411F8523412A
:10A280008FC22D41A470F540EC514840D7A3D03F78
:10A29000AE47E13EACC527378FC2753D48E1BA3FB6
:10A2A000AE47E13FC3F5283FCDCC4C3E0AD7233F14
:10A2B00052B85E3F9A99F93FA4701D40EC51684036
:10A2C0005C8FBE413D0A8141D7A350419A992941F3
:10A2D0008FC219418FC229410000F040E17A6440E9
:10A2E0008FC205405C8FC23E8FC2F53DACC527379B
:10A2F00048E13A3F9A99F93F3D0AD73FB81E0540D9
:10A30000295C8F3F7B148E3FF628FC3F5C8F824098
:10A31000ACC52737B81E053EE17AB43F14AEA73F5F
:10A32000AE472140AE47C1401F85CB4052B8E64002
:10A33000E17A1041B81E1941AE47214148E112416E
:10A340003D0A1341CDCC4441C3F544417B144E41F9
:10A35000D7A3544152B87A4185EBB7410AD7C141DE
:10A36000BD37863585EBB13FF6289C3FD7A3D03F5C
:10A3700066663640295C5F4014AEB740713DC2400E
:10A380000AD7FB4085EBE9407B144E40F628444158
:10A3900033334B410AD73341C3F54C41C3F53C41FC
:10A3A000C3F55441F6288E410000A241C3F5D241C5
:10A3B00033335D42EC51504252B84D4285EB3E4240
:10A3C000B81E0E423D0AF7413D0AC54114AE914107
:10A3D00085EB7D4166667A41EC512840EC5128407E
:10A3E0008FC2B53FB81E453F713D4A3FC3F5A83EF9
:10A3F000B81E853EACC527379A99993EC3F5283FCC
:10A400000AD75D42B81E4E42000041420AD70F42B1
:10A410001F85DD41D7A3D441F628BA41F628AC41C7
:10A4200048E18C41666682417B1476413D0A2740B3
:10A430003D0A27409A99D93F0000A03F713D8A3ECE
:10A440000AD7A33CACC52737CDCCCC3EA4703D3F4A
:10A45000ACC5273785EB65410AD753419A994941E5
:10A46000F6288041C3F5BE41295CBD41F628D441A0
:10A470000000E241295CED4148E1F84114AE194287
:10A480001F851C42AE471742C3F51E4252B82142F7
:10A49000333329423D0A5C420AD74F4214AE51423F
:10A4A000ACC52737A470A9419A99A941A470A541C8
:10A4B000F6288E41000084419A99754152B8924124
:10A4C0006666BA41AE47EB415C8FE6410000094247
:10A4D0001F851642B81E3C42E17A404252B85242B1
:10A4E0007B145942C3F57E42295C6542EC516642B9
:10A4F00085EB0541C3F5B04033331340295CAFBF52
:10A50000C3F548C01F855BC085EBA1C048E1B2C060
:10A510006666BEC048E1B2C09A9991C085EBA1C001
:10A5200085EBA1C048E1B2C03333ABC0C3F5B8C0BE
:10A530000AD7A3C0A470A5C00AD773C014AE17C0B1
:10A540009A9979C052B82EC0333323C0000020C07E
:10A55000B81E85BF8FC2F5BC8FC2F5BC8FC2F5BCDB
:10A560008FC2F5BC8FC2F5BC8FC2F5BC8FC2F5BCE3
:10A570008FC2F5BC8FC2F5BC8FC2F5BC8FC2F5BCD3
:10A580008FC2F5BC8FC2F5BC8FC2F5BC8FC2F5BCC3
:10A59000000050C0D7A320C05C8FE2BF1F85ABBFB7
:10A5A0000AD723BE333333400AD7AB40295CA740D8
:10A5B000D7A370407B146EBFA470FDBF52B896C085
:10A5C000B81EADC0B81EEDC07B140AC1E17A08C147
:10A5D000E17A04C1B81EF5C085EBF1C0C3F5B8C07F
:10A5E0000AD70341E17A844014AEA73F14AEC7BF37
:10A5F0005C8F52C048E1A2C048E1B2C01F859BC039
:10A60000C3F5B8C01F8593C0A47095C0AE4701C004
:10A610001F853BC0EC51B8BE85EB31401F85EB3F39
:10A620003D0A9F40B81E0141CDCC2C418FC2B341A1
:10A630001027000000000000204E00000000000075
:10A6400060EA000000000000400D03000000000070
:10A65000801A060000000000C0270900000000006A
:10A6600060AE0A000000000040420F000000000041
:10A67000C0C62D000000000080C3C901000000001A
:10A6800000B4C40400000000802B530B0000000045
:10A69000001C4E0E0000000000DE391A0000000011
:10A6A00080DC5B240000000000A0252600000000E4
:10A6B0008044E52D0000000080F8A9320000000071
:10A6C00000BC73340000000000E9A4350000000065
:10A6D0001027000000000000204E000000000000D5
:10A6E000409C000000000000A08601000000000067
:10A6F000400D030000000000801A0600000000006A
:10A70000C02709000000000060AE0A000000000041
:10A7100040420F000000000000093D000000000062
:10A72000809698000000000080C3C901000000006E
:10A73000804A5D050000000080A4BF070000000003
:10A7400000EF1C0D0000000080397A1200000000AC
:10A7500080AF2A23000000000027B9290000000074
:10A76000006211320000000000E9A4350000000082
:10A7700080C3C901000000000027B92900000000C3
:10A78000808D643D0000000000B6FB5C000000000E
:10A7900080461C8600000000800DFBD500000000F4
:10A7A000804597F2000000000025AF020100000084
:10A7B0008031F8130100000080F3E31F0100000066
:10A7C000804D46220100000080B2134001000000CD
:10A7D0008055F5510100000000ABBD720100000082
:10A7E0008003427F010000008011698601000000A3
:10A7F000000264890100000000C44F9501000000C0
:10A80000004827AD01000000801918B601000000C3
:10A8100080C3C901000000000027B9290000000022
:10A820008014F840000000000089CA5B00000000AE
:10A8300080EF756F00000000802456A0000000002B
:10A8400080D55EB90000000000F0CED1000000000D
:10A8500000286BEE0000000080268DF8000000004C
:10A860000052E0030100000080C6B21E010000009B
:10A87000001C7B3F010000000065FA4E0100000053
:10A8800080F8D6630100000000ABBD72010000003B
:10A89000009ADA7F010000008079F28F0100000049
:10A8A000801CD4A101000000801918B6010000002E
:10A8B000003B58080000000080D1F00800000000B4
:10A8C00000688909000000000095BA0A0000000035
:10A8D0000076B010000000008066AB13000000009E
:10A8E000801A7018000000000065CD1D00000000F7
:10A8F00000BF2F200000000000EC602100000000DD
:10A9000080CB7831000000000062113200000000AE
:10A9100000BC733400000000807F3D360000000062
:10A9200080D99F38000000008006D1390000000067
:10A930008033023B0000000080BA953E000000001A
:10A940008041294200000000806E5A430000000050
:10A95000003B580800000000006889090000000062
:10A960000095BA0A000000000076B0100000000058
:10A9700080C00D160000000080ED3E1700000000B2
:10A980008047A11900000000000B6B1B00000000B5
:10A9900080FB651E000000008028971F000000005B
:10A9A00000EC60210000000080CB78310000000046
:10A9B0000062113200000000008F423300000000EE
:10A9C00000E9A43500000000004307380000000043
:10A9D00000CA9A3B0000000080BA953E00000000CB
:10A9E00080E7C63F00000000806E5A430000000070
:10A9F00080C3C9010000000000F2052A0100000028
:10AA000000B4F1350100000000B1354A010000003A
:10AA1000803E9A8701000000004827AD0100000039
:10AA2000000757CD0100000080C764E3010000006B
:10AA300080E3B2F101000000005B41F8010000007A
:10AA400080FF00000200000080CF1313020000000E
:10AA500080B009190200000000BD522A0200000067
:10AA6000009B8C44020000000022204802000000ED
:10AA7000802042520200000000D06C7502000000ED
:10AA80008063498A0200000000AEA68F0200000029
:10AA900080C3C9010000000000F2052A0100000087
:10AAA00000B4F13501000000001C7B3F01000000F4
:10AAB00000DE664B0100000000FAB45901000000FE
:10AAC00080E7F3700100000000C70B810100000067
:10AAD00000108B9001000000006475BB01000000B5
:10AAE0000042AFD501000000801E0BFA01000000FB
:10AAF00080678A090200000080EB612102000000EB
:10AB00000036BF2602000000805B9A5A0200000057
:10AB1000803C90600200000080DF71720200000043
:10AB20008063498A0200000000AEA68F0200000088
:10AB30001027000000000000204E00000000000070
:10AB400060EA000000000000400D0300000000006B
:10AB5000801A060000000000C02709000000000065
:10AB600080841E0000000000404B4C0000000000EC
:10AB700080C3C90100000000000E2707000000008C
:10AB800000C2EB0B0000000000D012130000000018
:10AB90000084D717000000008074D21A0000000063
:10ABA0000065CD1D000000008082F921000000003A
:10ABB0000027B9290000000000DB7D2E0000000006
:10ABC0008025DB330000000000E9A4350000000010
:10ABD000C0FB0D310000000080AC6E3700000000AB
:10ABE000004307380000000080D99F3800000000B3
:10ABF00080E7C63F000000000005F34300000000AE
:10AC00000005F343000000000005F34300000000CE
:10AC10000005F343000000000005F34300000000BE
:10AC20000005F343000000000005F34300000000AE
:10AC30000005F343000000000005F343000000009E
:10AC40000005F343000000000005F343000000008E
:10AC50000005F343000000000005F343000000007E
:10AC60000005F343000000000005F343000000006E
:10AC700000811B2C000000008044E52D0000000036
:10AC80000035E0300000000000BC7334000000001C
:10AC9000004307380000000000F7CB3C0000000034
:10ACA00080E7C63F0000000000AB904100000000BC
:10ACB0000005F3430000000080221F480000000050
:10ACC000804F5049000000008003154E0000000036
:10ACD00000C7DE4F0000000000D50557000000004F
:10ACE000003D8F60000000000097F162000000004E
:10ACF00000F153650000000080E14E680000000094
:10AD000000A5186A000000000094357700000000DC
:10AD10001027000000000000307500000000000057
:10AD20008038010000000000400D0300000000001A
:10AD3000801A06000000000080841E000000000051
:10AD4000404B4C000000000000497F0F0000000055
:10AD50000027B9290000000080BA953E00000000DD
:10AD600000E32C5E00000000009CE4A60000000050
:10AD700080327DA700000000001A44E700000000B8
:10AD800000C5D4280100000080FB924F01000000A4
:10AD900000F43C820100000080D3549201000000C6
:10ADA00000863BA10100000000EB08BF010000008D
:10ADB000605002087050020894500208B050020817
:10ADC000F4500208085102082C5102083C510208B4
:10ADD0005C5102088C510208AC51020800000000CE
:10ADE0000000000074F53B42BAFAD54200000000B2
:10ADF0000000000000000000000000000000803F94
:10AE00000000803F0000803F0000803F2DF9643E3D
:10AE100058E2213F6F12833A00000000000000005A
:10AE20000000000000000000E3C8EB3DE3C8EB3D7C
:10AE3000E3C86B3EFFF880088008800899C8A52801
:10AE400091288928A52899C840084008C00880088A
:10AE500055587FF8B800B800B800B800B800B8007E
:10AE6000B800C000C000C000C000C000C000C000EA
:10AE7000C800C800C800C800C800C800C800D0008A
:10AE8000D000D000D000D000D800D800D800D80022
:10AE9000E000D800E000E000E000E000E000E800B2
:10AEA000E800E800E800F000E800F000F000F00042
:10AEB000F000F000F800F800F800F800F800F800E2
:10AEC000F800F840F860F860F860F8A0F8A0F8A082
:10AED000F8C0F900F900F900F920F960F941F940EA
:10AEE000F9A1F9A1F9A1F9A1FA01FA01F9E1FA210F
:10AEF000FA41FA42FA41FA81FAA2FA82FAA1FAE296
:10AF0000FAE2FAE2FB22FB22FB42FB22FB42FB823B
:10AF1000FBA2FBA2FC02FC22FC02FC41FC82FC81A5
:10AF2000FC81FCC1FCE1FCE1FCE1FD61FD61FD6136
:10AF3000FD81FDC1FDC1FDC1FE01FE41FE21FE41BD
:10AF4000FEA0FEA0FEA0FEC0FF20FF20FF00FF40ED
:10AF5000FF80FF80FF80FFC0FFE0FFE0FFE0FFE237
:10AF6000FFE2FFE3FFE4FFE6FFE5FFE5FFE8FFE9BF
:10AF7000FFE8FFE8FFEBFFEBFFEBFFEDFFEFFFEE7E
:10AF8000FFEEFFF1FFF1FFF1FFF1FFF5FFF4FFF43A
:10AF9000FFF6FFF7FFF7FFF7FFF9FFFBFFFAFFFBF5
:10AFA000FFFDFFFEFFFDFFFEFFFFFFFFFFFFEFBF07
:10AFB000E79FE79FE79FD73FCF3FD73FCF1FB6FF22
:10AFC000BEFFBEFFAEBFA69FA69FA69F8E3F8E3F31
:10AFD0008E5F8E3F7DDF75FF7DFF75BF659F659F2F
:10AFE00065BF555F4D5F4D5F555F34DF3CFF3CFFF4
:10AFF00034DF249F24BF249F249F1C5F1C3F1C3FE1
:10B000001BDD1BDD1BDD1BBD135C135C137C131BE5
:10B0100012FB12FB12FB0A9A0A9912990A790A1872
:10B020000A180A3809D709B709B709B701560155EF
:10B030000155013500D400D400D40093007300738F
:10B040000073001200120012001100110011001113
:10B05000001000100010000000007FC07FC07FC003
:10B060007FC07FC07FC07FC07FC07FC03F801F0088
:10B070000E000400FFE0802086208E20962086208F
:10B0800086208620862086204F40208011000A00DE
:10B09000FFE080208F2099A099A081A083208E209E
:10B0A000982098205F40208011000A00FFE0802057
:10B0B0009F20B1A0B1A081A0872081A0B1A0B1A0A4
:10B0C0005F40208011000A00FFE08020832087205D
:10B0D0008F209B20B320B320BFA08320434020803B
:10B0E00011000A00FFE08020BFA0B020B020BF20E8
:10B0F000B1A081A081A0B1A05F40208011000A0012
:10B10000FFE080209F20B1A0B020B720B9A0B1A05F
:10B11000B1A0B1A05F40208011000A00FFE08020B4
:10B12000BFA0B1A081A0832086208C208C208C2001
:10B130004C40208011000A00FFE080209F20B1A039
:10B14000B1A09F20B1A0B1A0B1A0B1A05F4020806C
:10B1500011000A00000000001412020000000000AC
:10B16000481A020000000000C03307000000000081
:10B17000184F07000000000040771B00000000008F
:10B1800080841E0000000000E06735000000000021
:10B19000C0FB390000000000D01B50000000000080
:10B1A0001029530000000000C0CF6A00000000001A
:10B1B00000DD6D0000000000201D9A00000000006E
:10B1C00070E09A0000000000809FD50000000000A1
:10B1D000B0F6DA000000000020B213010000000009
:10B1E000C038150100000000406F40010000000061
:10B1F000104D47010000000090CA7B0100000000D4
:10B2000030517D0100000000003FAB010000000054
:10B21000A02FC5010000000080F0FA02000000002D
:10B220000075190300000000801D2C0400000000C0
:10B23000A0BE330400000000004495080000000098
:10B24000004DD2080000000080733B0D000000009C
:10B25000403A690D0000000000B10819000000002C
:10B260008074D21A00000000806DC3350000000019
:10B27000002850370000000000E6E8490000000008
:10B28000006D7C4D000000000037178900000000B1
:10B2900080CDAF89000000008081748E0000000026
:10B2A00080080892000000000001B2C40000000005
:10B2B00000C39DD0000000008028C45001000000A1
:10B2C000405328610100000000E40B54020000001C
:10B2D0000049D971020000000050464E4D000000A8
:10B2E000004B00000096000000E1000000C20100D9
:10B2F000008403000008070000100E0000201C005E
:10B3000080841E00C0C62D00000000000000000068
:10B3100005000000F1B0010805000000F1B00108CF
:10B3200005000000F1B0010800000000000000006E
:10B33000000000000000000000000000000000000D
:10B3400000000000000000000000000000000000FD
:10B3500015000000F1B0010800000000000000002E
:10B36000000000000000000015000000F1B001081E
:10B3700000000000000000000000000000000000CD
:10B3800000000000000000000000000000000000BD
:10B3900000000000000000000000000000000000AD
:10B3A000000000000000000000000000000000009D
:10B3B000000000000000000000000000000000008D
:10B3C000000000000000000000000000000000007D
:10B3D000000000000000000000000000000000006D
:10B3E000000000000000000000000000000000005D
:10B3F000000000000000000000000000000000004D
:10B40000000000000000000000000000000000003C
:10B4100000000000000000003FF02010201020106D
:10B420002010201020102010201020103FF03FF09E
:10B43000200820182030206028D02D9027102210BE
:10B4400020103FF03FF8200823E826682C682C687D
:10B450002FE82C682C6820083FF83FF820082C685B
:10B460002C682EE82FE82D682D682C6820083FF8FE
:10B47000000007800840102020102010201020100D
:10B480001020084007800000078008401320279004
:10B490002FD02FD027901320084007803851020862
:10B4A000D0510208D4510208D8510208DC510208D8
:10B4B000E0510208E4510208E8510208EC51020888
:10B4C000F0510208245202082852020830520208A1
:10B4D0000C50020838520208405202085C5A020816
:10B4E0004452020844520208445202080C50020816
:10B4F00038520208405202085C5A02080200705298
:10B500000208710102080205805202087101020856
:10B510000203905202087101020802049C520208C0
:10B52000710102080200A852020821EF0108020579
:10B53000B852020821EF01080204C852020821EFA4
:10B5400001080201D452020831EF01080100E05263
:10B55000020860B502080000000000005CBE02089E
:10B560000300E8520208919D01080300F45202080A
:10B57000719D01080100FC52020888B50208000014
:10B58000000000005CBE02080300A8520208519DA2
:10B5900001080300D4520208319D01080000000098
:10B5A00000005CBE0208000006000C530208000008
:10B5B0000000060118530208000000000602245390
:10B5C00002080000000006033053020800000000DB
:10B5D00006043C5302080000000003004853020820
:10B5E00041DE010801005453020884BD0208010035
:10B5F0005853020864BD020803005C53020871043A
:10B600000208020268530208E1F601080000000087
:10B6100000005CBE0208000001007853020814BD5F
:10B62000020802008453020821030208010090531B
:10B6300002083CBD020801009C530208D8B602086B
:10B640000610A4530208000000004300B45302088F
:10B65000010302080100B853020874B6020803008F
:10B66000C0530208C10202080000000000005CBED6
:10B67000020800000300CE7F0208D1010208030186
:10B68000C8530208D10102080302D0530208D101B5
:10B69000020803FE0000000001F801080304D8536B
:10B6A0000208D10102080306E4530208D10102088E
:10B6B000063EF053020800000000030A005402088E
:10B6C000D1010208030B08540208D101020800004E
:10B6D000000000005CBE0208030024520208C1FB07
:10B6E0000108030128520208C1FB0108030230527D
:10B6F0000208C1FB0108030438520208C1FB01081B
:10B70000030540520208C1FB010803061454020855
:10B71000C1FB010803030C500208C1FB0108000033
:10B72000000000005CBE020803001C54020821A7B0
:10B730000108030100000000E1030208030128548E
:10B740000208A103020803013454020841EA010877
:10B750000613405402084C540208010060540208C9
:10B7600088C3020801007054020804BB02080300E9
:10B7700080540208E1A6010801009054020868B84C
:10B7800002080000000000005CBE02080300246103
:10B790000208510C02080301A0540208510C0208CF
:10B7A0000302A8540208510C020803030000000021
:10B7B000510C02080304B0540208510C020803059E
:10B7C00000000000510C02080100BC540208F0B750
:10B7D00002080306CC540208510C02080201D85496
:10B7E0000208710102080000000000005CBE0208AF
:10B7F0000B400000000021FC0108000000000000D8
:10B800005CBE02080300E4540208F1A301084300EF
:10B81000F0540208D1A301080300FC54020821F0EF
:10B82000010806170C550208205502080632585523
:10B8300002086855020802007455020811E901085F
:10B8400001008455020838C302080100905502081F
:10B85000E4B902080100A4550208F8C0020800007B
:10B86000000000005CBE020802019054020891032F
:10B8700002080200B455020891030208000000000B
:10B8800000005CBE020800000639C4550208000032
:10B8900000000638D4550208000000000000000037
:10B8A00000005CBE020800000200E4550208A1FF8F
:10B8B00001080201F0550208A1FF01080205FC552C
:10B8C0000208A1FF01080000000000005CBE0208A1
:10B8D0000BA004560208B1A60108000000000000F9
:10B8E0005CBE02080300FC81020801060208030195
:10B8F000085602080106020803021456020801064F
:10B90000020803031C560208010602080304285615
:10B9100002080106020803052C5602080106020867
:10B9200003063856020801060208010048560208BC
:10B9300040B902080000000000005CBE02080000E0
:10B94000030788810208010602080308505602080E
:10B950000106020803095456020801060208030AF8
:10B9600058560208010602084310685602080106EC
:10B97000020841007056020804C2020800000000DC
:10B9800000005CBE0208000003008056020801E1CE
:10B99000010803008C560208E1E0010803009856F4
:10B9A0000208C1E001080300A4560208A1E0010852
:10B9B0000300B056020871E001080637BC560208C1
:10B9C000CC5602080635E4560208577802080636B7
:10B9D000F0560208577802080000000000005CBE24
:10B9E000020800000608FC56020808570208010079
:10B9F00028570208DCBA02080100385702084CBA7E
:10BA0000020801004857020818BA020800000000A6
:10BA100000005CBE02080000020858570208D1D995
:10BA20000108020964570208D1D90108020A7457B3
:10BA30000208D1D90108020B84570208D1D90108A4
:10BA40000000000000005CBE0208000002009457E5
:10BA50000208D1E501080201A0570208D1E501085A
:10BA60000202B0570208D1E501080203C0570208DC
:10BA7000D1E501080204D4570208D1E50108020506
:10BA8000E4570208D1E501080206F8570208D1E59B
:10BA90000108020708580208D1E50108000000006B
:10BAA00000005CBE020800008B770000000091E3FC
:10BAB0000108810048560208C8BA020800000000C8
:10BAC00000005CBE020800008B6E0000000091E3E5
:10BAD00001080000000000005CBE020803001C58C2
:10BAE000020811E8010803002858020831E701089C
:10BAF00003003458020831E601080000000000008D
:10BB00005CBE02080300C853020861030208030177
:10BB1000445802086103020803024C5802086103FA
:10BB2000020803035458020861030208061564580A
:10BB30000208745802080616885802087458020849
:10BB40000000000000005CBE02080000060A9858D1
:10BB50000208A45802080614B8580208A45802089B
:10BB60000000000000005CBE020800000300FC8131
:10BB7000020861A301080302D451020861A301086D
:10BB80000303C458020861A301080304C85802084B
:10BB900061A301080305D851020861A30108000050
:10BBA000000000005CBE02080100CC58020854BC32
:10BBB00002080100DC58020804BC02080100E85831
:10BBC0000208B0BC02080301F8580208D1A4010819
:10BBD000030208590208D1A4010803040859020805
:10BBE000D1A40108030608590208D1A401080308DA
:10BBF00008590208D1A401080000000000005CBE42
:10BC000002080000020014590208E1F601080201CE
:10BC10001C590208E1F60108020224590208E1F663
:10BC20000108020330590208E1F6010802043859FC
:10BC30000208E1F601080000000000005CBE0208F6
:10BC40000B814459020841F6010800000000000081
:10BC50005CBE020803005059020851DC01080302CF
:10BC60005C59020851DC010803046859020851DCE0
:10BC7000010803207059020851DC010803087C59AF
:10BC8000020851DC010803108859020851DC010840
:10BC9000010098590208B0BC02080240A0590208ED
:10BCA000E1F501080000000000005CBE0208000091
:10BCB0000204A8590208A1A501080200B859020807
:10BCC000A1A501080201C4590208A1A501080202A8
:10BCD000D0590208A1A501080203DC590208A1A558
:10BCE00001080300E859020891E90108032070598E
:10BCF000020851DC01080300F4590208410002085F
:10BD0000060D045A0208105A020800000000000044
:10BD10005CBE02080300CE7F0208F1FB01080605A5
:10BD20001C5A0208000000000400285A0208000003
:10BD300000000000000000000000000003004F862B
:10BD40000208D1FA010846071C5A0208305A0208B4
:10BD5000231E3C5A020891FA0108800000000000EE
:10BD60005CBE02080300485A0208F1F901080B51B1
:10BD7000545A0208F1F901080000000000005CBEFE
:10BD8000020800000300605A020851FA01080B91F2
:10BD9000705E020851FA01080000000000005CBE5D
:10BDA000020800000304685A0208B1F30108030303
:10BDB000705A0208B1F301080302705A0208B1F385
:10BDC00001080301705A0208B1F301080300705A18
:10BDD0000208B1F301080000000000005CBE020888
:10BDE0000300785A020801FE01080B410000000020
:10BDF00001FE01080365885A020841FD0108030895
:10BE0000B8520208B19D01080205985A0208710152
:10BE100002080100A85A020828BE0208000000001B
:10BE200000005CBE020800000300B05A020841FD99
:10BE300001080B410000000041FD01080205C45A41
:10BE4000020821EF01080364D05A020841FD0108ED
:10BE50000000000000005CBE020800000400285A38
:10BE600002080000000000000000000000000000C8
:10BE700028002C01A000144D18012C01A000144D25
:10BE8000B8012C012800141100002C012800140C0A
:10BE900000000000A0001E05E45A0208E85A02084B
:10BEA000EC5A0208F05A0208F45A0208F85A02083A
:10BEB000FC5A0208005B0208424D7AB00400000000
:10BEC00000007A0000006C000000E001000040016A
:10BED0000000010010000300000000B00400C40EC8
:10BEE0000000C40E0000000000000000000000F888
:10BEF0000000E00700001F000000000000004247B3
:10BF0000527300000000000000000000000000006C
:10BF10000000000000000000000000000000000021
:10BF20000000000000000000000000000000000011
:10BF300000000000190032006400C8002201C201A4
:10BF4000000064001E000A0003000100CE7F02080A
:10BF5000EC510208145B0208185B02081C5B020823
:10BF6000205B0208245B02082C5B0208345B020899
:10BF70003C5B0208000002000A001E0064002C0165
:10BF8000E803B80B70173421FC810208445B0208F7
:10BF90004C5B0208545B02085C5B0208645B0208AD
:10BFA000685B0208705B0208E8600208785B0208C0
:10BFB000FC810208805B0208885B0208905B020833
:10BFC000985B0208A05B0208A85B0208B05B02084D
:10BFD000B85B0208C05B0208C85B0208D45B0208B9
:10BFE000DC5B0208E45B0208F05B02080000000072
:10BFF00002000000FC81020850500208145602089A
:10C00000FC5B020828560208005C0208085C020873
:10C01000888102085056020854560208645F0208DC
:10C02000105C0208185C0208205C0208285C020808
:10C03000305C0208385C020883003C5C020851F264
:10C0400001088301585C020851F2010881FF785C05
:10C050000208D4C202088000000000005CBE020892
:10C060008300805C020851F2010883019C5C020895
:10C0700051F2010881FF785C0208D4C202088000F6
:10C08000000000005CBE02080300BC5C0208619E68
:10C0900001080300B4530208319E01084300C05C4C
:10C0A0000208119E01084300C45C0208E19D0108DA
:10C0B0004609D05C0208DC5C0208060CE85C020859
:10C0C000F45C020806240C5D0208185D02080100F9
:10C0D000245D02084CBB02084100305D0208A4BD8B
:10C0E000020801004856020838C202080000000099
:10C0F00000005CBE0208000003003C5D020801F085
:10C10000010803004C5D0208D1EF01080300585DEF
:10C110000208A1EF010803006C5D020861EF01084D
:10C120000100085602086CBB0208060E785D020882
:10C13000885D02080633A05D0208A85D02080202BD
:10C14000C45D020821EF01080300D45D020821A2AA
:10C1500001080300E05D020831E30108000000006F
:10C1600000005CBE020800008603EC5D0208C87097
:10C170000020C612F85D02080C5E02088613145EE9
:10C180000208245E02088100345E020874C30208BB
:10C190008000000000005CBE020800008300445ED6
:10C1A000020861DA01088300605E020801DA010812
:10C1B0008202785E0208E1F30108800000000000BE
:10C1C0005CBE020885008C5E02080000000082014F
:10C1D000A05E0208E1F301088000000000005CBEE0
:10C1E000020800008501AC5E020801DA0108820342
:10C1F000A05E0208E1F301088000000000005CBEC0
:10C2000002080000030BCC5E020801060208030CC2
:10C21000E05E020801060208030DF05E0208010656
:10C220000208030E045F0208010602080000000075
:10C2300000005CBE020800000625145F0208245FAF
:10C2400002080626305F0208B05802080621805D09
:10C250000208405F02080622485F0208545F020895
:10C260000623645F0208605F02080300685F02083B
:10C27000719901080100085602086CBB0208010010
:10C280004856020888B902080000000000005CBEA1
:10C29000020800000201745F020801F501080200B3
:10C2A000785F020801F501080000000000000000AE
:10C2B000000000008B700000000091E30108810085
:10C2C00048560208A8BA02080000000000005CBE40
:10C2D000020800000100805F0208A8B802080202FC
:10C2E000885F0208A1FF01080204945F0208A1FF11
:10C2F00001080203A05F0208A1FF010803004F86A6
:10C300000208A1F10108060FA85F0208B85F020841
:10C310000300C45F0208D1F001080100D85F0208E1
:10C3200088B802080100E45F020804B802080000AF
:10C33000000000005CBE02080300EC5F020891A34D
:10C3400001080304F05F020891A301080100F85FEF
:10C350000208D0B802080000000000005CBE02081D
:10C360000B810860020881F5010800000000000050
:10C370005CBE02088B601460020811A40108000072
:10C38000000000005CBE02080B601460020811A4EB
:10C3900001080000000000005CBE02088B804F8690
:10C3A000020841F401088000000000005CBE0208A1
:10C3B0000300FC810208B1050208030120600208A5
:10C3C000B105020803022C600208B105020803034C
:10C3D00038600208B1050208030444600208B10590
:10C3E000020803054C600208B10502080306685BF9
:10C3F0000208B1050208030754600208B1050208EB
:10C40000030860600208B105020800000000000097
:10C410005CBE02080B800000000011DF0108030071
:10C42000706002089199010802077860020821EF04
:10C430000108020784600208710102080000000080
:10C4400000005CBE02080000062B0C53020890603E
:10C450000208062C1853020898600208062D24537F
:10C460000208A0600208062E30530208A8600208E5
:10C47000062FB06002088A8402080630BC600208F9
:10C48000C86002080200D060020841FB01080000F9
:10C49000000000005CBE02080B800000000051DDBF
:10C4A00001080206D860020821EF01080206E460D4
:10C4B0000208710102080000000000005CBE0208D2
:10C4C0000629F060020800610208062AB06002082E
:10C4D0008A8402080200D060020851F901080000B5
:10C4E000000000005CBE02080B500000000061FC70
:10C4F00001080000000000005CBE02080B4024613F
:10C50000020841F501080000000000005CBE0208BE
:10C510000B4024610208D1FC01080000000000006B
:10C520005CBE020803FF0C61020801F801080B4021
:10C530001C61020801F801080000000000005CBE58
:10C540000208000003003061020821A70108010071
:10C5500038610208E0BD0208010080840208A8B525
:10C5600002080100E062020818B602080100DC546B
:10C5700002088CB7020801004061020828B70208CF
:10C58000010048610208A8BB0208010050610208CE
:10C59000E4B80208010058610208FCB40208010076
:10C5A000E0520208D4C2020801006061020820C6FD
:10C5B0000208000000000000000000008500686123
:10C5C00002080000000083000000000041A40108F0
:10C5D000C3018881020841A401088305505602085E
:10C5E00041A4010886197461020880610208861F4F
:10C5F0008C6102089C610208861EA4610208B86171
:10C6000002088300C8610208019901088300D8610B
:10C61000020821F401088000000000005CBE02084E
:10C620009320E861020881F401089333FC61020859
:10C6300081F4010893511062020821DC0108800096
:10C640000000000000000000830028620208A1A48E
:10C6500001088602B4140020C8700020861A4462C3
:10C660000208C814002083000000000081DB0108DC
:10C67000830000000000C1DA010883000000000010
:10C6800051A201088610506202086462020881FF0C
:10C690007062020838C2020884006061020800006B
:10C6A00000008000000000000000000083007C62A9
:10C6B0000208A1A401088602B414002098620208AE
:10C6C000860B44620208C8140020830000000000AA
:10C6D00081DB0108830000000000C1DA010883004B
:10C6E0000000000051A20108861050620208646236
:10C6F000020883FFA862020851F201088400606109
:10C70000020800000000800000000000000000009F
:10C7100010CA0208B462020810CA0208BC62020809
:10C7200010CA0208C462020810CA0208CC620208D9
:10C7300010CA0208D4620208A4C90208DC62020816
:10C74000C8C90208E8620208ECC90208905302084E
:10C75000A4C90208F062020810CA020800630208B5
:10C76000ECC902080463020880C9020828570208BD
:10C77000ECC902083C600208ECC902081463020814
:10C7800034CA020820630208ECC9020824630208C4
:10C7900080C9020834630208A4C90208E0620208E2
:10C7A00080C90208406302085CC902084C630208A1
:10C7B000ECC902085C630208ECC902086C63020859
:10C7C000ECC902087C630208ECC902080C55020897
:10C7D00010CA02088C630208ECC9020898630208B8
:10C7E00080C902082857020880C90208A863020805
:10C7F00080C90208B063020880C90208B863020851
:10C8000010CA0208C0630208ECC90208CC6302081F
:10C8100010CA0208D463020880C90208445F0208F3
:10C82000ECC90208585F0208ECC90208645F0208FC
:10C83000ECC90208D863020810CA0208E0630208C3
:10C8400010CA0208EC630208ECC90208F863020887
:10C8500080C90208E062020810CA0208D462020815
:10C86000A4C90208E062020810CA020810640208A3
:10C8700010CA02081C64020810CA020828640208D0
:10C8800010CA020834640208A4C90208E06202085F
:10C8900008C90208406402085CC90208486402082A
:10C8A00010CA02085464020880C9020870560208BF
:10C8B00080C90208E862020810CA0208606402081F
:10C8C00010CA02087064020810CA02087C640208D8
:10C8D000ECC9020888640208ECC902089C640208DA
:10C8E000ECC90208B064020808C9020840640208E2
:10C8F000ECC90208C864020808C9020840640208BA
:10C900005CC90208D06402082801003110322033CB
:10C9100030344035503660377038803990300151AE
:10C920001157214531524154515961557149814F37
:10C930009150024112532244324642475248624AC1
:10C94000724B824C925F032D135A23583343435644
:10C950005342634E734D831A931600001000130A5E
:10C96000030002011202220301041105210600073F
:10C970001008200923103215330C30633163000096
:10C980001000130A03000201120222030104110520
:10C99000210600071008200930163115320B330C20
:10C9A000231000001000130A0300020112022203E8
:10C9B0000104110521060007100820093016311561
:10C9C000320B330C231000001000130A0300020185
:10C9D00012022205012311242125002610272028D8
:10C9E000301731163215330C231000001000130AD3
:10C9F00003000201120222030104110521060007AF
:10CA000010082009331923103063316332630000AA
:10CA10001000130A0300020112022203010411058F
:10CA20002106000710082009300F310E320D330C9B
:10CA3000231000001000130A030002011202220357
:10CA4000010411052106000710082009300E310DE0
:10CA5000320B330C23100000000000007800480067
:10CA6000000060003000300000007FFF4001C00186
:10CA7000C001C001480148014A894AA9CAA9DFFD8D
:10CA8000C00140017FFF000000007FFF4001C001A6
:10CA9000CF8DC8894889488948894889C889D8F983
:10CAA000C00140017FFF000000007FFF4001C08106
:10CAB000C3C1C789471D47B943F947F1CF81DF019A
:10CAC000CE0140017FFF000000007FFF4001C00158
:10CAD000C031C0494085508550855081C901C6018B
:10CAE000C00140017FFF00000000000000000001C5
:10CAF0000001000100000000000000000001000132
:10CB0000000100000000000000000000006000398B
:10CB10000FFF00390060000000000000000100016C
:10CB20000001000000000000000000000000000103
:10CB300000010001000000000000006000390FFF4C
:10CB4000003900600000000000000000000000014B
:10CB500000010001000000000000018007010FFF3C
:10CB600007010180000000000000000001800701B3
:10CB70000FFF07010180000000000000000100011C
:10CB80000001000000000000000000000030003D37
:10CB900003FF043D0830100010000830043D03FF7F
:10CBA000003D003000000000080049002A00080095
:10CBB000F78008002A004900080000001400000067
:10CBC000000000002000000000000000FEFE7C3895
:10CBD0001000000001002800B00100B1010AB401FA
:10CBE00002B60302023BB701C6C0021715C10141DC
:10CBF000C5030012803601283A01555101FFF704A0
:10CC0000A9512C82110029000000FFFF0203FF043C
:10CC100010808080091A0001000D0000000002B1A0
:10CC2000A0092A0001000D0000000002128002117C
:10CC300080020306000000000FF03FFC7FFE7C3EF8
:10CC4000F81FF00FF00FF00FF00FF00FF00FF00FD4
:10CC5000F00FF00FF00FF00FF00FF81F7C3E7FFE8B
:10CC60003FFC0FF000F001F003F007F00FF00FF0C1
:10CC70000EF00CF000F000F000F000F000F000F01A
:10CC800000F000F000F000F000F003FC03FC03FCF7
:10CC90000FF03FFC7FFE7C3EF81FF00FF00F001FEF
:10CCA000003F007E00FC01F803F007E00FC01F808A
:10CCB0003F007E00FC00FFFFFFFFFFFF0FF03FFC87
:10CCC0007FFE7C3EF81FF00FF00F001E003E01FCBF
:10CCD00001F801FC007E001F000FF00FF00FF81F9D
:10CCE0007C3E7FFE3FFC0FF001F801F803F803F8EB
:10CCF00007F807F80FF80F781F781E783E783C7811
:10CD00007C787878F878FFFFFFFFFFFF00780078E5
:10CD100000780078FFFFFFFFFFFFF000F000F00059
:10CD2000F000F7F0FFFCFFFEFC3EF81F000F000FC5
:10CD3000000F000FF00FF81F7C3E7FFE3FFC0FF04E
:10CD40000FF03FFC7FFE7C3EF81FF00FF000F0007C
:10CD5000F7F0FFFCFFFEFC3EF81FF00FF00FF00FA6
:10CD6000F00FF81F7C3E7FFE3FFC0FF0FFFFFFFF40
:10CD7000FFFF001F003E007C00F801F001E003E02F
:10CD800003C007C0078007800F800F000F000F004F
:10CD90000F000F000F000F0007E01FF83FFC7C3E64
:10CDA000781E781E781E3C3C1FF80FF03FFC7C3E3E
:10CDB000781EF00FF00FF00FF00FF81F7C3E7FFE93
:10CDC0003FFC0FF00FF03FFC7FFE7C3EF81FF00FA2
:10CDD000F00FF00FF00FF81F7C3F7FFF3FFF0FFFBA
:10CDE000000F000FF00FF81F7C3E7FFE3FFC0FF09E
:10CDF0000000000000000000000000000000000033
:10CE00000000000000000000000000000000000022
:10CE10000000038007C007C003800000000000007E
:10CE20000000000000000000000000000000000002
:10CE30003FFC3FFC3FFC3FFC000000000000000006
:10CE4000000000000000000000030007000F001FAA
:10CE5000003F007F000F000F000F60CFF1EF7BCF8E
:10CE60003F8F1F0F1F0F3F8F7BCFF1EF60CF000F62
:10CE7000000F000FF000F000F000F000F000F000F4
:10CE8000F03EF07CF0F8F1F0F3E0F7C0FF80FF0037
:10CE9000FF00FF80F7C0F3E0F1F0F0F8F07CF03E27
:10CEA000F00FF00FF81FF81FFC3FFC3FFE7FFE7FE6
:10CEB000FFFFFFFFFFFFFFFFF7EFF7EFF3CFF3CF2A
:10CEC000F18FF18FF00FF00FF00FF00F0FF03FFC2C
:10CED0007FFE7C3EF81FF00FF00FF00FF000F00027
:10CEE000F000F000F03FF03FF03FF007F00FF81FC8
:10CEF0007C3F7FFF3FF70FE700000000004000C0CD
:10CF000001C003C007C00FFF1FFF3FFF7FFFFFFFF0
:10CF10007FFF3FFF1FFF0FFF07C003C001C000C01E
:10CF200000400000000000000000000000001E3C67
:10CF30003F7E73E661C3E1C3C183C183C183C18303
:10CF4000C387C38667CE7EFC3C78000000000000EB
:10CF5000000000000000077C077E0366036603668E
:10CF6000036603663B7C7F7EE767C363C363C3637B
:10CF7000C363C363C363E7677F7E3B7C000000003D
:10CF800003800380038003803FF83FF83FF803806D
:10CF9000038003800380000000003FF83FF83FF863
:10CFA000000000000000000000007BDE7BDE7BDE76
:10CFB0007BDE00007BDE7BDE7BDE7BDE00007BDE5B
:10CFC0007BDE7BDE7BDE00007BDE7BDE7BDE7BDEF2
:10CFD0000000000000000000000000000000000051
:10CFE00000000000EE1CFF3EFFFFFFFFF3CFF3CF7A
:10CFF000F3CFF3CFF3CFF3CFF3CFF3CFF3CFF3CF21
:10D00000000000000000000000000000F01EF01E04
:10D01000F01EF01EF01EF01EF01EF01EF83EFC7E0C
:10D02000FFFEFFFFF7CFF387F000F00000000000E5
:10D03000000000000000000000000000F1F0F7FC1C
:10D04000FFFEFE3EFC1FF80FF00FF00FF00FF00F89
:10D05000F00FF00FF00FF00F0000000000000000D4
:10D0600000000000F3F0F7FCFFFEFE1FFC0FF807C6
:10D07000F807F807FC0FFE1FFFFEF7FCF3F0F000C7
:10D08000F000F000F45F8644F54484C4F4440000EA
:10D090000000000F000F000F000F000F000F000F27
:10D0A000180F380F7FFFFFFFFFFF7FFF38001800CA
:10D0B00000060646FEFE40022020505088F884C03C
:10D0C000E0F0E0C080006CB2929A6C00022040F860
:10D0D000402000022010F810200002F8505050505C
:10D0E0009802008888D8A880728888885050D863B1
:10D0F00090906000000004000000000000454040E7
:10D1000040400040505050000000005250F850F88D
:10D1100050502278A07028F020C2C81020409818E3
:10D1200002205060A8906864408000000000244005
:10D130008080804020844020202040800220A870F1
:10D14000A82000022020F820200005000000C04098
:10D1500080030000F00000000500000000C0C024B3
:10D1600020404040808063909090909060236020A9
:10D1700020202070639010204080F0639010601099
:10D18000906093909090F01010F380E010109060F9
:10D19000639080E0909060F31020204040406390C6
:10D1A00090609090606390907010906004C0C00098
:10D1B000C0C00004606000604080032040804020C8
:10D1C000000300F000F00000038040204080006376
:10D1D0009010204000406390B0B0808070639090C9
:10D1E00090F09090E39090E09090E0639080808049
:10D1F0009060E39090909090E0F38080E08080F0E9
:10D20000F38080E0808080639080B09090709390F5
:10D2100090F0909090E44040404040E07310101037
:10D22000109060939090E0909090838080808080B8
:10D23000F08AD8A8A8A888889390D0B090909063DE
:10D24000909090909060E39090E0808080639090C8
:10D250009090A050E39090E0909090639080601048
:10D260009060FA2020202020209390909090907041
:10D27000939090909060608A8888A8A8A8508A8827
:10D2800050205088888A888850202020F310204021
:10D290008080F0E48080808080E084804040402076
:10D2A00020E42020202020E044A000000000000313
:10D2B0000000000000F8C4402000000000030070DF
:10D2C0009090B0508380A0D09090E0030070808058
:10D2D0008070131050B090907003006090F08070D8
:10D2E000235040E040404003007090701060838005
:10D2F000A0D09090904400C0404040E02400202006
:10D3000020A040838090A0C0A090C44040404040F6
:10D31000E00200F0A8A8A8A80300A0D09090900375
:10D320000060909090600300E09090E080030070B7
:10D33000909070100300A0D0808080030070806007
:10D3400010E04340E0404040300300909090B050E7
:10D350000300909090606002008888A8A8500300A5
:10D360009090609090030090907010E00300F02087
:10D370004080F02440408040402024202020202075
:10D380002084404020404080030050A00000000066
:10D39000000000700070007000700070007010706D
:10D3A00030707FF0FFF07FF03000100000000600CA
:10D3B00006000F000F000F001B801B8031C031C022
:10D3C00060E060E060E0FFF000058000C000E00089
:10D3D000F000F800FC00FE00FC00F800F000E000A7
:10D3E000C00080000000000039C07FE0EE70CE3049
:10D3F000C630C730E7707FE039C000000000000091
:10D400000004000000000000100030007000FF0069
:10D41000FF00700030001000000000000004000059
:10D420000000000008000C000E00FF00FF000E00CE
:10D430000C000800000000000001000000000000D7
:10D440007FE0FFE0B18031803180318031803180F8
:10D45000E1F0E1E0000000000000000071C071C0D8
:10D4600071C071C071C073D07EE06000E000E00068
:10D470000F003FC070E0E070E070E070E070E070BE
:10D48000E07070E039C09990F9F0F9F01C043E00AA
:10D490006300630063003E001C0000000000000009
:10D4A0000000000000000000000700000000000075
:10D4B000000000000000000000000000000000006C
:10D4C0000000000030073000780078007800780015
:10D4D00030003000300030000000300078003000B4
:10D4E000660566006600660044000000000000005B
:10D4F00000000000000000000000000000023300F7
:10D5000033003300FFC0FFC033003300FFC0FFC053
:10D5100033003300330000003E036B00C900C90034
:10D52000E80078003C000E000B00098089808980AB
:10D53000CB007E0070108830886088C089807300BE
:10D5400006000CE0191031106110C11080E00000DD
:10D550001E0031003100310032001CF018602C40F8
:10D560004E80C700C300C390E5F0786038073800EC
:10D57000380038000000000000000000000000003B
:10D58000000000000000000000070000180030004C
:10D590006000C000C000C000C000C00060003000DB
:10D5A0001800000000070000C000600030001800F4
:10D5B000180018001800180030006000C0000000BB
:10D5C0000004000000001000D600D6003800D6008D
:10D5D000D600100000000000000000000004000061
:10D5E0000000180018001800FF00FF0018001800C5
:10D5F000180000000000000000070000000000000C
:10D600000000000000000000000000006000F000CA
:10D610007000E000000400000000000000000000B6
:10D62000FF00FF00000000000000000000000000FC
:10D6300000070000000000000000000000000000E3
:10D640000000000000006000F00060000004000026
:10D650000000010003000600180018003000600000
:10D66000C0008000000000003F027F80F3C0E1C0E6
:10D67000E1C0E1C0E1C0E1C0E1C0E1C0E1C0F3C090
:10D680007F803F0038057800F800F8003800380047
:10D69000380038003800380038003800FE00FE003E
:10D6A0003F027F80F3C0E1C001C003C007800F00CC
:10D6B0003C007800F000F000FFC0FFC03F027F8018
:10D6C000F3C0E1C001C003C01F801F8003C001C0C0
:10D6D000E1C0F3C07F803F00E382E380E380E3802A
:10D6E000E380E380E380E380E380FFC0FFC003804A
:10D6F00003800380FFC2FFC0E000E000E000FF0005
:10D70000FF80E3C001C001C0E1C0F3C07F803F00E3
:10D710003F027F80F3C0E1C0E000EF00FF80F3C074
:10D72000E1C0E1C0E1C0F3C07F803F00FFC2FFC0A5
:10D73000E1C001C001C003C007800F001E001C0033
:10D740001C001C001C001C003F027F80F3C0E1C0D5
:10D75000E1C0F3C07F807F80F3C0E1C0E1C0F3C0CF
:10D760007F803F003F027F80F3C0E1C0E1C0E1C0A5
:10D77000F3C07FC03DC001C0E1C0F3C07F803F0067
:10D78000000700006000F0006000000000000000E2
:10D7900000006000F00060000000000000070000D2
:10D7A0006000F00060000000000000000000600069
:10D7B000F0003000600000000002000000C00380A4
:10D7C0000E003800E000E00038000E00038000C0CA
:10D7D000000000000002000000000000FFC0FFC0C9
:10D7E00000000000FFC0FFC00000000000000000BB
:10D7F00000020000C00070001C00070001C001C052
:10D8000007001C007000C000000000003F027F8085
:10D81000F3C0E1C001C001C0038007000E001C007E
:10D820001C0000001C001C000F0030C0402086902F
:10D8300089909090909090909090899086E0400090
:10D8400030000F000C021E003F007F80F3C0E1C0DB
:10D85000E1C0E1C0FFC0FFC0E1C0E1C0E1C0E1C084
:10D86000FF02FF80E3C0E1C0E1C0E3C0FF80FF80B2
:10D87000E3C0E1C0E1C0E3C0FF80FF003F027F8062
:10D88000F3C0E1C0E000E000E000E000E000E00004
:10D89000E1C0F3C07F803F00FF02FF80E3C0E1C032
:10D8A000E1C0E1C0E1C0E1C0E1C0E1C0E1C0E3C06E
:10D8B000FF80FF00FFC2FFC0E000E000E000E000EA
:10D8C000FF00FF00E000E000E000E000FFC0FFC05C
:10D8D000FFC2FFC0E000E000E000E000FF00FF004A
:10D8E000E000E000E000E000E000E0003F027F80B8
:10D8F000F3C0E1C0E000E000E7C0E7C0E1C0E1C084
:10D90000E3C0F7C07EC03CC0E1C2E1C0E1C0E1C0FD
:10D91000E1C0E1C0FFC0FFC0E1C0E1C0E1C0E1C0C3
:10D92000E1C0E1C0FE05380038003800380038009A
:10D930003800380038003800380038003800FE0061
:10D940001FC21FC003800380038003800380038005
:10D950000380E380E380F7807F003E00E0E1E1E0C8
:10D96000E3C0E780EF00FE00FC00FC00FE00EF00DB
:10D97000E780E3C0E1E0E0E0E002E000E000E0009A
:10D98000E000E000E000E000E000E000E000E00097
:10D99000FFC0FFC0E0E1E0E0F1E0FBE0FFE0FFE01E
:10D9A000FFE0EEE0EEE0E4E0E0E0E0E0E0E0E0E038
:10D9B000E1C2E1C0E1C0F1C0F9C0FDC0FFC0EFC0ED
:10D9C000E7C0E3C0E1C0E1C0E1C0E1C03F027F8049
:10D9D000F3C0E1C0E1C0E1C0E1C0E1C0E1C0E1C02D
:10D9E000E1C0F3C07F803F00FF02FF80E3C0E1C0E1
:10D9F000E1C0E3C0FF80FF00E000E000E000E000E5
:10DA0000E000E0003F817FC0F1E0E0E0E0E0E0E046
:10DA1000E0E0E0E0EEE0EFE0E780F3C07FE03EE052
:10DA2000FF02FF80E3C0E1C0E1C0E3C0FF80FF0070
:10DA3000FF80E3C0E1C0E1C0E1C0E1C03F027F8000
:10DA4000F3C0E1C0E000F0007F003F8003C001C0F0
:10DA5000E1C0F3C07F803F00FFE1FFE08E200E00B9
:10DA60000E000E000E000E000E000E000E000E0046
:10DA70000E000E00E1C2E1C0E1C0E1C0E1C0E1C0C2
:10DA8000E1C0E1C0E1C0E1C0E1C0F3C07F803F0080
:10DA9000E1C2E1C0E1C0E1C0E1C0E1C0E1C0E1C07C
:10DAA000E1C0F3C07F803F001E000C00E0E1E0E039
:10DAB000E0E0E0E0E0E0EEE0EEE0EEE0EEE0EEE020
:10DAC000FFE0FFE07BC03180E0E1E0E0E0E0F1E09A
:10DAD0007BC03F801F001F003F807BC0F1E0E0E083
:10DAE000E0E0E0E0E0E1E0E0E0E0F1E07BC03F80AA
:10DAF0001F000E000E000E000E000E000E000E00A5
:10DB0000FFE1FFE000E001E003C007800F001E001E
:10DB10003C007800F000E000FFE0FFE0F807F800CC
:10DB2000E000E000E000E000E000E000E000E000F5
:10DB3000E000E000F800F8000004000000008000B1
:10DB4000C0006000600018000C0006000300010027
:10DB500000000000F807F8003800380038003800EE
:10DB6000380038003800380038003800F800F80075
:10DB700008031C0036006300C180000000000000A4
:10DB80000000000000000000000000000001000094
:10DB90000000000000000000000000000000000085
:10DBA00000000000FFE0FFE0600730001800000008
:10DBB0000000000000000000000000000000000065
:10DBC0000000000000010000000000007F80FFC096
:10DBD000E1C001C07FC0FFC0E1C0E1C0FFE07F60E5
:10DBE000E002E000E000E000EF00FF80F3C0E1C0F1
:10DBF000E1C0E1C0E1C0F3C0FF80DF00000200002F
:10DC0000000000003F007F80F3C0E1C0E000E000C2
:10DC1000E1C0F3C07F803F0001C201C001C001C06C
:10DC20003DC07FC0F3C0E1C0E1C0E1C0E1C0F1C0D0
:10DC30007FC03EC000020000000000003F007F8067
:10DC4000F3C0E1C0FFC0FFC0E000F0C07FC03F8074
:10DC50000FC21FC01C001C00FF80FF801C001C00A6
:10DC60001C001C001C001C001C001C00000200000A
:10DC7000000000003EC07FC0F1C0E1C0E1C0F3C0C1
:10DC80007FC03FC001C07F80E002E000E000E00014
:10DC9000EF00FF80F3C0E1C0E1C0E1C0E1C0E1C03E
:10DCA000E1C0E1C03805380000000000F80038008D
:10DCB0003800380038003800380038003800FE00DE
:10DCC00007040700000000001F000700070007000E
:10DCD0000700070007000700E7007E00E001E00002
:10DCE000E000E000E0E0E1E0E3C0E780FF00FF00EB
:10DCF000E780E3C0E1E0E0E0F805380038003800F4
:10DD00003800380038003800380038003800380053
:10DD10003800FE000001000000000000DB80FFC0B2
:10DD2000FFE0EEE0EEE0EEE0EEE0EEE0EEE0EEE072
:10DD30000002000000000000DF00FF80F3C0E1C02F
:10DD4000E1C0E1C0E1C0E1C0E1C0E1C0000200000B
:10DD5000000000003F007F80F3C0E1C0E1C0E1C0EF
:10DD6000E1C0F3C07F803F0000020000000000001F
:10DD7000DF80FFC0E1C0E1C0E1C0E1C0E1C0FFC0A1
:10DD8000FF80E00000010000000000003EE07FC0D6
:10DD9000E1C0E1C0E1C0E1C0E1C07FC03FC001C05F
:10DDA0000002000000000000DF80FFC0F1C0E1C001
:10DDB000E000E000E000E000E000E0000002000021
:10DDC000000000007F80FFC0E1C0E000FF807FC056
:10DDD00001C0E1C0FFC07F801C021C001C001C00B1
:10DDE000FF80FF801C001C001C001C001C001DC0CC
:10DDF0001FC00F800002000000000000E1C0E1C071
:10DE0000E1C0E1C0E1C0E1C0E1C0F3C07FC03EC0FD
:10DE10000002000000000000E1C0E1C0E1C0E1C07C
:10DE2000E1C0F3C07F803F001E000C000001000035
:10DE300000000000E0E0E0E0EEE0EEE0EEE0EEE02A
:10DE4000EEE0FFE07FC03B8000010000000000002A
:10DE5000E0E0F1E07BC03F801F001F003F807BC0FF
:10DE6000F1E0E0E00002000000000000E1C0E1C0DD
:10DE7000E1C0E1C0F1C07FC01DC001C0E1C07F8032
:10DE80000002000000000000FFC0FFC00380070088
:10DE90000E001C0038007000FFC0FFC0000700002B
:10DEA00038006000600060006000C000600060003A
:10DEB00060006000380000003007300030003000A3
:10DEC00030003000300030003000300030003000D2
:10DED0003000300000070000E0003000300030006B
:10DEE000300018003000300030003000E00000004A
:10DEF000000300000000000038C06D80C700000073
:10DF000000000000000000000000000003070800FF
:10DF10001120010203000000C0608040008000006A
:10DF20000303030300020900D4E202080A0002000E
:10DF3000070000006CE202080F000A000200000067
:10DF400004E202080A001E00020000009CE1020830
:10DF50000E0064000500000034E1020800002C01FE
:10DF600005000000CCE002080000E8030600000005
:10DF700064E002080000B80B07000000FCDF0208A4
:10DF8000050070170500000094DF02080800342126
:10DF9000090000001011200C000A00074C4B400142
:10DFA000C9C38000281011200C1801800903C0008B
:10DFB000003000B5003C0E11200A450300000100AE
:10DFC00000000310401011210C00FFBA0F51CFA91F
:10DFD000C9FC1B1E0F011011210C0CFCFD15FF00CC
:10DFE0000FFFBA0F51CFA91011210C18C9FC1B1E2D
:10DFF0000F01FCFD15FF000F000000001011200CA8
:10E00000000200072DC6C001C9C3800014101120F2
:10E010000C1801000903C000003000B500640E11A7
:10E02000200A4503000001000000031040101121E8
:10E030000C007E641BBA580BDDCED6E6F60010113C
:10E04000210C0C030315F03F007E641BBA580B1023
:10E0500011210C18DDCED6E6F600030315F03F00C3
:10E06000000000001011200C000A00074C4B40017A
:10E07000C9C38000281011200C1801800903C000BA
:10E08000003000B5003C0E11200A450300000100DD
:10E0900000000310401011210C00E7DFCAAA845DC4
:10E0A0003A1E0AFEF9F91011210C0CFAFD0000FCD1
:10E0B0000FE7DFCAAA845D1011210C183A1E0AFE70
:10E0C000F9F9FAFD0000FC0F000000001011200C0F
:10E0D000000A00071B774001C9C3800028101120E7
:10E0E0000C1801800903C000002000B500530E1178
:10E0F000200A450300000100000003104010112118
:10E100000C00A2A0978A7966523F2E1F140B1011A3
:10E11000210C0C060200000000A2A0978A7966106C
:10E1200011210C18523F2E1F140B06020000000094
:10E13000000000001011200C000A000708D9A001FF
:10E14000C9C380000D1011200C1801800903C00004
:10E15000202000B500410E11200A450300000100F7
:10E1600000000310401011210C00C6C1B29C806356
:10E17000472F1B0E05001011210C0CFFFE000000A4
:10E180000FC6C1B29C80631011210C18472F1B0EC3
:10E190000500FFFE0000000F000000001011200C21
:10E1A000000A000702E63001C9C380000D101120EB
:10E1B0000C1801800903C000305000B500420E1158
:10E1C000200A450300000100000003104010112147
:10E1D0000C00C6C1B29C8063472F1B0E05001011B6
:10E1E000210C0CFFFE0000000FC6C1B29C80631022
:10E1F00011210C18472F1B0E0500FFFE0000000F19
:10E20000000000001011200C000A000700EA600165
:10E21000C9C38000281011200C1801800903C00018
:10E22000B0600CB5004E0E11200A4503000001003D
:10E2300000000310401011210C00A2A0978A7966FB
:10E24000523F2E1F140B1011210C0C06020000006F
:10E2500000A2A0978A79661011210C18523F2E1F38
:10E26000140B060200000000000000001011200C3A
:10E27000000A0007004E2001C9C380000D101120C4
:10E280000C1801800903C000F0500CB5004E0E11AF
:10E29000200A450300000100000003104010112176
:10E2A0000C00A2A0978A7966523F2E1F140B101102
:10E2B000210C0C060200000000A2A0978A796610CB
:10E2C00011210C18523F2E1F140B060200000000F3
:10E2D000000000001011200C000A0007000FA00130
:10E2E000C9C380000D1011200C1801800903C00063
:10E2F000F06074B500490E11200A450300000100CA
:10E3000000000310401011210C00A2A0978A79662A
:10E31000523F2E1F140B1011210C0C06020000009E
:10E3200000A2A0978A79661011210C18523F2E1F67
:10E33000140B06020000000000000000FFE1C6AF61
:10E340009A88786A5D52484038322C27221E1A1764
:10E350001512100E0C0B0A08070706050500000031
:10E360000702010101C9C38008130708000000006B
:10E370000005110001000005110001032005111026
:10E380000104211011200C000B000702710005C9C7
:10E39000C3800000051120010C231011200C18016E
:10E3A000000903C000B0100CB5004E1011200C2461
:10E3B000068DB9000000D0080012001107112003DB
:10E3C000300166A00511200135F11011200C381123
:10E3D0001111801A200000280CA4230911200545E2
:10E3E0008300850100081120044B061B1040061114
:10E3F00020025094080611200254830705112001C1
:10E400005700091120055B61040478201011210CCC
:10E41000007E641BBA580BDDCED6E6F60010112143
:10E420000C0C030315F03F007E641BBA580B10114F
:10E43000210C18DDCED6E6F600030315F03F0005EB
:10E44000112201031D0B112307002C0E0B040C736A
:10E45000030C1140080041088000222220FF0832EE
:10E460000000000000000005175610FAF005171311
:10E4700010FAF0051100010100051100010320054B
:10E48000110101000008110204000A00000005113A
:10E49000100101140511120106401011200C000A90
:10E4A00000074C4B4001C9C3800028051120010C16
:10E4B000F61011200C1801800903C000003000B5CF
:10E4C000003C1011200C24088889044400C3005427
:10E4D000348155071120033012C680051120013503
:10E4E000001011200C38110707801C4CCD00270CA0
:10E4F00084230E11200A458F027F0100FF081B1A9A
:10E500004006112002509408061120025488A705E5
:10E51000112002570000091120055B614413782087
:10E520001011210C00FFBA0F51CFA9C9FC1B1E0FFF
:10E53000011011210C0CFCFD15FF000FFFBA0F514B
:10E54000CFA91011210C18C9FC1B1E0F01FCFD15D1
:10E55000FF000F05112201035D0B112307001407B3
:10E560000B021073030C1140080040091111222204
:10E5700020FF0000000606062666FEFE6020000062
:10E58000101038386C6CC6C6FE000280C0E0F0F88F
:10E59000F0E0C0800000006EDB919989DB7600001E
:10E5A0000000103060FEFE60301000000010180CFB
:10E5B000FEFE0C18100001000000FC6C6C6CECCC32
:10E5C0000000000000C6C6C6C6EED6C0007CC6C6A7
:10E5D000C6C6C66C6CEE000270D8D8700000000091
:10E5E0000000040000000000000000000004606063
:10E5F000606060600060600002D8D8D80000000051
:10E60000000000025050F8F850F8F8505000003068
:10E610007CB0B0783434F830006092966C18306C6E
:10E62000D2920C000070D8D87072DCCCDC7200037F
:10E63000E0E060C000000000000003306060C0C087
:10E64000C06060300003C060603030306060C00087
:10E6500001000020A870A820000000010000303058
:10E66000FCFC303000000400000000000040E060CE
:10E67000C00100000000FCFC0000000004000000DD
:10E6800000000040E04000010C0C1818306060C031
:10E69000C0000178CCCCCCCCCCCCCC780001307094
:10E6A000B03030303030FC000178CCCC0C3860C059
:10E6B000C0FC000178CCCC0C380CCCCC7800010C20
:10E6C0001C3C6CCCCCFC0C0C0001FCC0C0F8CC0C8D
:10E6D0000CCC78000178CCC0C0F8CCCCCC78000150
:10E6E000FC0C0C181830306060000178CCCCCC7871
:10E6F000CCCCCC78000178CCCCCC7C0C0CCC780089
:10E70000040040E0400040E0400000040040E040E1
:10E710000040E0408000010C183060C06030180CF0
:10E720000001000000FC0000FC00000001C060309F
:10E73000180C183060C0000178CCCC0C18300030B8
:10E74000300001788C8CBCACB8808C78000178CC1F
:10E75000CCCCFCCCCCCCCC0001F8CCCCCCF8CCCC08
:10E76000CCF8000178CCCCC0C0C0CCCC780001F88B
:10E77000CCCCCCCCCCCCCCF80001FCC0C0C0F8C018
:10E78000C0C0FC0001FCC0C0C0F8C0C0C0C00001D7
:10E7900078CCCCC0C0DCCCDC6C0001CCCCCCCCFCCC
:10E7A000CCCCCCCC0003F060606060606060F000B6
:10E7B000010C0C0C0C0C0C0CCC780001CCCCCCD883
:10E7C000F0D8CCCCCC0001C0C0C0C0C0C0C0C0FC20
:10E7D0000000C6C6EEEED6D6D6C6C60001CCCCEC3E
:10E7E000ECFCDCDCCCCC000178CCCCCCCCCCCCCCE4
:10E7F000780001F8CCCCCCF8C0C0C0C0000178CC07
:10E80000CCCCCCCCECDC780C01F8CCCCCCF8D8CC93
:10E81000CCCC000178CCCC603018CCCC780001FC9A
:10E82000B4303030303030300001CCCCCCCCCCCC1B
:10E83000CCCC780000C6C6C66C6C6C3838100000B2
:10E84000C6C6C6D6D6D6D6FE6C0001CCCCCC4830D7
:10E8500048CCCCCC0001CCCCCCCC783030303000A3
:10E8600001FC0C0C183060C0C0FC0003F0C0C0C03C
:10E87000C0C0C0C0F00001C0C060603018180C0CEF
:10E880000003F030303030303030F000013078CCE0
:10E8900084000000000000010000000000000000F3
:10E8A000FCFC03C06030000000000000000100001C
:10E8B00000780C7CCCCC7C0001C0C0C0D8ECCCCCA7
:10E8C000ECD8000100000078CCC0C0CC7800010C6E
:10E8D0000C0C6CDCCCCCDC6C000100000078CCFCB7
:10E8E000C0CC780001386C6060F06060606000014E
:10E8F00000000074CCCCCC7C0C7801C0C0C0D8EC3B
:10E90000CCCCCCCC0003606000E060606060F000C4
:10E91000010C0C000C0C0C0C0CCC7801C0C0C0CC51
:10E92000D8F0F0D8CC00017030303030303030FCCE
:10E930000000000000ECFED6D6D6D6000100000094
:10E94000D8ECCCCCCCCC000100000078CCCCCCCC2A
:10E95000780001000000D8ECCCCCF8C0C001000069
:10E96000006CDCCCCC7C0C0C01000000D8ECC0C0EE
:10E97000C0C0000100000078CC6018CC7800010015
:10E980006060F86060606C380001000000CCCCCCA6
:10E99000CCDC6C0001000000CCCC484830300000DA
:10E9A000000000C6C6D6D6FE6C0001000000CC48B0
:10E9B000303048CC0001000000CCCCCC7C0CCC78B2
:10E9C00001000000FC0C1860C0FC000238606060B0
:10E9D000C0606060380003606060606060606060BC
:10E9E0000002E030303018303030E0000164FC9834
:08E9F00000000000000000001F
:08E9F800382BFD7F0100000037
:10EA000084060020000000000000000068000000F4
:10EA1000D000000000000000000000000000000026
:10EA200000000000000000000000000000000000E6
:10EA300000000000000000000000000000000000D6
:10EA400000000000000000000000000000000000C6
:10EA50000096000000000800AF3CFFFF000001002E
:10EA600000000000000000000000000000000000A6
:10EA7000007E000000000000C00000000000000058
:10EA80000000000000000000000016C3FFFF0000AF
:10EA900000000200801A0600640000000000000070
:10EAA0000000000000000000010000000000000065
:10EAB0000000000000000000000000000000000056
:10EAC0000000000000000000000000000000000046
:10EAD00000000000000000006500000057780208F8
:10EAE00080841E000000000080841E0000000000E2
:10EAF000008C86470000000000752B7D00000000A0
:10EB00000000000000000000000000000000000005
:10EB100000000000000000008033023B0000000005
:10EB2000FFFFFFFFFFFFFFFF0800000001000000E4
:10EB3000C0F0413A0000000038000000B093020825
:10EB4000000016C31200000064960208FFFFFFFFDA
:10EB500001000000640000000092FE1E00000000A2
:10EB600001000000FFFFFFFF010100006E4E4F4358
:10EB7000000000000000FFFF8410E73C0000D69A70
:10EB8000FFE047E8F81FFA081F00F800001FFFFF2A
:10EB9000841007E084100000FFFF001FFC1007E056
:10EBA0008C71DEFB2945C638FFFF07E007FFFFE059
:10EBB00000000000BC01CB02E00DAB0D00C2010063
:10EBC00082072C010000000000000000000000008F
:10EBD0000000000000000000000000000000000035
:10EBE0000000000000000000000000000000000025
:10EBF0000000003F00004040000000000000000056
:10EC0000000000000000C0BF000000BF00000000C6
:10EC100000000000000000000000000000000000F4
:10EC2000000000000000A04033334341713DF2403A
:10EC300052B88E4048E10A40EC51B83EEC51B8BEA3
:10EC4000000000003D0A57BF14AEC7BE0000003FE1
:10EC50000000803E0000803F0AD7A33D8FC2F53EF2
:10EC6000A470BD3E0AD7C33F52B83E4014AE974091
:10EC70000000C84014AE0B4100003041D7A308414A
:10EC8000713DCA4052B88E401F854B405C8F823F19
:10EC9000D7A3303FCDCC4C3EF628DCBE85EBD1BEB1
:10ECA000E17A143FC3F5283F0AD7A3BDE17A143FA8
:10ECB000B81E453F9A99D93F5C8FE23F333363409A
:10ECC000EC51B04014AEFF4000000000E17A143F68
:10ECD0009A99D93FC3F5904052B88E4052B84E40F1
:10ECE000E17A9440AE47C940A470B540C3F5E04016
:10ECF000E17A0C41AE47E1400000044152B8364190
:10ED00007B143A41D7A354417B144641AE47494155
:10ED100000007C4148E17E410000000048E1FA3EED
:10ED2000B81E053FAE47A13FEC5148401F852B4020
:10ED30001F852B40CDCC5C40666696406666C6401B
:10ED40000AD70741D7A33841F6285841B81E7D415C
:10ED5000B81E7D41AE479541AE479B41CDCCB441F5
:10ED60006666B641CDCCE041E17A0C4248E108420A
:10ED7000D7A301420000F0419A99AD41AE47A341AB
:10ED80009A9983415C8F7E418FC26D41A470654129
:10ED90007B143A41295C2B417B140E410000A03FBB
:10EDA000AE47213F9A99B93F3D0A173FCDCC0C4061
:10EDB0005C8F7240C3F5C84033330942713D054250
:10EDC0001F85FD410000F041CDCC9E416666924119
:10EDD0003D0A81415C8F7241CDCC10413D0AD74044
:10EDE000333333BFEC5178BFCDCC4CBFC3F5A8BF94
:10EDF0003333B3BE0000403F14AEE73F7B14CE3F39
:10EE0000A470FD3FCDCC8440000000401F8595419B
:10EE10001F85AD411F85AD411F85A5411F85A541BA
:10EE2000CDCCB8411F85C9419A99ED411F85D54187
:10EE30001F85D1411F85DD418FC206428FC214421A
:10EE40008FC222428FC236428FC2404285EB45427A
:10EE5000CDCC3E42CDCC4242333333400000B241B0
:10EE60000000BA410000CE410000EE410000014226
:10EE700000000942000005420000114200002B4240
:10EE800000002F42CDCC3242CDCC2A420000294294
:10EE900000002F420000494200005F42000075421E
:10EEA0000080824200809142A470954014AE873F5A
:10EEB000CDCC4CBF85EB21C0EC5180C0B81E85C0C5
:10EEC000713D92C0A47095C0E17A64C048E15AC017
:10EED000CDCC3CC0AE4761C09A9959C0A4703DC02A
:10EEE0003D0A07C0CDCC8CBF0AD7A33C8FC2753F6B
:10EEF0003D0A37400AD79B40CDCCECC0EC5168C0EE
:10EF0000AE4761C0666656C07B144EC0666646C09A
:10EF1000295C3FC09A9939C05C8F32C014AE27C0BB
:10EF2000D7A320C07B141EC085EB91BF5C8F82BF2E
:10EF300052B85EBFB81E45BF5C8FC2BEAE4761BE51
:10EF40000AD7233DAE47613E666686BF9A9999BE51
:10EF500085EB11403D0AD7403D0A07411F850F410F
:10EF6000295C0F4100000841EC51004114AEF7400C
:10EF700014AE0741295CF7403D0AC7405C8FAA40A8
:10EF8000EC5158403D0A474014AE4740CDCCA44018
:10EF90000000184185EB3141295C5FC0C3F5E8BF33
:10EFA000A4703D3FD7A3303F713D0AC052B80EC098
:10EFB000295C4F3F8FC2753DCDCCCCBD85EB513F19
:10EFC0006666263F85EBF13F85EBD13F295C0F401C
:10EFD000C3F5A83F295CCF3F5C8F423F5C8FE23F87
:10EFE000713DF2403333EB40102700000000000079
:10EFF00050C3000000000000400D030000000000AE
:10F00000801A060000000000A0BB0D0000000000F8
:10F01000002D31010000000080C3C9010000000084
:10F0200000E1F5050000000000688909000000000B
:10F030008085B50D00000000800C49110000000023
:10F040000084D717000000000092FE1E00000000A0
:10F050000046C3230000000000CD5627000000003A
:10F0600000811B2C000000008071162F00000000A2
:10F07000809E4730000000000035E03000000000B6
:10F0800080CB783100000000102700000000000055
:10F090003075000000000000803801000000000012
:10F0A000E093040000000000801A06000000000049
:10F0B00000350C000000000040420F00000000007E
:10F0C0008096980000000000008793030000000075
:10F0D000000E27070000000080DF1710000000006E
:10F0E00000B10819000000008055C8200000000091
:10F0F0000046C3230000000000FA8728000000003B
:10F100008017B42C000000008044E52D00000000B2
:10F110000008AF2F000000000035E03000000000C4
:10F1200080CB78310000000080C3C90100000000DE
:10F130000027B92900000000009D693A0000000086
:10F1400000A8D455000000008079C55E00000000D2
:10F1500000B33F710000000080327DA70000000076
:10F16000005B14C700000000804B0FCA00000000C5
:10F17000800A3FEA0000000080AD20FC0000000093
:10F1800000CB4C00010000000025AF020100000090
:10F1900080C6B21E01000000800F322E0100000068
:10F1A00080699430010000000095E73B01000000F9
:10F1B00080ED6B480100000080EAAF5C01000000B8
:10F1C00000BCA0650100000080C3C9010000000070
:10F1D0000027B929000000008044E52D0000000050
:10F1E0008033023B00000000804F504900000000C7
:10F1F0008081748E00000000009CE4A600000000E6
:10F2000080327DA700000000802FC1BB00000000FD
:10F2100080B654BF0000000080FC17E3000000002F
:10F2200000AFFEF10000000000BD25F90000000065
:10F2300080AD20FC0000000000CB4C00010000006D
:10F2400000AC42060100000080F69F0B01000000A8
:10F250000098A32701000000800F322E010000005B
:10F2600000BCA06501000000003B58080000000041
:10F2700080D1F0080000000000688909000000004B
:10F280000095BA0A000000000076B01000000000EF
:10F2900000A3E111000000000057A61600000000C6
:10F2A00080ED3E1700000000801A7018000000007A
:10F2B0008047A1190000000080CE341D000000002E
:10F2C0000092FE1E0000000000EC60210000000023
:10F2D00080CB783100000000006211320000000095
:10F2E000008F4233000000008025DB330000000067
:10F2F00000703839000000000024FD3D00000000CF
:10F30000806E5A4300000000003B580800000000D7
:10F3100080D1F0080000000080FE210A00000000FB
:10F320000095BA0A000000000076B010000000004E
:10F3300000A3E1110000000000FD431400000000E4
:10F34000002A7515000000000065CD1D00000000BA
:10F3500000EC60210000000080CB7831000000004C
:10F360000062113200000000008F423300000000F4
:10F370008025DB330000000080D99F3800000000AA
:10F380008060333C00000000808D643D0000000080
:10F390000024FD3D0000000080BA953E0000000002
:10F3A000806E5A430000000080C3C90100000000C5
:10F3B00000286BEE00000000EFD1421201000000B7
:10F3C0003641BB2F0100000030CFAD3B01000000F3
:10F3D0002B5DA04701000000CD25F259010000007F
:10F3E00014956A7701000000B0EBAE9501000000B3
:10F3F0005020C8AC01000000F2E819BF0100000075
:10F40000EC760CCB01000000395892DC01000000C2
:10F41000DB20E4EE0100000022905C0C0200000002
:10F42000C458AE1E02000000BEE6A02A0200000082
:10F43000B974933602000000065619480200000015
:10F4400000E40B540200000080C3C901000000006A
:10F4500000286BEE00000000537BFEF3000000006C
:10F46000FAB55DFA000000004D09F1FF0000000050
:10F47000F543500601000000EFD1421201000000E8
:10F4800030CFAD3B010000001F79855F0100000017
:10F49000BCCFC97D010000000E235D830100000088
:10F4A000B0EBAE9501000000FDCC34A701000000D8
:10F4B000443CADC4010000003FCA9FD001000000E1
:10F4C000E192F1E201000000D5AED6FA01000000A1
:10F4D0001D1E4F18020000000BC8263C0200000051
:10F4E00000E40B5402000000307500000000000032
:10F4F000A086010000000000400D03000000000095
:10F50000C027090000000000404B4C000000000034
:10F51000809698000000000080778E0600000000B2
:10F52000000E270700000000001C4E0E0000000027
:10F5300000A3E111000000000084D71700000000C4
:10F5400080CE341D000000008036BE260000000082
:10F5500080902029000000008017B42C00000000DB
:10F5600000DB7D2E000000000008AF2F000000002F
:10F57000809E473000000000C0FB0D3100000000FD
:10F5800080CB7831000000000065CD1D0000000038
:10F59000C0FB0D310000000080CB7831000000007E
:10F5A00080F8A93200000000008F42330000000004
:10F5B0008025DB330000000000BC73340000000035
:10F5C00080520C350000000000E9A4350000000066
:10F5D000807F3D36000000000016D6360000000097
:10F5E00080AC6E3700000000808D643D000000009C
:10F5F0000024FD3D0000000080BA953E00000000A0
:10F6000000512E3F00000000007E5F40000000001F
:10F6100000AB90410000000000D8C1420000000093
:10F62000806E5A43000000000065CD1D0000000000
:10F63000806E5A430000000000E6E8490000000028
:10F64000004E725300000000002F685900000000B7
:10F6500000B6FB5C0000000080A6F65F0000000022
:10F6600080C2446E0000000080D06B750000000076
:10F6700080ECB983000000008027128C000000009D
:10F6800000DAF89A00000000009CE4A600000000E8
:10F6900080327DA70000000000D73CAF00000000D2
:10F6A000005ED0B2000000008010B7C10000000072
:10F6B00000966CCF00000000802949E400000000A3
:10F6C00000AC420601000000C0FB0D31000000004C
:10F6D000806E5A430000000080B7D952000000003D
:10F6E00000E32C5E0000000080A33A7400000000DC
:10F6F00080ECB98300000000009CE4A6000000003C
:10F7000080327DA70000000000319FB100000000A2
:10F71000003FC6B8000000000020BCBE0000000092
:10F72000008845C80000000000B576C90000000050
:10F7300000A493D60000000000B2BADD0000000073
:10F740000093B0E3000000008091D2ED00000000C3
:10F75000001788FB0000000080889E2A010000003E
:10F760000076DD4101000000005ED0B20000000024
:10F7700006000000C0F0413A000000000000000058
:10F780000000000000E40B54020000000000000034
:10F790000000000040BB84390000000040E8B53A9A
:10F7A0000000000000000000000000000000002039
:10F7B0000000000046000000000081003333534089
:10F7C00000000000AE00000000000000000000008B
:10F7D000000000000100010001000000687100202D
:10F7E000C20136011F00000044C5020800000000ED
:10F7F0000000000000000000000000000000000009
:10F8000000000000F4510208F8510208FC510208FF
:10F810000052020804520208085202080C52020860
:10F820001052020814520208185202081C52020810
:10F8300020520208465245513A202573000000002C
:10F8400000000000000000002D37362E2E2D36005F
:10F8500000000000045B0208085B0208105B02085D
:10F86000FF00220001000000C12202080200000087
:10F87000020000000200000002000000FFFFFFFF86
:10F88000FFFFFFFF010000F10000C8C207080000F1
:10F890000300000020000000FFFFFFFF0100060042
:10F8A000640001000100C80001000100DC05000047
:04F8B000DC05000073
:04000005080001C12D
:00000001FF
